duration,joint_length,cart_length,efficiency,curvature,smoothness,jerk,energy,cost,deviation
2.267921433,2.8855760491663096,0.31292035484897296,0.8632967144901336,9.229816613361342e-13,120.04982894250026,32.50657697226793,4.886148910952523,3.0386287750570284,0.042777240610767875
1.127588787,0.7432428711672076,0.07727508078828967,2.9746648772709303,1.0908525589675333e-12,468.1446380267324,111.22439168934731,0.6484752285527284,0.8780277089774288,0.15259238792090923
2.245546718,2.674145748896309,0.27363081647844856,0.7274661375604285,3.110731780799239e-12,133.65268824764485,28.674567308463565,4.237919981524946,2.815460983063513,0.07457366329736512
2.358745245,3.1650886691927296,0.37503310622782515,0.8358518007331867,1.8211607712837174e-12,122.75660279665796,30.206360979320955,5.652903275807598,3.340114220838612,0.06156100905273704
1.384194596,1.2373116488015878,0.12941799996763273,1.5391856144302336,1.396325996484578e-13,136.26879049601231,29.590947811884092,1.4671613697957135,1.3420347718797778,0.06978032383088001
1.61354985,1.8157661222959585,0.1655090332957751,0.6945602978579506,8.101351870750383e-10,6002.437279545682,656.7836337387047,2.714085626040911,1.9145435141265659,0.050553029831680085
2.400381921,3.33607929756612,0.3597929470368203,0.8574056510202703,0.003908638923543663,238873399.92585346,790855.2984269883,6.17130176845147,3.528844841116742,0.051304441050213756
2.091494674,2.875737392165688,0.28245557322144454,1.0565492016375915,7.30271154783724e-14,164.02050176588907,39.3494613132237,5.2605198226838334,3.038996791003042,0.01597263716376096
1.9770415040000002,2.4667403341408662,0.26570270055946804,0.3504615129491281,2.0714142537924533e-13,133.23172730378437,30.373510726886426,4.093377877731828,2.596188310802712,0.17258413012672774
2.049018005,2.581982547103895,0.3387954405107781,0.6019923580677183,5.049831842280688e-13,166.83900771934026,33.70218098318979,4.328161911198656,2.7180326030812894,0.1348431743751034
2.114263725,3.1524211839989054,0.24772126333696484,0.8028523115795417,3.255772006479811e-10,5226.769005921464,594.3673829761782,6.253669696660793,3.3574079029317208,0.04883767443947823
1.744473003,1.8644537752091896,0.22066267688378646,1.386439233345662,2.640176594495329e-13,187.23685650258793,34.400497759410776,2.648604280344945,1.973291567352665,0.08527271568297198
1.6279451100000002,2.0821712778777215,0.16887746919316135,1.2230189723102327,1.7211517637911114e-11,793.5025204399964,144.98371277503165,3.537801947864672,2.191606944724023,0.03766287962581183
1.5525489060000002,2.0935414723023786,0.22340258439814492,1.3137745132964165,1.987265288644545e-12,311.93231988441795,47.31524902591533,3.749221385949147,2.208280428510781,0.07009803718868951
1.944688377,2.375817417325919,0.27397180276539107,1.111069244108106,2.4920374071643798e-12,195.57471645534744,35.18392994953018,3.860241629380385,2.500250643606445,0.030429841040087113
2.453529761,3.222444564383028,0.41363095120169047,0.5605725194505891,1.2027988473584184e-13,118.40390823808923,29.80656858047951,5.634054684779849,3.397200667109181,0.1817608067638152
1.932446245,2.5015866274451177,0.40001364346984675,0.7288513566962805,6.328587472243755e-12,404.962659122292,85.97095666175322,4.306768742838835,2.634966897545814,0.1084631567298267
1.8151786900000002,2.4441972334180115,0.2873412509088717,1.0301301946198926,1.9287169068827386e-10,4707.281522801966,546.2158265191042,4.375088038151633,2.5787679769975314,0.008657647812207736
2.086671427,2.3863501165772383,0.2472654097423063,0.9927586628808748,1.0376671385832608e-13,113.83264555504623,32.688741437133814,3.6307753187493437,2.515363681180764,0.0017905321898426807
1.902748232,2.635316902438981,0.26830406083358976,1.161843026238206,1.1285979502020377e-06,965887.2891849161,18745.25150096665,4.853677249275561,2.7859615036307046,0.04342314115730789
1.490847934,1.5936924014457041,0.15545868343677485,1.1290540488117884,8.849179613297644e-14,195.08550887666877,42.90172725716295,2.261902625245899,1.6861966592274618,0.020062572520465893
1.687970814,2.416432758983993,0.41509776023921163,0.6954701243736754,1.2468281948947646e-13,272.6930224085538,50.64037498918991,4.597060765195428,2.561173582232683,0.12640966929841302
1.205418172,1.2915854575758683,0.11369631231189531,1.5949940607307147,3.784752340674189e-08,178004.98470404863,5727.701643277456,1.8325823585484238,1.3653179235400321,0.06764863055256215
1.6165812960000001,1.7109450250775275,0.2501694358213671,1.2327517519382953,6.176007560350282e-10,2756.602763564935,397.2809941930758,2.4053152050251234,1.812073569436036,0.05822737446883813
2.481032914,3.4970822194917726,0.36284794777107054,0.6077908970476186,9.773385455952454e-14,122.15412543223097,33.67856426807336,6.562049873536645,3.703656028104038,0.14231226810340414
2.275803411,2.9925138893633756,0.3955861732643193,0.7035213002003863,6.29334375292251e-13,126.37607059232057,33.99066517852442,5.236889141191864,3.1547047483837236,0.11728287430811007
1.6663534590000002,2.0209394112449584,0.19102903963928514,0.6486334906377703,8.460272085407111e-13,202.7123947026153,42.02099166451779,3.2568801452417504,2.1262931771463336,0.06712120684487462
1.651238378,2.1365507620725728,0.3135531710888167,0.818709924396012,1.0107321716767515e-12,261.30659337820026,43.2897888095137,3.6731472109458716,2.2497450982182032,0.056844078092561756
1.663502886,2.0096354760846173,0.19114410585033126,0.6272871725934093,6.498417290700688e-13,203.51728084030103,41.63885469003082,3.2260170644931434,2.114458757732476,0.07124186013358162
1.598742549,1.995180493320784,0.15276714520734896,1.082107153341471,2.2197850699816093e-14,195.01104196089642,31.61320606116381,3.306927546820928,2.098954726292499,0.012543275417078559
1.765821872,2.196855701121664,0.26721638358159605,0.7182521917409017,1.0280114200678814e-13,176.54051373302343,36.16735026600054,3.632857536948829,2.3116425366384314,0.07528763040503719
1.823468148,2.6601828318414995,0.31722462533673706,0.8602961273415675,4.051046713250965e-11,1371.6324827401943,222.3464135447942,5.159178451362845,2.8252960822091686,0.0443175086621625
1.395802017,1.2165178664174938,0.19224108444215532,1.4460075302650743,2.2013399054821798e-13,124.95365636862282,26.00263141333545,1.4064697639568189,1.3262219061583616,0.08574097128752528
1.686811046,1.747834748617915,0.17063262325876102,1.445612674151123,1.4811931544010296e-13,143.01063279546022,36.64325031838377,2.4067396311470812,1.8552062440765824,0.07603605954775763
1.77796686,1.8541085054119057,0.2432221789567011,1.1110512825383532,9.476528704316861e-14,114.66690152388384,28.060467298142434,2.5700519679105858,1.9668405397468796,0.027010134914914524
1.796269691,2.1279988905136413,0.22291555962508253,0.5030348889062527,3.9016515794672636e-14,139.35613250614847,27.34605028147196,3.35094598335161,2.2398966292757785,0.11078125585360399
1.805867128,2.1358523866024544,0.2030496782839359,1.5411414082978685,8.604589688397784e-09,75415.21365578896,3581.9552258133835,3.3578912111697785,2.248266048074938,0.10987858886099819
2.079703423,3.1599610146783834,0.45224036450636507,0.6646716821990906,3.658866470277991e-13,201.9879072023976,43.23414982945654,6.387675999867829,3.3734009750449196,0.15164900067158948
1.974528276,3.031255190298869,0.2564941537215655,0.8933939536476894,4.925748121564223e-13,204.39449344899552,38.01194295062518,6.189164677607389,3.240146322041026,0.027343827640737894
1.663127784,1.843572825248369,0.15883906040455192,1.8272361172283176,1.2762448832944613e-12,171.66023743378048,38.17868111124961,2.7154992150640105,1.94578008671215,0.13139740759325574
1.734338937,2.255173494646449,0.18077860911996155,1.1626597048425251,1.9616786305571393e-12,445.5256024509208,83.49808331523464,3.897556115319383,2.3753161957224562,0.029405395201295148
1.936626664,2.2882369726047966,0.30713647710112535,0.9729693057623705,1.8537825654967256e-12,257.56129604221036,57.643627787519115,3.595737443211123,2.4090929432841435,0.008302112201743206
2.367652135,3.2998262440942314,0.5661864710058614,0.3534628593893287,1.2023385325772867e-12,121.67992098889012,29.930309342151393,6.121343565719785,3.49126006478165,0.3660605820165764
2.466468216,3.158649288354406,0.5710352224237402,0.31301803876437073,2.6713024394026546e-13,103.1395811809431,29.98560652199865,5.384921609313191,3.327031323604401,0.3922908970352848
1.780316406,2.379458257940435,0.40283588316707897,0.7208309176802358,4.252143279755101e-14,186.2950460074911,35.357724210128964,4.227217186262149,2.509353302828604,0.11245932382922519
1.7202516270000001,1.8808186726638527,0.39442062740104483,0.7456830630702895,1.3819615180514923e-10,1388.7827648723976,247.16973623997362,2.7330409806153946,1.9870363159886204,0.10030784582252833
1.856430099,2.320544620564809,0.2069243649080657,1.5191129218528654,3.2764850282719576e-13,182.0971678678532,37.843992704973274,3.8568933105949665,2.442168549944917,0.10741711166997453
1.506669899,1.7109481736036076,0.20332622662342315,0.8131515505175456,7.987323500643175e-09,66918.93406711433,3162.3815072855946,2.5797648946077825,1.8030002079629996,0.037991190183704754
1.7019399640000001,2.800763345711687,0.36093170628530935,0.7263485782186325,4.596972148972801e-06,4925742.431028422,50387.56291919011,6.125100789387073,3.0261014817620895,0.09876947459094981
1.7052228500000002,1.959520189956408,0.25888105811869455,1.011872744767133,6.828970512887199e-08,114702.64550305922,4682.807269768436,2.9924782156104737,2.0643928591046583,0.0030736287280885843
1.671194993,1.9619503713685225,0.45652674409747684,0.6018731781613706,5.503377090157333e-13,187.35083471521943,40.98315916338809,3.0607047626990687,2.065399098287223,0.1817555417118657
2.431188228,3.4919641715743626,0.6396771923628423,0.38897971145577614,3.5663194853732495e-11,335.40688712688666,83.58806052136994,6.676349963522496,3.7045309525342445,0.39085574265270284
2.080758843,3.351535754610761,0.47065410869246477,0.5624172865976409,2.061239506038421e-13,226.7833460610676,45.87328292315164,7.182035586447838,3.6093249563338725,0.20595010195561758
1.5690061960000001,1.833461958435377,0.1671407097982494,0.921858373724443,3.449377371749226e-13,193.11525660852865,37.592806240786906,2.8454704884380906,1.9300813594617692,0.013060646880486138
2.354298151,3.4760736034218556,0.3442693127613983,0.9138879923843156,4.206381140139308e-13,158.11826428976042,33.93020625082941,6.831185856802482,3.6983858731292387,0.029645721682355963
1.562666223,1.585077802616222,0.2467741642476492,1.0204266505750865,1.0085484856923389e-12,153.698463495872,33.848229917577186,2.1353377260702606,1.686165155460541,0.00504076962404576
1.752260093,1.905751523576233,0.2360475872780932,0.4822141263042248,2.970836453308053e-12,160.0978968961998,33.85042383743764,2.7549818821579444,2.0142010230620824,0.12222210621256724
2.248295091,3.4345133998784285,0.5794495479669837,0.40297699785779617,5.018319985570419e-13,206.4252628950716,37.13459347391322,6.982088570068871,3.669541110365146,0.3459447087171915
2.373127217,3.2124690715443442,0.38826509771641937,0.7938505087549758,5.614240238960054e-13,110.75103699180636,28.124297378972695,5.788154319882611,3.39186937939426,0.08004065236243946
2.0747048120000002,3.064929248089524,0.24363819913686274,0.9133885938607453,3.673354966612543e-13,192.00787967173855,41.81166548673185,6.023670691953296,3.2605877624264687,0.021101847016479436
2.258428122,2.7352020208919576,0.4230049173209177,0.5102825738552678,1.034348096699999e-12,113.79758810735302,30.322311740917197,4.408520189072651,2.8791560949713135,0.2071528793569651
2.009414727,2.4748324985351426,0.3377241100657342,0.9241215385955538,2.6274008411339485e-08,14897.254673704932,1252.7925605935684,4.054059246954557,2.6045107396049687,0.025625985850973754
1.349000077,1.0311756730248494,0.10814545712693441,2.819795315227403,1.0533430458265272e-12,142.2648510871811,31.27739554910076,1.0455436938433136,1.1611790387786025,0.19680259624272117
1.7117338320000002,2.1517513253392253,0.26442659714434485,0.31484247735712917,1.1259252541205283e-09,10607.307064032571,941.5961525644528,3.594804201218322,2.264354903179355,0.18117387222030373
1.61420793,2.1057142379802527,0.4088776289152479,0.6958598107481249,3.298254258622304e-10,6915.5496625525575,686.9043776156086,3.6486142604815646,2.217691719288414,0.12435611943914149
1.9383370640000002,2.196923945934692,0.2526071273137365,1.1129921746568772,2.8666933890898267e-12,216.63085492992883,49.06514829016532,3.3115718131730216,2.3164187666084812,0.028542628649005697
1.8553843,2.254003480140549,0.40501142571753307,0.5562964212416254,1.8234887478214236e-12,173.7859423460464,36.67952451066313,3.640906593534121,2.371936430763044,0.17970501902890101
1.788903891,1.7105512851409932,0.221527931335838,0.9646314469756687,9.26605428381324e-14,92.38011291999237,23.621262325595307,2.174109096821829,1.834603889820763,0.007835122385822013
1.757002031,1.6313719337250168,0.28019231738908473,0.8567921104676798,4.3079901179772076e-13,108.15140172476296,28.273065231122356,2.013361073359112,1.758021800561829,0.040125750436460855
2.216463938,2.878629092707688,0.3963181825157793,0.23306185903823676,3.129805986295171e-10,2259.265453390192,361.16126991296335,4.97477719310921,3.032992650904917,0.3039515301279966
1.678963766,2.347378586348654,0.1921609120446728,0.6306271216594289,2.900317356530216e-13,262.39494476195296,49.226501583754604,4.3612468718243536,2.4827863153043324,0.07097902918649011
1.965184292,2.8332088075044637,0.2330588413272928,0.9534071193336344,4.600454256915448e-14,192.32484165730034,37.782551132062295,5.432531573811461,3.005863554564078,0.010858882782203982
1.994659155,2.516814757509538,0.23042341408762274,0.6317276566242765,4.7191521324050816e-14,128.36258007908984,26.61797448246908,4.223625621000537,2.6493146892039228,0.08485857067468353
1.97998204,2.4185253277173677,0.250887675926937,0.8121402588253355,2.1458629406000245e-13,125.94426007376792,29.121691069804825,3.929082122593396,2.5452193716056266,0.047131693863547486
2.007556124,2.136563151155465,0.3070623630464207,0.671804485443241,4.003640611047347e-09,22358.234847458465,1716.6847574103474,3.024324851038898,2.2625126802699658,0.10077649024103438
2.006147087,2.7480294709446946,0.22871935887555156,0.6867101534586122,1.0924180439486288e-07,70869.19816712613,3391.8391540042653,5.006590708597279,2.9029887648973336,0.07165545284316616
1.21857804,1.1267848436477832,0.1888040030033574,0.7899655211108189,1.6730195697671338e-10,2569.473014065267,358.01935068909194,1.3800557201177273,1.2141562974826587,0.03965535038300155
2.367483176,3.3263432927532683,0.46619425294706196,0.3573906111641361,5.624094985554232e-13,123.81713088092732,30.202197558571964,6.220563318303338,3.5216432511619753,0.2995808039651036
1.5663361660000001,1.7617341637427841,0.21001027449914178,0.38745365720261954,3.098233216910544e-13,182.70913449815893,36.76442548746672,2.631658165020828,1.8575597649012794,0.12864102559432328
1.565072635,1.7093687473920083,0.11041534837893266,2.6436406654887596,5.671392884976645e-13,174.1783863185462,35.96102776179699,2.4795339305710207,1.8056833390710074,0.18148315668972212
1.701802635,2.399072415078102,0.4284377915156945,0.6824718851909573,1.3615832039671766e-05,4518686.440055466,50065.62863664427,4.494505002064781,2.539251020444197,0.13604104425292818
2.018485501,2.111421239951,0.33723427637614106,0.64048148792948,1.192027466580586e-10,1217.7685592740954,247.2442846064585,2.9377139088815536,2.239505478156711,0.12124196526192876
2.110501554,2.85111400645175,0.30387722631304215,0.940219846976522,1.614613839523269e-10,11490.04693944256,1038.919575061515,5.124421334991448,3.0095304911789897,0.018165827089343722
2.472539206,3.2131146837111335,0.5824951396622536,0.4052986019366489,4.14840180198897e-13,104.7473325844135,30.742293593479904,5.558598652885588,3.385981286461571,0.3464106739222492
1.920734166,2.537445292697345,0.3669880382969511,0.7322116942765505,1.1986404682154915e-10,1511.1977064592586,253.63277093340304,4.458003111397542,2.674872405758446,0.09827510499631292
1.9278009210000002,2.3783488273553517,0.3630914052898976,0.7988521760842597,6.01115758892574e-11,549.3944451237647,119.5624526631123,3.902220941306839,2.502904087603509,0.07303504605657102
1.655044092,1.7533446605263605,0.19823096229742043,0.7484992188315673,6.432882641944965e-13,166.62549918113774,35.81888656280598,2.4680734671239146,1.8569701944353272,0.049855241869571354
2.39985498,3.516287541061715,0.6135945413104149,0.35199155912838426,1.4935920133537634e-13,119.28310156883785,24.456400661500503,6.85753156116324,3.737963320657334,0.3976144420418962
1.49505459,1.8566588619156619,0.24713690578928416,1.1182982249840794,1.5428313030568393e-13,262.06833677929563,49.798366676277425,3.0613137702965916,1.9529481348255833,0.02923585728292999
2.186725097,2.596311212727277,0.371630869003832,0.4331077393269982,1.1171523093838946e-13,95.74309586371966,24.409804883899014,4.101660061825558,2.7335465362560227,0.21067466346545452
1.940235833,2.343419672344162,0.2971765628904309,1.0040996177064152,6.419484687054763e-12,225.32733411041082,45.96065479085088,3.7642685137919543,2.466315904896056,0.0012183102991572548
2.4706333000000003,3.1659783301731896,0.5261786668265084,0.268169214457907,3.0340882897038005e-13,102.1968182357693,30.225688928002903,5.400854481555894,3.3348155483804547,0.3850737470791349
1.421563331,1.2910571443133176,0.1650987111316824,1.8793290388298822,4.0178419543113066e-11,1136.0280728675416,215.54149945963897,1.5558117223355403,1.3962105345924352,0.14517609097147466
1.880459724,2.306011609634969,0.342586315710902,0.48469215656045056,2.483442587254778e-13,160.9390405883088,38.62978948508893,3.760379938127745,2.4266645210795366,0.17653741554088553
2.182499976,2.551583182849318,0.45159174026399057,0.40960774769949626,6.222972914598189e-14,94.20506838426472,24.84838589186735,3.9692222387417195,2.6874777112880714,0.2666162646547615
1.617319672,1.8896965413063596,0.32368508544469693,0.8304250584680415,5.479672359324964e-10,2917.0739954815103,398.2480085063296,2.932840722109192,1.9893746297443824,0.05488887943905146
1.472552514,1.3263980438288576,0.14153731465895905,1.9556648805849068,1.4616923319179294e-13,141.88044955074335,35.77988711227395,1.586144332239337,1.4368090895794103,0.13526224091186248
1.790511313,1.8555525653762122,0.18538684691192495,1.428194594431752,1.0231270541786588e-14,108.01782546817215,25.243788492315513,2.5560281713146105,1.969631185613407,0.079381645726433
2.099958321,2.8025124397687002,0.269128126324529,0.9432037275783013,1.106219098040377e-13,153.4743582421355,38.13092402110609,4.9759091398713,2.95617013228174,0.015285474379069297
2.229292926,2.6561986145435648,0.4702017110037387,0.3648348172347642,6.486499602265379e-12,322.97245555090853,88.08336608452456,4.211489884663905,2.796494593150207,0.2986557557062163
2.493020929,3.472387805440521,0.28271018513059065,0.6903638827204805,3.3901651434665957e-13,118.50769185699873,33.46741649652053,6.438641329148321,3.6738917596058727,0.08753728403921021
1.795957455,2.009295367349331,0.15964954558981115,0.6513731399479583,5.1848862155528356e-14,124.35510184721642,25.90458027630257,2.988049036174361,2.1197109361746045,0.05565811978771114
2.47991957,3.1847930560676807,0.4913875512713341,0.5660177437112,3.311093922237123e-13,101.48115512596823,30.653595276556224,5.444835061236156,3.3548520626743032,0.21325347821296198
1.5461459510000002,1.600609527400872,0.21734719689789772,1.3045863296598847,9.75381475543524e-13,213.04295092770556,37.32137158908913,2.2005746742855123,1.6988171262174514,0.06620098496499494
1.137663479,0.853664368907306,0.035675329727526246,7.8357691024487055,1.826518750579055e-12,284.99286498198757,57.96842940555935,0.8479900717473856,0.9661291535123995,0.2438683166710937
2.232228024,2.958374749169304,0.4562305231922471,0.6620703321331552,2.5417525948168492e-11,312.45102142763005,77.47991284022717,5.217397367254313,3.1197205827185845,0.15417382917307287
1.719365174,1.7641648616327699,0.24961592220547213,1.2494635252997623,1.0533467765791495e-11,1409.1587430113693,256.63330596111166,2.4057629280755486,1.8745645998682179,0.06227006792432832
2.37984904,3.0004547201029035,0.3244556111640676,0.8822063518046148,7.008597312864564e-13,92.91722830443699,25.030529805904873,5.035104296316479,3.1591423633044573,0.038218810116478874
2.420488007,3.1378183797732477,0.5782459310231033,0.371430603636292,1.808907740615235e-10,937.5900002182806,202.9015942958449,5.4145028102465815,3.306223116758616,0.36346769581296234
2.252396493,3.3791708156483797,0.5558885981946028,0.40558218509723787,2.3170027304279457e-12,185.84636384533593,36.94576907281848,6.746659142232429,3.601958751905838,0.33043008586819533
1.759558546,2.1376112621278547,0.20160132840120595,0.40981658466038756,1.3401304004468309e-13,179.21275686469707,36.52745207359887,3.451779964097127,2.2492239160705676,0.11898176053282654
2.236950914,2.9396568335894124,0.4461258523587585,0.6795424906496427,5.249150049891062e-12,226.72487960264664,54.25533865070517,5.140788066833236,3.0988007124024124,0.142964379503693
1.8416608980000002,2.487100853850889,0.2919765928424058,0.9299323874392001,5.464355834918839e-12,287.3446176598743,49.295459186169545,4.4656038565570535,2.6246254720517666,0.020458102784104093
2.260112369,3.1622757103677466,0.5927186395600467,0.4033315372594067,2.9256649598281407e-12,150.1282407740735,35.17448429551392,5.888321593067097,3.3466195503605185,0.35365651950398885
2.391428674,3.0567874270535267,0.35932919466784397,0.39124761784016915,6.982809239231843e-14,91.99306255297343,23.133902844654457,5.200643538617082,3.219415148144827,0.2187425032336236
1.6168531700000002,1.869686037028194,0.20180031959043407,0.9875816312945063,1.5737687219440686e-10,3121.64081714726,418.7360664893474,2.8718730139401445,1.9689902855993067,0.002506030773560486
1.942981353,2.7142293685958365,0.20991916068770544,0.9728403378466144,2.305531123558187e-12,270.68445518072036,44.380932722921415,5.042681889212613,2.8714206664808577,0.005701333483800336
1.21548234,1.0224458135077015,0.14530190029452741,1.790647579051692,2.8748552302372043e-10,3843.103839570709,488.0310893015235,1.139128479277484,1.1229969572585774,0.11488259569947842
1.8100752880000002,1.6474122266464597,0.24438818880929386,1.0365083823718977,2.5262950421722524e-10,8077.296997113549,890.8472727312495,1.9930969120223176,1.7816143882630475,0.008922217444225222
2.147369779,2.3925913716080665,0.2876682969117413,0.6740288921421509,1.1437528970852489e-12,123.93100670940566,28.80322818395653,3.5470070133953384,2.5253858629222945,0.09377155343990098
2.475050944,3.652661459550409,0.6209869779412763,0.41430523918286377,4.550682136957438e-13,134.62471424843028,35.03388925948234,7.176161078225113,3.8863171770651865,0.3637088195158721
1.724024779,1.6602039702702456,0.11907653736841148,2.629238770461897,7.005723483191212e-11,635.9472426206648,147.04757144140885,2.124860054063114,1.7786635105207211,0.19400411133297082
2.384808731,3.591554995180287,0.2807065654462062,0.4765192890756171,4.659033260679399e-13,130.10366128104687,28.805437240717428,7.199384975052505,3.830422485482616,0.14694447244092185
2.3210246850000003,2.956263923884583,0.3405390740865415,0.7645344794108725,5.163812030008797e-11,921.2627561515537,196.08587291364452,5.0115174939467,3.113218942343173,0.08018521036072696
1.35812778,1.4614581273282843,0.13128925643613373,2.102662088834961,8.227195972078672e-13,239.81903461283665,42.18497059587561,2.086095541907041,1.545053471312722,0.14476768574345608
1.824382633,1.8660074747949789,0.13610535705495108,1.8225564743187959,2.554886055629579e-12,599.9731884884314,142.61723693207983,2.5372837242260355,1.9836127879631986,0.11195434263502141
2.065545118,2.923484717840344,0.47004752950433815,0.538474597214953,6.375047057510218e-13,180.04829793899256,39.48669308041584,5.504701279995314,3.0965521903352005,0.21693887538260592
1.615046273,1.906590964667713,0.14899206035536017,2.0725258440367007,5.202225008781896e-10,4701.534318002892,548.5832509026333,2.9896597042098434,2.006586835909054,0.15979783528739971
1.9286740020000002,2.6695097854342755,0.40021813807953316,0.7633181458293533,2.0694685589971103e-11,635.384645198709,124.51327454699313,4.913919885144152,2.822057492002541,0.09472437099338782
2.013674795,2.6019610634102297,0.3136257443491971,0.7991635781440005,2.0359566236884727e-09,4933.105155391675,592.4454211350746,4.471861082325295,2.740626559829151,0.06298747229701718
1.54823216,1.810069665912816,0.14654410737347606,1.2680959447167388,9.088054277803341e-13,257.0952959154265,41.79438690225715,2.8104312776710563,1.9054069858993379,0.03928788090896329
2.397679932,3.0638063930567063,0.4545366310547492,0.22215860315422054,2.0406052494228443e-13,90.93049803672318,21.806105469929065,5.2109328620325375,3.2267811024291904,0.3535574080172008
1.6819540530000001,1.7798200681327274,0.18205291834982837,0.9084634237070177,3.907359476357695e-13,149.82622454501268,37.33876114809442,2.502809302608618,1.8852715089748147,0.01666450084988913
1.862135716,1.8908072673523544,0.10923778825774523,1.6179829570482411,4.707056210213572e-13,115.34733910653756,31.15368087271219,2.5528804438825095,2.0117532821174438,0.06750709140893103
2.421357622,3.104148276212987,0.3651541459805725,0.7725830230447965,9.285646473969346e-11,803.959945670231,182.55998326217383,5.297035619797875,3.2696094832447704,0.08304225200156085
1.747477875,2.0737576325662,0.1975122467059804,0.6548358503614543,4.6959572105815574e-12,211.7273181764597,37.684250365495735,3.2710349962340186,2.1827012022732837,0.06817414667746838
1.695233004,1.5970441656539611,0.07537081104918729,2.909783976517571,2.3854315220152474e-14,117.3029974866174,33.31812553964943,1.9994197994425467,1.716794827750094,0.14394196723887137
1.592001549,1.7710434613546662,0.2332100158087064,0.8369850978435223,4.757528975290139e-14,157.1062934044418,30.09714935249397,2.616699460893508,1.868557896320568,0.03801670790896691
1.437969284,1.265702276287643,0.1531841586647833,1.1594979033741089,3.4371114051634246e-12,233.75986039757922,52.675009094373934,1.4785503073522988,1.377178685585517,0.02443255213715978
2.202066422,2.5558302888805264,0.4137733534164821,0.6628557410578215,5.7906065625916855e-06,1207927.904630344,24176.58813055392,3.9470865411064304,2.692575992573497,0.13950131060761994
1.9680809950000002,2.7466278821382555,0.3209716838453597,0.21406676741832525,7.091704716723534e-13,176.0848195636994,35.97268901104258,5.098070549718567,2.905497660799016,0.25226231305176683
2.005682035,2.6169541198199506,0.2950028889959028,1.063481030548538,1.3249146274447555e-07,82224.05061819886,3800.919971464325,4.541417353900724,2.7573379327081255,0.018727087408255905
1.8737378640000002,1.9613883182024252,0.10016401629730341,2.8364814260500553,8.9294469353315e-14,118.25118667043697,32.74892900053666,2.7301314626765163,2.0800767654162735,0.18394935548857272
1.903269512,2.259148552742941,0.26328359020771547,1.1767980402809533,7.744051430124201e-07,416659.31185958424,11286.83206676558,3.5659620460847887,2.3781596351141343,0.04654802278685766
1.637577971,2.127187918848177,0.19219684485856414,1.60999520977196,5.969986696715134e-12,400.2324268569464,70.12995785450455,3.671010350233595,2.24010842598599,0.11723915469700869
1.053943593,0.9649548452462468,0.10044329772521646,2.721464984776316,1.8366636447714415e-12,310.38646612396917,48.43717614348649,1.1682211447021749,1.0412036042389339,0.17290961998942275
2.396362848,3.0766671701078403,0.33913454833446727,0.8502021468963763,5.2903519566006404e-14,91.95923268114471,22.195599563325572,5.257660294328067,3.24074406610875,0.0508016272537703
1.513903074,1.4399037606590008,0.15371652255581353,1.6834249983867953,7.322190195053537e-11,4503.97965283894,559.6720010090714,1.8185124801523793,1.545225229894076,0.10505371417973064
1.894365861,2.1236994617169396,0.31941109942599594,0.7881439072953554,8.828198666437987e-14,133.0002106266451,35.469653332571035,3.1659453354581615,2.2404151961784082,0.06766918749088624
2.083127782,2.834872878751155,0.29608454210814,1.0549239231660714,7.208559644030063e-13,161.58532766326493,38.82516725726223,5.132564521409991,2.9937131685824605,0.016262124641408915
1.5882942400000002,1.7720246306785084,0.2346486411356556,1.028362617474349,4.0923498409223184e-14,159.7247400451099,31.193655848500942,2.625713706517823,1.8692702895749682,0.006655249649406392
1.767641861,2.1680538304944688,0.18797796861593558,1.3841699822417028,4.4796404234676877e-13,169.0831887426948,35.28265311198622,3.534587125122951,2.2811957016223774,0.07221549286501533
1.9265417280000001,2.6888830424488264,0.21752444270949545,0.9536391785758183,2.286918209631169e-11,801.0368342828212,151.0872560923271,4.990991800392596,2.84436826825805,0.010084611843849567
1.803856819,1.9153230271103403,0.16430787112201034,1.5390811962464273,2.0943166673243537e-07,223409.46262490118,7609.011584179076,2.7032554115040397,2.0283230207449443,0.08857528371715712
1.657777308,1.815385864625166,0.1118384871326105,2.681663274138119,5.71278638234331e-13,173.44292374420007,37.27890119197736,2.6415112841884194,1.9175675258877507,0.18807467644607961
2.475611512,3.509245523787453,0.36905886650154807,0.32632767086956926,1.1266657719224554e-12,124.12365768061356,33.674748824798876,6.622207479594494,3.7183843102338803,0.2486247461823346
2.420772852,3.493087653839993,0.5332334098158185,0.5403716236581673,7.31746556292525e-11,1111.8826906940624,218.883737001338,6.709206382492129,3.707385478834423,0.24508920636486375
1.825234514,2.6424991387499035,0.27229990255661846,0.24128742258304053,3.03801589739563e-11,1084.125583638622,186.25985341759758,5.08594306510207,2.8042820741203753,0.2065973608991189
1.9534674920000001,2.160127326831522,0.14142170843081328,1.590658326915413,5.646151060160333e-13,130.49858516431382,30.727245473210647,3.1768467701762777,2.2808072815678644,0.08353190969126353
1.504354464,1.8122028342847558,0.1625940905396137,0.8176299886488732,9.145683756272455e-08,284427.22023005754,8078.527903488562,2.8985449603229405,1.9063319113784905,0.029652286137335504
1.7039166730000002,2.3901343977079357,0.20441234046360285,0.5328813953107644,1.3104497409347194e-07,416796.97776730306,10312.63090691114,4.455596238006715,2.528739675884517,0.09548480725861914
1.774204083,2.282616044935814,0.27370673338559276,0.5161285459766235,1.6586535845157525e-13,178.06355356441833,35.52264155039402,3.9035232694757913,2.403432705069484,0.13243887505927543
1.957858988,2.5441685514250976,0.29789415451368023,1.0455888491666403,1.875537668496182e-12,168.81800308148004,35.378885326800436,4.3969967506096115,2.6802103658919614,0.013580651677748024
2.434040311,3.446003341866879,0.39457120541213564,0.7707517824162937,1.9278526927018258e-11,264.00413846051276,66.21889999330567,6.494189457990254,3.650855352744802,0.09045474555058652
1.36425019,1.2728050176513173,0.22665582037464238,0.8988451485405944,5.185028590170152e-13,168.34631420487526,35.38592898531751,1.5752084206924168,1.3698637671990104,0.022927335842406665
1.724915476,1.9188387851025588,0.1855151818733651,1.0570443638198685,4.831258410535021e-11,761.4460357725154,156.00742687442576,2.83701462238171,2.0249046289173656,0.010582595528893318
2.276851961,3.0829212426119645,0.41028425999185286,0.38600643262238943,1.9708390717095072e-13,133.8478378388109,35.04435158766951,5.555543658877051,3.2550180132201962,0.2519118964312808
1.763824895,2.294190850581705,0.3410314010758119,0.8626252667927349,6.154555956715338e-13,196.42163209538853,38.237099200133535,3.9663861405782703,2.4164835263483364,0.046849097738089485
1.822349331,2.2637052232784702,0.20571842107256683,1.0871630756694663,2.8445103833720205e-11,1156.9329519911473,211.93518452676858,3.738185343434053,2.382058890398199,0.017931050302551294
1.949395655,2.6167410669444613,0.2574301406911293,1.1087507155860439,1.0844292293067555e-12,208.2878823174246,37.954876073894475,4.6715712494491,2.7607689386676046,0.027995712013576257
2.295927277,2.978350289170078,0.4478544709087886,0.6332767662853981,1.5069674775201342e-13,121.27211805080866,33.88212136910836,5.14205882872035,3.1381227922121013,0.16423863980521308
1.966238546,2.349301063043631,0.27337313914081784,1.097856137896059,1.5687953851729872e-12,130.93464590755477,31.12746254078662,3.733273649951902,2.4728705736078327,0.026751239600842414
1.4330224120000001,1.5206577516617164,0.26438865363529,1.0560628989049299,1.16238041216035e-11,458.7125383193859,90.96360274393788,2.141440936068468,1.6097602526783803,0.01482239436036581
2.132544518,3.2663057539824836,0.4851347691288207,0.5556917049972965,4.457748557320405e-12,462.19657455036423,91.48558694800131,6.656381099557982,3.49081632870459,0.21554940211815654
1.949825245,2.0472795501401007,0.10082402268322917,2.710780997946168,1.1910309702904774e-13,126.23413584287222,29.636134630339395,2.858909105112072,2.170623739078455,0.17248782214296188
1.128763162,0.9071716692173362,0.15586812254635105,1.36780275384533,6.172749433384283e-12,620.2584412939502,122.61556404400983,0.9650836335274161,1.0073906591924178,0.05732872470924927
1.5476717660000001,2.119644277880387,0.3138155137689604,0.9779896869453026,1.8051651986709909e-12,357.8122216220345,49.07276438334912,3.8553591044663014,2.2379982384454156,0.00690717769947552
1.382903958,1.368084437135162,0.2508469654144814,1.2202960661810809,2.576680496461761e-13,167.81160151855133,33.0880775147384,1.7953554378023153,1.4594664456145279,0.055260599694271884
1.765303574,1.6617847694842163,0.08654694385006793,2.212764531034467,6.6972017082666e-14,101.52492407700815,27.44700085662678,2.0793239536310293,1.7867001281198924,0.10496106377079399
1.6731050390000002,2.236389843265998,0.2882505190416513,1.0718249055119702,2.0558212362376867e-13,241.92891467017918,46.779364555861896,3.9723542888680536,2.35826881068001,0.020703566293942988
1.742153902,1.5671942774090843,0.20480660123648942,1.311261182030072,4.203952187592567e-12,143.77917735585197,33.61851389391335,1.8738503824968615,1.698509348263006,0.06374834478843128
2.08375536,2.30879737494817,0.2688923290466787,1.007223104710042,3.49291553082263e-13,107.06510429722304,31.623291957273914,3.403364572778331,2.4376940085349346,0.0019422374484311944
2.075716408,2.490387323540898,0.4654717184082273,0.4982024932477916,1.5051888718740112e-13,126.47484481404614,33.99862846395044,3.975056897497056,2.6214528721157704,0.2335725477609145
1.264032316,1.062280208122613,0.08828999472491275,2.6575378656938273,9.723552756849404e-14,170.26323306453713,38.17081194764469,1.1834139969273831,1.167207809034522,0.14634400941845116
2.048400798,2.548846957562969,0.3677313959741206,0.8261381366993092,4.4151907721593006e-12,164.65995993632555,33.21283469108056,4.219045341106934,2.6827081704465745,0.06393446569822475
2.266830506,2.7122527329131723,0.3569197149604866,0.810313512239596,7.181411770615431e-13,106.50074375630832,30.508290848171594,4.318868393008477,2.8554069741669643,0.06770284714329922
1.830776124,1.6968481100978745,0.23304994085831474,0.9674635596479331,9.52983982729675e-12,254.71567651000927,73.99981626435186,2.0908647886366487,1.8292226513664795,0.00758261549978928
1.798584682,2.5588154773132623,0.34624994324898295,0.7825076485431449,1.2890298024661653e-13,200.25314205623278,32.08392858518779,4.838861581270566,2.7107323799794183,0.07530671434902392
1.369337919,1.369710719674924,0.197017032551212,0.6009293777344489,4.5811269469716e-13,185.40168768106406,36.80452912935099,1.817435475825316,1.459106550635033,0.07862370977712452
2.471285614,3.347392426889915,0.281895355325502,0.674219182222217,5.204691051988947e-13,114.04329261704757,31.982358130505357,6.0359496968698405,3.5346611557299346,0.09183609938570075
1.456773804,1.4640477357551365,0.14851428853695767,1.8123799648374284,2.6826118600221733e-13,190.61707578027838,38.814623417648065,1.9531248797548106,1.5589535918530166,0.12065003249950937
2.171883707,2.462953499838316,0.35641984858580816,0.41587696894373477,8.649900935428469e-13,93.38098678678462,25.931882727430025,3.716336979858266,2.5972022787069795,0.20819304228455737
1.993494862,2.3535087394661147,0.23460745984936407,1.0810299315019734,1.5776926903011865e-13,112.63885763286781,25.17939278856507,3.6954564653616346,2.477892733658773,0.019010226401445923
1.834501955,1.785633181461419,0.20425011455903744,1.1408165155633319,6.081776830911074e-12,213.21888291095132,58.38845960733478,2.310741214940734,1.9102022975727142,0.028761789435615026
2.436301398,3.6585338299400227,0.5985106574273497,0.48571808798799565,1.726719556107851e-11,258.5205803903452,59.58797091491342,7.313191744617586,3.9005724400995265,0.3078032052612991
2.247554893,2.8365413290085417,0.327112816979982,0.536655366734567,5.937859843796425e-13,143.09886955653525,30.602677421596514,4.7640382814017235,2.9864461450837614,0.15156596822001245
2.280670743,2.673012661503182,0.31461169375405074,0.8657366761283403,1.069028635857422e-13,99.94413107254539,30.449853897971533,4.16944448487767,2.8153622587768066,0.042240811732311534
1.278606967,1.2205833361614635,0.16056379544296978,1.5982564375032198,1.587840801310229e-13,210.93129505449792,44.11321033582488,1.5448179438662357,1.3086397100378326,0.0960583242537068
1.3968721720000001,1.0172658116629323,0.14311639474606103,0.874317728656813,1.4435293929045191e-13,87.04796111525683,21.49544481615968,0.9827192375095098,1.162199040967075,0.017987193558133108
2.082680861,3.069441424306131,0.514212582146611,0.4864775093051586,3.9431226417451795e-13,189.57587345720648,42.0341249304862,6.01836928790641,3.264522771703734,0.26405972593055344
1.893135894,2.4635180750867534,0.2962896151598972,0.9282424865049967,6.24590292966699e-14,179.38657110507415,41.17760725907222,4.262953107940957,2.5952522092228927,0.02126100605826564
1.648854021,1.7241831561485037,0.18129967258251825,1.0847256410903838,9.598799626099376e-13,177.95379963340346,34.733573087766295,2.3955146281820348,1.8283177964958086,0.015360730989030541
2.342813746,2.9216106233896397,0.39927977763180195,0.7261207518586508,7.38601511838352e-12,149.2310191163553,33.21254895016577,4.84933721809633,3.075637191375122,0.10935444529584304
2.347882721,3.183408405270702,0.29624758639050713,0.34552325224323654,3.185980755581441e-12,151.60498175933088,32.000678593135376,5.744944308481525,3.361505312204586,0.19388715687164992
1.785609166,2.074721992524756,0.27246781357726213,1.1027345729854603,6.917942240203652e-14,137.8663963636202,29.50414460308813,3.2042722686140976,2.184986917132722,0.027991864480142015
1.846681304,1.913743424944343,0.1525296700382245,1.6995029462002758,1.347000689203193e-12,145.65730714774995,30.480034745775807,2.63688142166174,2.0315461759100852,0.10669495357469397
2.307164032,3.071832605775084,0.2757238936398806,0.884655934623423,3.3938210816199203e-09,31351.29064511877,2087.719176227734,5.4433649566879225,3.240271646447618,0.03180311481388276
1.9881790170000002,2.526976775435716,0.3505156965615723,0.726931517644784,6.546331175043527e-14,132.32290475836132,28.414833215218138,4.271678212382641,2.6603979594508145,0.09571478930174993
2.411154947,3.3950426504591404,0.5893721568003575,0.4614127222986789,3.797653652420642e-09,7867.406576316444,833.918258676035,6.362983951398844,3.595075829263425,0.3174283454840607
2.285722088,2.9494201646426736,0.36196928388422056,0.850946653562211,4.473207174576297e-13,120.74625233990777,33.64188622567078,5.065134644849323,3.107083830026934,0.05395273307063314
2.261071721,3.1720921710158847,0.2519029253821865,0.5597491704389717,5.542407708952257e-13,150.06603489055541,35.34755041461948,5.922435686654288,3.357752694137212,0.11090047186835744
1.9631792410000002,2.393724231234669,0.24256719143172803,0.8545950761875095,1.8519862562264824e-13,140.0909603387159,32.30680369595164,3.8818260327474188,2.5191265954433515,0.0352704639895402
2.420143749,3.4604663868471004,0.3102517656221494,0.8836005672992797,2.042675471203878e-11,1203.7864541282213,232.547089836056,6.586180630621511,3.6694801804631427,0.036113129512815034
1.292492008,1.255271138005574,0.16240075728308065,0.8103122777160062,4.12080763239985e-14,214.3391599559171,45.00040080808068,1.6164243263254952,1.3423901236673286,0.030805429746223273
1.699283445,2.4256992209044115,0.1833090103553168,1.5221277239792321,8.035366225887515e-14,268.1571955209267,50.40216234561169,4.60159044104697,2.5703111545711588,0.09571071636170705
1.528131873,1.3641485878564141,0.2158866670130613,0.8104428469996005,6.446561433740606e-12,443.24173377280715,106.09850076165289,1.6171369391994652,1.4803395721824588,0.04092286196974118
2.343866508,2.9410423315410563,0.5264620752575657,0.34434331815152447,4.9333064187940646e-12,145.71857028504172,31.233570944379498,4.911855725032364,3.0963346808228955,0.34517837738243795
1.7329079260000002,2.1632631995261766,0.23707861366346542,1.3172560862847604,4.425313190464861e-12,453.0088737607699,89.2604144544071,3.5892835814818174,2.276325166506834,0.07521463311268775
2.428987127,3.55544688374524,0.5582692133133101,0.5069950042941087,1.49231517007056e-11,422.31430940078394,101.85935043909447,6.927536217081582,3.779280847714413,0.2752295111122598
1.426208794,1.5613176073648753,0.15371847788663734,0.9736268200415894,1.0029494837743846e-11,908.6918634520067,164.9172246174024,2.268077047079789,1.6486259699619077,0.00405404508023724
1.609746418,1.501099804867369,0.059941720143411696,5.098308335636887,1.7233147932577865e-09,11917.906132419499,1100.7768889228198,1.8592333325570831,1.6161851556583644,0.24565965131615763
1.753924615,2.227606376218111,0.23536463332260854,0.38666899263554916,1.1813359712340268e-12,212.0170385766051,39.2361295624946,3.760554576548864,2.3447233117970177,0.1443564276537201
1.620512447,1.712675229902217,0.1941118220015917,1.0669099153500896,4.570928372759017e-11,1385.0787801777703,246.41361574372283,2.4044177719438777,1.8141586251496624,0.012988005578578182
1.191957495,0.99651334097873,0.07189010136677192,3.959533543726533,6.573716394327997e-14,158.291497614859,30.22099564088042,1.1031073958163495,1.096009813554762,0.21276116645686216
1.6525551219999999,1.7101937118263393,0.11713022301081902,2.4937256659954126,1.858376150418526e-12,163.94692628135942,34.75459752643843,2.351583338383954,1.8154162012073267,0.17496042037502682
0.9792440490000001,0.7400342845908316,0.08454830077911882,2.289211103051507,5.659830878375407e-14,197.59299716860423,36.61148579790392,0.738218343281264,0.8353550020925855,0.1090006081085784
1.373505598,1.4066746875497764,0.09848734150377489,1.7824604168893305,6.057146062775939e-13,188.89571798751152,36.6809355323541,1.911045277561081,1.4942811697321268,0.07706244629136558
1.936028382,2.1082456267285123,0.1543163946488928,1.6332872781965073,2.470517758652014e-12,226.34996428054967,55.440331911489444,3.053247766505242,2.2283591567924534,0.09772660954829537
1.63433283,1.7948235519462807,0.4081790487372189,0.6888619779564988,2.4149037106062874e-12,345.69950429881203,74.86868718416514,2.6185878172534185,1.8953801162291963,0.12700002186369613
2.265671441,2.83287940619664,0.34804904909234624,0.8768771399833883,9.801990903869392e-13,116.74784504511868,31.81145874362744,4.713970608212718,2.9822144605211998,0.04285279435031175
1.685720757,1.6955525660303903,0.2832693745352842,1.0923843174983385,2.4083780830721904e-13,134.88819364295173,35.557399458972306,2.266369352047759,1.805783199621708,0.0261696478346235
2.414873903,3.3450584979496085,0.443378234336965,0.6826721596567809,5.769430332190069e-10,3005.0689885588235,441.4260637704944,6.167548091603754,3.5374825787005943,0.14069625755733883
1.381830532,1.370497930785114,0.12626062206519323,1.104802481806216,1.7222755126628358e-13,169.46390554067926,33.45180567081579,1.8030944199750036,1.4615502691090465,0.013232426546828935
2.066133272,2.930762450414169,0.4685942398421773,0.5700199854603323,3.7526523890979804e-13,180.4680154644796,39.617545015318065,5.530576327794156,3.104873554524499,0.20148615806054393
2.083884328,2.744576228375703,0.4650440488957892,0.5644129086773448,5.620063019286182e-13,151.26333124926123,37.59275532653876,4.8090644135580325,2.893197105261888,0.20256718459542744
2.486340768,3.304558832518352,0.2915418251617594,0.7715319330900169,3.6165268914180475e-13,108.28220792572223,31.87387050595834,5.8469391365429395,3.4857476675159287,0.06660799721811544
2.269582558,2.838562737360544,0.45420149791053727,0.37802799769315476,4.398363304216846e-13,115.5181373492482,32.044557151932814,4.724785324152607,2.988215182974739,0.28250061510618524
2.370775914,3.1311477676301926,0.32948951028885043,0.6667032050610674,2.6977737412499527e-13,106.93837918680157,27.84376466990478,5.504267899205333,3.301623052493144,0.10981779774527231
2.386505397,3.740071431563341,0.3837247320569821,0.8178768265296498,2.8703967150794524e-13,140.11752209096497,29.572209231201935,7.801558193552571,4.010942370135851,0.06988516594127742
2.003248038,2.4453479118593364,0.33227518660914923,0.8709053974127005,9.961303897923727e-07,405869.64314795355,11176.841825754627,3.970119876148026,2.5734623551733398,0.04289493316492893
1.522746856,1.7928257593996162,0.283873786017355,0.9573753361068584,3.986643836441702e-11,1436.0873054481258,230.88006774400534,2.802980419207174,1.8868251300012817,0.01210002471706334
2.380132399,2.8611468146130585,0.44262696885882,0.4354915870030053,2.902288924818371e-13,84.36822643914141,23.816982592072666,4.577864410770218,3.0120845675992673,0.2498666477401627
1.778400503,2.254709756839137,0.2367321970078891,1.2477117360603742,8.468385085941643e-14,169.1298006412536,34.00988329212907,3.7996801982976884,2.3731801435951927,0.05864134350221073
1.728150926,1.8428021539575423,0.24783788271336119,0.6429436647173634,1.861301909706662e-11,493.62021844983013,111.88749465529432,2.61176049703335,1.9507333313896873,0.08849208614584064
2.238159161,2.6707707802416385,0.3366584878984955,0.8343028176413877,3.1178296130931006e-12,175.72420539160078,45.285866281913584,4.2410840080195795,2.8117887781005715,0.05578336286189167
1.8162033690000001,2.156352049288469,0.23348038380673264,0.4693265241683996,1.7759187975087755e-10,2960.5202964857826,417.28900736388226,3.4033861666436924,2.269699400644126,0.12390184681321492
1.153689013,0.9786629784070812,0.09961382028276027,2.661197320428463,2.0081732164270678e-13,219.4079920993085,39.877925072133266,1.0991527568572559,1.0727713479342835,0.1654782113313638
2.282299233,2.660612677138568,0.38833476872107237,0.5664318305726036,6.629294089428187e-14,98.76278831634178,30.326934083926513,4.127911226220334,2.8027470092994937,0.16836959479940672
1.777360656,2.07548516903778,0.22093524343302734,1.3665685517737078,1.3296769845322832e-13,144.2161691662368,31.555978074613325,3.2215056097579113,2.185439451966694,0.08098791222101642
2.441367004,3.2150286276400992,0.3250653303079634,0.69820987827987,7.169370339198971e-13,157.1484168569736,36.96433246349377,5.635934641956493,3.3897451810473385,0.09810150560063452
2.28274302,3.1040544145851476,0.46163215447387496,0.6575491077866238,3.700567944041003e-13,134.33565096526016,35.38624937303804,5.617478728705808,3.278214719575221,0.15808634317396159
1.939865151,2.2388425191748,0.297949842643833,0.9748385464258686,9.034885575006703e-12,209.1075271031824,45.02463810059717,3.4364516200203434,2.358773392073989,0.007496851133102556
1.507485594,1.9736637388020988,0.31338925723264033,0.9453926322285732,6.658795012300905e-09,61851.22215595347,2867.8350347046558,3.4309973343834725,2.078659199997534,0.01711336242531708
2.315274543,2.9498970833928917,0.2935893590602766,0.5732454171206124,5.794653929203697e-10,2554.22488109545,399.6774021916969,5.002294656341332,3.106527581825423,0.1252906044635951
2.226877838,3.0321600199238867,0.471414010449637,0.6020096024123528,3.5168939920006105e-11,536.3027154013085,123.77984937784524,5.493967337033842,3.2024086105763234,0.18761824944723832
2.375027308,3.2257315159206206,0.30575210803938563,0.9139780568121829,3.4112242167175737e-13,110.32789205184308,27.873215896627585,5.831377863225187,3.4065791022132856,0.02630139046731933
2.225089487,3.315899420504128,0.3552904895278419,0.8431817901187675,3.47474643151338e-12,786.2256993847429,159.40282674455648,6.575530527014419,3.5315016684045353,0.05571601855558295
1.915132003,2.347427396006804,0.34433758094109146,0.6166883702442809,6.310331934458674e-11,3560.578068531282,474.4344170459392,3.826415700579344,2.4703068997185906,0.13198859933667162
1.576742115,1.637743125124612,0.23949951262515795,0.4748127199504932,3.738807740495334e-13,145.343431134084,31.765705807285666,2.2592710148001656,1.7376482990098783,0.12578209760878922
2.272054762,3.146398442028237,0.41447443366577486,0.7224035082181222,4.37040524149538e-13,140.92484900088533,35.61837221756371,5.798848004094966,3.3271508824302884,0.11505664871889976
1.67580895,1.502621134788337,0.07490223689670708,3.169002292908053,8.636868189778886e-15,108.37554553326892,31.477257273036493,1.7904218457861052,1.629456403072556,0.16246312357289983
1.684361552,1.5984250858254212,0.21421484379795142,1.3855372357144902,1.5536242453257103e-13,120.21914379831972,33.52882857508439,2.015773350416013,1.716269325213371,0.0825877987268735
2.392483352,3.117267543006088,0.33074804365342003,0.37436531981939747,2.9191967558484224e-13,95.36491846803018,23.359517197576626,5.406090129314798,3.285118383865395,0.2069274465114674
2.233171019,3.015059418950747,0.27378891566699465,0.8329986922997112,9.323472539504246e-12,302.5840282764435,73.4394497956375,5.4169801498550685,3.1826882051513126,0.045723106950232184
2.103456255,2.331987595661819,0.3851055032151878,0.5365929858950416,3.119850472720693e-07,250953.1363719698,8519.264462204561,3.439629065554258,2.4621033533755794,0.17846059136033768
2.421584607,3.4379868527437947,0.5457856660976874,0.5218556784308841,2.015424905922568e-10,953.7500163329041,197.3550661390034,6.497045783230673,3.643237740543653,0.26096431703842676
1.6598166970000001,1.618974436255777,0.11157505093818397,2.7258794455911146,4.441697211279192e-14,135.49754277735983,33.36145975618303,2.0982929624263433,1.7311750457875796,0.1925650870549933
2.450677094,3.691934766004763,0.6510111366908995,0.4380354637608407,1.2109077674221589e-12,162.1630288581404,33.89289916628715,7.40390329260139,3.9378254025221833,0.3658451715170293
2.317000012,3.3767059804508914,0.34546221154746337,0.8698384131271796,1.455202597326318e-10,2367.9543392186106,361.28597350352356,6.549677565224117,3.58741791002518,0.044965909659611836
2.281407486,3.184300566258753,0.2882998957683951,0.8636263442467461,5.701241526315367e-13,141.6667140150846,36.285014448165214,5.915131391942985,3.3693094992920987,0.039316510739218075
2.120202771,2.573997230869358,0.4696430723438019,0.4175818056814131,1.2795376651237423e-10,1135.786726508251,223.89767273584738,4.157675476789167,2.7092150961055768,0.2735286701687106
1.251820095,1.1423617573706744,0.11131260219351184,2.4181049330849365,4.793361231145649e-13,224.31576404695875,40.354971172752144,1.3816775931932201,1.2340082595869137,0.15785295028514024
1.360724104,1.223792485462893,0.1423369725889771,1.3648453857191076,5.24144551445807e-13,162.2754110495102,34.782313051986364,1.4599919022277652,1.3258050162307102,0.051930987666315404
1.915791312,2.4605783989942323,0.39871913525786795,0.7650987415353493,4.239227565118952e-10,3406.9014629341314,452.7846448901079,4.202751219283476,2.591098128254388,0.09365962664601046
1.567950957,1.7374677835990915,0.25989994881782397,1.182572862445855,3.782013591641648e-13,175.05026699595757,35.876910326263115,2.5570282344731567,1.8335731431342683,0.04745067760520133
2.452064012,3.6074101998917008,0.49756925049941403,0.20104126153997012,9.465286482216891e-13,151.44725552522883,33.24135165095173,7.0647915061334094,3.8367479859833624,0.3975373006755144
2.007470233,2.577460547890085,0.316055846406873,0.7789276695421906,3.2614206625969864e-08,33736.77667754296,2120.9833713259964,4.401487062522805,2.7142697248605954,0.06987120251998288
1.774625564,1.799292232226523,0.1979952676932705,1.2293509145688692,6.447596560358793e-14,110.32198199120103,27.91616478654253,2.4248863242290635,1.914544383336422,0.045410395725759695
2.3184519789999998,3.460171449922629,0.32230149906121297,0.8240897249257175,5.528376963421973e-11,1910.3347065149023,308.3609475873053,6.873180515154629,3.6860854745999774,0.05669614535671158
1.9259113540000001,2.4081390598879233,0.21401493794296067,1.400813709879792,5.9646479958324024e-12,688.8946159578416,143.28829592804317,4.004493151158587,2.534518795786887,0.0857801212466115
1.9702528460000002,2.0376513170263335,0.08504902670208396,2.353071262551553,7.848691080116596e-14,95.2230538458805,26.313167309649785,2.8027700566885883,2.163715676548251,0.11507739393856946
2.275333825,2.969487088308582,0.34121106688741704,0.9125890094679678,2.8278290127238785e-13,124.5601540987139,33.7167049708609,5.157666378038049,3.1294616409310425,0.02982559733712059
1.718144345,1.524968880353677,0.0763421913414441,2.8799612471361353,3.374530130335854e-11,1297.7090448805898,256.8845524692298,1.7988819291692937,1.6570216759753296,0.14352036124336673
2.499674126,3.667983421921627,0.3899384468606684,0.7824191118681441,1.656651965967683e-13,130.9495226439319,35.221706042214116,7.165318002930447,3.9001266197547406,0.08484315358470074
1.949245946,1.9813478764008163,0.30742794218560626,0.8227470001516836,3.907080729610372e-14,119.83936483082555,28.75863998822304,2.6785281887388654,2.1079431667080994,0.054492524989593505
2.257091633,3.2916540938583823,0.3172502161261661,0.950032682773037,1.3938105166156175e-12,166.78904541410503,36.38848927828271,6.388486683047791,3.4971956273529115,0.015852142189498708
2.345474258,2.9699351011711785,0.2784606080131224,0.8765767876384358,4.042049878616165e-12,141.12624819015338,30.158979267493752,5.005412304391333,3.127246204546738,0.03436850275713388
1.061955879,0.6950548070171745,0.08702201803318171,2.9037775755426343,9.60610441068835e-14,147.4702303040405,35.19517228499603,0.6016478887792448,0.8231338521627188,0.1656705665100381
1.646895367,2.2177612930530577,0.24536867158174372,1.085497211798104,2.9383802679644096e-12,307.76304437245125,44.44905961956135,3.9679985828385367,2.3394623805889303,0.02097833728284379
1.587866971,1.3561879716046508,0.07409542134650021,2.8146155004321605,4.6262827508310885e-14,93.7361782133842,23.967417618541475,1.5383830900013244,1.4852985950421251,0.13445470008641128
1.8518094070000002,1.7976260691478336,0.21820522173710813,0.9991189253457295,6.448816603587726e-13,116.01040256872938,29.018026401480093,2.320219833994045,1.9238181572579427,0.00019225509030201815
1.990009847,2.8147610800279717,0.35507094817967716,0.739178965160088,1.449834516691986e-13,163.03177602035484,31.128765504385665,5.2951638002445796,2.9809411308601046,0.09260997214581218
2.085869096,2.6290664890415147,0.4353427840772864,0.6015624730424056,5.2119899937653964e-14,138.34640396371535,36.01465333778025,4.408600931659334,2.767694420348473,0.173456902266588
2.436519508,3.533991127849447,0.411276218366211,0.4737578981695224,1.4962985684133153e-12,238.25427162692685,56.66911110213908,6.823153065877376,3.7528348675152543,0.21643086158592534
1.330071379,1.4857735421233276,0.29014276069626577,1.0270100181891846,5.999325305146408e-12,768.0840183454198,129.8916918199477,2.201268186776411,1.5665916058046134,0.007836761243866341
1.808336473,1.8328603998740822,0.3121962476838982,0.5152847848355047,9.597756295410416e-09,18325.213352425755,1478.5400665772806,2.469423524501428,1.9503634540499186,0.1513262713696488
1.6224069,1.684219657914789,0.1508063497466172,0.7596033790508712,4.614537873194936e-11,1011.3361830791489,197.77389279043592,2.322507598765049,1.7871521429189254,0.03625333689675929
2.123159709,2.5459742518470545,0.38524166077594535,0.44386302537861144,1.0066833337821762e-10,725.6979218930702,161.823564625751,4.062001190884313,2.6800538225156845,0.2142471317220535
2.064636876,2.529700807272573,0.30274512133157705,1.0265739674783585,1.5308621504743285e-12,135.3973953110226,34.12267162186418,4.123445970032339,2.662424267315497,0.008045139008497015
2.160996865,2.8315071033236516,0.2820529331839281,0.7677052864514752,1.3863288602146589e-12,136.19801297376083,31.86772578358822,4.936488549162873,2.9842992971620355,0.0655194053194818
2.025325807,2.1895641005494797,0.250988179883868,1.0673427069384176,9.795153997364146e-12,485.7668680348023,124.2916976791547,3.148612196063631,2.3156784022325185,0.016902223442926134
1.7180620260000001,1.8705644017828758,0.20786643606390562,1.4189354036632649,1.87805425327267e-10,1981.356587738083,318.3299764642253,2.706740615095418,1.976798694132234,0.08708260930047654
1.706583283,1.8696714353567268,0.20158772267712244,1.1532651307366206,1.7026160407503357e-08,50576.399715917956,2767.4526452985197,2.7221932425900284,1.9749405358606966,0.030896368671006813
1.431985745,1.4417276558496153,0.13624701512276924,1.4028357768306887,2.1358665048987833e-11,446.26332214170657,93.48094768999908,1.926274600490535,1.5347402804379533,0.05488517217784333
1.7351698400000002,1.843151629700246,0.22617868288821721,0.8646638728191859,6.402896979514905e-12,282.01967440889996,64.17173227602123,2.6022419700030857,1.9517769818807156,0.030610146992948783
2.141156756,2.497410250346649,0.26997894433957986,0.9729050836085366,8.936152858879612e-12,166.1967218298161,37.84753231363806,3.8757857139445058,2.630583945327561,0.007315056924336483
1.973981438,2.9341430094197998,0.2874468643041207,0.9758905902838048,1.5886968058622086e-13,192.2050449463095,36.93679863966419,5.80055839381126,3.123361457730172,0.006930174223143626
2.48804513,3.431219942713494,0.4483813588303658,0.6784701980158584,1.080051281884993e-13,116.4817521225102,33.09861046660037,6.299434891277999,3.6275930073409977,0.14416796951810784
1.79010028,2.1483499817214944,0.1837202648002128,1.1057871673511075,3.6848775716458123e-14,145.02602919758283,29.340047548480587,3.4271166598127443,2.2608034366511465,0.0194352463982099
1.571616079,1.495952627699749,0.22263463221965632,1.1098977077483232,5.738476418131955e-13,125.82148385717181,30.12636644886037,1.8911465593506063,1.605256794550021,0.02446703574633119
1.25960316,1.1197538338527417,0.08771794529467147,1.9924659976652115,4.833069555686304e-13,195.67233849863015,40.04203632686618,1.319480374711455,1.2156388724833878,0.08705707809001856
1.429301361,1.3094743970354548,0.17227354469016123,0.6749983357380205,4.0665479377276717e-11,464.17077101797327,105.56385955374127,1.5920101756610239,1.4139123383463867,0.055989188732612896
2.059048557,2.4922245920679917,0.24054563354595712,1.00323546430124,2.15856201330387e-13,136.1962974751417,33.298534868884055,4.0129705547912575,2.6231033705854485,0.0007782768101571025
1.9202645930000002,2.6742963018482726,0.205511087468619,0.808619254216863,1.0329590176879678e-10,1804.737363528054,281.63932088101365,4.953037405080265,2.828431838955362,0.03933086518644782
2.42342281,3.443832819073294,0.58235352916493,0.35951210565692787,4.139449288805157e-11,741.2001208510972,163.69501313027533,6.514246782541373,3.649751608137592,0.37299038565810283
2.113553671,2.549122749450688,0.43489732632507117,0.5156382938382975,1.123493732469801e-09,4032.4395342000385,537.0654016088974,4.090468432208094,2.683164254621894,0.21064761098397417
1.969774858,2.449426426236277,0.3629138840028725,0.5491131706183924,1.978762754515771e-13,138.1128610850385,31.730342746774973,4.050995548783698,2.5778796234512504,0.1636330904966197
2.375794077,3.316820544673277,0.343798207757325,0.2500373147951625,6.17803405159011e-13,116.10878335004045,28.50594671039158,6.163375073092499,3.5097208632878107,0.25783582705829405
1.398653018,1.3116313224203244,0.165073123820096,1.7951213450702537,7.336970698408933e-14,143.8803018360411,27.177893125865666,1.6316640335088526,1.4104465428699005,0.13125316424678327
2.408153413,3.159396960008682,0.6025808657779858,0.4022338208691056,2.211451985275072e-08,18572.775542267722,1505.3942851441032,5.517171653848445,3.330454479973162,0.3602024617534929
2.068108861,2.8944946530656175,0.31582440907110965,0.97516858546673,3.2127474101942375e-13,174.62703856190026,39.22840552254206,5.389418952351871,3.062925196096621,0.00784236682136974
1.590238638,1.3461941255486085,0.14177069348275223,0.7656735208026103,1.039572340553105e-13,91.41398062364988,23.27016137428574,1.5135332814903641,1.4772797617175164,0.03322062745718565
2.198293096,2.652471293382409,0.3044723240129167,0.9558805934691864,1.6350167874381215e-13,96.4313783757216,22.326532678297216,4.25849596718815,2.7920049491905936,0.013433138240507458
1.6180260780000002,2.1358372589561165,0.1878848124577291,1.5451028076796922,2.617201051077625e-10,3271.5154749755666,411.62395658272635,3.7450161610621797,2.250548566994883,0.10241653879108054
2.328702132,2.8083621221407387,0.4615024393878881,0.3286843893620248,1.1067950208159185e-11,330.00466603170463,89.64038661165607,4.507753795554944,2.9563764607672844,0.30981379190859526
1.477771651,1.6486074354365439,0.12362863552424311,1.4746319196397337,7.514787199698571e-14,215.66458941172837,44.54947291001196,2.4417753464216148,1.7389067038589407,0.058678096601312485
2.496054513,3.925285776505655,0.4637117869112561,0.6537260162140849,1.3359122006337852e-13,150.79145513722236,37.78235770122734,8.217742460608621,4.212084607923986,0.16057132778224603
2.143417259,2.6562208769914966,0.3966844796763013,0.3529718039542984,5.6708896567036055e-12,172.47919618396787,34.70885779384545,4.379770758474871,2.795809406091573,0.256666043284285
1.7054090259999999,2.0411134633458308,0.22141406952222722,1.143878491599239,1.8038966966847577e-08,111571.0300959882,4537.869081778605,3.2465255909183925,2.1479141139220106,0.03185672234170708
1.354133493,1.4262946686576217,0.16520221974474852,0.7746063386612,6.751205571934075e-13,243.84338245052902,42.11084848407199,1.992755221433269,1.5107223089497026,0.037235533169565876
1.813743606,2.2987833080238773,0.2700820238349299,0.4280534391363549,2.407400343335072e-10,5756.19079839185,638.2143800568324,3.873023029259624,2.4196153714614757,0.15447248468348118
2.372008278,3.0844538448289924,0.4094462482195469,0.7360498356597494,2.4963928062189706e-13,102.87287581405994,27.20710145931327,5.3385515389224,3.2502951569160774,0.10807340450604846
1.821194398,2.2560244169543373,0.2525631736267233,0.9593782598155227,1.3383575080292542e-10,1359.2240062900082,238.6582505703163,3.7151894698245678,2.373925419946649,0.01025955561923178
1.526924645,1.2966405307037348,0.19269295102374484,0.9356747529869626,1.4028604009810447e-11,453.4083363627317,112.12063579155785,1.4621878167595455,1.4218636336334032,0.01239502167227352
1.7531441710000002,1.9629087977488349,0.22253105744634297,1.0004999090329363,2.494125913614002e-13,166.9855231355063,34.71141754374846,2.9212451885020867,2.0706702251999514,0.00011124528572628578
1.5598123400000001,1.9301597395132488,0.2667704372496349,0.5838766628351287,3.7111404616890684e-14,235.96960804330467,41.922648903364,3.1720775490941477,2.0304043416241293,0.11100940460524994
1.304294378,1.488216938753325,0.2258065158869409,0.6678067453833965,2.1796755588148866e-08,354341.18696300534,9079.929958297414,2.2515965872553654,1.5673238441524033,0.0750114014261187
2.080241511,2.6092338336109466,0.289809655431541,0.5328109428801389,2.0773913598999821e-13,137.58031999627127,35.70663299610032,4.354050417460088,2.7466002213363963,0.1353958996652935
2.480011148,3.110675382154641,0.5088197081855628,0.42232989162939044,3.8106440380217134e-14,96.79900391833525,29.94168768604976,5.194164174829083,3.2751074470276733,0.29392993596865596
2.299181322,3.0270550864038195,0.3302150628674094,0.7611920609416419,2.2354078839420397e-14,124.60192838784258,34.356994941596014,5.304093899019568,3.1913133431654415,0.0788579786093922
1.7521068130000002,2.0253920616467713,0.24024062513478012,1.2854622290507418,4.7008687620254455e-12,181.3806719690046,36.00286174685085,3.112019211942183,2.1334033922471454,0.06857962435951798
1.739268642,1.6639308179313501,0.28559716570996363,0.7378685735860238,6.8425400757683346e-12,183.5178539118273,43.326484165662905,2.1158088099868175,1.784441545969904,0.07486399242734151
1.4093592670000001,1.553041186369583,0.1966824401232103,1.5653964585234887,1.8885124804164338e-09,24702.152146110126,1618.115802095534,2.2704350724521074,1.6390471958382549,0.1112035550994212
1.727413393,2.127345324546632,0.20213966417586388,1.5557408957601253,6.2909765139497975e-12,708.6963232564825,137.7230741359523,3.482059232941698,2.2383153336069928,0.11233727803774551
1.965556445,2.08935780486823,0.07647564458825462,3.7180176668643874,1.0423384809831253e-13,104.2227987343959,27.7997483901151,2.953851252937796,2.212735950534851,0.20786215307571793
2.488518152,3.596634949696496,0.32282592418070155,0.7158388384461146,1.2251605247045314e-13,127.90439165215881,34.69397049268188,6.920138185074559,3.8180888776935102,0.0917345895948947
2.292292202,2.828085562928359,0.35365858728798755,0.6314949175329849,1.1612559470123793e-13,109.95670708712143,32.22872866134433,4.643636679377116,2.976878441846767,0.1303249868737279
2.199467066,3.015488654910254,0.3295072217773874,0.9530098191587504,1.8334291567010403e-13,124.33861528851507,25.065425748586733,5.500958656608832,3.1861740196858683,0.015483603939817181
1.466432522,1.8179502812312849,0.24306581171974181,1.050457671772043,5.058679227760037e-13,273.4493900721542,48.818561208896604,2.991915448264267,1.9121362109453675,0.01226453494675997
2.434295016,3.179645782129333,0.31463181917852917,0.6055166427638097,1.1611559946701144e-11,220.97407008077016,59.9513355914735,5.528481857376769,3.351272690727087,0.12411701632287617
2.503494507,3.556578647295857,0.341071778650785,0.7995176907382445,3.898573156786657e-07,281237.9969830194,8969.114662430085,6.726437271685151,3.769316716055373,0.06837885780792369
1.648161714,2.0409317455854326,0.14468241345679625,1.189105790460449,2.830853750427291e-12,253.06511222653972,41.0419998149645,3.3579106922169153,2.147219522277556,0.027360282162472965
1.749081691,1.8170250788120696,0.23816169672416895,0.5314640317084309,4.2471124184295027e-13,156.02034814281703,32.774463726027584,2.5089616797318577,1.9282350438711995,0.1115873211846215
1.944366036,2.123400064085611,0.21799392197659861,0.9563916881534957,5.105711102674083e-12,157.88216342090328,31.7500796746904,3.084066870829919,2.243919814200228,0.009506346930198029
2.327435457,2.9636765413302224,0.3342779451959802,0.9308070131751065,3.29174113340166e-11,416.44126831749185,105.48865303356465,5.022859782960696,3.121016755924228,0.02312968945779792
1.165339425,1.015696241896748,0.1169917645819821,2.238378120816034,2.251096858451339e-13,199.6647984018751,38.48913462667699,1.1721295151406432,1.1068401697868278,0.14488004157398685
1.529342596,1.6708875342738139,0.37615776928754796,0.7810559198324606,1.6299346244695097e-11,592.3076611519625,117.25423734207597,2.4242451809851198,1.7649410883065495,0.08235751679453568
2.355070728,3.128669024344994,0.33434419665696036,0.9276851563897585,6.016470737364279e-13,126.47567100929993,30.423914494279703,5.532165351186629,3.2999289711753237,0.02417804829323994
1.946132471,2.187129494724084,0.1319111280755966,1.5744629786200843,6.867224051048884e-13,158.5319740065252,32.19008997353115,3.269007988508429,2.3071063839913197,0.07577805954744266
2.320399484,3.286108711932336,0.2634640602176551,0.4473534532445551,2.4810342405433906e-10,1251.833861328914,233.4878596016719,6.193886200136609,3.481380518400256,0.14560250307345568
1.9285817490000001,2.4984247874670267,0.2172308990725115,0.9930045277546882,1.3199837544478978e-11,561.4865606481421,117.44975959376882,4.304456181936169,2.6316938509740444,0.00151963272528588
2.290539405,2.7337143781980195,0.45201993703689886,0.3247156624134851,2.7539231450270334e-13,103.00725254325305,31.1696258079416,4.342214044981527,2.878144322275513,0.3052419837578604
0.9801658790000001,0.852254555351706,0.13779024105037785,1.2948185267351464,1.1214803917001039e-13,260.2518933410407,41.82342681817502,0.9781638803915206,0.9286009498189866,0.0406231158649531
2.467037454,3.4433675974681006,0.3595736948917472,0.8690384019023495,9.932586792339888e-13,122.3030507993448,32.71625480324491,6.397989541886887,3.6437599289646183,0.047090345716900184
1.111951544,0.6331139129995298,0.0893442319520825,2.7738014612399473,6.865391072223315e-10,4861.870408732162,631.2681141160093,0.4770449863012438,0.7934351800600608,0.15847892918996476
2.033726289,2.5845991427868076,0.24146940578833484,0.8194760304766959,7.285886900736402e-11,311.1629503327923,72.81866418600164,4.369270667196273,2.7211843061539778,0.04359101565134371
1.898167772,2.27603360458105,0.2891441007012992,0.5088251993663115,4.213343020799009e-14,151.62551638793803,37.897614175178795,3.6291455002045456,2.395509650673329,0.14202029601636776
1.8912350660000001,2.5836768929559724,0.20905991899752796,0.9446267567088771,1.0280791139978668e-13,198.01165045513056,43.23000124057416,4.693653551357903,2.72869549385397,0.01157632575707257
1.550933629,1.5172668908808997,0.2146078416591634,1.3616995565162546,2.4623389772317656e-12,169.41155614662128,34.5736442759867,1.97129812091059,1.621539832134478,0.07762356115302999
2.442082716,3.143629911385911,0.4307486590800965,0.554609315417356,9.736555022129087e-14,146.30234605178913,34.477960337953114,5.386821176175245,3.3116492861894136,0.1918514401507401
1.969171138,2.340533341899213,0.23250093088979396,0.5600957942726756,9.132729863685863e-13,126.71607488768022,30.439604781671708,3.6999480334908452,2.4638713986578544,0.10227813733393834
1.984472292,2.0783967698720573,0.2850612300463104,0.7101825703820104,7.718185906368759e-14,90.94721487020323,24.133766384306945,2.8950980472663086,2.204167234202085,0.08261571297576412
1.929360734,2.6886400384809517,0.3717511951199878,0.8033946589295233,1.4629261448106804e-11,604.4766649781064,118.37192747750495,4.9828350004819155,2.843767309088764,0.0730882705099225
2.34674314,3.659453330940959,0.5095798759019867,0.5931418561282595,2.3500209459968145e-12,206.52100266381768,36.96508760455539,7.5952829012919025,3.9215351686347644,0.20732672246387418
1.376481216,1.3674958244727633,0.24527747516364398,1.1419564692763569,8.631774648220392e-14,174.65419078049263,34.86097563761991,1.8021748253608476,1.458025781261275,0.034818724367250226
1.2969214390000001,1.1535690918860044,0.07560235956706876,2.701672458822041,6.568093440183498e-15,178.70381669298595,41.13678808738652,1.3604549315201853,1.252287198658439,0.12865045309724196
1.840763483,2.1629372869208003,0.2872388098632925,0.9962949876476316,3.0158140973342144e-12,225.1268634867989,45.51193285058039,3.3790196926458234,2.277284246497485,0.0010642233386231048
1.799373448,1.888962733121299,0.12301643178778901,1.3807984192630107,3.531857580298816e-14,108.92473492729714,23.482195893652268,2.6358558766002744,2.0025056477685745,0.046844462768166034
1.988613322,2.709402231971826,0.2710034759428295,0.3530709239264165,8.53177433745828e-14,151.8572462034749,30.347501912490003,4.909622966994939,2.8611308149877184,0.17532002830442428
1.629236592,2.1382465909862747,0.20211799187733465,1.3494618926312956,1.660333791405027e-11,737.4430013040752,133.37526144030204,3.7280062154936533,2.2525945162932404,0.07063253597629021
1.589623031,2.1719339879125745,0.3334783332893334,0.9044107124316552,3.920290957338506e-14,238.56752885182877,37.762776258788236,3.941285823013419,2.2928799721677136,0.03187695629860643
1.966032915,2.976226232970503,0.34764708092581187,0.8238584962971651,3.9606579742606803e-13,210.5378181438122,39.48386449835093,5.992246965245198,3.1753530522372406,0.061235079592173614
1.618297717,1.7242944209749855,0.2111171756306349,1.0488107708131962,6.600089173229582e-11,2031.0111395028507,321.3403753235178,2.440440969760845,1.8251250491421633,0.010304792074436186
1.774809689,1.9261778688720708,0.14040247315843768,1.7437988405070834,5.2220271521579986e-14,126.27321600576926,29.844969078765697,2.778662127168747,2.0361274485825778,0.10443119673957285
2.406198017,3.501324040906905,0.5727122194311546,0.45677180113752935,4.541517929673759e-08,54176.047767967575,2953.2922812535444,6.781463787907745,3.719301580744311,0.31111342742811415
1.442029814,1.143092102978685,0.11312217801456549,1.232033819530622,4.965882179177981e-12,159.3997546887747,36.07885291198534,1.2026293656236156,1.2745746399161972,0.02624817103834258
2.446242582,3.486048869001797,0.5217275816618949,0.5117989836429496,2.4064829604601687e-12,158.56342645569583,31.586415225655113,6.613050059141179,3.695526592228955,0.2547079356288431
1.783801296,1.6980523724892453,0.11417864000748051,1.822782883690466,4.664742424461495e-14,93.15343582228095,24.52364338145207,2.148580396884195,1.8224575467725372,0.09394423068121044
1.726101038,2.4498961084182076,0.26455046746111577,1.0779368904168842,4.777681372406069e-11,1082.1949072162674,178.38918379337665,4.621505353098316,2.5946999291869464,0.020618240792252496
1.6561441220000002,2.047221710286792,0.2026867242761087,1.5123112243302885,3.073318667893233e-13,224.2967421907347,41.91263801909456,3.362543146321608,2.1538549621790386,0.10383868386938885
1.958320008,2.386131758881993,0.20723064361749574,1.2945698157321464,3.5416983934327824e-13,147.55596959863107,33.09897214263038,3.866795223377561,2.51113975142831,0.061043892504459824
2.3072905820000003,2.908249566240743,0.3562539142817882,0.31301167782550404,6.341787924985938e-10,26590.626871347973,1905.709306600307,4.878789031365501,3.0619738655693975,0.2447422788405424
1.9849356450000002,2.2284939267414305,0.3718207898751374,0.7049542767606723,2.2391975696781314e-13,104.33674148127821,25.7756378617282,3.3275752946251678,2.3508868876216056,0.10970413386412797
2.218841483,2.6177146031036655,0.37902150651255295,0.7496052526707047,1.1180639580331942e-10,1206.0266847775315,243.1105712122003,4.109459567901962,2.756514348021859,0.09490499435557959
1.796280625,2.3665232014938353,0.2881800001102197,0.8303316672508809,3.9132058213167636e-14,172.3422953324482,30.407689798031644,4.144226948357341,2.4939669202690027,0.04889502015034192
2.321897383,2.98280234575441,0.31705616066042397,0.8084258161768727,7.716178483783084e-11,825.9659294867823,180.23941602339852,5.099988196732294,3.1418775308482227,0.06073977520461504
1.9899044300000002,2.1725875588003647,0.27844012323055334,1.0309591527297408,9.366821424259991e-14,97.16569512781301,24.050430607982992,3.1548150545501055,2.2959598064301674,0.008620270301182564
1.791783293,1.8835693381387106,0.3451122757741735,0.6763200872896915,2.2165847784543006e-13,110.77961809598449,25.316478580476,2.6319275834576015,1.9965265691470047,0.11170591129784041
1.478981208,1.7214346745922346,0.2292293668200968,1.1286659239215846,2.8543548874008865e-13,234.36059307769634,46.52368936456475,2.6601094492254735,1.8121882428819887,0.0294940082718676
1.627984123,1.6219536883254475,0.2394733455343702,0.627590477185049,1.2508437180910943e-11,479.58821626578003,112.55718581368095,2.1466797988330875,1.7293110842967967,0.08918215433735469
1.551097853,1.8174122972053837,0.2539583355731234,0.8161840077513632,3.398665419660767e-14,242.20436480534613,41.37888259022769,2.8280655591576496,1.9130171719136835,0.04668160344318595
1.775490322,2.0442819607164964,0.313246803566775,0.2796121386999658,3.5411480560478407e-13,141.58940822134355,31.517841985618883,3.128658319305693,2.1536405769477374,0.22565919488054095
1.393615034,1.2489012097966539,0.28319694741494655,1.0651194925687346,1.0020824941058081e-13,132.7838234289356,27.311434002101176,1.484672309575861,1.3539409594338339,0.01844164151267591
1.520019171,1.7954875977507823,0.38688688908717345,0.7498080478292785,1.530827068486931e-10,2152.6654801190066,310.1760802692869,2.816309220135101,1.8894645515273332,0.09679598604997736
1.568597432,1.9570368856605231,0.41028631171081237,0.6990203885612766,5.395866453435682e-14,220.81153758783842,40.23689789118675,3.2428082429977425,2.058815375663758,0.12348781467734726
1.863033538,2.3890679911331842,0.35688563196808865,0.7439177432353409,9.329424006633427e-13,183.13797833339507,39.41787028355708,4.073664041651298,2.5155734199835336,0.0913920780412697
2.078599269,2.4300958833901403,0.4534359713989879,0.5133326388002234,3.4024578669088643e-13,119.70666913595755,33.23170745849272,3.7796886245065857,2.5594157858573734,0.22067248767380282
1.568305749,1.9153218133173404,0.17170688574623236,0.6918860636288288,8.81221170500967e-14,212.04595636232696,39.45609716923489,3.1066146928377103,2.0147739634944783,0.052905284469306604
1.16329941,0.9905251891256271,0.0916108288699337,2.069769590128489,4.861829856362885e-13,194.36685351289375,38.05127776571166,1.1167020450517122,1.0848702486605935,0.09800247885152015
2.087451536,2.628123947378432,0.33146722420185065,0.874765649300246,1.111160355039808e-13,137.89317550104286,35.9981000667081,4.4021085686248576,2.7666519070763447,0.041511082601168536
1.96733971,2.4807917872798337,0.2571857523104458,0.4436275094053109,1.3274678442718724e-12,144.5685507105499,32.644290273904346,4.160545348913747,2.611361668694683,0.14309107755843153
1.90275208,2.1006938233016705,0.3293051529708277,0.47907856822768125,9.63169902033387e-07,611118.8552553544,14900.020398074346,3.0841100111128834,2.218200363543245,0.171542111775566
2.331470557,2.952882991013376,0.32909154155807707,0.9412703316946905,9.006487643305886e-12,286.66329591459345,75.17698839017855,4.977739539869508,3.109289327179252,0.019327437077788834
1.444943464,1.474793318039764,0.2041411182270468,1.246775042168645,9.36951720841849e-13,240.84441501782712,38.5066407230795,1.997880749058069,1.5674708626275193,0.05037693305883381
2.043126318,2.5592179139084914,0.24333446817155896,0.931683673563434,1.1095669420662233e-12,191.2302804468056,37.495027165068436,4.264339553909116,2.69380560354522,0.016623716960876417
1.918228328,2.4104596209751756,0.26469854141825744,1.166165929523175,8.423989514165491e-11,2056.4570830318976,322.4325654551647,4.028193373127158,2.537113854215502,0.04398387917819341
1.80844153,2.1167163723796905,0.23713051223825798,1.2675823169079325,2.402086815574424e-09,23485.48167371386,1663.1831949751777,3.293344681839772,2.228732097319831,0.06345193187427794
2.301519871,3.170976241840373,0.5859723129447805,0.39830249872808116,4.681512175259247e-05,3959858.846263445,51042.15724824882,5.814556154853813,3.351909676106912,0.3525780765134013
1.6436694250000001,2.2864388486403797,0.323477217325018,0.9499153072019494,2.701039299168139e-12,358.3919608858955,49.99773971334748,4.225731111190426,2.4171895316942376,0.016201257056891794
2.377530974,3.1973132807986984,0.44771975228523286,0.6596131236595645,7.473836465736176e-13,106.8203267995124,27.13738398738165,5.723053061198144,3.3745483141591084,0.15239792795628399
1.952443904,2.2614006909309996,0.28842730250972964,1.0596472375201231,5.839176862995878e-13,145.78166946196524,32.33016922751648,3.4835309696696504,2.38224403190633,0.017203891820086248
1.410300927,1.421700960730877,0.13737474195661534,1.4332218997089108,6.304127794590104e-10,15209.14112926553,1208.5101138452465,1.9014050401044362,1.513081763113238,0.05951374668246631
1.991914554,2.5148564116999004,0.2352063002048913,0.8598585111142355,1.0162224208681885e-13,129.27170168260656,27.319708594400062,4.222865452737388,2.647281476827438,0.03296216110602557
1.736993755,2.167679038114119,0.35152313601090224,0.8482797583216745,7.2414633275616794e-12,350.1462761704136,66.15392192319625,3.5955188336782067,2.2809728839812893,0.05333317515109698
1.7055383640000001,1.8987387803839235,0.10311099289092072,2.962406312242458,1.246534025713012e-08,89679.99035040772,4020.3606883452776,2.8091980198103648,2.0035504617156423,0.20234566331073006
1.863442971,2.364936953169963,0.23557009167813014,1.229024637404709,3.2305185361527797e-13,179.03084110020401,39.04356836473794,3.990916317428201,2.4895352331536253,0.053951354829977816
2.393029525,3.130218257438724,0.3301784637011924,0.8737541734868067,9.384239246002771e-14,96.0072263488142,23.33503116439979,5.449858447882086,3.2992708025519066,0.04168365304681343
1.9755902440000002,2.4168267128443968,0.34550848927788774,0.8812104889323973,2.2815680620616794e-13,129.04434001858854,30.077045620424105,3.9322825942617055,2.5434233015901,0.04104278451102633
2.287588933,2.937111743389834,0.3371644397813768,0.9062278121539129,9.473493217998249e-14,119.41618589144443,33.502757997168295,5.018856679444161,3.093651606444766,0.031616647182199975
1.690314718,1.9884620934242825,0.24359121780370704,1.2883174427406494,1.5984114263485295e-13,183.75899371151604,41.62682817456045,3.108597381519615,2.093230200873636,0.07023159699124534
1.6753959489999999,1.8353840421087273,0.220717377847597,0.6763228643029867,2.196246635485925e-13,161.87214080953913,38.44074068362208,2.6718779350349124,1.9386875834504735,0.07144116866026562
2.144656053,2.5724687859869877,0.36146758326911765,0.7275127325142,2.204080433552704e-12,155.16102000595137,31.32641368667517,4.105565531311371,2.7079630418570693,0.09849531404969775
1.482973165,1.6218918310448898,0.17316509410223577,0.8996140219156095,1.514380057564033e-13,205.9178013434403,43.821806903147966,2.3550437827866486,1.7129547549752857,0.017383347341528466
1.907336691,2.1634499706142067,0.21609875954150173,0.7518519231460091,3.3879634640889565e-08,30892.290561905167,2047.5279485869728,3.263327910370228,2.2809802467197287,0.05362449159075666
1.128286866,0.9945492942841471,0.08775575933683616,2.21229578651266,7.674075986225995e-12,781.0293416845197,140.03825912631115,1.1604312232900071,1.0812207087716603,0.1063859372862655
1.5398637179999999,1.5533324147353424,0.1730089108911626,1.255711048170411,1.194353205149397e-12,253.53361607287465,49.58051556522356,2.0809093693625917,1.6534603269666555,0.04424028994680043
1.591313428,1.8537035209510688,0.4313081298030149,0.6557335367180783,1.4317661763221133e-13,172.57769880427946,31.71381439858882,2.8678981677618003,1.9515864131327878,0.14848492443202393
2.27317169,3.310405909152864,0.4669479937601394,0.6073115396304468,4.0721220330334724e-13,155.5607139578057,37.51657133791191,6.415997182765701,3.516630476214286,0.18336508874232088
1.4975779390000001,1.9819498659273906,0.22415697543962476,1.2915884594570297,1.0639212984007979e-13,296.728116961249,53.012678659412884,3.4825478438583715,2.0883206907426306,0.06536158714498741
1.498992133,1.519030017420844,0.16465371724368733,0.8954049340913353,5.3359958570892516e-14,173.66377746161788,40.56056199493836,2.0437820421314017,1.6159652685946178,0.017221966407210132
2.036103419,2.1934967476371776,0.37317463075973806,0.44229293677028064,1.2089228167188604e-11,192.6147167305502,51.87384660354877,3.1433572329564976,2.3205115132461707,0.2081221273928484
1.813707374,2.5076168350120986,0.41750352908674104,0.5894542410012651,1.6479627598210966e-09,6908.682275461764,700.2001774251069,4.608769152143869,2.650283514033613,0.17140430323356648
1.644250817,1.752206589577076,0.3682518770043803,0.8096881186328488,4.7850117675258955e-12,206.65291997664946,36.904163511040174,2.4808565834273835,1.8547542793163072,0.07008270752968837
2.189698573,3.062950428628816,0.24708051008526058,0.5445460782944356,2.7654877143936805e-13,131.7593952932752,28.04869749235963,5.700802871408351,3.241220174933197,0.11253378729534319
1.7748114240000001,2.134855732743143,0.312304298198982,0.9146266550264524,8.067087017320815e-13,155.11355517518794,33.07778946724515,3.413340151672986,2.2465348930318543,0.02666246258686339
2.071197788,2.4802959623074736,0.31822208854092937,0.6094391982112187,1.457696796906149e-13,126.91328464559612,33.73137795719808,3.9514697511657433,2.6108914503561382,0.12428507404744593
2.098216306,2.6459323078358565,0.2853851785193201,0.5606441845016448,1.624592559352842e-14,137.24975531093688,36.05648757420593,4.439103256251094,2.7854800967845614,0.12538563783949958
1.359646277,1.4183255702870268,0.1266958905208063,2.386810622339376,1.1074135969579763e-12,221.08992652288396,40.57422747945766,1.962590696857794,1.5037068782863696,0.17570320678100085
2.3842577990000002,3.398828106703512,0.2627099930648271,0.6785604072998876,4.12661569079813e-13,116.7883727765548,27.383700384880594,6.4489513019257725,3.6030246226665597,0.08444539316900737
1.704092341,1.972045286598569,0.18461751255650466,1.2641530395659266,1.43786474012905e-07,247753.73419366573,7778.048171493274,3.032847692189089,2.0770245894772454,0.04876727709890133
1.009707856,0.9138027754129142,0.15670500694902184,1.1031255442416206,1.3816371464810032e-09,28894.753363713084,1717.4919678653775,1.0919903592656464,0.987802324418295,0.016160289127004818
1.046778713,0.7614538939777703,0.10002533229706236,2.7494817544340933,1.0440767969724348e-12,222.86786961770497,37.75851432768928,0.7322781866813242,0.869748680127373,0.17499249383491783
1.811580401,2.1175245828506672,0.31883165977141303,0.3129787887220883,2.7069938554835784e-09,8517.682260487603,850.8342094019852,3.2902097904840666,2.2296839516370803,0.21904411308990324
1.51436825,1.4851494043682127,0.18879045978656922,1.3735524912245223,2.568692239011985e-10,4305.329438172432,537.2353940983411,1.9340048241501606,1.5866080265773173,0.07052314657269593
1.779676728,1.6268700261217945,0.2185889399598006,1.2129490074512965,8.105481455609463e-14,87.4012551209162,24.29730976417906,1.9767881108224308,1.7579763238132042,0.04654829780427061
1.9371535500000001,2.147339673854657,0.17083530493010643,1.1542953714278938,2.9836614870376657e-12,220.25188708015622,52.1054208191864,3.1657004557412414,2.266937380690111,0.02635909682718829
2.080753255,3.11181467808446,0.4771673326370224,0.609346179038491,3.328305295667734e-13,195.50372535726248,42.592069151351346,6.191394288762733,3.3153060309863305,0.18640724173266415
1.452399513,1.6310324152615416,0.22144944215967985,0.4595757598559089,1.2400724397362917e-12,250.42450547250922,42.88819986682424,2.431263916235172,1.7196255545516512,0.11967664650947783
2.049632491,2.631700650405335,0.31848762987226786,0.9271781756324595,2.695337556316535e-12,171.26614573307128,34.40867009591314,4.495113333391994,2.7715559232405327,0.02319285024579254
2.091051208,2.7224664689584968,0.2936786368054513,0.7852483613760084,4.665241405875093e-14,147.1096734720806,37.258394626273116,4.7157119253741735,2.8685494558582336,0.06306796848283075
2.43122066,3.7790577763590107,0.5594098636391551,0.5039105817290225,9.512594509985874e-12,391.7819569713687,90.2275210462776,7.8191732647909635,4.047946027501798,0.2775173138277953
1.6857878400000001,1.8958136108729147,0.19934441802126632,1.0685900061127058,5.011919463167033e-13,168.60937337522898,39.75644064127708,2.8332324713464896,1.999287074618464,0.013673034850612442
1.935529741,2.518130670711426,0.2100315033756571,1.091400442927042,1.8400978063648282e-12,332.75432522882085,68.65690307617311,4.35699993188026,2.652864151060623,0.019196972437167614
1.18936027,1.062227869349038,0.07015463301348626,3.9875945384781795,1.2226079854940645e-13,182.17014519406956,33.06201546021196,1.2561290558578888,1.151861066911193,0.20959359844003253
2.037977942,2.366629840612698,0.32281656031598926,0.3150714351551696,1.665185979692723e-12,202.4814202437592,49.00552100887697,3.6558155052449735,2.4930062140940743,0.22110628336537513
1.937816543,2.3221604398696876,0.21416350432145578,1.1612946713253323,7.034879893559401e-12,248.59340568900257,53.778475872237614,3.700877609746503,2.4441663150971755,0.03454343203941057
1.81950539,2.4730017102099637,0.38788675296326014,0.7434645246045821,1.9331783061696306e-10,2131.5052861285203,316.086308238344,4.468282120576612,2.610659264199308,0.09950671257101495
1.3095323620000001,1.4274689871890351,0.11380450395601197,1.595234629169085,2.8437343845211845e-09,26451.279512842135,1657.5130935756952,2.063371304261257,1.5074748005278655,0.06774038171002847
1.79747114,2.103800885709598,0.29372194100081384,0.31804139165302925,1.3328640194490967e-13,135.75347971945644,26.695838950728053,3.2729813459923625,2.2151050794823117,0.20030620612588607
1.280742811,1.0138000749251483,0.147817758744202,1.6244549306571463,7.532759431294408e-14,144.566024380835,36.62505153569991,1.063968257993426,1.1306108059687447,0.09230552828650546
1.527610035,1.602850306092234,0.17428614327970265,0.6792085991618133,5.472872102179983e-11,644.9654868054381,130.44956214751969,2.2333486568867476,1.698853867814243,0.055909496049380725
1.4427412670000002,1.1096895028924616,0.18647538538239253,1.2800579078528125,3.0617574031486515e-12,146.39011228623036,33.41963989270658,1.1328219983448513,1.2475367076259551,0.0522239062962398
2.460925124,3.273817841190317,0.4576713134969506,0.1760658874469625,2.4375805356323168e-12,113.99195538788712,30.78405806968112,5.797736795185005,3.453444545113128,0.377091007527093
1.539021112,1.9142249636053994,0.20432404071973315,0.47529829441880567,3.1427316391574523e-12,400.6713398280491,64.7312980235197,3.1618889793090474,2.0136762261039696,0.10720917265688538
2.398749429,3.265214070544595,0.35193958656429336,0.8912853537219764,6.49343975477678e-13,103.06061810567513,22.98047080337318,5.9159227586750305,3.448769951552844,0.03826098766457103
1.286209647,1.2881385209955853,0.10713192183804947,1.6195520000223187,1.2345245298536556e-13,229.73817436999116,46.42251128036476,1.710458215222525,1.371830910242739,0.06637379644099826
2.394241118,2.9753463235602986,0.3697155788810751,0.8027795654489736,1.6446319543182216e-13,86.45404710384857,21.922573157220953,4.921428984239065,3.1321207734719327,0.07291546712720992
2.040093889,2.592515988761509,0.3551147352578003,0.8770611929267105,1.933740534217971e-12,220.151881738833,46.42651939617975,4.3824778389809165,2.7295395189007867,0.04365738192674101
1.806206776,1.7629433247057806,0.09284273257778569,3.1995858676780506,2.8590308829711794e-09,43068.31721516152,2631.315832762861,2.287283589406873,1.885116758163687,0.20421556249470996
1.6557006310000002,1.9269481611098511,0.18730581694564422,1.0060521055801168,2.5396119832032287e-13,199.70705782179607,39.41656186058353,2.9798415894045047,2.0290278347248414,0.001133594579925068
1.5121793010000002,1.4401639198127378,0.19509022418807354,0.8884029319522692,8.969495594723755e-10,6923.294030837056,745.74082078942,1.8212214183440671,1.5451815719939086,0.021771497024163505
2.361478809,3.6287587588135577,0.5862783498804102,0.4973374035731869,1.5265019561881962e-12,156.1418902171918,34.12340718850399,7.421873608123695,3.880469748750162,0.29470019757971455
1.5422404,1.9845715322393884,0.17303730370936887,1.6088245067826568,6.072373971795793e-12,374.2404255646722,54.020830289336175,3.391499097761341,2.0890245924480237,0.1053493510858573
2.361560734,3.581169211522395,0.29378607842338605,0.7303545459865604,1.210452979437447e-13,151.9347353014642,33.66069255478149,7.228230301504116,3.8227380385097813,0.0792180804993019
1.498387544,1.9402686419880928,0.1598406455509995,0.8917765034183317,3.794780715024281e-14,283.783006159088,51.847360316781504,3.3358060245227907,2.0426236792997954,0.017298513557400252
1.820542514,2.4700861830192578,0.21172092798505734,0.6096178051648296,2.4568035559828894e-11,1800.3080105950232,280.652179916389,4.455241865658799,2.607299851939463,0.08265208055934575
1.571885917,1.9230312398822682,0.14290680442638437,1.2075677243112268,2.7186521633055653e-13,207.47954479001746,38.65350485699305,3.1245515641805373,2.0228771755890147,0.029662840183374173
1.510956495,1.7623310118552546,0.17172168566163998,0.6736599170697845,2.2179582871615385e-09,14594.26998435394,1145.1771879148464,2.729364053377494,1.8551878134176008,0.05603966913973599
2.274159091,3.240295287382259,0.39878331358046704,0.7574576888505459,2.0611065996181913e-13,148.69651498785964,36.75525613330229,6.144449307442582,3.4346716128414205,0.09672182652364397
1.509355819,1.7688808368687856,0.1718873168421233,0.8225784561112931,1.1451505212423307e-09,24423.46709707728,1608.132917550435,2.752573150390293,1.8618092924255731,0.030496513129016856
1.512368057,1.6979388955315824,0.2463515557320436,0.3512264550612091,6.939964156446198e-10,9155.774400026576,850.5442679353827,2.5312171884721013,1.7903662187070533,0.15982637211346404
1.5737419049999999,1.5470444053482426,0.16695838737427465,1.102742696655242,8.677451708732072e-13,132.41508115712585,30.685110421562918,2.0198015966480862,1.6522748434689143,0.017153754948043498
1.8391827260000002,2.0831901920634013,0.19289024753333334,1.1451422268292941,1.9779815498563688e-12,223.68534215413425,48.79182660614663,3.1371111615890177,2.196371399543164,0.02799652006064174
2.486044122,3.3826146024756523,0.5005325533973944,0.4012901120393342,7.136044602178971e-14,113.5023119805573,32.62557413232079,6.127147926520806,3.5728930750944223,0.29967378896522
1.5569348710000002,1.68777666843034,0.18339283378889232,1.446189339897326,9.133612788925831e-13,187.9021299893729,37.261655146428545,2.4298916518937204,1.7838629461508804,0.08182792745016587
1.438715396,1.410572841622984,0.24775385172033398,0.9330374906208606,1.0503624280444592e-11,279.699949225316,55.726279289018095,1.8354504373916367,1.5068053825275212,0.01659021961954077
1.753776878,1.6509082121907175,0.23780825045137613,0.8680785298996976,6.693349400212674e-13,116.75872821120757,29.100521867973253,2.0656530229718126,1.7750046406706497,0.03137201400152645
2.015057947,2.042248645419278,0.2833739597834005,0.9083457712748729,3.742698398996711e-11,2220.4611134280144,376.83816518143374,2.7530140396030016,2.1735254448883112,0.02597242172473274
1.4009801020000001,1.7141977489862288,0.22583109422639489,0.4575915257109437,0.0001550245993241042,31775286.808219176,180055.931929548,2.78234991338242,1.8025411230709758,0.12249269926636697
1.841593895,1.980440433258496,0.24954476207785548,1.1948588230757777,3.664921874749878e-12,182.66074122994092,39.42787435203992,2.83160476951198,2.095134685205794,0.04862599864321587
2.494429475,3.6913763053764908,0.33378276581469524,0.7302314559624596,3.265363406031584e-14,133.6653929060267,35.55886829711565,7.272258399916203,3.928773992133837,0.09004409075865363
1.710776832,2.310925997908406,0.2965640720906949,0.9133685113935155,4.201364890433761e-09,16097.439978807626,1213.1796957736158,4.148623187825366,2.4384057695284356,0.0256917870324177
1.9810519320000002,2.3740000331512743,0.36716144286039165,0.3665141635776593,1.9883389480474893e-13,120.66229451485432,28.346217828083873,3.783700394632981,2.4987608649871063,0.23259157373244865
2.299637379,3.0263618015585427,0.4288889296668598,0.6707754149859227,2.679087307192365e-13,124.4474760160604,34.33611511506834,5.300612978563839,3.190522267936185,0.1412007798867037
2.427387001,3.2745159496375162,0.45037645385590536,0.6110159543998078,1.7023196865224917e-11,420.0700469213482,107.6031106215891,5.879887175778929,3.456738615410792,0.17518925506393834
2.465239773,3.246574498515124,0.5545754689853729,0.5001924839374383,1.0788163750585272e-12,109.52170629122595,30.76141260341538,5.691710409766703,3.42306779055939,0.27718098762280946
1.779894363,2.2121682241602665,0.4085630721872304,0.7217399441422588,3.986013071747489e-13,161.4029777213668,32.981997369758176,3.6545811069087453,2.3277412562458557,0.11368678328822907
2.4270129000000003,3.232172448099615,0.38215768106290365,0.5795901973688663,1.2285517388190923e-11,425.7864834760909,109.7701576004674,5.729679699783812,3.409610079196609,0.16066283526962707
1.846152515,2.197463473916258,0.2966526535329995,0.9879149909938075,3.908239736414272e-12,194.64005538108546,34.94584935829266,3.4776798879387827,2.31298237315426,0.0035850499896571963
1.611799114,1.4201072108713697,0.23418523996105772,1.3354444099573148,1.002822039611886e-09,5757.029986886783,692.633809655245,1.6619236079971793,1.5451472515479838,0.07855612963944919
1.7138884110000001,2.222944638099142,0.18237385271998705,0.9292857764203297,1.2322053348819287e-09,6557.245886538772,675.6944029027984,3.831833335621934,2.341099886764044,0.012896425396327016
1.223993194,1.110991632762785,0.20103485785284983,0.7307685051599799,5.3813220735280714e-11,1101.9024275218703,195.82111884654768,1.3358522653100402,1.201164383767122,0.0541249152946737
1.405579721,1.2943668991493413,0.2975091703563717,0.9748617954897435,6.907810490183986e-08,88252.03050567406,3973.9018430695787,1.5812635648772873,1.3962313610351942,0.007478846368095204
1.606332289,1.5007987478802745,0.15755736630808032,1.2119777500842184,1.955890357326126e-09,46867.167417792,2717.380239547033,1.8623856689321665,1.615329548538543,0.033398656019181905
1.234676278,0.9093826742128386,0.17330438935261916,1.0198404297397916,4.352950060238131e-12,266.5682519709668,64.81516871516733,0.8874598447678704,1.0351155498387095,0.0034384335605481264
1.902935499,2.3537454185776174,0.31742367162921725,0.3562817512845797,9.875321801174095e-07,629606.5284674851,14643.277035414987,3.871522318347916,2.4769768307006306,0.20433141000197838
2.4223401,3.272036460460502,0.409060535980231,0.33479412307799034,2.5608550479908277e-11,775.2580842552159,173.5420772285869,5.883139850094489,3.4543785942030985,0.2721094725509169
2.035508641,2.1132395577182583,0.32153030661079546,0.7583099868783177,7.025930854827997e-13,185.23412279591497,52.17547912933772,2.9183876563249993,2.243176810752303,0.07771066402378168
1.260507917,0.9840746256280811,0.13956577314925908,1.7269623846657056,2.3923655590030796e-13,149.94954737404373,35.22923311208222,1.0183742566296712,1.1015078683771669,0.1014590672662983
2.13363128,2.4949747186976476,0.2849433666586498,0.9779538923339062,4.6948603368733326e-12,249.42061510433683,64.31825507822309,3.8818288004431096,2.627808159567681,0.006281892140095835
1.5675723110000002,2.1013785396458866,0.3322081662340297,0.8395071733601337,2.364044171119876e-13,256.9416744467741,43.49983723078589,3.741237516316344,2.2158278435216237,0.053317027631746006
2.160006567,2.7916537520930818,0.2527267410497392,0.8467665664413228,8.216720105868159e-13,133.9617689597659,31.59131667835996,4.800701609510624,2.9408044495393577,0.03872618628314625
1.728945458,2.021883646952087,0.19992739982872815,1.2506273703956552,2.8136626887806886e-13,550.4104786476379,114.72416191158261,3.142605298232887,2.1288527016274124,0.05010727848911489
1.647876327,2.1941927467677114,0.21716957080694915,0.44445133544570825,3.280348539962343e-12,294.3680592296659,44.091214282264026,3.881825530886203,2.3131927356843254,0.1206482650436293
1.3341569770000001,0.9343297022932764,0.16011066098901802,1.4352875795340572,5.142380490598339e-12,220.96818982807343,59.24713964842686,0.8678573951248046,1.0809661507422716,0.06969418207950764
1.89225714,1.9677726994877793,0.276580221849834,0.5417600719483548,2.306005516142676e-14,114.6413948300275,32.907662881586404,2.721136059385604,2.088239147672233,0.126740100960976
2.093466497,2.595884913413558,0.32134841367803063,0.9145465961430702,2.290292884842855e-13,133.2124592713561,35.488394819194184,4.282450210207691,2.7322306062069615,0.027460315772812494
2.063462578,2.21260418901797,0.3880890353968122,0.5723059543672927,3.4166352557936656e-13,104.21824187809759,29.791615788922385,3.1562766089222407,2.3416820285916367,0.16598336961455756
2.452436551,3.0482350288709896,0.40703888893411594,0.4612815399924734,1.2696408419620838e-12,107.54636660828385,28.116132641488676,5.0435875918337185,3.2089861503151402,0.2192793634097616
2.280226049,2.7427778146276407,0.32194864212041047,0.5313542056860509,1.4533235530334197e-13,105.30622325066096,31.23842433133451,4.390781917186013,2.887357928888259,0.1508798771148171
1.87299171,2.2307531420201916,0.2676446016946582,1.1463568523904286,2.532504866943273e-13,153.27746745648912,37.225604399977975,3.5329007178454046,2.348078084377158,0.03917162146332015
1.448577657,1.5063950562212374,0.18914630819201242,0.7159756877687634,1.6136378051551797e-12,229.19786980392328,39.276754042366896,2.079273114763057,1.5978437082411066,0.053722150095313836
1.617125953,1.681282247751028,0.16595359479363217,1.3297885966355798,3.5823285292543895e-10,2395.3830604699856,363.3225430542538,2.321864507744815,1.7837361818493744,0.05472960313362163
1.435186172,1.5308348590314234,0.08430518489944885,3.5209756418310105,6.901199065630596e-12,400.962835809256,77.81545264575344,2.1669866411787284,1.6198057406483153,0.2125313176115701
1.557808641,1.8400255989006644,0.24933895976187725,1.251821631219238,5.868431397645423e-14,220.44756969727797,40.42523206300292,2.886434589729806,1.936420613906227,0.06278894357374387
2.492733347,3.4122835407023433,0.6679571638842491,0.3286989303584344,3.2650198501154947e-13,114.48559306772243,32.89121417562718,6.218391685454629,3.6056850921718633,0.44840035859024296
1.7749381620000002,2.7928191861352505,0.5589388773653515,0.49139068827730137,2.995977677236323e-13,265.23333454703885,43.232420415167155,5.841133601905403,2.995329659635181,0.2842815177118493
1.518644805,1.5781632608376701,0.34949694498654205,0.8190717229394101,4.729151413788543e-11,2088.671017427924,320.28708578100253,2.177752672401706,1.6742737608154095,0.06323388009435482
1.281697844,1.2211851520001127,0.20107416240342202,0.6828797678770723,2.4499571029334907e-13,209.1663549617914,44.10473668090628,1.542644979400063,1.3096821942800578,0.06376468505529645
1.931453457,2.459692795439741,0.30137242246337115,0.6754589135719511,1.9271120434860812e-11,422.8665398136478,91.36744047032747,4.165857015628451,2.589629904101587,0.09780773340571541
2.393021061,3.149134596979341,0.5750932143800063,0.3867372916669948,2.1675590936471774e-13,97.17344358620113,23.477946289001693,5.515945471701371,3.320051357532011,0.35268322219461623
1.748723355,2.149690751944574,0.3522146373657482,0.8440312338168061,7.991754618150316e-13,220.30555875115974,38.84000933273652,3.512471622005626,2.261859967178955,0.05493448242159682
2.007489565,2.5600025729999545,0.22836581749366588,0.91547875793361,4.6272779628968136e-09,33010.254926958834,2095.278370253806,4.34202206123685,2.695401267447352,0.019301762540071182
1.964413086,2.620645702453536,0.3274878852560932,0.8164125582887352,3.3233158622163373e-13,165.79658838598533,35.1111223399254,4.6497754732879235,2.7639786100389996,0.06012266304559838
1.5863427840000002,1.9422612871050777,0.2877199539521058,1.0740639085134682,9.004546179687795e-14,193.6283067578576,34.800624605426854,3.158326260683638,2.043106880578759,0.02130966434700804
1.362804774,1.2131576203253969,0.18613525681564141,1.5562079429991935,2.787457974795979e-13,155.45538363406556,34.039086956029216,1.4325434976641511,1.3168936572629892,0.10352990831305453
1.334745485,1.0080601854019944,0.07295929314852806,2.706389314131062,6.391228801780785e-13,247.3121543568674,61.1693133828482,1.0097900633102221,1.1390802808228422,0.1244969581952039
1.23140322,0.8981083779186166,0.030457447448833195,9.086910525066475,2.8437656966356307e-12,331.3624037548605,82.39744370714885,0.8678362764803137,1.0253718944635095,0.24630665234062823
2.207705846,3.5176039629441838,0.4650214349179318,0.6108206561796473,1.2675431928770145e-08,38953.57312935751,2243.51253478681,7.457669514577056,3.781657826493085,0.18097673690375954
1.450303054,1.5203082757297521,0.1776190437058811,1.4050490260584503,9.222775037079921e-13,225.50009694049282,39.79750861541951,2.1153786455895105,1.611320261009803,0.07194442066250045
1.970937004,2.909211105015127,0.3646556106109711,0.8331447121794671,2.784225719837887e-13,193.0896433520019,37.39684179956765,5.711201817065437,3.0942996070191384,0.06084471686386578
1.411291553,1.3867592623048262,0.15498319447009917,0.9069376204414836,3.8628405532513746e-10,10755.437336600333,968.8474848784595,1.8078429551107364,1.4807889171440778,0.014423104868967723
1.6688073490000002,1.8723697831774597,0.18937935246315854,1.6105442495137794,6.368662517346685e-14,172.14778882375938,39.03132248856171,2.791545638124909,1.9747799804959658,0.11562447462302464
2.298986797,3.2301285240457593,0.5269633290455724,0.4837041247607419,1.3877569275079362e-13,141.92804139305485,36.66767795782761,6.040138576246989,3.4196738436677014,0.27206899318857697
1.97595704,2.7995298538946947,0.3832913354693997,0.7044094765338409,1.641586462933763e-13,172.74918750873636,34.74691051808523,5.275253346117096,2.965245426781297,0.11329728649144305
1.951773382,2.073360533609072,0.2550749957237571,1.154008768898553,1.5141084352410879e-12,124.1748096323813,29.738346963981446,2.9292950433357605,2.195912574910781,0.03928378606821947
2.187170819,2.9678981395144257,0.49112048740656,0.6005237787569545,2.269877728694385e-13,124.88722635433453,27.79578194013383,5.358653225765701,3.1337582285589107,0.1961909564842153
1.605816968,1.9502942142549515,0.3709523509508719,0.7586811599740314,6.80708406703929e-08,103300.93396591824,4210.345546337367,3.1460274100556767,2.051649954913116,0.08951779103637042
2.119218358,2.577373033216507,0.31041247951450224,0.6539697288827583,3.7229726375296723e-11,1334.8426187636744,251.03613893534083,4.1705152969217005,2.712739615870943,0.10741211444457843
2.007531916,2.1588381086438715,0.24977256657417732,1.0733715725897295,7.3031092780290856e-09,23059.91279463783,1746.2495455881947,3.0877513444045896,2.2840982787384667,0.018326205999320305
1.416774876,1.1642539766632234,0.1043413907814213,1.436580432754651,2.353475906821754e-10,2084.183334217291,343.09314749355843,1.2694048304801508,1.2862925071613196,0.04555340954157505
2.03190494,3.1539537896546435,0.49838889607533743,0.5780190160650274,7.156555474207683e-12,530.1008333756972,102.20654410576023,6.512065979348797,3.3767566877316173,0.21031063674813572
1.645074604,2.381254639147344,0.29365754418822615,0.9352037118666596,3.691668035851951e-12,372.4269136313755,47.574533017185175,4.579604210581237,2.526452539375185,0.019027918845749447
2.460208267,3.284692976404811,0.4649993148668303,0.24275733087420162,9.032836742085205e-13,115.30819297334294,30.842934296678745,5.838011950513404,3.4655628874646056,0.3521173223314261
2.396258085,3.2321337339292895,0.4089447396977479,0.7491307057004035,4.501289258866773e-13,101.5120069619924,23.341886964176478,5.802686555290121,3.4118940386297405,0.10259167825550619
1.729432808,2.2748752878067955,0.31161288372987606,0.9866463785663692,3.361651543114469e-11,666.0048251960527,123.91391590187452,3.977141069788126,2.3971514522803434,0.004161160483170778
2.350257536,2.9570862594473235,0.41386666566474367,0.30774970329207463,1.0458970123841346e-12,123.66024850981462,29.416085149387115,4.952117108261165,3.1133609398311624,0.2864993221039386
1.927265598,1.8693572082941132,0.27848757391626283,0.8223352448309472,3.0972773873119113e-12,358.50601264733007,98.4802419480845,2.411378338655925,2.0009247902488303,0.04947742663745633
2.488767159,3.268505289848694,0.3053563308704306,0.7931599722197157,8.337988730572284e-14,105.59638680636021,31.528383098243978,5.714484205357726,3.445805820611023,0.06315991196012555
2.376650538,3.268235299067215,0.47352792165188873,0.46958733887393633,1.4507512853253374e-13,112.16916480352239,27.917093625225032,5.981978153491388,3.4543499655251635,0.2511652050408725
1.87752309,1.973387716280809,0.2771334656794564,0.5080388270857373,2.3975668481517185e-13,118.59532088988406,33.02310212788412,2.758095614177134,2.0919834453477506,0.13633890482945993
1.688643866,2.3728284919251483,0.49782202071004633,0.5397151351843342,5.324413164241108e-14,262.5747080685252,49.71316241968924,4.430889086368391,2.5107667604437376,0.22913994150478523
2.286887242,2.711987165770757,0.3304546965379395,0.8625913977343221,2.0509125698340773e-13,101.91523116603072,30.935242937485658,4.280279158521411,2.855605594812585,0.04540731796340702
1.4135877350000001,1.5248313251101728,0.2521483887184764,1.1726708693235772,5.688204368522612e-10,7121.6052658210865,714.311832111922,2.1822711517550735,1.611821854395084,0.043538681478558605
1.866025659,1.9713340828379529,0.13478761541029344,1.9911398307687245,1.2398497194223282e-13,122.75448086153321,32.66166186510247,2.7692157125552055,2.0887870392462227,0.13359337432747814
1.987409293,2.494374566722625,0.2382081701608322,0.8405858720429392,2.3966699538372115e-13,129.33211766080203,28.240699033833238,4.1637776609612285,2.6254690760812958,0.0379737477184362
1.463861637,1.5751476287140675,0.29965000209494747,0.9481732359081674,3.9420466472920484e-13,208.24028208830492,42.18358666121954,2.2499929729721733,1.6656023008800618,0.015529889968691979
2.1798399330000002,3.0991754510204634,0.24819267079615842,0.47192999062823776,5.45652796629619e-13,140.84014273311493,30.817905762367023,5.862836301361033,3.284173413880392,0.1310631059933301
2.218768311,2.95796343927699,0.33397012245921254,0.9313091152414239,2.658345946602857e-10,1559.3988348183575,277.12408464178156,5.2473484442208855,3.1201623889549737,0.0229407031946533
1.743583735,1.6217936098760346,0.1251029369319593,2.1480634853021936,1.8751774732457888e-14,146.0368980597835,31.688056536178028,2.0050518314714436,1.7471613042447027,0.14362611379564574
1.600048222,1.7993546861156158,0.21266260496630057,0.46730042531239036,0.34716478524907246,176038382424.42865,60420049.27034024,2.6874445759006433,1.8972500784263753,0.11328527921750746
2.251773309,3.015927938431106,0.47893696454718987,0.6276477742184656,8.013170256451346e-13,149.4310556185178,32.92142921388781,5.375635919240814,3.1822076828206054,0.17833324475819795
1.761185596,2.326014530357053,0.2400004379159351,1.281055744294627,1.1743288071382834e-13,207.95139695190048,39.37878234596941,4.0832871669536,2.4515374839335413,0.06745350170949957
1.7215449409999999,2.331666278468913,0.18464614988340014,0.8114430077854465,3.8320806687292264e-11,1755.627431533594,265.9440898815342,4.197212903699664,2.460727068527498,0.03481632264601156
1.930804626,2.75638851237146,0.45029481148606026,0.6613985899442588,1.514815769490129e-11,559.9794560831676,107.82991855398039,5.2332167245976144,2.9215206002681073,0.15247045810996418
1.48574752,1.4449340676274272,0.1465749294035655,1.6200271037787493,5.2524293389311607e-14,162.3354364357893,39.00848367676803,1.8657083887330455,1.54541431279758,0.09088042896466736
2.236309362,2.889920835001977,0.3955505335535242,0.1821710089954653,7.838135773475869e-12,227.12081171060422,55.83298384739324,4.969721098524034,3.0444362985055977,0.32349269374738404
1.877098351,1.8694986419915898,0.21883628119155943,0.9347456236428746,2.2986592387084634e-13,106.53936646423719,31.278307599885093,2.4758969643191584,1.9938181900604677,0.014280025053467732
0.9688757530000001,0.6779982579372449,0.10759465868656759,2.1154830138769882,9.90455586779744e-14,181.76325276433863,36.482728148945256,0.626254835450952,0.7840005714650884,0.12002001414875826
2.292717379,3.2711845942611517,0.5116530523732552,0.5826107008640794,2.517805978797682e-13,147.01770936643305,37.272347479694,6.211589487535099,3.4678786868114804,0.21355850893082745
1.620940233,1.7614353380766208,0.15993983693164682,0.730708882778506,3.384946173924451e-11,1371.3588655935832,241.74382814430066,2.542613103844013,1.8614728491994512,0.04307037737554674
1.630053349,1.9268912390397752,0.2899943404196281,0.884302859901262,5.764657297701141e-11,555.6818807847892,112.32206258994604,3.0259441102373916,2.0279666572633888,0.03355151583137084
1.805481839,2.281612377866632,0.23159363154546717,1.261620951407969,1.3694745321466137e-08,106430.30650886994,4403.0006185736065,3.8326539997581284,2.4013684866982787,0.06058974622495175
2.142774468,2.420622607626978,0.3616116813103933,0.6593530382804653,3.572837008469292e-12,146.59146172435507,32.978047896363634,3.638372091450123,2.553033248540816,0.12318192056067812
2.239209934,3.1882850291943865,0.36739273308762493,0.5633696066281842,2.9136662491133746e-12,238.17388241002624,50.28496600702291,6.0410931641500785,3.37921661810777,0.1604148335699962
1.664032384,1.7825307308008713,0.16542569224811782,1.8000021990418107,4.390266307355504e-13,159.62560142983926,36.95916960083331,2.5372846450252076,1.8860821749253902,0.13234091757650807
2.283454894,3.292657206562812,0.3908256786768523,0.7733405923172486,1.407285124916339e-13,150.9923986404656,37.54334339136151,6.318889158808831,3.494222671986891,0.08858431683610468
1.687441696,1.7445129439983882,0.20077774076250227,1.3177665946841484,1.3223931622148624e-13,142.28156558916154,36.566167748361416,2.3967070851908967,1.8521232730375348,0.06380045897047709
1.799255598,2.151175012843169,0.3394528324038575,0.85437463502959,4.711268243664579e-14,141.30262571212572,26.776253523724783,3.4186513441753985,2.2639025131723476,0.04943294260905118
2.3908436,2.9830967949484744,0.42946492689660376,0.6768391165179378,7.505495785482895e-14,87.77319594323963,22.698587603103633,4.954131886268605,3.1404025352331106,0.13878626520046572
2.01386405,2.5654439538225864,0.4534594691993546,0.49254578545147154,2.690782559379272e-10,4585.83110122647,566.9395624122478,4.346816501458239,2.7010865018206824,0.23010991877215112
2.112511197,2.6922028626408046,0.4078868483242232,0.7311183570647364,1.8787702254488565e-09,5827.303234173922,674.3646399481411,4.564783659715269,2.834842355799376,0.1096732859091038
2.312849337,2.992187528419158,0.38316460009183656,0.8037959946263833,1.7377681686423424e-10,4599.006100221435,590.5188034795192,5.15212343357293,3.1524394328822494,0.07517842925539842
2.37456388,3.1344499411781586,0.528849616975162,0.5294162687539565,3.7547589818804995e-13,104.4707899370599,27.17218482603084,5.5070898416023555,3.305023496791735,0.24886802602421265
2.007911365,2.761401543434696,0.3917608240921665,0.7856584736472941,2.181027704515175e-08,32287.348478338223,2015.4597200391638,5.05102900176915,2.9179309637277084,0.08397061300110886
1.535535946,1.4180287012529733,0.08555725980945067,3.4064110856192245,3.7213079427274346e-12,266.2795722273256,61.40125427818168,1.7390387620622234,1.529233611313634,0.20588593846066622
1.884557761,2.6929301120589755,0.301822711720105,0.8878109763602063,1.3211558793345145e-13,217.75363991472986,45.13276872203908,5.117018966271957,2.8543989424779816,0.033861195340193495
1.678803102,1.9406025873501727,0.453053683180033,0.6180139060894672,4.3026753357587303e-13,179.4022860370083,40.69447538282848,2.9809792321509447,2.0439581221702583,0.1730602067697209
2.433765635,3.4898301004324446,0.3748528386287881,0.8020760069914467,1.136609038650555e-11,275.87738137335066,68.45586383157588,6.661174908065018,3.701673275785982,0.07419237061200062
2.318973463,3.442433344758144,0.3534630078980378,0.8534911781103158,1.6298741167823584e-10,1729.4947043628247,288.1631249806635,6.801368883077657,3.664836499718789,0.05178544886872566
2.312836366,2.80311427615443,0.32055772098657875,0.8204268861315607,4.633263486251847e-10,4049.352236792426,554.4116165110206,4.521605939328664,2.9507014447275046,0.05756354813213033
1.6256235220000002,1.8930525124865722,0.24498138416061377,0.967368887233951,2.161652865861844e-11,845.2888586808451,162.2971790302881,2.9284443220977687,1.9931592782141831,0.00799401517212775
2.485544306,3.4995088189511274,0.6539171975950339,0.34875525404031954,3.870493356175359e-13,121.56270185976858,33.75050924220917,6.559257589406549,3.705872767861761,0.425860139226444
1.666654887,2.009310442821451,0.12130614895400245,2.5562010099287495,2.0449553147432713e-13,200.10150531970956,41.79325550917702,3.2189291965565063,2.1141719712398817,0.18877675151278595
1.717928297,2.3151227254997204,0.2226776721973037,1.389704388237986,3.657423075601707e-10,3108.6238495071357,400.5989094671624,4.146511712330022,2.4425227514658925,0.08677846601790903
1.739060039,1.6559516301173272,0.2730914962415426,0.6164057048332644,2.9325124772741e-12,183.58623734674475,43.740685102681226,2.0958154743880293,1.7771677625245368,0.10475634001680376
2.410118982,3.10090093211871,0.32315215108385575,0.6391339668046525,5.412624652140826e-09,8979.902690954112,937.2068838942209,5.310453989167126,3.26649876348091,0.11661463488017465
2.343275332,2.976939002893255,0.4166412945975506,0.4737280127840374,1.912638141222625e-12,152.38658979367818,32.84313745190031,5.033756781393599,3.134837090236022,0.21926664206408425
2.187195395,2.5626291048963066,0.3453557742367727,0.8039369100207091,3.774903573813054e-14,93.09997580549373,23.99517138617217,3.995069142093746,2.698943628377272,0.06771152023905203
2.470379245,3.35707515460913,0.2832999016030662,0.7578545942051156,1.1458770740645596e-12,114.98820524533667,32.04024710460498,6.073139044096521,3.5456095686629565,0.0685997696353253
1.001824451,0.6181749040127424,0.05474563417723846,4.558097416853934,2.6198352577777094e-06,2408510.414837581,36332.661654629606,0.5035346141336106,0.7487066648318191,0.1947902995500626
1.850391502,1.9780469278288448,0.21717898255548343,1.104631738784878,2.3952046992679545e-12,143.85664547307263,31.819198085126125,2.8114678610135604,2.09366894413425,0.022723814572310957
2.423633407,3.2331636968985853,0.4151935990605634,0.7122661081995151,9.412866286102977e-11,635.5032523202473,150.51328315170835,5.741137531437412,3.4109463478469166,0.11946527010834607
1.450982696,1.306345530834083,0.18966724638560345,1.2768240824256518,1.6541755031604387e-13,164.45804430885687,34.24772319815546,1.5611353396784395,1.4151583586693213,0.05250446144689469
1.6259198860000001,1.4379128795832843,0.2790296169216799,1.1076399255599911,3.785576878867397e-11,471.22045683706654,119.94993010343939,1.6892687767155725,1.5633868615764281,0.03003472719448247
1.509251739,1.8879826683323695,0.15564124176957678,0.9850708554778476,3.860166690458145e-09,28837.361962494615,1757.505558627543,3.1359366858150155,1.986081100095951,0.0023235905919852806
1.993670746,2.800470199510086,0.3416872087621607,0.8634750562717485,1.3382816035028872e-13,159.3978087553236,29.90950213118083,5.231907637870092,2.964037905778053,0.04664882694891731
1.8211847140000001,2.551589327851329,0.3187919777958928,0.9625561125475414,6.244118223944608e-11,1741.2344632070603,270.2082089493717,4.752445652920616,2.699598747324655,0.011936810937336118
1.705739596,2.222519725403236,0.33375016596718854,0.7481053367749826,6.888716993096632e-08,109898.53793115668,4371.3662652057665,3.848507745059325,2.341005277573159,0.08406988565759863
2.169045453,2.98965964569518,0.37158111654773657,0.7995557085627149,1.2176241608566379e-12,140.55187237301817,32.06808138403515,5.482941381944518,3.1600703158669754,0.07448131361788635
1.012366286,0.6408772407683626,0.05250425922376096,4.920252007248101,2.637312858629098e-10,6478.00012805042,716.6750630118507,0.5357484579041073,0.7684471022881665,0.20582992761102353
2.246287115,2.9873800690988452,0.5504434865150126,0.4623240416227077,1.1019436446277377e-12,163.60567051801723,32.107104246841665,5.28714678955845,3.1508962315512283,0.2959602291444976
2.410237458,3.248474653642143,0.3758015666479186,0.6786501797008749,1.475571119577705e-09,9493.546018852656,957.8575082073255,5.8276520315181,3.4290152509604774,0.1207637659104383
1.630384395,1.7016330986367367,0.2202690482881093,0.5367057201487955,1.6492512739807526e-11,420.86747632115896,96.54318991409417,2.3593446154970725,1.8046759205541094,0.10204939010014981
2.228523264,2.773690642915727,0.266790999953757,0.5746163363855451,1.1032445837016198e-11,378.98109542883265,98.13416874481368,4.593878878466253,2.9196613384595413,0.11348853297969302
2.210429838,2.630243148161181,0.44960273488713653,0.3124356354396269,4.337089099169567e-09,8290.12158227492,886.5045433297861,4.16456183741147,2.769181561946767,0.30913081871727993
2.464764059,3.1937704702491123,0.5795517410009101,0.41193529006831553,4.784543648777109e-13,106.21526727949218,30.237760580827743,5.5091286414784815,3.3652395399953416,0.34081392646210296
2.208318427,3.457968971359737,0.43580361993735206,0.6682586178448562,3.0418043538382187e-09,29531.166646007736,1879.0039586843739,7.204963567486465,3.7075076728411878,0.14457409522623216
2.00130081,2.460754155118881,0.3089679725464602,0.5832004059534068,9.399883491193235e-06,6682527.764065767,71673.6508631578,4.024183765742021,2.589658739195957,0.12877772553076355
1.403954774,1.563672279057652,0.15530844353029877,1.2465415080172462,1.685378766184168e-07,375629.44483882,9743.217504659842,2.310335196071127,1.6491178604372863,0.03828997787577118
1.676478597,1.9849112253310073,0.25410469140599223,1.0229971666126771,2.336454766234522e-13,188.77639307995656,41.59237217201323,3.1229576587238443,2.089147460677172,0.005843687925326524
2.333797654,3.179896281306752,0.44209905200587407,0.6627908852700202,1.598369853339844e-11,279.90200939096803,67.67326235408376,5.766783857783535,3.358834345679408,0.14907982994986413
1.670746478,1.8016785206337012,0.25219153785965515,1.1816773603700532,8.879152328719688e-14,158.23792836508497,37.621806133093415,2.5817592159355094,1.9053218426405827,0.04581749290600651
1.673061665,1.7867472091960535,0.08751885998016884,3.3839968947969683,7.598147430355674e-13,154.44590505612524,37.3729380652462,2.5356561621633364,1.8910547821110888,0.20864469042889316
2.336478984,2.848375517015777,0.2956664546312382,0.7451200986753955,1.8150579063463014e-11,189.9053572577456,49.81218425415128,4.6217350263771815,2.9982888056817476,0.07535943678140564
2.030185883,2.866829748785787,0.2569031128567991,0.8120500922374924,2.4321762849893705e-11,505.36436058449567,106.5849946877081,5.384882595514517,3.0357827718172183,0.048284916365336494
2.125860153,3.1026081463952666,0.4264107001773796,0.6908398135814862,3.58025339518168e-11,774.6640501170772,152.2220231409806,6.0247119063201735,3.2963297010221417,0.13182921155768768
2.46537139,3.049976745401881,0.4079196361337284,0.6194717841568319,2.0844054456022256e-13,96.60321485629119,28.90468862028841,5.022986647958386,3.2107365837524293,0.15522493134536197
2.278370275,3.0185224151778165,0.5023642735406475,0.5084282773238448,8.930386952767653e-14,127.95263697757305,34.34567280472109,5.322331864854847,3.1832234490420963,0.24694807135533137
1.467618816,1.4487071404959948,0.15121479558447784,1.8008052320037187,5.224316306284826e-13,172.64938807590585,38.94528012545248,1.898450137307729,1.5462204100599437,0.12109359946042267
1.606467982,2.292530538243646,0.31350239791161016,0.8372965581646152,1.8757651966988436e-08,102304.20211808223,3972.1359907499505,4.345289512559684,2.4286573106093954,0.05100791916386532
1.485135003,1.4618369051343434,0.2042325557519921,1.1712118966528648,2.7350527985695935e-13,166.40104747876586,39.473722546805675,1.910397631223087,1.560868289498355,0.034967043228560535
1.461374434,1.737623809952818,0.19682150493676406,1.336593422496509,4.2860643138406944e-13,257.68559715369963,46.390797134594635,2.742708917319407,1.828141081045009,0.06624882396757895
1.749553722,1.883017176729485,0.33534097192796125,0.6726126314981615,3.2746252535893683e-12,165.68339968416444,33.889172818291506,2.69379123206298,1.99178660590439,0.10978639835034412
1.686278431,1.7378050388751642,0.17737111708828782,0.8865887033212815,3.190889107400036e-13,141.53021206534828,36.43843370549691,2.379946237309588,1.8456226354119833,0.020115888382335523
2.220372703,2.801500688279224,0.43279706432348314,0.4244025068741566,7.095300370059717e-11,1074.462845607046,218.03886095651987,4.703533323854303,2.94945602128255,0.24911690525682129
2.360950686,2.9920307167446727,0.39131789476126355,0.25182827501661653,1.3444173569918644e-12,106.79042466622963,28.21807163132804,5.046921014144194,3.1505767639267077,0.29277298434040067
1.950247518,2.619119564091826,0.2761513468394473,0.7166011093007258,4.811110139737091e-13,204.64610077803263,37.83935603574193,4.678028931164802,2.763352619069691,0.07826098535940987
1.732789328,2.5610044634553537,0.37038302249631994,0.7567510511461109,4.39117509580414e-12,640.4571416805383,106.64052071309533,5.030825876372209,2.7236826918565833,0.09009528089555618
1.60986576,2.108634954196137,0.18930905770977918,0.604207344608408,9.885448532435184e-10,22615.555778277398,1506.8890259960317,3.6684767483295952,2.2210956353443736,0.07492713464063364
1.08281971,0.8690204372456698,0.15568577675711817,1.0771047982121462,2.2732011753666097e-13,207.97094779567837,44.03267946842788,0.9226901431832344,0.965274087534915,0.012004120401358842
1.419053777,1.350030313183111,0.3176489152553369,0.9381545356293579,2.339640615535449e-10,1849.9833688947347,298.9581882950296,1.704144682887477,1.44846257265074,0.019645144670797032
2.4460195000000002,3.1722199456759306,0.28905839312346077,0.8146494209252159,2.371883166355867e-12,132.04695633341564,28.722512721845142,5.476471752309461,3.3425901287322644,0.05357714055186005
1.721734122,2.0740234275224694,0.23699303886183085,1.315804793985347,1.044600005977545e-11,1351.5717604769313,231.84624378713266,3.320535792805554,2.1824101783700987,0.0748435378137218
1.295233029,1.328126577823586,0.12586742342953425,2.3482105051264726,1.3041977701094419e-13,238.05570890270295,47.46410919215157,1.8056811051244408,1.4104800637543224,0.16969578252089998
1.8848532690000002,2.1079178496839384,0.22470668599654536,1.1312016699605618,8.848492913318131e-14,133.3476446736448,35.32778051200824,3.1347747793057343,2.224063403334722,0.029481892454050362
1.753394096,2.579340852555728,0.2658149298505288,1.0388825654493918,1.3418534943698295e-12,287.0002251443437,45.55433368928566,5.0434009147850105,2.7417741623792935,0.010335566407338681
1.9705892170000001,2.2708312333282503,0.2765219921771634,1.0613530031554432,1.995340497177648e-13,117.95789917042131,29.258768586266488,3.480353389465523,2.3926388580244047,0.016965454658594947
1.594743067,2.1370092709692967,0.16518615444653528,0.7083692947867251,1.0033670219003706e-13,226.47847428677412,35.33114780875872,3.8033032574544112,2.2533615866786008,0.048173354712712044
2.343390671,3.1771856857132947,0.5031749976604786,0.542502432032533,5.522548466213438e-12,172.8729266366811,34.79193816440845,5.73345266208923,3.3549210751031637,0.23020133769170487
2.279370686,2.626471190385199,0.4211222830679999,0.46404211151574465,1.5417150229521216e-13,96.70395433220651,29.90127515557129,4.027804440280557,2.767897638610191,0.22570380962679412
1.456754427,1.3834593322443616,0.1399916708925677,1.4384343373020603,8.154680414552223e-13,170.24510669999293,36.67686717792745,1.7440463773418864,1.484894779166122,0.061377155455591054
2.418495626,3.3619437777373262,0.3544132792337468,0.8866647341914321,1.4903921105437306e-10,1495.3954734110653,273.88802465981576,6.22069943144414,3.5563156477837587,0.0401675232080429
1.303980113,1.0976708593312963,0.12992530077009437,2.0489537741324093,1.5340181730363345e-07,243915.27175896702,7825.8377490280955,1.2251954904194913,1.2056994870164168,0.13628563459807894
1.80819013,1.7902027548660635,0.1598749511930464,1.7712034811408193,2.2215501873019563e-09,18495.408925552398,1498.8289138254293,2.3560041623859798,1.9105579864236215,0.12329611890729597
1.7128431800000001,2.1590483469463995,0.17570953601938344,1.225121223338605,4.3755329032068503e-10,7972.5761684529925,777.7033064978511,3.6169024929686255,2.272137109372285,0.039555945700942285
1.975904941,2.0455306195899152,0.05322792319679819,3.83461252819111,4.366235185874333e-14,92.25719308345296,25.398311993313666,2.8164144851786475,2.171857121271696,0.15088053794323833
1.459232774,1.3340875208741285,0.141608952748983,2.062382468591921,1.117114234839301e-12,154.5391215752478,35.5087469670902,1.619069931677591,1.4411421042851698,0.1504428687961813
1.871961312,2.711769103618033,0.3141764473130207,0.9204912073803461,1.8079837785607221e-13,227.1893095334368,45.214584399000344,5.223617865747014,2.878215739396616,0.024979789995390578
1.797218835,2.718945838530066,0.32994788641556977,0.8446267769491591,6.384080429960718e-14,226.90114308224108,34.59367429469757,5.467594169964619,2.89998470340495,0.051265066551199834
1.767681266,1.9528926078178555,0.19489695884174268,1.192858073371392,1.1372606328272512e-13,137.14058454941997,31.773095140246937,2.8677786895075568,2.0617852874286537,0.03758745198816199
1.7816949000000002,1.7954846654217762,0.08767376919609941,3.141581734886153,1.4227111344704935e-13,105.28103133296335,26.386397025408566,2.40505929981655,1.9118836861320205,0.18776054273899073
1.927026249,2.041612937412636,0.23012870812558944,1.154919997933658,4.0604149470749566e-12,438.47164540538915,109.8559454297634,2.8766115056539623,2.162777975695847,0.035651538987291675
2.264669885,2.825699229285192,0.3176356694869394,0.4061188334735488,1.0574052731231778e-12,116.69061993721424,31.68201661757422,4.6921690080938365,2.974581447332844,0.18863784192531385
1.118775485,0.9682978949520129,0.09135748992905132,2.0119924408281977,1.990051859923942e-10,2611.1387649988487,356.499032294001,1.1091868931926674,1.0566667306193387,0.09245308922123815
1.729020746,2.5277863554727715,0.24125391744564884,0.8505266127588578,3.0494644826870157e-11,854.2532146636786,142.52291524821126,4.911786209867332,2.685080082562575,0.03606104022579604
1.969525381,3.0289297738967997,0.4502056823083783,0.5654829770530155,2.962613258547748e-13,211.61315488282776,39.30131269266258,6.195356348511916,3.2384533316611033,0.19562203279045243
1.8291747790000001,1.899735348054752,0.14130275544032,1.6555088795357684,1.623470507990163e-12,368.44822255959775,94.48995855355514,2.623022461291543,2.0161685430802097,0.09262521089400086
1.207674907,0.9783470465167246,0.12890870055878978,2.3220667559155266,8.415910433842907e-09,34081.035681290276,2102.793778322028,1.0495654062938147,1.084321862665453,0.17042590755704523
2.21722403,3.055210230055274,0.29667881953866126,0.5645488695952108,3.1454431648794503e-11,2197.5040107630234,346.8063329117123,5.601916265195017,3.229356957061113,0.12918912733526852
1.982317674,2.09775787584719,0.10705693266690645,2.379303170777633,1.2773611854734961e-14,93.61007896978484,24.795261330259592,2.9524921831325885,2.2225286565653937,0.14766396668119164
1.706928706,1.8478711758976125,0.16771439627487505,1.7872691256481932,4.6025259070898044e-08,42052.96834287739,2459.137185757579,2.6585488916502698,1.953629731089099,0.1320363661139355
2.279883569,3.1101729571175527,0.31989092748234166,0.5444056589980022,1.0555071110467901e-13,135.48477725055483,35.41714185967552,5.646700292442867,3.2853626689355946,0.14574049629883531
2.431412233,3.191498006466085,0.42720976535125654,0.5116571780296051,2.4420721961825433e-12,275.10075633378375,75.05102528129015,5.576335932170471,3.3644312822205285,0.20862482238494287
2.156167882,2.9155400749178897,0.5148829872261427,0.5645724284453179,4.854209140208432e-12,153.9636497128121,33.67023595585733,5.245548649245812,3.0777929126163186,0.22419424876269972
1.697348779,2.0957607379908882,0.1626973632294816,1.7067627522270743,1.5831511718130895e-13,201.0579182811657,43.636421970227076,3.438841515491855,2.205012109894726,0.11498843621615643
1.707477439,2.4208868394797687,0.20664840018126873,0.5886867505159763,1.625168087082852e-08,56732.67406552702,2748.1269852015903,4.5615446263610595,2.5636546366641197,0.08499722497923257
1.442450932,1.5753096518974954,0.25578427583550273,1.1418905657325018,6.584591002096612e-13,298.0848827169999,48.35685471209223,2.2833710870949493,1.663778450977988,0.03629337560377777
1.647498179,1.5927296188503952,0.11244685576346378,2.736193021446846,1.9357682541500012e-12,156.45806797541263,31.97339301469268,2.045827583685931,1.7052566358773444,0.1952294462601659
2.346348418,3.418209944581032,0.2738551915779732,0.41498264874429375,8.23076182773331e-12,182.20069530069745,34.585439149708186,6.627990890610274,3.6314215231544678,0.16021003880456988
2.089667746,2.4829471266879035,0.29957961224283336,0.6449237446019569,4.5410610007695953e-14,122.63928277638279,33.995096088816254,3.9250401879396737,2.6140539866630963,0.106373606908783
1.5234248410000002,1.6228787191715208,0.19444388727645645,1.5869969062136917,7.014861754591627e-11,1074.9450966678214,195.16811389089787,2.29574891282547,1.7176712066337028,0.11413796026344375
1.783170883,1.8310023715510275,0.17698918673467645,1.0532893129903966,7.461320937199923e-14,108.65289089232259,26.583515099212732,2.4990830390379166,1.9454859096279944,0.00943163216781992
0.783703688,0.3635230280095745,0.06254740726046955,3.679910093886214,3.017830147381263e-13,114.61831657327924,27.21861845727496,0.22131602851125182,0.5031538921060802,0.1676214280637442
1.9267704220000001,2.2485856090480176,0.1911293654527599,1.4356278073801638,2.714547913190261e-11,546.537034247089,123.78154927852952,3.489881035602112,2.3681186195396298,0.08326126639814782
2.449960514,3.297471381276985,0.2968929588691976,0.8366869091777617,2.2080144738816544e-12,130.99294716061692,30.21105359989119,5.9080081080217335,3.480574379715141,0.04848650675628835
2.063631299,2.5519525645823813,0.2914126068034015,0.9501346429985521,7.537780509234465e-13,138.51036819601293,34.36994903680193,4.198338832764761,2.685901311985905,0.01453139367297418
1.325748759,1.4747834029038043,0.11449663972349464,1.6104210651961124,1.466295056334267e-11,1171.6437991905711,187.94345927826404,2.1758225578220793,1.5553773763259378,0.0698911607813911
2.4104462890000002,3.0920973485312686,0.32938394044869923,0.9071094404444652,7.486531880245986e-09,8061.289035248492,873.4699551894618,5.27963091595796,3.2569436382040995,0.030596658536886645
1.245011328,0.9010961104505851,0.12774624182115807,2.059092274942741,9.929484251371539e-13,162.83363670580508,31.556176443693666,0.8642922694132501,1.0313014292628842,0.13529505786575585
1.667477231,2.353569096319349,0.3522096624734028,0.7093865330521201,3.7401319785678353e-13,273.5231506636077,48.99724909652007,4.414269130661951,2.49127235706013,0.10235687110393818
2.055734594,2.762575371257904,0.25810231584260407,0.697807516598261,2.0134968122716513e-12,172.66642933068658,36.66055117923397,4.938721753462257,2.9150683367956134,0.07799657979621652
2.113719196,3.112339829026939,0.5148542514437421,0.4970920151429246,7.409459308772946e-10,5779.45218776725,638.6747754285377,6.097218207861072,3.30986725158299,0.25892431408867034
2.352126711,3.4398016569568517,0.32374228841704966,0.6584820173423891,5.561801706364679e-13,161.02241304125837,33.92557959886628,6.695531486341386,3.6558776444510177,0.11056381324114925
2.08137057,2.3170543560821706,0.24001028244074524,0.9828348445398077,1.8573460145086e-13,108.27368712182736,31.72018688046829,3.4316665795875982,2.445703286350388,0.004119813810140038
2.44417045,3.3767588308460206,0.3258279897044893,0.6184667517981512,2.1825853401619565e-12,157.54728283773898,32.349513355635175,6.210132602405315,3.570398232819471,0.12431421126703232
2.36324458,3.1335896697810792,0.3532556375135649,0.8149148305034829,2.363601933826652e-13,114.26385317204053,29.176018901606415,5.530410345432816,3.304815768998995,0.06538237954479836
2.389689927,3.3996058361918293,0.34730014411262033,0.8834458960676214,2.3964996522627817e-13,114.42907274492772,26.14050300767724,6.43723828796535,3.603165962869802,0.04047925709263245
2.3916989490000002,3.1120745624919763,0.4385934576504735,0.1711486272115997,1.226775298094567e-13,95.27134904804353,23.493126652806033,5.389860446725461,3.279481493941883,0.36352878946960604
1.65760696,2.185176542018547,0.3018720429210399,0.8154537723693374,1.2722050980738028e-12,251.71265492637406,44.85897651344129,3.827646094255665,2.302642619658552,0.05570934674823938
1.269717315,0.845706814729511,0.16735051330549647,1.1988313165795306,2.0086893840682976e-13,104.65667798237146,30.512309201600736,0.7467540800487105,0.9955204679015466,0.03327452289079211
1.669723743,1.5385002064458277,0.2294935388907386,1.0851119321000318,2.6588009063927364e-13,115.81598917635174,32.09841719881366,1.8837363379413499,1.660036847366601,0.019532638499464544
1.60034462,2.021665293648501,0.27000066342399415,0.21648460624692575,0.003263046971811901,604791499.8028595,1324745.7310110107,3.3919148849317073,2.1271869424457424,0.21154967611624204
1.5933503770000002,2.2445955047810435,0.16838064588296428,0.9136939199579576,1.357319932277638e-13,251.08326307911082,37.63778589166855,4.199559793826064,2.3750903114776305,0.014532273501105919
2.4754219060000002,3.443647890174493,0.43948991199586174,0.17311684569302796,4.0115706047246637e-13,119.5706400484403,33.039895621275555,6.3774334975232305,3.643114617974444,0.3634068047172317
2.327350471,2.800042827811433,0.34738023946423513,0.7739497894367295,1.614823732857161e-11,374.98618813204155,100.40943021032786,4.4836799010675685,2.947693299738087,0.07852537627640965
1.462911427,1.8831504675868507,0.2692236890416922,0.9107069049217561,1.3407214450911613e-13,299.4352038314298,50.375337040007324,3.218009129286136,1.9820265836919675,0.024039816462915392
2.301707465,2.778791458562541,0.36097352982086367,0.6679994337733812,5.15314886256596e-06,2135889.2186373556,35367.37513673648,4.464854455504817,2.9251704605259796,0.11984341629334799
1.7755410550000001,1.9306430617048,0.24148014669000428,1.1697904951827331,5.179752408239696e-13,126.24349252081849,29.754831821596447,2.7904108636075042,2.040555819403421,0.041001033683294885
2.500708363,3.319568470083731,0.37300968324190903,0.47472052095383943,0.00029050544478990763,31263020.10599526,210081.00528929953,5.8663088856082535,3.5013725103551434,0.19593433209248334
2.399665852,3.34246626557725,0.26952002325198304,0.6685191414611629,4.132699593964824e-14,107.81645096049913,23.295014974601777,6.196797861175336,3.536212419265967,0.08934072870097468
2.068546259,2.5383451785382025,0.33680418445338134,0.6471296396578238,1.211816631485968e-13,134.08163657979674,34.41988483648566,4.143873263653665,2.6715312277460144,0.11884821393281747
1.9304661680000001,2.5953391467094407,0.33811715661624925,0.8663019145960918,1.1702352848138265e-11,510.84187758973695,104.34234661271711,4.640362069354005,2.7383945397545775,0.04520561648180588
1.491484223,1.8347505618637139,0.1422008309128918,0.9688877819702727,1.1560213561021858e-13,258.16890413715305,49.36732685849271,2.9966371249893267,1.9298213389433512,0.004424183255370279
1.898457604,1.9705861168202221,0.20873289033889544,1.081067123734275,1.3082633253419789e-13,113.59236963229587,32.802750194857026,2.720016706426068,2.0916208296133023,0.016921375048516124
1.9484644050000002,1.9991062120597285,0.3047755336825954,0.5585904423981816,6.375302472566442e-13,124.34142791631129,29.120108977547435,2.727848015214321,2.124597849866756,0.13453083349069256
1.713835015,2.0680477705277536,0.27431451958211395,0.7386761807061476,2.367082394088001e-10,5746.658808038969,633.9054895682693,3.316529560468781,2.176059026304858,0.07168491794495627
2.165689116,2.92928511340269,0.27200018050342817,1.0084842465801156,4.896676049702866e-13,138.86452334357418,32.082926448240606,5.271877143000626,3.092365120361201,0.002307716601227028
1.378436641,1.0268825946265694,0.17555055433435834,1.2861592145326672,1.3866850807651816e-13,97.18390220852119,25.776325715922155,1.0147769059854332,1.1650830754477144,0.05023540873909432
1.9626976960000002,2.4618029560027583,0.17683460075291502,1.324740416879588,1.1798924260505503e-13,148.93792424811096,33.3193859827577,4.106773909190095,2.5911550426391226,0.057425341967237115
2.006366617,2.193055016045884,0.397996042700149,0.5582657756231958,4.873153562992405e-08,40427.61045416622,2516.937794187799,3.1882419934763035,2.3174170519136146,0.17580847322718776
1.466710242,1.397134267096414,0.08231089347009637,3.6938212910231933,2.174150202400997e-13,161.28112406331996,37.52800139868707,1.7667710565509407,1.4988920149487537,0.22173083731288754
2.347511856,2.944403853923038,0.5030792693474768,0.2842420028179955,1.4394611863476151e-12,130.95061299383246,29.645372967225953,4.915462206657457,3.099858725300707,0.36008301025193623
1.620588549,2.150449905631644,0.46776817479518873,0.60768963239967,1.0130929245192139e-10,2157.870951971119,306.79322080375226,3.7905169056105645,2.266518762974771,0.1835103046056359
1.675368482,1.71762002753689,0.174884437463693,1.6430472222839723,5.0313386000061265e-14,141.77635842805202,35.9737033777985,2.340043830392759,1.8252041698933081,0.11245895173172285
1.293731856,1.236829208438117,0.09672583383978574,1.6794941183779124,7.930079285114651e-14,207.35062731710926,44.279526895138034,1.5677773298146085,1.3257798917381685,0.06572463518933365
1.718711188,1.927745644429749,0.4334373587392772,0.6593065745390507,1.2039714638265888e-10,1878.403434763639,303.0416081989976,2.8736770344714535,2.03331813986619,0.14766925847163065
2.298435653,2.8791837318087037,0.31962429337140336,0.6741050956178821,1.0885783335314414e-13,112.86797293291029,32.69793516749766,4.800098720520535,3.0310674980275887,0.10416392852647549
1.208022866,0.9214981442164,0.08558877421734015,1.9584159808865462,5.5910411240803e-10,26256.984417371477,1804.6589293725885,0.930872885878063,1.0379829812621728,0.08202964899438919
1.491233426,1.7178605925177475,0.22841661259194723,1.0599998856287527,1.8726793837905143e-13,226.45868888542503,46.231072149684394,2.6274154106348577,1.8091206895340706,0.013704970631223945
1.3519551380000001,1.212201338711487,0.10186359119700869,2.341579308289616,1.0386593099084217e-12,183.77400308448316,36.21182870416452,1.441720024973825,1.3140065956793598,0.13665808621797915
1.189057997,0.7860927190791586,0.10896335049276207,2.274176083600093,3.914770761209721e-14,99.92333689598307,24.539788985942867,0.6881083800082469,0.9276819624333129,0.13883849518681182
1.39910541,1.2490589174664992,0.11614104805902706,1.212008186965312,5.797369718842905e-14,130.29974162777734,25.7505360265015,1.4792194656892677,1.3551096241244531,0.024622853031245506
1.459359046,1.3028641892087292,0.10354790648647608,2.292352506874024,5.243309041003432e-13,147.22810008988355,34.68436771863057,1.544038492553832,1.4136969925942582,0.13382039652935435
2.480219911,3.7004926658805446,0.3863229264142364,0.8054709784545963,2.7263430329096033e-14,136.94401012427016,35.622993208294965,7.3500264885770275,3.9422903284676236,0.0751510208759184
2.366199957,3.003323780239655,0.3247013365413712,0.9260005134102645,4.760660200843169e-13,102.05639942387414,27.482941053751105,5.073821460825512,3.1625737870609645,0.0240277321990624
2.010138233,2.5105137711361025,0.2517602178281261,0.5291518153362488,2.5096288775632696e-09,12090.283383446895,1086.4042725144432,4.170313216428385,2.6423234449401183,0.11854084153492375
1.9654861110000001,2.3376535945501153,0.19511393273556313,1.4165253502311907,3.2025409356410435e-13,130.5529492948616,31.1167913507673,3.6977609141369783,2.4608080650474418,0.08126989916766544
2.415646144,3.1283287455232314,0.3257983956213707,0.8365521603342211,1.951666808091116e-10,2229.1020672623426,369.4590154281805,5.392521538995207,3.2960942636083344,0.05325104393088981
1.962244236,2.6546276130377136,0.21894242160708113,0.6017423644114165,2.7196690884685354e-13,174.04494514973766,36.02382917333054,4.7764103711548955,2.8020308138460646,0.08719549115927494
1.579516404,1.8603843904122614,0.23978102012301192,1.0017728718252545,6.954847940750647e-14,184.3001873038558,35.310849947471446,2.910175700384487,1.9579954578418022,0.00042510101480686124
1.255386839,1.1547600816757644,0.1708875563131598,1.069768463716494,5.921285232030623e-13,217.62218779489416,41.04649418009867,1.4078981118247555,1.2456383906352568,0.01192256227223501
2.331477582,3.173532676813963,0.27066938543644864,0.7751972134192257,3.17988330596128e-11,330.91973105408204,80.74966888289744,5.749423792029928,3.351888861931571,0.06084723208821932
1.92466713,2.161368193885838,0.18795562829495632,1.5059893473620773,1.9166558767906443e-11,641.838298134681,144.47578282385737,3.2279077456468537,2.279995678683706,0.09510354569399415
1.760525641,2.0190187137090394,0.2921929032254005,1.0446796386797117,2.60625603067268e-13,157.93857842330863,34.3117230736751,3.077713612460413,2.1273604643756987,0.013055073340886847
2.041314891,3.0956178461190964,0.48106488806363,0.5154103620305487,4.610460181316009e-12,298.6474468657634,51.08252618677814,6.244733413590247,3.303719777565688,0.2331190599465691
1.483073801,1.3837390153236315,0.19658230885068526,1.5261493757942066,1.600207031585638e-13,149.84762017382585,37.38633923102768,1.7140927127803165,1.489543669085516,0.10343165909397198
1.9389979940000002,2.7344375724376335,0.20701108397680906,1.0989861978972102,4.732205008075727e-12,324.8402454436481,58.34493633997899,5.128526938670308,2.895079614309115,0.020491240125444427
1.7931304570000002,1.7763411108632639,0.1455784767280634,2.001901523643243,4.6599218941486665e-14,98.06219854345271,23.564170487060235,2.339036762518449,1.8955959796489956,0.14585529764350913
2.237617865,2.816209582946998,0.2809024558005972,0.5973225608099908,9.040883973272649e-12,200.82871790939768,49.59014408398995,4.716695605973795,2.9648701003735582,0.11311308156396921
2.197002183,2.80221310257578,0.3136506021021424,0.9906458385229404,4.551908936372632e-13,107.93612557818459,23.90720983278358,4.755676140209913,2.9508213422722944,0.002933938379440393
1.733454684,1.8750666090906891,0.17980845733608203,1.026825054150609,1.6357872393424297e-11,327.2379610235686,74.20371631675737,2.695790882132892,1.9825666936628543,0.00482337160477786
1.097162044,0.8747125104491003,0.114662026559245,2.184453194634802,6.821979089805791e-14,200.61369329923755,43.587131554253,0.9226604554429315,0.9732819128682266,0.13581180366139822
1.486389495,1.5350999668095067,0.11927846924412462,1.735176777799808,1.4945392328666359e-13,182.94529960054174,41.431727627488684,2.1049134620272163,1.6295784771292459,0.08769076067978902
2.431582446,3.197521124857683,0.4407017965875984,0.2010144953629168,8.108354266229301e-12,272.38490974977856,74.1893650674928,5.597014092164076,3.3710442467758885,0.3521143473410115
1.416919007,1.324457652396934,0.16541802925618382,1.3908686003531447,1.7921848780306717e-10,2622.822400856859,382.93966618164853,1.6426212648446197,1.4250749167276977,0.06465671356854014
1.288849796,1.323042103907719,0.0912102890851754,3.053431300404202,9.731938897189744e-14,240.56712960300814,47.590117230275254,1.8007305009802932,1.4049028601591462,0.18729406252641492
1.7691403860000001,2.201360393509499,0.2540420141633953,1.1214835064788782,2.291021154002455e-13,172.08782923661806,35.47565821448514,3.6409384726428566,2.316388006332371,0.030861914673526114
1.707474785,2.5270096669597524,0.4764555396739579,0.6017595073778259,9.767980909188649e-09,61885.156728853966,2870.725221393251,4.970240466111113,2.6878418740061236,0.1897438888323208
1.784498003,2.7007832424531784,0.3860042477264903,0.6579090792983014,1.861314442493442e-13,234.8535633325956,38.77536972951147,5.433245510399532,2.8807616002611782,0.13204854849952158
2.304114444,3.2465630419745732,0.38580965064350403,0.7796021588636673,6.168237788915905e-08,197595.5816771745,6927.505768658872,6.088236915122653,3.43791837741436,0.08503161409139098
1.557208973,1.8093738023664117,0.28301462589938975,0.933784837275713,1.033255634214249e-12,215.0593448518645,39.8853266080448,2.792140589315552,1.9050612280096755,0.018739859507281298
1.592959225,1.902276127931976,0.13764900389127477,1.28769149974213,7.249931257254086e-14,180.59722538700152,32.02285554609904,3.017041959337284,2.0015025330402474,0.03960044836749113
1.925487151,2.029767937852432,0.18164880589545238,1.6131196742023455,7.409237659792345e-12,513.6950085075217,125.5983469983609,2.845590354632162,2.151220106467405,0.11137245668986487
2.486266142,3.513925175282705,0.3435706439604882,0.7854883626408684,1.0569927954845584e-13,122.44966902724569,33.89299639001288,6.611494333246686,3.7223753935624195,0.07369990138449556
2.257620309,3.3051207529404953,0.501074913702244,0.5372064057406885,1.117058613609567e-12,167.33490758280774,36.5786982615225,6.439366580481511,3.5129697408725007,0.23189426030543586
1.6403831260000001,1.9889197190166,0.35027132307759795,0.8406578503258181,2.3278631270476423e-12,306.3826058772308,54.04136581348727,3.203871162830321,2.092495370572704,0.05581298558840436
1.65509101,1.7365995444129574,0.20018961137220637,1.56595781153327,4.945382783980251e-13,163.36517012852445,35.480065098391385,2.4210886655011326,1.8408939548654097,0.11329887434390973
1.724060367,2.0031448812349097,0.43173122665580144,0.6677300840226059,2.070844934449096e-10,921.6709568112166,176.80793035205434,3.0933085208982094,2.109543803473606,0.14345129840574045
2.174729289,2.9233848526092343,0.2943323890893769,0.9906077632900605,1.161149630480749e-13,129.07227474989526,30.18326287575458,5.22885213876179,3.085016084396052,0.0027644394697294294
2.3289024720000002,3.2830560810523446,0.4137507785916436,0.2538738712193611,2.0184368779717056e-11,442.55372667158895,103.03638751356856,6.159895444826701,3.4767625101862785,0.3087102667105583
2.307072599,2.9670080457387105,0.2649914044864866,0.8123448975922103,4.383590598483384e-08,30457.041426081614,2071.1529454500323,5.078400497848742,3.1253123574652326,0.04972698914609566
1.850941493,2.1213482900972758,0.25361919571823205,0.419358387458321,5.3481800331725396e-12,163.8730751315009,34.17130737224219,3.232630296708732,2.2354419725806567,0.14726185877335796
2.394393179,3.162574500020328,0.34184137987736585,0.8500018093085498,1.573407579614615e-13,97.6376509143362,23.267381044598316,5.559940107472286,3.3347750931025884,0.051275588485073575
1.811318205,1.7123364041240487,0.27790249719450794,0.9338715099517249,2.2813211761697865e-09,5998.026072465353,722.6186389988309,2.1518255702901183,1.8398269577076434,0.018377272520117838
2.411952062,3.517097046334391,0.3111689705064576,0.7658566215333393,6.979424545570466e-10,6756.486462776515,745.2651829273419,6.826473056885562,3.7369142547108694,0.07285815402837467
2.205853227,2.745249071364953,0.28977734592227666,0.9276843248483141,5.626257015232112e-08,56380.58033457004,3100.7979531160154,4.546056989699432,2.8896523172858677,0.020955444414033075
1.733889279,1.7994915367426465,0.10268730160641018,2.7797208775871023,1.6290226053589915e-12,292.41721160675837,68.91037764410025,2.4822421059054216,1.909800747478143,0.18275473453201177
2.067415743,2.4371518719099594,0.2511905757881967,0.9827836641176675,1.019053437176055e-12,124.13288499803774,33.00129097383746,3.822138438969815,2.566254733757947,0.004324581323246091
2.236448135,2.8704691345975455,0.42854718595043095,0.6597683916345483,2.4377332429799953e-11,222.30866866735897,54.908947347077,4.902742820621338,3.023315471963286,0.14580529833640343
1.482518939,1.909875551046986,0.15418783291266588,1.1068770873972338,7.808943839984606e-14,285.857194154082,51.607148058306024,3.2666126192805054,2.0102803198748953,0.01647914649379706
1.47381052,1.2439775580963914,0.11252759595500551,2.6025744786320995,8.92530128510087e-14,124.26657097236595,33.576611569684935,1.393967112733942,1.365908653785345,0.18033385341931651
1.7636107060000001,1.8739404016779047,0.17672226064559757,1.2936396716546625,2.9348953634534253e-13,131.34793467563807,31.27349513268267,2.646672094836877,1.9843548620385376,0.05189266659004296
1.681236855,2.3500842360198324,0.29980597706526546,0.9204756987752981,1.202973268709041e-13,261.6315384889127,49.30044199251287,4.365427050026504,2.485613846413234,0.023841860829104222
2.421802783,3.454794149305427,0.335187370118276,0.4282515060263452,9.77508043597749e-11,933.0082014014204,193.7949190997008,6.560138015950674,3.6626663761123055,0.19164287406411432
1.599033509,1.8416405955804624,0.22536247425394257,1.0283637472534632,1.1311367813521367e-13,166.02153420384363,29.087005136685224,2.817027326056855,1.939675107043556,0.006392124260153953
2.156525288,2.886075658490868,0.24990935200196068,0.4480322863907849,1.5232010627139716e-12,150.05945617753466,33.26893076788211,5.139211015680393,3.044882581732426,0.13794189363408277
1.924644792,2.3282453407748243,0.26827152276476646,1.1635858958840712,2.471879992871594e-11,746.7969613574334,155.96272973783175,3.7456406742643393,2.4502841879627977,0.043885437391658344
2.187430527,3.1526701826410397,0.24334626256842398,0.6276554333468082,5.811762450493014e-13,140.77749920299405,29.459527288282004,6.045930854491677,3.3452264547547514,0.09060865868271367
1.6612327850000002,2.0740571090904,0.31831420849724185,0.8719093609130176,6.038570158125665e-13,220.0051879543836,42.834341414045404,3.440811507206307,2.182278259077422,0.04077307039687866
2.130673424,2.6033149624070004,0.30887158269176523,0.9990032597276306,1.8111428590237774e-12,340.4790716054524,84.50812089366461,4.232117744392962,2.740018903441393,0.00030786474545935194
1.6240247650000001,1.756696189621909,0.2107495451515576,1.303845826086398,5.847744733820906e-11,885.3899694570166,175.3458616455248,2.524214422071696,1.857131266263103,0.06403536964390769
1.433089654,1.5857523835739464,0.1486853289239256,1.0974729699792947,2.279381035252367e-11,496.3671187041747,94.36863697516073,2.3285945410908044,1.6732557232477396,0.01449280060256336
1.637411948,2.096124585018283,0.2098376975619941,1.419947002824231,1.5160800772126323e-11,392.06294077940413,69.9201387020585,3.5649341206015515,2.2064014373276235,0.08812071217069684
1.6025758790000002,1.7134736006941689,0.19707684961960825,1.0518289173149953,2.105577497275112e-06,988918.6007864034,19592.33731339318,2.433231796691118,1.8130661512158914,0.010214279743634425
1.246146242,1.0856418416314089,0.22402620852092847,1.344381119449451,2.0950317333192313e-12,228.88694822518437,37.89192346310662,1.2534425002662062,1.183403733505805,0.0771503964764535
2.20591433,2.8451389483252307,0.4862748532062991,0.46614211986430104,4.286433472463077e-08,58621.41047587978,3145.348307334322,4.882771381940674,2.9969755877182274,0.259601662296013
1.971024484,2.6850970458054118,0.4120713571351866,0.7239534312203079,3.2365481850035796e-13,164.37800325540022,34.49581803726899,4.864943109018125,2.83543723372579,0.11375088422955937
2.176147596,2.6291918371974283,0.24825371745890348,0.8482715333169456,1.009716871571004e-13,103.49047507334504,26.87289513265822,4.226646704259023,2.767465114130776,0.037667155898407634
1.599426324,1.7586130417192112,0.15511229261590423,1.8860706577201147,2.9870106043587616e-14,151.2326786509441,27.65483503565797,2.568119331426045,1.8568396125728936,0.13744045113864914
1.530422648,1.3339587226978904,0.20268319397222553,0.8265666726259813,1.6300239919547552e-11,342.89559043981865,85.62955951556053,1.544054421947642,1.4545634326686847,0.03515202073339674
2.319870685,2.9005786701634895,0.46860050568992895,0.24706573697422704,5.361976779521576e-11,1059.8975478230977,218.75250377333572,4.826888288590242,3.053557399783444,0.3528253764051512
1.9416692000000002,2.1416111976430874,0.3334426279721222,0.40298148505529124,2.753501028688753e-12,177.18079427792605,38.16700119487819,3.1415368704169597,2.2616195331406272,0.1990714225711774
2.462206214,3.3066929222466874,0.3535857451584611,0.8615542859490388,4.5403390480935194e-13,115.37749620391983,31.16824260545149,5.911697632365371,3.4898991809717494,0.04895243096670432
2.491591971,3.3103360440301177,0.33916593045064586,0.835994847223056,1.251961281750342e-13,107.91317666045616,31.91869832713295,5.8550519043501845,3.491781586882084,0.055624960240292565
1.301921781,1.130970117779621,0.14688415321591763,1.5951128978387734,2.7556868132063085e-06,2413720.9917282686,35438.5845431459,1.302681891282197,1.2336931377682878,0.08741265406691914
1.482043991,1.2215787789417587,0.0476408859608452,4.499827351958784,3.8929194759057366e-14,117.0840669821518,33.01097884162885,1.3368073323239804,1.3488105744414998,0.16673487575731524
2.212258383,3.069673395205601,0.31304365534107154,0.7927609667152624,3.62857669069447e-10,6703.9203820148505,732.4703715056236,5.667680252448964,3.246308761772033,0.06487486450880425
1.845615393,2.432750310222824,0.3315793703690816,0.1365338387225135,3.134104431908912e-12,241.97973937383594,38.62717209468159,4.26350200413529,2.564046682116188,0.28630756609139685
2.15600314,3.0222802798812647,0.46399854030691146,0.6018447052941687,1.3823682547346781e-12,165.85971457386412,34.93226091705545,5.637096645897403,3.1987326971319865,0.1847434755589739
2.335167747,2.9302093295350615,0.32787186916506417,0.936406553134754,1.6615221141359632e-11,217.3229444646878,56.337128063713045,4.893853166461602,3.084921463906345,0.020850502290357398
1.269388877,1.09180140758034,0.13336863597996693,1.7028682069207124,3.25886665078737e-13,174.68872155406336,39.38446471227521,1.244904588167698,1.1934570314656756,0.09374057403070055
1.605074535,1.6981831050979166,0.0974430339874959,2.998267017418945,3.657054143152733e-08,119985.84140584906,4859.757922192467,2.3863249596320224,1.7985680479655712,0.19471720089444636
2.378809736,3.277504657123896,0.4975863694265993,0.598983730910121,6.322434017111395e-13,111.46904466446784,27.55653409271953,6.01049993770756,3.464625744791071,0.19954022941743305
1.8328977850000001,2.1663548051560038,0.21419789651160553,1.2221459321576684,2.5334834231134355e-12,350.9517443606509,79.96259897767297,3.404095454960193,2.28052012705444,0.04758319138678241
1.716099505,2.0237662907499288,0.20395405591033128,0.5936453467218474,3.041937583038723e-10,3364.4177760662133,444.882548783631,3.1718640704091183,2.1303191323817954,0.0828776796741156
2.252062795,3.3059373124163227,0.4781073249210837,0.5962975212750289,2.685951830997799e-12,178.76034510657257,36.11421967025359,6.45835103629539,3.5148702502256075,0.19301311216720662
1.325326703,1.0545361117464975,0.18035704956956866,1.3415977361012166,4.90517950377657e-11,629.1452400467747,139.7828187874068,1.1128246721252562,1.1745100603236505,0.061609559822859566
1.5151060630000002,1.523792281644765,0.1962376086538627,1.0130398856430132,3.7112000706941916e-11,3851.265019255007,493.9057469410098,2.0349767835447508,1.6225546945668563,0.002558915975704734
2.144357235,3.40015479497194,0.3918101454030875,0.7570590794539561,3.145547131131677e-12,273.721102072589,41.82294733524579,7.173490022387055,3.6525028164661872,0.09518671740350537
1.679760272,2.1280952813282714,0.30503086076846575,0.9616078302107153,1.0649888860738711e-13,215.2589324183937,44.63522332131897,3.58279273481317,2.2397007682939427,0.011710796597594608
1.237968343,1.0179817566662204,0.14108370349438873,2.1421228058210264,1.045102605914245e-12,275.2749816099025,57.1638354866156,1.1091908422609735,1.1242182083186827,0.16113491529063304
2.2289313,2.9981722623282825,0.4164634936778331,0.7198171559966866,2.3334891291974947e-11,425.7298375044351,102.47926334099706,5.3665818271606405,3.164157790363441,0.11668592608221118
1.544299918,1.5500363666304668,0.18775823735660524,0.5597454792478903,1.5646592160012664e-12,211.8521562529033,36.894262965413624,2.0661671068600582,1.6509679352241986,0.08266141280469311
1.81581535,1.9484072025879091,0.20673056268827641,1.4741844157837787,8.275586075595424e-11,2615.9544767798784,397.7789708096461,2.7792214626643723,2.061533313568038,0.09802841109299218
1.5887381770000002,1.8450853903490056,0.16588297651888662,0.6944680343846501,1.4629334375161383e-13,172.8270970040695,32.34671661906871,2.8458988015055002,1.9427091872407023,0.050682551877940366
1.5806944070000002,1.7483670778106735,0.19722291021955268,1.4780983871327111,2.0641932484996124e-13,161.6470713388681,32.87119952127132,2.5683575323330325,1.8452961003908759,0.09429195528158762
1.662937852,1.573183559669526,0.2589724589916245,1.2035534643787433,2.759621897811799e-13,125.14552178581188,32.570548823060086,1.9775935290608668,1.689967270479984,0.05271474120642722
1.786006666,1.6172991528974303,0.2407220669788744,1.0013917674358703,2.0009737882404768e-14,83.62308091197268,22.919986604506907,1.9466761150804073,1.750657550575054,0.00033502913391658673
2.217256662,3.1317455359052793,0.502666666571565,0.545520689995731,3.756925455812766e-10,2294.822888277207,354.0008365302071,5.886010517702882,3.316802982702688,0.22845159978559082
1.596121379,1.7632249435202598,0.23213679822550348,1.3475841104057333,2.7220306539388864e-13,153.48414732936374,28.736986297914758,2.58695223699502,1.8611289764071082,0.08068706250364682
2.298532186,3.31350101163824,0.31420880100639875,0.9472555749122075,3.4964961921366124e-14,149.46391193755085,37.62756919136172,6.357222264096397,3.5162577318745756,0.016572762566607113
1.418947604,1.6387677160989338,0.11879154045997115,1.2908494512180464,1.0656899298075071e-10,2775.8394189894407,367.5126875117952,2.511227547208937,1.725331637481361,0.03455045435212897
1.5508469690000002,1.4572699198619663,0.22584733398840373,1.384270376224617,5.056394865283955e-13,156.57428277212733,33.220903742494635,1.818580455633354,1.5669628466714576,0.08678644000105062
2.312187835,3.2685698814715036,0.4510317880438446,0.46162329516662776,4.920485871011952e-10,6509.526638990484,722.8419410592194,6.149613864303076,3.462225859449217,0.24282500782214902
1.632320745,1.5420307862664424,0.24798326390807357,0.8838149386616768,1.1753053447032464e-11,294.8402191626459,74.99032062224967,1.935251092455318,1.6567908309976407,0.028811950728037106
1.660043521,1.9366858654305148,0.19109698010461235,0.44434612432182635,6.05776920415976e-13,193.54682988198056,39.92305291920525,3.0022425170862688,2.0391402579894597,0.1061837776255227
1.5382393360000002,1.5970496742101679,0.18973309124137488,1.3246209788445278,8.248996926292903e-12,290.00785223941625,57.01541233988575,2.2019977696586293,1.694515158015793,0.06159134179797321
1.574725081,1.5482872556489347,0.22412360095387523,1.3086934233490009,4.1426919128689757e-13,131.69670295023414,30.489143756026593,2.021786431085949,1.6535622208767637,0.06918548163175714
1.643254911,1.9546624368760235,0.22079410182995604,1.3029398398322376,1.6777786028509912e-12,265.5238491962109,43.908611404225304,3.0891169542004455,2.056990329990499,0.06688732984426962
1.43108392,1.1414774320869245,0.05971929873791043,4.776208037065235,3.025897859033776e-12,301.0499089663333,79.50899444501198,1.2082451816338746,1.2706735771615447,0.22551249586199712
1.705322953,2.0398244808624875,0.2051073411848877,1.4816581337974906,2.7772387684733884e-08,117150.47790652145,4687.5855885576975,3.242588767086464,2.146576726962288,0.0987916191832782
1.540520358,1.7605105218532349,0.2861900769515009,1.0768277835852451,2.679617477915707e-12,316.21780086583817,53.74721508223709,2.671883214463274,1.8547889948339489,0.02198734929627455
1.70704717,1.7278916518342609,0.276036260494194,0.8897714237104024,1.695544414918401e-08,34854.4059702962,2219.6718803160766,2.324365527135653,1.8388486341608352,0.03042708399857949
1.7707090760000002,2.1152211423377336,0.09315275710932724,3.32728406916588,3.3444335312694734e-13,156.881845536902,33.731180467479,3.3585988308553447,2.226091853506163,0.21679292761941593
1.465413614,1.7226516991087424,0.25170487460165797,1.2052998072419594,3.2109818898637816e-13,246.84954127601415,46.21236956987227,2.688306123424342,1.8128873499283655,0.051674962237581945
2.2084386,2.825691809607719,0.36506789491244834,0.3879501629094329,1.00998632115059e-08,18839.857672510916,1489.895894210055,4.810782757813705,2.975808715405829,0.22343974560816027
2.21085119,2.7776063748054924,0.40604613315154064,0.419708557010199,2.7424315180346418e-09,8138.727627604322,860.4839353895447,4.643407063515812,2.9240644386253596,0.2356250965269364
1.5400384740000002,2.0088264029475247,0.4150587973785777,0.6921453201593404,6.31421870353561e-12,420.6569870914072,63.3617908686171,3.479846705189715,2.115515291816953,0.12777779318203125
2.245882106,3.0546109226477567,0.4665990363263811,0.4372219453935273,2.157628295379756e-12,172.84293407102388,32.78861192902906,5.528788660978896,3.225954943654882,0.26259169794501563
1.44810107,1.2316221791335882,0.1388070931753946,1.6024569461548424,8.343123550054485e-12,154.8285861836402,32.075820057607736,1.3903670195589655,1.3499627035652286,0.0836252974590789
1.563742294,1.696034116912903,0.2342874386125377,1.0408651668882287,3.661823015432646e-13,173.88287730049896,35.978968534596504,2.443071908585626,1.7925249460822865,0.009574195278716974
2.370710373,3.0939095479385923,0.4209840783024328,0.650959929652316,3.668917919811728e-13,104.45972343894344,27.52439466112987,5.374272274265891,3.260702423228615,0.14694031230593607
2.475498949,3.5766955833079104,0.40046364487006814,0.7291482253709861,2.860234446359362e-13,128.96898265027252,34.31866836446374,6.879532710766964,3.796784355076557,0.10846628888746113
1.707727884,2.0689794382794657,0.1817971999606861,0.8759508358696934,1.6457178195216746e-08,37332.24436672277,2192.2926135421326,3.3312878709501135,2.176940503101809,0.022551790696353324
1.5183866730000002,1.7216738552195574,0.12829651726656016,1.4026359998824478,8.926560030408753e-11,2599.95048276242,360.5547829777134,2.592266103069612,1.8144774319017456,0.051656796511057174
1.730236793,2.3622611058681766,0.2165062759163962,1.449318810608501,3.9297751087993485e-12,668.5520088118689,120.42097742052493,4.286580437597861,2.494315247066843,0.0972803423840311
1.94733543,2.5590652448379068,0.2143366710234409,0.6663694147573994,4.890877190284015e-13,209.81691494358722,37.465828629359535,4.4726211600409105,2.697084501943345,0.07150926899250135
1.967673937,2.9584002682586514,0.2984434007365969,0.9159023623509853,2.570649264682118e-13,204.99635319497722,38.84672542115326,5.915749966095102,3.153579675322481,0.025098384973886
1.837154134,2.3066877756952153,0.26701736491803474,0.5831234958602104,4.652163461574926e-12,303.6023682753684,62.228640090802024,3.8505593629593773,2.4276486364699617,0.11131326563164881
1.483076841,1.1844252998921458,0.15439209285882163,1.5776592219585797,4.83886916651141e-14,109.78750177283172,32.001160104980634,1.2558577014491523,1.318172396646689,0.08918601623738368
1.545122606,1.7133922635733065,0.21221864897941795,1.3477029080522231,3.6348197862191447e-12,251.95505322092401,40.138076818103904,2.523277963056203,1.8080615404405633,0.07378904139305759
1.594759596,1.4313923244263844,0.1823731412556167,1.1385580315577302,4.023891161191878e-14,101.60335215257653,23.66133356236774,1.7063222552754218,1.5517252192256383,0.025269263461378116
1.733657382,1.7658843929037884,0.18379485438288645,1.203087310142772,2.0801035774554818e-11,286.1444335830865,68.81735640230454,2.3907095139998336,1.877958612761482,0.03732640259470288
1.807636159,2.2524997123859083,0.21059539720231743,0.8379612223692244,8.59266157007762e-09,36571.45311891865,2183.8618353161523,3.731064654311627,2.3702672794166886,0.03412462073733116
1.7876745660000002,2.4394629655943936,0.2587067314861725,1.2099065270351883,6.345161200554655e-14,188.85480312782894,34.06442180231728,4.424824956644502,2.575820003966658,0.05430423152688746
1.897586937,2.7499720940221715,0.2729688424341429,0.9232535196714039,1.1822532787901284e-13,221.606102050317,45.81330624283959,5.299519384370633,2.9189274892829955,0.0209493978961916
2.359689964,3.049553679971017,0.40824938990838455,0.24298741623401857,2.0874212760276838e-12,112.60878928648698,28.957852305080156,5.245642047509043,3.212825867090216,0.30904992547543175
1.831796828,2.518410120134277,0.40865952821693347,0.6636845889780201,1.8591830949273383e-11,515.9602252354828,101.26032605761024,4.603132871546238,2.6607093535629587,0.13743849720032636
1.9567724750000002,1.9962737015858623,0.243697373282606,0.8768768950546029,1.658600732325079e-12,105.5748915071789,27.920764541075513,2.7086019905241234,2.12293886873917,0.03000477726559192
1.661977679,1.6811872704906108,0.21144327735360555,1.2551046140310052,5.408600309906251e-13,143.80783835560095,34.759064444637986,2.2597420525958136,1.7892143903154072,0.0539401556587423
1.190840437,1.1646575055251747,0.15288775125923645,1.9131927154601582,3.870513417505484e-14,217.37762830079546,35.721869293147016,1.508187103375511,1.2438365976851722,0.13961598073301937
1.657560707,1.9492862994120599,0.1798682299561213,1.1837697466003996,1.6808309754674626e-13,200.3904959623055,40.0129927951529,3.045944473299349,2.051927697224694,0.033054339040498815
2.364241389,3.178081337172947,0.29642774505872627,0.5437512045844202,5.072450138713013e-13,116.37181737347062,29.420776423087112,5.686174087742259,3.354163908017631,0.13524480161080046
1.8229236430000002,2.1625270818006688,0.2016541406396965,1.2353428163390971,4.829499569191315e-11,975.1187597424215,190.90124800350074,3.410428447174854,2.2762659793552387,0.04745785338458658
1.8926695580000001,2.309153421189922,0.20088428692142288,0.9278677138351898,1.553658346867792e-13,157.7478768460774,38.607887526586275,3.746376667082337,2.4300045250924365,0.014490242870229902
2.081059385,2.64297848239343,0.3690229899470131,0.7326312663478853,2.997264805350552e-13,140.95408106726404,36.178634693945405,4.4656488881346545,2.782744924584303,0.09866520951064994
1.930944801,2.285361396370879,0.20529007092251897,1.3139383869250523,1.8073471485978016e-12,380.48726904662647,88.40287570906665,3.5972137493125924,2.4059652288108704,0.06444843371714518
0.9610313170000001,0.6046217962140927,0.10334283159205045,2.599832769579883,2.7120790670888477e-13,158.71711214829838,34.40187386944265,0.5020837588615107,0.7266779970579392,0.16533124848213754
1.8374804120000001,2.392999325121082,0.3402287551652792,0.8829564186680542,2.169041718437709e-12,321.0992559949277,63.08629327193133,4.143382537404648,2.5208684023293624,0.039821591976654025
1.658466404,2.2431617915944635,0.21461861138899865,1.2433821749628293,8.550151977919815e-13,263.1264326628197,46.11928073242793,4.031411649123264,2.366933608062438,0.05223434442735672
2.304889876,2.7698639064476867,0.40355647031756237,0.3301692671585351,1.5497152553359622e-08,84230.4381188484,4147.814601123281,4.430118822965672,2.915925277572209,0.27031452625572766
1.821532374,2.170731571702742,0.295922092393542,0.23058823299437473,1.5330652959783565e-10,1196.6785144200928,221.44677308284076,3.4389506011436435,2.2846956985098257,0.22768594000451706
2.14592595,2.722971792173942,0.28391418165366455,0.33423540064157314,7.957585887773718e-12,167.16541007463374,32.9838802652157,4.597297772987476,2.867018651467072,0.1890200114008276
1.6564983670000002,1.553516383415637,0.14234975326287927,1.3135969539555576,1.823090113614915e-13,128.66458005961286,31.826511369119235,1.9358775585379295,1.6711814118738408,0.044640449019564155
2.124462455,3.028418964322321,0.3189257792705888,0.2578958747187737,7.764119982286253e-12,869.926513783198,169.39906838674543,5.743792576445729,3.2099110830180746,0.23667613645523378
2.148072741,3.0612328474704915,0.5544824236764498,0.5231530334280053,6.453136903506579e-12,199.19059492104466,36.73938662680868,5.804647910404917,3.2446518174691805,0.26440326174760265
1.6972180080000001,1.9076129921503133,0.18066518511104027,0.860945160183603,1.15597813739427e-13,166.62710716861923,39.7241004806156,2.8493301695356186,2.0117984339672494,0.02512236837601542
1.999893615,2.7319456854074793,0.3422238792466958,0.7146268037375056,2.6155393997298753e-14,149.3022517897767,27.35088658526206,4.963508977180173,2.885437515599026,0.09766152225797947
2.434404629,3.0972190502286696,0.43127879528132657,0.651201272870983,1.3477001842792573e-12,208.15466247245826,57.9236675002952,5.245330042142731,3.2617154801200146,0.15042949483186263
1.55149087,1.8017946977883468,0.18790358977751964,1.2044387933463454,2.924190194259163e-13,236.07728403597503,40.94216170136701,2.778967985087752,1.8971078241328891,0.038414783159562815
1.909947336,2.7224179528557175,0.4632093570613316,0.6199160852591596,1.6389998850382257e-09,18566.13012176339,1358.3932213475246,5.160440658487625,2.885034247239812,0.17605842577645864
1.470800842,1.762239810092615,0.3350559976309246,0.8656712873292007,2.959640676258667e-13,252.0504023477473,47.48859840889477,2.803089501439283,1.8538341611249027,0.04500764083439246
1.794743858,2.2637215097115497,0.1981341394614196,0.945663435399491,7.204616444980676e-14,158.42102918214147,29.5493294368615,3.795243975686692,2.3824349422219586,0.010765928468411678
1.358010165,1.4087496343165962,0.1600947876512162,0.7902948838389089,6.246240824188131e-13,223.21841354620736,40.691571280368095,1.9385034338944949,1.4944046065055374,0.033572696041183514
1.8990505780000002,2.496237463048116,0.4122817944057933,0.7353015253519963,1.822370538071801e-13,182.05417997879277,41.528933597548,4.363318272953913,2.6307788710100293,0.10913036210435534
1.764828244,2.0590218682027794,0.23733455294095543,0.4604356902606026,3.6565709270022835e-13,156.5990152644256,34.1080086267426,3.193090821075028,2.1681582090961173,0.12805725423489508
1.721690208,2.084898731494167,0.19376729829308645,0.7264521403835814,5.871413640102446e-11,1374.4523524540436,234.14987710807313,3.3555351003939813,2.193742595876463,0.05300462971172992
2.435545173,3.1625791349856134,0.3895451730678229,0.35973057251740803,5.397646549511691e-12,201.96627316266438,54.39681324678818,5.46650343709023,3.332550410612291,0.24941386493874215
2.210604702,3.225925673367414,0.2411360721992001,0.7237507528710814,3.2910331760781933e-09,11820.939578083313,1049.4947987036826,6.264005357824186,3.427413221711803,0.06661365840065359
1.8837008380000002,1.8459075778597682,0.28667419414840256,0.6291651176578018,4.932380403869582e-14,102.47769791084914,30.936751402430513,2.405379584968133,1.972919283337534,0.10630879105756735
2.428391222,3.6776455001265553,0.5258877293285287,0.5745118193089025,4.1848979717776705e-11,478.578820136824,110.8054231674407,7.413716944951125,3.9251580778408472,0.223759013199768
2.318391359,3.0383210963179743,0.36390642505940146,0.7038415331990976,7.851028688287908e-11,1488.5439959122104,272.7714462356087,5.2995766614756885,3.2026003144223276,0.10777396890458985
2.456641003,3.496407075905981,0.6605961202310252,0.37929427257921305,1.0702453039621892e-12,134.57461891824238,32.582705029375404,6.624399792343642,3.706099190031121,0.41003579533934814
1.726156215,2.1709955309495816,0.3984147467696237,0.6764823845273376,2.0942665104726085e-11,844.6101675106398,157.2871559740533,3.629043937388764,2.284669485857586,0.1288941888440533
1.683746326,1.6453276663947043,0.19987704007083432,1.573223736186482,1.9535356211068165e-13,127.5440439672212,34.51512448469401,2.136583766609635,1.7589463502798086,0.11457426368729881
2.400849342,3.2011931198523613,0.33806645290768317,0.7549907083533893,0.00036010720305745136,19795664.83077248,152666.11818389202,5.68124732916651,3.3770664505742465,0.08282942215639372
1.375439831,1.337616106798969,0.14016576805063752,1.8387948459582646,2.1869171368947893e-13,168.35039546334866,34.37468754228497,1.7255844861342682,1.4303392723464414,0.11757032382065635
1.7588833830000001,2.5754225179770365,0.5099643983586422,0.556744133025595,1.4509470256296267e-12,262.4666549489052,44.17566733296038,5.012437091856289,2.7362097787620723,0.2260447115205408
1.855906384,2.241002638608562,0.27054848357536937,0.4787414716855854,1.1606574254400047e-12,170.78322631883537,36.50769525999549,3.5980234413671597,2.358368297316857,0.1410257043861936
1.985936776,2.66203098398397,0.292205578233673,0.9670036290855208,2.3448893635449883e-14,148.22205350198385,30.528138374140394,4.745830728442827,2.8083532496821535,0.009641723642678124
0.99907274,0.6958682978098871,0.07870786160281837,3.409609014839453,3.0891678241890864e-14,155.54196475374187,28.14344741366978,0.6397802227702334,0.8059324596780015,0.18965517285688718
2.493257283,3.246716848352251,0.32986808839285015,0.863394418046012,3.130853725440016e-13,103.57095461911877,31.289811861134744,5.6284070948386535,3.421671071508631,0.04506182218295485
1.7876046520000002,2.0784069341501716,0.2187090449169374,1.09924071671863,2.0147765052001723e-13,137.129649899208,29.040942739810102,3.21207576497886,2.1888197874558406,0.02170484237040393
1.279680049,0.9303289065362039,0.18554426132033214,0.8600555326612657,2.166146650783865e-13,122.13289854915132,33.61756685385563,0.8967151134886394,1.0633466049122096,0.025965892818232805
1.612304804,1.857800695325855,0.16457081443926744,1.6772616891531962,1.0924794445028378e-09,8598.381440889021,827.868926743803,2.8433651826838306,1.956715236267108,0.11145750777245547
1.676928438,1.7082768039012337,0.20383918467147594,0.761494010063863,3.2313602936510374e-13,139.66178874928053,35.80188785572015,2.3125154041821534,1.8165851775969244,0.048616866527845415
1.687225149,2.060456939944687,0.2098764976034347,0.5196193523602815,3.213936961245524e-13,198.57358651186019,43.19168866388157,3.3438685250526157,2.167846540588398,0.1008206078430938
2.221407922,3.03053371067115,0.36105006067877776,0.8273537267759067,3.963151953684809e-11,1073.7719605378272,210.6311293311292,5.501486774314909,3.2010740079314424,0.06233394742352372
2.157120621,2.780585956902385,0.4332514510450093,0.6747854127834583,4.506989491991679e-13,138.08375633412905,31.95434231124658,4.76907338033782,2.9288973072285183,0.14089969181257045
1.7131837980000002,2.124771900190116,0.17916086194432704,1.737699089793078,5.037716109570384e-10,7093.313145064076,723.1934542112508,3.5022816922722844,2.2356386177305034,0.13216680478287338
1.8152089880000002,2.312660495912193,0.2626805784575573,0.7472423362773569,7.540050018918968e-11,4186.926726822274,514.5623911006995,3.9167953109302625,2.43450685575093,0.06639452931624462
2.031410507,2.546032154623062,0.3954627416393607,0.41980067525330866,3.8050047355168364e-11,359.3634412421178,85.78405578210649,4.244638270962686,2.679904718841762,0.22944721566163231
2.482075936,3.763030236550483,0.2831911356115682,0.6977537515693585,8.203052624477131e-13,141.22673652031398,36.25631980803666,7.594883580881112,4.017019185196416,0.08559345832740956
1.762543339,1.938147189960521,0.23023233181407304,1.2575826066771578,4.0321447581812566e-13,142.1406732563889,32.55211048270788,2.8328561423610505,2.0468474400564185,0.05930384417002926
1.737938378,1.8131272875888313,0.16047131315045388,1.9274650660430193,2.7835702545537857e-12,232.82389601471527,51.767285288268475,2.514161663621137,1.9232585989597601,0.14883153704909574
1.958090071,2.6663992766339377,0.3125122815350513,0.8118826056387468,2.4644789951687227e-13,184.8357126495565,37.03263742596273,4.829071013370896,2.8156099417277543,0.05878899610826421
1.815978555,1.8814035561312619,0.13947273790231926,2.1745633169499716,1.031462868970603e-10,2358.7798262896777,375.49651268099433,2.591128814472291,1.997178607346963,0.16381956165464215
2.426010595,3.532106731724225,0.6461930301405896,0.3930335652639996,8.853970339594167e-11,567.8509734299954,131.26463616315715,6.845216227793215,3.752290176248333,0.39221747965568654
2.015828531,2.961908482708883,0.4675508994315371,0.5345184377668479,3.696938363573239e-10,3969.3465911234116,489.7546438559285,5.7885513259715085,3.148805070677855,0.21763632309090727
1.629632881,2.1241959596572597,0.35304999425675565,0.7791425241185836,1.7854763749436522e-11,701.4910690074088,128.1939189331918,3.6782907552612683,2.2371896873151575,0.0779737305914956
1.833697264,2.111544174015895,0.22172001403082942,1.3965806321049339,5.118055321221335e-12,314.8553225453349,73.33603478010376,3.232626966208202,2.2246219684479986,0.08792986331466113
1.410089765,1.2393191677126763,0.15001260545698153,0.8717898696943562,3.3483260809991433e-09,12354.849724238966,1100.9484130832573,1.4450682870846592,1.3487772305020025,0.019233135693128733
1.908663672,2.3848974346045613,0.20357448840072379,1.4508358305478912,2.067101553784925e-09,22154.407946734224,1593.2382844004042,3.9628399683758393,2.5099924363169928,0.09177867355650238
2.225805865,3.151225401072632,0.5420955896057332,0.4467615616050504,6.870048583915843e-11,652.760571042197,141.73202817724808,5.936744006519031,3.338161307732859,0.2999081174542654
1.031568591,0.764728818346666,0.0694347018989388,2.959824041403385,2.6412844175155203e-11,481.51047274044527,98.6930465763838,0.7491229553176424,0.8683435548021949,0.13607979808921752
1.736202977,2.093393241209261,0.2679663706557633,0.5997901944136252,7.976783252685463e-12,341.6512226276077,67.60706129402266,3.35482618168283,2.2028037236202707,0.10724276910382946
1.501480634,1.7834747262654282,0.30302514588675067,0.923633723591994,2.764905002025188e-05,7485655.3461211985,71102.38302495815,2.8126820430526696,1.8765185527167052,0.02314090204936392
2.289145704,2.9146851998710366,0.2759263790805957,0.8495910512898752,5.972654664219199e-14,117.33472734733303,33.242033438092804,4.939149872802266,3.0693623361088678,0.04150179659890377
1.779773652,2.3859394814158095,0.4132079563206532,0.6972094883870018,2.95550663445845e-13,187.88412770306044,35.606574027718835,4.251572427657031,2.51659973889773,0.125115448496892
2.38285039,3.1983948236885222,0.49682055107335416,0.3137081314963778,1.8437337381648688e-13,104.06560029649883,26.064274067360444,5.714144458997475,3.375326977274904,0.3409639043071315
2.271639408,3.1732396150404005,0.3837647248822118,0.7013200371167594,6.171416970599199e-13,143.49810617534786,35.90660138502706,5.899281239163187,3.357807857048798,0.11462283378371607
1.438216353,1.4773431438213498,0.21607202139491985,1.0397923961819209,4.273214128779054e-12,314.48543797034006,60.42802532166779,2.014013707625225,1.569026540253585,0.008598023479175154
1.251450856,1.1015601667107942,0.10829882899248097,2.0031661689040323,1.268882386494687e-12,209.89678388410425,38.886340729936286,1.2851132610839198,1.1982270613011017,0.10864172137718006
1.581609314,1.9509696011039521,0.14122119705374786,1.050875911282484,1.450078951898014e-13,200.23396578931505,36.40613461677618,3.19624515674662,2.052280597390905,0.00718475709251265
1.884189249,1.873816295150894,0.23693181534528962,1.1574267920815935,1.6504692638680819e-13,105.50336981856306,31.404740090542504,2.4780242192535247,1.9988070615110627,0.037299415631877386
1.636609065,2.188761289812113,0.195209384549926,0.5704366976268149,5.767259146967703e-12,446.7763571510406,77.30162893210826,3.8888772719364275,2.307923596312131,0.08385478788150322
1.8391961330000002,2.491988121505317,0.28224510791915525,1.096458839805131,4.190992614373542e-12,319.8921959339964,58.31297329901994,4.489116007859338,2.6302969033739947,0.027225035650555673
2.096205991,2.9563208231040052,0.24042054178022482,0.4897850862070439,1.9460500417813444e-13,171.95986326463586,40.34840116289901,5.546986157902775,3.1304079572221575,0.1226661459984532
2.137003257,2.3903700851304532,0.40086599257846334,0.45815872093763516,4.966894944364965e-12,185.75568507121164,48.16407161578246,3.5575492301147507,2.5224591828751315,0.21720574215131902
1.8546376050000002,2.0958401445529726,0.3065619023376838,0.9819587004989245,4.534241805989672e-12,151.59065035558876,34.05127678344973,3.149125406167315,2.210016181054652,0.0055307750956936075
2.351704756,3.5100590243532914,0.5421573653915108,0.5493392129621586,3.709186340268253e-12,169.05865304656885,34.68644257754054,6.973083643012728,3.7393222407438627,0.24432906498570084
1.684655086,2.4065588028050455,0.20778256610718282,0.5188138579979819,4.349649138656885e-13,272.34154083627783,50.47826271485103,4.568511074989867,2.5501877705199916,0.0999820913603946
2.295778178,2.7560998619122596,0.3575663381338986,0.4436386245901275,3.170350025932255e-13,103.87293210937911,31.356562032875715,4.403556855071095,2.901462586979123,0.19893609968444737
1.226403217,1.2534831210160242,0.19240993352888375,0.7431155889098314,1.185995639374702e-11,1048.5565157879819,175.96545943144685,1.6972303480417914,1.3314006048147682,0.04942711246246578
1.587273634,1.7054685501724254,0.2170271441896563,0.4182545203958884,9.074889962017234e-14,148.64029006772918,30.303278505272726,2.4337412879276066,1.8038451312544916,0.12625456008372227
2.2946317880000002,3.6194732846852915,0.5236572177605177,0.5714165828212724,7.611129878165557e-14,179.46646475358787,41.20534507039414,7.59838409778826,3.885318848631769,0.22443079981810776
1.65491529,2.2204551962571095,0.19076387003073375,0.7064991868553487,4.034060074528823e-13,267.652959910312,45.34976812788266,3.9585935457005728,2.3418669036429582,0.05598935097264093
1.760402718,2.1248616250311554,0.19539052892799813,1.511472980106322,8.953313438508419e-13,175.19764490007364,36.13579303292729,3.409094664235,2.2359246700594624,0.09993697611535374
1.404353007,1.3305496245632475,0.1953706381998061,1.3347034644191682,3.4840196762294764e-07,202071.7900737217,6810.850968902088,1.6723399261669334,1.4284290378586857,0.06539122945125897
1.649468007,1.885267467271788,0.17888085955512592,0.9102373410021561,3.315947984280524e-12,210.13341377728378,38.036911849339575,2.8629792331314605,1.9864900363350075,0.016056821597487975
2.02905112,2.152253704668482,0.29732836350779257,0.5933337831317692,7.37477004767186e-12,315.9238050878415,87.89364485722938,3.0366865687411932,2.2798592436156317,0.12091340075533613
1.698522866,2.0553556861458784,0.29855959860994163,0.4094807194018353,1.0801126555131953e-13,192.86469442132858,42.74290490991972,3.305236073357664,2.1625986355298843,0.17630519938681954
2.3586922980000002,3.343533412499395,0.5675532870908999,0.4085731812277261,2.4785440942975885e-12,137.08252163083313,31.91820727055257,6.308423416634928,3.542574967526744,0.335666235067918
1.9119699570000002,1.9512368191054925,0.21946242681588934,1.0605947729118257,6.800246622981207e-10,5256.981688406037,655.8791322420337,2.6481384294815364,2.0749103963385047,0.013298275915586966
1.645174788,1.7678081984616478,0.27288621313359634,1.1394542948213535,9.92528249920104e-13,204.66980684046206,35.26252897886021,2.523832217089418,1.869959638002543,0.03805515441901525
2.177829768,3.368752162801845,0.49296223151730056,0.5994622027990543,4.339614008942872e-13,168.24037619674223,34.010449714546134,6.933524855578107,3.60533774343636,0.1974500063152022
1.654547728,2.0251850270340515,0.19024830138533966,1.2403605724752649,1.9597484057359053e-12,223.66657063334787,41.33065338076757,3.2936826580638985,2.1306296336264006,0.04572819063342695
1.9604919490000001,2.3587810563404665,0.3611816311828632,0.70502319153122,9.031999518733891e-13,140.22939651605625,32.33040405820317,3.774479298119486,2.482605061760084,0.106540204843869
1.975045438,2.4423055585778286,0.39443893237845185,0.7608156072139242,4.0977477369222696e-13,132.2392314276594,30.513637696834504,4.0167370252190935,2.57028780367495,0.09434363653212802
1.635055729,1.8702124271648373,0.17018203014122213,0.6626333295685852,1.9960676740432505e-11,358.0749844238094,73.93992011722092,2.84194795803238,1.9704968540724108,0.05741374487600277
1.90208195,2.1466399153401525,0.235681916002327,1.1897457472207524,8.019835744872947e-07,1496289.1307408153,26807.307764982994,3.221621706514266,2.263813087438914,0.044719641258280124
2.32374396,2.7429955499093035,0.38265620937695527,0.5132234129836711,2.584338940783792e-11,544.7410511847729,137.41896675484446,4.30949648868779,2.8885951017012794,0.18626808360112004
1.634408809,1.9127271230168175,0.40852359837407637,0.7056392493752038,7.694994583290137e-12,390.6251917547773,79.33560782435808,2.9737861760914335,2.0136116080250135,0.12025331306533588
1.425085071,1.5819819063053133,0.14509336405494902,1.185472661807195,6.314818523904894e-11,1064.1455975546166,185.47618576278646,2.3303133904347355,1.6688894690090725,0.02691085244183178
2.045854072,2.7193655307724067,0.27707865834084344,0.9163461733270886,1.5127951811249625e-13,199.0775238258554,35.17317682134232,4.808369085438156,2.867761658196594,0.023178690059607765
1.716989484,2.25393299619675,0.22703540714886541,1.3332903048251,5.83091689656821e-11,3505.600691639725,439.7530532578108,3.932352441366773,2.3748394803520547,0.075668700054736
2.431821037,3.524795107011593,0.605365319949153,0.41628507981124246,3.978908480574632e-12,324.7898990545569,80.26435325898008,6.800721184872072,3.742790694579052,0.3533607694191615
2.34938383,3.249662076068524,0.46594255562465725,0.626726417627333,6.636728003918668e-12,152.30465994972272,32.45306442740026,5.98274485910947,3.436167334249304,0.17392404691789143
2.451032528,3.649166414802874,0.5772017292758261,0.5131333145934196,1.8913738801155907e-12,157.49277140671796,33.532997887213504,7.232316047625637,3.8865427866462774,0.28102029274346785
