,Total Trials,Success Rate (%),Average Planning Time (s),Std Planning Time (s),Average Path Length,Std Path Length,Average Trajectory Duration (s),Std Trajectory Duration (s),Average Waypoints,Std Waypoints
5DOF,200,89.5,0.020425209089385457,0.0695137952118909,2.3057267382073783,0.742034070330985,1.887844206547486,0.36223920767651985,20.3463687150838,3.6028430874413084
6DOF,200,92.0,0.017148592956521724,0.008051545577825003,2.9787916133245362,0.7489934469208717,2.0969592375217387,0.29973927974444303,22.440217391304348,3.013033973086692
