trial,success,path_length,wall_time,start_joints,goal_joints
0,True,1.7378074565788797,0.11793780326843262,"[0.0, 0.0, 0.0, 0.0]","[-0.50183952461055, 1.3521429192297485, 1.1599697090570253, 0.493292420985183]"
1,True,2.469796805022419,0.07273626327514648,"[0.0, 0.0, 0.0, 0.0]","[-1.5397817344408842, 0.3271996178384442, -1.8330451790700586, -1.2970519001732561]"
2,True,2.045757571159903,0.0677645206451416,"[0.0, 0.0, 0.0, 0.0]","[1.3393685946625977, -1.1856116868903908, 1.2232024083975892, -0.6974958187185716]"
