Planning Time p-value,Path Length p-value,Trajectory Duration p-value,Waypoints p-value
0.005783688964255749,8.482678404658873e-15,3.2187237151852455e-08,2.228959817454854e-08
