trial,success,start_joints,goal_joints,planning_time,wall_time,path_length
0,False,"[-0.39394402681928176, 1.3521429192297485, 1.4569219545756238, 0.61957528075739]","[-0.39394402681928176, 1.3521429192297485, 1.4569219545756238, 0.61957528075739]",0.004553079605102539,0.004553079605102539,0.0
1,False,"[-1.2087286615360942, 0.3271996178384442, -2.3023047449119938, -1.6290971866176098]","[-1.2087286615360942, 0.3271996178384442, -2.3023047449119938, -1.6290971866176098]",0.004166364669799805,0.004166364669799805,0.0
2,False,"[1.0514043468101393, -1.1856116868903908, 1.5363422249473717, -0.8760547483105259]","[1.0514043468101393, -1.1856116868903908, 1.5363422249473717, -0.8760547483105259]",0.004569530487060547,0.004569530487060547,0.0
