trial,success,x,y,z,planning_time,wall_time,path_length
0,False,0.1782190409756187,0.1398658252004626,0.3217518171362244,0.007004737854003906,0.007004737854003906,0.0
1,False,-0.080490845890192,0.1677950778565126,0.1130556109884478,0.0025069713592529297,0.0025069713592529297,0.0
2,False,0.0129184109176013,0.0974276629843281,-0.0458043156989555,0.0025854110717773438,0.0025854110717773438,0.0
