trial,success,x,y,z,path_length,wall_time,planning_time
0,False,0.1782190409756187,0.1398658252004626,0.3217518171362244,0.0,5.02696681022644,5.02696681022644
1,False,-0.080490845890192,0.1677950778565126,0.1130556109884478,0.0,5.050641298294067,5.050641298294067
2,False,0.0129184109176013,0.0974276629843281,-0.0458043156989555,0.0,5.07973575592041,5.07973575592041
