isotropy,ldi
0.14293379623790586,0.608524489483435
0.6190794049267618,0.2523846611150853
0.10704885957568418,0.5149276031888591
0.11938723481858529,0.11016655951372979
0.6509396596995123,0.44977576795820384
0.18686358132186495,0.8419697149144668
0.031222001320740482,0.045333512974197875
0.6494415006920194,0.4557576674584453
0.6523496839764984,0.328805893892235
0.11283368457632735,0.5135526104217633
0.03608478476008321,0.11592106161292039
0.20814228619827113,0.2303553175237773
0.07324048266388027,0.38945112528762954
0.365346592989641,0.921552095988493
0.11355464855166693,0.6261027976965121
0.10229485727655224,0.15966315816249793
0.4125897985815978,0.37613050904684436
0.13635061182139152,0.2778048353107922
0.20926623014659812,0.21663298435693154
0.041188723307711055,0.229574621873966
0.012750433060734753,0.0012824773609198944
0.5052535791140877,0.7317903776312734
0.04231345838836226,0.1747432121734584
0.4196650172429405,0.8657791558174994
0.6243993752492419,0.508084969933309
0.011723325868239497,0.027291117919869972
0.16443689116677157,0.8432154413304214
0.027050961901935778,0.17295123909794788
0.610337033201445,0.5082679844497836
0.13646456417611916,0.45515769287500507
0.021070723623919475,0.022935658194331975
0.047908871884833774,0.10454428021577604
0.11422402884606475,0.43261231526312066
0.1134879765009459,0.4890419827188138
0.11919195895587953,0.4965695901490832
0.15870679779876154,0.05235125753599391
0.6496877777331261,0.3919917810606465
0.2482963398489252,0.49197722722866943
0.38194646269380106,0.09477871386783675
0.5347175762897706,0.24479388965079082
0.24697164401581845,0.5340648507194109
0.14541550601118558,0.1585368938919653
0.06806307885886334,0.354593146520788
0.350937231720519,0.8710581602313878
0.314456622732499,0.8787224032279188
0.02379539778492014,0.15217094411549809
0.11742505601844483,0.5596771027000926
0.17811597974422647,0.18178162002208478
0.33259786168713057,0.8797636235841979
0.11962235771770229,0.6107883022999713
0.02139893272993602,0.020531304907295992
0.1365574283557529,0.2612204361780846
0.20766873578913084,0.9205537002435723
0.4226496914080445,0.8736901488148003
0.1687359763802931,0.09234336507478234
0.055802954600477385,0.34859982646043725
0.1411888467712646,0.4783057836659785
0.11360589212995409,0.10826120293704639
0.021062459651957292,0.06890408434437376
0.36807126630745896,0.2652319557220124
0.020938318262233722,0.12675772545018144
0.6602151527992514,0.3873154984541599
0.16493783240731066,0.4434692591590398
0.018528347411513803,0.011669367616570921
0.06791688500053035,0.27351546533786797
0.18126115609700758,0.8581841182432471
0.27785061697621916,0.9878625813511602
0.009270672544020333,0.03628979638962139
0.3809729477174159,0.09649322947658757
0.12148512109548008,0.03298190365455667
0.04045228199020805,0.10481895287277448
0.360573427777644,0.36134558112298565
0.12982045723792243,0.4760977423886207
0.20384117595180362,0.8567222552014918
0.05692832966193166,0.054345126650237316
0.029226288000512253,0.027604871048529798
0.0516376934931413,0.09700770345884344
0.022905182020340493,0.03968874434085605
0.47221801657012497,0.7656629710616736
0.055694869132761726,0.062472824767555155
0.02654679213187303,0.11468715880844753
0.5480625068338879,0.2983889192081713
0.09498106010733237,0.22771801708817055
0.6583373548306254,0.336341856004022
0.0920992008829916,0.3922278339212351
0.24199871114631172,0.2203105029446772
0.03938032291326649,0.22169162379360227
0.27467604137083274,0.9695402687983372
0.5528552283673658,0.6580054568039393
0.12504552985709422,0.16949621185889086
0.4395555486880621,0.7457538886297818
0.11571057128580843,0.09864215375164982
0.1149442568146753,0.38773903741130894
0.23595581435885274,0.5554911033626774
0.13998157047575974,0.15477936144986978
0.1949516622683636,0.6943180851754486
0.10823312555866282,0.429163612134324
0.18399432319076156,0.6475615772660205
0.19160200282050915,0.21494983904886258
0.2256940715942594,0.6486615253593147
0.05664185102674682,0.24141380196664802
0.05925897691991821,0.03978045383716688
0.5939737606258797,0.42625270192577847
0.011778069291187947,0.06739463586541751
0.4667761186641214,0.4490695827715107
0.420159598929967,0.12872065301825406
0.051004076334937656,0.21506420538929405
0.22307004256575985,0.18226209314592567
0.5889772553447303,0.5936269158502905
0.040272845089701526,0.25406750673064515
0.45147761291968513,0.13185202482785321
0.1518717610409682,0.12709257325058898
0.6333643665720605,0.3036839932586203
0.31724346633909917,0.4337061574634224
0.038761425481650624,0.23327766753588014
0.25776020359859825,0.6367386674782515
0.014376170190981648,0.01612680000256633
0.08196803021136735,0.039197095262929596
0.1869252324148193,0.8999244428397459
0.01718824630960786,0.05553369450057649
0.3018692125131989,0.9922631054954272
0.303826424724266,0.9477149341212143
0.22409632995248557,0.1869499331485747
0.34020389745997187,0.6955720100152717
0.48993788585818854,0.39655853797993706
0.09096522999596053,0.36553332227842916
0.0864228849995159,0.4810878413008293
0.09190450002364647,0.39181520278889875
0.3432393678959064,0.5287815124831378
0.5250078090062404,0.6766921613456729
0.6432449334123751,0.29532457720782973
0.08594367134571416,0.10883791077735505
0.6573613042979509,0.3922040059766405
0.008259034228534193,0.029721181441542118
0.28898163492695217,0.06688640700213
0.6363264541951484,0.4943291411989738
0.26348372281377147,0.5675752221844068
0.3561155885201605,0.34791383326148456
0.10031793108881154,0.5799332345182007
0.07953269175661754,0.2943068785996189
0.4032481610832517,0.656069462871619
0.5320800247146591,0.6883199970877676
0.47400538347035515,0.3329747457674259
0.029369703765044535,0.024703591163920395
0.3064329920466357,0.731746696665066
0.17447948463751764,0.3239121393540095
0.28637837497597723,1.0
0.00312068735595123,0.003227235135105682
0.19227009420570215,0.519981531054171
0.1796166350868779,0.8803348552604305
0.026592894414439218,0.025906143209416876
0.08790709218511383,0.07085571582914013
0.6035394177565406,0.5671169420256509
0.360712713190039,0.8310416946680583
0.5494453645056337,0.6022066970194849
0.5021848581196272,0.17708436282922574
0.1437279845843362,0.7748908651297038
0.30268613584291065,0.3123206798906303
0.14736530242819315,0.16050477005381467
0.27375657635956374,0.7842722328300212
0.3802781427069916,0.930062294054483
0.16917398857882632,0.12052801350310768
0.48305718121272595,0.5127970482426971
0.0014521524826406115,0.0015613998583138295
0.5569000425693734,0.5535501453796906
0.2168474238713726,0.24327067976963787
0.4664108825016284,0.8059843693162967
0.2153097925230402,0.9406912995113142
0.6026813422313834,0.26401405269358524
0.034576915644451485,0.01553949858777096
0.5206852153236777,0.5753099728760209
0.15498784807683308,0.8062378637513915
0.3743226598251528,0.7987369193053976
0.04483399093608234,0.019766075116905972
0.06106788641398011,0.3802301130781041
0.01763013877908403,0.0630813532791188
0.06997314723191587,0.3339244417884771
0.4535924374097233,0.7943964131549957
0.09503458431820191,0.5606849199159496
0.12791264299189534,0.13461258611863222
0.510364566805699,0.7051399817405418
0.30901661820940507,0.9063263123737626
0.4175743766340551,0.8399693194304597
0.5003459801967427,0.7450323081877277
0.15802187028481576,0.17645252406291315
0.15614454518778983,0.5161880612404595
0.18930502012059552,0.20604065767197527
0.6490085551194263,0.4251154271377579
0.12438960707256767,0.03534248729231005
0.20495923052353165,0.9381921507022728
0.27329749477575693,0.770803012080007
0.00847416202943412,0.0322778982262289
0.10874982955411869,0.626969889239163
0.1608646630886445,0.8135820445813401
0.05662073675983862,0.3528171104762238
0.43888658326303476,0.1371217092456351
0.24154543146352467,0.3113103779381571
0.4573967883897777,0.13866991210377644
0.3531277085203096,0.9543126523240539
0.08276840856706445,0.04935793019385093
0.48193973202747603,0.6229912479325281
0.17349659700550482,0.106613632729344
0.017047626285330724,0.044655489709155456
0.3220308112542289,0.1426470996660093
0.02147916794535893,0.13388399818453603
0.1272207287588914,0.417357465494113
0.014427993811312552,0.08859830478401166
0.07979489421335331,0.0738935309398212
0.586187738403672,0.5695044227334239
0.04083711474592741,0.08230646978801047
0.12440873177940004,0.07746462907571021
0.4517520363713408,0.12749522644518022
0.5107379951720167,0.5235969590706647
0.024194115512395642,0.13327373380022875
0.2946425095379408,0.28141932138016956
0.07908049953668314,0.06420066353109537
0.5548538881530849,0.612654012856014
0.1835655301213198,0.18434939006707762
0.250792229029093,0.4607111474050945
0.19516975707196713,0.06845781301898796
0.03347016694486722,0.1740220887497196
0.3954698243466836,0.8217488600425565
0.19625488045258754,0.4456322352094996
0.3865635194599006,0.439960994853747
0.04034350372998963,0.13261871991204266
0.3826333469279005,0.9172071487376868
0.13149528373807678,0.1064795378359799
0.10972097600952713,0.04856856828617752
0.04971487703716244,0.04747491434367485
0.11835729119154817,0.1308442150892201
0.6225102684936957,0.5032257755327048
0.06963301518315167,0.3589302365622652
0.31792053439441775,0.28560285536899976
0.40376789201475677,0.2779649539821068
0.36127160698946587,0.3119151787577688
0.22662525196855024,0.6072303129040141
0.10245042886516308,0.10034868783868223
0.018607964528758965,0.04376111737300631
0.5329498567779135,0.47634383334091057
0.01907966158623369,0.11173876741449443
0.5403758365309218,0.6651863179809486
0.17615454061855376,0.6574756358520788
0.4082314735386851,0.1453873892282737
0.1639753685133523,0.16873316686629786
0.035647888636654086,0.035837685515812
0.04377680318059404,0.08771182569307463
0.5453686686941017,0.41065569017881765
0.06305681421758012,0.1720253658797796
0.473180850573137,0.7696783709907261
0.5969236449483167,0.5325636082266514
0.16128652106887587,0.3123363602433333
0.1663868869789543,0.4723481214507153
0.021810993482754247,0.1319046081620202
0.3182391922675149,0.9174931165923322
0.5127389428516571,0.2033621879905239
0.17393629549635703,0.7498656687840372
0.03755943327408145,0.20570220684945031
0.3159765653279795,0.9863159398696062
0.26083333783924706,0.5313760056313073
0.1320885755266106,0.11646335656811269
0.6349259066627656,0.49739899023316186
0.11892994470831966,0.1027093424586414
0.06005883725993218,0.20443709236885593
0.2241529057930678,0.9258611312391245
0.08040463366127348,0.08546813741140043
0.4618988190131851,0.7307638108851003
0.024991087231952553,0.014052087993650072
0.11198468423795455,0.25672015859798286
0.036166934451148595,0.22206064855453408
0.0010261060416869767,0.006420703067969174
0.21290040126740312,0.41000402304994515
0.6506946235721386,0.39740582977333255
0.49860893663252,0.5457604343580653
0.4251131863507548,0.2990496537186303
0.5021447773545191,0.2840303956205675
0.012372402307641504,0.013232174387015566
0.6418465992793239,0.29824386605474
0.3958819264423008,0.1506355037457692
0.10916840453717033,0.6191025684664115
0.008052815684110133,0.048565633585967556
0.46079973495138576,0.23989742479606957
0.2682428072438151,0.9804105250157925
0.40156176787202846,0.2047723794070733
0.04209750581208844,0.09645974217152464
0.24537119851309216,0.5859613411114626
0.1234080779073629,0.04699090963912749
0.12167995312640169,0.34087391042600834
0.12081007723648966,0.49814741430217574
0.08136478924597083,0.021504743171694124
0.3976365103064706,0.09584337048712893
0.44979794007134877,0.6685783868622321
0.1836820033978552,0.112150236150528
0.616721656398859,0.5399140060542272
0.35462651180091326,0.4339829742950603
0.281444951774083,0.9990013478125809
0.013818433509387563,0.0811685900332928
0.002520248130691337,0.006736566854581664
0.35786255746733897,0.2477492198197556
0.5923861484690465,0.26664827578480343
0.3915525561475124,0.10410418561649773
0.25001872766476985,0.2520704174412607
0.02377041127777767,0.04406289601164684
0.25028355323014106,0.8539673373388855
0.03320543714628612,0.014687977649677577
0.20318707351322815,0.813427258876193
0.06086579326889542,0.3763747233112489
0.0162405167579463,0.09607119472788041
0.3756524434490148,0.5097995739412646
0.22870653013337378,0.683565840316433
0.003237518131510479,0.002375095181319141
0.13434937640677866,0.4682061935122229
0.12725771443458508,0.06039461755235348
0.028307315128630526,0.016076708090660172
0.0705698575372711,0.07192491496289723
0.638977426091809,0.486151925593318
0.058536073617329376,0.19756538252411618
0.20722304338464553,0.6839312804528738
0.027381290349865556,0.09700550201379114
0.33530642291228824,0.9759972472939509
0.06623515354969993,0.017760774431709692
0.1898474183925377,0.8315592217788792
0.08448171661662982,0.3684299282888175
0.009315275061043118,0.05940523555087809
0.17471142189076666,0.3561692588857327
0.3593304219802778,0.922321631920092
0.314208996347664,0.7990525339822812
0.013157729050130101,0.011906866574111942
0.2876359166617577,0.2701638012267604
0.24286025833132746,0.9845516561180412
0.15254116401820764,0.6413884435203715
0.26098055037225865,0.5384387357088631
0.1678562712006751,0.6635512250524093
0.1722915971915911,0.599537175460271
0.03361577926151732,0.10077821365681744
0.1257014055294682,0.5191967861742967
0.3634830696728099,0.37975579858454844
0.3251826242863702,0.7389687902431281
0.012839548674672458,0.004027342620493243
0.1957564264514583,0.2070445793105704
0.25407329542281726,0.9719103679517026
0.2050761636519923,0.9301556267253585
0.007429182229923801,0.007983183407515092
0.14599748784025546,0.7587075819967458
0.12365690132272686,0.03259290701709884
0.3119859160437939,0.7527493089189513
0.2602136674765142,0.29187089775465186
0.1783507720035275,0.5258226101895485
0.3415410730233605,0.9304239023413327
0.20682293139227792,0.9411586611072494
0.6415979592879357,0.4785503829916889
0.2898400951153246,0.582214044093056
0.3862700520711116,0.905361019844713
0.02065325572047802,0.019880801457621222
0.02223433187538338,0.019088883306766932
0.012039281476530819,0.06570903088057811
0.23808019556649404,0.9406665418538827
0.1763474640348217,0.2500213357988509
0.07915031420133298,0.08835673935175636
0.5761674524302477,0.3737073464061205
0.42088269238365683,0.8765876463986096
0.1109358810485194,0.37352916599027663
0.10000267336822065,0.12316980451227362
0.05005265481481291,0.04341547226452871
0.40410218572565954,0.3166703094340922
0.0658068097827138,0.07377389653366212
0.12200937305601331,0.4617398270764173
0.0076044361407309495,0.02833005180860362
0.002976449567027957,0.0019390156444009572
0.09518150975736016,0.19071457266247116
0.5927449282021341,0.22666302338806205
0.5577593291996691,0.6181282733410222
0.2429149594175344,0.10212072546518693
0.03980154275374912,0.11778768937481914
0.2842907972765634,0.9635579146870046
0.20862760270831066,0.23392481393936973
0.6363510247046255,0.46150828688037343
0.027688290907025938,0.05197169387960066
0.1753553213782668,0.41238836414349284
0.016435145671347583,0.07675234947913948
0.046261919880972724,0.24846115670360888
0.6145953983273296,0.2533851268858884
0.1363449994827291,0.04938981763134692
0.05537286523160823,0.1735904177729053
0.2422873659080122,0.8465516323179546
0.48355030849863795,0.7181026803089887
0.6059846923903781,0.26463497383138634
0.022616102567022477,0.10899046993532265
0.3168179832126074,0.8242876429595746
0.30169396739391735,0.3329907145720266
0.030160410018100665,0.09359366307291933
0.3238355565862246,0.6441347468225208
0.6492982047564714,0.4137477136609242
0.014204801961728679,0.0222938095964176
0.05638384794345369,0.01876219257659669
0.36091079993542113,0.08419280160850079
0.4708163261912225,0.7343468902181228
0.33824945904471987,0.8124232399583288
0.009814773842333823,0.06127219695770526
0.34115760588157956,0.8239760297711398
0.05156155378709384,0.044494847578218005
0.07195166035363826,0.04056394341871678
0.013967725577418781,0.08655247074531054
0.36770300304385417,0.37342445745302083
0.23190096324296394,0.9646095093476442
0.009919159612116549,0.06147848070401733
0.17334797690419174,0.7739036608177949
0.10854744192460719,0.502525843614804
0.30804000430667766,0.5688747931789866
0.6316596153601575,0.4993080459389056
0.21271065121150737,0.3628370087765694
0.1598926507455085,0.8291335127640395
0.12226321460585729,0.4045057964769159
0.13866683457736437,0.30843255323517327
0.08826171760373384,0.5295979845150641
0.2939381909602888,0.8304035654498477
0.014150599753547826,0.09081826111671994
0.09829587617757111,0.3884098093818123
0.21578886975195274,0.9528065795505886
0.12078158468561423,0.13389172604454552
0.24080974731171612,0.3148402881847916
0.13370404052242957,0.3946285638802561
0.06663150886588401,0.04023792312062584
0.3112962440984853,0.9586847539363631
0.07615627369299517,0.15491531724721289
0.3016415682729716,0.9923745481028384
0.011259220182906857,0.043116303958374305
0.11505228129285967,0.6575352835005634
0.21033451021086047,0.5908768692158626
0.2972128710353642,0.9149373210940155
0.01619173973999634,0.030845240593010623
0.013090722386478881,0.08412715086114386
0.4632620060439249,0.17277059274556059
0.09056593719496774,0.3292424094794539
0.007536667699061242,0.008186263232077592
0.393587020209902,0.0936499425515781
0.21476291268271946,0.5025012756767361
0.07806113130875088,0.4242186763196904
0.37425060925640835,0.9180700763122729
0.0017859353929124,0.0031122119563119443
0.5444757340897491,0.6434826894344562
0.12075183311967949,0.3540586666756346
0.18094621833843302,0.8670539030248053
0.2589671229780822,0.5564357714268338
0.39397803985606944,0.1172455164924565
0.14182539608684666,0.5998929473216371
0.4394633861050672,0.1408410426326458
0.027074861661680525,0.11580914811363764
0.024926781920921334,0.12347161727295898
0.5787010715663458,0.6145914638753996
0.1649439636008982,0.6718010314156588
0.08779063526221266,0.34333176754379713
0.007749706715563079,0.005436039099527389
0.17592296019883988,0.6755639215103418
0.026490369027021975,0.014778058582827224
0.16015651012364074,0.4187277174082753
0.24636445575364943,0.49765909596110963
0.12463233716233445,0.1849559914254069
0.03960767640033346,0.14863071432162614
0.41875373530702376,0.40972478944437085
0.5475869581292607,0.30159055930949685
0.17334800419042456,0.42328525769236425
0.30398902404919187,0.9822928232949961
0.613846505394578,0.3367394921751339
0.4015610870805883,0.8259484596040465
0.49289854538050587,0.15041790841234207
0.15363861730032882,0.28255134198379456
0.23713408638776023,0.9807685153615585
0.23989042892890533,0.21711910714231142
0.06296062666478558,0.014920196912262644
0.5683165786936205,0.20588896819082436
0.20047800618529793,0.9283383493729791
0.026656325522635322,0.10510186271321416
0.46305006649511593,0.45968349118930213
0.22989987974938658,0.916353161201318
0.016955696341951623,0.006988354354183127
0.3892565824651879,0.774877317596475
0.6176492900187605,0.41376704600970154
0.00874468958025448,0.016670899182326816
0.04498558901714908,0.2827125130915066
0.18344826807020811,0.20559098210195814
0.2598281264350179,0.6231387451529302
0.48501164917165185,0.27268423848332907
0.49957080633502865,0.7517304243902101
0.07992038312499855,0.18576435389044305
0.2550281481870092,0.9113085719652625
0.04713523327690838,0.04827011819145832
0.24506415063500198,0.1702136161127
0.09334693184243258,0.040960514660826876
0.1347208549081117,0.2703266113443606
0.40662909005878467,0.8813692644856443
0.55890760751307,0.27319890108923006
0.157697156197754,0.7567545663661712
0.04604680539576277,0.20902828884081953
0.3216337539587324,0.9768828688787315
0.03885059203671095,0.02260967376943451
0.16920899214567425,0.41479587972392984
0.01752107668392554,0.031066803565536625
0.6534400241372832,0.32671020140580553
0.18126927995069234,0.12219465001237251
0.07614136773664967,0.2150499267406729
0.35823981595084226,0.9478188739105632
0.65778274312881,0.36196394962935424
0.20493422718135051,0.1583076765344168
0.06547726184539285,0.03404635151409946
0.39700536264828473,0.8644531344837197
0.0747962322169286,0.31644986510600825
0.011625770536427417,0.04616595285757765
0.17539088916488468,0.5648738894567656
0.312825619076956,0.24711502134699956
0.3026367531578262,0.9715961448362943
0.2710073212607706,0.48738793399526864
0.31750187506984723,0.351424108988673
0.43211910424136313,0.13192114971229843
0.5699691619152936,0.5799434458144354
0.1995448945890128,0.838686174208639
0.09895437442551028,0.10998583770303214
0.1851245046645269,0.897623861780152
0.18930388135089568,0.49031352564546493
0.014534909796108952,0.009028255580453268
0.26232916650093663,0.96504095824606
0.17193513888382678,0.14465162253464525
0.201469791737935,0.06739324532277814
0.0843721951662511,0.08914479745053665
0.16308934298910222,0.20774801423058592
0.5329839294284439,0.6959022772642278
0.1117641903648774,0.3918156332881272
0.018348227532753163,0.09029092896199814
0.16837668019670454,0.4969810741724084
0.5953669260152722,0.5304402238458535
0.17228989517987867,0.18884968348213227
0.5568849917175728,0.5352793352047247
0.5113255445967911,0.5385111767387557
0.01737221890148351,0.012061283085050604
0.294990758026561,0.31693301773841454
0.5162388265751534,0.6777490452979229
0.23139871519903793,0.255805207486064
0.008821203055620376,0.02244735188517084
0.04301795160867133,0.07358975195801758
0.15149290162549475,0.0695972524236484
0.016415908881343064,0.09917324814431833
0.07568797313393187,0.046080036029947674
0.2419679305774502,0.6486946684897216
0.4274999261736603,0.774148233892935
0.09748470204745023,0.25143560087295314
0.4482064733315892,0.5327763810099209
0.1674357629813517,0.1371028119250193
0.027379713206054607,0.15397184262555985
0.1656329354719125,0.659570408538455
0.019641451640864834,0.01567261773911463
0.05142552203181214,0.2058123464085553
0.0142704771188613,0.041054760470164875
0.27363585406526897,0.4771800552292365
0.2063388407201765,0.7062230480389055
0.5573266813105949,0.6389029039864331
0.03626930903727418,0.016519003328447343
0.008382723987204422,0.003772247258102308
0.1618862211357276,0.17855779928933646
0.21004905526656853,0.5428422462141499
0.2818386847710111,0.48670724461320986
0.336402211486568,0.36153587528220227
0.16201599345297693,0.5700468400621912
0.306051250846051,0.8865117145499938
0.1160359086957739,0.1247980505541472
0.03306692450949666,0.03697007164017635
0.03138725601876393,0.1563731525524284
0.5293589464382289,0.6461634107792303
0.03288865156878052,0.17419586991197455
0.3014927440704936,0.3188519899845257
0.13384356245515028,0.21212943116121852
0.5732909875888764,0.6136827641065618
0.09718592361168649,0.4362669720684075
0.07382686798429097,0.28181287158392737
0.4630274805395646,0.13139821922792777
0.04726242602247388,0.11774458386488153
0.030319994659690045,0.049412307228253974
0.499625401152537,0.6766827943985769
0.2335140192484605,0.6346929210216807
0.027078752840438477,0.03037132625282446
0.20963594582083145,0.9447231398713
0.13244823113901094,0.4955340480014569
0.035539691190869735,0.013692909087504663
0.07600858048701113,0.11500655581100214
0.005864259813076116,0.005408960097952863
0.08764372538900778,0.23485460087742444
0.3403550969710418,0.3336221492673287
0.3591809030600892,0.5703400057909915
0.09518263617916417,0.3543259761195659
0.6459040158676927,0.4665187057403961
0.20017980076423794,0.925895975773947
0.09342557591840445,0.0649814245697323
0.044875740424089074,0.010570596290912473
0.6488180375103341,0.457467691777608
0.26021614594857645,0.21196992966194592
0.08830469631382888,0.2929864051064781
0.16547319844733954,0.4371388847436203
0.10715531832994137,0.22170386065461312
0.09641716868732708,0.5692218672802838
0.036102908891899314,0.009377375062856085
0.0797685106181895,0.3559494153614892
0.1639721965552915,0.3363494612883254
0.05959017424123573,0.37076471996644417
0.4537834521235742,0.8241262569616735
0.12651080795445505,0.15625488701904758
0.0223914315764923,0.12407785513787688
0.03633662383728438,0.09235057651139875
0.5120709434324031,0.7313904118963819
0.15601047219841363,0.8172511394427174
0.07728769732879259,0.37174671535162107
0.6097991908163172,0.25219393234668475
0.29680998359618305,0.9113012075001217
0.2234425118637649,0.09099010929475673
0.08937442330348289,0.25006927223867753
0.13659899563270195,0.696693209962429
0.35889995074777736,0.3777694997621139
0.25145398375000066,0.30741243281038527
0.09531606607826247,0.3702611870517167
0.024866922493060394,0.05892560313929185
0.302321258976919,0.4872487862367644
0.08625912190664924,0.2598175603924683
0.1353283888356438,0.24746477720530802
0.012962326732397831,0.03829920201241814
0.18934016353296762,0.5330132907575131
0.3620402832307877,0.8791333169641518
0.344548191088499,0.5779807775942728
0.31378799036283744,0.9871896971095756
0.4322308671518616,0.8592782945044003
0.24813712796415943,0.38061518253769167
0.17708670709177804,0.24454538383924002
0.24120447783897583,0.44852191339984787
0.15018056514418496,0.4913763077644273
0.21754159119792602,0.375631404282923
0.14318460401364633,0.5907328456516002
0.00042027528587642205,0.0018741916326748685
0.31518898797036576,0.22378377951006653
0.13955639162435032,0.07629014961937067
0.5234442872713266,0.6275564350022722
0.14370886955486759,0.038088108632146164
0.02298919759567973,0.025365316221040015
0.30730794442575965,0.16369984748467256
0.24288303195675676,0.27005469358811046
0.006176961883539792,0.038388124513087415
0.12647855691832977,0.7068896924815392
0.1422487279266953,0.6967681362559783
0.049610252652076414,0.20383673049313392
0.08181952509717663,0.30539695008633705
0.07330747188870936,0.04043838737084826
0.1495069763611308,0.7087947381469766
0.13906984943243392,0.6552151543503332
0.6123189159651237,0.4902307661627001
0.4111252058309389,0.879832411157836
0.16305607692467886,0.8354267732485708
0.2127218026326925,0.39850314209731397
0.4996412424438669,0.6239745563342011
0.29928864626953133,0.33200194768603764
0.46345467147972036,0.49741809043292506
0.014250005617270583,0.07479164014515813
0.1339439392381744,0.7388826942605361
0.06514348076636196,0.10462624844720604
0.5554195035490087,0.6528496702987883
0.0015561031442934941,0.0017189189200421287
0.3805280378518859,0.9306222172684003
0.04345828047864089,0.04748511025221518
0.31846167096426764,0.9667232130745269
0.08397834223173953,0.5070911731171407
0.4017344571789141,0.2274811245177392
0.18364916496571324,0.813627811265981
0.16414840552238044,0.8108056758078847
0.15468609307055478,0.1406619351513357
0.008524227522193098,0.021303011601947655
0.17081698602166726,0.18746707235436955
0.17043279810649276,0.37358411394386454
0.4444521553025076,0.6975793059347968
0.14195607358251447,0.6343725901157927
0.3027399805018258,0.995360550169829
0.44727571851098724,0.8187631826236746
0.001039084918852668,0.0011132382308255727
0.1744053407601283,0.6676199992526541
0.439485541543406,0.8485416557509032
0.052613965593074796,0.051047109549433665
0.20913355444111295,0.1114585877527961
0.4059844444378009,0.8947676769067469
0.2765149059062778,0.20834762314447483
0.07661021112269781,0.2786262707131593
0.03767640819816369,0.016221819221763682
0.29385944829110533,0.24647642506459788
0.28967542442178507,0.8072052926003425
0.16014661088094848,0.6733972315747752
0.2517787717913494,0.25255367208417767
0.044445232394001756,0.03435506076250254
0.09468402064597788,0.39243873715131183
0.09654572435988802,0.26646020532238396
0.3086875606247528,0.5220818202041795
0.021536414874574205,0.0505452651818788
0.5583278484472809,0.6011203803437399
0.23558753074965208,0.056649499777968425
0.08007107158630643,0.3573780621275082
0.1679405707780548,0.8495964950604776
0.003739425299689216,0.019839911076084123
0.1990490154315171,0.3216110030338382
0.031342925708902555,0.19695005840989868
0.4274020701707607,0.12185531516969784
0.049849193767222605,0.04109881503743565
0.24242806359500765,0.296329432576269
0.0840542055150297,0.40468782659077884
0.27786454851367776,0.23629257852154673
0.15898790202378005,0.05645465834043075
0.13424389672874065,0.5622563119902646
0.6122689843979291,0.5422912524129408
0.0326914699985121,0.15875852146408612
0.49852554161110013,0.43436027645200403
0.400387645184771,0.09709867407677665
0.3045495542831009,0.435976592961739
0.10958574799565211,0.49937769062500675
0.01633107881447634,0.01831168638976767
0.2669974821516437,0.9652150763818642
0.03705299650453116,0.1579451658560374
0.030133291214135844,0.1820541874465329
0.2279091190417993,0.25322149128502197
0.36852854475639785,0.6648352237207303
0.5485644719601596,0.6684862056746049
0.18763644291870576,0.19999421313240603
0.2114398967368023,0.2331318950709131
0.059474267782339454,0.2330764655246031
0.16798234315324026,0.16705247470673504
0.27515750499633007,0.4372291842583541
0.24122602239374122,0.4392832403313451
0.617432381174333,0.5357458952712372
0.05600835405633952,0.3481370633084421
0.5667139543854136,0.20464862255986194
0.05228767783707208,0.2768262325309436
0.5895935829770187,0.5821480403878172
0.09470172897682361,0.09199229916089545
0.5210779617289969,0.6423701212566655
0.2947747412276366,0.35469388613054176
0.5889071994397912,0.47537999777644085
0.0035730075520323265,0.003147713737913615
0.15052482613970783,0.3709892185163425
0.15616455121841463,0.7355003061486047
0.036956673678408526,0.22039906551945498
0.643294028519184,0.4124747166339862
0.2989746767021194,0.32162264943581387
0.41356070182581195,0.7971700856854987
0.08172372074899809,0.11646523357904767
0.11136794753582199,0.12338771058636756
0.053289138250999575,0.15538573278318601
0.4947139655212892,0.39272865632003184
0.006646777467951227,0.01388747734398167
0.30359011749167725,0.9612745500633958
0.17143588394312773,0.8547082359064829
0.3165068253015445,0.4346073448756773
0.10864433272855877,0.4445272014274909
0.018589487984297187,0.012894922621300531
0.2658624616230844,0.9517775642004053
0.2657731639921575,0.9935982502923972
0.061631596893485956,0.06828161298177142
0.2639387502422768,0.28766961978586525
0.46253184506355677,0.7789613151355046
0.23091382171342995,0.25892248874246865
0.08523850273044471,0.05094408362752889
0.13233731375491,0.23186450778648326
0.013238148522567343,0.004044712515757081
0.43007243937977147,0.8535379125586535
0.01938110713193209,0.09215420803976428
0.1603032018546429,0.8208708405706344
0.2265127035980055,0.46507760053775987
0.05704822450524381,0.1463466161573247
0.4747335189604435,0.13868358383576948
0.4062900569690314,0.4437164144185321
0.46743841303995753,0.3290869207455094
0.46178874100515377,0.568616422666801
0.33057824374651257,0.16871957097352336
0.03443507730102951,0.18796504784159604
0.052188656640790185,0.06405229857864847
0.6065028236631909,0.24607049403235556
0.1632009740809912,0.6630619249147867
0.15150293449495056,0.1454102898873113
0.10884871623781295,0.1980233686576864
0.055811719125345875,0.34011444116309136
0.19991521803832565,0.4652917621718215
0.007583772737243182,0.007594822572268756
0.16982679255854005,0.18496319320745144
0.021029909525258246,0.11590401925295465
0.39068368741228326,0.4068504763104109
0.6207572791191557,0.47910810149441047
0.5706053300577782,0.5801837824171847
0.22776736683029372,0.640966366617643
0.26631036708441624,0.7168976722371223
0.013670840905341906,0.009499687402082027
0.001936179927030181,0.0024964008145978824
0.285681606838833,0.3665166741516035
0.05863817510722306,0.05366508457261473
0.3269558569476923,0.9414557171312034
0.19575849519515648,0.5768443078858023
0.4144573513692382,0.7070516849863003
0.02202064516382681,0.09770597594794803
0.20240618563589843,0.27446773845299816
0.3428974861615101,0.192047658708571
0.10212212145217452,0.2134833978781876
0.002132787643758287,0.012993844785935165
0.00018127014622798862,0.000633143444690488
0.08331039979489592,0.16873786336330795
0.012225174736932154,0.026699052385180742
0.027106824862384027,0.06732234420151952
0.07756690287575398,0.47107182418797555
0.656709101361898,0.35545699533451747
0.35962214311083196,0.27346134757117035
0.1140351179096117,0.4352173592470479
0.29636727703971394,0.13683494988246792
0.03331358692306437,0.15016516566990773
0.13420508497912606,0.08336715207508816
0.053445115445157815,0.08638254750894676
0.002304848137951109,0.002917640701896463
0.6053597972194144,0.5306082076427955
0.26032927205630635,0.29191427132621633
0.43694515195462547,0.1879553505621718
0.6351083886426617,0.47783548307031215
0.36541480061285475,0.3337830896780145
0.05819864512607221,0.02723066494847176
0.2482829932207981,0.9657549120013139
0.5975574412069907,0.5722110559272597
0.20816547285668094,0.5325183428118305
0.032016422344617,0.032462111407753194
0.07227187060147261,0.3628463688757489
0.3590708600088425,0.38879782455823886
0.18406706009958565,0.05177978440621953
0.1823188844940296,0.06307409770160706
0.02375328106828987,0.08489141220868099
0.09656669120857753,0.13144237609445503
0.0034483138776831954,0.009952057056239822
0.07691137019178268,0.19832239884854136
0.06965397385712761,0.39143390142756795
0.2182585696198806,0.23668123026639185
0.01705174138197361,0.08823543492137399
0.42176754523410265,0.15357612085772981
0.269080467051127,0.2695887800892949
0.13391857990008485,0.4889769131109034
0.1555743818946722,0.5487087590985245
0.3880833014462816,0.11134305575157848
0.0071122181121460884,0.019020197700922916
0.374596765777634,0.11110971237378868
0.125693337894661,0.7026793088394474
0.021398921430509015,0.12787023265166897
0.5170826315671171,0.20647592852982302
0.577768995641983,0.2153249098571516
0.6260584092158652,0.2738465340946426
0.21479871979331427,0.21076682503408986
0.3502434815517195,0.9576453490303858
0.3051561038271388,0.9221856787645916
0.10920259294377284,0.13559415008170778
0.2930189134065248,0.9905267052642196
0.5110402730765289,0.5110780813873251
0.27765777682107606,0.9806628774935824
0.06911651004981595,0.07189673932939757
0.1589819640054016,0.1716188553259112
0.20506665163920798,0.7821634881550754
0.20968671834284172,0.9001051609036436
0.05392704796864456,0.20344109192460227
0.13963103583682152,0.4837836970920632
0.019417633147923344,0.008421752023250366
0.08122683010701297,0.4747085087236345
0.2785948892310265,0.2965573846620845
0.012023245856582637,0.0546899246383618
0.26926303636440985,0.9132464341864499
0.5434975758328412,0.18748633546831964
0.4655732593213911,0.7712590553329379
0.4946922124705643,0.45275907461104914
0.21608963796245373,0.9226117631755492
0.07575867264902839,0.29820198584786733
0.3801148038628616,0.9036492243626445
0.11303406434931078,0.3468146218665132
0.28836640524052665,0.26906766877508886
0.20308203150342147,0.9229833409133386
0.0856527301092492,0.06773755606634677
0.03726887178226988,0.1569564300224001
0.007689393277287966,0.015189179608863065
0.1347845573700116,0.5058189539575894
0.16568726361615685,0.8371541129899451
0.054009102421854874,0.2167957052850388
0.6532214937080526,0.32433940887229834
0.4500067458870244,0.8226331746608223
0.16588325543799987,0.706461093938604
0.2627909391831309,0.9925979373391204
0.023089276743192375,0.06562440319650474
0.28251492419646534,0.3169410706132677
0.11491529999651012,0.1082361360930515
0.3689310802086213,0.5737283783102524
0.22248788786171733,0.949304430985393
0.12017598649715425,0.15880153799424923
0.24001977620603607,0.9813383871722657
0.33448634011865014,0.317079837570851
0.08803341888160372,0.365828139673107
0.08690327651337375,0.2496452385401538
0.5628405475231189,0.628049675024893
0.18802496225054632,0.5055165198776229
0.3244771769118377,0.09830599234115826
0.286079814487529,0.47393891024417983
0.3611449540014506,0.23488324385381718
0.2782913796658439,0.5814586436584086
0.40637884772741983,0.39107645326448537
0.12891859442396542,0.37599414814453497
0.175979952529283,0.7301358515931919
0.06917589333973342,0.042138376392580425
0.2904184938470439,0.9964044392710053
0.06980649524956468,0.3313794133094995
0.5299703387535487,0.7008686789143777
0.2602704794391619,0.9918347168342615
0.05606562475302759,0.036940637046563106
0.1558816204575953,0.2865511803554034
0.19206134741384506,0.28699618925252735
0.42091306374388016,0.1536434464779662
0.15651814078739015,0.38373256997533356
0.39965173301876694,0.3779954864096975
0.09741080273678246,0.045484294250058246
0.47652309908145035,0.7824091698244283
0.30974328497126297,0.7796625378254858
0.4168558042802417,0.3919751991130359
0.012351544133075525,0.0062927591205855435
0.07153233925789346,0.08010739098943288
0.07641975505529608,0.08015600440749364
0.1009054437093252,0.587840445644243
0.015496099173989655,0.009025225061477059
0.1369549013915094,0.7471551026086919
0.3409004837639246,0.9721814951062501
0.2200293382011954,0.2132772443675486
0.021807159410337965,0.005971362862166736
0.48494760341988447,0.6262033072037265
0.23136496969260156,0.2532504513303679
0.5612632283438851,0.5198402666393986
0.2761390188481679,0.1831450769760444
0.0364452965601471,0.033683073847011524
0.1307605376706988,0.070214492038597
0.3647260419126925,0.8337592804402644
0.1977163763565024,0.6338241831972974
0.11603364798595057,0.43069322345435385
0.07898075186081363,0.4569168057462826
0.5932621966761565,0.23357635824572048
0.38487721107372647,0.9236187873347336
0.19224836263907422,0.905047720940906
0.016435938939585205,0.04615047226419586
0.0009843286885421595,0.002455320237805892
0.10839429660146262,0.2732229057154235
0.2658211805036932,0.4219858428663526
0.1526147580632722,0.23424411894130553
0.27785605020914966,0.29258227317541585
0.3135397077533588,0.39381079291304605
0.15797856890407072,0.16868811917515095
0.07244131823207736,0.07140766386996007
0.06226673510110842,0.03969677201991845
0.13952955594343847,0.1224800368700064
0.36456597676490776,0.37242411143478515
0.00314731440177771,0.015478420421066084
0.6008644570339245,0.41317587712098586
0.015088472012787875,0.08678814387707173
0.009807284852934202,0.0007466210568195566
0.019977902802227804,0.022009178974574623
0.06001049659993832,0.3185813843309729
0.4828621525723306,0.7534861443927966
0.44674386813298217,0.27208783668954367
0.018253602919568793,0.06668190620640896
0.035260856776637074,0.2225806651382648
0.08719596781633271,0.24595810534841672
0.010545013229881323,0.0672231816784602
0.1648817833375983,0.1784994600047685
0.43783081895942405,0.4541290406660529
0.652435230742673,0.42308006877526494
0.06620976117183666,0.12713800156450797
0.21692547136111684,0.5146888485334186
0.11253896535912512,0.47763121774995393
0.05835692320632678,0.19178674195087395
0.16543635145830804,0.8432962672912983
0.04635813977224506,0.29196228344918085
0.2637121106068533,0.46764278597060066
0.1421306888498785,0.7467161666324837
0.20323327162592086,0.13633952143956976
0.11472428790716166,0.40222023545277164
0.5133024085546068,0.4530999123268994
0.543591972712512,0.6715851669984076
0.057722547817453056,0.10599695905253943
0.014337789557746328,0.07462993670832392
0.22001372520670345,0.2466497068249212
0.184873319285633,0.13577445512257094
0.5822162492051027,0.6065400716749773
0.0017064233331444514,0.010115901472002638
0.5730603766944813,0.466216930272621
0.0057334882274425285,0.020562954896765198
0.49335863478284636,0.25903852810564854
0.008808048617180621,0.02942320179943527
0.27076727405230416,0.9822454145685541
0.2701038741027883,0.4842076221185221
0.09670509181806744,0.4981672729893172
0.043858620398833724,0.2063410718552761
0.2183115951833576,0.649002910319932
0.08259883066798589,0.49885485625485876
0.4891950396641005,0.32111846675534594
0.05418395132695504,0.25111783247643615
0.03156246150480292,0.03538845208043402
0.09623038739628546,0.040377016553964966
0.23790701393252014,0.5825971279746824
0.11814482052922454,0.12768307115126099
0.0055129892159845794,0.03272764042323531
0.06123634036963876,0.02894388854092711
0.41245435702361405,0.14646666858502716
0.0914868084419272,0.08024115238020703
0.6331107174840468,0.5016144443976609
0.5443190303241857,0.18782773379496873
0.21452487452249897,0.25450274473968104
0.15463310415384246,0.5203364015318691
0.1717659920274384,0.18874499201220976
0.040983763704473555,0.15104297888754564
0.3801502159136583,0.08729469950214523
0.3297530342604604,0.8506815126334566
0.02186380345951699,0.02179551047247815
0.009081898578383703,0.05675849621821509
0.36027239016356066,0.3842291077722557
0.1472460629951073,0.28420202010538065
0.17557594725455636,0.49875474243585793
0.5274671882042898,0.40083573710190135
0.18010719190884408,0.32591397681462425
0.6192599446225567,0.2618476505547332
0.24082738390648284,0.9842580433335487
0.43915073953019473,0.3331426033623595
0.18367557606223572,0.15578131999398453
0.3783864216661611,0.10323043240379655
0.40472290119156074,0.5329582689572355
0.1691543422295868,0.795339698064161
0.11896312524288746,0.2985712637276807
0.1609503993341661,0.24210092025796337
0.48737647128201095,0.17882242837536236
0.31196494279492504,0.699103397911948
0.33338225975334596,0.9784651609619157
0.033544489441971345,0.02547774892201112
0.020731428204786802,0.026713105484826295
0.027887054044259167,0.09096187766097175
0.47736078972239965,0.7085206207464896
0.4662269232975052,0.18792722749398913
0.08032031876350766,0.07756549386333426
0.14202702264318803,0.39282987294306837
0.09956997420490145,0.26278716229445587
0.03339058467480376,0.026913067582819392
0.25655574615005766,0.25409307250735724
0.27773025799010936,0.31156360111452475
0.2505580088314127,0.5658978566167875
0.6603038916085782,0.38812623372543814
0.5081406039600198,0.2777200768388555
0.5087101045046375,0.6015098574190438
0.1102653490908951,0.22429746401408088
0.5469473686260439,0.22978124163384225
0.19472665668397646,0.4816212292905746
0.41470707570369914,0.8657496169531178
0.3419243812943709,0.9547300033321227
0.35650682150803487,0.9126212341792008
0.557909910657841,0.3091524750825018
0.6331290800599695,0.43069367457061314
0.022493822446887125,0.09585139319346131
0.40149314912896833,0.7197368737195577
0.0809639264204916,0.47925009739939683
0.06635343818512911,0.03674653017855881
0.47878607925020233,0.6775795113806623
0.06471640978326988,0.2644178206666028
0.09285429713085108,0.33081214142515675
0.582769540140482,0.2227125072897039
0.39384536142386384,0.09879480202743982
0.015797734273695883,0.003859333379673196
0.029802816480442116,0.031381016960578545
0.6568312965726261,0.4042707755281438
0.11744854718312606,0.6705608243329174
0.11082741246954536,0.11865208353099135
0.29007903301801363,0.9593573100652354
0.055794816426475706,0.257660071143357
0.300238155945159,0.9929196363053353
0.18764134739330537,0.17595773771051937
0.41469539719514764,0.8523679790575068
0.3605150559516295,0.7667560173541061
0.031578746845701965,0.031730288045431584
0.04127592782614543,0.04599411652724125
0.36842387462670595,0.09513999226418948
0.29577372324763895,0.34468261551157825
0.022693515760988683,0.019562063799796987
0.6427074264802651,0.47599260552062866
0.5587189000597107,0.3539340785938526
0.5713484650413118,0.5482479560926471
0.152235161911834,0.7973240512786359
0.5626683486449361,0.6107237398120113
0.07666733524908338,0.13307719334960327
0.43679444671044104,0.7979300768524124
0.6577314133658498,0.34238019084401583
0.44376872866256867,0.20634397540468247
0.013491134044753661,0.013824705439641764
0.13401195926136542,0.7310619044078247
0.5770446854499082,0.2638021883539324
0.17925632131991612,0.059599357989472995
0.10221675399511458,0.4471972717620516
0.5981731564148411,0.5772970444984189
0.1603141795104283,0.20676956894351275
0.21515668534098156,0.6599293209928838
0.18240347306526203,0.0806035996719609
0.5012507046711567,0.5991732987633862
0.0011976361312769244,0.0004306550380958974
0.034478906295884376,0.09159057780910879
0.5904088377396485,0.5406246360155161
0.18488199752669945,0.2730382460913307
0.4942103455637713,0.7137153811352276
0.03779860824050619,0.19262524060050948
0.09126851273610503,0.13379922321388382
0.5385598155534274,0.685791191054444
0.053195051102675826,0.04839132951934563
0.5262230444601647,0.17299524748729192
0.054387474486516915,0.060369786945296974
0.07237482909844312,0.07578650947007094
0.18158569555278198,0.21808004466590272
0.03997401865803879,0.04463251973958398
0.0823408830350833,0.326392384396653
0.10689229147492689,0.5897600879768771
0.03743274194334492,0.18956440680120157
0.008933337841796373,0.009990928699883885
0.5798386539591937,0.22131028299122335
0.6312467657665255,0.4467865810600766
0.4697143443470555,0.13666556172195155
0.02399816495211469,0.15344644853471304
0.08123352240709593,0.3614915253645243
0.1510638536567482,0.12464382909631731
0.026586132608009978,0.02922389248708334
0.09127658992880312,0.34229201431045697
0.013755206841415494,0.01637038437941639
0.660187312871981,0.3857696477153192
0.00969100726995444,0.05763313322923812
0.08255943947041428,0.04697362683376013
0.641705102534365,0.2900073355114721
0.001535236025481521,0.00981741578383236
0.5715482350050505,0.20522748691724144
0.07858501664049121,0.32126210471547534
0.27444771928746,0.9964804213835504
0.03922913111227404,0.23500511147551958
0.31824333157884027,0.1829279591875156
0.05761325468442812,0.18867108185501028
0.4024743940218934,0.8870951436598631
0.24175359970963523,0.3480072823911849
0.5360091464930988,0.18560162739887098
0.01941752961936275,0.01235696427578909
0.6265854890781446,0.26879378166632856
0.5186111583839969,0.6781370888411684
0.23934909277868047,0.6913899940759709
0.0832878610471794,0.42512635876611693
0.6284660197896713,0.5135771385154048
0.04583726036211,0.1381606262195782
0.5860862256740731,0.39498583421741307
0.4777744863041723,0.7548495490225521
0.08424721565928958,0.07423916210143962
0.08713282391084046,0.09706739272647788
0.002234139140214084,0.011829734675133216
0.20205127986886273,0.12476167201069147
0.14983467909299247,0.1298918285330836
0.0343536116992333,0.05485905472716309
0.06104176402570724,0.04278297199609971
0.062157864074738695,0.38574473167739776
0.014031418661449215,0.005571473447712188
0.05711976390242674,0.3002187597306722
0.18918922220737996,0.3294353091294569
0.4524992085714498,0.7862753548045794
0.39816621634423066,0.2973650088141635
0.3650496263316377,0.3805087558351587
0.10334835581974598,0.10852293413172326
0.2865064465188335,0.5538763007906209
0.29383123654018717,0.781322482848477
0.12077669981222858,0.21990200290862807
0.03003561212837083,0.12365533654534426
0.6170903670832475,0.4724330946990139
0.20831583316791627,0.942868147750954
0.018272161490154305,0.11332101283619433
0.2501158002308459,0.6166597997886308
0.6396599862503733,0.47486964716118574
0.6251258080102652,0.2616154821334265
0.20481235928155223,0.7908178182832134
0.15247016456371615,0.12116120315727978
0.043499391470621936,0.13053622462202674
0.4773888280887335,0.13983323311313398
0.17453835790318165,0.1794243643138236
0.0139758451806581,0.039018695357099085
0.04892004734821576,0.11520718414642594
0.15425649029266594,0.48536683742953995
0.3450275205052281,0.10165701737107016
0.3086646247277843,0.9825195230650678
0.15485633158369727,0.6500208093288031
0.19138259149185163,0.4249516032273922
0.013729939914340572,0.03492179704681192
0.17721004499369156,0.752458531673982
0.2655299949046534,0.9756656111412039
0.07827512295847379,0.451400727552944
0.07502649411006108,0.10585987580741484
0.06727550174205464,0.3112842716887156
0.05115404489125683,0.0770125713253122
0.002816288126931554,0.006487641467399054
0.3487009011402456,0.4694560853555362
0.17304286783660364,0.3819859876870595
0.11868234894123815,0.12589405675400933
0.5685970410567827,0.6262426619180355
0.16481923003306273,0.5552684257252956
0.031066220478059563,0.01943711728756723
0.10923447181952183,0.40515418930676816
0.3473093548668087,0.5012853195734936
0.3225073445728399,0.3728630896173756
0.18245846468946636,0.08624940286533357
0.01828330147905281,0.018754542064246815
0.07818982159639304,0.0587895677674435
0.15185588521587154,0.7976972123580744
0.5851919538486086,0.2315425811676948
0.10031538745111608,0.4316165025610666
0.015585448624741136,0.09947823780370078
0.23737817622278143,0.4938831202831146
0.5413302432888067,0.6546553543499987
0.2166033891249727,0.25855277933209436
0.007411218716415517,0.00275437123610635
0.04693124256992958,0.13347308524694887
0.1104047770156306,0.07843498459857345
0.2543046459460592,0.28195150112760575
0.011129388858855683,0.051296461387996296
0.07318403330993269,0.30058527769238463
0.03221173067340915,0.02235032478283841
0.03303964127912158,0.15542034078605282
0.32833993834841735,0.5564670834813635
0.4771503389931885,0.17713306836959872
0.08841654409521216,0.2266180839035583
0.3352664889966954,0.9354023391672354
0.04374136546791627,0.24139257629332744
0.18811747466476217,0.8919878546241709
0.10936805111602417,0.6235641009632419
0.05048349232431756,0.15603794318508807
0.629913816551746,0.4979655104411511
0.0017655560843706079,0.009320524999175824
0.011571531230057339,0.01867595881210516
0.20426807540180297,0.1811019282311209
0.09884379164818918,0.5804511937709839
0.030064912875613265,0.03578717340970598
0.12160671758603912,0.6304787428611703
0.014941360684063995,0.035929219713117175
0.41283237427947034,0.15964634447936144
0.1041751809625292,0.4253139782574196
0.39854314009481445,0.47982789466365744
0.19712398299619027,0.2966248087084064
0.04307816340976066,0.1374589726170378
0.05676869231627006,0.26612149075453
0.0006485362074517785,0.001464047690041928
0.28027411902944316,0.28349240393421515
0.3623494448351772,0.6419401730625207
0.0176333454302285,0.07341290576225806
0.08286043742164081,0.399461143825648
0.25974210421921634,0.4217258172527795
0.23065973603695528,0.35701221697204116
0.4044758387785135,0.4163850439116714
0.14159496043775838,0.5295280611949349
0.2908912672042309,0.4798203227532003
0.14545445202649854,0.359027895065463
0.07292054179683667,0.08139208390895832
0.007815990388489857,0.042230589341844635
0.03333423076055121,0.12544050656047032
0.63812433746461,0.4383628389337786
0.13427764058113362,0.3352808915244248
0.49396340134421757,0.1511063038142054
0.003887076022526609,0.0013734061739201892
0.4319847274893923,0.34650857431483517
0.3008925193563351,0.9911408381371083
0.5098318097540541,0.73543455128153
0.006646011483090673,0.015434894411293386
0.5530010667956335,0.397420806878213
0.03393292175801889,0.04486676784818735
0.4800867007244456,0.44940149837737386
0.5881688706142173,0.22755814119719753
0.011585526262816425,0.02412732931744532
0.3970742407808334,0.9093199277272811
0.38103496854932084,0.5291926110828542
0.1838817566810564,0.8091029100191506
0.42614234836035,0.42507870782524815
0.6590520131977059,0.3484284341822494
0.1510125158152944,0.48022990332763826
0.11157335561062895,0.09940473777396211
0.03239206030112785,0.19880633050087415
0.2904165277962937,0.990815047259362
0.16063508799706125,0.7046717198362425
0.09556341732586078,0.2880534061735226
0.6075784225928836,0.4854718000237561
0.6516627800893505,0.30763547737297836
0.42569145381671225,0.7710637119050674
0.43956697058479344,0.7933651403073668
0.06546908846511096,0.2657850347295454
0.17197643895584327,0.32535819261248705
0.1582016528646782,0.17403660058297313
0.21227609168001063,0.21443059177836993
0.12399455731935193,0.3024196775708656
0.25820509341309006,0.7943429482307307
0.05707752695544341,0.22976450540740864
0.08084939648401922,0.3703995387693863
0.011470278380701106,0.008474280353671867
0.47548909228402236,0.47379987626363224
0.059540501427403435,0.31265333712814125
0.12795717833846598,0.6994874699841659
0.09195962807716718,0.052406179926149765
0.5895288966423355,0.44355575656186924
0.08034539774940674,0.3109095131010536
0.19318830926888783,0.19862076933783024
0.6570744507090005,0.39783716839132793
0.6601267046661875,0.3757282356439854
0.6345284567883239,0.4863073077802295
0.36277296813400023,0.10575733377784455
0.030599209944806104,0.016381223539455442
0.23495662879093607,0.9767114655055653
0.6533097148402374,0.4409712936263206
0.0073747528109678094,0.04447382886465818
0.056875861629654495,0.3308621284426806
0.025040754477880307,0.04936078414589388
0.6380449330223719,0.4785167926133486
0.13364341472088032,0.6885416364350473
0.09469450368327245,0.5440955000179758
0.23097003833950897,0.2865393050740654
0.2065066821705787,0.5187210348818889
0.2574292254928994,0.9803467507177585
0.04643221883927389,0.21393378082207373
0.1455400427221445,0.06809342583962598
0.35934742394927227,0.3112588394582475
0.15288570761831724,0.40289775741634437
0.05515626736751724,0.31554131404344665
0.5452731222687962,0.6700422330025909
0.03271342323050779,0.09391311733737173
0.2261136686383089,0.22145023520036794
0.39438887914967796,0.1086303265746856
0.10636120031661504,0.11842019382362645
0.1710675007862992,0.43324981070500435
0.0027285629716005504,0.014362594105444137
0.4668277143420632,0.18773577508667041
0.06594388607037638,0.370086331993628
0.008032498407481117,0.046040778917810984
0.13335015749962872,0.5747829729785918
0.29893668924332106,0.989013224835568
0.04948053302610998,0.30733041708520603
0.07619334865654503,0.2593882102900264
0.3792485526062013,0.7894504622020272
0.4992847502001216,0.71697651954636
0.5039191680520899,0.7442376800778622
0.019736753121384707,0.051658745309640035
0.17506041186604948,0.7423893764944345
0.16569422940832182,0.10459420329842635
0.047670446660930975,0.20762941256895254
0.1661800331826454,0.8453692501407755
0.6599394010132132,0.38924340912461464
0.6519025995558995,0.4017832935479778
0.0005487545771784893,0.00012457891442890217
0.22482128301653173,0.19031159433003988
0.3343582622180386,0.9299050884282606
0.0216945112514339,0.12511296264702018
0.03224531644501781,0.007782907907496573
0.1299086032928228,0.17897477690565883
0.08866080042634773,0.07971406483559616
0.025662548360615007,0.01211524778816655
0.27347177827128366,0.8584485802644825
0.18946365314369062,0.1339500612909117
0.2618716267459576,0.28619498314516134
0.16210926945633727,0.18177793663281216
0.1611768726962505,0.19980903657243476
0.013827419493874152,0.07535550270139693
0.14488390584922098,0.13405607778054168
0.6356552725079934,0.4959073034906962
0.28932970095682675,0.634612244303724
0.05944543718623298,0.048150047409812984
0.0066858508054739064,0.04014376193423212
0.36273237438465017,0.8853258916584192
0.40029967729863747,0.7192962982397516
0.30128070200298007,0.977632256515473
0.17007064931913865,0.2879693782378266
0.28877746099516227,0.5208515992458483
0.5193582721415613,0.42662589764166287
0.1893794181047811,0.27537381367458347
0.05393858794555121,0.23931419242834298
0.4202069395454937,0.2948904564293861
0.06911770079277693,0.06931752540528223
0.07301442042848069,0.030868330250210765
0.469785534521304,0.18747525279893587
0.4291923981830585,0.6129299122472331
0.10405538200297598,0.10476150008913493
0.13803854866961665,0.7527768132016008
0.4901344392660163,0.6892839223697838
0.2752314176585078,0.5542287055501036
0.17109196380040506,0.1702248183373379
0.0014450870718864253,0.008526965601148441
0.31718580773046195,0.611721920344658
0.18293810961082074,0.771345745402674
0.24221338091652833,0.5010094151201488
0.1876105539170904,0.9030506748350049
0.5974049216469924,0.4148707465821517
0.11263626013491629,0.07792125121517293
0.24040875725150765,0.9828215543450192
0.017306912467946578,0.0883767240117998
0.16936124501740107,0.533438255042223
0.10768984297966211,0.0730642761185031
0.01071906146049983,0.06813403306294046
0.32981993356613354,0.9556855104286488
0.36204867185574685,0.9450063794067839
0.01850690411586738,0.11633935025261095
0.6340939927379006,0.48886493325386604
0.0014810904213580524,0.0038320529692734617
0.050876213800322395,0.2739747271681001
0.2753299611217631,0.2962863291707356
0.006795751286375167,0.03287995626938368
0.3459877040767065,0.22267033247870158
0.011970150371292733,0.062792577544523
0.004818739641239739,0.007359343135063377
0.44512190764285403,0.3253150220421728
0.34243792038679777,0.9254360130890418
0.4458621997612618,0.27602565922858124
0.32971694128969964,0.9790755651332029
0.6576274065374781,0.4183441283940303
0.6592717969104169,0.382801047120691
0.3973381117830025,0.7817754513298373
0.1093614058266967,0.12199851335641607
0.05154038069768536,0.22265021882028338
0.6512654351505774,0.3059853397840052
0.00045747506674737834,0.0011515129719317024
0.10187309673863143,0.10471627763712142
0.10514772594313636,0.6141194346943696
0.19275488314411382,0.44749007144736586
0.3741571729048836,0.8541953324918254
0.5538247320686589,0.5755700586149791
0.2783756364074114,0.7130256037050428
0.17646183375836016,0.8705472657885703
0.11592552700311427,0.12374680199142896
0.36942032277914144,0.9433138444336668
0.06600696327467061,0.06475564596141137
0.08901476082658699,0.3052087950039072
0.1395520440441488,0.04587763919930105
0.12380403624718973,0.6788321919267574
0.6493020319724203,0.40265517537747725
0.03513378871893086,0.016064423509785555
0.6326093026935855,0.29201278630147853
0.03510168124689773,0.1730983167908433
0.029388030929560455,0.08619573377118975
0.0003138757342863469,0.0003102153116095444
0.22264892489678845,0.5799433463661441
0.11800156395628571,0.1252539117400035
0.2370793576923321,0.16477429965609666
0.21902164768714708,0.9507774639113207
0.23555691338514478,0.5517535874678527
0.3485129543405659,0.1441122677705073
0.12445815424209326,0.5906856135930842
0.10458379774232936,0.11456111474310564
0.23373203956427147,0.06443667750519577
0.3464724150763164,0.954827962681838
0.012474932260134387,0.002006150868102503
0.3189306457082118,0.08568091884154408
0.40759273444898614,0.7101190692751412
0.4458010949234513,0.45333685647459254
0.1711669681864418,0.12416455638879235
0.009594598672740299,0.003301236934245835
0.06880584340586789,0.07655987843542883
0.44539411630049486,0.38105488786203057
0.2716016198664269,0.9984856443757821
0.26577110036913704,0.2980262606268612
0.4623926775276772,0.812643174753567
0.6064419818054362,0.5464973963837336
0.022275892849457413,0.09047355724865654
0.49352562622996937,0.7626199532598276
0.19936156939347022,0.9269737999926859
0.01819660385613843,0.07809744947429723
0.10884563444019442,0.17239623451291544
0.44194028639784905,0.3425856833912445
0.10313045936082692,0.09036682409330439
0.09311208002843281,0.24950733818172932
0.37409977121071186,0.9254076930798886
0.052207225148615935,0.27473644286618293
0.11287561639161219,0.39941547438476727
0.1333552402216457,0.11528244262321652
0.12866822259785382,0.39694408305847634
0.2830877267560646,0.9708492259198135
0.11073650761411424,0.6402403300063811
0.014955565466070905,0.0021468828948913474
0.008270807317268189,0.019776473946604926
0.005598096336921611,0.0008175349425514879
0.3742619740828338,0.36232527307982404
0.4018841402804515,0.8586959147134001
0.04012041271559544,0.11455023502549491
0.18223196504539071,0.5981693472475126
0.43143717716136903,0.8331355576245074
0.026981169982999192,0.08078837826387587
0.5030124375538946,0.24373089515196716
0.1934894697706376,0.1674397831684669
0.03303778131468485,0.019056447929723525
0.47825362868447757,0.7691073609592811
0.5445443322758463,0.2311540894643709
0.037080323830579395,0.14227285171760043
0.09159625215259617,0.5232335074310274
0.006917105753245114,0.007652322020064296
0.3639059534455816,0.2151935898308767
0.1592847395900299,0.167632064171801
0.010430796956418813,0.045499849670575916
0.2471116032367841,0.9629733701132983
0.21481928702047495,0.24070732316302706
0.020973633403897043,0.08735792780655194
0.11983285641300839,0.5066914613942937
0.5176182817085494,0.3743904418649063
0.1531391223439202,0.46574472675203527
0.002577933553637059,0.013856048135189739
0.24096376006919598,0.09996732802737793
0.08240118016570035,0.2591361079474554
0.010834754297262807,0.06854972008079059
0.04196873506595744,0.24257902157266745
0.3632210969478963,0.20476431987379093
0.06185352727053501,0.3174380351232481
0.21397991984390005,0.24647237207414513
0.04404659271914247,0.04809609313502586
0.08610750370909885,0.05119255342327664
0.48283038705317627,0.6441057084383224
0.46077520964907254,0.7967383370875174
0.1741387819583705,0.39955494493077365
0.3073098045994169,0.9897059150294923
0.2977006864930613,0.13545593334080022
0.055826298879354475,0.15862438598620351
0.3928457828424728,0.4426533835681438
0.2838963572681608,0.5370655118081793
0.1073578212290291,0.11488323216571694
0.20016610494103595,0.8165123088157281
0.459108333221831,0.7181392574571741
0.018653393893348316,0.09903333614299605
0.17922899970387277,0.2742006955586554
0.14256587494223485,0.6758807718033728
0.15904984575161016,0.6588046529250274
0.2345528390512598,0.39316947867033425
0.3232886066423199,0.6843147118492378
0.11222469472434846,0.09211835426607812
0.6318250718293845,0.48291166658669304
0.637392979516006,0.4411705679632775
0.5256717494818861,0.6667395323216686
0.21142633393456253,0.7027401691881093
0.017463784707319362,0.1115755784673057
0.21263375491308126,0.23496740287050427
0.3465376421484861,0.9562800888966523
0.42371875723230956,0.40723903110572296
0.08836883584022248,0.25420198411058403
0.6095167681271704,0.24293608693065005
0.0043557517205102935,0.009178092847127305
0.01756408703184428,0.07367780962913875
0.21819377070175341,0.19707693116040326
0.07832875029658837,0.19821346500604928
0.041835710325335534,0.17930142093919016
0.12806739477003798,0.1425152967661596
0.5266459830515262,0.17259281549945205
0.14320209728846942,0.6798511861873917
0.22961266876393932,0.5617771737745807
0.15137931607743774,0.7607358744292695
0.5431181488998569,0.6703047348737058
0.08032843839521148,0.4714614199898323
0.2758028548161226,0.9954437212535793
0.22534323434655615,0.7530111840996543
0.14211774422493137,0.768466142767351
0.03857591715217269,0.20512580386773024
0.1285695110366072,0.23900685837846972
0.1544058152357079,0.12788338460956503
0.6514218958735339,0.30547936673361326
0.13160101386693732,0.047449039226842155
0.01682896287650547,0.019373894308903867
0.05935881988430497,0.3681408289993591
0.012549665823548476,0.05970274168217941
0.22332636015452517,0.6828076595606251
0.06728250924220823,0.32027421667599837
0.27514931729078074,0.239594671047948
0.23103894261781174,0.14962864109235596
0.08122544821601937,0.06150413085320691
0.32708811765219936,0.1374830883473037
0.07543960261532047,0.27223826456742756
0.3458529434507017,0.3681863999271794
0.5271895089649257,0.17454069795441407
0.04962682000275453,0.02670692644402601
0.2765860003240908,0.42943506059134373
0.20727280718366065,0.8398344736989363
0.3231366818868123,0.327618786949388
0.630483902459093,0.2778425423579182
0.18328328019143839,0.46637820470724184
0.45552082615662826,0.5149641499141505
0.4692588233908047,0.3417963832337271
0.2112976765480708,0.5832720588625144
0.0009329091418281282,0.0038858851002705756
0.6041324768277326,0.5652790887286281
0.15173779679947805,0.6676972800875642
0.030758983896441015,0.023637229381977404
0.12574455562417614,0.5845640986992102
0.21639474214680046,0.8008338899766696
0.109848513572008,0.0486242138188241
0.06012071669013975,0.25064927707580076
0.10557431349420966,0.08008323651421181
0.08112259468129844,0.18558066688289337
0.4497203620529061,0.6346027030787642
0.07447822999887929,0.01994904840997612
0.31664339919612067,0.6109270143164804
0.08717896738921238,0.0657930095527416
0.21175202624401213,0.47171095878208097
0.262728371650375,0.29474320468671106
0.31253904070892674,0.5818161536241333
0.45605463950729047,0.691504366613806
0.00032040285211487986,0.00011312493370900516
0.15327275482177802,0.1708623598230009
0.32053202963198996,0.9858561931364674
0.46768249676445217,0.803397658858884
0.002922538165752369,0.010538604801799096
0.5250762713567729,0.7081050803111885
0.5044510876221616,0.6052134358599551
0.575489163150296,0.20939483776735174
0.12863637049226018,0.714636787545017
0.2173537656984637,0.8724955100967189
0.1897618614099944,0.9012141932059031
0.022216861868434957,0.12563130658837
0.4719971650926799,0.7187902096527927
0.5334282739068039,0.4675239824844355
0.0849481688444959,0.41282807650279824
0.07488346234279025,0.45626230879077495
0.051054777802370964,0.051567757000601955
0.035971419041378946,0.16265962442847776
0.39126196953326065,0.46393594203073835
0.018882402305092194,0.024871845470535645
0.20858018691096583,0.403382375389854
0.19798204963109914,0.5933165112948987
0.526137032145453,0.5864611178873965
0.09551908044014096,0.09638581076477473
0.6541846916379944,0.4194561262349915
0.2903578979547819,0.9563500967960121
0.003660516091907263,0.005260853513657676
0.41724372905719864,0.6413725693296993
0.25169810801877146,0.4953213848163694
0.09249263910233385,0.11677566382759862
0.6552955639341433,0.3410390178126062
0.16030159410538136,0.8243181533114725
0.07604703275813568,0.4635632872887713
0.1210235977950495,0.5612436680754723
0.029272317036374,0.12541721352359683
0.13168289639831537,0.24708151121243704
0.056675779549441,0.2565729825533633
0.11342245154042639,0.09462210711088294
0.4106247883023417,0.8731942169104344
0.5741101025010055,0.6055149687939174
0.028242406923348288,0.1413276750454212
0.34463240880796003,0.40494481979352037
0.09273800850544708,0.0970937157001342
0.41164034143642514,0.7644792515292915
0.27809901404574217,0.7795607773015107
0.31176797245026716,0.9552248356911346
0.0007924914541449936,0.0007063211784150623
0.16536426931950646,0.6425191983899782
0.5335469984268427,0.6189981777030225
0.5428854285256878,0.28474486954554806
0.13008992049027457,0.14561636210819265
0.48378898331226955,0.41830756978540934
0.3373140924865655,0.5061838833696866
0.28153565205936953,0.13176713242349503
0.3891167913886926,0.9120960436345688
0.27555881241419855,0.9860381847374212
0.15347341795529515,0.7312669807942646
0.5732481313262097,0.5909780360788729
0.5010326822704908,0.7240773267313749
0.09499371790869483,0.02518656113139176
0.23321161666147408,0.8620858448352939
0.5131049873221287,0.6360093256383237
0.5179005084783548,0.4777312558757951
0.5979654532059576,0.2701587192859141
0.20607551044942768,0.8411515314902644
0.4892842878175334,0.6613790747678769
0.38112893028420153,0.8501383937379182
0.08395445699783503,0.48474171394077065
0.37989602888192514,0.6237890540194859
0.3644659116205407,0.4792050496627479
0.3290117711490024,0.7216422551327712
0.04973870258904462,0.28896951434442125
0.08369143822762382,0.5063428174374782
0.6446346452611807,0.46487015157521994
0.07191961632686594,0.2211695269689212
0.016078580928994887,0.004105778932534181
0.24788435550013968,0.7496580183029911
0.3754094101663892,0.11713888741002303
0.2652583105219829,0.9420323167067548
0.40530333082700515,0.09942691162423041
0.03491044370291798,0.12568334680749446
0.15920672274573489,0.3090884977061895
0.10543266269439935,0.41581179758474124
0.020419541702638124,0.07411253845592011
0.5213350371567269,0.550376701106499
0.47535369146380535,0.4902656200285189
0.06727946831790853,0.043847425597499164
0.3793845264741724,0.3817961466234523
0.23570758634823408,0.2544902169450254
0.16833952632704402,0.16736959959982534
0.017356971410365324,0.07000160897219487
0.038444999095506124,0.02100353301273312
0.1637882162292279,0.7977817504325705
0.5288618591695368,0.6541624050544009
0.6123048309446603,0.25453445987058665
0.19030927719116028,0.2562565375148543
0.4041083485464414,0.7852222204840048
0.017571483602297426,0.09332197847086791
0.21442322537258404,0.4205446293626602
0.5369174584712046,0.6835441151746132
0.3139020038429904,0.9783568091625057
0.02342162388940895,0.12523495163292164
0.010485778080739071,0.04808886082278739
0.5675282095824055,0.5860280058089509
0.5911160399838669,0.5781734449232276
0.4179124187634986,0.8510676104828377
0.3242333998029041,0.941023413626905
0.21039489346434184,0.27429806396026957
0.12153563913326752,0.1323122348709809
0.052175596647099406,0.047381615814151096
0.10631768102294566,0.3719393797319829
0.6585657133983651,0.4087831721372178
0.30159817961802776,0.917908425020555
0.10263143470490536,0.10570067089132193
0.19691797809504008,0.282889511369022
0.32481174963127407,0.37627959678317924
0.06856369201966588,0.12984732651594663
0.15892361243004308,0.19519961073327924
0.040625027552248054,0.24177974650601905
0.19635398440987664,0.3467400779167505
0.09457215152947908,0.561998779198774
0.5840283876076539,0.4544631429048358
0.08729565454569277,0.09786155460424867
0.3586282532148877,0.5908078130432449
0.5177810589273553,0.34500084127364633
0.01074195233075841,0.058750132581531445
0.1182453722370393,0.6430172882875551
0.6046098744870898,0.5149750393724204
0.12646359563687237,0.34969656543697314
0.6512660859611763,0.4289679388283473
0.18029308740090214,0.04215290441820237
0.05461518943241738,0.1626870160936585
0.23572525851515277,0.5873884573366202
0.1792545589428188,0.1791143084501721
0.1622712200162807,0.7000608386496976
0.2403925668833169,0.2654621950225957
0.007393379902983056,0.043875253495053286
0.5917382217009872,0.2226325051169718
0.36023859158054294,0.5012680788961942
0.20180558624924397,0.9126266795681686
0.46690001105261875,0.4915236982150392
0.05353821982359895,0.33438512926798125
0.5225070550474249,0.18107888942573283
0.0025230756070145446,0.012241338234031101
0.016519038180108327,0.105398053905617
0.010318684752366443,0.011359283766647918
0.0034796058257396813,0.0178109939701861
0.5800279496117319,0.6030047641613542
0.6251773351449884,0.39701012445073064
0.07119282964564769,0.244473907695196
0.16168150329455025,0.494224599783346
0.07789502564541315,0.23933892241664592
0.06407145855841653,0.34365203773629316
0.41914797937928955,0.2539166756731844
0.34367531264914525,0.9317869422302719
0.20736700138037428,0.7752708902369141
0.5564354763926826,0.628434829047353
0.010399044646435245,0.020758559001043883
0.25556716628187026,0.071610991371023
0.009709944988384211,0.0068935935511427356
0.13888186835557145,0.2446381696359727
0.06857034545382122,0.3788233830701199
0.5223974859734437,0.20156385782274397
0.26189785903636215,0.11956412220368903
0.46371741153138285,0.8014843622728636
0.2258266135583598,0.26871515448884287
0.12378316482964613,0.504312288888588
0.28638980519596996,0.31475964225772224
0.21374534976754184,0.7873021255047746
0.4600813784561462,0.7910428784004385
0.06077984883019026,0.30072180415221667
0.5094420527214337,0.40701894716831494
0.26477832298858933,0.8085106395615698
0.009586212045116687,0.04541321317194132
0.10914761173357301,0.057922826506062064
0.6603137514007319,0.37531237674183654
0.25108405611024326,0.6357937234785925
0.33781972479177474,0.14397200876155206
0.04281985729456053,0.2578843370671928
0.10760289080980247,0.031843623868736834
0.08211348216880836,0.3187955324354267
0.06531769728652785,0.31202764793665727
0.19256930226328695,0.9143157571561559
0.02186460694069056,0.12723931104259706
0.1730688383524247,0.7523395970557166
0.2931146321124305,0.9950061567162688
0.2189985270318865,0.2667072312880331
0.24082066682982678,0.9467381743749637
0.3428941341377312,0.7431011334644563
0.38971962641502966,0.5189327358100199
0.5894173751776457,0.5847155298232617
0.019593001698242234,0.004535340504188819
0.3738047550933983,0.19611048232300043
0.023138895305447757,0.02406378092292622
0.0650164171045507,0.3863889362861396
0.526461228887708,0.6796443329595752
0.5481681365967424,0.3436273474291749
0.20589141216620777,0.08695304110340894
0.016768211737051897,0.016593331745923368
0.5401893983204789,0.6170590328394678
0.11738872929384749,0.11509376305946437
0.3676751315588966,0.9424284556008302
0.16826713415127242,0.3924253097854093
0.19007122568900903,0.1097224328511874
0.02244344507598983,0.11573863142923926
0.14762659824548183,0.612147922756782
0.5994171542263265,0.5726230120138297
0.004175667227303448,0.01496181629695141
0.37211967720731115,0.845285879383673
0.3948337417454538,0.1249808984614863
0.03446148742209525,0.03747433608804744
0.5809479820025739,0.47257129639070183
0.08366770619108513,0.08630206879322222
0.15283706567264357,0.8067260163657467
0.03154276858438584,0.19886277754325424
0.5692969129697356,0.26677286194857625
0.22093611386143056,0.9603774581156226
0.06662550864568421,0.33046373336853235
0.060772032307228684,0.35864146001552305
0.4098455125269314,0.13618800226448505
0.029153181088796363,0.02862769454951488
0.06261185784517746,0.07023128197908261
0.05947310761933385,0.2605996774161357
0.049714207357960075,0.023008566152126354
0.05264572772401127,0.33057515348569066
0.40395095475708104,0.1746552093432809
0.5804372467394978,0.6112251281895119
0.12518263572344418,0.059353607909511615
0.019609416190469773,0.008730286163288572
0.28249389432425825,0.42001105305683506
0.027150342249028476,0.02515915636853837
0.14511736533467498,0.34056800496207246
0.4550822366517216,0.6647502658540104
0.21551201147494667,0.7877227137528259
0.2888382152137325,0.5537379221129242
0.017428068829778105,0.09543890132265884
0.6446205549542935,0.28584859007650865
0.40819516013888907,0.2118470110329194
0.5456198939150497,0.37788115630075675
0.29061307667192887,0.528283339155336
0.19703165589860638,0.8673292664715995
0.2054024107705257,0.12796919271913598
0.4280189221913952,0.8639151680435151
0.23998509133213713,0.2690765244555293
0.11940558961748564,0.03250285324203105
0.2698371347584667,0.6619834635733142
0.43414651693550005,0.11855682355400109
0.19235780391080437,0.22937520741201411
0.014714735878351547,0.03509298785936948
0.27429368112169844,0.9386921030593949
0.3329569455335773,0.8201243516348
0.21130811035727148,0.23471874535051873
0.21645167730973064,0.6838217000292308
0.14831013384951502,0.2656716599669554
0.4277377907190753,0.859553638209828
0.47920384404054167,0.16468944661717205
0.0040183504850861375,0.010530295527744715
0.05430970483884839,0.06085801262799438
0.04994713787571154,0.0668331610961259
0.6566946389253077,0.3582921730009822
0.2113852522075702,0.6930740685705721
0.13610457565448822,0.7453760257588951
0.12143692375530031,0.14681282978341603
0.06720982102171065,0.3716784839189603
0.08008768541085981,0.0760136331175287
0.31571498323328356,0.9755929037248225
0.09783302528451593,0.5682184565088928
0.40269058900746485,0.8801577249681451
0.02300927927103338,0.14706807392838767
0.2724112813391285,0.3326061811921369
0.35138735748659106,0.13813968882495578
0.3586890761490161,0.22597863249917183
0.14289177151091795,0.6483213068630524
0.38804936977697213,0.9007545770293015
0.03966925269260923,0.13556989411974624
0.30682847887944004,0.3835962972888288
0.30401494713792465,0.47184586629061387
0.02156550135012892,0.1381048746186736
0.08248358228474131,0.4426474423489103
0.3550815633215485,0.9071825246428735
0.09112503407484722,0.5418034731818824
0.06659228494924922,0.1529017827973527
0.17805764446731384,0.22383789468126755
0.3599727605281518,0.4157703344303362
0.3232973163995489,0.7331835134649692
0.09486868179348806,0.08013527679951117
0.3925175411992766,0.5380753774298523
0.3729038841242514,0.11165768089491565
0.587934620167515,0.4831560997405601
0.25279831158813065,0.8644214932569265
0.014501514231292641,0.05402029187392919
0.3958947905375013,0.7608941362075917
0.4471423897637884,0.12535300086067808
0.17472538246999997,0.31939294287934755
0.20073404362688976,0.18237865318123078
0.17193283334812867,0.4545014791311852
0.41184002642020034,0.525077220870813
0.2746657491207462,0.27449015788872116
0.05007158325186243,0.020137070821342713
0.03139692012234034,0.030383386395281292
0.3909050990361291,0.09293066896218465
0.17760049571675762,0.3387429598589478
0.3304735482281758,0.30898530199083485
0.14904432306091542,0.779079067782541
0.03261944674489668,0.1780433273677388
0.4062130156889916,0.28083993409612246
0.36577484228079743,0.36284686934949145
0.4296555944461788,0.5008702018524317
0.03852346980629528,0.22722722374906867
0.07733986378323209,0.08321954974757442
0.13300536001136,0.7349458316388582
0.020819980624646354,0.1334966896350863
0.13960700296993198,0.7547977511698183
0.05104429761576702,0.06067812370649198
0.22897885061220596,0.25151839197030096
0.14333011231242637,0.13108426310604487
0.07196143306039567,0.0193709696354206
0.31532566381231447,0.17161768898190727
0.07505429874045985,0.07704931671016682
0.16734434071158993,0.8313207407565535
0.5809703141167143,0.2172894496880187
0.14476668301403417,0.3134947255608986
0.12080895251114922,0.6397625647582122
0.30514270048327263,0.2741574368795188
0.026118575716381254,0.16695535155840208
0.3190132378248926,0.7434308157842558
0.14608194333204794,0.13516500603163556
0.07122860637318408,0.07776576018706068
0.25616275619152035,0.6570599091569821
0.015428140581232508,0.045661604425285364
0.5484493103430367,0.6668179721263523
0.6122703546323687,0.2603506678803021
0.1920391191947797,0.9092345314950528
0.03210297009652712,0.16824314655810418
0.1629651026542098,0.3956389855999947
0.01754274376200487,0.03616588788966254
0.015673665535462736,0.08051942234842119
0.1356742331922275,0.3344169487831436
0.1252177551118038,0.3024916129890991
0.06313982669729232,0.2408919024733335
0.2715183438369461,0.9950109192770886
0.07734188445363027,0.08659258937808491
0.5404816932145728,0.42848287278223257
0.5642500960624475,0.6353069166868353
0.09173569020921647,0.49742763581297544
0.46293071544235653,0.13509347482983175
0.6251022318361352,0.2604865775402968
0.42341249819438354,0.4329819095654674
0.5100228405198071,0.6502528401797547
0.4592555284911159,0.26874291707647985
0.27060791558098846,0.27677020298380217
0.4788931112160132,0.5887427358095902
0.07205679987075397,0.06360111601418371
0.06820730868960889,0.38541529920028156
0.04193841895942446,0.047042265346077194
0.24750333824047382,0.8975757965829757
0.1428689021953357,0.1325995381446409
0.1745877388694163,0.785249004299659
0.05663664642900188,0.19417784053931855
0.27584191910006867,0.2921191405369694
0.5684979416634813,0.24540627136816806
0.16831506280671873,0.3309662774579821
0.25150370294609786,0.59064590437705
0.36729183342076155,0.4548126988824317
0.4265658891623325,0.8527033770626129
0.05163000761358781,0.11008611701343111
0.447910063397949,0.30794189998087507
0.1848928516959132,0.10504484299072264
0.008893594090399547,0.051743324493127345
0.03396179464962461,0.04981244015185145
0.012508527489323502,0.02303160723017404
0.007914267686322194,0.04058828642891798
0.30776133744187395,0.9939701062902968
0.1599967458530247,0.829186473646707
0.29872524751242363,0.6178032445015973
0.4139997930171416,0.4423730439174661
0.08008430661792668,0.0898272615962807
0.048387469952572336,0.26168564084239837
0.6538728103801115,0.3221199357785003
0.08621439827184431,0.37257877507116294
0.1484994471062641,0.10685755809432868
0.3666640461293621,0.325119647838091
0.22357953680524761,0.895132883550568
0.2492777077760516,0.45690929363668287
0.016679064437752054,0.03548221330608435
0.5300421150936252,0.4249639621867307
0.19502824523760995,0.8169215266505189
0.6325241675953184,0.4819263533230962
0.08415171363987026,0.09114862284756485
0.28743518743006535,0.41132288461700334
0.3829977636760454,0.11376244329891191
0.003177507530678166,0.0019533201920915893
0.03916374181191777,0.19942483786276927
0.34503947473654334,0.13452994711394176
0.2455504564131363,0.9846940012480424
0.10552151494932444,0.0513136072271156
0.21356518279215234,0.9063555726288228
0.12839591375924483,0.2886596518907378
0.07244926098219596,0.2279725860296236
0.02159598166805702,0.022431648657373748
0.2833624138104075,0.15942203650217637
0.35517676503114215,0.5591778917783329
0.3670812038141094,0.9040593753363163
0.2124608800420072,0.4074723206749296
0.15821818582518388,0.8120551686370732
0.18038670986856803,0.6951368304124963
0.12768506839218674,0.7023382782958402
0.35476252931351643,0.11921276002798174
0.19280085959845775,0.1583744106324455
0.13517178337931357,0.7313243802462485
0.10314429596912467,0.10274883311233145
0.11768556103847105,0.6714095355449051
0.3064626242732574,0.3299061028503199
0.0022830451319198995,0.013669839257359642
0.1616869837729094,0.2884601897506794
0.00928230414784298,0.056229480803453046
0.6532684350297895,0.329669464758725
0.007399106412754048,0.016802116507861554
0.2508468810286805,0.49326459202422435
0.010785056134188923,0.0014548705019627138
0.2919415098822027,0.20609567934796796
0.3915762056741225,0.09263460461215316
0.021740964915775544,0.12861979078439112
0.19347343492190439,0.6215599256542507
0.30851554547368315,0.3092190171036462
0.12693030064643984,0.5032063274110302
0.19864348485703742,0.9018504757834236
0.3363785075681555,0.9484140675547661
0.008486496333336037,0.01171082784556068
0.14603883117949806,0.6092729306328986
0.608358153564388,0.33387865752840473
0.46649572762365515,0.8050777525195245
0.0033623645881924688,0.0037455501348517078
0.026369192054903904,0.15901182944773337
0.6516186711527773,0.31646090579463043
0.08598214250424356,0.2451661733679274
0.26801814685076664,0.2911771412248332
0.40021413640232983,0.8595941180564621
0.2565683025563488,0.9821061951853423
0.010314217391606057,0.05263229462507611
0.5006004083064256,0.7398944368042442
0.3811002940473751,0.6831006047660496
0.21625141604153397,0.3231239965446328
0.014238667971716358,0.07460089497253852
0.12676053611697277,0.48959214274332413
0.4269429911779648,0.5438402442514568
0.6514557439076971,0.3870940906982013
0.17356932133407232,0.6161776043728103
0.2612240754439817,0.5935987032597445
0.6597209649449128,0.3489483590920092
0.08316836921089726,0.4019014586930938
0.05159889217707881,0.32047605889062264
0.005899882088314075,0.01995629118296304
0.6530935009867929,0.3184035009267762
0.012478121741960732,0.061181591824600645
0.2990156687569193,0.25822808885497983
0.4105160289021388,0.8898941999538298
0.32182477965579775,0.6208153327743714
0.6048637828626138,0.32383144127333724
0.06104503927816953,0.377740860674338
0.18663644472912772,0.2046636807878035
0.3216077087310882,0.9667057558348575
0.18952338210781805,0.6878376792764791
0.21863737611815673,0.16520090037606827
0.02215165353016332,0.12140106907798832
0.38298129416830584,0.7532325718464772
0.6589822010568358,0.32951821684953053
0.33414453528612614,0.6910173017846912
0.15478729068382058,0.8132166163335606
0.2022212124947732,0.9257811601976152
0.12111529729521059,0.4335516867445775
0.1885851386752059,0.1936406441984554
0.4155557889470259,0.8766140195725458
0.658861506647034,0.4081863334836541
0.23596960475477397,0.9792720498106204
0.15070248755857937,0.146573917507361
0.13538007623769965,0.4421655962595991
0.05110917210182277,0.2766478439194494
0.35818726112482374,0.08535273848407962
0.5435465073893714,0.6520029486042176
0.17230014720148015,0.12516200232041003
0.26918065936320407,0.47038890722650717
0.05599020438064669,0.08709990064454227
0.20791985853129943,0.7574992621525004
0.31968136559863125,0.6069719584187593
0.1576330330012162,0.5040791880880817
0.04293068281449305,0.04140707310330086
0.38369853915738916,0.7775453213292823
0.046455160532555155,0.10015511609266511
0.15175344927137766,0.7973617719374303
0.30247597484859784,0.15190256367983324
0.15261325636829473,0.07859015541859758
0.1560323696673127,0.816982485930029
0.2648420144876949,0.9738975999972197
0.023182213623282415,0.029143457158048097
0.2839465340592592,0.3156732480020279
0.6227332228336288,0.49977633246873376
0.5126367000456297,0.2547329806511924
0.3200545870793118,0.30484206144258386
0.16666199038840032,0.09236864041210717
0.021266648136402798,0.10528558495643021
0.08214217779467747,0.23573840609583127
0.3927796212543364,0.5099138662629916
0.08332669041975162,0.3805914309964352
0.16758766942087344,0.18768944529620765
0.2952805373774528,0.3690675874719541
0.4435875571326101,0.3980559551442453
0.04348674191251828,0.06894997629632739
0.29767410624582985,0.996001001570777
0.11720838871010616,0.1313745316673439
0.12243429181131298,0.11784276536948801
0.5338250938527297,0.1967501387381808
0.5559078498414893,0.3025402436704248
0.0751303770408504,0.2530390693036676
0.25471090125007456,0.1948431558052096
0.32877975566685236,0.9522986255628096
0.12881839843722317,0.14063559404923784
0.46708758480577767,0.1735032061823136
0.4623963282307952,0.14906055336154722
0.0369806922381375,0.23507111307230066
0.1603805740475005,0.37914739006241965
0.14126037617555365,0.18485983726012223
0.05395918242056517,0.2382025137127694
0.020144151380399808,0.10949550811988043
0.014497460619242283,0.00962636570843428
0.09473321760528511,0.06945378759445983
0.16759061123527252,0.6611048436152712
0.14229575891856291,0.6095958315973987
0.28713774747082715,0.9526760136972761
0.12337689774614677,0.3784876371446053
0.2099978015063723,0.31271049167332243
0.247885879599429,0.0652913655877702
0.3715314370769429,0.4765698390184717
0.28892725478590414,0.9110084378240694
0.3207197203234573,0.21144067077870984
0.06555258863145123,0.05824547361970395
0.019873778201606084,0.0181720101632658
0.35421452623357863,0.9387814716440174
0.475492139161449,0.3783618644850229
0.024572214611446645,0.15550077801905035
0.5998539404836658,0.41639034901746597
0.22503113937918082,0.25098382114142764
0.07766085866742486,0.06774113576950205
0.35566650973139435,0.9557686345171676
0.15555568560808405,0.2810167498321462
0.4264456258187952,0.7577803802059643
0.18464400124159697,0.20341984574875815
0.32945257760923996,0.9792665823824499
0.1993462027473535,0.21945309255588308
0.06539502794989234,0.03682887834868427
0.08796319253275187,0.08927380755461949
0.0126508972011427,0.023329897726397597
0.3675375759014491,0.42601862431460663
0.14264146707383632,0.7512441435854013
0.16325122860003913,0.6110269322924159
0.13694821875898147,0.14885035864561524
0.0905751560531185,0.06750947579003519
0.03456148362663755,0.02044866496319121
0.531373311062702,0.3446671675201385
0.06308519649758858,0.3715205225323064
0.47689715131417126,0.18908377802122278
0.48446026848838875,0.599295424493965
0.2026543872184673,0.2161937718783894
0.1673013551802642,0.4033006637120182
0.6346808113801972,0.46401623919541474
0.1924246954151444,0.37887247677825453
0.4908130585240577,0.6311340197718348
0.17499794670611044,0.12347678634781842
0.019848689667107514,0.027215665949775286
0.08491083249719873,0.06813805900377837
0.14288303573159927,0.5960721742636725
0.1287429300780811,0.6313259457803159
0.30337133691030854,0.9342988001033482
0.6496436624637568,0.41363697344570527
0.06709965321222992,0.4145834586964227
0.24517464111903928,0.3697104262963466
0.013364304879891936,0.050606219001960565
0.026433180853704906,0.014020853018984593
0.2640300188140904,0.47244074588472984
0.079020559510038,0.18318160686147453
0.1421091931221665,0.6366271617375842
0.5235827001407176,0.6875965444784029
0.029936910398641742,0.14898354791339566
0.1683428225959119,0.1784714345233355
0.38358832413592947,0.19378268171304683
0.21257928040527377,0.14590213206983568
0.08207477148104578,0.4185388770058586
0.0883117970954857,0.2195007490037423
0.4062669334547434,0.3336873506616525
0.1929031404501137,0.6923747542944063
0.6598928707127992,0.39630812103540775
0.3468666706744167,0.5000955793762849
0.5686099296831166,0.3187901553965657
0.31527466844600927,0.9817863730494661
0.018541197877765397,0.011964911690371614
0.04452916813657086,0.2526053222930961
0.11140548621421124,0.11497037337217449
0.0033075741134103148,0.009116612459981176
0.01850920966590755,0.11266880921801639
0.03561685621864765,0.14858520065316588
0.08703938414109544,0.15146587353745739
0.3845493280265418,0.6695033033151181
0.1284469182564452,0.7146701026047299
0.15951652523294932,0.7341832752575157
0.5330988516554327,0.20687773585777405
0.391523979013939,0.1170891131430111
0.09457063082025918,0.5547647466716035
0.18192640577502334,0.4348263834316787
0.4872589525434368,0.3230365730572998
0.022648497540802413,0.11122802676465272
0.023950299840456567,0.05302355775577186
0.12345211926441335,0.47678599204310806
0.29218512330598984,0.41193832604541275
0.5267349620055475,0.7034188280644025
0.06465725030031111,0.04328525550461074
0.018834095804700832,0.010575200420036979
0.10895375120128199,0.4083707871559212
0.18658476937922802,0.19389403169434205
0.10244941585422736,0.2925688208758244
0.2499660497986218,0.9207374149197792
0.0027357611471555735,0.016019248197795696
0.06509416524159085,0.055657169651429694
0.14028659883406536,0.11880550181900884
0.01597279464190652,0.08935938997242689
0.2732203130228674,0.4099484916585254
0.6165647882584839,0.425867607838927
0.41383157541246246,0.8705199163647876
0.2889549212541928,0.4034032815075321
0.4965755680009022,0.5021826034779704
0.2734645577499703,0.9929577044707547
0.27677182831794667,0.30964425336540524
0.12828849556331062,0.619770882360089
0.35147009590381467,0.925192876091995
0.17606156210860596,0.6631613964179535
0.001690533248006658,0.0026606396158122088
0.03229724929031692,0.1715782763510765
0.14271678074512928,0.23619953856159065
0.37660802856799697,0.19934948472740135
0.2762913943472731,0.7489947290604205
0.157060245546319,0.0409287768976542
0.37304437682424146,0.09504521215578209
0.24747728962817647,0.9846170458016736
0.2708267375963928,0.24828226336592893
0.04519638401291997,0.026939915453405728
0.2310309900968832,0.25593883348987306
0.21108840596696002,0.9483772354467858
0.587676217012578,0.4970072857430327
0.4149057773490978,0.8824786294363133
0.019723058624346066,0.021612068578316643
0.1377551577747821,0.42784169192949784
0.09244255508498918,0.06498903124202976
0.1513262362448672,0.5597705285552074
0.44875912040595717,0.8005357309162667
0.01577190246941486,0.10039188221223959
0.279215748292788,0.5761589800641987
0.4944371976631744,0.7578173671364655
0.036962593220434874,0.024304253276293177
0.04442365456031245,0.042543201207142896
0.07525062670875046,0.31055360991698555
0.009420640520619172,0.06040346963392026
0.11711925891175996,0.28111446502573956
0.6583602854764161,0.356913569357772
0.5721648801408241,0.5731572624415884
0.2440939078551753,0.9821866295905766
0.038820394299624354,0.03234654577287671
0.17137879901776845,0.8445703398206842
0.5464501489288037,0.1908278364561417
0.18255503930491587,0.5739954491170774
0.45066222094894975,0.5687762476351249
0.030174997360001597,0.03333092263816048
0.0720214008888541,0.43690363672981064
0.4364619663515591,0.17418586018714158
0.18524002535357803,0.18652414559812758
0.4520485322090868,0.16070016607330764
0.019104476301388125,0.12245539733667427
0.13322494636898355,0.18088656560034444
0.4631558323230645,0.7768628809838988
0.5614721033021404,0.5713191395136819
0.4661652598402627,0.710009640355862
0.1348147359328524,0.3952920344081754
0.07659130572523651,0.3345069022466332
0.020249345874232574,0.07966002668686661
0.13320585321083792,0.19551860513849498
0.527727057858946,0.6496090232692756
0.06400230568824056,0.3580112536029307
0.20276577926737702,0.2349282025641815
0.0056481950732009435,0.005386096448835709
0.44337639896319325,0.31689463509266635
0.0436593907851914,0.046816812086314906
0.16137767569155018,0.2524640635440602
0.07747213491192328,0.3138502265617336
0.169016638215003,0.8548994015562248
0.07669250485955392,0.1493398099059352
0.014795855598125237,0.09255706604118205
0.11058757466797312,0.08007326431986306
0.4666009476492412,0.7610573344737093
0.3338379078896633,0.9677614678041355
0.2290507452639921,0.9011168815447735
0.3374614675455992,0.3626038121758857
0.13068480797195525,0.18993632237733132
0.12367723865901542,0.5583346663282653
0.3384425797550726,0.3375360502650036
0.26371966705299915,0.13678851860318855
0.012508728645983866,0.022471275987339803
0.2811514037145743,0.8563916884152104
0.4012707892047592,0.38264189780863506
0.09391586719950588,0.41699833799078806
0.3777651356771295,0.7267577074441195
0.11973049500627307,0.049433383657893314
0.4256814345380232,0.8202613382225814
0.41135493823359304,0.8777997617199744
0.32470374232929017,0.7560986677884922
0.12618017537273996,0.7077453770001465
0.15672939069571654,0.1749619489471541
0.17235404891895076,0.44740665353942927
0.015259398929445164,0.06951933970612355
0.21261530966857276,0.1345565398326371
0.1729050470424436,0.4802049268216879
0.33102140192622753,0.3299209039147567
0.13738841632703025,0.09089989636706744
0.0694663619168355,0.2700388376895631
0.634477636638041,0.4958951661401893
0.18232456890307297,0.3989997839352736
0.24964196165441763,0.5417312336500885
0.23327775064813713,0.9738064528797329
0.10082562820080519,0.5111847967581549
0.17415426824601324,0.17681443931419055
0.09517915528719181,0.3154109004396821
0.039526319001240394,0.24478973933050738
0.5553949831240053,0.5778887520140266
0.2649995340112442,0.23943518170908637
0.1462736904966944,0.3668134027626647
0.14752601723220596,0.1390813121498259
0.042005252913399745,0.2661215682196312
0.5218800009669631,0.33455900488483886
0.15863725936485584,0.3936628869492009
0.14989647588371327,0.15759072664448323
0.1536969782001357,0.47992854455664363
0.061027400777991736,0.037625901750835286
0.1402748285062839,0.1573689390608332
0.5334449646590921,0.6931316628442548
0.046833937516293306,0.26766862350102955
0.004993311201175334,0.005008286803438355
0.013642250196920636,0.01648646546480355
0.642854089789521,0.45234667462636635
0.44829838617909074,0.7911588333211866
0.028271753426713123,0.17373164901548552
0.08586395774793017,0.0961559920815832
0.01963704975576917,0.07960888440063957
0.5188986086937598,0.6661753361059781
0.3832877456460146,0.4430803193572719
0.11116286588870693,0.5390213747331287
0.2088533246878426,0.18209138861959506
0.6149714762063936,0.5393796094496862
0.08425265057786337,0.24209139535035362
0.051364287895578446,0.04918983635385381
0.12181670248461257,0.13501961773739254
0.19284522506909824,0.1990604281007122
0.660179281183825,0.35030949786894255
0.5790236336489734,0.5823626535798843
0.09898641792554255,0.06868450137955878
0.0803105481251972,0.36498938495364824
0.04077491574070639,0.02791158207000156
0.5911339643644307,0.5893092280193022
0.27508143705771654,0.38048410128121307
0.6187485269657171,0.28813451290593717
0.25662620243752693,0.9784421416717017
0.02634461712076096,0.16588785805181228
0.4898244547994022,0.14867485165097707
0.05964536107282919,0.07450179137739986
0.06864052891135741,0.2938540131167004
0.05941736065176801,0.03442618615899418
0.24153913893902357,0.31906452811161623
0.2556024075199774,0.1088928307853435
0.1634624786924463,0.44251966556498845
0.10856688890984151,0.10527526157649483
0.0030892454041245195,0.019376618421184592
0.21313204969185234,0.6122073603678425
0.014382207337586423,0.07091997854061792
0.04282099164393445,0.26665619895426107
0.16707771221867354,0.7067278369979219
0.05768606933388076,0.05247917418647898
0.29256575839284876,0.9920476166207427
0.10746809699025997,0.2841026899927826
0.02501545823360525,0.08743229507383951
0.03857807067321902,0.24291226184719292
0.17880500500021856,0.7748976627584343
0.38578775893330924,0.7779405861150724
0.247080264584076,0.36690838037469264
0.0030877581780345514,0.01979598473497514
0.09422289995299703,0.4551651146443957
0.1333192344818795,0.07951278872526975
0.2977657235558043,0.8541692355561484
0.38582321998225133,0.8769681008451355
0.3544962725444787,0.9141013518593031
0.47131107358630714,0.16460787675173574
0.3942314041208331,0.2244045683113416
0.4883299786013284,0.7711926911327214
0.20470513281414981,0.5788573409409152
0.11234918868162415,0.4026801970584657
0.15654524241737508,0.5268202351449524
0.38986126769192436,0.0966453855741999
0.2283484215495816,0.6296534894730669
0.2776060080149879,0.1387315172822474
0.19649498987143016,0.8956531019163965
0.2911114993718601,0.09037467825917458
0.07458734799422237,0.339023793107506
0.6544716228057288,0.3372254563373169
0.12765148918301913,0.606098290041819
0.05742961452137004,0.024453266589161755
0.36643835911234357,0.11146778819697777
0.22343825439006124,0.8693998150689453
0.06240258017798192,0.017681634456528945
0.026750188354911747,0.019374999237661523
0.4935159688263981,0.5979122144275821
0.16689511834489593,0.4653865619112795
0.4790963488881369,0.6478678483837456
0.27295374473697237,0.9971256204082094
0.5536033028660945,0.22412546375532705
0.6396163962029928,0.298702170284821
0.11078978604236508,0.6022395244583062
0.4088623213006477,0.8563475180387209
0.6498585810035548,0.318541158555178
0.1278695398614437,0.1330142045196429
0.1221907596810566,0.6798984987231911
0.03783292769714259,0.16795581191681014
0.6603284922779198,0.3832850333537445
0.2013157261217918,0.9225574147532346
0.22548818478777546,0.42189792535038456
0.610747949902911,0.29054956076551164
0.00811351264362622,0.03253413481783675
0.03478967968456441,0.22137752570897193
0.6584378162050083,0.3271719096340887
0.3625643997637038,0.0964852618857623
0.2761137409071936,0.5490406434717567
0.10130317930888973,0.575254771641023
0.1437388467609811,0.15674701801124202
0.6603060419693656,0.352040657075604
0.05003929194251222,0.038311383935234214
0.08705855109897767,0.19651094571249025
0.19412780475304095,0.8698166655032811
0.34715847138676714,0.9631259348912746
0.029925438548357705,0.11512654532696144
0.13537615753981508,0.159286274234049
0.5148178705890778,0.18206429371190888
0.5030949579533477,0.20689136249560505
0.487729024366264,0.7221166137225068
0.10538799301707029,0.47383715062986825
0.3817644646546656,0.37877299460416136
0.37650376843188454,0.8259300285802161
0.44013254324377615,0.805327674235042
0.5368654181287713,0.661046389745581
0.05114450031262011,0.05392429533778204
0.08417125224640225,0.08711372796538888
0.16846693785227262,0.4095359105099342
0.5506727561500987,0.648864297624618
0.30937515089335815,0.9209060240523667
0.06106318072234754,0.06515601975135271
0.5412455165953796,0.241853093524066
0.14518630686103565,0.11219098551467821
0.5456258294048473,0.6547962479611948
0.49651220706026217,0.7032664470337714
0.16912668179154133,0.7703164081794213
0.19963535932165988,0.8873079375432428
0.3391220847235007,0.91342495886192
0.19293537365630398,0.1948037884568514
0.07295121619266277,0.06738605009713734
0.08989060302026629,0.028058654359948663
0.2359365967215166,0.35153995921466613
0.03305724327852275,0.042904214042053676
0.23570147926983556,0.05789720804827508
0.3336045730640085,0.9770136524537435
0.01150180514156439,0.07366222639169286
0.03221512865041123,0.012266868127376353
0.0884564379675546,0.5215960587012132
0.19036198746787011,0.20544863722577072
0.38251545740965265,0.8765788679162995
0.08176385967644852,0.4954127856578022
0.00042510489055103514,0.0025741638824563185
0.06124716078841336,0.0344722742172863
0.41368726676824036,0.7315646148553777
0.045170452972774375,0.039242127719384075
0.05834458304848292,0.04434090534999036
0.19961530247750808,0.31686785279828766
0.2982835464635883,0.32932794206453053
0.38364611105517055,0.7897413579565289
0.09608952696194585,0.299405117275501
0.2510088055305533,0.07914561517174383
0.009171287576276861,0.052294519753844866
0.1633501368694836,0.6531205686975204
0.5268895965825436,0.6639519716307678
0.45591868745922864,0.7539135568555118
0.16137054721860553,0.5988442165719993
0.0822485231515547,0.21849159426087092
0.03469924731134845,0.22042183442143043
0.01960050285049304,0.09609619845922796
0.01399883228698213,0.04875341235086691
0.5360899240783804,0.1868501470509831
0.20930478960109325,0.9437323049025486
0.12436729725619508,0.3939774298422135
0.37899593836652423,0.600850960881827
0.2995286337154792,0.12781830019607926
0.24231962306824067,0.9460910867238563
0.22677902367354216,0.8497245531451663
0.10975315417786544,0.5111621785667448
0.34525720553364253,0.5297428722986683
0.046958523455557365,0.22769344151607132
0.08601354825936974,0.5101399710440168
0.1906650378662218,0.18816579220573698
0.0009080346687469271,0.0026916212850460097
0.10195331794394173,0.2904269360117268
0.03274233846740136,0.020760819726509467
0.1539526594632438,0.3878647183753848
0.11707172192077124,0.10611438630329055
0.1241149679923852,0.5088138026021146
0.16165729901980339,0.04558270224600209
0.3433707992435852,0.5567027513165953
0.11726281267473533,0.1253170467869395
0.047101557538574416,0.2655340766757316
0.020163962407320053,0.05331761031248727
0.5891541122176523,0.5074368150756766
0.33154708589972676,0.0801143802488785
0.1380374317116567,0.15060852323091686
0.07985972364524144,0.34417776140530176
0.20662078973126496,0.9175863701420737
0.25521232916694747,0.28618996771157446
0.10878309183771737,0.11872044043658544
0.22153622205023787,0.46993539511701454
0.5580016116416078,0.483868219077229
0.09220139087104158,0.27479336646786945
0.6061073011506092,0.24565792279028273
0.4595144956480137,0.5617108518426474
0.1136242235979463,0.10431560738762666
0.4359782666034322,0.8261134639949566
0.06921795245417013,0.20701097920095307
0.18162459895512448,0.20295190099804647
0.14182081136860958,0.6536456184392265
0.23160657611951796,0.32151508017384667
0.28476055622758856,0.5002690797014253
0.01805744845812963,0.10334204947876427
0.16833768681374517,0.853061165166799
0.10355251980623413,0.35136332959026073
0.15258701692785906,0.7357210814261147
0.06639489005000004,0.4108119842871306
0.07015643882282048,0.28116099011138207
0.06317772084243484,0.289202974126849
0.21600006686290069,0.39503004509033957
0.29527031907669804,0.24872181023067352
0.08440292222763554,0.3051681117845534
0.017211690029079567,0.10862561509599122
0.019523748379239852,0.00874098816104871
0.4464650852461047,0.1278410453063031
0.02553455766437578,0.16336678907362
0.06729677894261628,0.02725306931884929
0.0906216923791795,0.5389327988158273
0.1638464049831847,0.1843780942491425
0.17080120386812161,0.1195659559976854
0.30751220345339536,0.33108524693822294
0.5723928874970565,0.6255859447693737
0.18365086505664874,0.8316457314973943
0.23564734074886726,0.9795270537896408
0.36084157049883,0.95311142907341
0.26437238475035285,0.29367014576082806
0.039653283709952705,0.23453156422404803
0.16307289030320626,0.09481821625529062
0.015256129470995208,0.09499662670426945
0.0689321894956266,0.2749315310594769
0.01744786551835642,0.01407127329500108
0.03060886413600591,0.16412652681351714
0.1160849867161539,0.6460084262919633
0.29257380341842504,0.3209715167210209
0.6499805242558306,0.3108221303144145
0.08076792023563642,0.4379746030215737
0.08758082182233916,0.4056141563436466
0.006872591138766833,0.006535619092974604
0.1497264833492883,0.4181963458079256
0.3398545387657168,0.9731579255607364
0.3548790192432244,0.24484617630540312
0.5386160110325278,0.3986149661076972
0.05548866182157568,0.03696712493094041
0.02856657446656215,0.15231682215313042
0.5044689415972223,0.4606662529862017
0.41414959815715524,0.20720692729754359
0.3116456106808935,0.6941666895484285
0.281713865351443,0.3369306503495367
0.06044969865743028,0.07000141566150522
0.05886726712565834,0.32739748241220695
0.2297494084435059,0.8630488947002041
0.07890653269941511,0.3639804768762057
0.22365589218162563,0.4916331639303394
0.2243573483799925,0.6606540008884031
0.11273404308998049,0.3664723625068918
0.48206670051603084,0.14952152104221217
0.04710287366741354,0.013498188308465744
0.1523100702062836,0.36352765927371733
0.24267361936033183,0.9841761826848728
0.008982081154745514,0.008622506429064158
0.0529095561530528,0.24329322968535283
0.5626020476259544,0.25501514921427815
0.2670056654439829,0.5225167534920006
0.05554877786641741,0.041187635764563794
0.18048401139483858,0.6535742285661742
0.4070017669956463,0.3890350764509406
0.11856900983684429,0.45699805910243474
0.011769866219385193,0.005003464963883726
0.4359906064116268,0.8397846814537276
0.6231438536689402,0.4585869796735376
0.16913527380753557,0.08192656102088382
0.17783393141135959,0.7361851645367393
0.1414549916412704,0.3988927701742418
0.34530486218503537,0.9021012709992945
0.09241054865569007,0.49457955299172496
0.24783749637208569,0.9891816176352493
0.06163076965363674,0.14360845775408979
0.022972393698947387,0.12601640372539252
0.043407611550775875,0.04203138011169375
0.040063846708825145,0.22141644740574676
0.27210569269481377,0.9828410440952469
0.04963522376125221,0.3109022011025105
0.1616448864970013,0.15477854801476568
0.46225695393866206,0.8045716610952763
0.0029070746503482635,0.01734740490578558
0.6313859726680686,0.28368199245469
0.01427394220290655,0.07095481572507706
0.5243599388429693,0.1717104390418396
0.35375220828239284,0.7364024455632091
0.032898735634574516,0.015418693168313529
0.04450014762115649,0.03870459788735675
0.21761583717014374,0.2030035614321936
0.11134425525046472,0.6404360171173951
0.06676307745638249,0.182131377742431
0.5096074005297238,0.34960911684673934
0.30505696580864916,0.9941688747262227
0.00036843568992500663,0.0007827169759041774
0.018946671791954695,0.045972881777067494
0.527505376002341,0.20677056884606476
0.3216834006095678,0.83960574216795
0.18285367754098011,0.7126069425601651
0.14971247772746737,0.4561149508858167
0.32252331828916436,0.9514159661084854
0.10377698455357537,0.05960977692337254
0.02791855000742624,0.02944222178962862
0.28362859638641547,0.27451959974648343
0.09425030904185815,0.10457453035983535
0.1824699339812147,0.31082361877285264
0.2758492430603717,0.9908472838727419
0.5128296088961382,0.16718839576845662
0.0048587279126657825,0.03033435736057498
0.02313792520707957,0.07719967842722983
0.03386377631434762,0.21506333663629748
0.157713865177587,0.6970124556188062
0.26432707365360936,0.29630293991396195
0.0475062842825021,0.29956808394982803
0.017794408450518835,0.013505370208910433
0.14170018001036677,0.6847106422322354
0.18283195498382632,0.15251974173550606
0.0013692959100064387,0.001627291626688755
0.015360546226392607,0.0725894089906411
0.13790472122061484,0.2829847404961455
0.13671106051751233,0.11468979333247192
0.3715903261912031,0.4061632318642846
0.6374370068366,0.47411003796592976
0.028674951150470057,0.06896689170377848
0.21038308116912813,0.6731034870151409
0.17337945457325252,0.562658201144419
0.20954163493666675,0.7383452150833671
0.012420648740463251,0.01087890610269841
0.4338699900285681,0.12437195705120933
0.1699759793764579,0.05912834886185295
0.5035435239682853,0.6951459415282744
0.5851082297088965,0.6026797677242551
0.38403438510740734,0.7780785193015854
0.17664775777035938,0.4634717812146453
0.22858790748832872,0.25064033530073027
0.27236850098771953,0.928203105032423
0.022793540935339904,0.10523889199578197
0.061807677637792005,0.2870953439220034
0.0642834564370866,0.07038112391622023
0.03787726735894799,0.02094146503433023
0.08676697083066198,0.35417698219137644
0.31459836622199533,0.09564483465610732
0.5255161509475679,0.5154632521478433
0.1252877715716746,0.1391780743547606
0.00138974215406032,0.004546453045979355
0.004952167083312471,0.011457320866441542
0.34788777928925213,0.49604946042066655
0.1944537109184025,0.7656054887516561
0.00048522078497221507,0.002947796046495924
0.35242155106150314,0.7025797728942816
0.522669431665494,0.183920803064094
0.2527616320743396,0.06279301328623287
0.6194090456181534,0.2918047303315255
0.052289087966724504,0.30087338812382186
0.22133966061774454,0.9197724060082787
0.3450523822643201,0.35666960084444166
0.1550022389061031,0.8009083326496164
0.04120375515545576,0.057301065450216834
0.07831331785305175,0.08768493244754301
0.18673788923031254,0.3025223019890395
0.05110258889381383,0.057132613781646406
0.05873200301406926,0.27996887818127186
0.25977324030708676,0.8017821259897379
0.33482140167099345,0.5271083688855882
0.2890488161672763,0.3745186874942549
0.01039919319327149,0.0011174878385469282
0.23119085700378372,0.2589108463470525
0.04791283283474167,0.2990325194752727
0.2662145284179772,0.9481066790129565
0.01599756262839887,0.048079980746049106
0.3680458806825422,0.5768308418803932
0.008515177708759555,0.006918836740837499
0.04302322690391017,0.24897921317272975
0.09243490919954027,0.039164369052804605
0.03493276817360876,0.045444400049980155
0.6471637896865039,0.45403318411408905
0.6526954848776216,0.3232189651411347
0.20204743863445732,0.9293467522384152
0.25481955093095315,0.5465462575070349
0.2958698915924351,0.2597741917753121
0.6484543091844961,0.3181667801012434
0.06955801046864304,0.38569895038426116
0.25550921065627036,0.9940026951310118
0.06922727027323732,0.02796242957887032
0.22513089088795163,0.2797030083176544
0.16173960339901514,0.8115006581328973
0.37948065775491635,0.11696494555863471
0.4798068741138477,0.7696718340755646
0.3028258530646244,0.394966403995531
0.12781982558104274,0.550349034801386
0.19349737054336252,0.21441955755883882
0.3278814766324144,0.9483441560189249
0.47751380559650214,0.5793150087851767
0.09851070462630225,0.06437140835052195
0.3514965185353575,0.4425009605131696
0.07929157923690398,0.2804685086013504
0.0990491072842705,0.43407257172226105
0.07549945819174025,0.0700277257983291
0.14014453361669688,0.34200700574963677
0.07088780519893244,0.07106563744474696
0.1442789655868913,0.5422707912091229
0.2515336923071452,0.5716621007379561
0.22038039531895143,0.5469361400634342
0.5929542504596363,0.3449787502446706
0.2048477699859807,0.22114566776775205
0.017361212983357386,0.03749602593944106
0.060012948925164726,0.06670836880396588
0.13754977794352433,0.4954100688541442
0.12064019448147534,0.12957268749068465
0.0302993133770739,0.1931850991130777
0.1099700050080115,0.12312966097837331
0.05331945490765283,0.05978868026627198
0.03985245539333951,0.13382685758431656
0.4095842945625942,0.8354026975664359
0.024902775270181653,0.1299856560026509
0.21859818061308098,0.9439744392072351
0.14078274776885022,0.4550909818374899
0.3336678601625926,0.9649789861766583
0.6603230523536116,0.3826682144806989
0.4109213147814199,0.8907063219923433
0.09991191563690427,0.5655381842145979
0.15320697822156754,0.17123287852510038
0.008912558767745708,0.004178698050999836
0.2712151295775989,0.9772735711030814
0.1802251873324415,0.19255030706850995
0.029289425278361873,0.18637975405124743
0.08783145685000796,0.03185756036130369
0.023292751269587905,0.13352789861257988
0.46429222159618205,0.21532322836308296
0.16719086815180037,0.20487225170528903
0.007402688672789012,0.04058369109931708
0.1800799461476366,0.1417847557978496
0.08251609980450218,0.4861466319058405
0.5578751200667192,0.6125374303352047
0.018011822309579865,0.06728551208943617
0.010996293207047918,0.013944802509006886
0.00517676717328514,0.026040954356714052
0.08033978870969648,0.1836445461376213
0.5970053815955996,0.5797216855266372
0.2782399918354619,0.6589743642061283
0.35023867454618735,0.5253116662643591
0.5907183013953344,0.5724614659482143
0.31472665714661574,0.5272890809849926
0.0815132161959091,0.08252511639367922
0.23964236213064014,0.8401788337870422
0.09471855039790275,0.08192948803544592
0.06349122113386843,0.26960352169432156
0.4655025265711822,0.7895303039648942
0.11231563195349234,0.5451421859728804
0.28193106984959826,0.6322976973113154
0.006934132351245566,0.0022520453246358944
0.15634894644921918,0.7940935133757153
0.47069432284408336,0.518420128028746
0.32321085728987164,0.3979455406734918
0.07477436948210246,0.45720567725659
0.13941021403373743,0.6915476303456168
0.008992274749638485,0.013011817240655704
0.4339189643679128,0.6624194458540447
0.04926906177582074,0.10782491662200716
0.001957694900237772,0.010405790780110965
0.016273236356700072,0.04296577387391679
0.4793319426785197,0.4996301949913199
0.06052635956183742,0.1356823170377107
0.22597790264232487,0.32117604230588476
0.09213488272721887,0.5399654419837729
0.06617274751564518,0.3970171139050857
0.022810645813999247,0.14345532322303559
0.09435330277075527,0.10571855831695393
0.6055839431549459,0.23651860122622212
0.4880109227361468,0.7028570747187968
0.6488034235225799,0.44650102899811933
0.256407334451615,0.9878981550885784
0.645529429888192,0.46795574596821776
0.6596911232136292,0.36688204213604103
0.06713955880238422,0.09838953623810992
0.5799249986465808,0.41613558918009524
0.072663690153613,0.348876828099412
0.16878677656380778,0.5694638338590573
0.06761228621705186,0.40178755047003845
0.046262841524000294,0.2919219081889538
0.1504273599308896,0.7988533239007417
0.17778479295550834,0.36750474886690404
0.015379357560897276,0.00912318920495329
0.030968485823352043,0.046593539102776256
0.37112203187744863,0.08722401654673978
0.13615010610514244,0.0338928907912266
0.1988516599737558,0.9261258811244263
0.17984978613069727,0.8668458973469003
0.22333728324125657,0.2938123709962503
0.4268180813635034,0.829857760755431
0.01489782437262602,0.0394913160794765
0.5282107374984156,0.7037851675613894
0.00437063045436119,0.019006546606312975
0.651462686523053,0.4325531381863855
0.4104800035234796,0.32963413422919696
0.245687107697551,0.06078484606253222
0.0644196274648083,0.16954266072567928
0.04596181104986447,0.15396852558978383
0.01988129033704349,0.0931224144981631
0.5520465113135414,0.6494775596739131
0.10154506103345098,0.5887666541035552
0.090294547116383,0.3187408303284744
0.1281959691225148,0.7158253726123761
0.2282969285659302,0.8931524286629271
0.1776234659557627,0.42940570401147643
0.43970161036693156,0.15974862860418404
0.39406713395291865,0.09495785602503214
0.17301921672911139,0.1740314313674372
0.24385379168795465,0.9690404212813764
0.6443965977426481,0.45056117825292774
0.658132896407773,0.3900489095864238
0.4561245911472522,0.4128249996862746
0.2572533206482641,0.8772787160048414
0.5526423557474722,0.5562498173872994
0.0029343109193552784,0.015469619933137559
0.6373239223939485,0.4914920500830674
0.34792059147184945,0.35697736387847906
0.0004624527791073348,0.0017787215195938688
0.13666433043523218,0.173072233948308
0.24299041624179202,0.7453691449748567
0.45485262000962423,0.7779500139615074
0.036440741549379714,0.008749936434462424
0.04486857941918192,0.09565626077579854
0.1787785815782799,0.6180168865760061
0.023540237004451153,0.10789082452603185
0.05317673107608421,0.3010996263032567
0.492990191491884,0.7632880733640756
0.07354483388647524,0.22671360884635017
0.2798969167610675,0.3038774809000482
0.34501891363546316,0.2184509967370854
0.043388830544324616,0.272825189148446
0.625349136230701,0.471245494673554
0.1450686723709093,0.6676748318635151
0.20975323349656239,0.22581063187999845
0.515047860870559,0.6662874738460064
0.19468545740340723,0.9049751065281176
0.037599259756158555,0.2068453748579886
0.08947189884386014,0.24044713395201975
0.016045440536644095,0.08484543872409227
0.5833938509975252,0.21501972786991033
0.45778576650802905,0.5237764863908662
0.005869276536351105,0.0008775938648543183
0.3697880027973202,0.8802130721077955
0.004109341244197194,0.013830093982522178
0.5072940831723205,0.2721607725693449
0.15953777208461664,0.5835867214171628
0.053534131674080054,0.05710288856654568
0.020441595971383283,0.003827785634879795
0.019500985222786885,0.01799963813333587
0.49037433358128896,0.3869128893377777
0.6576839740525069,0.35280473374660826
0.09522765757289127,0.0947271252372028
0.29744763212613173,0.1736686693248994
0.3574690134959414,0.9230932814333208
0.2602812744256647,0.2799306671505245
0.0007239647109325582,0.0037744046309582373
0.1390469129812775,0.6312872546359519
0.20162168585224305,0.48491173234786533
0.3695663053687222,0.8764202769298904
0.03820325019809886,0.035358528323864304
0.013264793646191129,0.04425613348631249
0.020041129582588815,0.12846289598170285
0.10231014104322834,0.46842577122406626
0.189674230235962,0.5843229503309407
0.15121506938960066,0.785997354753724
0.245681106079512,0.38817519011415874
0.08594017446144067,0.34376619410803755
0.054706095382450845,0.25296863133596353
0.5681052569767597,0.603010026346903
0.26131416116680517,0.07577830750442366
0.6595937804104381,0.3768830353340687
0.06182450582621399,0.20016146298843068
0.17639003881659676,0.8696010351027632
0.26404042202487094,0.9600961704659228
0.19595710612337056,0.2292352803526732
0.3030333409306443,0.9615661737963295
0.0027331898828772323,0.0030430155914942295
0.15091651851112237,0.473859142515796
0.2886893072250123,0.9992375533405735
0.1615378241647043,0.34117995759300834
0.2597988227256205,0.632804524662831
0.21867656667416804,0.8588120141150897
0.06200892211883459,0.2656500061770925
0.034807592729453087,0.09964315470054227
0.11574210669721814,0.12647291765723356
0.11498205186649434,0.04503169466279387
0.03508277319222858,0.010219392985247289
0.3763673907734358,0.8294549575208251
0.16364607105354173,0.4833431307102253
0.3951832524627015,0.8724369784969581
0.6219000167347011,0.26595300962173596
0.5761263086687645,0.3912428400507996
0.3708117026506635,0.6161768658917074
0.11497124575063913,0.6578637991100535
0.03364200941211559,0.11714020109556313
0.03165583209107754,0.20024670112686882
0.1270054403290977,0.4775376988961401
0.12121882073031458,0.671208577783784
0.1548751580192781,0.1057550681431499
0.3140853667112936,0.3497025476768149
0.33352312070869605,0.2748211696782363
0.07377824219133254,0.22901519332441067
0.48745675801477106,0.7401164089574814
0.0033385009241381717,0.012202757335255098
0.15607115209870487,0.2885715790275013
0.004688399519213449,0.015252867727348525
0.592835787004522,0.4058364260439326
0.5130208720869148,0.5661319806193269
0.005461893786110615,0.002894343577848778
0.24578413140177086,0.972086995513223
0.24167528680009537,0.5276218981493058
0.10719556400548302,0.08411214180956321
0.6051635873667308,0.2454786834240947
0.17978602082642206,0.6663366859248406
0.4792114470619993,0.7649740158849856
0.2273249048434448,0.11512517170733054
0.15642612436056266,0.291554270318675
0.24447351214045085,0.2541737822237118
0.15297891053303167,0.11175194029516658
0.22613341001570184,0.7387985002989405
0.007803857038723358,0.04591540229133654
0.12075861409998875,0.6706950977522763
0.020309992440684974,0.046542824707192725
0.031687362843355764,0.06684065040237165
0.002644508241217706,0.015713098674370308
0.11888831763721017,0.07218170359436385
0.26318308633429993,0.297829504957571
0.05983787077210896,0.04046546921980349
0.30470851373594765,0.2718740677643678
0.17459916370718456,0.6396579982373716
0.025276036317470732,0.07810770392130456
0.011041687512513047,0.006864541104931503
0.5896487275172696,0.5312081300680185
0.1526668117636187,0.4222711687935549
0.06395419404431267,0.18189709957797942
0.19927376805002053,0.21968415510728528
0.1520824493219512,0.8030234532177066
0.0005166054427562113,0.0005792133569567891
0.021502618877495216,0.05759528004787868
0.13193435347064655,0.1331046304113502
0.23411528866152564,0.695732348002663
0.13928097468470815,0.39164025572631594
0.2052731134797286,0.8492569474901998
0.0013887298466440164,0.0016471667679248923
0.10039743031132217,0.46972282530922926
0.42978329444858715,0.7957235815656648
0.45046298105971094,0.8192629397149247
0.014647001238038797,0.062401069754194384
0.22394294029618067,0.42092141531372873
0.33866902721988296,0.8410874040992768
0.4043349740865526,0.18870779580355623
0.5456213282624391,0.1860530237978625
0.3377607613680199,0.9706853374380907
0.015242449306769119,0.07113618945621654
0.07775103731871665,0.11433912236565306
0.2359877470570526,0.9650758623095284
0.5499405580942117,0.5179854371998098
0.10408762702307564,0.30109722862591654
0.6176697208420328,0.27748680362145506
0.2257929903843722,0.1962742545224886
0.21330342750115314,0.5249759551869472
0.2701687413900544,0.2829800069840795
0.31277939517607234,0.8363995891228859
0.3551097617301045,0.0951638676227881
0.19151384735236296,0.16126488086133609
0.01615323933928094,0.0076617656573485906
0.2637572252080978,0.17534048499150084
0.1359660576183532,0.13013393174577123
0.06005149184944458,0.1810561757815119
0.3357875620552063,0.8991038091210525
0.41690831453888216,0.7919270618366693
0.09428064312417159,0.40338604822489904
0.07385705164120032,0.052965749665298226
0.6016548309047755,0.5321683990936896
0.3125245345999409,0.6539654124281687
0.04258686519560427,0.24321357885249054
0.12323204134016714,0.6846177062113238
0.135709690812425,0.6682960005024038
0.00041010547431138,0.00031128647697251517
0.10398054299583918,0.4345460108671387
0.010798255943366246,0.053816819872969365
0.22888681422066048,0.2517028011300754
0.11154713884632647,0.3456965567040384
0.12846443079485909,0.09805373109850604
0.019916132726406553,0.031728389234674116
0.013235480401452584,0.0029057175952788778
0.1553730014215523,0.814406699327961
0.659517728588316,0.3636136197216844
0.2932140716611314,0.3277916082008918
0.004014147987104962,0.022629071527622398
0.08291387448156498,0.05218374607444401
0.1951877464170187,0.04640286863393128
0.5732448624173303,0.2386685885118378
0.06757979716685837,0.3665758610501632
0.035462454658301515,0.1906971542456179
0.1978156554233515,0.8954097484586644
0.014257393610287286,0.015001996971095076
0.36974659170622626,0.6021958753530364
0.16208094223952518,0.4676943944589708
0.1029007895816465,0.09112375317724136
0.03695356717258497,0.1770230736080665
0.13883623027511718,0.074457874490363
0.014837701136629808,0.04263609510369217
0.2323477158033913,0.9751556865504238
0.5866253245211286,0.5576653399043554
0.029403393150329492,0.18188037250503938
0.38797166986675696,0.8985469358130771
0.11894865436448816,0.12616085435482155
0.10978645459555428,0.6228222575552612
0.37229628241304585,0.6144930325993437
0.00968280624401321,0.0314082866325433
0.27526923676245857,0.9301266226112705
0.07959394200572968,0.3478802812111336
0.4752828762634694,0.7103383519811682
0.14926497775424122,0.7922393714957043
0.48292842871843056,0.5495014825712924
0.2566256660658862,0.8035688261041769
0.23491254048847118,0.9787943860374891
0.004099371296638005,0.0036912768442367056
0.1899895938912446,0.6737028025070135
0.061405030361420115,0.06538910531209373
0.0414836390838534,0.04150292719074399
0.022569271400704728,0.11218275387085276
0.5938424543841894,0.23315298864266495
0.11870554911776408,0.03036834008880191
0.09142370605295351,0.4119857784053568
0.00820441231842545,0.04785899870165526
0.2532484587250986,0.23449118885379988
0.10332467698610612,0.07530338326205854
0.038835855959805446,0.037346934602066464
0.2386610114526454,0.5046755166846659
0.1460495508380622,0.24178141765958572
0.14716361911411752,0.2740653350650366
0.05904536161308885,0.06384499679518871
0.4059223619272423,0.8941240381216176
0.07338772745403273,0.03213995048790518
0.01598304080580855,0.102523710394829
0.1203463967870774,0.13483912946065113
0.09854504008625574,0.1787819587453268
0.022904832753768506,0.10265423366743878
0.10583972202004364,0.1171513471614739
0.21367530594604206,0.2397136369488517
0.02391263797981284,0.014308784351128695
0.16415713361120454,0.5420199842206127
0.04498095465822615,0.04692639015676276
0.002049041252402558,0.005470150086277383
0.007843920645607757,0.021559554585352636
0.22895160456709857,0.9660302658751992
0.02090000556304722,0.1334723679386137
0.09145586708006082,0.38848891249748235
0.07733285150592226,0.08367090485292004
0.416949438709842,0.8774869100545195
0.08159666439903988,0.48986538919651273
0.11346696755476819,0.5346392214824944
0.17116655174660814,0.1056458515760504
0.5040510407082366,0.5687675891932713
0.23219939697226133,0.9400861751087882
0.625710214554482,0.416672301647178
0.02182194126210467,0.03758799123976942
0.08356056655698632,0.4988653417632632
0.18324568116939477,0.6728400979907344
0.2339262258737524,0.9314232697113075
0.5226011507107537,0.1710340150937554
0.1541424760742678,0.16758723009720147
0.36182250133408356,0.37138130751264153
0.41965518254559014,0.6142255721598611
0.07019044157197489,0.38502562847358934
0.003271722044327081,0.006822163525729673
0.3510210987179922,0.9454985969409658
0.3185034490272565,0.9771935163069626
0.18510070824455901,0.882749064643322
0.4633702890505403,0.8031958803934681
0.2758501657400538,0.7908300096654534
0.26242529491021477,0.9701104812057026
0.47464273597979334,0.7613485619916089
0.0045663357247934105,0.0020519340179290875
0.5519179005120908,0.6051883594850671
0.3447459756439634,0.36058951511434095
0.3413530288154057,0.9563729480844021
0.5060373347785572,0.7406734845693443
0.631687978388385,0.2663827452817583
0.2228087294283822,0.9578828410067576
0.0006934658435099422,0.0002390566247932096
0.08080206996713249,0.49088686458256786
0.08484262149611506,0.15506573396989135
0.009143929064972151,0.003771591109877259
0.12465441791105798,0.3144561595356651
0.28756116734139514,0.09241639051459229
0.037323905290244055,0.11231190662359328
0.5611467878632795,0.20339620334280087
0.49162804939090116,0.16491594785636238
0.4051471366836433,0.11120428200706114
0.22719581232217056,0.18811337390155025
0.03680375699691391,0.17324072923304476
0.050596997478045205,0.04005920601800156
0.32904295224582725,0.9453220520695892
0.01397556917566862,0.028900239152478118
0.6583041518648086,0.40235792576584406
0.047300485993286255,0.18847624149230013
0.5557305465869598,0.19746941907745666
0.004325235963941972,0.004119999022828967
0.13910238793815696,0.5202910728790412
0.16448153825996317,0.25360338799580545
0.06513776935178485,0.06404003920818409
0.003682693488025399,0.02248594493888687
0.4271340482265359,0.6594788505779275
0.28839594087615505,0.8775922792669438
0.26502394754549274,0.2971492667616414
0.05732733894847881,0.22771332845692252
0.2518834384018867,0.9880127725258598
0.3176737390733555,0.9850994794222394
0.15850026772174328,0.30459490813500983
0.10682183126702749,0.10695663997897588
0.1863652349754801,0.6026863748564735
0.17107422890249674,0.857595550179245
0.052593782048260755,0.20116257179512137
0.20982766729111885,0.9464234268591349
0.2792673137419656,0.08142379028632031
0.019874988612525613,0.11661751779205237
0.11345437891233576,0.10837780591597952
0.16158252900503708,0.4991291143963829
0.3954366351617933,0.5168985717822825
0.4517121503169277,0.6346797062112542
0.06500890438080861,0.28072297395502505
0.577563857663643,0.5760962224863109
0.25108217991224435,0.07310918921780542
0.07740665105808966,0.08396084294995718
0.013710063990899015,0.05744699328427877
0.018986605597846175,0.11183358347399666
0.018382218282676447,0.02661594493157223
0.07128175446348403,0.15321258759460551
0.07423956329593348,0.39794855309456095
0.2743183648055524,0.44955758173293286
0.17347338879839871,0.4338572992930402
0.2977557870964837,0.928009226509621
0.4905003450475144,0.7279500223413589
0.5659533164757017,0.6161469907292755
0.18235780801743182,0.20353506255458645
0.18789605843130724,0.15853925323962978
0.3752783530982458,0.8577034274454737
0.3941174529610018,0.9036585384563992
0.11821369891879438,0.3892375295425911
0.12331794881736331,0.6145470435523314
0.01858259000897792,0.019912823925652922
0.46022771840814414,0.68752371601435
0.31646428480621586,0.17926783066717994
0.1338738029216253,0.48235651200291274
0.4221360434545454,0.8493758779784326
0.07984602866145069,0.25950498332734095
0.35984253554491175,0.13951555145060865
0.04288160193598952,0.07548276354421526
0.3641564601942444,0.3795221295735604
0.06473027420084985,0.1674702992577483
0.02169990642658996,0.013017323575951447
0.18033744218436837,0.19359180861728503
0.022309082902362633,0.01489610926688024
0.32482631045851446,0.44619178123732023
0.01251804131163302,0.008143222747825089
0.413960736382241,0.14550577205644918
0.07300073056037062,0.438767010177522
0.6250195336098183,0.5175805352678068
0.009056629863329856,0.016758422213241784
0.5727474521587059,0.6248978323204158
0.020260543100192176,0.09088112410243461
0.08323794049952887,0.08508151083121254
0.005218914287885614,0.025595143046089924
0.0461756607288186,0.16024378510260062
0.2830593113261361,0.6196939569247938
0.5866278759177835,0.5977276041631728
0.018619625455407806,0.0068883151899495655
0.2665295769186769,0.987627460361105
0.5661116074473458,0.6366456776936358
0.1848170176810519,0.3495360569381663
0.0037443915272153978,0.0024951975010131617
0.4479152697927273,0.27214114406282036
0.18470743899996447,0.4081703576142781
0.0652625924166347,0.39497120482865566
0.47275808384125584,0.7803129321080003
0.40580524542422614,0.8931214172993147
0.013122394756832514,0.012046390745354194
0.14321575976056078,0.45287116865550386
0.11347900115339776,0.11908189981681767
0.007292867863328925,0.03009327302278775
0.008110598773426451,0.04394354852372093
0.20211915552167092,0.3700153981106376
0.012182926658060722,0.015509754341610758
0.11302360071940495,0.5408469333165644
0.6048141545708929,0.2396421416354421
0.24388299742127154,0.19324802959718132
0.11538544306611524,0.11371115679531801
0.5808107436269684,0.21609915048475783
0.16493849092903742,0.8320955382127736
0.12431922885281446,0.3388241805117636
0.12750489319026542,0.7111795760047269
0.6141074129096404,0.5339804138253842
0.0075251582873184526,0.04541132163649334
0.035716774554253525,0.09536727703908773
0.07231960331805123,0.3401269409251019
0.6526923933855933,0.4280688293671949
0.005278979562501729,0.026249499498611422
0.2804708527957576,0.9850081207376149
0.12457697984991098,0.2317094502248018
0.0048570908962638605,0.02732694605021401
0.14327173030658225,0.44395892798554604
0.1190926152275262,0.0960676553473933
0.06830993410409802,0.07480934829290428
0.2529339169651734,0.487209314998112
0.01993542557607073,0.10768784915744958
0.09574096801610994,0.5680555425820947
0.6364972923677769,0.3400959945596524
0.6597257393759721,0.391224585623391
0.012344777603047277,0.0031545411968641845
0.02496411945381143,0.02466829936869825
0.006484085825568386,0.03692188479439885
0.1282819920980446,0.4283603946289226
0.3525596620539259,0.8782455651415438
0.02136688649436261,0.07247873640654127
0.06810493478957824,0.042214294441004385
0.6499094190741762,0.43168644441255044
0.3996115423617755,0.13598111711067176
0.5095582778910276,0.7194877934837643
0.1544894897284514,0.5311298981212055
0.1055840927584535,0.4273811126260811
0.13718660942760733,0.32367728344201113
0.08512227788640332,0.07414347465758478
0.4046474712966371,0.8953123047233517
0.07428999475649906,0.4551844310989977
0.0077233309373397575,0.029978574412574725
0.34935649527853296,0.927438748513371
0.07020338022916288,0.35963935214871656
0.44071954942488006,0.7959569278715074
0.5926533366384549,0.5810371265641012
0.43865956268498,0.7654018099826314
0.2704349516545591,0.9987805270424538
0.5540239414317307,0.19423718189199243
0.2594299988495716,0.691317314493283
0.13288515752254265,0.7277198658819953
0.03178185989677237,0.03666019716864844
0.026742181238501986,0.018668644395121628
0.026098454515874676,0.10656635006552816
0.3996537244191639,0.9026559380271564
0.5710388374927775,0.21873389732533322
0.4649879103050774,0.14737276125516727
0.006160812745554658,0.025356921895432132
0.13233955073256562,0.6642384904183719
0.1969731761775852,0.3602214224600969
0.08148295591549552,0.357106818304286
0.3665746708920461,0.9436287890720559
0.11867441637110998,0.04003682809371109
0.45620452390869687,0.8212870702209297
0.2180483636876003,0.8072016194986619
0.008124951098844565,0.025111552320185918
0.01632991536144166,0.09613373936639256
0.1484074521713274,0.037569461815003674
0.23521729810022624,0.9734013179489607
0.38239792971835296,0.7518192600550744
0.3418845720112101,0.8084710382491193
0.057690750867932614,0.3584599375026421
0.43557447918271525,0.6005093745316847
0.31589582059826804,0.16450152429990528
0.19920565612559926,0.8960539380361345
0.10375843186938151,0.41206787672289025
0.34465929391975714,0.08737600650047253
0.03219303628798406,0.08593657650011294
0.07454983917368802,0.4008066817074063
0.06198045839277012,0.09899824273704538
0.00464455443883365,0.010871362064674265
0.37562684995886614,0.43930878409427576
0.29810664117242275,0.9977226695587953
0.05133445442433278,0.2913352686794163
0.4438260755122758,0.8251733065452039
0.6455158138448094,0.2899664517887398
0.023506514834893237,0.12396050601555823
0.34730119488854605,0.913099183574412
0.18688764455161846,0.5233210748129652
0.041777808064934044,0.1834809394850355
0.01117489096872756,0.04902637747985668
0.5244674804462158,0.45129247810611633
0.018087483240576303,0.025015309081543605
0.026068265698854023,0.013423144257019671
0.0999184810297405,0.5742382888389675
0.05073216329499419,0.2568498805209775
0.00954864854391684,0.01065765860627362
0.46818364276340885,0.7798521111462576
0.3890962480224605,0.791665267604102
0.21167748739225656,0.26960918567780984
0.3651510630591281,0.9465877852808104
0.10134413028880929,0.06172573528388891
0.16661250176104073,0.8423636287683675
0.18663066698411254,0.8846476138336342
0.16511498889241114,0.8347541402197229
0.6481607295480952,0.39950273160525795
0.20767060181046645,0.9321127281472238
0.6127440465947036,0.2890799267950834
0.008600602951353646,0.039993081625777874
0.1134630950673039,0.4581319811253111
0.07134997884205008,0.33885728079800453
0.4244158295590918,0.8521214955128192
0.12950711170287188,0.1029715611689435
0.22138926313258062,0.6415365353319614
0.014337937202380097,0.09210955147141599
0.07897267460313814,0.47972683527486193
0.6314537579812711,0.44034226908778634
0.366947360770174,0.08474415943277584
0.1947408618403085,0.10872363313968395
0.008178312998013299,0.05231184750858334
0.29336252660256873,0.9988770757217782
0.21962863766766452,0.776336033826585
0.13064554778966184,0.14472935568616258
0.5929617233131443,0.5733696424220757
0.2527386044682981,0.9457572593958927
0.18567037460230199,0.786171040959753
0.042225662928971605,0.26474493043618824
0.2673068539530441,0.9838932483445576
0.02658866130277465,0.1582832500905169
0.12228710722070198,0.6594808805590985
0.30248546681824995,0.9960102591356965
0.21494110462985033,0.7045922121485665
0.5463978134455588,0.5839239341250881
0.17902921691095247,0.6215439190172027
0.6382086467184793,0.4894935293210059
0.06208914728155513,0.13002428913757996
0.22743227924564716,0.9438988224414444
0.6586019078716238,0.35833398876989253
0.015492611682173035,0.019022043510622165
0.3609283992457076,0.9518297365808084
0.6445878950204007,0.42733318327651226
0.06343939001336998,0.2304319748474801
0.2498669663715496,0.7963800372624731
0.20455021141833818,0.08437875675936789
0.14242019137915513,0.3387942110084494
0.0017977438933676523,0.002168093090377543
0.5886982665223239,0.5926753697921902
0.07283757702898311,0.26595174101789
0.2241075268732069,0.6098693144349877
0.3522399119247689,0.36782488274976943
0.09750175618930566,0.05354546538377985
0.013597615258569456,0.08463731191658379
0.04412450147648482,0.026058035021088232
0.49257463123311257,0.7599183272117036
0.21989832976215976,0.5564278309373304
0.037585987945861585,0.03975418513177322
0.11744264250870712,0.6637343751000794
0.456176900350334,0.8196122008288681
0.2966816613696201,0.5203769690615714
0.09462814804221963,0.4691517887973718
0.23342703697717596,0.9685397445157985
0.02052116634335337,0.006249004945646496
0.015493678853274895,0.08758366318036176
0.02757306567381441,0.06058642259803915
0.03583136993774145,0.0880933585117014
0.6177413214955757,0.5355195012647906
0.20537139005259672,0.13272142811049054
0.15554071080871515,0.5192160199731298
0.43398368725581615,0.8004251655956428
0.33741713636941123,0.9633353030420451
0.4493446428130682,0.7356511267203265
0.45580915517580217,0.8237118660584122
0.13216980476678103,0.07644074158202771
0.05117226844918777,0.17968759286085692
0.3859374899526062,0.898261412312488
0.010494268350931419,0.0027181006214877738
0.2784165957196479,0.48142947087134347
0.05799505051187975,0.2691546545077196
0.03347462014795171,0.1918470129449898
0.14639696885717707,0.49355833537593674
0.1373333157706371,0.7009106571449406
0.07545079501894986,0.06853707801054408
0.5127244014757784,0.32364489957758197
0.16405450027222251,0.0804997860663161
0.012552191602087284,0.05708463867628227
0.28595837224451276,0.9654381547827217
0.17844195332185997,0.6155431881451306
0.028994495679465646,0.1745531707110602
0.08497180534142736,0.49934468944093957
0.05696971578119246,0.1571005545357258
0.011367817295878725,0.011444370698518521
0.46483557488467064,0.14304417159775565
0.06943252429916037,0.0381205296154394
0.054859649114743954,0.023270457771901246
0.0039056628004599516,0.0166747840886041
0.014518525901261589,0.03701077502145717
0.35787206906533764,0.0864774664424264
0.37015010680538896,0.9233036032680931
0.05971307224951624,0.3545924081427063
0.3815930428604865,0.8709985177435459
0.1313379443221889,0.4190130060525355
0.059952733377256366,0.1362807438263139
0.025281824404733165,0.14955923467253793
0.13180378821379657,0.5209679112489136
0.42165150603145707,0.8065911446837593
0.15724789067182368,0.3598923088626224
0.25957587471278826,0.9863814869231353
0.369465420281034,0.16253895109173871
0.14161818344497418,0.17670841250789315
0.09168300918790558,0.10416832149943006
0.4550283305985541,0.1267446757870393
0.037890722690945546,0.015266591858999897
0.264784220082107,0.557315849656816
0.43178310710336365,0.47146292868873924
0.0992072465363531,0.06541866608679527
0.3496365663282414,0.8889894957337867
0.30607217892844196,0.344939655805928
0.4099860392621898,0.887611975039619
0.03556343519589542,0.18783751423654077
0.08894535080398248,0.021750532100047484
0.37535878436288805,0.11949173688185703
0.07612995459014313,0.3853870743517945
0.06533558905541609,0.04851929855585015
0.02558456943970759,0.12224296224876245
0.056364038525108615,0.2829507734729723
0.3742845781480869,0.912135269957517
0.24370702407275735,0.29864688899688646
0.04198338681042154,0.22043418568307568
0.13296806483044693,0.6397091459237294
0.1478317116432219,0.6065360414858042
0.5336029992574628,0.655539637055801
0.006702598999986489,0.009932005102279977
0.017439398237272967,0.10261573797837728
0.38765954192330965,0.9203296940692693
0.6039243173087541,0.5534788460183883
0.4246032985455686,0.4189991467891826
0.5807195945801027,0.3929497664986523
0.06309493201477734,0.20083138389648772
0.04669954698531856,0.013201081864003802
0.22851795758789123,0.876413490681424
0.011293052833077384,0.06728494661123803
0.002685639692659349,0.002143902672404376
0.13775684112968092,0.3235957322852913
0.46683004683234897,0.13323045035460826
0.303787244672097,0.6190003694325749
0.1784373958188005,0.3719676023766087
0.019550676002479513,0.11768881982251501
0.37516057260710445,0.146884407627939
0.08558209034209613,0.24803233887170031
0.48973889671023946,0.22943697420428324
0.00019506289696119415,0.0011784626100222332
0.19808185481652835,0.8495022796696456
0.5821457603373384,0.22151619992771138
0.1974379136699476,0.07594985370049294
0.05686922252992421,0.1761661994791657
0.4030194126885562,0.85385805026538
0.02606981050015581,0.007828281937483089
0.33063418384658455,0.44637828521067086
0.008685280142088149,0.0030414482561249437
0.030097148469138087,0.017789782670743975
0.3592221076820215,0.9545250485596565
0.034890128112096956,0.2215896462460364
0.19552723388550103,0.3241633367355488
0.2562973346663265,0.8018246451744506
0.18820434251478416,0.19874381030052285
0.16810313311862035,0.6342482366815524
0.5333398359352035,0.5942677969054183
0.006347308810266521,0.03754204884835962
0.0809829622581836,0.08846280647221778
0.04214554273792193,0.045541804066035065
0.39067740932860745,0.7587039974548393
0.32421627971736444,0.09290709449638267
0.3123231901965653,0.346019116767564
0.008472914446086,0.03935165250841127
0.43787745177766263,0.7651730515740359
0.06847759456216991,0.313917195730522
0.14536976163684578,0.36446122715950346
0.33456568773484496,0.9765498970985805
0.0511893688833703,0.29521368257304975
0.10036103983210953,0.4872446958170339
0.10728521399112374,0.5343252264435645
0.6580817244616323,0.34227270978080127
0.30458560379655536,0.23608022449866514
0.031687670517988535,0.15137197329675664
0.09369802088740799,0.18170436657913525
0.5635908772358621,0.3383238220511387
0.19786088596835208,0.4457100718359477
0.054450575170446394,0.14167017009567023
0.0392822025634372,0.039867162944194755
0.5820024544746805,0.6015498700454988
0.6530741328117703,0.3321585549150052
0.046917597832757035,0.11282860607165898
0.01810690942216271,0.008978845235155405
0.04643405129714431,0.16404543886832051
0.3655748444426506,0.46595087348947045
0.4230607924051428,0.15946755996827616
0.3228321387404466,0.3812529536764625
0.04972230564051458,0.04434760169373137
0.2620795639292659,0.9360204114235084
0.41494566282574746,0.8844821105635864
0.018135170409689177,0.012540601795028675
0.05293790870810817,0.057351221460814644
0.045815539937104084,0.28701793342916443
0.12596078878059508,0.13841821790315645
0.4720268999367489,0.43550181226922136
0.029618551513044745,0.02552785567085162
0.12051767392704367,0.3796984747098012
0.23751086490477638,0.24008967602868964
0.18587677697436752,0.2563133805712735
0.20485712485435023,0.2721243746861371
0.13368341044381593,0.2372026732846063
0.12101348123869259,0.6757011793290608
0.2078626650857707,0.9108149834132612
0.3958498478472872,0.662942841946563
0.4043778118950606,0.2621901747786347
0.6550572424126411,0.3205033774481586
0.31440245842613024,0.8926642644842973
0.14641420205187586,0.2680736574431307
0.34452160245062863,0.45857193623740444
0.18786947565115453,0.5292334687194468
0.4099076243745757,0.13218263747453432
0.08433609824634322,0.5039265571047021
0.40544449739230926,0.10290671118155513
0.35007867115456726,0.08499826008952942
0.392384780515837,0.902708653910133
0.45504143631915533,0.35212682807617995
0.2941302337890058,0.1919170557033887
0.012546241969290259,0.05177232248202811
0.04746019199058132,0.20932201281890922
0.09466418503434275,0.03169645705011841
0.38545071069860076,0.10525668572311613
0.45812398697226525,0.6998560173119095
0.008304104306432152,0.04791810907760824
0.3859297390367739,0.6627504013270221
0.1296420225133418,0.1454403394137922
0.004179773058138768,0.01590467501182311
0.008302833775407673,0.04974123551412649
0.052074818618274885,0.1992778891285248
0.49443299282274916,0.1549799386174372
0.0853815646576714,0.08320256890731477
0.08086458470435166,0.4587460484357215
0.17203880714615155,0.1299935085808165
0.5292055686207858,0.40860974318760496
0.02963025477180014,0.027916698969233135
0.08944770142224637,0.4503751584833999
0.20338777959296048,0.7045736400488002
0.07899333955215987,0.08767475530063981
0.030570121203681855,0.03257486756535591
0.0878185756567367,0.43524282494632
0.25946213313481425,0.2886368930012495
0.034710769944849805,0.01932987501031005
0.14559375863414634,0.13580405130785728
0.029395089528450682,0.12024722964293785
0.2570975293445494,0.975547867970811
0.05385862335722307,0.2973039444181683
0.2107777192263897,0.17627665236771414
0.653307524824989,0.3188989045112464
0.21312486146279153,0.35015927865871893
0.015909764498150812,0.09197221404953276
0.33848328435691555,0.2884265941182485
0.020112718093288712,0.022522840848599263
0.34387628198051956,0.31029860661277864
0.010439158840881632,0.0057363574114045945
0.34653382338652766,0.18155104720958035
0.13686403865723093,0.1020618002128581
0.331714993952124,0.35045940023450795
0.2067720681544446,0.8507995120528786
0.3103717855170101,0.3288540551587661
0.013228762477308231,0.005252167900482084
0.4017716957167747,0.9020726570822001
0.19920964136139105,0.6497750056313958
0.05746926171657481,0.33141692976497794
0.01439951107104989,0.07098554951040979
0.05521963426191965,0.04137572780450897
0.3747935721258043,0.5627688023951483
0.16334521140284847,0.18270119179982972
0.6156002237706709,0.5412880720378124
0.006545672307216718,0.026952581786993567
0.03060394074668609,0.15240898014958795
0.22932108327028022,0.06864554379359057
0.08431488946385253,0.36461388753432944
0.017424570106483267,0.08827239821069527
0.21393627776903693,0.5553325883503653
0.5553185666692695,0.1960133648744819
0.24617959450450588,0.690352057111388
0.40938609304727863,0.3648460538219564
0.402475039005555,0.834339205333365
0.02156584488289611,0.011843343989519766
0.003351513874614026,0.014690586811130429
0.1958331430443967,0.31415373185283324
0.46322760003502206,0.13162125474003
0.4666926636276693,0.800148637999797
0.09914468626854431,0.23399768044019018
0.082829427828229,0.43272210448865317
0.24049809009087322,0.29433862630658153
0.36797070326978887,0.9053445028788437
0.509361508369017,0.1789889245456071
0.007368268062199714,0.00728203506214586
0.04870375335946979,0.019248895596808063
0.6547939647027362,0.31787028045523674
0.49818644503797865,0.6901450791177418
0.0048253902699009225,0.02362960142833448
0.2919154247756144,0.8985710531848241
0.3423338113883287,0.9547105425546797
0.1394102866939843,0.7596798352942278
0.07977676907541273,0.03186938579831424
0.044437644110900405,0.21409903130333371
0.47723729582173763,0.1865280278787216
0.6302501761963489,0.5091510090890622
0.6539750248639292,0.3361691316228631
0.14496220663149856,0.5853121270335522
0.06421649281502922,0.39783694014981513
0.0600628766704428,0.3605702610058959
0.04423361727251996,0.20052444561821964
0.01664053948296819,0.017278815843788695
0.11847126576316515,0.10894081162096668
0.026456611419163296,0.014729292850003798
0.5506451352282041,0.22879573127199357
0.06973006500582087,0.4183308798290102
0.09238585082599023,0.5492841229932315
0.4737978701703438,0.5526100811766451
0.3881436595305719,0.6583949709398523
0.2273617303630382,0.9706351771558243
0.5902808771015617,0.2327875305977598
0.3965486427739498,0.1150856085487133
0.15022549281641187,0.1347293162065105
0.13545735913792153,0.5368064415682258
0.011091291378962703,0.0673707704329559
0.3441407234101485,0.10678824852625457
0.14639699486359578,0.5919080211020107
0.5663042828044804,0.6024043784631604
0.05531796658031927,0.19127650635585244
0.0569950151419794,0.16344673450082536
0.12912714556956467,0.24928740349720635
0.49116708696457595,0.7644990136363311
0.016862836882108212,0.10738900329903614
0.42075552993699855,0.698121623102725
0.010048879214679363,0.06374721457800929
0.03753494969419443,0.012003131369384175
0.6145849377574428,0.5402592435381872
0.14021771609415867,0.59777106720197
0.3490049034551713,0.43739356346958286
0.27283181721621813,0.6293532381177585
0.1545279671669342,0.8049580354478323
0.03895737722751601,0.1052412111423401
0.35569184595196424,0.12317354965682567
0.34579306313020547,0.8196207162876722
0.4420350890361141,0.8447959138298583
0.06851650259274389,0.34609354116805024
0.5132412453968292,0.7114841648310488
0.12982042800539606,0.11886759319216597
0.02156342268843688,0.11960275619767241
0.004475352021885065,0.02492690830557655
0.23043873952055413,0.1896168063408361
0.02016976883671415,0.12882293769381317
0.5201607229070023,0.6241056110014145
0.19549190767728647,0.7333898290444562
0.10172589637400441,0.10494201610415381
0.04103678034101319,0.25903789841065755
0.08437507246802178,0.27055167710312866
0.04316178375003686,0.18858389353684474
0.1336390404053967,0.6411148405140294
0.09275332691835242,0.27723990529683634
0.5834264028632635,0.22245563439479338
0.31959773343360015,0.7747935573041548
0.010942642081087434,0.035462014849006525
0.2134877827061598,0.8033062287754208
0.6409810052880246,0.3000991841465083
0.4363380983066137,0.7163161810127203
0.10119307943110441,0.43907816648793413
0.08184594200208964,0.06061815090611951
0.6399295739766432,0.44367105265949924
0.2442341411266919,0.30997874317005314
0.00229855911815943,0.0012956348706860419
0.5532714537528073,0.19546713186780426
0.06616573870294247,0.1967342793517016
0.23186904087808982,0.940393994355791
0.06768634916288933,0.3537952305238334
0.18336603634670612,0.20712565118619933
0.35970593122267697,0.9298495731984665
0.1150300924189051,0.1050366326405974
0.1758617818109877,0.19218773586221588
0.1832152826172589,0.09955538921849005
0.045749677812563214,0.02390549371304343
0.37623608235241995,0.3373623628916431
0.6460545207868748,0.31020108634087334
0.17749182846259962,0.48169059286425775
0.009735232722261029,0.009114837066088202
0.21250449523130127,0.12681606586876729
0.3307452288719004,0.9402270273971448
0.14733935221051822,0.637107645658412
0.046574158805411846,0.2649950556956684
0.08346547909931831,0.11368490484683252
0.06209167276924129,0.05490502225929528
0.014324303975932253,0.03269234931695466
0.640825738738799,0.46850139587141415
0.029634495545046914,0.18484513415532525
0.23492803213252958,0.9732219280410827
0.3598103233198391,0.3010720454061671
0.04192420086341192,0.20495665911040195
0.021892669632695278,0.10663570307164447
0.34810217165484203,0.9640306296149013
0.020884580025924193,0.12723939188612116
0.12315965869241641,0.3252421361758095
0.49285469705550744,0.16273527205626728
0.6514908973656701,0.37879436937325717
0.013435956541444749,0.07356611045604398
0.6575525654459864,0.3669081809894815
0.08165360553077121,0.49207529532689176
0.0978848504605702,0.5792043807539045
0.3169716368661953,0.9894989176891654
0.17558908899178824,0.1967685529814362
0.040604452203427434,0.25604243593916287
0.6366563430817804,0.48815477640912797
0.03499307736841118,0.1250667094096881
0.0139357118372152,0.07036763798416787
0.4328951976391902,0.13885744544040052
0.21946091282452979,0.5587964622261474
0.20818076271997932,0.8137246839894776
0.39923284379465973,0.260491157253048
0.23760084535138815,0.5057882684269017
0.11556966294587868,0.03146632369045491
0.3498052040503196,0.9341976532011584
0.09532151676521895,0.08289942612667883
0.2232814590320793,0.34652827435369743
0.21859573700801782,0.3469638922370457
0.03207837724017054,0.09573564578603566
0.40257171295899313,0.8724812804446308
0.3863921971438812,0.38963044236019356
0.26478757031088235,0.6555903091039817
0.009967340803863316,0.06075697196718753
0.23932943518523425,0.9808859726033358
0.25959374685342634,0.53257385902473
0.361689875425259,0.8464632492820046
0.12994054642105776,0.6195218919409975
0.23445361542660623,0.775365883210623
0.152081171867104,0.33092183344273995
0.19705181138300576,0.21438240246171872
0.2159056264132939,0.4687130640918185
0.11477889815166505,0.1100910181604165
0.26808485864347037,0.30058337545788455
0.012708755495820657,0.04069879633785086
0.12850308413947767,0.39939936539623266
0.1128390984020996,0.048438786528028854
0.0009648699919080602,0.003928825154933672
0.11853323815829339,0.3740661809914454
0.5540421565321404,0.6556057123163398
0.6463150437853881,0.3133396804171668
0.010619959165052109,0.0029218806196304637
0.6119571453624083,0.5391041929954924
0.3142808558610324,0.8576251889269628
0.046315412057015316,0.26630571196802916
0.002681435342430748,0.009846263842973284
0.6024931293473539,0.24660477393355476
0.1614175403366111,0.8095947684905191
0.0022039224211634523,0.006508060247978175
0.15811975171218048,0.1463375936013679
0.045435400210228134,0.2595513879227075
0.2924777353503484,0.5733663739721978
0.22701840758125164,0.07358873367946876
0.0632977318981976,0.04328701462875557
0.005912693929195668,0.0003884374143275424
0.34996471516952427,0.509959179068816
0.4107360237931139,0.8497394596966558
0.11525771329396658,0.6543214427143034
0.0749426250446884,0.2123252561829127
0.1417921950277227,0.10224472805833143
0.5601167984471068,0.19632569784427695
0.06941844446099565,0.10239252201666468
0.12449927060634662,0.40404366087389737
0.36257402046543374,0.9424335261369572
0.41519270789504714,0.35596850064140517
0.12507718324257436,0.1369371612266651
0.026098968943520914,0.024446294251443453
0.029107866001929165,0.013878492353767747
0.2679463983249203,0.4436035235461235
0.4532313491471888,0.8023578295215835
0.3383262496014655,0.6195950447372038
0.05111247494787886,0.031097087649187293
0.48430197656712143,0.2769646229558947
0.42402313051277807,0.16423313362880884
0.34341044841700874,0.726558953048525
0.02557755407998167,0.092366560319207
0.21808395228980912,0.20363091115042178
0.0012092686310240463,0.0002817428935464394
0.23579015960215766,0.08641224029682992
0.2903735524112948,0.6731981873576468
0.17015180989381695,0.31903808874842443
0.1632372883853842,0.32462434350446534
0.03639476631644032,0.07032539323622518
0.2930583307583003,0.5459512199351529
0.5731242025648321,0.5690430902379857
0.18910917971574673,0.10678122543134826
0.10162445297760438,0.08490504434206321
0.6241756619496845,0.27239803228821285
0.5150024840448575,0.670955132573253
0.29419212544066603,0.8226021997809497
0.31357548473737407,0.10573065799001027
0.3491188369252649,0.9626523099655604
0.07734575175857686,0.4721034123223877
0.3694159782159445,0.631173757154225
0.17878273420717145,0.8661991542636207
0.061271950057020505,0.3237255232195549
0.41992068531187554,0.8729267582953396
0.5939066679421111,0.22895734898375336
0.17848864329633018,0.670404430846776
0.09928176872386932,0.5655597568756661
0.22360144513895822,0.6592638566980853
0.4527272508788873,0.8213305277541425
0.6585981734308148,0.3175394875938823
0.2536929893893243,0.06212802381549072
0.3868494418865483,0.13993472462655493
0.16060217265681723,0.0957286600096033
0.38571048007171443,0.6477567330080544
0.029271407901447905,0.16861704683262302
0.5925707437773766,0.5463146442522029
0.6137084946863387,0.5082776140916536
0.011431355749199757,0.04608596770808534
0.15312306412180637,0.1585336598199486
0.1695949226960061,0.7283127887812046
0.011457644032131101,0.06754400712567475
0.5018462380741378,0.21358198402892048
0.0176741784501999,0.06885931877961142
0.3085415823392679,0.9868772880466516
0.023064104583333685,0.14722773293626099
0.37677152377518897,0.8805897938832412
0.5337685167282962,0.6910548745060335
0.4187748676507606,0.12408683119829621
0.08690315101461034,0.1816116762196746
0.15287536539762403,0.4927435845660748
0.05564385272953509,0.3027700497362906
0.2750665846528253,0.6684619643725855
0.6101936427749441,0.45381818362139387
0.15606138625965102,0.7981630411786436
0.017093268200951237,0.053449963669889425
0.03835079942305352,0.21900912183342358
0.4272686048499861,0.15268514526452193
0.056444908109287026,0.157255597964024
0.24527241525534121,0.3389799928129554
0.03693814605986141,0.06979512127158831
0.33827385538213484,0.6526195499979283
0.30775468821084173,0.5095348126559089
0.07946413032665212,0.43410494621843176
0.28146575836657395,0.2785712888588085
0.36820676814988923,0.10583955889987474
0.2387717049077905,0.26703577524979144
0.10061262282964713,0.09491719220271971
0.30610129976423966,0.45979059950832496
0.39485753011239866,0.11291428156236365
0.6047050565458016,0.4435734358886356
0.07321280343070723,0.05681256083846905
0.12458540708034105,0.037772395220397714
0.1361099355457987,0.4200806232431346
0.2859845511717374,0.2608459329082487
0.018846715906778538,0.003060500845662256
0.20174184456790517,0.16903738055788797
0.2106713288257849,0.22352531915025167
0.6422743011315691,0.32074550205659985
0.4275875403884514,0.7012646156247632
0.09169424028571307,0.06404772229624213
0.5733235840825048,0.6171743843953436
0.02263130498005322,0.09644888578170865
0.1525021471129662,0.4065761191651787
0.10415627302698303,0.46563862129199013
0.00709305827301522,0.042331926993308046
0.5125502078952111,0.5662371038489269
0.22970268408614108,0.3420485643821009
0.06605281429917353,0.4078066787811807
0.11820800509863438,0.6497360192534867
0.1416379764206001,0.1491809467241518
0.01729068166020978,0.04258848052652246
0.03300800692550957,0.19161699335841495
0.34124257778756933,0.09534816399950811
0.029297854929114978,0.10598430220113488
0.07134008640910082,0.09171166804822174
0.0010277573026818705,0.0011202139724804964
0.3080342501562997,0.9559581223942903
0.17031726403293368,0.859854994877895
0.13117407784375354,0.6081164062106023
0.5037844926852596,0.19419039549624162
0.01411365634318904,0.05083884846410805
0.5979867484695439,0.5735022043298293
0.10059997305781791,0.41460066208250107
0.03217997776192194,0.03627197570928518
0.28227726206139525,0.4596832514286506
0.00044531404028871484,0.0001206920703498868
0.20016421939589388,0.9284702460839549
0.03889707993181691,0.2212173152292624
0.3493011038150115,0.9380989381258271
0.2920095105923961,0.29242416179161357
0.2517324163308414,0.6160608841613263
0.05140835815074351,0.23899965049429073
0.21321110718248884,0.1496525422567303
0.46644699010425483,0.227221062153464
0.23296110281235197,0.6067382402728198
0.5669762896759168,0.632949582909597
0.05975989184230403,0.043753781100300926
0.34387892133367726,0.10825557831684614
0.2607563046590954,0.07296117694907865
0.1621497122529311,0.1269644473595209
0.13964821207793335,0.09989367322852884
0.01461288535967929,0.07382153555678365
0.1065297402266746,0.2634600472825911
0.12595392508090142,0.3621880491392904
0.11999319389510074,0.12045227516963325
0.3802165490395937,0.7741501950085936
0.04678684429443157,0.21953468005020457
0.6566872356013855,0.42338553250391303
0.5623934911280078,0.595088800851424
0.3505348748700352,0.5088875377581497
0.29448220032540334,0.8116378059477644
0.5084836351467016,0.6679023071663988
0.08715760346405065,0.03661989916255066
0.20756228523573284,0.6872467509093447
0.3825819390021415,0.1087280363510408
0.1330609937750545,0.3106247940930755
0.1570282165126978,0.15318524932125527
0.17402160639161846,0.6399033920052769
0.1742864111097416,0.18105564045526062
0.06414951627173991,0.05357219389055785
0.17060890052043878,0.07202892385176968
0.34794284950502813,0.9640430141755961
0.3629460197813227,0.09991579681909755
0.1773599968981951,0.19435362108719725
0.11221397522951963,0.10965290415947214
0.10931269963971357,0.6178017289335515
0.07087225633605904,0.11259033316928119
0.04401085988292177,0.2769563613058529
0.009296856030748276,0.04177848662183319
0.28278586682794876,0.30121227611236717
0.22941389458706998,0.17486515094138758
0.05155718537538873,0.3182836803987506
0.194307044045761,0.3630068955343942
0.1521202628759759,0.16651048930544624
0.5932682489321915,0.4826442866152696
0.38835066060380746,0.1052728259780846
0.26114127019431427,0.3109338072212747
0.48498417523075,0.2570756539028251
0.019127782516287495,0.04347965929754966
0.09857019937671581,0.4167204926286247
0.11721998471616256,0.3735344000864193
0.2376626701858062,0.618118539603026
0.5908530457929597,0.5509519836310689
0.2303312682207331,0.9361937193472948
0.27066526985407574,0.26322250347221904
0.3868348818497368,0.9136712761079483
0.01716967517041502,0.004528862438607846
0.2973581840601956,0.7244468305297647
0.3594307366381553,0.16292414134815772
0.1270731497396608,0.1404313344221006
0.041669573151221634,0.18139838632584002
0.12857666928409084,0.20192652297827943
0.3833844714514765,0.4512384914479035
0.14383555080244378,0.6528745610238478
0.03612836633805014,0.20181148223216558
0.008438662818633124,0.009093047796289132
0.3601368959398202,0.31845816993315973
0.6346714024327369,0.4900786185235368
0.34580964336736103,0.9450094821142979
0.012420539668878006,0.07586530744033343
0.4051121142731619,0.3684327859125686
0.26491777386193244,0.12052881761024258
0.4777924839179126,0.34122270147347405
0.21902303599170017,0.9373136193350224
0.1764279059761229,0.14438992324584757
0.14358126764511658,0.5063880284997455
0.588500666378473,0.5876686096506353
0.24158890400524727,0.9074599587967547
0.2211731470387948,0.8439942827771584
0.3184723822032622,0.47683965507254006
0.017613631258086276,0.029418095701540477
0.1100544174667061,0.16264032697776906
0.027993899010529698,0.009836046709398446
0.3324157097446728,0.9338235344938176
0.6040841137207333,0.5025029506752785
0.03890589021041066,0.24681367517749891
0.15161104611617127,0.1495590635071579
0.18588550404012563,0.26417716010728004
0.3556129014490668,0.934788363371345
0.19505017840906133,0.20550129387221502
0.3511225825123962,0.3229925401529007
0.056197414932254525,0.32971961536175826
0.1986215407962919,0.10569051628135757
0.13293716648456783,0.7345872399752863
0.12419865516115929,0.6058927310734227
0.5858958811756269,0.4121106416199153
0.49512144396768415,0.36308415594688753
0.22150082830393164,0.9607226381927737
0.18125413715354924,0.1894902015910505
0.10814082689621884,0.2740626223203086
0.4106330046133295,0.8849769178416558
0.08795044418830936,0.06388705915090699
0.2912701601738935,0.46637451794080126
0.22130747797470995,0.7092203610189998
0.2573077365456043,0.22803982095771577
0.0894998414905468,0.0964852303756536
0.5107075250989613,0.21631265939850675
0.25347585632877706,0.05879600204637814
0.24900629036514857,0.824608463103149
0.137666346358689,0.1377576505210384
0.235534014785637,0.2548653200615086
0.6494761954489278,0.42896849127661796
0.309921502167121,0.991730615436107
0.19711929978387174,0.09307468914696719
0.2791427827274912,0.9896267567906054
0.14935877139579792,0.09179004453464296
0.199459509228227,0.3960484985471993
0.2915953264506536,0.1535342877994426
0.29544840169664915,0.9984567515693199
0.1640208711529341,0.42065142114850107
0.16828918763519882,0.18800977812978467
0.1758457246807536,0.492126105003162
0.3690157326086873,0.3925964487868495
0.33753216789398427,0.5147453662656849
0.076270505034566,0.08439139422647018
0.1272318763624509,0.16488304608437335
0.04821056008808461,0.03159019066894547
0.09953900223857136,0.5812076420709847
0.10658207715997312,0.42285600296876535
0.13529632639512126,0.5865375306605509
0.5024062846086947,0.5156229477774421
0.6231306945908136,0.46648036916194224
0.3344964950908423,0.5155865616670199
0.3863486480294362,0.702448628562508
0.5224289008785067,0.2470055745391993
0.0905169701775876,0.47619279740195825
0.5750459065080924,0.5254924517284458
0.1859920724433918,0.5137759084709471
0.1328765948426438,0.10706637329221376
0.06348667909251639,0.16021787489337497
0.6396030522910033,0.323136574549068
0.08089701723841158,0.39760630579127143
0.00015389295872397478,0.0001035528555652519
0.30319256974890413,0.9524304642292977
0.07383090594008816,0.3305085889440655
0.20942470059061966,0.9202836298532979
0.361899597009874,0.5534786167464526
0.24927635881157167,0.44021690024515625
0.08278381053447242,0.49800295245538034
0.43774671523742836,0.12570751756334653
0.09274561249097048,0.0237825173299953
0.4260475346167842,0.22263103761997582
0.08544171046256005,0.5076177385706434
0.04324788774127285,0.14048723418512016
0.08106592954336687,0.09060260083326695
0.10932719491588955,0.5468433167341398
0.17637960065707775,0.8564573361078665
0.4238340596352173,0.8485856601178479
0.1072642301634522,0.537115089165108
0.07494766880283114,0.02986375597304219
0.004833449103549241,0.007960583633119703
0.05053957119768963,0.03003608752616443
0.18053025394172098,0.2472730726638495
0.16189071886576903,0.5494419544830865
0.3805498896516081,0.2673599972952813
0.3169782041988909,0.9877351933901696
0.010420884365466444,0.06245198951522284
0.03743015995152579,0.18932104836427885
0.07474935382129103,0.27679046658249795
0.13259431769437038,0.5777185540583332
0.3269784810483281,0.1280713194672403
0.01929379046969558,0.08368107656698434
0.10032797096117083,0.05653760856464826
0.36289902831191784,0.0966688972766304
0.18504759109144872,0.1914426593177394
0.11166745627045298,0.643132649245841
0.36863953596518295,0.8333585996208925
0.23631277778931917,0.15120636223837597
0.22576441937190747,0.955907564054934
0.34634652534968113,0.5403117067299392
0.46081986034481043,0.744323801888911
0.5947617323140018,0.520058372089359
0.09334337395600477,0.05879744163527982
0.12217975732055454,0.43112874538859797
0.16543069742769903,0.41263280943977265
0.37475573009734126,0.9145388152121801
0.034191461805984036,0.21518550521453952
0.11357468180537306,0.47710734845791886
0.43293341101868343,0.38365847630699657
0.03719590937903364,0.10696659659170288
0.37954817733953355,0.437178170827817
0.13874334335662877,0.4326928618931558
0.16125737058212322,0.1296828377655158
0.19698431856424392,0.9143639105074662
0.058951985563032154,0.3068009132231864
0.3660431488288866,0.18197340507978677
0.03162131562419045,0.1416431064083063
0.38849877698376634,0.2289793988855297
0.39994072271538417,0.8748659489633364
0.26268223875488794,0.2850843333061353
0.6595039590030592,0.40113576076431595
0.077318136126493,0.1952433527594425
0.17596417353528054,0.18236102892382852
0.5198466605856534,0.4046543773259157
0.4187148674553589,0.175156611519912
0.5731497154543757,0.5659207145332936
0.441740724472398,0.11907559402155046
0.056210662859565975,0.32805138462878447
0.22860457961504246,0.6372556701051283
0.16284386139245902,0.3530330059983873
0.07060368562973372,0.2594026856626503
0.3424331718711858,0.9683291820083061
0.36092797705488805,0.6484276002876551
0.12405635674993523,0.6828295908610064
0.4034726894082315,0.83455303445252
0.2259925697192862,0.8852701566704907
0.22905879988865652,0.38330637736383494
0.01595912482335687,0.06551787727106269
0.11515655882801903,0.5510167001595818
0.10765181619872867,0.45218383902136583
0.05590875725225902,0.21930181216130348
0.24255440863060845,0.24850952002231871
0.001304500771603691,0.001169738628652409
0.5260836985068522,0.17313438617397442
0.07932098783722477,0.20586754889213668
0.3025465784761559,0.13531985291139373
0.03517702303796602,0.011524878046328344
0.25752003282679975,0.4569838211331482
0.19297850072512718,0.5017717291870776
0.09344384433844158,0.5550685556176101
0.004597561366414484,0.029296823139650124
0.15429169061610168,0.16481147102565932
0.05919427753003352,0.06575839425486911
0.3218964830684845,0.35706547458732263
0.30697732800912214,0.9603967014640467
0.08496200146957363,0.10834428576363221
0.16452997050868642,0.23173590301423472
0.10728943398706,0.2590662503586892
0.3127912648660883,0.9802835111720517
0.20781066577826382,0.938320471649835
0.15275032871683608,0.16308509683811245
0.11127751108712776,0.12315924125864292
0.40447534371149674,0.10374979908691143
0.18474953649612869,0.5125976337794114
0.0798766460355276,0.48141173094451517
0.36173682761041276,0.37165004373587385
0.1081307638278753,0.39793025775984636
0.1625627952992286,0.2809597129116069
0.15514188148896693,0.774351311677269
0.143440979448232,0.428914293805755
0.35097285199770933,0.4768476403209068
0.5024226117715201,0.6222011876473676
0.6326283743786176,0.2772158684966414
0.4196194546921423,0.7562386591471097
0.5469910327159505,0.1904755146957323
0.3272862220522345,0.5625543933026348
0.6603287045933443,0.37954391120393705
0.072144776258513,0.0793352493549366
0.11283076563206622,0.6479892183690482
0.32015918579413627,0.5746555216397918
0.4857149787322585,0.773425736534134
0.6209086847557291,0.25510952473718024
0.08536265445737341,0.27456830360943313
0.27111382942248957,0.9993621686184075
0.2810318027253071,0.19018779680055725
0.28657020817519,0.5371088765882549
0.49367792474563166,0.27431700495147004
0.1694345083416719,0.8263912389493059
0.31103103364980633,0.2736857441792617
0.6093721604746138,0.5450085276827117
0.5579771134134672,0.4872713580625716
0.012700378132776503,0.05404458329949586
0.2563345937553545,0.1444533652767157
0.4271239340728944,0.7394943429463647
0.07103346300956112,0.1960028279381567
0.02986355744051292,0.09844891228180097
0.6574515047776988,0.4116329588178402
0.15403949062879346,0.20664133396557263
0.5118235753593035,0.7165931864096207
0.42134477471039705,0.8505982295996252
0.02212440039265551,0.012389833022006077
0.021974358953297475,0.007058406018314487
0.14483047310668073,0.7396601722048964
0.6286946008928231,0.49866665321797804
0.11310977449300293,0.08588073068292021
0.019868725280070478,0.11957143079282412
0.10901612395291485,0.15264481667916333
0.13050939147644447,0.12027226078723459
0.02227900657369865,0.12651967485971743
0.008721704713664253,0.04564500232299662
0.0017739521846927052,0.006277564058559165
0.3482743364908716,0.7729983971856382
0.015277283392496356,0.0980781141428931
0.20404614015721828,0.06378600728124972
0.38815201071410216,0.758250146175407
0.28337265655588056,0.9366940882991013
0.24783048665422747,0.7406009687046251
0.22411943086363717,0.5454584165104552
0.013324795376176446,0.06948022188968611
0.6325103212278211,0.2739854108396903
0.21639420568646894,0.9565318421457122
0.3181993458096459,0.35085846882429644
0.08246270380759554,0.44549927436814013
0.4758730916707245,0.7912048775902202
0.23612562964694428,0.3145523258974144
0.25017849653690966,0.09342951405774175
0.02269196362823821,0.1151201145331975
0.05045640724373207,0.019353019549296295
0.19715059899743215,0.6251085865034056
0.02323629038616881,0.036124578517266345
0.44852680429278424,0.14338131393764816
0.06331170346638854,0.14118940175217745
0.31050819916110867,0.629636455168843
0.23864483397078382,0.9577714526038145
0.0006205487531604597,0.0023329572094623347
0.3509521516830803,0.09542458614741953
0.14536438973655685,0.15111717564804406
0.13100543131179934,0.54951131736289
0.23834965254958232,0.2842723170130569
0.015166080867613023,0.0021033078836400713
0.08141705582078301,0.29110986328771293
0.20031494830964922,0.073005606623762
0.10499537811748703,0.33549577572145045
0.230050399606431,0.9507518096864938
0.08772914826665414,0.12906493948067235
0.10563869059772618,0.08269938954033315
0.09560344993804626,0.4075925470456712
0.0264540987930733,0.14614949097414265
0.035905475445732506,0.014183489211666438
0.5878281683226725,0.5968442360631394
0.48020168810872266,0.7675752901086174
0.3724046558090851,0.9393771127232334
0.28550935054657955,0.15968586504938187
0.3522565777084471,0.9270754635215328
0.46001698648169437,0.7469526217357885
0.1794117874155133,0.8565889714098817
0.0849007119677465,0.41571658237880305
0.29831375352925377,0.8516033826514984
0.4346099833986418,0.8092104055091942
0.5297582750638347,0.19257362487608062
0.1663351311732273,0.1504715503660312
0.2366368428800359,0.5138401493498245
0.42685155233400784,0.11056146792084691
0.12547129268900029,0.5930927782288182
0.07321896357343097,0.31538931291088595
0.1194652038423028,0.10768110565509804
0.30855154722922706,0.5882132035060867
0.062188507649062114,0.014750145994863033
0.26376913848233957,0.2763157423547596
0.18218867335991215,0.3951825364257423
0.018438741757341556,0.05907686195688268
0.0004765790392603971,0.0019375918905332
0.023093339033808575,0.040806582598126716
0.45935876330104364,0.13369481295319574
0.28632372442838566,0.9795582315895395
0.6322642054780401,0.5045380383802827
0.0444474478388309,0.037442813477236055
0.10412285383568036,0.05769104514232572
0.1911128970817473,0.7006172065077045
0.17354990156369066,0.8670806901734965
0.4309748713886003,0.8588378740180778
0.5563376234025309,0.19621982045886172
0.006484595472679904,0.00497040227156648
0.015751834362987136,0.091668681124272
0.14375670686008327,0.4559531594191281
0.6342077943246283,0.49958670655039905
0.008995908063753322,0.05093755470739462
0.6118730876080407,0.4993444973166832
0.5785759106355015,0.21602842139054018
0.3492937139441043,0.6393517891604686
0.1852574256000231,0.720500099473011
0.5401143458345541,0.6781457843887013
0.29061361200976066,0.22324734575520785
0.19784848937689947,0.0486606627869053
0.31838413758619116,0.7449283396646132
0.00179748900750517,0.0001654589612573866
0.4470513525676534,0.12256047454362022
0.045823431037522525,0.21441558483160794
0.023061094771191636,0.14375274055739323
0.22254320295038557,0.3620234164177202
0.05856028026604059,0.058764725830583835
0.08177619160853584,0.047799523661573085
0.1562496272038897,0.20755742914001016
0.06323382788626228,0.38247593946390634
0.019029923833538524,0.006168766730517178
0.15691257200262937,0.75885853556947
0.34105285074742925,0.4245328798634264
0.4327365549252294,0.3070920864837363
0.38518149750753916,0.9234782695508832
0.30126865071333614,0.2436656443390944
0.3705794958638893,0.09695994641498144
0.16020704205774824,0.7943613397856889
0.26809879916688095,0.7996382802388201
0.18019640279273777,0.2621276628867645
0.22703501271182783,0.6157413942952812
0.18465700489375758,0.13751368798259547
0.13706234996680366,0.5906669668044671
0.12677382993497527,0.058534936581461666
0.011241769561977557,0.07186919104535165
0.05637741053396616,0.24037628886311044
0.612114450115075,0.5395461653921584
0.4071499335766771,0.6855323959957137
0.0873518937963602,0.3918494030353176
0.2536428041452811,0.9762470542666167
0.5713642208534704,0.3156066805599529
0.17222816049034292,0.4214351691934356
0.1098679730671601,0.09754409858488892
0.013590270055940894,0.07226056835966792
0.19219945353464324,0.7192465228791183
0.6141801713277346,0.27514612972990166
0.2006398072970868,0.22423741813637452
0.016062405342566453,0.013499916674318753
0.15695700803389795,0.3127311549527484
0.5337006378757929,0.18852138489834974
0.013693799018924967,0.07912306726061594
0.03079279094389156,0.019355064429162145
0.44880040347866823,0.8345943541730138
0.24803699706704394,0.4673396872202938
0.052624514365539395,0.27853990513000904
0.1547878792761236,0.1517605724537233
0.03633638663167026,0.020313283310852564
0.008730501835624164,0.006112653456852828
0.023701717258372848,0.15174448511160105
0.22857526816240736,0.7721502712827745
0.2336838200544864,0.9631953015227055
0.13568130716260812,0.5473129542696008
0.01908555646401063,0.033849692986429765
0.12228151627147905,0.31314699996620143
0.5678315261777749,0.5571157454854452
0.3822995684858747,0.35838751309109196
0.25530718294711996,0.8621346982146487
0.05518989128529074,0.31916948135215945
0.00024440963123474634,0.0006797597329923493
0.5117514340765118,0.3425450709798492
0.07440775530523155,0.24844442954625104
0.07086220330725183,0.43470666206025566
0.004234069043424012,0.01650704068284213
0.12767251907769123,0.4656154069269846
0.1128681064318888,0.46744995159998604
0.10318413513882026,0.11438152000770332
0.33491084948266175,0.9046610705537032
0.18071793336979758,0.7969178265640623
0.09658655843916426,0.40351805497580984
0.1593441199391328,0.08211062764958635
0.06802023039779409,0.20562704516661617
0.10686579141043222,0.20788790208400854
0.5280846840769479,0.6881243914858111
0.3668966748583684,0.5145262994597889
0.34618369577314567,0.34221309897556407
0.3628542555599272,0.3485182666781021
0.6366412723734892,0.4921421547920495
0.1398253451705621,0.7544701283798756
0.6019069931393974,0.509812356294911
0.20891756869214848,0.38043752986229035
0.0711314252495546,0.0631214074561111
0.6478679175408637,0.37785455895838704
0.0023538658486820154,0.002587956618353855
0.23285182328426257,0.2374688501570917
0.10639616547855905,0.3002513868941312
0.5897591307257215,0.5880772155334892
0.2511735755653258,0.9676780001433208
0.015652983078124676,0.014931485254374087
0.10016294363688219,0.5725495470300928
0.10570510829284613,0.1497232281398845
0.6175635586701081,0.2626111728109169
0.3946913074034554,0.9121528405754126
0.47923111784715255,0.784635158631294
0.3823442455982205,0.1278589172946142
0.08477958584492933,0.42727064998062997
0.34032880161983775,0.8886132289425324
0.27850760553243153,0.45528180059071616
0.26958614864744607,0.3419953041450156
0.23795855123869544,0.2160493218831251
0.0058391271285345775,0.005122271464209589
0.20266853384334238,0.15451191610635276
0.469629609358214,0.33140459341534373
0.1403250851167353,0.7621484931042801
0.5114915319750882,0.6645573875383874
0.09109593905364965,0.5240358482462961
0.41208619467481944,0.4026911383589517
0.015126723698498887,0.004984527241720862
0.17470511014762188,0.5051367250006379
0.2350047842638194,0.9309023574869052
0.3062021246227269,0.38757522292714985
0.0014531456716781652,0.0016161531031021498
0.18500157420706098,0.5626710358240621
0.05491072789359664,0.13719346382701747
0.19576006582945576,0.3347070608923123
0.28790637588374385,0.8728972241175351
0.09657238131837545,0.5691069453129907
0.01318096795028427,0.08446399944481793
0.13822621392815912,0.7486343267069271
0.07925696255878235,0.05213941673779586
0.3154257382820632,0.3133560438187248
0.016036392497080228,0.06237189973155744
0.2907245280242778,0.9795401739891472
0.38443736952858415,0.8753483594079233
0.06689855117200526,0.059563808645119114
0.13985983869316443,0.13572561524263405
0.09837656960929676,0.4746208742188363
0.15883700484803423,0.7458931954996764
0.3103774052968162,0.8615874055520717
0.01209718358750498,0.04328266467657842
0.0033111184928054766,0.01766580802059699
0.0011228760905544507,0.0011049284304569457
0.0028063652002298643,0.016246242775040776
0.4474883993748927,0.22227049134213545
0.0008009880104457885,0.0018941836753488806
0.28693894213602156,0.960409102710824
0.48546202571033026,0.14381343359022175
0.2496911876595807,0.6896748821617326
0.07056935210890071,0.17812618383030163
0.6602976379543867,0.3528485319340291
0.07069364349789498,0.23350547581530798
0.5492259617590243,0.6388597550390797
0.2949426453260954,0.5360415091968558
0.26407331930878036,0.9709005241337113
0.003797543103186932,0.0038994283414688488
0.20912090250827245,0.8804370237285892
0.06319873648308968,0.10787855280857023
0.08100442027341123,0.077065052527824
0.24582443672126836,0.6420321848208077
0.10793696142700508,0.5635776738228868
0.3879633153695928,0.7502889809179063
0.22689695079214875,0.19549492136723148
0.36065167046109564,0.9424471114578843
0.5324354259997192,0.6807742495540958
0.16878893889132876,0.2815065504021022
0.27136830573684706,0.5752098075369236
0.014815452595358039,0.020830525453453135
0.20771709215960815,0.7353519686715239
0.07580260700754715,0.3154236922861544
0.12477382538942997,0.13839675916888702
0.07375257531995533,0.0753645533016629
0.028557213595723094,0.04417926626016739
0.09639058999838071,0.10203004631790356
0.47336586918709267,0.5182066713726783
0.12093095817198943,0.06845630227292912
0.046378519960214984,0.2600595683294984
0.06323054467400685,0.10859430779516051
0.11475973005455808,0.4614080176541497
0.658403084184095,0.349162034117984
0.0039332305984027816,0.0014476734622244649
0.27779957368555885,0.682357574362617
0.26620557009349277,0.31539550486579054
0.6104604262181454,0.5206960780383133
0.035582877087649754,0.2235641972156482
0.6123858574402441,0.5411095410289899
0.4591706610376392,0.46513128662199005
0.5780685042099571,0.6116292063776235
0.0030506892941277552,0.008837050841678283
0.23574629591196805,0.06342228708074123
0.006969266846813274,0.006806713631467291
0.11215919928718752,0.36140800947096785
0.23063862816602904,0.5956103420309183
0.22533772959059328,0.8487025021463664
0.0011859020725308374,0.006780869303364876
0.2664628717151766,0.5718798814142146
0.32304407913046695,0.4042063207474359
0.15503870126526426,0.5653918976481995
0.24804613365275788,0.9832758789141085
0.015748316238977725,0.09299742285661888
0.09279190826280585,0.06442258701495922
0.1972979889555384,0.9112874026631447
0.07129148336904531,0.36311174679351166
0.11636544660232885,0.5405277366445244
0.10068232205742844,0.5619702914952486
0.2768181497965538,0.2956112251425776
0.05789440813608164,0.027285874370248535
0.5475058401304963,0.397567298465146
0.009094082282876928,0.050876471187526764
0.04188629017721787,0.044919151417744156
0.04869602175326716,0.18994908142145292
0.4669634774259166,0.743809439133079
0.1843699033376899,0.3742211335952352
0.18086858607514353,0.1615585822903023
0.15930194641426296,0.817864055234271
0.011166424180705603,0.051977489083524106
0.06618272443719724,0.07409276808027385
0.4839681429800822,0.5449475664302181
0.006338755899127375,0.033920019228298355
0.21859471322736546,0.8594000989781385
0.05206434465190635,0.31970512382853344
0.22884325872914343,0.23564666871346715
0.11303031802664316,0.12607166045105753
0.19944551264442284,0.35974100755218225
0.024355711822728162,0.02661138535861061
0.12382089301321769,0.3535415755338417
0.08903006129289087,0.09657320894576227
0.1363202429009335,0.07699409108241022
0.3027741437330176,0.45159624054856945
0.6281749788209405,0.5086023457306041
0.4233827503113716,0.5166415001990357
0.08493495745868221,0.3056334895110777
0.32395082927891794,0.15035102925137536
0.1461902012587023,0.11190474497275789
0.29541119669211446,0.8153069395129734
0.022677604656131962,0.09174114060607608
0.1285211500868614,0.2209449328001331
0.025898416143248143,0.13618894920453042
0.06447711069028808,0.3882429385730321
0.2759352108021465,0.9988571127683169
0.01406870823707177,0.02931280812232577
0.1744173233516438,0.6678203762144969
0.03240675927879853,0.014421368183656686
0.31374069331621746,0.9754992021767462
0.4619931563057229,0.13077766241712566
0.03084147870851398,0.16427475925679816
0.23974981636346515,0.5995650263210461
0.1751489694082507,0.10302156907846526
0.2524156807826455,0.2217648119583881
9.843409103306596e-05,9.733164969649099e-05
0.46862491834546693,0.7992669380183443
0.0631089197542344,0.02012835639254118
0.003664300559775863,0.02264009951642628
0.07613574705209479,0.4552241001820431
0.0071369259847871664,0.039435676269652775
0.05689176310142413,0.046035667336813225
0.0032828691357108834,0.0008205695211972787
0.23382034348037492,0.1690622172848444
0.0012539361441924577,0.006361671263127961
0.05354196628305705,0.33078675659372486
0.4725886926870545,0.5016169131773719
0.004013373108480193,0.013211769655986966
0.1508584842668179,0.14163630643265382
0.07983314872677533,0.207110492620467
0.39792440465730666,0.2049984363327609
0.16226403591753602,0.44583910031647667
0.4201508287786505,0.8312057338345782
0.1254596868528738,0.1391377182646982
0.5661135994022621,0.6065208946753771
0.27250215131837147,0.5487577611449456
0.12203784696722146,0.6904379226762833
0.08167578598027132,0.339812263494539
0.619892836458186,0.42448311929856597
0.42197697450982086,0.12207433471793454
0.1380513878900139,0.7544827492862649
0.1601712833094554,0.09815502802399041
0.2428362063305617,0.8676251075115394
0.20763024311001946,0.9404399328995248
0.07074204735376693,0.3539244671420085
0.18533937607309922,0.803703272364469
0.23604950789141452,0.9453165365588933
0.2825843270789741,0.1049063931641602
0.06562605452029772,0.4061548864254548
0.22530840600442012,0.2525894332094228
0.3513347560724549,0.11315725349385017
0.25268234614544355,0.6659357915654108
0.22515260051092076,0.9677244679876096
0.45356539314947114,0.6664159906759183
0.6331300445956198,0.45693730744034133
0.009588662952166043,0.058529126222294656
0.28724758912599824,0.4192823958263074
0.03279550044420951,0.196585217901588
0.36232438113208726,0.7177014084704444
0.06015867653013094,0.04466216589913727
0.6288827548046049,0.46138004004817396
0.2216532371668315,0.8484131445383367
0.5302261665613575,0.19115277742871012
0.01648648232179922,0.1031403206530109
0.4845839212697649,0.6848727339259686
0.5314801389718501,0.6981421129729934
0.43239811971182457,0.6629605214303175
0.5873988742954569,0.2399642173462552
0.003886090674598722,0.01146573386335444
0.5686935178504873,0.3670545189314741
0.3760994964274666,0.9359438326388425
0.024495580889623312,0.134349685521748
0.10342416847890083,0.11598302282832117
0.09866934221048633,0.4530484338274469
0.003564628225202889,0.019366361968737335
0.36505509920295215,0.2740387663787287
0.10572492924025553,0.24964480134166162
0.037693712837462895,0.09536062917598864
0.39953182638151047,0.896400624233523
0.1671585529417113,0.6032674939854941
0.06549874177585208,0.40579476993260816
0.061821971384699664,0.15927985535438205
0.06874747297636738,0.15208726340997528
0.012812368966572561,0.07182687118791643
0.07971358708256211,0.0646946811896536
0.05636310026644693,0.1901360889220008
0.49665687761268595,0.2407448575839974
0.6465288330449293,0.44924154350151135
0.1954195685354364,0.2136973494099819
0.24409113166731564,0.27339566673906474
0.4460302537432107,0.12157988890325444
0.15578164243893108,0.4045147462084118
0.34974728379124037,0.2134662636910113
0.4259625674450957,0.7268013100582743
0.16896161644835564,0.17654675672787748
0.1925449230557073,0.37558580150358456
0.32957181323856954,0.11720166649932369
0.25598586615316177,0.8529874003986845
0.12889184453757074,0.1477664936731501
0.510971817762339,0.3485130391417522
0.05856817308589747,0.29717251292967506
0.4032658720380077,0.13387985565552382
0.14351262828944145,0.7019544878264768
0.41478203826544957,0.6074528425121469
0.027502691200326952,0.10866411539061079
0.20197777107896936,0.922488170661739
0.17344196326138556,0.09443363037379093
0.08330740902464609,0.07386382365859426
0.6529181684707637,0.4404303416355205
0.05963507902354281,0.257480242925731
0.04217660715964216,0.07677220052245441
0.11375565928753907,0.3487478200825358
0.1487437622735953,0.510288165856657
0.004419776858699128,0.012657883306547596
0.13835273615735924,0.7200818763335506
0.610839083835447,0.38241035419672353
0.005736073648888643,0.010464270009769346
0.022280512120456338,0.020855030846709564
0.048547486787234674,0.01650209514045283
0.28122649995165694,0.8824311277042106
0.657715455829649,0.349555402594221
0.3379964152008956,0.3347511081502334
0.6046692565159568,0.5192472425247793
0.24038762319269824,0.25766894487749137
0.05259140069877629,0.32834767840680323
0.36387809340404326,0.7674055500473159
0.18973384925272485,0.1965842069473229
0.008525201361202371,0.03918265537346674
0.04459456812441131,0.14697098422013005
0.5606490390481917,0.6464581270428165
0.12016901556574203,0.6747306272875935
0.15836581155409357,0.08761596555146192
0.3533843672343626,0.9527161085695924
0.6601756134304835,0.35849887365961247
0.5149731984028068,0.725263308083595
0.35192645260178285,0.9026079810756678
0.18082849162243778,0.6093908991717991
0.2089207465979006,0.9345567476285629
0.18681973504798968,0.20883274706791194
0.01734192100544797,0.07331580209581799
0.10786740588680166,0.37432442564469126
0.22903345653692925,0.5719421003476638
0.15657684151174237,0.8189093478106899
0.5900328620305183,0.22543771962190498
0.14748049313088749,0.6391340247936669
0.07971167956163965,0.4849977158752533
0.023739644416532632,0.13949084879485166
0.18809151304560814,0.8647541117965799
0.2573480354896819,0.2812066694051919
0.21444005676265937,0.718694112379299
0.1199231136671191,0.21698374758647487
0.13452122431802851,0.08021269958660106
0.10929520535122537,0.31079855110459836
0.05878819436060046,0.3668440975023877
0.1268182161758848,0.0664493783551902
0.15639725933530804,0.4988768421193959
0.16076116283479924,0.43550043853435344
0.516474787689462,0.19663902831765406
0.23482821714310353,0.2603179942815532
0.020236031539181975,0.1296929886834045
0.003795070350173198,0.006255197301251137
0.31201593159651947,0.881106222208861
0.018690054656842713,0.10711169066393382
0.0054135509357579,0.022780385251399783
0.11676223689463416,0.11448942478087312
0.02193333112241995,0.06032271455106493
0.18780035140735268,0.6833889567432548
0.21279302136680897,0.9448505147311822
0.3246330525718387,0.72678704597083
0.46202348250102754,0.3482044625885851
0.11221103725521506,0.6453933633036796
0.36969358713810957,0.09598052538161933
0.02107028451922225,0.0450062424695974
0.6603275210708971,0.35115576867755244
0.1565418539450218,0.4610247209677982
0.08134084407320324,0.4003006059841211
0.05029201074769847,0.019157856834875604
0.11333820084445642,0.09239278508626256
0.020313614077099428,0.005894729120592997
0.017421282137896794,0.08594322367132338
0.5534586507968543,0.19559198912858686
0.2514319989397374,0.6128572531007974
0.08011951063496117,0.08970635250439116
0.058048569577509354,0.2971142155929005
0.18079720181792777,0.20044172007181055
0.15016354169720428,0.5231457436185731
0.006194615520187854,0.03801149377782071
0.4766073333624343,0.1789097776984782
0.06428892069400907,0.3988492574329998
0.13298312165997106,0.2740556382983947
0.21537543494957578,0.5950530933292131
0.09656558081207976,0.4457215834170374
0.6324836110474656,0.2855606333951657
0.0010205413890298988,0.0016837236947524307
0.15463602133035806,0.26122631136345553
0.3800784921697853,0.08829442728625539
0.16882631556732802,0.7592929894482554
0.07401490095862862,0.06330382925562897
0.6596847338947455,0.37943491686459146
0.01973193849498203,0.1028112137336979
0.17768041016919728,0.6272332570076954
0.07285506956904551,0.03966545405910359
0.26719378075635203,0.35237628873605753
0.11504075270773814,0.449101817212254
0.6233477419647421,0.45143672519307737
0.019592139865090556,0.12211826637647742
0.15455005761208435,0.8014974268383901
0.6385483348991235,0.2791016643231136
0.35765311329412103,0.3260479859315284
0.339054244106709,0.9444473866696335
0.012832091818120811,0.014346430749252702
0.3482448039741532,0.36848404887627373
0.22620866208804777,0.9437451256442305
0.09375260901636756,0.4862999124295307
0.016316867040158632,0.09983307040557024
0.17251322616672018,0.09271979036592354
0.3281759868955445,0.9810453178085731
0.1288000266198009,0.10762730410544974
0.2425562181113981,0.16823690889602483
0.009694347244403653,0.02374540762543471
0.5248740998458012,0.7089236475921916
0.12884304928176415,0.5663912024245065
0.14613563479412134,0.7675330181202676
0.06253465538314394,0.38524524976806684
0.2589022367054115,0.2750433776897213
0.6222718322360611,0.26204540422257055
0.15788767326591807,0.17060807114495816
0.5168018640235205,0.6712198926674245
0.10586608115959543,0.6178084646928534
0.5642978643760512,0.6408187252969376
0.1473895501070191,0.5476609510229906
0.5739979881129395,0.2298882737982609
0.08995412028118391,0.5313344754795567
0.10617975598127335,0.2869455150060985
0.09372475347372172,0.2303444031001109
0.0912526782970399,0.04546002617847785
0.09213959616711902,0.031679350133052765
0.475040885707719,0.7448341264129115
0.46167851147729394,0.813587380108601
0.039448687499720025,0.022055374708545804
0.6588123629091277,0.40880613953118966
0.33123995454265587,0.9801238146585528
0.015953732067750477,0.00706426547348621
0.34230167216743485,0.08792523573474464
0.34798461637814454,0.42686395851065373
0.06515658799902166,0.06463371470395458
0.1251889220768215,0.20962184109369464
0.14768021851654847,0.41664287533864747
0.09276233642406718,0.035278480182163785
0.24563749431814344,0.210571560045533
0.3566080604631737,0.5994488986620162
0.06974146916196772,0.0534898574929521
0.25333839693489124,0.9902829083934641
0.017646956718717265,0.05499238270139557
0.1728500386722639,0.5813370390032457
0.03932603501056055,0.0786341672385245
0.08965518045859668,0.15892962164715585
0.2875612057094345,0.834574305480933
0.609983035265153,0.5536289861340589
0.059330644875775364,0.12047289226346042
0.5640969995623017,0.19922432415185484
0.26337449282832526,0.5314480023083396
0.30211477338116177,0.97085960499065
0.476953866342464,0.445214207340542
0.2856620901793867,0.5912590607064823
0.2899645946308614,0.8651820566532822
0.617140834736617,0.45563204550359293
0.31859172821930887,0.3187280074581522
0.09230526345951784,0.5483410048055317
0.20558663941556624,0.7864016739558335
0.05825740303627582,0.11793311359621125
0.596277453170211,0.37524715663946906
0.24989946413339062,0.12600289536822676
0.20577517548181598,0.20003532710294475
0.2929510962242212,0.9815249012130379
0.2919981472041254,0.3263876174775354
0.17889262901392003,0.8560265760217886
0.1473784846842863,0.11728277772722098
0.003982546059778394,0.024176307125689283
0.49005933798179047,0.7598662429558015
0.26306425858216775,0.29238373068886087
0.03036516610462191,0.033670682253694344
0.03055906558212393,0.1918480894339934
0.028967740395792717,0.026292661649659394
0.16636670283388696,0.495532107245217
0.021609344904813272,0.11513363407110924
0.4759685440766327,0.7780876947909352
0.16220699501524466,0.5953855272634617
0.35694039100724967,0.3671101696584525
0.06114148128854383,0.19653500159372292
0.5660509273977674,0.6373542922491318
0.11696380730203679,0.28752158378680287
0.01559826431952118,0.0682933212136983
0.007560020353781124,0.04503260065427892
0.2640045435283261,0.5192145527421723
0.41529491444960315,0.10460145644966959
0.054790312966609536,0.05463784920602074
0.1076465654756191,0.0918990747866828
0.027514637412650464,0.017953377097547674
0.32255949912242704,0.9443003189107512
0.059805787078946605,0.05688550926392069
0.13091717302668412,0.6426155622635539
0.5353854489434903,0.41502522523119995
0.0018523652971553105,0.01185960052112812
0.282904707873333,0.17841209929462495
0.5227975246203543,0.1773696036775575
0.05891269157935761,0.10955138380213601
0.05916489695739434,0.32350882727324054
0.23438357045308464,0.9619431412462632
0.21767011956294918,0.23854523105171432
0.02830193552608052,0.03127065240166788
0.07207304476426929,0.41365494760125826
0.24949802113739764,0.28716714215384964
0.01657740172194453,0.07008561668696807
0.027034402269954867,0.10888695255508755
0.0791190848508803,0.08526560176151081
0.40431471444429207,0.1117742185970969
0.6502960110382133,0.4516523223549319
0.4006203968635211,0.3903589395346149
0.37916772528774584,0.38178850398702757
0.08813816154562495,0.2734437507729435
0.1709113970581808,0.5378376311439892
0.49191075125160544,0.14952104081477238
0.023893655467226205,0.051268582138094855
7.185272681579765e-05,0.00011976527589823005
0.20069154711732584,0.15529975442494398
0.0838634838557087,0.42612855780680753
0.19341223818006778,0.89414299199896
0.013373287293407967,0.051891970168939754
0.017244299685501226,0.012835660100487317
0.31833641259210066,0.44324884107935253
0.22637265034649212,0.2383178880777484
0.18992793666588156,0.786169048207634
0.23631838859023369,0.9630990652133514
0.21857326188246404,0.7238018979574157
0.07889510626813198,0.1608046236121672
0.023520458482151646,0.01909645091415661
0.6380116961061253,0.44506010259346185
0.17743338611126666,0.8136766985096424
0.005970148882055179,0.007175967263582528
0.2021653389727578,0.9313581407778663
0.1799633462199223,0.2167961276584688
0.35750469503914134,0.6083138555810206
0.5431559414970564,0.23634924968768328
0.09447047668531694,0.1592087703586528
0.2971155580037987,0.09589613815453908
0.07120370535607738,0.06229028265897161
0.22391345524841333,0.45046234005737573
0.1983627834445702,0.09118084108501413
0.020458284462767203,0.02728830378232326
0.35062222072256927,0.22648089586913017
0.1069275062649333,0.43291500942394723
0.26854689972533125,0.07063958393071264
0.3414055901421415,0.372762418309887
0.1722993511641076,0.8593907200950439
0.08017210807019687,0.4173302284636067
0.018337826646154885,0.08759598862525242
0.2668097091227522,0.9742744877724546
0.15450498274913885,0.041500617664155394
0.006394051319047519,0.014362411503758
0.041359817382817965,0.25733466460624493
0.020288064041575706,0.08657171353310468
0.021937871926542406,0.023347428444670366
0.05877010458003762,0.36532444481535425
0.49363610529259977,0.7615105829072516
0.6543695296524695,0.3241142865358291
0.3846926607741075,0.9135965169924333
0.08421147424115212,0.04867681538451003
0.6602154886426216,0.37522612172147357
0.04199266742471943,0.18900248946699164
0.09087617910735618,0.22578361540785444
0.3528763950567624,0.1051900801264096
0.1757506964793039,0.6520427913645344
0.06330528095671736,0.07092742158015676
0.08723232714924944,0.33810531943524424
0.13115620345342552,0.14652361588268362
0.02776540551280429,0.13055419955533148
0.13149014869777328,0.6979067420120889
0.13162516442019764,0.5807746686367862
0.22437457976760544,0.8821256899521807
0.3364058274173481,0.3544165804810816
0.354290668721012,0.21504609056239946
0.02006401648109345,0.03284950647174844
0.00410582193325252,0.010102496221562113
0.060901162845487966,0.21477431565765479
0.2445538424455779,0.9591999011013679
0.34029227254125355,0.9323893525640015
0.036929658670243753,0.03743086765049368
0.01035270556159483,0.04087247865199508
0.20531429854464628,0.3208856588668469
0.14075688622465587,0.10763293649178503
0.6117917569533387,0.493281796007902
0.014300588357096926,0.047165160415990434
0.1496176254796412,0.6209747440421391
0.5375052851665806,0.6367431623836324
0.20983388653914029,0.9208300850106863
0.29192534163888595,0.26746137043941226
0.046544763461913476,0.07235576777378731
0.5072624081768964,0.535696039845436
0.051173964751829,0.0675492560648703
0.25126113945196205,0.4161914005334379
0.3149655534137997,0.47562273423277573
0.05843028516199088,0.05970506141406853
0.17443943562600414,0.5537497045426027
0.043706825150968485,0.24949242561693138
0.27037740927012754,0.7218366123638934
0.40436469057645613,0.43448005952924257
0.024061567280716522,0.0149118417845785
0.012541755115107234,0.003025968196903262
0.6177921448686828,0.3517574808204555
0.009243460455636128,0.014920244934867358
0.2276288865747621,0.5050844432982816
0.2562286806853705,0.25745259373325746
0.5153547125576439,0.5302651822169127
0.14593631772743212,0.11541925894631858
0.03328984730752685,0.08080786382152749
0.05453583894662556,0.15321956572322662
0.035570289819276686,0.19315375268864884
0.1664520371508115,0.5004179634783084
0.3554914793287235,0.8093461323429455
0.3586767235734687,0.4597149169167472
0.10930923038099974,0.47842407870228887
0.4877817008405018,0.7353167490530114
0.12396050465037127,0.2805020170167525
0.40186307045982494,0.8946187360289793
0.0039056049831747448,0.0035379929319409357
0.3357271954913286,0.2606679261793756
0.5991616956184644,0.35801396635401617
0.17333152233902135,0.8680295952585332
0.02427427260698819,0.050542794550477756
0.4344187256584173,0.8408364576957814
0.07052462303503651,0.07366579363005947
0.18559538208740273,0.26026461430766407
0.3105997803987442,0.6337408913448649
0.04513930956795813,0.21379337235168702
0.06002183244677838,0.028118966133646676
0.01979872759655278,0.00771167993258884
0.011841852267950101,0.007783339178610439
0.29259781315262634,0.9578887310006975
0.059080779804247516,0.23041729082848944
0.1518926854016816,0.7790210337328628
0.06493653496147554,0.07013142445556515
0.10690838364288553,0.26937625745836596
0.27518454691034355,0.4892865017063686
0.0794301920946916,0.0698599900965987
0.13504380451540363,0.13647152168156496
0.2817565238088379,0.09878344020454559
0.1581163236957412,0.1506955005877723
0.6252163467514827,0.510478634275964
0.29999526005053234,0.804500149012196
0.1122791077781658,0.10003010921422205
0.08397172695884808,0.2932361726357408
0.46093392941828604,0.1424214625418256
0.010626089287956839,0.010797785071621204
0.03827897804878606,0.014400820433881956
0.3876918575211416,0.9195052192599564
0.06931341560632547,0.29569546923019124
0.3454603717840842,0.5096533063007312
0.23413595141278778,0.262014604233685
0.4739726669833848,0.7846176403541274
0.2987063555309194,0.2953120217270818
0.21466892650635067,0.09565889067467025
0.44218516312736506,0.20914004719455717
0.5641978800191149,0.4111378119857073
0.44538215645829227,0.7037772275737582
0.23502782687099694,0.9490299197903131
0.03202986376712096,0.12151612096904481
0.19540500730957286,0.2067972251728693
0.03747322730756247,0.2048827322316231
0.3051542808352547,0.11170583580056478
0.10246602471553005,0.596881732212973
0.6263889547802705,0.26913113569451425
0.3115533735706091,0.9657958867197357
0.13073197771802442,0.11151465790033903
0.02189945936072382,0.13324436947079363
0.0016796384041561515,0.005329238608568564
0.009824458050106122,0.0311347741718021
0.1067095653975791,0.09749576830648346
0.23558805470196065,0.1949320392479868
0.15118178348242212,0.153553639295236
0.28073453480515154,0.3145946908311487
0.06766103304135773,0.25594431387211325
0.038939991409955396,0.24561908053510653
0.5788406214057399,0.6107114514996178
0.07728375671502379,0.0863678007455342
0.0012747726431440202,0.0008215358110658554
0.13392671814220747,0.48323475270040994
0.3632789466111834,0.9504906911967552
0.6215986012876251,0.40720460977546863
0.28620340539407874,0.9993770525100382
0.3899547874951333,0.11404113210922147
0.16332076006675172,0.7663043011830085
0.4428533832403637,0.6647932686279945
0.450238419589741,0.6542849250107152
0.09933429603609759,0.45168392151284303
0.11187189946735364,0.2430597080609689
0.1631703661831558,0.813387841908693
0.44785273431295186,0.14057845973924332
0.544933468572646,0.2008498326958098
0.45548216969899247,0.17604067718165056
0.1661143082008682,0.7200122835799757
0.06959214957565052,0.3241740801930423
0.018846679074474657,0.09485264710570114
0.5138989288434609,0.20508992786265143
0.47541619272621743,0.7043517010177072
0.26971755083952237,0.26739085008295727
0.09085576618931343,0.20498591247956546
0.31959439217897734,0.9266445295678866
0.057237030602486236,0.022118738016614257
0.2044492715831387,0.21901678300901453
0.3930511955992919,0.09356416963208122
0.09413289008130722,0.10071532197249451
0.001826675504784234,0.001344586788391276
0.015180585313452058,0.08202560697222562
0.13209598806340533,0.11452699227908995
0.16311251215170244,0.8287108443559845
0.021851788552306652,0.11151843433865485
0.13976712930992016,0.7211259154918888
0.3476779927073017,0.9539872911001005
0.19603281267109623,0.20687613957231668
0.5350035815574801,0.20609804366666998
0.6502632226881657,0.3937728867251861
0.14725737364288147,0.156772455213731
0.17959303470246124,0.427213376710643
0.5526462271890223,0.2841852406678738
0.05876644331675855,0.05718224250344318
0.0031028402802443984,0.0018463695923914387
0.020484803931817938,0.026740073208188716
0.05704392107876533,0.055761352714705496
0.21331819047508913,0.3424513541676074
0.4222218462449314,0.8313575290856958
0.2755947764537686,0.9813131581071546
0.1997403187517659,0.5065990934920833
0.02171861056907063,0.0892190111014159
0.03309176542481766,0.1946097781089015
0.5578700332935805,0.6332348422939391
0.24124965899580322,0.06746788744948154
0.32737769645593556,0.6045016938657997
0.23666535268386746,0.9803903282356142
0.17613933158319944,0.1782212030335263
0.13597189701510423,0.708950005624551
0.0034719332713185926,0.0017955165767325335
0.22200490927174238,0.24827495525588839
0.009481693883526569,0.04783178987389252
0.2126608900601795,0.30085134986159395
0.44233542726507286,0.8043174433904042
0.38147629277156014,0.9118599997853062
0.007182621580119116,0.017166119389831296
0.012034614608430338,0.022223140111051032
0.05704884959435995,0.03804739631956244
0.026114108877280117,0.08755680831564436
0.15537133787407895,0.6634189984714912
0.1864968846606959,0.08311264759905591
0.6023527097242236,0.5420495392456134
0.06319848310309358,0.07045144167827828
0.16210667943596233,0.2423961417028664
0.10674152686646249,0.11857760121799374
0.11580404337606552,0.5954899875765757
0.10936334986676582,0.36045438906700594
0.049704611464063526,0.1597116016374918
0.27888602821501135,0.34496731833950445
0.0009596855570584603,0.0022503105820540904
0.6187901423949497,0.4977242368070793
0.12009075066110836,0.11641198910561774
0.39020351054836927,0.40234371252084544
0.1291981516255707,0.25854576887635483
0.12046963392589721,0.6440648380899748
0.008475603272875746,0.004945474151043017
0.24647978324403613,0.9572293430413688
0.09534462958887464,0.13870092660782904
0.10026183501886138,0.19520848505904076
0.6344942948362388,0.4975288676238676
0.3174949856522193,0.39763201242108864
0.12309262279819998,0.16194425938608023
0.2475838413249969,0.9184429268866394
0.020745739249628893,0.006065475529476445
0.3938424149751893,0.8659384723758068
0.0044829516819636095,0.0007332727050366908
0.5736005126661585,0.610017605661915
0.03655701479976265,0.1913023954875624
0.2676093715351461,0.9966424694253779
0.10372417029414478,0.07742904712324546
0.1654551699596708,0.15496320200998318
0.14661523643065155,0.6748187546286846
0.4676731835704643,0.5436286179584686
0.23330429462755553,0.3812808946524034
0.3571496720367472,0.33514521245678025
0.517724733486504,0.7159423818556758
0.3087095289403201,0.9855406800549318
0.5104121791248402,0.2569585268184716
0.5486208999967123,0.20011992631949638
0.02370102060527952,0.010241827687447233
0.009920462417620202,0.009331362959479323
0.02977629822768589,0.0960501412153761
0.01555258529578608,0.012807674895554311
0.08814831405063907,0.3493820076181091
0.6289769072848236,0.48764925301199613
0.024955394227794882,0.028971395575686277
0.2349554405862099,0.9737026426851324
0.16103608903367408,0.4336514980039191
0.021590254322793167,0.13798438152814188
0.19821990989483704,0.20997748497019447
0.17172217785187827,0.283487209510749
0.04667808410534845,0.18959045686207654
0.4602373022370444,0.19028125911432947
0.6010604312631961,0.501051537180326
0.033786144347129246,0.2152070110998905
0.03060649613781149,0.19509980979413158
0.0467187945747547,0.05014990579150999
0.20799338855154634,0.7817454416710857
0.0139436398983806,0.07422037464201615
0.030005260224844482,0.11787419387895436
0.12645836669161784,0.4850846366548824
0.011349427020399733,0.06719760643461127
0.0284014790546459,0.013912954127603093
0.625096025623724,0.271618691952812
0.4757778409570213,0.3129500935788897
0.2550475213792099,0.9766101001940363
0.009807865960954914,0.010061448179155594
0.024924478629871398,0.05232390925286965
0.2450025355790224,0.4472356793961773
0.45566633917128047,0.515073132038898
0.12051284729142883,0.08330006963348444
0.05468596341988474,0.13222027345163026
0.23359425052185095,0.9665773461719042
0.06635175208492974,0.41019538034454867
0.4525426727104104,0.4623901514620329
0.44490495056428486,0.7501767308805728
0.5862991568603393,0.5854983310765405
0.12614680817857205,0.07385460805795295
0.30510021890789735,0.9359571704234682
0.5326800136215187,0.5785924475345968
0.2996411157517389,0.3348801902625335
0.5263602055732444,0.1740966954831191
0.08710380471598712,0.11515021511258092
0.32244570135576334,0.9684922509496313
0.06364066388483022,0.32310795250165963
0.2153787588101607,0.6758531141348815
0.6439315749264681,0.3325936040294363
0.11606092786030628,0.10729208761391362
0.009487730422944127,0.04447084167064276
0.09812600239969946,0.4825659507991322
0.19683760108146567,0.7821432505239619
0.3401296871039497,0.8455497451650478
0.19201208873140016,0.8967487134326407
0.6595187025142164,0.40289518330276336
0.00964214563350329,0.05762184191745038
0.09154425376307751,0.4837010003297272
0.3982695366296021,0.7131226881809581
0.1792494530215391,0.6670026149471664
0.3684972777569226,0.9441718001581897
0.3285414479565295,0.33795369269142234
0.36917054396398397,0.6362831286753673
0.5648820894775544,0.6227963539900356
0.6499070824774358,0.427998521118334
0.6539955820090751,0.4231490621565693
0.18094540998717257,0.8874002141035914
0.20624654186519678,0.9111651583448653
0.6433254455191082,0.2970960096432684
0.12392005755153254,0.2515989610222145
0.18867934402225175,0.543559890813759
0.42169340354364704,0.7338826209109922
0.29414022306171145,0.8183959101987418
0.35562211067656,0.372894588405097
0.013068786736543834,0.008287233741612873
0.5628725044699531,0.34524687232588
0.14384979089592942,0.2965961436438107
0.04601994401543035,0.25077133458067996
0.1104061486426017,0.17799496744285598
0.5062351423828856,0.33363359684131505
0.29436839833281175,0.22490841145188917
0.22717971897649525,0.9633302489135953
0.17787974654503355,0.8620707364636082
0.14669235601525704,0.34620447802889914
0.5854970543980821,0.5788242976773996
0.2164568847275654,0.30975112416960215
0.1293835595316555,0.37571385918639655
0.20257010700571132,0.19321779859984972
0.09796786649368504,0.5050095479917258
0.3601163138195902,0.21494834828083664
0.038046174806911054,0.2056947217159563
0.013893473323602063,0.008711149692621994
0.4263941834601909,0.5405295612268475
0.005020670503963108,0.005937182630266521
0.07154796342559303,0.05983313017176437
0.2648762783357258,0.2980216215112283
0.20399166349008457,0.9363903015971283
0.029218796755214393,0.07318356596423746
0.33407556325443055,0.10636992196097848
0.1518145287118118,0.4358229208780177
0.03119747626754976,0.0195652313016911
0.31279912480368577,0.3480939800981706
0.31158213055063716,0.3276350155518458
0.4142443066617541,0.8497809718946703
0.10647360128660127,0.03829716513605778
0.6034962649393096,0.5235293568541847
0.29092740778316806,0.9600088839900751
0.172375673768406,0.1873669557443226
0.12733589185848598,0.11846693229450236
0.4532528450199989,0.8251159873986454
0.28658913268573083,0.5552907851414361
0.3720573887217369,0.5720810599387571
0.13683590766913117,0.7479185202963401
0.10200143019755872,0.40201383513508193
0.27954516572946675,0.9364410154949016
0.13502839985193824,0.5556683095819781
0.5209799153676855,0.7165084256411817
0.1885118619212098,0.49251828363044614
0.03268472261218325,0.04701310267096992
0.048739872204718114,0.03309688170489162
0.19635963201475645,0.12587743225994022
0.29961644312043273,0.9654343110971643
0.3133275169557463,0.4064252031507494
0.20501945359148377,0.08059260739452408
0.04586685191919742,0.18217252553139446
0.24845279443250143,0.18204380389443015
0.159790164585838,0.31241536548186205
0.2734870366507427,0.07023443536991233
0.5456669998797168,0.6483071590986792
0.10587538683775881,0.29106449705920856
0.0014170332185606985,0.007583886979455349
0.03595008043178923,0.21678026581476403
0.4774442673299813,0.7890124533132027
0.003545357697529267,0.011221281446437961
0.08125856835885081,0.08916709716029887
0.06884326727420129,0.42482613538530695
0.11814809587254453,0.663270663491141
0.26545989564792155,0.846953872882394
0.15320577023177678,0.17018379661457578
0.19799386515312026,0.8459849038053038
0.2730252854863738,0.6721472549815863
0.02688716914149416,0.07316363161932919
0.0403654911085127,0.040622485203401434
0.1659471045851625,0.43916222193102333
0.37658668084679486,0.13215523073536017
0.2408992679777807,0.969193078466442
0.6598640833047607,0.3691847971314989
0.3242166989894061,0.9532278102983378
0.20505173162712217,0.22801378598024016
0.03766819083419122,0.2393453171209488
0.17444512750615349,0.7590972178811399
0.06323781728478262,0.373391744090032
0.26310142165295497,0.253217690816517
0.17528806122858262,0.1858935695921702
0.04102701245603575,0.2601142355173729
0.2931545204876454,0.10362049918588888
0.061824973100852075,0.3001193466734652
0.03565198929827231,0.14646159494723449
0.14582580651521515,0.7657097835834731
0.030708609925318837,0.011974013936503656
0.12287939004681145,0.568435250504593
0.0339894033305891,0.18822427208381295
0.17778494211289556,0.19165212546895313
0.22634739746852206,0.9391877333060598
0.3657618326892983,0.3844049711047138
0.040455135381793884,0.059080304809199936
0.5797119680014126,0.4369124401583386
0.5144354784473878,0.7275754664899493
0.22624188967970768,0.9582826865104799
0.6535816080798349,0.4187947991697751
0.0722960626878414,0.43243364289656633
0.13108898014530632,0.7144744457914426
0.025676637944593367,0.08075305507133104
0.11458587772675764,0.5570286275919243
0.5923642913621111,0.5687157386104627
0.5064595725814722,0.7267323334326176
0.38828006870805937,0.8117127480500832
0.04604920022077003,0.10571613405111345
0.45205419291686166,0.8034013292775408
0.22146138444516186,0.24534846813967243
0.3209263341999292,0.8301426626970905
0.20660570474527673,0.9360613660186954
0.3996559596935355,0.3416261988908002
0.26826968166668747,0.46726597592513475
0.16712333053068856,0.533220212443519
0.2126255520677338,0.1780972059234494
0.02460343254710214,0.10925462951029866
0.08368643768858611,0.031053721031558467
0.29935258368508244,0.33177257691788864
0.0161428084433377,0.035074690447400574
0.27248470230642635,0.95918946236279
0.15776126639895333,0.058755407840064514
0.2243039841156385,0.4950820021007192
0.36369544147832544,0.9189919330496931
0.13247840179162926,0.11023189015648022
0.2755361976578452,0.9797313041245068
0.22103956396588867,0.5760793629839865
0.449047785805339,0.6458359361050621
0.2879992034472039,0.9363539720411399
0.021214762450529015,0.022093445399816412
0.18205369577549754,0.8521599119836581
0.060033949763324816,0.052627145761479865
0.47150035158541337,0.20581071682919017
0.039920756978746905,0.1930295377140835
0.16387148080292682,0.38917050415318527
0.24420833471941109,0.9796725071599109
0.06620526593367407,0.3841433904022619
0.004683251864486217,0.0046940424787299305
0.38868745390425674,0.9104230746362746
0.33785769594462445,0.9651308566566666
0.2145371512105034,0.9467096054978478
0.05456816081761501,0.1723394701794176
0.16640727550439718,0.10966017795918175
0.40574163004736863,0.6659804070065249
0.034781150668705504,0.03690437263884489
0.037254938121371185,0.04179487868428525
0.26454665012714595,0.9970178643795493
0.2450739672608158,0.7630124689761619
0.11530047001964373,0.2801835894664577
0.06105582214374657,0.3224337461743298
0.07035984633110018,0.07500650525643941
0.1893390765157259,0.27807081006155715
0.22402591780704917,0.6905126087947943
0.317142412344871,0.37350965728290664
0.109127249593811,0.06738890415838636
0.6591762111602262,0.3986095819717265
0.18713737591419732,0.8958832503419955
0.6089971251229139,0.5560212539979948
0.19375287115629183,0.33667390793228796
0.17561679690519116,0.8717517725722422
0.26664233668353504,0.9199973571335058
0.2001196200891186,0.15313973745498657
0.02088955262162964,0.06619169770870921
0.3487765950100648,0.9467324815361078
0.5697781270823923,0.2043105714623111
0.02155140524904282,0.12495257999326283
0.641971444290645,0.47498608457803926
0.4865216308969079,0.6450684550312256
0.11695310269726837,0.1603438207767832
0.2868058635372976,0.7263550339182692
0.33659054507200536,0.4718468475998907
0.010712658230049759,0.053545775472123885
0.021015070911898838,0.07639754430200074
0.37063528615025976,0.11509231200386398
0.05770845088663922,0.11301448977678986
0.13905465670420344,0.7576860152954432
0.4929031432882196,0.3569299757575312
0.5038027877251766,0.534481863786552
0.1140338669258175,0.6489666866740132
0.6116705610610674,0.5306515061911308
0.08855247406044876,0.52654163004724
0.30609567863677295,0.7459170617732248
0.027309107049008626,0.02983310237570468
0.5769482329600653,0.2611632005497535
0.055976283160007426,0.23092333644334473
0.18825430922365843,0.8080522624480754
0.03293386271354856,0.030476486179581277
0.4200325519691725,0.618499247807679
0.09407259523956212,0.09249832821913594
0.04571546210453314,0.02208915057100847
0.02225866252215624,0.016836253622688802
0.013775341508754632,0.002058069638061158
0.09404567691250522,0.10546173850385
0.17474779746865177,0.17427919604149497
0.09778763253561171,0.09829091579992329
0.011769881099324243,0.0567728154129766
0.3273855474613124,0.9017208925170124
0.06837673579659317,0.06265192351740381
0.6350909050366003,0.42631231440152917
0.0901603916857569,0.17322026969501325
0.07811207556234011,0.0729050182116392
0.18080100576880856,0.047837249225340855
0.19089939398812414,0.20900412082896064
0.3798259307792593,0.890514239934809
0.3760364105431649,0.9359043419962028
0.2969758315052813,0.9847081365471656
0.23436950398536058,0.9435002858220766
0.050807991839729,0.3085617039104547
0.239779483855166,0.6253790956591142
0.5510148001969706,0.625828862878192
0.3090607336873637,0.09746262369250129
0.22717924663054714,0.9678083493835203
0.1096280142929011,0.4448384491434448
0.4517697841618531,0.7874427574012813
0.17497219129965338,0.7472092569374629
0.6333105119233517,0.48848149800830853
0.552835209787876,0.2516713803559259
0.2322181136406794,0.975602593036216
0.13177769902554573,0.1401757791518014
0.25517826780768693,0.9062674002887274
0.6600642050926588,0.35664436111773234
0.007608173015987938,0.030767999066994293
0.053192244756818566,0.0579673361924096
0.01268450725329873,0.06027527640944384
0.1381344896013591,0.7487265628797718
0.11312715405481963,0.08308859126045659
0.438671587250159,0.20747458505226948
0.5205741035201868,0.6060255788078905
0.29566108073687347,0.5907006906613038
0.03636156827561235,0.00978075716031979
0.12903710351130396,0.2899161454352591
0.25994589566769943,0.14124380523377605
0.11435396061642279,0.11161410715868847
0.054480231339190825,0.14488128469238065
0.20486016369928137,0.8964599904008148
0.007508495513369212,0.04792776153154686
0.27988739730368556,0.2859821367637464
0.05419874853642994,0.3338696659369257
0.29990225537699877,0.5452727225112054
0.19321163751602238,0.8843739933605526
0.6414680573749936,0.30071414694039483
0.16885585370288564,0.8534576538534774
0.054118449816952886,0.22141443320860674
0.25380102712024993,0.9761011723952729
0.022688026036665882,0.13807252540192505
0.06749031485428102,0.35728466107940854
0.6296984438625937,0.35610774086789704
0.6362126275074399,0.27310367158460086
0.2474213397167667,0.9541756801321881
0.40223524254602666,0.8954684438402294
0.4282494132401549,0.2954542718124714
0.4097779431143242,0.8879845246276457
0.03441197944843906,0.058634494352373875
0.08423942438307135,0.09282055344177163
0.5714047799979733,0.6147338210953939
0.2458676964434706,0.2752769594053696
0.4796006074853674,0.7787317368324372
0.3452978753683954,0.9645525046643605
0.016085904533239593,0.022394354090139963
0.022100049286197087,0.11079214789848435
0.49360911040882877,0.15613996007683248
0.10216818955810374,0.2840565368157046
0.5628973746099276,0.5977064075058791
0.005980203129970067,0.011379917296454432
0.4566330662474829,0.4929775073968193
0.23906095067936078,0.7423166832393504
0.37268173405393307,0.715675625333217
0.24384303845661937,0.682811222018785
0.2924551256860989,0.3270319185024588
0.003472926095357141,0.005384850328396594
0.09997204139521638,0.5793898670517639
0.0054519460417768225,0.030137710342027973
0.06311989170410376,0.22220097355475557
0.4716539052099728,0.1365057705794541
0.28005100392361376,0.1825934139549565
0.25935879196039524,0.22475230886219744
0.040371259678102844,0.11237023568319514
0.14825953612637105,0.47722356265504245
0.06134252244683881,0.3755256808862672
0.611734478948033,0.3335238063270406
0.18815691558093572,0.5924565667068363
0.10093189022759365,0.3237947705034501
0.3304196361764696,0.6590554807632036
0.10451024092673625,0.42778639536375435
0.19072365625172827,0.20970792519154202
0.023417521700255385,0.1380183053288852
0.3226864291521806,0.4838708313965455
0.19286628084446802,0.193459519745934
0.14548943811706935,0.09234447160041828
0.12668344948677016,0.3524847355706677
0.014276738684114276,0.015092771466461827
0.31549950648582575,0.09463179555851597
0.3722429160070682,0.4748591330420945
0.016120577060553795,0.09959006805899435
0.35100438903571257,0.4423390528907053
0.3011895200055756,0.8666519897514199
0.42545708612477456,0.7073389475032804
0.025431702868979125,0.1013464138741996
0.324098987844407,0.3488123798342427
0.06836089837704078,0.10143103660946473
0.16656314922905244,0.17860162491044065
0.5591222694358796,0.4749883690279992
0.1595366362589857,0.3526472063293709
0.032566562720480044,0.028078413873424093
0.019387299692495787,0.04379052436553449
0.5711248989618924,0.6269244516577137
0.4090784710934366,0.8862373826009103
0.3606735921954658,0.5646166738890102
0.3260453858524067,0.9825504116656335
0.027209885395083122,0.038576338922482065
0.26526961930052717,0.9171134893909259
0.0005549809433454241,0.0013268893704954444
0.15667737399076673,0.32460660721895557
0.010373709327772757,0.043062819651413356
0.4927769901714296,0.1832360136229435
0.06666436664025799,0.4098175911373296
0.636160168597403,0.494415382599756
0.38936684555892725,0.886221994685331
0.045149811202044,0.014362556411467704
0.06216456289758113,0.059720039164742104
0.013220330358827352,0.07768583029421393
0.1165047920635335,0.20499996058485165
0.3021588673140047,0.516812752979368
0.0019285568484446879,0.008343299928294334
0.18133155045383215,0.27700641952111094
0.1380079585198457,0.1498010553052974
0.2619487040882074,0.5333853607551646
0.6389954575867576,0.2969581715779199
0.3289420544137229,0.880097582230378
0.016035770976880186,0.09380631415636119
0.5957733964253816,0.5149886719959296
0.10909696145455143,0.5983808324849622
0.0938387710680157,0.09002921908915192
0.33727730721767635,0.481826254990862
0.38225864203996845,0.6417755331641201
0.13520785890638304,0.1228433119372187
0.39464696553412254,0.40431740823142
0.22147993840080574,0.19894712929812564
0.5299723021684809,0.5180916710182696
0.23786130262944677,0.05842677620981608
0.08335586491092355,0.30179946151587195
0.16235607386419817,0.17441937505206226
0.6598536729966119,0.373578155416028
0.06837868144629092,0.07230688316497695
0.14164277047337673,0.7550741249328953
0.09310553261058714,0.5510563286424344
0.3356389239720356,0.3955539275558977
0.2027556537381036,0.19783281960817223
0.2720250131425126,0.41901666253955533
0.05647294532829831,0.037534202236242944
0.1452938457845663,0.061443930038866744
0.27301403857364126,0.224284330234108
0.07737042075274321,0.0791953913103625
0.15671623610023658,0.49433405510778544
0.020266346574355266,0.036135758167833834
0.23107721942762033,0.20783853115272186
0.2724086760862943,0.29608635685738616
0.06573447936403198,0.2273629840547261
0.008933235700586475,0.05477438253127067
0.008251355370009513,0.0066930857675428865
0.17748243556069934,0.5387267386670074
0.0909298165201648,0.332761091385546
0.4358544134960952,0.8284150649184723
0.11477248786618299,0.4636724639355755
0.4727487052515645,0.704018175837229
0.211986258264713,0.8699531791581855
0.29280625669233323,0.9572165772562644
0.13558642275643212,0.5226078206877962
0.49112031063534567,0.15511044406044244
0.23985679391747686,0.8747286071391611
0.152592999213246,0.1686039016661901
0.06030531193969484,0.014227443999161921
0.10374545833896127,0.513327848554473
0.15105960731635837,0.1814781648258171
0.1343633911493874,0.3099021549119892
0.24828222418855087,0.8584392362990566
0.015586520611689868,0.05245297407740352
0.1228718409601636,0.5767399122336268
0.3147730529199657,0.3314054674231343
0.5607336295929816,0.34252654708160457
0.23194138581853996,0.8707971828250624
0.4126003810974931,0.5142058642809749
0.08633707422387524,0.27170845002713656
0.3061964561150724,0.2608342819811888
0.31844434787976633,0.8157385528119127
0.04838089812595002,0.030133098645135876
0.219298412449139,0.22019933664419203
0.02676854603818484,0.04219002195822083
0.47849766763847223,0.7657186655169977
0.42052279379069685,0.6990646342376418
0.06635120844426237,0.3116946834419098
0.11753639929579401,0.08880645797862402
0.17562872017342734,0.40034839026003055
0.4032634970307537,0.39293299593376424
0.30285231675669916,0.8502847041570004
0.4589255135588266,0.7702639737058352
0.02686581093308576,0.0734211798897572
0.06423801999743299,0.16342713820905708
0.25420051420230433,0.5824936553201202
0.5668761363927268,0.6155796083937664
0.3517515101778651,0.940784561681613
0.0022279946421653847,0.0006895573745232295
0.1285564211566366,0.3533374219718956
0.11847073793857053,0.04861083859678317
0.07829189501702498,0.23693984397953263
0.13646505447545357,0.15308253187398524
0.017484181579494485,0.10526352384488424
0.25324720039058457,0.8733436145526997
0.06939273161687484,0.07229095634898318
0.47760838231728053,0.4061866537796103
0.004179006864310124,0.026122355709703757
0.1305955812177892,0.4124831682906507
0.09818297714142149,0.08227944114458953
0.05601095063998415,0.340760259842119
0.3383475591316154,0.9736870943790872
0.5066166256475166,0.7406485979942561
0.11909824845122444,0.1335050821207129
0.366352486178565,0.3671753948540741
0.09971001683085917,0.11037476436048119
0.36653908416171016,0.5118041061204764
0.38576100390692947,0.17917457914263915
0.3246346950386384,0.10310730565427313
0.0674241156981132,0.07563314653312736
0.4261578538235642,0.3139264741459928
0.03253929782960244,0.16881540167904477
0.03307452084377577,0.15784391004052775
0.3906884840448048,0.38918625681269964
0.11567376207859312,0.058635710550129144
0.5236104879392859,0.7063111333061816
0.004971719201132802,0.011133290575511514
0.2882975565242668,0.06616291508760759
0.09457994139750504,0.5620261189112311
0.45096114302107676,0.3821486760634447
0.36062620756273206,0.9520615400054775
0.26543772365146767,0.47449297188985134
0.1298233943826844,0.21120678400177456
0.6422419068987795,0.46544927185224055
0.6603206902079771,0.3602660388787631
0.16577330458572895,0.8463496444353794
0.15608221929081553,0.7368462804384022
0.1769893344586473,0.3149420657103634
0.26525592174006357,0.5516981788424526
0.13234303521483315,0.11365157732520598
0.11008115856683375,0.6202600939355644
0.4351707212360027,0.11728812672941372
0.5066489223262781,0.7042314976976015
0.585934553784483,0.22592556116366946
0.09638833001358119,0.5415231990014857
0.018588907752888687,0.02738780212870613
0.5894786349152225,0.4904929770484641
0.32654552736150094,0.8718334792050167
0.5473211644207059,0.19408711114286376
0.5887008376787473,0.5652203818519485
0.2937413469305477,0.9988718630211604
0.038521612636615514,0.18251185432566244
0.005348966783868214,0.004116953258405498
0.1816944073305015,0.15754761233478676
0.6323215952626042,0.2726460134118793
0.03839227448161054,0.07566519980039536
0.1258629268555562,0.13188628304502162
0.5910588658465666,0.23374579223756808
0.14630745084713676,0.1508695532311515
0.09932310535716196,0.11140424712869951
0.1659139624046905,0.8429433044093848
0.3903088060419733,0.6604473848117576
0.058085950046500176,0.0546919544239974
0.32122394301920004,0.2108870798922555
0.22343790702799607,0.4557746959343863
0.1692898438011583,0.1763958040514307
0.1793313571702052,0.7076627658584866
0.008599300025767947,0.022009830505423607
0.2527039459394915,0.8083926789416372
0.10974924475489149,0.28622067518769945
0.6421077654406844,0.4724206840451556
0.4851440717431893,0.14406211193049304
0.034234334918992027,0.14449966559171304
0.03191275084079649,0.2031450559195941
0.1139011258731205,0.10333882097481156
0.10659694944251655,0.2764407341314328
0.1841043461474078,0.14534599175005786
0.2246232184122809,0.9131064863274048
0.4246473756764194,0.37345696834260667
0.06871072690689242,0.27936080641676664
0.05203640669756546,0.22773434999997935
0.4642229772772329,0.27955124736383585
0.12268926515692592,0.12695148437654097
0.0014054079434374885,0.00901915887892453
0.28617822949326754,0.5016846607945746
0.12634554257125893,0.42018406048853507
0.292411372503491,0.933810527011693
0.1762639377491466,0.8751164798690418
0.07653477492164977,0.46764462975335125
0.474028330530865,0.7924486375470503
0.09725377533414345,0.10747529597683936
0.13106800782407665,0.6101479882282826
0.10734973480492037,0.10661937260651097
0.25231824124564833,0.9685319329385987
0.6457846904230925,0.45738989958989884
0.057356363496540205,0.16575994960784618
0.4105454229878303,0.8316036245194793
0.3296081250420553,0.4986013797651298
0.21312685267070192,0.3375986561318545
0.12109530981557712,0.10266279789927042
0.18470957788782344,0.20379745731540094
0.0013897537155662938,0.007536260866469229
0.24640057952339708,0.1890153929558254
0.009551911461667223,0.042928635050966994
0.0037086532107129776,0.00919864459190098
0.04405993861938702,0.18332511027226428
0.5104492499166509,0.7339597176024484
0.4492452029120055,0.8001259824368667
0.10327984483232512,0.049558909176408414
0.20778714397114786,0.07404489221756418
0.6298468852153593,0.28086425603387816
0.14600245849892635,0.27472869660520766
0.24029656846600747,0.25648582935950776
0.09153568417352458,0.4322303605703328
0.08008686531653043,0.08831693108111927
0.5027857661276797,0.3629900202017214
0.24314586119222742,0.9700612119882575
0.6596582455134565,0.3498960947702798
0.27187225648682484,0.6059715498636274
0.5960208357627881,0.23098571106402832
0.6210143522221059,0.47588461731846426
0.070843761586192,0.06997567661923439
0.05701806586197074,0.33343796602049636
0.5532115125441696,0.4908418227005269
0.016099159784361716,0.01795548960872811
0.46124906411914435,0.6913686867120664
0.5502524046514394,0.47432734713265184
0.1707621828067762,0.14314319943423465
0.1871106104826365,0.20989511569335467
0.06180151136642888,0.25969790675913784
0.07976700261502243,0.3324208672745928
0.20150391300450693,0.6744498099212501
0.42870010919268386,0.2155810228307262
0.26129047121278676,0.6350522325825911
0.32491929299955086,0.5900972698903598
0.037128730939722084,0.23227723638131662
0.5595609175893104,0.6492301599650188
0.11170034093514143,0.49549742049753714
0.2634141157134712,0.363134972223242
0.1551888642018099,0.6805383885202869
0.03054230705533855,0.19375063344727858
0.35609720690490415,0.30913480018117745
0.20233284067319585,0.673938413973292
0.19230850607898706,0.6126725762048345
0.5222619431914356,0.17682075074703082
0.024850650398284078,0.10582429145510583
0.464733091898846,0.6625448978599877
0.1823526627677685,0.8858318791034987
0.36548329310391947,0.2472063284354221
0.4269238849838215,0.866987251795375
0.14701920942904556,0.3605355269137736
0.10242266826552897,0.5732467941517064
0.6150666548796224,0.2943216782559175
0.1430430560328655,0.1603816019175871
0.048989458158012096,0.05476155530405913
0.6166608026595314,0.506120750218845
0.5835539606225831,0.577859401744599
0.3395193070918876,0.5575931807347889
0.2757838095948714,0.9917387203486807
0.12551006430230172,0.11539270921160813
0.14152821048148673,0.5222909557886097
0.30554637005039564,0.16565952718379512
0.0032967025793522223,0.00936246701706211
0.35766434050577844,0.3795255493589463
0.21083277944927306,0.2754054654936783
0.4004303515134334,0.6392596667029592
0.010100541225194428,0.04587680624015687
0.018343542615091833,0.0851508684451614
0.3224084176136701,0.5753656025603076
0.08214427839922206,0.05802739949952862
0.23936334864489053,0.9759183484501283
0.2726192160406959,0.9876909103899089
0.6577404389858429,0.3363381214007803
0.06386624888195472,0.39522124967703914
0.376578460323764,0.10388461991563391
0.12539078432814516,0.059814129036740354
0.3273031538990649,0.9513061340567243
0.1013514091808515,0.06888162593525876
0.34236580802470756,0.25662852956265186
0.07995171776706156,0.43537022308967094
0.04492048145902146,0.03448416327195185
0.3110610854622029,0.6443853616803129
0.061629123334461314,0.05137795145990411
0.5001876955549601,0.15897129070870294
0.4304196821865438,0.7496191156670605
0.28649336829706,0.6256069323436687
0.03622490380738466,0.040572259276780286
0.04467622874379287,0.10325437145499933
0.3900115107702549,0.9180589888628304
0.5224277094853147,0.5624044190343365
0.007191455002206008,0.009906540844024952
0.6340771725841279,0.4183013216843254
0.054625361471502536,0.2395815000958688
0.047242046601339176,0.015081243385221306
0.007186518444620848,0.0057370110158406614
0.12456371200053856,0.13274019330041228
0.1590731423454318,0.6773110348607768
0.4971543830212126,0.5902626883729069
0.5584222043095515,0.20951845223396892
0.14898055768985105,0.6581943091847462
0.10150485854038173,0.42929715825679354
0.22649738854569035,0.6026122477250732
0.3418453631233533,0.33303107167099694
0.1962841954452946,0.23610005235108286
0.07362703574359682,0.024951992272030956
0.08087085136788018,0.39096461780882963
0.5070051042687702,0.17838195010624536
0.12182949476437238,0.13576800566031025
0.1504872276779194,0.47224661935776735
0.02328518018449787,0.13458720416386732
0.3492065517713256,0.9317500675415237
0.10043986685513843,0.5883977051345278
0.15473066741090097,0.2810473844280932
0.3537799724117761,0.9578484737061823
0.6235269008648975,0.509100338948604
0.2143634131808836,0.5003545761326186
0.015639479097687835,0.0036192198358759625
0.25940097936324896,0.9816228653314887
0.48567373176480294,0.5467395975582209
0.19156443279536076,0.7832503684227904
0.09114497509975067,0.09657348607604033
0.27176377584273914,0.9681110018371129
0.180160209464204,0.5945823592567187
0.10685339304908516,0.3963029954550847
0.1599191418169659,0.15185798609940712
0.4591942098653051,0.1599294070597656
0.07312866947671685,0.09058284310982265
0.5619984521445438,0.6028038528028341
0.2692739105834935,0.8408389580147678
0.038007409892016564,0.2159953017668994
0.489532920160217,0.1480481435973048
0.6505692612180097,0.320709719600756
0.10723616769064509,0.11581405594208384
0.01718350343934675,0.023623893543819947
0.0999725809030586,0.5406244697368379
0.16675792295880684,0.13985673080757116
0.2819647134446648,0.33549928931532574
0.24803221157021788,0.9239374453197998
0.1280480376210628,0.12192539306078712
0.07098629016098508,0.13228311612202945
0.3635749138386846,0.4701452840931841
0.01646615551140859,0.012741454486437433
0.006184165472645842,0.015429589231249471
0.030263814216939945,0.0519120734947593
0.17483701614056518,0.1806130134686016
0.48514041560695986,0.15102935321033736
0.6603284849135515,0.3523220091478458
0.3535475125876228,0.335819526379309
0.01837722918526893,0.10114248452648959
0.47864769949987007,0.7726780520605094
0.6100438478426341,0.2530283734505415
0.4225697221753459,0.812560279493756
0.17577207916642917,0.8590605333021692
0.3715231604353781,0.517096137566439
0.04051267545576807,0.04238746392651378
0.05383324195347427,0.26105658042667684
0.4609709310348651,0.7828398189618924
0.204690662586499,0.18878946084279463
0.08631570437815934,0.36529963526087494
0.5416946000463959,0.6057104228035883
0.2724477176675097,0.16574539514596925
0.4352603777904212,0.5250109781215226
0.6201236309736476,0.5047283368965142
0.17981865583252266,0.13481343421933611
0.030525336709056293,0.15613879401458997
0.14994226297852614,0.7935470441778651
0.24972173103150755,0.1614418999164928
0.010214966045072896,0.05677262207066909
0.07406270740888968,0.44342793974796557
0.5377017105652082,0.666709086652608
0.12864239128584257,0.5200762986650979
0.06750264491366484,0.17882333023874822
0.40381620906058113,0.8127661419945702
0.16114200758493005,0.2709537849008001
0.10913076970839505,0.12157521321026304
0.27828036448966714,0.18363775291096596
0.36484241532556966,0.19788663013593774
0.07445985282677471,0.39776956792195733
0.025834353075187704,0.09883156773066157
0.1629591893658519,0.6229986033654351
0.006578776770431088,0.04232591547013644
0.2151899681018348,0.5575803906515487
0.04554674996862088,0.19227417559563595
0.001990224737448354,0.012298929766107476
0.21254086106287984,0.22990430265501677
0.11230918136573101,0.12546858786747925
0.016488226550889863,0.010389246079023858
0.030925334097941667,0.1962766798208669
0.1531298569154055,0.7842882936521743
0.022281446373977304,0.01704704641490612
0.1261759647257079,0.7059118899821171
0.006839825660318215,0.009927966301457987
0.6149926208257233,0.5173821636844591
0.19141930450649586,0.5201064032545598
0.2769618741347176,0.9597946344492265
0.10104738495918254,0.5526971297500368
0.47453054327257643,0.19401577145462734
0.6167047948208133,0.4022097167992517
0.01512892355810972,0.0032817278507909445
0.6526222914796359,0.33082346266417906
0.05859945798303472,0.0657202408512627
0.3327204958194351,0.9662415777945872
0.5830275875340906,0.2180829662591575
0.1265785679832054,0.17202576469961728
0.1919381533204918,0.13317412512833335
0.14966801993658257,0.38555898089964885
0.4353621545378033,0.7840578191662648
0.5198203008004505,0.3855620363511206
0.1686467248005349,0.08065819597752034
0.5104864163279366,0.7309623847568406
0.0899860632739212,0.08637336740681067
0.25205174996211377,0.988688214719863
0.3022709373698833,0.8173246481173396
0.06241432485745973,0.2615910917925041
0.11753961576389223,0.1747583695747645
0.1398130820131215,0.15468158471268406
0.4488925969912579,0.14192734763767384
0.028628221637938395,0.041294778907941476
0.19033336111068785,0.4273219518226647
0.0006210516101536707,0.00021084388742459334
0.04193275749854428,0.08482934401007605
0.26082579626824604,0.4885456729956598
0.532156330314892,0.6866387098750597
0.04628436783360911,0.11751620909289286
0.14448765564060126,0.10164817594252229
0.4439471871963203,0.4282728212891606
0.3596892257720452,0.25894930248425096
0.13031059025771574,0.3538980687067166
0.11507786624619179,0.658150993778054
0.0945352705856531,0.5463810651269535
0.16933162905563012,0.7071146820271974
0.23799899076082068,0.26270654257463993
0.05781442172438466,0.24746869965330665
0.023900083713444577,0.02634057662569057
0.05069928522760413,0.12171539112832337
0.11525381223490284,0.6449483267195159
0.33431460870460306,0.3477988064602902
0.16936541903996685,0.1028416449603462
0.3821073547823327,0.928687300978306
0.35228721586768447,0.4411296188335628
0.13296292342844124,0.6469213487917982
0.14297629155785002,0.6167276433489937
0.2574294802719419,0.21519193798117306
0.5442418349692254,0.6578551009082315
0.10037328683173799,0.05618834337188848
0.42567374237649536,0.29913422372615844
0.02639870335587686,0.12533881681522246
0.0763511141437888,0.13425293588914913
0.01600812113414016,0.07919733873203062
0.3135428157306394,0.326609416766193
0.08579797685945657,0.07906787605880729
0.10345745637169007,0.09559730332371678
0.39847889256294633,0.295491120263547
0.5075073831242911,0.7372276736279183
0.3645900905094843,0.4960631769398901
0.14871836231002833,0.7292757553368244
0.37722149462874216,0.3087348941147967
0.4514543994793144,0.8285541558341761
0.6193188768953123,0.514159588703928
0.09674277835983758,0.5734289430821254
0.28753633770653075,0.7827423250456199
0.3804889003636551,0.088309229852132
0.5422596667951417,0.569100095530503
0.053186941650326246,0.1195116663730011
0.3316324808820059,0.9637510821397329
0.021952464193987612,0.1006318100957826
0.04687531157165595,0.2903136443654848
0.3256595754978023,0.2563798081213654
0.3162350147468871,0.876852790120549
0.13213128504318822,0.1230611065073712
0.1034742736055486,0.6024499259364248
0.3552148714506349,0.7783684706123095
0.12119693088007984,0.61267042275975
0.009955507961518768,0.005427864824738851
0.1871333543182342,0.7633067162189546
0.1230792235782125,0.08587992839180016
0.39451513156602946,0.8398001016473535
0.011692893378567722,0.0080357922279132
0.0975284241749744,0.5075458096706168
0.2015349765706542,0.8215913407047415
0.4890935451213611,0.742323583303975
0.6594196814300975,0.378884828558682
0.6599272055346828,0.37035783352128104
0.004180832378574325,0.02545854873636782
0.261194884355711,0.2502303386746199
0.6078930055562901,0.5392055187648896
0.0017068611177390694,0.006600032393846499
0.37909701959764247,0.932242812928914
0.14052072390836673,0.12787029836585154
0.5570180401664409,0.5295514409289447
0.0808598238600236,0.48828451839932796
0.15038090244128985,0.35352701676769605
0.26261519734134176,0.42217721282494314
0.029496069744629424,0.13348569415221803
0.5522451344982071,0.25548274586000835
0.05466343813183202,0.06193081334757497
0.32406264092702425,0.1586351877021565
0.07833164415462238,0.16842767502878386
0.017212878057960516,0.07018663153541572
0.5696106237777906,0.5902113929609999
0.06317265525633683,0.14617163854678192
0.20663371197539443,0.9246160973718768
0.23829460508686962,0.16119360794239784
0.06201228744626502,0.03645838041108146
0.5111927765915489,0.17831134043760444
0.08377461265043631,0.09364857713620445
0.20421460055221705,0.22345781570990342
0.6159194899040313,0.48749914357533597
0.6076311379298327,0.28600136659371755
0.19606032656114386,0.13682592970344187
0.008023397356950594,0.03870717805615319
0.1002118693221526,0.3571008046547501
0.016608186445287276,0.0818147565519479
0.5066128302677028,0.7079232720055656
0.1020219017395782,0.586075252343044
0.025191983439775013,0.13940316217791546
0.5651263105656282,0.20575749357890402
0.287972937683886,0.3171486094146356
0.5119741618977368,0.7036621226490571
0.21946065073343474,0.7453909911428926
0.15659773343048053,0.6571351986134301
0.48902803521170174,0.25233882002070024
0.34823425623791254,0.9492054515313942
0.15233900281222573,0.37872808400755154
0.26962771937213986,0.9128142815538118
0.3322382396959842,0.9027069130736021
0.054907208036096666,0.28852291924351364
0.0008688593881394924,0.004963036656252483
0.1024460360650248,0.24460406292579134
0.03643268765510756,0.03721877209071887
0.5633202739794907,0.6382029990926638
0.6121377931718993,0.5491938604220273
0.1996534635172876,0.6751096415408746
0.33721365849021556,0.5705428497155794
0.07655676672113451,0.12812864067752347
0.12172766364428284,0.6538979625300301
0.4059449290120553,0.09961926583599946
0.5753462429711697,0.21295779998084138
0.17315690059869474,0.6045750528988704
0.48164097019212787,0.5949135091988556
0.3036332493468509,0.4815825400009004
0.01393585839964819,0.08372789625136083
0.09799415044180766,0.18301714394041846
0.07586093772431586,0.41255071733967863
0.5535476662669727,0.5618358341463656
0.14951464117464677,0.7477431003395973
0.23079338136721164,0.05902878556240631
0.38898870923782325,0.8880292972561213
0.25396548983025946,0.7676010771312151
0.10037035232042323,0.543798150042115
0.42086826573194275,0.14692779186521154
0.19040506694161768,0.19880077868370785
0.09418074299554509,0.478127364329169
0.03988518036135016,0.2526588422027013
0.12996071068666137,0.7211698727709844
0.10520941572008602,0.06848345860819714
0.15390658605843593,0.04874958266133088
0.5508582548768419,0.19745497876329274
0.5641951802766838,0.20423967036297144
0.12394689677453954,0.21421493896391255
0.3191795681753592,0.9616926456981194
0.5877214420930392,0.45141246124822915
0.3791066065303148,0.7671621532098502
0.404373001652105,0.7806750776218102
0.014051157212208953,0.020803743186877797
0.05220695895477001,0.049432243515171545
0.159170491484938,0.6705608008892864
0.26233732628534917,0.4416321375302535
0.4750594895744497,0.7638157403556185
0.044821639659790545,0.1710324406200008
0.13245348767902215,0.13893713987116432
0.01793867127510766,0.11490745446847367
0.07524993074494671,0.03936514337078627
0.10582745386033125,0.24014798485082234
0.48041080865268027,0.7777184553578362
0.16993711473744152,0.5007198055982074
0.18580745428137804,0.34199475982264044
0.03899112452023073,0.08146349384684518
0.15560856747016283,0.3189767104637536
0.031161232034826326,0.19822454428331274
0.4714638751803656,0.7798152684117523
0.3870595564778456,0.841010987124908
0.21068127170694884,0.9461140989947795
0.49302967047360785,0.7350934613072015
0.47890638265354896,0.5930609308393646
0.1669142172717538,0.6643507449963264
0.07295940317256354,0.22570897529642892
0.5478939657408924,0.6463304895382429
0.3034544997921056,0.40365233285361546
0.06740359528034952,0.04761871409982335
0.0939659560643784,0.06304636099143897
0.0015163900143799806,0.00976100054869913
0.0010816806699588102,0.006246118449767558
0.3162760580241709,0.13832077867905426
0.33201179210148174,0.7376122101794268
0.3496933482477185,0.6484529848413848
0.5799544838644146,0.5490200851686953
0.22801920990745153,0.24473883684002745
0.6080034059244875,0.24970076894944007
0.46077312155906525,0.8154540567385483
0.3790780159409813,0.13095189068160626
0.5464657949995426,0.23698248592691337
0.05661715744838068,0.2947687830723208
0.14912526217738456,0.46384344927703725
0.5125272479634337,0.6950534075272161
0.37918004326991245,0.9057967724834605
0.0055331213839459135,0.027406536130033306
0.23393650701833582,0.6719533564038935
0.3651957279167834,0.9445136390332873
0.23555182715850065,0.9793039121756212
0.24858137043813017,0.24706659677300222
0.36028039940649803,0.9244946775749115
0.002602870302450023,0.0022789459511398965
0.399857837901795,0.5633699232693642
0.4305824631958839,0.159167406753697
0.2748999101437264,0.9757634812688217
0.5084337111118773,0.7023462240320006
0.47120745896014304,0.4453308909085154
0.022657962623688844,0.14417641856782515
0.38368651392969055,0.37534232735225825
0.5931788013512411,0.22635132441002778
0.43995670660455044,0.8476410590126056
0.027005033612726024,0.013436188023290007
0.22324933510562023,0.6105755621983404
0.1450434825341616,0.036919168016763836
0.41572599636126445,0.3276332434833022
0.05607665072575927,0.35079794905713163
0.22042599811819788,0.955307482685806
0.6127958407378383,0.4626827863396997
0.6319473120503556,0.5049420995690385
0.2077054135494281,0.43037357822982175
0.5078820313712021,0.6443104785598196
0.06369920294361486,0.3302932125679247
0.06600792266246185,0.21265986864684755
0.33094657086309215,0.500243617025774
0.4101102795055787,0.8662629631193278
0.11662720331818463,0.034525786800503847
0.2008004335503576,0.6914719944724769
0.028228460077501894,0.10902317317404084
0.24063932853922942,0.31663617961730284
0.1515397615705047,0.6325565091021461
0.5424287699184742,0.6617747315360489
0.18773614170958713,0.08028070976245735
0.5608427802055101,0.6173444504456479
0.6432629474828802,0.4591940858491558
0.6445141610077999,0.4566886164215406
0.6602056653898648,0.36244323011847673
0.16190042924755935,0.7544263753776342
0.13140905870373548,0.04443166998541225
0.31391896431105487,0.769024726994433
0.3752656844583351,0.9036040052328156
0.257477368353919,0.9930457219012976
0.2707349335775884,0.7014619246710573
0.05176173039539707,0.048522016634608575
0.49953240471071414,0.15306567018378472
0.05221621220597908,0.28525204466560417
0.28254703853858193,0.48911948773493397
0.008346733406535634,0.03757630979570201
0.03193427808425666,0.023374974846479123
0.0704917049333541,0.4278914921537181
0.21507604975962688,0.5262614661124372
0.19080356877426327,0.2064687352349646
0.3124092606660243,0.9812655444285798
0.2881845068867053,0.5119519430307835
0.20903907171056976,0.2588669017202359
0.05682352720772136,0.051660717919661925
0.477408646253587,0.15345936138528737
0.15743053854029154,0.14963059036588683
0.07468256650717696,0.02632174787884945
0.2167370945191994,0.9380404325568815
0.41180983019719275,0.13854436987375754
0.29345074323735787,0.908177729184156
0.03390850990478319,0.024464364349609132
0.27013468978255833,0.8446528262293099
0.03092131550531221,0.03185772281771618
0.1611018421307196,0.8252958581514641
0.5777451632486994,0.5623806209833218
0.24036743741005828,0.7503117380003568
0.6603274987223849,0.3709446022199784
0.40000715503549245,0.4800098817144767
0.4151238772017461,0.10762412044713247
0.07129819941368681,0.2106321481121704
0.32612781282474573,0.3491807921036893
0.09967011397578389,0.12182885685820291
0.2803611315418341,0.4544736485033449
0.01940104343852285,0.015839441284668306
0.02986500554023788,0.008280265526803082
0.055429136326523,0.3103373676796978
0.09401727272089885,0.36278282769138975
0.4593345960879255,0.781814967285299
0.15563970763210674,0.10512392721694493
0.004120200640590015,0.0265181023435798
0.08432387988990007,0.20725543974362043
0.18672484837799483,0.24350924738745222
0.4898372264424129,0.22558820783257594
0.08408768711800876,0.4966778056967953
0.10468283878164861,0.11201394037599954
0.36749287962860977,0.47595764892651643
0.43861228374597677,0.5054309787952427
0.18533011975445643,0.29891692962719724
0.07536270130931637,0.45935452697034623
0.49109111676807293,0.1735601966859908
0.15005597001994947,0.1259938748803676
0.278607925972031,0.6790545836983598
0.021677381585920745,0.014402825287938105
0.27156474038960515,0.17389265475250934
0.39374802079357096,0.8639229213753413
0.21076768328643922,0.12959932333017188
0.015526413608310405,0.04527810124335203
0.11792169238715226,0.05306035490118857
0.039188424681564485,0.12970751750488446
0.08537401944060947,0.09614437738655496
0.06895626561945903,0.14536433112989516
0.027860606744768958,0.09515936717131995
0.6435041504450392,0.3759242233192222
0.08451421608124408,0.02139273506129451
0.11488454277794698,0.22087294924958772
0.2259809370498231,0.7816693481387298
0.08401995586500073,0.25829546750300414
0.31990719731536255,0.45829627809807794
0.4841325909909344,0.640745475957015
0.01896975807550401,0.012903882822321947
0.03306409022902505,0.15097743731800467
0.2870602986882568,0.16252793191487155
0.028960223609513433,0.008057068126283576
0.5129490568416519,0.6562933747589584
0.013663736541840846,0.0018738097678339507
0.2895789665807435,0.9680127577684983
0.0959864321456518,0.3132054818824805
0.5941865405133026,0.2608381396036464
0.5809045522739213,0.5126832098036715
0.13647819306096617,0.5126540478374932
0.44138946319370864,0.457870093373017
0.12855351139893947,0.2235088186407946
0.12883868832313722,0.5642579160301199
0.4104478624466405,0.7294281846464584
0.5891144495844055,0.5893869939646861
0.16223642736674684,0.15771784619019708
0.6540215773670032,0.3864424061365396
0.010197245763962312,0.002812512557849842
0.09473011216424003,0.2734728336131608
0.08726448637516356,0.31121993684346677
0.16136916815176675,0.6321011086457745
0.10829298620130692,0.04597457782835641
0.6603187922160162,0.3614685414463337
0.059894025510877316,0.322651425643334
0.4451490838169503,0.7543183453101061
0.05397660261027497,0.05850054627903816
0.0012630279004711093,0.0001792840533131855
0.24332795900053092,0.27247895299200353
0.042258586963282156,0.0559965325415969
0.6010693598812423,0.5555669812844055
0.028893660475648772,0.16322810421138412
0.09647800045941267,0.05551139807599308
0.1478548816632243,0.15980461258972167
0.11796412052519664,0.29139193717681017
0.10476345370857472,0.1668445958116576
0.5356786440926717,0.4608139705960974
0.009702585086016603,0.05875122380342104
0.4563801260028939,0.8011132458186854
0.006150522033308036,0.032241187746676975
0.531841893730787,0.36454581051135826
0.08470709199836492,0.30269998621929706
0.10691401728578691,0.43670592905187744
0.20362125849322069,0.47186461895126164
0.38894142360794615,0.34106521800550327
0.12582251259873561,0.699649262001918
0.056817056752376374,0.02053037733182926
0.015598574745024537,0.0190066879733428
0.45620801752567125,0.5562055891594812
0.0007776753653154383,0.00015428709655254072
0.0011479057980555928,0.0012510238980034676
0.3229642493628708,0.9855401578800002
0.3984628207520314,0.19800388639581534
0.4255990269478278,0.7474444373934012
0.6561637131411207,0.42308649110412566
0.3636373222497937,0.08907970298289876
0.584378478129611,0.4917665858497038
0.47736651295746124,0.7371082743673744
0.00910052967085609,0.024201991707449372
0.3343915083781273,0.32352191170857886
0.18828034962492707,0.8595820194581352
0.14489033745259391,0.1037329327913802
0.6084733177332038,0.2442942746923208
0.21610904681032445,0.822037609974178
0.07428380496430212,0.44222232378946125
0.13625830501450376,0.15025703331660498
0.457949542107508,0.6169204190392059
0.07321028492131532,0.22095381704632863
0.19887453578614495,0.7888872182710172
0.010250307434573046,0.023243291417429673
0.05922498406253972,0.36767605381311325
0.46662500022279607,0.20263645230793279
0.5395053763116681,0.6410638280491124
0.6582071049374597,0.3700439277629502
0.335063652824922,0.8837026044178165
0.4525986659034025,0.8243011972257523
0.09198545815666831,0.04274310903101399
0.08803614595778965,0.5267166625757034
0.18899246094766856,0.5046212078352953
0.24457689454161355,0.5747654594123963
0.18428190502062636,0.8572664631931534
0.3238848966071201,0.4609556711748484
0.22097048917672787,0.6070251977943436
0.0569581392636926,0.12326874559194707
0.11876416894712011,0.11015251922186481
0.30213453253677797,0.33528527435993405
0.48349282117960235,0.7732230141203899
0.4692653988353285,0.30911996217813265
0.2095372519277866,0.5605954440241107
0.045816025434325544,0.2867123028140579
0.4271075233464606,0.8316175655039223
0.04301715010037367,0.04255736324506123
0.16647580143005433,0.5538463502933083
0.09396606172904517,0.10448897199704651
0.30187016972818514,0.9588327623150735
0.1354647322618148,0.21632337985222944
0.47858319228769275,0.2990815337786779
0.5025511588313344,0.6497125900863556
0.1481646500189624,0.5577144614162377
0.14376557825507916,0.6089596266892507
0.009590111861565605,0.05669435860323414
0.6359268204034857,0.48780162419174206
0.17769468955605025,0.18802663390715957
0.653047029991312,0.31356175671651976
0.6281996711601491,0.5067783023686863
0.006623163645424818,0.035364042902308136
0.17949619554998436,0.1815116713958718
0.014455902178008902,0.014001298615467153
0.07140055148656553,0.07650827026141085
0.33327472628325944,0.5742652432280055
0.2069646372109888,0.5209643072845598
0.03127425334189512,0.10471824887729447
0.2346584504036049,0.6051633279074988
0.12809588084584395,0.11076701657639094
0.1223489666815599,0.43763550657618167
0.3598438125267625,0.31787984154945775
0.076957821786143,0.09885172292665494
0.42626512406641687,0.8004057915406295
0.23335336025604342,0.5176994096372655
0.05629339779315182,0.3437354508908121
0.031197989827520985,0.05847154342154514
0.1541489620963803,0.20581475268539148
0.142793434575301,0.19622425619648398
0.6110935019377747,0.5410265172541308
0.25658255356909015,0.8575147308789437
0.3284432884307959,0.9496690906571745
0.6563309359485286,0.3141786148537557
0.2657570782375163,0.29214480962679307
0.5322716057456534,0.6752743907441552
0.20952496175320265,0.2336497321558772
0.017137945228242007,0.0516953206074115
0.13854207524564222,0.7483997928789999
0.12063604551113058,0.029485102912831674
0.06272769541133595,0.3605103193476846
0.1718640492964878,0.06597670704463061
0.3663855125283822,0.7252461993715567
0.01453408430602862,0.06344133631430314
0.4589003487504771,0.19210448431635413
0.006999419284883681,0.009238062580380183
0.5112251171585904,0.7140517171293772
0.4817257003587581,0.7439813612930056
0.20934560013008138,0.9447772071951113
0.021893832793816976,0.04378981759483732
0.05429916354899575,0.33324990730350684
0.13393838144317957,0.6025637310349164
0.1261224688950519,0.13892088243855752
0.039843006049868714,0.029195139688361724
0.15894533500324856,0.04038330873483989
0.03534825301639042,0.031019709384384312
0.41512276565925793,0.39765163643520846
0.42627517457432584,0.13454445204077847
0.03625004276260722,0.024185889941378685
0.005948125211933076,0.01282658231393427
0.0867154707099228,0.27096621650945363
0.30096446486104295,0.1420347828755133
0.1456235711666633,0.5789567179008854
0.0006185145288329458,0.003845255710612652
0.022215515298672772,0.07871079850637538
0.05141307285507034,0.032312604957610444
0.6603147491497742,0.35158050663751694
0.6112376904218773,0.5466307061482434
0.054859006813130114,0.06207677235136034
0.2527206509641413,0.8773512636069973
0.30819642620870896,0.1181820933597781
0.4894090669530341,0.21889768104081153
0.26386575418672326,0.2689663467605385
0.23128651995161606,0.3655361507619834
0.0962336685016487,0.5537950875769108
0.44108722388274263,0.12270453158712744
0.05102663153696347,0.25987777206710955
0.20556564585590856,0.22793363674948375
0.09628292988645182,0.30313917947733837
0.3210607794165953,0.3983096946788394
0.18096489755807466,0.3934840841045768
0.008569298221988849,0.0423962156586425
0.01050425404653038,0.008752473986634975
0.08535818207611537,0.034832946334908625
0.02153502315220177,0.012111654293587215
0.08196951589548507,0.39131123134558543
0.5848353953683911,0.25926780706780295
0.24882724938249606,0.2050976620955995
0.33907808911557835,0.455584210933754
0.2631939211494001,0.5453125824297382
0.26455350726433274,0.2905074360207305
0.13647108825934998,0.14281967622286956
0.5082484147639016,0.7344390138125991
0.002914516292785568,0.014620609317534387
0.17493926880642316,0.8490633268028563
0.0346258977165727,0.19711096207814766
0.2044189717005234,0.29386326198842744
0.11926231118457764,0.2795646397562365
0.14462218835378265,0.1344372684369216
0.13549023644600658,0.7207135536776579
0.06322327102888842,0.2695099103451249
0.5093340353274324,0.415461954942058
0.3737877695820992,0.9063146835396428
0.26487817178803785,0.3812149459376951
0.33281919925621817,0.22247419816086672
0.16345822648412142,0.1706697125057681
0.6140188568689874,0.4045429417205532
0.27957160401493486,0.28768890450439394
0.0067731311063880025,0.0245984351605485
0.0021421781721052,0.010437034004057936
0.4833708176864723,0.6388786845134659
0.019208192554368196,0.11631133719875884
0.3469009284708528,0.5270197419613895
0.5553620877696739,0.6566096110246072
0.23830438286455258,0.977713336793559
0.33409137293544444,0.35603517544477786
0.007674965843526611,0.03822483286933209
0.33030240677765577,0.1661113528335355
0.23449157038919138,0.24681975113890076
0.005554175522836801,0.003597861091360589
0.4868131591047972,0.7722287801194235
0.2810467459716629,0.9629975987269095
0.03582260173096867,0.22517380845913904
0.5731602254796816,0.6239224390553341
0.3038576877234808,0.5577299112528548
0.22294945435460195,0.7932677999763674
0.641869380694429,0.4738228488794588
0.1949141704086251,0.7506409299627096
0.5878461655790801,0.48397232858003586
0.28839251813741495,0.5175887254584307
0.043172888284931626,0.19955016268470413
0.4052820257753075,0.10318232744686347
0.41467464606983173,0.49763537566892246
0.06195102129945681,0.22818178214912246
0.17558098168318637,0.14442221537770816
0.06440940368410383,0.21681130866756154
0.24568461550777693,0.482819427788649
0.500940841439891,0.47625448099424544
0.29307885451807175,0.9986561242409745
0.002727312024248419,0.0010423022567390698
0.1154981983599789,0.25166469741404235
0.0782311841936922,0.06788458531073839
0.3849692517474727,0.11376188631581403
0.21380361282027166,0.2284852702166271
0.1530112405967021,0.5835019812243685
0.07432595672320902,0.24767795916553334
0.18960645864565337,0.1768636429981655
0.659779635298224,0.34280633587592935
0.1703528943710749,0.7335986504522678
0.29661971228313316,0.7120184951073764
0.0203048157249529,0.04631870969044099
0.012629134994106873,0.012199004713468995
0.017105965698321055,0.07982105459665668
0.059637435745709226,0.36645728642855546
0.32595441265744135,0.9213060414844162
0.6563753707493167,0.3461903457152327
0.6042850461157234,0.254237027262191
0.2751211280020332,0.30032519976404853
0.6023886662976101,0.4409732782992429
0.14134347596582597,0.6212792900534561
0.013970253073567767,0.06453269494008432
0.2892908230663486,0.9993164240691211
0.06533786594511162,0.3964593730529189
0.42222747739570965,0.8499453642960572
0.06855957913684152,0.20589647790746968
0.0019110907398866123,0.0021386973770594533
0.2267510892048549,0.25256042529595524
0.269679096657357,0.30076804013139335
0.008025729727195834,0.009597458220189597
0.25860531006741866,0.13334972740557663
0.07279681028736018,0.048271735019242076
0.1878639619977216,0.9035917293230196
0.07699255690330273,0.3948863007992026
0.15379733840660065,0.0779370192452255
0.11357084072029444,0.5324207908386895
0.31014337383230034,0.2632555634698966
0.007007369386026307,0.04491581890712978
0.08931423814400416,0.3756847448445872
0.026906499661603973,0.14821745316044282
0.01223628335491944,0.01168642192431325
0.0012318614968893971,0.0012849759459742972
0.027192351141546278,0.1178016391310412
0.09045144176808055,0.15488123108024213
0.5901385264107251,0.3403039116654903
0.6362286525898597,0.2739573137314011
0.4870708130784956,0.7623161798696774
0.5332280291976083,0.6721557046049842
0.07733533029058741,0.28498055792894517
0.037053419453981135,0.1524990665897108
0.13988119148346007,0.7502428856354284
0.026132670991888873,0.1576332883878294
0.22775705868429863,0.9275570535111703
0.12477431308068747,0.058762677911034525
0.6175423399316552,0.251178214565605
0.16122333325747953,0.4536772817853052
0.47416012078280295,0.1369407122262099
0.020268880764090943,0.04747030007837078
0.17765135306044394,0.8651952057064521
0.0976623925765529,0.08919155032653264
0.16925332639114885,0.5786585507627895
0.0851316712692458,0.20216040510897235
0.05050728371845961,0.2908407084733701
0.12216029039497818,0.4871334781501592
0.12482753697748217,0.3983463891622387
0.12155545233613795,0.1832081915062659
0.2894127060989347,0.9856887617101491
0.5687244151287826,0.6316004513423878
0.3992434174551808,0.89924188953573
0.3479484008927793,0.42583539291630584
0.05568529876487131,0.09618725305712818
0.1541559121360014,0.33254576842001266
0.1626319320543875,0.13706481299690793
0.3057754432741524,0.9898195302699062
0.4250747248862671,0.11236797126689647
0.5200244524545752,0.215757536316855
0.3896844563640257,0.919171966886417
0.03749818937188562,0.10203524300309968
0.08982698584043428,0.2259620497029518
0.07505605985364495,0.3532263037745747
0.010630945675846213,0.004160689029404565
0.08368015448438902,0.42490304951490737
0.3874887787317864,0.8748151837467744
0.3872656855189169,0.6094727708200791
0.12645059942979164,0.3047890068276171
0.2940168940106571,0.6318831115570683
0.6378004618574367,0.49058226795682003
0.3159942855865175,0.6441256789660866
0.11898704671149032,0.6472256404026425
0.578942555271277,0.5947528663325418
0.08872900957540512,0.5279003191295305
0.15550365582648387,0.5577541172690912
0.04123879019328232,0.19658171771711747
0.20441742112978825,0.20795705872874098
0.19759262078591655,0.3058335522865603
0.005304476100172547,0.010801445578785698
0.5309036725796704,0.5348626183466311
0.4638812580251237,0.13363335989904482
0.05916297553238318,0.16464549173218135
0.3358964256598469,0.9612576874778842
0.19604685932167212,0.9045330882326705
0.657668945062053,0.3165987640027337
0.018217912866452645,0.10866125771589931
0.018056160702729356,0.1071160334031459
0.20794289480286537,0.049337568774466274
0.23226805964719024,0.7023070863304788
0.6114952903903288,0.4614737872409101
0.4081312829984289,0.211834792609133
0.32037192154240623,0.8001305237009555
0.36301972563224627,0.10986728922510326
0.05264867100106186,0.3305963952203738
0.009228953531198644,0.04184615803605998
0.4421309051029365,0.11883897046361812
0.2658202573530041,0.619520000718165
0.14719502277972202,0.7603134572467896
0.016840054964783933,0.10634283547026414
0.3190306818360684,0.29793884404427
0.163947758924617,0.7949819276791359
0.0153041189970083,0.00906973579677079
0.1840628162976613,0.45244001480157714
0.055128323167990545,0.17502689562146095
0.026717724434103307,0.12936360168794842
0.644809341532034,0.44952463946234184
0.30407578960276677,0.9717179873652498
0.014092148586504968,0.015088865397250963
0.03596736975573296,0.021853046081516284
0.1446991087098165,0.37062168150991553
0.3959573269532621,0.4668359795327957
0.3207108004080859,0.5386620233519985
0.6508992150061454,0.3408377465568714
0.5101033576435026,0.6987284151373858
0.6246431267611494,0.5192216911322519
0.6404181467515269,0.48312307321198017
0.048927023349589004,0.048452719804652225
0.3481899007875634,0.958907609551129
0.003823626581930337,0.018276140774012475
0.6119040084246521,0.5487575547792289
0.17030827957997594,0.7661052939636037
0.2764706587741629,0.3348439229017514
0.19114706015281838,0.8422273259796895
0.04587204423092834,0.03190972277455768
0.0020424095416700203,0.010757519613068497
0.5000563072758046,0.7453195713469515
0.3352482874196881,0.7526544970130264
0.0389469107604878,0.24526946673284572
0.059109618536046675,0.0710429337687948
0.20973414147292913,0.14381952015926266
0.05015765265499597,0.26389204130008126
0.20588639417774987,0.8800023873801656
0.14584565427416707,0.7763564925179354
0.16653356359542493,0.775464302123465
0.13135161942059062,0.38607073717957885
0.15430959383429718,0.4443414966863909
0.13241003568172433,0.5393208447649458
0.013952573308135346,0.07560926194122902
0.11473630508622046,0.6331091207013332
0.14963604715686882,0.5856174243505828
0.12316102169735757,0.5605029437263983
0.33944133352626055,0.5853483202565593
0.13087385502597962,0.5969379882355458
0.45376544190010576,0.8071307306571518
0.5799917631408411,0.6075290660907853
0.411534415032609,0.204453606613589
0.19327394651357374,0.21232772700922048
0.031515499525247015,0.12386205084958168
0.1251860089397531,0.19821609644334487
0.6544635099276982,0.4216424692107195
0.20598939052238358,0.32581377355027
0.12408597905742945,0.5263929477347313
0.37814599336723154,0.28345430513328546
0.2851107617406548,0.9906546285176625
0.1616772050540747,0.14934456597477236
0.13181504314906328,0.7260023595641711
0.03694531735643386,0.2181710952612397
0.2670626939143754,0.16578030741718358
0.17222256949070525,0.15002236003669664
0.5223999579070518,0.17933781928083706
0.2047880601576499,0.9227213930490398
0.09563551468652398,0.061372381855696906
0.07391354523118517,0.062700494476688
0.1668427262382389,0.7970989223255077
0.34305304599135883,0.9669863412616687
0.3429764395900228,0.4542183396224215
0.09235569569547583,0.27424285769737766
0.32195229013735194,0.9546808342271703
0.44164539511208034,0.8360521465308941
0.18394827995534818,0.5471764253775233
0.3093233113486172,0.5053473328993601
0.591119582816477,0.3611301909123885
0.08977602758652792,0.07860565100207736
0.14964174390571125,0.36759435237530824
0.21703520591201228,0.22382947388727614
0.005448615971146677,0.031541656694297884
0.34339214438861126,0.11990694585217378
0.03521433328399307,0.02533540740675899
0.30911540417848965,0.9800280908808243
0.37084850077595816,0.901044162798952
0.21518480272831644,0.8616057863147316
0.10149625340626552,0.04942745051428858
0.590963712970629,0.3327165969686007
0.03112431738635168,0.01302262764633531
0.12863705988729762,0.5549209838045644
0.011989982849395824,0.004745464200489357
0.29182676813759134,0.37616888791924685
0.10640691650746559,0.5903886906928071
0.23594139534190633,0.202731809125073
0.22476861925492725,0.2140328145828931
0.1989460983161517,0.06922987930100748
0.58828538507388,0.22375459828457778
0.5495838470070945,0.3232537776006016
0.4355068135008506,0.4592400721306601
0.07922197893197268,0.48122144476418854
0.6418823733706795,0.2931175834593738
0.26085504487976496,0.993156866740844
0.35894050804257743,0.12063698010583886
0.24879419565390473,0.069812187646925
0.22080900711290724,0.4062195802309237
0.005327459787372677,0.016906067445485815
0.3828772053824553,0.13427857491437306
0.30483748057287163,0.3278294028900512
0.01381395741907103,0.07370900284289182
0.05399711836311393,0.33496777918235787
0.4664260248995663,0.6659911366258973
0.14155249915041102,0.3406094338635271
0.10604383475746755,0.5316174723347975
0.02361941359683932,0.0695583981781288
0.21482994917781792,0.6840514471740904
0.09165476591238073,0.42693867310921213
0.016855940134944472,0.10559530599069004
0.007700715544856811,0.04166499351202475
0.015220639835120012,0.038111690713062654
0.28349506556080306,0.9713584366725637
0.0533558990254813,0.25592518432046923
0.03722324399250641,0.009582567794808648
0.33511041471131486,0.9710683833821716
0.011294424891918921,0.06970730005329197
0.2923942918519634,0.9537410002362351
0.16303696887714988,0.16883256379733444
0.0061229977433942305,0.006233183453269886
0.0009938282858553318,0.0004887531477743134
0.4090885484367347,0.39991611421881335
0.45568785502466835,0.14229331725983824
0.005821048265676471,0.032304604470407776
0.41532682856229647,0.43325134044937563
0.009063200692557057,0.03635954844134166
0.4661606681688751,0.5845516874437122
0.45983047513587744,0.39273390767964744
0.3835984199327256,0.8642439835018041
0.47895223827525435,0.2502567203948021
0.43420300582708704,0.5354365426270667
0.2045996102667734,0.22736462848753577
0.05980664270660382,0.03946164724529737
0.0037955278144973102,0.007999794785344854
0.01476955006997669,0.0040761396242950275
0.1566653613538481,0.2980686923478103
0.03939914809188171,0.24935137463073984
0.6123886056493266,0.2526935226947901
0.6030182606576593,0.2406966697213399
0.32155956259653373,0.5629629394241109
0.47658552096296725,0.13953335175146633
0.2587006414831553,0.9897932650292933
0.03057601118957814,0.07090618571692808
0.34689175783142784,0.8719389863986069
0.01931648485932317,0.01853435748102284
0.04110927329374175,0.2577161415645586
0.3314441389628997,0.960995336435427
0.15456199303827564,0.2895268615322801
0.016849495052709364,0.011556109189148771
0.3886200037517043,0.5395981555495152
0.058944679969984315,0.3676047246960744
0.20382995921268163,0.45122070152181926
0.27580834983688796,0.9990314823529638
0.044434912724435616,0.25710747244638843
0.20741287374936482,0.13279698569081472
0.5588549180001386,0.6192663647746456
0.025833158203388294,0.0077364983794617655
0.471655709731947,0.5520358875503795
0.5088813618079856,0.1672695136741225
0.006958572486471673,0.04025479990019833
0.3107800779865126,0.5071261344137126
0.12020859598653029,0.134152629713146
0.14472757869337158,0.5724736423131083
0.25944202480952305,0.3963379071443162
0.21646143834695813,0.9472752463758061
0.06859702350546791,0.07273575440131501
0.1530688629682391,0.4630506586834904
0.07742966901486678,0.37840545714019613
0.12724519460444744,0.5430195864007961
0.07911307966237024,0.1769063449874219
0.02499711268791578,0.07125632128315824
0.40009468354239974,0.1434706601553846
0.27845017861725496,0.6046841250626686
0.3713007109386372,0.27377039587020724
0.15720195807259954,0.1795641213852927
0.0263842776452384,0.08950389930814948
0.20843372884239225,0.9249185382070949
0.4875342050071721,0.7246576747501949
0.2535196875587286,0.28267610723194436
0.39510254405659534,0.8948911949168948
0.018219999475734418,0.11671212950756987
0.3294781197748087,0.9251033446518557
0.07517634338729536,0.13920830156397845
0.5185901132752402,0.6860725881263855
0.3452093202417034,0.8913165347997087
0.6309923308385399,0.4891435875481692
0.059022761677337006,0.34689971052738156
0.001216033713483257,0.005108791205017578
0.009430558724167815,0.030194038728865363
0.04050643194270993,0.25571631608993717
0.010566227887740332,0.035610885011819894
0.2929149494308574,0.3227387765660716
0.06727244533004731,0.11687056126771238
0.03602443925593306,0.03961975775836732
0.47708071396691243,0.14290169598441788
0.3803521467466889,0.6629999292684616
0.5467421213018197,0.1895438050836273
0.38372930170525404,0.9267662641642234
0.1270177820126356,0.20706988916391683
0.16859980683262227,0.053075921000127896
0.12239694417821531,0.1209167817409097
0.09301354078806556,0.3082666517067025
0.05764829234269451,0.15142032104908856
0.12546149517773797,0.034970333801616196
0.020840130672576885,0.11740922366691658
0.4320933234562979,0.8244576295583942
0.036000958333365606,0.03076606157938749
0.451270946190338,0.7784451911113017
0.22320460801563408,0.6311186244988795
0.4116489515550458,0.8552086248806863
0.1514037691877281,0.45436950188241726
0.44840954800368354,0.39185309267636104
0.2050550152873749,0.19190543486613887
0.3365735385602118,0.8936878877806065
0.012756647933840647,0.08077618788764425
0.23608409731482205,0.0729360547207691
0.02096523382681242,0.006242479597877335
0.08578078106135027,0.18707602272803217
0.020848999815690758,0.0721399711084432
0.36531288369337384,0.3577287532190167
0.11768078996829047,0.3980307859888866
0.05278506299405296,0.3308675070133166
0.3026891696429632,0.9449108009814539
0.2593526714034861,0.424265847385408
0.17322892019202932,0.2080772094381109
0.0339176469047795,0.03689675757601874
0.11005620361987663,0.04451815545443368
0.5853332083881492,0.5516156861658476
0.006733931666183683,0.0038785983916200793
0.25388489166600503,0.23835799823544052
0.656358997479904,0.3256745496566194
0.10492216337202381,0.21216522130878177
0.04253218098297957,0.0369341824672953
0.4093016102223881,0.6382960596187434
0.4252686947262555,0.3767073781236883
0.21709516684837815,0.13193382977662305
0.08163231187510833,0.2626757331320037
0.1436358310724843,0.6389220763986713
0.22440518996419334,0.9391106744709977
0.1582152615588857,0.10036765308633744
0.06360135457428068,0.3052232564705917
0.44503520055230383,0.8385785435804488
0.21018583048118275,0.2357386555865466
0.00988061136553663,0.009900318384111104
0.10668117400118059,0.5770243352866519
0.5331517526186973,0.3970989255597865
0.2939724528995724,0.5175078699316323
0.006843322836502608,0.0024810676802049596
0.10803402741499915,0.4734408258664034
0.5791832144207035,0.3530604259009322
0.1494913955328393,0.7946087234237069
0.08851025536519903,0.09725549797898873
0.09798742423958243,0.08333038075512275
0.3251357628525671,0.9571347594897527
0.2014802702253521,0.93179537968889
0.0013312919590747617,0.0006499096328375362
0.11331508620785183,0.6460933564252903
0.09684914209068288,0.10223753803732236
0.0590103081325631,0.1447912686037337
0.051990721942052044,0.32291206308273346
0.4798561433788018,0.17247230396616953
0.10699535367268169,0.10055363402033093
0.017913352530713123,0.10428834599511923
0.08626172096853599,0.23411418477739432
0.033202448361271605,0.02015494317729739
0.013677575718420584,0.069901946255347
0.1670549614150283,0.8285334224259512
0.05211700573013942,0.05213074904129459
0.48784324709356636,0.7718635583804682
0.35439018006710554,0.4082525797867095
0.006320091142116842,0.022005294991055645
0.11148723099939203,0.12135453754672218
0.29997079754880884,0.3193576783441926
0.02788864784413144,0.00769586201914926
0.07045036867847876,0.03442914623723364
0.33875154324230455,0.9741079674686995
0.2511140887698999,0.9913891263492499
0.37395700913532515,0.4951366851683227
0.060850243155175565,0.3789638882677413
0.44557148477796493,0.6971421150091055
0.3491137083104443,0.5671814198824526
0.008986975586824514,0.00736738680587309
0.12808595147629034,0.11237317191971095
0.4446667389315295,0.14532510842746205
0.35543451953223987,0.5074919919749973
0.31383441262387063,0.49625654258051344
0.07686762259585969,0.3086337751550929
0.46661742436738207,0.7552149844684897
0.251169455995571,0.7062253725972033
0.15246478329330831,0.13529053665984866
0.3531177039723432,0.823345612651106
0.12241885641830343,0.13733669093041231
0.635631347531763,0.4941505220706204
0.6309208220999077,0.507473547421118
0.030229418359194866,0.1784055593919694
0.006847428300145347,0.04378897527004421
0.08351896075039751,0.4668857750968617
0.20354717148586496,0.7229769514068991
0.37314107252423157,0.1972030670495892
0.15347818942416286,0.7126098739706577
0.29879356798776957,0.43251143759322863
0.25054341510089356,0.8423137461931361
0.19207479634827382,0.29657298706310214
0.2518621858617611,0.22566161091583237
0.3838601689419124,0.5494341716714558
0.03856074304975031,0.2286903629420672
0.10327561821782329,0.5884554764645473
0.14924970608333502,0.5418670821676081
0.28192388621168835,0.3607716332867342
0.27117443749093606,0.9722043900200236
0.4747173035470584,0.7844773389639235
0.4565971619444278,0.8184959211374148
0.08505748917038759,0.0756819602086358
0.5412559625379118,0.6741332453220675
0.058509520603192505,0.16379627640861322
0.2185279468260453,0.9261899553793724
0.07361628874676977,0.38237108053646257
0.19111688425473278,0.4531847119620525
0.10485181486936222,0.611096979170695
0.20588988122720878,0.1444661763378774
0.34597852852465316,0.9239029811589156
0.17279783239123855,0.6777015059884477
0.07789948828561316,0.41937379416754356
0.14809011763049362,0.7905641618220267
0.06668409176623213,0.06659415518859937
0.00704315608410937,0.02787658726680975
0.31351962270508166,0.7882640371482224
0.01641927933242626,0.018390370838789704
0.4784412386919123,0.5264183751576066
0.17421228658280502,0.5016549177009714
0.07325138341346091,0.15552032683491113
0.046013162182080763,0.13683081192539281
0.2015345639336245,0.42169882468014414
0.13039447158747597,0.7212528598801148
0.0049558141500910995,0.00560244580576128
0.023439858328797396,0.01305344652237898
0.28516763011553325,0.4890837848285911
0.14064842159386662,0.6505337207264703
0.2578045688660732,0.5317177324587307
0.11867071824378561,0.10772052376869307
0.6453984672667769,0.3364056789583236
0.345098732901208,0.3285517782168294
0.25983636650852354,0.06514247410350558
0.03537562980963658,0.22478719389448637
0.18339636677637738,0.893741947285572
0.2604779811043228,0.43776470027806286
0.020804021340000405,0.017524861611986423
0.3766644494551658,0.7210490707442382
0.020854741746432426,0.04522710274300702
0.6430616462967894,0.4321285190349531
0.020680641331906665,0.09016865525334616
0.03840456575603303,0.04301520812871451
0.17466666512558932,0.7590876609952776
0.19605290698575856,0.7653940014160294
0.3338528456700113,0.8033165326489533
0.3137253891702113,0.40319797074016445
0.0026927123954267012,0.0026919684584366427
0.5290292353255007,0.6869366868818957
0.21914870174394377,0.08494092818249681
0.05867888411681387,0.06535154055465413
0.33793627492342004,0.9059693008013873
0.056412889612784,0.11141333429698758
0.2823319622135222,0.2155740673636813
0.1202925850987115,0.40732291781450725
0.2726307233856261,0.49537492810331163
0.1821640027908989,0.44298239999170413
0.1672851407217302,0.19089604382139222
0.20333192317783882,0.09678285198466696
0.011475120042348758,0.033835361265289486
0.22895010220722564,0.49402167168106287
0.23511008116176876,0.10455484707544445
0.18183448449526887,0.19021917346955203
0.5970236896401092,0.3501237391278279
0.16374330428759132,0.7166773408356798
0.02226007361945852,0.10420474470959637
0.15476243090421332,0.5668075449488484
0.44447342222665537,0.29520426342641026
0.08306376710993055,0.4336152834999701
0.04119553255699994,0.12578778724412876
0.11237371397388722,0.02892938478200149
0.0794260135135888,0.34683819398479887
0.000979855250091164,0.0009974536125699348
0.33684639598857236,0.2528085150352552
0.3377522032009257,0.9216277499028633
0.04627987639323786,0.1417706150190528
0.6509966621382501,0.4101273404546418
0.6417503502936565,0.47650241082891764
0.08172145424463143,0.49543979811260747
0.26734219632925665,0.29990694084562747
0.09340853377149316,0.06651006701804883
0.12743757264135586,0.48094367968826296
0.017357308029598843,0.01946039536589909
0.016907930460073852,0.00874869603414913
0.018455634768631577,0.10968031342967767
0.574587432554701,0.5002713761719463
0.13478676964335948,0.07612837048657808
0.1823428104768517,0.08463327816754056
0.5283514098767098,0.6938440748480145
0.6544303790211271,0.3147871594691114
0.036894889134729957,0.11620694700411739
0.13660538483646062,0.032316807329844426
0.21304201030725287,0.07281624723435548
0.07882908414642448,0.34042511665900915
0.33880790383549764,0.27487617404309733
0.27933698051733397,0.5722595317013912
0.4509328115876088,0.8085268971888822
0.004144353794958447,0.013733644887682294
0.03184740905274328,0.016034864361997084
0.1096678350457514,0.48554796695467056
0.3980110906126459,0.1433573513796502
0.07701676501105935,0.2678390254545838
0.5393410142053701,0.6603373882989564
0.23233843806993393,0.2606435805564782
0.1792542501765617,0.18037069166829678
0.4107751362903987,0.8848700615342869
0.2569438057120832,0.3985503280329774
0.20726691382874637,0.4928866794875333
0.03748569162637971,0.16986977557783975
0.4463377907742475,0.8126783534169281
0.014300233829119753,0.006664084926948683
0.18663540340806564,0.20937897533271424
0.1533954581432086,0.5170686161174972
0.6089777005523273,0.3062308145509326
0.1708166489144347,0.10564584191401899
0.19097206205313783,0.21280345870393277
0.08591543496002116,0.09400151426243
0.12309636253652133,0.1354121625648356
0.5053701704222638,0.5511477084796655
0.11008699348188761,0.20156656042323884
0.02141048842001019,0.09834851389778552
0.3592990260765092,0.9157525501701129
0.45508945438177106,0.7958867517433742
0.07716204228021288,0.07338803854447234
0.2282359087081278,0.9716421128768015
0.026324483580301934,0.029113705585825534
0.13464019548431663,0.5439388942424217
0.05259733790362284,0.26707701744117435
0.48053156080769666,0.196360698336808
0.5140416216186288,0.4110334185223812
0.21172954837383257,0.9304981917542683
0.018051976265598915,0.04704262560635888
0.14039062722224377,0.3556444236286662
0.1243003579427412,0.11905966187015923
0.27951767131348143,0.2834169387515191
0.08301896440330929,0.3180327473460932
0.6596681537954288,0.4014607735481831
0.03691516641015355,0.20946193681180625
0.06575898798885943,0.027405048835684544
0.2894516643569338,0.1515851954086454
0.21070123039122904,0.5892556030037162
0.11190974209621643,0.12370172111911126
0.4993777319884215,0.7529716658021418
0.28699028524682857,0.4303438099283519
0.20873657238538879,0.07829438675006661
0.5599887149405274,0.503162652660804
0.40141349878642313,0.11994550388239636
0.33641666908455403,0.33075490703873306
0.04188465028383135,0.26398124212283397
0.10216835144303976,0.10592367842279857
0.05903316517801374,0.3680834702725063
0.06827291131216455,0.05096129339997417
0.09069364276562654,0.49657619781569345
0.09907452193383888,0.5850182425153979
0.404236479888495,0.3690165308821649
0.009754633734102314,0.05959181849402132
0.12131584343252028,0.07211639082812757
0.17277572149006282,0.8178815930045163
0.4793102903615606,0.26451165447204167
0.6602614261339007,0.372193686111547
0.14740795601797127,0.3425685092739409
0.07654377948403131,0.1392337277925524
0.08937232957821885,0.10023974694338876
0.13608424327949772,0.3280502242723375
0.5604493083212801,0.4620576821237511
0.39286100212862324,0.915183343111936
0.15488049168260667,0.6908563620708711
0.06227369700363287,0.04709976692172006
0.20830193166368272,0.5560938114559335
0.07819901579318377,0.0631765250666687
0.2858937844476597,0.7161204034979858
0.05024061181744894,0.28173174078566077
0.06114858336887097,0.03900293950318052
0.05216467519088816,0.2852142732479525
0.16583342373917329,0.8420971266652699
0.6593210196607062,0.38251299428884217
0.0019856213033360025,0.012096621305935609
0.1581153843057634,0.23142782220086236
0.025240293295610443,0.021421623416878584
0.12218015878873204,0.1191089908400982
0.5506640399345919,0.6650924263304893
0.05057724787977023,0.17686579554663207
0.3138074127563551,0.9766225839667423
0.2477700612423875,0.9439687808088113
0.19196379858644796,0.5485669564985625
0.5272128654936576,0.26789567095853806
0.36805719958033933,0.5948873151546552
0.1201456613811065,0.5355529434096462
0.24093746056118423,0.22733072034515864
0.446591117291967,0.3687651009586696
0.09831137704895461,0.10143002495029173
0.41749386998408056,0.49872067088428174
0.658990677610774,0.40725093671928086
0.02682833286704948,0.14140713131644797
0.3071941278288179,0.3585249804687599
0.3717777854576132,0.42145284871869365
0.303937915824011,0.09733202457322195
0.5518543290712037,0.652455485628756
0.04016678355400613,0.14525516879794495
0.2496022912956131,0.66550913017337
0.3338816590989965,0.537416457136349
0.2455543713395691,0.37286278005934514
0.19250751090805998,0.3229166955995939
0.273287457295755,0.3230282682446298
0.016053288780151588,0.01604087166813727
0.2652371445845526,0.18910049941560014
0.16512615488949817,0.8193921020596023
0.4257718745370516,0.352371893705902
0.46120738559147273,0.3931663327484932
0.029582187902070057,0.009345428387345726
0.12224818802446301,0.5774641408609676
0.45624023171459854,0.40582597767670475
0.18309988473915484,0.5727673670631908
0.022909227783481645,0.03605723929685373
0.10112799140882625,0.5811429656456535
0.19715159283586092,0.18151421618410551
0.019996004227298574,0.08655698426454263
0.16351795364825933,0.1392666507720705
0.41120695061774426,0.8865015293097426
0.1653514806891215,0.17218743524942054
0.04001126083406399,0.17866354104362353
0.050958609804730354,0.27422524419493843
0.22622050058912033,0.25335418820064737
0.08814582029954332,0.05031982650066461
0.31309592052527196,0.425130287510688
0.16225467194286985,0.13200722880520904
0.4505170674307562,0.21252033517211227
0.19763406718570367,0.560850652007541
0.31878930568707,0.7494139621048799
0.020112925305390425,0.1281311221851052
0.24059852691645997,0.504474260071759
0.23642172780164458,0.9631472585538915
0.31920906604197646,0.3704365407860107
0.6479432235576705,0.4423635457879866
0.47442904634082506,0.7928095465148235
0.13548600946705353,0.47280688428480067
0.6505308806112028,0.41977716845709134
0.11900790726699377,0.6129524886794218
0.12444132818940289,0.12519893284061293
0.19136751093135332,0.20037027839261248
0.23482935988243112,0.07332266677090539
0.2179691049609344,0.9507084446013276
0.027819117030276203,0.15792318453573423
0.3702965459725689,0.5073623505588749
0.34032727008399233,0.4834330148331801
0.022722545409358908,0.007928663072995277
0.5162902126174961,0.1666265467843762
0.2509174523629264,0.8151989595300857
0.07353547405884947,0.20802436033180788
0.3054202979806095,0.1964296451258586
0.24591699140921536,0.3376832998237272
0.5238704322026312,0.6929649183202773
0.5321271117955737,0.3046067986356488
0.3023402028034453,0.8813100430467973
0.09627091971606584,0.5597281798509999
0.0198351671239383,0.09257667115568705
0.037171804771025746,0.04123266252854186
0.12114083435509865,0.6421788613668815
0.31424519576506293,0.7700314688868604
0.10313910580716942,0.3354007247976846
0.2473928060916733,0.9876477936394169
0.12740502270980608,0.1422992877453807
0.178222375082435,0.6378550114837247
0.15532841542267703,0.5146951543701631
0.6134428969446236,0.48239492183751304
0.329151228841754,0.641732389687602
0.6015098661035081,0.48328498255948893
0.12299454430143038,0.3100867565851093
0.039808532111864796,0.1986515618645043
0.016504419956261812,0.014883339934232452
0.4722664398771309,0.7925400459653136
0.02759940081828111,0.15259298998038803
0.196095068721069,0.25696093914605994
0.07483878882851715,0.25796912203754657
0.02843277388975525,0.03017824218753219
0.5648631228592891,0.6321202703474873
0.1177588986436279,0.12785683461055597
0.657281668757185,0.3282262679257739
0.013352893065652622,0.07824027064313868
0.4695533108409912,0.8017119015884941
0.11970596876850542,0.2918378717763255
0.10342693645724714,0.10059410555068032
0.21885898152236438,0.6898685289081082
0.17679642365276613,0.5454937054537237
0.057262760300075065,0.03188043677465776
0.26862913119437787,0.5439233298039864
0.41725701148477246,0.8075855464523173
0.06883707845448048,0.3510319080328121
0.18242199651701796,0.20348017389080622
0.0867581347079372,0.4767949528018107
0.21388903665197698,0.385146839601094
0.45881883055893374,0.7924379845071431
0.08023209382801089,0.37098642406281396
0.08898237273271145,0.1543775364320835
0.1704134778446362,0.8316432052142525
0.5521082582270195,0.4262428488700081
0.48695021338492034,0.3746719291790581
0.005285756751539132,0.01382269229943177
0.2913145216224663,0.9974013116927346
0.02054159310779636,0.12788801920029738
0.09691548319454918,0.3877522352577066
0.10998102697720614,0.6363032314482927
0.13742333937665496,0.1539129406732913
0.21999085056492879,0.2131289732899522
0.5133141209632808,0.4825762499271379
0.12312034824945393,0.4524784824428414
0.09574800956088404,0.06270033485806342
0.4849213546678855,0.20524698999502236
0.4936805144051981,0.150605411233863
0.6579890401598638,0.4105991063077701
0.32677126586444877,0.28301082192061333
0.04145614627819986,0.21355765790832648
0.5477255249253806,0.6232987927311964
0.00873133615382798,0.029931723329986656
0.24025384465050525,0.9473208900584035
0.04900494903770894,0.18167553864290686
0.14651938040693085,0.5305619755105351
0.2050045070692517,0.058373703086537415
0.12086623256167968,0.31289684698332304
0.3135192044226831,0.3671648601336845
0.3480207502549472,0.39260329976209496
0.5639976186099356,0.20398033619111347
0.09212980246653775,0.03739089056169973
0.2808943135595592,0.10235321735793196
0.1189971995387443,0.10546382404524073
0.035648711757671855,0.03341948002354722
0.4716659094141298,0.7930061288862261
0.20561587603723563,0.919501561446761
0.5940544903248451,0.23370385026734253
0.15810443998944504,0.6585021076598556
0.6427437891419902,0.30087409724720054
0.657883266001085,0.3540575124525213
0.4678735200711877,0.7824890924793799
0.10383575253837744,0.6080974901409775
0.3780859412410906,0.18008668670965997
0.11768514044545297,0.6416903376640783
0.005619935754522662,0.01295281037765437
0.047520510872520634,0.014468169350088054
0.2545518640286202,0.9932194578580793
0.2028439265780842,0.6121282387601721
0.3425639262808851,0.9691480332557042
0.5691197774050958,0.3799859964554754
0.1496996723447557,0.16616631218588168
0.5884003560797539,0.5439040323058938
0.22229656010986193,0.2599547689919641
0.03779659390552281,0.22123907277302748
0.2832035339736167,0.14770273561282377
0.5980682415915458,0.24203228287623077
0.009129451008849099,0.05282994694853644
0.17251895221794109,0.5670500888346084
0.06368943432420758,0.38847117407245213
0.38072519592897847,0.9144627580786802
0.014940474599622212,0.08912973686329678
0.006328626625850028,0.0032966224128589314
0.450901893531275,0.15277988740153878
0.12845121622252123,0.22558378576386406
0.6218363803385498,0.5257144062184175
0.603970631026842,0.4922067090996121
0.3292059091276169,0.35013139477047467
0.14835332103422702,0.10254808417509895
0.08322842389226888,0.4912070302023904
0.050397798185770594,0.031044947310890584
0.25342819065500716,0.4649669374355822
0.010271627697387343,0.019962896007884923
0.0692400500706559,0.04849642616424049
0.11957422947230571,0.472858015208167
0.20467093091493757,0.923541881677898
0.05169909886153837,0.05618289722442633
0.3171244520878448,0.8458890808616433
0.22491957033212925,0.5699419190106625
0.06780072011386626,0.2445688410689013
0.011910212290148067,0.05846075232402542
0.1297805538622077,0.1591345584893329
0.6594985835122924,0.39759570991680493
0.011209609310303532,0.026986390378867398
0.32791392814664183,0.2883158982139954
0.006889105024391652,0.014261553797027511
0.12880479664014985,0.5430166871996626
0.039754810038361406,0.1263164457775316
0.0403999165398061,0.0437824496730427
0.3463493886530849,0.10699784061413972
0.10051544248505564,0.2218322917585237
0.21313230126985933,0.27833724586936215
0.566023098587959,0.4702065549138649
0.13534164704555438,0.7317323245408771
0.09119567630768954,0.276729374891804
0.19766974282510744,0.8020188141619313
0.39459313665945417,0.9097638064102532
0.6191517712290581,0.53075707379545
0.6196304204699357,0.4161189791865742
0.5155651101407706,0.47587438957809786
0.23047736469607077,0.4469496040986344
0.17580091909626483,0.08991143805223983
0.0840807624033819,0.09028472364003014
0.11636791767262304,0.11304884588222769
0.5797552428223675,0.4231017455839057
0.34624675805795907,0.7877949639068309
0.03136694506418098,0.19554582699320344
0.5535368306507467,0.588596169758043
0.0965654380062553,0.5096346631500586
0.14321413544635533,0.3072663204025166
0.24318845559800004,0.7996247976427282
0.2699683298010384,0.6458350747029206
0.0452992857282639,0.02948646145113542
0.15496806184895864,0.7801097212597948
0.05259311528287679,0.058991297420590505
0.08665856644673724,0.07364795978767848
0.6456835632734454,0.46243819927165297
0.21999060688049582,0.24161276598043735
0.34694293305983526,0.47814377310350165
0.17816223804921735,0.40012269717221416
0.07495604209909688,0.4510953436904559
0.34313790247190296,0.936317227874399
0.3141672481226677,0.09327090761378358
0.45270463882979317,0.5571737807674942
0.17559958294920644,0.13796154696390733
0.3088864969859708,0.12074748622746799
0.23288189033051257,0.29258294075485863
0.039051020297385663,0.027210568333168955
0.6590359230520458,0.33955925650924473
0.26250473402448565,0.18601068740358034
0.0032984360612213024,0.004174283641897856
0.011010745719266073,0.008311312135278128
0.37281523382268955,0.08761315391591917
0.07199085134481834,0.18439733829196897
0.13796521097698006,0.27575971915994957
0.5801984302866917,0.6018531735298162
0.18269479770407168,0.2007796373197304
0.06092298500891421,0.33208721226027405
0.48421680063958145,0.37881178302421326
0.0698707730641683,0.4243719509112113
0.047857490899701954,0.2631761178015332
0.30679128230493236,0.4909420601151919
0.536710792537619,0.6718399705248191
0.5807454648819079,0.4979891738233522
0.15648934991364033,0.8115826158115913
0.4180395052213173,0.8179007872746862
0.4422091014766845,0.7316441762947488
0.05651907093735647,0.07255450309647501
0.061497477533055886,0.056478060063613555
0.2226084405937075,0.20955858967517743
0.01945374978373773,0.018361401732998012
0.24437439992777343,0.38595457363635716
0.6203369729742656,0.2534328419643805
0.25796922017987706,0.9563576938448521
0.04796235910570979,0.038037624537842374
0.22483467550793906,0.9664899769448095
0.6450334852468418,0.290439800783861
0.11031865118336058,0.06624530492358993
0.21815705417379988,0.9261248786771322
0.020646504946280887,0.0640590492695776
0.29500295906334667,0.28494534133637656
0.37358552486926133,0.5755704508228388
0.48529746166541565,0.6362796839349993
0.27648496199627853,0.07664000145182039
0.0447933433122662,0.14408518217130797
0.010220023698083837,0.01013652330353417
0.005460269921247061,0.013097070584752613
0.3920551564930119,0.09888152422995791
0.19059264698718784,0.05945416077411083
0.6424990060641315,0.44776502240443017
0.253183886801359,0.08652361205938115
0.020752671642680878,0.023079879899482188
0.1090555185928209,0.11085354739075115
0.3964312817694478,0.897670871877769
0.5638716334189228,0.2536038378120271
0.1308610705962611,0.13036774073592788
0.09421636581792082,0.15085089965665302
0.3999961152649353,0.2675465826777255
0.06440530118877894,0.3201269532268078
0.12569555258716394,0.6782436150692415
0.1343064322758176,0.6327135775544902
0.32093891889479015,0.9872036002696413
0.34134548641959744,0.28536917009270846
0.31891106637188377,0.34086874119774363
0.6357000227191064,0.2906351193895917
0.23158651899005678,0.37645065874453376
0.018281868120093518,0.05057090435241519
0.3147974655571616,0.341911908399613
0.4458727204462311,0.4074216273462024
0.013713946899727323,0.07346335858609788
0.006094921045558302,0.0014101689108852499
0.6119260106922944,0.24554460292850686
0.18757856266117753,0.8550604211111971
0.6515166714649544,0.44289352003973387
0.03883370223058851,0.15274686885575126
0.2415119642643313,0.42620291178742437
0.058404104311390335,0.055422316697205154
0.09633046567193392,0.10709634615798844
0.10343902304600594,0.11506726298199514
0.37437708829086513,0.9374246505569402
0.22079337061876744,0.2475067060799479
0.4086158699723852,0.8916211625181166
0.06436844194697884,0.3951178547904378
0.5467090358954562,0.4267961574587713
0.3039552176816349,0.47162302151978625
0.009835703355034899,0.05483323581642932
0.16154495860825252,0.834096753567534
0.15322214028161132,0.7791462507629664
0.21944352500394942,0.6247271487453301
0.17491745272930692,0.6113295776747005
0.1117134916543651,0.40031857620967765
0.03197498597689212,0.01647876762011557
0.32562467959099894,0.14620587004019497
0.3031154773345059,0.9923403321016439
0.015330035553831594,0.01571526839098445
0.1676598326938317,0.61192672678766
0.44727769747553225,0.4897908184507584
0.28919141151767513,0.9692299461671314
0.050269896116161915,0.3162949036816519
0.2159569553756144,0.29738996455992106
0.058523824943673496,0.28412165439810805
0.285965269336525,0.9903334162755334
0.42413741408502764,0.7719463945114733
0.12653971024161703,0.12714498325162868
0.09501969905488279,0.04363873139325683
0.05321637244303075,0.2986364763278824
0.2280080800615624,0.1601996407888184
0.10990008255901888,0.15910482650591407
0.08476999456929232,0.03594221319453085
0.005180215252638154,0.017045302962366237
0.04950547631334611,0.2643821990003031
0.46175115363989144,0.661019442089046
0.023420563485145957,0.14984079487748794
0.32025032992058183,0.831382091295386
0.22588897435171015,0.734022912930902
0.5430186985983939,0.5576318344249965
0.08839975145581627,0.39152519085475945
0.1759723805654223,0.40786565200092895
0.13557457367538459,0.42621665958604266
0.6150103669238164,0.49202712747622973
0.18604507799591471,0.38825613824742333
0.33516154611017185,0.955204458163452
0.13766877081623333,0.1466523027424555
0.6103688498477053,0.42795010712698583
0.08106828166590326,0.49104061024546325
0.14969950081765876,0.7874223633095696
0.39692382240348195,0.9091473753210554
0.4035124858034404,0.7447196388726277
0.08186478866235944,0.3975276778904799
0.0653137463756633,0.27849121956793405
0.632396247952004,0.30092017872588095
0.4935817676843146,0.15068419468611113
0.33497416996195584,0.9425402229219142
0.32706377601360065,0.9806460177673055
0.022807449124668554,0.12130162421695528
0.15313920778416676,0.6305226567209341
0.5337031153467088,0.6809087627849902
0.22388873936218423,0.24976899242110565
0.007117277426536855,0.04578872397638449
0.3794110240289474,0.7387933687964393
0.6278132808716946,0.4860104927960142
0.3786423784068854,0.9280558220891196
0.651351738253846,0.4475006243178625
0.46046069381067717,0.7560529819892834
0.08201508791425917,0.4451134807454695
0.22651206896356868,0.8030441493415534
0.07161530110411415,0.07208461710831157
0.001898809572297872,0.00997181596072973
0.022224888005924055,0.02345777414027422
0.29768164427074373,0.7533837375142233
0.05236306960342694,0.2621756570618885
0.31654828418310643,0.09685184432478974
0.06835834659039575,0.24113358638854057
0.30659106464946534,0.11417959139041323
0.4061865114966356,0.12787186482139884
0.3098823894261723,0.9733154217015946
0.053297680548624465,0.3085503878738012
0.29626716117332175,0.7850037213697205
0.297112387693012,0.23642627746665307
0.05580336661155728,0.0626021016295058
0.08470378853962034,0.4145899587143566
0.13591184256664998,0.32269409748294153
0.5923762930741393,0.5120298553741882
0.24799688534338876,0.3218379393109325
0.006390598909791713,0.04092206861510338
0.20253818952596983,0.3855892175947844
0.10406338391033729,0.0875544528333097
0.21973043214580146,0.5090211445649264
0.5016721313040603,0.16205485802823863
0.32516562041804553,0.2669936712784375
0.4988954338731085,0.16745815531279046
0.20585958542094757,0.05877455668054751
0.10974726088561004,0.1019224866069934
0.395754467198643,0.3805744415332404
0.062248662299451626,0.20652133309581797
0.222276345206965,0.191747762665183
0.009350498470327716,0.05704670582519071
0.09827648435106856,0.39915080967709404
0.09269771907950984,0.5531608343313613
0.04440963229618799,0.02167016160629317
0.40526348901429704,0.8821522675316735
0.2849568741137307,0.5748157401653394
0.39369167307748126,0.7700368131294584
0.4579272733678629,0.15491863245825593
0.2442361473676226,0.13106876285422447
0.12507568713325165,0.41945289405956876
0.05247129477058769,0.17283152188920725
0.24604539330973269,0.9835437238710376
0.6597243881955817,0.32470331778738004
0.5196589611849707,0.6217561334457138
0.07890755949155792,0.2102406243304245
0.19596796999035865,0.8866315116030854
0.38072487408619315,0.09217922013845795
0.10796871123635814,0.34911179362076517
0.17505538315436023,0.7996978914545572
0.3555236065349306,0.9503566347370197
0.1942379781240672,0.8925075053606357
0.380052507589721,0.12048468036204478
0.2065536019664111,0.23146713202664154
0.017389520562677993,0.09675242870782103
0.46721141927711707,0.7418146420362887
0.08182223202197156,0.031248695476366255
0.4040269204100599,0.597759525591876
0.023365543150311262,0.03563488202174366
0.3566083395317219,0.9474080311657669
0.44786668485947895,0.5199242873923325
0.11664800512282543,0.6541153763643811
0.2365853980716767,0.9717569133344188
0.6530621900416533,0.3327915975525013
0.5458161069011138,0.19428836770702615
0.30095348096114494,0.12449232861553554
0.022935215019941203,0.022336341163821955
0.06486294087582663,0.024353505929320448
0.007656771865514473,0.03923735499958897
0.07350756975996393,0.23657280221392366
0.2701128392841888,0.8554518214462019
0.34181820218278763,0.5264483351736874
0.21320314473045676,0.2282972426009095
0.3381341232276752,0.625915899666749
0.4557716716765288,0.3217168109989496
0.202394729877781,0.8340289111454592
0.34426856172511106,0.9280989998448403
0.4108924397673644,0.8559801946894707
0.13465191177444205,0.14295557235733367
0.2973581280421066,0.675120669782349
0.10930703093079173,0.46270402456437804
0.5225120419676444,0.20134395752901926
0.21041607906407578,0.5062398413939505
0.10848443544677153,0.6278652297228644
0.13641104621480582,0.08627296589697786
0.1505492196943773,0.6400701533382314
0.3590248223409782,0.49369972245500293
0.3801301275539154,0.8441323049849816
0.05068585607542885,0.1007276215155107
0.05606497660124564,0.26831902935374374
0.00926361168348365,0.058238380343137976
0.12074510317150498,0.12757772499656864
0.4428500049533855,0.13916118402608701
0.3504629520993757,0.8786251710111322
0.08688308418784726,0.31175663733436004
0.2365123914837924,0.2653248989446241
0.12524353919540154,0.6858701383322241
0.16294505234704273,0.1531184941819386
0.21885314965966282,0.44730633022871436
0.3106653852178013,0.8562320657523335
0.22998445395027559,0.36566741662476376
0.26245557693170485,0.6395271129554992
0.18732226026598714,0.2012175796359036
0.5764179462640067,0.6157237914879611
0.172545003441298,0.38239662059963436
0.36205393927085416,0.9222375450152505
0.16218292793255684,0.7350102056130835
0.5164988915435272,0.6875368454475261
0.1858044427340606,0.8740486714020446
0.5260183004769938,0.5824099197356022
0.0034776583164549788,0.015036900183897674
0.05235301386268078,0.2756919279572637
0.008175949678306529,0.009153176535670623
0.6537440716816421,0.43667540844821884
0.2939799724977542,0.6619785674512699
0.3747570526843147,0.9346318792776673
0.003606494470016399,0.00616291036342956
0.4265082850303196,0.11046933818500929
0.04946166192129297,0.10739171032565212
0.1838850068343871,0.2541804973129548
0.2090214574057014,0.5165503771681209
0.1226786799512338,0.2183114346942014
0.4665890045739985,0.26161714438504047
0.6246262672889017,0.2680236542480655
0.01614054459139162,0.029865234932024753
0.008025457027853844,0.015766476858266966
0.20915972152014514,0.2340262131420323
0.011973170166889834,0.012442021644764163
0.06693420670109726,0.17067190704997748
0.009309401660231866,0.009810486052792874
0.3303246736448888,0.29040303957622127
0.18897930615096406,0.46764158350298063
0.11475350245579644,0.17324564108704613
0.4718578510158513,0.6090020119748287
0.1837065708381918,0.8942988151390716
0.0578813070247044,0.16874976940536038
0.4174835438252644,0.5229283518922477
0.19249777777900365,0.3832490775408112
0.10240815725272412,0.4688711803821771
0.07404878808091234,0.2984133573867533
0.0338908974238046,0.21559541079148148
0.014709672741284483,0.05115507283411957
0.08570852155457093,0.3773478542224338
0.4440384033380283,0.8059478099993369
0.197174793058093,0.19719016954972282
0.10275086910098989,0.17336118156023278
0.28375377965299675,0.2305572222613273
0.1702929931728062,0.3559517025010602
0.5775537470738168,0.4378098293374547
0.10215482501671734,0.5890172597713791
0.17297656052696841,0.16723699365891173
0.3580344388235317,0.9479777599660802
0.13391957130372287,0.17873106184145462
0.05921378218970853,0.04357174989815253
0.051603792498668984,0.02415286976047964
0.6153612811716263,0.420246824102955
0.19700535374877748,0.9014123326691924
0.16549083473748188,0.6183678364983015
0.34274247289863896,0.36405140224555316
0.1395540946891607,0.05347184100744367
0.2958164904863119,0.330322703023551
0.002546301470092084,0.0027256614605288814
0.5344588807552886,0.258475036161783
0.1340011761647695,0.3183330738916972
0.4465667410931245,0.7132586319791504
0.14999200682459451,0.7564921041760738
0.2570691392419155,0.19182297157957073
0.29885595621793387,0.8880124275908604
0.028464986795828866,0.030756149728279083
0.1764936921653652,0.2299835036526304
0.35414092148300413,0.30774966813778876
0.13983316163875903,0.7336095779180559
0.1953375083165597,0.44199028408666075
0.02743878803862785,0.038966201455420804
0.06664617909586452,0.05581948134387228
0.34687409730921015,0.3079518371304091
0.23167215554990722,0.6884990035966817
0.1421789992124418,0.40124738676881433
0.2601767600856253,0.9696429898672849
0.1639922410533625,0.30647067230727854
0.3019867747050317,0.9186684121078307
0.046419578766182315,0.05084655941385664
0.23735192449708936,0.3169165456654728
0.15369765255585174,0.2623307498310046
0.31970884535060234,0.7523679173352301
0.04589379491295154,0.04924406197600021
0.1555550321639994,0.331644650907266
0.30243069818214474,0.3026388022663933
0.19129661714875437,0.3297897449024276
0.11409537551766777,0.5569307970154572
0.10121428671234048,0.45279319481017927
0.551283412956722,0.21292235244862906
0.26953176289510306,0.40177515036881817
0.10006086692141453,0.4810843815579782
0.12659409470984692,0.11572774980151909
0.03304109346644937,0.2084131881213691
0.446171656730261,0.24350529734747972
0.5195765035846519,0.6659500296994275
0.00017300641374299098,0.00010568335648512499
0.2984935424778151,0.3929469959149286
0.5164331667567601,0.2979748220513004
0.31201272845161115,0.5707021032444267
0.011770328147304087,0.011012637981594452
0.3668656754129923,0.08809474831953938
0.05050036564667537,0.3160726840495592
0.46852106135928917,0.6897122547245259
0.01451867557084023,0.09146737689671894
0.085682758147003,0.3769572032058958
0.21103944741579744,0.3805650741331731
0.6068322669631623,0.5467365321676255
0.04358987325072017,0.2758064660847508
0.09303719078985702,0.17439900098288486
0.14655586682251562,0.5213906227797503
0.41289233994875735,0.8631007316421563
0.03551527646574426,0.017360090508015312
3.64712181476505e-05,2.8373460198721918e-05
0.14916229810833267,0.6632109372034053
0.07830329388402915,0.2125035330383958
0.09996269217579912,0.5640810272024553
0.4343789335026245,0.12255945889048317
0.3855358272043923,0.3392277153600683
0.3435965309611374,0.32310172723578134
0.34836672241270256,0.3524962542185634
0.4423230171468598,0.6815268044733652
0.3330228468539785,0.8981282507969347
0.24674382002942027,0.17754136357952344
0.008611870352084898,0.02930380860176349
0.045643429996792446,0.0438422210958314
0.39662214507658905,0.4701654753209621
0.04139090224546919,0.1452148399849692
0.13619688499603813,0.5071822090756551
0.02265514973715587,0.004825687070039766
0.10094443311527224,0.5901011569759035
0.0998727133264326,0.4898000185457241
0.21996899401313755,0.40422475613354647
0.032249201960003616,0.1592887667827797
0.038681692576458364,0.16799189931254255
0.4121257029817098,0.6510663425109717
0.12683454024199403,0.6995389314987516
0.3811562741437125,0.9210112401801845
0.01633030034173069,0.10193880635898661
0.5360035881898496,0.34844937005179666
0.2875115119018578,0.3909849935790135
0.12033172683830079,0.16260476414754035
0.24514180856344073,0.08374717126441188
0.03420667775312326,0.044277864722640434
0.07633629020945654,0.06423364945071385
0.26593040499689724,0.3488624160888647
0.0025428151000846753,0.006456127829691779
0.05236095799013996,0.18944234622902184
0.07312725301656813,0.4125286756026919
0.5802037688912122,0.21353564173159897
0.6522421003561358,0.2998692971310256
0.37296951541295215,0.10959391366162577
0.044950193993911404,0.23334796809396458
0.07068483012163759,0.07392598277624214
0.0839512063890785,0.03395276138113976
0.16629073781782483,0.6427000379431996
0.29068672698152553,0.7999761484555501
0.04864519080415477,0.28290176616347623
0.6317982425802948,0.2755282344012182
0.12740077014866272,0.11746832315503902
0.1036798835135785,0.38753134322767463
0.12323509759018023,0.5601122069913874
0.5773917211971933,0.2902061386671651
0.4855100365251913,0.7413586789908309
0.15326695310570637,0.791896469400733
0.01663479275815074,0.0066416533212215415
0.15335853864322294,0.3974689989181863
0.2538774351149627,0.17040080257238174
0.1427521618849744,0.24816473807317543
0.3483063386880869,0.17201719027056792
0.05104860887922376,0.3188785942531035
0.13430741817504913,0.7269896508557039
0.0644717689688063,0.05828029439107031
0.00890155660372669,0.0038956661150461986
0.17614328785807049,0.3103548475307696
0.0033760959288379393,0.020904087646875475
0.0808938232521399,0.06762070057913594
0.03798651865599911,0.24136691450924272
0.5826675200670786,0.6071648518157149
0.016173676681729802,0.08244959348279776
0.45363405975035914,0.8271113797405697
0.1737334174743571,0.7887684725896565
0.6104829594789714,0.5417298400770262
0.09356503667070866,0.08174737173543263
0.3017611584279005,0.9405406346086359
0.10970438609032418,0.1591360542615134
0.2849437051619701,0.9586573920735117
0.28726745898087874,0.2563294478473245
0.20282886421265975,0.9315118381195738
0.2976296799972378,0.9629466696461372
0.044693208375349604,0.2823383193134387
0.26750102641882445,0.8280293545604841
0.37304453684021044,0.44953771836646417
0.004092245458922818,0.02625195815831458
0.016350446524840377,0.07645791580170631
0.3166738396378308,0.48565027447790593
0.4495396487122487,0.5972503301679877
0.42498555456423903,0.23679975950447132
0.5469752167927506,0.18533166978967233
0.6194363702814907,0.26121206508433953
0.5737379162167909,0.5927149435628302
0.02903595887816185,0.16950949583258104
0.2778893397016252,0.9853435041863668
0.06429934252322074,0.3970579193216596
0.024499680780802162,0.0794681840137345
0.021788078225151532,0.11410274737225735
0.18951025479078934,0.5655724256227742
0.5144655462372246,0.5549051750489377
0.08906590535662204,0.16763603496720433
0.08854615170308873,0.4535853366668279
0.015574886627575212,0.017422671104618634
0.10286567767244771,0.04079594817986953
0.0028180204947847033,0.009689866734198535
0.059026018906041644,0.06218405574221799
0.151100105303408,0.7353029079197171
0.11178557250936956,0.6266698829562533
0.10221600587904128,0.301435836473841
0.2568554969681954,0.19682224587006011
0.018708465727564218,0.10616950859440617
0.03666029117496816,0.06093680398311029
0.0065703299371649105,0.02618871180387151
0.6068238181332481,0.40355055888818275
0.3853805133382626,0.5634580627179155
0.055974878064813834,0.041899775884682834
0.4713472974636981,0.38042467070161934
0.6083746605782859,0.5073624253375846
0.03834115121083183,0.232680322359555
0.0768951053225044,0.14251201543202696
0.479542176308308,0.1495431170192883
0.32622447659234916,0.9490179553170511
0.01645910992302954,0.06375069973042545
0.6325646885492606,0.4923643193414582
0.10161790744650731,0.09612625454819841
0.11497466860620936,0.6093594168242976
0.012704965244994976,0.0498999580903122
0.22307922936043337,0.11045740853930497
0.1513359036121477,0.15638892737767718
0.09826568108764434,0.3703016474185198
0.6248467253204574,0.5167765067094188
0.07055292365601062,0.06481916288639081
0.03691143529594324,0.012485312756231699
0.40085166297888464,0.7289483301312336
0.29410335949064803,0.3292924252145811
0.3264185289228884,0.10130812554866915
0.21627683758652963,0.9527113003177556
0.02093703693755318,0.008510895476904378
0.029965727137494753,0.19044457775217746
0.1845709969652562,0.6888298750851498
0.5619373783254331,0.5788652971840982
0.301076002605214,0.48855196635203224
0.034161829215096466,0.010562597246575762
0.13582289735335829,0.1495992371071263
0.0032680266283882367,0.005108749342907632
0.13985952892914297,0.32499435766756035
0.27115265793740506,0.28966382751955094
0.5903527902541008,0.35934850393245305
0.4985973114910067,0.20186466052015095
0.44987315173173437,0.6228575977770416
0.3572706468886526,0.4059897098402812
0.16866441365139603,0.8546746480687035
0.6134856727094212,0.2946997134463122
0.13517222827542033,0.7236441898182792
0.6581483257892685,0.3565302340677046
0.21024750053433558,0.05731677768922988
0.23130029873048516,0.2457063887298901
0.31050956296517623,0.48665835579734545
0.002379659086356935,0.010080037544844107
0.442291449070892,0.44833404494684725
0.019129755288370787,0.11488317151558326
0.00040956702052725026,0.0024239903166746696
0.12991488625266795,0.6536975464842799
0.6309057041147383,0.38032002382814567
0.19441971001479946,0.9180482013659883
0.007833787779439038,0.0030537262407310107
0.029122399575905237,0.15357210058679963
0.011930642134512197,0.048692628996135426
0.009955132644492245,0.021894174725233296
0.018540485473760963,0.026185331907194236
0.05217645076520621,0.030908814179759096
0.5166231412549297,0.7205107875487669
0.12521419305112577,0.3689100519173806
0.20240515823441507,0.5909692048200824
0.5678220962069351,0.20578571128964845
0.42909763931575207,0.28923366628824343
0.1276297748447796,0.6799922192900245
0.08646587322475592,0.25802229305586444
0.0019827585220251083,0.0011635913713575745
0.14868989009775357,0.047508219276360474
0.5440542933303751,0.6043570429522737
0.5892731283852491,0.5868866974977189
0.13717406119984668,0.6883578604809991
0.1657988125878623,0.6019046150325071
0.6115523675642495,0.2542256913879124
0.4599386321204366,0.7812474968949724
0.30690448601418807,0.982400793528264
0.29310313498911583,0.9989460521708988
0.6463817731146714,0.429984574677281
0.005006358303038028,0.005485004674323175
0.042291397124563465,0.1862553030611264
0.05134596933564825,0.23675417394330098
0.6491737329511541,0.40125033547405886
0.010462500699965108,0.0059494387485537785
0.616129589083856,0.26005725977206773
0.1592554046888888,0.1665611767515807
0.6502365577014136,0.2975684316629152
0.17937086184776047,0.10747280318732126
0.04540390721120828,0.07089664480959357
0.63207719855938,0.43310327431386353
0.65810566212865,0.41069425400128046
0.06217826266116559,0.05395377163770819
0.39824923312412613,0.1132753509291984
0.6301213579814109,0.5086707505256257
0.5230142488440594,0.2917106166101709
0.30364300870660604,0.9319418517669485
0.13907191960816995,0.7194926274435861
0.28882952505378573,0.9643793004783492
0.10200925434213365,0.4863048047263024
0.021251174488753664,0.13620869549624784
0.07152118342736237,0.34839119751698844
0.5369023156824696,0.6426268506211507
0.49353240840479856,0.7320102231462469
0.11714238003561257,0.11361392186379679
0.6337317611210401,0.48834927543126594
0.16357480990785359,0.7515900282857285
0.003911628054939425,0.01753863626747787
0.027928175972012238,0.007317728539686457
0.24556516983413407,0.6326888402307526
0.2223896349135391,0.7782978875299003
0.531634196869523,0.2505680774060128
0.08081707362485571,0.04531024412583379
0.2510497041521467,0.5150861128242205
0.06035468003567491,0.24366556580045526
0.013942455402057942,0.0840613703470817
0.4665205981650353,0.3408435405096294
0.15916834164201518,0.8098811691672957
0.5488142765379245,0.6524883959768061
0.21965509565795577,0.23627656138753275
0.19544686532232577,0.6967208034289687
0.07997559175385435,0.3526183356844216
0.12506941065438237,0.1619992176041653
0.14862134484980466,0.08370907180664175
0.25509709279047693,0.3809963462609924
0.0892847350165485,0.09372504936675133
0.10033044436490868,0.33195703883263716
0.6289604431533475,0.2672641253894383
0.21891713893188744,0.6003491815893638
0.2809607405021739,0.3029064127736232
0.3731119906422131,0.20483951220551608
0.05720335927366886,0.08758101549482904
0.6536353644752985,0.4379309413376486
0.06260555464228913,0.24701339235224248
0.48316675807821075,0.3111041563333848
0.16783544374544226,0.0501402802035977
0.6290738785183159,0.27017814937592705
0.10183520049911515,0.11193945291588275
0.13135083353999372,0.3206878799904956
0.007322277378940516,0.024735991901631643
0.17067745137653406,0.5017771823205885
0.012442197753357085,0.07437364441569976
0.6475993878626266,0.46166560192944406
0.3861215057118694,0.09303681330414025
0.03531200402744645,0.07872080752470173
0.005582137708136282,0.009072804387221052
0.023548615453541363,0.02186247318040478
0.030564553441923825,0.1948440763977237
0.21898124834935762,0.17996101549078522
0.37563486535465557,0.6786871298145395
0.03944831487676299,0.01247313043159529
0.2953794112117256,0.9703350345457266
0.07831607262032853,0.12241570407961948
0.10089183513919528,0.10186825613639387
0.2504719264419441,0.957291760353403
0.5258368054581838,0.40268395797878226
0.021545647352429448,0.011204044898486934
0.07204052291985634,0.055398566442514244
0.2350752341664297,0.9766583853794304
0.6263019583624222,0.41688350003313884
0.3724447664340865,0.12817886509823193
0.24328771071666472,0.8499691297967057
0.620891890714862,0.26153835319117547
0.5663290217631808,0.28600383740837
0.5184727963679353,0.7207091085431686
0.3048810724595143,0.9935431813251392
0.07080596019384808,0.3825916029808458
0.20454701195584632,0.2178273630322945
0.04143715860026673,0.011660886618849557
0.6315332948833766,0.4754263367014954
0.07746836904263395,0.39873481459090343
0.17706764596905614,0.8759514548969143
0.14832916442964938,0.03963809890245621
0.6365394974257371,0.3992456443227474
0.6588562678555083,0.341725239869445
0.2141497982034296,0.1891895921876528
0.0020485280427013034,0.013118546121508388
0.4849981208602078,0.7659054152775915
0.019870149835158363,0.12454819357885206
0.18980960015472906,0.17382411204889775
0.10787436532457903,0.6254924078762724
0.11141396118497515,0.5285205261250087
0.5756164097538374,0.4586375287031953
0.276762992701569,0.35135113483050234
0.255254042519391,0.9922587365105617
0.6009110122167457,0.49828458307079065
0.019948548200008593,0.12254050743874921
0.08403792028731198,0.09343466782559874
0.33884227199122524,0.6163723354609327
0.2560859819940602,0.9920936602092607
0.07078297315596661,0.2696272060527004
0.13271912585287465,0.1370858291784734
0.08128653827771033,0.11576281035326466
0.09622482565891922,0.10656610132967044
0.36377416212947955,0.3064303270781716
0.08865910078477382,0.0749063341959727
0.4001492700285763,0.8859214950710353
0.029961866184343402,0.07027510231859284
0.6422967818868065,0.43436491141752237
0.014605465051205175,0.08194289418893422
0.5836048736697689,0.3110853351237366
0.4653372894244623,0.5508656602392242
0.12105913470889487,0.11254605253514843
0.12131314495985876,0.13107645201185888
0.2403631682914561,0.4884015513092369
0.1917482521974413,0.9120088426216644
0.21954794307654085,0.9489822623020077
0.3576735286961951,0.09079405249620998
0.2005189768309688,0.9141847810897061
0.009616389955563527,0.04993444987970452
0.34874518952236494,0.5108783479806588
0.17448958274272233,0.1417429395689407
0.5396376867595876,0.519771010640776
0.6256699679974966,0.2710764662377391
0.12360680755272685,0.6962840384854075
0.12643125767450458,0.14183778604871997
0.16941310478729016,0.8575665249109787
0.01448901056275493,0.04954668526724593
0.09565688405743551,0.04615000669737346
0.02057114618183242,0.13169230598110618
0.5529128816540609,0.19185743125824303
0.10153210788041483,0.10549345259369144
0.08325695476705709,0.24595525030856022
0.31313896845254724,0.7561677153752532
0.018719194847528882,0.013303104451607064
0.08848596481468683,0.4278975287042608
0.2594668644505294,0.4577591698897899
0.028308794432728965,0.11077600700471991
0.0365724688449981,0.21989712308096945
0.30539547544607887,0.9696591058195233
0.2958861988653257,0.07681874743119863
0.6603275861621883,0.3841267885568807
0.5284832753994892,0.6021501859726506
0.6174100900441529,0.2626295479773296
0.6603282845197792,0.37327966501937776
0.20774509136663297,0.36386052433897564
0.0068684261315654395,0.0075480728473538
0.024289929246874554,0.1399869084043282
0.2877138120063032,0.32261989226147875
0.17926881020865082,0.1670838699595689
0.6169583683047887,0.2621275363491647
0.1577208182761519,0.306036627703418
0.02610172335089659,0.12304573305915126
0.1726314428089222,0.5648471466341365
0.3590857321014758,0.6490232344205288
0.06857818350718702,0.3823131565603919
0.022260124664847416,0.024602180389867917
0.22015854178171382,0.8815487415911092
0.5457469809831844,0.669482067106796
0.2212977343068846,0.140347273219771
0.3116009091739205,0.5157060422926854
0.16913994717153844,0.36934960653182575
0.09707787767264658,0.5634989917632881
0.2831931617043931,0.9248648709769778
0.03096560365259846,0.008328023206538075
0.33689976555932194,0.5372645265880592
0.01670230832842429,0.06680269429124618
0.01506600617030295,0.018223674885706045
0.07834844742863764,0.28415661567415895
0.009520745809762293,0.010546337949902973
0.05572753487317372,0.05833506917752054
0.001046020337163507,0.004135200699624365
0.02057025036560634,0.040488112730127195
0.1322285004041384,0.7299262755968315
0.002941575158282222,0.006410476613569871
0.3480493236501113,0.9456489040383899
0.056521505387064734,0.30309731990074623
0.5628696868150034,0.5087577064732335
0.630258331640906,0.2767520235203025
0.008900504747875949,0.03548361647795439
0.1027065433551779,0.5986557956060456
0.18281370396898405,0.7645935348548543
0.24416231696165783,0.43787092412668027
0.15099640357247726,0.4013658249351096
0.26098325410007656,0.9073965004926028
0.011617964117373382,0.004664032868248405
0.07061929867115743,0.4251478436787626
0.5504781471386928,0.24959748842381946
0.16537533085971834,0.6288743726486509
0.5473758489252013,0.6230430328123687
0.1811696121477162,0.8739697645899195
0.041931321899485896,0.013399559300776907
0.6600060805650361,0.36555848421613596
0.24699442104488323,0.781601589532253
0.008975209915057564,0.023788475940888718
0.2877960527400832,0.9927014918153705
0.1691098448900379,0.6469734835928712
0.25992975025110837,0.7130904739723906
0.3464828948730631,0.5520990311166643
0.09729439458288372,0.36181792441914007
0.05790974406203402,0.14041682567428812
0.31280008066390674,0.5639054139166905
0.11451443241432893,0.0966860014424816
0.22644489931493555,0.2532737285650338
0.020756523263339845,0.06566068897060269
0.0009468884571427376,0.0005084854382403694
0.6296960189961237,0.33018362770275916
0.4455407087610107,0.2774609934043415
0.40697372921232194,0.43946633940341395
0.6429628662214091,0.29572601800303777
0.12592291608141518,0.6902263600742088
0.13886399013703582,0.40639951856598727
0.05356693015082045,0.32178571965441055
0.6179720582937648,0.25832313987564787
0.10318587780748624,0.06651074823246388
0.0037159603344924363,0.023358530272082668
0.23322858238108965,0.922932912008733
0.03149313393194551,0.18745955896577413
0.19910052065946315,0.805622272027132
0.14344946873269313,0.13575283910471855
0.1855953963604879,0.8098400770443285
0.012512904170683709,0.0799336871979939
0.3034099793172513,0.7265526490350968
0.014420087792796518,0.09243891645140566
0.09075805785645494,0.542893546296213
0.555285003957284,0.6302602254946844
0.13341798172489697,0.3143307409823761
0.07401639971578035,0.4459172127903481
0.1049075102811909,0.036684035223337054
0.12431932534272923,0.6934659473865956
0.11283558520625324,0.12055653587345694
0.19022367944148177,0.8549882521637843
0.1560280200986875,0.7520585023738393
0.13438248677371267,0.2628444491409872
0.2781406953717749,0.27206351830965264
0.32082715789090915,0.9872498492298015
0.017175697040238556,0.03600584685609071
0.0204882541072229,0.08585605461915251
0.15379482747142745,0.5333171098108069
0.12529414678470085,0.46234568636353585
0.2621623798183183,0.29200644856817903
0.08324774088690291,0.5020891796076691
0.15163075871913467,0.15846472527742042
0.5769010114265491,0.2784889943808327
0.0636209843855216,0.2864178960642566
0.14306647645130793,0.7569730418671758
0.17781993948458466,0.11526016821109482
0.11317083867862889,0.08353397103934845
0.03345353522089482,0.0325491341581533
0.1393282859046932,0.6297883851265909
0.019812132009451384,0.037838677928340746
0.45178816966135743,0.5371003815541494
0.13065625891709576,0.5066584172190407
0.10628420920325962,0.270983998017317
0.010970799727673465,0.06387909990201587
0.1302354641846074,0.32909160269535653
0.05325071300716922,0.32705918323181454
0.2955420927914474,0.7028292216730498
0.12147666535537861,0.6869452049903414
0.1789330126565747,0.48220627476756023
0.43385456100518704,0.8390179696467934
0.04070861545826595,0.11934690379775181
0.41700618663337147,0.18726812379083227
0.015123849637182642,0.0168146350924999
0.06735185869485956,0.41579369501786784
0.012673489958938067,0.06288185152766973
0.1831049828398672,0.1843659730851094
0.26604683437150045,0.07635426144829904
0.6195304053326889,0.5285496778613287
0.6553006608791193,0.42914595946171846
0.022804518825108745,0.01177429558944079
0.4437811845318456,0.5113684226560267
0.3509616895526989,0.3490458550263024
0.02020998969963551,0.12053619509058616
0.28662166608307366,0.31774643830620986
0.09139195097842075,0.5202641032949752
0.07758976194127776,0.2921561768209077
0.4975696927159534,0.6628153209361444
0.24346063233075937,0.09036375308737686
0.021799214262628697,0.08771901840094695
0.3985958746133899,0.23913207316889756
0.2648968755428132,0.9388884310330213
0.07678447774500222,0.035232102295076916
0.40941391617005585,0.25514109603215934
0.12352593800702609,0.10478988294554713
0.36131430729322506,0.9410286296168672
0.6598128819647984,0.3619246035234191
0.2408857673989903,0.9212631872448837
0.21559833507484924,0.1882631702491997
0.30766450930653905,0.3370487220470809
0.387736018327553,0.7068541101998967
0.2530516704811474,0.3453905422374174
0.02228059150862339,0.07488817756050317
0.20949040799103505,0.3077175185560959
0.24492659584294182,0.5618606180168274
0.044873554921445805,0.04202383538086506
0.18499035394845428,0.8844115003025997
0.21588428257683306,0.14995230464090767
0.09691842426625989,0.06030428471776836
0.04570180913882319,0.22676431117880116
0.015698370961955362,0.09217450321749282
0.24745857457779946,0.26845742063324557
0.44895860824579215,0.7453874990753251
0.009757102745879254,0.014686750521897942
0.04835542694767331,0.0295740820760176
0.2773009988995251,0.9693995497094228
0.2776996878140894,0.358551318838291
0.2637609720752091,0.960473559833079
0.4230944483339186,0.1088839568389602
0.32733487544630496,0.7238785094004924
0.31947678440065513,0.849656263922891
0.19244943103977505,0.20695661516209146
0.5113168650462757,0.5077333939796511
0.08683299503683027,0.0967394379599515
0.13149999768780832,0.724040539170112
0.04474370050582372,0.04007528516175129
0.105458071296352,0.5996275357985329
0.015304476293013637,0.06302545458855532
0.39312107286701115,0.10894033782458144
0.08481508858488135,0.5119855020829411
0.35134887608220533,0.35041453246373466
0.34956230332250154,0.3696552983376037
0.10579066674259732,0.6046064785882873
0.11780700090181988,0.12547147472586
0.03147754603658879,0.023720767386462425
0.009406118830915137,0.02374184216527193
0.2550870892498503,0.5745781295869921
0.19167558273298052,0.5880638202081211
0.013925036738927888,0.009402317226944576
0.373018313922641,0.7400872327963748
0.019413434204528617,0.07136231102075595
0.3439695101391794,0.9539219359630158
0.25015486113383756,0.9729965269348231
0.33246204037572047,0.9423959593808128
0.024152875250737945,0.05032874873586912
0.03314781263059806,0.16972268588638564
0.05162003750457666,0.051466034017428594
0.5841691384268395,0.5742830181711194
0.016310034237755393,0.10446802319316235
0.39857284309172963,0.9074493419763683
0.014638533814910312,0.08056753556468131
0.19197997288862395,0.5175380030890951
0.5109411523935907,0.6919395740347988
0.1357620951769647,0.2954962308540376
0.2028896146833275,0.28926815336408024
0.11163294452546275,0.05127157001589583
0.2516684713495599,0.2450985913821759
0.03929611261966385,0.03682286743049528
0.01094287910589701,0.01076778047215326
0.33038972236395137,0.27390455263874164
0.3135025506227687,0.3455311037577093
0.18590155979001138,0.7812125422714515
0.6068425663753497,0.5604596899770922
0.06944321592038548,0.4188517169009485
0.22615276510884114,0.15401936760788
0.07982911799950519,0.05798667193777181
0.3846931812272194,0.7174505378321026
0.019336579779150924,0.09433691872698455
0.24575321906402114,0.6519494547833886
0.554332507631917,0.6119547141774478
0.07764207984793926,0.44435993471471325
0.33147209835639774,0.9799446941622578
0.44330995804051704,0.826220669293639
0.10639392363890389,0.19877118306830588
0.055021722257831945,0.0434123320141571
0.056629553786479526,0.19552688281836317
0.1498546594102892,0.7846876661839083
0.15836109027929415,0.16894730170653938
0.10264250794045139,0.4919486033278626
0.3993171367115256,0.6359211298545506
0.3484688760735087,0.7601616859859286
0.08075920073753959,0.3831620742515783
0.1919897995976999,0.17364709930708921
0.4763692527094589,0.40146925431454894
0.6375597808986326,0.4890782962761057
0.0703079816481232,0.06463801771161373
0.0670996948168436,0.4131420386813869
0.14659127342339864,0.27488117070975243
0.2812249718600007,0.07054600906509155
0.07703383906107254,0.05120824601308356
0.49378036808522136,0.15700860830433974
0.6421718552862236,0.47497265982991577
0.0014996098782507235,0.002840387467390175
0.19909176328442751,0.15312124387388953
0.10154202482596467,0.10545610978561798
0.08666146794977742,0.09847459165327185
0.03892149964166766,0.22699883064743642
0.015830730978203613,0.07157372817323061
0.38426509753131866,0.39958249255913897
0.07608233805297383,0.21895169645685328
0.6576636842423608,0.4083614424262411
0.01703564587705489,0.10114322749788604
0.20549891762647138,0.2093136449741657
0.008097973046341727,0.036555550573209514
0.31708382391669,0.29242478760408624
0.44802829101301345,0.2801778083901749
0.6253843698408856,0.4810951054211607
0.6290972809615574,0.28528077156159515
0.16236489593778644,0.5862942634480405
0.47614820898145754,0.13875282784604084
0.045681542310595666,0.11779632724875191
0.11748264264903682,0.06591075231818744
0.4081508511281489,0.6767894200793341
0.049117681166566236,0.1514027496166727
0.16555164562589136,0.769737185577986
0.03955797050670044,0.1867646328815607
0.5929827286859201,0.5007222296244019
0.02335137028707588,0.12444245871087745
0.1070532935994601,0.5207932255201336
0.538258599310543,0.2425883483081055
0.3748277412375746,0.8293150667152723
0.0017686342063037536,0.00969970107199485
0.47715225704350206,0.6337240915772474
0.34041609301416265,0.15219852045397594
0.02089004791675251,0.08555162389392404
0.24220335941896287,0.11600034125124241
0.14438150701100755,0.7626703239112126
0.6546517147850517,0.4152814997945565
0.2206409386079764,0.24676101849559517
0.5233497333031408,0.45703132094709104
0.660007754546433,0.33210143264895464
0.11333026494505614,0.6518329610380713
0.23188924656765142,0.43915385286108516
0.0022436827108016735,0.01443513001829807
0.04702751326248993,0.02013178291753145
0.020571245558086065,0.02302259866485278
0.14912661744833783,0.13531674840058858
0.0650838028982359,0.39105038751358395
0.054994519810589726,0.02721260351516385
0.18490103688206808,0.3201840921731449
0.11119905453396028,0.6246757277506192
0.09667893622491724,0.08401145078502935
0.2629738965611511,0.2927108188711861
0.036656880478342875,0.09751865452771535
0.03109074909504495,0.03120148008145779
0.13836142897668857,0.6162901613915659
0.11111221517404728,0.617495377651205
0.44024469537770544,0.13414959842360108
0.011213710053888876,0.043113696326799754
0.010680846469500323,0.06773180872767734
0.19233776676550848,0.22334160657758842
0.23471212190413146,0.831053088685373
0.1205829792863776,0.030136026716416006
0.27882456917087345,0.9885056310532451
0.032044809943388215,0.07877470525586865
0.0354822977081774,0.03360353278424737
0.5834670282736107,0.5803182632012877
0.6304626086517907,0.5079346007309286
0.005633576737704613,0.03209774117035736
0.04421041256084586,0.039138949977886826
0.37788030329352484,0.2335884695741398
0.04435129793615784,0.24058375523308712
0.19734284523282025,0.7076788165842862
0.2927619548984211,0.2822911882272846
0.1937731534800134,0.87849090526285
0.5446538446786384,0.19614553123728232
0.1294900569846718,0.40382898450299537
0.010061168697675652,0.03142599712577504
0.15748590278376356,0.2750008929938854
0.2610484899161091,0.4817713046108737
0.07565779877573475,0.06912324640736389
0.09684171200747503,0.5726825597429631
0.26946836838857124,0.9960647997781203
0.3845827118116244,0.4244957677289159
0.5018394082971989,0.47658679153285266
0.3621462323904664,0.8356605655734527
0.3133856956207471,0.15176797427783406
0.007727276545959236,0.04879477667064708
0.073380275411533,0.44548532084842485
0.412448183901464,0.13122379675642445
0.4787202298180571,0.1523906267868071
0.19767860445004812,0.6611675123336853
0.565600586358761,0.20634448091314458
0.013986552177037355,0.005127503041520743
0.047198699610203676,0.10011780560793047
0.5444802933426232,0.28018684823767903
0.17448812462955282,0.8679432923077207
0.651388006289942,0.33493820179934014
0.11763257909957493,0.05897458973659231
0.08674394542058995,0.49221902620478186
0.255764793063661,0.6513460589411166
0.11100667143737618,0.5256082492149489
0.012260016523609309,0.018551144820929035
0.2315849857349527,0.5413698754613684
0.011095093905915104,0.005009227735722889
0.30276621599798803,0.5970348519993726
0.4229976152724153,0.1092068881320832
0.39833785833102786,0.1309367446253429
0.3961708814074313,0.09548827104286907
0.6430190681563475,0.4543962016977655
0.04520873398638491,0.0817763626318541
0.20994023231034453,0.9313826461258208
0.27912784163974586,0.8816910678760025
0.11200822597211432,0.5926210951531202
0.44867550128534844,0.8346558791210313
0.23707983540451477,0.6110606399569568
0.010797591740262139,0.02806869778920761
0.0653734819185201,0.3998507294791302
0.5221624261959776,0.49001496665441013
0.2866234269245061,0.8634648586458954
0.1190269766005451,0.3105622133488463
0.10479946287962866,0.551576104260637
0.02093911644086547,0.07696981180140669
0.1898077422062926,0.5561248544127555
0.20432139272013194,0.2284686029178449
0.16296156955287214,0.25871954777326356
0.03414670815831478,0.18755158036102604
0.23361485336286064,0.8106424880309943
0.35406796353114484,0.4990661992633723
0.18233983585204297,0.19678540794853797
0.2892731922714909,0.9635514405584393
0.5584000908811354,0.2156404915960275
0.2399874281622936,0.20754308946456151
0.43284702591586455,0.7344232530853175
0.0775101446853331,0.20623515894060723
0.003228842578671754,0.014241964461811222
0.31357787951889926,0.17755195060886947
0.5150700326321068,0.6973340759161498
0.01908664922606559,0.09380048688859319
0.08488913768002393,0.03334446068135523
0.042545616235962445,0.10010795083772846
0.38937363001385716,0.5802692408201753
0.2355917564750175,0.93710469493713
0.2905113660511197,0.21829075582996008
0.17669951870271736,0.1977945018729153
0.20352293666105947,0.6827859389119042
0.12841761809084193,0.10810112611268628
0.0955760842460243,0.3029489119433047
0.12320995159287301,0.5573962105450888
0.33104369969224506,0.692037903171613
0.4075713567624905,0.7276297158944244
0.005396053652248198,0.010665635326802614
0.07942390813643015,0.2258583227134218
0.10876639020311447,0.44008942125417344
0.10995173540096723,0.477531183299222
0.0683428160610714,0.20878023886869837
0.4707861528911777,0.13999612779672127
0.4029857602624949,0.43898858885439734
0.5654007558486573,0.6313470854830705
0.2025605793296682,0.22601276288353764
0.6317592429210495,0.29142486210168334
0.31749382383368147,0.332424852876644
0.11407583638269027,0.09210118442716794
0.022629597212140484,0.1394348688437939
0.0521561234647743,0.2893792768504217
0.08683123534207064,0.061867270944945985
0.05321032663335952,0.3138658806830554
0.24241812684645364,0.6406272386245508
0.18101186805020053,0.7696702494497176
0.6535690084387447,0.33347349953383043
0.020474304217672535,0.020703083510028704
0.4673396671563429,0.1365864831327178
0.12463233600047836,0.2011712936459171
3.6794958927581716e-05,7.077649634540303e-06
0.024278033196384843,0.027206169282995993
0.3712358073408776,0.7896966184643792
0.020229105255815266,0.015016525523126148
0.38673259970545437,0.09245793830314453
0.020592524003707556,0.07052845254747313
0.013313308693067115,0.01759416550558163
0.4295121890736655,0.7484656403586204
0.018815107974249415,0.043709335564652174
0.11675952147692222,0.5721114308703722
0.15391756192929681,0.3690472634177062
0.23685842487949826,0.22967034817707224
0.01750718490768745,0.03211914268813198
0.01424084549883224,0.08613933004668227
0.4030091946257499,0.8706282513873769
0.5606389606184895,0.5855848406424151
0.023775586190758362,0.09061528872571294
0.18351492681319564,0.20586951422405292
0.001934925674839756,0.002876791526142781
0.2043204228751391,0.44068953170788133
0.064264233647801,0.19949752567147755
0.011602859506878416,0.019464450088724966
0.3331435955295767,0.7039552308971782
0.006610432079431928,0.01839165471658716
0.1539960655578175,0.36323749907085306
0.030431784982022328,0.14797046307109468
0.40036253224678037,0.24738073321247298
0.08368789730524759,0.47362990823734197
0.2011163959706779,0.16216957977504037
0.3244239549931822,0.9721901004476492
0.04020249001819921,0.22836775096780937
0.046798744379856455,0.027154932416631538
0.1176135201317132,0.08442578689988027
0.5129319330081618,0.7188017370558583
0.07319407596792832,0.35988272493239787
0.17531448343505332,0.8717032611482909
0.5697578420887739,0.20915366336641897
0.6085886696172395,0.28986005665752934
0.010479713907825,0.06732613521420633
0.16921406645049686,0.1451714689349015
0.1180172775582432,0.12199342799012389
0.30015973880099533,0.4373295338023242
0.096578861393515,0.48016380806776016
0.2504736114176593,0.2529184766666151
0.2873509962268966,0.8734212157290069
0.4706156211085996,0.4148353079316214
0.5128105923575642,0.7263597883422429
0.14541495603935697,0.18164624831985215
0.13936324068763362,0.12929624391789463
0.3922807386091534,0.09331971771967003
0.29354006415529665,0.7586279159805042
0.07420953700893523,0.02217623771816062
0.0007783710295755073,0.0016986604313042762
0.5118680613635304,0.7237429918221031
0.09945915254524428,0.11150734407896343
0.3803624222698118,0.28732612546501163
0.18254880559850906,0.5852897374647426
0.14439262129043523,0.48316049204018935
0.20741203365544172,0.20528716081821305
0.01886529571933766,0.025792747082898648
0.6327833806996561,0.28571035856457744
0.4627299557790237,0.7620534849375731
0.3051919389597779,0.23533198418619652
0.4936500491447891,0.7343258432353414
0.3966871911200768,0.09778505075852181
0.6185873825268887,0.48285419897596876
0.23498912265115063,0.39256621804070374
0.23868195620171956,0.9644955915316734
0.08732222226998812,0.09299662595692812
0.3160716803990347,0.10271235231195447
0.01966108892776775,0.016703385817095656
0.12863216448007267,0.5760419275938152
0.1290158547713005,0.14444661402627534
0.13903136567744712,0.1448040497054118
0.16850530571510433,0.17916805307996078
0.2818247269415631,0.3785814808126771
0.0093273963276638,0.05796207172250725
0.12431778740635666,0.5760087308377322
0.2297257205243391,0.8640732229874423
0.004049484455804975,0.001390631172475551
0.23127580812125909,0.1427318926006856
0.14121202455070503,0.619752825163
0.17772380629506418,0.7418519056569488
0.24796523040980115,0.3276216487228261
0.07998154411673966,0.35940112888261544
0.3404063371399712,0.17778065729769285
0.06799783520600042,0.0915134429025724
0.2675488213162417,0.9954606168660654
0.01512438932587265,0.0033867000055220805
0.2328194899820516,0.21450515924057184
0.08365143141720503,0.1867858627330132
0.13570571799865053,0.12924518623706246
0.14712546796404,0.7788573327369683
0.012912940880588737,0.053074944259158485
0.2388339462816774,0.9717273889150797
0.007199601140397033,0.01757351191867988
0.4292923030108858,0.8492662615048556
0.6184322888615299,0.2632005268216993
0.04673221150434641,0.04493600939182807
0.34211694879915266,0.9287643728560794
0.30882129163473243,0.9486658591183867
0.6201327105172343,0.4840803921675309
0.06339911361674157,0.0281125828221185
0.4927553722192245,0.735519305088187
0.02260268145527847,0.11136350468306622
0.46031629084257186,0.8155098173713854
0.19284601792258954,0.9101467754573134
0.17850916704271486,0.3530539911218966
0.03417870467581355,0.029242715737486623
0.12696969134307332,0.495506989422569
0.5130689220443123,0.6887622659357272
0.07414906338669629,0.2626487494773475
0.1971938358179129,0.480439430894926
0.1223125968329886,0.42046823574433567
0.007334036412473753,0.032696996757857144
0.6077270089526237,0.5585455678928615
0.635453310767917,0.28819976541399983
0.6139000627540115,0.5378250338360981
0.2075086062659268,0.23157085847060513
0.12231996368018663,0.22986367787695422
0.297016667511463,0.31004604669203945
0.1961780710695435,0.5522227380270777
0.3742599073279791,0.932598111879217
0.12187690757982213,0.6857522996901764
0.018557848977783252,0.08345831417207816
0.458855359597561,0.4730001650855009
0.4462639330814933,0.30624827869052307
0.5017740047189698,0.74886150023029
0.3186955265434143,0.9697935189452976
0.5346394890383739,0.31898784992571044
0.25451112044178337,0.2850051866545028
0.12813286197397092,0.42378574648742207
0.27985071315881976,0.5458996513852471
0.1302544134932036,0.5572976515355151
0.11762871828767954,0.5680702007926891
0.010786245354069534,0.06136413940149406
0.6440479021644439,0.3687610267785484
0.14264546209863388,0.6511392773248702
0.10781944467739672,0.5353931485669983
0.08065928866440267,0.06855137305557525
0.020111991515823314,0.12523792115374283
0.10864951133350396,0.6305431623743941
0.004243886231571551,0.010682513491728437
0.11194841966996569,0.08142707616238384
0.3337395333678708,0.10236229849555419
0.2635781775661813,0.28236555041786693
0.103086139216595,0.2364219872859765
0.12816507681516298,0.7139439113109525
0.6242168076462119,0.3779950542168505
0.30437093099443824,0.9459271925529394
0.019269831567167422,0.068531134297234
0.07175752570008753,0.3622242807409327
0.23628349344524413,0.23099734547623266
0.038285521148434074,0.21484995483644923
0.1912354776970642,0.20647660231888282
0.18047125712301126,0.3311431624266743
0.4019217086430831,0.4766460963913369
0.16228366832042368,0.1563899933281156
0.563867786045479,0.6336165946612117
0.025560821008512737,0.0864237005682818
0.548839426979648,0.6296257279422462
0.4509396712221212,0.1441965817528911
0.16914691016025063,0.855172365945799
0.17004775389317042,0.678985238079107
0.1356136389306593,0.26374676764591587
0.6183501188321447,0.2984509335963006
0.1937224563553028,0.15413512704196786
0.029230215827497904,0.1685164369352448
0.03791054841282673,0.04757552712492227
0.02944849158943333,0.05148569161358152
0.10088792278923943,0.07215969171958991
0.00786209272181257,0.04268154270241367
0.07511325164591896,0.030682651873530174
0.039809577415795404,0.1923120042618671
0.42757570595136346,0.34682474373569816
0.5178910836825822,0.2705094499368354
0.055354790005283865,0.2723042825479332
0.22706044930390346,0.24101335071785757
0.2710141915760254,0.4923645742526758
0.4604301062169806,0.5652314419949371
0.035995425380140514,0.21850534773401498
0.12310985515995777,0.13810981610416595
0.18474179331033014,0.20651605116295405
0.5216144626965687,0.6912718271624262
0.3299068395986292,0.17184454367805727
0.0032157794257974526,0.020319475299628267
0.47447502166981576,0.7920471221696154
0.3610975843508497,0.27432251259710444
0.013041747462271578,0.051148013763651023
0.20581226940497185,0.19224300335694336
0.184027494341655,0.16958922639026047
0.39985741198592495,0.41019646616708827
0.6543603503351788,0.32298779212575535
0.030563091822106328,0.1720419764757399
0.38837062113249654,0.9182587104268408
0.08644375972928484,0.4535668262623651
0.46273961918436063,0.38211165484797066
0.19466887042864459,0.6133801119406574
0.09553748284110815,0.16690837183375914
0.0069684787091927654,0.007764449726884921
0.26364882649573923,0.7299731118581441
0.14905003564573835,0.7744014401856371
0.33175310627137133,0.26778825031518433
0.30378406850259354,0.9843171504831243
0.3117178006549473,0.522639060402266
0.1823212925435308,0.20017150778434925
0.2478344697268193,0.19130239361486842
0.20341091896152466,0.22497967262062263
0.16757677986306604,0.6161777894939188
0.25975788329474514,0.36961445157924966
0.08770145090105712,0.5252395598458205
0.1370433872526759,0.15845775882448873
0.6482894667108122,0.2906629067960877
0.1874399966440341,0.44404212384089503
0.48741526176529903,0.2389389389267139
0.044248523822729986,0.27963619898000974
0.2787399552573353,0.382133651396761
0.14239974156977628,0.15299535471424344
0.3455228980686354,0.334387440141717
0.5312068257643757,0.22109747462845408
0.002365004235864731,0.004070776830718377
0.15814494356697978,0.3432290364316638
0.2744086232664644,0.3621545768257621
0.1527999824225033,0.1564331697385644
0.014073148094721042,0.01689573148114255
0.040145889980522195,0.11603168629720784
0.039406935636542295,0.07045169828968574
0.47351334969854886,0.7656774710119959
0.2796553172136835,0.9644148605460087
0.023435716075431733,0.10594186939487156
0.11748426867632225,0.6631697869043491
0.2611081687916708,0.292851109487772
0.03850844013300493,0.05996069020169499
0.5045534220461234,0.7270174978329418
0.12834030383524586,0.709063801384065
0.0711754020045271,0.26191394780131727
0.6455343572615779,0.3382724546975038
0.5113170454486361,0.359314485778709
0.037159685232469465,0.04110381935892392
0.36351447597354924,0.9228838930481771
0.11919077447337154,0.6670674062005364
0.2220578709616142,0.2445616457173401
0.3524359370876369,0.45234464333054336
0.3601827132408218,0.7935315417872311
0.18125722640462452,0.6967195414471358
0.22814914700266165,0.7161818086830383
0.1038947965464094,0.07891297188122104
0.4598381260366642,0.14860046922527737
0.5050120290319587,0.15880282286506467
0.06370394234959123,0.0650319606619689
0.3696821923536724,0.8627326106182549
0.05140050427313138,0.24187565096951488
0.20686403950498944,0.11129561462759001
0.11900659187542365,0.6474434927010118
0.36782594759085563,0.524163349622202
0.4605323562452915,0.7468613050307901
0.007912024961932575,0.025798057108666377
0.12030079187401933,0.22938124824727016
0.5598484673805385,0.27397306071174143
0.12730505216304297,0.13866627768828363
0.6258053650781319,0.27342298973055346
0.39619776579999216,0.11447761891634552
0.35944099331182516,0.34117540437034694
0.4114602877672493,0.8883106776320754
0.37469989934042675,0.6122850116887848
0.2810931806121925,0.5563079327297817
0.5152912794772974,0.7244083778563462
0.024245050096848058,0.15496126889790113
0.15996958218768872,0.8182909081726856
0.4045300736930957,0.2008233834408026
0.2514214437071786,0.0931116464135674
0.010592984207533233,0.048102917215046954
0.27498043784042536,0.612281616929245
0.1798733203835307,0.7182555427815005
0.6008202654635397,0.2622617677259831
0.13871445655775216,0.6647987447371985
0.18631242228735326,0.6979749025427948
0.21543519931665664,0.9532288293286397
0.3525992858318478,0.3283980101495569
0.020403508759208485,0.08138179775961854
0.00016725626931892452,0.00042146028888489595
0.015283252949514811,0.01266057570019568
0.15095206882062967,0.37441107662057166
0.18203263817646906,0.569920224975168
0.3539516053726957,0.3476922462849208
0.2501940627007001,0.2092736144965354
0.44047297477279307,0.6588594853969678
0.49168620264603774,0.20054644724992618
0.014105862602252342,0.0697469087645505
0.3636811460335699,0.6183258934818648
0.29460721750111046,0.7232375459347167
0.1916255513369138,0.8796975845472204
0.12756537522703906,0.1367828392449697
0.07589656016748085,0.13613061269845272
0.042322091086087726,0.08375256755736754
0.025888882350707465,0.021322854748433036
0.14993126505533613,0.1730484851911748
0.4495248161439527,0.797495472210235
0.15054396983304077,0.3111841486533981
0.17902192378503518,0.18385488388854446
0.000510024384551465,0.002179459002022989
0.015325151181182868,0.0806383725006093
0.2247355595803967,0.24552417153543332
0.19247780241468784,0.8088524760020456
0.06624086957205405,0.40914479068844867
0.4584472204441499,0.13110834103579264
0.27824912112474526,0.9802339504151047
0.1357886061421874,0.5568359388555209
0.18102285115041547,0.6830566171437598
0.30723752550287964,0.26127930768129504
0.20685368999257264,0.2078852131414469
0.524786186495462,0.613914976143942
0.243886123609428,0.9659060324506541
0.33600498998001943,0.971685566944875
0.45781771539987937,0.3449489785709269
0.02449009650372004,0.05769242804675479
0.016305375907694118,0.07420174934256063
0.45505562721395804,0.8137487575640959
0.055727645060482195,0.25245927159677384
0.3031893752450875,0.9833291104111394
0.34667914793146115,0.9177535116089689
0.21115642801559073,0.7296753228256255
0.11742543340316716,0.12995381782771206
0.37065218069441636,0.16614076950534926
0.19268757775395423,0.8494163074733455
0.09663657178368322,0.5013356882950072
0.1336220421374482,0.09380705301525227
0.2819518098892357,0.9894585096023779
0.14814303363580117,0.7768947406252599
0.0610083203406066,0.06812978477183168
0.4478073751774308,0.661588039943878
0.0029097604534682403,0.014937321120205032
0.22111110651320826,0.9499032339740449
0.17573826589336092,0.15125911884294224
0.22874066019665953,0.9518950383067916
0.22463632199291575,0.12900361547583705
0.18028616243326626,0.8855231021614648
0.1390052370131826,0.7565740534764107
0.21120096694017676,0.22573673490513324
0.6394910677802617,0.4562545411764339
0.447290728902681,0.5285703295132821
0.0023232003937134187,0.010881401803051981
0.5900442077047126,0.3277830192760871
0.20481218376150143,0.6994580807856353
0.6594588700618218,0.34374427179022526
0.0021889971133794103,0.0027965751006454823
0.09046850272402092,0.05906818188448551
0.6236477025669156,0.5247094289504677
0.0016637992788099219,0.004454072780565409
0.021207858263376386,0.1328552712081154
0.09617978986924243,0.09247011131147093
0.12799582968928225,0.595753672195399
0.04538610193627889,0.025803164044065838
0.1916004791446484,0.9103353455860326
0.45447089031899074,0.12644658666252737
0.22785719491256404,0.6930068908931482
0.5442996996999752,0.6459686228904014
0.12811645351903983,0.3236383075790325
0.3826885113098659,0.9261796241227614
0.28539359400068687,0.9617528149114666
0.34593996655951553,0.23502747529960788
0.005801653175629592,0.028286122069094147
0.06800119946645723,0.03741561306182397
0.0542020876079041,0.2789741778658246
0.13400887061031733,0.4125996763439596
0.06438522841897877,0.17038089653936117
0.007183258439755863,0.042461800625871876
0.07801028905772384,0.4725936030525618
0.18176286361709287,0.7875296737787177
0.5463079272132411,0.653137934236992
0.17474792570451275,0.36296075154336277
0.23843811588775682,0.6047203174592144
0.14278205943422695,0.6905083996555057
0.42079581874320876,0.1641981834705824
0.017343478768250882,0.06525085407420059
0.281706532696701,0.6553231758227174
0.11886190420949325,0.6744652794623539
0.04848800153922885,0.18126928425640107
0.07351996811994736,0.4428550003539533
0.09416804307054161,0.558811695195989
0.3703821536337484,0.37589602063795474
0.27337721345503013,0.5827124498306018
0.09198256078850264,0.4557144564041446
0.40345802201771536,0.6210916483815934
0.3120079565974371,0.4027441502131523
0.18519145029330406,0.35244960693723093
0.007079561454354285,0.005646495480156788
0.14480719726081265,0.4961877401478601
0.08665159538798164,0.5196560559404121
0.26352740360372995,0.3540924153380282
0.10821902306836816,0.4831939784334878
0.1926165563881551,0.8566931293262414
0.424786946416601,0.8709124208392522
0.04313225690539623,0.04524082979070323
0.012068008470881528,0.013303497779045598
0.43659212590657126,0.4825038158688613
0.18692983485927073,0.7275277106335125
0.1868825428716394,0.8787245729957357
0.18421661129912306,0.15057910680844758
0.11101592320058212,0.23718418018962956
0.29622186047740795,0.6035323902962797
0.2578853794150132,0.5166703967532063
0.3984151531455045,0.34158111919167455
0.07612846493920931,0.4203830049076013
0.09285721089322778,0.09744755975737421
0.30188492130069694,0.2855270313032872
0.2760062560256286,0.9760619992392455
0.07886567452390232,0.43331977950029577
0.6053335813930073,0.3515559520879188
0.6409478001151437,0.4816657272326357
0.20653298142372808,0.9273324766881494
0.01886343696191244,0.04255415886106922
0.46051788243242797,0.583430506405563
0.13662701617035097,0.4902489152935912
0.2977898282003414,0.4942201877513454
0.19092237002986584,0.1491718718116031
0.055454681372779105,0.013346159976857341
0.1903493750793272,0.477269070962398
0.04717305628759013,0.17559335812937776
0.23875840169270326,0.9685159702415598
0.6174640680353327,0.2603103505180275
0.21724548055568493,0.10017375006677277
0.21676035512212655,0.23388703117577495
0.21628439796634968,0.8276703805842595
0.646612393048985,0.31133208716583366
0.2777674637800332,0.9969012177049899
0.0016614469753388277,0.009584547678923711
0.5125177096009884,0.16314195575134507
0.5492595559904844,0.5879443098900521
0.017614355094844263,0.054563494697694837
0.2607527948084875,0.9848644753611846
0.37686292690742657,0.43098706165261824
0.010009567919148735,0.0030709881911563904
0.00035139070800722477,0.0020522717308747436
0.0060169088971563575,0.02519025547004224
0.1821623720462162,0.19056090982718582
0.1117648877009989,0.1202135778115263
0.19058332557833918,0.5755323921515741
0.04757473848534011,0.14393773055937895
0.5097382373392225,0.6232569203974974
0.044268846500378135,0.11201515716257432
0.12120510979065162,0.09631191507454952
0.13067360891879448,0.7254297833269023
0.002188623626309507,0.007124434709332249
0.017032051147188906,0.1092805148563569
0.5076805488220644,0.15829824721838293
0.3090612131545229,0.9831731046575403
0.26026462041178816,0.30858579945011705
0.1635414089168964,0.7100294536805708
0.011416343937030997,0.03128566625156288
0.3517508978691784,0.3504743866054297
0.11430014453922074,0.623598540879285
0.6280179412705237,0.5105626557531566
5.5476892436423306e-05,3.5847252795507154e-05
0.38952219010681643,0.39720468114070157
0.32666734326683056,0.9435831633747009
0.18350930075996405,0.8619607089735032
0.6446416635085452,0.4710264071714696
0.6568615378554546,0.4024003471690259
0.29377489778228966,0.9444148846944169
0.6368534266403574,0.29226237586653203
0.37391756733944065,0.9277991216619748
0.6561749764971285,0.39343111905772354
0.3098648896253311,0.7184848600446099
0.31871748130861316,0.6450289623082627
0.0560776770627766,0.27351288358224873
0.4467756028920146,0.7942450719239333
0.0899927842883821,0.5393058701032327
0.08232423450123616,0.12104439696974208
0.21924038740005003,0.9603060432737468
0.02510728431461341,0.11096034425827701
0.608370832049563,0.30082093269291793
0.02809849954058298,0.14242565948559416
0.12005381429349926,0.5836487027473404
0.49274231309435823,0.7637444671817892
0.600478401957109,0.5195515297676132
0.3356880420876082,0.1930697831742162
0.19119689384020408,0.7964994950836006
0.3059334406923339,0.9450532865507391
0.3357078088061168,0.4095703226209942
0.005365941375827274,0.03209406694248819
0.3121259790165729,0.3023180858260213
0.39397274396174586,0.8779594328590826
0.13400983681510767,0.7386207492323855
0.527225276296574,0.4667663359814599
0.45237736637439546,0.12447107476455353
0.11657924383596714,0.11193611229140166
0.47872743594362466,0.20541352249683517
0.014728542545218331,0.050235186945305176
0.14558041852856954,0.2854780078959506
0.2811942234265848,0.23376210800054778
0.09789735307668457,0.10939847551110289
0.18141255712639381,0.8787752886861171
0.05460132780362028,0.24810907267525514
0.12539549370571257,0.6366918671440728
0.037627838903096227,0.03902428553897182
0.2629868884441103,0.7925561388606175
0.16981816090490243,0.5530768580161911
0.03823899380732171,0.2280917160360201
0.5476620467893837,0.630767470915746
0.044752935352290656,0.2767965616021101
0.008813729137969354,0.00578953233773073
0.28095687432745264,0.5994952539221298
0.19621869564086622,0.9215965817313966
0.3107472754750378,0.8457149272481747
0.004961146566588732,0.0313775047569368
0.5360319570690251,0.6637236913596513
0.4628800462796408,0.6044230717487056
0.6602462255967498,0.3518518226313146
0.1387353622558464,0.6092686577830806
0.20871705149272524,0.15871923157228174
0.1609207815461979,0.4880399618883813
0.06046871403987786,0.06606118135836156
0.2973677454075979,0.32323635320061717
0.2692092453535536,0.9540780146593457
0.013988558892435147,0.046107270958579555
0.11869748642409911,0.13254483500887868
0.1103048075247663,0.09103474062919706
0.2622338412005588,0.9548907656984694
0.43246400083504266,0.8520067603141179
0.10959689156344966,0.1629537596923644
0.5960880427042016,0.4920589608463813
0.08311832078483078,0.3765879673847365
0.27751695157900735,0.2835988676800679
0.06942859852932351,0.404954791259047
0.022803322347886578,0.1460702674368999
0.04220086898977731,0.2661205515247104
0.21390587369413339,0.5149359804771998
0.4338172975679682,0.7302459264513491
0.4706254503722216,0.3459491716535167
0.14748004311087515,0.15429136637300386
0.010009106245043068,0.010011837605006072
0.09161096302038618,0.2885270451084007
0.047197220468067534,0.26973316616102605
0.0023695949646110976,0.0020531502319355186
0.05385942633836329,0.038523397394772466
0.02180947489159822,0.0781450766558022
0.2828438530519404,0.6632157971849283
0.6409029431059631,0.48212987567131654
0.5155429808970604,0.16497936131656468
0.45165874733821665,0.8272304218766366
0.1443181986983288,0.7553609307279896
0.4130290935971992,0.7743287484695895
0.027820042723291662,0.07371527893549067
0.04024437294704821,0.11392113734155586
0.06201692153363036,0.31590121082252526
0.10937785780076233,0.6298383945341656
0.19763835145277042,0.24527232803851398
0.2639370125049792,0.993408785218366
0.022799186678208506,0.05294143249284057
0.29803964159016455,0.9977284465795973
0.10105410062317363,0.5932938646550557
0.12884916442423314,0.32571100433492134
0.031461673456385,0.17458183334087313
0.2586860778697438,0.8840184610031954
0.6143167329818047,0.5128231815372153
0.4696802720942882,0.7996000906596874
0.3369864987284922,0.3821138580832592
0.2894004559194201,0.9988963581370631
0.3706173863201105,0.13656994802459402
0.02723805962807976,0.08107164871864328
0.012823316885352473,0.0642261151781387
0.32156887033096787,0.5454678187227561
0.39374428347351514,0.3981905234738929
0.12642499345961916,0.22319689967973413
0.21708626442185258,0.5422709183347326
0.09138166097889801,0.37402346960670063
0.3409395210952611,0.9619963499328169
0.5834616397883622,0.32440977482324873
0.10961396679233323,0.3118590928973195
0.27287811817741553,0.42167945359500936
0.015004832437078066,0.08692740480426574
0.4321203110718669,0.6442798093868882
0.38454737163468716,0.12454890238108622
0.25972280220919225,0.8285021818542168
0.22846991115191753,0.6077639905208452
0.13809394502848493,0.12416184805882882
0.03184596534361386,0.01000847903174286
0.5850647520566384,0.2547970061428874
0.12045101880775454,0.14491131444021088
0.18574640194609796,0.08197237315658919
0.5151512548250717,0.441844707782109
0.1374060390945062,0.6127310868747896
0.4813142302396435,0.7735501734173965
0.031153883034202117,0.02644123474742596
0.2806716791797356,0.2770071301676518
0.5315965421721303,0.6475786490406356
0.07454043299118834,0.26317217598054793
0.2656712474604346,0.39612599104864354
0.026712338402869903,0.1708457847024685
0.06930234985949481,0.4263979028671946
0.01379263524502692,0.01799115680075229
0.021011642992530832,0.07799274652999462
0.6334634284096489,0.2835775710471139
0.42125150877737416,0.36746104073327923
0.38580357480484184,0.7821041146917111
0.07861148529622519,0.4778743284622491
0.15558061112749583,0.17452401710821888
0.26025393315457684,0.29079945371977006
0.2612649648149982,0.7844321244636617
0.2638071637701972,0.4173166257022549
0.2778097963190948,0.8365656276871609
0.013234273014845505,0.007069353591508338
0.009167669371374313,0.0282953647486982
0.210193845700548,0.14296809761978285
0.13926592176181396,0.1778119158668709
0.6588262205197959,0.4069035273005747
0.3503862199134661,0.09657455440320767
0.4703682526146048,0.6337790940328693
0.04551825799498725,0.27512573479828845
0.15789103280936434,0.8093128191306334
0.15672722638267933,0.20153367163310668
0.559442630734246,0.6236384706269263
0.0714897134698395,0.3801993295087222
0.6142303687628033,0.47391360188538956
0.41564815082532786,0.837820033899166
0.28699046856285687,0.9999540750799688
0.20108290851331498,0.5092302289609463
0.014310861746152252,0.008853073073201836
0.10565846889396924,0.6005096594980791
0.09120409223342671,0.5440425770320122
0.5111917294503802,0.6601895110143429
0.1174684889665739,0.29999008590850973
0.005351558432573904,0.033198621927223684
0.44758899471439995,0.7832910389031438
0.05956663663195967,0.33150271877578535
0.137304342414375,0.749654045188808
0.4440647586969394,0.8203486619350419
0.6072632778220842,0.24123918698717878
0.06480308714426274,0.07263815826830454
0.10511608177032834,0.606745457119417
0.3965831571210733,0.7513420949395393
0.0008415228269649188,0.005028392785201785
0.012535469600433018,0.08011195650101516
0.11886325252517717,0.5431326914589262
0.06323649908321655,0.028624425128188614
0.0288579240962107,0.03190632859581472
0.0464281213476669,0.2617102573586932
0.03688370005934012,0.13962682295466997
0.4356600701855353,0.8505129736329508
0.5733590193328261,0.5499540551138384
0.11726085323956298,0.6696931324690024
0.4559512848849546,0.13614219946482894
0.20701085478144246,0.936912948497614
0.1750493664848073,0.1903157802378383
0.024981112067657935,0.12838574179154522
0.26189205541950045,0.18831184502451337
0.15899022584915676,0.25761857074368666
0.614998639051465,0.25151841270610503
0.3922484332374444,0.4722920737516708
0.09641515507866541,0.2723460874529755
0.10817090770082498,0.5192336814360153
0.07891205938126052,0.08130506078898644
0.5817512298422108,0.5936511102035912
0.3483502941317906,0.9284634858139194
0.0021723127175658605,0.006437362998089011
0.17474067058717793,0.8090314003851045
0.5693305163389426,0.48075666805025624
0.3749928548775739,0.11250368808056706
0.09850470156440992,0.43346879774338326
0.3236945358134413,0.591359978440905
0.6141213102322068,0.42362223287275613
0.5007694150063404,0.7453726085318335
0.6599933045039958,0.3825198161256647
0.5725380185185979,0.24776863723228262
0.13348198716198698,0.3106577090283213
0.4992705471257407,0.6980126975176555
0.45963697480562293,0.16996836291707937
0.6363509558484572,0.45713691277088425
0.09044127466347178,0.2754912722346967
0.025226408755622612,0.09581451177471663
0.23741902258378134,0.9812657864486529
0.5180393498536724,0.44334947456513274
0.022345658073894367,0.14318917456084368
0.19305533147625797,0.8797068918286205
0.010416887955520298,0.06350236148290711
0.5403577653505788,0.6719349602453477
0.031036988461130788,0.008533990036568991
0.040897357003910964,0.21368006168534853
0.09079335231839164,0.3472390370578281
0.27931772275950567,0.21178090055486382
0.4836201003987843,0.20173932150001797
0.09737009538366265,0.10138325744503933
0.37236399930553354,0.93908911629491
0.13047744559246494,0.39265132744059417
0.11744923370622311,0.04884133457693909
0.12404803825975214,0.08679739594803323
0.5490097773845071,0.3751347301970738
0.04935929348628122,0.25585978069261883
0.1584473661915449,0.7672899821261937
0.02205984375643212,0.07310440149283279
0.2226531857411019,0.1836561234919401
0.18477980462713464,0.8969510721887722
0.5968424641351231,0.23037111216161194
0.39242429345390234,0.09726025400630972
0.12098770063866461,0.4583353916328824
0.11815383409975018,0.13146054523206124
0.009531928528006415,0.03028344687529622
0.20599683488264361,0.9147616813063181
0.139876123474627,0.7096649597935081
0.22811888800460065,0.7106676917971327
0.007739600663914288,0.035580093350211534
0.023476171570940715,0.020973778924180647
0.6465013814433099,0.29335894386026123
0.21028018231828594,0.9261605225286956
0.5514623950353253,0.6552818507792969
0.12477752184433032,0.1742768573564562
0.05218854542889954,0.08509392090758816
0.07245776070367446,0.36520243024804955
0.2767348216218576,0.934740176288082
0.12482340029408266,0.1156829960435289
0.036352091932955244,0.036284964887231305
0.0575277988638349,0.35508704672057145
0.05830772000689584,0.3050513271573561
0.04324127508185193,0.25147986209675105
0.08627891412730797,0.5114966484340241
0.500499876771868,0.6371879863267558
0.4831809960648784,0.48622092216009244
0.5797446866178143,0.4963902364382065
0.6255961807662501,0.4439310823906947
0.26761905856055856,0.637824426729953
0.2707689186647608,0.9055347762249618
0.005684132786719509,0.006032940966182102
0.5712830764661325,0.21212692032778904
0.4140395383388883,0.375160503289518
0.03263742095166895,0.15654355962167052
0.16504503283142136,0.04873986064587675
0.18177115028187604,0.16807042100782085
0.6501484435261531,0.44711389904131366
0.052288347000406465,0.32800753129446114
0.17423657679343066,0.4687276008082158
0.07934991638210737,0.04504717279366819
0.2661156308270339,0.9697231704512215
0.19116888651509023,0.6363286898952399
0.5203206090860785,0.4460607382698452
0.01226366316960996,0.0341308513640916
0.4124685866982369,0.8659598436966364
0.15383486170027086,0.15385609178755313
0.335666966764734,0.5445020615000757
0.15663436412509774,0.6810520571271315
0.14908580936460353,0.05910426238933781
0.036877038174907104,0.14676944537250056
0.17129208653211866,0.5139451429283872
0.10393156530829696,0.3947622508347294
0.19505047838405273,0.9047648651136209
0.0056211113407999645,0.019887186172125888
0.023442751847844213,0.009396539089846057
0.21039258643331887,0.8214023692270265
0.29870694709296947,0.5861990728083597
0.2865938578811081,0.3839251761604368
0.08537981389245523,0.3645144262222514
0.05157252798105831,0.049321406351927985
0.47179067151001974,0.17171536178939875
0.28523709125762553,0.3852821591723712
0.4353258856909827,0.1526102633967952
0.590119667819887,0.5508265892452708
0.05637192366355607,0.11649695987879298
0.019530540006397687,0.11242329070755845
0.2756222841998478,0.47246980742391276
0.030383155329540938,0.015889210448577384
0.2450198024950028,0.6816120214081481
0.07736961703500744,0.19866315787121017
0.3411677533229949,0.08126915153479211
0.022515499204043995,0.03507333629549684
0.18376986117990746,0.8827989931539681
0.051232654764503345,0.23483460864142874
0.037548586016936294,0.0997078891157596
0.4999048290536117,0.6952461587130058
0.5875141170378869,0.5448715260281654
0.12359217150234733,0.14631964351612825
0.13058843699669623,0.037027196962304096
0.3994532478588278,0.5025931469845171
0.33280939679506455,0.5132255718997756
0.42212996941705166,0.25004879913360906
0.00336545862984122,0.018934423865342605
0.24841498180207272,0.2786833035864847
0.1547819622065248,0.39242236976550265
0.6488419050197332,0.3021549108679004
0.6406213625822391,0.29280317873094014
0.0037546728735181737,0.02149234774830588
0.5127208524206597,0.16360963276798035
0.06395555276461098,0.3916765427246531
0.41997238199107534,0.24963850395438553
0.08762207861260966,0.19523696556158998
0.12702441719774274,0.1278333348051814
0.17623286401244093,0.8483597499584852
0.25400704430047494,0.2298823172427577
0.13718772753351882,0.057284211701617016
0.6223774232194605,0.324659559695713
0.019540054288657877,0.0845881728630116
0.6009946036895316,0.4709637850417292
0.2907757973209656,0.3000047398260019
0.10670143929707726,0.11969587092380597
0.5218255585957359,0.18160052887039518
0.5170489173038711,0.3275506095495512
0.08745641704163401,0.1286455331284214
0.09408539412249411,0.09207672930480958
0.45248556777500637,0.3061086399156735
0.24564428442582786,0.2512042222888448
0.11749788260659945,0.09419976740711926
0.018614673741522675,0.02208517096067333
0.043792775024266054,0.08632975246890752
0.08240400715211316,0.39940529827548726
0.06041938690143706,0.36923277790783576
0.26377299757408157,0.50740111891953
0.027630112530881323,0.17655045184119944
0.04612850520268688,0.04067344648187933
0.04757925408690261,0.05296323965480733
0.226538619721913,0.20306347078796297
0.09214323191816277,0.5364531296518679
0.19489783979927372,0.7892262736502877
0.33228793348828195,0.4969043496803036
0.010169193340461926,0.01851696834046193
0.008345604704748695,0.031154253281320383
0.015213171137335571,0.09745739385774912
0.14677855388453673,0.7822938368932737
0.1172099042749704,0.4011622597776978
0.3209313459176216,0.27449171437982006
0.08118871564544664,0.11135571922774594
0.06152371923949617,0.22888904888663314
0.14508236674391892,0.3963298746916839
0.24286103117656838,0.6452299030289673
0.07956163759874697,0.38301196506993995
0.3174290182526475,0.8865189574316199
0.013407124232004476,0.03368540660073956
0.055541829399193166,0.030573275419506545
0.4888402775042628,0.2552027177194802
0.038911902354457316,0.04197040863097963
0.5359929396453273,0.6822522467642608
0.16974736590531583,0.4983171092486657
0.033334808368430974,0.18774071929234767
0.08688356515764988,0.4920980073719259
0.02686936908760217,0.02828229276776228
0.6265447591375645,0.5020121962469731
0.6204523185039506,0.41808056072421396
0.03917518510352112,0.06039964443976329
0.02041267580984218,0.11521321348663424
0.6598065880584482,0.343702687612182
0.5379125418868761,0.20335240308201016
0.027088363557511347,0.1427703805619333
0.06821115308703185,0.38273914059377284
0.3462838284120789,0.9660411207354047
0.008616159151643175,0.010957058300255831
0.48393854528188995,0.7503666937814977
0.6192268894067896,0.26944093754972537
0.02092886674234294,0.11237812852984545
0.21401157889868838,0.391090540840534
0.6432000305980842,0.4726238616622474
0.22958504099617058,0.20400827105295927
0.40712019165686514,0.108166432005336
0.2532024129492947,0.46728150692196757
0.5387221024748446,0.6466518718284886
0.08689856250059155,0.3794732655774044
0.03974197584178838,0.030916593340299756
0.031162256972677847,0.1976591239159153
0.5757358125053287,0.21569474402240366
0.03604619809700881,0.030490818019529308
0.053588406325970374,0.04022707397761799
0.11739111781319457,0.6168417971091817
0.4790222507973706,0.35100098218698844
0.1639366261165642,0.18192169106756437
0.11112720111811553,0.10734335881886292
0.4841217971557386,0.1643307754722627
0.026734039190937756,0.015126799138918132
0.17538620243161857,0.8537802120566819
0.34825771053693133,0.5313979844809672
0.1298106772190019,0.7168877336559405
0.113561383763403,0.1259274706197989
0.24365953577304142,0.9335356820372681
0.4832048585469767,0.753868054814328
0.2073938559226522,0.9255742696229843
0.16103014110609762,0.48598000235222005
0.10602008161772242,0.42805172800961344
0.24107465916132534,0.9844725105057387
0.03576973437282268,0.1894472110982807
0.008261099333002323,0.009253898053018036
0.6422852842166228,0.33244450245959534
0.1329885814998456,0.34662174641259746
0.04099159020514456,0.02494282795290237
0.10094311737874177,0.10308771218287699
0.029061230642962246,0.16431990939653984
0.1022163866400425,0.07013633177094113
0.5392695769849857,0.18678888872470098
0.3665866983167809,0.9432744151841224
0.2034104653781112,0.38628868782875375
0.042693224671366596,0.21235652611388206
0.48715889623047204,0.16475022480971308
0.6595112961235023,0.34138975639309194
0.6558776634069682,0.3790344985996374
0.0529694073778533,0.2646088514631144
0.22442093726438633,0.8306270843530978
0.17981349678058384,0.21903010916466245
0.08927964368872257,0.24089565723978554
0.2513708130239478,0.8800338903173627
0.09716145161897057,0.5739696463235113
0.42922545932519424,0.8627680928291674
0.4490670229930115,0.4168075642353339
0.09314971632134847,0.46249525339565856
0.2788096493106827,0.4162046018131839
0.03789093869486284,0.02550185333711138
0.3461488937743938,0.0899768823513195
0.24940168058956025,0.9875277923785787
0.4753603638295644,0.690649434200683
0.3497681673731785,0.20285817204272985
0.3304944178150876,0.9760811414965481
0.16742378112609035,0.17430213051888233
0.10748543960027641,0.10138015845943181
0.07052223538906316,0.30841798620999794
0.36922928336416055,0.09499663174282223
0.06340864056862958,0.3855061282100469
0.07051967991888443,0.40290025594444
0.03125218562298951,0.03505178178060817
0.006141348671647195,0.03596297609603761
0.022871839808204897,0.08650193478582585
0.14663005567887802,0.1641244200925067
0.4451846778385615,0.2556069899949183
0.3662374877425106,0.2886795899126318
0.0661120650012379,0.2628673226025519
0.4996516282029573,0.3414908912157639
0.11267483719237306,0.09487857836749503
0.26226431420664476,0.4491401529051389
0.4284522750331417,0.6402678559120262
0.05119841982064358,0.02608299999720914
0.12837004738114902,0.5339347991465441
0.6150388555386043,0.49417368756631846
0.05706088393231112,0.11493945163717077
0.1240230726113925,0.6934516217821795
0.1644534828230196,0.5407503092025526
0.04662570155611409,0.016671962689968196
0.007942091091625865,0.03275890554443151
0.24725034711589192,0.5997623070918382
0.48037849871846705,0.7354152962158128
0.2052224378701926,0.6263647270170131
0.1561712213697587,0.10635345288072318
0.02764571601612562,0.02130902818768708
0.3405766179570068,0.9241942901369449
0.2563755662516335,0.6467550160781703
0.028435037158599713,0.03122305778023675
0.043460120626680705,0.19488593611651814
0.15911233298609642,0.079472580990573
0.12030827153459085,0.6823203529970022
0.6006817040000476,0.23308481996098757
0.4880490613344612,0.1819033402296647
0.4011428037051329,0.5349318266776161
0.013373095700817583,0.035708359607615994
0.25211594819205946,0.24542531458913777
0.4353496773383209,0.8434762592118873
0.28881448921953007,0.2705749808912613
0.29382106733312163,0.3894235307270014
0.14782000663790335,0.14873451305809907
0.10800881444360398,0.23478267539750491
0.38177053276974066,0.33665864006738533
0.22359519422408053,0.7635195319838411
0.10583185728189166,0.11324229921068765
0.007189465989426519,0.03580615349907497
0.5013249426464389,0.7488588909532273
0.30423393950996175,0.9516524752804632
0.03835376803607651,0.21151546831131224
0.2827952353176849,0.9606795124841807
0.1266892398804817,0.0968103324502178
0.055598547071352145,0.21229345034390223
0.5288723128629654,0.17213661279285844
0.005743211523054737,0.001417819906418063
0.00745579398067558,0.03981648959634622
0.008950664062467,0.04822245872503038
0.07862965527153122,0.29584826191898017
0.10189982939245293,0.10548192271540076
0.009564714980109341,0.037118958743830775
0.525195693714581,0.18073210854269708
0.6415984714918281,0.4627831390785404
0.25882089970927347,0.39415894252310824
0.0737408867969364,0.3193791496734707
0.10421779784481185,0.6080903073188276
0.06932167208388204,0.03818082926690106
0.19403140638497907,0.28679998043462657
0.21884793727197688,0.07237391387422255
0.5715382959316102,0.6190292733136742
0.31054783794071034,0.9928549086873079
0.09304049904058148,0.1044516071674691
0.6576563087559489,0.3965059923493323
0.1952130492389256,0.21692378489955416
0.2620763764669956,0.2925849451211274
0.5661313055268361,0.5497495728135681
0.015881261328862882,0.09872117656122868
0.05762459260598716,0.08462439271687651
0.021512973885432062,0.01960499821707239
0.4211904310650646,0.5091681595562504
0.0044539140187081685,0.022176523230593624
0.01919556287741976,0.01710142418943491
0.6280867478946146,0.48650276402633613
0.15656993150364226,0.6194978532314056
0.5233694925240961,0.24230240131363245
0.06992870580836608,0.3003154945271048
0.6533267928776891,0.39031607781113853
0.2955527641936143,0.08722407509671005
0.13549574024323063,0.38073558385442763
0.0340478320079209,0.0614427498349115
0.4087693405229852,0.282511463868258
0.01353563010712758,0.015091800645349067
0.4130801273138606,0.8677596915270163
0.19190883477647427,0.3721787792300968
0.40994213793605033,0.8803033529484792
0.4693141964628576,0.7965357599373227
0.32089255684644225,0.2668329368694073
0.5964631238441941,0.577438848450677
0.15086434734365456,0.4501364107976133
0.008221795074985057,0.003363098447066651
0.008370042650842686,0.05368469278238997
0.12830119355729735,0.11723073655227821
0.012739279932228202,0.0061925742456523285
0.1004099995642691,0.5620077385195852
0.5660610659252059,0.41563471882341246
0.01335263975425029,0.03716006076285334
0.3242232321570787,0.3633875243959114
0.14059442957523965,0.17739120318946303
0.1759237897591365,0.35411645996061825
0.11386456449532407,0.026603953115238325
0.20706529478847863,0.21815940190866662
0.15826998141234144,0.08035249859653967
0.5445789649948816,0.20455626214314665
0.1965514086688158,0.2057905854850292
0.40965909072486867,0.18709985012692376
0.5001031714931409,0.31929445202572143
0.07126331519750378,0.19865622681123696
0.4312296581969793,0.5721766102640968
0.47411233241886647,0.7745771448728472
0.6205989693675193,0.25544009630775466
0.33346601926964464,0.5285916366954118
0.07704833452050354,0.41323883744666695
0.007244177830656569,0.027906532546116938
0.39535612923565217,0.47644400000161674
0.5425046855232044,0.3404270946160103
0.09224474964539892,0.16868249074871144
0.0982985741901092,0.10863817288649695
0.13873805945726142,0.6727957121191553
0.28895931333817126,0.7946146964061569
0.3695377819458956,0.5117491734407569
0.5346442855002578,0.6888935487809844
0.002309249384907218,0.0025902701466195984
0.09676959948253883,0.32645235009277546
0.06898668775934524,0.0262577597959372
0.034483800591424245,0.18982363266640076
0.12044632845617788,0.47776396555724143
0.23979261332111756,0.07430447714957113
0.060229908078589814,0.12954200927522827
0.47714934583955393,0.7071533984901589
0.29895590670854333,0.3343579740119227
0.09033191518562844,0.03822153044571421
0.002992387369341151,0.017054846285163454
0.44556003441721315,0.8044935747445039
0.03401963306120235,0.0859189232144309
0.032948121239043095,0.1263141919237852
0.0026834100990342736,0.011025143772260828
0.4538016486857323,0.8244413318278061
0.0043176814666411704,0.02301590305127729
0.18390039149983098,0.05438302414938321
0.27075532629374016,0.4097325627929491
0.057359443186259476,0.3103234438528072
0.13667550189200145,0.06836930508535287
0.4503365758173334,0.8274247470117688
0.09275656469611482,0.09723744501350384
0.18161379665164598,0.8726973083764569
0.1308223567398314,0.20695906927228533
0.6564577120889458,0.4256773134619536
0.3876103721737988,0.14346203084746048
0.19498137694146275,0.3947278590264019
0.009111004016253312,0.05780351253951056
0.050605415104044364,0.08585435312353822
0.3774383649703442,0.5767813689806354
0.17669933824891776,0.8764071199473111
0.4261490987631919,0.35363394454278546
0.15435181985395402,0.5550498628651996
0.32235363091377534,0.9802476586564672
0.2145009134370175,0.3235107472380556
0.6146742044689733,0.25739773334887284
0.3664928414776738,0.7060646065654312
0.11027492479347518,0.4274827598576508
0.29765165516109876,0.697580935689653
0.131527054217553,0.38244909573864694
0.64076761873973,0.43430975530531707
0.14295015552926624,0.6704465239603362
0.11388959906822947,0.3876898250584543
0.2649569822323269,0.29959678771348885
0.5644462908833963,0.30170874116700935
0.11805810432698807,0.6727463626288112
0.48348607552017286,0.7639165127071973
0.11171604241442813,0.2012184701431228
0.1877161392200309,0.7001884086779133
0.1982301708580721,0.45422350745287243
0.22652728944151734,0.227963553257011
0.03554994043900538,0.02714729749167741
0.3723026984921026,0.9302630045557732
0.031565420820903974,0.15667330458371145
0.2391240731796008,0.892192147002871
0.47365821813074044,0.7690366636739095
0.09273154642629572,0.5384556391486816
0.6135408142315752,0.5275954726572806
0.15344631545804233,0.24843935066352676
0.02434532826382103,0.0857962578549847
0.14661346369559372,0.15575169759311977
0.20178960974810323,0.1830482232832558
0.07765174277118786,0.4354454957256558
0.16802568341594984,0.06239733896682624
0.38151899270496603,0.12144980226431716
0.0630836503414163,0.31393601266108034
0.6543131192511362,0.4167894767278432
0.2181740936344817,0.6300141339439626
0.5822885274011542,0.31989906994639716
0.23450068645268032,0.44998536916622933
0.26064394598266794,0.2847436870696913
0.12217126905652641,0.055106157736989486
0.273898651325536,0.30725889642227294
0.2196775519757293,0.6675345906520933
0.16763490922493499,0.39749846534567673
0.45822317569210574,0.669452156375425
0.4535368256272207,0.6368589157160487
0.6457233163714785,0.45975809734074796
0.022431301351608344,0.07095145322315989
0.22124089524411703,0.2253768917928073
0.08968060630343545,0.06622611065910816
0.49494383505405093,0.7146253080984848
0.07123257131784723,0.3392915026237604
0.5231074023864798,0.2522757750249934
0.2553152551174442,0.9886088059219392
0.20146493438461285,0.06786947375349657
0.004734871627798154,0.005247631138507035
0.237288849483833,0.3964023358605624
0.45953338743307387,0.693227837189651
0.5706794057893951,0.39734101589136084
0.4507771735858481,0.30834955421087046
0.133672064158594,0.7188454886685284
0.341598916221636,0.9027176887889522
0.2948295920186773,0.27384954470194434
0.2994727971598487,0.7484392137070945
0.04901017970002982,0.02708750716248738
0.04064054898927561,0.029197384772019924
0.08545365570594535,0.13808719163582836
0.13392244975800222,0.6327734202423367
0.012473830098491933,0.07997654462320611
0.13935622407532205,0.08005860656671915
0.609985692784157,0.477882435292028
0.297136393893171,0.9977624289880699
0.1615670920835599,0.8168754608529049
0.2329022259128497,0.5765522413970369
0.039619480323360545,0.2192355171327696
0.2605594690304147,0.44309832909828595
0.21028491740007113,0.7662247010625335
0.10942386548575522,0.43306615146120697
0.14135181228951696,0.15838720107936674
0.06776640325700263,0.2692533048835984
0.0112573583053104,0.07074068760052721
0.17164618064830572,0.20186723779353605
0.27133826364997427,0.6626748115799715
0.20583952627687985,0.15931727073576363
0.01499095044610687,0.05557779812484853
0.04042123003023124,0.23444663468606114
0.44910724838172134,0.12315279134996338
0.03731397439081058,0.04170575320602892
0.5538045567020969,0.6420485314452062
0.334016422303749,0.9713915098811597
0.13609144207079843,0.47719152066391124
0.2911171774818791,0.8164485276064845
0.03878460318666084,0.2445018689475148
0.1902133758479385,0.39851841154660556
0.026276547825591735,0.16794576239187223
0.4687667769250476,0.787128980511683
0.3385110258858741,0.28445948353824624
0.07910596720000275,0.07604667055915797
0.018652459635109135,0.09814764167533943
0.18580491077908673,0.5709845560018352
0.013384579712792301,0.08197447595868325
0.059485342434823896,0.24543093092760915
0.03301903431312235,0.18847662883994992
0.021766407212862837,0.1392082888226425
0.21442509279609812,0.5628464803696179
0.020097035848962663,0.05030041532712886
0.5837308875520162,0.5895429130430792
0.05629578627484478,0.13962266784444763
0.4229124125113007,0.4054651068154923
0.1175500116365224,0.04614476605001387
0.17752199684214043,0.3754447324655119
0.17027117201906344,0.6524435009209226
0.39672625426435365,0.28812153193789036
0.4636161821984284,0.13128082807745317
0.4507746190025307,0.7811970980317982
0.15567226680069893,0.8108316593990974
0.10495393905785316,0.3718684718364573
0.2800464069426964,0.36342372776692544
0.05024793517610246,0.09327001882180604
0.013389558518381405,0.08376708122253528
0.05340324800120256,0.31465380442864205
0.24965261363418068,0.45344984696976715
0.17578673392274885,0.19429147984379358
0.016762393353862984,0.012077515210040574
0.0658428617212321,0.03369525157184519
0.38727837603554877,0.4122731412524665
0.660319772553287,0.35039415702202836
0.00120739343485884,0.007758245571860863
0.4034194655589728,0.20944808487964153
0.1304264127126773,0.12184569628377116
0.04615127243166019,0.23662562055823996
0.1898878280305967,0.40880377820333574
0.10286232387575799,0.555241169459967
0.16810079732257052,0.18858580203817987
0.3504317054772512,0.2587546226840732
0.16298507668127946,0.28446523810058705
0.18197372139467596,0.13610769447688453
0.15956876117392588,0.49873015260356673
0.20392574495786314,0.04854743349107436
0.12606276939288363,0.40487226363788564
0.12802907052806164,0.13085130722203295
0.4430074049942195,0.17133804012222592
0.10857141761939514,0.6081322049260334
0.11588657948217841,0.42876995054445827
0.25366223263251364,0.2519865188081766
0.018432555209888866,0.010195443537057342
0.023134486784534995,0.11729870268404471
0.6603283883198396,0.3815072076900076
0.07146668252612932,0.27814809929028905
0.5568716667661779,0.5594786047103946
0.2126468552880018,0.9476969614169473
0.009847152364931038,0.03440621840808565
0.6314278079430574,0.5064378254979088
0.0006017255791658839,0.0007853726791805576
0.005310872935010352,0.02964794689169505
0.0023461910381035924,0.009228792126646474
0.4998132551184936,0.7275478663946376
0.02668202670991722,0.02496905784829366
0.33572449934911774,0.9324547514318416
0.2253613954793785,0.3048111630958487
0.035764330542001836,0.17195485844163333
0.1864832189986475,0.5848998721515055
0.2886782171053511,0.07526506035615835
0.29145801874147204,0.2985991857856266
0.5865778153958525,0.556559490894754
0.5163028632481232,0.7104237661627717
0.12433675653343063,0.2733597487872103
0.05538121894988934,0.34431335968377846
0.07235610750658338,0.4235344391673587
0.3723026075441437,0.6727970507886106
0.23796479835413514,0.1404070448143366
0.3230585765273674,0.29724323744164766
0.15953884161018145,0.6581575926925236
0.08153594286410938,0.04246722852311482
0.2092910403151887,0.9454827504150867
0.19116745938809815,0.6456390536438215
0.03270484822718286,0.011911738151358079
0.10475749987030439,0.610148574694672
0.051972099971724056,0.20957577324107515
0.18298475873049633,0.2739079643208321
0.5196648690718427,0.4667702600869589
0.10677378397762233,0.5033009912040393
0.2716899318838844,0.297731367340374
0.048452893587271444,0.041600822390450036
0.23875396908661325,0.7580489800402453
0.04988247564703872,0.20260114714796562
0.10807079817154028,0.08269056136086222
0.05735335367713885,0.01927269848172791
0.10525334221787452,0.6148326315719376
0.025976488785603095,0.11813350242503366
0.3474094089134172,0.9290863977431296
0.07061889648238195,0.06636297196244097
0.14658713204876184,0.2319076513735347
0.025166379808450236,0.12414037098178543
0.5401184922359055,0.18200877506815766
0.2907369240604853,0.9940656805499395
0.18010684881661665,0.43447229736487286
0.057280660950802684,0.05072018140104358
0.037759833390646945,0.14025570098143142
0.16863241027742712,0.8172677995487836
0.5207604148824446,0.2388498682425942
0.11828841184146345,0.6674904887920637
0.21642035286773553,0.516631779887719
0.006447938669058045,0.01591642830915276
0.001046154810840205,0.0057169203441076125
0.1239577262400408,0.5855771381082145
0.13944870330816117,0.1468532033688534
0.017594427884301652,0.017951830974905728
0.09506722325230701,0.0610112368843563
0.12073873293665817,0.6315189228486376
0.16984557624125024,0.14966298852315785
0.1542477214104955,0.34205512322898607
0.1232953250857867,0.4658765639125379
0.3089782761875448,0.19094853513192087
0.1814912718191634,0.2715073505324116
0.21511606045932274,0.6021256521246059
0.2166197931098953,0.9282577988405296
0.4954187029794372,0.7318096477658151
0.2506141769197257,0.9707554652297113
0.2097903436526465,0.7984857096885624
0.08346441215852816,0.05583689842373277
0.049527984366450346,0.03938015307356352
0.23266779947822563,0.16147632734237738
0.32524878526598117,0.7804995571275218
0.0061951920949879745,0.033890526456895546
0.06841424216489167,0.3115646472549427
0.08814110053077927,0.06064618400944645
0.19285692320274833,0.16712564649710113
0.03260188463601043,0.17405051572387367
0.05240274471361378,0.3261946778378194
0.01847053285965026,0.011398141636283702
0.2609249441803494,0.5144368502991955
0.053943854822931236,0.2442438714651033
0.22389071560365473,0.24741965679307146
0.02397946468386966,0.13849607046259652
0.30271646201747815,0.14783221896458054
0.12424268277547408,0.10726244140929024
0.22966999081977646,0.13351354259712545
0.4776681815510984,0.6756787684017193
0.17322717204016988,0.8588156628188814
0.04154408025580506,0.23553968346138696
0.032925225705936687,0.13945623955730596
0.07852816789119375,0.24778229553257827
0.14831162461398587,0.313222831638919
0.02939077192328484,0.02724423274199301
0.4613418651453559,0.36711049180805283
0.08140047281981319,0.2594440370730673
0.0002840888470460368,0.0008371263870491914
0.1869969637542157,0.8917290961269482
0.008421553895987663,0.008447698547411812
0.43154117237584694,0.8609044710005634
0.01977679112365461,0.022121247346571248
0.11319369352203501,0.27067822829872074
0.35580590291857367,0.20673227088171953
0.12610542263683064,0.6838799953638747
0.6221908639752418,0.4389409822575794
0.20561473340243794,0.9353359788666812
0.5032482062673705,0.5862580888026697
0.18228378419902846,0.18848651949427053
0.32981406163088817,0.9783347308936035
0.3338519038323393,0.2933976545199135
0.183440559779023,0.8637035116834796
0.04337860740933992,0.23070973407116072
0.05635002074265701,0.29864656754277275
0.01682847036493624,0.09707258109565553
0.20055584837856788,0.3996227349077933
0.129648441157802,0.14401724693086337
0.28343661224389366,0.937681650934645
0.3124238648107529,0.37119113546525107
0.19761922421575578,0.8976740921580951
0.08851015241350446,0.038546286796659474
0.15521392318316787,0.6117460847937652
0.2120637960714072,0.595786806103808
0.4532179288273597,0.7764358610449593
0.09811488256748854,0.5238568291679626
0.2284619742948264,0.6561821434326178
0.11350981609589124,0.5472856730790041
0.4365863457335524,0.4100470559971757
0.1341886657248406,0.7284722985358215
0.26369259975806364,0.5859145600992316
0.0031689380275039974,0.0033555307810140106
0.07395465031462019,0.35560140779475136
0.017172687797688293,0.01651859428022594
0.01778031530148263,0.006951971988761419
0.21292238897237206,0.36596090992315394
0.18339865492618374,0.8888933064338538
0.1466676119603441,0.5466067596967338
0.05214432632555789,0.03247506335174791
0.2737303692012235,0.11645918266697332
0.3950278574826103,0.8443068103399173
0.08222553570407512,0.4960467263469185
0.18097478965897298,0.542633373873897
0.005832176645918063,0.037525382445777716
0.00438311365982429,0.018323405689554262
0.2894299322713338,0.15830462128746361
0.6587501290422478,0.385746476691274
0.6324986820238162,0.27374738630631784
0.3081359459843283,0.7219206876044502
0.18714428835040298,0.5437781000348477
0.01154234138457331,0.024137545831943923
0.00752560311827859,0.0012781388267608554
0.5621537874054072,0.6435160524119832
0.06453763319129636,0.025103414821691126
0.3776131927697021,0.3758527165811504
0.12503748279144453,0.14005833074102647
0.594041152577324,0.2296432075460824
0.15702418592131256,0.10251667977549302
0.5924690921780754,0.4189949238150428
0.049079459849951414,0.30575098059006706
0.21507112307275492,0.5194672275825079
0.21070832436109,0.23509364559658252
0.16347544758561203,0.8030862628260307
0.3251983780871804,0.09996110183294976
0.04843236471984943,0.05245117739800933
0.6289790928652484,0.4251347517434524
0.372416599421646,0.40397421759795127
0.34932289472920125,0.959120746482141
0.09147119127621751,0.3563524484093127
0.07532957607472143,0.26389743980038416
0.008117489425472843,0.008801958654839962
0.15074314086597995,0.787413941936527
0.1758318815098813,0.2140242857747924
0.24438092601701242,0.9812221427508429
0.05263483688417679,0.24902048643903846
0.09585796466832183,0.07827336881466047
0.10354069348591736,0.0783982119552656
0.14699614419452448,0.6466062145159698
0.4598648196739656,0.8042042412657088
0.4779790381937241,0.7513994782513621
0.12887001761351857,0.7096688799109273
0.06651721226629861,0.4022288212309538
0.01801928271395962,0.019876867640415456
0.6594986712885227,0.3597991736797421
0.2847704894611755,0.2741530791846572
0.22205509387648464,0.8049898114642104
0.09740395988163529,0.3953070351609857
0.656062069710739,0.41718153739196884
0.22910067232548662,0.9494459522110792
0.04895023768640607,0.04925810531097616
0.40227464579994654,0.11167879128235195
0.5528462448590926,0.3963749716487726
0.08938773183360466,0.09695160418025484
0.04376471765250964,0.03577459507275143
0.13041537592500654,0.7031851008767996
0.027892572705366287,0.012964730051825638
0.08639242934202003,0.367893419224997
0.2750436478016438,0.4671846388442971
0.2403327472325566,0.7243598773168509
0.29630506131704504,0.9857801351832223
0.20001605329083447,0.7626104055419695
0.4750744644294549,0.14553748598430588
0.1852495525363724,0.19299848319026877
0.0698868358920008,0.32603036517323336
0.11753892935581726,0.5136358318025068
0.3102289355535238,0.9802579385741074
0.6257540629901175,0.5042374644028405
0.22527076777540947,0.3871868835566548
0.11932678770472749,0.5597249112859454
0.0077575721274068905,0.008471422485612242
0.06364279062102061,0.10363134316814841
0.016546806762775115,0.04002327015062048
0.65986253312677,0.3496470800295168
0.578121260486277,0.3712340564415141
0.39793193754261535,0.8806646842634344
0.5282917134771555,0.7006510902755063
0.014811970679411816,0.09498556811012757
0.2835734061433688,0.7158753437391727
0.14175386291771658,0.35409455009694313
0.5484391457971283,0.48209790389634083
0.4501877545409779,0.7882210047478841
0.2527723380627425,0.3318230358719003
0.5990354776165883,0.5706292175280729
0.01699672904961187,0.10880218080668136
0.6043548762564815,0.2384076613091171
0.21335328554078783,0.9323137375310349
0.001181907764408334,0.007606731138902943
0.37137799536016414,0.36869043754333025
0.1922840134360164,0.5430843343770283
0.1073015295839668,0.6173434609984293
0.08495302009550136,0.10004683268553016
0.3450889014516907,0.9677639450901498
0.21399138965955225,0.20873247122917873
0.5890217416216088,0.22097391064093003
0.007196988872156211,0.02880773566878496
0.39630312851114924,0.8507683115772755
0.4954531983953565,0.7418293598388606
0.011692013128534517,0.005855513229319714
0.15359759812424156,0.8092262252990476
0.2721418865254792,0.3819524713415157
0.6163133985752807,0.36751206393994607
0.16879554027436036,0.5638329607260146
0.391846834321122,0.8771586982062233
0.31666240212815416,0.5009605268346138
0.0876085918709431,0.49780309944078777
0.20022381653160304,0.5545834815354909
0.08925142150776307,0.2920093173877171
0.008122533212333775,0.03215429021044553
0.33773342022797975,0.9743991625854094
0.01666763565229406,0.10694694943155723
0.08581171480028559,0.03735709016699539
0.3713713578878309,0.08841583013713604
0.09468004177080838,0.10559109815770135
0.2295174377428352,0.6244015320571656
0.5623979904020676,0.5853791829216202
0.37311974913268725,0.34515939613177515
0.20132328461978508,0.9161542204983621
0.1962857703870919,0.2166126749681863
0.00537832677497027,0.0003558857591090204
0.5235082582761501,0.7117532926882764
0.10339659410718506,0.6057171786695721
0.07122288410578433,0.07988068939187852
0.08980888267667597,0.44589736935716606
0.012424912058120697,0.07041985833246961
0.6275978926661412,0.42950101470013086
0.16508812815258836,0.8287381297310773
0.03591340830793599,0.15120616198272166
0.06095818745927461,0.056473333376581454
0.09069715600313817,0.18926755066711892
0.16522767972819516,0.6598620756732678
0.15567181256268922,0.1505720114152276
0.6040364035422607,0.4314308128412537
0.35275866801892813,0.3788441064128349
0.35313724748863506,0.9574834524657064
0.007982472059398988,0.04948505248361895
0.05034785695540523,0.05460440530009356
0.33649969256014495,0.3659214468775795
0.433042784154503,0.6952926642234324
0.5588700073781053,0.6488312974847046
0.32967158073016467,0.7996461706710958
0.4485618117272828,0.8145577343874801
0.10484398591055025,0.1164183958237661
0.12842270806279937,0.4981769577019895
0.2352492973140911,0.9522052885669806
0.16861432292718506,0.853126166147512
0.22946786283675719,0.8646884880765294
0.20122725636590197,0.37580605644884574
0.07642844780334355,0.28882806321337096
0.05490089662831535,0.31242216520815824
0.08389899533631255,0.49915640974780506
0.16592624454913682,0.4773259703613728
0.16749838518822371,0.20799223092684205
0.10660401740713753,0.21963917033114683
0.5937997941033097,0.5841169598837483
0.09530769071631065,0.42251030313092297
0.14634680145261583,0.1627217992657332
0.6596808147079861,0.36579639224066607
0.11205951170533265,0.6012538351978027
0.01956239550142185,0.013068291756929362
0.48621323418111545,0.7225669175646031
0.5234884541714331,0.683273339185122
0.16439030755760883,0.5082436217962146
0.10034941973738083,0.1125300458140703
0.19174329605915622,0.8918652970858222
0.6586975829139504,0.35927500753487057
0.1522092992008007,0.18597694417652375
0.4070043264215569,0.7476045840136835
0.5026184874647364,0.15631466652950676
0.01591190486654931,0.051036303457619614
0.004948561746469163,0.020755335938784463
0.3603498431591774,0.13417787177706544
0.13802288685682682,0.07497633334660334
0.4946820226006591,0.5855100794943624
0.41771509179548394,0.11245151823792118
0.13780461238497776,0.5010100142957009
0.019759526970246282,0.12264256938189357
0.4749558640217462,0.7896727365700876
0.06304686835403157,0.06538424153036124
0.17761217460076065,0.7610299958460872
0.21799648600706484,0.944578923394641
0.22571117812787156,0.2769517595987802
0.34415298839183855,0.7799874069223967
0.2172289688861935,0.927144293793318
0.3961938812483354,0.4043506862090284
0.5581991352913236,0.5919396837954366
0.010305796994350335,0.06436338230007076
0.343196328430917,0.269679216497967
0.025870184614925795,0.14822692987133954
0.0816777891674955,0.40640843595682036
0.05843618726138183,0.30078895649977755
0.04563554175055035,0.05095521713990824
0.025737131258526884,0.021235806216178398
0.003128065807804665,0.0030003721333395467
0.10220903716400848,0.21762429616569204
0.47485250176732435,0.7682425719958577
0.09018233029638417,0.053981981125492184
0.033461528439799985,0.2052645127187411
0.25678087423118784,0.879982661955946
0.013134877960760764,0.012063298386860884
0.0689871000060819,0.35119787516718587
0.05612057279310586,0.045774802584007575
0.1533932151388569,0.8085088026603576
0.10675334356838348,0.09563711152961692
0.05156523562262161,0.2834179732662542
0.08898018071217238,0.2806928105748547
0.5778909464848464,0.2121741714304151
0.338481946283701,0.35568390131676736
0.06855117250282879,0.21947521060578673
0.17431512932561988,0.8651560569432488
0.22879317267625693,0.5220114887597905
0.21510294917854253,0.23972445823704455
0.191633219620385,0.3069266983091847
0.022718382116860437,0.11804499159982067
0.2964997757704455,0.2004917307116381
0.00358722255863944,0.00239081996957837
0.16027348405753597,0.3304846174197367
0.1517822737274736,0.7937900247682786
0.1517928753822195,0.7903579298225298
0.06950326474853508,0.07706453328085117
0.20225862767127842,0.8765665101319831
0.5034681491233474,0.6480455832956675
0.010683504866233134,0.06850978058119653
0.45520364520415535,0.8179326947892768
0.10786279677745583,0.07580419687734903
0.17350164152009645,0.42429618286726545
0.006218001991400138,0.002316537413767125
0.08299010997715389,0.4374530632530672
0.47203800794020323,0.13640015419826565
0.4059222131659475,0.8475982220654013
0.5865867515545868,0.22649734722814224
0.5872582202760394,0.5661745019427724
0.08244080579887102,0.09246329319046569
0.522107097124739,0.2664818115259747
0.35894632800615517,0.633791971002352
0.08244365458681542,0.36422889880439935
0.2412650573240659,0.9843791119539735
0.6574846675008237,0.3945856086484279
0.04034569776080926,0.017212651800138007
0.08085131996501158,0.11833277254622335
0.011228872685141179,0.011268955700506117
0.2853638995114103,0.8241460150279019
0.28596100764914584,0.06935897987787049
0.42736836504834563,0.8420914173643129
0.10608755071305066,0.08065258556293792
0.10623158732746384,0.4253890651871522
0.46196311267598095,0.7708463356702869
0.03673573603072987,0.019729706205124396
0.017992539393760158,0.07698649521741142
0.2939782902447061,0.3284403634951536
0.10649260278333816,0.07842954870255392
0.07553634696907786,0.048425323316717124
0.6541255110910088,0.4181459523215672
0.25552288052752403,0.5139077880843834
0.5189712203084297,0.19004314106516043
0.617644068039237,0.28095896171796425
0.6600223570357646,0.37305447976110534
0.20343921050306374,0.32137051524343335
0.18662819693694604,0.549698304812422
0.09853889336984106,0.4721482800372804
0.1801217666957834,0.40271544267528653
0.41849306043381423,0.8508545467830338
0.09915266022226356,0.08016306336179427
0.614089600794489,0.537806844815423
0.45798398610918933,0.5904113733861212
0.039911154449838705,0.2519192478396452
0.04460994666017137,0.17053654201901586
0.15395576500769612,0.7759835109551342
0.48493673482286737,0.4433183035135281
0.1414554313617779,0.33551197090160295
0.10738295350660826,0.08965631237087093
0.2318386287467167,0.1336245736232953
0.5147796141677896,0.7234851061327379
0.18708797933185128,0.313315098849616
0.1522535263489703,0.6416979157973847
