isotropy,ldi
0.11347285462482055,0.5061985475537798
0.0216901359406588,0.1423278166227766
0.07110137781163958,0.04247243105912582
0.2465371274812298,0.18964553664470948
0.1500591942094846,0.635742109101066
0.13995033389752368,0.4761025028611257
0.47145945782340437,0.5583730469661148
0.08851462044997128,0.4262046730848984
0.1828144829258337,0.481244160568005
0.20831941563695008,0.1712226858194194
0.12245859223099355,0.09982226345736968
0.40618300428771503,0.8257818051301957
0.053868868978161774,0.22001632809425298
0.3213820879922323,0.21169541041829248
0.474159577604849,0.5022093905248307
0.44629433071777164,0.6549719874191634
0.23646565988140264,0.33817725992610265
0.06432004011958849,0.0640972761593999
0.4427779975742104,0.4268401128179263
0.48721934708638337,0.48428217198628837
0.09964225603187064,0.04951168771471573
0.23221666745811792,0.5734044036502596
0.432068618613229,0.6554733656314489
0.2554820587794622,0.965049300401778
0.3132193475739861,0.39172393939584743
0.2139237769002652,0.6242590851438693
0.2358105407994942,0.22061162756081173
0.3692794706405523,0.7777750156064528
0.2270312279836492,0.3908608253928219
0.535034963643237,0.185162697473998
0.10452503882759892,0.5612335349563312
0.04413996062734237,0.036705671479030866
0.1358601946618826,0.23376842739633621
0.024955078810504513,0.019163871436414317
0.2434606208044618,0.9756239545107278
0.4247662188717038,0.660168585286355
0.4188611814915467,0.7631352188739225
0.5379584231361096,0.43407885327109985
0.17382398173232783,0.1619134221405359
0.15170120287647143,0.80778456218134
0.45378615332052197,0.5840462278505445
0.03738794028089847,0.042296654150236875
0.017544213763170925,0.0978765810948286
0.08285319662177872,0.38341961222756177
0.16553114674923147,0.7394070782052805
0.45540134342986527,0.21845162583561525
0.2198747362270263,0.23570898173143737
0.1307157907424232,0.13143989218771068
0.02433035148151561,0.15503294763708067
0.35455989741241867,0.8024308056831799
0.13006114654751127,0.12307668493010825
0.4799303716279764,0.31805746338688295
0.11734415644509563,0.272234742810223
0.3381645401075269,0.5070379543913841
0.3831041608463647,0.2605444510908889
0.42714420614026005,0.2747639645056449
0.09581408090029607,0.3697176154802223
0.5785276084010313,0.2804684292200935
0.12200340820768572,0.57745066927474
0.3810788461083991,0.46623158399717807
0.2239461666379651,0.15863690458725918
0.14528820051447036,0.6746518012133127
0.006721297676586862,0.006170336389062465
0.23657433609043366,0.18916155648945798
0.17236773280805992,0.7398794454870852
0.41359061891175297,0.6459206968478705
0.06796745002214917,0.05506548527058216
0.1944861443520482,0.21289561327144205
0.3823185549480657,0.7524514085919253
0.16296132499500224,0.14385558989948466
0.15091330652768903,0.6143720415883266
0.08654055472094456,0.3151693688620194
0.1869089026688977,0.18192404378430238
0.4691002627940008,0.27132666507875264
0.4128395531505516,0.7529368648072622
0.232114385753501,0.9051215459758583
0.3537453330497449,0.8943368645370542
0.11221637448436347,0.09692737283884205
0.3854515484728277,0.2678266665806634
0.1914663665783962,0.5911171767185858
0.2651925094589359,0.6083059284342416
0.48450110652760064,0.500900842065165
0.19339489036569726,0.16024884704014206
0.07165832802787156,0.04542758358372042
0.23812929771481353,0.5824981833354529
0.2288769589848005,0.3156828721936773
0.45860674181666194,0.4455471410275769
0.11954708744216819,0.314135625647572
0.5369891191337993,0.3981377888189931
0.1191325177452313,0.5289488791214784
0.29378936545898665,0.8709319775852374
0.1471655327166985,0.12045232929358235
0.11498509462050269,0.5217944845899035
0.12520491855878862,0.4517090868981622
0.26388990892666875,0.4490911814222327
0.24519203691691666,0.06012637286327746
0.2665498665544821,0.8325708160906012
0.34967062700636753,0.7303212609108308
0.18700311097435499,0.31024489204787703
0.14129603439480307,0.49302007369227346
0.3744216763756864,0.8510202841555208
0.5086301612251761,0.4964419661054256
0.35022421294738415,0.4291616303359351
0.23638445566406052,0.9446813542979212
0.09939207209795065,0.38289608899935623
0.10514431408638486,0.2875156818543838
0.1298540693213383,0.29192529080862223
0.020341679978475545,0.09524032680427057
0.40774950810695754,0.6646224976675887
0.2213556900862487,0.082270260542184
0.311555031878358,0.2633916186424357
0.4555923736924501,0.15440913513121005
0.11998332398269711,0.6916760415427539
0.10573480303587633,0.36046065901756086
0.12115101347117839,0.44850373652967346
0.3926933757308334,0.16237029747482548
0.30347978387047453,0.9034989625486738
0.28049633721527245,0.09980328665666056
0.21002741003812722,0.5422637406872455
0.13421979043252286,0.4627042018429155
0.5375188612115537,0.3007808755428263
0.03353285065250765,0.04193498793081152
0.23304822778302317,0.9267481304785008
0.18991924345896882,0.5735551637382378
0.4578770742455388,0.6301483481289236
0.40902507380743486,0.5390748329076248
0.0888914477106931,0.19976196535451068
0.4592083311865324,0.622975169689165
0.36840317017881663,0.17041746159352142
0.36614134691675077,0.19737269985755726
0.2017453567684179,0.7001125858960318
0.023626556844312,0.02074161234572844
0.09513401756217522,0.47721954565630775
0.5718603798009926,0.3916260626665431
0.3257103414243246,0.38271820533999507
0.30312068039170387,0.6905467593219591
0.06600021838143919,0.31424766924692593
0.5750962490146522,0.48376016576390646
0.23148786981336902,0.3223080797397751
0.06883775350553788,0.3785766132418827
0.20681402220835715,0.7665590599839055
0.6506417521359529,0.33028488536681627
0.038304852943008255,0.032553363948502674
0.10457245146798644,0.4639565766029462
0.41893761173028465,0.19857212349167772
0.101754168768273,0.24172868992033508
0.21344136538706787,0.2329968876856473
0.21878374786326113,0.31529987202156473
0.14000385710055405,0.3703377105965498
0.4683034956262784,0.5986591744931967
0.45864747796332406,0.7171824157677092
0.4468747244677197,0.6063911097964482
0.09398469841742216,0.42067709162174
0.31057325235055855,0.43947709055479095
0.15682326770117566,0.0685572729934889
0.30967565172034617,0.13288027371890995
0.05214066140244324,0.33879573637050037
0.2645514082795236,0.3073533877067564
0.37411081072679303,0.3194912989522533
0.4813190771568819,0.5467770357114723
0.15102271086328797,0.3248563927210494
0.3312274447188839,0.7037736232581581
0.2562698723897553,0.2296965299440275
0.4140905183805035,0.23870618949074965
0.11990777642623764,0.06855556859987033
0.029588509361058803,0.02332119618694692
0.14034600267979186,0.18724550381667124
0.46577603778196347,0.591208998198493
0.18603332573944673,0.13256283704114627
0.2811436027523389,0.6801382486453684
0.06667447839633557,0.34464969841466886
0.29255443309920526,0.9110046472018574
0.3285819665409551,0.5442826231246908
0.5561742312330893,0.34299413836887505
0.13372522001938894,0.13724868822292002
0.3916334773107422,0.6510601255874672
0.045235290168015925,0.02675460024166807
0.2407347897890379,0.35549752591957906
0.1635152463934998,0.15652243826921844
0.4967452605106037,0.4247672080010937
0.08367893995244655,0.060561652416878685
0.10260554447587909,0.07191804042380323
0.10071721721874806,0.10725036061554323
0.29956152426745025,0.7929326426224499
0.38564836712732314,0.7846861455421896
0.21320198751985187,0.40814839825989757
0.42806059245405975,0.4158835836922303
0.33535751153429194,0.3672324553572263
0.10383525614415845,0.35202069327102364
0.14204102065813612,0.15758880966530972
0.13299563978371579,0.5882267463816314
0.0761995322476192,0.044090097052783966
0.27153318909777285,0.2906048066223377
0.03562002154980517,0.02833446189531665
0.4579885664671648,0.296620661110037
0.10594814761260818,0.5320844874973126
0.3672527719223169,0.7635943661417751
0.552940503496702,0.5303530357210768
0.21442065456023893,0.4700809061439701
0.1546950942168877,0.49453477737647894
0.4478424826549698,0.5997311919521371
0.15062595927813538,0.5009267631960227
0.07024085028077194,0.1314527754885837
0.05534185374402759,0.13926249922448317
0.4902123892587947,0.4050189691989296
0.06855746459824319,0.06533300393672763
0.21009759205996073,0.8675257792061304
0.3535754265194032,0.13391129965157758
0.0004000962459096503,0.00022958125696414625
0.04469352287677596,0.2756612112576131
0.10763149484263827,0.08949911001778016
0.17287783948940227,0.19563239964477297
0.21897474761986718,0.4325945809362977
0.4789832453738559,0.3616320100510313
0.3538740872218107,0.20889464833394683
0.05586945455190151,0.3620897317952232
0.16953079110761646,0.22983509486680373
0.3276809881937197,0.11580791661520279
0.061293229677873574,0.3620555511877393
0.26789466839170917,0.8189334936366192
0.3276059106243828,0.4060041241895661
0.1724015051956502,0.19977710093901344
0.14763439871926537,0.42810176130918154
0.4310842922752674,0.16121629550533825
0.5092805379209582,0.41503561143269996
0.03069024624852799,0.05468148167662674
0.3325964835951179,0.9128012317981985
0.08047709996482617,0.059074241845101044
0.13261385762633687,0.3048393287760191
0.20051236227917127,0.5931710231404868
0.42560903561451874,0.5360279928860826
0.06393909791741026,0.3360486933648092
0.08329047248907914,0.10331439009959431
0.40693029424612204,0.6299065462719978
0.3899327131398219,0.1511333092539257
0.13457122437779512,0.1386983953719998
0.09699532283934541,0.5727679561718837
0.052891607540413124,0.04036541972985547
0.2917333321486163,0.8878115887537255
0.15192854572237058,0.12149765618446208
0.12298515846249737,0.13165983141459203
0.03098915484379657,0.02373239558193765
0.07371380313632303,0.09992648714086848
0.3042657055485054,0.4100878122607021
0.044124409639743456,0.1420338279430896
0.6177548711891516,0.29253647942663524
0.3157926712060481,0.9299606584855258
0.35378174474486446,0.775241280814962
0.10468829834851916,0.527197799570152
0.4209862589121555,0.46430130469965186
0.16592474800634932,0.8513319562029134
0.32160224553428973,0.3830233149432426
0.18000352897887092,0.13514195037285623
0.5681556349973245,0.45180066223400017
0.5300402751484469,0.5694552164517307
0.34912337703725965,0.7405586046530565
0.23581486897577503,0.4877449651575052
0.3016920305440184,0.49935331313657455
0.04931854591712692,0.1621275210209113
0.4226390523699205,0.23898377318856096
0.47717424037585315,0.40833099052185856
0.1287583526702459,0.1476784409337516
0.16776022832407764,0.22995676490104466
0.2845253475393598,0.9784607546869638
0.11003977330691117,0.4129164639366955
0.24498251153908948,0.6673464541219339
0.10100360495124912,0.5788852441260358
0.17381270678675914,0.3721708856316775
0.2080556331049108,0.6491000034195687
0.12925327327234618,0.6833269263533008
0.24476810679547106,0.8448760043673709
0.4043127614801332,0.3100186407492787
0.4865918288833131,0.57869933180029
0.5342411354817019,0.4650337046363506
0.11582360803476731,0.5188469254350868
0.31481637200247203,0.8944317567760268
0.09935925305320574,0.38248046004756325
0.27396069183309735,0.9239062455481042
0.2613155210115274,0.2741182859606252
0.32922483713626555,0.8384422388190136
0.3963946282400106,0.1507509144034704
0.14113507137317124,0.7108474100788913
0.10727346502952632,0.17074399570022172
0.17524931656515524,0.8607353108743562
0.10459325520406117,0.0714963175149414
0.31283488766468553,0.8488705026682782
0.014609101585565972,0.05475085880093273
0.02503290387540443,0.13675134759403668
0.5000347153336661,0.2711205722626783
0.18583627391056745,0.692146527028438
0.2980765270035206,0.47322221713329027
0.10082629469112404,0.10034706840771077
0.15747618943884437,0.16636218387369667
0.17837241244105687,0.7129434259962193
0.08878315848248629,0.1983913181300909
0.08784657085955166,0.0566225316697626
0.10442028659823727,0.3379142447069887
0.2717118876430917,0.1866272691191164
0.3812972805558649,0.7205147568375684
0.587958331001438,0.3494113877378494
0.2992787350515669,0.3354920480717906
0.05237645500537957,0.1649692401198006
0.016836779095348007,0.01534719486032221
0.29358749533320516,0.7085384963813931
0.039678246407577805,0.09523258316266064
0.14093304739387255,0.5768120228396489
0.4330368209860734,0.725019058440763
0.04480325666011754,0.05076255537459472
0.06301584803301691,0.38730981145918386
0.496202164763016,0.500194656939847
0.6410918253226298,0.3189531366160326
0.1951404240461797,0.1742822234320658
0.08482674681581817,0.051693539581623
0.23785241385301928,0.5526612396613928
0.3892765903608936,0.7875404400221923
0.08505432817254188,0.3927895901185416
0.05071825639373368,0.023243552632432246
0.21791468418914567,0.9154818827279594
0.22969215031538448,0.12057864739923374
0.07343245342919943,0.3738503228343061
0.1650691284572228,0.784102913294845
0.48254157205829623,0.3795658345292861
0.16018784512708908,0.1597635164041269
0.2202721391043939,0.9800375235107508
0.24743790018678385,0.5694488929949144
0.06137678151072278,0.20019137652566701
0.052688605904766345,0.02029751790294644
0.48973213724494435,0.6104023221369662
0.25307287928882544,0.21263145922563367
0.12227725055776664,0.2692455130623798
0.4635349521460909,0.5589651059324261
0.014785596774943243,0.06897630356593791
0.3803949233873577,0.855539008317547
0.01910355469995615,0.040349609841952294
0.07197450751886682,0.03519567693394461
0.08978623903269362,0.4159617101143268
0.11829489259806096,0.6838093102458319
0.43950912171955153,0.17109952138501364
0.12613621897005406,0.12775443730334746
0.4956527113450651,0.4285339685857549
0.08405018630902815,0.08572161025453703
0.004555962784017768,0.0029054639378782218
0.12982178508829786,0.2635056996243161
0.5533263847588488,0.4030496189700877
0.21106810609702176,0.3237352926069129
0.4616027202171334,0.37991790782714496
0.6156585491172856,0.2157823153535369
0.24054650709923306,0.4692326339037451
0.5403081031693974,0.295858712278031
0.5002178716614141,0.60758001377104
0.1372946290192686,0.5991083477962144
0.04957272570060335,0.058156834635446526
0.06902132522013361,0.04868384920800998
0.046191364623059304,0.0381886195215
0.10742728274735776,0.09552344877193009
0.06299054395652944,0.04272145856458527
0.10246827511646217,0.2825418110831551
0.5198304469405781,0.3761930361194112
0.0752045914916683,0.4541675051390154
0.4406378993934945,0.42717223826082595
0.47775001989167215,0.4217867241726443
0.3951953683229519,0.8267408582905555
0.43615054738367615,0.641682159351916
0.3766539759361949,0.2853403073469423
0.4369774370542437,0.7417407253352015
0.35784861094909015,0.6536492615629457
0.3711754752280337,0.3419023716072013
0.20522781214658656,0.237633576771455
0.2992307418877263,0.5670823262111421
0.11874126129613596,0.2432475778835976
0.2060899731521465,0.08802271626002417
0.0216940686601512,0.025389175687880402
0.1340339425359614,0.13314936091589852
0.38657922731120886,0.7505728764890014
0.09240823588716164,0.3015253636096477
0.12926156682769857,0.14333424024094082
0.12249873583968285,0.5219939078888909
0.35365827064769356,0.16502182598309362
0.06849397248063123,0.42252077923564924
0.2841648389980198,0.7288889762380281
0.18887233899608968,0.8763015622410425
0.13060678593676164,0.4049299871785534
0.04534570744745489,0.018251491321078086
0.15709179610712606,0.3739067095073098
0.1511745668273756,0.6027509579760751
0.41460832487468335,0.7072317447029067
0.09581910197362992,0.4329394854227878
0.07138697336225194,0.21826800911377345
0.09660308010847152,0.15928885517948424
0.5591302921813406,0.33300032474088004
0.501706732174544,0.44428771779100956
0.11376843994287976,0.2935211781786085
0.2319523928610785,0.7012395096361705
0.187094823445243,0.8643090602743059
0.3115337800967895,0.974767109421004
0.5705562148658957,0.4286100475502579
0.4189433691150924,0.2000897301282393
0.01406215245697043,0.0071189666094991205
0.1686899500856548,0.5872712695208554
0.0820640378512377,0.07931408334603124
0.3417242642238177,0.8919527085841916
0.12709701541998927,0.531056589566045
0.22306554329361483,0.7163763479624297
0.10420863900966935,0.502469981188838
0.31973098913517367,0.3113612257647982
0.18494383350716043,0.2739933431302008
0.4358351041111784,0.6198125528974587
0.12081116823203694,0.09072053931877859
0.0431936546308459,0.21778101574776748
0.05635137271383393,0.104603250226798
0.05447271046301063,0.2335731226489014
0.1192635102780303,0.4777121123604074
0.4109574204855426,0.7886554436627609
0.14164903887131544,0.5709175841036777
0.049671606131803415,0.09644599105336243
0.25422507782392273,0.8092532554645846
0.12902174098311095,0.446718688574603
0.1084515038781082,0.0732474777147832
0.41745598983713317,0.47886729923151394
0.026613518366547694,0.027026372137702696
0.25703876819191085,0.7869976314646163
0.02440225161975775,0.016037815374204817
0.2361865620636071,0.4080152524195724
0.45022017101563566,0.6162750450591873
0.3278399592341266,0.10557339944011486
0.1387360386609533,0.37122840482294533
0.10746788106798334,0.4941705870122223
0.30738024950389387,0.7846375659896118
0.31381354791051425,0.781653274782707
0.4250713787916837,0.6902259587458265
0.1189952491204811,0.6996664572721857
0.15456022434289166,0.3016715926601021
0.20657020851284377,0.48713180559978964
0.4866910583650569,0.31977111480170595
0.0463783061254373,0.050374604191708784
0.3836015009613737,0.7947223325754555
0.1318946708716775,0.5051646750861782
0.0617279461842636,0.054670638712508504
0.5473307624913939,0.1938010370756414
0.05074888375572794,0.310247229227585
0.10605795982870374,0.191453343397245
0.13565549613875375,0.6812094742365611
0.3090216629351017,0.8237216830173341
0.4709064103789301,0.37249752888382165
0.08523261220563112,0.22868142835214697
0.11730899661658027,0.4516617038381753
0.03756395575072033,0.04125856453280231
0.023715355737486454,0.1569501436728946
0.16422870188188288,0.15787636775178665
0.436361291139776,0.747545995933505
0.1364387134707549,0.5233334215651043
0.09556332557424974,0.07449093968225601
0.07621789535385688,0.3294220449025429
0.05262020611425953,0.3273371095038645
0.2891003433057192,0.4015360388924514
0.39733840722758984,0.18254163314726948
0.4019939573468467,0.2090197262959192
0.02771526101363873,0.023383047630451993
0.09478785543785477,0.09271553083792335
0.1772570352558136,0.061752335804647285
0.11693283450253192,0.20754360068550487
0.12327242782312317,0.3041350608644584
0.038267892247811935,0.07787131826059722
0.04615355095271455,0.028452111420601486
0.06414046401071824,0.2242536048656796
0.0462797177924948,0.2955791000161808
0.18217095188996724,0.11652400585439157
0.3991479577351746,0.14668632504401358
0.5799435636909711,0.47121473910987227
0.06319539790122283,0.21887173427905238
0.2818837439379761,0.3545236265930376
0.3956317546926459,0.7374569997984243
0.0802522956376954,0.065289606153414
0.47871137242248213,0.48945615300555556
0.3780173054395941,0.8515628884368056
0.2757973495706938,0.14335408946911873
0.30186047186647236,0.20214541276228876
0.12274999900923392,0.17232969511685875
0.18139749974596298,0.3148346824341302
0.11831002577063829,0.2926222166880455
0.13996892263309332,0.08855471725715919
0.05102200577397249,0.2338441006471023
0.2130529485735527,0.3047489586301938
0.10351682126445776,0.20310969587558922
0.44353793355794036,0.280516401060166
0.4434412068438746,0.28675318846723685
0.4269297626903244,0.6794815861743939
0.12949508013258845,0.47130882189311235
0.03349474388463207,0.02955158469836122
0.2913969853577275,0.9405269471382599
0.15982844031480092,0.4740396546655349
0.31913805550704843,0.5524906367640393
0.09075510505495823,0.08024542524594842
0.07760792999569646,0.07545398208392104
0.0308494117016934,0.021226454948057367
0.14429598960806514,0.5381182178535173
0.4931622845970823,0.4638977511238299
0.1921012565492058,0.2912103756222428
0.1578102861089993,0.31839319441473296
0.1129573289595265,0.2843080527783587
0.3659216116953865,0.1636169965593006
0.024656044406039652,0.01469896399730817
0.12138457595972624,0.6136591556496481
0.12238010158287314,0.47564115036857113
0.21231244832002083,0.638720285256312
0.21285712188724176,0.8750256581934862
0.5862743806468051,0.43056184351172944
0.5834740151678485,0.4584440273812358
0.1351878226811983,0.44372846660729853
0.5042531023575993,0.4014188787949952
0.12319398251717863,0.10119601431870992
0.3697208420287549,0.12674920348917695
0.04409073524322622,0.03548482576172458
0.18797362438045204,0.16819800753915445
0.0590916039917067,0.2963519087834583
0.17508774917029296,0.16828561375418258
0.24338307287365601,0.8875178357930349
0.466680725028943,0.29399268390813305
0.13706320211615033,0.6007493249641443
0.06838252091071668,0.047768584079564795
0.06798476174027011,0.07915375499927123
0.5441867941496867,0.3078978904024195
0.06648001161474307,0.05257777462557843
0.2991215640372032,0.22184877746138468
0.3728997492772048,0.8469762457150298
0.07669928539960674,0.3983248245918282
0.14318299292911008,0.761320909698665
0.1543570566765698,0.6264323516552822
0.28921974064202594,0.19513331495758687
0.28331283172915517,0.6929436338110826
0.15850247147630875,0.7317317698614348
0.1787854750312761,0.23836532239643912
0.060256819496804045,0.22192305598413384
0.14108739511178464,0.7843636212375528
0.3815312717771547,0.6833914490633042
0.3240413344836095,0.5793071132445493
0.20493206357319319,0.8146279920822399
0.1546676012748783,0.49181312963984375
0.0984142322817462,0.41779252514667753
0.10346359675995126,0.105704297823661
0.24422881332496552,0.49066677093150196
0.22869332647207913,0.11415973435329924
0.04070834508060359,0.18558397290952208
0.1410245487456334,0.1023437439790923
0.1125543888010073,0.42339075843804475
0.4320855822482272,0.32472486438581694
0.5850302087000969,0.3859780634316393
0.4427293722616632,0.21229752284977987
0.11097271049078135,0.0476793324568449
0.11189660648277105,0.062006836035195974
0.034058697106168816,0.2240373910959151
0.5200843539530597,0.3833341028934998
0.09020551169204123,0.43659174421010455
0.3107530475834847,0.8294227171172388
0.2856283485283592,0.26459755651697325
0.026872703578100277,0.17452975555155792
0.1518055194787336,0.579951643383643
0.477386409358946,0.47017738011808635
0.13194410732541967,0.14470109344112073
0.13049288178248014,0.1079586843956262
0.1923320322618479,0.19678399516759823
0.07710278861104689,0.13190299397442706
0.32607842772577533,0.9197020428213699
0.08640922935300847,0.4884422996911245
0.3392618851749419,0.3454998870854107
0.2145542309209106,0.13515931523484423
0.3792348255693481,0.16475712509658003
0.0316197060013391,0.16631169967172402
0.4715092744603453,0.5458711812460816
0.12010331322635792,0.13963479655107525
0.43905453948233425,0.6438325272040225
0.2426490654094845,0.6977258543150064
0.20584473147882806,0.22856331733594495
0.12328386888513658,0.12687434059723307
0.037770933094340466,0.06622711516880277
0.3123865258602121,0.905240842078037
0.16859109545081177,0.6958861052137009
0.43922862831466414,0.18733064337213398
0.14513924498632966,0.09131500009138192
0.19719625565406254,0.9158720766319208
0.356298212998783,0.26699210457129835
0.08736665842893247,0.36181441284134297
0.28813513801839713,0.4902002494360647
0.41668679032570693,0.39061611041983935
0.21080718939421078,0.06509262560737943
0.277833019646792,0.7650820879445872
0.027385660813197942,0.11693113604843502
0.09116827977843289,0.38718213370985993
0.39377765767887235,0.2913330030447197
0.0624337832549134,0.37921248459186213
0.05748935873175668,0.02962674348670531
0.3212699982368653,0.09941381818487645
0.11207855919991148,0.45897124400069894
0.11188792822659072,0.20430783408362774
0.14988451236574327,0.1363250198130944
0.4383881696755362,0.7201999656191728
0.1186301817523347,0.08917951236984559
0.26842501803184715,0.5841177961944729
0.2233519979942539,0.2271965067067511
0.11914512549347067,0.05741449175062392
0.32933574294259954,0.12611869689745292
0.29166741255172923,0.30652094507787925
0.07252296836622886,0.1316219110990768
0.10043815814390752,0.08329843873887982
0.07915708827001468,0.352912642663764
0.34237971171463977,0.6800328181326611
0.15349721954299547,0.16832508436350516
0.36803787017441864,0.3035048771493491
0.11455965546792662,0.3854077646663858
0.16218443974815563,0.17342633973900645
0.01291285357483717,0.07673251333698654
0.5271256680177661,0.3990547025356603
0.35137002145968155,0.584473491186252
0.08319388435578019,0.35559561716791876
0.049870106882330664,0.037092838655470334
0.2015084993246146,0.5334222694462195
0.13542908192375303,0.09793393097175396
0.13168130087009325,0.13248964565734084
0.31442275493853805,0.5803670559968368
0.10458012039049863,0.38169098574209964
0.13597614131173374,0.14908836561612238
0.13701446098523373,0.07354083358190514
0.09749155721088691,0.0809914386324679
0.18901219748197223,0.13929053473318262
0.05207329769068961,0.03599099339176982
0.41058105433984443,0.3609498523777364
0.17793509925087453,0.17116902045541088
0.19492182794140642,0.48924607430591865
0.10444816063998066,0.3321412870550985
0.08925083943410475,0.17805004218338968
0.19800653684206349,0.5205889311877884
0.5804187026116377,0.38883040431466354
0.23206816816605727,0.2834522996880879
0.1871167866824552,0.7934788515644188
0.11682193082918223,0.19991724119795196
0.007674809916592228,0.006421718454484225
0.3195424845378001,0.8914382089415717
0.10182976819385849,0.3447588570762465
0.07400353697193283,0.3298822829098324
0.531035830542718,0.5288036583702488
0.09151399119584254,0.48073489485347337
0.11329059808785484,0.4532437123591683
0.48095045957183225,0.5211473418615218
0.10087949515711339,0.21779748678558689
0.1759465261650172,0.5075470462159052
0.367290638094084,0.6290496894902129
0.23757289352452687,0.4512537084302577
0.1162663035054872,0.4580851419702236
0.1150888849402164,0.17623340698406642
0.10834291049112471,0.16804057589673382
0.5433547000933857,0.4811780202474166
0.4975970015909499,0.3084239042331742
0.0800604434437034,0.23575746863783487
0.24990754383018624,0.07374911173110096
0.2844785641231281,0.7718040011366698
0.0994371332730914,0.06674206819326771
0.39437078487980587,0.5102132956873697
0.41814154546532645,0.4892856351292871
0.33468970232090467,0.4024561545694242
0.34930087118649356,0.7359333268396118
0.30400502419498443,0.8258844571461758
0.15010853969652777,0.1550070926777308
0.013335800831761054,0.014774316173943942
0.17204919554285078,0.11789873747947065
0.3208055529637166,0.8716927695117865
0.49670927770562706,0.333812132521484
0.16235097498314893,0.6232181123017527
0.08280208849076569,0.2710324520013677
0.48740865728059996,0.6344949959217971
0.1358866632596098,0.19058481715337505
0.19131046944240815,0.17110782077628856
0.13289271980603848,0.4474055575375221
0.48195666978043616,0.42947109619852136
0.4848077501428276,0.32228033299677394
0.1534296375364725,0.5114542078821076
0.16941251934286036,0.869707959823349
0.16557637808855322,0.12238040011364489
0.44805737007216806,0.7323538824652821
0.13654971159664017,0.6225674035257528
0.16272980724171562,0.337587192825995
0.1280032822044818,0.15982797048181213
0.17953812953527645,0.5575394917328733
0.1199836605236419,0.1102742941317758
0.33616524695341543,0.8005076777364875
0.33975878507145796,0.855184400894611
0.028852127686802266,0.1780592021456144
0.46990481162479275,0.29459879584385773
0.1520442434331597,0.43157293649576517
0.47212839737174006,0.5289477281211549
0.16042852122521442,0.10796127541644827
0.44632543634882854,0.33585846442965717
0.4840997662365375,0.49300040851362176
0.13548290199252477,0.6569222988323885
0.06439802486208528,0.08466226835946108
0.10527149288506099,0.5125461692240475
0.08846099943285854,0.11380740932858655
0.4986330645020384,0.5401493978937316
0.16099451252026048,0.6478920223973089
0.21104876839901776,0.43101156284438197
0.43326423069278314,0.4750352170315347
0.09325345483426592,0.14070662574460197
0.051286470033433264,0.06466746455590644
0.0895500160590688,0.029658008925839578
0.2966106887086238,0.948499443112263
0.3420721346203762,0.8199751327783411
0.1259092661352654,0.24813795767837957
0.14973603171356795,0.13758857415905096
0.3858332051927203,0.8578856016249343
0.14130769973285684,0.3667049015310534
0.12321888923491654,0.6206166577181607
0.1208161570338991,0.345056175999737
0.11015313136926008,0.5975047061411088
0.16201935140591692,0.5172011178867495
0.08776160542345386,0.05573415750491163
0.5462755309418909,0.3667871298813957
0.012206349988374532,0.00799984937158139
0.36521887373154444,0.1440088499988322
0.4983257635166592,0.5060683480686583
0.08849203410902998,0.04060366067234796
0.5526411603839949,0.30376277926950274
0.22495924637794792,0.31693605971160216
0.33430448221150977,0.29017084828714435
0.17151293354932695,0.7414740982185569
0.10659047833264873,0.4605804521262434
0.09518495373028477,0.2745983726104983
0.27506313342835537,0.44074256615412355
0.0401804281775969,0.034432570903723876
0.0857223519097073,0.20487745607196778
0.30642712146820855,0.31792599291477713
0.48073701269308766,0.5460061220359786
0.36435790683111363,0.6694592217916305
0.11391540911691693,0.2403818967629548
0.02130413267540992,0.020627234921323498
0.06031387914982076,0.13962426259515423
0.08344253971283486,0.08877950720696412
0.343031580100017,0.2845849950607076
0.01489454776590243,0.015249954573278003
0.4369264160911531,0.5842241672745759
0.3866822398662522,0.6529125886714614
0.3441517553341919,0.7324215784532266
0.23311609620252816,0.2593107325003654
0.13236380014228297,0.05394048110787281
0.04245606488656752,0.26980332463037776
0.012169551574564105,0.014169681253565176
0.130739641500482,0.14570813611299918
0.22752040150654948,0.2743273653439403
0.5025383661686471,0.34225632958587726
0.02926812056622298,0.17554232216466306
0.34290203664889196,0.8187930285017742
0.017907757663532923,0.01546064863399922
0.2638290276953835,0.8288887608120465
0.044439866596496,0.28260666248178556
0.16340473418516044,0.4810418834252099
0.09299129492864652,0.29412830685572955
0.27890462414400785,0.9926801452318529
0.4649430906926475,0.32150128910793474
0.2715800888215402,0.17439092518524346
0.15685890143094913,0.12764631267212956
0.4805154549240183,0.39279072107130375
0.21890317669879591,0.05191757905145556
0.3509854203401378,0.859012299294515
0.25038301594958073,0.3335320855938157
0.024748735375449464,0.08872585728013753
0.43345993176177,0.5391108706958152
0.045963929069470236,0.23564163564785962
0.4168369146421921,0.7035059296699295
0.2278114481064482,0.33673402272930364
0.4428131768670662,0.5922856108052529
0.14678906192165733,0.7586907784698759
0.29498825753447533,0.9764409162799182
0.10790500709383657,0.10926853292820002
0.11745737018911576,0.21059230671919185
0.19463984376896923,0.3792757234918538
0.4075804127412318,0.7869738005044038
0.10234861153895962,0.08260210854257778
0.2585309481353593,0.7587912592927568
0.24425351355028863,0.2066809999202909
0.07627371384674896,0.46029971036301104
0.13309932234868682,0.4566801870249154
0.2897858722070384,0.5994403333862117
0.266628868842595,0.3050068688084556
0.1617443188297611,0.11377023931629493
0.3535594010336724,0.220670543845526
0.35432911574201204,0.8614064088184502
0.14913442981947514,0.4864258883194996
0.1967345327766849,0.3987191061747827
0.200734732239355,0.20047044409406758
0.06719895641792827,0.12183500220264158
0.09895316431954199,0.21721589717326617
0.42275653907392996,0.19900775292183875
0.2555083560098284,0.2625627490500076
0.2329780280054739,0.5636371724437672
0.08266155644880255,0.4883476298238961
0.19358473580042043,0.3561323044328461
0.16471651250382852,0.670658821216456
0.1265157067887091,0.5544006261535043
0.1237896020096597,0.17372940532611147
0.23266610654419415,0.40951382631215466
0.31287374248646144,0.3701630848661815
0.11492321335336494,0.26870838950611403
0.13958577838491795,0.3622524629320118
0.15777363789095653,0.211455389097889
0.1211567613907694,0.16337483913239326
0.05246671708134933,0.05562816024989474
0.19812565182403044,0.510078375811111
0.4375498701041535,0.6897492174656011
0.14841535462605612,0.23444348515417252
0.5249030334771647,0.5124870462671534
0.4171745988283904,0.1850968994388001
0.5546808926463307,0.501365681222122
0.24381433855405893,0.5217163874228419
0.3258656782586799,0.7972736450157129
0.21740588790107587,0.9540109206138994
0.2690433664050294,0.5160343956915815
0.27250613299815685,0.3502988916177782
0.49058955681404914,0.43673622622031116
0.2464522249377434,0.08292761502602673
0.46014673826420255,0.5703240048822009
0.1381996817042506,0.5143702326649378
0.37693836566694655,0.6019756040932192
0.23933691194579645,0.7693954169080732
0.4278976917210213,0.2832576448044817
0.36693101247505855,0.15717111152325755
0.08603386544824927,0.21604398839038247
0.1303634748208429,0.1362560770606836
0.07168234824192149,0.1385426417250344
0.09534060978398634,0.07998423115897915
0.0798230724880302,0.08155810351411975
0.19764376594068808,0.6838945059169389
0.15641628298944546,0.2973597808373179
0.12132972345283818,0.7110114827578105
0.2699604040259163,0.08200839085102285
0.39995396806708383,0.6112658588575924
0.23460641834416412,0.24177622646920882
0.47600507409998943,0.5351459570264239
0.2762009630815512,0.9868689092244629
0.10982734397149745,0.08407911074667794
0.13399669203639097,0.4394496887409444
0.05466108681506572,0.1348877837091237
0.10959840898264886,0.42455624343056586
0.19116589006704898,0.8862541015805374
0.15846178405200112,0.6829794818770032
0.10088956569342607,0.0665005623635085
0.3522371880733439,0.6103357358459092
0.4654511402764529,0.6150058809765178
0.526247535372057,0.28301067375442734
0.22966059003965772,0.8129434320625609
0.19249815357214614,0.06215360951590069
0.2994692507176184,0.878126851884604
0.07240461813919342,0.2690592233236651
0.5867803908120722,0.463273432595964
0.21081347904387818,0.39075945136579493
0.14936051909990136,0.5145473888803908
0.07012332901634642,0.037384596159311174
0.47894395554195346,0.26210416517303187
0.14103720195939326,0.6603837283781523
0.11690901300900122,0.08706137012642043
0.4200792435025308,0.46154742438071494
0.14380675239136717,0.29942480663343024
0.13234982737563644,0.11172224999222172
0.44615854355143075,0.5791015657165406
0.409391434718774,0.5427958474723868
0.2050017537580316,0.13395384966655044
0.36063044592819543,0.7708587837020722
0.25660986627972354,0.1203892327229932
0.021404889625569926,0.016800415060915775
0.3637861589564316,0.8771499830478487
0.3881073541028256,0.3208999637853612
0.11106482178949532,0.5063784817537372
0.01760078016790145,0.011142501789097274
0.39852895544019507,0.6832623694750097
0.11041694402720513,0.3934675810083872
0.10721245758394048,0.19696395332328365
0.48645259456121825,0.5329912915399506
0.15587452876650842,0.4445483120439998
0.15074739910282262,0.48627751354012033
0.3192334364028102,0.9502467299222326
0.24914122537714617,0.11807794951133486
0.009264073985883749,0.006083748968529887
0.2487952206144243,0.24481812447685095
0.09489679514793783,0.20921016443657556
0.4678342326628205,0.561319947115398
0.2707298948472756,0.28566356525500813
0.18463907356673914,0.5266410396379158
0.37280452997332714,0.19023118528123398
0.004701326928456269,0.003742189986013106
0.2659920535626365,0.46586360692871703
0.2488979952410761,0.07691411435429227
0.20410284728186817,0.19691518277191952
0.09488453966393358,0.0406054903184925
0.4074502809911851,0.5440350283280363
0.17675377326931405,0.3340289502834243
0.09984701288691479,0.510193662104098
0.3017015533684828,0.17141911880667865
0.43604547584429965,0.6433289492818345
0.0028112806829693198,0.0187648389254378
0.3792977644787115,0.7181654521152256
0.0110648541440827,0.009303666501352403
0.1974538844106994,0.3930460691355268
0.5089583416700147,0.2534950951866396
0.31102001265244006,0.5002700618975066
0.1608557548267304,0.6503946822875314
0.034671628605687115,0.22330986950821202
0.13793624195748477,0.12361812232179928
0.4900687272647182,0.22842778850953188
0.16005219965887338,0.16348103609106732
0.29310012079351794,0.44681685964183987
0.27663371759866,0.9202850013236441
0.14141310329884935,0.15054307655288168
0.19920234561784325,0.45582076711796954
0.34960339600218293,0.7695022322325196
0.17578250885070504,0.3773770670574166
0.09120269509038453,0.05228843924359475
0.2276277724610331,0.439446417032266
0.06807833593969632,0.3781342795354894
0.03615567489064343,0.19279014047795812
0.37747836036737864,0.7609058695531313
0.058514560747485095,0.10926767834755413
0.14048874057419833,0.5577004214349515
0.2606410255796573,0.24347497293727666
0.22722349995637478,0.2535904890052291
0.12500085841761643,0.13679349562065124
0.026084023833407168,0.015500429818166546
0.4141518902288584,0.18753091119790422
0.38781573735388686,0.5311013355205964
0.4508224871309403,0.25706779364520693
0.30226034331073603,0.1814487192893564
0.09793996387931549,0.42374281565125754
0.0702106781713776,0.287090730893998
0.08270620780836925,0.4856253113944751
0.6002270014269552,0.40705081103400303
0.11307571174554311,0.4545533541319738
0.08215059748082044,0.058665968518068184
0.34142228901036187,0.9000477505295679
0.5314843240558348,0.4604643003409945
0.08351560056033679,0.4510793508436841
0.4655705965938356,0.5841951351107438
0.40257797591506905,0.7038943048800451
0.27834024725857637,0.5014499075839549
0.08749757974157439,0.471986397426403
0.4666378184272007,0.5897187195684913
0.10909952040043547,0.44231937845034525
0.1064434792999728,0.36057499414345157
0.5035906407332781,0.5450539555940082
0.13293319617525873,0.5454485280150932
0.12452508234663495,0.4024547362529802
0.051818420547927325,0.03723544161760412
0.05481905638991685,0.030593970375028968
0.0656268211238613,0.2133513979107427
0.23068853172626036,0.20234965382856596
0.10851119614863006,0.4320624923193749
0.3707272859267424,0.6133250472532668
0.0015336475639427356,0.0008676725833491362
0.09151006232131696,0.39916080860575276
0.04671761535610664,0.08911896873405957
0.2676339914515864,0.5821658251578519
0.500589788443017,0.29770812110599093
0.3878361287554583,0.6331453342288589
0.24743006250572688,0.28048528198972994
0.3162683467818794,0.43948313517437854
0.22526996148262923,0.08217850755417726
0.2594794050963607,0.1038890105966862
0.22157961944966564,0.6846496200284999
0.3494723350813091,0.7543951026364571
0.060289611797838316,0.3101842266619589
0.111359310713247,0.4296769228856752
0.10902640711871212,0.44797244792925844
0.25687720721169777,0.24667427741849204
0.2787676020136662,0.21035217172834908
0.12488479919336463,0.2649435182754237
0.4942408988888173,0.6144410421938191
0.29716042996770586,0.6151991204829516
0.07545623414324697,0.04838766057825673
0.15613501461468193,0.6817086838154128
0.37350681651442985,0.4756594092295006
0.04810072751320265,0.299749455235125
0.34722987470473793,0.30495749837540087
0.4493259685079455,0.36706278323099784
0.4727449046553872,0.4771686118563237
0.38933369392785366,0.40791825547463995
0.24832107487179586,0.4127732216182316
0.18149207897346556,0.23341310809096993
0.15780104481409366,0.44388479972178735
0.4026907132451801,0.21883806491288335
0.27514991138519307,0.5359956748532565
0.4632663730164906,0.5420331257884985
0.35654862453489977,0.15105528171568866
0.39059196155649684,0.6725374594362147
0.1241756896714367,0.3938060468139084
0.5054573792255141,0.29032521608492406
0.07663532905097119,0.331025097273579
0.2941319497730192,0.858186437461621
0.2156600125067613,0.3782720584447501
0.09629661012025202,0.06447692671532218
0.374475540665393,0.3945734142450906
0.11944451575901978,0.4043786474528312
0.1426198791146737,0.23981801474859527
0.44620982492500577,0.5092936143365213
0.33545446553111,0.11362601543552232
0.3151249608728305,0.4953748495775161
0.5668889796407774,0.45103559400161214
0.13224278577660079,0.14471036497070364
0.1541813546116415,0.6610243210834289
0.09700571316438109,0.5260529543679704
0.26591475539722437,0.9554614779345413
0.22654324644879018,0.7293260328818264
0.49582155728254235,0.5592983865458963
0.08969505721682498,0.20073640002806922
0.3547621614162312,0.36621167726360904
0.15679432967532253,0.1351429268838603
0.028635544074596113,0.089234730352002
0.3650241474286601,0.7242782958167248
0.01287772338889844,0.01102720294970131
0.09960180023712047,0.09472918495656354
0.12022661753298582,0.35256438969858883
0.4243307031839095,0.5583884133757928
0.5180089433748871,0.3982326968034711
0.12079950078459016,0.5139967506375779
0.47309272050544093,0.5812104413042292
0.10235442720883697,0.10797647098635964
0.1359319154026733,0.5508759555481525
0.17800820339530304,0.3916019860450082
0.15752486586382866,0.5422309799172492
0.0007997899305103385,0.0007188204325763613
0.16560312260287088,0.6837640053351537
0.0684488646531946,0.3567549180267454
0.3659112012564787,0.6313430368394276
0.448051567433981,0.5165224878470984
0.10061170085435436,0.48702270030893874
0.12734702308144882,0.13695290188041273
0.28993744916195807,0.08192848293463224
0.13823834161176649,0.07934741912609591
0.4072282900624328,0.7583125329964436
0.10305933401945967,0.48138935971366975
0.4240000749407537,0.17911704318171853
0.11663864228720373,0.24317328612661188
0.18276419376234068,0.13159971952426402
0.15610306318737133,0.747858983320285
0.05181918003381615,0.23965696268911396
0.38654560127655413,0.33143508425446283
0.4116375537903113,0.6005564012045008
0.6126534456053909,0.2996255515720707
0.04211306703574443,0.023324375197984772
0.07235335232381263,0.3727734176148299
0.22346869477324277,0.18676413751687607
0.1165647888904255,0.5137422502111599
0.025092343649245175,0.02280600433230477
0.2506055979611443,0.39304834783598586
0.1845767529663732,0.2690289416265013
0.3163672641324824,0.8868040136387076
0.5731564619144623,0.4026231719605704
0.07762371648162872,0.3343218930054263
0.5069433147607383,0.4571313001402234
0.12079832878040224,0.5371865547112975
0.1455680516040721,0.782000355099048
0.4842791118777778,0.5703617628215416
0.0258219987198444,0.01647236294052659
0.5674960174951623,0.450651116546821
0.15061224128581957,0.5672294373153153
0.5828917555461742,0.47128864885381444
0.20261959623516337,0.6572053497744003
0.2744196766162273,0.6028990701768984
0.06716686913374952,0.26022337499049925
0.20347085279669475,0.1685666946877607
0.07415590752100992,0.2828528231111215
0.37588467289466865,0.15325968622381198
0.0821710459869433,0.04495500609452463
0.12470635772851592,0.5508337894819346
0.08807875611104181,0.34807092432587444
0.08585051614486766,0.048485328297673276
0.5121833304432681,0.5735866790411699
0.5488050060383854,0.41902608158121774
0.38037943649991524,0.6359107604148447
0.035342961396872805,0.027835371380970284
0.208893465153158,0.8315801745731455
0.28043119593128574,0.3977724036305981
0.23142685819791664,0.18531415927722214
0.22025160102505117,0.4804700972261594
0.10694153407910284,0.19855256965634516
0.04255882212267883,0.27118884889240935
0.0961389648728096,0.05857735053019563
0.08785875870349134,0.07159957000316
0.19386985893123218,0.21826586987504185
0.668819332191562,0.2852744925502545
0.06973135707389481,0.03583795282417002
0.448649651522585,0.6271526261162983
0.1512135138795543,0.16940639853744568
0.06965934440715085,0.04135691104439769
0.46904256051880405,0.16244978701317309
0.1689174793324858,0.5302602621352924
0.45651102959107437,0.42160363588962185
0.15494063018260243,0.6085607321332124
0.4611494559264711,0.6162234338102428
0.48029258627066157,0.4705287019418294
0.11241553040219064,0.47999667218547254
0.2106440094111731,0.5283148452672581
0.13678928440632132,0.18548000939492804
0.03040245475436331,0.024918031451253195
0.10050270554726279,0.3858234209082795
0.3139721737122402,0.10414300482127566
0.10149429934696813,0.15542784100530696
0.32691239963170104,0.3114015533176357
0.040428753629313856,0.06056797933787877
0.4966181756845059,0.5689048635028716
0.48509563904965053,0.6435536855952249
0.3698288694922816,0.5358257413613778
0.1882415905457068,0.7692639108653293
0.4671917677578553,0.6824110155589242
0.20909964219368715,0.21140656603747937
0.29770799072047255,0.3699328257376953
0.23139855343299504,0.10304840499893883
0.38541502219873613,0.17809011197156513
0.19402020892888905,0.5664712750007302
0.3390483792727013,0.5062084732187602
0.0841972062797474,0.3915459698157975
0.14369561785909168,0.47429090846040306
0.12714431672883053,0.27522938754046805
0.14911630690344324,0.26588117085939256
0.3703606189401555,0.2575019431865967
0.10816967080135166,0.09209066646357339
0.1869513119320292,0.4848265937782551
0.012177721500775472,0.010313163314472382
0.41717113680996903,0.23880061252274704
0.2524472898107991,0.6963279784363519
0.512411122977625,0.532453459383326
0.36419349770803644,0.8933830549504214
0.13791866496650687,0.5282552497881706
0.13167502208468165,0.4958948712449466
0.39973249633055563,0.4583951898234747
0.22445089917508027,0.293925771046219
0.07120567501457588,0.2172021185938589
0.11372761631563737,0.46522556707374024
0.4270022798024741,0.6223844440660258
0.12368355775228278,0.07991613828884828
0.07250404137668703,0.04497608918984138
0.06112741630038112,0.06912879251691877
0.0893976937301533,0.40961944332249595
0.4568983819326012,0.6780735726095035
0.15288902640607419,0.5493890249464983
0.14424357640126376,0.7483351736095321
0.1461538761905484,0.4962590330686345
0.6348319283409832,0.2617396013652324
0.10234974544895968,0.06964293646055644
0.05948779351589184,0.1550303643685847
0.4965971958016276,0.3723856056071138
0.06375085826045548,0.1988792642375317
0.2600582763614209,0.5363843977116243
0.2966572880560663,0.9150985450433984
0.14534795162132041,0.7676115466789014
0.2765324081449676,0.2440748481966196
0.3543325971181777,0.7975241889587759
0.20494291338163015,0.3624081796083622
0.053614321209083604,0.3023239173028575
0.2730770436791842,0.25765976708136534
0.19376625664070946,0.6768504627071044
0.12570970360539716,0.47179306955712963
0.18702043832404755,0.705665193358371
0.09016427492763653,0.4328572023375828
0.11446176631999397,0.5462915955259982
0.4927839850462589,0.5530651690907945
0.31595397393426133,0.10316532382849136
0.1135151453500733,0.3494092929280167
0.29406025108777906,0.8806287116714269
0.01842196975510002,0.01741417099821311
0.5525022565853116,0.300651277649099
0.1020558056569965,0.4450553511158275
0.11015245711427137,0.531875069268362
0.24404028189158244,0.23836672774215745
0.23169479906516605,0.6699950312887125
0.24679419955751458,0.9135354976785047
0.0834625526766503,0.16113117922173387
0.2610124391009311,0.30368397013006115
0.2834156563742866,0.3713346016928047
0.34984325972761965,0.5341851517750824
0.3217012947927685,0.6044025689750275
0.15888120563136726,0.3206747613913939
0.11874776988143594,0.4866398512073933
0.16434964917640746,0.16258681507900263
0.06830811229508255,0.4094258065363171
0.2509238433945467,0.5046133219504151
0.46544020660404173,0.5778023885201069
0.2811842713154115,0.9947461044447393
0.36174160127446287,0.8474104567676543
0.30427998746113744,0.3943862712810734
0.48883811131485977,0.44217236807344895
0.4135010282343392,0.8101133096267006
0.09492254053406626,0.10894437747636529
0.37696730285842156,0.6657903739241138
0.07466529544068277,0.18182166660724508
0.2092717744924687,0.08396921594569008
0.026563840144918555,0.15281818489658439
0.025778712385368767,0.014471123037040182
0.44569215015095803,0.6032572585432425
0.3597831612034848,0.8610314532862139
0.01836875761145562,0.09344368338126496
0.4475882512187657,0.25448852932471405
0.44625207680934753,0.32347248633874004
0.33037948431971653,0.6115710894204521
0.3050804640959144,0.3127534504370138
0.10782815255144357,0.5921483023289835
0.10425118693351411,0.5307281320095368
0.1319667285165535,0.29130453981908105
0.4523871112249871,0.5960754292188558
0.12130204054926055,0.17263119471909874
0.2417810296902066,0.7809888674260699
0.0482145940109135,0.28606561089069854
0.13458542110831226,0.07845219615573307
0.0709363106758806,0.23735801314418858
0.10464606910668257,0.07434787214351153
0.3605574717243015,0.14920905978146706
0.19515885407351624,0.2832915652636433
0.11411748775453325,0.2925319082635507
0.157620150603604,0.2166240171385079
0.2252410227077717,0.2560663211421451
0.07517270149998481,0.11331277994446395
0.05408876230596169,0.34392857268678756
0.3003099323625287,0.08069739820270112
0.33066607423061806,0.8969398432192758
0.4368116232857851,0.16794578071883334
0.5369435044177163,0.29428737938666577
0.07389878155110191,0.05353000953032854
0.43688470501817395,0.3193527939669286
0.14365634300378752,0.4556296399576569
0.2188780580906941,0.15707463741651595
0.4953597125590436,0.5281602242115816
0.08303521967308188,0.050630485423951474
0.07362133759227699,0.2560772971497182
0.42409970875102637,0.40699206453669073
0.21994808938628294,0.251685616223704
0.2536747771517036,0.08797210917393791
0.5785043572125356,0.3994768353883922
0.3109918421467496,0.48928238884847863
0.13713271322404155,0.48636939541441665
0.23753792170926166,0.5878950069005355
0.07842924858652783,0.07336832262323353
0.41951293567267206,0.6632142640668072
0.3334145745132668,0.5288782535464238
0.17228360926230177,0.07839026293316743
0.23026279263672098,0.31832934568039406
0.5201829773345075,0.5357758456626655
0.1266236603215199,0.4888367059439821
0.5001806967571237,0.5588301192997397
0.1587134090779738,0.7581527856459958
0.007964715046621117,0.0047822322565571835
0.41420904652153145,0.20420435020470773
0.10121487702215674,0.5827808124829664
0.14519444446853336,0.18837745447282694
0.012243592625251811,0.008871675267912512
0.13404266874741927,0.5059185292173918
0.436906622051486,0.6704057202711452
0.1900391134096106,0.2547384067731828
0.08789215515315263,0.3656368319841131
0.1307090288719425,0.31964246083776393
0.33535350437936007,0.8796331894676688
0.03459566001689799,0.18117586277168077
0.04108148631624439,0.06762528435253748
0.032800880094444144,0.04173109678545074
0.5420046148518481,0.47776016077704675
0.4985393857971872,0.3905045808988561
0.4478832451267851,0.5294532753819237
0.09260766427025907,0.05989602789823738
0.2569713673609462,0.9042113993043432
0.12420151001193738,0.5933024658515014
0.46112076920242334,0.31179773586099124
0.44446733229834207,0.4411674373954569
0.10004439428542483,0.12920482059505575
0.37668071031446676,0.7232401157852443
0.18724669986331058,0.1520585074152243
0.439674949961332,0.6016397415037478
0.2301731323400891,0.18554023363719252
0.5711465080488523,0.37556045460024656
0.040976030229192606,0.04722582893077644
0.1569832046230812,0.09983050681988605
0.4646420700198698,0.16052799494217582
0.47641550564538954,0.39027830904435856
0.3277216350428118,0.4608279467580108
0.22570431529554824,0.9856759761515841
0.3886425631655924,0.2282496337165271
0.12071977259804527,0.3658792978745653
0.3917990065725293,0.21630848935198785
0.13707266549584946,0.3101175414998936
0.5206235928597968,0.3060000556581241
0.18616956379648042,0.7927984641035437
0.2310527312920569,0.2520794526002241
0.3044938209575147,0.8312949211434835
0.0066251296596509775,0.007393700601628111
0.13685721110659535,0.4424123696120025
0.02768020586576055,0.16446721743569562
0.33684663027781364,0.7838142037884667
0.10206578450601263,0.4182608028753376
0.09443797886101708,0.3600742696429119
0.21400140134185905,0.059167916234915914
0.6454582466323732,0.22349336329129743
0.5252151418293268,0.3812320109608003
0.45550689990513715,0.5651843645259164
0.13526903507001242,0.29804475903174715
0.028426041833873438,0.01836930214158004
0.44173635447138954,0.27088988873052877
0.45438784998427995,0.5930306703374826
0.020176575784326196,0.0066277161926411605
0.2868150206996986,0.2846254184658652
0.13745586161588297,0.12573818076535748
0.36863359187850414,0.16655656498330493
0.20648571168561,0.17960235507026565
0.6319254613771361,0.383000580461928
0.18431912528718505,0.6584157683052367
0.09776466419240967,0.05595802799477574
0.26563230422902445,0.2880793803327818
0.33464501878496694,0.9252571759193121
0.38216065346884937,0.6061296338615391
0.41835486930855625,0.758806104451614
0.3717666235292194,0.1692999734898207
0.23817711774429107,0.11769986398039581
0.12600046321585714,0.4032113095159154
0.08328183605338732,0.2847118474097972
0.0023101788841716187,0.01413842540559379
0.34492027241360096,0.5102282572936538
0.06849744159040644,0.42875220078074894
0.2565366020600747,0.37264513292841767
0.021875951263063055,0.02096622922688635
0.17349693445440822,0.23083850392527433
0.05647980980919425,0.35029511257733
0.08730682616837675,0.4823308186387121
0.12145555901758821,0.6022378137363408
0.24946140007731962,0.9001376071286797
0.07377191793005036,0.4073370724207935
0.2892659591424569,0.6632979855031835
0.2936659986500013,0.29145728473112514
0.2015756367045552,0.5221362956162924
0.4071879443228033,0.27079952110311345
0.24791655472288643,0.8532109355591629
0.10607923396326747,0.3734478734566908
0.20006431230080443,0.36065352216101143
0.3507484083788842,0.7491943751495497
0.003913168961710254,0.003989808465500663
0.09800339292990241,0.47546588129045575
0.07941352852635751,0.44427389885388724
0.11803786678443161,0.228919793066959
0.44510648216111787,0.4654278205751073
0.36284635968938156,0.48944554424590403
0.013851041731158514,0.010587467833683209
0.15103524173400779,0.6433771334920231
0.25111244676023436,0.7368577487405387
0.08956066286739459,0.3454974906438758
0.6757520318320298,0.2970180822877405
0.03806048033427324,0.19032089731253815
0.2776829874552858,0.9718182052256124
0.24422428155356316,0.19993995215448868
0.08952891688794558,0.1862069751405823
0.02649617295484528,0.02503613100692544
0.12471165729906743,0.47727895475649035
0.28536622688419044,0.732778609279663
0.04021931476186481,0.025655598950943232
0.34113971995393577,0.6133659647180572
0.2099316500066857,0.6767300020489393
0.2569247802257387,0.982787594830702
0.4979971374853524,0.5168545326687405
0.5959588384895069,0.28263835279384925
0.09057684742991201,0.5615160416552406
0.08219190151209937,0.4229995922339489
0.06591031578982114,0.36166436043326455
0.13063372663886236,0.12834871742877943
0.07574236642137044,0.04692070866142786
0.12014955663611235,0.4812507430108526
0.4122740861732203,0.432223652439726
0.057571161933098615,0.057145654372084666
0.3453320939293706,0.7847256898424786
0.3374585536999928,0.28890565502726745
0.19946486026937635,0.5605685615552297
0.09983768402653943,0.3738898967957675
0.1590662533427077,0.4453920716620375
0.09442165937872823,0.3949280751085635
0.06219533806308549,0.06065081745939974
0.2534892781580626,0.07872276258440516
0.12268039797820038,0.358247455461252
0.1490769170458606,0.704716482878083
0.050725118795864665,0.06883408962323107
0.20713586066394207,0.07246036752066917
0.4205806530058246,0.6262000092277925
0.4370592114486443,0.6631260634777599
0.42829577464703555,0.6105007654115617
0.1261852376160299,0.24657793804776618
0.13951354059911936,0.11141704500086279
0.5405340778952782,0.3021327350114703
0.0933911081302158,0.5123508978184705
0.0944640085868163,0.33744748373862404
0.16261766483542342,0.7458898454947704
0.06368286852834781,0.30704314196893095
0.12005561134597971,0.10771798117868965
0.3831425549268067,0.4207737408893906
0.5024770719179297,0.17796452234264246
0.16623685279382588,0.17678398628598757
0.026492568613282867,0.13280753523238947
0.09487746766680843,0.5607697205496073
0.12631752913790276,0.6276580651654087
0.17949942668089638,0.6113974798605184
0.43909573535729246,0.2131746988416181
0.4681018221268679,0.3359580130015961
0.13428759941647614,0.13135614548540467
0.3980123920049114,0.7791100307063674
0.5200050955239717,0.23099777701678628
0.1627827776048458,0.5113049439296166
0.4268825666963974,0.1663890458686056
0.12174782237944716,0.2864117904356069
0.04143601816374558,0.2683127721688345
0.4364680529450202,0.557108332557205
0.4430877167143719,0.7371262179394388
0.11240748677516056,0.5136842887422176
0.021803725991035378,0.013742535161258168
0.5899037909251945,0.4104920907842818
0.15637136767111395,0.11651024193941688
0.1376545748951192,0.19233506007721723
0.1554027072662155,0.4918634630295044
0.017378815436814687,0.09953101583052373
0.2299807439804058,0.11696340900472367
0.23101987182202352,0.3355012740654145
0.24976488911233727,0.9414742123260289
0.3237452188323412,0.7681648318197556
0.061546968880478344,0.07529501410029253
0.2896591874146753,0.10089193351338199
0.5356008813004377,0.43302918808000707
0.2088916771840756,0.3974913778374047
0.17824832607894586,0.28155832715034723
0.1051577880196815,0.25849506476343326
0.45904767477872854,0.1875808930212976
0.2037780500516957,0.4150424720319597
0.07046506449793272,0.3129903123034998
0.3093987876732342,0.68411142829223
0.39322310263065074,0.22254390693895673
0.09038859012271402,0.5169335177332189
0.06223020484119192,0.13182807375478145
0.17072193423947277,0.35453722264254434
0.04391352868638149,0.20933572804620793
0.22647251874031477,0.8168519685760227
0.4404515150075444,0.21889953658495384
0.4990671224300322,0.19204744475808147
0.1312943289363818,0.1334527291414285
0.10675715654743037,0.5267798742295077
0.07921549058844014,0.2388585107966691
0.4502178715844167,0.45134421526349705
0.15831403814098943,0.1357950005594663
0.4301157260708038,0.19049771605803348
0.342063026353599,0.11047196627565582
0.23541448750626007,0.27311012208027197
0.03728044618481057,0.24467474851820242
0.2516472635115966,0.2740551263108213
0.052784535497269844,0.05002331061609744
0.11792777998710818,0.480074047303258
0.13173765341618446,0.3022783570941366
0.27972992498057075,0.7902274175412012
0.13173361762814187,0.4457479878190746
0.06949884208127198,0.3943322989313266
0.2907342448683016,0.42051634170095537
0.1818503847873449,0.5007741732461378
0.12580513434396645,0.7124465850549274
0.6166049897265784,0.31070926021457307
0.31521929089233464,0.6603296521773144
0.015299673468471437,0.07312557597135784
0.20164273603972876,0.20616667904223202
0.28681080079113774,0.8716973295845292
0.16923709574636844,0.6421398671381483
0.24346287869132335,0.8226338988977057
0.38436973760612336,0.24511034809128443
0.38336188761051915,0.24956346060763918
0.06126038668303716,0.27286887630003576
0.43751859680462707,0.2660103267269856
0.4759808674966639,0.3177837644977556
0.3655540118940967,0.3123273773997743
0.21382516269459473,0.8648704969288856
0.3541848184966596,0.4418979331213737
0.12808407118107298,0.5418097281010559
0.20400345411919354,0.7810960732413166
0.3664520804253469,0.25145058559538674
0.510950740224414,0.36892375149952183
0.22147998992064982,0.3088957833329998
0.41454732756997054,0.7591871894180253
0.08848078855099907,0.4565916516124499
0.09932076849541811,0.03441463609435442
0.10162552740258356,0.4861515822136894
0.05481616038465026,0.041373324099685936
0.059701764766171284,0.12728862869656313
0.28006826960920644,0.09058003296481665
0.06497279298517253,0.25313590837561717
0.02061176751011209,0.1368716644957527
0.0615979759838997,0.05803215551383102
0.20058913701852363,0.8801506779004857
0.27339564792309373,0.8253390242551727
0.11759457814217414,0.5408036466318638
0.06752931041866511,0.3599379022307814
0.05133920476598874,0.03626018184548014
0.35070037730793324,0.26341480601452777
0.04053086761530957,0.22308458747688784
0.5077501233983974,0.2660253696698043
0.3184640158939529,0.15792071735313779
0.06937226120550471,0.07378386243388087
0.1395441835743358,0.22642743436823481
0.2641404148640359,0.833320108153659
0.45604038184237095,0.43131513806349453
0.11034981824218038,0.12470050462627794
0.1056632671338466,0.3767010194064471
0.30124503706915995,0.07664121983140246
0.43171145385799986,0.2090244497818533
0.4119540586149439,0.20885612335263257
0.23587571985945938,0.9004644691745782
0.31046049272389314,0.11523863889006547
0.27246008057615867,0.06549909113539437
0.40216809274265825,0.23592789198287015
0.050609607301641824,0.13092959158918754
0.10330325728410386,0.5212825079082867
0.4717238495863404,0.600256840355547
0.2820321244298264,0.5679590270295152
0.05762488811063986,0.353112817534304
0.394586804600683,0.7644944256173923
0.07742747160609235,0.24426365522894367
0.41003702144650184,0.790741718567095
0.051691294051252154,0.04840446357517658
0.2539148575125154,0.9835574651920591
0.3331852808662418,0.2079443528947148
0.12670608168972183,0.506468115637078
0.3012641821567535,0.8069396493209675
0.03166842641700984,0.01882032345414217
0.12060367314202926,0.49996445385249244
0.1490700877919069,0.471924324009023
0.22394635318733186,0.1772735548167481
0.12801964584389292,0.7044472660870686
0.3998748688103817,0.5982729068682416
0.07433384118333834,0.35396935860572415
0.06981414131273661,0.042850889287800634
0.1995895776272204,0.5090634234636764
0.2771261374091178,0.9375313201803248
0.007899304596415004,0.003222509395914382
0.4660042777832569,0.26119823440045936
0.18565738391556266,0.6709115960874019
0.24571524439279996,0.9359353792934336
0.13907883407069227,0.7534647255819128
0.3256171565551044,0.5192820679712311
0.2652386257821493,0.834200626787247
0.36048650329068904,0.5248858577202022
0.10047631061739333,0.395165452428169
0.18256112190757237,0.7099481907324089
0.3255990571830676,0.2986527284504663
0.5224119132691698,0.5451303187945845
0.3157539359481687,0.6584010163078303
0.0032302712259025166,0.003363326079807423
0.18482844367878606,0.694583444209737
0.2848552083187595,0.39739765146229267
0.22563263315159224,0.6008227699066101
0.21527657587842264,0.47915605462080024
0.1338162292184761,0.6119865843339566
0.061637519679776015,0.04874321036893035
0.13317809696620914,0.49946947946940895
0.2356696462267515,0.19425857397427754
0.04696650713556522,0.16867925841036183
0.07731536606257297,0.4489411282193437
0.5142886116015183,0.36243230023297346
0.13432270378851494,0.5830588356518362
0.2074138419220624,0.8399808699390504
0.10711831216190829,0.5117435832080641
0.05917445038369421,0.029274680364147907
0.08538732084114542,0.04435711873381714
0.03837769700716663,0.18106436112169155
0.37096312571019074,0.4144252773634774
0.22029404970450933,0.25036598042162816
0.42272466908916295,0.43197645751932395
0.13276819529814995,0.1988198398441282
0.09824555030763446,0.17439805410543877
0.08283517586052366,0.46495310006468205
0.06578517404038635,0.039679386258371585
0.17603525137022077,0.5176121888705656
0.0852004922195837,0.12204649502143233
0.17328387237213883,0.5758714777531849
0.4535823920358879,0.6273748495094792
0.5620478852005778,0.40230978457667455
0.5280457820285674,0.4339503137613446
0.37385238732457843,0.7385323803846732
0.25395871688086485,0.31603801076943555
0.10146927876961766,0.06799401063580654
0.3244844028934505,0.12682729386381658
0.1741459966778531,0.07784450919130576
0.16163231401373435,0.5542102738553711
0.12827217013452444,0.11940187664477728
0.07519206000529485,0.3473580427926443
0.2765761202196354,0.20845480283226614
0.40450408037598923,0.2196137195817192
0.16268171757866376,0.5011706937253619
0.14945433565611205,0.1497245628427862
0.5560673291420268,0.3902794060059983
0.2750782290450012,0.335519979916448
0.11050301552364583,0.28967527585951547
0.21150231446677809,0.15543814830022276
0.3207893332323802,0.7855864793989666
0.09577144570597819,0.08337686587835426
0.17789041522554694,0.08065121828117244
0.3082914129882453,0.7949636698954408
0.28215821407698655,0.42388028768709635
0.12180736747326941,0.6536685309765099
0.3432550782172805,0.4441067740116615
0.5309473432106092,0.48839340889056615
0.30955938509115144,0.47630366834622556
0.019230345703509243,0.04073314097644795
0.15097147405262884,0.4361910384797988
0.013181968492469257,0.07189479564405317
0.4175252433852182,0.5756732863547103
0.18216443526719345,0.8954054402215286
0.147267104737434,0.8118467129198422
0.2471004727009531,0.8564101899187897
0.5332748798955979,0.46026695449952854
0.48062836317292534,0.3327985789290265
0.14134128132766943,0.2604517269554286
0.3369291492844753,0.7099418830248156
0.18669092178653793,0.1617972570569201
0.3657297385527018,0.13723723565625123
0.20117756777809448,0.5331035213096674
0.4903947299444086,0.47600876661369435
0.40279718114215557,0.7933725488006133
0.04475883954692871,0.2672746919138258
0.15814141022922273,0.16664628679822835
0.04400793092441419,0.26893190398102584
0.11338857151278488,0.16987033043782965
0.3684451564086319,0.6532378692164845
0.29879693862699824,0.2826700147315023
0.08132247663286643,0.04684568368773306
0.3988815534498719,0.1686416819216676
0.14362104403458692,0.24229479273457855
0.38538449070225916,0.7901688846003044
0.1555829317929248,0.15938305963548066
0.02919655544620757,0.0227196956868351
0.33292694804927236,0.4607879047679188
0.4846133927879898,0.4003556202019958
0.13708464903524595,0.35483249545234646
0.30150604413533677,0.24973698415981885
0.2766644783550827,0.9420550765263446
0.5143826595579859,0.4286738357626372
0.04595226352606727,0.04314505210557173
0.009618684627269867,0.003963794987917057
0.1264238303252905,0.3372894482767932
0.13791828871135206,0.17322411857317732
0.12727264780902267,0.536059328674063
0.20579189315504104,0.7021439045208675
0.24225638075545855,0.12421364041420357
0.08305084547528234,0.08669478652199264
0.18025663677592046,0.2417063821420149
0.2565768695722149,0.07002926456144647
0.13006122124273609,0.2421588913748936
0.2818239117578753,0.3464831516906679
0.09442459329359826,0.08123345942872214
0.4811954606804829,0.5638755457221379
0.13656783422791677,0.13447614153856244
0.20214988233455483,0.4899043121880511
0.2887300150045889,0.906302779756459
0.4302719368693356,0.7101223896662185
0.03367961235342345,0.03115900202481624
0.06654845256845496,0.3834999940473571
0.165630974403878,0.20468051692455408
0.18600791602130787,0.6364742809200185
0.07191742517032425,0.33572087697359604
0.26283667247424597,0.9082383782067195
0.029437250525870807,0.17424928842523474
0.013300411441944384,0.024958820439454698
0.14956368516175014,0.5315563379559085
0.14211673772559247,0.21157211436953596
0.1418780284685385,0.12220239385873848
0.2282914281128936,0.6984428607003687
0.1597062951358732,0.3044788853342025
0.08356744992183199,0.4212809626949999
0.021943537752663257,0.14392201478216382
0.20366963149335165,0.19178496564206898
0.23740012796093427,0.4223489460976196
0.32185714123012443,0.9463179954304739
0.3249795936735068,0.4859348944527016
0.021328462821349477,0.10884357096371168
0.02943661721383592,0.06369519332803583
0.06685222887239321,0.16751169052459586
0.1645734584615656,0.7856186549272809
0.007293804227245283,0.003721551597809476
0.20285600303851273,0.19042931093299745
0.05423013240622324,0.29553582503127546
0.1111063943373487,0.3191027177981728
0.09987923607015521,0.1314397677944512
0.07885041629186294,0.41789987396694067
0.46625817716024387,0.6480975690215582
0.06300895096920318,0.05213698013442384
0.21532305408948643,0.7915193089789769
0.18708073047954193,0.14050788863524802
0.050482137996561594,0.20117068342248792
0.06577348275381671,0.4021126486000917
0.31945669131249466,0.7602704857547117
0.5718032683900977,0.45401187595524173
0.1616790326608389,0.49569489154540447
0.15914302638938943,0.7969423651835388
0.12068968161230946,0.5973797410992683
0.09854349078452793,0.4941080634611449
0.17946695329668716,0.7142725003772586
0.5609034261424068,0.5058126605657957
0.3648696361304776,0.341332587426653
0.1168959268986934,0.08549513424997837
0.2246743567208107,0.8197191223240983
0.23401977919141967,0.3348874991757677
0.11700747505098122,0.5099735284617036
0.09807746002273197,0.413621754797229
0.4788368755707653,0.3674843433585426
0.5203064932408266,0.5275155922996871
0.13991274340576187,0.6596015114148805
0.2165822905768167,0.9473870583850443
0.3113072610278924,0.8673512475109586
0.27391120880007114,0.30998633812572757
0.2278689683939583,0.4957031300191677
0.5605635998341143,0.3494584796911712
0.2070265819629225,0.1165942004559097
0.14455251035975697,0.5336152144780738
0.32301130314594584,0.42203387579300977
0.5021164418155198,0.6288893477593953
0.19058973913778093,0.5324804505789038
0.348955524406225,0.13179484149359857
0.22487966132406562,0.7406659403027361
0.3053119582359531,0.5487394826208706
0.17736437277419143,0.17421435516459355
0.05629903204825559,0.11787995301621736
0.09115571859883305,0.07319973155987314
0.1261380906218386,0.0890259362576038
0.3017143370201417,0.9703272811038084
0.25381660352138324,0.05465628233070855
0.11387884207024736,0.04864391031458551
0.20508057060768223,0.7870160855429141
0.3530982637723947,0.2921065447047465
0.3617473574870967,0.4773825851878709
0.19244919411858022,0.8994063924776298
0.12313025473081532,0.6219022095456472
0.1655890002587351,0.4202702661310968
0.05608417923241117,0.24065810588487677
0.6173287484566142,0.23201465939558116
0.3464748307670239,0.6269758724597625
0.13096382462409753,0.44401889574137077
0.3055547326184716,0.914286987327504
0.11184369917883649,0.08821757247809214
0.05880539295482796,0.24389510017214777
0.1993480261145325,0.0523371677194705
0.09106711297603194,0.5514794427526619
0.24098982674447994,0.06356910878002803
0.3307558120603972,0.6259157926686655
0.46005590344490366,0.31258143466192795
0.537488191522112,0.2979215951967504
0.1957879085987232,0.19006382454217602
0.3081205181990242,0.1041005782586962
0.009917449836821104,0.004871718949085684
0.2755048757163815,0.3905507863501818
0.18636356190338746,0.675559705949712
0.5106098695466181,0.2684239042019224
0.10948026937073005,0.11671613111226173
0.656136379220911,0.21551244651718152
0.3001241456768413,0.2419342031444455
0.007280661508942869,0.012989121094697607
0.5425348399702872,0.21829220832722102
0.3912037174642357,0.7635242712943833
0.44238651299852366,0.17615185604965355
0.28715484379976897,0.360274032015483
0.22794477405500485,0.19480518746476075
0.10478464520771177,0.1800066695062731
0.37990448740904614,0.8721871577289533
0.08834463647612906,0.10777453650975151
0.11309666625367695,0.6414591994445125
0.5228806034492128,0.3161903642953471
0.36454418460565635,0.37994247440010437
0.19569045664845489,0.6788359044070709
0.3360390568775444,0.5164471402215167
0.14291838706851503,0.7769802397097177
0.1482964156975047,0.1482105902528029
0.095178715770095,0.2281297408367346
0.1544094086609468,0.4375908685121353
0.11810962822202763,0.11803592565033094
0.37243519332993397,0.34334578083482525
0.07914968038133659,0.1408614854951617
0.2799584896020692,0.909844171775982
0.1007590106652022,0.3326596601706542
0.10503003413358872,0.3598860161331091
0.15241925278281845,0.651106291018609
0.2411971009975396,0.7577399122339021
0.1512047783727447,0.5824717758767933
0.2727889574086176,0.4296197589127423
0.20787920535082952,0.48463947816293546
0.2738356522946774,0.8271152112451798
0.0004768840980990223,0.0005277813767556236
0.40445281314118053,0.4360105934148346
0.3819257856096041,0.17061991782383004
0.15184638751846427,0.3559678082612351
0.20051600510643655,0.4554208281482462
0.25641263562267314,0.22582967706915447
0.25403004164048065,0.3065465726715611
0.10877038580159194,0.2668079641540711
0.10508464127358978,0.1073422579953579
0.06962319194247317,0.42156070419660563
0.17581418069977392,0.49087585622713215
0.11951731726569294,0.5546176938760489
0.14670384268707645,0.12149099274806982
0.055896634628798465,0.23811400502408273
0.2911574345409663,0.2510022750745218
0.09635390360853903,0.1811989454849668
0.2615092985028284,0.8213590862233696
0.08283890264793835,0.5200738225688573
0.40966672102105955,0.732033261032197
0.2078123310842429,0.3609192341714989
0.39924685738818433,0.1971743927234041
0.33350944734282273,0.30679741786711323
0.4979667841440071,0.6322547338525081
0.4283701807518845,0.7152086001257371
0.13399886056522964,0.2616861113793009
0.0761526786772856,0.3208243744044034
0.2533714254860419,0.13743301533682803
0.14681506823170898,0.13794380833674225
0.4977302636122177,0.4388423881234403
0.14923977896540552,0.7313134232635605
0.23078611975798727,0.16125560797157787
0.10288408344219285,0.10430365074890743
0.02067695423741762,0.015567952034207154
0.3321829078055696,0.4669372565028269
0.1813523612073575,0.3740002965407023
0.18504518223979047,0.4569076285962809
0.051254059707488704,0.29730684839049576
0.02509962988649011,0.01763021143372291
0.03941308593457724,0.10976017915623286
0.4802042295918958,0.3754138924370796
0.49235000751416397,0.4183831194041656
0.21010040368247684,0.8905960439911832
0.14279977093113966,0.545428965020027
0.1297405008404308,0.4318297327508928
0.18492504177277647,0.3374324542521762
0.1849203621391631,0.7295252768793873
0.1974883150496528,0.5741497570056812
0.468114670748927,0.417882261077969
0.11537166202157097,0.15123734751403003
0.04360249848609545,0.2807995215665121
0.09130684297931511,0.26768493399380017
0.5726397478948784,0.33461223241540694
0.4505389459206334,0.6590503355766117
0.1036112188167441,0.2899550503779141
0.025470048926677986,0.1421312135638558
0.13486756983273115,0.23990511326635922
0.33504876764234887,0.9496074461254241
0.20290276367531992,0.23055089536932244
0.15094149224076592,0.07345937248869201
0.11185034598790494,0.3513935493213175
0.3459084673960703,0.46389125662133923
0.053042497507700764,0.11923049840692938
0.5041654967055302,0.3029385469768616
0.4880656531403765,0.6313816324889667
0.2418569339661853,0.5033874161805398
0.11601165050088523,0.10598707071527047
0.14931959636162337,0.8052809216181062
0.32731543165612637,0.2074184289042612
0.32205823174181036,0.38538337930969546
0.16003228041656273,0.7716867311209368
0.08478663352778293,0.09767862133014935
0.24588599898893868,0.7041226241545738
0.08715444062783483,0.5035040420323275
0.27588020470241764,0.10852234174497187
0.45237283415394886,0.2566365125219807
0.14258968425436178,0.5450867124525549
0.49712893948902365,0.5539144265855545
0.03317854756287734,0.03417834653315591
0.1717059877188779,0.13898446031018338
0.04182321438854075,0.27395756340843275
0.2093942717482599,0.8910395386557439
0.33810182059757055,0.6520481733166069
0.09954052112345521,0.07028456646195949
0.12825646539914135,0.5089503002872983
0.21302958195478686,0.9540052242461913
0.4845946224384409,0.6569332453752287
0.1438862178472938,0.1144263294785874
0.29317352449899503,0.5284302553002035
0.5303960832356195,0.3676412364265211
0.0019046683034500092,0.0007653647683580953
0.15189578778970866,0.5562301691759514
0.20231908048720532,0.8132198149217116
0.16673850127454393,0.7604445935591307
0.3971701397442408,0.36200031213305656
0.401961202108738,0.5296172830493144
0.1866312389921332,0.8281917049322167
0.5915605147485625,0.2759086453629494
0.1740445613611265,0.8681072949952191
0.030149211661651448,0.010061484537646609
0.12361438586728574,0.3666084759887218
0.4756401216678693,0.39857272963919793
0.4690843436611701,0.28972956662966637
0.07165049845814432,0.0633906922753264
0.5461199281362576,0.21686801491741203
0.04975602232433167,0.04766970969224387
0.23849487770295816,0.6963085815865176
0.30815782828921845,0.5130993818818131
0.5248646014540908,0.24674828503210622
0.2876754286977838,0.4428211697890959
0.040059960273355254,0.03136871891873513
0.3571522831486465,0.8991081418331734
0.021139330066716793,0.024830071457516683
0.15664431383926344,0.520986405186335
0.0004884301330518915,0.000316949174587562
0.433079619151611,0.6506260151942354
0.13009704818217807,0.333949388919105
0.2563736781712718,0.07859785931722141
0.4057012599910365,0.5071423005901143
0.590073096892415,0.27636069247272244
0.212961303250134,0.1774964021423
0.2746430865767056,0.7549211590675472
0.16700012532999625,0.5098231125980248
0.18713598163451392,0.5637214388904538
0.07589998544357986,0.07052497607398564
0.09598020758781894,0.054445992234610587
0.017664612316404135,0.011605161944669972
0.20404834764325694,0.7334040149707172
0.10273052039112512,0.09230740320291363
0.30121557919552233,0.35639255014586574
0.17924887106329096,0.8287966273086198
0.279932236710364,0.4590857946795437
0.38062810365897065,0.1489498221703578
0.06298816158362747,0.35854427105806636
0.16677240077397376,0.071308340127083
0.5062342031514029,0.6056655760533052
0.0620904832749866,0.045331517226928485
0.5945044392591092,0.3045623078642729
0.0784495762981594,0.31705492719923756
0.03890932324105681,0.018485564227819884
0.20688020611436922,0.6426558985703611
0.1728935886465832,0.4007204164720364
0.4555752205630808,0.22413552442846085
0.19520459255957093,0.8776345746052263
0.2797393114799896,0.9044323512171922
0.11073027222294286,0.09932012015225665
0.2044827404717428,0.16895279950424774
0.14484168008551426,0.46374123283711716
0.24611901826845606,0.6601054432417235
0.20378229379230134,0.4463810705357176
0.15496089406754973,0.8218496703325311
0.1323981095131345,0.31811686807419987
0.16938701871069492,0.18105670974390892
0.02891536188642342,0.01180724064484041
0.21656954414908042,0.2142413805995073
0.20878196424759846,0.23592847686567425
0.08716727559613692,0.08254436499085184
0.35766055502769456,0.15652585588135268
0.023288296423703368,0.026690053773606368
0.14852689113604992,0.4497775557060943
0.33816152269748284,0.8613621662875307
0.29525574553825934,0.10876144243615736
0.16129389106758368,0.4483116953628288
0.05809299939454365,0.35906905540765605
0.024440807347896824,0.0233893790940095
0.30814307439853855,0.5544179220091776
0.1540172548812794,0.16694803550945753
0.08439870364673746,0.24173357270129578
0.4101756979433789,0.17995138190322707
0.09997042445625735,0.362199872298575
0.46766327901716737,0.1724148522783439
0.002772225523055633,0.002722735277494677
0.044922548119352236,0.0495727444815202
0.48933758012670964,0.35713396866094094
0.08030610658232834,0.47816610959646255
0.29686935940142567,0.13526610916917403
0.17652846657753063,0.09017451832240818
0.09556257005039243,0.5086708543410946
0.39219208764133007,0.1741441410029368
0.13242925032883604,0.5372357387266842
0.19378756170142347,0.22564232426659783
0.39871986468828124,0.540565302441713
0.18525905716786786,0.34975162561209944
0.12978895170593865,0.0850979793215348
0.5420856865615505,0.49321836962598264
0.2705107467714194,0.163287790681901
0.21082873634137753,0.24255730425206093
0.2233505489875471,0.7779715500259334
0.1834841891275389,0.6876280191367785
0.19122154056952895,0.17986773931859026
0.02578754480675649,0.14035606116505359
0.6239516536568269,0.34566384694778934
0.16730735440373154,0.7318281814970914
0.09722445899207033,0.5158241713830938
0.17968138703068298,0.5135972409734988
0.08666880342860839,0.45704589485027075
0.07840035392089818,0.24639907072202155
0.08273099170684126,0.31828067369518653
0.15772845834151425,0.14821454253943622
0.2088534185019283,0.2012478652084193
0.44946109260663275,0.17824479196763598
0.2541800913700115,0.49659698672566316
0.13656004049172152,0.07395169568835991
0.12451180649703651,0.07838170890314022
0.06176822851486599,0.23794311873949506
0.28097939232318603,0.9943049645982439
0.3898428294613705,0.5038869830913097
0.4311034569158606,0.26374730101832017
0.11033354440628555,0.11148107751842726
0.19698860597128842,0.5775752073871937
0.04322691321941671,0.04276609281586593
0.1644978696177023,0.35258495832697856
0.5382298137799731,0.25570471675352097
0.041855245257966515,0.26825930129082287
0.11223625268506388,0.08810409233007153
0.053928662918833054,0.2582908145734077
0.3105844535821316,0.6687758132429137
0.07946011659111929,0.07091090157443694
0.1430350101146101,0.48716385907487797
0.46239257812866635,0.18791548631353341
0.15597711174231618,0.10364649926737195
0.16294225617681532,0.5712740471735069
0.059070231326070574,0.07985503210338352
0.4418219637612522,0.7036666805320021
0.12306600684937039,0.42678385896683324
0.2278935739338282,0.880368738875962
0.11516478665391192,0.511260207737209
0.022306992807929745,0.12771226894687024
0.36916373456924007,0.891531088089101
0.029550780280225862,0.03051971672592531
0.22643614512170995,0.08979357341560176
0.23106778189438595,0.29051811470834665
0.18683969934029987,0.797662300185087
0.34649163963967394,0.37361433144714606
0.10651384286099501,0.38400907850739346
0.48983461599233435,0.26554873622229036
0.30952874489150617,0.3419057299239847
0.37779614702368375,0.7852469066427556
0.21444583323454797,0.7994219015270035
0.3381744172373024,0.32130947909539725
0.08177948226878218,0.31729393036003656
0.017950799122985518,0.013241334478284114
0.04432498955008626,0.10826477938784053
0.1160561506257851,0.09400405409552588
0.11595876372159968,0.33845700197786943
0.3157988010458224,0.3533669834536212
0.1491143460833478,0.6228818142596505
0.045614898093129484,0.1182389090374375
0.0163275456840237,0.00956670146258409
0.11788952750448399,0.6901875027477681
0.49359012751235626,0.6031593580037449
0.09409039216085996,0.11292380156384953
0.10353666936284535,0.5240992061941415
0.07541762215435824,0.440106276176729
0.5392958918723033,0.2040709503034065
0.11168306215216457,0.2981812970526508
0.12080285478191391,0.10249172097907068
0.030555783235990404,0.09230626140896976
0.11556908060998135,0.12299463607354498
0.11692649092799294,0.0741757740499421
0.4221424034703582,0.12991648978029846
0.5851340659225116,0.44332187910615745
0.02866397151572568,0.07621332565187056
0.40445887096571853,0.12239848717398202
0.2518753964439062,0.9447494071519533
0.1190003659926708,0.6322698814429168
0.5928147075582596,0.22179528423216485
0.5017724266131283,0.42652271788727786
0.24910564018933506,0.16312806654840395
0.24953584263623454,0.9390247026495852
0.46327013780576604,0.4651047922002285
0.08959037359795943,0.08992071691053011
0.06979772864599688,0.0680669600890593
0.13257347611369028,0.4853075844390091
0.06348672437645915,0.32035208378067953
0.2858546288980864,0.38974845217518583
0.014077742264584563,0.016421903795354496
0.2505327609323985,0.47388877775212196
0.3522550055651007,0.8716034770771927
0.008271184977236504,0.05194228352382888
0.10385352049464476,0.2691967172901751
0.4465664315417709,0.5800798597695813
0.1563654653287431,0.5848136908166915
0.2869643572724575,0.6829779480220306
0.48357580753629686,0.32544766619017695
0.08668339299793618,0.15246747020364737
0.09343593876685082,0.10383787753331172
0.09217403415038716,0.4048628525249536
0.10395966261932238,0.6272884222630976
0.13405837413177768,0.47773388789692184
0.2599401331650082,0.5448947558528519
0.3528692244603367,0.7680694470141314
0.2031914605915704,0.5322542335289138
0.335681623932076,0.2928298024663689
0.09645368551280589,0.3843009502436231
0.1030827740226598,0.12019218527336961
0.09515303464956999,0.0691977857246772
0.07965750622974607,0.0703723237762348
0.23500289690737905,0.4790434259716243
0.5050459481068489,0.527049129629981
0.029872209040297505,0.19218745648672647
0.4188201469085243,0.18140621337007679
0.010249074271454398,0.03329345076810231
0.18532482793365862,0.0878895940773517
0.4695070079696702,0.3845423670243255
0.10438262095106665,0.053430839831759065
0.36884704395183104,0.4844204961955386
0.14296358458189012,0.47607883795084605
0.4521472131769318,0.18460199918883963
0.44529137284625747,0.7203374042533848
0.1905555135894119,0.572553552234997
0.11058270476128614,0.13551904810213167
0.4063911314988383,0.4204171068155681
0.30650850265019935,0.8257433069939814
0.18160987419224367,0.6645498775626884
0.2465138427407932,0.8610130994932848
0.2732985519548725,0.7247513068500838
0.19639341107429617,0.19913001492141927
0.14759728741415715,0.15027144645306753
0.20277831315270525,0.21714273088890665
0.1989274271438214,0.6699659026081871
0.34557061954063445,0.44829989692877126
0.3022690129677145,0.8682256074311078
0.08603972750563864,0.09445466416117534
0.13273985786847442,0.7411025476504626
0.10240819831168309,0.6205804093013596
0.06365045077359738,0.2274361598126516
0.17394260257258132,0.6368153907036047
0.3294986211575212,0.9147398668220944
0.2806247238822946,0.4705779542624485
0.27400819207983373,0.9265518168336295
0.2932869633881141,0.891154015968301
0.09888560342264416,0.09008910650360935
0.12826744172038143,0.11017799705687724
0.4748545843240358,0.49368214656553994
0.054406769179211084,0.04028796150624546
0.18561689554437094,0.14349116828879097
0.2483011999453458,0.4300816403897895
0.14602193062398044,0.1498585090178982
0.07821846059301428,0.05307464435938792
0.04306602958932529,0.028371350745145327
0.1559666612924973,0.7826389297933477
0.09614056811783109,0.4716064900691877
0.17510328444745965,0.6030507675899074
0.10940468580271938,0.4676205921159557
0.06095466238139648,0.2558246632047906
0.18724595561994628,0.4712761733299938
0.23220874369853992,0.9603635433980694
0.4927412314741448,0.5227774073389776
0.35224619527791773,0.4090462408509815
0.11971510520273193,0.14403022797433812
0.13015810912635672,0.13781715937304004
0.26152120540999657,0.7366247640266349
0.07292601329494162,0.04487063811121376
0.00801892170581327,0.02116534967006821
0.33564917448821757,0.670296977376709
0.1804021505885811,0.5961666117398985
0.08780196770523982,0.29650417990582634
0.4781217660629085,0.4454195678680564
0.25953196109595816,0.4453867787114233
0.10236310540151403,0.48307274429665986
0.4252021874098129,0.6000323157524174
0.18980863732962158,0.4495169173557807
0.12497600424641787,0.13273210938061974
0.1021133390883092,0.06150681423570952
0.43098577110047886,0.49744054612017113
0.5796851484942069,0.4729162582249766
0.20595060880528737,0.8831971380953981
0.48008949452795724,0.27144844840626003
0.45342051852216514,0.5037915461012475
0.06657631130686863,0.05075278324414328
0.021351292641448423,0.009036491285828183
0.2589802581909372,0.2491462758974141
0.108194607517199,0.13024548272328024
0.24480313760445438,0.6058459706245723
0.6206189807572529,0.18043313244021783
0.12764788033816962,0.29119334031114175
0.1806666684738123,0.13331400639377633
0.43411137087345136,0.7121940675216393
0.17401420218464914,0.6952255271222069
0.41364840509787293,0.6398846335670548
0.47798864961121895,0.4559652981543628
0.3161001635700788,0.8716234631686994
0.025727757793197175,0.02115098189879678
0.3128781954128506,0.29754816791536687
0.11291927052952584,0.38620405355812
0.20581961699867665,0.7695252973334584
0.5314582468577099,0.4943123906218102
0.0782285794126668,0.4034709588261754
0.10636227203301948,0.5662036233296545
0.4183374387442721,0.5728222364575329
0.09581345034624578,0.3866883088979313
0.508165032551191,0.19575748914229177
0.390327018414764,0.3939286822599066
0.5198643575527645,0.4034696598395402
0.48168486501112284,0.5426024962033511
0.47901383071267517,0.4710737667568617
0.20159752534732492,0.4603427663757048
0.10175737813769453,0.5767933810553774
0.22751987886779576,0.8591713808514289
0.13650104611690111,0.3057330562727817
0.06460476634876415,0.15887468074900096
0.2789352072939385,0.3017342274598645
0.6659465111651504,0.2514563575824468
0.4080600248144574,0.33128410052590435
0.10016309393788903,0.3030394602057098
0.2867699057607485,0.6330330595040338
0.08958853394427255,0.4672762396515015
0.1215935719683285,0.18240007945742417
0.39667187705239515,0.6841141539545975
0.16037439937231676,0.15583642571761494
0.4964649214431467,0.5164705915680007
0.46740657102863725,0.569554080527157
0.4021895428750735,0.16901940328326587
0.11544131392048312,0.3474172855374014
0.29247731718328224,0.7420754798749118
0.13742578555959992,0.7397958625126148
0.05203769894943583,0.3078145371805179
0.12137148596668529,0.10456801707801437
0.27308102898490716,0.38040355868394393
0.17129868520986244,0.061091734356551665
0.029073849645082275,0.026362947057402764
0.09055077524597052,0.5114664871600726
0.17122425480144143,0.826451225126448
0.13096019477676313,0.495075564109533
0.11793737907927712,0.32599644461590493
0.24130110189881196,0.2822303580547464
0.3323989094781221,0.34732179654230816
0.18390671929261787,0.17169571040637335
0.16778244255886762,0.6434064086478645
0.4681886190292515,0.20039539529728226
0.15184930697297686,0.5648757726542533
0.25333504471966445,0.3445129980659369
0.40648592998407457,0.23007747942320456
0.33910699119649956,0.13521695376033782
0.12930943253125696,0.42665885688653454
0.13330044225769452,0.3561758385342849
0.06954611271088897,0.28903050249482437
0.6184462095590749,0.3772791933643354
0.1322219392500049,0.2948485717968962
0.27490044041764145,0.312979708443685
0.09839974700943155,0.09558753906196493
0.06369901478623638,0.05938203813792335
0.26384698396060674,0.8832570838817626
0.12683019589530106,0.11051432070711159
0.2226533342934212,0.4658741678265151
0.14181955069963711,0.17768504362599868
0.006397749156760173,0.004165803728057249
0.01646168516127356,0.013636795064080416
0.101533407509391,0.5698199988680241
0.1256230251394358,0.5098371892298301
0.3108158910259523,0.6013908197253844
0.45794553786980535,0.39212506675088005
0.5640058705417521,0.36178701666154306
0.4841191444198127,0.44295760479705576
0.4029937649358151,0.6630835167207867
0.08453150000140143,0.5247915203132034
0.0591076282606904,0.21916061590084235
0.30225879444460546,0.16383845216814236
0.001991460658239327,0.0016375728755891783
0.28699249953435785,0.8524731541377607
0.37728107099937747,0.7421746043516284
0.17523115571353992,0.5714070088326687
0.29482640687940603,0.39794211079366726
0.27670397621242565,0.9249384555603208
0.6011687608020947,0.386735425132165
0.09710070473710229,0.42433396029921383
0.10484690092102202,0.4348252160625163
0.1404859306325271,0.6478971652597053
0.35118618552266945,0.3285682764873268
0.13217270068740525,0.1266801043148961
0.4534761660688764,0.2666473958202816
0.19609023143299703,0.20054281315564465
0.503261027337129,0.5436210606195073
0.45977894563082305,0.2844822222532301
0.5477570825545515,0.471005891250719
0.12337738201694286,0.5326661377916937
0.27814778046665867,0.37222278246321416
0.2955386670039491,0.24001908133495645
0.14700064195992754,0.7087139818350979
0.20626050874014032,0.2353894821155788
0.324787934176529,0.9364164430207398
0.1370394587452022,0.5873378263044478
0.052113139768183936,0.2863652886910865
0.08044340261215967,0.18098643493004862
0.2934987360958262,0.9296520689933654
0.2554896478826803,0.919244449597911
0.11782639443700818,0.36090354170628336
0.47160719615060115,0.5749917282133984
0.02845850658591525,0.092965345827722
0.3361329723992205,0.39303907718479425
0.13588324502875718,0.12899552014765694
0.2940228277254774,0.5242860361377355
0.09520462111516839,0.10405068762832238
0.1802350088017085,0.6878945160762231
0.0858910545436587,0.42056218863633216
0.5260709891990286,0.5155304226556637
0.03805225841036755,0.21852954856200557
0.2809070295524052,0.5897916760995802
0.18771547791243834,0.6665959577667966
0.28709996253865566,0.6992580023334579
0.1062657179267955,0.23298115280070028
0.10166583793748757,0.10753029961455335
0.0047891272849266316,0.002198499501947011
0.4696439969454844,0.4993002548457237
0.13869962864601823,0.583665116932132
0.02019329172712333,0.12763754755439527
0.394963523984088,0.4801273548786229
0.025888009247717676,0.1592003271934837
0.39508382642942685,0.31051640846033196
0.3464220066357266,0.12243869346272962
0.08443713730485668,0.4794279059241064
0.06030568481410565,0.03686550924975656
0.2860310287150565,0.8684386387561454
0.1788367373082382,0.7765370670121086
0.0753656086837006,0.07928715855923515
0.3264112924175881,0.750814048240453
0.0901864810905977,0.2481586598962065
0.3889097168282548,0.8120273819790028
0.27254691429323796,0.6932632730485181
0.10301644796483114,0.5316729133588958
0.12890198842158412,0.5564223256565793
0.49563431485629217,0.2830518478907369
0.10661024803680948,0.5325268216080011
0.20757945788060764,0.6745687188381455
0.4973065158682145,0.4064398570423333
0.06255944451664895,0.325654141858067
0.09422411978406323,0.3100571616047835
0.45915609523795137,0.6054768157635523
0.11075252130256046,0.095773877376914
0.16054191607120838,0.8507895686245187
0.3394120238064887,0.48302870924439834
0.13940956860102158,0.4553335909131223
0.2619272248888573,0.07648252776114448
0.14073899811871077,0.6312247766732224
0.2412935163587491,0.5143253773011243
0.4233510803271676,0.21735742283529597
0.09121871378809582,0.10107643257812576
0.39983933629127955,0.1562054736133827
0.4707862802583719,0.18028709399949389
0.2890811229579726,0.2598745952440211
0.4186917246197088,0.3634066224517948
0.3957733979120135,0.6316413017929936
0.5713838767318552,0.3497386981383132
0.04357978673538519,0.278732567492286
0.4250365758161831,0.767428759882775
0.1892672245530573,0.8282357964068083
0.6247742788495322,0.24000581865170534
0.11322782725365754,0.3755854435050026
0.10711373719785128,0.2410747002528293
0.2782907001080657,0.3620731536284614
0.21458786695594126,0.5387129377672615
0.4883066840359796,0.46701215274902985
0.13597884459681844,0.14899991158849468
0.12510314540340775,0.7078997853072796
0.5534605024394917,0.24697225456625518
0.09231946418478379,0.0606632562325493
0.06061982001495155,0.30443585868950207
0.03614925939862359,0.021500594331885475
0.31816784984188734,0.27186039776388254
0.016175654676904343,0.0840736115211429
0.12087131588796407,0.13334465519872452
0.08530082840816436,0.4454269329385414
0.12137128029990772,0.16416279157336336
0.20583291562257808,0.19025614879643468
0.28967658744995833,0.2818461011505712
0.11233818559197924,0.5893850386185372
0.23555285522793,0.6313581640718436
0.16580399218216224,0.45395746660711667
0.4007618164418509,0.18449573641111985
0.19995784693315127,0.26238321850411683
0.05805897622710683,0.29488503901731206
0.18868537971355934,0.6601577811360595
0.1251880866902122,0.31219507536014035
0.20527559540656218,0.8878169240787731
0.4776746630015576,0.38893530377789803
0.19825386764115796,0.09495798420656863
0.539572472120215,0.48348952079858587
0.3278420874996095,0.8561050337322448
0.1549709025529162,0.5353301379775046
0.10024704481493185,0.531288967962248
0.4907982203046775,0.2593484835676832
0.24272702589039913,0.17803376152455475
0.06701637816918793,0.04154461095305916
0.2173445644106119,0.03777455492254597
0.07719830028125274,0.31455315392882954
0.15470521002069823,0.60664925758635
0.1957856442518736,0.15992565644875778
0.16446392327599973,0.7019240590549967
0.046689356169454646,0.28884991748682826
0.2580999423169288,0.9229640043756148
0.4699208235251619,0.4603902953206227
0.19643413781922997,0.23062715440881548
0.04903543984725021,0.19992530621843085
0.06574155386607457,0.4066334923438997
0.17430470074418294,0.48428518445777136
0.4249649034941613,0.6225516881206296
0.3761397915467532,0.8041312230476286
0.05300907032579318,0.2235497456249804
0.6100017582605777,0.295288926977189
0.2855469296112685,0.9475695310748791
0.27886170997835974,0.2510812723886398
0.18031465277191555,0.3579966780388859
0.22616652079217922,0.23483777436696884
0.3950339163878395,0.18487665051914862
0.5323572057288869,0.24050151800047453
0.45153396280652813,0.4776874286485823
0.10999155604892256,0.6082679122907632
0.4511627357576195,0.5918012029418755
0.16917262287995236,0.6373662101877123
0.13108085816490075,0.2391282000624036
0.5158994765849951,0.49189060129946444
0.02314184781950684,0.026643769553753128
0.11708041751703127,0.21487867710727712
0.22175362160663564,0.2412591216415882
0.30416621186251475,0.7993672414790427
0.16400895713171915,0.06713969837532228
0.1564749030086201,0.4509743753241461
0.2992539469815279,0.44908336995604115
0.2348858149004991,0.6374887137351835
0.12127669551030014,0.20524748086447447
0.15377971637172144,0.7193620665825761
0.40218417154867175,0.7693332566068868
0.07886175851689514,0.10027239545867307
0.16483481962436097,0.3082123816664666
0.20876285677604808,0.9142650117757264
0.11016620800080723,0.564207193623102
0.21745751870341706,0.5926244199372488
0.16393392954431746,0.5545412842122595
0.1016032672666362,0.2181215566352911
0.2371040269813527,0.7495722126678236
0.37194555371219057,0.6572169421632817
0.20572894379619894,0.6555301998359233
0.14196830325394966,0.10713581907541737
0.07004979255477213,0.058664372097844975
0.09629453822420798,0.4284288854030861
0.02761900209686853,0.06258640589228882
0.11361156788226263,0.2035015002602998
0.07258723010554051,0.3985498723310769
0.23591055336485814,0.9787975009649966
0.2327326576665015,0.9870737593166308
0.23188461614931088,0.34093442603846263
0.4835329670540731,0.6584914534460979
0.08761487494080063,0.0917929747348004
0.1459389409113884,0.7373072758805146
0.14639711201462355,0.5527502065941623
0.06939670489584684,0.38405527312377896
0.24675740078491606,0.60448010471782
0.37587971506859746,0.4847984995374272
0.28736127201029654,0.12074410722941724
0.5882506272274086,0.20973424611140565
0.15204821361264015,0.8161713241139276
0.377458060757137,0.22709571623128824
0.1485387392357411,0.15322232586354553
0.3635510169944147,0.12184504242919214
0.10756249831024689,0.19351479293378682
0.059337356502196216,0.04937230395625764
0.06105603369867806,0.13472581091962846
0.1256855337167867,0.6657161435020575
0.2264381494860225,0.41845464543367344
0.10931434334584576,0.5145458249845887
0.10848780238420189,0.2862682613461577
0.3819175933844488,0.5362361447186286
0.03360892853768093,0.180543846662319
0.1324593788747382,0.11381360593793503
0.03722719453402718,0.19209607501189713
0.4060990123562051,0.7624722913058006
0.12384342510176383,0.6069182228921158
0.5057488310973047,0.2657130511675852
0.061149792499073555,0.09991731075560994
0.15256444559248775,0.1356622310010711
0.5550555050340762,0.48692063151742093
0.11568529177708407,0.4168870749428328
0.1735659580138252,0.06515164787882748
0.14929355564046023,0.14062750450145403
0.12940074896028672,0.2883399293910029
0.11614711452299584,0.3364721968506816
0.10672076417241276,0.4810167409298021
0.14909807953676338,0.7410661773460496
0.3563033300671081,0.8192404264280494
0.09023028491781196,0.19721526923625576
0.3788815459451487,0.13805857847153077
0.011628270679151589,0.027215070567803576
0.1974411536446518,0.22635152805717113
0.15351068028481663,0.09908793391491731
0.600331020827493,0.310053476995766
0.47878666681981635,0.43654437229178006
0.4187336786386062,0.6955918251360351
0.08370490994313194,0.34101223621505716
0.11475008214560695,0.08981877038002804
0.11525350988136697,0.12217005753395517
0.2732176140654167,0.4146408794189596
0.024201589126763463,0.017847655567528587
0.28242092958452486,0.8122467316024294
0.11330068298644351,0.3672530268469966
0.5282423735816474,0.3814432462704537
0.05828971603152972,0.35475154730748987
0.2396896700812098,0.7256766377742027
0.13528996897954307,0.24237784915705382
0.04758325074992728,0.27789117760884563
0.06041511113119621,0.18218927008008912
0.09505297077769236,0.5396748571679617
0.14006139797283917,0.40474183214307385
0.14526909844271307,0.09218957178507148
0.24625604175205026,0.8581929728920207
0.5624482794230977,0.30945493235823807
0.1996728824892639,0.18541730247277624
0.13572404574328686,0.5106451116769317
0.1390292492069066,0.2579766231467376
0.0627867129808759,0.17428902135580773
0.1443541982556869,0.10447161172463194
0.41993623721924295,0.6003097417453922
0.09585115665062625,0.473100548536457
0.3477709691885736,0.7392947981172378
0.5270581318394766,0.5446752299224071
0.1574873227864316,0.348872115723819
0.5879081797739192,0.4166390198687166
0.12603952268399352,0.10043443665164657
0.44241557529014547,0.33300430239430473
0.21927584931678906,0.4344189670571661
0.007110360119890577,0.02360430509877259
0.22911082463459045,0.19668879587882937
0.483730905673793,0.6611825533361243
0.13580616305916846,0.7091980428944754
0.4174881543463901,0.48638975867416795
0.16949709047580852,0.18851424421465848
0.24695088256675196,0.23467246718738252
0.05736472154872802,0.04753990729188416
0.07214189792117802,0.04668474987769752
0.1471311951270805,0.1983015814393372
0.170151901924095,0.403629472707389
0.24053825495834888,0.9750046528933526
0.47921731096093073,0.5734703141363431
0.5474580821503281,0.48740712335019615
0.34734636194530066,0.47353520993397097
0.5036857464444449,0.5864040703279448
0.07078622991605156,0.30830936005281767
0.5114150523464515,0.1667760171651967
0.2700693296325865,0.3950655287204258
0.11492509860066184,0.6420339914843259
0.15437008446422026,0.4358169083543443
0.32113825037894417,0.368214805883451
0.28258121975876255,0.2633834760016917
0.05658206495827346,0.3012420234368309
0.34870076983317566,0.1354163276345231
0.006196058353727306,0.0043566331536276925
0.529264904800828,0.4929470352621203
0.2555964468595882,0.6288482021517453
0.11147923257394854,0.18282436814660377
0.2565874569284697,0.28303776348457715
0.15955707089210985,0.12607967828718447
0.3698994587918746,0.8113327273697902
0.06662509332776927,0.22201044772660006
0.10935672175089621,0.17442018212420451
0.14912673134415408,0.8075369055734358
0.41838119061399154,0.20355842549243805
0.02680540271133621,0.025124672418509655
0.27377213320433896,0.16248241964225546
0.18839492672859307,0.5308329691902144
0.007241855431707134,0.005279353899726405
0.2560697320224647,0.2150056341253588
0.18097158174416106,0.5931826506528596
0.3128146193331673,0.28870074582441646
0.2805317871522511,0.8256156064949458
0.011841725784790803,0.07904940686627418
0.45580552344355557,0.15716566221253195
0.37889712967834294,0.1608316076998141
0.37507201444658694,0.6174052106778459
0.1542675988688372,0.09481256689347967
0.2681484903081356,0.418507137709913
0.07985905781900707,0.08907495514056367
0.29777175176398274,0.18218031259411926
0.14329280072065304,0.15785408792676486
0.42405138733544495,0.6931876655878194
0.07530415039085653,0.4509652350113139
0.3755549476906603,0.547882279775901
0.15724804480869967,0.6109120598639366
0.5106530553835711,0.42880083669554503
0.5260812771733289,0.5765795356100271
0.249271327672056,0.7530220454326633
0.1004909505034953,0.058037552613974024
0.1261896219664592,0.4349015093232982
0.046088125774962886,0.17315621328202702
0.48073825689037186,0.5671695359675138
0.04837573800926094,0.04823738749716975
0.4325015168879048,0.6773053962382846
0.05693289094276932,0.06412035379990894
0.3539181192068303,0.29340727701426156
0.15825702585297954,0.1857357553602724
0.17236832171508773,0.352279851570661
0.0075254430657232885,0.0069969217667773895
0.11345181736546438,0.08340421982928391
0.08808044641865168,0.07634363114289967
0.06994285428800194,0.22105730322715647
0.04357536512170802,0.08141551434763884
0.0131377934806104,0.007344700550896141
0.18385740222723235,0.17251563943337075
0.253976211683535,0.9547587616630859
0.1667001056664395,0.1704041192024242
0.20834057165741782,0.13928360538484444
0.26148820435481257,0.3776508025026721
0.16141547164588535,0.10178333807659949
0.13322327621850727,0.13325353318248123
0.2112429448200474,0.6043701355094255
0.24021125356286718,0.12746116950855232
0.2787142783777414,0.8038905594186563
0.4744665408599944,0.5334027383536218
0.04263086905724024,0.04768344894002114
0.4871335227473281,0.45953551462465986
0.3523262795870541,0.6603202105299555
0.5023977361672145,0.5538122090116214
0.29502234091311014,0.4627027756570546
0.3180109546207378,0.4095902549362051
0.5149614202405193,0.4900500252331328
0.1250890861202864,0.21855988007504146
0.018215384452087112,0.09083280301247938
0.184906373433184,0.38511000633785364
0.4767109590223042,0.2934482166649188
0.3849013087863082,0.16908372972735125
0.23744183237201277,0.15927001203790592
0.2492789301324205,0.8948846371308513
0.28292817875429255,0.17559141571141823
0.31106624543903355,0.2275435717365207
0.3003825275111302,0.17140264034253871
0.23981469399137478,0.7432554052189532
0.21834195711872784,0.15115685792040676
0.4202280396017144,0.703262248194879
0.0340106329554431,0.02507447092872227
0.0607002888066667,0.38584515145186427
0.13923716993444604,0.3327276363448743
0.014400879569837554,0.0887242500496992
0.494609665143718,0.44607017405474747
0.0840566590976258,0.5061114292888359
0.4664510228508215,0.34654319498111463
0.2571281666474111,0.8390104519519689
0.14277739331730593,0.59186859488952
0.037151170014968225,0.13204473716305995
0.08227072635394768,0.2102174777208707
0.4110451270455434,0.22644142467700254
0.09104049305635803,0.07924664522472757
0.4843647865834953,0.46979603075017573
0.042664893177098026,0.2221673664514237
0.03302218959118298,0.10548194798432756
0.18008569397598323,0.18348543505747775
0.28818402370751645,0.8829982043302869
0.5459790658836454,0.4874163897616019
0.10520640295888695,0.5048499905041649
0.1505035861144842,0.5488624853641569
0.08100462580022269,0.3150617460079294
0.0956140017612868,0.49799784548444614
0.22629444406977195,0.19066970749393097
0.3951504531793914,0.7669610968909103
0.2486155484737153,0.4891030050213766
0.3312392719987406,0.9081254116760585
0.12392511663917799,0.40459494142209257
0.054690547127156514,0.109155905403789
0.36830706538655744,0.6331977137828523
0.5741702772775739,0.46456404865328177
0.5147958220051312,0.31610196716427097
0.10137677693390255,0.5748475873269339
0.11523188470182279,0.16895003551378415
0.37997065979315536,0.8189281168349082
0.036630434542520095,0.22573788471951767
0.19078194225395656,0.17369484495523488
0.3550882767348991,0.20778113666311882
0.25926160748944815,0.5641116090497482
0.016570259337231615,0.01497560366728088
0.17071327614152654,0.18589777403870766
0.2728556867125415,0.28929468479242754
0.10230774575532395,0.5586087433999182
0.47109503442493833,0.5961722419821398
0.2201787505868959,0.10237602233894745
0.29456753369749955,0.13781249673856594
0.3464674665256498,0.88395704344297
0.04690341630194076,0.3008204646341175
0.2332404470900167,0.38888842424004355
0.03442045407455069,0.011430977548502952
0.07388184085032734,0.24409067249266544
0.44974570441180867,0.6177772907565521
0.3328408250869184,0.7918237688506286
0.28666053990907236,0.32963314542455097
0.12334959095492953,0.13035794572029194
0.2210093994660111,0.19047155500991925
0.315646182259334,0.5853043605482331
0.044476635421160475,0.2518514143888782
0.03615122756515181,0.1642830392212171
0.5075386632057494,0.4655332021385159
0.14237136138204562,0.13410870567050634
0.21523401678910656,0.16173930863998626
0.2026400308343704,0.1632170199853172
0.1866314783829366,0.04762755751229874
0.4118872802641029,0.740432416074886
0.22497087971492385,0.1653843570472601
0.159960413449309,0.4436034469279528
0.4821765597641692,0.43484662025381654
0.23177617660055594,0.9301341244415264
0.10506277700739304,0.1538571684828052
0.3437486351878997,0.7157147195422321
0.24021357688199946,0.6304923772681655
0.2696626386483278,0.8281184797912242
0.07644270003395498,0.06256600110420452
0.26478215839608293,0.7213383253808383
0.19060055515671184,0.6099616480961054
0.17445313471769025,0.8540674362360365
0.033247377939821285,0.013064867712179637
0.09256171963306374,0.36823859685167487
0.07125891226378679,0.14615287088222553
0.23065967519761216,0.9556726486753689
0.16946310503059975,0.09322207878582961
0.422713042127257,0.5104075125384097
0.5443946578576884,0.24285875486197675
0.06597583363361895,0.3971583525487631
0.14656773261157796,0.2437803900376464
0.2700286544128521,0.40551646318551704
0.34558522568818434,0.4792059338485058
0.04167203636913739,0.042087695372702946
0.21444728674083358,0.879029811840356
0.07907200751066372,0.45775320955230364
0.21359203029974988,0.26232124381664157
0.5035064195046097,0.39554106790769544
0.3214408189430262,0.7342689260646947
0.08364171416584011,0.059933325758074044
0.3299733586611924,0.11875421546911302
0.13026490178135133,0.13875410793946744
0.31684162464735244,0.24451687663807264
0.32251861147487043,0.32869946465666955
0.14919323666748063,0.3092529207813687
0.42855908226476785,0.1938117273715421
0.015486100715354653,0.0703783929038107
0.5583263198111523,0.47519460463901875
0.18955605510233536,0.7099908860141151
0.26761403210350787,0.08829492413812326
0.16650826290579818,0.5806872658785008
0.11429314100651923,0.12467335420828253
0.2606184995716515,0.47850022730489356
0.022257748060338693,0.018483113353467553
0.15483823963972973,0.5656099984809142
0.08567493190544102,0.3679056875018093
0.31655029162937626,0.9357663448399394
0.05038868572375972,0.12893581288372197
0.43857327434435806,0.398454929203622
0.03457804932529365,0.011524454358125519
0.05572442185438321,0.33674043519244284
0.03976578474849263,0.01709827479690408
0.3473249262619175,0.8129412538377646
0.47315176685173954,0.35278563313328776
0.20448574809675088,0.351320960474287
0.25224637219786766,0.6582356497967339
0.1882978598821391,0.6563645807246223
0.22105035174678803,0.7466784219094502
0.07353113255083307,0.4185308739997537
0.24327657116770066,0.7806223917950845
0.0605811650269195,0.11143869316580479
0.027908586574689104,0.018265888820197525
0.24492814261938134,0.9331927478687452
0.048649134537321094,0.261899432472854
0.19337445922096458,0.12796369531663504
0.0337708680952364,0.014103409494365055
0.16905283726980974,0.17958056224757502
0.051564546992100835,0.03576652880008202
0.048783368889683196,0.22410839252356393
0.044510546882410545,0.2190186312984724
0.361814773597904,0.6959252185987047
0.2470236608470145,0.9499685295848297
0.07128472491679763,0.08337637472994118
0.10479398901518368,0.5731407338139002
0.28653235571709335,0.674561749616319
0.07766236721324664,0.061077952163124415
0.5164296113498225,0.35259445085647034
0.1059837678263082,0.47803796266723786
0.3157564322931128,0.4443126389082585
0.18488959037945846,0.6635586027292693
0.38278793527931393,0.6275751430134676
0.15788504169991652,0.10676755606736033
0.13925073524169337,0.070153446432591
0.23590210643258186,0.72643844384243
0.36396980520124395,0.7602595259984267
0.3270057109956691,0.2663172976499837
0.08576895002207671,0.08961158379682636
0.36400088206260733,0.8971899006966501
0.1386609750444583,0.2146091473346839
0.13326340795545302,0.7565432844782806
0.14361373737457825,0.793024087917089
0.10944777072729125,0.1975661557730359
0.4057891400385319,0.6337954263707273
0.48429515175896604,0.5083591599883823
0.11798158714598883,0.29706839955428077
0.05994281273402267,0.05012098906010919
0.41647661300806044,0.2149748936653647
0.19774550553073414,0.9437723969684918
0.12582601457041492,0.39438235163030144
0.5109326592832864,0.2292760423336805
0.134329315809534,0.6924412638130143
0.14007858657102445,0.11566248305265371
0.31700800488455333,0.7257052103159386
0.10589583574612535,0.07974210854085423
0.10237974359355055,0.11538131805687445
0.2631675751923144,0.16655479562735967
0.08679965614438329,0.539968376524216
0.08589259690058225,0.25436333315308685
0.5844211993561793,0.44188568796254535
0.10450157628488962,0.5269758443325766
0.6102058588960048,0.3459698002305938
0.47804873187058433,0.2631864375030073
0.03776773476861548,0.0338893491086109
0.10677053991588006,0.36656988672659346
0.048373044719400016,0.0426901119763693
0.3854882886405907,0.4372830224035284
0.1084814953847866,0.12406506320106679
0.05891354168329457,0.3547101184161548
0.07327106826685824,0.4294127311920961
0.11396663232634412,0.4816439832923758
0.029517541386505794,0.1738448142641626
0.08542994706075765,0.058441780791988064
0.11839960142057229,0.5912606822612962
0.44455158110636844,0.23533580460030265
0.21417621857758307,0.13014919460278046
0.20852262247138717,0.5607393832639428
0.19866108934598176,0.16215242246838035
0.10120451650991877,0.4689141813526743
0.2908715697396231,0.9108270856650275
0.4883421064582876,0.48027607085143476
0.02648749414598324,0.1487750042791466
0.21684079608551599,0.8318050189487967
0.4653982742564868,0.46947727057248356
0.18460516292092288,0.446264520269209
0.10632116927809027,0.10660233466974993
0.08072646042535822,0.34426346155843873
0.4654178391903685,0.26099231841130754
0.022666171139827124,0.1150515646276878
0.2399983329472836,0.2002998006725327
0.327182881935555,0.8306832828690139
0.17423864175517612,0.5894402289542194
0.22189005684784172,0.6690908002724166
0.3331351352486286,0.9500234846521886
0.20456517530259097,0.5658200429651129
0.190698621207168,0.19164061558667173
0.15989011022545171,0.3274642578619457
0.07118261215621743,0.050416462786617454
0.554895293040498,0.29988835922984786
0.547425362392961,0.3163975730069522
0.42648832403877496,0.5789279825924352
0.054119343065282315,0.04852870798741163
0.10432334479368041,0.4120041358583607
0.15122415421590182,0.5881049019932171
0.1495918065073737,0.09092551990151539
0.38362905754417637,0.1497620029992158
0.19101315171195096,0.43811619682835334
0.11872952576513317,0.09335632356293226
0.4762334098021316,0.3677461039281232
0.24258069353188166,0.7194493481850054
0.20541318637461456,0.371269003074856
0.4398876569083266,0.6846878305952563
0.1443753666642503,0.30691297246875965
0.5061455127958989,0.5242423510500653
0.06283281631141965,0.32262625877762124
0.01059748705276762,0.00513545370595702
0.6385006730815888,0.29261534854966004
0.13279559868472568,0.3110701779913596
0.3109656132549766,0.14432308068013064
0.34532730975054315,0.7053245978104326
0.10088272325385864,0.6108905576921947
0.30441067253151666,0.9040266717480034
0.19025013925443326,0.19533763842250162
0.23225496094975168,0.08951844829370591
0.14356036903399447,0.2757621906097196
0.3822395154881334,0.16935395482881185
0.016573914581887218,0.08754138659102646
0.1284580693136322,0.5268641532230538
0.2782495374783364,0.95826517959175
0.1389416496949888,0.058721621331258585
0.4881365329662058,0.3045108808915847
0.2675582157852398,0.5723225684065368
0.47004364310381985,0.2435845762261193
0.13604271882765093,0.6070232577138025
0.18982041693205554,0.3047505369907742
0.14122836311788722,0.1155656204034615
0.0187368357942766,0.01602391566016412
0.20374562850942768,0.294513217703416
0.21528779456540528,0.5995945383943636
0.13391370921937493,0.5867191188878839
0.578831670592434,0.1821817436282084
0.3604491630888346,0.7771476922387689
0.1054179992967394,0.5278154065653691
0.018776169442199273,0.004578462522374274
0.040728358578475836,0.26115786847847167
0.29256709849461005,0.3235727890984176
0.4905507365917302,0.35844936598558946
0.1420350202419209,0.6889338919949061
0.055319263358254794,0.22196795149925222
0.12494195201203041,0.36341589149932607
0.24563317076177713,0.229984620621428
0.13965781187275117,0.49773804230744273
0.2775001841796176,0.883463556434547
0.1740279764590736,0.19895816901942548
0.1565628484789939,0.588593666773702
0.5177686402106945,0.42878392469827287
0.16648881615053424,0.061921029747354465
0.08117126273224277,0.4780087721987954
0.11729212093458134,0.3814082574851053
0.11339974213646001,0.26794354369032536
0.06577298902828618,0.3851400001117991
0.04836228424450595,0.03364822566900943
0.28272180041537365,0.09994885778483467
0.09946896405781727,0.09346655470113911
0.14278238709868296,0.545787120203772
0.0028577088698638832,0.00022645074137055777
0.39957522839599274,0.7438520810178055
0.113766192630769,0.08305746334589062
0.16868967532425055,0.25438458775929595
0.26717732949265366,0.982925031133562
0.013603818539365688,0.011648248785367552
0.2219122398730479,0.7511324045686579
0.10016198800021718,0.335312910180056
0.1054607657385086,0.3589767063290206
0.4201316229070606,0.4927167495100722
0.02328324267818946,0.018692967123472147
0.091180468469647,0.04785297734638178
0.15711346082815683,0.3752692445176257
0.05252763250887678,0.03207169938663663
0.13398459831373494,0.5981947132316584
0.49296892121860686,0.3168158131337521
0.07645183661456773,0.4695378663227155
0.06928251536973497,0.2338783696237043
0.16204307801899726,0.7605312652915583
0.003414145015402922,0.0007249719273769641
0.11715282438203954,0.6010088760644896
0.029366942373240282,0.018586421702349167
0.1666000161176431,0.1773498844628806
0.2954280552496083,0.27915318768438846
0.45174151714181354,0.2580317062604605
0.11163360688162152,0.09383605696805902
0.08503648510342268,0.0743267101464077
0.46786184123739033,0.6869894155195625
0.3307795729734662,0.8521741791058564
0.23679967163522977,0.7938371733647487
0.031199747345489085,0.025720024565979244
0.48485133652500473,0.48310754126874655
0.42177708688524496,0.47452564449102663
0.5766863240552416,0.4103389218556226
0.5007506535324436,0.5351944901319766
0.2594397696464464,0.562290711976967
0.22458122220456228,0.7350421568326346
0.10576679980884794,0.49584778233052756
0.06400694564649753,0.32397426642719085
0.24295558075020746,0.5302544503652106
0.061227785929520065,0.033071533669432156
0.07398963788081687,0.05878473032082492
0.2726707162693715,0.18093626059679388
0.5768367641181087,0.37325048442831005
0.37868637050314136,0.7423502677726614
0.06306233391124853,0.3101654329665518
0.1409920189909107,0.5231167922885803
0.23782273867591547,0.200311710727573
0.04618622064405378,0.209312942735667
0.11179612807993222,0.4333673036402008
0.26354986096494804,0.9563250275596271
0.01325469095480162,0.011816406621624208
0.15606844651834548,0.24849289205104708
0.35459161243099596,0.1591769286289105
0.5767282188472783,0.2974618914942849
0.10585472579129296,0.3174098256178311
0.3745707961466754,0.6048472864433577
0.1870388473778049,0.6621289493452296
0.16963600147414085,0.5177608272582718
0.11527987901887436,0.11883948215865361
0.10405768715727479,0.09457469943296594
0.050691736775582696,0.29998973268901824
0.08478450144166651,0.19115020190451584
0.38775075715889734,0.8035023003865687
0.3099053650559726,0.6652089711960179
0.08552542237520634,0.46988277866712846
0.21923934410235096,0.8029641489680791
0.1140641459471689,0.059517413511662606
0.06037634614764834,0.39007687964009724
0.05632186265073489,0.2800879249842409
0.022197517859798538,0.04460085464591224
0.3618451660024617,0.8116353050425807
0.3419667113477043,0.7435027546110032
0.11365930761786276,0.3724145630167909
0.17783706647236228,0.6018488803732923
0.18581289203888227,0.8990809202567893
0.08318799164862781,0.4122564894133708
0.16324530687021133,0.16023162740437755
0.1959667619428464,0.1813030489059005
0.45545892986811654,0.6268629284164192
0.2508144175719524,0.3867485479212437
0.419258318379721,0.15509651778152247
0.019816769586926478,0.01125513731837734
0.39481400815753215,0.5911229426326204
0.4018550935718466,0.514964878868577
0.20188878012057876,0.16158865749813772
0.08231191183332229,0.06371794322726204
0.01619606906140806,0.0410112991833761
0.09756961710386357,0.3984786093756192
0.30273102134756463,0.4728471484712926
0.21420023603798355,0.533176523111497
0.016802970375522506,0.01672807528972746
0.11630185112794822,0.1295876537104189
0.16480229659361528,0.46742388225110054
0.10373743606119681,0.5023269514511763
0.10988498467079559,0.31899612693036666
0.2363192400124727,0.19974157956988106
0.2289380976780377,0.8550766935530287
0.1310962381833534,0.13420201200914866
0.022559118002474395,0.023907330834467368
0.055407322932352836,0.02092327670446832
0.2767680673926121,0.31111448693863103
0.15709118457706395,0.3586840978893839
0.19627331476599683,0.12091822509964593
0.38955413254634347,0.4051139164410177
0.09043632860126807,0.06866282153486714
0.046451871345544946,0.29697609073436043
0.2301968207476612,0.1933483274359869
0.0006718221357173948,0.0005679190375726457
0.1006740270580974,0.5365590920641715
0.1157179345286802,0.10304968792667284
0.14878139041406652,0.5459808578379908
0.12240825580441968,0.382285010002122
0.12394563939632842,0.3785742588271142
0.4331403643263299,0.42135149600146954
0.33026437680538884,0.44888975527936603
0.13924805982546012,0.4455899418521285
0.1145703704809008,0.08473394343905297
0.5581286263488506,0.35131219291922267
0.4124997206923374,0.539753524021254
0.1246769327215395,0.20621220291577266
0.23826201621576812,0.23257125430228046
0.07388714322799297,0.4328150047453477
0.11056186602812434,0.09016347434315244
0.1635146742218204,0.5226756918285848
0.27751265597602337,0.7988765742259817
0.3365398973765757,0.9430472841092409
0.2362137446384131,0.12084260579427702
0.10722094804945506,0.4508222828201443
0.32813352767433523,0.09665001568547829
0.004088153208164278,0.022749321304395307
0.12325130471244329,0.10913321655325219
0.0845439568101996,0.0699435311232859
0.04497567086741795,0.030672304636790583
0.27542465199009164,0.49834512066323133
0.2912867900003886,0.3047047845580179
0.3424298525387705,0.8200536882718428
0.13488902301154496,0.3783113353335131
0.18336349285416495,0.15151226003800825
0.19819024539689745,0.14877473843942793
0.18316944606578275,0.7315715269297676
0.5011726524286316,0.4102526556977835
0.06233760409537017,0.022626761251153673
0.1319937538690476,0.2602459612822274
0.13159356143425113,0.713743038145219
0.09661608964776439,0.06623160895249365
0.19625666102124625,0.3520022901644537
0.18471646187014854,0.4221819493442351
0.4670243742255583,0.18604321435752585
0.10979897263150344,0.28448868906995317
0.330978559767026,0.3132518572862847
0.4176620452854836,0.6948982594610931
0.22698182498888,0.5903518065895484
0.6210435460446831,0.3134896630863898
0.08887884494008715,0.47468183727505375
0.22826301206503827,0.7887753555312473
0.18877369487014797,0.3831930936804504
0.16779264825449938,0.058929686075360116
0.033696643814022605,0.17154339696089946
0.11438841145520366,0.5446452923174951
0.3999674879883613,0.16741178715875818
0.49869993658651735,0.4698641576988733
0.49302194792702037,0.4512924124911808
0.019915119802757484,0.10966828001379848
0.07236934330412374,0.4004377849339189
0.4332546623456701,0.5652904927096508
0.47363988982030597,0.30434440849578503
0.5544001017623907,0.3778659314089827
0.07373493755529041,0.3509270787682454
0.42316540634249944,0.16258412036013828
0.1465260542819373,0.25188101055898954
0.4287128027701602,0.6924545690190739
0.05805214183736909,0.07989240930957017
0.16145002944541487,0.6685077791185311
0.18887792490241198,0.7098336014508259
0.46510553591885295,0.6433606156865492
0.06194156359512242,0.03127928525388828
0.21698483019010528,0.7542165748930332
0.08580074933651041,0.5202028811506051
0.48714739591763234,0.5709835097691708
0.4622782017981359,0.27296371150644044
0.10333510403667225,0.1045104279689991
0.28847755138292747,0.5862853953190216
0.4167927836257118,0.3694863029030569
0.13131148646845708,0.7497770154501704
0.06191834186138904,0.3973526884377385
0.5111121126620962,0.4964615025362117
0.03162606793479943,0.046887686401313494
0.1084862815816068,0.08995957552383117
0.1808972944204392,0.1503270328230954
0.2857289763723491,0.5593206967496982
0.12928806649806238,0.30433918744572913
0.11138821656788063,0.07167102329745405
0.22805725388783,0.9879210071833506
0.059230127457348826,0.06488994279841832
0.057561087559187096,0.18048791336305925
0.1261653437892698,0.17225766952118607
0.11705767825495689,0.4995926726997231
0.2801568773038914,0.8981852517105835
0.3298389702316569,0.27720460151496074
0.13419529953855142,0.08538511183023152
0.32662264806614094,0.34482551633101227
0.14695341492008127,0.40213039206233975
0.11260226446410393,0.440529085741207
0.08598988696422233,0.26759205193259455
0.08963913995761354,0.3487833133318881
0.561617546444182,0.4072419386330461
0.17319350881952134,0.6855011788468831
0.24194537215908207,0.9674869232130698
0.26403484914020714,0.3347904351995504
0.09749740304444018,0.4222650872146077
0.28497671145935827,0.6908860220341372
0.22726160417550223,0.7832672091839293
0.14414471576845395,0.5741980242249877
0.28477577064165244,0.17989271982577662
0.1388565136470195,0.2699485195879449
0.5771728962575368,0.39466968627542365
0.13853443791300443,0.6938433007755564
0.18464274559124738,0.3911522875795065
0.20192861934141232,0.5900100589969677
0.14426424260497453,0.1426119578578764
0.26674033555128057,0.07700992895687203
0.08261656425360213,0.23590149902054375
0.08517244375806876,0.16842766562984862
0.131204599894614,0.5195111525804159
0.07234797763850385,0.27948404704602625
0.43130874576765643,0.22117983837359628
0.059379647274977514,0.3416589669596661
0.0885925494652613,0.5345477167370134
0.09546758234403817,0.5797466017902234
0.4014103345738296,0.7137337227656337
0.17049388578198466,0.304377162273927
0.021495907451371088,0.007666893516087473
0.3605733465191975,0.681790668577586
0.14285582988890774,0.5753129026174979
0.3276876879672848,0.7668327573428493
0.06250827655466712,0.37647189625163224
0.1393331848527903,0.3786892076208465
0.5204427998905342,0.40564511357164046
0.07014108891135795,0.06777854952718702
0.4364835030982724,0.6503580559434075
0.034051765655640436,0.18784763921352388
0.23472077847674738,0.5469865884270674
0.08579823996975228,0.4023632159473548
0.08213967873801067,0.08408273398826595
0.21065799802718552,0.4470258849129421
0.41307181230621143,0.7034845633870314
0.3257697091555317,0.38944191301333814
0.08402299286199846,0.4625013864091033
0.3047329824840805,0.8872961854899973
0.2467555986785632,0.520533407186379
0.47743082890767163,0.2718773925500291
0.43770038295512564,0.7105138156341343
0.31093684410479383,0.3099115418529293
0.2758268168540097,0.497618796365514
0.12870959300304616,0.31859963129752983
0.058994211226394346,0.3186466425742158
0.15705000599135752,0.16709456039806872
0.2842074217230763,0.568099623986286
0.14918989905074304,0.43440687685954
0.04742591487320184,0.0481664138846757
0.38779958180552837,0.8131931191029882
0.1827381820425488,0.35288436058827616
0.07154581846780327,0.3226082914642244
0.051704510205338006,0.18909222880678547
0.18901903882738752,0.49910263929922477
0.06355204019084908,0.4080665478741751
0.03176188092513195,0.2065546172814778
0.13298069172878157,0.1903755551927558
0.19629472246453178,0.6747261524527881
0.17098650911391103,0.05119654154184588
0.0355318086010775,0.01726401376529104
0.4213439275367567,0.2340790143634647
0.11940180280947818,0.5681067732377776
0.2389353143203386,0.20101035208738513
0.14655025513661862,0.5042479437913964
0.06940801988972527,0.0570252818358385
0.4445814246317714,0.30448643632450134
0.5602980701183492,0.24188938651729486
0.24468196120375588,0.13792904355030236
0.16407208433067488,0.7730089478718962
0.07733638641667126,0.201934801552006
0.1805240821652824,0.8569268968403231
0.2595921610450993,0.3573109024722469
0.06476765789162113,0.4085237438319004
0.10168247059488192,0.27327931244302545
0.12024417993219999,0.41003348869444517
0.43740231789276646,0.6752298626117563
0.13457421256366475,0.4478829133439247
0.307323913448223,0.8366529403810605
0.04863854150636321,0.05556543090925615
0.23706009312128765,0.19707637729161936
0.5908992249809544,0.37099970878090033
0.12490867073284624,0.21310183705312574
0.1536966999427529,0.07857739020895355
0.5675549240053773,0.49375831769912537
0.05505623861398543,0.049067523299029296
0.0987062514815569,0.21237180868272898
0.03829117893254938,0.04382816615913935
0.6469694312574754,0.3107649671448985
0.07204491968316354,0.2420332687450441
0.5102676280086508,0.40544749993883017
0.20113545040309153,0.7716118042178421
0.005958123987108075,0.03593692169175079
0.5145785708008939,0.24133331079490056
0.25723318319650873,0.7527735127369006
0.2893624093955274,0.1281716283671093
0.5814389756655037,0.3400852347723393
0.028950074536690257,0.13815662393050088
0.11085145289410459,0.0752221356921247
0.17818897052830143,0.6244911834759931
0.4520136078813277,0.6868378286335676
0.08618529540311326,0.34693387537342535
0.11795652860621149,0.08042499114263955
0.5090634577272932,0.3194962833401556
0.0959838188285797,0.0757129690184029
0.16269207492299093,0.6686811926138557
0.15309356416192374,0.12031377100361297
0.29948921299737685,0.15349432489567308
0.28687503848364476,0.1324079774144297
0.09025751583971407,0.5380892653843672
0.11099196114126487,0.43284525251381817
0.07759338862373129,0.08928333755233492
0.09284769061484223,0.5063453457292887
0.2785792861912974,0.7240872307810721
0.06108111662368061,0.06952894107981927
0.22823590828468962,0.8523844691026842
0.3169411189872292,0.4922561622590539
0.0764046521701754,0.4820295403184874
0.11474881339366824,0.4818239670034128
0.11641688337512418,0.6230633000371586
0.3666965427689428,0.8424978257350364
0.016477274373016437,0.010847045933882266
0.3747778474709545,0.8163671776484887
0.12395582049684117,0.14693719306146047
0.10539990025413719,0.15274050103286285
0.5229773915942891,0.2686091291865781
0.12165401726804904,0.4609481055163568
0.24676095007308083,0.1401219783487939
0.24172846464867126,0.9842951420285942
0.30915570115555013,0.4111749816380356
0.25131259291657715,0.2747970143216865
0.20378638313848488,0.5828603505804
0.12286141879620228,0.5476396825884574
0.3421348407879202,0.8941952386021184
0.10900647257422841,0.5087373515272898
0.02108743793727327,0.009652178955933524
0.013262587986430244,0.001707450099703262
0.36772140405056963,0.19015952700376723
0.38203558141898525,0.16996142573460257
0.13548237310625982,0.2179065669950855
0.07567196133384377,0.391436852189533
0.146684666177703,0.49802058125023696
0.14006663380492473,0.611615895969977
0.10192435858868312,0.6008022702760023
0.29381927934366614,0.8814118204670356
0.24363853380437814,0.8398648925143347
0.010236154613135045,0.010823928274085539
0.1176562448073546,0.09885484345138469
0.14540450444090675,0.28343373344976336
0.5062788009907869,0.5051661550753779
0.4558881832640197,0.3957053288127767
0.3867536376860965,0.1688889626071569
0.3655381810668351,0.15042114981125185
0.0813299017150654,0.29586000129610934
0.012569264741063653,0.010772909947302567
0.24046997103084808,0.07962733425534274
0.48091726901196735,0.2851172087887674
0.1177600619994226,0.13491842667199164
0.392487484018946,0.14496410088048334
0.1264091524583046,0.5960789338486208
0.019356330828093737,0.008779394729192341
0.5138625546643948,0.3817897708989823
0.056431151225075485,0.06313434812300847
0.1113492010487875,0.5593911692723709
0.25818743616671563,0.6285736543553557
0.498427658332215,0.36074126186604066
0.173904344884792,0.7690925357996004
0.23592884387251717,0.4717904006679175
0.06267468190819717,0.3446349448094788
0.09242727093210255,0.20172900220453335
0.16981411216236456,0.4646359062527606
0.5817855474537594,0.29473463040745107
0.3890366560112643,0.178844889634828
0.4203529854612033,0.6374118954825572
0.20252454366487985,0.3274725673232361
0.5293375982833282,0.44503516265474663
0.2555508859459227,0.20626783242464614
0.03834984554932277,0.029272001759742174
0.4128156399362908,0.5907435010328606
0.11191190633460996,0.5050509013018668
0.3157146596453394,0.1818968585954152
0.010335363825430289,0.007878666329821359
0.015541655359494994,0.008898780287506437
0.26192044237894563,0.28953231596551526
0.3642691801643984,0.4582158549891349
0.39786049472749946,0.3582058440540528
0.26251091508597885,0.19661810451644016
0.1101425764408496,0.5952556768275987
0.41816235993992923,0.33953175821705084
0.04536396455619227,0.2901884589185222
0.14270678278138776,0.1659466730868843
0.19103540952459766,0.3202401440844984
0.20556466866919895,0.5615654580522356
0.5933246494026063,0.335429216649771
0.2799306989895765,0.5031241865459254
0.595773815048569,0.19494962137956162
0.0932742707527837,0.35264768542883806
0.2365614487199483,0.9605731467106559
0.09422286090176576,0.23438051863641207
0.04740226135075063,0.04155225247166531
0.48005229072247935,0.3721176403850316
0.11515640104029289,0.1104890650083336
0.1600293763737361,0.6532249691739926
0.39518021639015316,0.7162896396507968
0.019267385041471154,0.01528179678771153
0.504678119426945,0.285750490965129
0.17883548058196289,0.6270655748530245
0.16685027449390505,0.5659970248541739
0.3543482775141351,0.7551302659252086
0.17506728174790084,0.3758084303840978
0.06531894222276018,0.21570172642257396
0.21369996179985673,0.10121451343823916
0.2001856152057677,0.15967916692704298
0.338273338868275,0.9390604472156218
0.3930373543171849,0.37658052503656075
0.08971450379785785,0.30746750017510827
0.3526401904438775,0.6983041885806219
0.21418437022490294,0.20349194138149967
0.10191304352303869,0.10342484857334304
0.3753717056958625,0.8003861743281706
0.14138448484452565,0.6075140251362722
0.5397633536261441,0.23846348523997482
0.4194371477992151,0.6919564097289116
0.22006966007723788,0.3577229661391486
0.226995574180742,0.4859683137584173
0.4344432146744265,0.2818579026296669
0.4568273524391179,0.42163455700587515
0.25666599409866975,0.24960618099636148
0.30849938878090305,0.633062293811242
0.11689965156508185,0.5128539489216255
0.09756601653059384,0.5069887147187689
0.3949035834943426,0.16444902656373223
0.3338533094683982,0.4024022130714039
0.027326401014197723,0.15771354803328536
0.332676094987029,0.35062507940242
0.1304056238775167,0.4385726822483804
0.13231655734739886,0.15593120318187847
0.3117696187955886,0.3910026436360285
0.2691711683279696,0.17027355205140776
0.29098303676350445,0.8100737685867228
0.3604552746961183,0.3474341531945557
0.24167956662253043,0.1997941418480338
0.4321933411090273,0.7081875893901016
0.1401048785641704,0.13079123532025977
0.36574516743937097,0.14000257023999335
0.13649603135820254,0.4174724225152381
0.12317018404917379,0.09476651699252651
0.12577986532460728,0.5473074014877921
0.15710765701236554,0.16690798834258044
0.29615713703485413,0.727635733274774
0.5729073885906993,0.33455758050195694
0.07316906201379274,0.29961988805904677
0.038494399880449434,0.021271149605753395
0.3208997494382535,0.9210720915630815
0.45610536691508136,0.6370111878152066
0.37124606578748603,0.8858360403444328
0.144852987927013,0.7570068493126216
0.5549501864745751,0.3094392773351575
0.13160752014729368,0.5824974928197009
0.04055690260038065,0.2004720158814305
0.18873972497055674,0.8156829175207564
0.2434639826495576,0.09714366288209564
0.2762483239857331,0.4031582607396401
0.1146270530563885,0.31508597484891326
0.055442505515636356,0.04296857266623276
0.4787535898123418,0.31322572228753004
0.2190224049761687,0.13421254190256163
0.0960269264698439,0.5096267817900421
0.14516448701838194,0.10273700265106277
0.18893577569200004,0.5067636337712832
0.1678325325047728,0.17251042764894728
0.061413534532444074,0.07682766965343393
0.06035185541277471,0.21662952847183795
0.2654050952943058,0.9689624981904189
0.05169097665030435,0.19932891151526766
0.1449693792904086,0.14372319861025756
0.42128698805314585,0.27587382379127234
0.2549193315177487,0.09130561785971437
0.418373141304389,0.2171948220937361
0.11518561759501846,0.5222886557561893
0.30000164242033744,0.8363288553830108
0.2860160545223291,0.343359182312875
0.11706968406821494,0.14694868286975865
0.2111852104711732,0.9387330940402774
0.16334119983692744,0.8596264691985602
0.33837084547982016,0.12532439018650915
0.5700524032767522,0.4452463717643961
0.514459938919492,0.2929123034693048
0.1726658378303965,0.7260083187385953
0.40366828073821903,0.7730871679245842
0.18276299574204433,0.32420029008722945
0.3280535639287482,0.6927837897306591
0.05644646232728936,0.048107729191752276
0.5253416531728821,0.431436376323782
0.30960552280392234,0.7416770325881722
0.44433150996483267,0.6383027097513466
0.42078959348511336,0.6407923302830789
0.07631270872769401,0.05649014641965999
0.35157060332697937,0.6279531266751306
0.16578094583325967,0.36273115581662335
0.3094607773507237,0.5707657015841319
0.253319804825824,0.16635454743106798
0.4418748732752193,0.47681824896728425
0.09682914418115052,0.06512326666835222
0.2480552324821761,0.11372284412459298
0.28463526112442894,0.9414338753998694
0.1483960257181982,0.32426124324711897
0.21733939322695242,0.35693376862080245
0.24636001283079328,0.8142725760987892
0.5874060579218767,0.45493256494328
0.08685272141643324,0.07719876355350969
0.540231601274508,0.473607314368877
0.5829093870581297,0.3674130468618903
0.03902264283640337,0.2453667368049596
0.36783524226070996,0.7335334318504004
0.4550366931147882,0.6927060905775503
0.13729006115461753,0.5169334969309952
0.38219566103016656,0.1448833856800169
0.0321795028094379,0.014308785824682289
0.15387317435056413,0.511781642621524
0.03926233508675087,0.04106926765658899
0.06006893963075229,0.31894438774636336
0.13005216876960074,0.10250683805014928
0.34536800627953446,0.781682446719699
0.10235569810084245,0.43620302216235063
0.5970622090000263,0.4307946040766079
0.41328513003043643,0.45411522993001985
0.12120898045091248,0.598243909535441
0.035052480145112926,0.13836785777351707
0.13871908433726657,0.3537045772286155
0.4787007466959775,0.4569619404738796
0.2240023692344691,0.5489925996537068
0.10848287976850257,0.179713293800303
0.3820083732841339,0.8385376613522513
0.38604185176205175,0.6166512140152387
0.10253674688499438,0.07689862050632797
0.05144029400461628,0.2507969404700015
0.22458263255554722,0.42085010635402703
0.0400282407519097,0.2136410940508311
0.527128673181028,0.3928249858205268
0.12789184922343413,0.18308451847619303
0.12591900027740585,0.48277220387705455
0.0613649232666221,0.03168868315249817
0.07751273891554651,0.0836768588936768
0.09065941506663784,0.059887864597598345
0.04895920322095542,0.2920663887464733
0.1515401903574106,0.7128686750265542
0.24039402048754652,0.3179204718464671
0.29902853054665113,0.782618177595787
0.30735391351160135,0.3302900913644877
0.2366626095666802,0.26830453849647584
0.020586013928226014,0.087018587543156
0.07012975488400709,0.07042425483550545
0.2426797454585264,0.8121782320258545
0.4745125728665973,0.3424608413782801
0.13219049480401285,0.11921690835040265
0.007805341248137094,0.006492822923520572
0.2992992008648067,0.17023036334567665
0.4709073693654774,0.5673636722284607
0.11014002982125914,0.47577425221287833
0.59107969024716,0.3427822447671978
0.22597042462598335,0.434606845906228
0.002795361642516056,0.002307424920681462
0.3832303514626422,0.6629266471667169
0.20822767663049535,0.7419297139232681
0.0750470374584177,0.0504114461175241
0.22596093393425987,0.08106375867747875
0.09182616733245363,0.06873288499258
0.052441169322930366,0.050944497092968284
0.12908819335946534,0.235248123296069
0.20824484953191527,0.16293263534819372
0.15506297401074898,0.055289350457784235
0.02770073421486087,0.111136669670762
0.3416404843531687,0.7300701896874406
0.12932239655015543,0.15218621237635607
0.06755422291460607,0.2418672453955725
0.14546066019392156,0.12373493303015178
0.048677434964195326,0.11774223490037136
0.20268772072993507,0.6020582977000307
0.18070797541006697,0.7244098748658896
0.5110369828770189,0.39965292511165196
0.07969591983192843,0.35479441011814944
0.145712585424081,0.6884458737472685
0.2733599229219603,0.29626644999746654
0.13184643918720543,0.11028916408768685
0.19731059252505678,0.7800442327606149
0.20128712085596856,0.18515640021631272
0.38715359070539884,0.7812082612784077
0.3089826757722624,0.9099119710752447
0.32522181189634486,0.7492278607138854
0.06485177568580465,0.12063224086669269
0.1009074262904868,0.38007421908433836
0.27554551105449526,0.3115106516544492
0.5072812162243141,0.509813562928787
0.24914157678194607,0.7762218785908327
0.21965983862958696,0.18552306095162896
0.20340558886804,0.5805365659618257
0.0508069275366659,0.30564655081754405
0.47149802148418646,0.6203698187935528
0.15973827729955326,0.34937156421147414
0.3490419617283624,0.16261416268508144
0.4156900299996114,0.5690432424164436
0.09093945519211964,0.33358890455689755
0.6583798952536206,0.33056391311442423
0.17548396793837975,0.8027977073900644
0.40450977202167004,0.6794349431081785
0.2977946058756893,0.25153854185191604
0.5067531562530292,0.3305178526194011
0.16473303326615527,0.6229567517163062
0.11082599982036344,0.21272936600792558
0.03713863737295711,0.19868631683659405
0.1407872487404287,0.5211656264688753
0.4459614516232038,0.4026635618520234
0.2658777556537113,0.47995427735486346
0.018810875548953648,0.013487980893380984
0.28780639103453065,0.36123280175290184
0.10975350036220435,0.3586939433042167
0.044523127663044865,0.21824517283308628
0.5622240362072108,0.20261743500066007
0.263671201166696,0.12067130011912
0.13941698556338647,0.11120807238206605
0.18311961959576717,0.14665221354839678
0.16517743027231485,0.5598314225253262
0.053954545399716634,0.04335094515718599
0.5693854188591654,0.4520362399392035
0.30045474399290784,0.7607899955901276
0.20045123892610084,0.6709236711741593
0.33532748780539157,0.6278016052744474
0.11821771470615845,0.4224402563772635
0.06754140353016057,0.38813018810185207
0.2194975683538007,0.23846971643320708
0.1038141954864772,0.11696241456945126
0.2530848797229789,0.9406864714743466
0.38917511464772564,0.4315253198311099
0.41119015186959434,0.7111915809827419
0.3782316495542078,0.681122659199591
0.11641038165392172,0.5802636770840872
0.35657609910310634,0.2770326967305642
0.42713333322368424,0.37883754490031674
0.08941830695418895,0.25934105124842227
0.16339100284532485,0.15747954714228893
0.13659746523821745,0.4788183860746519
0.10414592606475731,0.5087783020767013
0.0183236599634244,0.010694699308160914
0.4378855777393461,0.5932848578206744
0.08911861693070383,0.3992709260571694
0.03674166380419118,0.060302770758677134
0.04628480643609706,0.04642858845422023
0.3899236824525892,0.6556611092175403
0.3282079309334362,0.685943890054664
0.16793535448589827,0.8475362879610875
0.11927714836218058,0.6706705916990177
0.08525082766622503,0.0394988303336118
0.41916626145436736,0.29132757077658833
0.06908019022651059,0.1801189442693524
0.437601069430695,0.2540913709280418
0.4436986509536204,0.2854346447649491
0.08852028910718614,0.47856065621306887
0.24829107484371277,0.8037811309679649
0.2199608826590123,0.2523794479952397
0.09284908918861778,0.07130911429776851
0.207002852331056,0.05526404745161261
0.15634220572752874,0.3994371499799894
0.45208200928877945,0.2200956959306187
0.05789541213360645,0.034039794980644675
0.32353014277685876,0.8624384753423637
0.3713408480834116,0.3308681655359314
0.4782775842745859,0.5729805512068299
0.2896545902392255,0.6666612792686841
0.2079090472718364,0.2118580302326098
0.04159733679189834,0.26082959510494524
0.12064290790533298,0.09989405750829075
0.1232107602694995,0.37724037769463575
0.43582858558236937,0.5878970713884487
0.4800352118638129,0.3849161792281794
0.07374813889265015,0.4195598787065163
0.06404049084892847,0.39486301490911724
0.046452017224748274,0.04205392879780021
0.17048009985305257,0.5342576668620322
0.3488825981897197,0.27363921704940625
0.12392500869950207,0.5311651053718066
0.5647620408530705,0.2999514242537663
0.0952731394954575,0.04936084948185335
0.3563117427746669,0.8911803578888678
0.09148070657614094,0.352567890556028
0.12472851113162414,0.1446088068599047
0.1047991380625648,0.4890546317718767
0.41960861601281174,0.21431099859187694
0.5732120663780391,0.41757635947902816
0.04278943470477015,0.1911836022634012
0.2840831864129808,0.9506976856176801
0.11186453346870774,0.5184639278591061
0.29232140670064577,0.18242860207051798
0.2745237385462973,0.7440791638295464
0.3995695027586461,0.8196431996509742
0.5024895939626665,0.2521842540947367
0.2859174034020798,0.07058827356600231
0.03813861148100925,0.07040032427406254
0.12799405677753212,0.6915523815200909
0.07916771356369809,0.39700056928126837
0.07768402204033723,0.055789967654318796
0.30713119123974236,0.4099558753273828
0.10542753864485405,0.463494449309019
0.6618682733497807,0.28641323744846225
0.1492038241126381,0.2013028925070706
0.3151951702916448,0.6454601427556372
0.15289539596097748,0.5016609072986311
0.12446163213220204,0.4485553775690712
0.04014825062721358,0.03220072175099419
0.4665156471003722,0.5903406276819055
0.08081280306692509,0.3890079819439794
0.24293992548144858,0.7053713245361581
0.25287379733611887,0.9818635787701501
0.10171287696874654,0.0888714077719345
0.22917649434038903,0.20663989430564375
0.48076380416236925,0.4014096184360454
0.23870122279969533,0.8678120606418629
0.025060721196108613,0.026340203574587055
0.0775053450565836,0.044184276553726545
0.1850807242248446,0.7073994024198061
0.01191741190945971,0.07235236395049638
0.32027735869905066,0.6380050439397943
0.3401091722780233,0.4415048084438581
0.0524339076185867,0.3312863275734627
0.5374422963463399,0.3287621389117438
0.46689006762233165,0.5718669366561504
0.12174393527921362,0.44125415938619456
0.46872528669161384,0.346404504952606
0.21889885347933685,0.8040188847065441
0.2526787548808935,0.280322310092212
0.11238899546126924,0.358720454743127
0.18379197702230304,0.17415579690573918
0.29368581197746446,0.47545324010438134
0.5950593086269234,0.4581301058505299
0.13346107913513855,0.13185967176281604
0.25285280336091287,0.7142173849145307
0.313928856698309,0.46684540525277735
0.310401554662169,0.8261195939054561
0.10268725201596199,0.6082095840265497
0.11716839325766612,0.26054653277217826
0.039619037095132925,0.24217466475812022
0.11506600755020113,0.6814374627417487
0.07249878495098241,0.3081346817690029
0.016629361290803946,0.05143506505565335
0.5153621639061927,0.4599183931659282
0.08316526506496714,0.21615936010298095
0.022077549329786037,0.01780699769877075
0.1086579374357693,0.07507893615335759
0.1483942081798386,0.1919149735767355
0.15789229933634202,0.6604982461568539
0.3258640693123015,0.5039721589247143
0.11934071580228388,0.09274589081325453
0.36766819670064194,0.8839728805551468
0.07035071053546152,0.21091314074494785
0.20712241271290652,0.3494806834044444
0.16792906973529512,0.16472040973103583
0.13664248752503788,0.15526656185584442
0.16034659952236427,0.5824743319454865
0.12103159126873458,0.14162679969366213
0.21385439712325904,0.13855443872017514
0.36244678995850005,0.7792275617336705
0.04401766668454824,0.21621548804045815
0.0637451450038978,0.149126551701352
0.37233149095697093,0.14569409158316185
0.12657097277800794,0.41086492092765725
0.19379531837606445,0.12740641936287378
0.1779805274800771,0.07588681124505232
0.4114581634137403,0.7073382196634885
0.4729522429795922,0.1933700055047841
0.3514311068098398,0.9110349726223327
0.46584277329947316,0.5307320909137802
0.4352318997463016,0.6889435170547263
0.04647464661934766,0.25607932569781106
0.12415656012874629,0.60621445497587
0.5131102809844817,0.3650875569331301
0.07299539151921945,0.40637313878056036
0.04864367291999795,0.27336220565403935
0.4231702871631973,0.5691926858616507
0.3748613809993791,0.3943303988121103
0.06759062466110952,0.2555014832502373
0.12063346405100625,0.10396025747029163
0.1488798354746696,0.5415796244474445
0.19717697277862659,0.7207793546821691
0.23348941161196787,0.540727281349724
0.11687995698241896,0.08842098294353028
0.38536004661411005,0.6868983807197898
0.5244005751896612,0.2606302644343605
0.14625388534881437,0.4794509242280041
0.5103998566581761,0.4945060373080044
0.21656946472400038,0.23183320129580678
0.6178964413199697,0.322614496029341
0.12213485521114031,0.5363693697334024
0.012180050812566155,0.03787966365090951
0.3272854664598728,0.08899981391508975
0.10229822490999867,0.07915661465606699
0.5125599158987267,0.5027714443433414
0.2936895369057532,0.4889884244066949
0.40417086537695346,0.6394380882809061
0.4348891249379042,0.3666932007763878
0.20323294016741714,0.5984218517694803
0.46333426628077945,0.25897658466695517
0.12771784006695952,0.45118183290549657
0.04948116676148541,0.2822638990159264
0.1723211318872143,0.630291620364008
0.3974593415976286,0.5901066729954283
0.06504876725106232,0.4144751922339387
0.025742139721755274,0.014416972974877366
0.08764443564021923,0.47785191613394745
0.4202511188183835,0.5507756346299626
0.02294442426209387,0.09297259322775901
0.4743827182455343,0.6671087494316557
0.17631115127731417,0.6795327401953314
0.20787914799722257,0.44088841552661856
0.37391820287077376,0.4836865468869317
0.07620661947435212,0.047573142485659754
0.28451679603814106,0.11445321370756582
0.5509258728644288,0.25292268558951775
0.161430068300377,0.694841262208311
0.275502562975122,0.07491014559236171
0.08735498906316398,0.06354923739321836
0.18950118108866865,0.6050947524937993
0.19182839990629594,0.16566233756865806
0.09930000401331993,0.3596776022275565
0.025851056876125027,0.10288830461714939
0.3099614569601503,0.18362884984727465
0.4813843753416812,0.16670499398023317
0.0704803187672826,0.22004925146509577
0.17261909788381102,0.04470669085023314
0.0633648517506894,0.13888393901187115
0.3186378699483125,0.9261580205811796
0.31728267118566617,0.40450893727350995
0.5007739031865419,0.22429770458937118
0.2581834789685573,0.4701297273397304
0.5293711565301541,0.3333816321041086
0.1921294511483888,0.20044471482810083
0.3119876976739086,0.5000176587708989
0.22263652393932876,0.6666311220550375
0.2615731804752272,0.07867192256685461
0.3366120051399193,0.44738148812813083
0.5090348407664798,0.4163185714558537
0.13318882323854567,0.10032124906645547
0.2880610833411593,0.4107202077264105
0.13859798047301705,0.10399361695798093
0.21402741855966242,0.22456630566339547
0.375137025329311,0.7189409677585054
0.02837012801608699,0.18572557838194625
0.48630643016678504,0.16433242969220235
0.12650783859445558,0.36990476653712095
0.1372969740421959,0.5124818588772782
0.1885479602674034,0.4381884547621736
0.1274831973328829,0.10846589660217033
0.23789389981340467,0.6299289243328722
0.15059775046303445,0.36614819953175964
0.045473622049635586,0.03918465282962821
0.15499481576640545,0.24059814533419627
0.4450604508570994,0.22012359149623667
0.16884769300875316,0.14216022327859484
0.37410288998547003,0.22535857751168256
0.5030168296425501,0.17198034428573286
0.12017902378915943,0.534582165659505
0.1601585991752137,0.17504744884640538
0.34632772512801374,0.3932839287146952
0.20178103503154038,0.845620272524694
0.10600899908040964,0.08594887434268844
0.21006555677279082,0.612063560334629
0.337894693236858,0.10388500513505602
0.4774880111433953,0.41617725404350286
0.1479416954220212,0.4099576837330209
0.4684617493695719,0.5459460807870302
0.08060855094116369,0.07147030399310553
0.42099310765608505,0.19876522205733502
0.46491944947475417,0.2503173329993011
0.3120766788011476,0.2858045132268751
0.04094209572803342,0.04160558652437945
0.058997664719581025,0.056030398641721386
0.24235885344101588,0.27091375567327536
0.14810868233151814,0.42338389743641186
0.06253342654309181,0.056428749502522024
0.4882845430088605,0.5017189126631402
0.22908844030987555,0.45533316929657797
0.4812675858187453,0.6708182570718524
0.15752299191018693,0.17857196800789057
0.29771712577860837,0.8833355609783703
0.18693389634211582,0.2003285636484256
0.38184817920490216,0.2922377397676042
0.028071521604648406,0.03141597955243208
0.16627035675618249,0.13835340830989615
0.06576344608494548,0.34513796448596673
0.09834345022683236,0.3391994028671719
0.04380716399230036,0.04322803089395689
0.29754562440876914,0.8276535209526639
0.1619571974942316,0.500332819340138
0.5096472344196027,0.5271187760513816
0.2596233486688973,0.25747864508034574
0.10327236458291568,0.24749115023664917
0.15987515573235234,0.6677685648714874
0.059650780898972425,0.3367263480356518
0.07862645552462068,0.06476451713137744
0.20339795489663165,0.096208063974762
0.08401320451861174,0.06181375809282948
0.27278698472166724,0.371955436820965
0.10872188658958541,0.30458606075119193
0.2745742808930115,0.9750903173914526
0.18454358226210008,0.5870838427052937
0.05484562609882088,0.18971717508856428
0.439226700955237,0.1541878748549359
0.08755930587224495,0.09261238635594678
0.149692045628927,0.15907413132688372
0.06581222048884727,0.05914156126841106
0.39488897651558075,0.1884795222946618
0.3457622790211955,0.4261924774604606
0.12210915889254811,0.6956280620766639
0.32285454065286057,0.3795313397057166
0.2046113572426487,0.23153837635452515
0.020117391969943235,0.02008826987499575
0.13704571758686204,0.27153932326435376
0.3087642407552412,0.7798948159163698
0.0949124089363612,0.11125594381039648
0.5310094046422928,0.3737070109950589
0.16908277203367578,0.874502144019266
0.5712965916474129,0.47189027457806626
0.3490989318329193,0.7061776956192264
0.05378590141037057,0.2687235913891448
0.3980724326077522,0.1407660985842163
0.07354940351577959,0.4097351881756658
0.06317579018710955,0.31848386929567823
0.1483271186372668,0.13204349747153882
0.13419779687123862,0.2625141102167458
0.01260718428982727,0.042095184376652404
0.23317138195600298,0.2601429943709004
0.051359224233812194,0.2991252350692945
0.17441123261804453,0.4854901256910583
0.003630144738065002,0.002234581751603544
0.5333091213260638,0.26089350309573067
0.12302761606879757,0.1141699051200333
0.447488925791285,0.19003422340624282
0.29907638464788505,0.34447642167526676
0.24926682857117333,0.9727605799017558
0.045506108991900156,0.2926330648068599
0.1951597242840812,0.041382884890197605
0.5786084384639802,0.4217752245060811
0.23290995027617178,0.27730720913176216
0.07545346162247685,0.46443134333333885
0.42840123932242274,0.2921211694892797
0.07849158850325715,0.0695432442443936
0.1310598383856947,0.5796223526209969
0.18808145930112483,0.881594298824517
0.47425746987940165,0.2017898482010208
0.2937552194619615,0.43761318361963036
0.30458977257434217,0.750842752423914
0.6582205438305444,0.3513928790744686
0.15486138121036863,0.6941038756986605
0.4146997987003134,0.7436793849670519
0.10931873214748453,0.4692923444578955
0.02298626715221098,0.02641091066334456
0.03081771902202914,0.1652405397218986
0.13880250978741127,0.12288918031528742
0.09825786263075903,0.22020894967601093
0.31786443896282063,0.7771897171252278
0.24777707229524681,0.8229811547105411
0.11225509880785996,0.5239958966773557
0.19574525010864322,0.7222527984356388
0.08943172200839228,0.1512709569826015
0.1284283662824288,0.14916079800777474
0.35465579219316534,0.8618152695036968
0.4034398861539809,0.6635596592119752
0.3747233048799896,0.7831749689006238
0.21126979231424955,0.7412189145639397
0.14603406929122234,0.5656357732050117
0.18083900729187954,0.5263327167126769
0.028789808205490108,0.024630903305338528
0.17120798555999106,0.5015393884470637
0.08924971278455031,0.06637100506130243
0.27009306067104955,0.38825712393875517
0.47946919276649813,0.5386965853338808
0.18599759447983505,0.10468012512279028
0.1469378566296602,0.1634518385510874
0.062555505011941,0.05644101630039107
0.4602594517155109,0.6010206920051705
0.1449991595812364,0.18755627252446488
0.11362150715081794,0.531856207801208
0.1261432293548855,0.39290991031600425
0.2728367370216711,1.0
0.1443509209756436,0.2320434786450592
0.12817274597256734,0.22365006641854768
0.4705821321121494,0.6448849764582862
0.38467625640720654,0.6848671643986175
0.3895999218691625,0.513529174348458
0.04428382894592952,0.1463476810102728
0.2973050813628461,0.6706608071806701
0.464393345364932,0.5674658715277854
0.15083184073718056,0.15437429339347958
0.14788588512745343,0.11958751788517796
0.12010455387248821,0.12237350091905233
0.1594168712191101,0.30079414081283573
0.16315469075446204,0.4894991796606025
0.15254138933032177,0.12189031091401017
0.0955425412358479,0.24284103454211864
0.1329441952537938,0.5691066146647031
0.057485065440883915,0.02810088889213804
0.17974753126850843,0.15408460216228367
0.6277252684392555,0.348679407876153
0.2698369754782731,0.1266849570958568
0.08326532002924851,0.05885929135610959
0.1385014797439142,0.685506777145491
0.468671499442739,0.5383452017282869
0.1689871141913873,0.5717789341329941
0.05544743260772176,0.1599212446077664
0.422560854570328,0.6400159506287303
0.36919386382593944,0.8608884404514964
0.13360643112753878,0.5027987268841518
0.11477731608462473,0.10684485265020684
0.2551834716567644,0.267571950841092
0.12477312868984504,0.09078992603675208
0.1221153785952341,0.19894259459242883
0.2243536751808876,0.06709016263319349
0.45364756993429695,0.2691803539938587
0.16798120597495628,0.1574467039877394
0.47964949140595237,0.3842797107430863
0.16233521238952314,0.7338923327344002
0.039366261682879905,0.256704846212104
0.5929749834750265,0.27396690993759315
0.1449777047357518,0.6167340030179248
0.10560314585614843,0.11304070652511189
0.1616966024161681,0.5412027191539224
0.13948548590236384,0.10717134308716308
0.2955470340751811,0.7916421298282814
0.04871518563692545,0.2911503567380376
0.03207243753319793,0.014271781452723249
0.34011949830301946,0.6012616583069195
0.4740225396746488,0.3840519077649249
0.17005470247233215,0.431622537437187
0.04980623311726287,0.10244923642741073
0.029473798827949333,0.1605106711245962
0.48109891167634755,0.5140420308904814
0.13142378653372347,0.5505554592438312
0.35241295185889243,0.4271169496911383
0.17284208105327195,0.5379922586097861
0.5373300365858292,0.3102965318647689
0.14897452035261716,0.43622827366442174
0.3783205867101147,0.833373564757424
0.11284913977822174,0.38243121584787315
0.11128221382973862,0.6354212783520952
0.4931808487436866,0.5272098989603302
0.09238916332751008,0.08139649661244493
0.26970334307787047,0.6805941112619457
0.15414398695502213,0.15211979494690267
0.3401569190034482,0.888217751434816
0.3950475710287029,0.5251410180403152
0.28038341456229676,0.8159489036526156
0.40069157522614696,0.20553977997621561
0.3644534320332206,0.16833636944203983
0.12281363067628294,0.5206745031861755
0.1045929491214848,0.08866856870480183
0.3710648817686311,0.7489100373774675
0.0550887146334412,0.24249746841491399
0.32292499777958117,0.10028817548896748
0.21756820881537586,0.8399145013570917
0.058333199969285064,0.06838509109390024
0.12487613908969793,0.597125259969505
0.19736092268559682,0.22861142927796846
0.17632049040491954,0.6902060292503039
0.0692485650418074,0.33871186613727355
0.2670324539422254,0.6122278573280266
0.1888675437024319,0.7576832855744855
0.11766800994723992,0.12306282747368696
0.15716123499572562,0.47711864015247724
0.4701553474226361,0.4403213761200839
0.2981026154533502,0.9891192988487605
0.0688204135383744,0.4218888714794973
0.08706384631921787,0.4763313921350271
0.19489811323708453,0.20700029526154473
0.3616307961341603,0.7552858066644864
0.18294745902048049,0.6632011457150162
0.034108982276028446,0.020098341380777984
0.3534538756849877,0.6394247071556206
0.3385313814239705,0.3173314504468726
0.19526662538748948,0.22348456225024035
0.18082027578535934,0.14792345641369115
0.05679369841936217,0.03586777652292979
0.1316176666099126,0.30616479008587494
0.45609357511365206,0.2962786729293117
0.15114150863241443,0.4344539066352435
0.05418970275846686,0.14474265971901415
0.04290449605627169,0.03629332491819471
0.1780929359217673,0.8929076766398497
0.4757920145975162,0.4786475234778893
0.4354674200125946,0.7373036377571694
0.4421225637383022,0.2597915340568155
0.23422977311833829,0.2334545743990971
0.13068215959419002,0.40986336475029667
0.299798200296531,0.6943072893830818
0.04950051942723799,0.031570955454120406
0.3242882833482626,0.8039301490891869
0.47083505133487497,0.6569929671232816
0.1756643004682278,0.38326564800199614
0.19188670054509116,0.22668383029456968
0.2628688511824035,0.6090895224809106
0.16249927995407057,0.48964368205405
0.18075523459008605,0.1960846681216665
0.251560145682487,0.0656770413178539
0.3363820967221882,0.8387006790240672
0.43809818444603904,0.6947698122300909
0.27113395224204084,0.703483155900314
0.4614433846500961,0.6067475151467939
0.16654380191723558,0.7716982509141543
0.48107060722709033,0.44274550591033524
0.1692836174480801,0.13125710834983317
0.07583109484752908,0.24059946923379927
0.21222859284276802,0.4195425192867515
0.2299103385859294,0.6450897912421497
0.5157107060176568,0.49524963480996714
0.24526071074457073,0.14937644530869945
0.3831693224772621,0.6978616109658086
0.4071165982754594,0.6826114836257694
0.15077787398573606,0.07453339856064158
0.13341903501350774,0.7548264780427262
0.39716651118686064,0.6643130924385654
0.27517922943682277,0.5819764085232045
0.07317211665500292,0.21666529727179662
0.33653193341035076,0.762702028744692
0.31587515327612137,0.9065747544702445
0.4484853219368682,0.18051728479313098
0.5482157582422533,0.3803961070101872
0.18461891347455173,0.7621965203267893
0.5026819760722695,0.5226278927194301
0.5884697729688217,0.24949700072902403
0.05571455275868,0.06910328977760213
0.2635427892437999,0.5982627388595131
0.3186547194517064,0.3326050261963136
0.48860453390490854,0.4288008191016861
0.17182349003688785,0.11931967336442126
0.08255070399678557,0.06672658383018479
0.07343120142179196,0.30754611566184464
0.10109239439906739,0.110178966558803
0.12582383880757753,0.13255449636873398
0.17390449417040346,0.47004067218022894
0.0978036908222677,0.4335373249407106
0.08781139014955487,0.380955074608702
0.07031098818173298,0.05629116456652018
0.04068618399392574,0.2626030830625007
0.05971167992997946,0.10541927660673253
0.20204799553482342,0.9453346813464306
0.34951282068266465,0.31147081534402143
0.47609854665925355,0.40664861851648954
0.4958627257243715,0.5094438244769476
0.33520458902793154,0.14937862785251202
0.18218989504847963,0.383419549134232
0.3925974885860755,0.750287580299474
0.35921497261409796,0.7978313720713592
0.2100171713928697,0.10107216006267165
0.34623812484557215,0.8547905007089178
0.14289357749574955,0.40850575110719567
0.13582821112349985,0.10504207241163792
0.06879035481125313,0.3920015541595458
0.27125269256211587,0.835912965717842
0.037133832174749255,0.0405643710853661
0.21716822794172372,0.44910060270530316
0.2673266572262719,0.3980136893541358
0.16752279520682137,0.578631891926606
0.12824875437067637,0.0808819879426286
0.18186511814920778,0.4923810603099998
0.09199107191076926,0.12968087594233302
0.28816314506022467,0.7044293907642944
0.18820170698049668,0.21473047289754732
0.12851838808271043,0.09429536106729441
0.2300862997295082,0.4203406977536256
0.13657217466287871,0.4546801075159557
0.3662211039319378,0.8051849259136248
0.005586703751972504,0.0009255093982085936
0.09838566097804533,0.21987853036736946
0.09790527089222724,0.08574157564316691
0.4536318288059959,0.4083670978067602
0.052477015343507585,0.3154348192342028
0.18469753255339055,0.7104874444884229
0.47856994964108074,0.40148813109581705
0.2442276500950433,0.28592738936694156
0.2411904609108123,0.6024988953567986
0.11930654750809797,0.6644851849019578
0.08240980577775509,0.08107064568536412
0.38668484714598894,0.5276971069384986
0.34139686761478943,0.6810663067971298
0.1689147600276892,0.2672516633043749
0.043337497366071606,0.024590408999351596
0.421954988134949,0.17675808283031016
0.15392717036568282,0.1530725365058531
0.505133189810429,0.39923274731337993
0.2224523331357313,0.16576458195387384
0.2841146962234365,0.23865252134681625
0.1547804557799761,0.6717443707204672
0.2736610405604873,0.7481414504289001
0.09496376584588137,0.07693135725172118
0.27536954523281093,0.6056125899556133
0.06896619827296237,0.41037090968624934
0.15038527643137264,0.5710357364907355
0.2819088452377305,0.854384310794736
0.1818058581563446,0.45701346864411635
0.3961562815188775,0.7103127630345112
0.42936742604540323,0.3066760720724538
0.11680400870717224,0.5244138853729347
0.11407972959929989,0.3567804573272471
0.07805321876688244,0.2899881571498935
0.05740049952229715,0.35437624723169653
0.13274201453290352,0.6037054407577197
0.4189174526971961,0.6124835949154969
0.201110109314365,0.14947289907249162
0.33555965579568525,0.22483145606359453
0.16471554546267297,0.17472072947374456
0.28433484814478704,0.6742982429898627
0.1846681170589638,0.48699624372168315
0.22336466024587506,0.687999561856077
0.528221933652849,0.46724428441095706
0.21072374470092672,0.8499250422054413
0.17367405231307173,0.1527103698276573
0.06635424482288003,0.07378095934191783
0.19999791061234734,0.3569638821124921
0.11508775415500432,0.21060015328910328
0.08856507531297018,0.32288395702239114
0.12931134205170244,0.6263544378257029
0.4015895648252219,0.7048195388409476
0.35830119056583937,0.41443171063104345
0.18096235234523156,0.3246584687951821
0.2922980641551231,0.3394141416401293
0.21384088102133916,0.7106725175871964
0.15659953684478442,0.135707160482106
0.3092154467277209,0.7358817460738366
0.2326031718054453,0.5137142222908673
0.02010676331764293,0.10336576167690337
0.19243588861539204,0.18119929240967436
0.41023457209732317,0.17209447699690866
0.2584368289002039,0.06557565156197943
0.0987073567585119,0.5812900412145554
0.10410243113076038,0.5124346371195565
0.36096004412709604,0.8530554499407766
0.08398084787042728,0.4532558644046508
0.35013955127726193,0.7886139126379813
0.14887742869196519,0.6996575827175374
0.2150303464969977,0.9174003297233284
0.10787528021083437,0.2968557745411151
0.010546723919153385,0.05157208859124625
0.32953077472881714,0.3388532021203437
0.3163365336485722,0.8329498496047961
0.407820542920256,0.6733070690655724
0.06923060037469286,0.37492554092608765
0.04619626519443851,0.03989729211423255
0.16722984440183025,0.4242254199590279
0.06753111201308482,0.38035934619427686
0.0707630037278386,0.39202257910882016
0.14009710464367622,0.12720432630863224
0.17184793702178133,0.5266274448137819
0.29024916435108233,0.44605125463009143
0.16720183999939825,0.8670502354549988
0.2165930325547719,0.2555775830212914
0.0456068933156535,0.042229768639313894
0.2928099560755006,0.12268326781460921
0.2103526487505475,0.5796537713029215
0.313881863962554,0.3985990769501921
0.3685748086661326,0.4725771517929487
0.3531577635037404,0.7363518687043171
0.10505292951484828,0.22045182743502803
0.249900304929703,0.5738001955308135
0.23167745115891122,0.7526923625348227
0.1440309668143624,0.098278405773695
0.2722055870414051,0.854714882859093
0.39895702112333997,0.8397591065839812
0.08220891138204249,0.3069138360765001
0.548089311434479,0.4566495730274031
0.21067790696730884,0.5387044928131706
0.34019287260601233,0.11620131687417745
0.27824046571558064,0.31550600708763515
0.5032305678132774,0.45994732526909476
0.3065983234526588,0.43159379824716776
0.20994427172110827,0.40039172493246317
0.05952668305976012,0.30665906290792394
0.03294711408690164,0.026708181291565575
0.4557016159391686,0.5361158383574882
0.17279698129670457,0.4335854728314081
0.13061087458360265,0.35955102245234455
0.07861258607067001,0.07589153333374415
0.04551617658362522,0.21102341677396586
0.03735082146239861,0.23065634730397114
0.40825430040009264,0.24699433990399028
0.1415332688096069,0.24961434414771905
0.15488438617974798,0.8349174205069628
0.07123467624989964,0.4004036855048497
0.5098985898470962,0.3980805507943276
0.21898337047023417,0.4714014531997311
0.1133286803650565,0.12178673191736772
0.3558733249219266,0.7252813051029909
0.2708626591118195,0.14275565583002747
0.3012712681351797,0.31255985915974954
0.17442674943448572,0.7290659278108431
0.19463600083406343,0.4724810540315112
0.09274644413657263,0.10188245799966113
0.4130252947949407,0.728834138381923
0.04695661002249791,0.24533575219022336
0.14883519042635768,0.8117854045300351
0.42618477894025153,0.5325639812787581
0.13319576513493064,0.15139028618938194
0.10450736327663268,0.5383247711810739
0.12929288898030825,0.1417613725526196
0.4530511492181643,0.5486083840051206
0.4399367232762588,0.5398748767327913
0.10660350462036294,0.3521589838819425
0.28131782652732695,0.9596339156917704
0.1788967693582109,0.5110408388067025
0.12142693668687154,0.09513622622768104
0.4892274236924939,0.2840335756271754
0.2789987973892962,0.22730462672200866
0.1100520025263547,0.18197143519689007
0.37103362147014174,0.36452271992588464
0.06801821632037419,0.03003336104051971
0.1270477623212976,0.6043843491395857
0.21462403133878288,0.8754117296967355
0.36421280914246235,0.26459854783538456
0.02147904016464429,0.13223707733056184
0.040434854145122316,0.01694088686657737
0.010038745041906124,0.027542106084040254
0.4676576869767024,0.3300227878561535
0.11071843651822401,0.3039942644155192
0.189241224715156,0.6617101019007054
0.35562151411636367,0.6434226141182695
0.10754763476309111,0.6202500582912669
0.1989286777281567,0.23116241702486592
0.2752765149119818,0.1392658409969272
0.02115905360404993,0.01734251246509784
0.21226903684821577,0.7334080845753308
0.32030392110055755,0.3821725572827428
0.22099308792952235,0.9336800825895559
0.4625456514010966,0.17884031193884348
0.38755038093657657,0.7831333708515257
0.0917900206898866,0.09946779902923444
0.2633518148124108,0.27077418745569753
0.30529924555424903,0.9265154934274742
0.21917776916716852,0.26012937486811144
0.14614726206263104,0.3556044896977892
0.1652565671770112,0.08594919718601868
0.4025503204331596,0.8250882148578957
0.12757425526735394,0.14428228297142465
0.047738914975577154,0.017336351452915295
0.11575713926337003,0.08305796285314367
0.3877739215887383,0.7740288128118439
0.31403891757074553,0.10805640292376625
0.5848777302579065,0.42537120930439004
0.12130636301882336,0.14207959202735398
0.05458594582151012,0.29260522568131514
0.4666761917495549,0.289134997806047
0.12147124860709653,0.4354471864423122
0.18739996033034403,0.6442860028568601
0.0781869321332633,0.22698580047829384
0.10655694490021748,0.44033409677471524
0.14245474613503958,0.36684142174937323
0.11100923675478813,0.48484884828778096
0.05531874410468732,0.04891952760131454
0.09496552123365519,0.3679477372710614
0.35734192697764766,0.8832937161413347
0.12822156002208365,0.38215736114142607
0.13451764545252073,0.18160591051291605
0.06498802268384678,0.1805919424424192
0.36313411816259056,0.5997932078548655
0.5307906291048138,0.45963738939797283
0.45574035269683827,0.629851803294858
0.42643698580174294,0.6356931237997613
0.119480474355201,0.5036707580009385
0.1721129195296673,0.5785856569441318
0.4276099877319098,0.7715653228350007
0.061302390566520995,0.24333448321149112
0.11675868428600354,0.6215614207385111
0.14033339030806768,0.35617786772341486
0.22090368692284054,0.8629484917391307
0.3578198908494023,0.724607779188502
0.08149487744942492,0.3908085880529122
0.11702898104136898,0.24673053284111207
0.43528766552167003,0.6480725355333583
0.3047248266908606,0.5586539651574568
0.3036437511491099,0.8435545855098773
0.15889785652282476,0.11619368020801162
0.25874878279848834,0.08966360769961058
0.06675422910523636,0.07232389183583729
0.06616200237180972,0.055037909793246145
0.46973143331202655,0.2959443153584828
0.08548068909182066,0.4871648046866322
0.4222262348589806,0.19039526351458655
0.14530457887326959,0.7412817927151286
0.11545175168123356,0.279631500727074
0.02728569020925128,0.11571626282561678
0.09374408317366294,0.24504442136185972
0.02180118437491636,0.02097887333156958
0.17044814059099545,0.5970641742898961
0.2304775396952523,0.5222436251212584
0.4475778210832549,0.26986213060384656
0.28656966550505697,0.4357540974571954
0.09660709829603052,0.0740329098187753
0.16279098604198458,0.45298274974033453
0.14884755270349326,0.6493749756417554
0.40607133655750743,0.7101370560035474
0.3125762663677109,0.3699294218094558
0.21854800411449263,0.6221099349027692
0.2619380099540593,0.6630414127773305
0.07547914362163717,0.468509534331242
0.021013642744146507,0.126651711296459
0.1541135494741797,0.11963568699598186
0.08918607793743805,0.4480194199685485
0.3327010439578923,0.11853454540795635
0.22069769154158403,0.8719700397183875
0.49421549148000476,0.35535071971677457
0.5720898069215827,0.2031471533919746
0.33132785364671713,0.13359977089664832
0.024443389804522514,0.11321502283115793
0.15844248496182534,0.7805953644178708
0.2608023951575861,0.5376720276822026
0.10552990687150707,0.12022141644609223
0.3206507841195293,0.1472783268267719
0.15481495360334113,0.8024572367347851
0.5573004370396469,0.3654715282614998
0.1048827420840706,0.5528551572237863
0.37956805008453653,0.1680869802503301
0.2778393809895753,0.2797839070361861
0.05151452616504364,0.027376830439258617
0.144718432343798,0.15307213629802896
0.11646687432313191,0.2976360139281703
0.26012319580927495,0.57214799992651
0.22494083334443368,0.903931110237777
0.25290058144920097,0.5190402665821802
0.49331666588897133,0.24356086070507826
0.03752695250114948,0.034650460125293506
0.2526458410994459,0.5578328353441371
0.24257153890830774,0.21899905660878288
0.3250665783379959,0.6132310921556116
0.38937509972008977,0.4435663617273921
0.14904721977324617,0.12954660325783937
0.1072157127629555,0.11610192157153523
0.0992289237492692,0.47698309271325273
0.1342347005321556,0.5075608023610735
0.016325711944306515,0.01418626038163943
0.10081393844135386,0.10655391051878835
0.35610355831364343,0.8722012312579973
0.22765144275505592,0.2601846426953725
0.24761832658055988,0.05140574232815622
0.13931263112652134,0.13050783350581746
0.10833978040150331,0.5355329629069345
0.040577082297739125,0.05329306806719108
0.2976180333944889,0.7977185842878419
0.10613972416410529,0.5169136015717247
0.3252701386202292,0.8236869169563538
0.600504222080415,0.4241665391962543
0.5195593955230904,0.4997315409775161
0.14197342918527808,0.47773289641034394
0.09225627198357152,0.06742589846406809
0.18617496411915746,0.10008077659997083
0.15050832907605544,0.26274229364401636
0.07896731738500146,0.3254256868232236
0.1471046831165684,0.4541752786471669
0.22067839120811406,0.09058786325544184
0.00153447409127837,0.0006207977870527257
0.09176159784113153,0.4191672324556828
0.12373388697558106,0.41659682899015604
0.055539216021869925,0.12469950826046712
0.2425327728048961,0.6250775624196203
0.11533133550422371,0.5830590727876088
0.18878309380621103,0.14688860800821876
0.008530597155313001,0.04852889080877319
0.3821970520397328,0.555283773223257
0.4999665091650497,0.5295971052611352
0.5428008804276581,0.42371772181542794
0.10352101515135682,0.09286596769866151
0.028841252050148026,0.18906328121811905
0.15292393689253775,0.6396659997408694
0.30891649586178904,0.2647413496835836
0.12641214234336792,0.12649724451272512
0.15100500357532,0.8055682256598625
0.2299626829010708,0.7715549649461318
0.5785380590861524,0.28018339375861684
0.3292662705511185,0.8038798255719549
0.5053427659930094,0.5719154138206215
0.09871099964081145,0.4549496904732369
0.269067039150455,0.5720120448699999
0.13748465660877457,0.4232001708334577
0.06320477301224152,0.1568573131135696
0.2648947964956496,0.7719656924666461
0.11374462714741873,0.10605908931846102
0.21394045190498415,0.19102905747638071
0.3660489847234854,0.16746017015908624
0.4797496344055463,0.6109230140593083
0.03813552369111731,0.034523991078982984
0.47448768634229677,0.5267398496790163
0.12780356282792296,0.3223781716751516
0.1744873738930685,0.1438647854698524
0.15441770601377916,0.07944585789442925
0.10446548633129811,0.4600965169968844
0.5662056291277991,0.25071304544163553
0.1636822331514817,0.5467688366728682
0.17291979511842692,0.5308711886975706
0.1614213084364833,0.8447748701559115
0.03226051136171551,0.022509707398471798
0.06777099438055073,0.07832822183514342
0.31711550611383865,0.5142621170173495
0.08093756839244039,0.07462205271124679
0.21318161501441507,0.728772628051349
0.23252736323146087,0.9692361496417207
0.5009750267683194,0.5432543324966294
0.02835634832666163,0.022354846668633334
0.01013644726983393,0.006256981649396783
0.43945976635466144,0.27318990618429356
0.1062693158679077,0.3886692698786543
0.0707731518211144,0.3887029863432472
0.2340544950847713,0.42789359006632477
0.15293640318381543,0.70200379841139
0.3841135300084383,0.19159477500285835
0.37814799046586556,0.8705776426801222
0.0574017228250726,0.048169946314039175
0.1255972121674014,0.46530335586162647
0.430584264613903,0.7592762694138459
0.15792102780929865,0.6930119846235884
0.5070813949348185,0.4407259854815232
0.13917850504199472,0.5632963046573757
0.1198463467990656,0.076456990362248
0.0916437061715811,0.07687281241625307
0.09397467340843933,0.17310469178533625
0.13961807504261187,0.6664006742775656
0.40484303338150823,0.7535346318464143
0.021654333164142146,0.11607596652546887
0.39362483688293776,0.43979180188750155
0.25692254663440717,0.251188946326625
0.3324695804519781,0.13541752997004292
0.20336809596449199,0.1769805451034365
0.11795643995672309,0.24766753725949697
0.14996356508385517,0.7126622415740933
0.19676331784504592,0.4638205011933637
0.47493205003635874,0.5729997548908093
0.07862810790978725,0.13002894668224074
0.4696677769939004,0.5787207721235685
0.27844438216459805,0.9796570705481694
0.28758164407324516,0.7615472685728681
0.24581937162601153,0.9469216491556842
0.04162691536844944,0.21893158927983022
0.2096043600645484,0.5152853389601696
0.515526144703646,0.4965786759109499
0.46937985376368,0.2979969827303804
0.5415915166232971,0.468737895454486
0.4102940163696577,0.228319653203375
0.5678823438567714,0.5025809439354345
0.027385835089803787,0.02820655621910594
0.11854925223329517,0.047460696049854326
0.3226720069667489,0.9149682382595262
0.08841927853944033,0.3306142673586628
0.33104871413103426,0.44810032208898787
0.1277210203960692,0.1603619656933573
0.028134045741969742,0.030199356510046627
0.03901981827568324,0.033780312566703836
0.1182332022142193,0.5458760448657238
0.06915697698769355,0.34933521360652164
0.20357581076059053,0.08795609014254789
0.3922765340278083,0.1614417410239008
0.0791900753692302,0.4899297189606004
0.15443441871034452,0.24886255422944686
0.43983186740798585,0.5534603498177331
0.4623569267143061,0.29990854386292254
0.17693342842267673,0.7401034509923592
0.4115792280529755,0.7545445021055428
0.1331954828717448,0.27920752769237867
0.07741582316230852,0.42725347247238776
0.0686327680677664,0.2814371324327347
0.15097739299233948,0.5765253168893666
0.2487422749955665,0.9465630578309334
0.11045123162324968,0.1038714541423446
0.3283914586759129,0.2129236186316229
0.18166222697334447,0.40822510175016635
0.07908560525703873,0.3794388342805858
0.533589660129312,0.5087308721146719
0.15848758843387717,0.17380892312409388
0.49531224575225424,0.2720519663081001
0.10493283176283046,0.5492630552082749
0.07615829649265336,0.11670704039639093
0.35536855296125724,0.22317212066185735
0.09678028410621563,0.3393929706053444
0.0667317261385848,0.20416959160795775
0.6336847040122193,0.25209523036757436
0.1905660616373358,0.50529073034025
0.027355432677776043,0.02655533590802844
0.01891234620789822,0.01739575443954272
0.09075477513555046,0.5523366728120397
0.4135979178664804,0.6766004391154328
0.4558773343258605,0.6033699175103084
0.14689362793051242,0.08082919823327361
0.4358262614515677,0.1841401336602294
0.1372740367982563,0.39438890168333823
0.03285001708829308,0.031778696988386125
0.07918301036946528,0.15599302509496069
0.26752967938189665,0.8033268364015428
0.01848634754328302,0.10347683766654771
0.2465692699543798,0.6210607860106971
0.5288819796620214,0.4204357436206
0.16461814154945098,0.138983913371209
0.07045164530154054,0.04716878786119937
0.012665022700417826,0.04009943537656763
0.09337964361299941,0.28076249783709517
0.2047341698965951,0.539267922726419
0.3648231110015208,0.8070595490744897
0.24202202444657586,0.8215026975037448
0.5171619019291513,0.5552576488265843
0.03580663053557598,0.033285063743910895
0.1500263403539296,0.3858430027814464
0.06558046828989011,0.24220685506536713
0.10692503757003698,0.19135186730417297
0.24409227874503214,0.3161223490924939
0.1517832924222783,0.28799541395272615
0.16107295552442555,0.39851547448924124
0.12234202957875934,0.5371896597132352
0.5367278841997015,0.4614974367396208
0.04664797086733727,0.10431754598112648
0.03487308724706488,0.2265863489277196
0.14954548909628415,0.5865776705757332
0.15444387465321324,0.15467660613519585
0.22276248843317034,0.49618195922733593
0.057424207007842405,0.04059178617361271
0.17371794404975155,0.8723559888155601
0.24427585793957662,0.2687934005654768
0.23064119464109792,0.9040955610017349
0.09399438055837453,0.5533092598593835
0.48439521893939175,0.272745855638496
0.08227707170401517,0.2887821957726817
0.23111600809142702,0.7339485274561073
0.1624669935025219,0.17251374809161021
0.42985682646948853,0.6858945422291037
0.26836869837607646,0.15074737028672655
0.20811629032756732,0.9150741008495353
0.22914264172491,0.43987948783650505
0.18396639165272374,0.06517982140776134
0.18755736431354222,0.3875401599020046
0.4950928284099533,0.35662580500639407
0.11509867167373575,0.3296898944007187
0.11944820572634644,0.6436413570053103
0.531913040902433,0.41415140166402453
0.1850370293994897,0.849425996406458
0.2426971579330966,0.7728215366235692
0.07182135319626358,0.4146012709525405
0.028560908256355384,0.024962053190695933
0.25967842238009814,0.37528645086924833
0.32212029939514697,0.6251568657219572
0.16045938547092806,0.5131311061424247
0.1903821830544303,0.27434941193326984
0.25617907659573286,0.6530307119254469
0.43359229908849395,0.4147609058186431
0.4146634513501169,0.4490076722561297
0.22584482834676325,0.1607493415330606
0.31103383404039164,0.13911087480655374
0.13151226710572347,0.23603026603524316
0.4018447689017838,0.8148007210582559
0.2930309324472102,0.4518978879363644
0.5319741177864948,0.3279045913299584
0.5131510704100877,0.45433509752153006
0.004473971653006493,0.003993516357651162
0.5730440302352802,0.3982680193594917
0.10795908912829938,0.28061209892124317
0.42924027515023955,0.2344873062199413
0.17075002416119703,0.15689275759855437
0.244622341432079,0.46428874456868713
0.21850558992811164,0.5399196085344227
0.09872631168083092,0.25650572516108167
0.2880997310169656,0.537713763834804
0.0870396113451965,0.13388941709002286
0.4374822520603325,0.17484681498032972
0.46512868377798633,0.23072004588692197
0.12547954224265617,0.5402091156528307
0.11348050023249999,0.47198241930846097
0.09266587772546393,0.09583708635473996
0.17122974210568265,0.7378724387389379
0.37709546503290886,0.12949389557017424
0.58242702429001,0.29302152692673816
0.11820363829989329,0.4650633393710122
0.07288874415345663,0.2017268343596054
0.09917053367642757,0.38664908232030243
0.41011443059863073,0.7918883361413888
0.16187428062681017,0.17014815225585683
0.47988260705132874,0.5001319871717498
0.1333119917382773,0.13408984592662254
0.15831317254374325,0.506009239328901
0.1805533832847857,0.03957070473607152
0.23481522348546016,0.22816802084087798
0.2755868980304324,0.8735921574091464
0.07741127870334674,0.08352859625130299
0.18290413284884086,0.14630699789017917
0.04827023577402548,0.2813048368379786
0.1040978155621179,0.33191023435434797
0.43622794335647724,0.6625561758347096
0.38656013543633355,0.34544959350799836
0.22900574402941215,0.7849172210897692
0.09248972743264998,0.1805417592822693
0.2673060265763359,0.3766551711387087
0.35108936228985405,0.20098193770693462
0.4765524626970315,0.27724461646518156
0.45358668049435313,0.45006427900022317
0.11463296220858168,0.1548238067312243
0.12351637505653665,0.06175157881613552
0.14919954200594404,0.3261669433197431
0.2928148212997772,0.19376824133254197
0.14692621836707748,0.7460691463141172
0.12781244123363844,0.09301308469577106
0.3155789972517925,0.7449076000217815
0.554065800632346,0.42569779398975655
0.05581896998146331,0.3428745121398089
0.2992844788570251,0.2478219676479114
0.3126270941822772,0.2627767413048702
0.5669413677599077,0.22682225776559417
0.048354822026551454,0.04949076512011078
0.28836722286523964,0.4533485686995631
0.16544094480651397,0.5558619724616717
0.6038662695791481,0.291993979232167
0.10854341896817984,0.37253293570555845
0.11204673196817147,0.06816477588087622
0.4686346085933924,0.41934907625227225
0.4314780698732469,0.7605632788919314
0.34792074014022994,0.5270390850371514
0.26935870763174713,0.4105052666748277
0.189485150500483,0.5358689022307914
0.09223469060420372,0.10295650095365556
0.5984074831644459,0.4542064038250105
0.28560225384233606,0.2869418857537096
0.6192357359937416,0.29354621306974676
0.08667123721188416,0.05332408016400844
0.07188181413810839,0.21292393083867492
0.024436611103188694,0.014981741738414342
0.05920303144250638,0.36904619019166657
0.14857758113096847,0.2933718661729879
0.06169271795886052,0.06561375550407078
0.05347884330557221,0.03329588216174361
0.373962717395766,0.40521674737417296
0.3087724458472395,0.8086205468043368
0.4975879467538027,0.49761604990338926
0.019402810556055028,0.042542532758176946
0.06323919360713504,0.39084603543535373
0.16829712304211544,0.28431271877357644
0.028880842231242806,0.19055098070115895
0.14053436930486599,0.2946344742015109
0.12475430284744589,0.5733000262638684
0.1366424282805083,0.4462496077901671
0.2451051511099316,0.09471992236181546
0.13742612738227514,0.1613932472808481
0.06390109147089938,0.31602238231883234
0.166473432718312,0.7051689768562192
0.06653995404096615,0.21747217117058307
0.4287434578683297,0.6007766625928496
0.19471194475985115,0.44241646795535544
0.3823710997842881,0.16563128238270244
0.08037774143437501,0.3871849757405518
0.11061333013428662,0.07504133959829656
0.2120186825029138,0.6338258418818269
0.06523216950960709,0.16911853872811486
0.28559581467873724,0.8710447714874153
0.44328293815550585,0.2094595144382319
0.48841244230446373,0.6166292523556383
0.23813197669150335,0.7820871362656487
0.16913663787402927,0.1378660084422764
0.3488532078527401,0.8564033893586585
0.17078516938466545,0.18340538522963362
0.12583471699001517,0.6195630264911026
0.2145546418134835,0.5062198754662887
0.14274690515968583,0.700768285804039
0.30834207458916507,0.9393528724340613
0.2406509456894072,0.4750334962782676
0.4719219621270378,0.5207343502253021
0.003481756529017062,0.0018855678421225896
0.029258152642020648,0.17747228718377478
0.18474493025396418,0.1522699954028562
0.1609911533019658,0.2932080869887507
0.47688524686293465,0.5639738603725137
0.21754042770612622,0.7748856710610803
0.04845076277878104,0.24753425657041273
0.1042749976030659,0.30251082481090513
0.28065046895715007,0.31710920621259536
0.13512368737125752,0.3995935791571979
0.16733183346536762,0.487630485086055
0.1397699849329677,0.5764424355870466
0.16633808469347572,0.40901076688381366
0.23319971223152555,0.8700961753218325
0.1003699804074792,0.5040856158098591
0.08351846925717946,0.10882802710418044
0.4204062719056835,0.19614120744947655
0.43270823013707077,0.6249277758110355
0.14162383726657804,0.3912817229840218
0.2876554496095346,0.7079100530800512
0.14516807258232084,0.14384755306998517
0.16352790516677074,0.1291370686110401
0.22791640568781535,0.608540141095783
0.011266950860167074,0.049072896790793304
0.4568438050717209,0.43635545838624995
0.1247347806264195,0.050592837905679804
0.2300226090811015,0.1067588094638707
0.22133019816656918,0.3093574514887739
0.2312102745872951,0.23038261993672268
0.15986079662110095,0.7021460540957503
0.2970996902096635,0.8973885146029161
0.1416323203911766,0.07607589097001294
0.37127444362220247,0.4183738192760426
0.31173273917325783,0.5043791797241687
0.47275062785965116,0.38214661468194283
0.12197557007013915,0.35566002021460585
0.3015145129706182,0.11619599202225665
0.07991081916556902,0.2516655034836038
0.39852845667824555,0.1969068237360302
0.26864207806300555,0.32106234567815994
0.07580299760829308,0.08509462396726428
0.004191529108178488,0.002796928485249004
0.4229173419643478,0.47179103061956124
0.378156402950321,0.7324307431036184
0.48406301101257604,0.29112490987000034
0.5202455071102535,0.31107830412573273
0.11583693569764021,0.5201927481860452
0.4506230110066603,0.22048564263633794
0.4372827202556898,0.21111459123340778
0.46573310825397657,0.30279359191243704
0.029878888331326417,0.14377840375566195
0.13787158563038474,0.09059656749111991
0.0336970271365078,0.03849700832933233
0.1539166759746599,0.27135498984286544
0.36018989908188837,0.8230842531252026
0.38292842892572326,0.8264366416387111
0.14836425327004307,0.7755227538611456
0.27265237941558623,0.7548001696489429
0.3828725349091757,0.2767272406593395
0.15839969339446347,0.5076715434959425
0.07190594527353283,0.40373488301349
0.10450627126820236,0.11529290375913574
0.23667049600670453,0.11901094778328677
0.26230661774094594,0.07535962741146
0.40778010995816405,0.5905674035026968
0.2665780273446569,0.07287675973878435
0.08753620302732118,0.2903752535697472
0.2743057464436936,0.39813769915359193
0.3054788186051745,0.7684876693285961
0.2523818599317659,0.7414808857073075
0.1514662525679093,0.4620984454400361
0.186984999740442,0.4081782077472336
0.2022063305191581,0.6892917208026571
0.403470187136373,0.6588236376559531
0.07806668121880404,0.11936591270175466
0.10891926643482858,0.6316005474700082
0.15642890782392374,0.1976233942995713
0.22958236227967097,0.48154644483244385
0.1018350685378005,0.17103822307481933
0.39753110709855394,0.305265385237941
0.07291106816689762,0.0481719475961816
0.008352400758790957,0.007669073008488752
0.4868513183659623,0.48096618991172324
0.36688396008166885,0.14133444559001954
0.21322238230740195,0.22569828012621587
0.4061340949879871,0.18855729660020212
0.18861614939666202,0.14828443510325076
0.3781269272001441,0.8015450176091656
0.1317445052427836,0.17663825989297854
0.059508827187587175,0.3808656568135179
0.07692336582571234,0.13093243809200056
0.23421472323389741,0.857333916206935
0.22552211814481782,0.19635944015535028
0.15396189223796183,0.8090779318846159
0.4500517705331279,0.27926542752702116
0.475545901433929,0.3233608382329632
0.6057341132833812,0.40750074165410705
0.3550723508764047,0.7868482685212737
0.2341976944695685,0.5752860081796901
0.1350685009847686,0.5108165901483563
0.08075146584530213,0.3491433341788909
0.10700969374528928,0.41627053878023373
0.41393542223838237,0.5618708172512077
0.12303349792241955,0.14660112349612509
0.05486559994188859,0.03372302285423948
0.11335592903210213,0.28943981709423783
0.21638118440688256,0.5325346993618075
0.4677050639534606,0.5625587077906595
0.47004266724585236,0.29669797279424187
0.12058661379541422,0.12624636633121816
0.2841807008682232,0.95344529528621
0.43003694990833025,0.17900915939565842
0.2097850167973599,0.9435194709464416
0.24632638447427915,0.25797041674998306
0.27752734569341636,0.3746315819230117
0.3311562610342916,0.15626863899578386
0.35958427244820423,0.8561627465701765
0.06856920107763498,0.3895570190469725
0.08799653340198184,0.31877206889141807
0.279474514045634,0.3242431826668391
0.09466674369520624,0.3929508222855048
0.16456735263135513,0.5571348603513613
0.10368958172040138,0.4847285942071003
0.11355401899617143,0.6075235540151792
0.4275148715712819,0.19567009434830795
0.4753828063776239,0.34338529930123146
0.26282095821217544,0.13348751044048623
0.1306935752140169,0.12606787964510088
0.5750544648175565,0.40845682418622664
0.25098357217649103,0.42566873518479587
0.15162094104280477,0.7618524780955829
0.44088428258054463,0.6940358924846514
0.1363700739174468,0.772836395590836
0.5163371655010858,0.2023995201461436
0.11286509626424723,0.3685278704315962
0.34427161875206885,0.31434262252624334
0.41751221388360665,0.34453830235391936
0.3444045436100452,0.8663998975729287
0.29109099552017964,0.7039867657726431
0.5713873667676661,0.31774267875169987
0.12987614453088134,0.21805741254221533
0.26619732118978556,0.08265120936743145
0.1145315050330795,0.17176920838947615
0.05281874621051991,0.09679264194192305
0.23802100290482242,0.6057398468081979
0.40701630216503976,0.7125500035589116
0.0862653233097674,0.07072808923224623
0.4485916391795905,0.4563188408299852
0.49800971611684886,0.3810560106396251
0.4500948866713246,0.6539170470528791
0.09372654360486267,0.4535190026933363
0.140136485967676,0.2731811264340243
0.12728215271488408,0.5076292781139653
0.12237847459588652,0.27204020008226937
0.32238677542386124,0.6805270131040225
0.19585314869694745,0.5138915619099804
0.09707888233108593,0.43310187123877864
0.11970986085149318,0.25912969852328693
0.2114978135144124,0.6423568107043269
0.3934646130305584,0.815490002077616
0.45783862343470044,0.6043515407613964
0.232679645599795,0.8239329427214286
0.036909235220202674,0.034031280135498054
0.12151009845059664,0.14520141761638147
0.005345970151213401,0.01730333365518981
0.41803351226712243,0.7744769658862215
0.5001268037043013,0.41329168842667907
0.3804846891956427,0.7534675490742926
0.16398351209121262,0.8601154790490144
0.11205011622628538,0.21576849990354127
0.16098765617731692,0.5615265295527917
0.11583345148065512,0.6293474907247814
0.15426844668107828,0.7115313860534725
0.10051904595680385,0.214751608670534
0.43529403975430764,0.23097106944212692
0.10945470056321399,0.47953549360400766
0.47169588167177795,0.5147428398022955
0.11739604614579262,0.2338393425949794
0.2290896503484672,0.24518527767895174
0.19351871765500894,0.19484028682527463
0.16845682800069117,0.31464804827924947
0.04454936568783013,0.07010205605066441
0.06827810143120193,0.07657252618206452
0.05794955760938867,0.3277342561239092
0.11509692204303552,0.08451930705887353
0.19385680353540188,0.7185444901542059
0.11638472786871622,0.4854277327615052
0.03371349438469363,0.19829330657012856
0.20201818087950338,0.18500474094594546
0.4602181953712217,0.600774655664385
0.10124598798369687,0.48461411472094235
0.18265446415557005,0.17031372294910416
0.17178657401070455,0.48357360646149916
0.234071185618663,0.7063204991255726
0.1956620340468313,0.14512764210534382
0.05341185305193929,0.2798285030766707
0.28856127807344517,0.43567435984742797
0.20279243284643353,0.4462272359089137
0.22585381148941402,0.25537304375699194
0.07118395177581813,0.3500930380758265
0.22415499184086568,0.4832313708431277
0.21383211899028887,0.3816912092881101
0.14222844696829695,0.5360022779747449
0.30233817726971296,0.8563289805494992
0.21243866444357415,0.8781499709436545
0.12997271262243276,0.17962130855772188
0.12055789638245233,0.5368411881416905
0.12295881703132365,0.49650172948411275
0.08197140421215614,0.08187107729117521
0.07355799065999023,0.3029361652162581
0.152864313716217,0.17367364989385908
0.3014595749540354,0.6725457947901183
0.11712928506896679,0.046442510727643424
0.49129265021496515,0.4508607993127944
0.3642102266980842,0.5943466626088538
0.19651523902708448,0.4119870389985969
0.11594596048422334,0.4255903784275312
0.02553305900643177,0.15624011754693012
0.057134110989394374,0.29498334240190843
0.04496865986446583,0.17551365213571923
0.2539970138655587,0.5426766467235048
0.08149135829489561,0.4454326260541172
0.38920765513679895,0.7869690867347645
0.4857410770576024,0.5385440180703308
0.20906365570158802,0.2326292245196991
0.2711487908496437,0.15531343504838027
0.05622331629728978,0.14163820492884363
0.23262425762473063,0.44732991078237083
0.4325357732705578,0.7176082360262047
0.42952068719791187,0.7126966648685872
0.08842089913364574,0.4864441028455857
0.5819725059064724,0.3753968334847941
0.07585802641896054,0.1605039549676432
0.1782464248256944,0.5617078105381199
0.22828636229947458,0.9777784284984077
0.11781334368173604,0.41705016675773
0.2354746942053182,0.7626550792900588
0.11151716625246513,0.355736489181317
0.1025307956756382,0.4567922412874839
0.12595635904990896,0.14130167357451237
0.23222250682616255,0.881988292230101
0.26240777920619496,0.12381684270820191
0.10537863589349451,0.10372517638753366
0.13505059231863442,0.15196354283924712
0.06668220558016286,0.0718433938193816
0.22734566754065563,0.20580788583307108
0.27746954632270593,0.060177768135694754
0.04737974695902823,0.2806903047663859
0.04996114705154569,0.04086131418347696
0.03926372658873117,0.17471155151355053
0.26690294107020307,0.10329986762157116
0.11707361317685351,0.6298082535048477
0.34522681987175885,0.31883884328370504
0.1461655622854931,0.1089863120726765
0.2840654554063158,0.9073245792814044
0.357788807063688,0.1109612165727586
0.2593776937227054,0.18459627505744913
0.31465837811027797,0.9644246459450048
0.1740065984472819,0.06629493505805582
0.4374825688230945,0.21457728512867824
0.09760199355030595,0.3587049182623215
0.10451172190406227,0.07935951310993458
0.3527724408661268,0.6249590444733572
0.13337988212037474,0.7418545910759761
0.3483719825584239,0.22784292953269994
0.06580138744141875,0.0727746642986275
0.1080548806307897,0.24212764768500056
0.09446117552474871,0.467041511684778
0.12160192563658195,0.377835743140771
0.6070125658647152,0.20092167576908512
0.09606644001796008,0.38927741170556396
0.18613829003626411,0.46872166591057474
0.19782693621445194,0.5858041846234178
0.3814166970064528,0.5165097089224342
0.1430726143246225,0.14004673189942696
0.04774754262310477,0.2847578217132801
0.20351609638429052,0.06282524286300992
0.4467109296633372,0.6263108149646051
0.40997665227418567,0.6938474502489627
0.35141950210246553,0.23377406409917917
0.12936728906897646,0.564213761097224
0.24383379896502083,0.9789836469660743
0.1901802961956037,0.7871621766926232
0.008526478856112197,0.05147685434015111
0.2584889508082673,0.8792633474516016
0.37507520995923216,0.17092616416890186
0.2309665157607917,0.26368774004277223
0.0502665894599806,0.04515885434393495
0.31201522100629425,0.2428769189779017
0.5890592474777543,0.3535948690877854
0.028776165679427562,0.13983824105662881
0.10045425581308608,0.542808692932936
0.1577909318384222,0.5731573889771722
0.3651751421276421,0.1701746380742064
0.11553797659758061,0.45622045325939764
0.10214946199988266,0.5338951348224262
0.2394234201054968,0.7549562578226313
0.5905673263315255,0.4430668031998051
0.031130910749011257,0.02986938192588916
0.11098109641593298,0.07788950138272117
0.30227560278979637,0.2275602512740939
0.17366180769604445,0.7037438965210862
0.37921589958764534,0.16911326351575914
0.18571645627142747,0.22373836856165227
0.05948062358229215,0.18000843026523453
0.17092789557751714,0.24663719181503715
0.0940415501265776,0.37275424864645557
0.11096587911005934,0.18204602478700124
0.08054566033857316,0.32753447605042846
0.2766787666310347,0.8724539865122073
0.2463011166634757,0.5379965133807353
0.4750894683289048,0.47262402924107766
0.46217909698106546,0.5186766654305968
0.11885952877746278,0.5606594791702327
0.046302807076533614,0.040184124485816076
0.051252063075262345,0.11286176726921879
0.12208677398868686,0.5324486035163114
0.2583201745192756,0.8747649871591945
0.22105476608883196,0.9521231314497138
0.16222505713962626,0.6360033772322617
0.07891427994342894,0.03631166372891412
0.27907552195387153,0.792972945892487
0.46517058279014756,0.2025080232947998
0.07424677934376167,0.059375638009589796
0.04694248053943533,0.2677360742696971
0.11670594381254752,0.5208084590038451
0.009118785927131666,0.060783620341244016
0.22182748371631592,0.6458073024908448
0.2646828322458503,0.5529978358323879
0.22005997624567658,0.5944767294822172
0.34366147164283006,0.22696330729134853
0.34847181064760596,0.6348185866422726
0.36626267185611533,0.38927560294175617
0.4311244337760386,0.1735041405251513
0.37966816921238944,0.3332087771540103
0.3028505569731498,0.27265704993038564
0.4916678469866895,0.4209773363942005
0.2915442127383547,0.38080056343935287
0.023508570626159932,0.02296442640498604
0.3308221863372204,0.761602536089691
0.3507724681225693,0.6025285523096906
0.222429756762124,0.5802880021706359
0.41723496878704414,0.5060018788851001
0.10763983259382263,0.525016356059304
0.14918749083301844,0.10727266700819545
0.011822005562364457,0.009515155398170954
0.22063672794432085,0.7041592276614466
0.3901260863273324,0.6618460093314346
0.5462318720109228,0.19929890191801747
0.14348632455834878,0.6270157880191329
0.08157763140267245,0.06766777997782283
0.09673641069966456,0.46451438334528694
0.3268137547279121,0.9318678532692005
0.2338129804047692,0.08512790404704995
0.1130576827447997,0.1839833440818394
0.23848762142358948,0.9102601017931736
0.11848019528960413,0.13280857342108354
0.4937891275919753,0.30078861821961067
0.1498171962387879,0.7544108803294458
0.07909943211268473,0.06252601186194276
0.06378677780529327,0.03682624460803764
0.10252492268200293,0.5040173212722251
0.03564738166861018,0.036047169901686806
0.11160809851803036,0.11919204406155809
0.3621233613413425,0.7265543167559249
0.15546055938276088,0.4033187506797053
0.024932001503494113,0.10269955453007265
0.01810045394582086,0.012941939786156072
0.06926075362893468,0.3669490410596235
0.35418258267028147,0.28689232617448335
0.1084902101409532,0.10842637099872453
0.10060294954358652,0.3116942482393421
0.17665371375366162,0.11960353003044749
0.1568378132784945,0.1045661330518961
0.1042940317431031,0.11666851412460556
0.3555133536668273,0.6974418159017848
0.16174136033704561,0.7401462767520766
0.14705342051957088,0.6476567223808098
0.4768111476813505,0.6757781965695687
0.45827357359292525,0.5722996808496491
0.08689726850209525,0.05819532047662576
0.384231302827468,0.27559972285803863
0.08449447609266603,0.2820357720018028
0.5421712212289809,0.3919603239037412
0.004873870095910627,0.00239174101980679
0.5638726672910805,0.22294343657561383
0.44511503585168877,0.4071034860834767
0.5380803749851774,0.4072770802253151
0.36253805665918515,0.8333811524635115
0.18852428901842305,0.09734274324169251
0.15544529021929585,0.7423093445882365
0.5178628052301577,0.36551359647191745
0.03370999973258731,0.033782865554245804
0.09546451066942395,0.06948446415326216
0.15170722646157003,0.34649732882304746
0.36254833519503576,0.5024093135720249
0.16335272912334778,0.625835784499538
0.4320599640496707,0.6896975612025146
0.22854337265922411,0.9729286858591552
0.14742207070911265,0.7534228700155386
0.2067325513567803,0.4455140799435726
0.20657958223533593,0.515969450524839
0.2063040124603963,0.3461978631272569
0.04316338859107133,0.034479271124656534
0.11529707699474186,0.45732862858395484
0.12407851554069452,0.6701403567346519
0.39686651491192154,0.7814116959619282
0.23797775000856206,0.48917532506186284
0.1787393147996563,0.7592547121797338
0.4393215288695996,0.5513890208211475
0.498908451959132,0.46027664791540035
0.04039123578748461,0.22698870925102396
0.13080018766537554,0.5268884727175829
0.07710141923310103,0.044811203600744906
0.012825324539357625,0.033388567685772044
0.05954161304964822,0.3686397475907539
0.12763880418306117,0.04745301078905093
0.44955077890026895,0.4102119002422385
0.1722641269016642,0.16877868871318777
0.0010700320091933577,0.0009148539821115025
0.3661595083930095,0.8258634852990523
0.03927679889526225,0.14481234512041027
0.10112651605054358,0.44133701717854573
0.009163451265054499,0.016750170512912582
0.12288555132762752,0.39817465139134445
0.4159885061823214,0.6481359274795124
0.285118004511642,0.6464129288462808
0.14688055702282615,0.4497937109209476
0.18311134614649457,0.1967163306371276
0.04980930988142386,0.2755753634264534
0.4579501274934687,0.611143953845573
0.10726262656157207,0.09194237841594549
0.20445998388204686,0.1889736287501497
0.3366327233252765,0.14026234975249524
0.023052464200095997,0.1522128905645315
0.4047368246733003,0.15052319943474624
0.24621458914411762,0.265253723701657
0.03731220313950942,0.021061781282364394
0.09251084259607878,0.07818069853179341
0.21212680575209264,0.5902104407717036
0.0286201281488317,0.015641149164536457
0.30331302519012804,0.2834321272558681
0.12984644959488623,0.35782917515507895
0.46773590885923233,0.6293267343354068
0.16498402229831313,0.7022325408794983
0.4580108381523055,0.5423667154422063
0.14901460600616512,0.7884020789181752
0.08412335770462256,0.04353761688408366
0.2739973893140468,0.9577497819986016
0.47333574378253085,0.26257505357439626
0.04983701537621687,0.03176025798459507
0.11423664823399912,0.41830219595909174
0.16995549408922447,0.5851967285331083
0.5590022762411682,0.5204353729450414
0.3604342212589885,0.7753545054909766
0.2781527274780664,0.504022856345395
0.2517847741590327,0.5913778702355779
0.07774685417311458,0.12925473539040824
0.07589958331482834,0.36296082983904926
0.009245577544641236,0.02113021314681076
0.46406636881087837,0.3443598716711771
0.49452588193905134,0.4073262761166834
0.1804533200964866,0.8135487134734751
0.10420123032584228,0.3312147902290464
0.41083064228131716,0.5737024416763817
0.459567843279837,0.3134895634932735
0.10280883699754219,0.10332082847371038
0.2633516446966867,0.6690110043563458
0.185151740968409,0.20917853785267113
0.43099061408230493,0.5412488220006063
0.06569814751291089,0.12387110146055628
0.26529533205877626,0.9858222505586005
0.12473927690940077,0.7104052434260525
0.06638518705875716,0.044908512025685916
0.09996018838884915,0.3976129340582278
0.09806793010396676,0.4678804480945439
0.13497673546010616,0.5762791893924126
0.2730453998835741,0.3365275740020607
0.18726437724254114,0.30036706624426557
0.12035650966008363,0.27049796126325154
0.28245101940918427,0.37856934009378446
0.37564366499015783,0.15258455973357943
0.20667266176053573,0.8709118398512004
0.3224437280230313,0.1315021873178199
0.3097130371017351,0.7587162532051
0.07906316101489656,0.3498952556374446
0.07015989803534459,0.205410535874298
0.11467376875233143,0.5775096676814527
0.1930893150150191,0.6669498572416479
0.2194964921823059,0.09539624891186742
0.19739641562018184,0.29542538524882933
0.22266183669483375,0.33659117935967287
0.24200974203789985,0.24526406537092943
0.1971247189196646,0.6091938101962944
0.12747162164662623,0.19290453203827282
0.1109751607385113,0.2479826289699573
0.5289868768682358,0.4988372340222924
0.1190336790116691,0.5319212064295258
0.25893617978134104,0.27065868695370426
0.15786244555742146,0.6694962541992837
0.15603527170949608,0.4138666549458414
0.23082073853298543,0.5006412094259647
0.2282497489061228,0.37174016544379196
0.2057710625216121,0.11054299878517526
0.05722640624158774,0.2911126428725258
0.11568566163814398,0.45639827199067373
0.449178537155459,0.19872804565510946
0.46186354434852456,0.30687672577642644
0.2155677318268352,0.5113867285384225
0.39505070566032546,0.6932705644981096
0.05046897020251081,0.20184902630614263
0.1829784565603177,0.08044379531244988
0.11299439044296884,0.5306568157767864
0.12146054857734918,0.09556331226575833
0.19805735191232582,0.7641453037974989
0.059333161113578184,0.055407964867941126
0.2194413899775451,0.17682428303146547
0.35665524199297266,0.6874540977081298
0.036092478309583106,0.037873798320438926
0.077905280296861,0.06572344460614664
0.1698106173069968,0.6859546314158574
0.05087344737345459,0.28882288105466003
0.13303533624138386,0.40051621137470517
0.25877883543563057,0.8107468234463547
0.39638089840145935,0.5977504450584853
0.15708788766019807,0.6332782107485349
0.02359585089452468,0.026307639714738464
0.11072331259981502,0.5126450074547549
0.11157463662251846,0.43039985267441694
0.13701303776964313,0.752591939260391
0.09596067412977771,0.4884063996645839
0.22130914829180104,0.11804486345427914
0.1123735122678283,0.10744381978217492
0.4523549173343376,0.48674301781045487
0.017288351570487984,0.018522999475762376
0.07846107457565966,0.03934664263010684
0.03448425202567819,0.13905070769792807
0.22746715703417467,0.0643061295603915
0.12626810821485518,0.3721558359266366
0.12761027551339707,0.12728167029113363
0.145948307855596,0.41055477162912807
0.47248234375184545,0.5359640186522546
0.3672349165335873,0.1738421141983983
0.354698704164814,0.7316646872960332
0.5442704804052515,0.48033798744735834
0.22438587232115637,0.8264595171286186
0.4542591939460068,0.23788006356215366
0.571666871717733,0.36887063383908036
0.4511580811664371,0.24819691193502166
0.1978917292973312,0.7180222905656716
0.27948100637549284,0.6762988832019242
0.48455404472841707,0.5678444323769416
0.2869228889950923,0.07837514977634315
0.5236866814070074,0.516979689773832
0.031502694012829326,0.2050819334886546
0.11352028015369434,0.4821131816878599
0.4037838628789569,0.18884701546144453
0.3912313817738975,0.776734258447285
0.23605089406900226,0.4132883271226072
0.1806905298623889,0.23286220070446362
0.02773506896054262,0.017244189648657284
0.2446991696862036,0.933734155052225
0.06980935861534678,0.4007366790966737
0.1481321646049221,0.521337672067749
0.5691155710767267,0.43075769141203274
0.16990997818531622,0.36899179643755153
0.11324719378174335,0.10174976279880898
0.07946335071635721,0.30095582604346466
0.23548346401575682,0.6270727970827278
0.28014489954417776,0.8310843997250466
0.18448162163705745,0.8633948206947206
0.10950003563210145,0.33989144563976204
0.3267798813345026,0.23984791918732862
0.09127320139479926,0.12815011169673618
0.4122655638533508,0.33281455421690154
0.10497294810304746,0.39181049895779646
0.39600638545426603,0.3933211711037277
0.08206729076624718,0.16247353121866637
0.31689159508862136,0.4208130377968957
0.3689432659193043,0.6531287889478647
0.2638240568966343,0.3628388968180831
0.08466799255760751,0.11854308395787426
0.42059752362333513,0.33105771080660823
0.5716976092501568,0.3114576961470038
0.2537892612001538,0.16928242346047767
0.04129453553159701,0.026080973128283096
0.05096841392342048,0.24029444290110435
0.2426438825132144,0.6910100274597589
0.3809254490702148,0.6666221558532643
0.2516827907223471,0.6142668734375512
0.18079890660964273,0.5309618772738063
0.3868138000088939,0.48713266845696923
0.2247920172388187,0.4114424592175912
0.11914009416363767,0.6317202873513386
0.310010729398173,0.31404162675270186
0.3043419188214657,0.44659655220943817
0.13976336727440555,0.12787487055129523
0.08622500330499441,0.42024429600403196
0.15278680233730366,0.6985657128396005
0.3772060696767126,0.6624727456724113
0.2174549361568366,0.860246152237826
0.445961447260733,0.6711299576360469
0.21855890765376712,0.21701014684586942
0.3764865622242972,0.24002666842487944
0.2088694773310616,0.0900205633715016
0.37612904248699935,0.6817765307332568
0.11852605427535162,0.6336263582044651
0.18001579020393932,0.6314209101652758
0.11859310988451936,0.38539659526512615
0.18169362447636864,0.2178117953913395
0.139859310476905,0.11388717677654131
0.06355435606926928,0.20448017646340638
0.1931399127593853,0.17552767664545954
0.09423062192467213,0.5083308972721597
0.08560227679126231,0.26476291303978267
0.5082325429791876,0.38821335163359183
0.09010820087103495,0.06456055407651765
0.15788983011391866,0.3978562999955591
0.22580034677665434,0.5142893565590445
0.1222017791077961,0.6305099828148659
0.16398674367155458,0.4207828901982735
0.5197755014707973,0.4238014062170083
0.10558044754939647,0.08015047513048097
0.38452784088248343,0.33482813840750836
0.3830738111244477,0.7393607094478694
0.020633038254676883,0.08358349950333317
0.13902387566308808,0.7415818848834337
0.5449509047138281,0.362316790572856
0.1639270826648607,0.12633210695278968
0.11694899398501024,0.6834801428245304
0.05690337276012311,0.02858738575330515
0.12220581661356994,0.48633861641795767
0.11428828312041145,0.21767956808435118
0.15530131925467341,0.08157878174539886
0.044471951247040176,0.1908754969640221
0.05915568199667297,0.1459181123998835
0.08611370196395127,0.055862119116662105
0.19336630986759193,0.8686318273507458
0.24251965120528177,0.5146172230364601
0.28014555777841765,0.08621152143149148
0.11083724717687143,0.5117878849568727
0.3560052100085268,0.5342539279154106
0.23851056604943788,0.1222057965758506
0.22694993059135202,0.8283936392805098
0.11266453887197447,0.11986246248457769
0.4427114902034464,0.695417374690272
0.4326894154924089,0.5517020232531169
0.27255516784009337,0.23152378899269696
0.35239468495644405,0.12429874868668898
0.15628943066162876,0.20906448357124305
0.1616509495072507,0.18344575450418749
0.11580869067484804,0.2495768321856045
0.12271506595165137,0.1190938604715103
0.11457969388373085,0.11039727683759265
0.43505488627548794,0.20759284529292507
0.2193368442842953,0.8757606804916742
0.06084681448820321,0.30710955167931364
0.23494479624065612,0.2729670115263973
0.14106777041302124,0.3204086207430497
0.1176132517217013,0.5066039210271186
0.12376070964086651,0.47198509207384803
0.0845428969244399,0.3467777485050807
0.2852188872601318,0.26668402803559865
0.09931201544128601,0.2661879446187491
0.08227500346907055,0.07948587654122544
0.10074513819478631,0.08429069052707773
0.07982390198607989,0.28773956497891084
0.49695901210051147,0.2653405870201956
0.1400163398076428,0.052270100296547085
0.45564817750327014,0.17577986755831332
0.07343373993358236,0.08350926981869626
0.241457900156202,0.24026436918330887
0.5816364803851153,0.47000817608134837
0.09772158063493225,0.12968777774145168
0.07623093454712432,0.08291182292411828
0.22810493337950444,0.45833431652274664
0.10333907652751995,0.6116990254909985
0.10041441286468547,0.5966612795018779
0.057180629734697,0.1822384351454218
0.3612426123813255,0.20370194006046194
0.03660632066603948,0.23045577484440768
0.02002799975024717,0.11381298164459495
0.17110160705664956,0.3939550723104817
0.1966190689909505,0.6026959651912318
0.16404355739102836,0.15047249786747574
0.2561638411071981,0.07449108374390748
0.31802869776340226,0.9069903538924491
0.10200249479922414,0.07806264324254518
0.12360815770523625,0.17162015014530566
0.19797216615215354,0.17376485181535228
0.3488439834882518,0.7116410329667919
0.31581692706853975,0.7164032580547418
0.197463433517733,0.7879466492200419
0.05926100799925731,0.3274206377222588
0.02566313047086464,0.05334383577877755
0.2319481035458449,0.4922955116350122
0.08532867948470838,0.07289238229107667
0.08747102473401705,0.07176785903908026
0.06394021449787522,0.07011887102036668
0.37670558600291254,0.7751485730377917
0.4387645950901457,0.5868924347775485
0.3500384690083756,0.766517815701346
0.4538006307392172,0.3883185042082745
0.018980615988392964,0.08737174963434621
0.07514707566479464,0.21176464646791474
0.2861842609884008,0.29342645067228534
0.15688409895792144,0.548615179877123
0.03191690540396425,0.018144439974881747
0.2364895209424297,0.7120572555156098
0.3374244534639298,0.8741405071678363
0.22585999321441694,0.1983254877651243
0.10129295290175769,0.422625650198409
0.3894799253846545,0.34867666716545576
0.07869097914373152,0.24885142134799254
0.32967393348105484,0.6196588514040422
0.09327230955766362,0.4625072955127501
0.164188638605281,0.17444702541886292
0.2367505015256405,0.35720946234734297
0.1458259178285263,0.44626808516401745
0.12866382956921615,0.10584223635134589
0.4153330597795904,0.4433073362818427
0.0904434131802686,0.45381098004605724
0.4873502493743195,0.5069934939230456
0.4002541974530389,0.4969326478914695
0.27037440605946056,0.10282643198268171
0.49558453780935063,0.5334419175086041
0.2860382635794179,0.14320108654040972
0.10870083623812919,0.45804402368371655
0.09850654145502515,0.321867459925839
0.46118370183920415,0.6434545113971296
0.15500725993888825,0.15121047179331526
0.158460825717312,0.4808782974716845
0.3896630375221023,0.1599827542197094
0.11275775767771906,0.37598392851717055
0.3134414188409083,0.5308133437415513
0.462472138522698,0.5572961276351539
0.14882936759323676,0.13454542644770898
0.30174547848976563,0.9347341443415856
0.101060886466298,0.5116988864752856
0.30340498045927133,0.5585960128393694
0.201432734434482,0.258986661612702
0.5032426905709224,0.6085475777858332
0.18530126350940637,0.745572191882128
0.3592031069057599,0.33586432981723724
0.13226500520967246,0.7035274421571454
0.02895784121481535,0.08639971353850444
0.19288549829515395,0.2353873760536799
0.11910610283369093,0.18891782800523138
0.031307570292862,0.1073989620319245
0.022282840699009872,0.08385065349682021
0.11900696352234694,0.10607627008616896
0.2882294684159628,0.19853995090253088
0.09789268334072768,0.07014792102705493
0.41369378306480836,0.29405507077175735
0.03604753939165271,0.013394891212097786
0.379445475400903,0.50597101230435
0.08013157332697532,0.4520038683848143
0.4094631933143669,0.752878967332661
0.30942704268133103,0.9618960830230404
0.10837592525481034,0.3451864882895989
0.566901328709427,0.3481917213222108
0.08279173680915371,0.05201712260968086
0.04846081724412694,0.2902963140747743
0.505871663486973,0.5053752312723435
0.2030721204377722,0.21313934577443153
0.363316770028473,0.6844742967950951
0.15860536208859913,0.1073073474278317
0.15662838702370618,0.2478167770074649
0.46165604379445857,0.6984134192587491
0.14440496637818437,0.48713018327794305
0.21752374603763389,0.2267940750812985
0.08723115274298927,0.16701690969836583
0.45450765575635954,0.6983700416790506
0.19354260261694517,0.22103224817330278
0.057662343954511766,0.3482081372524741
0.581301077714824,0.4019426109784044
0.12086944288638359,0.28147492447267713
0.29671151697954834,0.8686606498541669
0.04015331266731982,0.01411146755649833
0.05074492202078395,0.046410961467420894
0.008493941635209848,0.0128987887860117
0.4867330345822333,0.646491813226361
0.32686493227799135,0.32099065301006935
0.20902907384353914,0.6110840177059585
0.3600532474610965,0.8102395210775662
0.21507801944197466,0.22730199314380872
0.33078541445156606,0.6308458414237008
0.044000092942978325,0.0368535766867043
0.23254202306207739,0.8984946251371712
0.22459809982986256,0.43998982737714554
0.014295035474162542,0.05710527842791823
0.3281618168748451,0.4092401354392603
0.09876425199461379,0.6013823426514955
0.28351394699900606,0.7561372241107853
0.30615561264491215,0.8687773253773416
0.23157641149216585,0.1742045780439394
0.10620165682702193,0.3805795412939978
0.18945944463031328,0.32608867047835866
0.05530851705859162,0.2831468064672444
0.11759661754336684,0.07164955487983246
0.1062738233364583,0.44898972030759937
0.18674173323279075,0.5909225769846164
0.2721834443857256,0.19234292758497545
0.12392150366623157,0.09797427604570731
0.4600502218194048,0.5597074002071365
0.0621070420198897,0.03290738404562172
0.12725205926373,0.4896825635396338
0.3713643576880411,0.7403959973319472
0.26357163642725284,0.3507022874613212
0.07895704778995885,0.0828850811154812
0.44369294650313773,0.6825400092671107
0.4648576255127816,0.29886728903568993
0.14505187589078644,0.6923038029126636
0.18065233932667155,0.1797371214708434
0.3519910380758982,0.3628446370988447
0.09738539516781204,0.5016421231911335
0.032703283270550984,0.021958224136891847
0.3784692403778854,0.827740242529526
0.20958572786853272,0.5427591752873107
0.07928506459208637,0.03125379104433668
0.1069849445597004,0.11735142311939525
0.476114048826437,0.3851786084197321
0.055887153273147194,0.031938302246669874
0.48597014195173466,0.5250291873495612
0.12129276676723916,0.12711611203389783
0.3932215515248516,0.19668918181106299
0.049122396231061204,0.3077533816800773
0.3025419432282066,0.5679178483051476
0.258499918849902,0.7776212708672668
0.13982216187657215,0.4622643682973883
0.1679437249285006,0.6111210642022329
0.5590509269425162,0.21655494234371542
0.0019494885366456282,0.0016492028740772537
0.021464100659868805,0.03478708870965851
0.04516794411265918,0.2427527085290632
0.2998675277014268,0.20929313777259334
0.038230567712076224,0.03160065101841601
0.21035121693929382,0.44407157378995643
0.144849243352709,0.5943183792034614
0.11810260001292819,0.10455714546307537
0.13746164192514473,0.2477899008132291
0.3147198110247915,0.7748824629516345
0.08795868267287382,0.35671409878027543
0.057364274152874976,0.15111153203482247
0.047823347599256834,0.12147317212126105
0.18956875193141814,0.8837441643177345
0.05560938624636724,0.13399338218693865
0.10848075575162108,0.07566802606741652
0.1672602327642004,0.17335433785696033
0.08237753071797166,0.09279968760783353
0.07882391451996165,0.06342324295876171
0.22429145969877418,0.244178810158423
0.11554113465933957,0.5657780771726814
0.08206081228415457,0.08437980907280314
0.4374936379781908,0.3644242953064026
0.4631877106140169,0.5067560643042088
0.2626767986718259,0.9920530403604982
0.35710202643777683,0.2951989293740771
0.16131281260850908,0.24897104702001052
0.10444268720646932,0.09972125671789062
0.45314250874410633,0.6106184754496339
0.32343093848857546,0.6112215167139267
0.21425852660015418,0.47515097098421183
0.2422599256291525,0.5289365095485496
0.2257061189544539,0.5313769096655273
0.2452997300427553,0.8659772357678591
0.1496517348719077,0.4014827115013055
0.14915486852470206,0.14125314064469585
0.10069974357140449,0.13984668856428262
0.11533552515908195,0.45607830273602307
0.101295432091889,0.34944330701881676
0.5239878206663646,0.294419006211321
0.21728822754840044,0.8340527750947557
0.1199747560713737,0.2501898490861134
0.1712001462227026,0.35504967280956584
0.14403421981168543,0.41291409353920366
0.3931072174671111,0.7479091786985587
0.23321976480743942,0.6213709073705407
0.3582729305962449,0.5947442260993101
0.024032203245980453,0.017319464661158503
0.1815311486532795,0.62665159964392
0.11102196338696284,0.6322071692584447
0.46909218588080487,0.3587498292851628
0.12241641777538387,0.6581170085353054
0.27303043479574357,0.08811915860193789
0.2545598270990883,0.20438060478176936
0.12204485773947622,0.12092460354913386
0.44703850865229555,0.7291124335893194
0.5661862322338953,0.39896357397169663
0.12712092977231268,0.11659320516887259
0.04367586769983841,0.0666005545064407
0.4037008957186066,0.6595950473252195
0.055043992764730175,0.34865097900844333
0.292179095928961,0.14285425780442712
0.39342376597442996,0.262552323337829
0.44214065582667855,0.5800143076923392
0.2711390620863471,0.09136324954860112
0.1586152280030001,0.620706517650227
0.22175388708810814,0.8034974889975255
0.048599750667948555,0.036222110318160645
0.5692928349195848,0.3419402426933369
0.39121090199599745,0.40182521104406965
0.21676463151746556,0.6736015164174106
0.427643306073479,0.6454089428546946
0.1890176580080438,0.5614717296495698
0.14545375701948038,0.49275485060095453
0.19800679015008524,0.9171340852322883
0.15618432025365422,0.6577375567295234
0.4188476821105152,0.7384498576681889
0.18216487801301634,0.21088792652769506
0.3904368255070339,0.7008907146948656
0.04797152358659135,0.30723241738155005
0.1273311885733255,0.4656416680266053
0.13292718983327126,0.2810034056890892
0.1267439316552624,0.5074149118228019
0.22134851450500176,0.5682523054690626
0.19420978566630862,0.388072808500273
0.5247458941727556,0.5494387079951064
0.22976002803000695,0.23234017126646858
0.5007763855804062,0.47599884552104416
0.5265420059664778,0.35021522075651845
0.12915333822654013,0.07716557283183564
0.22302312401466284,0.792387577805908
0.24175648822591914,0.07066460987094486
0.4613293615929358,0.3677192126855147
0.10958703048170595,0.6096777756496856
0.47205181385684886,0.5503666513996622
0.3159731886626458,0.27683021424382653
0.21765573998515367,0.6486804595191308
0.19996752810782667,0.7607867597414086
0.18698300743828092,0.3572914271045212
0.11354711318627499,0.5129252570110541
0.48256759481480743,0.3651692805822529
0.11539151361790333,0.4823387303263488
0.20217002300063616,0.04514678540926411
0.5176577303636553,0.5073491900122514
0.10084011622698351,0.4580175364971825
0.1965534798070334,0.38184492325170794
0.17945516778991594,0.5025806227013133
0.1972973801545383,0.4494097611527383
0.4829210968215226,0.5422157400323423
0.0792487651848599,0.07604910178721715
0.2344592196390555,0.7724521003253836
0.18727681843164334,0.0703345871208071
0.45778308149031177,0.31044754088661947
0.4496250259202447,0.6410898956707904
0.31792415320792444,0.43248828250657545
0.5002690768818013,0.34857931110730744
0.05973329042103702,0.06972726019788275
0.4215051809128104,0.2425037410525663
0.1503340849784717,0.4398518680168696
0.3224509965520559,0.4184572351283402
0.2416338900253716,0.7249803351018066
0.28502581791276377,0.988793046378937
0.06911492046448935,0.2978763987635281
0.11063327511486591,0.0953671076261574
0.3982169451652241,0.5816353995090661
0.22715833528991544,0.8813820821307584
0.4821680914455647,0.6712667465710673
0.11041840110261028,0.058145841204291386
0.251690749597131,0.337181809922969
0.30293086714838297,0.8920075247178056
0.14491896198483575,0.28427246046891846
0.08624130264575942,0.21267379215696328
0.08003590894682384,0.06639580725937287
0.32025571060957586,0.9556171853563753
0.13753121964975834,0.6183809928930806
0.11962528341716816,0.364570943634625
0.357624758947569,0.7866641509107185
0.19953430899125582,0.35179166398837874
0.06596493906789591,0.06973943493080093
0.11811273988248666,0.2603464791490831
0.22307849890636125,0.14028011452393915
0.3458096320229665,0.5752699037743982
0.38325055506764405,0.8616040757050097
0.2502937486008808,0.8996834735273984
0.10580764950671052,0.09791882034789155
0.46336907109471825,0.602862701067128
0.191129033904977,0.772499180696442
0.09301534478332882,0.4277250792850008
0.26008672007981465,0.1319701782178856
0.31313047911915876,0.7293054956131577
0.4684508612269168,0.5520696719245332
0.38240707405314395,0.8673660058748649
0.2992031118297906,0.31080297022518555
0.17237063709769704,0.7223854952174765
0.1398364224214236,0.1886791083109292
0.32188854029789127,0.2752431392836458
0.5220976188040676,0.5126386433493892
0.07058247583979158,0.039712564104628485
0.09009220729565177,0.11693782549760219
0.41350613369675193,0.5218318870443254
0.14415935006414027,0.34220119746997424
0.39451431971182316,0.169754837664832
0.43230524567422507,0.7133082001512641
0.14453263486729845,0.6729060551727379
0.0723510768214178,0.09823315838861561
0.3236927037676781,0.8328804533176886
0.39358264224501244,0.7440489007164754
0.10591427819766006,0.09465527586834102
0.4174120770524921,0.7176185236004939
0.34709404544957895,0.8846045514280814
0.28758013781487807,0.44631902798994944
0.14574313476599735,0.5630899498447278
0.37041274121575224,0.8207784959408989
0.18971604386160112,0.22404534990603872
0.5873264355648421,0.26522540000959455
0.05079208201026548,0.3041017212754583
0.4433554026463828,0.1751209896355174
0.1711656294482509,0.27566992346396063
0.18546896577311014,0.6405075568989193
0.07326192802774606,0.4203785758618868
0.1967425300822886,0.6915476333463411
0.24427500361485693,0.8158858411052403
0.4686885756979147,0.6453835736857222
0.4096602141938074,0.39837392329741345
0.06182377400182509,0.3352708309875417
0.06106659418999476,0.19486844973647127
0.038759059299355754,0.01744155845383218
0.05738692155087872,0.06225583313018725
0.1737485067286028,0.8563495891370124
0.43381573846152655,0.16363075817587583
0.20424708801959643,0.06044431758770512
0.46729958261883664,0.6266058300856702
0.15957883635325945,0.7175993043629647
0.3116435725705944,0.5628336964786469
0.2605121803264774,0.6663835536318382
0.07626065719585888,0.11979980321393363
0.37647837396195094,0.16873970351443238
0.17018861798181867,0.6489765543860995
0.15846829756355074,0.4959206172676183
0.4125288067569505,0.7502090836627459
0.013157244916505585,0.011924355300845443
0.31223318210327067,0.9287960568896285
0.18294785674505368,0.7738963086552898
0.5437315717893195,0.27989973250783196
0.03936899695141486,0.02403544072145524
0.1210495079913945,0.33135650477660017
0.12191432324565483,0.2938783882889335
0.006057124545413547,0.03234186759914587
0.030894391347377436,0.14602628535752832
0.06703016953696089,0.08681352594484618
0.1793643798628407,0.623067336089273
0.23257827066425885,0.9319923480031459
0.019447247284504008,0.019277881546720485
0.08340592378123625,0.30008699881253137
0.1328867381461306,0.11446355731626573
0.30839053807420547,0.475806522610308
0.43042964598143996,0.542592767711584
0.5496598510002734,0.46517608166142616
0.0709539844045099,0.1930160199353829
0.2888566549117453,0.48810193731455304
0.2448107302449252,0.5748484473131297
0.5736602098099063,0.3970574870487326
0.3898364595471253,0.18597699579572907
0.012179077436669572,0.012526712364904005
0.488460974081709,0.17494244550481358
0.3915981105749204,0.16891479795509498
0.32223660500313916,0.3901006173726968
0.22590937442748787,0.7486913264688675
0.02496723857768808,0.02784186504579216
0.40080643195780424,0.7338980053599128
0.20999410492629983,0.7464903513679229
0.2083401089729161,0.5792865534668539
0.07365425068561868,0.043995842195486794
0.20510188989280556,0.18190364120902053
0.22765250808283558,0.31766549915481757
0.4868999568019367,0.5837355231995882
0.21914179595602024,0.9572863183733321
0.08070033761821704,0.44072858072458054
0.044114864271477164,0.026396458968400028
0.11572966194052049,0.0968552656029492
0.15727244217198055,0.5434375691996758
0.27010786389843433,0.3480071264211656
0.4743974226350149,0.6636628262585977
0.2514573031687312,0.24743928373919738
0.3673922977955277,0.1678765091934677
0.17892893285481715,0.18362097093412466
0.31222891975906225,0.48292840202661896
0.5172200106638478,0.37004204966297705
0.17371852375202995,0.5505468914155174
0.2860058889302363,0.4491121241886661
0.04232028699765814,0.045771864751858085
0.20848775215494442,0.204248447485752
0.13899886418032262,0.14334282166580828
0.09044289085256471,0.06609330039914045
0.3931396653162052,0.5242932516531229
0.2052820210316996,0.3023705326886309
0.37787847920239626,0.49143226137943763
0.16763616368466286,0.13664049931842043
0.11996947685423627,0.3472731643713419
0.24627088067482755,0.5165520937788578
0.12881170841260636,0.24409695716601626
0.1076408839786933,0.2561610420559885
0.17931948567159794,0.2850567999492657
0.18374066300443562,0.8058885202059242
0.10720254347589869,0.5238534881283716
0.132492177024067,0.0642195259294408
0.4661737414759568,0.60289351400953
0.40909394232336027,0.4369614837369469
0.5020100538679644,0.25466601329967464
0.14958397070827356,0.6373039412660829
0.4306331237289503,0.39289197054005914
0.10100361818289605,0.3958028382223077
0.02455654558966921,0.015079700190858608
0.2260836221776511,0.3245641448234349
0.31771170657769154,0.8952578010634036
0.21904192397894348,0.24348746462032766
0.06482815447473494,0.3940167654296144
0.1792345511319181,0.06635415323596751
0.5017189856171123,0.3570977572904243
0.2714191111348589,0.05848100434226096
0.3945295582964779,0.236287046712243
0.36171309055130957,0.3011941381077198
0.21253886232959165,0.38982010247426097
0.10544296601506904,0.2673062376192376
0.38489971317494426,0.3709770281395429
0.4759628792614971,0.34473701697384307
0.05734456068140891,0.05133980702995374
0.20115545909483548,0.8088908072655044
0.12149401301999782,0.47885078925788943
0.2473799734783328,0.28615896159775217
0.25847322862921435,0.8804444360603645
0.24333641952914115,0.9818794935372721
0.3993277617385378,0.36128269278339964
0.05599951008947764,0.14486117664632542
0.2504508268271713,0.36429400213532476
0.09534104494116703,0.2284763381957512
0.2893238236637214,0.3950199001745623
0.06717848728909175,0.40292519142694716
0.07841982676791633,0.04421798283933
0.09308178279644293,0.4065286709902912
0.5881300811849592,0.3610868133443066
0.4530997053310716,0.2961271434585613
0.23905959182802766,0.3684111514715877
0.036806578299325286,0.20678164526545237
0.09760960010617037,0.5868192267498563
0.1288321074636003,0.6407143736039435
0.5307042801157453,0.2112496290525208
0.28322352735302603,0.9205908448887403
0.43522284530681893,0.7512168549235272
0.20884732836022077,0.7002269752306977
0.4917534939318823,0.5023267518597674
0.13386670643299586,0.40310463283819126
0.586523517099019,0.22126340209880552
0.21209360896824558,0.20391114503139052
0.14823960349702198,0.055889996954389155
0.10646398205657123,0.5660900644753928
0.2672794487456733,0.6910490742939421
0.05184434879108444,0.1752383830879504
0.058427587643567806,0.14328035741166412
0.406189172721216,0.42943047458620337
0.22415898024730452,0.6242938949892465
0.18491259939174223,0.6220927418788939
0.3789950724515479,0.6560927574159886
0.29197716311977345,0.8374043158638745
0.10484697608884448,0.1528034336107591
0.3629477142809083,0.5640949621168826
0.19491691542659487,0.11689468428838896
0.02095525309931643,0.11069536046787672
0.37198095336294545,0.17742563235776995
0.10795116356615916,0.5321348349610142
0.09793820582384072,0.18810405112303005
0.4026600588931635,0.6960468441359144
0.15137223545424802,0.16712694801495714
0.13878781501115822,0.5244121137103234
0.25663628541527256,0.914302379632969
0.2159219696012604,0.5938560841102714
0.07883723981068672,0.44599028488412473
0.23523264568549224,0.8015372975323192
0.10314697858666694,0.12835791050760362
0.21438098484517729,0.36557811187784106
0.24526972653495058,0.5620932805687138
0.1796180261404907,0.5885398534402074
0.29396995407073867,0.9412971403219963
0.04957534107708059,0.24440306845486273
0.14447778137433662,0.14327474347644406
0.14523251269770496,0.5400334733759757
0.2673231096766962,0.6154315108876593
0.5025169731237505,0.49289259699788907
0.03582471234970941,0.23397963399342275
0.0907967172157174,0.47019092962218095
0.08720989826328468,0.34355929946515423
0.39820539163567376,0.8089807415778014
0.32753079283654396,0.4179313966873026
0.24446161294229196,0.2411597528587632
0.12911491245882953,0.6234366283807328
0.19923220312290785,0.11384244810250936
0.3837756077348607,0.29341135325549683
0.18828303063350718,0.09075754978742735
0.19899327106763806,0.3592605599376566
0.05054932152720897,0.3147291493569923
0.20577835718893295,0.5906477981951704
0.34993660279592703,0.28374563042925033
0.49245859916535956,0.5570130330316353
0.4146267624716087,0.778240896540539
0.44347497910586037,0.311620933090299
0.1221038943602485,0.4308061654799883
0.11935128023625523,0.08651806822151853
0.2768522082983924,0.6972962508005226
0.29142010726786527,0.611375339166217
0.47092997235321216,0.3232935853718832
0.15473776048584634,0.42198515310668594
0.44249343973452515,0.657091039433874
0.5846016717868985,0.22054421676393687
0.06001115342441558,0.2868639119252421
0.17988231412416913,0.48934383187230046
0.13571511691554347,0.7529612164897518
0.16569078147127755,0.16080607333579258
0.420666238966653,0.19980618759853322
0.3083643844713361,0.8565074892954428
0.15922394639586013,0.7219087798982728
0.17437847842078533,0.5038592121408269
0.2992618340527174,0.5926877677624561
0.16594522252634678,0.14736147091734225
0.14176230316996016,0.31292536449312147
0.42907520100620267,0.19865362882815477
0.1296234385873448,0.5104189506139291
0.012837390674272794,0.014308277419147935
0.08197184775656573,0.0634445518008622
0.2719744935925548,0.8917110752862963
0.21606360487564166,0.7279514886906842
0.11764094607221612,0.08426999486356102
0.05054063213616178,0.3048000852154755
0.13749478046032038,0.07661173206009755
0.0547102880347829,0.04516392511263336
0.4863146964185852,0.47175114575166
0.1070206257004103,0.5422903688209333
0.2902135377535917,0.17420222751344455
0.2119887471999478,0.2685112572063606
0.1084613820362758,0.3448702294264631
0.11270101676243681,0.5063534676429186
0.11381919422699929,0.26983453119498885
0.3144647002381618,0.1997790375584868
0.05847130937480329,0.34937079348531724
0.2526902261014796,0.7838853832743025
0.5507294409988454,0.4928508120108194
0.07782472660857,0.07532140624991615
0.05853466800867005,0.17500709253818195
0.3024267171353025,0.10833496708451376
0.34524381756311384,0.3715718184864161
0.20488930290404386,0.6780814183242946
0.14552983251429397,0.5318763288694586
0.6664733843274024,0.212195178880689
0.08838219639579072,0.4030113185088389
0.09948712897935993,0.4593499670866406
0.015214245032397029,0.01569333493034413
0.20116310771255502,0.6047575377373781
0.2689204558508873,0.6887019640845623
0.44562086849309906,0.6975536951212373
0.1640859450129827,0.8617431933260302
0.2547427070796532,0.4795384602698938
0.03531203623675953,0.011987687095049016
0.18355938852118128,0.1037440736692749
0.12733235574407448,0.24367662605006618
0.14588502929688618,0.4996598585395504
0.3610238797531754,0.5428668722088086
0.21638129213710405,0.33250768879203624
0.47087477591900195,0.683481714677319
0.07964833274414553,0.33281303984750615
0.09617371858323512,0.4764980330083446
0.026262108559445305,0.1742473066518933
0.3514390950717573,0.14512437435460313
0.16261447389233694,0.144918502225034
0.19250247857569602,0.5419663188608163
0.19225954794882696,0.14205156534692556
0.5103705813326901,0.3173532019297311
0.047239183842083136,0.03909756855640441
0.11016942387822908,0.5233241312037133
0.16373794038213688,0.16871014044787766
0.6070581547649134,0.39141183484378483
0.1948179584791014,0.9280795294897434
0.5126530988706712,0.35075555884860404
0.21982512794974907,0.8122821715318964
0.37904078614494563,0.816746200421027
0.022131100254429225,0.0245131175467063
0.05349518881826984,0.2612049707958904
0.24163989636369948,0.798538028491021
0.1916117882307865,0.669418621067932
0.5499247323955437,0.3606403438594141
0.36150497371956275,0.7703431005369498
0.6705706330081981,0.27366211007271046
0.1430845056552582,0.662768516522919
0.20164975364305093,0.7349993221857999
0.36687187939076416,0.3706731054184731
0.4835933853530541,0.31485655875682844
0.3930256442683806,0.6139179663054362
0.11201523855761478,0.6098414440894266
0.17871294452601494,0.5818757651974544
0.2185885349681772,0.21877094436711048
0.08394643681221031,0.5046762035176662
0.5230522144354599,0.5742283159206327
0.3009513200142898,0.23279099093000102
0.033920179197942095,0.014587478869677366
0.2648854523976058,0.5448961130089119
0.23092403645864606,0.05888087661314323
0.27548744477871584,0.425434402390957
0.11327062553678685,0.1134810708584508
0.23698221250146784,0.35630878586902187
0.3298955838710747,0.2553991128790255
0.23074644590073293,0.9089430772275823
0.12822826457581762,0.6230240459484179
0.452552244272001,0.5989465706715553
0.2318210873388714,0.43447301736380556
0.11747536558699975,0.11023024930889942
0.10349349781564851,0.07570293273524396
0.0931452537685798,0.44227600204792045
0.22984356004724915,0.43008543414517864
0.4360971765442487,0.17848554231341257
0.11130964114022585,0.1271566693825988
0.4065156574915275,0.3577952393622079
0.4237504807497706,0.21271336663588877
0.1643549675137916,0.5162956251238973
0.3692403587587068,0.8561211276332686
0.021871113787439608,0.025174230974305146
0.45861579984256945,0.33815834750356016
0.3124639214227593,0.4850117406484209
0.13463818170041042,0.43523270487661125
0.12593749295344744,0.591709712842697
0.05722701817826057,0.2865607902752846
0.3854051188330912,0.6225855893591191
0.079244344496434,0.2038026139262303
0.3182144430442823,0.3494372686262104
0.042396405211395864,0.24880311116389411
0.28824353941446157,0.22627002887078213
0.14996544275360393,0.32781099991908486
0.14594652443196685,0.6383108111840267
0.0826064997540764,0.08466533357988233
0.1840166901331392,0.31567755160455657
0.1311447968365737,0.6170204829696542
0.10392437303131233,0.3287291083760218
0.16516598648940467,0.17042151167503103
0.5030663989257951,0.41487971694991993
0.14114407022857775,0.1556473681625427
0.43940536362377475,0.14610705906777144
0.41996366484702213,0.7324604095654641
0.09658660227114256,0.42284909220494427
0.13796074735920585,0.41583015947796576
0.4693440212720598,0.5551686899853409
0.033802351380300674,0.039275157937157766
0.11037828553990102,0.4830935240613918
0.16831040946877462,0.12770788868494268
0.5308016366794462,0.37933227086395066
0.1217356162107201,0.5937769535742689
0.5933173156375114,0.18365425330882496
0.379001852856517,0.7389122853027356
0.16323504478857195,0.0338861195077614
0.29388916270233784,0.21478351848992883
0.3814065193760434,0.6584646425109218
0.5359156730060802,0.4087318627233018
0.0045144879014108,0.002704326620906376
0.18345295520250623,0.1122590205960575
0.6456074104082081,0.333025917267685
0.17654167581655988,0.11857105874149389
0.23904601083769905,0.7810468597785616
0.4761145304604416,0.610077834377765
0.1412362469995316,0.5057970706757005
0.19624050691592343,0.23963876419825467
0.10115145072906014,0.4572636204938995
0.15119936834535813,0.6295871377961572
0.11802881852950689,0.3451722218377031
0.5618772384623842,0.3210530308329196
0.5577174005414459,0.4481934826878719
0.14785669026110926,0.6582297797939234
0.3462066168612261,0.3905282301632085
0.04335768553796501,0.27540227446284476
0.1701474459720004,0.23177644575775136
0.12020437940586495,0.4902294367704519
0.44678336393632784,0.4976180694507483
0.08872634254615244,0.1799150954349424
0.4905501503810734,0.5207184870324599
0.4773485461244276,0.4550451966161908
0.061057448631890866,0.04031100463783432
0.011329569746228731,0.03981204325856844
0.21254638292367348,0.9134876235887295
0.13320679493109916,0.5652286009370469
0.012224195760755252,0.006826808272673579
0.09978916167625058,0.07842339000105081
0.14005464316610083,0.28842306612106555
0.22144194503681242,0.9379912603703991
0.3379104010312192,0.1293899891421115
0.0910352524355668,0.4227052042279068
0.3615700012172028,0.6642140428155626
0.1612959033875998,0.5139194476341936
0.11622719375865521,0.46884703674368383
0.35801070373940125,0.5639214955626907
0.274024068187563,0.42067570752984634
0.3408803777467527,0.9037108884609436
0.4161608625545645,0.19101739693416672
0.11877357189150425,0.6932727017940864
0.11734536756166626,0.11203345046250279
0.1579002288962262,0.1807228850756241
0.4372515178711963,0.7288408309716954
0.11264193477877489,0.08071708174195555
0.4089568402189142,0.37559092508812386
0.11319628345280668,0.16427514198042636
0.21149669198941848,0.44331857753891935
0.25262264946293667,0.2964898795514735
0.2406656210859702,0.1607974873908218
0.16676784172614578,0.6977492160287104
0.46657298054269714,0.429541487009006
0.15843659250468886,0.12071273975634758
0.09883704815871211,0.44028677037224984
0.5018262891505934,0.2375476189361152
0.07757435437477518,0.4388017065884076
0.2972768563035376,0.15252678183041887
0.38677667995325965,0.7670129052526367
0.016127978483214858,0.007499690986389047
0.0910241272054721,0.1310350157781906
0.21003974062886946,0.9197685683636477
0.21400244836416427,0.4524216523055376
0.07832727274318763,0.43298994423653203
0.4072633564699745,0.21376253444974666
0.10792592748844987,0.48401717130406374
0.3098551979287261,0.5638551417293932
0.44102157637789813,0.24356992202466618
0.3115444173539654,0.43810388966966957
0.031414735924939645,0.0999863506112769
0.2492139064449346,0.4862179342855455
0.5882307985281934,0.2565704928315974
0.12184711225104337,0.5503839390370916
0.17688507364155479,0.6757289188434419
0.1970509412378027,0.34974531604285725
0.21463545527864514,0.3892763559221626
0.1676112670109522,0.8645875586444055
0.013191839478140958,0.013821283496744857
0.02820503243542957,0.02072246955861342
0.24940102052877083,0.2804323309877712
0.008578823521628724,0.023761483768073008
0.12705674099483877,0.3231731662480173
0.04970265160479422,0.2934071492235577
0.004390352672932882,0.005095598286751574
0.11024945143683132,0.3828039095006798
0.2704193433556748,0.24741976994849427
0.4916724363773491,0.44585913072322314
0.16746649746573886,0.16860673255673464
0.3328761079069672,0.2512973738344057
0.22647773134419036,0.8411087985261632
0.1162086947562931,0.12628336902228673
0.16283676592312427,0.15938175164974816
0.4958836020217925,0.33348520011726096
0.213284487422224,0.8125990449753473
0.2640008652131784,0.6498678158481407
0.3354484904445923,0.9429226050060626
0.1075495955372921,0.550979389403117
0.2961180164144563,0.43908327346232223
0.29731253324041457,0.3054741692242811
0.3103914537898586,0.3585253040918544
0.013057647476305945,0.0152386260540336
0.013748942800937356,0.09119149697482393
0.5141547435500898,0.3243008879440872
0.07317254978409292,0.43585257101179586
0.19814481329397324,0.33573721884075086
0.07906952340236231,0.06609185936960511
0.31043939598543485,0.1068612501408422
0.05684376163635041,0.054536280078169366
0.24578472094217932,0.3604648482244621
0.20612953789629615,0.8057753307380904
0.2186667487810641,0.5576370744214072
0.23382847854698152,0.22033996038279088
0.37755753262756286,0.7370436458415539
0.29608810032065436,0.8400714346021457
0.1043341559536925,0.4077159874343855
0.24212863580096758,0.7342549273595533
0.15851453805825205,0.5075885309376286
0.46651654606704995,0.30451636885443006
0.25072695726927474,0.7605787397574544
0.09772806800318345,0.09513473320975704
0.07772878856874432,0.05684036754788358
0.32949042930812034,0.3431670125761407
0.00909906129806014,0.021545238407902064
0.2675750951838029,0.28236206228181593
0.3561539255127986,0.4458804315976432
0.6199561325207101,0.2144203432629857
0.5783895627266858,0.37625492811747746
0.4007668020736695,0.281131640765023
0.019404047091015158,0.013705253706583202
0.15756190705661977,0.18424062208192718
0.1517234733451724,0.8164564759830722
0.5048902317776085,0.41957956447421957
0.11378266254700951,0.6699766806345806
0.20491690368904256,0.18737457550262018
0.05429649644433637,0.06144341714880526
0.16415488456006694,0.38869759237028667
0.5907403064531653,0.2901262459109406
0.35411717019899736,0.14653693967285902
0.07510594982863,0.45472364061142606
0.010779803603130191,0.008945688081538856
0.005215882604626148,0.0035410338840532554
0.3468111617993655,0.45098055529668957
0.09013711737988542,0.5352837740934961
0.12655933815491133,0.511495518939104
0.3560271095229101,0.4309397837098547
0.04907944554510204,0.039476396603312446
0.2406004943302146,0.9675154435308604
0.5661891712812379,0.4762409167411641
0.0656791439337054,0.39315053298520836
0.07267022694197764,0.07198609055937864
0.18551459029275058,0.11084368527732909
0.11286819823421594,0.5952555482512649
0.4431835888561453,0.7153358133199414
0.36672165200950374,0.30623383191609366
0.14573053617330972,0.3696933503744074
0.2130680108850374,0.24499523039745794
0.23055449824294547,0.6616341481411581
0.13194745817905099,0.3918996407363762
0.32347379162193357,0.48455262221655515
0.10580625109875255,0.3008134395815866
0.16775087174642078,0.8626670709910789
0.19640944543632166,0.5984313616646604
0.2969217720421974,0.5261146661773772
0.20059665064204452,0.34031376946015685
0.10756087516935374,0.19164768815582034
0.1393768619693011,0.1406200129706593
0.10526745485727097,0.21724883337528378
0.4182345031780375,0.7510457265067557
0.3338160820836788,0.11247102064490096
0.004762801279720794,0.004418477797192836
0.16637725866015937,0.7096813926712343
0.293113161619553,0.983463110086711
0.30322353531104357,0.8960445600130347
0.2349322693132378,0.33211101290704836
0.11656961263474495,0.19297542918794636
0.06801547243770617,0.4158645239708466
0.2026796680337195,0.4972301392995337
0.23954668616088784,0.16555161118369266
0.21843537957461162,0.20104604158536651
0.233983471565027,0.9762850862434965
0.005367695343087513,0.00037028268258018534
0.2751482986120281,0.46842543986387225
0.5600398192276785,0.47528094336084736
0.24541351726387314,0.10521874653957973
0.31395133731346553,0.2055404902269545
0.10247622560968114,0.19368066251278154
0.15246889231759025,0.6782691034266917
0.35051663523429405,0.8814027626328098
0.18505981802641175,0.54118169786038
0.11372351173362215,0.4673698896799325
0.3221728693056103,0.49891978585568203
0.38934132269463345,0.8309435530380693
0.5049362915090541,0.6083098407138455
0.17322866877633306,0.19652726122483294
0.17068543642228545,0.3928967341472529
0.14295546427247088,0.5224781766794898
0.17065682226574208,0.13744929935451286
0.21068043305997144,0.8062792295491298
0.09800487324844763,0.5160882875817221
0.15288961265846848,0.15539116626842028
0.4581755021040823,0.6036469150330142
0.34077199807461805,0.1321418733039685
0.11565746190185337,0.5084884813162588
0.30165284178940166,0.11306306692176626
0.24019631775162548,0.17768471089888796
0.36393219538671734,0.6205852447320617
0.12407917727203507,0.30427026504783955
0.5554375603795366,0.32092839775197013
0.18085197315373233,0.6964650187282239
0.2599874852896498,0.7054045563078157
0.4992364863477735,0.586938415301137
0.515033857360525,0.4420095851733753
0.12284832420871943,0.10598898365831046
0.08748531896329056,0.08405790168502139
0.09726422905722303,0.41230596967152794
0.3643782468352236,0.1582814716008582
0.36206678474269066,0.9017451055275867
0.07318220843338195,0.08535565733030565
0.45313452550399563,0.6948196827282165
0.1718730845239432,0.1283348906615746
0.23156261321243002,0.9516589998531575
0.4725578138520199,0.5129346945075186
0.15247737661997032,0.32786277856592755
0.5268650103981538,0.39666000597455425
0.09240460806684259,0.0697031103898463
0.03255297279094732,0.019605970422990494
0.09075038717255861,0.5137937046364622
0.11560669193372877,0.12417417730178072
0.16053720843452918,0.7984821159924911
0.03138432310060083,0.0170945474514131
0.05734141444029107,0.059577321851819846
0.19495730042033585,0.5063552107664165
0.22597110857017938,0.23028358297987908
0.029893048720059573,0.032701461256912145
0.1240828333166686,0.17550583585481525
0.22981564084329476,0.22519750191944735
0.014767781638768416,0.011012800236498404
0.05002157768823822,0.020733422740925316
0.005595034603852389,0.005416131716390137
0.3856981917798526,0.1826743221667554
0.13061931478413422,0.44944250607489517
0.10737335116020565,0.4355895138567421
0.15434534922553853,0.5248792521875418
0.036501479399730655,0.1902620908018042
0.5129189013287341,0.24945903038802594
0.10721772797086752,0.14021777239764185
0.20211811699064142,0.5917343840745914
0.06155614830153849,0.39096371582433437
0.1575959776162418,0.564213726059291
0.3849207276006404,0.21763808867615764
0.4743013901879712,0.6566955162030492
0.18391830723823732,0.09018194706012281
0.5539010170628095,0.469434926009505
0.09232059177782859,0.1319464910664993
0.31652272762944605,0.8927423889338251
0.5170761815078831,0.33969955599961765
0.18329336956604705,0.40415761782655246
0.13702845405620492,0.06989679940634759
0.45953354113230593,0.25293090741890184
0.03395313769480995,0.030408157843569948
0.30809160883903886,0.09391071480390814
0.37525613319653545,0.5120750075027066
0.04395925266125264,0.03177805460385634
0.03904668600731049,0.027555496069071678
0.4283772966289241,0.5471596653478064
0.1798395816188704,0.3402100626755099
0.36426953443157617,0.7462233532414505
0.08868204619858686,0.4855610876555348
0.5184570110795664,0.42667380773464153
0.6598414176422999,0.2690049025665351
0.21746930549574198,0.3387294977913653
0.03945636063118517,0.020230567201347107
0.05810924497762321,0.02182634056396165
0.32184927989908185,0.20812098907320953
0.026133735552283224,0.06973442162508728
0.4464345629874479,0.6042752682290986
0.19832579582742266,0.8922029561114986
0.1923745101048697,0.613986974021335
0.11228511819291237,0.08515593702636326
0.45641391407004905,0.618634434006565
0.15831433295207342,0.6511329973104811
0.11314690469221968,0.36469295461587414
0.5042295564892733,0.5432127387718217
0.12220637992080445,0.39701360595636576
0.22194645978740388,0.9481726552718598
0.05933670612836392,0.04847812008472929
0.12135989077237327,0.11318256116560137
0.1159106180219327,0.3278645312352886
0.2562134702825684,0.47029944795285433
0.2902803519812048,0.8611744976490154
0.5614482759924632,0.48272327091222855
0.14886528782001973,0.3998079953383093
0.43510065337548576,0.2429456118079102
0.2443280863728778,0.23944049986157023
0.14254887158362095,0.7626258288663513
0.009280180581856404,0.006798197292229716
0.47597596721957663,0.5737180575260289
0.0975593616733448,0.05892277997204837
0.2314131237592205,0.25587156153761653
0.24517902854909657,0.9269733165234776
0.014019477294644181,0.007697120310162638
0.033778641498715234,0.05539985764312143
0.4721553140702644,0.2510853189515851
0.47911783314983497,0.47482066162485154
0.13093721589481325,0.10222143572432493
0.414444600201186,0.7362060668329479
0.43701085821430086,0.4964456028403687
0.08462328802648911,0.3373543059137463
0.15186624285639858,0.5222578858422158
0.09204669474380058,0.5611547495405983
0.07692976442339484,0.3731098376097565
0.0758305750636165,0.33871690550546946
0.0849069827468519,0.430602829177763
0.1909377527784597,0.06678962304186703
0.6005628289997097,0.3912617797875447
0.15489127928804552,0.36386805664944705
0.21212915248853403,0.2214688493580269
0.10874750369916593,0.5456226568839779
0.18504294706603083,0.6702120069216368
0.5900992554043164,0.45524181313304507
0.2048888994148612,0.5926958490701799
0.14010315938275927,0.06322024551174932
0.5325469856943688,0.43057044424882923
0.09718913105071604,0.5826624088749458
0.09339682569676883,0.07107738777700123
0.2578089852338504,0.8592031042315373
0.167939388452859,0.581335431775052
0.11940627923887824,0.3538581393323176
0.1043024148145038,0.24884618795475655
0.42821291333445494,0.6803180420844767
0.08217266732830712,0.4556142759438372
0.07403870998313658,0.47085096516243125
0.3037730204026393,0.6450530039447893
0.2807258772283003,0.7447484608105802
0.27494273275636644,0.7084916716818351
0.33296577309881803,0.5370237880102106
0.2733428007283099,0.7720123458953502
0.24646761319073668,0.8843530524358157
0.17671987406308104,0.17762834191508517
0.1835871993488029,0.6923460041964233
0.29868717988429644,0.1212844677806055
0.20949677995492497,0.4120315478979371
0.07698178017183493,0.08847075639932926
0.021355109121160547,0.13764051794998733
0.1771164747386272,0.5805171575910656
0.04891412006831969,0.13136983950973216
0.17817623570729352,0.140275033604541
0.1340405751361005,0.54723708101486
0.23938767726194574,0.2126230142258602
0.04673319329110502,0.03729864881282935
0.20335958499651766,0.1492703093186591
0.24784530156355328,0.1869420482403028
0.01720359247677226,0.016273372986096588
0.10757101379878632,0.12885672613933757
0.41274124331115447,0.7517223820112153
0.14362181735735227,0.23268835654118267
0.2139087914362754,0.8948902115674421
0.13046611836168462,0.06529548928121633
0.053033878701101704,0.19694615105932758
0.04903163880606866,0.26853963335877457
0.09124002901545089,0.48126607185982473
0.12169671709464247,0.32859252096619596
0.0870816350889577,0.3440614679227124
0.42141619132432007,0.22620588878191425
0.5059097373048435,0.24734979249617686
0.5346111521101024,0.5279603208873619
0.3378396508291995,0.9407154555192077
0.131229000852021,0.3898519628059057
0.09849057253135354,0.07553181091851231
0.19456331881668246,0.4947206401179619
0.12266776073556815,0.43967086062241545
0.0570148773440578,0.2664939460315328
0.017674660292791314,0.053141003756676394
0.2893147166354702,0.3716821716774846
0.06143336347804692,0.3562853200041711
0.10616642192383584,0.35621532575868553
0.4765199987452054,0.41301804700502387
0.23347512879823018,0.17392376025766307
0.09828760932631067,0.06350779886135767
0.3256841571417364,0.758987020350561
0.5445032840679491,0.4163507852149851
0.15905640253615555,0.5376427374555348
0.4856781466729439,0.275408655416083
0.16236432993536695,0.449566850545462
0.6302859526449631,0.26811813308963145
0.1321775404039308,0.5392470003712158
0.2544262436908439,0.7078326114923006
0.39977760926590633,0.7244468797438456
0.33775996479009307,0.36143456777639754
0.16588226323957583,0.45828862733856923
0.30321466212611914,0.32330992963913163
0.4664646920869915,0.6792951330157795
0.10642892100046422,0.16131866272719092
0.24413222196383513,0.8186108290033307
0.13326316340342928,0.053169706103246374
0.0036076643798533103,0.0025967779156310595
0.10478126998855271,0.5789257413242884
0.20106375678714447,0.20592930825154332
0.17130986388759642,0.544041694184312
0.04625479663930298,0.14635302007990622
0.41886876426942804,0.2058569573451922
0.06102681648700487,0.0440097979279568
0.3162692093419815,0.9552055838685977
0.06846623709018756,0.037795703473507455
0.01751010219950696,0.09997361415058216
0.06398118495506368,0.06542603709696589
0.15049316985112754,0.7023631584631576
0.20747236043511244,0.590130812825193
0.14181347752035006,0.7911744944298045
0.23995355598943455,0.22312450490051466
0.1531425517932682,0.43535428727921294
0.326214104422881,0.10982346868426254
0.06753852533396885,0.3850685535848122
0.18768588495277286,0.14732020401801188
0.2043269681355462,0.2723402061990223
0.17090039646836494,0.7818582444545622
0.2421257202388797,0.5228849676413545
0.5201706614165957,0.4003755443629304
0.479999840234579,0.25210699254454083
0.4344796198757043,0.27309829321519
0.056001948477896364,0.25815417334141527
0.13864043507438928,0.6146753328663898
0.07708429021856163,0.05745377160395545
0.44504891401269897,0.2460087462875163
0.5055632158114962,0.43628522298678685
0.10587427560249586,0.41228760226438504
0.4123172104392773,0.6252025748545901
0.5369782689367003,0.49626303042628767
0.34094236724789634,0.11911732696235788
0.12480239918839899,0.060329901922715826
0.22549375964767948,0.9089534821748608
0.2209699023600202,0.2026196459838455
0.4737522254818526,0.2841199677568312
0.11367642943169468,0.3684219857978531
0.08477099183217596,0.3682052223962302
0.09701848123628068,0.3981095851816887
0.13430632787903277,0.18641717581646594
0.2253975164760914,0.6130875515329077
0.13295218073506182,0.4545612661224453
0.13050845256021779,0.457196950864316
0.09099153694236395,0.45454319694835704
0.293483024361348,0.09913677590972668
0.24427401372979923,0.2789957860306526
0.20910450724154186,0.42083460904496245
0.136593450228133,0.3800832374074093
0.3578159300924691,0.8204812138594022
0.14917983070155133,0.27250119647145093
0.23942197278972244,0.521317914604889
0.5174827370111663,0.3361301370548918
0.16747734979681692,0.8550985142079205
0.3922926102925664,0.38572113806366937
0.4916173697752176,0.36088937303289875
0.31785207708473207,0.752439518010952
0.5436963058047573,0.5468892758319114
0.08925551411053234,0.4763098931497559
0.4652552514240407,0.245982306436179
0.21559754269291245,0.16970823950112707
0.11617356627232062,0.5413427883916279
0.11483132357760442,0.5537478897871294
0.2669005762211719,0.9787451137705244
0.24069051432454935,0.21710384216579656
0.13664683436111144,0.5502189889119529
0.17812820036852373,0.15552375397782656
0.03835605480053434,0.1774984922141858
0.5009200751864011,0.3382907464249285
0.5157879847676724,0.3812138380630676
0.2702788090544719,0.7550670969564192
0.10806937359596151,0.4254355802483528
0.16576926534455386,0.4866026233916568
0.10197401611000818,0.4803906015936987
0.38499461962961634,0.4312796530417129
0.2316307841005571,0.8894516311083811
0.1488026317214807,0.7955439774552974
0.4298721809045393,0.6928067813832893
0.4942608191679308,0.6425995749704396
0.48943551020207654,0.42373011430960467
0.13432406087041407,0.5680954955817127
0.42829968356304804,0.28312921995360324
0.176179855596444,0.5459054508416036
0.158833219248575,0.2905158248084534
0.022914682665321113,0.13670990978834147
0.1018226103560927,0.05891167494452935
0.3797473308808309,0.23975735866924183
0.17503196771476,0.27112892200437977
0.13658888206413133,0.5046818047519673
0.30459803291251586,0.7679311091223594
0.21755197945939075,0.5939797444180344
0.4757595015956195,0.34269901469056263
0.030928661941634378,0.1506030225474184
0.03472590511832501,0.009875684129098857
0.02739007584258381,0.019443222644108655
0.23384852654740532,0.566345886436994
0.4944210035487293,0.4885254740160898
0.6283266700279029,0.2731644249376296
0.519803468020014,0.5810441144984194
0.36583225809539377,0.5143545308261679
0.29114414855710297,0.28643084893079673
0.10765207605691843,0.2023793586716784
0.30847928556802096,0.24506089706891063
0.0497429398750813,0.03302075639966373
0.14532567032196134,0.12973648768080487
0.13340890518109783,0.07641181279182807
0.2461737401021117,0.9181050601728359
0.10053814611681394,0.23064662041343126
0.27311496444735367,0.7524679603183355
0.163994862875122,0.6660261147414541
0.13216409046399447,0.5268706178909129
0.5161434576624617,0.32470775976285327
0.137333474564005,0.3318444523643859
0.18541604505079776,0.29427525886993405
0.5076184220321882,0.3924233368466637
0.03217016592297771,0.02831335495612363
0.19519825567893184,0.518724909158946
0.1018517418415753,0.1123870334323174
0.21116847680565615,0.8430906817005955
0.035520763268940846,0.03798746984003052
0.1857775920035568,0.19895789026784114
0.22584986247710118,0.35433559999987574
0.0036374324738122008,0.0025873037892812888
0.19001553994910705,0.42540987789632734
0.03235912869703077,0.09824835345485822
0.12156660764175689,0.415935229383612
0.09595575013563112,0.4835206256802093
0.3972800636671519,0.6964942332268896
0.20201874137414394,0.8338930835684655
0.21141139909977716,0.24692634237490174
0.43859401337710113,0.15325308591306783
0.39228674971875077,0.7680691758233199
0.3899624419291136,0.15370107572571448
0.3221742793741376,0.4224336197156686
0.4469695709409027,0.30505696509588054
0.26096721633383674,0.41176419158569055
0.06976568979001241,0.06814495150481299
0.3885617581496364,0.5296898941303115
0.07287171644443395,0.16503015308772737
0.09309790500594432,0.10474482585628414
0.14039746988569077,0.28960455306955996
0.43817615693166057,0.26926633518288545
0.31002495750604486,0.2725761435993949
0.11311650101683757,0.4018122973853537
0.32698237299067917,0.8965776561603092
0.20367528226416848,0.14332802540900894
0.4623405572613299,0.4212931569945612
0.44459200386620534,0.5126327023996582
0.11116666811117067,0.5098636425652744
0.1430815770563785,0.10961428434175785
0.28448648281666117,0.6345310043684822
0.16575663029730878,0.1551988382436022
0.06431789375253039,0.4035289282909389
0.1786060094185379,0.4288184243113255
0.09443343081582395,0.07106738361854989
0.3435812735212508,0.7407331457073673
0.3634409465406902,0.8631720447942752
0.438073291307098,0.398029309739564
0.08273809294383125,0.22825582761057583
0.6324620742268486,0.29833523180473037
0.12948908466119732,0.4716373953685698
0.032403359855671006,0.014971491104714036
0.34625464768750824,0.8754211501907965
0.4623499797921005,0.19958120615199262
0.1313369452668279,0.507154956994013
0.1953222485643516,0.8784061534753764
0.12638827786353068,0.36288864430920914
0.17133486779324006,0.08212132697880642
0.13548409103121647,0.5165534187701364
0.06030220415840184,0.0936448982642026
0.07037906263276406,0.0612050799533119
0.18831987663760077,0.21539409741078377
0.01743729108666095,0.011355016879927267
0.38603152535368757,0.28724987336506913
0.000871650209538324,0.0010164217284465706
0.15723155611697504,0.7816187258975476
0.2862644249092202,0.3115016070976149
0.32250960853702654,0.1227859728882039
0.11797834814329211,0.11809788949988899
0.34798041549451925,0.3654488284879326
0.1721937321449354,0.8076087122825332
0.04907063363972316,0.19392594988172387
0.029934271223472177,0.17022970245590693
0.4431068034352294,0.2002262090982598
0.04312624992995557,0.026843113987446345
0.10392121290219472,0.5096528947726688
0.2670347638486534,0.9585592943622038
0.06481414785438837,0.2828021232398041
0.14578628872507715,0.4945435550555066
0.3048759590226953,0.8996232537308363
0.4365173110679249,0.6916374384091383
0.3098752432054859,0.9712512522787342
0.26977756004515974,0.7766613886803276
0.3495571751516413,0.7798156623840732
0.04604606383910851,0.21705222888637002
0.13615013384821908,0.18495161996758974
0.3199524770678697,0.6872453857528658
0.13307883950984142,0.13860717822472857
0.0533638258467054,0.3429012480516784
0.11874402019488178,0.6375333662894723
0.42050639167905485,0.4135112435600563
0.05741972372447062,0.04750528872365777
0.2819528359772318,0.7794216526781802
0.09897332383453504,0.5989006391684092
0.5975954834544747,0.3718520083372386
0.29348280455202114,0.4749265284962471
0.11385243416153798,0.6034290342452674
0.1884510345561546,0.7001885215557859
0.13303489022981144,0.1501118432442488
0.1400189069290306,0.7608807967734503
0.11267428138120979,0.37134909025788626
0.4927471650352997,0.4168911547319324
0.3679780212415672,0.8214367253095374
0.02710068579249661,0.023480133684850878
0.3310052559603997,0.614009430213928
0.42963689342905104,0.19695901036743196
0.3139978745321563,0.7536189252713947
0.23110022796955784,0.18580671413019334
0.4030191688204678,0.34466043790533557
0.009312081239415322,0.006892300316312369
0.15626136034584318,0.8038681284626878
0.023199539721387684,0.15354195727288644
0.07235157441382721,0.26737346266825035
0.49659173989205824,0.6104489200271236
0.08602701221803438,0.07693504697080568
0.10915049951237042,0.5129620940198285
0.11380029079444505,0.07740819449770908
0.11651683708253935,0.09034248169043047
0.1068145927054111,0.3196784365563124
0.09527552228016044,0.5097504335449806
0.030483478967384688,0.02780618296607987
0.4771796450220451,0.2959563417912903
0.05751491663058217,0.1698873119331151
0.2570732434167212,0.7053378713700704
0.47546291132851043,0.24054408045091735
0.11380627433728813,0.5405695439120443
0.29948422789796014,0.539937526918986
0.014449802969933829,0.05191129058369095
0.38612142348028644,0.47994115164668094
0.41772028171672393,0.6403481827602495
0.01158658609351251,0.016739161169051418
0.25021788409228257,0.1854566564900345
0.321919387696143,0.12397431086578845
0.05289327467747733,0.24810868135134145
0.19052898638846688,0.6121564970264749
0.0649995033007201,0.029550000836351856
0.15676893523037835,0.18553637198452425
0.41215571452970784,0.21374864677849578
0.1804409938778999,0.8969916771366039
0.1744703848598844,0.698497473408242
0.40925062565436937,0.6551757295280932
0.013940629391884821,0.09055300734615503
0.3926573485939447,0.39518573831843334
0.024786141066833644,0.025377228345427837
0.6095212536436209,0.3883955777378163
0.2928908317376549,0.17485213926434115
0.17000831618826945,0.6333802703393948
0.1031805327178758,0.49368929493689107
0.14226284123662677,0.31559651963386914
0.37224247964483115,0.444410416428865
0.04921056471782171,0.1674645188556234
0.04053469311665895,0.04094663844736139
0.0020014717008170584,0.001811519551883955
0.09888893022274367,0.4071288697634929
0.18987510251961925,0.8412598952775414
0.3305764332267142,0.1166141851961489
0.1607030493498061,0.6514249341359478
0.1734608878156199,0.7121782341930383
0.13301621138357125,0.5088689835850011
0.12130027358780947,0.5378948921412747
0.5862656744310836,0.2637385737656818
0.37984125116439876,0.696663799353744
0.6072550511598983,0.3519882763126512
0.2968012810378635,0.420436290137678
0.11860600883703952,0.47175727888283553
0.08553480322264147,0.5021572266556467
0.0014472755438131898,0.0011255730562065378
0.09595148911030188,0.12290203639881489
0.2451604663660256,0.4565702135404991
0.15889577541531974,0.3059221543504185
0.1478208032078901,0.6803136961314877
0.3378415586323032,0.8449650886490679
0.4162998026431663,0.21511089376332931
0.25090140320917803,0.525345968501747
0.06135696953073978,0.10707673121482635
0.14896055960738178,0.5664341999918918
0.17679730388205142,0.16000697823364168
0.1238060715206736,0.2535389907956032
0.4412134073450503,0.7297910140052475
0.123828573239016,0.39240850000093447
0.21848775152027283,0.20153021261260617
0.4788441782533388,0.2230769549264659
0.4814056307990908,0.5447700308571277
0.05488043100742583,0.34308465443796177
0.497943925576518,0.5679783331405126
0.4327322321931851,0.7280089795517963
0.1588347301669282,0.780869200953522
0.40830102242024546,0.7451748827594855
0.35712726772472875,0.3042336967622396
0.3535437675211768,0.7334418978866084
0.5619340735921817,0.5043372287013026
0.08517429246632136,0.0488551048153494
0.0903371762746706,0.10618510241233732
0.01895842031810659,0.10257946022667425
0.23408117535161288,0.22990889706323392
0.40367403049841344,0.7863391235858883
0.27335387877062334,0.23486000574126392
0.16787451704646844,0.17194843019789774
0.08617769159366026,0.3001078516272546
0.3614054177710119,0.15617761078845335
0.036836233889102656,0.04056045034128371
0.4978819033971778,0.5033459150147562
0.09107762226648579,0.4109191655758463
0.5247802714697575,0.29989417426832626
0.16689711986726435,0.5337669172270577
0.07347593198620432,0.10840208522191651
0.037666815829629774,0.04180691337093643
0.3006457200508805,0.3796058432579039
0.2145282106680045,0.2310269607582414
0.1202348904445807,0.5505375039234109
0.22236421676119095,0.769464378130188
0.12722510402696693,0.5503990861449783
0.1108486154518574,0.3944367399364843
0.12084048967437289,0.5746005604782329
0.008178397820764747,0.035962781686879323
0.29472114090563956,0.799844022941046
0.18562289750969616,0.5503242825715341
0.2602091550820173,0.22244273856863123
0.2926387969674047,0.9806197933052718
0.4731130043902471,0.3925588677568538
0.4056987399893054,0.24275384135282962
0.10608879471930636,0.05670098238134807
0.06690779629658826,0.05218145868133604
0.4192097401884354,0.3574119402633049
0.12256929263938873,0.1363265931503006
0.1423029069590674,0.17165084513306264
0.01948375761072956,0.018554286013126777
0.19214953418161912,0.3381393097869903
0.3343577649141341,0.8471571401494357
0.10690803617912364,0.5064775781568911
0.41774051473423374,0.7803886171291703
0.06741324411297939,0.053740925837231675
0.05783689874898019,0.11280439894167703
0.03616302466750752,0.020965569481145068
0.5566054612658752,0.2763228942716772
0.0780077532762153,0.45901686153986976
0.11583710473313243,0.20075029231033037
0.050694066946278094,0.02440753117509233
0.3673342264121841,0.2588945891364848
0.09528440201262688,0.4731082253394582
0.6118928198522485,0.2680047270435208
0.2138075781727359,0.5720389160410372
0.09444648785713826,0.06333202796743166
0.12819096638205563,0.2006981683726546
0.09269413565883898,0.2873925855045118
0.18101970734684023,0.34233580110452716
0.08649501976004426,0.4461429487841012
0.4771860559202295,0.4533882854795302
0.0927882586818247,0.1295052167073534
0.39015531658824343,0.15089646492904094
0.2031127250763021,0.5322715762304028
0.07189407755420131,0.3544788568007074
0.025569237291953182,0.14729875829819272
0.504550001666447,0.5152991283431112
0.13126122844788207,0.6902030195744193
0.03787457252067247,0.09836201444188825
0.2356492113965161,0.7686150128891115
0.008444686260906978,0.055721759951939
0.08410601849454187,0.049091009322910904
0.19718232015514475,0.22829165288174427
0.4814613812429444,0.2907373413286286
0.46966448006721395,0.2817857757468248
0.05165148048624622,0.14130702003974432
0.07599748567351836,0.1907279585517408
0.4221633455821699,0.7325437287153098
0.2528835505712553,0.952173540761318
0.5305506024353873,0.28847609391069834
0.15608498861704567,0.6880472545372861
0.043576569197419285,0.18319615133968178
0.28635965657950274,0.1966000651692901
0.21412428265954828,0.23160057742757528
0.1661914437873182,0.6976797301523819
0.3968544376739749,0.4750502867857298
0.1099417173725172,0.22298664782380012
0.09499111659264481,0.560835954660417
0.06048350620885259,0.353313011065213
0.0742182481291659,0.06642904570667295
0.08656226442282569,0.4752415487831536
0.24445947982432417,0.32267143350266797
0.0865548341294986,0.04378744137122719
0.20561919082904917,0.680989759748609
0.2493441712374063,0.5657351222296431
0.09068742743249238,0.2640520387924692
0.4675176108768573,0.5314451404948215
0.5415571873533659,0.30583182574255685
0.05848525989355041,0.04189983110803695
0.596991595766279,0.42378162872796765
0.33823993325799484,0.8296282918831064
0.10189286616059702,0.07402083819307868
0.0900873154489157,0.09159654727807692
0.16741705774899066,0.8696989257607978
0.009198054768644309,0.0008469473012833407
0.5337486983815155,0.48916531603039115
0.12424678015714637,0.6586837519554178
0.10908948139747271,0.08267199361497962
0.41109617371619683,0.26998058717471257
0.10184677469233733,0.38048052492962137
0.5042595110014676,0.4444307717042963
0.3665147822899335,0.32343783174368057
0.16417073119299505,0.7308142191808714
0.0827563172315359,0.47993355104615143
0.138324251870277,0.15581425192923598
0.024204667205087394,0.15335210526043663
0.43688277223912253,0.37770243123097647
0.43327123617140434,0.28096709711614043
0.10789088291064167,0.6004466146337729
0.052013557562008116,0.20102667744134411
0.3049349055134966,0.33680877205886095
0.2001952102975486,0.0921781951812811
0.4934038535290238,0.5822691274401361
0.182676781433304,0.5086772850999759
0.5780368898925463,0.1883914573295927
0.09340658817580805,0.45358937443495867
0.27755445476189244,0.6703672149125726
0.04129189092299105,0.017334135196429377
0.4215135950693517,0.21104654847143828
0.1480167485025652,0.3117055138267051
0.012004863570570415,0.013273135682102213
0.47069063424707985,0.5661470879968523
0.09193092925466938,0.5396702684279534
0.27680135540258216,0.7788846893482304
0.14162215446484985,0.4415740542521902
0.03578026510197276,0.17550261038702025
0.03456781506429374,0.18145801199901418
0.13595601166637808,0.29495588152778046
0.3854119213453914,0.28256797577209114
0.25112219308149003,0.07267578752482527
0.01696266879736781,0.04977126647540333
0.48954710439555715,0.1709811505982291
0.23900954013217052,0.2814783385025644
0.08761260875326114,0.33787330663156556
0.49622011900331414,0.5209374654731996
0.48436755575563056,0.60146620085505
0.236735823910019,0.20538928362096345
0.6140013106803166,0.2978844850408067
0.11079346442228297,0.09417395080227242
0.37105786876159325,0.14695011976983352
0.3813070978790755,0.8099078248222189
0.11736555189911445,0.20726375095903005
0.1369067948003272,0.4284689504992988
0.135213503110666,0.6229250329921131
0.6088277707697964,0.2628749883502512
0.23419192060255536,0.9592506110276439
0.10622992233484597,0.5039525844415512
0.040888613585559085,0.018246562070255542
0.4394475912892429,0.4060806274293216
0.07610115822602202,0.3086398231305792
0.11975106368401889,0.6275633043867688
0.17985746868709954,0.827560158293857
0.32906704571379025,0.9278097725965762
0.3750502905920084,0.7299801674495832
0.20422016793714445,0.46628375728488597
0.23939774172521916,0.158716635129512
0.08046656127763963,0.060643841594099045
0.16486480577136334,0.7631585485922203
0.15608279015888898,0.8199946152624747
0.10419132926318965,0.6258098837338248
0.14972060728523953,0.13872493571654318
0.08630596846209261,0.5390179827429383
0.1379848742167836,0.3181694083195634
0.517824253179386,0.515766465811624
0.26938761296719554,0.30555616472099384
0.011121633258656165,0.052228754867382585
0.5919371919740901,0.41459272522238555
0.14029237463576769,0.17974833234763768
0.012431091883477288,0.011451685196474827
0.093546357913785,0.1538079706518075
0.21879122046465252,0.7688358040003203
0.4261550720352326,0.6847792157266203
0.15889942656426648,0.5323039589962008
0.013112332143900028,0.07104318797605212
0.18762602292066274,0.21966299919055762
0.3176246940288558,0.9294515380277819
0.33678490995843297,0.8719125238757462
0.24102855719361324,0.5764270848689677
0.5329520115695935,0.4866984007538614
0.37363580361169313,0.17367331596822927
0.03669702009909282,0.03981329871219493
0.09123510335425708,0.40368243965931533
0.2985960251371658,0.44216886335561106
0.17675149749621613,0.1476172115919457
0.24005610390101087,0.5213602300678126
0.0820065131217805,0.5088694306419606
0.21917127216385807,0.18674814446200247
0.029206288378563386,0.02519856814041761
0.06684059881179434,0.0862688610054296
0.14160591585546964,0.3649290787867661
0.13442775861819437,0.4331373084848108
0.32291975048173843,0.8182413836630915
0.08143507822521785,0.34053744196669045
0.3309765717940108,0.5155418849027881
0.23620270338136795,0.7618156326992624
0.1443382920096425,0.6804408617994822
0.16068698921157085,0.7637251014894051
0.27048294548447727,0.9192583205759273
0.08184659974758716,0.33307536553397304
0.45520275019212353,0.5095571516676811
0.5080764777966944,0.4655498826730939
0.238741383068046,0.5326454772865787
0.18347897399228963,0.7976183123290258
0.2101294839869075,0.2383361473383578
0.16553550793059113,0.1909259264866068
0.11734037412704776,0.43110184894201947
0.2357591908422183,0.4898427286583731
0.21486263058888835,0.78183838461214
0.3848535317776049,0.13797485541325155
0.3723572558081382,0.268371394993816
0.5491767388177953,0.5239956228529749
0.23243485823238513,0.20291401967966902
0.11791822579844642,0.198406673162028
0.035345687588760735,0.15738355693744704
0.3839294444864032,0.1770374780978522
0.16095382418961263,0.5952354143495815
0.3131999708012929,0.44444984239772406
0.1642354553033732,0.38588168000208883
0.1140710211464929,0.21964476005583472
0.24070404204326842,0.1511410783480796
0.11948347332803763,0.13692443578020363
0.1872291173285598,0.48111813284583527
0.390071848488845,0.7537455928571051
0.6045865971701003,0.36980432544083514
0.24483089047441545,0.577875627703655
0.3065299186669511,0.5313931461551936
0.13656603415532145,0.13445134979960202
0.07113924103256722,0.18021586187694374
0.11737918501802419,0.24522760691854273
0.29466270609834544,0.5224773746929487
0.1709426311012194,0.4041890921323102
0.2752602021822459,0.09978754060007414
0.03744525277581962,0.040003716462487876
0.17868599901040122,0.21373446724102216
0.21023097621635228,0.17861823673588195
0.13218173593246052,0.5506509046068171
0.11050693272615594,0.657958997274896
0.11083505968452047,0.11410760726790327
0.4659168983214638,0.28253548648631804
0.25422190647182435,0.8159733504766528
0.1880457687106607,0.5610517726115833
0.2847618129381481,0.26732022836490765
0.6050362538261068,0.28778635308742395
0.17970217237436886,0.09919923863028746
0.29140631441752685,0.7025952810078254
0.3045615452364315,0.2062433519029517
0.2301494842499534,0.8905254513322741
0.21718022004794135,0.7168139820321032
0.1931142454431318,0.6912431325797287
0.19259361385311777,0.055669752070690325
0.24250483036621814,0.8111348514201556
0.19085786167726776,0.1773491531035293
0.019678496126279386,0.022916304552602046
0.09142963549683931,0.25235131157654445
0.16449843919375187,0.5013155444820693
0.4391527079127159,0.22091685224796329
0.3879218567406413,0.35476794996678335
0.006706165039472233,0.0015198221076066828
0.17865561897617718,0.20047742188150192
0.5091985311461321,0.3280048796911452
0.023762993912291298,0.014710195467700282
0.28102001094933876,0.13612324159566552
0.11269160425746386,0.4674528793253467
0.19171298594790212,0.674876151438246
0.0817129052420273,0.08054293005612796
0.03766066005230944,0.2300385115599427
0.14731326767702693,0.46311487565558573
0.08188189443988289,0.43054837191414863
0.5735202725344671,0.21497671256617168
0.11386597745377561,0.5289922491502141
0.47277191801457047,0.5592819281152797
0.18854630945055983,0.5181224394344474
0.34632043299108317,0.7907022513922841
0.14406578878171009,0.5101674219713588
0.3013267284069699,0.8364916268518038
0.16541299030805065,0.8384581840620137
0.3749173042744804,0.1420067347192751
0.045958777451622385,0.031317368759339194
0.10178850308862734,0.20358220875221672
0.11242557484412506,0.607093871888137
0.11033476665167478,0.5908990044396745
0.10677059535832094,0.5753734940028974
0.3318905289583334,0.9088993514468259
0.2067278493094483,0.1735776517652252
0.43822953757156463,0.43627031275616224
0.14809069068170666,0.23163875884303062
0.030334238802934583,0.010306315813792237
0.32665548523545473,0.3252804928625581
0.22487680620425998,0.14011282369381162
0.22751430123731584,0.26274417714877996
0.15245083990210892,0.4959736762865007
0.046563807130204415,0.03897215490455422
0.12670180112643045,0.4204012584907751
0.07927847861542069,0.09155192194775236
0.567909835499956,0.42470068289254403
0.03681874693942899,0.028414898060447624
0.041478371823392035,0.13482238170049843
0.1032702001689215,0.3245806435145792
0.4692198888455589,0.21294214143810938
0.0006720074384847542,0.0007313946604587944
0.2785479729599669,0.35515793947891555
0.19533685395098294,0.42023356485632474
0.45902501923756295,0.4507009037265094
0.030356885477284507,0.019435922127439005
0.1815765569695444,0.5890359094367251
0.469365824344902,0.36341838649743674
0.0839602142586542,0.45477346955443726
0.19401625752935234,0.38505710984636987
0.4357136882274994,0.47318038645269156
0.5137212127173802,0.4413516018869306
0.4448509988472,0.2670937781597702
0.42887551691199677,0.1551868244481292
0.25119521670058975,0.3622053050167926
0.16470345731307606,0.7752825156213298
0.3877874098015871,0.6625777677028059
0.27538619507615236,0.8366887765081457
0.003322208258679706,0.0030824900686446835
0.15534895913295196,0.1643166347652498
0.19172993932107796,0.5463765880867407
0.5355311513404974,0.39368695573715695
0.1652556217111087,0.15667272390103998
0.07922170069252096,0.4378577368364158
0.07820747074309448,0.43348999752709116
0.29766052225624035,0.22696352000949113
0.10046771461288098,0.4373427230125981
0.098151571685313,0.39145233646930655
0.02661200975093593,0.15824486904679191
0.3430064293927693,0.5002926380848806
0.23374269132696454,0.3057329393780375
0.12509715970165405,0.6100322976701376
0.22324675386479328,0.7685114170746329
0.4454339104356944,0.44091684449509366
0.12249078492421682,0.25359579194938126
0.013905032948679567,0.08089101133629119
0.44266886770502395,0.48369983542268824
0.1947952453710738,0.22806351259699548
0.3504172224591518,0.24700675653234822
0.013556278599588117,0.005844466694287188
0.17475208829058797,0.5552734226893411
0.18770048802073358,0.4355672700586276
0.1179041209908684,0.3368893522843745
0.10328114373529787,0.31761776171495204
0.1580588208647351,0.6760220434158142
0.09748565727306918,0.5830491827149512
0.07043842658191007,0.10523149420004727
0.09865941226318217,0.06829403544624338
0.16716059574691142,0.14283194387393328
0.13627624257586438,0.38649440535434654
0.35625014374101144,0.8712728976695143
0.07096716560765844,0.04697666817859157
0.39729362880793645,0.18870041732768572
0.3259018817971746,0.9270063773844243
0.2191636676642875,0.24144447578640393
0.12233650873372527,0.48622769433601365
0.46672542651742877,0.2970385054632871
0.11434337161126673,0.5058258408855427
0.207985700624933,0.5056166103771096
0.5834869473198602,0.4408697127187804
0.10088798416066133,0.03679621329052408
0.3099355185631731,0.28164290679406456
0.26927187274350217,0.18429223483046261
0.14803651175416213,0.7910769098553684
0.11936819992198532,0.3921577722863558
0.02993192978896066,0.13694983848540318
0.08359768382735713,0.23330894156948268
0.08392541883479661,0.5131952251021001
0.0979893716519683,0.10308078624154082
0.10084609726972464,0.09940463374149086
0.45119046237499705,0.7280939872217552
0.4258871163023466,0.6571959422966343
0.023088590229551967,0.02708019666715892
0.1970625047381403,0.22416953635975387
0.36887762619631964,0.39416033720118127
0.1382483205290833,0.5186489730335136
0.11508273461977436,0.14504756450353734
0.3445360269424394,0.6971698241309083
0.39944076171638876,0.5074294127026981
0.13882038536316002,0.5719124815046966
0.08211204193676135,0.06104093704552103
0.3371815458114258,0.14833476779949029
0.14374233242625395,0.6285348796585255
0.44375337586735103,0.6863081906625679
0.46077887258935885,0.5982613653002472
0.37321004928366264,0.8121570468228753
0.11014293153994512,0.3427157318993665
0.4747872256579168,0.5158237587789483
0.15905337941487424,0.12990533130798382
0.07561422901395375,0.4552823775161971
0.5169750486405518,0.3675404614586806
0.47108965276162373,0.5626969844287985
0.4392966487352869,0.43994815660768377
0.25951271297507433,0.521041436778163
0.4147995830966973,0.22172942231036524
0.21758006235076569,0.5700866885730655
0.21899056001674078,0.07476609098103723
0.2484966884877231,0.4333839838116461
0.16778831700162047,0.22632881567978624
0.1928931381723474,0.7777040387443483
0.4784592050505432,0.33137826331664555
0.2655431464930751,0.45896471926737104
0.5647037699312507,0.5113109946849448
0.21049546933422286,0.2566265112369705
0.38435573837446163,0.6597005427994357
0.47352187403453605,0.4593395454276414
0.08002087091682591,0.44123427936821935
0.3784225775497675,0.5296374005824416
0.3437784179180801,0.8077248770310175
0.12235664502851618,0.3327237053360752
0.05416815444278042,0.046854075731297753
0.076341900217922,0.3067288481374174
0.011240267149534279,0.004632855341787508
0.23869112133450088,0.2792491840314585
0.3893275900482501,0.7915662142077562
0.19525156915299546,0.6340473650856858
0.16500800686145145,0.3229728699048253
0.640120019834554,0.35657343396393537
0.5394014264099473,0.4409573292539516
0.2541786814299487,0.7957751109161294
0.1422377274942542,0.5559005672568981
0.0879737865127921,0.07815670287698445
0.13244162554482855,0.27205737333465535
0.22801921478848858,0.8442137796063153
0.2115689390922577,0.39476403452537395
0.48581904625229216,0.5129907955469667
0.25473875384238226,0.057987438038152976
0.20281217186035522,0.6187950720299102
0.11004530843150728,0.40313657362764704
0.4666961620094448,0.662550835667885
0.11039922374559065,0.36127274650447944
0.06371270214017409,0.21329449519719373
0.5396130648024036,0.49004832096261586
0.4528754994975992,0.6390613997645408
0.18640809605144365,0.08402618269792582
0.09727264211100967,0.18997298283260133
0.5310471193975195,0.499845722804233
0.12772330885015948,0.6992524769053257
0.05164279004878027,0.12953325862753712
0.30740924981549245,0.978880412563421
0.2983068118301945,0.10478816759083853
0.1456005411618218,0.14810994033320934
0.5375533998700749,0.24866315776625963
0.12715340395933097,0.48743063343298326
0.4435653577775362,0.24021489162543078
0.5111950304367427,0.4070871713968587
0.4405125485502174,0.7269387708692927
0.17225018138249204,0.1906783200833463
0.3299424810865262,0.12381131754438002
0.0638214256370857,0.04822957717363085
0.0297347162613901,0.16035968282141735
0.3805943938045721,0.864701290054021
0.25005993297096396,0.0663028734606168
0.13728389671341626,0.17313271665914517
0.5754869477961291,0.4238091107288844
0.11622121084374153,0.10952070983456695
0.09111262594359074,0.5231403882892642
0.3420868042672333,0.2839552615411603
0.13218510120832974,0.324655894952114
0.09097488646453973,0.48293073213259174
0.16299993401105203,0.5083437191076435
0.16110230463058575,0.7672691482703587
0.11311144892452432,0.30359108967525766
0.2837806477713606,0.8703059886699137
0.5862343660730917,0.34571827971153485
0.24376653094044926,0.4473548303231747
0.08629525790142661,0.06470219448942643
0.18983814763450324,0.17196197683814907
0.24209255809627672,0.4512071503283479
0.3833152735651925,0.16815584704117922
0.4754334140410699,0.51996053287989
0.18607440216752746,0.13888293004333385
0.0684355828019993,0.41471236937058453
0.13138073982638135,0.40869022021257034
0.2690881978790498,0.6951282026371935
0.023703840734323738,0.005102511452217868
0.1729972845163566,0.5251758969583376
0.17787345804320093,0.6656120029907387
0.12433507507431973,0.11255919819272182
0.4192276616714897,0.6048574837990992
0.11869881090089987,0.4787293151120151
0.2271294396023427,0.899797272111382
0.23309412961219036,0.665235881198526
0.16747942757147197,0.5169992110598137
0.300159942151415,0.9722270234896254
0.03832623174656852,0.01664516712465399
0.3112476972563592,0.6256388502433264
0.3927194204752518,0.7512123544060795
0.3870816998811698,0.4780357746815486
0.03012452346517307,0.19793107610634825
0.1302600592765541,0.7423067180627967
0.3425995600213688,0.8591160843620632
0.23580913759915234,0.8286316604209382
0.3700280594803782,0.704909934456286
0.04242308118244443,0.02327965549417718
0.3034273391775835,0.8361154453947678
0.21018158844740129,0.5780625457084987
0.4626654661182385,0.646966432967444
0.07042304432365983,0.05892644120724763
0.25402205512922915,0.32947005368518867
0.29124836404249665,0.5343160528106204
0.14615128807444216,0.1330421837428632
0.5019286653764465,0.43711829761674653
0.4215102401240483,0.18557068785745756
0.2804179732595544,0.5020875836282371
0.24650798993566936,0.13440332065604021
0.2125784028057899,0.07306879286604398
0.48124356106439065,0.24943806114027478
0.4054657550419954,0.6285294282440349
0.04849313003051849,0.152087999491788
0.11956283989083677,0.5236113192225502
0.21346589083860912,0.8472298425921159
0.2567422769271136,0.44020145415317885
0.4621174434114718,0.43404386002006934
0.14656508758355632,0.4445486897725325
0.13635072962630806,0.554519763640447
0.062489036537612626,0.3435240265988499
0.11520663432075433,0.5620642843810326
0.14197010280235864,0.5872220596769676
0.011360775588388203,0.005845593404863036
0.30432361337160097,0.5284965193218594
0.17539726050182167,0.06473446057390495
0.21781127321996674,0.9705605086615613
0.15260973835250172,0.16151010095350818
0.26000911949013,0.24770180085076976
0.10182193468910396,0.25507664312779404
0.039271410610560685,0.25719350582196887
0.5116478069516839,0.3061997058853173
0.09809570306098632,0.5029425050897303
0.2460707750148431,0.5727079893935907
0.12461559016203233,0.5996831986589178
0.19576842379627823,0.41559268605038757
0.2520199305207421,0.49401481024642513
0.042170290985407956,0.027552033859541823
0.1910813643800588,0.7399483934214365
0.16015890190474064,0.18291623162136886
0.1073405490344854,0.5525244815243209
0.3528076591784443,0.1327591705860693
0.24849560202795687,0.26533342962059536
0.4272962539158761,0.5642343355553991
0.15013966252676603,0.31416152999402086
0.41949864298719786,0.23098849800281507
0.13490401584016776,0.09799388101293359
0.4508229831076204,0.4265348841170705
0.09905194366433262,0.39193991375686593
0.3516737059495248,0.1252360671122943
0.43175622336945163,0.32167221343939717
0.5174621537069326,0.25642142592010825
0.3557158886940552,0.30008465513173466
0.35977703720241594,0.7243855257027662
0.2475499726475573,0.6913326503202489
0.10920106891100848,0.425877612046533
0.0819011425992107,0.49733800765125036
0.18735283158775523,0.509792747056159
0.009384658605784153,0.007195804716669579
0.12199782475999535,0.3609904332462822
0.16179077480638987,0.6675449321370652
0.12096161400351049,0.20726835530000554
0.4129877729741986,0.7990877925670762
0.032662060841469116,0.01839152956830464
0.408324089611177,0.6870520944916586
0.280650556076746,0.4471587585706268
0.2143725214218432,0.1888974149429736
0.4081888765808497,0.16206721236864916
0.19507061813217894,0.8781620272502887
0.11262487540074421,0.11715446252194338
0.0635226980792526,0.4074877416327258
0.24859642766731474,0.26707488223930465
0.06088964985964362,0.27407144784334225
0.18403485167422845,0.6665157483463273
0.5795996247282627,0.4371139199481448
0.17568171356452608,0.49625257359934144
0.12542714138530606,0.7239802239452426
0.08576106509338285,0.388490016051204
0.08776360812303252,0.07396446734778427
0.09547400810377883,0.39113982833431804
0.040060656292332894,0.2239059934580652
0.0987177617133236,0.11130647035668739
0.10212633531078497,0.27968846482619714
0.09760048753824764,0.11322637623610507
0.39701652103145524,0.7049546922495128
0.3008272516147765,0.1506002624516303
0.10031617736808596,0.38205925593605466
0.5678706177664934,0.4827782430498942
0.2359933805588946,0.922201661962252
0.07447912280127099,0.0685093370547497
0.3704457088333071,0.6877998532941966
0.3369707552749449,0.4238682595731564
0.26165364525545054,0.8296073638590146
0.13664969173133032,0.7639950911311115
0.10920235570580919,0.05026998583465945
0.15240247388061923,0.3404773945568367
0.08605254361944964,0.3930948938347258
0.41418739629713,0.15742740435248853
0.14130624061465963,0.40088318809608176
0.18123338090573063,0.8054875996154263
0.1555630695174455,0.7884046311044698
0.3658419459339027,0.8943744497865963
0.005313253937215872,0.03402510764781602
0.4332176822630598,0.21354473798619247
0.07327810429636315,0.3795050426320397
0.3131593635673082,0.5967793095964896
0.3478372133839177,0.13593776552999423
0.3050306386857612,0.7590302844696063
0.10190478510196667,0.5484669226536127
0.3046473003318817,0.2327730343573022
0.3152654849748234,0.9017680705274175
0.12805889233925055,0.426576976489293
0.3447684654650652,0.15404046561380116
0.0698292317248153,0.40205339912650534
0.10564962618518246,0.42939021373751335
0.2063840568660448,0.35836035292846774
0.18082927527584736,0.4918028459148906
0.08775266198989376,0.36109044082406766
0.11640393902876847,0.3631405287179294
0.34115588776491557,0.49969341694668074
0.1932327170016413,0.2610659514885725
0.09900168005921922,0.1186406931069061
0.04857023138013137,0.04064846486604497
0.07034118889865053,0.3515088587768281
0.18708782583212824,0.4717352491998366
0.07100740374007691,0.06633737004059594
0.4561206969272514,0.4233773117016657
0.1476639456634727,0.34504143448163693
0.2880439196519371,0.8074031376968309
0.2047865541370366,0.13448580221508177
0.34613740298528717,0.2738451961126441
0.4860658790174415,0.5380512735848552
0.025160473979918625,0.02679386804573225
0.03545526935781197,0.13068969826151622
0.3022027971859127,0.310475793370657
0.12608785612200282,0.5502850354556101
0.09956633565209647,0.08526638935563598
0.1526978773591627,0.5940194163078404
0.19779983924385827,0.07106179725356512
0.13357797312561845,0.18797327878573084
0.1411043871700928,0.4275996413609004
0.2856583538603374,0.9703532636573007
0.4470117361709802,0.6550996035350858
0.23393028803913116,0.7778289819285987
0.2691447374094102,0.4900652523235309
0.31455953393431096,0.915896515948257
0.2822572761584532,0.7630322649351494
0.007177569495219155,0.03875748587979873
0.2064977325161622,0.29244770457353914
0.04847434507321132,0.050334193663338675
0.015411025306325729,0.012907768176220948
0.026079020316754943,0.016147469251686163
0.05540116833245189,0.04525810252455437
0.03997826280834279,0.035124099605207945
0.2248912158804235,0.7276147664834739
0.2724368664884331,0.41544038170925485
0.09888377347728991,0.5418907694223689
0.18583228463242968,0.5656328016526022
0.09105514537707306,0.4359816552297802
0.19653101423629107,0.09988558172820133
0.5188259038719353,0.4708726330769142
0.14122442713869984,0.10003634868024099
0.15709279483844862,0.4664008494049087
0.16152284027535263,0.04332671753506215
0.19013410096022867,0.14433172998177962
0.039215045817823986,0.026725932225048085
0.3523828825696091,0.45353610787098597
0.3746436301838541,0.15343877294247726
0.25155217396448626,0.47429958968845104
0.2789913217937959,0.5479465935227645
0.1065493973467055,0.5156479443287995
0.11287724323415557,0.45075001457737995
0.06959535203358,0.3978917720665857
0.13095136040057048,0.6151662182664468
0.12554954558234627,0.5048298336578004
0.4599563617154979,0.5908946088433211
0.3396511548675529,0.9143369921268957
0.37164108567115306,0.8549938845377308
0.12640493526244365,0.3230804073933281
0.28009500159133416,0.30026203907122395
0.13794502973029618,0.6102925514255612
0.09313589211744298,0.4868561816744373
0.009080447952574849,0.005975172371645254
0.43133424068210674,0.20066725925205503
0.3772146545313066,0.37439425518413044
0.11721478161868773,0.6832960042980569
0.16939907726086717,0.15528597635257502
0.13828322903998988,0.5586253472231908
0.17769749060131576,0.8725227305446164
0.21144408735080866,0.8428930752213987
0.4688387916845847,0.6001701304168473
0.3117810689475327,0.27440566560337876
0.04372759129358539,0.04365216076898814
0.15262891127024078,0.5336178126286047
0.11002240084638105,0.244734391719064
0.13131434608848153,0.600373894157157
0.05204453095199845,0.02974550645309546
0.4292219157338225,0.2107480839211545
0.18541118844321863,0.6870288736047022
0.17987240401217078,0.5098146392990092
0.10450471979111838,0.32062753394965604
0.5360655918175655,0.4669659983821469
0.1963632404232488,0.20969388665436575
0.323916622147337,0.11610768506787891
0.40119228505681276,0.5118334306762977
0.14935137431457662,0.12049677642871427
0.4908443979231341,0.5487094810311772
0.12725782348234763,0.13531160047018134
0.23108530351286596,0.33429600595250364
0.23038281573997293,0.6459991403531009
0.11497260676559885,0.2885259052451652
0.0513650027054389,0.29030036649158936
0.520942082361422,0.5023345759268774
0.1353000709062383,0.46669883185816285
0.3677687205086162,0.3087006533058862
0.4527359464767498,0.550675074291356
0.21775727393705124,0.7410119959012982
0.376181399105747,0.13056386330112302
0.47414225226051354,0.20446494972557636
0.4708725708341484,0.32806723808247495
0.1689609777699181,0.5114809120185414
0.34064333600759444,0.7573337876392071
0.10242743676081494,0.32317964712302516
0.13100714514013795,0.4170147820340473
0.6108139039077926,0.43073731211563965
0.0354316995316468,0.13710520689357905
0.1294212157934299,0.1758516580479507
0.1740943217063866,0.23777960641594617
0.3614284821651192,0.12304938846920092
0.21108774090925708,0.9088161001584508
0.11669903337881146,0.06851937381426454
0.032231393807133184,0.029055064002630266
0.4363733001617428,0.3656162610798835
0.12475319307272037,0.2783693198449078
0.45277186146032367,0.24836063198479766
0.22855902343071124,0.1884147240516416
0.29599923878237006,0.9626365732763658
0.2073175985061961,0.07963846006798055
0.38743514098511905,0.18388212199610732
0.0915269293996903,0.4074252505844055
0.07666654860306268,0.044105316596453635
0.19427957908830376,0.694215927175271
0.4745727936763657,0.3417827197380529
0.5553031502671559,0.4224821841193785
0.18881978537765062,0.7991347276324327
0.45892057876362613,0.25771136386801213
0.1510209992334517,0.06564871606333378
0.11617774173763352,0.4851064351724888
0.42320762026746206,0.6567441893441932
0.22549659582739975,0.20870917387330526
0.10303763501770669,0.3631224464438775
0.1311937419383317,0.3181666909358522
0.2353301629973945,0.37699521788774304
0.06340891722132387,0.307503639011707
0.2176119404093886,0.2166593068724432
0.29001786373465,0.9317801304207081
0.04262213605568597,0.24607055793338503
0.4776036707995154,0.4858476216733014
0.3196123877192531,0.3751993337829494
0.4357096089654703,0.6552027137137221
0.4775897861189179,0.512891426246217
0.04884104442066774,0.27253863064734957
0.3191336219420119,0.837730165510364
0.2897050777738024,0.547327230252165
0.5168930426323679,0.34343176055185426
0.21132735001008499,0.9308802002674096
0.07260985108815815,0.23760230495756215
0.31165542582356515,0.130172908058006
0.3004085154175818,0.1097608809602844
0.18294461044852775,0.5967319338292073
0.08408381563694325,0.19217530693151744
0.143547594483594,0.7372945348102673
0.0829781425424,0.42325340378211007
0.08018358851323325,0.5053028683154616
0.5410280453562991,0.20351458628705463
0.2966830778636103,0.21228140844051718
0.004433292825562091,0.002193808164220451
0.38958887362606476,0.4924155526034168
0.39406284430020266,0.7693201721694217
0.47743081100156226,0.2758697362359533
0.4467750813579601,0.5651949145336826
0.47678309210980474,0.4003182546464016
0.0933225656516258,0.19187587667726821
0.04138416130384765,0.04423233673787898
0.2818030042651774,0.11005894820746835
0.013139684106398637,0.04456472938390258
0.1474015322226699,0.0676808827831315
0.09977567693286617,0.07395499237654944
0.1078168991317325,0.5288713350931339
0.39882608399486,0.65792426337286
0.2286753348150149,0.2541979845876926
0.3178585594946112,0.2443078021418072
0.03572301558565981,0.02317197525325646
0.3742511901449109,0.81720129695398
0.21114654477536066,0.1968140258244982
0.4590843060481482,0.6418476398253282
0.06533812107018722,0.41409818989708613
0.2735418276514428,0.7209827893354778
0.3356150185419637,0.5897830453772455
0.13590127172256736,0.5735613210050796
0.08825080375114006,0.4580971307717967
0.12040370013062492,0.20192616374932587
0.4226024872036892,0.45794360184265637
0.09399847093768733,0.08288934549719049
0.14154849067383243,0.11446266964005462
0.10595107998838495,0.3741691443565107
0.3040224093370878,0.18723318245910217
0.10083399109737058,0.04470150945112807
0.22086848639909856,0.924806899694218
0.17998489012234353,0.4960501389914157
0.06471454209141905,0.3065325129319518
0.2740383570066411,0.22605020872689696
0.22786556477701914,0.22116524890886663
0.21922548315881193,0.15434846051671847
0.020281163205877435,0.021732420659539446
0.19088991702899596,0.8345946602724499
0.10663953809654889,0.2103050282318138
0.4141652950275107,0.4676781532730762
0.056418379401780794,0.046486572145102927
0.16545802839772386,0.725030435558006
0.17824597055884217,0.347406777971912
0.10516731467447912,0.4524870165432277
0.2736005983898791,0.9571014414518381
0.06584229348811231,0.37654620823235846
0.22815571255603967,0.8929568708561614
0.3135417689778913,0.32201134841286677
0.15321941899102928,0.43654341239575317
0.12031581819580295,0.18713470356738537
0.1270854539108441,0.6366698689618298
0.14254084277187004,0.6660222682956095
0.2716162573737767,0.4843262697167105
0.08461572635856662,0.47384757282781703
0.08785387871393459,0.3874404357888878
0.22011056724967504,0.12236989857649457
0.5945476528498311,0.3293580200804617
0.07294415616878211,0.04497354533894828
0.10980978085706754,0.3930766706521117
0.2635761821097054,0.530272961832647
0.4509036097823544,0.5569871855853789
0.5160860123168636,0.590830774501458
0.19026806231838692,0.42605212664495223
0.4739441363645179,0.4199498078626931
0.15786815445879274,0.6790817831285737
0.04844801529566134,0.2226454296110375
0.33187419398147466,0.49366908704131285
0.36751863375200955,0.6977076415271248
0.11558753844306995,0.49788556883613055
0.40838226007447115,0.15789265863319837
0.2309955322902444,0.16900753929313292
0.3997064661570434,0.3074019201583752
0.40346296698187417,0.17333600137043587
0.013116787263697121,0.08493135929545251
0.2314066049523857,0.49487289367269915
0.07825062389387474,0.4690016233769791
0.19383789770144716,0.917557635013208
0.19666793537128827,0.7984048113487769
0.17042656504243078,0.5039121027565533
0.07339679401300439,0.2500080566819502
0.3843337543533191,0.6406057638367285
0.41908183052232534,0.7711557779497097
0.11090905550892098,0.11447988912460648
0.0996185728851897,0.44051223937876466
0.16275793102917743,0.39806280529900817
0.034807623374837206,0.05730895445976067
0.23636426380877432,0.8882212164950457
0.09303661786093662,0.0878342008358774
0.13391561753168632,0.6335406467005484
0.44238822497446295,0.6496035783552713
0.06978228022090327,0.291805249147157
0.18414497284939585,0.5183917296463425
0.45214728894813505,0.6411724115198003
0.6092847066633468,0.3431331320416049
0.1516771839316667,0.4843476713456076
0.10708106574019972,0.24765596237658535
0.20514712326403012,0.5874163468643973
0.1478817157634534,0.6476010514739551
0.10713019461199258,0.09851260896402259
0.05322736170727808,0.04326916958483182
0.2659735324506139,0.9670514313124019
0.10702500342176928,0.46865665524713096
0.12758512051553678,0.10492150589943029
0.2751266553505884,0.23701910321211864
0.4467310263587125,0.22770515796314816
0.02374477255902086,0.12811672695145554
0.4723041798106368,0.5634585331192098
0.1036566045006367,0.09429359422858766
0.10121095625309262,0.3746838794365249
0.5310864361478326,0.31779765494890583
0.010905157210888656,0.009632245164771616
0.08271833526175551,0.06223863934412573
0.34066445838169396,0.6064358346848685
0.3021266374090302,0.18192077978392937
0.2647246163839903,0.4427827901536715
0.1873265862918367,0.6993931549890525
0.015046865837977803,0.01252984076705771
0.42231806788168225,0.20628805021914534
0.015001169454955046,0.007822972548147709
0.4586131501807826,0.6973132303811787
0.07306148383144019,0.4568299281138764
0.051236515306726335,0.11293833250695848
0.3192433258870698,0.8251166789724234
0.2571366995996399,0.8539875664555985
0.4280505061913583,0.6253796820977351
0.1792817115297324,0.4905497159688364
0.1582336444661075,0.6051189389686418
0.4036133144426498,0.18768904084873064
0.178880132526345,0.5258649580188436
0.11548498589299322,0.39336023932529435
0.0661168306212901,0.3769870064545712
0.3122869318471619,0.4980087569267953
0.31525985627804715,0.8266512255918492
0.08513432691599965,0.4012198878922237
0.22969776877588036,0.23515798786505518
0.19599854028418134,0.4382853268258886
0.009876180652019798,0.011195974593836117
0.1319054009170393,0.5416246455850625
0.15021693829818752,0.16085732817633475
0.1958418636151931,0.30100164443763033
0.21453368781275606,0.6570271588079242
0.3343107355513565,0.7638481984491411
0.15355931476019524,0.08507097630500132
0.2410819073940757,0.5623380094446082
0.09878425850120558,0.1572374919175312
0.4307060395224518,0.7443805450363346
0.05851757821936544,0.3628774365289956
0.48701642396498607,0.3318074183921881
0.07138010900156694,0.4461183334089834
0.13236874470279092,0.6198461431720964
0.28038735638248713,0.2660938158409023
0.2769369285570417,0.7781840884153085
0.2006425140521637,0.714678190052455
0.07919381963213061,0.040863228191462285
0.38923435006552526,0.299656412439513
0.12158536891444773,0.12399203505081732
0.08085091336733767,0.4777497404333797
0.12013410316233131,0.19984302189246975
0.19923654617777964,0.19145078766504778
0.18255743118467432,0.694942714019957
0.13903126259738444,0.4860949371300787
0.0014423115461175545,0.001489357434363175
0.09788668585798102,0.15167865776462627
0.18305869130768213,0.3632810706390227
0.3879732005320968,0.6714694557486498
0.5950748255588703,0.3027268118982937
0.19886067076022562,0.6761285141663962
0.09477410892682928,0.33109144233764193
0.6117053292588516,0.39438621541040314
0.10323934183586671,0.11411217814585742
0.292910177461735,0.8622947178285473
0.12272115786829317,0.5900152992521848
0.08799137284393033,0.4586842025720505
0.10607275628803349,0.24750176337721483
0.1923183247467958,0.47161257588499866
0.48877062200679944,0.4147220387887886
0.5580300413674835,0.4464916853146639
0.11520275096033951,0.09264979167475165
0.3257622830229902,0.29849712042100746
0.310567689408384,0.13362110423498175
0.6314541359733395,0.36648160201164004
0.11453171930585115,0.48772182221145804
0.11092012934245209,0.6485239795374672
0.2867195048953518,0.4064809013049268
0.1070561717028397,0.06197174033099401
0.25877744383903245,0.5313821913930417
0.16953512523758443,0.6384675187632953
0.488421119613029,0.5956021389182912
0.27908836930669656,0.4421044874133376
0.15130995481705098,0.7663530719572422
0.2516039812861448,0.4779509350767005
0.01850614450298735,0.01832934629542589
0.021236978467921122,0.06828934464094183
0.20178505182859782,0.679442990060743
0.2623633284894533,0.9499472921066939
0.07464930952705835,0.31296290027207807
0.12635236660880822,0.47205889676427987
0.4771535380816528,0.4658197357481448
0.15254648089441156,0.5543504304987804
0.3437808439037151,0.6829493799039582
0.33020266692933653,0.7742401920053459
0.11385756073220034,0.35400292535545663
0.30353938997379665,0.7407275706521492
0.20898124733964446,0.34451484724067444
0.6064672334228237,0.2607020781432072
0.4560215083648263,0.41987985752181417
0.30103211830626553,0.3250257738558031
0.24608965050926848,0.21671684264177207
0.08366292408720519,0.07963587950501362
0.3835848548386808,0.16374576752545014
0.2433058390540033,0.2737131971854373
0.11358453237116461,0.05732963186126561
0.21154522099276835,0.6030846176551111
0.20468804818651717,0.6467261796933925
0.13951080558840706,0.5561284494850474
0.38651145342295906,0.4037800700734847
0.4507113018262304,0.5543010491666445
0.07057647817841153,0.22126528475930504
0.20871202440156758,0.9383507013819155
0.10865689919542679,0.5180973562934822
0.218601316929664,0.23347926205628283
0.35609974991796955,0.14108020122227277
0.033601806355308926,0.1945322855001926
0.41684785883544273,0.2577767404529666
0.10787209557629636,0.3590649647347872
0.2798268847279855,0.4437267463064027
0.015728141069871953,0.039090833109431955
0.12983575243591564,0.4302516910914149
0.34124674160699026,0.6685532155833463
0.11113778287192642,0.13052644049509796
0.2624367205999382,0.2422391497331407
0.032685335115912734,0.03735068600943152
0.13852528380857476,0.6251890106162472
0.4446894248369427,0.16630423061898966
0.12923663606041408,0.33668760037268475
0.3450613575382353,0.9270808253536122
0.29624274596839983,0.5564954640733716
0.24492934793114543,0.2607460205404842
0.09731741641098218,0.13915219990761804
0.14778742611209067,0.5720645760146532
0.5936865841062966,0.23932631997890869
0.47353659899588973,0.20710897833240413
0.1793682067616424,0.4697494545868248
0.27551396931389804,0.8792694038317423
0.037137461852014796,0.22584624583043925
0.08396540824736276,0.5151547048526272
0.24181252232343697,0.500839980666979
0.4194417464511132,0.6095927412848142
0.5125534919257523,0.41134244906452205
0.186621126499191,0.9217030629161901
0.1070431509693008,0.3943649120596474
0.09735909507756427,0.13631334798737627
0.02450022201392492,0.017517440554719658
0.23589795179936673,0.9494265898805673
0.16544677274615546,0.42369654381014155
0.17833731230112349,0.13081000102571325
0.16930344564448607,0.35501013805678916
0.07018287318516873,0.044680280068717305
0.24962825114796433,0.17317186909554658
0.39290429944565564,0.49387055664641477
0.1448124732116244,0.5250533170570083
0.11580713968379826,0.48941873314138484
0.4282053211041815,0.6922890052086214
0.0768005388648452,0.04688879314153319
0.16835051494343659,0.2557212079521701
0.1465049353646886,0.11514379266715809
0.3446133037644844,0.6807865516045629
0.2006352059707398,0.6730045847863123
0.31620508429405053,0.3955734256512686
0.013393577826190946,0.05845747974422061
0.2800903656440613,0.09481968660202682
0.06885606160413633,0.19230039328388907
0.10869773133983307,0.5501843132158113
0.3076134247750702,0.10377036115452441
0.04808896421410253,0.0418908193211541
0.13298754431963472,0.3678004819200501
0.06055600021096371,0.05869080399864985
0.12758156045707605,0.34469145592257744
0.23518317616019646,0.41645307641828766
0.3479391450714947,0.1213818237867133
0.1938188704051869,0.22211139639617716
0.38729294434271105,0.7746465604368075
0.5133438127746256,0.35158938987302857
0.017318421423799257,0.03863125335953936
0.39774569552634975,0.8289558080252979
0.3330673892999613,0.5237897064547953
0.02373352999129905,0.10759826695306458
0.16124533998759177,0.6206019033503557
0.18172572965483003,0.7602742922128872
0.14111144836163828,0.14285287909884734
0.15900728779533715,0.4335758535395634
0.21682343999587742,0.2574568822629361
0.05932078069875401,0.035732439224576494
0.1495182472243353,0.16587913265492232
0.5146422114636288,0.4645497753795452
0.21728929597337157,0.20206608019173494
0.09678076477124696,0.5450351904031483
0.5891528785233457,0.35054758812552195
0.2457892486232017,0.6872198446601442
0.06855380278085722,0.047476667815049126
0.20685691390672026,0.7617206429706743
0.06939350592863174,0.04671241113698567
0.16070988380604453,0.4670268809317692
0.021856092129940302,0.1348760182512669
0.18910172273103126,0.5766081672870569
0.30161043729088044,0.5640465380133923
0.2039670035562547,0.5359511990811014
0.030982987973743947,0.19000402196327207
0.21031027312622327,0.563653763159476
0.11384927409303869,0.5252659972201681
0.34960464672086017,0.9180472099313521
0.0004781270366075237,8.425146934532028e-05
0.011461170953231927,0.00754083626742083
0.10747674094894821,0.5347325637199704
0.5645217666114692,0.4090303762947225
0.20622285625909154,0.7101585222055701
0.2881717298014647,0.3262462228677286
0.43288051726369253,0.6910373296743169
0.25333601551838447,0.21264467846699445
0.2780144089982093,0.24823333119703206
0.026081347209219664,0.030300536561219435
0.38304552044653545,0.26022882878590703
0.4349527042390555,0.6950610773202505
0.133228705831559,0.510294819409282
0.213987373372973,0.6446882265164692
0.21652799899779557,0.16664378430236063
0.2503544900661797,0.0623606834993748
0.24411112452179903,0.2483726319499961
0.2671047241935835,0.9397649271054017
0.1427776653343969,0.11904629615948874
0.07614723347044741,0.34196727098193036
0.08413800562733285,0.07666200035851072
0.3513037430405754,0.7531440692100662
0.1349912325074565,0.6312354419748891
0.24689104792250868,0.7568430152161176
0.2706413491937778,0.4086656633487405
0.08587897517676969,0.0774804559934407
0.40328892909452585,0.6055204393812759
0.03774255631118198,0.22580729037176706
0.11229539574143321,0.6637845122097669
0.17585828566810832,0.18996150315392016
0.3075190498395529,0.09205644711159036
0.2522150283002798,0.9354016408663787
0.1494572812277276,0.7110541545101847
0.054320349393359384,0.05441235599020211
0.06675259641372852,0.3409748973263985
0.18647176326436607,0.555942621124841
0.13312299917008466,0.1874110914082292
0.49397017457364517,0.45197521824562475
0.15145796490492835,0.820964709691355
0.36130328216601976,0.13048232260713308
0.14778812018586768,0.42652896701620635
0.1214771408894791,0.5339626178019059
0.04604064253311253,0.18396258021980844
0.23053018154129015,0.19833388394113
0.10355193358333406,0.5087065575672911
0.4301076608108678,0.1891799191434701
0.20516114319851875,0.8538388435940104
0.5663866397544384,0.34798525895848265
0.2412651433052116,0.512040579006868
0.4524430817953566,0.7242597435065334
0.21298799640276234,0.40404576580665813
0.2584035303539608,0.45181773840828676
0.2826823806395683,0.682390733845944
0.12098751502664654,0.448623811076768
0.21418608719031282,0.1850218834773272
0.37316079905219873,0.6239648657086634
0.34576575869265624,0.7431755500708028
0.08398964996635423,0.04299261887538663
0.024194534602493562,0.023501339805708118
0.11466613396903462,0.21639851555059997
0.08497682120483847,0.4199645928567906
0.3014406795754927,0.6655825396173923
0.11563192069607345,0.12409673818751381
0.2629502319316041,0.6085640582730444
0.4304061207211952,0.653757890305775
0.19233685230819395,0.4809538447503501
0.08918282571784956,0.2790938976977553
0.13779811222019261,0.18511667311520827
0.13242231482319836,0.141936840568442
0.240238371606768,0.812241432542623
0.23595746657682826,0.2607219972566984
0.07653819933960063,0.07904071015814644
0.15392148584614368,0.42262156750942464
0.03665565834725995,0.029884260797956565
0.30367654039343805,0.8083279981705955
0.3914282868694158,0.8345766008716917
0.012528192907716182,0.013844601729877528
0.37392302196873306,0.6273977471185317
0.450675760307319,0.2184968201766661
0.153166630052304,0.7863389388361637
0.3869458071091872,0.16352135348928146
0.14860216855713484,0.1883315275775757
0.1429384794832599,0.2477812068812184
0.09200228890808056,0.13920193061962058
0.011393356821825129,0.003920039039663944
0.512343517431505,0.3317200450207433
0.42784077095454265,0.7376495589889167
0.11633190326104617,0.3041584875540582
0.4685169282653726,0.21387304565477713
0.0518376199936038,0.03843862511826948
0.28099556945135146,0.9089961663089956
0.05226917874385461,0.27844744292785395
0.21256055267078464,0.11416836173337064
0.17186037662009598,0.4458449111156219
0.22452345222419123,0.3046702103335756
0.4187606945119084,0.21579062672773222
0.20537160336620525,0.4069730080063948
0.25419300293361835,0.4092118926133227
0.3138117432005686,0.7196711815423231
0.5583867687750088,0.4346889821377497
0.17616878985041518,0.47966460515026205
0.5545529880717436,0.3449792568200102
0.1311350933089385,0.3822294663411811
0.05302101559876869,0.11636876140360959
0.09764896182762442,0.4023896526378389
0.46081267879883575,0.6020734085697829
0.5790663703371107,0.4851635075229037
0.0897625988153843,0.282620162156281
0.45922667954949026,0.17133425774958747
0.1002562491558854,0.31647000502496525
0.23385504532525397,0.2538874782357744
0.03413523076351789,0.1031323801086644
0.256467789043036,0.2270150130848218
0.05014399043510175,0.15166710475284387
0.2444084581753201,0.19257982759098347
0.11732929228445413,0.5861293485282462
0.31712834175688603,0.25933928834570624
0.030514636243193057,0.15953930718716663
0.3873200612019274,0.23883966263065406
0.4883080265815028,0.22405226198855097
0.08162001648256485,0.36240478261181447
0.26185636733454015,0.43825952622855385
0.11409705354627243,0.35878806464066165
0.11850512858772354,0.09428992556332595
0.0980348606906439,0.09279474240620773
0.48520644683396574,0.5320855183468666
0.11924490633808157,0.4072283043553925
0.4573355107239109,0.607358450374136
0.09660213754528424,0.07250920184552948
0.23751646192337955,0.23596479115907923
0.09956216542168074,0.42254979250710917
0.050491152933098034,0.14142083680278275
0.4918042888071518,0.620086976205195
0.03756725147889521,0.09211163930436335
0.0026613319514332103,0.0018509883630566757
0.10315543300078726,0.08817996356642734
0.2364903900319691,0.3555562935952168
0.1896593734118512,0.45362014347550783
0.37603141710097626,0.21363847284426868
0.3827584401426707,0.8708915597741995
0.45157286060410473,0.2992793907486583
0.07944019288937572,0.2836912721344262
0.1531603371145525,0.14051445988093475
0.21918395790576972,0.09862411125639797
0.040804041137733824,0.2139790585272333
0.2042659456792293,0.7964158591684628
0.4375370668611729,0.7246358891522521
0.0020804706036765272,0.0015826054239892683
0.5123023580197349,0.41194839927702387
0.08806026862757668,0.3473868842424589
0.07261621951942954,0.18270215030553755
0.06781040835309662,0.14411906729037519
0.09786428251404414,0.459028410837365
0.11161768230849399,0.31709552118621925
0.3706258099437469,0.7311756283633329
0.5855444756460032,0.4106630212020937
0.08380758307893377,0.07609728234448883
0.08385821482251023,0.38536945480370616
0.13078945730956437,0.27362570431760797
0.08309991723692721,0.03905485868890732
0.36088419226177915,0.6226634047138718
0.2636447318006108,0.1913298295153311
0.038020839730272205,0.14659703513847966
0.3961697784180498,0.7925544912462936
0.025761016644281008,0.013087314602371461
0.17146274217863008,0.5725480758633525
0.20457878199079824,0.26839230683937315
0.4730298733795902,0.359600777396651
0.22687418715295746,0.1619552753688255
0.34468149089129296,0.6531496820730799
0.010942923008471201,0.008499572095615294
0.26177868043373087,0.2471852025553381
0.12237802455482609,0.4564781148580971
0.11593845466977912,0.1449469029581236
0.019947443869681347,0.017096357644330068
0.1746826158515314,0.6478328735613557
0.4840361376146585,0.3459929504837514
0.0015447708071710266,0.0014147747449810694
0.11305578702350623,0.5508236895034762
0.4428865243854011,0.36513756156089794
0.1853609189115178,0.8168455827010348
0.4767135365212566,0.39311473215806997
0.3522546748317184,0.8994799296144295
0.3497255914667694,0.13899644752922394
0.33042841395206174,0.5128051377825904
0.09361882530724583,0.1629549179083546
0.3163661309019635,0.757418359198668
0.45783038909138873,0.6082030245133604
0.13422657760281836,0.40535364490609477
0.3802390786940314,0.7248545817414905
0.513958820630765,0.4664156337861856
0.12349577181397388,0.12063776607223432
0.06259265487524575,0.36181251385686286
0.17604093121833056,0.4355304173342483
0.17449052988577865,0.5376279459350383
0.43020693869772947,0.6123997218435846
0.3785342792676759,0.3051217898378103
0.27015406310247114,0.2128214502475201
0.10215482157995932,0.08927402044244684
0.09807918635715343,0.5796519502314867
0.45319967052949084,0.617765452957221
0.10005023736415182,0.4309694657461174
0.5101060732292273,0.5196387485386765
0.09717078887392365,0.5534804341042414
0.13075078288586178,0.12618145124950397
0.139047353105289,0.3342186358411881
0.1947782977557235,0.22018592175965826
0.41856561262358355,0.6805020589901752
0.1798008316366043,0.18104456751505843
0.3189045443177815,0.3927319681600478
0.26413210386999003,0.08213803093804066
0.2167815563770888,0.25833690525444336
0.10652748831586002,0.295823163970893
0.3896857283496271,0.7571928558776311
0.12879190916152852,0.09005400843628777
0.20391990383754485,0.14613651302218703
0.1106245146062175,0.5403567910327942
0.045151511358738,0.18584408736970645
0.19269072502333026,0.6546972405224045
0.15695659872781625,0.5943881502378138
0.4354390129824541,0.7243457402659886
0.14756801483209905,0.5822957452882132
0.38176806714404515,0.1744647245035715
0.2392905358646487,0.9868668481316172
0.10608220092844946,0.11925960949790368
0.1183154796415325,0.2100648265777279
0.01920284668986885,0.014561939073474835
0.11301151540851034,0.5139564998318805
0.32820816286631505,0.93889585658024
0.0434332138227239,0.043274196824436506
0.2546517239654751,0.2465984992013253
0.4704886993740299,0.5438203914301369
0.48673172411762833,0.17403151514732698
0.04275812835955971,0.034028023521029314
0.23317670156898815,0.874934912937191
0.15005880862515927,0.17206001373607774
0.06232113724974352,0.048269613129275316
0.3617361075872429,0.12840655046326274
0.07207495330880928,0.16790964970266223
0.08785452069596279,0.37733138453685927
0.01892751307059517,0.0159513735511771
0.32457208123646825,0.10855602630659181
0.4076553991346227,0.1958304320342669
0.36226027528186167,0.4048098935676474
0.24115307787393037,0.6761236807806303
0.07448397315564387,0.4319397768912391
0.11466502506812297,0.6581640134271
0.12422908466644669,0.07810322349875468
0.061871602544870896,0.21391339816800595
0.11611999678759985,0.1028340687632153
0.06630616324972433,0.28883420836599066
0.0316976921265177,0.15440165809844494
0.08578199280226703,0.3409232445250914
0.35714058935104503,0.7181833770724415
0.13792274514774927,0.38156232197387635
0.2601519827252671,0.2433300584578125
0.4026355386657702,0.829827000506642
0.14398778991033576,0.2210929064667695
0.29238868312052746,0.1011585200186065
0.01526747489234326,0.058061515687269
0.10951216656822187,0.16681335128312225
0.18564911367210662,0.6507152868724596
0.13397332439844825,0.26759283029198355
0.06195229586923614,0.05095851882030436
0.2787025021455955,0.08113954140230709
0.43147201510460226,0.6999798215900317
0.05601844234231628,0.32891013370394195
0.06516648687983777,0.40792497102536135
0.07730100329008728,0.39853635796837794
0.42609086398972357,0.17024209933033843
0.030907591377640816,0.035855971567906444
0.6287593311885775,0.3266822543155627
0.1533722725688387,0.6005508746507876
0.17055239193098073,0.05322149995397901
0.4694489124031612,0.5575636676924037
0.529115527733574,0.4681300043736588
0.19295031512047972,0.17253214510482234
0.35599849271601214,0.7744202328346818
0.016488858751164296,0.09410772777742397
0.2499635584233022,0.9843722949619388
0.37342319247650524,0.5894775929402907
0.03936761354753035,0.024274141064590797
0.31880710599406265,0.8935325831050263
0.276154300060211,0.2082307973119739
0.03772437529271081,0.024678154806721867
0.3152398262515056,0.3401851187246317
0.07577962407933848,0.08453286396858568
0.2883792950780656,0.6538583914614244
0.3283156166479301,0.27334605990051647
0.06329528997834649,0.37441423148620456
0.05586599955301457,0.21153068498799402
0.10957921456400457,0.47216979478397814
0.12839948951042748,0.2528431560251129
0.2994135898809862,0.7935327090308772
0.09298392914268182,0.5746107501950047
0.48136110692823436,0.2989060365487662
0.26342363241506395,0.7563545512654894
0.3729054385414968,0.7089523268206102
0.0634413028205785,0.29927022027999955
0.11786060605028789,0.513771723964269
0.13458104331844492,0.7495695716070885
0.09657177884776988,0.060585406229320536
0.22616020769213757,0.9168531075526036
0.10332867468620575,0.5191809823597183
0.07717322813947071,0.4846588498637785
0.12091647358181237,0.4966363266408473
0.1790278515771845,0.5541804988351063
0.3134187232201281,0.2715998734399097
0.19510864462255084,0.06633968310254791
0.05247203984110524,0.041248500839329
0.27860380815326846,0.936032529185466
0.2602577877867078,0.10432782411409394
0.20214850171153217,0.5434007359512935
0.13443900369496883,0.3669521117959952
0.07878761579539603,0.09426027530708753
0.12992651096320623,0.08904376597959868
0.4606321195707692,0.16297102699218582
0.35799962403235,0.1584772137666532
0.0670994800256327,0.07391530176577209
0.18337441215470757,0.7676307443115084
0.33673121745020423,0.8777267777919929
0.05981455591076035,0.3455585582048306
0.05475846967793612,0.13562127780143754
0.22543046361855867,0.6965012663358966
0.10983202718372252,0.10435835633759485
0.16708766007352419,0.05783786227923048
0.0883472439440421,0.528100413653342
0.3227642939273501,0.7498723253669834
0.5322264064451965,0.44780780158017436
0.4510746497520558,0.6243953151806153
0.4118799291375457,0.155654794914065
0.6235861767007573,0.2503622576455169
0.20847613678949145,0.23349510150088318
0.28117884122943343,0.1378064469113426
0.5888603863824026,0.18302005806418423
0.10494614292543555,0.49272186950327507
0.21620781620591215,0.7015222356352798
0.14401119465810402,0.1286522103344371
0.27930950495694584,0.09402797095032883
0.4888482803929184,0.4942763291480186
0.24268517417768865,0.7418563154020412
0.4399204222525039,0.22956687433489167
0.11457181608703314,0.5038620758159037
0.24513830290121738,0.5739664823705197
0.02178727439625259,0.08604184853281151
0.1448295551461767,0.11592309546984532
0.03866935035671083,0.1028377674651674
0.15761920579744843,0.16502663627726366
0.0855959828025975,0.05813480622698287
0.1485372522942964,0.4172179851444251
0.5237660632050122,0.4651932528764867
0.31525322781591064,0.15797254685939657
0.4057632651401333,0.15130293576682155
0.47358459000644704,0.22385943087402646
0.2574337058260865,0.8920750628755382
0.3802384113065955,0.26256955240443136
0.3476978013121074,0.17086737164258187
0.20315445918722963,0.5707683528320124
0.446474118250496,0.7323299504137742
0.2477965425169595,0.9226964379598287
0.2280458238361882,0.8642112523080626
0.1882193493199556,0.1917585721938394
0.025048961859017026,0.10793567880903927
0.17915533417397828,0.5280286702058168
0.3833533937484263,0.5547555695015034
0.23433538739842713,0.8747924227536132
0.4778290251471317,0.43702514421795235
0.3450570840972823,0.7834843347138873
0.2523879903058375,0.1806011154779154
0.0687988731965556,0.20171558982650645
0.5332765281429735,0.2504557468707118
0.3665162402066691,0.31087390210703136
0.2513853674570838,0.41961968997434007
0.18997600022864167,0.8026154128036692
0.2092667162964934,0.38566420557968883
0.2694236097329458,0.16297596820238788
0.04195982334451334,0.04215846583799221
0.11909003906046942,0.11846748283278123
0.12451419229805867,0.16575258905307697
0.06258416263843807,0.25490765180382996
0.1484967467307013,0.5372121103643002
0.13046823157586765,0.17074133444267944
0.2383376568658615,0.23759173035828868
0.002657066065843998,0.002329040646390334
0.2036596980965855,0.6467549741486
0.30852133106566426,0.24605141721027715
0.19966972378725464,0.759437096140959
0.13209059643061122,0.2774927746887008
0.4949401276430008,0.33918200968709106
0.13869214342352573,0.6466704422752555
0.4972984516818308,0.3458774707228128
0.11700327387082997,0.4112826586835065
0.5378631242074967,0.35821550297514704
0.17979264573324885,0.16912160760001074
0.09119869397296948,0.06893199240153904
0.23605346743370345,0.484113061922385
0.3456681727696824,0.8408159688434352
0.08618876016433208,0.45369976772829956
0.03302280978475748,0.2158109747238965
0.06227855631885729,0.04592392088893809
0.5351508739060037,0.5256631180368151
0.07819764919819229,0.031087536531775463
0.27845935148845385,0.30773886416759316
0.02888935677325632,0.06510009877762601
0.16705398698973692,0.42851109749010435
0.6137581380176584,0.26482170558798673
0.3021000256348843,0.8233246120488174
0.37522303202409707,0.8190282804617819
0.423600287648864,0.1973862126648869
0.14985073597322873,0.5135471916733959
0.30011952990925483,0.7797437008326401
0.06564595683053176,0.07652180381767042
0.031987867765775974,0.029622119607335788
0.03870662688282138,0.017461912265669812
0.10432778928555111,0.2913897410314919
0.48022692501975706,0.16733530256835968
0.12679536987414536,0.10291826049597028
0.444704480118651,0.6588659930267294
0.029706634581789064,0.08793900047473004
0.12401789970653929,0.07062162727846384
0.20903666164575266,0.07093320145285398
0.09513115698232724,0.5663546184594309
0.18205173365333063,0.4460681610350767
0.37756137806908563,0.8128089833854789
0.16201019535475547,0.49720164625877716
0.1415165348535706,0.05942941360812224
0.32058769206129945,0.7484561956049487
0.0979130139781527,0.049906455071124387
0.16064480620170019,0.48698685323227886
0.385633066443785,0.2918331064958107
0.3432852887013317,0.14362999445897298
0.09200420347938307,0.3801311967939461
0.0990006041677594,0.26039985482651634
0.04222068834913395,0.20889682720329425
0.281787713440702,0.5221500634252185
0.24796846455718077,0.8262384908199706
0.09433851836612786,0.4943242848766491
0.3927962000160669,0.43074738367813686
0.18905885223047447,0.9063787973570533
0.15479872566374328,0.18277664775584634
0.23048491407786165,0.9156998332979708
0.2425616692159388,0.34361567302375945
0.4495243883310019,0.6947987354635077
0.3138764403095219,0.7524240261172439
0.12936162360935594,0.2952588387818181
0.3146254721135229,0.23050173298491203
0.01933989797988942,0.019396908046736775
0.4524660223947828,0.3078730185902443
0.10405122478500933,0.11842427096833677
0.3436811863195026,0.8215375840245744
0.2930547617279539,0.7912795278555598
0.3110777811324259,0.3574426533004136
0.0995233086181158,0.3490508672471763
0.23208801352968522,0.7421397161127165
0.38132340435495343,0.2696275527287355
0.310159830829487,0.39891883128877237
0.18544067939390424,0.21478152458913746
0.5849926812225875,0.306806063212059
0.5044310700624282,0.5890770007678592
0.1205225977743516,0.15878087567981183
0.10697052897032976,0.15648624446193427
0.43133310649168877,0.5973141841339138
0.12839230879715452,0.648965456406661
0.05435758996473165,0.16080408253841674
0.12979389183446444,0.43447417627030327
0.11987275610226028,0.4769940421911568
0.21116969201900485,0.1411467414297959
0.3315585138212208,0.12978739882206933
0.3812071037184161,0.37513131628400487
0.3033994053480765,0.6905599564874063
0.25526793051469454,0.6997361463586629
0.07402610148542385,0.13429263499776026
0.2857974443076986,0.5676883235380329
0.02566637031642986,0.16167676491668156
0.18806069348301915,0.17495559279069642
0.2202965539664373,0.5127191290973556
0.2633850301960163,0.9796584347695468
0.12014617429270914,0.16207066377714566
0.021446013660681936,0.015325540998936831
0.3694594139369629,0.16291306537079278
0.30003180892969933,0.40240911196565055
0.33123369203214986,0.8619286520065236
0.058692305036130446,0.3232736932317747
0.18431097396631244,0.53842132169382
0.3344255468341036,0.660770557509214
0.12804368797950477,0.4276013408345801
0.14920690505838782,0.5892174342189355
0.14208023102983858,0.6209681718052888
0.09967582030669803,0.21993287685802684
0.29081628043876845,0.1306186874748398
0.21044997913535687,0.2925458910425299
0.49385404159381263,0.46852629073528124
0.5623425251234584,0.334548666958285
0.42433002758085525,0.5886967174475378
0.43832053331246235,0.23611991037649635
0.031573813675936126,0.11683380607119005
0.175682121648009,0.7512347544863162
0.10285668747678024,0.15680391969761445
0.40822460024671353,0.14885069007859236
0.08785601752800838,0.14805569073446379
0.07408111676010684,0.3734385867988743
0.08003127460095177,0.43740824165609227
0.2474949652904672,0.7643543242967928
0.33852279706825456,0.9077056424841379
0.4273786738569584,0.5784950709108052
0.27695182903307025,0.2644771853079443
0.4609696322627328,0.48346641829874915
0.5176388631338106,0.2505124823189957
0.30291640692471034,0.6605609308858876
0.16139092093838078,0.14471214727633647
0.314821101807547,0.4502064398785328
0.007252555132248917,0.006127666176055281
0.20720561917426744,0.5465120727500147
0.20123710843684775,0.5673377682433931
0.09148988530716,0.4503040109706372
0.19472222220306168,0.3481097289902998
0.24269987909996543,0.2901578521146489
0.46344356537679643,0.6262995159368667
0.2038808110269277,0.2063515710753981
0.05784142966865974,0.14762871861534252
0.1364123706204226,0.1233923492819229
0.2878037179537828,0.9487347640304779
0.36028436791727053,0.24271628181364352
0.25032631696885776,0.45655493969931993
0.23662046099605327,0.6076527680697097
0.15721978841380263,0.502737339503101
0.10269002162850288,0.057814330564044135
0.1521898542268109,0.7326801439262023
0.5017582998994597,0.4475219271520612
0.14767608097311175,0.27397689270029046
0.1163508488257308,0.5380563766184444
0.1693571706228507,0.30416002956594723
0.4795110141436905,0.38924100792481553
0.21569670289098317,0.6672914856991125
0.32720999538167544,0.7674402275714154
0.1199616312689336,0.30352021499644594
0.37756258100119067,0.2289050906793021
0.45893806347274785,0.6935064531233098
0.022327410296775284,0.12414082404354113
0.5021672682044562,0.3235292128696841
0.30128380067287447,0.6811025836736715
0.3436373959240086,0.1341609364640518
0.28315151451923615,0.09156383759322631
0.3899192506838831,0.828327962942052
0.47606224967832056,0.46539489382324933
0.27303253743988193,0.195714120291922
0.13242440205512412,0.09892958157855529
0.2972174724258554,0.4920779279791867
0.39687465073314687,0.17218019856082528
0.43491540224609443,0.7665854268477424
0.2304448783916717,0.1760626208650822
0.23200485844594165,0.26278752569327235
0.08105993989164585,0.39608316393988874
0.08192017422132879,0.42530055884424567
0.478658778578304,0.36537821201689485
0.1552657655726575,0.8371983542348487
0.10027145209122786,0.36961001986142367
0.026669864923472338,0.022957356473765317
0.024164333944975535,0.12813615930163733
0.24058624286290414,0.30423251166225934
0.33211656136790946,0.12300239374921741
0.3936586609969536,0.723039203717701
0.26346488509135985,0.7593812427704919
0.10536961309036058,0.06360535312900246
0.3849392837823194,0.5913829730208944
0.28656340855348805,0.37547364612573936
0.3251535645422113,0.6148004682899504
0.19032831871671027,0.41065350466318074
0.2655263989872522,0.8299560012748263
0.2931910894223374,0.6967468770802085
0.033513710972427536,0.02904606075128437
0.13631307401521797,0.22910062130597483
0.45550706403057084,0.5192398294105384
0.13679121852163348,0.7277383820904255
0.11477850425627713,0.5349600015364494
0.142599269798025,0.4871055031677062
0.1698549540222909,0.768593343601501
0.1329595708171487,0.1347519818540377
0.09492917022485056,0.4651980352274627
0.6069699412009925,0.36447693094757805
0.09100511798861681,0.5148994471721298
0.6100519592051249,0.29531283301110084
0.3014274272088703,0.1642355643856564
0.39682535796966395,0.14229814735472854
0.5292577873820202,0.5411450537631892
0.10565094398779955,0.2608154413701428
0.28885946704473103,0.2381943654592029
0.08911166325747298,0.5272151920609789
0.019818464481780488,0.10694822917265838
0.17484438481572184,0.5251884341199644
0.06330553199474598,0.3962351991290142
0.1299125963038253,0.3957300827987579
0.263736157833126,0.6944035870397047
0.30001747833435627,0.16130815582876343
0.22651523723694306,0.9150522358029247
0.20502780020861638,0.11023633144799788
0.26506222277095515,0.5321505677967969
0.0919908946151073,0.19453517786621768
0.32562899980342563,0.8103646742810996
0.34699306108917916,0.8838327007441324
0.3848684903547598,0.1630059433334442
0.30155288034461836,0.24648069028748582
0.20862160360409449,0.12243338675955753
0.07401718906412637,0.05183081826559935
0.13446560514993477,0.3382792286969907
0.299527483125141,0.687854643085912
0.4905537668168029,0.4379654688141089
0.6118134817846117,0.34437730289211926
0.03566798710901846,0.04227103768173279
0.14017460850826388,0.670199739893104
0.051500274614786117,0.3016533135634028
0.16922315064608884,0.1373994862253194
0.32334276390598665,0.9018549156071118
0.017523097708664986,0.07354305206708331
0.4203198048367804,0.2364960301716717
0.11690507971351957,0.25164260476065353
0.09130707678045817,0.1288814807078577
0.24126650323789503,0.44006635428430624
0.18077695772171182,0.4930207332924595
0.5311270097751124,0.5176840745528053
0.016152711086048696,0.014232965756337385
0.02537544306697263,0.023315951252138138
0.4265662193037867,0.69317042606174
0.11806905105063388,0.052156290453737535
0.48109168635962946,0.41575484164662463
0.2676985421121021,0.2550509835250845
0.49023978741071134,0.24567584563566738
0.5687639161364578,0.45555217419690563
0.20860642252121503,0.8463299604530156
0.2602227331220825,0.8859242436011556
0.15655894956140465,0.5702263718188433
0.09841380740512047,0.593495181163617
0.5823892199971116,0.24113737491904652
0.2667663704654998,0.19129227540846477
0.14139610898190397,0.5821777578038932
0.5874517678485932,0.351831388866507
0.4222361640253995,0.17280736064274493
0.1544448778479758,0.14595558356719965
0.14575498045281424,0.6612953499665413
0.024450380140276933,0.026976087911233283
0.12216507979886072,0.43921998126596734
0.4799240778934479,0.4759999664032914
0.5755662225235464,0.2690931822074116
0.1149385358679424,0.3775127681156863
0.06245410594412546,0.3351078397944216
0.43402019996363606,0.23331593896467454
0.13123996255885348,0.5049427653651416
0.0927455148059052,0.3694938518434974
0.5022389447668759,0.3448374346039656
0.1222732595225764,0.3276223476344993
0.024109403173345038,0.09348192968034964
0.09897758766531758,0.3281438999903614
0.3619682495902314,0.5833757223139949
0.10949677806218965,0.15071373026421053
0.0787178434400447,0.287452506042255
0.24387192077489409,0.8973741998133821
0.10381927964402143,0.34881925200695163
0.14547878702896716,0.5774327980001286
0.4099704790780628,0.3370290109215726
0.0632241534115985,0.39773801731852076
0.052551850907105416,0.06172614789297556
0.19820763761584073,0.30495004073399573
0.10738282732187003,0.3880076808734138
0.036245561716396785,0.028430733829944366
0.14406994933665052,0.12530408673313648
0.13881741820965254,0.13454182471850806
0.06560961870850689,0.26014287074151504
0.3794277643914038,0.6584146259882392
0.10416866047572398,0.38889898769874764
0.1416691389908375,0.707929580233548
0.5294163120710974,0.19340569758577336
0.2951199475543248,0.24844463984304338
0.5543240099924087,0.2903712881451089
0.5813598601763493,0.3486853278110338
0.13500637119734551,0.20999599522607437
0.37544867407555815,0.22948123347945237
0.35636398297880795,0.7649239635308226
0.29169679876749194,0.29852270813639675
0.021360536482303454,0.14189183268879013
0.10989205472057981,0.4935210326814843
0.12915947437167194,0.5033184566159316
0.10298720223527659,0.41545781716438346
0.08659836509989156,0.4990510851090103
0.2950354238636868,0.10559900019614094
0.21897810363684297,0.8601206284216467
0.2681322648995552,0.5108961453903678
0.19987869960338928,0.6517723473232602
0.37312195363385386,0.4968404465373239
0.4787935866806079,0.5055870989160696
0.21095922577239068,0.9051178189411306
0.040204689466384655,0.0371912390829381
0.20541835642574055,0.23483189227399717
0.21782120089863266,0.8248941281411715
0.4635105520382409,0.6731665530252987
0.483059959074989,0.5185306240781737
0.1157988982485226,0.5125735396338489
0.2996917510766419,0.902207957376285
0.22008752114664365,0.40788111510127945
0.46389791037168165,0.4612417795360787
0.28568958427081315,0.33585774766075027
0.32153061502982966,0.29668254006328065
0.22957161139368512,0.17595931873896056
0.28873206248190053,0.2998112883934795
0.20635197549683076,0.7303285955183917
0.4736319988447723,0.37952779361346795
0.00612302450611835,0.019897688078981283
0.3294816825669783,0.13099537314398105
0.3979191269241065,0.7733309395991681
0.07460035085431675,0.08197379734945641
0.17747943274860947,0.6625520534503705
0.09939490032583974,0.39308989600714994
0.2567290123697188,0.20608545129585898
0.1681720232342942,0.03331404215882582
0.433180154283387,0.6952738479829554
0.060190250285679814,0.3003065508137646
0.23152113250136777,0.29104480124835563
0.47352419523367717,0.3239970105977517
0.004818348012236295,0.004467404967393729
0.12283854409596863,0.09349638095833863
0.3431265291734193,0.2339484865644947
0.23354470596687954,0.26365904615707886
0.4758559328987793,0.3217165434877314
0.6219148965780953,0.408765590568537
0.12579946379687576,0.10880470010024694
0.18239764276217502,0.8626987062104027
0.31915767665400274,0.6601011472644187
0.01747632498535464,0.11052858791689134
0.15851825830658484,0.6139671760683741
0.25014020556940353,0.6256960572182021
0.056871425552712324,0.23874810013343906
0.06281637664671737,0.09043937344726914
0.05632538689889124,0.26736783685141263
0.40974948987087845,0.41888106884721493
0.041727750284694234,0.2585830125818951
0.1221406815502975,0.4990825279217019
0.10122019555282397,0.09467335306712069
0.26834272393257563,0.48902244514058585
0.26355128360815516,0.7467080168855993
0.12028528104398631,0.18712289904106139
0.0736386926586288,0.08345997579762938
0.4011084933867983,0.7026259983755039
0.4522905802913482,0.6200463074144955
0.06206870133776547,0.3506425322939816
0.0968293681813515,0.47377477963498477
0.5238747869053066,0.2417850088129699
0.4732243554946613,0.2733840389152105
0.44386248785251986,0.6430473168244393
0.25109169726110614,0.9280831806649815
0.4757289282776825,0.5278392034633715
0.12044729871364322,0.5733419430084652
0.07282605453669433,0.1940471740768352
0.5238142120327961,0.44457366278838345
0.07203902675126088,0.039944978806711495
0.18964817402843032,0.560998103911151
0.1666015176440705,0.8129416463782623
0.09600550767843172,0.04683776981154084
0.10799215834627547,0.31825159668348457
0.026700690230758457,0.008720567229292603
0.15525442193277775,0.5698732572267544
0.2432517533711552,0.5638814021475754
0.14834010443372853,0.3062065368805868
0.30505526259119914,0.794383146717627
0.0716322930832974,0.33106645694386705
0.5191977253722797,0.5275957979961405
0.07178799540891995,0.1489712376969452
0.3277442536634147,0.4763267409316472
0.13277175931353818,0.5462103189915328
0.28269990203928386,0.43581555346676887
0.11214917051652531,0.47183023458288503
0.47117198297087093,0.6889757225081002
0.14196749977365355,0.3508205956317289
0.2811045857698605,0.617677661633711
0.25774774727784955,0.46274964046578343
0.1852625537546377,0.7120262913545466
0.4616721957027936,0.46131351605408655
0.47020947896595755,0.6311346298150619
0.007947169899507847,0.002921868834052117
0.3263914336662898,0.7226909206428308
0.2226970088862963,0.8606160575470069
0.16129869431532165,0.644089816128333
0.06952436698248785,0.06041173024470544
0.3199265456472189,0.8579807748161795
0.03290210599776853,0.028038432411958084
0.2563006718936734,0.9148496390236562
0.06257868712491295,0.04949001651006955
0.16829502513380973,0.14440924652901568
0.12623602350807148,0.668831753351934
0.05451624960603415,0.05559984432978272
0.12663896174946562,0.47734229295267977
0.27051903689517387,0.12795454378942592
0.3310374077892713,0.09658682688466605
0.3891995715546559,0.18096112150329705
0.12949876679935163,0.3097376548475473
0.05163606521651715,0.0437054068053735
0.18556780889873717,0.18452497280262176
0.10311000685685609,0.1865167214591626
0.19041895197986494,0.45646999115180104
0.39733469951052885,0.7335436381981839
0.21607525014154558,0.6039471866446952
0.13726179133535532,0.10775070560516421
0.0980672678179618,0.08839616475630462
0.27516175519146746,0.46194702067964694
0.12416156941273833,0.10387689185109295
0.059665719005185684,0.23705317223823588
0.4204107644577833,0.6360961621084809
0.16888141226543701,0.18937996704041365
0.3387441502773394,0.5852353579849532
0.058902008933627126,0.3662984157713279
0.4905074989061432,0.47952624422740353
0.2051140886976016,0.11757302123582578
0.5291771618332325,0.2501038171612989
0.1268283263031692,0.5434182401289076
0.10797928448256387,0.08499903517505591
0.3473813262172471,0.37826381861397196
0.3736433035918894,0.17372179737975685
0.27154463324971934,0.46251383993794204
0.07443756601643822,0.31175721948432944
0.12503221641509107,0.23369428723879426
0.05320308411581609,0.06233979173780468
0.19833601675887735,0.08577000824623088
0.20623127406034256,0.4587011871854692
0.41557409422067476,0.6977149301790702
0.0446367797279495,0.26475786064254775
0.07688128828492119,0.2571059910269601
0.15854016709375945,0.06044241629873539
0.17037670393022922,0.4873627123918186
0.37748106404469234,0.15009476504109195
0.30097867273403156,0.9345525313229034
0.11019652624530729,0.5152948915339656
0.3161442430019499,0.6770337135122118
0.28800687919781054,0.11803824368125845
0.37391680703310826,0.7646070056169312
0.5338307605813246,0.3700878914652526
0.15514039670265148,0.5526510875292098
0.055647902075947595,0.051932701104027576
0.2827000102977675,0.5473403658096517
0.09575706293025978,0.05126519143975375
0.2952486620950293,0.47238440198195353
0.2874120089906842,0.1704833053087632
0.25431023067223535,0.6562633776501874
0.032969388518264434,0.18893508962024064
0.11423995576552147,0.4148542504665768
0.2697850520323854,0.13732314848215177
0.2364894274850084,0.8072043449206054
0.19498751902115044,0.19469439132965563
0.10917631329405926,0.11609054145449357
0.32310638082353427,0.12113882272299548
0.29094320666907275,0.3328370547766864
0.17906066056088374,0.19933228434732278
0.13629948208425563,0.049695043303650294
0.21118102329473482,0.40764483005708085
0.3922885822992444,0.7104102140465751
0.18460794250101586,0.8908703602707709
0.42969734563892487,0.7696826806269366
0.23396654043551124,0.38824199412663796
0.476282844701854,0.33679152610070595
0.22273718893977382,0.2236576592347066
0.3107466332518858,0.7788807433135967
0.06663489184136732,0.05377444580977198
0.08875853536341123,0.05083198032416673
0.13998367972588072,0.5302381131474346
0.48057081203741336,0.2268774061198757
0.5065183907880985,0.6230481183381444
0.3418351052959507,0.580338735862718
0.08724688676394257,0.29977466310138323
0.11612078226147374,0.48244530392383467
0.18451821231265356,0.17573543972176542
0.3838622603753912,0.6227175024776566
0.1695406310688595,0.20681662842254803
0.014985096986817216,0.017936506987890507
0.2517953776281973,0.3753202452406309
0.37801773647876236,0.6746159434226544
0.6020403519131607,0.22530440500283527
0.31741206552816653,0.27355342564474994
0.46592585522702473,0.28163822067256056
0.010360086128952202,0.058218916750881596
0.44603452289418954,0.5460929551505804
0.09095677967348845,0.10002054699978984
0.08370263309501838,0.34128201086474785
0.045609007312368624,0.2938390315969764
0.18468530478329945,0.6875186212752793
0.30654331592540124,0.6709992368918036
0.018979730231791263,0.09379226315240849
0.43306296670133826,0.38094221255595717
0.34477279290478574,0.31162206764166883
0.03844597409089645,0.03763132569078823
0.41749430682532895,0.2047826827636763
0.14336530218889343,0.5524639619639781
0.4226539039233936,0.2233995706515651
0.15600511416325077,0.10652006398425598
0.28319737983017573,0.09914569336275633
0.14425373180040757,0.14580089886417863
0.21814441258556172,0.35429662852630056
0.2104367607069342,0.24049492112759008
0.12325647294458161,0.3206602819449565
0.11465885499047532,0.5843205568371541
0.532831329361656,0.26279923130000776
0.24008604840119618,0.2370964952999563
0.5391628605787245,0.5336879401870509
0.05019032717387946,0.3019112317962128
0.1641428263872354,0.5022154081030457
0.4736214777816196,0.596651186828611
0.47480579120204824,0.35408878759851736
0.04974858886038733,0.19112853000440516
0.29418561698102047,0.7833494798846121
0.11147720362118098,0.3039384116083382
0.19716625485995987,0.8871668764628977
0.17464924148740282,0.12964768235413615
0.0846105665661974,0.11532717731241424
0.2069674366971755,0.9554271457597353
0.04632917740008322,0.24958731559943853
0.19026433577385582,0.5462482686775826
0.15848589708408958,0.3292769614518434
0.03852782229402428,0.05658251488830423
0.1964543319578177,0.2233173915308006
0.1668590904112909,0.5495824028718742
0.12078662166725748,0.580466727107943
0.3524485362990162,0.2908904676845622
0.004462848102875924,0.0029316441393933508
0.09888073800841393,0.2817686003317825
0.16007189882784512,0.12841143536971106
0.10102398988515353,0.5719708476852376
0.11887545676559665,0.5450860186880936
0.11247906170311119,0.47107550515736113
0.353503490813339,0.7485911486532608
0.14063115642962412,0.5930897273277823
0.1111837152254498,0.3658498288286982
0.08403817972026129,0.3907952541293102
0.1989294045716372,0.41434241410893274
0.1683032675986013,0.07705133860091262
0.07273689546084329,0.05212384395379488
0.1449701062426234,0.6540092264124162
0.15328549927625454,0.16025769114523952
0.10902062821931945,0.2646665559098862
0.3014522022877375,0.19711673578235808
0.1135509722967805,0.5430852420500928
0.5643112115119769,0.29499745776324743
0.05417053433732132,0.02973003981385765
0.2939218011062653,0.4361350156083547
0.5369312868280383,0.1992153057857469
0.07251960013916263,0.20235963289155495
0.1240121729245547,0.43107488143154954
0.2929120331416411,0.08491082326392549
0.171411362142125,0.877056906019491
0.14887103246983707,0.30326429249790476
0.05233199240557976,0.210977902213576
0.5788017218517185,0.4373319065765272
0.3462489651204996,0.8100775720346884
0.14630130810374958,0.3982937754436326
0.13669161158443802,0.32192817466684687
0.3274129923514013,0.5303200681479502
0.23224907937099892,0.8671187750301508
0.18497321660427746,0.15555666419217182
0.026089614516673857,0.01756693231422596
0.14685558360605805,0.15115637969381662
0.26522948073195507,0.7588353119651888
0.2863363130810965,0.7266569907281667
0.3503250334682015,0.5498296301897025
0.458087419771487,0.6751171797640422
0.18039276979169705,0.5262974694512071
0.09360007768966266,0.47799256756092057
0.43360108853180584,0.7697052906491196
0.04185587840833745,0.25925376377904386
0.502465559620655,0.2833459992957255
0.03158645122376816,0.008949221244406703
0.21189810306381748,0.8125892503049071
0.6541806537679707,0.25998779742137074
0.07560269893175765,0.04385230395502917
0.10943335753420379,0.2572279435988083
0.5590784668559096,0.46302471197383205
0.29119305015334374,0.6319924362514387
0.03891660405176422,0.03668231431670297
0.10172075519443124,0.5310684617834542
0.30109409936938286,0.6308964731270902
0.013071821630448222,0.03251577822526089
0.026218377016816764,0.10997794216433282
0.42445308680498184,0.7095624798273321
0.15232955136314646,0.6026039113850278
0.26989653528088475,0.5396615994995637
0.10291007371642992,0.09600307126876474
0.4007674721458278,0.15405797656862413
0.04476599680256425,0.027659659185177043
0.27292876201935845,0.8899141269894946
0.12931122216270166,0.6156961297333654
0.43490196606862536,0.5714464145324722
0.19563443875879724,0.43523404222145123
0.07025225416984505,0.40677204853585397
0.47003217560128463,0.5442739083858612
0.05420724226969308,0.03489598846364894
0.0812599173430792,0.2917774082615594
0.06710672351422667,0.29644379645600977
0.3695009529297204,0.28204222229702514
0.16851501035979838,0.5615339445421629
0.30631018696700424,0.6686250402911196
0.1431934717932653,0.6004980695840516
0.23772601907892954,0.6344449588849917
0.14155247026694476,0.3456673243453356
0.03661536549801454,0.023113078149409494
0.27274156520409515,0.5312713222704122
0.11731266118414675,0.0940238903453997
0.10773425019679284,0.1069212779301236
0.25535502524758313,0.5615887764382572
0.1109889696752439,0.5152902047777871
0.373223979045723,0.756636493476574
0.19950924527669153,0.1535464291265465
0.24028159646562722,0.33791758135683436
0.16996431555198124,0.16246971507352087
0.22707192037669632,0.6526962308991267
0.16026435292814725,0.17252181870837954
0.6178432322367277,0.3291202090576729
0.3131489890012932,0.23881316398675026
0.35776351543242807,0.6894885318580513
0.009470329263349307,0.005944603543242762
0.25435033622667846,0.3516848362628161
0.09239903339194488,0.06571338794415556
0.15039585658583277,0.2139749108337045
0.3885666046178548,0.7269366186587759
0.05231963414325849,0.15552329792183028
0.1300696780634473,0.36169370144816765
0.47874796472696096,0.44695545272844506
0.14297212337543172,0.5725817738582085
0.13950107484219765,0.6150950340959169
0.13823817537473726,0.6430125683643658
0.4232332451304127,0.6184434502262203
0.1165093935228221,0.10278504808707002
0.14550240529537653,0.24220668979987417
0.5304852819431012,0.51365288734177
0.028283994833377853,0.1861250072119144
0.30445285320751214,0.0895729473708186
0.30901119728215787,0.7929465549345728
0.12221782705015098,0.4253442452731284
0.33545195382264825,0.7372115140769403
0.06301018009742938,0.05167583635336146
0.30531521505136455,0.8311997590852095
0.13469275843780681,0.16369840770433264
0.1060367875874689,0.43375249312239983
0.2549882226577834,0.13663268620154687
0.22020451709751024,0.8663835365351835
0.22351057051006148,0.2837862231535022
0.15595958033326793,0.10797520559615312
0.6104478154506153,0.3875454965019082
0.25452639339331246,0.38281720105369293
0.08094030446445302,0.05507862728518755
0.023061177569806465,0.025563941118095915
0.3140701232317494,0.5698042105340482
0.1655327317148814,0.2761691682752115
0.22371354555994916,0.22270834173540233
0.11193788850547656,0.3334814055724133
0.18603824429252577,0.3248347565768009
0.47250790714445984,0.5135254014869505
0.529012366136708,0.3069986745339687
0.11208507056149258,0.1394460920636432
0.2014192592052516,0.07733018303236494
0.2711224574791632,0.8919977069951682
0.090357563527148,0.0971380846990376
0.5240278778399253,0.3903485721319796
0.12304834514396668,0.22066985786579252
0.2395524803153411,0.26962866701090793
0.48569725326610225,0.548671244132528
0.1136727820483077,0.46899184255786447
0.2160661213499512,0.1077844514348007
0.2803524699528082,0.2784959255049608
0.2868753739199617,0.9625432477362591
0.17319796320766653,0.3182839583923204
0.41604512767552293,0.6936917953821722
0.1764649511724187,0.6650444699786926
0.12172211928525584,0.43107334141605047
0.0683485007161034,0.20186353747793495
0.12172714531224346,0.3427465805241284
0.11637585212958386,0.2116690000786148
0.10993715174443612,0.4581965502092088
0.322509657943282,0.5538366449927775
0.23089873266728742,0.959860349192399
0.175441799417577,0.7606757259231091
0.14632485177386875,0.7427663434187786
0.043868156437061843,0.029280054429673793
0.4670481882795762,0.6064276104027854
0.1181306873655995,0.4790643302241856
0.1849866866554749,0.739735591977183
0.2805623452544773,0.960048888357194
0.10465226253602555,0.18174559560723194
0.15775588382531106,0.35008414746778993
0.20424827244080582,0.5795644933723815
0.24299404580030445,0.7817282934820805
0.19752099996133432,0.3773641397678225
0.13073683117988572,0.5808005978573885
0.049887441531290225,0.1470221897633784
0.47712427739438673,0.4940446917459766
0.252189800352157,0.07267815928126914
0.2061057168188853,0.8374782117844177
0.17623674586514504,0.8113353841454526
0.1398688478854796,0.12280861223339117
0.0700171906843522,0.11859326240125798
0.23091148738410153,0.7617056920573422
0.3420254333837217,0.40134078551424035
0.18322915963753084,0.5629881647969524
0.08240783291675384,0.3501851944584843
0.634226519914194,0.24918516473079874
0.18966123524057651,0.6371610103650652
0.2387840695278946,0.1948556326402807
0.20032493097127754,0.19341545071189792
0.15901854299254545,0.796242506560386
0.023078114448967974,0.1325101898231584
0.12642684256428663,0.2687301925111215
0.138156839370942,0.1696468405547741
0.40833345580231956,0.651984232184967
0.34036601245260856,0.2697880963678997
0.20474483691792678,0.1764169432640961
0.042477982100678456,0.016776375230959036
0.3141854979584296,0.29732321796679345
0.3254569520923779,0.28471488301483994
0.22666494817385938,0.7143607925228482
0.08086027014211102,0.42486498482621127
0.10875250211981234,0.3039141433532735
0.10071824270674437,0.33950747632839157
0.36785676601702555,0.5803868383157609
0.31321745190361244,0.40353571207625166
0.21101000576519502,0.2214239162160165
0.17107559968276734,0.4297060566520834
0.27961505448578683,0.4189319699111485
0.05902112697022991,0.35856846328545855
0.45814531923718327,0.6471666626132588
0.228968611682841,0.7076539575781435
0.4448920210995555,0.2014359613984872
0.5870836398116052,0.22508312778342904
0.23709353402031885,0.8126950379410646
0.5079273583633873,0.5173213566792425
0.47002457992489194,0.4003194772498439
0.4381385074112877,0.6760296485432328
0.11671042398970821,0.2177589196739716
0.12006561770356965,0.44376118002742415
0.2327183610499918,0.20034369328543233
0.25753539230354944,0.3732066788053401
0.18134304087059644,0.5520962338768829
0.27229338055963676,0.09125481376827255
0.13157770103689048,0.4699959493539711
0.23561351647119122,0.5262901338726901
0.42469794782555487,0.16672582296564645
0.5777716759389327,0.44864958368199026
0.038099081554508106,0.03785088834601722
0.06407738567451253,0.3563980435014039
0.29759678308696613,0.807638998125168
0.06806069191531457,0.2883318084088072
0.4238954249783844,0.7037798498673697
0.03189499506004873,0.114840131797254
0.3754594280959339,0.8657662650991016
0.17782621551954997,0.1442113975644082
0.1560405888981859,0.3447501701168022
0.14022537365809112,0.38572284240138055
0.29641562819497175,0.11108123255487426
0.024623835628159053,0.024585156913884
0.30503170421798137,0.3305591699443523
0.13815482774581603,0.13056748999718273
0.27657086661415936,0.4805123335418323
0.25441301755375356,0.5723091861358998
0.25868885373177014,0.5909847282848757
0.37076580773831974,0.894938413704672
0.14138663558257314,0.6940030904303849
0.2571001668570162,0.34973300310663386
0.04059423907390251,0.11308235314122891
0.1817150818894467,0.6031335560006601
0.250740513111089,0.4102402913634458
0.10530498683648082,0.07013840793321777
0.1932426110715334,0.22579367559111424
0.4575501651531094,0.6161755851672239
0.3330352019174276,0.45269937690763784
0.07500932335489918,0.2945720592026676
0.40730769237136216,0.45874297337841735
0.41994690321585937,0.20406631002901723
0.19781726613728043,0.21077679403457933
0.15203626318948002,0.4763894901095271
0.3547739254318803,0.47629214980160967
0.05536934436211653,0.03845265456933667
0.4984564462483153,0.46081785629077543
0.19640644068638463,0.40356066545578695
0.6795054265564239,0.29073991548464484
0.13007787924760597,0.5243449593319831
0.2687158992218388,0.6489042588071947
0.1506015395618591,0.1379455229861459
0.20773457871203044,0.19485756944209248
0.325913340393273,0.24962130868280044
0.2974991930643344,0.7997924969397655
0.03745356667597449,0.22921788929849557
0.02359702955523128,0.011630036233706632
0.514093194028556,0.21572033908481358
0.28915977214042143,0.395751707596046
0.009878832282892725,0.0038439429754872196
0.4018638387814424,0.830727207803697
0.37243033482117616,0.7261503815582364
0.577156342612968,0.41284275018307615
0.47353221413834456,0.30152727640043603
0.04281565166155803,0.03319147615292659
0.5100769559102947,0.49890611616636216
0.11423813561523401,0.09835602880136457
0.3130632834310293,0.7653683830284126
0.10555621679047685,0.09982547192050989
0.46313171420387456,0.5980590376153904
0.20179445510433236,0.8016816512603753
0.44003548660132796,0.7032187997252095
0.2103777933305053,0.25242302007593603
0.011931880550786457,0.010007652276317922
0.23867464457034315,0.9087673215927459
0.010065082637828125,0.004270695418085944
0.09795893584850215,0.26159837207649445
0.11444873727937345,0.33203404894701144
0.167701136892189,0.5951333580763825
0.0632220708978413,0.06575974069871231
0.10743638629009354,0.08095057193535296
0.4331481981058511,0.2850209891170084
0.31031233662788643,0.972092453263104
0.08796314731858407,0.3298316035068575
0.20487158968885727,0.14618755527618843
0.001765876570652523,0.001453983236558548
0.12576926354232307,0.5506324226037618
0.06057015124725074,0.26957696880504084
0.296925084650789,0.6549590419839988
0.16137683670326144,0.16177702896281013
0.15737223556108298,0.6738651581913597
0.15576999017345966,0.8383470327276448
0.06595463089475152,0.3832939453218144
0.5050155938595906,0.27234498447329697
0.08720112172727586,0.48704836363856546
0.14749305945058952,0.5279461572981392
0.4534179808495557,0.6041222708394921
0.09745530926684305,0.4398446374219572
0.4924585188734642,0.552542890366297
0.10621613002083041,0.32409674505106695
0.22090513293261502,0.9149190479041746
0.06425573408197001,0.16559639617235133
0.28122125091356553,0.26531069973711835
0.43937084822720635,0.632874365108056
0.14193632015002652,0.7033222388662472
0.11720002326637279,0.5500859636709046
0.23811767512115872,0.7891918992741004
0.10635567143079117,0.28010908118029515
0.012734508148672271,0.06370316824083405
0.15126651769669625,0.4443107355085891
0.12256647514371742,0.4328599671333652
0.08576747898275298,0.09759508630399347
0.09071432652555791,0.09526780827806045
0.38017961700238984,0.4208314428194896
0.05838110792981569,0.024169921210248246
0.2481276423458929,0.3583477532871949
0.40838314092092215,0.5409301759387115
0.4917438267455965,0.20303485167989238
0.15766545444925445,0.2866849900398192
0.4036441225153288,0.7264950302302446
0.31952548712621864,0.8612750011872237
0.4330036392105267,0.16479895271673958
0.15435726521349397,0.7756297864315442
0.5584347190971052,0.45613126637177803
0.12841774302405062,0.08161169855444311
0.07185742468054594,0.08313860552939664
0.23539416007163333,0.7676388408798168
0.3298507117466807,0.32379527957587756
0.146732571042543,0.09800642345990222
0.28247166622673936,0.6860392576681631
0.5702056114214679,0.37388525220273716
0.6181565928100909,0.28111169060262614
0.18009825393288342,0.7185569492001693
0.3920632534352522,0.7502075941318336
0.2374103336745522,0.8020852713584573
0.07813148127562615,0.11327347612577468
0.20392869600520494,0.7563123792684883
0.0914621022042042,0.5585477080005058
0.1625307651857267,0.6044347525424189
0.4227068625200111,0.6590084667670123
0.03654322048796537,0.030048773927718122
0.5665054856619814,0.22325503451109405
0.47295854380639696,0.5700166598280592
0.2759707051671596,0.6571100070538729
0.4936167577467735,0.4164108577139893
0.03759576777908597,0.04188485116750691
0.2939068050849617,0.9498492307388958
0.11169676720135259,0.08861692489360089
0.3231178287218886,0.42850389595793015
0.11964136002348676,0.519192999116734
0.24594189600467525,0.08974957522045426
0.1317704389673477,0.11651279634732369
0.09997665665862879,0.298895847448822
0.0930717610408029,0.5592451344373333
0.056758938171614745,0.03922807003004057
0.10707500896024656,0.5209588466729006
0.18115628927477023,0.8440803554127733
0.137049266466408,0.07074957755505627
0.3420713702113062,0.7916820185705912
0.22560963200771528,0.30085448128454795
0.5122861185454433,0.5158036410283915
0.244873984724123,0.7658573756319992
0.31394194599031505,0.14513912392793413
0.42922933762910104,0.5662037434610583
0.2744641550661742,0.22525480011006666
0.35240307927055015,0.674948575665584
0.03655517735318631,0.01950356201589535
0.3095823623190075,0.19252642579035922
0.11590127820767698,0.21632495194425255
0.4709719654527135,0.5594987735370616
0.051939359798290806,0.04239503440096114
0.5432716778105227,0.24061368877597555
0.10029887466350891,0.4820831396027828
0.18826905265435087,0.20415601120874763
0.11302678975212557,0.45877846926105753
0.14964361933232434,0.38351407843233226
0.45570910921273405,0.2525744572474265
0.16477102618850625,0.1655462758781814
0.019742111038664894,0.01726483890297679
0.28763313362683723,0.8569799716281816
0.14869147249892609,0.5803612564952085
0.1719671029027753,0.3114431896976743
0.14119313168697772,0.7334316828643294
0.19252336219973368,0.11792930625128015
0.4310671753924534,0.3292342086155531
0.20488495467355952,0.6967014306302919
0.30198329192663953,0.4582338723849134
0.39773014189479866,0.45119497376125334
0.1358702174834711,0.4421225842354206
0.4007567898105953,0.7220154223169173
0.04395238601153572,0.23015912603436495
0.503971731606299,0.5047192307686701
0.06598945988894354,0.3540121597698384
0.2341989977568762,0.24216609774547457
0.07288083751575,0.21255376202118714
0.40865896265245566,0.5344509110834476
0.12666919997439524,0.07753584380123467
0.17261313712515253,0.5780680162395144
0.11857566314881779,0.2823547870992613
0.36790514293623416,0.6252963375176573
0.4157705982448465,0.7502716739909077
0.4787108463360394,0.29065795938065125
0.2146398367593001,0.7420239005624812
0.12920756137790632,0.5275445539597473
0.32551431060709085,0.11544834438129482
0.04077849540446952,0.04202994036693794
0.3935167348574778,0.7357735022484965
0.11302421170433696,0.5766233109110228
0.15891174634043215,0.8265307494278483
0.462955016806222,0.4975167864639811
0.2758513049299307,0.1874162337459492
0.2810604693857576,0.46267802680186826
0.4571844455742001,0.18115634328212707
0.011152823986215251,0.00792520351035591
0.2573276378353686,0.37955350917089414
0.48298050363411077,0.2962794212068119
0.1462185355119035,0.7483483581728648
0.08503759983768013,0.498101366147821
0.017352362971636098,0.01095052431137423
0.12989225992040798,0.5977814596892805
0.3263477383046923,0.7037974484275965
0.18189405504220862,0.7197229080456604
0.32536461938210215,0.497514575525335
0.43532969350501766,0.7231868721565252
0.2992944310885944,0.9163828636100929
0.45997143173705946,0.4479383928465657
0.5021400553609768,0.3649295411216475
0.08679986684089205,0.5074189574507212
0.25304768606640893,0.5047343021308279
0.3546313293450569,0.11938427938054974
0.5005159310034447,0.3593114822835982
0.11830840724717312,0.26822784385313153
0.2527404144354545,0.432097178899714
0.4703112666252496,0.3088038520754465
0.32420802428527157,0.24544169926406834
0.31255991442176917,0.2803932087490825
0.14118979062247428,0.23128645987714827
0.477444695818532,0.4629044395904389
0.24540099842212137,0.20242630244338308
0.4007625014674183,0.7957679454238358
0.09076844200272889,0.05504827964146219
0.4748422071246715,0.4899463472939907
0.4537313902625667,0.6229887332795142
0.14133051390548995,0.7893540969322224
0.0719228466968623,0.40290602465989234
0.11167875521437393,0.6270589773261199
0.038678390130015325,0.019157706090352746
0.03516240461786079,0.16658312592341193
0.06792116713172328,0.30668174319480745
0.14145286802224932,0.2814490455385796
0.033770447967722356,0.014905644239908636
0.4495307265931131,0.6484139321556475
0.1460612315193704,0.135031364108982
0.47823794372929157,0.6599478292245758
0.06086844443517678,0.24758304537239936
0.4049166428559316,0.155143831631912
0.18899495227366486,0.7304417542215953
0.2018842975931905,0.15300555691799567
0.4772765651133847,0.4584752793656689
0.4645090217700986,0.5951442408669839
0.1455583587860028,0.18181773239448965
0.1941264410992788,0.7931894282967079
0.380215771178865,0.7123215835613074
0.13446355498435364,0.6721680452610055
0.2704514888632824,0.6573664534539331
0.13701393474099152,0.20804232116319402
0.025352456889441988,0.08953732461933132
0.296585423734642,0.2868026354859176
0.15943027881105282,0.07906915572184786
0.03383008993024853,0.2196944677409405
0.22696518526255674,0.058783409771358035
0.18722917191333593,0.25633602537388145
0.478395341196622,0.5226538344714434
0.027967715733978472,0.1534988685400943
0.48709427626905755,0.2937387781156232
0.05935373705814785,0.03225469235026314
0.07941109668489889,0.44645172517690446
0.46265166520357426,0.6030025934706202
0.10140923842105301,0.09052028525989335
0.2840199097560322,0.07960568082491362
0.23975707348231906,0.3921881405367502
0.1700879581195171,0.1379240742231841
0.10049834616139362,0.2924801610626604
0.04873680994207677,0.19244220025643607
0.09936510868185491,0.08190500499409128
0.28330338954171425,0.1554731852856356
0.19985281539700897,0.4382927589455484
0.5495024784512279,0.4215164494180132
0.03690369528055925,0.13356520174225914
0.1555035135865714,0.49809987162762326
0.37520409369246815,0.15103844811240594
0.02873764988011664,0.023324183649496365
0.2929450020093748,0.3091336304097495
0.12266567926155929,0.640548095162756
0.24597762617414085,0.5955393736815254
0.08696031122623671,0.2966315279917426
0.15921498041434737,0.11520038619764555
0.22526559538480412,0.6550624825158714
0.45292232053321135,0.2903078840349677
0.1197887733995116,0.6481977058240581
0.03154496341617714,0.19730001505306116
0.263541503793742,0.9041882189084384
0.35392259533526066,0.578217056308792
0.3289668325492904,0.8226248442332899
0.26503818387286227,0.5132226888900616
0.2246109495731796,0.9097882666293342
0.24190535797576715,0.08963769142226322
0.0368355016088982,0.027388226252769928
0.4261242910926312,0.18101769639305806
0.22785225830439798,0.31120145709195945
0.10389924340470523,0.19815412431314217
0.17899213615040996,0.0629499515586694
0.4884264902249847,0.5254778286445715
0.21715344227123778,0.2132430944347331
0.24037448703475728,0.26318777346436417
0.010843588846929392,0.011158054782149018
0.17681405563188687,0.6455137793458542
0.18831027313955345,0.8288388214382516
0.3276905265391886,0.2620065138111128
0.4546523108660641,0.5299739430456303
0.17186000305050392,0.15214217384867207
0.0952536318426147,0.10117263048481735
0.17128057287638576,0.7955522910597905
0.18399654265731635,0.47659768187431983
0.3749631791008732,0.15933592192508336
0.5322768201644358,0.21579402339582654
0.1736002384811661,0.7589847907561273
0.02875021229915368,0.08403354286948972
0.09373112373258004,0.1299416641242275
0.21643468801930227,0.2575222717303822
0.1761503911748062,0.3979871035165058
0.39507056755636966,0.20227343868952835
0.01456675026356145,0.008996381054244376
0.1529059837581735,0.35568185278708075
0.5775774639706297,0.2576522437713966
0.14465134721601017,0.6863911726233441
0.09561423256261223,0.521946613851063
0.22234998462925115,0.8980148249653038
0.25595506089703823,0.743884557132932
0.20096804828948173,0.5861871154936288
0.056184158310949965,0.35892124760085237
0.2375982695821297,0.3176870928810291
0.34600634800739705,0.7100485218878464
0.4446065876498078,0.22472965248683038
0.075089820720046,0.34846819233352433
0.02220992483387388,0.07474447185078864
0.16654950207049424,0.3376792414694226
0.13925188277041528,0.49126166595307286
0.11180391975786104,0.2553672412160592
0.2744598352407963,0.5658860024046511
0.18125448251020748,0.12246087007697146
0.200116553556595,0.3521779464570057
0.35361858068531515,0.8395623544823632
0.022788895970941858,0.14039636996974336
0.22925036019429573,0.3396051034521154
0.4441823469652172,0.1838547363487698
0.6056924414649197,0.29416677213311804
0.18361465709969466,0.3267355772622326
0.17123495009092607,0.06846358763142661
0.029624808033724342,0.0462338822132673
0.22991642979640947,0.43802536390976526
0.46355425350547624,0.43701762292542096
0.20345037211210334,0.16088795064269526
0.3202806165437458,0.7031374250217228
0.15125467577047197,0.7921437862804313
0.26054945680067965,0.9884870597535556
0.2250466874015756,0.910679178281132
0.07879375325954006,0.0906401711925201
0.027355233128175623,0.09509861476737695
0.3841993368459496,0.8215667156033948
0.10373534318501126,0.48045649001368257
0.2955166802784944,0.09697094904654524
0.008894042772211203,0.007542004327390937
0.34409268232969087,0.44263585404954464
0.05259451706876437,0.038932754310865854
0.17020039926271463,0.28458715768933557
0.47533926999512377,0.4781987799766019
0.019973070041085537,0.08541412116317816
0.03741182006781346,0.021797465542256
0.12884106070679047,0.20807650159746802
0.09036321173399174,0.3521801664370574
0.1944026984894471,0.15964958038132182
0.1989193925195249,0.7806988791910947
0.12695103144949652,0.07805779599885285
0.11614074867027548,0.2970048006284983
0.11716773291858287,0.15713575498611135
0.47763321654999397,0.2004790626805867
0.04105969580944394,0.10092399850839699
0.44361092638930916,0.6176675454845089
0.5070693676530417,0.1839394024710251
0.07458094953556331,0.052779817103616594
0.12440561393202526,0.22793893283792757
0.12800374362400171,0.14878340131181222
0.14200536379682666,0.7934281113183488
0.19367153452709587,0.9147711510761694
0.4107739828642779,0.21087727585749885
0.5146802635960417,0.3445172693727233
0.04380116325897023,0.03016751390266724
0.2463335687428755,0.22449174614087755
0.09417958950825961,0.4826402693365545
0.22092310913063112,0.5068086602819
0.38995273298494465,0.7621768215754832
0.2394156441531942,0.2011488308336537
0.6100186696700914,0.29712239191618106
0.21760150641946918,0.5067079665856369
0.5778539846353408,0.19201560674657447
0.035014631906824446,0.02806130129765345
0.044925527868374684,0.03622937151656661
0.28980013408337957,0.7915986294359487
0.32147323191430544,0.8040367449329288
0.04265006534572134,0.18880083880630075
0.05335870411749177,0.025127508891195204
0.43977392087039296,0.6373103891159808
0.32565974088827715,0.35117322509952587
0.09951468228416913,0.2948765657066497
0.1393482087844006,0.12684963485183692
0.4296306875852453,0.6478763208816839
0.1752511005732136,0.14178789873144004
0.260842219181548,0.9765352995512114
0.041523912227874354,0.04665406186553564
0.036042094638956614,0.029820370832663087
0.0951507092382547,0.06734566161084755
0.20903958652090696,0.4086900301085533
0.044393828010649214,0.029143827429303864
0.2699027004723258,0.8846639232863177
0.4960776629591613,0.4224068638684973
0.1766739721815051,0.3517264473799086
0.10855196761950492,0.326085709131553
0.5187651097071183,0.3446490915416974
0.3007351182291886,0.7991922865853474
0.5365648639927829,0.2931894604657879
0.21016736321893148,0.869751896175401
0.14447122882601057,0.28993837133562106
0.04907214668220537,0.15848885868552423
0.01729406790142317,0.017498685593456218
0.23838119119036516,0.5957604209949904
0.17162301495770166,0.06631248110510789
0.26165365718589606,0.1030126651988999
0.4328688912331644,0.46736600792230837
0.06001363859027545,0.3223498008874491
0.07844028753275938,0.47158397265744845
0.10333968778782589,0.07659115491632291
0.17586152455059859,0.430757516114124
0.18279094943897964,0.2130402067842853
0.08724542620396751,0.4019468515274828
0.13254127508530356,0.475080235817686
0.3979726002108863,0.7301791118173109
0.10553449781261216,0.15662330587173032
0.08468616136561935,0.34640782493025385
0.5371321473647995,0.23546794169148735
0.005457516297966028,0.005666625364110534
0.06982243849934197,0.14386686002020763
0.12684516749788802,0.5503891573568962
0.2760882003479311,0.2968612206542994
0.20918946192500915,0.47176220752198617
0.004100844226857582,0.0007093389131432427
0.23914353647464265,0.07501395832720281
0.3119306947380074,0.13488614340095986
0.20718884392566012,0.1212329617654822
0.18915094214625783,0.12540218096031286
0.10715761199230119,0.3339443145067336
0.09830378944905684,0.2791030482983858
0.06849498999895738,0.036141607144343064
0.2774012449389578,0.864100813037609
0.35736034091917135,0.47611121760533465
0.37531219961091883,0.7170015759338234
0.21215459746571963,0.34170701802623354
0.4262330071126359,0.6642986900376182
0.06440089306675639,0.21778798547699732
0.24929396719226768,0.22459744686809907
0.16541775659797017,0.045763467083174324
0.3483300291926893,0.332915934664088
0.4543543403929177,0.2249770632054741
0.18786655422974216,0.21319155410631857
0.1555096968766066,0.133799695101031
0.10240677176680862,0.1723189769002476
0.2916609827498621,0.13593510226959848
0.11004858859684588,0.516181811534793
0.30672206903686167,0.8173985218448062
0.40269194136799813,0.18503306264508554
0.19532734130447427,0.5731080613125507
0.2882258510933932,0.8003747503723815
0.04014026408908791,0.016806741480608258
0.3230899286593939,0.8088306180000813
0.5085104104459464,0.3957494686500038
0.19617534020706479,0.5829592227222214
0.17907150154102686,0.6024364225647141
0.13351798891755287,0.3609938756645437
0.2589561908160852,0.07598881361047366
0.18717614919247105,0.6847022294473057
0.05032895301343965,0.3169564335307088
0.06891552492319816,0.2582428640467634
0.0374271683387824,0.015744487500317317
0.0072169669606969265,0.03291988401032114
0.4558054376762552,0.582143761754203
0.13128403991453613,0.34509896408970414
0.09397698277868248,0.4957414337227083
0.15933644310145526,0.1795290582404992
0.4508032317479046,0.28345280998646144
0.08941590025570377,0.5548609170471955
0.16953459911185073,0.5938919165671174
0.4273804937506076,0.4369982931571705
0.09166851245850066,0.31903831281142814
0.24778377519717154,0.8953579001619976
0.41103475738098166,0.696309282939455
0.1018045658526267,0.25856474672642654
0.047596471726025026,0.042774762666174984
0.07998575894374944,0.3992965533071223
0.09267031832192978,0.3468336630761388
0.12170697251645354,0.3007607010515394
0.09362393944792806,0.07349623683499366
0.3639410750742748,0.6759709766799312
0.04801989895175222,0.0611680000189701
0.22976706782386475,0.866357883788688
0.09487519174838893,0.3645305434697374
0.07565819649269759,0.4386945839011171
0.27980640236474635,0.8508090439897056
0.49292675102125133,0.45124899228665466
0.2775185066476619,0.8655230295157148
0.5836055344217655,0.3526110327944101
0.038031710029661235,0.19208908652394735
0.1224247532569443,0.1216290247646421
0.47487025151353035,0.5580066828534778
0.47820851946482984,0.4245443785762262
0.25498791536634524,0.8168503854479595
0.07624849361401241,0.37829351403348005
0.24323714890281745,0.7250913764961375
0.19290798284852856,0.4375891815715979
0.25265572214915605,0.6251733928377062
0.17361448361081744,0.07677326943877798
0.09828233937216393,0.48632102764654844
0.17761362111940282,0.19674337990311977
0.007269445712433239,0.006159003876588638
0.21795986313567037,0.23250250933693245
0.21543705529147097,0.723089686880354
0.20579708520048418,0.2323008579872719
0.41809266621850094,0.6728372412271775
0.47909681867196063,0.3737785527773246
0.33165468021958344,0.697567765006512
0.10356853081718423,0.5091721609586257
0.5468051699600758,0.5296980780757685
0.17293508457767215,0.7329264454982363
0.0657138284869739,0.38205757362452974
0.13016666167992824,0.316756865239813
0.11721761361089142,0.37531509172976146
0.29977481113268023,0.4732924017372562
0.13023649467034093,0.3732233759450818
0.29115712751557415,0.10122964037698416
0.5106224409224518,0.5744909436191724
0.06164648924199633,0.055745490224140416
0.2715306599439176,0.7200681215049433
0.10968516438057663,0.21378869031622502
0.11663640102776819,0.2522244385230346
0.04717392280220324,0.04245420692488977
0.042187557154457676,0.030520301193776755
0.08126007028727125,0.465606506641008
0.0002937383494226138,0.00024429277489137856
0.5004865574290329,0.5352398894326825
0.08016679442733267,0.5002079508411233
0.431680563422119,0.7713765596764124
0.13479702181873482,0.1064371228648813
0.13564575701878145,0.5167380355548074
0.3599623078891136,0.1603395801197138
0.31294514019097514,0.75762037967373
0.11748911906498269,0.27043074330482314
0.24199979795117985,0.40587557836191535
0.6237648651046775,0.30876859565757747
0.4538272187521489,0.5660015406597981
0.31799053613219735,0.8207783013756731
0.18431291241762435,0.2898973336675085
0.2345503509976218,0.0959092237667587
0.3900797715907554,0.8100360429394808
0.19767446676699307,0.44116793613607774
0.21088734689594385,0.09661701962737204
0.6234017737773866,0.23979825411365224
0.290134670596621,0.3117745243284019
0.16316906608296433,0.655232693480204
0.11637648970314325,0.14523833771005296
0.32544673599740814,0.7898276570328479
0.059380582638048296,0.04785741188295041
0.17696536847375136,0.6150045609057492
0.20114214973026837,0.6340660779866121
0.07575795705491534,0.042899616627893364
0.13433530825155807,0.12185677861056463
0.03507837789836546,0.02305155728191461
0.3581673020857612,0.7774194446650755
0.21090927101170182,0.5353197074907702
0.6045257157638841,0.3238750561164712
0.14800435176608778,0.4784965544630762
0.3207207049738746,0.9347213595675611
0.10470304925278937,0.34447580845986897
0.05183909296838025,0.018775761333959737
0.43505532760345444,0.4744141090928547
0.24293848678397936,0.7859752996549586
0.06331110279577395,0.11068977478287535
0.2737763385878401,0.684270735439659
0.11033187381079011,0.1148256025726844
0.4565186925101218,0.2155666285842317
0.14903698192365417,0.39251246799479256
0.03837812450089037,0.041436021501023795
0.37562123899652267,0.24735207082848915
0.15732624302668327,0.06890586124522305
0.2403766946332588,0.661606585931868
0.21728952922217928,0.4976942184773967
0.09256394539226569,0.0660388260080929
0.3743677661801246,0.8365720813453825
0.05116651722380235,0.05029988706084942
0.1291827205157076,0.12288073415847603
0.19740888123122352,0.2094057255576502
0.2808420938186944,0.3912577749233507
0.4285645932695312,0.6448911919684185
0.10806294607669838,0.3202034271643039
0.2591108529399035,0.2838901829872699
0.10928968153470794,0.13931615633647576
0.05031655470500429,0.049288159841122114
0.13951635284621738,0.5123572071083589
0.316652918215692,0.39213003390518886
0.22192975275516094,0.6692479822946146
0.03779054368257033,0.030617700533428747
0.1707139678591542,0.3746347923187391
0.4133513208815995,0.6360804667613011
0.10241682240560408,0.17544452637405142
0.20600812562619883,0.5516548953650893
0.1199130738562262,0.3892994679715698
0.28936752223683165,0.1490217102098542
0.09715030819431704,0.17637255908277252
0.1732495619042335,0.06026674923131868
0.1505283179105679,0.5547997194702055
0.14382092496457705,0.7819298955849707
0.4686661474425194,0.5634178127968492
0.45476397962030235,0.30452625696614327
0.2411166957311137,0.8449436887385966
0.14065970560210847,0.11081545115436543
0.22144325216656063,0.45824272793122384
0.5037553046597231,0.38472579600954765
0.16132420943123535,0.1590446578185726
0.10350306151285825,0.16625206747438026
0.5414676790956141,0.47972832149316796
0.2083994804737052,0.08184677079396019
0.22216521974654868,0.31308726597362374
0.25546445832157844,0.22578430708622915
0.09091201764445961,0.5331142607878797
0.15119976903769472,0.6790210167355655
0.21423037265973902,0.11376990823601367
0.09817012694233225,0.4162735739800825
0.36869560100206944,0.7606351023302049
0.10847420283656115,0.5077477166744663
0.049024036268233734,0.25491554280689516
0.1514549179771838,0.8161107108552788
0.4965364124582041,0.4789869948978672
0.2331341625128018,0.23816552363725618
0.2582547347646407,0.85419212907237
0.02440541488559755,0.018447443033617804
0.14649057541919341,0.7287390693930255
0.22361866276788459,0.4389556221657072
0.09018406720505806,0.10517452115296791
0.27950132217974766,0.47942776774448753
0.12989151805225585,0.4631257052530443
0.4654943558905082,0.2218570706604835
0.1300157478070932,0.6742534544037331
0.21787018487102092,0.6210028110596416
0.4128055882374142,0.26356874219810444
0.17425754024857304,0.6659759849545243
0.3282971452968295,0.5503766755370666
0.17241193780715744,0.5932032358777406
0.08977480619979314,0.08086971071331074
0.03145532421628688,0.17070502408672658
0.12894345193248216,0.1311476544626098
0.12337454829227178,0.5300016898973532
0.10400095459312472,0.4707164132627306
0.3699667612981997,0.8338481015814543
0.10656033189714688,0.3477572915965092
0.3113391833142626,0.4928692216913958
0.11119878575513778,0.15291626217861842
0.17248477252182712,0.7977642325074028
0.18051738340002707,0.05642260363809905
0.22324774151155044,0.5186017334629743
0.05055371759154687,0.03400243948108684
0.07165887129315938,0.3838550319418916
0.05079024717386385,0.2524517490837183
0.175226486994642,0.08259367162957698
0.09146248487850879,0.4832412804459281
0.19938394326720144,0.357126546550982
0.05605021005258329,0.057705414247576185
0.06779745846385014,0.10332740312336333
0.07457432160539577,0.18650532190778404
0.4695101580503357,0.5749759653030646
0.3578977462847057,0.8792373558617933
0.21156502689213152,0.1350668723636277
0.06708510921272444,0.06426780360044276
0.49507347731120044,0.42597687675277324
0.3642275944130064,0.7151662588635666
0.2223441160241634,0.8954937319808166
0.24030847258552315,0.2780766453891818
0.04527365513183819,0.2605665016625046
0.05795176037178868,0.18589451712972987
0.4384664413648475,0.35714880501190843
0.2517410020097179,0.17454600451323737
0.08957667214930673,0.4800391726089231
0.10936742004917185,0.3275433963251512
0.35281564930079107,0.7796823592897064
0.13753576097001444,0.2786665581947851
0.2251630586860825,0.19092873706654934
0.03851461933076059,0.18827191412123687
0.36013303265901603,0.2541870843153216
0.4333847163347283,0.5601180153132377
0.06570927115542292,0.03900656472087567
0.13481729397279837,0.5060911500338525
0.2880310300834889,0.6311336534771051
0.17882733277685836,0.19170014033644328
0.07564600300623336,0.41693168842861666
0.19602586195364452,0.5667597858722656
0.01542977327061049,0.01809186595380428
0.35776829372439073,0.7008970867859032
0.5636915811276293,0.3574383969606408
0.23574252900373302,0.932111409197241
0.2111692607607433,0.2024240717160497
0.3137099266420205,0.8905614836461437
0.2882716237876052,0.22209661998976937
0.10722586626156579,0.4661262040634559
0.03446348582944945,0.03097920728303582
0.2394121188056395,0.4607672782526135
0.5507787196461343,0.350782376415141
0.1725175268298905,0.5535206431695928
0.4260135733335085,0.7123591162074869
0.16156571444944098,0.3763813032732933
0.14746134075167258,0.15001317571222808
0.15903866041383086,0.25403123720271115
0.2794269774862904,0.5025761493570763
0.2486495079119645,0.05672722594447483
0.009810862384140667,0.037853675147563305
0.010757778599452183,0.0059659138739330975
0.05594192073705578,0.043212983919167794
0.08456796590276927,0.05199581211177589
0.17159993881032612,0.3415580052112584
0.34681812541655915,0.23656011897691168
0.1022167396955605,0.5139808889580273
0.10541233907833583,0.04542858188473416
0.41692712073389865,0.7437455770346073
0.027248193038613245,0.01067444010629205
0.1272407509496535,0.33915044269572625
0.039894469843233776,0.04411206631724566
0.38982575299025185,0.15742859175412674
0.12284939764081321,0.1406337925882961
0.21782437419745804,0.060261157366220494
0.1753108202492748,0.13114341641233562
0.05600618531992141,0.29450055093324945
0.13746441349280622,0.2714571559932726
0.3339349495429965,0.8442404777129764
0.41772623068396064,0.7928009585786698
0.19429346187702307,0.7246536671601412
0.05391250410950208,0.034406807873688244
0.4595548352738872,0.36147500103792773
0.30335673405794034,0.48343562757957986
0.13462617594083395,0.22858689677085103
0.19874056705869483,0.11809012757355591
0.04186992359759063,0.03332224454479947
0.22517980824001824,0.19182949344331018
0.049885547532555786,0.027726381207409806
0.238357198584699,0.9426353392975938
0.0717057297000816,0.10973858850988727
0.34865633081485614,0.4209694958193006
0.5150930468516373,0.3580377950958158
0.12321451567071325,0.5373110260073157
0.47713465381148534,0.47104794005504874
0.2771285361887915,0.6587267216051925
0.3448598980044865,0.7928372442246836
0.20601270588391635,0.446409426006882
0.3763915419253332,0.7942105140743564
0.49111109859275703,0.308592709493038
0.19118789019964388,0.2628449166678151
0.11756587383920569,0.40293890847735875
0.5340969497662187,0.33562998041371733
0.4476641308047702,0.7158905124886198
0.610771637424926,0.4099243226937177
0.11166754766145433,0.5447162876707733
0.13361957220584353,0.5720372909312247
0.044371494967232375,0.28420749101068293
0.09654583020520899,0.5541211844081211
0.29794799907635483,0.4125063609052438
0.111483366673214,0.5135314126227691
0.12299422845688335,0.10262370700303171
0.20954539797238217,0.5269370242362357
0.5179776434160758,0.3921644538619143
0.24311825467909395,0.3409919577802306
0.1666654148058442,0.8448016259129921
0.10496929902935573,0.5218264020526865
0.41367683772119174,0.7232277291411898
0.03442215834106101,0.02128323120641686
0.09933979346350495,0.09215887813968386
0.24587200905736664,0.825094884979456
0.42794042555563716,0.694989978021875
0.4977683235687136,0.3888444934194536
0.16549855046530984,0.8338208735184006
0.1926968401229125,0.6427582676518969
0.1627753959173378,0.6154760578063301
0.11986427214211684,0.42962953627289113
0.1518744069852101,0.067385596183861
0.45978967819177474,0.6708141808791634
0.24869671195943527,0.5115622181905229
0.11902334428126982,0.1317498707852426
0.08498494062013402,0.059591875127694115
0.5235285715909929,0.5557981216575115
0.07452185735176792,0.038295312374541604
0.290728847834211,0.5516052695063807
0.19961549104420806,0.16716143047040768
0.2210042895183491,0.5058003023102867
0.25315646341822284,0.5308687344114879
0.2009073823591531,0.19679463933386154
0.017710171657735026,0.11759272801130471
0.15067805869358783,0.3398350927320965
0.3774976265917225,0.8136518785809899
0.054581884354819046,0.03374420428919427
0.2170949526505254,0.26964764825443244
0.43863407456281095,0.6657543702603737
0.14552584065728758,0.482934165692529
0.15968466343026436,0.08872832065151345
0.15549123390194516,0.1777068023998585
0.03518739228913421,0.03685694175037126
0.12679663326676432,0.45619563737249086
0.3147596327840227,0.7487064053221428
0.15233631638713135,0.6474239917703707
0.3790784518274013,0.4764626546610789
0.03357615523879747,0.03474585178991396
0.1623232574490746,0.4504687292430002
0.004222500663342811,0.0008586502968571668
0.12249508827014627,0.09414786780991655
0.13995788433616754,0.11045233924753556
0.17328450298466272,0.6590352876327756
0.10494179290704475,0.14250979413484716
0.20648128456245932,0.3525686933853009
0.4858676666627269,0.5618985950597349
0.056831422615896146,0.34011702928373766
0.3260098403299492,0.6516058569464712
0.1633300137788336,0.14110807990189134
0.5029892207769617,0.4146338867812075
0.3834700130997144,0.6783492168205272
0.21997636181945612,0.7348459294015882
0.2516111721029242,0.24390667909316677
0.27505551232011155,0.09321739252103868
0.4758049017350692,0.489648675657088
0.45139995453894594,0.6322151107434705
0.4254394142417532,0.16706223662031588
0.555167633819326,0.3145041960616025
0.13624217366416788,0.3685480906504274
0.329938679237114,0.42887507468024294
0.2922783475683789,0.47375781574756054
0.5392349095892864,0.4387626717540063
0.18273788184567558,0.19584383478721393
0.2301957939425562,0.17972564061547053
0.15938661697924333,0.167533195606217
0.16647595374970292,0.19182552926259017
0.3969489620831178,0.7919785428003626
0.5732453952059657,0.453241051070067
0.26782680710468776,0.6714607830893055
0.36320472991155245,0.2701358817782434
0.258281922180518,0.6739346082774856
0.07403967624483832,0.11910703115054004
0.1236743554052017,0.6016025405192635
0.43869155029941576,0.2160860810372819
0.14024244232719504,0.14488281313395143
0.23135645715955694,0.12913416454075216
0.41630848535451287,0.7933648439469707
0.08617988526967975,0.29102065054579307
0.11161767312415012,0.10933403424734749
0.1352365624868427,0.1523902887858616
0.05861836637121496,0.027414267992927652
0.22680114856656897,0.9196024568440885
0.0856390798862946,0.3793554713370037
0.11345737247441794,0.09575323844921428
0.49563484533145097,0.22393318126191636
0.2704733234269856,0.1526810190068357
0.3027797377753388,0.3636785590373394
0.5185341871019389,0.5111939550514796
0.040316442469323206,0.13334436121346652
0.1937962277475279,0.11658710970415574
0.39907307269184467,0.21141026650434236
0.13404079734804297,0.47320780666426837
0.1381684968276107,0.3617964026926897
0.114591181747304,0.11492536151128056
0.10461027354793326,0.41351631030481417
0.31219071864449505,0.28689151906189275
0.15444734124298026,0.7062690837290111
0.26540170950976494,0.8980217472732905
0.10759260058929572,0.07604324397031986
0.4804338974618995,0.20259283676902035
0.27145759608159237,0.5802048365292601
0.03341508693376759,0.028765656366384326
0.30190465038631387,0.3393909757064961
0.25471903681413005,0.23255045246701742
0.12098276795220984,0.3947923869937344
0.4313303346843266,0.21627334697036552
0.1522307128054113,0.2773537357101157
0.1746250479953551,0.11561759826796031
0.007134953698682562,0.0448335730856409
0.06025802563501923,0.3815093168593888
0.2839545839038342,0.9279750714593231
0.05171277954394117,0.021075910581626212
0.6797714385662385,0.2502077590012382
0.2028649459436779,0.7021664653286802
0.05379640795682517,0.0406816347392093
0.07506931432826346,0.4080189729056249
0.3540990491215389,0.7509132214256681
0.12512355832702052,0.5635210361153821
0.19988481931421637,0.7289193339512466
0.18123177399034554,0.24576650958818036
0.21653705739495754,0.641254497071971
0.15742024766448998,0.15079733212051497
0.03048009634460622,0.020925219794237455
0.2586908996893721,0.5365982909317013
0.04042710974914756,0.14873081302826877
0.18263641664691935,0.09604895810113857
0.07827364620043381,0.060003344147203555
0.45308567220127804,0.2367658242859099
0.2137203827270215,0.5933559780078412
0.4669914473609757,0.5863037327266679
0.3147005458234797,0.29924411711202814
0.013298534797780868,0.010585550655634067
0.05363115109159607,0.13713914863720575
0.0925667046592931,0.49344276155059064
0.4957574161747997,0.27274211272184773
0.10253965104648449,0.39650696096459037
0.10433951074722658,0.39478343914825614
0.14105814109360415,0.5419167505854493
0.4441288449870959,0.5538431529697518
0.03716959115338381,0.2182565090579248
0.4585992135258541,0.4490944710893969
0.012868177684920164,0.009118713739296729
0.3953339047332437,0.41803965349886174
0.16667878412489404,0.3701133526958433
0.07169129339614937,0.0756247986941925
0.07507643200207376,0.08341851495802058
0.31429025464325483,0.15766804096305428
0.12626035762529345,0.2483957227525053
0.11900503798265478,0.47531079489295613
0.19897228932425282,0.2109590675244491
0.2656737690460446,0.3869650456327859
0.3015112486847385,0.28749367690846783
0.5154587809221923,0.3182064090347967
0.13509260183562743,0.47553817683525534
0.5196252647810711,0.4935968850928026
0.15943398042116078,0.7073261185105104
0.3698059775593106,0.7804977316661119
0.2978492083351749,0.23812298240277144
0.007328711474822146,0.047074548676792456
0.3864676867567524,0.8545109907158149
0.2716297360938253,0.2416495884851246
0.5250608857427267,0.19873878048603838
0.40161468125406935,0.381769049752183
0.6135380886966403,0.3954923039370955
0.22477611148086588,0.28815070180686814
0.46411274777935424,0.5717950473101246
0.19337498115997984,0.4157712825680741
0.23590588410059546,0.2516125938137645
0.16403067574450547,0.6584715786992336
0.045093798953912974,0.027689322266756005
0.08920054460902854,0.1466270754078169
0.48559758218989735,0.3026978561101035
0.35336238739297704,0.7809559800888466
0.3523875233533607,0.8030940213551016
0.019259830841256223,0.041198813358344064
0.30560089330624773,0.8199812908114574
0.19060210088980378,0.48240528598765287
0.06935961855619181,0.06953274547294615
0.16349627869958927,0.35745329994439023
0.2733552564583093,0.8461360068162425
0.2958667762486097,0.7196709625906794
0.03371621681657712,0.17844271845043796
0.2126571403521561,0.744982896348251
0.32796603433254257,0.7657262143388114
0.04917844832191867,0.05084906190975942
0.1241428061320498,0.12434060081180988
0.6033799209097449,0.36528529270385834
0.027759826611529252,0.016218237521302976
0.006414561406180501,0.003500875956337824
0.450638325242237,0.4883968238435597
0.011729104509097421,0.041737745213885964
0.07672735441492531,0.1880934494992526
0.6716147752957643,0.2740683031710924
0.44602235007316227,0.6730286811931318
0.06315907139680278,0.09864721435778577
0.5094277370612713,0.3659989672254661
0.29204086072226015,0.32767903275097354
0.4741911853553197,0.29466342905466875
0.4037823517133508,0.5497044301289653
0.04020046860869363,0.10964000808814409
0.383675579187556,0.7899293824299161
0.05898276520621417,0.03395061156046383
0.4052829605560994,0.8021179004283449
0.4094850875993447,0.17770075513327754
0.033827861676947665,0.01974402835735341
0.16145996434339602,0.8588123221235667
0.0859620383461659,0.39839925755262345
0.1318338791160267,0.5226260506154059
0.29002459493993493,0.5381447670340024
0.5209580646782815,0.4796351802372025
0.10187202872853429,0.6061554138994978
0.47554797511639246,0.4119194086034163
0.34265355885482995,0.2635182906066502
0.18064182331899678,0.3512267784214418
0.08840728889104467,0.48730460965586947
0.3341982799801338,0.7618445145351045
0.26801359038180356,0.5819606349249166
0.25800951048141446,0.8988312645490298
0.08784974490378385,0.07683430919326442
0.27869970892821183,0.33116173882196426
0.21803301844006998,0.2984070368588969
0.0690073809673928,0.20218912281938434
0.190867709706894,0.5038697687249216
0.023638070013582386,0.025114264684452645
0.10167411495864588,0.31439174191007413
0.3837740952783447,0.16083181925038934
0.3417460834183403,0.6535302260364526
0.29430399690125864,0.24133370684119257
0.04024049929629681,0.031828568822689036
0.4152599973722598,0.7344111906954517
0.4557675241398157,0.5016638257568661
0.10304570414712248,0.4996959670347342
0.10052390298229051,0.5047948657982976
0.0681085675010048,0.2969008699495924
0.2763662855625928,0.9979207772974569
0.17856118926101203,0.17778126956731724
0.3697985760364939,0.5337628420003898
0.14601518565173394,0.43015814920286444
0.06226911361137847,0.1861868080432404
0.11281375857894824,0.12078921098199523
0.04470540534850492,0.14334606768782177
0.08725019012907688,0.31059962451579265
0.12510390650411032,0.5210917439718026
0.10123016230420272,0.06753142465323721
0.1444937098897993,0.6563269464543199
0.2170644941419225,0.9526104805636665
0.34694578330195164,0.2440622483013952
0.11021652597821094,0.0991683373993396
0.15965272625507085,0.15660413864765124
0.1624090043636784,0.04431389049302819
0.05440068585300971,0.042025679252281685
0.038335304083945566,0.033281209609791175
0.1076101056707316,0.05054905800779909
0.17317382848925986,0.6943207834104407
0.24818263465342277,0.9872875872934337
0.30725063238900463,0.3402571274437801
0.4036090599687254,0.5316666686361246
0.12249586439284545,0.4231829964551355
0.334137938705205,0.4219697689003923
0.4491425271400576,0.29622814772350936
0.4716160552554055,0.6039570165714847
0.1352928724774106,0.08825267206190683
0.4637981502286381,0.30407334978895706
0.21674011528002668,0.9573202388672793
0.3778575308765006,0.4981456223808306
0.07725364139560874,0.0423122565068701
0.0720502086109592,0.43686969046575247
0.4104859647682006,0.3910359512778753
0.4622917648609943,0.2924575603758718
0.08933538984193977,0.1001594508896317
0.2265681413714712,0.5482538540314852
0.08610196231396587,0.18163976106008253
0.31367911264004344,0.7513488985898413
0.11168510215619672,0.49952566116704195
0.4208440666596704,0.7218792817955648
0.07653139350993093,0.44094107685858847
0.09827603211869106,0.24035735932193983
0.19209011496464198,0.5140402637773059
0.29841653310378685,0.494728337639854
0.4092306551533729,0.1627488831024847
0.18440463610569446,0.7483995977326559
0.5247340815895786,0.5644859255082859
0.3490834527165783,0.9201446525475084
0.13094371088061138,0.05566755195265585
0.016983853402593823,0.01622945973471948
0.20976089952336124,0.5241888217839415
0.12341278000500366,0.24020940130130752
0.18946745110597385,0.3785757512898775
0.3504809649993414,0.8504860699955227
0.11976187641083368,0.559259368904672
0.18673989792053855,0.055269005288024406
0.23312850444878316,0.06923525880437782
0.3804024205086865,0.7226302733728555
0.09243080856693589,0.4988995964466749
