duration,joint_length,cart_length,efficiency,curvature,smoothness,jerk,energy,cost,deviation
2.2521222290000003,2.9303510012395604,0.41021475908852223,0.6610785402369903,5.500409707680985e-13,140.3244724332752,32.016104325628476,5.074115537363063,3.0878123995684374,0.1390305849666133
1.529674171,1.2869073113603964,0.10470185738766774,1.8870247972044396,6.905778570243735e-13,340.89638708441896,87.84906954280011,1.4377495672281655,1.4141825063897917,0.09287314381622414
2.501271908,4.717227287819962,0.5170253091883783,0.6020006154488875,7.147129422589913e-05,10772435.519047154,92029.00947369821,11.843439509949267,5.256087580317839,0.2057757548543232
1.973775405,2.941251717062861,0.22319351230649762,0.9280313554831782,6.295460082915521e-15,193.40633891068282,37.08020555483334,5.829307703153604,3.1318723894558653,0.016062934545647223
2.125241745,3.462927847652181,0.2940595550729668,0.9012339458536529,7.731244163997687e-12,1036.1227063962415,179.91918882367816,7.507496948395038,3.73676722673988,0.02904310193858739
2.441785604,3.9277661783222158,0.5418983019638264,0.5501271785594457,1.3476355567191077e-13,230.88290482672036,43.927636431808715,8.410338985459692,4.2298885100208246,0.24378531803831205
2.402021455,3.7573498159772045,0.3157220821816443,0.9285456826228731,1.1344760655834708e-06,1971585.973122605,31229.200735066413,7.82298283689077,4.028345075769035,0.022559705863174573
2.10346375,2.880221111960166,0.3280649354851663,0.7272791329440607,1.0012951339704833e-07,380274.4028069934,10475.70698775467,5.246978115768596,3.0428695679377853,0.08947015365616537
2.142130398,3.072737326387437,0.2731758320353218,1.0378824157073416,1.1591362694164096e-12,242.01241119861743,43.66397885642369,5.864540590408428,3.2588552078366604,0.010348560430360976
1.984828205,3.196970754555588,0.5307994145670443,0.6028393967146422,8.215872931745459e-14,214.83379387885932,37.01090169867763,6.848662699109574,3.4424521236441503,0.21081261571296206
2.00617387,2.9683313820685195,0.334933325287576,0.7214320912492923,2.160510836113508e-09,81567.37284960547,3630.900714605797,5.8414192166202925,3.158085944151466,0.09330167599628056
1.634188283,2.0421661399549227,0.4041032111001293,0.7487683715878478,1.6986988876212164e-11,451.9147666729054,86.1124130360992,3.3903432587545694,2.148610420932883,0.10152350777126518
2.207090209,3.3023234029290593,0.2929146717544214,0.5942079985597991,1.0759005485138492e-08,44668.60640096194,2505.8384082624784,6.574591461758247,3.518683737123273,0.11886243090242612
1.996392286,2.572343592277763,0.32976692456510354,0.9928426184576422,4.079725248807305e-14,133.4476446809616,26.73064065116893,4.408224039843834,2.709139159279872,0.002360267699162366
1.747035214,2.3987171507980873,0.22300285234242964,1.4942121886687711,7.465106214671803e-13,286.73373633016547,43.677290945813795,4.377608794973499,2.533822704913935,0.11021072773553095
2.493349068,3.3300548875961264,0.44556293431984895,0.6549556764010751,7.512210397784447e-14,108.94239113401683,32.091913387417314,5.920842096626489,3.5135300015637485,0.15373896129314446
2.173033586,2.744827223573129,0.5337249401335985,0.4724972859420298,4.366238163392466e-13,115.05845599339564,28.675379384280443,4.613207416638613,2.889785807156974,0.2815413544809009
2.112177496,2.5704234558088594,0.08252477952390223,3.7943558494551084,1.241988321427016e-09,5796.897863078107,682.4389493331884,4.161809839331572,2.705402348589858,0.23060360038760935
1.897052515,2.4896350868029002,0.38949341626958295,0.6760829867840623,6.157337514987719e-14,181.82832879474194,41.49562422760391,4.344838232417077,2.6236426872045757,0.12616354406531521
1.7144101260000002,1.9044939232258669,0.4131936377128632,0.7131985268827019,5.025692423222444e-10,4270.02568078671,534.1547653836017,2.8117546353907823,2.0099125467685033,0.11850454397874433
1.474346153,1.3926479747016292,0.17887161139257077,1.245132207629176,2.2972938654772394e-13,155.47445806536626,37.597679050579785,1.746440159994316,1.4960856830795148,0.04384719298284892
2.228339959,3.1694487832870655,0.3715531316613732,0.6810944473865982,9.325225938420763e-12,503.8303610532847,113.90156585766799,5.998828317976778,3.3588811605101814,0.11849035677771025
1.718729658,2.100666424699977,0.15494422016008116,1.7261223046326895,1.915888811897943e-11,2223.4521014469315,329.4917515410713,3.4123068275128663,2.210219798582564,0.11250845423215297
1.85668983,2.477286294530229,0.2856992239976524,0.8450718490412269,4.919684391913115e-13,206.9699194674717,40.421163064950754,4.394909845209552,2.6125724188540023,0.04426285250431261
2.011821663,2.478439944246481,0.24311284477746248,0.34577673832469813,1.2053200171502697e-09,7180.1709028161595,772.7416949024753,4.061064512810279,2.608317545460648,0.15905007826547288
1.549970601,1.4905744108556631,0.09435698177885551,3.1434608436431497,8.120142673701263e-13,167.0759370753081,34.128245046901434,1.9037256585022313,1.5969631364427115,0.20225049576732693
2.497825925,3.957519881513747,0.5708199264164876,0.5358274480412618,4.558230805062339e-14,152.87595810094993,38.05235518139126,8.347341290958006,4.2516065807971,0.2649589419536402
2.053296822,3.198827967926049,0.3886094788350283,0.7575274103908594,2.80766792882656e-13,238.50743929686314,42.21416624609658,6.629482780932668,3.426746472156953,0.09422714667978782
1.51687623,2.050923210533559,0.15782984523073762,1.036384601470049,9.056240497588371e-11,4867.832777324979,520.2998706884407,3.6821769349203817,2.1635551631975,0.005742576018799905
1.998051506,2.5770722803141015,0.24018334757277257,1.352034304821043,1.2818516285794377e-13,133.38875935552093,26.31888146547818,4.420771947853144,2.7142039040962693,0.08455277779237194
1.885835759,2.267420404444823,0.25109180535598835,1.3060708782523827,4.2927298524371476e-14,154.0127830899166,37.99808156278761,3.625245894107392,2.3863516441994075,0.07685188938728366
1.6410989310000001,1.8892096240864615,0.2671611439001949,1.2570836250614574,2.5043353501868305e-12,268.416574439496,48.921856856656824,2.88944137123911,1.9900116962824068,0.0686827553494278
2.399128771,3.058242554949132,0.10365827595249343,2.9980826585695475,8.718304860263721e-15,90.3457866378259,21.437303964053413,5.18888866202404,3.220726262784461,0.20711780359789383
2.375708543,2.942026611489501,0.4834781408891155,0.509227412747313,9.080645093567914e-14,91.39785344913413,25.300237588507883,4.849349504716971,3.0969639627391947,0.23727781808427034
2.386416166,3.2698624948113557,0.4379662657486987,0.7945413484549,3.030617726286591e-13,107.13829401542041,25.8741726484596,5.963438833860275,3.4551992310965973,0.08998395838297057
2.446522234,3.6030029699161057,0.3543062601806533,0.36696443199024953,3.226849151236877e-12,168.20555181992307,32.67466859566491,7.063415669377206,3.832493215441884,0.2242884646628703
2.107392626,2.9625813474100613,0.2940329198334113,0.5727606381613506,8.586437613029462e-09,37953.34309672386,2260.7767190907043,5.541058207100373,3.1362012307840996,0.1256224370291814
2.17125683,3.412827797884077,0.44813923790616156,0.706428428854211,2.7183945582912857e-13,180.10497420795946,36.08341122569692,7.137673496842665,3.661168550522164,0.1315609401641884
2.442720616,3.8912670289734184,0.47781969260381923,0.5947732758676806,1.0291840492518624e-12,219.20046066046802,40.935203429270004,8.251616351457026,4.183918328280773,0.19362530875975753
2.500730018,3.8900868512739115,0.7688970156941405,0.3158428546412916,0.0003653347172635435,39205664.83149123,231743.10028493532,8.055945322731882,4.1675158122559415,0.5260463873321332
1.8852759030000001,2.5757793857352813,0.34292670508110157,0.85205165004347,1.0483763275491691e-13,198.9559242586257,43.1679002388229,4.679713125816269,2.7203647406573666,0.050735440172778534
2.3087072600000003,3.4260385043865007,0.3334710801931696,0.5678944420042883,9.273608205607012e-09,21020.62013429132,1547.9538303998693,6.766559422312351,3.647210190217071,0.1440947071823023
1.827935314,2.197782912551576,0.3445787017150769,0.9604401174407783,3.049494637482743e-11,556.7025467028769,121.48112421006782,3.5129863516610422,2.3128845609528392,0.01363149297225752
2.229901076,3.3681341245745093,0.4164357468695566,0.6839021964903078,7.297327589925468e-13,491.2756775909711,106.21508113655993,6.7698001962412775,3.5931741194780593,0.131634424888385
1.592630604,1.482247324203247,0.07934905863747094,3.9156954927749386,5.527338876612514e-14,109.78355786781992,25.033770566713194,1.8321675952670406,1.5963846903347072,0.23135769262520833
1.730630663,1.9760881557025796,0.23459567746306412,0.644637188317052,6.135419311936914e-12,452.30045905231833,97.56241956707102,2.998952294192632,2.0824779863195584,0.08336657955194046
2.396312709,3.122174352197821,0.15682267482188186,1.8152129697394714,8.506873142499497e-15,94.71060671509389,22.53532429380855,5.414456359997532,3.290286096478635,0.12784387846403375
1.353751536,1.2421997651731844,0.21055131941041091,0.8062189574553827,1.7342568705336669e-12,186.2689327575971,36.752181672624154,1.5119600261535389,1.3407725256999818,0.04080085418449414
1.662876715,1.7677698630825445,0.1271422923998774,2.5721124427425357,1.1757915248523086e-13,158.0787069812425,36.59607891822317,2.497155004727395,1.8716896321784968,0.19988197988065698
1.842607595,2.4978240907937272,0.29268970930449295,0.7538770748921638,1.898708941259563e-12,279.9964563077921,46.51647579695663,4.501904052054799,2.636553484728451,0.07203764740298407
2.078511302,2.6912846206330006,0.3307229376479622,0.8845032314524388,1.875222784092107e-13,146.84706375636674,36.801891042126904,4.636036036022902,2.8351255762577807,0.03819743058289621
2.206204368,2.936582410660701,0.3401968942270882,0.8267987825881593,5.630003566771984e-08,53750.07499801069,2940.142643190525,5.201002768778115,3.097315265219904,0.05892251623985889
2.16808997,3.7156858867860003,0.43556663423665376,0.27229610336553595,7.324931512332212e-13,218.79517845999914,40.09803486447266,8.473040234697269,4.048118389653854,0.3169635369779713
2.247535989,3.223686401100628,0.20757376955389947,1.3739927282505013,1.0856617515358838e-12,184.90545589179118,34.77760230510014,6.153273357423388,3.419143627524929,0.07763108038870373
2.276963582,2.802458584603513,0.09077499651216389,3.57638643836372,7.87476209949197e-14,110.57866558018817,31.858693220069792,4.590488498834216,2.9498665664082484,0.233871469956453
2.310898462,3.249746375929115,0.46546085013381083,0.6677300574168854,3.8251425959661923e-10,9224.896951567087,913.0040618510071,6.0823635054476615,3.4407306362611783,0.15465864994864903
2.405243542,3.4574509036950634,0.5661061529539032,0.3747477948004802,5.49978009993589e-08,89091.90452580799,4119.338177894083,6.615188386434222,3.66811545556487,0.3539591205114446
1.841449898,3.0714331985827656,0.2724610337683316,0.7764298979287506,1.357698429148408e-12,441.77485520706847,61.7351279366813,6.811218349254889,3.3273969084840846,0.060914141130024024
1.667656181,1.6986662800477408,0.15953623884262869,1.079136631346781,1.831726159656096e-13,142.36934800768358,35.36981063761412,2.2991899614358435,1.8063669767062651,0.012625160519741108
1.648012846,2.316300217584055,0.2798685819370811,0.2712390230514871,9.796096565243135e-13,327.0381455500655,46.56142346584867,4.325542720335867,2.4508337695007953,0.20395730118966215
2.162285705,3.244164444606985,0.3291568988413167,0.846312028551211,1.7158046393544861e-13,176.22129684186422,36.24806215122522,6.476344756713057,3.4578490111854054,0.05058745607129622
2.193017457,3.265505569256528,0.47759047032755164,0.6381335237514202,2.2152904424343895e-13,148.14456974608842,28.989583111745436,6.469924513673259,3.477394113237263,0.172823980587333
2.469550849,3.8722061999935935,0.18158588711228155,1.5679578677550543,3.4093397756135484e-13,153.35618484850156,36.91827906164685,8.082638942037937,4.153230608005025,0.10313313325870141
1.558959877,2.3100085278512,0.4317931742945246,0.69400640492429,6.126451666438209e-13,341.85623086430473,50.42028232357225,4.545914189021344,2.456770199744749,0.13212594573153424
1.522103998,1.6495924564863205,0.34488122792879783,0.8922082382499764,3.6224078996142606e-11,1329.0878097534392,227.03442644716932,2.373990440377746,1.7434766698700774,0.03717535515295656
1.467569039,1.4388984877472004,0.30142583253797334,1.1254738129444126,1.7839487559876867e-13,170.35939749943444,38.67994197496908,1.872892559902754,1.5371655226794312,0.0378210485284835
1.68832905,2.385277364790028,0.4850830752305622,0.6167435860223488,1.2509513604004784e-13,265.5094937987232,49.98041857923092,4.47833641859568,2.5251098496351476,0.18591119989411647
2.434894859,4.423526675766881,0.5429443527689989,0.45454950994204957,1.4864537969708868e-12,411.36791775477144,79.78676335880613,10.697427526589173,4.882854119224588,0.29614926329204716
2.4281875250000002,3.171360571265619,0.12389208874773275,1.593107003358621,6.98903157983314e-12,363.12249755491024,97.22933373508322,5.5134537439602544,3.342509987298299,0.07348126549700809
2.292417373,2.927507212192548,0.07644400923435057,4.3976614169870665,3.52717801102375e-14,117.8016238699235,33.360220028176386,4.975599135874385,3.083089661251896,0.25973086073535595
1.954577583,2.909948961825158,0.27541592060961495,0.8565795321050365,1.5929714287646782e-13,232.26846590502268,41.16357981251302,5.761852434146385,3.09818110475934,0.03950028019955312
1.821167306,2.9827446215884197,0.29991275220070857,0.7923739117199203,5.384168200127348e-11,2385.634671344951,316.4621621166904,6.494293338915843,3.2204234388185364,0.06226971156474598
1.9672315400000002,3.792877466129202,0.540173942134523,0.5213713300391756,2.3614306399707785e-13,338.2526535673908,49.943426256020054,9.725928706301058,4.249229343711892,0.25854273547134204
2.288783291,3.13645391717123,0.2674644496625209,1.1787743665073291,1.8792203930548722e-13,135.9406265768104,35.773055915390124,5.7202547254329135,3.314145828355075,0.047815787551648614
2.22336057,3.135134288229309,0.3617426582066529,0.553963787767207,8.285545172300413e-12,874.1117814673158,178.13614203685657,5.8826830049816685,3.319934544288058,0.16135032506951733
2.474756011,3.2352986388622513,0.16864776178220314,1.6103747144776734,5.2264958391219366e-14,105.67993032133354,31.02249717988827,5.630587354011675,3.410139330747236,0.10293832944511094
2.423054395,3.2391494972952226,0.5309881915304129,0.5997874254805392,3.6582620158378926e-11,688.7087422391758,159.73909080800604,5.763783710026649,3.4176382989234195,0.2125081511718191
2.401457134,4.493753732217886,0.3442607941897842,0.44414563959309045,1.5000204461825218e-05,7623296.332492503,72329.60936175086,11.192552140900865,4.996594774667328,0.19135886356753723
2.069436511,3.254152540565217,0.5735388646014817,0.48400888617880083,2.2161930159030337e-13,219.68227343826288,44.172174339380234,6.807615863297315,3.49095879328555,0.2959409575654645
2.148904588,3.4308035689404637,0.4654960562584446,0.6798287709844342,3.759678752643509e-12,245.08695587796345,41.023088549682655,7.287978952642402,3.689479053304666,0.1490384444341652
1.913136571,3.181588754492272,0.3636594499992567,0.8620960842561849,6.077894104604203e-10,10345.463381980677,875.095352071234,7.036320782784285,3.445154286753766,0.05015006215213963
2.277739087,4.018102744787169,0.5108733071398825,0.4764001389679452,5.20501167412106e-14,226.98707393344708,45.7016461577762,9.433549891134923,4.4050467109418525,0.26749319262342874
1.5890008930000001,2.1150449955791886,0.3569279339132761,0.9525282684412822,1.0986254002242023e-13,226.8398638575955,36.98894893016264,3.738986701482367,2.2294156957281492,0.016943987064538812
1.9213884430000001,2.7722011501451593,0.25206206841624507,0.595754689829579,7.789498138044598e-11,1635.8236839740846,258.0791130166864,5.319238117336646,2.9412834607253933,0.10189490902912285
2.300786171,3.900868135197294,0.4907209999028553,0.6727127052207541,0.0005586554079568122,44002110.81160893,236579.56398877615,8.80219221996633,4.241100166472183,0.16060674854957208
2.3041679950000002,3.765308578190923,0.4791727794626589,0.3798472286337571,5.3963606404252045e-08,255369.9697368422,7824.540161985575,8.189077392473283,4.065606107771027,0.29716032714703344
1.7117309820000002,1.864895336582902,0.19337571724451635,0.8708175541186668,2.76562442339782e-10,7973.891877275729,816.49461418534,2.700229900181141,1.9706965074693894,0.024980748127703734
2.395586458,3.2896734250998945,0.2242506172994323,1.3428644092533193,1.256391508916445e-14,105.32587701455014,23.91858089713791,6.012814210376106,3.4766667953151793,0.07688755542506204
2.329419539,2.927468921806696,0.5585038938092725,0.4547531319572938,1.420512901852519e-12,335.49302544189067,87.99131729287788,4.8967197862081875,3.0820993415643163,0.304522498889162
1.871539867,3.230053299635774,0.2810540630612052,0.7225439587472929,3.972653761256549e-14,322.7472630931771,53.83665524049379,7.412804584642949,3.5231981835828994,0.07798014771495068
2.420902127,4.511464318607527,0.34516581213168146,0.6400181855618012,1.4920866453143363e-11,1818.446491306538,278.72585411572925,11.190879282024763,5.011122434647964,0.12425341533319714
2.224684171,3.2387539650866226,0.29559078546991974,0.5558057276434231,7.692518048069514e-11,787.8885259464519,161.77845722810946,6.274260634130515,3.440227381260752,0.13129973386712002
1.651029416,2.1162535048241,0.4750319736542333,0.6131456042631527,2.3806083106131575e-12,257.278684883675,42.85762605807266,3.604139780821675,2.227741124493975,0.1837682071236904
1.9057583400000002,1.9529027061186037,0.15567075481057968,2.0533483332036533,2.6985280793900808e-09,53905.02517627233,3056.4929596298643,2.6612467350931364,2.075713765466069,0.1639755301082787
2.286222398,3.390750965860975,0.570777004583685,0.452665553609868,2.4724714871241265e-13,159.46855308363988,38.67709853134547,6.692904759222731,3.6093702973889368,0.31240591581602906
2.1468792580000002,2.636659742020863,0.2596752818375306,1.3279771261495295,5.852450670060384e-13,152.52512199672015,31.808882447315543,4.308559999375159,2.775127599883377,0.08516755266914239
1.7246513440000002,2.148562943160881,0.31708091878405137,0.765838995512658,1.5414591135231686e-11,985.5958238464183,179.13068340170653,3.5575158594866574,2.260788886761684,0.07424798644624278
2.307037374,3.753174017905284,0.5110404054121206,0.5970529809630908,3.8383155618306554e-09,49508.806322411896,2647.322520754727,8.126312182131821,4.049346993188478,0.20592220796822758
1.62250249,1.6646675022510582,0.25564536166818225,0.9650093876441534,3.6962129861419404e-11,974.8429038730119,193.55908262405896,2.2687646849007965,1.7686209338805827,0.00894518775070155
1.554649178,1.9109359763363454,0.22433435266141577,1.3656673496148504,7.475107172148719e-13,249.99580596392772,42.715816839375535,3.119501479643136,2.0101343576631656,0.08203174816526304
2.020110336,2.394780939355386,0.3682373055973099,0.8534041580972016,2.6385205029491533e-10,1193.8772492665512,231.8450074049917,3.776113433891873,2.521179196920529,0.053982057834055686
2.023228816,2.2983980928451375,0.07739325926269025,3.955106575197677,2.573419429750378e-13,697.0613859363252,159.77525299761442,3.4729629232984385,2.423243348197743,0.22870532932315446
2.280074058,3.4495561682347127,0.526219017097574,0.5983457599567703,2.7873284080614775e-13,166.61294611076056,39.2853686428435,6.945698331684047,3.6809917568306947,0.21135809940862138
2.337516195,3.3646939302180066,0.19878616559081236,1.1504891844148433,1.3421373341992725e-12,250.2962594946883,54.675971585762426,6.446284491186086,3.57014094832442,0.029915167932715314
2.055764642,2.744094863169832,0.27333940695931064,0.659251821188799,2.741150344053049e-12,170.30835299676832,36.41769636089074,4.8727962692979565,2.894503055927524,0.09313990511871881
2.196733347,3.1457781855867766,0.26960953118387876,1.080100881651367,1.797738593456645e-14,136.1119987819459,26.912993803684078,5.994035438434652,3.3358117007216412,0.021595961149440457
2.282116546,3.035167670424458,0.3144516107173606,0.6277261339737149,1.7585758480119692e-13,128.5639868862672,34.594282908870724,5.3723842707268625,3.201390540715156,0.11706211679994427
2.266563269,3.0373211158083326,0.32414419214347645,0.5926963858110305,6.615764665732939e-13,133.70249187009594,34.151775312609416,5.416790461957968,3.2049118463149266,0.13202510097840173
1.820095067,2.6569675554326238,0.1173145781992056,2.6353958818078733,2.8558231893379136e-11,2235.4764084801905,317.41183794918385,5.156145442872142,2.822054137547478,0.19185577806300858
2.073617845,2.855324257488784,0.3315250875658664,0.9139832882054255,3.9712050569244344e-14,167.0861502170234,38.91849627226029,5.230675485091533,3.01771193801382,0.028516697909824196
2.00670779,2.7624777019040003,0.5544336255216192,0.5532369327365514,3.6566127064595534e-09,54435.32497543884,2844.7703451745574,5.057973649509935,2.9192689266635874,0.24770046713203286
1.599929617,1.8438502832427945,0.2846010168109536,0.7107233567935898,3.904675459307915e-14,166.0342230922442,28.83248811534234,2.8222098656210424,1.9419539332213265,0.08232842679620378
2.383785402,3.36279297962495,0.12640389843911742,2.4274117654473693,3.707078376393802e-14,114.5599375073513,27.1982729734968,6.3141808049978305,3.5614675136495464,0.1804304118304106
2.461725375,4.059198958456065,0.5021159791271762,0.5751922051430961,5.744861782318679e-13,174.36306092763957,38.22716081463564,8.910243893876967,4.39041851215782,0.2133027818554309
1.67622062,2.405155258625824,0.2056268402249505,1.4161505741688853,1.7126655588077532e-13,277.360703937737,50.39290974310034,4.586026792534443,2.5497557099572186,0.0855717276241468
2.346678132,3.004059937585155,0.6254406978356983,0.4708878563821885,2.001088814241779e-12,139.42323110994909,30.353269764095586,5.118476975197806,3.163990622873623,0.33092826833766625
1.780429343,2.05109339196382,0.30822489231411526,0.8927122257116229,7.473299864988923e-14,138.3389279661753,30.451206670804215,3.1408105071754333,2.160771195420615,0.03306876267665615
2.346504088,3.384022533545866,0.48348773639315434,0.15584403801130095,7.165810579716587e-12,177.7881812032421,34.21733200999162,6.495643366115845,3.5913393218415157,0.40813905522470173
2.074935148,2.2773268225049286,0.3813093423129152,0.8372354226684998,6.14424454648413e-13,105.94824020171892,31.07252976465553,3.3252407392584318,2.405952936053658,0.06206365393411395
1.983555672,2.7287775451428113,0.16027320008742849,1.005220062210097,9.729377804040183e-14,157.44551018524965,31.92862355473016,4.992788941180671,2.883491075093259,0.0008366360750677038
2.130910816,2.6800336548513144,0.3624204245677439,0.915010097985927,1.6918697700844166e-11,353.7705546398485,85.35500753454085,4.484733117753716,2.8213244118912693,0.03080207637191129
2.063793059,2.807230906635692,0.12050103059514773,2.564630125993492,8.227308037999999e-13,167.46169011444843,37.817567715617336,5.079894963907393,2.964388579035756,0.18853954268243162
2.372174079,3.3183854354499163,0.2239065264487491,1.0352099855508687,7.448845345557321e-14,118.93331321536427,29.23826453473952,6.178601758735731,3.511944157527113,0.007883745561005656
2.4399409260000002,3.8416417890918573,0.5749077323297087,0.5671104577268757,1.8217373506236594e-12,237.75446870799811,48.58821220842948,8.051600908475361,4.122953267731815,0.24887154509748743
1.5951388720000002,1.5547639799213622,0.3950104349590828,0.7739411688229955,6.960051114959108e-14,119.71956651498637,25.600478362627182,2.0126550719894585,1.6624921551664367,0.08929559722957042
2.264335549,3.8749218707740654,0.5238370839716452,0.3614871282041975,2.6590548332705884e-13,219.79368848583522,43.42302291018816,8.824934190360262,4.220689805981679,0.3344767208398741
2.244404303,2.848982615314838,0.4859023503176724,0.666016353401894,2.434729830557187e-12,156.6898596756304,31.893987080061528,4.812621350638577,2.999879037453651,0.1622834388496866
2.188535952,3.419443447986685,0.38963303470842625,0.7926395298151663,1.5035629981007522e-13,164.911201453256,31.642334742406867,7.1088205187305435,3.664955863740783,0.08079448927668292
1.722159715,2.223691080790145,0.14825617040908418,1.035261787203244,3.4847955149047474e-11,1462.4674572806023,237.70270536726457,3.816129934103795,2.341566305136817,0.005227777532533007
1.948665541,2.1544407357296267,0.3302975657126283,1.0085567570525205,3.41909370446276e-12,143.69590376868487,31.35414305131452,3.1679100007619154,2.2748245108442338,0.0028262760248418672
2.219177774,2.6594841300029173,0.47160059732636955,0.24673312740523878,1.787435294001326e-10,1175.7479847020456,237.34373639702304,4.241012993570754,2.799667360315318,0.3552411070618557
1.777093805,1.888514004417336,0.05026757178108004,5.232539668292773,2.5636241228089478e-14,119.60064028015316,28.771279929632595,2.6676277927283922,1.999768682312613,0.21275949159217566
1.615747901,1.7836134155500891,0.2261738830424349,0.3938174441617224,2.0317977523517972e-10,3545.3296552048987,464.2150450018898,2.61530396617418,1.8828053198548718,0.13710266248653086
1.739809754,2.3057572832086617,0.2757474301404609,1.1787104182867931,1.526326702150535e-12,343.6159442443744,57.86121450538493,4.06161357629907,2.4305495301432787,0.049278938581910015
2.392382964,3.0975659940167573,0.14806643642977385,0.9916264184490969,1.957362124774586e-14,94.1912231728978,23.233950044999276,5.338195702582473,3.2636187237231975,0.0012398463803963145
1.7726519170000001,2.0045481080044816,0.3465705850094406,0.870079146865756,3.6212633887331904e-13,138.84154747902375,31.540982899026254,3.0130324065816105,2.113486491318115,0.04502674607566054
2.034953425,2.5185445063438947,0.35388104015307636,0.9736546431105711,8.29365002372369e-12,272.3496017772653,64.76134432858039,4.146314073314492,2.6506619872004564,0.009323122299235098
2.235356317,3.2119657385066964,0.3130195085588598,0.5040185330252991,1.0635868566800212e-11,296.89084667748693,66.48134749035123,6.141658447482844,3.407260511699248,0.15525187504672322
2.411919271,3.5751004446393493,0.7155401438760312,0.39505749144843416,2.0807517808654066e-09,7043.47224512787,762.034240557403,7.05358718381341,3.805525323018422,0.43286064960571463
2.26282555,3.8957957291089658,0.5652998420655772,0.4863906497796043,3.466089423826503e-13,223.94237051554634,43.54778329065678,8.926190380907641,4.248686587825115,0.2903432845629934
2.195001258,2.8602019576131528,0.45719921960521914,0.558812901494797,5.68332507265877e-14,113.01454986030295,24.902881537176473,4.959056901626954,3.0138926665706522,0.20171039713646977
2.491727804,4.607083088469994,0.7813453034734602,0.3396388372726129,1.4870441207550505e-13,208.97929817016873,44.420632608147244,11.340050496073165,5.107534456202631,0.5159700930933173
1.6063903700000002,1.6999105343308294,0.2809295236828284,0.9735518477459787,1.7444750749614098e-09,58426.181433880556,3020.1084464868004,2.389248683970917,1.8003700985265154,0.0074300668150131255
2.245917969,2.6960089626211787,0.41048490111074376,0.7645974383135108,8.740977183009902e-13,134.51626831440225,28.942487101451086,4.306792743608489,2.8381293213701695,0.09662919725509428
1.6228836370000002,2.0221504755625803,0.04101962129208569,7.152577366260139,3.657799296729036e-12,1364.6364809588151,226.13376052981272,3.3470394432783896,2.1274215336807103,0.25237639353424884
2.039769151,2.5643983405315365,0.2501783853305478,1.271412391966895,1.065500367392556e-12,218.45821797212454,46.94399749572986,4.288608107014469,2.6993886180155084,0.06790151398097954
2.107122373,2.7736401966921997,0.2721117861331571,1.1674270179594106,1.052152743827532e-08,37417.2278210518,2287.5073919156976,4.857443254177264,2.923793678712333,0.04555886490388339
1.940770739,2.944625659872633,0.41208084772279374,0.6893520901361875,4.332288811592583e-12,347.61310130027744,55.7122971430937,5.941845612688872,3.1425276820868273,0.12801205403999388
1.986603846,2.864870465004706,0.28721836078448576,0.9654622901947946,1.51282306835018e-14,171.17960624308643,32.66518714706821,5.494778536960204,3.0395454317939237,0.009919864395501354
2.333390575,3.8896174652960864,0.3483032886619858,0.6679782071551493,9.381524393731618e-12,430.77300180745067,85.3591589289824,8.629727249384555,4.215148665995346,0.11564428235531007
2.273862427,3.690592206286243,0.3752847635542275,0.7608683941157611,1.915883134986575e-13,193.02737037282137,41.85196362208156,7.971909737919588,3.9801638008984144,0.08974244817260929
2.4519113580000003,3.6371311496563297,0.3812064752809598,0.5245831196386809,3.231600329472197e-13,154.30567257400463,33.50151203791901,7.1821277412358615,3.8720425513097045,0.18123199325160821
1.346815283,1.4264432372750733,0.1836193381621401,1.7207123390986796,4.441240026113677e-13,288.7072538384431,43.736211489073916,2.003945034720356,1.5100924150541004,0.13233672271058744
1.8818678850000001,2.9968205302382076,0.49089682776412463,0.5731026928609468,1.6702993851399589e-13,271.0505745478204,50.21679566629298,6.34609256309941,3.2206938787151653,0.2095625338556084
2.081351192,2.775654812290457,0.3633471672612074,0.7818609209253121,1.6180138239611843e-13,155.3804093542064,37.99815606154644,4.924561353341547,2.9277146723844925,0.07926021645075637
1.981188344,2.507022252155044,0.12718397455409877,1.1905486612601326,6.585281972848156e-14,134.4680571817383,29.90228036510321,4.2193135743267165,2.639146953327361,0.0242347360850263
2.287864965,3.3057943256757087,0.6443083485600968,0.5021759527352228,2.053604825249683e-13,151.21697572356766,37.707680126212836,6.357160765174456,3.508895869305175,0.3207521897666722
1.691596331,2.7224585641705996,0.21892892660943344,0.6140338684430389,3.685921056333248e-14,343.5372785344751,56.950274785849004,5.822693610080296,2.930160680084299,0.08449915088936089
2.010658115,3.0471062052334075,0.30749565491662156,0.5973991641921551,5.883575042644223e-10,15164.558494542254,1185.593191762816,6.141964494463905,3.251498626986144,0.12379800767671248
1.6354067410000002,2.403889086730778,0.4879384455950193,0.6166073056640466,6.3754717343807636e-12,578.7118896438343,92.62078043098259,4.694302922348409,2.5545789155619936,0.18707203532677147
2.033253435,2.595270726681535,0.23097059080039323,1.2536218424933219,4.680541714901947e-12,324.36919335475704,75.7854398013132,4.406441196837208,2.7326979040400556,0.05857918680056684
2.378137338,3.7672254524355537,0.4412939905991433,0.701249332940041,1.6444989256263694e-13,147.80135654958897,31.83242360634275,7.94309758095799,4.04676463236582,0.13183687406104533
1.787838964,2.9528724472602326,0.6312418681781305,0.42069799854991663,9.198040355950812e-14,276.5181993035653,41.17257492985774,6.482716708790109,3.192827906262115,0.36567967763468073
2.246374987,3.060651795127173,0.2596914730741797,1.1734402014466223,1.868281483997613e-12,171.35029581020544,32.903452099644944,5.54946837039528,3.2327043869299255,0.045040941403955814
2.289850229,3.667208502624872,0.44978259833882595,0.6986123246943893,1.3934950552674304e-13,185.5538208417862,41.81954930265054,7.81639771982105,3.946103036614159,0.135558931706256
2.401566654,3.3259392400477035,0.57634013493496,0.36049400399294,1.1379110904140816e-05,3351887.566955864,46254.21130761246,6.130833814965779,3.5171691206122375,0.36857297203042494
2.167107913,3.1875701236608482,0.28496977868653,0.9877397095795626,1.650036613544262e-13,162.36350534321423,34.61034650827805,6.238459752282936,3.389563165120927,0.003493812247744643
2.355392073,3.3035448587261502,0.32344361561977786,0.6560323887539645,1.0654500911860094e-13,140.2907565193481,32.07338888515845,6.167045729018511,3.4969839184941627,0.11125412783751587
2.201418668,2.673506000748827,0.1746776373439142,1.7498953223463007,2.6352700060243995e-06,4143518.587497978,54042.96335299707,4.320180563129276,2.814005980125386,0.13098994316270476
2.167680148,2.704418978058226,0.34977300851196547,0.7919377112517684,3.365141693459764e-13,116.30442786050916,29.26011280978283,4.48943077462179,2.8467258053476487,0.07277457269335424
2.50226612,4.266493183535397,0.5016921576382232,0.628610276280139,3.3958499184022426e-06,1524615.7048184501,25936.63412541431,9.68444113082347,4.644391947578853,0.18632331181768064
2.122149775,3.3821249603147407,0.2384403281739966,0.55805701592195,9.716700333553853e-11,1469.2721101743755,238.3357147729511,7.171615565240657,3.636033007174028,0.10537703015776559
1.9550567540000001,2.657123785087742,0.25268523657273945,1.2591091025308612,5.140287635777369e-14,192.12186276214842,37.49568771805164,4.802957621565346,2.8054637399481663,0.06547304487116085
1.783755034,2.144219998304693,0.15247861954491415,2.059210969330325,2.691663815990866e-14,148.57083098560173,30.97918136828146,3.426094632737017,2.2564089394692806,0.1615070264103184
2.171949365,2.8933959966289726,0.1581033826442961,1.6517146877120583,4.8920324936410705e-14,128.81309310487305,30.45048999805993,5.128676481704736,3.0518734409925363,0.1030382966462475
2.357167153,3.3879696908527395,0.333172167768197,0.4200352227605097,5.215480828367998e-13,143.69212520557696,32.599847469144805,6.481403933301621,3.59433552420142,0.19322812206208048
1.945027295,3.2824973128881987,0.2911563466725697,0.7906273560920442,3.778768860937385e-13,369.3061110652096,48.541393512916585,7.36752589399892,3.5645150219550636,0.06096017409341728
2.099752138,3.0980528335700086,0.1713884974809348,0.9979919973597192,5.889484656091252e-14,187.6239858612044,42.16024042802746,6.081316920358781,3.2953853726997595,0.00034414855545547574
2.2856137,3.821877053191786,0.2783945924931824,0.6537408089303063,1.8984744195192234e-13,202.7789329818748,43.59297058369461,8.505339832808513,4.144064267838417,0.09639668639486634
2.233552155,3.063267634273012,0.4938671931407081,0.5523832206216918,8.039382406279608e-13,304.00588728089946,72.48748435114616,5.59064361590267,3.2368566388897393,0.22106324243424869
2.386897254,3.465143636661831,0.18501018681449047,0.7198927521937392,1.5889009969205475e-13,120.0922420765575,27.306971866542792,6.695649798231846,3.679946315911102,0.0518226942447291
1.8280520610000002,1.89047143099713,0.1166014709592347,2.3443875907149994,4.216455499612008e-12,407.06100614575513,103.44558922141016,2.5990802622742866,2.0072254492537094,0.1567575706167105
2.4597287960000003,3.4062660859666334,0.5370903469285372,0.5819453376801602,7.638744676875799e-13,124.42740234956965,31.953704468813754,6.2793806894855715,3.602274090683768,0.22453312362045524
2.041227226,2.930837116781669,0.2576895384199992,1.1202502817324194,4.98419662503897e-13,268.61412682044136,48.64601216229941,5.597847566566089,3.1083952504258856,0.030987239594502003
2.477355109,4.474925635320497,0.6595627041838761,0.45076012321699305,4.852071531529972e-13,201.19248931934524,43.00057703292753,10.760737964032279,4.933059890534655,0.36225813837661897
2.360523781,3.083122195219533,0.567865621863833,0.46732204726834536,2.494385485733949e-13,113.95528343846904,29.14515668453488,5.359871036564616,3.2494325978007366,0.30248949688111454
1.633616547,2.618363158558674,0.2537161527486699,1.2580963984826397,6.664457811104139e-12,772.7751428403517,115.26929574782643,5.5753368598792425,2.815859254199318,0.06548322526130296
1.603516997,1.962550700739044,0.3139060723772822,1.0453913078930297,1.7322070513413016e-07,498834.14671501546,11907.232924623773,3.190205426911472,2.064468164477912,0.014248607180768869
1.525970083,1.893512470749274,0.15907246890722113,0.8675064752780874,1.3707904318519644e-11,1073.6704114845245,178.51185121671236,3.120108391940822,1.9918146998878743,0.021076072091734566
2.384291998,3.436817478291333,0.40700837529455736,0.7928520070662113,1.675039055026091e-13,119.39621145890143,27.68209746609608,6.59382471220949,3.6472087329584317,0.08431096804950977
1.663860111,2.060823960292805,0.36699230317219805,0.7885613644431957,7.236080000494256e-13,213.56957823366307,42.71969312390045,3.391731602451867,2.1682199490074954,0.07759635184257863
2.095897658,3.349189548848101,0.29436158530247564,0.7745445234043443,4.1474671374453393e-14,220.82045879587525,45.72010495265569,7.120283227722544,3.6020915282837493,0.06636543150582241
2.434325477,3.6132257791505573,0.23189361305587494,0.8777084398034805,7.893834053039195e-12,284.77267084220125,67.97227400653148,7.1389314290387365,3.8468067882679704,0.028358631740210943
1.960043792,2.565683450510046,0.17057795849727495,1.7302122610293782,1.554270405295357e-13,166.82258403188848,35.25464801840716,4.466703025283168,2.7036315020606523,0.12455811675607056
1.636147687,2.2287345558403535,0.19434324469862027,1.6621772991555601,2.391623160871921e-12,475.72974306728423,81.36907905566959,4.033340880612986,2.3526210732587387,0.12868968488366048
2.452497988,4.028277682084166,0.43546182171604947,0.5642190105729753,1.4409989849201524e-13,187.6529685595345,37.161850716601805,8.807865122798775,4.353883292593422,0.18976598352511465
2.170778585,2.8062781516669983,0.24026943266482365,1.4430463022535018,1.0196459582887502e-13,122.20304978440238,29.764564900982624,4.82708523017602,2.9562397407020033,0.10645048368669685
1.880542033,2.6368991907581654,0.33008207281627766,1.0100981152804012,7.459167122237207e-14,210.4041485153522,44.173719719444904,4.91673589960306,2.790323669423878,0.0033332068232925782
2.488099808,4.245890812006562,0.5738886684376919,0.5054946549733987,8.423956929021542e-14,178.34777608544798,40.95719574731993,9.645673840689506,4.622731016140526,0.2837910139926376
2.338271574,3.445026715362299,0.4795996245404722,0.6818081405111341,2.247805925133911e-12,252.34373285053692,53.10867039582024,6.755594634931767,3.6644382427312734,0.15260469634269475
2.41249967,4.056519469507994,0.4330913293225689,0.7935479894399656,6.202308023106211e-10,7774.725117036862,780.6600187016529,9.078974752153224,4.4034026062338425,0.0894125756947623
1.443129676,1.5191780248780467,0.19968615701893397,1.4636596959602857,7.092846789402552e-12,270.69010503563777,44.602735063057615,2.122565615502795,1.6094362034517777,0.09258642285087679
2.447582044,4.319684934108858,0.5805657127294918,0.48243324193257614,3.480861456214903e-13,235.83585320070046,39.301973897355055,10.148518302229354,4.736610451689414,0.30048151378250637
1.7513844330000001,2.2770380847758274,0.15752455236315335,1.4748273060335104,2.921081089050368e-13,232.65383514082092,40.62048123826405,3.9349862110729577,2.3983662493249227,0.07479695883273074
2.090369626,2.9736659083174244,0.23124831194118328,0.6929598134367017,5.599236265420175e-14,175.70470988755065,40.7054608705914,5.62791973197003,3.151198160120976,0.07100252484086872
1.07328799,0.8217082015929985,0.1565048113552452,1.3213197530229488,9.013818444338274e-14,192.8422972232254,41.78135390312155,0.832185863715104,0.9244356493802203,0.050288087331570586
2.364940386,3.623277116336232,0.39286322454636147,0.6902921301591747,5.553388835231673e-13,150.25314911582657,33.40538349720662,7.3886486111651,3.8730167231675128,0.12167283241305143
2.422584957,4.425252911982059,0.4446553900913047,0.2225595036170821,5.00715335721123e-11,1370.488771276409,228.87438719520833,10.759831385559156,4.891101424704655,0.3456931071919239
2.181855406,2.458601473635286,0.05905852583341978,4.5913414985425325,7.711798693695918e-15,87.73640993624069,24.0665054115195,3.6862984619087054,2.5934424442358557,0.21209933466830663
1.842538684,2.2311487457851853,0.23592950457091255,0.7417842682905822,4.151325002737536e-13,223.94311745903298,41.73813626793337,3.592077349466114,2.347890441807297,0.06092070965461863
2.124424589,2.9866848201471803,0.2881696301318489,0.9436822643674553,1.491164227182434e-11,850.0528556566742,167.6729429872145,5.586674101362513,3.1617785839313752,0.01622906104709365
2.296848664,3.376201062504095,0.4755625109103482,0.41289962331278734,9.962084488180159e-15,155.60539868045888,38.38585318949289,6.604925654693964,3.590205021540431,0.2792029292937821
1.037014234,0.7384540454861603,0.10170913632638606,2.8180827057589344,1.5283104357647225e-12,308.7386891947758,63.13774316093903,0.6949865003949632,0.8491846118734568,0.18491562177268028
2.392056642,3.285932963429164,0.24918509788164073,1.0341818676147232,2.753097745352086e-14,106.09841723107925,24.722672526980336,6.008000904223954,3.472796023016456,0.008517612027352073
1.816095556,2.1651333315985215,0.08668486188521982,2.5551445890080156,4.277933214572771e-12,3050.393864357565,425.2169052633339,3.431363183318204,2.2787641917030497,0.13480749390970675
2.264404697,3.371432999937006,0.32973711491656954,0.7142799874716431,2.1061678810980498e-13,166.32997440822803,37.78496145202126,6.680384336134567,3.590411946001716,0.09421249260502651
2.310164212,3.5535876410876828,0.6269549775175838,0.3728788439066168,1.2417095986634603e-09,13798.091997420359,1158.0134882642722,7.275198144049335,3.8005403700449403,0.3931767303193282
2.432298455,4.13432946595981,0.556164386898676,0.3277502176740372,6.655283930858881e-12,430.61183895447476,90.70611353078111,9.354329797833604,4.497517127950645,0.37388138803008747
2.035906168,2.7018350476308184,0.20889013759469896,1.6018982042343255,2.25989950291211e-12,295.6435736004152,64.81144714393307,4.769568474381013,2.84901018112853,0.12573059870051048
1.944138153,2.5886749018979316,0.19359877430445593,1.5795993985612224,3.4257296497563224e-13,236.4431992112527,39.27719764703248,4.584224563031442,2.7299701345654612,0.11220973314905253
2.419635604,4.162895842719201,0.49659167477613486,0.5814894263105127,1.4543072106312837e-11,1890.8192519478937,296.41561853710726,9.533361397759565,4.5396848582395934,0.20782886669998352
2.434430132,3.6231840369763266,0.7089306039502272,0.3404008625440665,5.120312409987435e-13,284.3779260870051,67.63211186035672,7.178029530040418,3.858651573598615,0.46761001488168386
1.6628568320000001,2.1566137407709847,0.21508259156017642,0.8341308638996312,1.1504893734285862e-12,235.2994933891647,44.64465163841042,3.7165838402477975,2.2711049971579538,0.035675563652314946
1.683636549,2.0217556938961874,0.2611135673152636,1.3031689008564817,4.337508527182754e-14,192.62570164428982,42.41212693821873,3.2262697350502405,2.1274108441685233,0.07916151320168341
2.431705519,3.651560605441691,0.3672950181371623,0.5747267333466549,2.15894727266648e-11,351.7673616951827,83.9078558120107,7.299023406781783,3.893111131133033,0.15620075218869064
2.423661484,4.272985941583417,0.35373125889008195,0.5288471471122791,2.6546187782478157e-11,1105.955823603084,198.37070930100123,10.027680560695286,4.684195082372424,0.1666614917816271
2.264255088,3.9484717776697194,0.5247784708083426,0.6202400552953187,6.488647678575201e-13,228.30731593542498,44.24150215320564,9.163449793796568,4.317780705027202,0.19928984305638342
2.027085273,3.0084504359036432,0.3772235914458123,0.17957106042615023,3.0309576250601686e-11,752.293924039923,145.53851766002467,5.9390351049535886,3.202021304552175,0.30948515111212693
1.659869387,1.9619427501284994,0.13754968160218256,1.1842906524092394,4.824716627038312e-13,198.90281405442138,40.43233236304472,3.081379226590436,2.0650007001694872,0.02534912056114938
2.485177287,3.3572518830800013,0.3875248919414812,0.7132394080795913,7.444396271030789e-14,111.93487211267339,32.37639740907545,6.037711981904292,3.544514064412859,0.11112686739703159
1.924571972,3.0747782636201815,0.4525197093207194,0.6381989536327463,6.432505169615722e-12,1314.0741089179419,207.4094808702775,6.532998668420899,3.3063398279322525,0.16372210433404177
2.490876306,4.434117522340979,0.44996647048534905,0.7270525933107511,9.928183545734245e-14,193.80245171548714,42.760993107119376,10.508133280873896,4.871624187511172,0.12281718121609048
2.436048662,4.088996621882613,0.37053067597032335,0.3654070218593538,1.2271691245160648e-12,327.6789344236208,67.81822744439864,9.13631601109634,4.437281315772314,0.23513616515647426
2.409342574,3.948243964921052,0.50011225298711,0.16168774973670488,1.883175498253967e-09,18799.02559714406,1412.886986204668,8.611977672599062,4.265430150088234,0.41925022818587054
2.130402997,3.1906208077916363,0.3912943635785946,0.6824780586098096,2.707363420921991e-12,523.2858223488714,105.86186423942696,6.35784024787574,3.399977571491803,0.12424454597851436
1.9892451530000002,2.825777738148042,0.4034194458570627,0.2943658338663832,1.164200449134863e-13,164.78111558359927,31.470558040104034,5.3387457644956555,2.993758309358348,0.2846665442794342
1.977992981,3.1606893896419943,0.3749171335681362,0.6289605986843424,1.068257952910559e-13,217.5122451012665,38.642336794934494,6.717222776899663,3.3989175036367305,0.13910902878210368
2.120165645,3.31948641391004,0.4204330811174433,0.6924402212797897,7.077689359680539e-11,1899.997327946494,289.95275040987684,6.914866613353664,3.558834146234749,0.1293083053951371
2.452554514,3.8013866263382616,0.3344556719304471,0.866566345979611,2.443519543045317e-13,166.97447674754125,35.07390914099134,7.843428845386914,4.070262225212687,0.044627642413524016
2.054141979,2.12458541474286,0.054672401123599335,5.128406762262074,3.9023754184082005e-14,104.05316700417582,28.09328733775299,2.9232695836520413,2.2561448742275525,0.22570991050777212
1.6952584590000002,2.2071307886100593,0.22195743049927294,0.9069976956039517,3.514735404352033e-13,224.03040631800062,46.044957089046655,3.818737117604068,2.3247031225648374,0.020642552514258117
1.708264013,2.264543929663596,0.16935227999241043,1.994561864105843,6.450865867775509e-09,36146.064891397255,2084.7735507105363,3.9895710890172422,2.387037394868887,0.16843131927982635
2.006272469,3.0639092557736434,0.38288565640309397,0.7706873529041989,2.0551945645586718e-08,82689.23810005393,3626.740041622765,6.223349942610589,3.2727426784315754,0.08780052340480687
2.34537163,2.944086334505585,0.16482818169260144,1.5357244446435785,8.685547630626419e-13,139.1139693023211,29.909127036078733,4.9188771479381534,3.099558615389865,0.08830248609887975
2.126332388,3.0060268813815347,0.18808693943212917,0.8518802769849085,7.969684978673318e-12,689.9619585632807,141.27226764547535,5.654212588331356,3.183786225418885,0.02785938537144325
1.703498436,2.2387493564913417,0.2098951105773207,0.9414593812641887,4.960833261700372e-07,518013.4200371422,12165.746079044702,3.910008866609688,2.3589008903184747,0.012287389642817892
2.170349867,3.475518079013189,0.2546135823307737,0.6618845169574366,5.21355183496982e-13,188.03931333904526,36.96649252182586,7.405396815342273,3.73942654147373,0.08608879437896705
2.4461924550000003,3.8542125527275934,0.3238363197599761,0.7811100822889373,1.557601624829245e-12,194.06924249540305,34.91665493184034,8.08379074172571,4.13692015143618,0.07088450538411456
2.447415398,3.1133786861093804,0.6517465095442225,0.43729409228913596,1.295234798899186e-12,122.97049142573506,28.3121618810191,5.272199171179301,3.278757467879612,0.36674161125046906
2.4423856600000002,3.7182452606173855,0.4091613495288724,0.4702902427887277,1.7301723080620847e-12,202.4786165441423,39.97905184218241,7.53515605570493,3.9712835793879404,0.2167367591191755
2.486454683,3.361829487661937,0.37621954965532584,0.6174139765779828,5.413537030313348e-13,112.05116498348308,32.426652024881896,6.051082933229247,3.549530254910624,0.14393634143625325
2.496539099,4.510121407557843,0.6263873681591083,0.4951867397316026,1.6139032992215e-13,198.93125982120742,43.3999616069177,10.846813507434689,4.972026904110075,0.3162086495113404
1.681106936,2.3889623408331486,0.5991797459665364,0.5168852304497199,2.613212302451362e-13,270.43815747199943,50.11551495388754,4.511406160814654,2.5303089428961902,0.2894725848918186
1.9805498680000002,2.4581911266949508,0.20502957223043491,0.9641214306208793,2.8348379197240125e-14,129.71429771472734,29.46817853065244,4.0578561678099545,2.587067631439971,0.007356167732041091
2.4532144110000003,3.2533001971191537,0.09826665567113366,2.961013650544869,4.426051447325931e-13,121.18606394717318,30.067922882966712,5.743200112668015,3.431245865781265,0.19270225316448544
2.486476515,4.347053815862188,0.4504932828263351,0.7626607122877828,2.0346400555094114e-13,187.34525179017743,41.92978816995048,10.11737712024222,4.75688755639332,0.10691975486514083
1.645314324,2.201898260960406,0.2039962949294215,0.5314170126410448,1.5925256919221627e-12,316.2730242892811,43.93874097159425,3.9151492282573566,2.321914879635634,0.09558919328818682
1.747878497,2.349665001233728,0.26715815025518963,1.0181287342589556,2.5243219768918204e-12,268.9338649650489,42.619707302519764,4.198381675109431,2.4786937343153777,0.004843239111090469
2.238232147,2.917153341423513,0.29242314032338335,0.64871337506822,1.1672684739688247e-12,208.88393356752562,49.21350598072257,5.059505805387592,3.0740553564469235,0.10272433801615363
1.780596112,2.4450159867781593,0.4041632350301413,0.8217086672297594,1.5181858399904562e-13,196.39737977162065,36.2512303696185,4.4626578133938395,2.582776402190032,0.07205880183025587
2.385066156,3.393988651832162,0.3698075944940554,0.6111379217263682,2.1941300705931928e-13,116.05894148740833,27.163061731514016,6.428420583885381,3.5973060399099412,0.14380414975633088
1.601010467,1.9990087237052574,0.40774932291365124,0.8275264205378775,9.764274720163231e-05,23106241.701748896,151217.39747041324,3.314952539722595,2.1029981842266223,0.07032598524617428
2.460213815,4.000149317877961,0.36914591418339077,0.8009638340668785,2.1279733682666616e-13,171.00408125269874,37.56144697133325,8.658184728365693,4.315782198824323,0.07347338742893916
2.232081196,3.4110499729769823,0.31575921698588594,0.6375468157901861,1.2279185283765088e-11,420.1149057596447,90.36231593899952,6.9366866449392,3.644589796578633,0.11444793364013192
1.7919556550000002,2.453658490486815,0.2793985672371344,1.1220208913499752,1.4592800117508753e-13,187.86884149306488,32.92404357071721,4.465778419702286,2.5914013421351836,0.03409246221618112
2.185015026,3.732409886100826,0.4585738824615592,0.6211042758657611,1.2533084692222277e-13,199.28499196819462,35.605189710029556,8.483294305491793,4.0636288259386895,0.17375168326432183
2.474129748,4.208339049358374,0.3659296369948887,0.5702003145153559,2.5606431517431454e-13,179.04140630456553,40.32925286261651,9.529189451545705,4.578825409252491,0.15727644288991313
1.8528388310000001,2.44200387823441,0.24726839863145794,0.5552379805632884,2.934983722348808e-12,210.7885860973839,39.51570561478545,4.279410610392358,2.5738192057722356,0.10997559231820905
2.497727275,4.32918085122114,0.5803544595786875,0.5555456345997977,4.593141352532972e-14,182.96556229910806,41.62863455570464,9.989197344948145,4.7286027194780855,0.2579410730392229
1.878954103,2.078688456619645,0.16698831550347248,1.2536579203415743,1.0287456638980002e-13,131.18015961483343,34.8055877064454,3.057975059823739,2.194652035812606,0.042357908831953506
1.6753928120000001,2.4815922793583707,0.2519408268949118,1.2799827121819745,1.945602756839451e-13,295.9253476130803,51.97495551754901,4.884547760700342,2.639703588683417,0.07053907602340675
2.19573188,3.1097833705872047,0.23247314550905018,0.929246348246883,1.003704235326628e-14,133.3438209590319,26.877961178538968,5.860321247805705,3.2942703497960233,0.016448323979299018
2.408795209,3.9092942415405822,0.551225037572003,0.4599250071347169,5.818171626089097e-09,22346.1040184828,1588.7447267488624,8.444807734069087,4.21619732703005,0.29770285823386494
1.749286295,2.0019218038557405,0.0961802337856572,2.0651966689268275,4.063560400043093e-14,188.45880219513273,36.07481557332861,3.045199686519514,2.1095231768461993,0.10245086464508556
2.207221071,3.352065757930819,0.3527335051239275,0.8150542822626752,5.5921917098739164e-09,43442.88409010755,2448.4836205112,6.7737482888614045,3.578464389344609,0.0652365512751471
2.234310412,3.125520588504542,0.14117563335706168,2.1199462197544863,8.503242696088774e-12,300.5490376193393,69.87313061684719,5.818222600393664,3.3075769202805496,0.1581091168996866
2.408660616,3.950802891388668,0.2793591097664061,0.933527895605199,1.4214557454372894e-09,23972.26955855232,1658.535773993092,8.625571820311523,4.268899767017772,0.018569587908031204
1.489072764,1.427465385293734,0.3082729950006882,0.976576255487927,5.70570520384906e-14,157.1789735470828,38.472719200326175,1.8168201252983174,1.5299792847771572,0.007220907874867677
2.321925296,3.987305106140453,0.5932628983334449,0.4842506573314545,4.194011321305133e-11,1470.1203859786174,240.23304586460486,9.113264137273342,4.34634498831085,0.30597494984511037
2.040733862,2.7036956170039135,0.49750457523089114,0.5053711205711059,5.206690545470834e-12,233.13002451168222,46.377866092825236,4.764939627123134,2.8507597170261922,0.24608013055720362
2.335472213,2.98300760353866,0.4092620267611166,0.8320205686968555,1.757757090331097e-11,221.0329334448931,56.092577576330385,5.071143666382348,3.1416206598919336,0.06874760250930467
2.048364764,2.5829701642874805,0.19776369055322932,0.7671217945931673,4.80744561641174e-13,169.2271094051031,33.65399984495387,4.332844176152045,2.7191028065454015,0.04605485335066822
1.973383286,2.491796996704454,0.3280395933066585,0.6077383720389168,4.324227047122187e-14,139.18497715399025,31.50030305775621,4.184698040137258,2.623011721109233,0.12867734490616153
2.367133377,3.3667647873335524,0.21655776464451254,0.9677464028255705,2.6139965949088544e-13,127.21869782551356,30.634906653756627,6.373606842676589,3.568280634268739,0.006984766905839018
2.274591994,3.0134923069001007,0.1276983124101592,1.967144316012331,3.286014802056166e-14,128.4845036919604,34.19538556786562,5.31338934570502,3.1779115895010444,0.12350269701185237
2.314567458,3.4864161147973913,0.5482626695995033,0.5383253069956205,5.726199999530802e-10,4159.641828340643,523.9931445360118,6.989499356100432,3.718293300339043,0.25311899967311224
1.948431453,2.4280616774010784,0.3688157643813855,0.7271056775925033,1.1966459160587412e-12,183.57837679262155,35.373777564180386,4.0241594467630275,2.555429141513037,0.10064772811406114
2.339014624,4.359001081838757,0.42182796937439015,0.3311945622766587,3.881465935348354e-12,389.5401487825146,63.8443224100162,10.812216412372141,4.841649564809932,0.28212083970138724
2.073613007,2.539260774064131,0.2695141489044409,1.1504193627919153,1.445548170145753e-13,132.14460423706944,34.610346881358645,4.136781089347616,2.6725057302951756,0.040540146541611366
1.972558907,2.798919926263015,0.2639056704567775,1.135171427734968,3.0381966105119843e-13,176.62142860962976,35.58531931785109,5.282032628617133,2.9649980590286327,0.03567250626299662
2.431423512,3.0574806689431173,0.16514126174345528,1.1466371168884983,2.0400018064102653e-12,252.25148121714497,71.83539154584517,5.117822476270463,3.2191261676313396,0.024215838501389142
1.6517529670000002,2.0849214459546745,0.22257822188844206,0.4121216766653078,6.203304033657136e-13,246.7271526912022,42.29362549643586,3.4966935894771733,2.1940084830773046,0.1308489118945944
1.354831732,1.6684455548062453,0.24358530706193618,1.0004810684436465,6.559959770197467e-13,329.5254164072251,49.07131275857282,2.725440034020265,1.7543989215265512,0.00011718120456341574
2.402713067,4.475966003888048,0.35943520302797893,0.6260850987149496,1.2677346799138012e-06,1139796.46235554,20494.94337524049,11.098347176563074,4.971141063667834,0.13439817845857882
2.41567942,3.6685082442070684,0.6296480223344726,0.3738614990724631,3.521758893182385e-10,3044.258112386598,431.2357460070838,7.415495348495863,3.9167741353820005,0.39424686881649496
2.036053451,3.1710913529647726,0.3708472164882929,0.8328311716046023,4.41876093988639e-12,403.7400842967535,75.26345163045406,6.569734340927636,3.396804789771436,0.06199409469404232
2.399053843,3.1844584957982054,0.07082328524019277,3.920731222205651,3.3207028713707992e-15,97.97041944372062,22.33994523766226,5.626201283167429,3.358645192152768,0.2068557804602077
2.377174,4.2575646798123294,0.4260312053521944,0.7470607284111325,1.6801475305759591e-13,189.79053886887687,36.230399643395295,10.149510400863237,4.683797552097579,0.10776002275591129
2.23044081,2.8514497620964674,0.4054374058713182,0.8361771850606029,1.857364863147438e-11,335.7879053119082,86.05113999201477,4.850921455200992,3.0029405198787855,0.0664198971115662
2.140920432,2.6079363657145263,0.1804364541466186,1.5797450753422464,8.70733111740502e-13,183.02303319261432,40.149769412907396,4.226897974914587,2.744922314068728,0.10460714570371918
2.039690525,3.0035858319097617,0.5495847891589776,0.5761832455596146,2.1398716972094586e-12,300.7343037636824,55.278173329549595,5.8835856151747254,3.19402766579885,0.23292324163116135
1.797179555,2.5844266637348907,0.4118207370814914,0.7269879129045045,1.826149514105135e-13,205.02690456098162,32.896040908414086,4.940070257868103,2.740656539067577,0.11243203893982329
1.9936607350000002,2.450393398919385,0.1587668633678612,1.7032351965233459,5.77904620533334e-14,122.04108968500982,26.173320968339468,4.0056403211370775,2.5787497177951697,0.11165044636189306
1.8709873830000001,2.3527830086080264,0.19738457550451835,1.2330435834164426,2.3775270986761576e-13,171.53914812357857,39.19521290096782,3.9341814112283817,2.476344438888887,0.04599920878670635
2.492858919,3.3285693488404235,0.28623669767397786,1.0394224175913478,6.4808349410939875e-15,108.9185058937475,32.082997742695824,5.916722843261811,3.5119158757885316,0.011284142625671956
1.610727837,1.8836209909616397,0.2239081645574563,0.36461261013472196,2.6353997485194143e-09,13779.86564066091,1126.3443467630314,2.925773300823305,1.9828941913493168,0.14226842424768732
1.386450678,1.1022207025543012,0.19041237419757978,1.2908582839942233,1.2285991359913393e-13,106.84549364787678,25.833097325696578,1.1623844492692759,1.2279454420755758,0.05538301641037399
2.333399408,3.4210032665284382,0.4151244996691905,0.7538440509043275,3.846928315512229e-12,333.0216814868568,75.02501679158263,6.675574424437712,3.636875954698918,0.10218536520893579
2.428679017,3.5876992766491353,0.23220533279617112,0.7490911944488735,2.7981304899985127e-11,442.8652425783365,105.48599912388255,7.0546786049771,3.8174870384550745,0.05826236269448912
2.336421922,4.18731772795301,0.5975066093096372,0.5474820037273758,7.302978882777625e-12,411.7465839671912,73.52672829615531,9.98833139440644,4.607162138862493,0.2703824936044467
2.111106426,3.4708441144197515,0.34518157845544395,0.8970243961716653,3.422878559498458e-10,14222.483556098337,1122.44949802281,7.59210361530823,3.7512009392295464,0.03554528147186703
1.724234482,2.574251513878937,0.342356462189075,0.7386512317579957,1.742752273163286e-11,1489.3119400397607,223.40490852961497,5.1080706007324554,2.741008518498066,0.08947443969280505
2.171149907,3.392317304837425,0.36513900548536565,0.8895577067330335,3.964584315985193e-13,178.0856215195288,35.892171030342524,7.052486092377351,3.63588410321044,0.040326789127023255
1.879094685,2.3443105281228815,0.31046937875517633,0.98461105282874,2.344756751065e-13,166.79790980337734,39.255125496266885,3.889135369081176,2.467189159065388,0.004777796867957318
2.432699636,3.9582319253483416,0.2615769965920003,1.1336138876015784,3.627970823063146e-12,382.9870902589357,84.19496757346764,8.57301919381427,4.2709764633021905,0.03495031942180199
1.92412722,3.167414079962684,0.26394510729292403,1.14598918812825,1.898575444887129e-11,1473.1830279859319,223.01757935062028,6.934169930702767,3.423450506125627,0.038533131924117836
1.9832665820000002,2.792203738964426,0.2619252159399074,0.7652032220817073,3.021108764529766e-13,165.07792884999614,32.748729403531506,5.228347585351462,2.9558576454560628,0.06149919675824331
1.298470845,1.265255677367254,0.18664245373937713,1.0322877450879726,2.8437179265987375e-14,213.98818784046904,45.02263390832403,1.634688784585219,1.3524283658639455,0.006026263968930717
1.9070243910000002,2.5878695283556215,0.3352251325022299,1.0029185480517595,1.1092627794206317e-08,50708.506394919124,2681.7099927484055,4.670059104484599,2.7319693886391683,0.000978370657365224
2.355234187,3.477477424804958,0.37461277416976807,0.6383304451060725,7.768037086097767e-13,155.8412585175658,33.788519527962094,6.833991566091903,3.699882957940364,0.1354860352915594
2.501997403,3.685590442504992,0.5160448285220629,0.5826330009565441,3.5968892093555204e-06,1671242.37000177,28924.7595117422,7.22758232940161,3.920551604082319,0.21538008145214815
2.060353244,2.9769658958207637,0.390920497023539,0.838299081166821,4.940319327649623e-13,192.3995870773784,39.872260370372544,5.7222399388767835,3.1593756437036626,0.0632122035594293
1.835976899,2.711531205174381,0.3372238378868274,0.9806304082943572,2.779246612334895e-12,448.42396231408793,79.57924848574191,5.324156162657826,2.8838344742013176,0.006531888053277701
1.991020468,2.2340850473216025,0.16115357611759681,1.9735936198313602,9.933006387993675e-14,102.33215875496535,24.475911328729993,3.334074126438267,2.3568570314162947,0.1568980935210997
2.284435307,3.279051305597381,0.5714731946423459,0.33409829663420526,8.082889909553692e-14,149.5272471439604,37.395655251985865,6.264092426599506,3.4782131303588537,0.38054497374023055
2.3129278810000002,3.392249002645981,0.21372490543701728,0.8116372274420007,3.242929739988619e-10,5795.6962018100085,660.7213074077574,6.621698593726579,3.6064104722037085,0.04025781575281279
1.641147745,1.719006765882855,0.2803262695616665,1.033534239613446,2.423837114777511e-12,221.7987425388917,44.36938602771035,2.3921919169800994,1.822500187749162,0.00940052829342436
1.5123405540000001,1.8173162087735042,0.26969690838473714,1.2202930303372974,1.2317297357436143e-09,10564.395792315796,914.7259526476756,2.8997070309062067,1.911804111290643,0.05941234922067423
1.5847999650000002,1.9509938554328006,0.37714437204005974,0.8600887850983031,1.1282998822242035e-13,196.86226966159344,35.43543490808885,3.1898919440504696,2.0522959169832142,0.052766727285462334
2.13158031,2.9799580391551985,0.3858962322388939,0.7074859744173126,1.1514167343431856e-12,414.29607526696986,89.98816174280219,5.542943841666378,3.1532041079953554,0.11288006034939047
2.231693271,3.335769701887091,0.24437677716208708,1.1651376982243686,4.41519306883641e-12,414.2001412039167,91.09335583537302,6.635030496142409,3.553991288383319,0.040355818480036526
2.038369802,3.2662508577893887,0.357552304022213,0.92829703853666,1.0712483084216362e-12,378.2176027028615,65.81551831175496,6.962094381774389,3.5142671402706336,0.02563755907643317
2.306759006,3.7009247895241177,0.36311712490654835,0.8535073125561974,1.4258137519158577e-08,54663.60945368441,2839.0781376877667,7.902577456069521,3.9835890094235515,0.05319400348442721
2.316454467,3.3528581933265182,0.30445635930250037,0.6232264466383121,3.5222635382051594e-11,2593.865974981239,385.6146313571846,6.45900544173179,3.5595261524769652,0.11471110433796586
1.898041823,2.733448488079344,0.2737318076042599,0.9620027003962257,2.1486240732947953e-14,218.7498921467568,45.51922097722021,5.234770457553111,2.89955021594236,0.010401069504621774
1.6319702610000002,1.7480393236124816,0.30962898346617845,0.8626124133974057,8.992080102640074e-12,389.3545719428069,87.37020153687897,2.487399822325585,1.8494837983101098,0.04253917878063285
2.182227971,3.2144575118944583,0.3614865182402736,0.8359412433174244,9.93195938179618e-14,149.70473895064828,31.371976474717,6.300216348154081,3.4187174627886,0.05930502874001248
2.111971774,2.3795460968745696,0.12270127822757398,1.42581753098465,1.758633056809131e-10,5248.860807384025,655.3192683516065,3.5670008090022804,2.510007310150284,0.05224835534352615
1.092294885,0.9939283544247539,0.22261174391596242,1.4462044970570054,1.2540727264874099e-13,263.43078049469955,49.884536179564044,1.1965984831010086,1.0738089923901035,0.0993303612330049
1.851675822,1.915387934231426,0.2752387886172046,0.9324482416558127,2.1120906371852997e-13,131.98737440715828,30.908993964630962,2.6343589308899378,2.033697288670558,0.018592864135616227
1.833148239,1.7991646117571003,0.07604686998504372,3.560976096637103,5.443617412780136e-13,237.67696900567813,65.14750910465014,2.3476085969080986,1.9224468596844597,0.1947542162557665
2.085143413,3.625508426064362,0.4300279095090217,0.4664458074825826,1.348919980922679e-13,263.40086059795345,49.664041150631704,8.386605749148647,3.961581885455474,0.22944319401803911
2.294845143,3.9026399122574844,0.5103884159725244,0.6128438531188979,7.232022085828165e-14,208.57654356123408,44.42406531026935,8.832976871657435,4.245589396434481,0.19760001254067167
1.6579362830000002,2.0226180831990517,0.1738724945512457,0.8675683580411025,8.744662185602941e-13,214.9766160922004,41.546123744439804,3.278696113709721,2.127960969221565,0.023026219944910914
2.307853162,3.4143911666362423,0.401225266785947,0.8503897379838715,6.501295622155879e-09,28975.037203062675,1915.6603751941027,6.723104920446505,3.633518715543798,0.06002741729133659
2.228649697,2.9732949013761845,0.4289079152774351,0.7701864473918703,4.0124217415672376e-11,430.16787866236365,104.0735428357981,5.278554846407011,3.136488808631876,0.09856885175165409
2.293195913,3.4577072670571454,0.28125091211315834,0.9923045769917831,2.8480583663908296e-14,164.14327086916094,39.39004734964837,6.938707309045592,3.6881027338319763,0.0021643447401575866
2.346542861,3.7272968640228172,0.4577517464735553,0.6852021215858317,1.0692979876937492e-12,215.45152327177908,37.6821240987319,7.880186085677369,4.005573107144601,0.14409927863025546
1.926050884,2.4360157518646717,0.19270424386913987,1.3522826732856283,6.102093626415087e-12,693.9839792722115,143.10765932786558,4.097446784375558,2.5643160112209804,0.06788636618370625
2.114377351,3.1634015425283644,0.2850044434683308,1.0158865489255096,4.153178216772583e-10,5129.639625516832,586.2063771391812,6.296973784955057,3.3705063144023573,0.00452773703514725
2.267129796,3.2634617029289155,0.3723320666962544,0.7544964680068688,3.122375717853213e-13,154.00685015891023,36.72388826131582,6.251865511791266,3.4626097019298196,0.09140883744823258
2.023269693,3.1145230837777564,0.3127464284456392,0.2815576865587702,1.025668127576172e-10,1273.0155655605308,215.62540004457102,6.3771120828115935,3.3305395272734213,0.22469026757296706
2.1478621860000002,3.2576492760832925,0.5859177769263645,0.5171995197291829,2.321044094034186e-12,226.793818957882,39.13295814040171,6.57406935523276,3.477018455879869,0.2828813840992583
1.81102507,2.3905903787881546,0.2995334710030186,1.007487582134479,4.303842787789028e-10,12724.86780350269,1067.066209917442,4.194775710328143,2.5196013215808906,0.0022427814661606926
2.084247246,2.525903700834073,0.20533757170673436,1.056506576767157,1.0168422524637443e-14,128.04254142968242,34.598942718018336,4.072566554321987,2.6585736895980263,0.011602923258828196
2.460656979,3.9875416597957862,0.3571720282432806,0.40921972007218227,7.741914045365468e-13,169.41315777530974,37.47576886060898,8.60215046688485,4.299709548895285,0.21101019082795172
1.807549517,2.833997956275377,0.485020182704952,0.6461306409004105,5.083473333346459e-09,60022.26974770329,2813.9759785176616,5.906401271095603,3.0378992435292718,0.17163378120416717
2.229671577,3.8700837957373553,0.6203583434221913,0.528292662193533,1.782152357729772e-11,662.173663289145,124.37085559756001,8.938861387091817,4.227674426513306,0.29262758266171185
2.164101957,2.914755264000188,0.20709065354773257,1.2567750184146302,1.608036687858031e-13,139.59384562765325,32.227116536480096,5.223531780445811,3.0762492444892375,0.053175706378216864
1.986993162,2.160968331682647,0.3078996611254961,0.70168190260957,5.1831815840753015e-14,97.23641872893613,24.555819294701656,3.1257334579323395,2.284331289059527,0.09185204109411615
2.393666093,3.498752401905481,0.3335685476940536,0.9195946026483837,1.1968499028980013e-13,119.73158266795768,25.923360479462914,6.806861434711605,3.718339684904514,0.026820711621341975
1.6845404880000001,2.377920187952345,0.3647037040950367,0.8729457296367208,9.472471899802117e-14,265.96199556835006,49.87838483056933,4.460727638550486,2.517129798091035,0.046337163022580174
2.309486354,3.2934544901588234,0.5484333065097542,0.4815956318868262,7.293146936375914e-09,14780.81138396557,1242.1284839564632,6.25087705701374,3.4913517490662773,0.2843102217134077
2.318313891,3.768340625114262,0.3566546908829929,0.6859495568320947,2.5165092431268503e-11,2320.986186813694,341.52535876206616,8.15245857444803,4.065153521335311,0.11200756372971621
2.313213395,3.3921175668314065,0.4323828402540515,0.22699319204871382,3.385145749889014e-10,5399.965454145818,630.2219379178338,6.620372480518515,3.6062068808362664,0.33423487915769523
2.06219038,2.5860758592388025,0.3667740702263575,0.5832378154984603,2.3772231310034707e-13,143.4254854146133,34.748137400567394,4.3143591131780505,2.722178318331131,0.15285756272605788
2.483392124,4.538384141428581,0.44170705851144576,0.435423366886843,7.403364487989095e-14,205.0436774423901,43.747306702503934,11.04125618952816,5.016961744077064,0.24937748391670828
2.170707486,3.1295020071970794,0.36880364890877537,0.7427486912154556,3.1216520478128734e-13,152.05448662682744,33.20827724967825,6.0032748518229155,3.320738767643415,0.09487522136629806
1.764259252,2.3080612070965096,0.3034619563004148,0.4458808914340748,1.4280821918446203e-13,197.91052427854507,38.367069514857675,4.013505066769935,2.431629196992591,0.1681540687088576
1.777337475,2.195575799700449,0.26760584797120557,1.1793856405922971,1.872015537666552e-13,161.41139777305443,33.387774281347106,3.6051401549243933,2.3101933408650583,0.0480046464645596
1.5338285520000001,1.8092183122035692,0.15778458763756753,1.7537819011047844,4.4723089981035094e-13,484.6341911370524,88.9347184450497,2.8340085179232046,1.9040204492660688,0.1189351664344801
1.767002399,2.3050831326519887,0.3124833924304273,1.0335826261293601,4.617605285539646e-13,192.2328358409039,37.66687252528867,3.9969495637964036,2.4282241254200763,0.010494012939625152
2.175988946,2.593219769424374,0.20799878819073375,0.6783508737487693,7.550330868815032e-14,100.77435821468194,26.535578449287016,4.112081207619519,2.730099727693654,0.0669026284828643
1.9591423950000002,2.530248938326855,0.2176654823374196,1.1167898966031364,4.2204428278934443e-13,164.1135111432587,34.94132309881187,4.34617114268885,2.6649907618685122,0.025421129176259077
1.747613527,2.185815856591413,0.3063866376863195,0.9301249017566698,1.105917975538169e-12,234.37278773762668,39.695965817211594,3.6338147037438993,2.3001346941853456,0.021408796408775188
1.894166335,2.3107483591503573,0.3052788943952171,1.0541930425260848,3.859303642505253e-14,157.52026101488573,38.59888144103564,3.7485931179610326,2.4316845012523496,0.016543992106276162
2.368188028,3.725404332410325,0.348538559980457,0.5407748257424438,4.478748584907368e-13,154.41110259239417,33.678457768306394,7.80033498537218,3.9975039412385662,0.16005768094250306
1.82193852,2.6147167828591646,0.30496978105644906,0.8335501966507644,3.625947780153631e-11,1636.5052657064568,255.5110613551941,4.988468593424214,2.7723558398285086,0.0507621600843054
1.982440065,2.9588817860131296,0.32921028116640705,0.8861350833160462,1.9224621753824623e-14,186.1241149041222,34.93885064824638,5.87362798483546,3.151254337372344,0.03748550123651395
1.682383812,1.498595108244165,0.12295205679737371,1.7581294895770097,3.404435436158889e-14,106.11971273346715,31.439077242034067,1.7739190719212956,1.6271753824819253,0.09321358006223644
2.183317125,3.5674169164064167,0.5771359960843587,0.45031626669953395,8.616148725820783e-14,183.441736851188,34.51202590139593,7.755880917818395,3.851469800126246,0.31724226894973345
1.7520550460000002,2.3163412408657003,0.23766952533873933,1.2528012456950388,9.29571594757867e-13,237.4797916982743,41.18527351116787,4.070445408148783,2.4414475963760367,0.06008315206938189
2.390199999,3.499181389529125,0.1075846852205893,2.971952631768226,2.691874786480429e-14,121.02354969753878,26.782452030973865,6.818403620795947,3.7194332795708394,0.21215190315869725
1.303939945,1.064865999425634,0.07818255268458123,2.5139702737795284,3.9609829813572575e-08,236869.13272927608,7751.264126463381,1.1530926823596823,1.1781409142421901,0.11836606069265786
2.2716121400000002,3.211203806526588,0.37720891360300046,0.754970163416644,2.722713670688131e-13,146.9631445652132,36.335136197508625,6.041354003065937,3.4013971792238227,0.09242743845792845
1.562439485,1.8918792537017621,0.1431029640267809,1.0400909408792005,1.0554207446976357e-13,219.52285692600825,40.45534416103127,3.042391538386121,1.9902058031579293,0.005737132470436029
2.195796564,2.9853409989027386,0.5435993526599163,0.562381872724021,1.5829335205293656e-13,122.86524987132833,25.78559474774433,5.400528292739983,3.1525606837090923,0.2378889306994671
2.088158459,2.582220213613392,0.3228638630474328,0.49639667431577644,8.186221544238901e-14,132.96630314198615,35.36579416605064,4.248238384541045,2.717799145953566,0.16259531517394285
2.480911933,4.038182552525369,0.42651890147333776,0.5824658796093153,2.927680683658816e-14,162.90927202141822,38.88736775506584,8.75025819161344,4.357689432532836,0.17808619435667122
1.604352665,1.936040739760045,0.24866142502269528,1.3127308103651278,4.871837488621474e-08,251237.0500210883,7594.64494145203,3.103004672014911,2.036758296307,0.07776408895389497
1.6341686850000001,1.5849096217614205,0.21303179212831644,0.9201485034304301,3.290249873895858e-11,272.5578381972801,66.9293914288354,2.0420938539778737,1.6960500935001432,0.0170109074183436
2.462228197,4.0464306943527575,0.6255500918275866,0.2804743090374839,3.636536393200385e-13,172.7516385438538,38.14240282300116,8.852477542846907,4.373959065110485,0.45009936205390966
2.270505789,3.449514798151957,0.614970559165101,0.4485429457828204,6.023254969573777e-13,170.11619390129053,38.9840222322089,6.974695396697516,3.682947314200286,0.3391298529874784
2.464910899,3.867642824204777,0.4442152255205018,0.7428079367089228,6.225994602915972e-13,155.66158950364994,36.62665208483498,8.07871811950969,4.148765113183849,0.11424863039692906
2.433081052,4.1987298841972205,0.39931047352609395,0.3430200024804146,1.138940830084279e-11,419.0824332461865,86.74122483290401,9.644940097795107,4.581712394037909,0.26233899390671767
2.455362221,3.879078709149839,0.5029385763044099,0.48909981087357024,7.422744997628273e-14,167.85138850411587,36.041522128870994,8.158019727252416,4.165380317510419,0.2569514137529003
2.129776177,2.8293682797082607,0.19760145206501586,1.049353994312406,1.0127825270384024e-11,434.60899364409875,98.80942863667897,5.001099133319419,2.9838776093471884,0.009752420941339934
1.907203812,2.8578034770869496,0.33731860299196914,1.0204059323269534,4.338156833236978e-09,57107.710296881305,2809.790312769667,5.694580803519461,3.0449190763386724,0.006883300585276586
1.345066503,1.2658197552367307,0.16827784218368547,1.555886762677828,1.3536086327722922e-12,239.85418868875536,39.137221693362335,1.5800885172942367,1.3603722067535398,0.09354342492189938
2.359491678,4.057120143789042,0.4311183476818085,0.19300511822069838,9.03652009728288e-13,199.8015736702256,38.566392185919014,9.285349830973747,4.423714694910366,0.34791030002036893
2.341969127,3.479745958124086,0.24512098862055332,1.3519762107094295,2.109115670383217e-12,218.53560986058181,41.80369838930315,6.881593606613466,3.705004755372328,0.08627675674001156
1.882358499,3.1642869448872397,0.6316656696826902,0.49908684162289757,3.456281608107121e-13,301.9035504929636,53.02667086694694,7.073329084724291,3.4333239944997542,0.31640964563914387
2.35499161,3.198970018932285,0.34231624718405407,0.6101472653258163,8.455554608697401e-13,132.391742834575,31.119651193412206,5.783767450368306,3.3783381416465756,0.13345292508810733
2.313785401,3.287065373298327,0.2783674531532956,0.8860906291801753,2.566147504724594e-10,4420.869985316192,557.1016131945387,6.215132835752492,3.4833668768698294,0.03170866144540893
2.2877277400000002,3.408122645763176,0.21729120047783337,0.8674793500614671,1.3292940175996645e-13,160.75532267479497,38.875177538844646,6.7572184195143485,3.629783838208141,0.028795571113246515
1.364087353,1.1279451724054137,0.15229776400034842,0.9268386815268449,2.9877681792436763e-14,132.4440064740148,31.39142320081153,1.2372057808146013,1.244254166325086,0.011142305214778908
2.369427199,4.225432470241083,0.4397040850135571,0.36423668115630053,2.2583793907047264e-13,196.71392967624374,37.90206877626359,10.029556679091122,4.643855203514658,0.27954772839735126
1.803612109,1.993723036189303,0.30522409105102577,0.9717061900955658,6.481307850033379e-08,296316.79643591266,9055.439317322931,2.929483525612772,2.104830763198276,0.008635952410451453
1.867130327,2.429731648226422,0.1786796660996465,1.1218831365644912,5.2534963650056267e-14,185.56914375698312,40.31179984838439,4.204338935258367,2.5596125771422424,0.021778038144520923
2.341259429,3.426591416172287,0.2988611122276814,1.0307405859061176,2.9882539786294147e-12,217.9785396132013,43.14050516109156,6.6749786952940156,3.642136077127718,0.009187165694432897
2.493905509,3.593904834083197,0.26850427086791223,0.9133281744758623,5.4881047435151335e-14,126.79242373279237,34.62740661373194,6.894725916280328,3.8140693204893448,0.02327175531714948
1.533067261,1.492362246610877,0.3463260666351244,0.8732950693186186,5.837829702201495e-12,348.03227047497273,77.73636977459186,1.9292203584544532,1.5960158747352415,0.04388122026615893
1.8267239380000002,2.866747525608857,0.3025739322766054,0.9829291948649124,3.372239932055402e-11,1076.233116824207,176.2930584900044,5.98095345478721,3.073579276400985,0.005165180636851119
1.90391414,2.483757342740745,0.3074320582110602,0.8476283109214322,2.3728341278036688e-08,289312.3567734477,8594.714037733966,4.308832019740891,2.616834997044476,0.04684394198651981
1.796617734,3.057030208314192,0.34234292657447996,0.9019162423201614,6.981452217682715e-14,287.31255221602004,39.14210392203387,6.914168312797874,3.324292839485252,0.03357828065353807
1.980863963,3.1698230764118143,0.24951899452782333,0.8819808991986247,7.822423081014565e-14,215.33155664841615,37.90505114678586,6.746314020358742,3.409537619836474,0.02944800736703701
1.816784834,1.9298414796420436,0.048688153337933256,6.377914609269818,3.109007698937783e-11,2113.695525734914,345.3926859881415,2.7250704175479235,2.0436646089664023,0.26184073113444034
2.295330107,2.774562128097988,0.5348437714535919,0.4040151680225383,1.6045762285570314e-13,105.34366966633132,31.57474085696228,4.463621408322684,2.920681175703732,0.3187587752639609
2.421949759,3.66044804127905,0.37434122247577156,0.36812637057604947,3.0424843730219336e-11,1025.460398328159,202.1850580455081,7.363951808405725,3.905749481792765,0.2365363468887643
2.097805962,2.990779985252583,0.3522318156315388,0.42164841044184637,8.151854922086017e-14,175.48860564720255,40.769513161642564,5.672724022631425,3.1699791834273183,0.20371383046345498
2.251918302,2.805981360799519,0.10992533404747404,1.4634710759625071,5.174448096362257e-13,129.06290150774848,30.641146717622505,4.652964389413705,2.9537527430025485,0.05094721284652082
1.5643459050000001,1.958941202427241,0.264066960730499,0.9931289871430304,1.3392556995040975e-13,230.48055479294237,41.40038889476589,3.257936800548808,2.0609022030806585,0.0018144074822801226
1.78086476,2.362003546216494,0.30585839068228554,0.9829155096069063,9.889424865504989e-14,183.01749533416162,34.945254236011856,4.164144568455083,2.4899762361776143,0.005225434737258616
2.314841195,3.7925594497924915,0.3235077723755483,0.8582592111770356,5.288990315885959e-11,4634.261954457724,547.283123205704,8.26991919191171,4.096944096299339,0.04585424684687023
2.091862583,3.0066433018131824,0.2005446004872948,0.8903074142537938,7.651261855874879e-14,179.18428448484656,41.13462273427057,5.749336680572052,3.1892696900396835,0.021998255784891257
2.274778832,3.2834873664921833,0.3482882401031894,0.6562707744284904,3.7988013664135156e-13,152.47679502780124,37.265048057665936,6.307635645251355,3.4848336084471443,0.11971684704633329
2.022846921,2.9349122341972,0.17762333628576082,1.7448419456705477,2.318114702824836e-11,1196.8012662856252,212.0299709172284,5.663972104347883,3.1158980829484566,0.1323013113955801
1.517417126,1.9663850687890065,0.2592207189248753,1.2399767949007867,1.9432733955615362e-11,4040.0736640596897,464.9709743519443,3.383683133949413,2.070257504705485,0.06220695729946929
2.474563848,3.2303540899615566,0.2038312540788586,1.1904391815097402,2.2573642336253046e-14,105.39881475692357,30.969622249268777,5.613824438680386,3.4047320629207,0.03881745719288174
2.032741931,2.5499890518466626,0.2624409662071814,1.1223689142380453,5.142221057509608e-12,325.0524999928866,77.43546126506195,4.255078406651191,2.684108074468903,0.032114616086356296
1.592218351,2.061252225857871,0.20145042392834833,0.6312715300083279,1.564238388063915e-13,212.63562119277842,34.954516718867865,3.544039503835915,2.1701961315103313,0.0742805065942736
2.454609779,3.2306684895651188,0.0701856188862477,4.490625274199394,5.388964533248843e-13,117.42750257344929,29.96275261515376,5.660369664257306,3.406185240277509,0.24499169516966263
1.492330682,2.118123780784452,0.14863134314453613,1.2267149706275855,1.5698380253553188e-13,343.37008207474037,56.9534318180587,3.9915072554371585,2.242483236201213,0.033696950595352076
2.262817608,2.711901669702016,0.49969265609414476,0.45335285713560614,2.6678672222915255e-13,108.52031157299746,30.3135649308128,4.325369569722637,2.854961625025334,0.2731555627641844
1.664910015,2.361994467965478,0.3817404787658501,0.7202614289036612,4.416310321997743e-13,278.92602717949165,49.02857191975194,4.4527263049227574,2.5013070541707427,0.10678753605959118
1.800274639,1.7641450880765328,0.14910514368319674,1.7117301397558156,0.0004132338804977497,568981890.9132155,1439355.53231389,2.2978763425450235,1.885343159339618,0.10612262475195258
2.41162149,4.144534827536971,0.3834198933126332,0.8021565814877116,8.400917844031772e-10,10272.3903695922,932.6331484476796,9.480656742256512,4.518593875466091,0.07585710241858823
1.6553046880000002,1.8362255035026445,0.21506206933684802,1.1222621219769964,1.18369832664302e-13,182.18146898047493,37.53147207123955,2.7064992403257575,1.9379119246662095,0.026293944953886955
1.6609460870000001,1.9846701549309953,0.4366690259023643,0.755536507964145,1.1364298996311667e-12,201.86837754685627,40.97037105151051,3.1511592902583705,2.0884783548240726,0.10674963493598721
2.103160117,2.903325179924403,0.2506944337263461,0.5825442122675094,1.9510272636388708e-07,512271.72379941226,12730.024077984897,5.332259305064774,3.0690459797827163,0.10465384231138247
2.317617714,3.0247960505459166,0.24163914631412634,0.7317898879741573,7.543150697417018e-11,1693.7045701463842,298.9354926496478,5.2542455699966855,3.187814619817704,0.06481006250274082
2.3476467960000003,3.4708465064251524,0.20562972072082936,0.8045835308615,2.985541447956503e-13,181.3213588972199,34.9255668747309,6.829917922567321,3.6933809054835254,0.040183433973200317
2.337441332,3.9590580253441603,0.3066508571783098,0.6718257261066164,1.888161308997495e-12,347.9175135459768,64.67339561283508,8.925158844123919,4.303631511762449,0.10063492239327551
1.7481412,2.0178015474535105,0.3750912346958761,0.5744813831471856,1.3180745544954034e-12,196.98069326903575,36.55588704950888,3.095721448074397,2.1255213885962836,0.1596083033814036
1.772129977,2.313222648210788,0.21904061625291768,0.8230516190288397,4.083217836399419e-14,185.60455280290927,36.53068454184372,4.013594457589584,2.436859941602232,0.038758882412879
2.260577376,3.047326626449247,0.11973550267011786,1.5654276866423678,4.928676570770859e-14,138.95583958139528,33.92583512958265,5.466901417058644,3.216541884391428,0.06770176828372577
1.2680755750000001,1.1222808370722825,0.16512910030001085,1.7600048845885008,2.8808492674449754e-13,185.7405807516527,40.453167087070014,1.3167255966660083,1.2194876841621147,0.1254989228157127
2.4919997240000002,3.683879308122354,0.25569361555123615,0.632536086896461,4.643789562801857e-14,133.5682338113538,35.516766430324004,7.249805795951993,3.9203127720393405,0.09395817652604915
1.958855909,2.5734766540437435,0.28940779729178157,0.3820461910129267,2.655413202609239e-12,170.40759879605173,35.594002419598354,4.496599193184816,2.7122528638544607,0.1788406506870152
1.941327505,3.0405322819154605,0.5571001889388979,0.5289050046437791,1.0752833473136915e-12,362.108364638686,55.42920534727368,6.333390770999026,3.2594220689659896,0.2624471109211199
2.425623261,3.615263821537475,0.5832349404106282,0.45379768630335915,1.544630687491757e-11,621.9551937515567,139.21685160397817,7.172464780710041,3.8508477891569988,0.31856427388100755
1.7927871450000001,1.7678601219204761,0.28206893844410313,1.1185479902360165,1.2671864199997202e-13,97.24207555552672,23.53091281335201,2.3171987128016935,1.8876986493285293,0.033438705760555076
1.919769616,3.0231011213041485,0.3472797386559157,0.8552413807784263,1.091319203551487e-10,2494.671318053345,336.76525275656263,6.330954694820138,3.243339233885687,0.050271735451459354
1.7088649660000002,2.239597860452071,0.2618843780820626,0.886380416302745,2.123564778866744e-09,28271.419294305124,1778.7544855430172,3.900797521691471,2.359544634919123,0.0297551940144985
2.005684947,3.2391913049513876,0.4367517123693527,0.4567199120136925,3.719008754713257e-08,125772.15221665119,4699.6953406275015,6.957797244872488,3.489509949755053,0.2372785087241924
1.88000087,1.8880570460926922,0.11292848112931042,2.3785105104498974,4.2236059041668114e-14,107.98752434733747,31.624352164827865,2.5214162612207667,2.0115064186812304,0.1556730981658973
1.49516079,1.7267325552209922,0.3670608509213841,0.8881624524816909,2.052598602374391e-13,226.61324927269632,46.30857500188545,2.647664583255215,1.81829025473944,0.04105118535703128
2.450230985,3.950342102479362,0.465342396075257,0.6270329387290098,4.5329649469226276e-13,187.0935603640529,36.220097977973644,8.478143252747596,4.255857885541264,0.17355738594898978
2.158182993,3.23953381940604,0.3935011403474771,0.7994200201363202,4.816538053670592e-14,184.67386740759355,37.02146939882478,6.470128320506098,3.453112389063636,0.07892845080723199
2.295601956,3.8372620386600804,0.4042618639001014,0.3564632521447879,8.969871704001131e-14,201.40772746914408,43.66158434319022,8.536698024387462,4.1604852027415244,0.2601573651761576
2.435344932,3.212141017856975,0.5726479410085724,0.5649537120001435,1.4782133328420776e-11,210.90354998897038,56.05987303192385,5.639641902616268,3.3869227604660437,0.24912836106654018
2.118743435,2.6004914709412876,0.10343501933929483,2.6978914281494815,2.216974428674053e-11,1472.0749938133692,267.97171067577113,4.246614966736867,2.7370169557238886,0.17562143270666453
1.993731372,3.029214326842135,0.25887348213879324,0.8474358442965862,2.9220606378894593e-14,186.46615119794842,32.33325889197104,6.121317978565081,3.233441875249871,0.03949481423650775
2.1643094449999998,3.153142323871687,0.3839314987746427,0.430143990901269,2.708332402712968e-13,163.02659761999323,34.82021392082542,6.112313196676091,3.349443346883893,0.21878567165901225
1.692523886,2.285307774822658,0.34191463592364807,0.9239181696532,5.005168646245842e-14,241.59693541898358,47.77673505234428,4.100654333070301,2.4112635309431236,0.026013491323430893
1.7994360600000001,2.0554825359020237,0.14800170481035785,1.2221873728342063,1.3779059826836915e-14,128.95656464028573,25.53470376574344,3.1209539631869037,2.16615823099819,0.03288410996679714
2.497641378,3.585925788518265,0.6791228610080552,0.3623813227759827,2.099899308292114e-13,125.54990060357807,34.483522337549054,6.8538823870243615,3.804203344012178,0.4330214203085463
2.146861251,3.0559213412774158,0.29737188908804496,0.9276126231783552,3.101867791733203e-13,204.99028036782872,36.869698589529904,5.787778971104277,3.2386688311318217,0.021525970991580656
1.81439175,1.835460079835903,0.14289729615764526,1.214756944722442,1.5976826942173238e-10,3157.954199212587,460.894383450005,2.468257397920772,1.9535922115185158,0.03068818673191384
1.720878167,1.6821918545841272,0.17193081866115895,1.3628488208736367,2.3402942500701362e-11,1008.784435001677,206.21349664938663,2.185477531964312,1.7983235150265133,0.062384894823040576
1.495747334,1.8323830462821236,0.21571979870572178,1.4713338090344599,5.085892979282471e-14,254.81752663866595,49.11217552949385,2.98040431692876,1.9273330154986015,0.10167603440811479
1.813023854,2.9818031389922446,0.5780649254336507,0.5193025369990202,2.1100145694941093e-10,11537.870470554897,930.3006765108637,6.519022024671316,3.2217352021311614,0.2778743431058065
1.969845227,2.1725379914943197,0.17930546685521098,1.1584501282030746,8.194464536094523e-14,108.59246682846768,28.13056203380789,3.1867812227059082,2.2943095319389095,0.028410974210720308
2.380558654,3.4978709594245743,0.10404465965286241,2.401189180838177,2.940774003026869e-14,125.82874330754275,29.022211526139028,6.8408874056857165,3.7195493265069732,0.14578625142958118
2.117440477,3.1342061752417214,0.41312890530609864,0.7641988552025798,9.185291804077149e-11,2695.4183260408804,379.47743306830216,6.172384097461654,3.3351354803890194,0.09741626882008309
1.681568125,2.0652262414610765,0.1407004652582269,0.9664628295300818,3.022893802582843e-13,201.9014881435104,43.32555757766715,3.370622163900023,2.1728421793644355,0.004718695488561964
2.490604994,3.90881625235727,0.38863963552046943,0.6615626080163033,2.4707436718426375e-13,150.6576687574468,37.69703569480965,8.16674442871453,4.193117384285814,0.13153018466704214
1.937939499,2.762434597701573,0.22564272624996737,0.8878277429897976,2.855167049700953e-12,349.54851610010917,63.42696594246306,5.236930840800635,2.927535806840756,0.02531085388139409
2.140273786,3.0451612970431072,0.42232958509496027,0.7469322195465155,1.7085847934332659e-12,256.5558810336055,48.95780528734497,5.764732814435664,3.227120596104376,0.10687801071982261
1.883758392,1.993630942740147,0.2865697206838638,1.0494033349645577,3.752789840858115e-14,119.52305670596307,33.412581819625586,2.805692292320583,2.1120941923601757,0.014157499901644666
1.835188056,3.0526542275229875,0.3817095239813522,0.7440936782710627,5.5735759580273365e-12,596.299119954133,94.8880051992334,6.750895657323423,3.30531604487388,0.09768188025097146
2.489501503,4.226148411039172,0.4740291912714825,0.24921754246713285,1.5294429281434022e-13,176.36911199072577,40.76365240359496,9.5508094029586,4.596421846207389,0.3558928011651212
2.489919557,3.297888755089997,0.3941052397610542,0.696802986817032,3.8103187675074404e-13,107.34112655369155,31.80851145151935,5.815001942331598,3.4781237133023186,0.11949153157530912
2.318197969,3.8774241984783875,0.4759407193530079,0.5485396045410744,3.8534087420506165e-11,2507.8731873130955,356.44361180353684,8.631704293389523,4.20458972566926,0.21486838537411446
1.788545584,2.3452549543131167,0.1486141726237241,1.4972691371467644,3.7615549755043317e-14,173.91048577934163,32.49210056643005,4.087673870287888,2.471054989382824,0.07390124138837956
2.167430955,2.819956737565512,0.3419281474967499,0.8459094085585175,7.091544053189054e-13,126.7212969735591,30.55752340536453,4.881778723085474,2.9713108216433,0.052687910478264655
1.991578524,3.4165380635497855,0.4204005421817322,0.6433761015537371,1.1602491736102893e-13,238.86040332698133,37.23366324895615,7.795189171714156,3.7222844693627453,0.14992488026177192
2.239942698,3.5183817720732926,0.3616195731674511,0.7970295969579361,9.158429231227856e-13,280.74916085898116,52.79471375023573,7.354380543704765,3.77420589677027,0.07339807051369668
2.156377571,3.192813680381634,0.38050383251169817,0.7400429604880882,1.9398612817084854e-12,184.05742415469408,36.83275226193123,6.290104745331748,3.3976974496190033,0.09891464982267739
2.220875117,3.4204860746406314,0.295218948317245,0.746656044914722,1.8231855585881898e-11,1481.9049457797794,251.84024001018756,7.01004621096152,3.6585537188485566,0.07479193598280712
2.482787064,3.6527763056084948,0.1536810813298858,1.128686944777099,1.896378269867526e-14,132.93934751379092,35.20350170715663,7.154309578965073,3.8850872636364127,0.01977674882638389
2.450063217,3.602999127671989,0.6991630632372512,0.4113524232761653,1.4996861056077337e-12,156.10328274494836,33.019789233455235,7.053249054547882,3.8318747487783718,0.4115606429094211
2.4202239370000003,3.937553214214733,0.5084364138664601,0.39020053497081897,4.299451054963847e-11,1538.906800007547,262.23262273626796,8.527131302429627,4.248537120971818,0.31004425317712264
1.67170094,2.403513771819989,0.31726412432211126,1.0064601182595223,4.128288924747712e-14,280.69283526168255,50.22627539787492,4.592066319407292,2.548499148609454,0.0020495637626246066
2.48222267,4.183760523819539,0.3554754015262361,0.8158523725030148,3.948967171450646e-14,174.53611643477498,40.312379678044636,9.387581633887727,4.5439096043053615,0.06545995182459458
1.55283624,1.787228486388273,0.22892684673754982,1.3195454038881682,1.359119532089707e-12,226.06034983616948,40.332751242778485,2.7318576123557516,1.8823974130264598,0.07315252170159514
1.872010406,3.084705396026191,0.2525282436678169,0.7415638384064179,1.6204858960020814e-13,293.9312860431757,51.43487508452202,6.758994126441989,3.3344851460988743,0.06526242998747939
1.7798527100000001,1.6471794062345957,0.10183658369493365,2.820450117040184,3.179596856856808e-14,89.50761608076809,24.566592030240344,2.026251251748853,1.776063096843609,0.18538842070641443
2.264640997,3.5756994504133712,0.33110102062129,0.6990734545483834,2.260341031310218e-13,186.88166852812316,40.089323376697074,7.51362130442836,3.838860439851021,0.09963708633106924
2.4584279220000003,4.797692825620772,0.6655391255407603,0.3719914998306701,6.366488117900979e-13,249.35347589381306,44.88521877744001,12.46387839783066,5.395223978614442,0.4179642280348603
2.217151466,2.76992574409912,0.1810589174821167,1.4978317817060742,6.318465638122826e-11,1831.2275724941308,317.3876055700741,4.604736628133981,2.915778209666444,0.09013688348389523
1.753606439,1.583797551807034,0.06948659753835797,3.753439160873893,1.194067623698534e-13,107.79059769936923,27.941889394500652,1.9013101157219947,1.7152236194672126,0.1913271188179983
2.423531081,4.013191525649831,0.44977893800903535,0.4261369509857569,2.161997346429941e-11,992.3148422714758,188.72272851523195,8.845870312866323,4.343863105233197,0.2581115127482533
2.0494027360000002,2.5779716969082314,0.4399219100852461,0.5935407885722672,2.9531134732888494e-12,165.06775993857747,33.68511611882237,4.3139220820812,2.713734189579533,0.1788103126630311
1.709415699,2.5240172595799533,0.19828864351247097,0.8402553429341728,3.4888876986055584e-09,29618.85432982295,1765.123608899249,4.952896242232866,2.683952431878555,0.03167555135794772
2.416499558,4.003644584741974,0.5144371024629555,0.35273853388641463,1.9648502104785904e-10,3071.6810150580422,420.5876364170238,8.82928800482459,4.333915258061708,0.33297531316339735
2.352896049,3.8347846849751748,0.44791923046806253,0.2917836184246996,1.8867211492991685e-12,197.2436651754254,37.68451891342358,8.318756773451199,4.13882364828031,0.3172237366400843
1.9652952350000001,2.683158104287165,0.1663669951120597,0.8869426552221293,9.70658777815193e-13,172.30943707123717,35.75746565946755,4.872066059960161,2.833794547706898,0.018809010726042463
1.945457174,2.8380816974478167,0.3210749158141284,0.9448452031840173,1.3824408208694708e-12,272.4028385808002,41.89248345640185,5.506390739974669,3.0146936965740605,0.017708821744436998
1.690585783,2.4534251649015997,0.22302965714694745,1.1178799014845373,3.004772697287623e-14,279.58530611716117,51.35286645886275,4.731577636068807,2.603919906374401,0.026290714012612293
1.427638388,1.7806128090089364,0.1604678296034387,1.2833101845540085,3.029453702419594e-12,1011.8234229331238,165.5183777664077,2.947047623863832,1.872710003576341,0.04546217041993139
2.355685944,3.4223117813770525,0.3153086822663954,0.7311134478180311,5.138279183250031e-14,149.8705734972492,33.17793582653836,6.617619524611486,3.6347229950731186,0.08478226444765097
2.176930756,3.1018965739464406,0.30074340273877803,0.8305785673615921,2.929255306775403e-13,143.38146008156215,31.52462629849418,5.880981724405174,3.287727276859611,0.05095237814855347
2.164473921,2.62927613573658,0.088354336943999,3.5491560301613614,1.5822043801692665e-13,113.17356852464437,29.007063429715565,4.24969629747438,2.767439282189508,0.2252289908117038
2.185342897,3.954039565903207,0.537314705133314,0.476099291914617,2.117084593767745e-13,223.3402427752511,37.615557609281865,9.519250451054111,4.359603075372105,0.281499554484032
2.119920996,2.795684987842966,0.2585824435216507,0.6517779458229234,4.851400309449793e-11,1400.8804215401185,251.05888695044914,4.905331558539101,2.947308705245007,0.09004410965723711
2.463426977,4.107682697953176,0.30776926876977173,0.32391943995880373,6.643979499145523e-13,176.85338066895181,38.80275685137002,9.11809120296131,4.452062110573532,0.20807681959333674
2.383862356,2.9400973251344658,0.3944032357092081,0.6315519938254025,1.981388055160084e-13,87.54060505635664,23.76467584613818,4.8264315441523316,3.0948701812842527,0.14531708582586753
1.9891298750000002,2.799298235224616,0.3666700858221705,0.7939426973369492,3.979872347085471e-14,161.77821517933012,31.20824212591105,5.2394624071760125,2.9632637255250494,0.0755550488517458
2.197892781,3.055437107075972,0.3866947900244575,0.8023566458957411,3.742469628349058e-14,128.06712067516307,25.827150853530238,5.651720284933477,3.2316760122170844,0.07642765531507589
1.592676478,2.3119545644085067,0.20636677573729828,0.78920944276604,4.670728909530116e-14,267.0421630888414,39.02885449366854,4.457280023699312,2.4533084217032655,0.04350016765224077
2.382045762,3.4121110162314974,0.13931875265010718,2.3611480964384235,9.270746326881673e-14,118.87832050227773,27.98436477261712,6.505490267552455,3.61876076480309,0.18963345496786893
2.049426637,2.9814577400429663,0.6040563345034646,0.48069193193429033,1.1023905363348143e-12,220.680273652235,38.959876926429594,5.76989986499266,3.1663337238157188,0.3136913280738483
2.216281312,2.688910942004579,0.3894850296663829,0.5226610057648211,2.3269434943460004e-10,2044.1665390566086,345.7804676241164,4.341008154626133,2.8302785325270583,0.18591639233061
2.325852044,2.970890305879305,0.5534814500567996,0.3457538015655489,2.2094692306315678e-11,496.17383092968123,121.86021433627978,5.050765638487734,3.128850067649269,0.36211313460364863
2.182710151,3.036025124208342,0.2016785251258944,1.4844054026522817,1.351345223848042e-13,133.23939031152676,29.51612824319326,5.618946066354133,3.2112833233541633,0.09769416716992718
1.83156019,2.6217538067870945,0.36004064270459557,0.9483682521609094,8.844999283278336e-12,569.8614057359637,107.40127986493798,4.989303334997756,2.7791862657143893,0.018589527675947792
1.939994527,2.709203782798405,0.2816201939678618,1.0654782709830615,1.5107253346301303e-12,304.4168290706505,54.008332595194915,5.0317335035873025,2.8660260246368225,0.01844000337492996
1.3734826500000001,1.4626529512929556,0.07032691897186485,4.375896275774187,1.5576730219880223e-13,204.26476199620424,38.14701127166301,2.0662051060935336,1.5476952617358892,0.23741638384379157
1.928543946,2.4686309459192954,0.4740573794480364,0.6196359713871796,3.5415331658401335e-11,550.1692544292641,116.42290116158746,4.202488517977199,2.599367660363158,0.18031437464049155
2.244063238,3.650483143112923,0.3825647823877619,0.7776354011116383,7.101057526663598e-13,259.9162532114873,41.7690738307403,7.9025695237764735,3.938332457200464,0.08506886438446803
2.131900105,3.509234610343713,0.29412746877227386,0.6570422466072755,4.6877330938223555e-12,560.2982617630712,103.34066883528196,7.685641115053656,3.793582109148217,0.10087329590122776
2.384988441,4.127346871797837,0.4092278875717144,0.7472957900557315,6.32931682449586e-14,171.6877928096567,33.05346844987636,9.506914182691288,4.506316961657392,0.10341361001597199
2.4718749780000002,3.2813746555722343,0.16381174585372052,1.6893414619705631,7.036113378788078e-14,109.42315150429081,31.372585969781,5.798835738713236,3.461067001171541,0.11292222837475405
1.7793717990000002,1.860560004970112,0.24193747462795595,1.0545084421103919,6.00986030947673e-14,114.51386069884177,27.853984258996256,2.5859263489069044,1.9731579913694257,0.013187634830092332
2.279575978,3.7993649305296744,0.42217597855983563,0.4169871141398738,2.994167262324399e-14,202.2875198870459,43.258751857731006,8.42764249207348,4.117104861826566,0.24613403560099253
1.608279282,2.1314282055070555,0.3466299833274213,0.8608176953362259,1.0084374997917644e-08,40481.96567483708,2205.26209446237,3.751862589041,2.246255512811022,0.0482447599450761
1.7064917460000002,2.423609417213199,0.22812001425531284,1.4549037797875513,9.683535169950133e-10,88812.03290686826,3693.273839075089,4.574427179373911,2.566925901160062,0.10377265672993188
2.002417637,2.6947831440326038,0.37161254042062264,0.19799775685767962,1.1373392090879687e-06,1217616.292906052,22440.57028985258,4.82334798811914,2.8435499100368697,0.29803409099715555
2.407627324,3.0742954695184928,0.47261989911962266,0.4992466041611374,4.979663800139595e-09,21725.77010384981,1684.2104125339317,5.225088674850913,3.23778685237758,0.2366660194251717
2.154450316,2.9497822294577456,0.3275520741329491,0.5931871891320198,9.696237131712779e-13,161.99042369257157,34.361585965304556,5.373760181328103,3.116445054448719,0.13325237998366204
2.040779798,2.6767592986122937,0.2688509599350596,0.6371448821566963,1.832989900257832e-11,228.0823053083248,45.77485656783411,4.670364258086157,2.821088490262149,0.09755394674952136
2.172256696,3.071187865178096,0.24623195093952133,0.7452379324300623,8.657938868698455e-14,144.8169998755992,32.25470094267413,5.777512547589421,3.252880333989123,0.06273056092313192
2.234582559,3.5759093126603005,0.36751817443674295,0.7792048351774878,7.945483994654317e-12,386.4389250464649,78.34354482469746,7.6149330328873175,3.847183355241584,0.08114623590002945
2.171674771,2.628535768664782,0.36317227233788035,0.5689789096677939,1.0143467750306023e-13,106.51692936580557,27.71402358388497,4.233233134137963,2.7667308426935056,0.1565349088014981
1.977888293,2.7968594624782845,0.3309848389365404,0.20484558437270795,3.531959143239016e-13,170.42249184633008,34.221351286955105,5.260056540494139,2.961910410290142,0.26318405618607815
1.774481705,2.3402524365563497,0.23640477527795056,1.3407936464601626,5.582840764930093e-15,186.81382091675343,36.34697449820712,4.10249976582388,2.466393609787316,0.0805652454075681
1.9212887950000002,2.5362826488600483,0.2722538109324671,1.1328259121101452,3.01356481079456e-11,1389.4497133767402,238.65856542862306,4.4526408299039595,2.673556743524811,0.03616236076256796
1.907669032,2.6912007413622594,0.3134768708371549,0.9554593967771117,3.0491727448307694e-09,41551.54427466442,2321.863080623884,5.04875268078029,2.849298445500962,0.01396244892351034
1.519886781,1.3797170270622616,0.2074239877345119,1.4383577407271937,6.455067720736868e-11,1298.318292991839,241.97637532030797,1.663156215405576,1.49247276630602,0.09092591063592578
2.05664724,2.4629928324329033,0.39845688338748225,0.3606125370154315,1.2860187198945072e-12,135.94075977451809,32.749046940385746,3.923929676294908,2.592641964232143,0.25476833577786034
1.732891194,1.7192002652002674,0.2744768345158184,1.1008818062140793,2.7832830673436025e-12,286.4658259121038,71.02875869117034,2.266972213288895,1.834231026337886,0.027689718829878696
2.296632371,2.982674112924856,0.18335863948707842,1.177365651197605,2.533943033679792e-14,121.4874282403087,33.91641945972026,5.1554174069888985,3.142806074967722,0.03252152449533255
2.064222088,2.5919462635494352,0.36781337221971,0.21399980823227005,2.7540481644740136e-14,142.4409287050604,34.94042269186416,4.3297291464079635,2.728413169901367,0.2891013810994275
1.887536941,2.834471368903369,0.43886868642884397,0.7414844725240154,4.967713319515134e-14,239.93306814655602,47.487425085820696,5.660137536140439,3.0208308311894356,0.11345436996484509
1.613960081,2.212542831887489,0.19757371895559248,1.5641765838582045,3.844261374706273e-10,8086.310930084725,749.9989479647592,4.028823304386079,2.3363658260322118,0.11146646582052713
2.37352843,3.404860165574748,0.4383721610468053,0.7000223660288944,1.0678253457515313e-13,124.08793546038885,29.727487160279214,6.5011079427971845,3.6115770267893366,0.1315018436696211
1.940706258,2.1958022593350144,0.2939834554471656,0.9901065882237987,4.0172251233775525e-12,193.8285327074383,41.72442002479063,3.3041674145427753,2.315436889842561,0.0029084993801293257
2.451182431,3.539638802538181,0.338718389558348,0.6267027319646357,2.0065226509939473e-12,147.8192556822435,32.53975030229379,6.804270018768117,3.7571824971688956,0.1264426494554696
2.418932353,4.2213788513693,0.4086995402776591,0.6088223857722259,8.106683150853349e-11,2186.5307863251965,326.34396553789094,9.805936486822453,4.617311779112211,0.15987411110180275
1.276072421,1.3532545729785599,0.1698389589068293,1.536193828081774,1.5612125100436118e-13,261.4307626797143,48.91167111483623,1.9026310136026352,1.4322570003119512,0.09106660153367588
1.6446001620000001,2.150278665044758,0.3032308007774514,1.0136824145786623,4.18093605757941e-12,307.93338214870965,44.283304738094806,3.735334254759687,2.265018381769841,0.0041489295292568285
2.068255798,2.809318102125558,0.11403762337339694,2.324520697718614,5.044166125394613e-14,164.41053386763582,38.080794693618074,5.076537592403173,2.9663370785308576,0.15104519247670423
2.242117158,2.8415958620459585,0.23444855831427971,0.9509538347628409,5.028380038610448e-13,168.03772430557905,36.88991356852491,4.792547403880329,2.9919946887944495,0.011498802730695895
2.093896351,2.363562983667599,0.06261506867984754,3.7190419462182214,6.681828733619559e-15,110.35511814775482,32.3048927246022,3.549496566486499,2.4928830471643395,0.17025299820584025
2.428265604,3.2092056051626634,0.2901766813473931,1.1749438356115567,4.3041283293371624e-12,368.96946228069294,97.73411916896644,5.645646730612203,3.384117829787506,0.050764621639945384
1.653806875,1.7473891555188032,0.13245242823998796,1.8710016500802567,2.3714689784190914e-13,168.13173959230755,35.606483224600325,2.4531490805763285,1.8511082283227873,0.11536628355416628
2.113804519,3.389548706863091,0.5399398663214326,0.5584287703038764,3.3520620335048003e-10,6718.527732405918,686.2534231410821,7.231427637598044,3.6476268178648454,0.2384219107335156
1.809007878,2.3020757794957603,0.26575537732717947,1.167742837853302,2.355684522351467e-09,22581.414667801604,1577.711867417408,3.8941844994204,2.423270362882384,0.044578561167636144
2.130581144,3.018058694879635,0.547714737757171,0.561840149958469,1.84112014003346e-11,461.17845834091776,98.70332737048967,5.688246560436331,3.1971052476391204,0.23998660736121857
1.868259705,2.5653776913090605,0.4132088834182096,0.741258960126747,5.933438290341008e-13,205.9189501534155,42.618184762396446,4.684064407406298,2.710267840004884,0.10691409618049336
2.312566592,3.7710558060587154,0.4096885586624861,0.7734857064712966,1.6029516639998134e-10,7849.473822861868,780.8132195337332,8.18441090028005,4.070331139279496,0.0928003144322258
1.835338197,2.2758007934939393,0.2592911423917074,0.6128276551637629,6.78310409405923e-12,328.3336383356807,69.96668731101008,3.751798744880103,2.3948153451735967,0.10039035959506398
2.4315831660000002,3.1688233434773516,0.1367951645047651,1.9823134283988737,1.658905897042066e-12,267.5020546349602,73.51934400780912,5.496997053855783,3.3395620145620972,0.13437572703306372
1.695900046,2.4270829034609687,0.2666614664884022,1.1343354557370504,8.632432329515697e-14,270.5257582886813,50.60484059182901,4.616030135966106,2.5723992069776087,0.03582208962822969
1.930616823,2.617739278832906,0.37759376565837516,0.8428217059146406,1.94376191192643e-11,513.0926647330189,103.96772236871327,4.720442103362639,2.7634308614056904,0.05934954394345038
1.9023203080000002,2.2755362026141635,0.3468017091934952,0.8259261187240798,4.561671723842966e-06,1208144.4627062627,22817.056226910103,3.6196755399883656,2.3950777122433387,0.06036911955243468
2.392951515,3.867261104104159,0.35224139212664674,0.8049682362711448,3.174867192005064e-14,146.57446301520298,28.850989808646236,8.318731928439359,4.167831433329535,0.0686982599647672
1.342077679,1.230128600167213,0.13656599542310488,1.2311184581982118,2.6849050546951972e-12,252.23245497284717,44.68561786780619,1.4955414197787011,1.3279907956226253,0.031562922304492036
2.206590825,2.8182761366737377,0.4878659794399835,0.5933960909992952,5.9331526440788575e-09,40948.881640545966,2489.316597033626,4.7895449761439535,2.967855779898286,0.19836821430875473
2.319575703,3.9095703144622336,0.35629852100943366,0.890981584671613,4.832098538434507e-11,2019.2410373497617,304.99648498848876,8.770230410422245,4.245704489069343,0.03884310014429643
1.432279668,1.2089693614270016,0.11436082714063957,1.838344417104633,2.2342837270443633e-12,306.6700169835971,76.60388265179989,1.354237453118669,1.3273471023945347,0.09587376096882318
2.383703818,3.044151298352431,0.08467543548509988,3.6109977145575956,5.393294946651798e-14,93.91186761663579,24.63747851986702,5.174448780559439,3.2060318026528605,0.22108736853076494
2.22196342,3.3858793383076926,0.3052954954588875,0.550292853433297,8.591227112219576e-11,1236.1342932341558,221.88415139792303,6.865576457395121,3.6162523948021015,0.1372935661224841
2.337386076,3.1063249067955483,0.26736464632342627,1.0596438865641649,2.066753868142733e-12,214.81715524324474,50.94098813663082,5.494601620829545,3.2764047172841284,0.015946666636582507
2.040976365,3.0368537819248855,0.35829937522802857,0.9540903940010346,9.835328227122525e-12,291.2670636874717,51.25513445528835,6.010884583751482,3.2333089755202513,0.01644938314639427
1.866804233,2.5942338389257147,0.3563087401254459,0.3724954909713031,2.1553822421916644e-13,211.84448236787318,43.02410216368116,4.7937419050772885,2.7431636097857437,0.22358534103505148
2.042326158,3.1318136905904175,0.34963160939324484,0.5689034325114747,7.719461363823754e-13,294.3877576036737,48.34339343729625,6.388483513753592,3.3473526421868858,0.15072498669491668
2.252760864,3.629576118071754,0.27786213575735813,0.7792022398507311,1.0197265327084455e-13,213.29179213834192,39.720193212337776,7.782345397987521,3.909403872426206,0.06135133720551675
1.733868377,2.3653002145830073,0.30442236168858544,1.0713455033778787,2.9826695809277213e-12,505.9391924965754,90.7203719509285,4.288666128868938,2.497400662406991,0.021719166634154796
2.217987376,3.234913416704965,0.3037488237296801,0.682320192823067,3.800931649963889e-10,2140.1266885475893,333.3649346442514,6.278145536094998,3.436789424300986,0.096494867752665
1.76467532,2.3559827160268254,0.3314604408725986,0.6878537475039769,2.619891054396777e-13,205.34242893852192,39.06394444691293,4.1809131265797985,2.48444583972669,0.1034641344690613
1.402230875,1.1580592008397492,0.17805442832357077,1.3446168347429504,1.8560857354901805e-07,1194708.3874285019,23140.522141785652,1.2687324880908561,1.277862527954071,0.06136055350083447
1.937848325,2.3482971999004856,0.42423346850351124,0.6211835663382859,8.935855638102571e-12,253.7991187234405,54.26292194594857,3.7845942523885387,2.471377060437902,0.16070660957843924
1.632186737,1.7277393709704185,0.086428056989564,2.5348212634952065,2.409121159532844e-12,373.98277249779693,84.90425127727319,2.4296452205081818,1.829899487289804,0.1326516196301583
2.042468569,3.588464832466811,0.40287015169000756,0.7252197942161931,3.4147896888088e-12,384.5508668878295,54.877993864805276,8.386742231245922,3.929721806835909,0.1107007431855338
2.128350391,2.910617394369454,0.3147137813155768,0.7436430321353978,1.3533203579196931e-11,525.1186889281614,114.55782639965362,5.295980829654618,3.0747832800787056,0.08067907072326475
2.226612999,3.1864402803409893,0.33319619131581907,0.7744204722062478,1.5690578015532834e-11,609.5800088514848,133.19196523124995,6.067987427037288,3.378818797143853,0.07516223949969919
2.261240398,3.0080346443894674,0.38042237509371346,0.8491291066945842,1.0635345646345582e-12,134.7959457885192,33.52977223590095,5.325277282845625,3.172765473524912,0.0573946635637565
1.669576508,1.5321641705618234,0.05815544676195965,3.958754332900337,1.0013672102224051e-13,114.9278421439782,31.962010278133338,1.868416119022499,1.6543794952292294,0.172067680088703
2.416033966,4.009691664088173,0.5507880565987138,0.28185814214516747,1.2684278459274556e-10,3381.616880734032,448.700935761304,8.857675740296232,4.341825400094516,0.39554395825005295
2.243769077,3.4054821817194605,0.4833991116143284,0.5470805351345572,2.653484861654114e-12,228.2721838908222,39.70936799734453,6.8783046093651485,3.635361425360814,0.21894086694879206
2.320724836,3.8028157360832333,0.48752220755777337,0.384140907784141,3.799865885465149e-12,1594.855392596205,260.64126729245356,8.293718583325223,4.108159945498338,0.3002449841816019
2.212047002,2.9511546073819463,0.20626930174993505,1.5561419659724458,2.0484972014693035e-10,6555.2295208644455,731.0148405485472,5.238972391542265,3.1130751220612316,0.11471501499497253
2.273835701,2.8312462195005805,0.479041143024918,0.6510288376286818,1.3209369759228313e-13,113.60781594193286,32.10600273956174,4.691704337262119,2.980373635652656,0.16717154450509053
1.8590164960000002,2.6819669485485904,0.3599535738128754,0.8847744022300872,2.1050153547419261e-13,237.41971123137913,43.95592594666096,5.144759335596214,2.845345244938679,0.04147586571200501
1.881717261,2.695002265263151,0.2631986826419728,0.8192089536100778,3.902232945118516e-13,219.26710597086873,45.158125225377454,5.132605070953989,2.857208824696058,0.04758396524329131
1.962765674,3.15170863829803,0.3925778260606974,0.6627315084894285,2.0272851043212668e-13,243.93360774583394,42.63997470260563,6.7308718820464515,3.3919641013285022,0.13240413119599093
2.420725781,3.4496957274738578,0.24579786307037185,1.014920379993269,4.395304113136347e-12,1092.2934013115273,217.28514879654225,6.543681738387086,3.6569049510669602,0.003667397518543447
1.686839499,2.3118636139345474,0.434639503537027,0.6716782966920577,1.4043288172792474e-13,250.18756534532335,48.46761735533583,4.210614629648153,2.4416041711034495,0.1427015821261951
1.851460291,1.973400189127653,0.2691157597138519,1.053632243624981,3.479955497163086e-12,140.59160483343192,31.82857910767215,2.796674122778131,2.0892790166066875,0.014433281988295132
2.145243119,2.8398371592705125,0.5118640030687925,0.44110085025483065,4.623401872476938e-13,185.61487891768155,34.498244386419174,5.001970001388679,2.9944261115859407,0.2860803561003069
1.769268121,2.2650806224331093,0.35691748675736484,0.6954677532084779,3.130529030893744e-13,182.00153546566807,36.47185930304366,3.854491427480566,2.384637782869357,0.10869288416140366
2.281918157,2.9567702474528494,0.2783804801877764,1.0020026595240554,2.0475702820563552e-14,122.04610998797966,33.69846738900525,5.098876681627666,3.115250698106673,0.0005575013199591861
1.6490045960000002,1.9678299323678035,0.18512975175716476,1.4562783485185131,2.0331310613719804e-13,231.081962546453,39.656794632805955,3.1200960806657165,2.070753027480265,0.08447069739340143
2.159502464,3.2773244253427336,0.4850927504245164,0.6584202336145846,8.01626220663715e-13,185.78516510293184,37.18938616941434,6.617922860016377,3.498315327740369,0.16569786836526496
2.472864705,4.07635963913565,0.3526118841435899,0.5752713773955987,6.28788121256223e-14,168.4619009217035,39.01503447766017,8.945423108553939,4.408774359365048,0.14976435986624964
1.349715139,1.2991689225472616,0.12886850632613325,1.7954562439931723,1.1732775615783984e-12,221.9045747308343,39.2636651985193,1.6587433691633304,1.3913022984515708,0.10250925801119631
2.22026536,3.1937213397373374,0.2947100790224907,0.28860556588970987,1.202969973285074e-11,1420.181808373916,251.56825000725402,6.113045633692621,3.3882038066334594,0.20965510989280367
1.6983802300000002,2.2849458964294156,0.20229399264221917,1.0060331852420707,6.863433730506892e-14,238.43600855946704,47.52467197342768,4.085232865327727,2.410377023637312,0.0012204771309685947
2.381485283,4.506645515163878,0.760907063494026,0.3768265307519087,1.9864487596687156e-13,207.9292074443448,37.12404549660291,11.351223597429872,5.025497038751526,0.47417709453294987
1.8619360290000002,2.8376275193630445,0.48506885417172374,0.6850292987651792,7.843657467492561e-13,260.1250326418382,46.739193905443344,5.750332024519974,3.029891824249213,0.15278247714563886
2.289274487,3.143260414054775,0.16299836152142877,1.5274316186777495,1.5230076299578235e-14,136.4340554316678,35.84823126421992,5.743878239919091,3.3217896084057283,0.08597048965906817
1.801694997,2.616013264821279,0.30279430466161866,0.26534586941664895,3.949059063099237e-06,5155579.368253798,55149.999909465005,5.048921831635594,2.776867671055631,0.22244908663677176
2.413694957,3.4700919948158364,0.6924152571400287,0.3506262053895242,1.1907799211123984e-09,4230.229428114375,548.1775425289246,6.640455282184398,3.6816058371632145,0.4496363229752088
2.292285698,4.081553717796563,0.4488245076055358,0.7309701172650834,1.3436174189279117e-13,229.03000881448054,46.513339906306896,9.672202724485624,4.48397631121575,0.12074720464967398
1.6385125340000002,2.4885479803057486,0.1885268477101436,0.7493789723722439,2.6034828441946095e-12,522.3526088077587,76.85273362956752,5.021361530922909,2.6550965119068817,0.04724879230853765
2.069013535,2.5330483717234262,0.4249494269346149,0.8046384128243295,7.523769583380948e-13,133.30152647431717,34.367060323196206,4.125670060891199,2.6659587748676103,0.083018794515338
2.31894116,4.0396811327231426,0.32399373620319316,0.6389920437134308,3.22299665199759e-11,2394.6741217934723,339.4573528972311,9.366243554987573,4.416697628086772,0.1169643165563646
2.248744126,3.032548842925756,0.07837632420304692,4.072164601470824,8.503284982867105e-13,159.44255136115913,32.830628562093324,5.442324155349095,3.200982018640122,0.24078496881000178
1.683140875,2.4184256478206976,0.3903088492943868,0.8210931412436766,8.922014418912253e-14,275.91963159091995,50.73519321303438,4.617810543878667,2.5641887179040124,0.069828930172054
2.217158082,3.1965397789535492,0.24205430781536463,1.2894344978142813,2.0056991005496044e-11,2435.689924262383,365.95672660297095,6.132357838318,3.39195071204502,0.07005886702632352
2.027293131,2.6432237341857228,0.3044709528870807,1.0040179275839864,6.4855268060843015e-12,568.0556969185428,125.54511151488644,4.584098232845644,2.785026392643418,0.0012233422401276561
2.432963473,3.8524627164261798,0.4773132560427242,0.6472081473241365,1.1723429462805097e-11,355.8292784323929,80.30508757195533,8.12010072317497,4.1381906204054655,0.1683922279060615
2.41025675,3.242719902167812,0.22951518509239976,1.374198405804949,4.435201864298934e-10,9402.926368259692,952.3471134298535,5.806976417309815,3.4225859443290876,0.0858842163696038
2.390307666,4.246087798261033,0.31634462458436813,0.6512467877762032,5.921950651969416e-14,178.13964673547235,32.46726274537907,10.039409149820749,4.6624400156685635,0.11032620399352946
2.361272116,3.5372236791955363,0.15830930520065323,1.0588386715713647,9.998819031037206e-14,148.70905627225133,33.30090824434488,7.0527810222466165,3.769954522527538,0.00931470921539218
1.830913854,2.0990380870374348,0.27095786064742766,1.0241973721604878,3.43705753128899e-11,385.25974420180773,90.53142029395619,3.199251196227098,2.2118310156603935,0.006556468193895382
1.929453019,2.772734245524411,0.21182372353813644,0.8428067778513212,1.886551205962884e-12,637.4942386366449,121.14036002431088,5.299159915258588,2.9407068888614822,0.0332972536304906
1.816364901,2.014741558574639,0.23260188593585382,1.3459372069482836,2.8727107801249025e-11,2502.162471564187,381.42148316048963,2.9707931325066395,2.1266012103311835,0.08046564675155252
1.5534334410000001,2.1187894316600606,0.23714841239720721,0.3905201106919672,3.6184134262125507e-13,314.1336445103734,47.66693126427014,3.838018898016019,2.2364929286672286,0.14453718813742555
1.823484177,2.9048377689906215,0.5017651093050782,0.6161055640580365,3.149998153441902e-11,1632.0730465556107,242.40905996640353,6.151734361251923,3.1216756506466337,0.19262483361203064
2.117263354,2.55077769056545,0.12403925129956771,2.5299101747855643,6.140523084391407e-11,1845.0577244113233,315.9371058545901,4.088643078257988,2.6849450334777774,0.18976891263599216
2.215786388,3.415509591203502,0.416550644872741,0.7325600029630407,1.436675879138274e-10,3646.923864465391,470.16111397552845,7.005594993191525,3.653637390319706,0.11140230323050937
2.498056649,3.5060136574997913,0.16150153884841048,1.8923123380232458,1.1713915670826439e-14,119.94109089980843,33.70587187874165,6.5507205196168,3.7117722265232764,0.14410981572417722
1.670475191,2.398529948308899,0.21923804196406482,1.3495665689156662,3.3150246576390597e-13,280.71493851768844,50.073883963093294,4.5763728419109695,2.5428766241057534,0.07663829010516698
1.9153210010000001,3.215105708680482,0.3603880724939871,0.7601649163776771,6.207661525596641e-11,6415.7171771397725,632.3303108899953,7.1772109182970425,3.4876128675316016,0.08643370350308316
2.168283054,3.038462301951067,0.5351109908549927,0.5192152028330947,5.887822243961603e-13,146.07516709378913,32.74990642867394,5.665397290193112,3.2157776004190497,0.25727322919999934
2.30571703,2.74312487496438,0.5044907289643932,0.33566892748320076,6.402325404852186e-08,50763.08202068055,2976.843482929861,4.343448290288524,2.888226420043457,0.3351488670476972
2.20527645,3.051617217019562,0.33949431333094704,0.3883232907258815,1.2455017643120575e-07,96322.665996072,4269.8099212980305,5.6188091921621615,3.226519305240257,0.20766076439555017
1.75309268,2.5359037563392066,0.26283077356657314,0.8392301180116831,5.896820833442605e-14,278.9735133575604,44.85578656823316,4.875801428333923,2.6907588602024672,0.042255272449195996
2.246812843,3.1761253548190322,0.6324640319002435,0.45253065659477787,6.23580151334858e-12,182.54778400720534,34.1903828416121,5.974956309278834,3.36416654098338,0.34625466827184576
2.314565506,3.1624849152537733,0.4159420939464212,0.6721084654706835,9.27067089315619e-11,3424.070265589276,475.44664766364536,5.751020542871091,3.3410242770757277,0.1363838914594292
1.80457744,2.5582819612519394,0.4366093250487666,0.6732043129469069,4.749309009053888e-08,234561.0958595165,7155.392824033207,4.820899846322007,2.7093237297651775,0.14268204435309895
2.067159471,3.2313808935213597,0.3349094466803428,0.3048074934019074,4.499218839863553e-13,218.44498736170587,43.741401491249285,6.720027758279761,3.4634216974644962,0.23282653772108775
2.047858151,2.5442058669552754,0.21622922722579713,1.3002134883404217,7.768975313523719e-13,165.99837289720287,33.101561989363844,4.204800162342152,2.6777856396505406,0.06491493058661024
2.235958478,4.063114692086137,0.4174271042279057,0.7520382623120946,4.876752682230965e-12,458.19259399778514,80.50468046388836,9.825301880070489,4.484689644048553,0.1035059501223819
1.590207934,1.413567203921573,0.06418269318951363,3.619904034039629,1.694580139167986e-14,100.80595718970835,24.441929571770213,1.6688522931052043,1.53528051378967,0.16815249680273459
1.5522393490000002,1.6244383054631877,0.13669091293422775,2.0887764610040125,6.091608435933349e-14,188.9627087894538,36.771819022547795,2.2577232560137537,1.722215712988026,0.1488258484359361
1.878373012,2.4814108978366267,0.35735889968948675,0.9058075867268451,1.0290409914904018e-13,187.1662194787171,41.53964518606552,4.3589934094028315,2.615712245815217,0.03366049716639202
2.50647593,3.950168095800576,0.3474095559968576,0.43731264702492206,8.711804637650061e-09,51080.52324213152,2804.3864309732,8.287753044068596,4.24020821913395,0.1954829634621189
2.24167589,3.034889166026412,0.47088628100827973,0.5246507858152233,8.028945062692574e-13,194.8122392795579,40.560721621877825,5.467796568348694,3.204185336080304,0.2238354236476777
1.873460649,2.415658325632174,0.2601793370015021,0.8732216918325176,1.6416080108890057e-13,179.50557259520434,40.325574777557755,4.141820775883253,2.5440117450295205,0.03298509616518769
2.3769435420000002,3.5358547986000013,0.36216450459891186,0.5094221002210603,4.064215074142066e-13,131.07139171160608,30.13931598706812,7.000894236080687,3.7652981834561383,0.17766990204061434
2.118577789,2.4091810670418643,0.11167637431136941,1.4676295474792185,1.2196153819375436e-11,1299.895496824293,253.25944972165917,3.6450599959348784,2.5401155416037215,0.05222317238334549
2.244749257,3.2501342383551197,0.16762363445016468,0.8810887243567322,7.91008660744154e-13,201.87079938708382,35.592814719637886,6.262365391812362,3.4504264765045205,0.019932340200429888
2.425138602,3.5951775217048785,0.21673105713745633,0.8519494842759777,1.195264098933646e-11,651.1964418171657,144.82821826594528,7.094394483944247,3.827005346270801,0.03208714478261296
2.310364293,3.654598389032854,0.5035700628459111,0.5630188525988475,2.484842654429001e-09,13709.504878475342,1142.643477656537,7.694008276325359,3.924786728078214,0.2200506238592767
2.4923307,3.941049142240479,0.24527718429487197,1.2702583011407682,9.994324941996417e-14,152.79939700653267,37.99265292046188,8.296246714013408,4.232601279698874,0.06628819513612319
1.829460791,2.0220542044833905,0.15355991186063175,1.5248130890695248,3.0296444104756694e-12,406.43509813867684,98.20158965597604,2.971216216777744,2.134849241548905,0.08059025170082212
1.660596343,1.566379715329313,0.3115887193179652,0.8319488519816488,2.2393761705687316e-12,126.06993597334186,32.317789615115565,1.9632624729498604,1.6834429179216974,0.05236284199095187
1.350687218,1.352674922029937,0.15488693904576678,1.932027871378384,1.3497781793218464e-13,235.19659234822532,40.677129657895044,1.796899488746382,1.440724753761251,0.14435894410313954
2.230771579,3.653951050138437,0.37089760881820905,0.6058622404472316,2.356043395414617e-12,536.0187337173045,107.36623176476283,7.964423057926038,3.9467736632405828,0.14618475256308802
1.930275827,2.625436304858807,0.42351011076955297,0.7571778067678478,2.231749854330923e-11,531.36942239868,107.19743254184687,4.7490773198741385,2.772100316718351,0.10283765395305455
2.357681768,3.0644992590806317,0.431035890810143,0.3737652035247598,2.6157257538705616e-12,116.7223322132469,29.40933605488879,5.3016910703162345,3.2292106248955,0.2699296733550137
1.68907004,1.9212695420047812,0.22666005211840265,0.7990791597665797,2.1624807110765236e-13,171.99393403590514,40.24497756249892,2.904193255108003,2.024974483823513,0.0455407281189803
2.065593559,2.252867341010127,0.4553851974402726,0.5211688901051402,2.409850463800179e-13,106.89562205837844,30.430787160746917,3.268836917790204,2.381151743562092,0.21805259952001557
2.460879513,4.2813051764151915,0.4870507470861157,0.312668017814546,3.332884007636042e-13,195.00574265395582,40.254019003238,9.915391294464799,4.679952134659036,0.3347655554196061
1.546277335,1.7533992780407708,0.14111651613457288,1.4233527788693778,6.423809416267826e-13,254.66281216530118,40.85924352363394,2.6405247552220255,1.8479755962607136,0.05974206924993683
2.473288886,3.8478346307064872,0.41776649481362865,0.678707445516635,2.6551411880199076e-13,149.9567789346119,36.843911878002956,7.969194722181725,4.12228835111894,0.13422526429623222
1.92356434,2.8136461215110136,0.3330977510492475,0.815358189983782,2.375351998639032e-11,1248.7453603731144,209.34946452541368,5.473310961886684,2.9895463769817425,0.06150377166606463
1.653831775,2.0961009680509712,0.26818174969648784,1.0112338544984736,2.1709612762396944e-13,241.85211589682768,42.71450068821888,3.5299014961280335,2.205953396445995,0.003012714755236401
2.498793997,3.9084029114941736,0.5233341326442272,0.31347681935585997,8.95879604306237e-14,148.8837514532935,37.55507069869113,8.138275180874146,4.190533799572499,0.3592810132825571
2.281050064,2.979321369384456,0.4519967486959084,0.20255160405196854,5.148835216677639e-13,124.08603384423792,33.94454005993854,5.178915738948179,3.1399317211434186,0.36044408222127766
2.363037261,3.176897903527659,0.32335405782840076,0.6956490777724121,3.5126080189730384e-13,117.69396328295812,29.614260348277263,5.68483263945015,3.352940593701094,0.09841310570610656
2.021764838,2.991658023449186,0.5160970662202726,0.5168402890692301,6.770854127383126e-11,1448.2891578439107,241.7530762578659,5.88823337985986,3.1830158205516463,0.24935730932720535
2.020152383,2.868438838110089,0.3552244714251501,0.5860667298717089,5.380483658280677e-11,1701.4141975314458,276.38645013088785,5.4174591718392495,3.038928322811886,0.14703922708660608
2.216587751,2.8629543498152126,0.1081713564239083,1.787865973744891,5.101365392314242e-11,2180.9021927727426,353.2885704761338,4.920474723934798,3.015911785113045,0.08522453106022818
2.170946915,3.5622782971514515,0.3802033865664136,0.889482044172275,2.6276099616055854e-13,196.66918219691385,37.74093515698105,7.777599411604661,3.848809967181513,0.04201930108209834
1.697620826,2.200200444587077,0.4664105685874842,0.7164634393495816,1.9063153083960761e-13,221.4602648002657,45.79841390056565,3.7895156238323273,2.3170316330012963,0.13224444846830136
2.254887031,3.7541313682020445,0.3682165962969091,0.8009843533173389,4.12152616041974e-13,222.04020240723048,41.29571916115444,8.317837756501044,4.067174910981027,0.07328086403131773
1.839769451,2.008808175846367,0.03005272035067569,9.077118605271995,2.0566375181962194e-14,202.55301175447627,45.20218549406308,2.9161641105323026,2.1226638728450076,0.24273938668347894
2.19511329,3.207975035676903,0.3741596022189232,0.8330791447572603,7.341441040733411e-14,142.1260729164445,27.899524775963343,6.2380016398906655,3.4088356582488943,0.06245504079966596
2.1989928020000002,3.3667194959720965,0.4231233235974777,0.3596261429965528,5.5414527684869354e-14,155.13377299864104,28.12811820662166,6.858521272147189,3.5979891736182767,0.2709571147202345
2.035723063,2.3608073255390503,0.20503256514506749,1.3948066439641071,3.4675192883021703e-12,228.19781951173292,57.38667955613196,3.641843305157205,2.486980816447061,0.08094821894827628
2.381187297,3.3068513259301895,0.17535677365999755,1.0582378851401373,1.3199054232924277e-13,112.1148220376566,27.30421296601419,6.1125098865737595,3.497717426486828,0.010212407642956
1.892013777,2.7879877091094976,0.2322676798479844,0.45978616832173197,5.210658936684142e-14,230.23428466227026,46.63041542834569,5.4630839455552485,2.964617383554849,0.1254742133057009
2.216760569,2.952584387123629,0.13273527849670017,2.4074495546540033,4.2960765916575845e-11,2242.6815081117707,356.07915842316845,5.232981533707836,3.114334289191019,0.18681820860705575
1.756123262,2.2726053665458625,0.45766721972685925,0.6900105474851772,2.1842521896015919e-13,212.714734238089,39.57204460352443,3.9091330189928897,2.393318055216923,0.1418720108771102
2.336699971,3.4206164594231496,0.40476382193853666,0.7220194135853963,1.3177738529250808e-12,270.47183740176746,58.8845311027912,6.664665452040865,3.635859662577433,0.11251648458189062
2.293296178,3.258084500673357,0.2603617237788459,0.650719793895228,1.489588508976684e-14,145.71552178672007,37.11440918583657,6.160384635223469,3.4526291985140363,0.09093919654326901
1.225884968,1.1646167052343956,0.2541996251758882,1.2710068662564877,1.8023691693824737e-12,960.3510985685016,171.44502277903229,1.4657127586962981,1.249343221033018,0.06888984382249125
2.362347445,4.2898005218875745,0.32141159427482013,0.4944002036233449,5.981852618546368e-13,216.15380663606132,40.144748434293014,10.368406834736849,4.7345405537024,0.16250563661844514
2.212353219,3.2132383818795685,0.6861117823173081,0.4607675592862899,9.49618154615252e-10,7164.530679050282,754.1192219658433,6.209954507892676,3.412227541930363,0.3699737309813958
2.083592037,2.770292848578297,0.16003101603607514,1.9266965537836758,6.84195865741709e-14,154.18649246618548,37.943474265773965,4.900294028638516,2.921612759959022,0.14830019105913098
1.6294990340000002,1.8678282459421736,0.05728305677849164,4.482932202835658,2.6894797539023706e-12,549.1095245186395,113.98258236566546,2.8442383930358086,1.9677785905840315,0.19951300313067197
2.189807423,3.1469244533570495,0.23996050869033336,1.319074748818423,4.708020588328338e-14,139.02964369888542,28.789096510061757,6.017375704790184,3.3381678915008566,0.07656533903670909
1.56472783,1.8520755440343113,0.34081311168961853,0.7914718958029104,4.0566080083231845e-13,205.20041090972416,39.048180469675465,2.9114640495109603,1.949014159515917,0.07106911206614708
2.062834596,3.0010003469181226,0.43916073430827723,0.43375839953289136,2.580616725012181e-13,192.40115042532355,40.366349873580674,5.808059384084577,3.1871458539841644,0.24867107705702957
2.371237398,4.234857897936111,0.461063690566475,0.7190030778462099,4.538448794574177e-14,194.96900244661518,37.54506559709402,10.066665726223889,4.655771263619222,0.12955747796604694
2.2822375470000003,3.1941377493106002,0.4834609189838005,0.4119926757710634,1.0183267213334967e-13,142.35723119915517,36.40763627958669,5.949575883810639,3.380465295286368,0.2842785613409272
2.417527638,3.7865083888461952,0.5487187253260276,0.48688197514571846,1.6384629740085983e-10,2257.6957649849724,347.8468001883744,7.894215018366999,4.060457414411879,0.2815574685398503
2.3084301590000003,4.109432078079965,0.3821345884614176,0.8406100316852204,3.226089851680483e-09,33518.62569703815,1987.282172120154,9.73641118857258,4.514427132546502,0.060908419946846704
2.268086449,3.3110626260102127,0.36923323106645023,0.6729453481584505,2.397443797529798e-13,157.96941903051433,37.307891368912436,6.432873438067199,3.518234317617525,0.12075944583476828
2.436721362,3.0450038659611085,0.43382544689317726,0.5742537272770628,4.545622339731214e-12,174.9012028927056,48.13110382395669,5.065171307525704,3.2057243526895847,0.18469956702713275
1.7985384990000002,2.255864738318408,0.15476860938214693,1.8972481781175778,8.667293444150095e-14,155.66001389358982,28.299743033844283,3.7609933033154688,2.373959955590457,0.1388658527979224
2.398259786,3.7553479962080294,0.34761133434541197,0.5540788641171386,5.554508433880224e-14,136.4517453236085,26.56669207726955,7.826871361699074,4.026817385223026,0.1550072410570632
2.371255842,3.596977754528589,0.346630193422674,0.916643111219811,1.0230733666934373e-13,140.6392078010687,31.886010703681855,7.262398766330858,3.8397731918776072,0.028894014480989216
2.285602505,3.1024077277915327,0.3888704009316265,0.8017191236873339,6.612072801242145e-14,133.62078668540144,35.38652468709975,5.60451622336098,3.2761073377888095,0.0771055638687807
1.557553839,1.6763597262315013,0.2850988379598608,0.8828992717481366,1.0527031929236144e-12,183.6581830120447,36.88222227276473,2.396179069778378,1.7728012400482762,0.03338528154885967
2.402886826,2.97157000468366,0.4455553015800437,0.4454697782994022,8.948165325397819e-07,415414.9493652304,11994.617946067427,4.89131315442837,3.128045363159138,0.24707388016505835
1.733881265,2.7319654190350358,0.22966308627952467,0.7555857793722609,9.636170920074338e-13,674.3610250314433,104.6820732356316,5.721328471609518,2.930604367935918,0.05613292423997121
1.6926849750000001,2.195333637444404,0.16918471879188637,1.8147930266692032,6.052206211431059e-14,222.87170844487827,45.890649801974824,3.783759893222238,2.3119594236222096,0.1378505290906191
1.583928016,1.830549283380226,0.19143612607766602,1.510136585543989,5.877086050954299e-14,174.0825968408143,33.49913649976173,2.8097388731256263,1.927738694377216,0.09765857170702913
2.34452023,3.245919283611457,0.4473446653862573,0.5195735139972341,1.2478474499283137e-12,173.68977671237872,33.08979082982003,5.981328440023653,3.432441493449314,0.21491622562360277
2.374762352,4.111157776027804,0.3102404639153935,0.37001031286489133,1.9576252950876622e-13,179.5003795706493,35.589934894580686,9.473086051612842,4.48898526153369,0.19544829279870973
2.173652258,2.607291476154007,0.20179098963593808,1.0407592951920104,1.513099134640466e-13,103.38817829078924,27.1229367093053,4.16129572047406,2.744636637756415,0.008224858513659117
2.29899731,3.961134032035171,0.31698897045505353,0.817091230980665,3.408878090343421e-14,213.43178797858775,44.96545201773408,9.083315060450026,4.320715548904074,0.057980062378640174
1.9650013140000002,2.69670560604961,0.4360378551638362,0.6146559957249303,3.7387268156650865e-13,174.54770424236082,36.002296381303665,4.92212452964522,2.8491076739488883,0.1680245731243455
2.024073223,2.6629151408660103,0.34945698412602777,0.9671112478445649,1.1201889017737698e-10,838.0668640276654,170.31844145439,4.659987181371996,2.8067927818208034,0.011493204139906732
2.309803711,3.1878935317444776,0.10103635982762366,3.159191839287937,3.429355399506408e-09,12465.562796197632,1121.4801258232906,5.8557948350769315,3.370237864113178,0.21815688361116453
2.315544661,3.320649526268673,0.6057970086582144,0.5411938237746403,7.294376438063558e-10,3058.081708042821,432.92384266864633,6.337984868663476,3.5220746486401646,0.2779434091112365
2.397383321,3.4365522349451143,0.6591038100293429,0.49952374624494084,7.291713579291027e-14,114.47296870731293,24.534397157745016,6.556808244400408,3.6449358712581272,0.32986580567917173
1.815880076,2.2180877299290147,0.30976873214880735,0.9124370364780959,9.072570858317176e-11,3345.3448207776255,448.77468178841275,3.6016857168104317,2.3339242657336925,0.02712426819337249
1.998637875,2.363688290987972,0.3376927781369356,0.8157361361802122,3.720728042340768e-14,112.06332097194148,23.989018995173783,3.7179015895384353,2.4885107843028758,0.06222457608355009
1.324550328,1.564072339820232,0.29641493330791013,1.1233519074149287,2.0715481250980608e-11,1519.4829505183536,223.19935085012472,2.449453436041254,1.6453397543363435,0.03656334740979961
1.8525612470000001,2.6273958874109593,0.3050114124062546,0.9692458439144129,7.567343465719484e-13,244.99866310944086,42.48822476316462,4.954578985838971,2.782898650932178,0.009380368585027332
2.300234639,3.7343142304015506,0.4491638071234691,0.5102774232517563,0.002794166125610198,1535157097.20191,2557857.147122329,8.06851424399345,4.027522396559311,0.21996565700655643
2.103767452,2.7974798539888197,0.23573858408035464,0.9163484887643788,3.0404409565098785e-09,276912.443137098,8570.93773397204,4.949134016100992,2.950325725615726,0.01971988881486722
2.393533014,4.176995015445459,0.6647497624614116,0.35648616804903815,4.263579123866627e-14,170.71418706475913,30.9884276289097,9.702252068300139,4.568661625438212,0.42777566693003466
2.296876966,3.4904249056350727,0.41175626677985927,0.6906678338154658,6.973573331803327e-14,166.30472657787584,39.68377233735407,7.059315455060516,3.7267838396661324,0.1273694579430708
2.321060996,3.455459560409123,0.2594196960943747,0.6090094683770424,5.559113692751819e-11,1251.8625159763537,228.2951958259587,6.846801183586489,3.679968459280947,0.10143064488940567
1.744132967,1.8262749061066903,0.15002951163949407,1.819833480707298,6.683556347486386e-13,181.70455011309227,34.440270012752386,2.5417363407902704,1.9365104174007304,0.1229992167362225
2.495509077,4.116060499042988,0.4074477377238231,0.5662857817412558,2.704459952761084e-14,165.93566236060187,39.62986619296942,9.037917196428625,4.452211269702921,0.17671587704818179
1.864854468,2.8710773806713226,0.18309372113297495,1.490726753844007,1.6854435200102224e-13,261.8633786578281,47.4950300297694,5.877556738518502,3.0698840871722295,0.08984898742080466
1.755214861,2.09160499577537,0.19377269211606515,1.184184941292088,4.4292244741235023e-13,182.8302457059425,36.59544237502842,3.312957530212013,2.2013194487525505,0.03569001192140728
1.674466664,2.268659827785983,0.29770973846753096,0.7133801696505496,8.445546268688394e-14,247.96028927986154,47.49264673448145,4.084518596583305,2.394154316031054,0.08532951473294298
1.835633756,1.9977106697888933,0.23390886147806605,0.950465373728718,2.392065832648361e-12,248.45375017059405,60.107090990278486,2.8904606358111415,2.1114298974777856,0.01158658803485707
2.394100339,3.3537484613185153,0.2787266439541326,1.2411575188478083,3.844167439518392e-14,109.8838197387334,24.7446019235482,6.253205255549659,3.5497805712373385,0.06721702589275508
2.276554894,3.332223854304124,0.31604086945509957,0.30113121240576934,1.7633497931454107e-13,156.4610850126186,37.87033175902331,6.491222672554416,3.5417560338325327,0.22087109926631196
1.563429379,1.6730554210201158,0.3327103360246175,0.8907387070715437,2.01415442096847e-13,169.7809992606508,35.56027214829184,2.3777953129005267,1.770152982588152,0.03635236148471088
1.446203997,1.2474603270284443,0.19461470767848454,1.7537146678122593,1.0168278941666723e-12,166.36559511408663,32.334346294076816,1.4281973472715634,1.3631051990656906,0.1466839597492689
2.420854692,3.3192245243000627,0.2501114364323423,1.3484541614361343,6.825649651053025e-11,991.4647635504767,206.13274575627148,6.057743489941223,3.5075803845082696,0.08715237084761884
2.210527276,3.312718059757959,0.2492016063906044,0.8079216748115128,3.1106081365863748e-09,12762.939381416707,1094.6660068549443,6.605831308736472,3.530464396050478,0.04786622718978792
1.889504853,3.0652994247163887,0.28733836018703474,0.2961467846026943,4.8823052532907784e-14,279.59958687766783,51.32523517475223,6.612674554097728,3.3044566219061013,0.2022440287246336
2.478234506,3.22759583402285,0.45545372976058635,0.54694570215063,5.2790726750576795e-14,104.50772956476558,31.033694691506888,5.595965359116043,3.401525207832349,0.20634526973955916
1.795995126,2.2411460628935767,0.30546808958558974,1.123094553775213,2.9456672447139766e-13,154.6923844588053,28.88236134977427,3.7173321609401535,2.3583229077454617,0.03760145818010496
2.327892539,3.461236737910749,0.5725328474950305,0.36129080460778085,7.055999582575209e-12,542.3533442429004,118.3967393959602,6.849629438583819,3.6855775984810637,0.36568199435916704
2.460465237,3.840170680865014,0.34698060778399337,0.9372144513952629,4.935940873351612e-13,157.32597411704924,36.07709831540429,7.97868554184634,4.115991475515274,0.02178536781492313
2.224261602,2.9891484934944414,0.38430305619873817,0.8459548953685868,1.1518130776271323e-10,707.3220286486074,155.48309918910635,5.345440589158448,3.1544521560294667,0.0592000045023065
2.077762114,2.5031418210151686,0.347095582562922,0.6411700130046785,9.390158890068295e-14,127.22163541533924,34.215817001894216,4.011939955420455,2.6347495650901585,0.12454830337718684
1.6128703930000001,2.0729983008682997,0.2630152047855545,1.298015027346482,1.6203850611622625e-09,9250.594231217343,838.3251551908553,3.539012107283619,2.1821498990040435,0.07838248344670762
2.491938842,3.987217924991923,0.7108885453396641,0.3263912380110449,6.106047164056589e-14,156.48315394433698,38.44190374591168,8.493097824841591,4.290282271765088,0.47886075293838026
1.766931943,2.1630155320381865,0.20727383082283254,0.7441872708204976,3.9640177674230624e-13,169.37647106552626,35.36135377259678,3.519589926845315,2.2758969753843377,0.053023284350279254
2.304961632,3.342827841227086,0.3312893942469507,0.6834178261797714,1.509921835871052e-07,117250.66919799213,4858.104121218142,6.4522779037272615,3.5495713700362868,0.10488031659428637
1.789258222,1.9735765324996353,0.343927405452575,0.3161997813001551,1.649754419600095e-13,122.79774212002468,27.164794732424262,2.8935505411601894,2.0838440100318922,0.235177635065341
1.591903378,1.6334627473759393,0.12901594290681412,2.3160659673263537,9.316947106498695e-14,133.69609665323983,27.78589302600315,2.2260794732741065,1.7353623448051971,0.16979349170217795
2.383583782,3.5083915719865573,0.32816928935598366,0.9617358668965076,6.629999114520376e-14,124.80525367409321,28.422235832179776,6.873367759528827,3.731463693500389,0.012557113368395878
2.196173251,2.9670364309690522,0.36829542450590524,0.5202189660680246,9.781728091823557e-14,121.24859290679684,25.52968112044835,5.333589868446548,3.1320018464769306,0.17670115956185897
2.122132525,2.80785194597191,0.2071817385827855,0.7422593441698828,8.972154666161465e-11,1015.1287135483752,198.22280101269342,4.942988955772245,2.9605915795432134,0.05339915717835103
1.915190138,2.7203545849718602,0.20602741922629852,1.3975545805176712,2.0827705750407412e-10,4722.6585291879055,545.1989040195236,5.138610906670848,2.881940070522914,0.08190714422564949
2.407095487,3.335897141131583,0.11304344798573011,2.5080424376664827,4.475610901257079e-09,32142.535801411286,2124.851841865759,6.1535130823462,3.527899667721873,0.17047431686262465
2.241365635,3.106072148974123,0.20909519833638326,1.207689773461415,1.263106801414312e-12,206.47442414832642,42.37298919180318,5.72808487502998,3.2845920885956454,0.04342693437435305
1.776571788,2.5532515551290453,0.23004849638717517,0.6729918386174903,8.211419413352014e-13,219.33292428925225,39.05105180144508,4.877525039935346,2.7074343452386875,0.07522773583238107
2.136573043,3.377948978808992,0.4393942546044049,0.625438009425341,1.586608493136754e-11,379.9918036976554,70.17778292866699,7.105815886267248,3.6269719859770464,0.16458038665169444
2.382709288,3.283339379350239,0.14704841521513842,1.5474716587257693,1.3968481909575902e-14,109.73743824191833,26.786901143283004,6.022050099326061,3.470829486805308,0.08050483979082748
2.386193876,3.3533126242708406,0.16495407507592508,0.769854990290242,5.6746883822129496e-14,112.77562757068551,26.584669129995426,6.272292796208138,3.5502611593499642,0.03796335721001293
1.9607314200000001,2.7415036543841205,0.43347674600399466,0.7257197309683436,3.332691431492879e-13,188.88228587675786,37.52565802139833,5.098078116024633,2.9005096529585748,0.11889411851294263
1.759326171,2.067328896811495,0.21457256638911598,0.38906429554997124,6.419045622928189e-14,168.130513675046,35.372815642704474,3.228955390868887,2.1764531052983758,0.13109004200258512
2.17020922,2.4410580557982406,0.3865008201697993,0.5379866898351483,1.3129618751855302e-12,92.85996905698796,25.987741755696437,3.6533695274376794,2.5751808158068323,0.17856852330807904
1.450207096,1.4715252642975245,0.09291503019360915,3.4540118224633276,1.1929366984159979e-12,211.6404512794834,38.512197477158495,1.9819310433275175,1.5650791527845132,0.2280145825796539
2.339423343,3.219156638744495,0.1717333584647066,0.9986064114964353,7.898581644243691e-13,208.4020344316079,45.851455777973165,5.895889326306099,3.4026098579590185,0.00023932563403497586
1.4256212700000002,1.839744425745948,0.15551377070500344,0.9453747606828894,1.7517468494734576e-11,1350.113908315233,205.12902229816893,3.1504016375745976,1.936226605813299,0.008494976941867072
1.828948794,2.77411626056328,0.3753496362630984,0.727193273347519,5.007089869327889e-12,802.6795724818128,140.6250001974031,5.59394441288541,2.960014904402394,0.10239790561913525
1.7144779790000002,2.477661729102362,0.19507395764874513,0.6299321757610626,4.046374564416711e-10,7117.5679848249165,687.8136120870563,4.758665407894596,2.628588964819864,0.07219059507274973
1.821256326,2.547555736622882,0.28742374478524285,0.8084613722469477,4.079331017744591e-11,1717.1883108518496,267.7016728707909,4.737248230065092,2.6949744710621713,0.05505274965980894
2.080226831,2.7198765961892155,0.3398415073471932,0.908745215066822,2.0913374292347257e-13,149.49961671354154,37.22052731334014,4.731174115888028,2.866276194053292,0.031012163664335124
2.328295202,4.119982826032372,0.584878617909779,0.506603063435192,3.585787333630188e-11,738.558986690887,136.13580160778642,9.703321343832117,4.519975479979372,0.2885773183389438
1.9284615120000002,2.6215700819508942,0.11511961923028505,1.6770066552959808,4.7689588321130126e-12,625.4011861784606,124.50698658457057,4.739533608339536,2.767919359248265,0.07793674837404216
1.954739381,2.9842105991154138,0.4036850559088698,0.7274680908496289,3.2089231996815087e-13,243.61042682071337,42.17928260435029,6.059188202124686,3.187417632471103,0.11001705898231856
1.809713214,2.2621061260951074,0.29434038567898985,0.8413512381536898,2.27244260842723e-09,17128.52996895064,1321.9711527577076,3.7586832725060666,2.3804643905392564,0.046696737749337136
2.314717919,3.678206306925509,0.3617502312377164,0.911182760971681,3.4508270423442254e-10,4478.352113334682,540.5490867667961,7.779141858061994,3.952998061982602,0.0321296567563899
2.15215048,3.162213162591985,0.35313494104117976,0.8472960857999657,6.973780284351665e-13,194.07659953526692,37.24968547787824,6.18220787235424,3.3621870315076423,0.05392508773778648
1.754990442,2.0106477948297288,0.30392927727882824,1.0174754845930902,6.366563821708905e-13,169.58142026431835,35.22022157851623,3.061850093173181,2.118625313366528,0.005311311402475205
2.189482119,2.6153118110189477,0.3878976839820262,0.6680012948335897,2.3184707101992918e-14,96.135520525951,23.99668182128134,4.156674278064055,2.7532524276203905,0.12878152881908211
1.82460861,2.703705843210879,0.26832094738237583,0.8105885629655204,7.186702298679747e-11,1224.6203649076726,202.20772102449064,5.326083572824824,2.8765424958493164,0.050823056230148794
1.9497788150000002,2.2676645606075696,0.10084210093837034,2.108222129079777,3.9284975692774264e-13,155.03912204815322,32.83349070850464,3.5076317381194997,2.388503697866928,0.11175544780279859
2.13118444,2.6324757097113114,0.306757303419771,1.072955928784351,7.1364973200535704e-12,333.7508136659544,82.02820802375254,4.326426313296999,2.7707493225439244,0.022379763982372403
1.773489314,2.442554874791657,0.22924549527249752,0.7270306030754243,1.1432187322747777e-12,204.91037957739212,38.20636673456254,4.471513275294891,2.580720330575641,0.0625770045922093
2.476119466,3.9688203988863466,0.49904158736051457,0.561336511967127,1.8017915252015665e-13,158.61004933989202,38.10093563098763,8.468555781770547,4.271687102308649,0.21891132338502506
2.43401875,3.5559445909085015,0.27463713325506905,0.7968667391438402,3.2829962772654348e-12,281.5281100315649,68.44176932780466,6.915241570401427,3.7790336504436866,0.05578793643028987
2.123615569,2.6809633341658063,0.14117674237735117,0.9354603331212805,3.0484992566572954e-11,758.2536115329559,162.84607490148693,4.50319727009185,2.822471015284693,0.009111499924057048
2.264261208,3.0203837625178016,0.20255654462698566,0.9147757087925443,3.946535162111448e-13,133.5894437002501,33.84279716249215,5.361965676599426,3.186251123527006,0.017262737945266227
1.654222262,2.3472978603511305,0.5884051517510218,0.48642562493016955,1.8235573841702572e-12,301.7305708177492,47.872380027922404,4.425610520583176,2.4857301530570877,0.3021898080983998
2.286368588,2.7510194829780183,0.1536102975035559,1.9712465766231968,7.000792932836659e-15,104.94894542214743,31.38010008010575,4.40537092483997,2.8960294133592015,0.14919347558439947
1.8322238780000002,2.312418648475017,0.4264373997845455,0.749366791946477,3.003230320325314e-11,420.71048495468756,89.92092597299002,3.880015244569825,2.433860059503972,0.10687937354200333
2.473042262,3.571476215649506,0.5111232720311168,0.6086836114859732,1.3107982348725648e-13,129.26279026352768,34.18908008807469,6.866261569192598,3.791059704898322,0.20001091289668915
2.007473759,3.060679757107232,0.2958289799401322,0.634707806372437,3.940311606564821e-09,47501.45436615254,2516.1422348042365,6.206552194811415,3.2685718454051758,0.10806401702093524
1.779374947,1.7713593854121215,0.13392066931046134,1.6968654093596751,3.901276547771241e-14,103.79492503677727,26.517954561126917,2.343912476053174,1.8890762281754836,0.09332468204075633
1.660626287,1.8071005701621112,0.3315178307118841,0.9562124025302409,3.20186296638621e-13,167.75865445113143,37.2862005039992,2.613010340274929,1.9096928109198303,0.014516369325259737
2.247146228,3.419317746004221,0.29206370643622837,0.9512012054295664,1.2738193910909354e-12,209.90344200136414,36.8453275953026,6.923956895748056,3.6513769687512996,0.014252356811860933
2.175537655,3.4681996090284537,0.5918449099914938,0.4023228552016525,1.0880333785312462e-13,180.7489078166843,35.603787209104155,7.356669183770277,3.7288287423654376,0.35373217596715095
1.528724757,1.821379801820612,0.19372565842373984,1.3879675352516982,1.3210953021867742e-11,745.8282337518297,134.64747258136583,2.8817566677721866,1.9163931570826822,0.07515926621367075
1.781235732,2.2158138573261787,0.06432567585464552,5.042199463242994,1.4332168659721375e-13,160.7390686090357,32.68468398615922,3.6638764188351423,2.3315951194975,0.26001721241239095
1.6574607920000002,1.999185387974918,0.20141012197604807,0.5518236615308539,4.0581528438768265e-13,210.98718395717322,41.02984449925872,3.204075708878181,2.103473613765604,0.09026725099784932
2.288994728,3.049932144001832,0.5066418854060577,0.40786850791682105,5.75156701016136e-14,128.50463273810445,34.78527269075262,5.408512708582575,3.217273290517248,0.2999986155573239
2.077120196,2.3136522992590387,0.39118991381524726,0.6663153331321124,1.8011591200562907e-14,108.83181497993965,31.614139957865262,3.428572754414438,2.442023548986503,0.1305340760735184
2.03547075,2.690061561993275,0.38728687590019695,0.2765228866054965,8.175740027954316e-12,300.85197131778136,66.60067465369461,4.729093926576678,2.8360317101126458,0.2801931910318498
1.7890515640000002,2.7546878224538056,0.45999279338662546,0.6316523167385142,9.045012547613345e-14,239.43582095062493,37.988030940132674,5.637908770551779,2.9450775086918783,0.1694372797609428
2.4478266140000002,3.654746689879906,0.4179703499014483,0.7548795941766071,4.311489077120517e-12,167.90669640770435,33.27667940349705,7.263900664503385,3.89380945445264,0.10245306178998853
2.4723976260000002,3.9295199019583995,0.3952588093858191,0.7199643523558739,5.378711461252854e-13,156.71742646580927,37.59097844745678,8.314126626688244,4.223592336521009,0.11068655667340405
2.137746745,2.7663162404230444,0.41550632905439877,0.3567419769134583,1.9458813595094575e-12,239.0350983870703,52.89597399296951,4.762924529463179,2.9142101000618537,0.26727777980747863
2.2922312639999998,3.1286883295259718,0.2396765870877204,1.2396025937344248,9.2497652966577e-14,134.58623635989971,35.65515311190198,5.683413735565736,3.3050505845235363,0.05742713192363255
2.383168612,3.3245361151294466,0.3490337387790434,0.43248031335196474,3.265903371233589e-13,112.27471137183574,27.02330544607023,6.17292811014493,3.517667512880765,0.19808351806147492
2.193177263,3.405526461349548,0.41360750420004877,0.45187954426845356,1.1801074536978233e-13,161.04438148202547,30.186012509105993,7.036152010296149,3.6467118917990495,0.22670673369611824
1.906979186,2.795616563133803,0.4325422350459835,0.71967818082544,9.828822503914016e-09,60393.988772973906,2936.207612348314,5.450081850062524,2.9710546696660263,0.12125102619792022
2.105923316,3.644803881618855,0.31240981097123455,0.7305295004517898,1.6942708306684526e-08,115312.09516650393,4407.290228550663,8.392696986276519,3.978830276302846,0.08418522782618051
2.33168504,3.809326706208289,0.28586720587850634,0.5679800959946579,4.623486700914946e-12,469.0360374598988,95.35558509696855,8.283164858649684,4.113037670213252,0.12350032284190768
1.627704852,2.025531875565351,0.2255119247696255,0.9993312941844317,6.108534610354568e-12,769.6556439435542,144.01759821697718,3.3484359785865268,2.130981886743446,0.00015080113557344732
2.218756305,2.577254086128749,0.0941619783780821,3.218193751060567,1.384714789141148e-11,1186.2704528698225,241.80388117704135,3.9835579381216326,2.7151157440758262,0.20886951202576193
2.299719583,2.9928529798843986,0.16465228934645895,1.819975186966795,4.2144835283375e-14,121.6897637630659,33.953591770230986,5.183697481932496,3.153768521540259,0.1350107917413735
2.329845212,3.774279939524469,0.484986419116738,0.6994403485160676,1.8932573099097845e-11,536.7995597915699,109.52625405668641,8.137852162749422,4.069220493159672,0.1457673491041671
1.814105711,2.2549904368001528,0.44215190971247054,0.6907737411802326,1.1046322443326185e-10,5088.951167640018,591.5944410606459,3.7261273504414296,2.3728639292083473,0.13672498087040286
1.963057787,2.6090255344251325,0.4016857056029872,0.7923634385213992,3.11143850217953e-13,166.6394491567434,35.237717341631374,4.611809052664798,2.7511951391030127,0.08340463870650977
1.647635817,2.27820930462417,0.3211953788909634,0.9821922043205913,1.989458780251106e-12,319.0901442280693,45.75069612802636,4.185393847116832,2.4074168180730346,0.005719781680460556
2.104050759,2.751505951148028,0.2540769007819522,1.0646490865149276,5.005604488685284e-08,214164.73142392776,7268.703682115706,4.787161729199919,2.899655029899195,0.01642583954009713
2.43456998,3.6877569187008885,0.3971093000715807,0.5646622478716046,8.515792129429733e-12,291.92742193235256,68.12818379098412,7.435740654377829,3.936078890355921,0.1728766700424424
1.8482344450000001,2.289170517428774,0.2637340846576905,0.7349723384818079,5.924567582731881e-13,201.04068011303073,36.61690594810623,3.7697967749614776,2.4089213399638054,0.06989682771946862
1.869825826,2.33563825455722,0.1443041055491926,1.8217322524008668,8.605944144884934e-14,169.70657445976283,38.86613360907931,3.8794470849622114,2.4580750492153305,0.11857933768363044
2.193115167,2.725088464299549,0.3198156100257095,0.7756729699341619,1.247058064312756e-13,103.13809309530136,24.169331605468336,4.505471433116117,2.868375739143043,0.07174328596576168
2.211331107,3.4121049727940735,0.5061212199852902,0.5157310215760789,1.8044559328713119e-09,10681.987809317914,963.7663226067831,7.005618877616596,3.650498207440949,0.24509880616094515
1.9890532950000002,2.7845556174147323,0.5064158909168098,0.5978672051119078,5.114252687644034e-14,160.1256036695317,31.06548420688044,5.184619636853662,2.9463674923366256,0.20364643759011997
1.839970732,2.809690914871396,0.27435388201042493,0.9642065551948833,2.6330209457983244e-13,392.7810508288621,62.36571267384909,5.70433577453474,3.0007318136555066,0.009820070532809644
1.55290441,1.9460585046590406,0.2480575484963109,0.4179856862905159,2.483842917329851e-13,267.6731036172339,43.90162698280125,3.2388488955822927,2.047354944980075,0.14437304384853744
1.926896602,2.7011384243039287,0.33222102986006774,0.8660518835805471,9.758778272539109e-12,778.1238836566242,147.0290155615411,5.035668486738577,2.858347707869287,0.04450038118468691
2.486587888,4.579778627811325,0.7371282108121711,0.38684636111499526,3.294967709674568e-13,207.9112932077342,44.17503747284292,11.229165205818195,5.0723796474881695,0.4519728447842756
1.699866402,2.239185915656037,0.22818506930686142,1.2831062456825488,5.908658612237059e-14,228.19409296198933,46.49556135124284,3.9198129766277345,2.359583522387962,0.06460061829227773
1.7054883090000001,2.3554001696573805,0.269748902412003,0.8938553267499355,4.781927469582414e-08,141975.2956113351,5081.664906098029,4.323086677449162,2.4889727269527846,0.028632409106085582
1.819784405,2.5380170504577486,0.19771963149496338,0.7539273218643262,3.254204702546781e-11,2144.612696913894,314.12162179806467,4.705600280688651,2.68424063832083,0.04865339924196416
2.285556885,3.075090378167409,0.16906881824523526,0.9461728672469679,3.5763875574909124e-14,131.28680074371277,35.07479074749736,5.506362548368992,3.245531414940762,0.009100489724084532
1.647619089,1.5280905175466681,0.1125413800292232,2.097777087460811,8.680019569671177e-13,143.61227183997258,30.68546759343405,1.8830056736813552,1.6468849773549383,0.12354534838730091
1.647143136,2.181348800520469,0.49087713145804757,0.6221232241572631,1.6330499179189611e-12,295.9505237044864,43.74834250249791,3.8382000918758545,2.2990367929833586,0.18549106777029833
1.7094632459999999,2.141295980968514,0.21253260682362207,0.474006515905861,3.914638523585863e-09,20976.70286629363,1481.6039151226662,3.5646429003683924,2.2532322708610844,0.11179076634676675
1.70109412,1.6358092111371707,0.09886417440968197,2.3999843092642523,7.6136443936653925e-06,9547005.112149546,93411.06793753394,2.0904490045396638,1.7528511333628012,0.1384082929219192
1.949516557,2.4443176476445996,0.3225427950401198,1.012174270702711,8.487317074350064e-13,181.22975454051337,35.43420449857921,4.07595978555261,2.572725638968362,0.003926723300027468
1.504520536,1.9041205609937493,0.29428022810555127,1.1096158103528648,8.066876729064713e-08,279591.9655861523,7860.652075789052,3.1996905819185706,2.003394555181214,0.03225776567461591
2.283151727,4.088153199343733,0.5721108427888818,0.566697526461476,8.140863983949964e-14,232.87120791309434,46.61018558561785,9.742256287428562,4.496973228023205,0.24789704331863216
1.939347078,2.9516809654734515,0.42718126901918857,0.742986607248546,6.1843753309542485e-12,372.26695537797326,61.49154176482491,5.974719622338883,3.1513551418571573,0.10979130727049324
1.857966784,2.8319191969913358,0.21194793997166606,1.472249434440045,4.3239110467452605e-13,267.1481691917442,46.32304149563437,5.7393564740929905,3.0238256872151323,0.10009229478235188
2.281528978,2.914089937161675,0.34903142456243286,0.8756812526736828,1.1343464623539568e-13,118.62082917995025,33.20742120018942,4.95357956052446,3.068963478169562,0.04339114947912165
1.532095556,2.0302958411202106,0.19019195160209088,0.5598430888806801,4.874560645022441e-12,692.8624354507094,114.03191649572166,3.572937328006515,2.1395440244493873,0.08371430193693151
1.726599297,1.82125064676194,0.10407028714090277,2.6851677525331517,4.197334235503684e-12,566.1585885351523,126.75838407552338,2.553307170346286,1.9298014115740334,0.17537589188671487
1.814086109,1.8658830551792793,0.14373951573850574,1.9590396553237979,1.0736712013361952e-10,3500.0639687847374,490.9984224126831,2.551183919387128,1.9822244495491375,0.13785189563026617
2.435736185,3.7902785318685304,0.33528326594156144,0.8370317344521858,3.6427293738891265e-12,286.7850531418729,64.29704685242673,7.851185296893107,4.060642946126034,0.05464053231770277
1.738983024,2.2342794576096305,0.35791296498861996,0.9292887399162438,5.6861454776602215e-12,335.4575304959588,59.33032862679036,3.815503721432391,2.3524057369303306,0.025308476754658638
2.326158819,3.4698571204342477,0.41456649411274527,0.6814371134112087,8.452982853322053e-12,654.0352356990742,138.39662632365355,6.888903295360061,3.6961870348457113,0.13206549904755127
1.386677543,1.3005917998918968,0.17885643798369277,1.739279638096303,2.3345470464096562e-14,148.59253882396752,30.419307218361688,1.618168178290466,1.3985413728148521,0.13222492274377823
1.840652855,2.9377169662135865,0.4017738490792431,0.771595251427298,4.888195906878036e-12,417.182665089215,62.27505479202081,6.233738974771361,3.1580957234397067,0.09176705498203125
2.310218537,3.0422309606482,0.4606109967418297,0.6694268473693664,3.816766175315167e-09,9941.440528501475,980.2243792524123,5.331936692931317,3.2073671376455435,0.1522656293292851
2.447596704,3.6760135229931397,0.20753567656263092,1.5410273942922543,2.68830177870272e-13,170.73288964222672,33.447099885002835,7.349369755560073,3.919318041909271,0.11228248631336027
1.850686572,2.799930051554616,0.6471121291419664,0.46088490260640336,5.028877138036798e-12,286.73945078242707,45.073605046499885,5.632298915320008,2.986706432485848,0.3488679185269489
2.162897425,2.846985970368063,0.48648257248011867,0.4663099777051174,6.798970386421307e-13,134.82858616161826,31.699038420150746,4.986228722938672,3.00119910273496,0.2596308949529864
1.8782750730000002,2.9527926860657887,0.27761053700460303,0.6670575125323159,1.1884551108434915e-13,265.08671155240705,49.42875453811826,6.172729881396375,3.1669730799055906,0.0924283427375521
2.269381465,3.2769282987636106,0.47890028509176663,0.36545309263706066,4.287433645398366e-13,154.0513436593024,36.98419523180365,6.297342305338256,3.4779923665730954,0.30388469484021047
1.616488252,1.93260209999467,0.2756809385679292,0.9827265377454075,7.734751245299125e-11,3582.339901467953,454.3871764383161,3.069088503475616,2.0334538414929915,0.004761964286663756
2.4915649760000003,3.840141156609042,0.4033565505358782,0.7108548070847661,7.151531216862502e-14,145.2246374789326,37.027394006497644,7.879263976370562,4.10853524831773,0.11662860761831978
2.173213199,3.171754269588322,0.2883146838342272,0.7083698364892232,9.982598000497495e-14,153.44798520143047,33.09469228157439,6.15936793898782,3.369860575232893,0.08408125838913358
2.245626452,3.8232797190782084,0.6357156847329684,0.4911896629146455,2.310785107428963e-12,272.61529899961397,41.00693850769323,8.662423344409646,4.160047137313213,0.3234587118394286
2.4870621440000003,3.9210390184082238,0.12098493470802932,2.4983741508153963,5.287298715342477e-14,152.30751115313373,37.822449323758526,8.229589114153969,4.209158287794083,0.1812806988045996
2.275566243,2.9309314784942275,0.37683621123604416,0.8040874427252658,7.713772492990632e-13,121.28739087882897,33.28499815575364,5.024091089978329,3.0874173065933572,0.07382694581697535
2.356851142,3.1389922933762597,0.1418394063809904,1.1113426015710461,3.132175617775855e-14,123.9073480266223,30.25300163135206,5.564532640905384,3.3112439023315807,0.01579276851175232
2.155845809,3.314015672388637,0.37795118899680047,0.7296191005228382,1.5091253050799045e-13,199.90989640505714,38.33505161448429,6.77839346503257,3.543623285561969,0.1021907824394177
1.827514831,3.266430432262469,0.6762293106651318,0.3923978930867336,2.4566474179960738e-11,1284.0970562671182,187.28259399567406,7.7616214561548285,3.5899023965359538,0.41087835391663985
2.423860136,3.459141123706078,0.5395640298003638,0.27304559411898754,2.2771982557348593e-11,706.4023858187023,157.48879434058833,6.571110652347759,3.6674226343519827,0.39223844871828834
2.415136861,3.5279984195518885,0.25199244064106796,1.0384862188008601,5.737403290598756e-11,3157.4394977257816,448.0459642697087,6.859854192754301,3.749224950771616,0.00969823620667487
2.079980379,2.8012865698841787,0.1705934618809185,1.2360381042276116,1.1125264811248451e-14,158.65475760117448,38.330978804204356,5.019227571442575,2.956352293842187,0.04026655733599735
1.9885005260000002,2.8368896031917314,0.4982128373496924,0.5720111466547888,1.4578590056352508e-13,166.55784904716407,31.80784313192678,5.382830342335495,3.0067221201437917,0.21322954097915908
2.129590787,2.638157458006315,0.1712356119099208,1.4397543601905136,1.0621083868407696e-11,384.1679377652802,93.55239827171444,4.348361127067542,2.7767715234160346,0.0753016069572783
2.070350973,3.0173252479650663,0.41247686135376477,0.78628159301244,2.6554448867095187e-13,188.30802537902127,40.99879405310639,5.850225518051969,3.205115591996421,0.08815389772775523
1.479187225,1.7926915698028218,0.16769342573127133,0.9646505593637674,5.492982210331657e-14,254.02382163710405,48.450077750570685,2.884493478668721,1.885650213654873,0.005927868797974051
2.154525732,2.9786924670686163,0.40658150277180816,0.7358040662784162,2.318869947386624e-13,164.9718449655211,34.685296911898135,5.479418969751808,3.1491710735778082,0.10741717975872256
1.689247435,1.9269988900973145,0.3818144490585183,0.8827985729574063,7.120208855583792e-14,172.9576771623286,40.36170686732353,2.9212340903464002,2.030745348108206,0.04474919829514007
2.047512944,2.8932081815366595,0.3008928621485549,0.6361088406984862,7.280434907195541e-13,216.33760639594766,37.605138383869544,5.438421397821864,3.063972729779037,0.10949225243278823
1.765108869,2.2887238655346436,0.18560171731436223,0.904093221790289,1.8722919999403586e-14,192.94877448042334,37.8474791430615,3.9446387367761337,2.410460841169084,0.017800462737810024
2.241511173,2.941689075964465,0.13451082055610164,1.6372344341955125,4.05238151028618e-13,184.17143119261414,39.745507820663775,5.137500879344409,3.1007802754546683,0.08571492663024155
1.311789832,1.096189165478663,0.057903250826182466,5.633403446220695,1.0619206135924122e-10,7860.591030218393,808.5195523241706,1.2147247293716323,1.206136544865792,0.26828912192541515
2.392110715,4.053862226233949,0.4399779883696522,0.7365414458791824,1.3828500413116276e-14,161.45767448805532,30.484881702534384,9.144095229804304,4.40720822245444,0.11591596466085446
1.970207108,2.388508413809281,0.40075737191925104,0.7696594759946341,1.0327242724397261e-13,130.88483786226664,30.853243211218246,3.8511579037640282,2.513717789476518,0.09231066304689356
1.6827201660000002,1.7592354484738615,0.11197152662260607,1.9318631020229788,7.009534414798772e-14,146.13646439963634,36.906901775656955,2.444143282033322,1.865610902196209,0.10434213413679025
2.050047219,2.392835802604613,0.15301296098689415,1.9089926500065166,1.0340377809792914e-12,140.49991873797018,31.32018871588142,3.7154063289012846,2.5202344744221024,0.13908765689282065
2.440541224,3.8939926715354694,0.34108103670033163,0.905709302942484,7.446329539638638e-13,238.1980591025041,47.30155445946767,8.270515263998249,4.187916611013838,0.03216076870357448
2.228636046,2.938717371382941,0.3570948782811916,0.45335318209323755,2.0930221538405412e-11,420.77723262203256,102.98229625518728,5.156527415093396,3.098246849971856,0.19520477890321603
2.382582748,3.32270956357465,0.42517078122709817,0.6372131562043074,1.3577210691654097e-14,112.4500669098327,27.135464985791952,6.167663000721279,3.515649524774116,0.15424636579552786
1.817611292,2.0608588169862534,0.3243330648425298,1.0163109519868487,4.813068802761189e-11,2061.1887876354576,331.40700224419754,3.1062440010245056,2.1726368437994026,0.005290181048394016
2.369529875,3.6402323809136954,0.3601504406241438,0.8862548989662248,1.8944959175418207e-13,145.8847364990073,32.63155675876009,7.443527924475234,3.8926104872605247,0.04096534825615189
2.34074548,3.662095081272917,0.409892015609953,0.6728185797935704,1.9706591993826494e-12,254.3434368613224,47.710511362582565,7.625697840489893,3.9262757926071457,0.13410905179854044
1.9580242380000001,2.549846026644025,0.35578983695850014,0.9496725462628459,9.799545000526339e-13,169.18381673241458,35.42652827116789,4.416271262317674,2.686402358321145,0.017905996559678505
2.24317896,3.0456746395604113,0.17587355935777663,1.882124452226819,8.14652606778541e-13,186.08783600407696,36.89357147951943,5.503064971234169,3.216154434070998,0.15514236720965965
2.105410574,2.939961111296264,0.31268857574989195,0.9589441207296168,2.361372805823868e-08,99559.03828588063,4286.019343686352,5.461871952233597,3.1105230645652258,0.012837704415215645
1.888834857,2.3723930856176905,0.3302542388852487,1.0246257332385336,1.8425216560806573e-13,167.6848703640132,39.73212263949378,3.96240039950651,2.4969712569483784,0.00813275278768305
2.119427957,2.6687502718519176,0.25958541990959333,0.9877481603705378,9.191860002426866e-11,1382.500055388628,253.6476804004419,4.471037309729398,2.8094787534866468,0.0031803989348789252
1.731825845,1.9259389797069968,0.1440954477517321,1.5377723655676538,1.8683057812457255e-12,389.7439841348857,86.44185585865084,2.8467142118060385,2.0324487722440066,0.07749054980497924
1.728930589,2.149544272920431,0.16481319056668936,1.0612709837737693,8.678888255916824e-12,622.9806618677549,122.1208160588459,3.5520086871105847,2.2617916821902897,0.010098266324914784
2.236160482,3.595489464075509,0.3119112516177892,0.4052024809023121,1.1683830550755696e-11,354.58880653506833,70.21072711847226,7.693161376188353,3.871292253667874,0.1855240386409157
1.811750902,2.31160300916723,0.37678996988927727,0.8168393477807855,1.9110818650645564e-09,9681.541500765532,900.1490264060486,3.9206022748513933,2.4334620194371706,0.06901309663457822
1.897165705,2.703777971439332,0.47797844390542193,0.6994783420876229,5.0336268045514623e-14,214.40452203971927,45.06041604173716,5.124109018201206,2.865199274215974,0.1436428744088355
1.523916339,1.8538900139997514,0.14625942809532408,1.0959100047346655,9.699326227105904e-12,1316.5675314769996,212.37035048182736,2.9948928716032768,1.9501011155205559,0.01402774244111199
2.141576981,3.205105713409871,0.3243884087978937,0.5058909676342037,1.029148456044341e-12,269.0975259480364,47.23712077928689,6.3823366033528535,3.415140398434519,0.16028324278180764
1.439315744,1.7391271345010109,0.2008653972811398,0.5914827421098233,3.0505765223435362e-12,413.22367255634185,65.91626264300609,2.788921122445322,1.829161375889469,0.08205698130231219
1.9882569440000002,2.8661124820491968,0.3497736458964847,0.7453978572673444,2.9855010591391464e-15,170.17039046324302,32.205799023499196,5.494971689204364,3.0407421082605515,0.08905311971665814
2.214067074,3.5619346798400824,0.5777254566618957,0.42249044528411694,2.5407348258473957e-10,5773.559995515456,631.0834711221977,7.625012160471581,3.83540313363035,0.33364197122484157
2.441381402,4.104978340556669,0.42909098564980935,0.309947474903131,1.7103166899325769e-12,256.04922761353265,47.15144032090251,9.187882701482371,4.456120437319142,0.2960953181439553
2.3454365790000002,4.079791629612378,0.5221131305443446,0.6154339498349802,3.2242195510413485e-13,266.6159188074841,41.43567301038018,9.445584934029627,4.459208270250877,0.20078698435273196
1.788805728,2.3384988739493644,0.13698793815022312,1.5141983712927687,1.4211915755689016e-14,172.72470323178584,32.32165229343536,4.063565727934723,2.4636349863666904,0.07043897468359925
2.069123264,3.5176208870939742,0.3492767420112117,0.7305829211546174,4.5238140855544455e-13,256.96942550020725,47.73136045560273,7.955778614349128,3.8258533833074155,0.09410111954129297
1.984258019,2.957861665021895,0.3765225178619778,0.8490386865122923,1.2424289637692672e-13,184.38128404862627,34.40731523645402,5.864202217271448,3.149688317063048,0.056840333854143055
1.677757009,2.530387970949813,0.4569234402662212,0.6519608872291638,1.9711451748146177e-13,305.79622129314083,53.04684842275667,5.071414362549813,2.697540864489888,0.1590272287544538
2.146623979,3.741551267509645,0.42351786119184304,0.23839828931571222,2.0847926084804813e-12,309.3335089583174,45.18773558928023,8.67718476355723,4.090707051315304,0.3225519275890584
1.804335405,2.3513911777674608,0.15599156981312773,1.5435228357085946,1.751777290846439e-08,234511.59039377686,7352.118306723463,4.07322826976519,2.4769362870600222,0.0847849803714664
1.682555781,2.3591806606028887,0.30703120316102606,0.4384919758410962,4.070205696523916e-14,262.8982482001338,49.49328899619407,4.395855179514871,2.49586561254413,0.1724004842420787
2.173406875,2.5071796343431494,0.08616614821774907,3.076740246969777,1.0304799500555994e-14,95.75693806885111,26.12567729534937,3.848303407499065,2.641895285237073,0.17894470793016262
1.957386142,2.4124024658395125,0.19750230273649744,1.2209476009163847,4.235379779853599e-13,152.80314635794136,33.63157865315745,3.9542910792481463,2.5387736589854346,0.043637659965090614
2.206071958,3.2457646846559816,0.3545493616419761,0.8782411361630537,7.831345098092882e-09,70259.17879463213,3398.174373833115,6.354226064400441,3.451579869942481,0.04316952744764163
1.887454372,2.6499549784554177,0.24929350119980342,0.5960202203596858,3.440083312929583e-14,209.7430647440082,44.396903453464944,4.947420048475368,2.804447749877241,0.10070953368045898
2.490751666,4.368205069119488,0.3651202173061683,0.7637583161084294,4.7690307575490973e-14,188.11477734922417,42.12636120538455,10.198562403285246,4.783295174704845,0.0862566149592654
2.187520066,3.1833275426035885,0.3543349232949094,0.8807553293848088,1.289398616456079e-13,143.4784803275196,29.72277781117865,6.163834902208372,3.3811060238831097,0.04225255121576049
2.259342919,3.7357444242261515,0.3167186859179965,0.8907168419535675,3.986708179085089e-13,210.72138550766576,41.490839247790554,8.220409021676653,4.042116741625792,0.034612018209434825
1.7222022190000001,1.9451781433247024,0.25017779810516755,0.8249355541332793,4.8017898718774936e-11,1112.415257118733,207.01211848634287,2.919996995706243,2.05095154407113,0.04379723759343748
1.6775090330000002,1.6832282480129888,0.18825143899440405,1.8147384308511125,8.380904551261656e-14,135.3975734834552,35.2841623991103,2.24442321041199,1.7931795544875937,0.1533756820117647
2.324867928,3.14705817337986,0.4978571609018171,0.6522769705302844,7.760364704949879e-11,624.1337890266958,141.47661067876535,5.669916041081186,3.3227536487681815,0.17311640023197145
1.825449426,2.928840633828582,0.24492423617368347,0.527331765106494,2.8267723268205036e-11,1298.2907856048862,202.33985572306383,6.247161093465446,3.1511482426245223,0.11576790639485515
1.765017822,2.1504503906275745,0.183203079117701,1.3448437980293555,5.769130050143952e-14,170.49270218347897,35.58094837800818,3.4825844900486276,2.2627041830607553,0.06317644561362051
2.36665043,4.341661924060855,0.5815861856588813,0.45132097120554904,3.645153990167294e-13,212.4386879900639,39.62176995267502,10.601327806562223,4.803590502936787,0.31910414350758426
1.650005879,2.442799177279631,0.3094161899474859,0.40241342730522633,5.09576489666123e-13,349.16667824128484,49.35051865340361,4.80516024793953,2.5981540720997587,0.18490296048699317
1.8824053840000001,2.2105421486254806,0.12847477922589368,2.1730003206007056,7.033916343273414e-14,147.32459094639506,37.044170401133414,3.4519062935941065,2.3275602717690136,0.15070095722107812
2.352512436,3.4371045002502396,0.653772014782409,0.4410518374722107,2.2398593020519513e-12,159.59111229588086,33.83777211387064,6.6839414805085475,3.652635070601806,0.3654246663747182
2.252500957,3.5550903720027307,0.618849788221828,0.44998200075956574,9.307893428463102e-13,205.38830388292413,38.87939962655943,7.467062726901648,3.816449076981422,0.3403785223481363
2.327652062,3.609799431748649,0.24011865234700827,0.7691611068509427,1.9248881382907452e-11,604.3335520103476,126.0806386765452,7.451013012896518,3.8651832000787634,0.05542872393222667
1.888988544,2.1908189247779535,0.2933335267455006,0.6385238318188704,1.3385089163961658e-13,142.9593105488873,36.68939953913231,3.378802243251638,2.307683436161509,0.10603307924702046
1.971975934,2.918358420429042,0.249694098396645,0.806321604841111,1.0044589385668664e-13,192.82025639630228,37.2522579483182,5.744148467017601,3.1049634351751374,0.04836035225810792
2.490829766,3.948219472340067,0.6471025733562519,0.3857457582258602,2.818032289066548e-14,153.66465375533838,38.075489996317316,8.331474806949725,4.241914656725972,0.3974855005470392
1.183785959,1.2083192162470358,0.29315906021973837,1.1226003304045806,1.0768649404363967e-13,243.20408501858563,39.628714760199415,1.633059447666613,1.2834539596321368,0.035941397644036255
1.707651827,2.5620492754911224,0.3142804750665045,1.0003572678452661,1.8081537225495698e-09,59068.73915198815,2771.5150941585734,5.1085060458306355,2.729581650162576,0.00011228230813625784
1.941234251,2.2426245269955536,0.39773792298542876,0.6963985375403169,3.518520260440257e-12,197.74997240120643,41.13759700706645,3.445648650903342,2.3626732413788902,0.12075381509405297
2.288755946,3.0930461649518013,0.3544076558691173,0.9526508901376051,3.8046625917872576e-14,132.20916994891766,35.27808900892038,5.56308301547018,3.2653374474747565,0.01678088703382069
2.168595102,2.9874081255466636,0.3424063291012669,0.9126822489725874,1.641696031569e-14,140.84851987668836,32.13609502437485,5.4758222324716055,3.1575657375129866,0.02989815059467471
2.446479021,4.176754452130701,0.4496412189026985,0.3416852109586496,8.667333274383949e-13,226.2830351981346,37.872853682488795,9.49229054139709,4.547751497531698,0.2960054641662256
1.6859370020000002,2.311835790050691,0.293742822196869,1.1762223435538763,1.1631162009890872e-13,250.6511493691612,48.478994786915585,4.212759189256756,2.4416609546716277,0.05176404852966188
1.7261665370000001,2.2069476823478937,0.2417347429043548,0.8132835895199682,3.3225779337159655e-11,871.8134704739621,159.7415052764652,3.7502121328982305,2.323288114318804,0.045135843483414484
2.314696707,3.2528417931831397,0.5897790622231214,0.369598559281196,1.734936151962928e-10,3518.8456947928394,479.54643305937,6.084002182851396,3.4438158366435356,0.37179757053124085
2.096091848,3.4451926171144143,0.35534584079742176,0.9108026330969715,6.586641537612274e-14,233.58163052226186,47.02437719413864,7.53363569622827,3.72324092529142,0.03169591333907279
1.792152388,2.5551870253615525,0.5614090593958997,0.5712647825058166,1.6010698872844375e-13,203.5952420481125,34.22119601981975,4.842466700802065,2.7074291055050344,0.240695835183306
1.931998869,2.4460243504612995,0.2973532030805144,0.29249286085260523,1.7653636054388276e-11,400.60530328230345,87.04106075874171,4.118529063579833,2.5749151005004864,0.21037951402780902
2.233446095,3.0058550624744544,0.34173289909517646,0.9737417159058194,5.003984100015104e-12,294.9064576549885,71.70179594366067,5.383298746990476,3.1723802123878766,0.00897331954876912
2.096249893,2.6793049153432595,0.14885412029059167,1.479075060977797,1.3492493359004212e-14,141.23251114353383,36.56651141535051,4.5560571328882205,2.821433349914948,0.07131229675501152
2.4976412630000002,3.9704252610691975,0.3124917530514713,0.896940846857657,1.9044161386913068e-15,153.91762395925517,38.18102665862523,8.402492464929487,4.267725102613577,0.03220513543345083
1.455024923,1.3430779841316294,0.07705827086154339,2.6679716008283316,6.210926545981e-13,163.6986979836038,35.4973521910607,1.6456460369885733,1.4483703702503665,0.12853100740599172
1.57683823,1.9522882347175883,0.2227066125034769,0.9980306055591286,9.98451930784348e-14,206.40384930584912,37.83891656131553,3.210245180720848,2.053699622031205,0.00043859716460964426
2.131365988,2.5395252641358126,0.3210825141800324,0.5428527021427725,4.541763125854715e-11,306.07280786171384,77.99882230151933,4.025953688719888,2.673547238598303,0.14678200374660674
1.709179435,2.398634648550545,0.5776704862566641,0.5179234290978443,2.5535548868649836e-09,29013.507893155635,1769.9921775677137,4.473652941813212,2.53785622178286,0.2784814071259935
1.883962884,2.7822144053540705,0.6374897035657903,0.47503345927383944,8.764578204834432e-14,232.69011975345887,46.62928862399707,5.46367267674717,2.959205451091062,0.33466076442947845
1.6099839089999999,2.16825080725216,0.28235734820318686,1.0870616417872758,1.8329189015222117e-09,23014.781782639384,1510.8304114702478,3.878560621491105,2.287006010799085,0.024582494305270985
1.844843299,1.796191118823971,0.08983695559088271,2.9159393540991236,2.965781524851757e-13,134.8052237224697,28.951218557126406,2.3251792265962568,1.9214496124488398,0.17212215866902747
2.198825951,3.3244170517593967,0.38413847815820584,0.6641428070400099,5.430680865980715e-14,151.3105656434562,27.82451276969409,6.687758741684188,3.5468489494405966,0.12901567098213745
1.622435148,2.056158986201114,0.36458398214038695,0.7896519804837046,1.6062334255773662e-10,1501.3737324697058,240.74614357559497,3.4615101490896514,2.1637396834983758,0.07668951859059481
1.210868858,1.1783667800972477,0.14062370648780037,1.9783543678130473,1.1190404934311936e-09,16194.337783562647,1212.7689374865674,1.5186742965480557,1.2594291145485104,0.13757981746039943
2.1516938310000002,3.710742286442729,0.4940155673141217,0.6415069787725411,1.068737810022428e-12,269.66607027309703,43.80564055169965,8.514808287134061,4.047936104403904,0.17710113325983656
2.137137679,3.510837278435335,0.3586500407727937,0.7592241494822645,4.762872912599907e-12,397.76714024043486,70.07077066189446,7.67387631687183,3.7939652463485003,0.08635426860528994
2.400978834,4.261595968206823,0.5316541273891597,0.6439772101836568,0.0001915003631193083,22855149.285166588,152804.39523831347,10.067953272848008,4.678620575452332,0.18928098565046214
1.233114418,1.2653702490837706,0.0792679918150016,2.506361329674098,1.3411492331473705e-13,575.5591653498127,101.51715039336176,1.72039070632536,1.3434720080985803,0.11940623755104132
2.333259509,4.1049925129901474,0.37870094696370704,0.3823310436430169,8.045228819155063e-12,484.25721055533324,90.98593199080837,9.61241128365818,4.497783065527695,0.23391181868247413
2.120856757,3.1838564496491375,0.22015189255335393,1.2670722172914444,2.8603376596450233e-11,1571.4288474773002,257.5618316637581,6.359282190612462,3.3937417207821476,0.058796454085132066
2.388295974,3.393630662176438,0.5190486683444324,0.581243602689954,8.769346527448368e-14,114.58605032101124,26.420456169223066,6.418373728917587,3.596445400254093,0.21735495038449143
2.28865268,3.4349969002126968,0.5069710182207656,0.6717230531610531,7.539924862565994e-14,163.08213907255495,39.17871884488302,6.861435690502987,3.6617469701856766,0.16642689799734506
1.6701309480000002,1.977761031593033,0.43583070016987296,0.7686703703127677,4.754130212922466e-13,191.10175790137583,41.277583374006596,3.112200142287288,2.0815968202946706,0.10082055447662386
2.436011308,3.0659123437244014,0.4889908230047504,0.6376992243304963,6.022877250233213e-12,184.62075139961894,50.986678986088705,5.13645746501125,3.228060953692011,0.17716175446989008
1.934448216,2.8850072967742393,0.33721313155808985,0.9511178453657864,3.344447765569142e-12,467.81854444225155,85.17537587226998,5.722246673906031,3.072231539890902,0.016483704441509983
2.172127957,2.8972262805061564,0.32136300563376646,0.8649680047852416,6.362962716210967e-15,128.99216693485792,30.454181490109413,5.14184156265516,3.0561100075334946,0.043394287838939116
1.984375076,2.286933692855359,0.41095708454702423,0.6945224329576798,4.954476660137251e-14,110.16259627838947,26.576904583294525,3.505377347838579,2.4095989771098596,0.12553817034623005
1.342955201,1.0507635881381265,0.18951441043625517,1.236223127120781,6.816074890988221e-13,177.9101314203982,36.02438897852883,1.0904996609413005,1.1755874478435109,0.044767686667703366
2.082689617,3.830762956876914,0.5568441969961284,0.4587055050401599,5.978555023235173e-14,295.275477790843,52.459974916788816,9.374085112328668,4.240198052016499,0.30141669838433705
1.9006621830000001,2.4206001359529137,0.2670979633836185,0.7924826043406626,0.0001705534480423755,61035616.7828161,303600.1964829598,4.099434730632044,2.5483918737075744,0.055427473747281575
1.920847838,3.395210380798387,0.5944493968286435,0.4976626693917543,4.6224146382601825e-11,2659.328292684227,335.15974393417105,7.980954408305111,3.7226141691803774,0.2986141231845825
2.4501164170000003,3.2815657498232045,0.6903657840506092,0.3390941411852882,2.045167097639965e-12,129.369993339147,30.078535745211443,5.850779631888631,3.4628287931070085,0.45626679140425974
2.492324421,4.311800146589182,0.3681045214321468,0.8432704499002284,6.447590621513373e-14,182.9021816345982,41.56685372025545,9.930618570760707,4.707773541187814,0.05769285603375213
1.9538879260000002,2.513054470085134,0.3408864460218007,0.9706060662984638,3.0284772003985494e-13,175.30394247176062,35.6727658202442,4.2988087783812245,2.6465387141102985,0.010019993594117094
2.239209416,3.5304545810408547,0.4474674794305834,0.7140271083732529,2.566621314002286e-12,292.0463912683057,55.68357514734274,7.407345929374439,3.7893347846912295,0.12796356900169592
2.401000691,3.3437134590911963,0.578391258728601,0.5442043233107431,8.476312546216637e-05,13161861.823282616,114685.07168396024,6.1979894508958955,3.537483550215658,0.26362823516335376
2.010121335,2.974312599859108,0.3225509883648655,0.8869123218103816,3.963185083173625e-10,17061.290559266356,1291.6755344874475,5.853563177991337,3.1644862095419106,0.03647654237194925
1.971589786,2.5543278143204193,0.48003220511196726,0.7032477934103084,1.6402496488890248e-13,148.13352825828207,32.691224052110215,4.401357417580333,2.6906385236442345,0.14245061610109172
