duration,joint_length,cart_length,efficiency,curvature,smoothness,jerk,energy,cost,deviation
2.49362882,4.4757379867640745,0.6071338905158685,0.5355189190965502,1.2480347563226976e-13,196.72339782790064,43.12851135628803,10.694520188624011,4.926650760430432,0.28200220571992735
2.359625749,3.4680358358163295,0.2306705946344506,1.0978762388634327,6.732789943908733e-14,145.75062609413587,32.94305177732472,6.784300105031354,3.687924654932803,0.022577170219211518
1.8001416749999999,1.9614558164485771,0.05946740323156462,4.29466440772764,0.00045836747012510605,5139011681.79579,6022727.125623218,2.84084075817674,2.072807148214779,0.19592513684702356
2.166722094,2.8759354983123098,0.3515381592882319,0.8258172678569285,2.0690608927827856e-13,132.61356410513184,31.30100740797413,5.079177636160334,3.0328985641569908,0.061231877037370486
1.644919077,1.7310725959084654,0.2484702571253861,1.173516163651552,2.4967393544592044e-13,197.70236871553425,34.929792946750545,2.4204014287652527,1.8344769549164368,0.04311360579791171
3.383893836,3.792797007165226,0.6138566621672797,0.5128499821503988,0.23085521964298444,737.3524062430972,41.533811512842355,5.109209094901579,3.8925181562464064,0.299040283931887
1.6018666129999999,1.9156625599878427,0.2024367412462559,0.9981798810821644,4.194259324779677e-06,3301319.0330582676,42053.76370084989,3.042682118735568,2.015548092942251,0.00036845894240730703
2.777796026,3.252209431894565,0.347115143101622,0.4637959716290222,0.46519214783231033,486.578619370887,44.87306483096682,5.036471795011752,3.4192965421601764,0.18612453803965814
3.30868952,3.6252873039657394,0.24127960072659665,1.3059444990949236,0.13584220609332762,20404.818682967427,1520.1541257414824,5.019748036283191,3.777540336842934,0.07381816658612178
2.14620691,2.680092706553075,0.17236887641129173,1.0844277061875374,2.1722781618404465e-12,160.61746790801084,32.42589263644346,4.453067524389549,2.8211333514991397,0.014552708853528495
1.537344054,1.776996254468046,0.17472285536589616,1.16065719204076,7.81016051030003e-12,376.47201734052095,67.56068993718637,2.7277487970463956,1.871285882796498,0.028070483328428708
1.773391278,1.8821599704450969,0.05104762839274124,5.152581454903732,2.4359592578713583e-14,121.7561335236592,29.461309223296936,2.6552350317567806,1.993267505729395,0.21197943498051447
1.872315461,2.1092066111857033,0.21023457128522072,1.0744433935427706,2.2555850753118745e-13,137.29718879829025,35.17818411043261,3.159530822805678,2.224514993435417,0.015650574926481364
1.971801039,2.6152386591341084,0.13517387509380832,2.1462412979265517,4.987931880145757e-15,155.04248260209937,33.422863977920684,4.613277163098459,2.7574713118733354,0.15494187803328843
2.4684813,3.7295480703902912,0.42544754324625306,0.7347368859721469,1.0249802867722876e-13,142.74775557812444,35.50784492169948,7.501292091859865,3.97947016652809,0.11285554017700078
3.685471077,4.580581565804692,0.4381433091292321,0.5275164028631922,0.291384402707007,340.60461746594785,37.49545536986533,7.666616962761968,4.83974444967427,0.20701552675880394
3.499561053,5.424221648027049,0.6651337778247839,0.3839570676103484,0.44794758140254476,518.0229711307744,45.43030329573163,11.909888235915021,5.951490727593824,0.4097509629225869
1.7350073049999999,1.9567547554464724,0.31266069662878904,1.0056492395890164,6.5278022612461685e-12,321.14203470307615,68.94633730242602,2.9331808069718113,2.0633409855729514,0.0017662951853247844
2.17968248,3.0046577777246637,0.32947598562763003,1.018875951395131,1.9273421370668204e-13,132.49051459434517,29.914217540519246,5.511081558185673,3.1759524147270004,0.006219172690570041
1.237378883,0.9079868500225209,0.15429310260631926,1.8430615972127222,4.143662312409438e-12,225.96059261932373,53.15846559678309,0.8828510921974846,1.0347165116485053,0.13007858952218995
2.298278528,3.0079606408118513,0.17762814475807626,1.6379869995674203,2.0818504637659703e-15,123.22276717582444,34.164513340319004,5.239446615486204,3.170384990621981,0.11332444711293249
1.9613395710000001,2.671853093616522,0.16587326795147045,0.8895826687950001,7.227451726603513e-14,178.12724340684278,36.446499483067385,4.840826456000022,2.8214423570466134,0.0183152835654532
2.165062593,3.4798114126180355,0.5452021708673284,0.5952985395616595,4.848245579175665e-13,197.1168243443539,38.2562111195092,7.441816292136696,3.7463128606745535,0.22064411478416146
2.067287589,2.5519692286832067,0.5143605593856535,0.4484111786362543,1.020947199582389e-12,136.1736717752592,34.55029109690131,4.191011626721123,2.6859050524175077,0.2837155347075295
2.41179465,3.289557277938925,0.17837364376691164,1.4300382864097316,3.012940931509492e-10,6169.379451727838,717.153089855246,5.972150608983913,3.474970892972353,0.07670749610618258
2.369749677,4.029256665618648,0.540791398201841,0.36586807241768304,8.615403383606831e-14,178.43329453425844,36.06814857056039,9.11864288355876,4.383331113759212,0.34293309176166975
1.5303030450000001,1.6813198650368504,0.23497447894078896,1.339014190553608,1.0446980776236412e-11,550.3850710039253,108.9850698690353,2.4530827611212715,1.7752657162389947,0.07965968277886734
2.073540849,2.8168294157431806,0.21682698771306116,1.423872907744631,1.9349245818637525e-14,162.6427449840921,38.39128532650546,5.090777053984904,2.974303516694253,0.09190708575944465
1.492355459,1.6750846937584078,0.4149768050628216,0.7811752987609266,8.59830647858214e-14,214.73738325177678,45.039826337885536,2.496322111030835,1.7662404833095304,0.09080717538901711
2.156304048,2.7678620030873162,0.2577284507180142,1.2660851325037838,3.156116864604085e-13,138.47629645187908,31.942590258810682,4.727313294745143,2.9151290793839553,0.06857770895929771
4.254391972,5.851229905806192,0.8881081929414324,0.36913696301072424,0.3219288041979032,344.1716515070631,36.59456992622587,11.125718113000435,6.267392373722564,0.5602746317740896
2.453171764,3.9444033503015277,0.6389191111895328,0.4391596876081972,4.1541062326968467e-13,178.2445787511435,36.451389701673875,8.442592147718774,4.247548475264366,0.3583315939126306
2.21619033,2.844896137596816,0.23207674384631932,1.3755528953649987,1.164666619691509e-10,2330.338800845404,370.3951309306775,4.859462878379466,2.9963271627146195,0.08715709309836639
2.441235004,3.440654896550731,0.7017824720131026,0.41377387141801003,3.2192704002831144e-12,180.89603727896196,39.906052120645995,6.45508323242955,3.643772606706203,0.41140322167493987
1.71045365,2.34388462107993,0.2686516999423407,0.8975059281503409,1.3671344112882728e-09,18264.104159006154,1312.9735370996034,4.268602436829703,2.4754557957979126,0.02753520663642331
2.270731854,3.553508579639804,0.2632279930337764,0.6893761867214236,3.8490487495561376e-14,180.40855253815835,40.16953173221022,7.400838378320847,3.8098638491200916,0.08176488295781817
3.692811877,4.94233193876667,0.7020863614176716,0.4272297454363093,0.6293243889719415,410.2925504097189,39.37152892316001,8.881114557158194,5.2302804377383065,0.4021341839548951
2.243258859,3.0513321189863745,0.25581561519109136,1.1912189732847382,8.922104773183389e-13,186.2892834456983,36.771286764162646,5.523332780809138,3.2225029473563778,0.04891679928704418
1.918865281,2.660775429834761,0.3728904456915044,0.762679545183811,1.825659796266405e-11,2244.2114487277468,329.4804836206202,4.9066348921635985,2.813183262766624,0.08849453016811926
2.241645961,3.1244646693158646,0.4253898725556026,0.7336443028485194,7.516946053430111e-12,206.71391787827102,41.840507356643336,5.795403294367933,3.305524910999933,0.11330501606572702
1.731617014,2.4197357197096623,0.3273152012568406,0.6058663971492997,8.848806317698673e-12,625.4512991883653,110.4081160681765,4.494141527106806,2.5593693989052264,0.12900591953916066
2.174257796,2.699326119665231,0.18836017257484505,1.7955939595088704,4.756583366833473e-14,110.37816265270519,27.962331947439004,4.459017922390027,2.841237150744098,0.1498582155125951
1.897127829,2.2299484798730695,0.1663442718729675,1.5985561503961914,1.7806441452406206e-14,145.85268772275708,37.16491900633461,3.4855767320405615,2.34794586995734,0.09956638701274087
1.9592588690000001,2.6041089448352457,0.4012186436575318,0.7932858353615109,1.4893168441756137e-12,173.57237800935476,35.93833370142636,4.60333780560323,2.7460146866547444,0.08293757676105434
3.419826325,4.6224006293765925,0.37825033142126685,0.610341306371761,0.5922405055877883,2232.8615989246878,305.2531031616715,9.005562529504434,5.018003287651524,0.1473885300060593
1.541518134,2.144033214275808,0.28163699332058734,1.048342426292043,2.483976972187971e-12,449.5789479585595,61.22238075078454,3.9602589722224435,2.266272333754812,0.013615015590713153
2.449412607,3.6942205492263174,0.388251370026834,0.6902256639989481,2.085751671580575e-12,166.08834243369228,33.793267750255396,7.416879954876947,3.9408292534659166,0.12027031035156122
2.223280427,3.6225045260160336,0.38990110776518955,0.8200571395162098,5.2049234770637274e-11,1179.4913406035823,207.47948561135564,7.854102170836562,3.9091344153737264,0.07015992063706672
1.47533413,1.6720750328304295,0.35702238461901503,0.9166873234975331,1.5312922547639646e-13,223.43227891448893,45.15736635157259,2.515903976771255,1.762144460486423,0.029744490433903314
1.943495075,2.4139598668826032,0.10275967084622536,2.511928272320496,9.200723715820086e-13,210.2031954106859,38.17679717389863,3.9876236089314854,2.5405066985393385,0.15536525160675638
1.383886032,1.7297188137562245,0.15063221621729767,2.1013643916342173,4.7902932575512986e-14,266.766958921599,41.47913326055328,2.8679229150869685,1.8190265213198837,0.16590095917467795
1.5637482770000002,1.6749646649682193,0.330623354250057,0.8963612846168308,2.430807371774398e-13,169.57884537505606,35.53077226778421,2.3827403916350365,1.772033255114295,0.03426537971015037
1.613482956,1.641769791490874,0.2122393012001393,1.535724369558633,1.4407746153302602e-10,4986.976653012571,600.2679301370051,2.2189424548120904,1.7458895899587679,0.11370176583100941
2.135005961,3.193684364516485,0.5698784207835976,0.46410939592121214,5.7116201558890546e-12,373.12381613977925,74.3213545017608,6.356372252760531,3.4027505807587004,0.3053924911651878
2.3344139090000002,3.3365084677944066,0.24492465203687486,0.9339251843775774,8.873672187378015e-12,295.6897793146293,67.81260650787057,6.347137585880404,3.537796467893844,0.016183351224722503
2.421903535,3.7237650551224117,0.3106149058026139,0.9411734595167388,4.843250528922039e-11,1068.3100046524069,206.68164604986254,7.621057078590761,3.9824788517671177,0.018272400330901828
1.570570105,1.5618117419839412,0.21406319884744937,1.0277843161196905,9.83612714222665e-13,138.29835477535468,31.683007086112152,2.062697988952395,1.6654923365840557,0.005947599586369673
3.306252148,3.6762395193455717,0.5114386958297988,0.5275556157287439,0.4057195434614286,51624.657082847116,2863.5969765593695,5.205415073959742,3.834079681730177,0.24162633974380354
1.640261986,1.8301247940357452,0.2598052419756639,0.9222585837233833,1.1726755094018017e-13,260.7517715739553,50.135445289286274,2.7128990113187386,1.930734514278046,0.020197627467277213
1.611667914,1.7976207250888425,0.15902969709866213,2.0913797160972254,1.7730584647447269e-10,9565.134133012605,898.0681598531099,2.6631755428616004,1.8963505642078573,0.1735617856705656
1.636111428,2.504238609681831,0.18105637876995204,0.8058629525800248,5.3496291705451595e-12,601.8926442891908,91.66724120281899,5.092243209341373,2.6745886569410073,0.03514975079095117
1.164704474,1.1550020619796748,0.11598046968023822,2.5423527531144554,1.5068514355073135e-13,260.014568335814,43.956375756279265,1.5165241986390494,1.23118745411968,0.178882796718823
3.371615639,4.1411707362953525,0.6104144263421624,0.34703792128206723,0.2862118418842656,852.0506400573097,45.22495562980526,6.119157829628878,4.228946116043916,0.3985774727037928
2.295878213,3.512077185236383,0.3494370365590559,0.8053001331346253,1.3574109532236794e-13,168.64436920333458,39.955067852711835,7.150277407276922,3.753237640749938,0.06803534449587922
2.208113311,2.937438060778922,0.39420143594827073,0.843628434894036,4.223911598326498e-09,23068.817490816786,1681.9480201682281,5.199566380468195,3.098133824805208,0.06164189550624949
2.367022077,3.077272009707711,0.17132598306575386,1.6641258528508238,2.6641484196350573e-14,106.38204676574618,28.01984605548019,5.3249054830655265,3.2426987312961897,0.11378201461904958
3.460591473,3.9014889780827615,0.4411178427653787,0.5177746374243821,0.45440327397203006,373.90722786944315,36.13274734358636,5.690311986588521,4.082894577750809,0.21271821166610916
1.261692842,1.3494090342658944,0.11586080284601273,1.5722903022616672,4.88982242617767e-13,279.29765485062126,48.37364163916732,1.913098433385246,1.427060437183407,0.06630601388102407
2.201011307,2.7459830313518387,0.1199913637851963,2.5495701170949996,4.292917451257929e-06,12175667.748694226,109724.35934620549,4.558428520749442,2.890483439490624,0.18593503163101532
2.1437009590000002,2.9934389738354,0.38208854337367226,0.88564283451865,2.627409451211779e-12,216.89938943467908,38.4053163698299,5.5616865484748175,3.167193282829124,0.04369456278311101
2.011262566,3.0960103103336136,0.4441570945998215,0.6692118444950216,7.134086456877856e-10,13103.967397887813,1070.846887361488,6.338806866829258,3.3106705238992973,0.1469219060771252
2.185911133,3.5314635824758676,0.35548421610155645,0.8322517812145497,1.5137028551814806e-13,177.726851764746,33.43421073455984,7.591319678536343,3.805213821897616,0.0596318440573782
2.453009519,3.22778133074449,0.06994607576578116,4.506004241200055,3.486819341430498e-13,119.6235293562678,29.816438323984325,5.653923955585571,3.4031011310149104,0.24523123829012916
2.36108919,3.287298661758192,0.22285548698196866,1.134989623106095,2.2877488867311204e-13,128.70364692717126,30.979190573727486,6.091823206453942,3.4777197819940655,0.030083178194821203
3.250464068,3.8214358200013603,0.6876271927742824,0.3795225373644734,0.3175397764494837,763.6138826525989,44.12927979453593,5.370826886282462,3.9029253324570368,0.42665717581177687
1.554666012,1.8340210720912347,0.2811125937976634,0.9750580434890198,5.671670222786544e-14,230.20924486269064,40.992890282787414,2.873405363403974,1.9301559063172888,0.00701149808919016
2.490346825,3.7300712952206405,0.4403515816522871,0.7007750624231901,3.8775734907812425e-14,137.24101346575765,35.97476830380139,7.437683557490612,3.9757039595863786,0.1317641745317551
2.245430886,3.6226686159422976,0.47789466389447893,0.6451256860611372,2.5082110064403653e-12,246.05261211655105,38.831452198478935,7.777894826390021,3.9028187660549234,0.16959254098459664
2.470250405,3.3084427018441365,0.10002078845159967,2.899762725189448,3.780976313493955e-14,111.72166177805322,31.571057251143586,5.898762596193478,3.49122976197635,0.19001576564440825
3.03678868,3.4894625467046603,0.5283076065256123,0.46985540215030114,0.5405742917362804,1211.7426170884637,75.7264801176178,5.105903544879769,3.6316811996578178,0.28007942360245763
1.9822091130000001,3.094642762391743,0.45283029454780166,0.5579470632107962,8.554461156016152e-14,203.82991463176467,36.610349557940125,6.425735293762291,3.3158878089091557,0.2001749615719759
2.391979661,2.9210167131896965,0.036328185744471275,7.401734699946635,3.502464630498796e-15,83.86106680996404,21.99308577338222,4.747824586761033,3.0747634670280855,0.23256340726648844
4.159427293,4.301379755995287,0.4017205312229324,0.46904588106953565,0.4056703459317915,580.036090013616,33.993159935183904,5.500128811201155,4.484348581838346,0.21329517071175016
1.769863296,2.1748785764352196,0.3068973705503429,0.6855711064085026,3.503432846353733e-13,166.97749769264223,34.88074317061778,3.5524162362774634,2.2883799962295805,0.0964974006682841
2.480990524,4.421568336476914,0.4090583564507377,0.6473541863828335,1.306782492398947e-13,195.2882403399517,42.58094998186633,10.490299741612738,4.859083492513314,0.14425271692747133
3.864542697,4.341930079667116,0.3234456571502502,0.6651481882360734,0.22911912116065455,771.1828169235159,44.468219840485375,5.948177896471294,4.472224689961106,0.10830636430393514
2.139727225,2.604616183589484,0.1808553813626109,1.576085807913185,2.43105890696199e-12,192.3401805210194,43.45120695371808,4.218486255803404,2.7414346145964745,0.10418821848772689
2.280427703,2.925044001290123,0.08345787715642443,3.658068439132218,8.56418400328172e-14,119.72720575157486,33.3173432902368,4.993293992050983,3.0808474801262458,0.22183674926646546
1.718604359,2.332347804313664,0.38761585648724556,0.7976588883040449,9.212219472685411e-11,2800.6762256679517,371.40139939306806,4.206800310375757,2.4617409274006175,0.07843062331260908
2.326600899,3.1541834226563354,0.4647109293521674,0.6685411388391924,2.2616839607845485e-11,514.9645579268906,120.88475995724907,5.691392639884079,3.33059225663935,0.1540325554120499
2.000873815,2.188093958385517,0.39169200203869836,0.5340660285032907,9.014029408381126e-05,17596811.984661944,141907.73538073304,3.182477100097425,2.3120825293736917,0.18250261011338792
2.424748308,4.273056317496186,0.3540529578235827,0.5283666270108323,2.5612611441367452e-11,964.3366277356452,178.59151332038795,10.023544988438811,4.683830847886236,0.16698319071512785
1.681195255,2.1075532102550985,0.5031462395691016,0.5932837486879111,3.276382884648871e-13,210.436338843473,44.2124367573863,3.5109748105970504,2.2176943482214497,0.20463775241931925
1.4550872830000001,1.8912190444110275,0.16971680932298033,1.05201377730365,9.610976592408176e-13,324.3324901185809,49.99045574469461,3.2628660206085858,1.9910957350861285,0.008827612324811523
1.4475177700000001,1.3493618639173355,0.16369931507621044,1.8072796125795343,1.7255746489568872e-12,188.36327242809753,35.092023201974435,1.6695658053320692,1.4526650146333482,0.1321511196542583
1.716579816,1.8525622933444932,0.3652520244160873,0.7572195199604324,4.053671827841617e-10,2563.004441964997,381.5810890193118,2.657167465086686,1.9590903367551344,0.08867606182316157
1.678691523,2.535132113792177,0.45711656684094326,0.6516854411348044,1.9485685139014895e-13,306.2473124018133,53.16038538895589,5.08763110371386,2.703055675459643,0.15922035532917583
2.05671928,2.9384290667639856,0.3118812122134862,0.4792609938896692,1.955372012442008e-13,193.3479121762747,39.07654506510395,5.584833716658006,3.1150260820371956,0.16240871247253597
2.374341009,3.144688210979217,0.2249192798201301,0.9844999611303802,7.632504695852603e-14,105.3011793878156,27.30315137165669,5.543645267585504,3.316340741508788,0.003486257579738916
2.470052713,3.2628528575779954,0.1328108340422664,2.159539173704969,1.0272838437979758e-13,108.72582789599011,31.12837488738451,5.737772071181659,3.44071664246753,0.15399936476443737
3.202975732,3.6191927262891816,0.3188792753558214,0.8528010131147921,0.20075303862934576,426786.59138074395,11970.923997352607,5.17819863639869,3.764507110595411,0.046938706271066166
2.41857534,3.552057273201846,0.49482615947476183,0.19083750316873457,1.3022570814086987e-10,1646.2606079748307,286.59813807466975,6.943909610963587,3.777034967473456,0.4003947706980242
1.731774689,1.7538814398988618,0.24185206221132494,0.8560544725307466,1.0042940904257128e-11,324.5195320610045,79.0370148903076,2.3608698601781724,1.8664364235951791,0.034813522664535856
2.708547407,3.1255195978664565,0.3191121343714125,0.8738528949472683,0.1784547102949955,30640.499387394488,1880.1013042223692,4.743349661978017,3.282296734342186,0.04025507193815203
1.82633016,2.5494932707233526,0.3554435183678339,0.7627585920976095,2.1738000676701886e-11,889.1032308370488,162.4457182628855,4.731424090350097,2.6966141903593606,0.08432592072736411
2.398794992,3.541007214975357,0.27894169795506063,0.9995731808473305,1.4866580263224786e-14,121.19521308174413,24.909468528895605,6.957361212460933,3.7673931252823296,0.00011905765916536692
2.04937631,2.642208556993058,0.2849501325464797,1.0819428461261886,1.1570461319189233e-12,173.48516216384334,34.52200275473373,4.531643743693746,2.7829626955359723,0.023349624864893226
2.804492807,3.33181942544095,0.37420601497147016,0.6185070544417436,0.4566359637299562,310815.2206007178,8310.501668511357,5.03800221258341,3.462125335493062,0.14275695489708315
1.628055601,2.2512345723716494,0.24363187636893835,0.9562613380464188,1.4336061911646308e-11,917.2476800629031,155.26387577357664,4.1353575953122075,2.3787875884111016,0.010656132281617686
1.812712344,2.47409354504083,0.38341409787513503,0.7655272942697778,5.67574251127239e-10,8593.5316823136,813.3736727535997,4.48880360110148,2.6124830758366278,0.08990014094389515
1.84963234,2.2184985589577364,0.13543786788891257,1.3625765565979324,4.647481718105808e-13,183.51817851068253,35.61798346020637,3.537975038661158,2.3348473673153265,0.049106595772127615
2.375799947,3.3277717555016517,0.18795532593420028,1.7832226631967278,1.0121843316493801e-13,116.87277491323184,28.59890674258983,6.204126566844682,3.5222539943695974,0.14721087094019336
1.7150606050000001,2.2019490864548312,0.26912255278462915,0.6447850262498281,3.7982014002529255e-12,4945.660692226026,560.6643030974351,3.757243536510548,2.318252583884042,0.0955963605229713
3.351622519,4.210776153202154,0.3319298263989299,0.772832298921424,0.12256203945119801,345.8828353103739,27.614112323862734,6.80057908015049,4.38507528491096,0.07540373558245572
2.501927029,4.396493216562077,0.49031890836261516,0.687590589775113,2.396157239777716e-06,2652403.229090427,37098.837696035305,10.284989546395137,4.816366007503859,0.153180240983675
1.7192384230000002,2.0019110328210408,0.20034634621356404,1.6607301647948307,3.930232789086996e-11,1853.0769958763617,295.57568395181084,3.098102884224756,2.1080803591733677,0.13237487434973036
3.776059007,5.066280408431601,0.7218296248406756,0.35120183729640514,0.9580621448757473,429.73524473945804,45.49409135968922,9.66585995699277,5.470107757571195,0.4683217343816555
2.439229591,3.8452111912560865,0.5744588968637309,0.5675535517201004,1.796161860654616e-11,245.8181236555232,51.03989224058287,8.068908083110546,4.127557929524544,0.2484227096315096
1.074948098,0.8057205446471196,0.09991663200977281,2.9185211255941295,7.584825205274104e-14,184.11006335741584,40.961826618372655,0.7989015887631274,0.9120477748114734,0.19169216930896377
1.6553965320000001,1.5526250795662648,0.13512947442687212,1.629144716271822,3.083202826834154e-13,130.11133175896282,31.74056604004312,1.9349300007794294,1.6701946447823919,0.0850159948482549
2.072204184,3.2130163528536158,0.34637745875550197,0.9463094927824652,1.7052355214615117e-13,212.36147307733887,43.739032849774546,6.6277721990349265,3.439642654548432,0.018597181449303612
2.454843048,4.090138423756406,0.4309557518485549,0.7373373876374189,1.0365428765816683e-12,187.70733699392574,37.95540047668606,9.071831041702369,4.432358797043037,0.1131959635932217
2.050945665,2.842918720943181,0.63663374919642,0.5021008297700295,3.3427536189542473e-12,195.2270082337272,37.29905710971368,5.242284427810276,3.006002639939328,0.3169794154652927
2.327014206,4.222926152289467,0.4390731446900573,0.6678389679258304,4.177635186808911e-11,883.3172679459408,155.9910759810477,10.199872695147983,4.659950682345384,0.14584298889630065
1.9068372550000001,1.955853014187337,0.15706676444083137,2.035098170238761,6.9545520744447765e-09,31537.844055251604,2143.965830519677,2.667794431375742,2.078634993950083,0.162579520478027
2.180401546,3.6160028676241245,0.601119405731293,0.4385457717841591,1.3726502091162288e-13,191.17168022890738,35.80178947540459,7.979232793252745,3.914408324100199,0.337501032010428
2.505116246,3.905243955639505,0.14516487716649287,2.0779388407232395,3.7420284664053394e-08,104276.7586213008,4511.403342098444,8.104693757262085,4.185082832108219,0.15647885940658077
1.766977113,2.001125117696773,0.2915175713436957,1.1086404944296129,5.989301855867093e-13,144.9116693449631,32.7053151938278,3.012383014520574,2.109717495182824,0.03167061308569902
2.098549118,3.030531125793301,0.2897419606420921,0.8597866676848405,3.5067792004787826e-14,179.93920240021674,41.28585824748535,5.822458692912695,3.2161238360998596,0.04062568581315554
2.7407306399999998,3.1787490515839814,0.32742407265751083,0.7086491114705973,0.2572825681256706,440.1299804354424,46.90797405899327,5.196446795956258,3.407081235824845,0.09539529449468148
2.3101304049999998,3.025640792705893,0.23404157442332368,1.455740705082337,2.2653827851954195e-09,10110.113011394371,992.9645735803101,5.274142300061094,3.189136939094576,0.10666227214626578
1.956952371,2.9423097859397,0.38193303872309925,0.34898369625141706,5.079140365721134e-13,228.74000006010286,41.113254654371595,5.883583835295949,3.13642162983507,0.24864463514897647
1.589958748,1.794705012165684,0.19028621087895675,1.6557280104474255,1.7986398357254666e-13,162.66374031151733,31.105601382119957,2.6905381947269547,1.8919731430116644,0.12477599847523757
2.1529532590000002,3.526878151534708,0.3334902825360175,0.7919224136454447,1.0246324569055441e-13,237.7721052413008,41.38591939825703,7.6874194169607275,3.809416447606029,0.06939185306279322
1.85914453,2.416808315952706,0.27748673418431913,0.7577640217601117,4.902665085328674e-13,192.58959940235434,39.61929129936852,4.177466295099351,2.5458743974009526,0.06721727050373039
3.524110516,3.9255128480056447,0.5995728089052537,0.33288077848814396,0.7068355072969459,1040.4449726588682,169.19365506849647,5.644325764862443,4.108714498574747,0.39998654551654966
1.861322907,2.5550407078621324,0.41216619622379147,0.7431341775331065,1.4562480496698262e-12,211.75733678860493,42.042968102596646,4.6635829945054645,2.6992620448459457,0.10587140898607522
1.7936914050000001,2.6041019512728516,0.36664412504276406,0.7646356955085304,1.218190451856788e-13,210.35354023544286,34.35343697308894,5.02532831983377,2.764183006475895,0.08629493948657357
2.050305545,2.3892935419116523,0.15373039312919012,1.9000837240703778,1.0757301295297472e-12,139.43315487325884,31.29520078609883,3.7039510761885674,2.5166298500023743,0.13837022475052468
1.1290877990000001,0.9745636380225063,0.20710506735029363,1.5809686688340336,7.486290780058234e-12,694.004774541091,128.13984863023316,1.113482142578749,1.0641570033247525,0.12032155528728297
1.6329305,2.1403402821516377,0.2121500926617573,1.1260924008649087,3.7395989186000205e-12,542.5273693016942,99.29013085084011,3.7269790057112355,2.2547041140029025,0.026750514527433822
2.107810783,2.7761608807814806,0.2714673286962673,1.1701984638912777,3.1425626737601195e-09,28002.86987547904,1888.4375090636531,4.864696352169036,2.9265279359463996,0.046203322340773234
1.731752657,2.469740247115321,0.2350343210214092,0.8615915792435445,1.3292700922487105e-11,644.6092135452022,111.48990811877883,4.681441553879022,2.6168854724219326,0.03253072919613906
4.243427994,4.962911899972077,0.4246722903428015,0.44997672331666094,0.21386437290134935,600.2182169185428,36.404424324874746,7.615836696411851,5.205703296871201,0.233579644650966
1.708315261,2.5624769613840175,0.5815195353644349,0.5299881050096892,1.3422219245232183e-08,45381.797496272266,2328.6251056075685,5.108244819107542,2.7299658527751154,0.27332109879052313
2.123293294,2.432407818554385,0.12476620886043932,2.4317051039047786,1.3415240838122518e-11,650.8560716080134,152.55207003796264,3.707469725267233,2.563774390075201,0.17862841802034057
1.610467706,1.9674845212100123,0.15917409475829958,0.91465012238565,1.8622207033010899e-09,16272.686816245068,1239.693176566371,3.1926071224117614,2.0697023153663574,0.013585489506995813
3.396601797,4.6384461631312295,0.444246851794299,0.7462207357496962,0.27487038921145907,450.148422543016,39.3302499830773,8.10548656464714,4.83511649698192,0.11274063919387095
3.121176904,3.4645512196127832,0.3012305749034949,0.6324574780308073,0.08597324687898786,1267.4894804169635,209.70678614844778,5.028243617886499,3.639939973022414,0.11071504519426031
1.927937096,1.9240769142227843,0.3454268573856125,0.8740596900277737,1.1755072984189464e-11,354.6917483280356,95.590790207822,2.553730732521241,2.0515517505933616,0.04350316549187605
2.06444649,2.8398176850817,0.21791122570411914,1.3980069639537933,1.4962901960184175e-13,170.79180295664088,38.294848527116095,5.196880216656719,3.001081713364024,0.08673018535394628
2.784218762,2.674067896459246,0.2519879494289007,1.072530591083592,0.43291199255651797,658.4323103552964,37.38555802715621,3.046149629502698,2.792544589284238,0.018276834918020457
2.349596471,3.4823182267399875,0.15515670243814145,1.8373011321126969,3.0111293430836394e-13,174.04057103571625,34.743662841119516,6.8694467561682435,3.706655230329644,0.12991288260632866
1.787688153,1.9098378020913716,0.0795550633689515,3.328099702016005,2.9196671524964116e-15,115.74655621985028,26.66574869544941,2.7120477035273063,2.02141992274201,0.18521211932312037
1.680430902,2.517518137298339,0.2786419216483713,1.1776197743945704,2.8325685010164037e-13,300.78486040981016,52.80850918282196,5.012014507813001,2.681582517281936,0.049492315260053266
3.8281865760000002,5.166299223259678,0.485592340306029,0.6231851453192597,0.10756272666170857,720.7978193208149,110.79112849746308,8.962759092654037,5.39034613823468,0.18297840714649688
1.88440286,2.81799057499779,0.21521364146859912,0.907394972708825,9.84781033870978e-14,238.51722544640324,47.228927597615055,5.603785261227585,3.001714426244633,0.01992986514163278
2.005906525,2.9601583292495635,0.10161061413957241,3.0691167056461426,1.2471077870132356e-08,93192.40439820709,3968.4352629444475,5.810063254648108,3.1484385926294474,0.2102442191871534
2.114430413,2.513911159677751,0.11412281871917436,1.567768073841558,1.5953383631824462e-10,3201.056384611743,462.1205135036115,3.97660337532643,2.6466573041363866,0.06479529296555493
2.025460963,2.874907958760224,0.35507860873343733,0.586307480141198,6.6099672683301204e-12,824.2002479830464,161.15381342794964,5.427789882745238,3.0457055452531376,0.14689336439489328
2.148857593,3.1104052924765164,0.36346275968060515,0.8732015162185046,1.4101938840681794e-12,201.67620020767868,37.19985410204351,5.990441588850052,3.3017934719606172,0.046086526838538755
2.395808881,3.528976105622024,0.5231074813718446,0.1837779206873056,2.2732519384408352e-13,121.14197696911128,25.601324986013818,6.91877677625058,3.753669349898926,0.42697187614935356
1.623214521,1.7621207132906838,0.18576626603154528,1.7736316631657738,4.35139235835284e-11,990.7997739644904,190.5783693988707,2.5410775261677703,1.8623495989498275,0.14371466535007998
1.826635991,2.805525164890809,0.3429039897594965,0.9107635717011161,1.6824126023941732e-11,1040.7401403426836,173.89449406220064,5.728495138565066,2.998563490069337,0.030599527295574525
2.246840993,3.0503046579848236,0.30265765656252375,0.8719967632401135,1.4973580188647891e-13,168.25694598366786,32.83871292683589,5.510874285570591,3.2210331175080475,0.038741159670165115
1.818428077,1.9429352332325793,0.28435379325837046,1.0273184387005776,2.005505571313373e-10,1581.1628735668837,282.27788198258503,2.7597059560784185,2.0564865153087153,0.007768101670405481
2.190895844,3.171111268458439,0.3141891066652895,1.0071556738655414,2.0735306148717593e-14,140.64792522936705,28.72172391367415,6.107193187003377,3.366241482384051,0.0022482347794026136
2.4873159400000002,4.5838351543278995,0.47330995578628776,0.7315625390286055,1.8680700779684037e-13,208.08132328852662,44.2164377845004,11.245779718112852,5.07761638135373,0.1270541227837541
2.14064193,3.202736363629598,0.20349106507719328,1.4537290817530035,8.635552681764634e-13,279.30344333361023,50.23362173696254,6.375679597748047,3.4124872370014487,0.09232981410241559
1.795754996,2.2430890494876703,0.30550006369645205,1.1229770089559525,2.1655407352862876e-13,155.0698560757724,28.979197941307806,3.7242784767491712,2.3603933135449027,0.037569484069242653
2.167825747,2.4363683027159553,0.3859204748534832,0.5387957115793426,6.097800445925399e-13,94.27635653033416,26.335998281312193,3.6433431103141913,2.570346241949221,0.17798817799176292
2.26483024,3.312993590098746,0.36804913199278994,0.6751103687877996,2.3803751410705465e-13,160.2853012675988,37.15486608873441,6.449594129838005,3.5210483580071,0.11957534676110798
2.241046531,2.786042198647541,0.49968031449709116,0.5099522150968661,8.973839438234755e-13,168.1959431630888,38.82152465063692,4.6091744007717494,2.9326703720133667,0.24486723127900084
3.258972327,4.190964938292767,0.4265131398165951,0.5457872697330984,0.19431102723095664,439.54882926901104,40.58567030993864,6.870225916476018,4.354020089412311,0.19372769773080437
1.7713354300000002,1.9389762686500667,0.29634584376939105,1.1306874557065807,2.2790514165295236e-13,131.1898040445836,30.788868190260175,2.8212277419553167,2.0483702278510902,0.038728684331441554
2.780451256,3.3225986695206258,0.4632373661357126,0.6861972935421062,0.17123618112439373,418.58600448859545,34.025647308043624,4.855105521874797,3.4122410745832097,0.1453651392258129
1.7287899210000002,1.7439457839866144,0.3424719827271967,0.7905843740884985,5.95018742928669e-12,415.5511532060702,100.26268029730802,2.3382035371483227,1.8567349894243104,0.07171898461996884
3.274615176,4.2642866181734265,0.5712813092175556,0.49402623113208627,0.30006072313474813,444.4782484269674,41.42952491810138,7.03703401125968,4.422967519921307,0.28905335710860264
1.6610104940000001,1.8981773690910746,0.37499529989049396,0.7807961557781673,3.606137909968227e-13,184.56975130715753,39.188666076096744,2.8823758656476386,2.0001503183659577,0.08220041130111527
2.088619136,2.3583910930657024,0.06494444568483367,3.5856502342904584,1.721889914733483e-14,110.83146288725585,32.29754885126069,3.542895889460758,2.487383269518433,0.16792362120085413
1.685661698,2.3237260509962576,0.33305529802555384,0.808772753409714,6.97743067281802e-14,253.38126530115932,48.73144372592751,4.256897250861731,2.4551345497708494,0.06368924760373379
3.248485187,4.425003407751332,0.48924721390286807,0.6093299572365061,0.25384727689590747,479.7529002767065,37.25269590452062,8.462294398849167,4.761854317670366,0.19113422997735374
1.937806042,2.5828786272660293,0.33124877558091664,0.8288032465359125,7.448363514595889e-13,307.7171701831167,59.860353786467414,4.578578230313839,2.7239895137691796,0.056708714968407015
2.06261353,2.7794449569212625,0.3909005885275888,0.8559315085875487,8.611778337434743e-13,165.25490018131066,37.37271950567685,4.982661176691574,2.9333556301068198,0.05631645808140906
2.144931878,3.1846905014493503,0.38281340749133363,0.9050668074191873,2.595648473398483e-12,235.71699334983026,38.73767160430794,6.291461353755107,3.3901412225307617,0.0363416989358919
4.46902407,4.911165978037494,0.36552937207387903,0.5138700370513426,0.15409947054312031,460.01437714116065,29.486444435351753,6.490471598294097,5.0501703388738175,0.17769478010292084
2.055709041,2.7278925660620827,0.30476718076881587,0.6120699866652854,3.4614210233661017e-13,168.40534550314533,36.19826662277695,4.8155532835975725,2.8765512995443476,0.1182283364996301
2.157968546,3.0601373925436612,0.11746099595331025,2.576831501806255,2.693948130266562e-13,165.26804840823198,35.01101233599654,5.773947042065185,3.2420317838305017,0.18521619865271663
2.078225387,2.222183724234066,0.07864693010355482,2.9075863659207384,6.0765648979037514e-15,100.1726625072656,30.382801412669536,3.1611637456133845,2.3523963936163033,0.15002581158706246
1.723711309,2.5265095079680973,0.32714460922385985,1.04065696047954,1.3037334958812744e-12,1532.7201218568123,230.76570741167984,4.921842628749206,2.68445685253708,0.01330070544830897
1.725852598,2.6409937401936765,0.4962592743797761,0.6046718262718351,1.0856549026540836e-11,1293.2502347514096,196.7332982481661,5.371369329708351,2.821012401219141,0.19618527263622115
2.056008974,2.7753787750529715,0.3730665796434732,0.9291214399680587,8.093313601365313e-13,173.75562250162162,36.85243197949636,4.983945303267668,2.9293441602747228,0.026442421961170914
2.303760881,2.8977638986412635,0.12697126262739883,1.6632986545906674,4.2736555682883945e-08,207734.2263983712,7430.034637359603,4.8510548383006675,3.050820879516639,0.08421986767243192
1.918890208,2.985884770599759,0.4088382203592013,0.6952364877723998,1.1354734338978226e-10,2814.2108807536674,368.64037903884577,6.178851460398557,3.1976802835196154,0.12459897196955178
2.21527375,3.3310341151050173,0.3569137173645029,0.5721341312153901,2.486704224242426e-10,3862.489654267321,493.0388287400358,6.664873681940557,3.5514978824301187,0.15271119776130773
3.492725273,3.0127425084682216,0.3788440002447237,0.5654896297625323,0.5082257203274765,623.688991511859,34.895213980452276,3.125678021411968,3.2273227168696823,0.1646116468085782
2.121920732,2.730682930589946,0.3329670771074983,0.8129365438351376,8.186831343959082e-11,989.2141396633168,197.09192226768872,4.675487824539017,2.876139029943782,0.06228597223284088
1.6414612179999999,1.8493791220570763,0.18757938810060712,1.6245449407086359,5.444429422820928e-13,253.5765009760197,46.74709503371595,2.768285361051452,1.949993208233121,0.11715175781945589
2.221363399,3.597681077373612,0.4350177442851031,0.7021446035705432,6.115226144705853e-11,1523.2981639293027,251.2452731764764,7.753464338797141,3.878310658308873,0.12957238267788745
1.762576595,2.5667713596335315,0.4873045800236041,0.5930979199065739,1.7673483367256655e-13,249.20589631147774,43.101637313185115,4.968407717378888,2.7254207253291907,0.19828524725065794
2.460494143,4.315796636744287,0.41745375611054353,0.6418071711464702,7.602833732301933e-13,198.6718975712998,40.54784255089485,10.077368043147041,4.725989920527123,0.14952894181676707
1.696034815,2.032068442419046,0.10269538672890745,3.113665431713997,5.337756455292535e-14,189.577575794927,42.36356671713001,3.2355015124635647,2.1383416054603317,0.21706368892539207
1.984174521,2.594343076461669,0.36727435312849926,0.8961747200250463,1.910638549685288e-13,141.9007934725241,30.199873358565124,4.511555686506916,2.7337181762860507,0.03813236254118646
3.56270473,3.9137525009468512,0.29109300017638773,0.7978094388729702,0.15251545826346902,706.8027329530607,39.42093027133414,5.203543545592535,4.031291601497248,0.05885625704581443
1.8375312620000002,2.4797035194870998,0.37167563635652967,0.8608964122527262,7.388586896868157e-12,343.865824537879,65.13837208705456,4.448950148260756,2.616683942246991,0.05170141449544435
3.395800671,3.50517558429282,0.46787684182990796,0.27454827221617256,0.5291503419866137,724.3702605092138,48.4224969128154,4.426071517505904,3.645604805618309,0.33942206329554725
2.342530748,3.364155612160486,0.4273488283815078,0.7989621384750376,2.3880844921890286e-12,199.94130219269528,38.95518841368543,6.430462319387321,3.568767007941659,0.0859132945830165
1.265526758,1.3642573177329742,0.04598575146048372,6.718622960025001,2.4788742906623313e-13,278.2611228681668,49.08535997620152,1.9496014495407017,1.4418339202013302,0.2629751741359254
2.33852692,3.5991177552186375,0.4360394565081055,0.727948392456524,4.222755837542405e-12,271.9359258540643,54.5127381810862,7.372642871786031,3.849586444444662,0.11862523509541367
2.498204463,4.448195344662209,0.4509581441918183,0.7254537776572525,1.2252724224911666e-14,193.0237116036265,42.75948700399649,10.543962537491732,4.887352430563229,0.12380885492255972
1.3864631,1.2976092628752494,0.17833810660225818,1.7443347731691796,9.783939143965402e-14,148.07413938363806,30.409075359508645,1.6110041570624694,1.3958297765625938,0.13274325412521282
2.441253068,3.5461653652055634,0.28123684330151477,0.685604331481452,1.55884015249327e-12,192.02660435190876,41.080551481113645,6.85700381417532,3.7663681361172894,0.08841964536182587
1.810887753,1.9853868061539552,0.07625587622383662,3.9375512426280666,1.2701798337651906e-09,9139.013200737758,910.2340778860172,2.893485315948329,2.097206886851248,0.22400554395902328
2.289760008,3.659228082796076,0.4233908804141067,0.719033523582578,1.3599801387011643e-13,184.77130777219077,41.72925080088482,7.7827213822005294,3.936139512758537,0.11895864381722165
1.987580254,2.9309850567159144,0.3972968040844546,0.7968451855851649,1.692660479598616e-13,178.44573430322194,33.133760797982504,5.7484932774374045,3.117124779773847,0.08071275850138449
1.8201453010000002,2.873430510475306,0.32068181732842704,0.7195799726030793,2.928607312366059e-11,2593.6802982862782,341.32808178761536,6.030345107244954,3.0834993460391136,0.08992560400093186
1.376825972,1.496035324529059,0.11527233711816381,1.9594053560446332,7.087563463658826e-14,208.52914492906712,38.0352272431494,2.1563534562079196,1.5804152098532076,0.11059289763494895
2.957344973,3.3996730956308863,0.384732672766704,0.45152146479842736,0.5185311237936435,537.1612422298882,43.921853853710246,4.959769339882221,3.5347610954287987,0.21101761280326778
2.121397744,3.6406883153096703,0.36282059970673797,0.7918264159165083,6.089545491271958e-11,1896.0195324089996,277.7593623497896,8.313002688699918,3.9674349614638516,0.0755296646202735
1.8473929820000001,2.4059249728694185,0.23208292671837868,1.1688069978711542,1.3736061750686447e-12,226.3088924816493,38.39585725052385,4.166022617557257,2.534531705459219,0.03917722211648059
2.330263307,3.213033529056683,0.32490991102557787,0.6602006887223657,9.300306204059575e-12,375.0937627560161,90.10814446383861,5.896501519891924,3.3966190384010586,0.11040416399376879
4.342396457,5.784690476877083,0.5875796967668904,0.44884615592466964,0.24405154930778303,803.1688514536193,43.17201739566577,10.501435128597587,6.151121799270351,0.3238468085736886
1.481159292,1.5197035937325973,0.21419084447741024,1.1774621906270364,3.7684610255597343e-13,181.61186760991518,41.071176819573395,2.0701482002951703,1.6143747943520732,0.038010776473216074
2.206219487,2.9373457556589093,0.34110571524504707,0.824595910933842,6.261736187649451e-08,53369.00371237619,2926.114301479646,5.203671635653329,3.09816042419423,0.05983133725781775
2.077685294,3.1120002852150512,0.41033759768606015,0.7504100066960747,4.2867075109401387e-13,196.66946432307137,42.536655058639816,6.201243038270545,3.3161228393401294,0.10241615825881256
2.154629929,3.164108787618122,0.2934640227674246,1.0563284647984652,4.3065085019452646e-13,185.82544132942354,36.825317037124066,6.182512825310216,3.363998051709292,0.016530377876070868
3.368346673,4.0652606630328165,0.48911561128741876,0.27300555483710126,0.5741618477805245,374.610400547583,35.11367957658519,6.327618293504635,4.238966593114053,0.35558433244840904
1.9959075560000001,2.7806846794603324,0.2860798301899919,0.5400080478855803,1.3017371798904512e-13,156.14121185573106,29.039762771455752,5.152460323257607,2.9411289588356544,0.13159441954965606
2.375236737,3.356727946242053,0.20868263565762302,1.18741971411363,3.9261633146263575e-14,119.31850006911108,28.962685552535383,6.31406115663732,3.555598104624285,0.0391112399154305
1.974049338,3.216997894722602,0.34286513012374303,0.7578194580012841,2.4709802557144215e-13,230.9437221192674,40.47818208128505,6.972586446459438,3.4709361823809286,0.08303526304582831
2.490377444,3.908446667154926,0.3869746124852878,0.6644090918579373,1.7736348897178981e-13,150.67453450263636,37.69490436719711,8.165945314177385,4.1927187072974474,0.12986516163186052
2.247571108,2.825610877946193,0.4242476052632915,0.7967635743611488,2.0607102033850175e-12,141.94627487494924,30.486201732520385,4.727359268939771,2.9747446481664315,0.08622256687955365
2.412717164,3.4855069322234136,0.4750569422831338,0.7195543015023288,1.1085021716174818e-09,5427.890184380023,646.2962796360436,6.702281717227336,3.699745981934833,0.13322767600476132
2.414255021,3.830816005821067,0.26526168198709515,0.8574553215544177,3.379202973598429e-10,4525.602284328418,554.6619441933307,8.090927625343447,4.116213935797116,0.03781164116278479
2.220914738,3.4229577568939065,0.2939307411705418,0.7499284064559404,3.989636832409399e-11,1475.1146599851618,250.93358849262776,7.020056656315159,3.6615603292205945,0.07350372883610393
3.802223215,4.388492788997472,0.4273902932540589,0.5414748966956437,0.7608772745426623,1973258.5098330025,29786.387409106454,6.353158785767995,4.546918158752588,0.19596917836559646
2.410021268,3.5474488289910537,0.2454020419956737,1.1595975402448095,1.1832109548312627e-10,12124.041198466928,1094.458005189451,6.9503335333468055,3.7730547454657826,0.039165562273562965
3.191441076,3.6942022316515923,0.2673613001413599,0.8417130779775095,0.3680202444029539,400.45449992876826,43.56838705925082,5.561330166129682,3.8665233562865735,0.04231979726730711
4.276931836,5.589104046058515,0.32726381523501974,0.9610034895923679,0.5739416433333876,276.8687495472989,34.977169954247685,10.219485885489135,5.990311529921232,0.012762146776853833
1.77364692,2.129061061959902,0.1435526861131313,1.9685499265259307,3.3408687391750127e-14,155.51394041160734,33.26541395288432,3.397062775157817,2.2404957478155243,0.13903794358747332
2.2375642,3.4275419463588515,0.49751120007139055,0.6390459306037517,8.080074774935822e-12,298.3132547508733,60.58254120152412,6.986888663593656,3.663420191262272,0.1795786922359795
1.9817614200000002,2.1127516772923527,0.07805097917522318,4.080182811336446,5.644944551318708e-14,95.21896613243796,25.084711363757375,2.995689409977813,2.2369431209125037,0.2404112844635013
1.361566339,1.5516683302765648,0.14881346658166109,1.9310750565251833,2.8227004901491735e-13,258.122146107874,43.874175285008214,2.3456586882709933,1.6344256053648247,0.13855650680922857
1.464304162,1.7094544663864313,0.1908870730736886,1.5220405153194476,4.4884771868501494e-14,244.61564662783775,45.80346955311796,2.649256416775954,1.7993547347097634,0.09965078599520946
3.074558397,4.178259783825059,0.299731792578492,0.7897355622483604,0.10382069159253654,491.52951942752196,39.874337512512696,7.241781204635254,4.349483513257074,0.06302293684280769
2.481810573,3.457588204874591,0.3866088385831689,0.7697541842859608,9.799962336303866e-14,119.27590835375507,33.3097787633164,6.41266541263349,3.658292593676535,0.08901506740183907
2.328039998,2.8843981239753305,0.4129212929493181,0.43985377269746806,1.8745591943633643e-11,371.1698245871299,97.41811258847686,4.756499670106076,3.0362751828113477,0.23129630441844412
1.788281446,2.9615085503771756,0.632985505948045,0.4195391332787436,5.010351401905401e-14,277.61887703661205,41.12823984938361,6.51907815244076,3.2037316290390225,0.3674233154045952
2.331716655,3.0428986489314456,0.4383815990058243,0.4806258556684893,3.973148684024331e-12,298.54316435934,75.98119879975538,5.28529199397771,3.2069045203681203,0.22768406787432943
2.291535829,3.8956747595794483,0.5071508480240131,0.6167561479006785,1.8019377219771706e-13,208.87672575087203,44.406087702140404,8.81417476928118,4.237719189288016,0.1943624445921604
4.366619507,4.750498005091155,0.3725944867441699,0.699569765563117,0.4722240106913448,606.2547925031189,41.20668306975675,6.681832743153433,4.983213553467149,0.11193864900244105
2.505781208,4.269665075577968,0.5032687297333422,0.6266410511689078,3.465339524724684e-08,85151.24528560834,3833.876586511359,9.685301407273506,4.647238794885888,0.18789988391279971
2.423989133,3.9142365000924118,0.5460869861624178,0.5836217410604048,2.2014197717938355e-11,889.6751597955808,175.9797462094431,8.413435104692669,4.217977274175499,0.22737874852787837
2.3461047710000003,3.9628309518671934,0.4329204800556898,0.23543631462621922,4.0257754339737704e-13,246.6078073007717,40.13676687234731,8.90923759334558,4.305421807815994,0.33099527770516457
2.256924183,2.7774950920974097,0.5270610924353034,0.5965026664294285,1.7696258005542827e-12,118.94336983463725,30.6933096491117,4.548919733961246,2.923551656831213,0.21266774542643746
2.441421241,4.321677282345994,0.38518420034332906,0.6458947929124527,1.5627103455145969e-12,283.3646521032807,49.50979547538775,10.183365802102454,4.741912569758888,0.13639573102942584
1.676157639,2.1354218408111976,0.40802627118762747,0.7688473899054248,1.0953501988018228e-13,218.67419243278664,44.740201680047356,3.6152135092951725,2.2476744937835136,0.09431633757217706
2.3474179680000002,3.111429733174785,0.6815875031284976,0.3933315387873375,3.246162701483329e-12,146.59164695074315,31.33966159242729,5.489173188878178,3.28137371824555,0.4134976417047464
2.595108218,3.03535404597738,0.3339741811781315,0.7818979734139113,0.3466566084899354,346.8080904324836,38.297784785971814,4.797863571704531,3.2117576199318583,0.07284044574238002
3.51689954,5.116319096457569,0.33859196987237244,0.49637035286970904,0.1528348347521191,2911.5363934956044,378.915627263677,9.480183002874154,5.349324055157859,0.17052495430797304
1.752609373,2.3882079852340827,0.3021563647823864,1.1121215858668645,1.1255366392785344e-12,249.70948622386646,42.34599826267638,4.325578267683948,2.521442596830423,0.03387825079916795
1.756665107,2.226149584407157,0.2642392249526914,1.2028937889113531,7.41999832268832e-13,202.4108647838167,38.6511320273491,3.749794247095291,2.343084725981921,0.053612497529650915
1.652022831,1.7226284687547946,0.2448704899645237,0.8102666985620173,2.073124319014962e-13,167.7076933510871,34.965703697932156,2.3866641355364626,1.8271933470092105,0.04646008648570549
1.774369884,2.2163342354920164,0.06415735255146025,5.055428183494368,1.4977212478166937e-13,167.68204831376104,34.45017884885373,3.6797729555217105,2.3322362389011486,0.26018553571557623
1.9242227500000002,2.9794023833260312,0.26539019503378114,1.1788271403547532,1.0130664165577344e-11,1288.0395029081963,207.8455577515956,6.13510039249962,3.1884701318303366,0.04745896965608132
1.6620157290000002,2.471709478037312,0.21000643641469144,0.7042913507420592,8.472590094783858e-13,310.76725198204576,51.10628041200076,4.884404939203695,2.6303710706556642,0.062100719647662034
1.482195671,1.6731530003138724,0.3533878069522198,0.9452323590764464,2.09790680165245e-14,219.56378341622997,45.212951769251205,2.507569724799458,1.7636534134854407,0.01935421651792124
3.408366988,3.7500503475846734,0.5025194104029694,0.5998072885765104,1.4969325502604376,36897.422155494605,2084.451285259304,5.549570822020982,3.973281098638066,0.20110460539209768
1.8185752210000001,2.47324137496336,0.1985164620135438,0.7679835060348544,2.5200932784385804e-10,2496.8595497291017,352.95787572402463,4.471408999430024,2.611008438271349,0.04605909351074744
2.14554447,2.8160976617995974,0.44843439439547106,0.7085959642244993,1.9241312282519444e-12,180.8473415350946,34.16680336153854,4.91800310724013,2.968257474167865,0.13067559230738285
2.202979537,2.54254985865545,0.14481137514430528,2.0782612653157506,1.1578507713827536e-07,390782.76597718697,11451.027762618181,3.90456547619037,2.6791248535002543,0.15614449659521243
1.780016162,2.067752490696626,0.14067114444718753,1.8428771491764062,9.602130160106485e-14,140.9204730611761,30.799308295195875,3.1927779882803367,2.177663058734718,0.11856849320302787
2.213139296,3.9647212105851253,0.3666542751336726,0.8363482897399099,5.922024100673266e-10,8929.332003325446,814.5255080127095,9.450932475002446,4.361330697634539,0.06000359919979914
2.38143721,3.5118292595714706,0.22933530258957757,1.356472672313537,7.792498098427968e-14,126.29209701939668,28.940062012465706,6.893050247866514,3.7359166374018913,0.08175176816994034
2.471758584,3.341422443518993,0.4422279090932506,0.603189061281094,4.439308809921459e-14,113.4979574204319,31.94252501021052,6.013292348169105,3.5279308806414185,0.17548087173499183
3.933229903,4.6440666117084195,0.4774316556055175,0.5909409583776047,0.13079110740548947,426.3482586450024,67.56760992774598,6.9640330092420974,4.823725207731787,0.19529773548218643
3.588621397,4.216273018537352,0.6316006066735631,0.34512552614526254,0.677934980988424,333.2669735662037,35.96607090305087,6.459918852815545,4.413941536778051,0.4136191149816826
2.804050082,3.053223849630986,0.33041503695157637,0.6543991094085554,0.5657610653470031,316955.0545070048,8840.229083085853,4.21801116715853,3.1865118060841007,0.11419173103526989
1.7138920940000002,2.415280874990639,0.21664071659479658,1.239588432705065,1.7599240379078043e-11,7734.3869055847435,733.7340282384355,4.523594739828369,2.55638813556193,0.05190460974904951
1.93058805,2.6727998733421896,0.39330591935968234,0.8778319338579815,3.3893618085525e-11,536.2073520767462,106.40160180659855,4.92117990725715,2.825591150788306,0.048049423570381056
2.262226333,3.8818945423442437,0.47967297664811104,0.5914718886753801,8.870298282541205e-14,223.12021166286073,43.34740309385166,8.864937806244916,4.230635911386681,0.19595989520351131
2.073129642,2.525760381674807,0.1823425133501694,1.8391416876892444,4.309458709072605e-14,130.905012547175,34.41210315292824,4.093860306670439,2.6583280708040107,0.15301120439015972
2.240527867,3.311049502512869,0.4736624234542837,0.3447672892462172,1.0093024324740911e-12,242.57728366355957,47.76405419563659,6.511468133048772,3.522924574414902,0.31035911370215646
2.132317596,2.805224275135103,0.06509840076850702,4.341163493826164,3.176141820512936e-13,346.76943567158435,79.96348361204974,4.910274351147446,2.95707161868353,0.21750440015420075
1.632641494,2.159789529000777,0.14919628121911,0.8884337514431103,5.326123666949125e-12,564.4543458738342,102.45011581847707,3.795683067445207,2.2761090226893526,0.01664526939425484
2.420831533,3.781629046817828,0.5895361838003018,0.572603891558656,5.445683616266414e-11,1291.5095405708403,235.44518065182203,7.863204548562933,4.053625141639718,0.2519654707416099
2.394345882,3.1971965923830883,0.4025277062228369,0.74583445804189,7.266724637306109e-14,99.79960555947649,23.533130011421186,5.682452975514206,3.3731075848560765,0.10230867260528226
1.560665949,1.8539375317501259,0.3709504255688618,0.9059931601364886,5.579257480667598e-13,215.33692982804672,40.06655004286311,2.9248964342298223,1.950820679146015,0.0348718772537534
2.353482204,3.7450028771260766,0.3448202735992286,0.4788861374234775,1.8238484437903217e-12,186.13574932543986,36.699573468789865,7.931818600109124,4.025757752472256,0.1796906246699873
2.154538208,3.5992335531214144,0.37705489919889595,0.7282126064610795,1.9498717337409746e-13,240.8172327170561,41.908517316398225,8.000197834298675,3.9015482713083007,0.10247876827434832
2.071014187,2.5337482432965555,0.42594861219132274,0.8027509014765668,2.399014145775691e-13,132.51517941618056,34.451938954679385,4.123983037818699,2.6667015796823623,0.08401797977204584
1.8930183770000002,2.394578395791609,0.34907864743404377,0.9352158798028793,2.4481480101605016e-13,169.52443466744023,40.028065665988706,4.027950005012749,2.5206287101191935,0.022614753053615377
2.092725295,2.7067923062772117,0.167110602043807,0.7917966879565398,4.578633380206799e-14,145.0187537632566,37.018194139917796,4.657844272808255,2.851375895072536,0.03479298082309726
2.329033206,3.5998795990044807,0.5098245301311635,0.5751404384538641,7.327323786707754e-12,525.636947750377,111.7460404606501,7.405738701829804,3.852712862367753,0.21660382633699088
3.297866552,4.169702829750175,0.5006306355600497,0.5282502225811451,0.3936874022345269,432.8661814286244,39.010968562308925,7.020879222357596,4.3912035971715895,0.23617239089451336
1.9810708840000002,3.2137417796694785,0.5618994197429639,0.5166024086182665,2.732435335942238e-13,221.10032786957896,38.367221390600314,6.933828759783405,3.464690817424473,0.27162082610254246
2.267883338,2.9483404798401738,0.36919312566560475,0.8543096531943879,8.833503899011693e-13,125.34621946214698,33.21190504403506,5.101104278915389,3.1067103829191476,0.05378787451646988
2.441063116,4.363955373648346,0.6050616040057151,0.3428376797669705,2.9704903743987707e-13,292.96627868870013,51.19598982010944,10.385098259456079,4.799027047750554,0.3976236875723142
3.793749001,4.101900291252948,0.4005728769069812,0.7472227893845177,0.27887933628932815,666.4760265722547,48.6759422040199,5.498901846033223,4.258040086107824,0.10125569447276567
2.461289044,3.842275107753459,0.34741644599644844,0.9360387043173962,4.1041817240473223e-13,156.64802223050782,36.15446263867802,7.984771405844689,4.118379941870321,0.022221206027378204
1.304152056,1.2301629291908265,0.11483146657235835,1.7502882055313622,9.920576172209539e-08,268763.198729679,8042.530470559668,1.5386153397619091,1.3214490620287125,0.08615669499310935
1.495773379,1.4034510368769513,0.10693942878229892,2.601467687287432,4.464045053332437e-14,149.47316479587118,37.61476779282255,1.7483552239640243,1.5093608111435854,0.17126003969182726
2.326150549,3.4788723881651205,0.2342966905921483,0.8958906635847286,9.509434796792777e-12,658.0404624588183,138.86053015915908,6.924771155739198,3.7069634060138883,0.024392472981842717
2.172823817,2.9017158455190146,0.32188394126538644,0.8635681441642598,3.630862194936224e-15,128.77082602031606,30.35784821296499,5.156138899018071,3.06104364481122,0.043915223470559095
4.440466015,5.580621691999447,0.5518467141822503,0.3569881941491667,0.5843557505031619,853.8884653418054,45.284199766905644,8.871638231775007,5.782762729154781,0.3548439522391774
1.708394463,2.371794911700668,0.3413928304593869,0.8728048677068964,9.028127494626791e-09,37724.14112505273,2112.8424365642186,4.376088669112036,2.5072934837026746,0.04342350623419883
1.6926009290000001,2.3321674374903516,0.23212490778910777,1.321465756828883,2.677841791111961e-13,251.5653233877203,48.75382070020621,4.270350297627198,2.4639774061215807,0.07462020916126022
1.711825003,2.1451451620115534,0.21295065376858208,0.47307598588701016,3.58442297687709e-10,10281.887698959797,923.232683345741,3.5725765477948404,2.25730337556359,0.11220881329172676
1.6348939100000002,2.1566183402110406,0.24050275419409672,1.111987613530769,2.760537997144121e-12,481.09131251053043,86.28728300130031,3.7794032103069215,2.272485542145801,0.026933329489774005
1.724312641,2.407350691387128,0.2741940752395671,0.8710387551768367,1.8273253460101437e-11,1289.8634240802833,207.346503548216,4.466980808666602,2.5460614946881717,0.03536040926603068
2.039151666,2.926313259812599,0.25955934834070793,1.1121802387775013,8.578084307533886e-13,292.4951678139632,55.87278111461687,5.586211348384809,3.1034282400020015,0.02911742967379327
3.336797465,4.0063837590499265,0.575741919044672,0.3494061977065089,0.4658246901135908,874.847140184473,80.43693265493621,5.935369365019013,4.124346362623774,0.3745741242510245
2.165730966,2.5785619022131825,0.446011923217304,0.47816106204239295,8.304475838514165e-14,107.56150866425475,28.234601450433633,4.084969013376559,2.714710949960585,0.2327463883281477
2.407067314,3.494065380540442,0.21152248112693664,1.453237358337353,1.4559438863288393e-08,35708.04897387367,2244.112052326256,6.7509505523114,3.710643188278457,0.09586989057493536
1.705103548,2.7843131870910347,0.4870370178664201,0.5913797692372355,7.197076633136063e-08,248877.3982270714,6978.347404988499,6.0422371674442585,3.004214127525266,0.19901317863058526
1.380464127,1.4768027656993976,0.22349151760975297,1.243106572261714,2.712415667267505e-14,198.41173538255813,36.4618223644822,2.0957339171584266,1.5620535405114444,0.054332256775675575
1.693377082,1.9125974924668596,0.10507279196752535,2.7838813789791264,3.429437794273191e-14,168.91248812766176,39.96060323035282,2.870730700910902,2.0165359699689245,0.187437397028216
1.803406534,2.4444484593364906,0.5168349580521276,0.6205362892675178,8.653190927177179e-07,533522.0877540474,12512.560407794004,4.404252000724986,2.5799923974795935,0.19612011101872712
2.266164927,3.398955482662571,0.6087467965272586,0.5011489350531142,1.6949951670895843e-13,167.71186127993101,38.19602390094257,6.784651198614038,3.6229784035878367,0.30367398773062815
1.462983563,1.7263263795386397,0.38952447627118947,0.8128040293287405,4.040936596459379e-13,251.52055246961297,46.18418135508188,2.704219377780172,1.8165678525714903,0.0729174124357993
1.635119854,2.172959949919051,0.23593791565026653,1.3733035136097724,2.2569363683632894e-12,481.4278163760455,85.5045592470061,3.836373552232595,2.2905066320141394,0.0880764529060106
2.340215121,3.363572170047017,0.32303642267875177,0.8282992419119538,2.3477613563881556e-12,219.52816169637987,45.407963122949845,6.434577344424912,3.5684303853037895,0.0554655986639922
1.959798817,2.160839114330479,0.36847940527067474,0.5965573716951331,6.054483031798633e-13,118.69186512672614,29.732258761764935,3.168691685837353,2.2819935096996624,0.14866029973861522
1.562567858,1.7769916960250214,0.18829070583106322,0.9734532162781655,5.141238442510272e-13,193.38654930665592,37.96911856908889,2.6838823620136814,1.872600294012745,0.004998512644528802
2.01726016,2.720927341534206,0.2837471820793716,0.8036724280282646,1.9395840796056632e-10,2526.637689456039,371.405573775092,4.881518658197618,2.8715787322532065,0.05570739531146496
1.7044440760000001,2.0835461464767495,0.4154286669421524,0.7059466769733493,1.554293535190988e-07,214241.1129895298,6940.049865009148,3.384810136526654,2.1921581162960306,0.12215817999487161
2.323341349,3.112581427900282,0.41315310635256175,0.833566361010164,1.0440734487552649e-10,738.8367951743089,162.26848010355494,5.549996760063243,3.2843684627727616,0.0687625749502116
1.710970176,2.261014512921453,0.2468035978607461,1.2773910839317832,8.274350564439106e-10,14551.911694903602,1142.765074101962,3.9709094611435996,2.3829757677973014,0.06846111752885628
1.66359816,1.8522890498034483,0.10197637233719718,3.183709562152461,6.943166245449132e-14,172.79806233231508,38.3835405780697,2.740469537576622,1.954448791436704,0.22268677938635717
2.265149252,3.1518903723550475,0.5594484025096936,0.5444506376845062,4.5225911140418645e-13,144.86103484036533,35.36568914293896,5.8367692135260665,3.334169692447232,0.25485636301171266
1.661063827,1.8926474582225397,0.20456115047008522,1.3232160502700347,2.748431971203128e-13,183.42490438864354,39.07768891852403,2.865514925830276,1.9945874992550712,0.0661174470936352
2.233272776,3.561656223672536,0.30327367311810366,0.844199029332641,3.7826178103575374e-12,419.17241131354706,86.0842597722159,7.55874785590233,3.829721171049481,0.04725033264965589
1.841954917,2.301196278848156,0.1208102428056734,1.8375752821259406,5.890769999622054e-13,243.30037092461768,44.73275537093431,3.822364896890317,2.421733457717326,0.10118767320166527
2.458179095,3.6709699964493003,0.26022569014175456,1.045416704121669,2.0132955395816074e-13,146.28976907936308,34.32578561747076,7.297829946147753,3.911225625809271,0.011818593174025227
1.970778189,2.4630949029180367,0.33432240917657113,0.9084054090698942,8.9110600169324e-14,138.57807842285993,31.696135315619088,4.094249666791607,2.5923991701255362,0.030622124307295495
2.437671399,3.774467006120416,0.42920076451517264,0.7743412943801221,2.1388715479613474e-12,255.43985581189878,55.79553442733305,7.779675101862354,4.040790382420638,0.09685288897155586
1.992173809,2.837437463542837,0.4645176196412672,0.5888902407648258,1.2760231939119067e-13,164.41961046780935,30.74789012263303,5.374981223426666,3.006840753702468,0.1909677267712176
2.030813255,3.2680275154897975,0.3602650909064966,0.921306985671629,1.3421468552297184e-11,622.1145614254117,115.48453150355662,6.9953728563983635,3.5186108794755917,0.028350345960716783
1.983163238,3.1915912058946887,0.5279041756794101,0.6061456105026273,9.593464236711818e-14,215.7869302967074,37.46463073031633,6.8313626142948625,3.436174300416848,0.20791737682532785
1.888776048,2.328848949567274,0.07767052107456363,2.52326534184838,2.877468908321607e-15,161.60302659130633,39.003548546310704,3.818398076744725,2.4507296143758546,0.11831281283618697
2.018343883,3.2925562231120544,0.4090269218423587,0.5689292165397603,2.7087890429426712e-11,3036.0013186997635,392.26488611838255,7.144244290683425,3.5532089005815073,0.17631955565491583
1.688330395,2.080956272226526,0.439550956908825,0.7033606482524567,3.6666150424389416e-14,202.08181648138665,43.60374210116365,3.4085097116031124,2.189416609211233,0.13038811091744618
2.089500918,3.536195233354591,0.35758221359188513,0.8736242492860905,7.479446371991064e-14,248.81976781699393,48.41770193240597,7.961890880894425,3.8426566367207213,0.04518972068461602
2.343057404,3.1193656907829936,0.1416627859384055,2.3607667644599215,4.875241036642759e-13,168.62157833298113,34.90375848968219,5.527455375870371,3.2904603130872716,0.19277001086578252
2.288208145,3.335272176074953,0.39463996251754613,0.8634000089992405,6.264056584502774e-14,153.84938011992924,38.04296956938021,6.4700713524307725,3.543406398916136,0.05390781532843686
3.192566132,3.5170388911416466,0.5125049209887966,0.5325657779072298,0.9760866544066973,412.8434151636789,41.44688672639695,5.267535400380128,3.7373490893326844,0.2395623390611148
2.049599824,2.472637867762681,0.3257918880511567,0.9210790908653108,4.971783339365659e-13,151.28217180736317,32.32601228423363,3.968218729641777,2.602538822633428,0.02571179199370416
2.366668934,3.30663643192639,0.24815144466622135,1.2277520075445025,2.0679490610005423e-13,123.2043360829632,30.17294212545476,6.149187777378401,3.4991597018462364,0.056516989697800446
2.019694245,2.65819998114956,0.34868327272123373,0.9692572211696466,3.7788528212686746e-10,1573.1663435559385,269.8451925296197,4.65347481512557,2.8018526534849384,0.01071949273511269
3.413728801,4.578188369122027,0.48704899361490633,0.4206051787847267,0.4094687090859161,6181.52021497293,645.9024352993202,8.03939358911875,4.804645585872561,0.2821936645785874
3.078436753,3.3016626866511576,0.44335910258234495,0.7251182319451862,0.2454117264052726,440.6846560691604,34.09405088677847,4.3837082033136605,3.4287814165231953,0.12187133400103056
1.450486302,1.4725409302928802,0.2795739290259184,1.164293460816412,1.1857312529464569e-12,210.8366579827857,38.56275177543536,1.9842916715102188,1.5660692272191958,0.04593216835371006
1.912653431,2.3304911482955872,0.2727461007306811,0.49703400861835906,9.660630882762826e-10,6266.761267133032,695.0792594543075,3.7762563998175556,2.452509111681746,0.13718201294948393
1.722041392,2.3367489734935294,0.16842006939199947,1.1755952717836866,1.543756182588555e-11,1642.1069737866387,252.89554187845062,4.214325010993078,2.4663811483960276,0.029573767858715516
3.473247732,3.8013499585697663,0.46505439610669724,0.5281790315639019,0.2373815351676869,800.2463561407691,42.69815228170097,5.088019003787683,3.9274428769854435,0.21942241554652667
2.172091081,2.8546850538721853,0.2224526004711439,1.273725069620439,5.460606805518024e-14,125.2641128844413,30.014393033457214,4.992034812912366,3.0091174165313475,0.06089085355121154
2.347421069,4.303818554285107,0.3460744863224614,0.6820212447498886,7.793069219157002e-13,280.45334926075293,43.3491683630552,10.502537627330636,4.76100337478017,0.11004433438463801
2.176071662,2.9783406230255327,0.27482380820785385,1.2345323874302112,0.7636914781649802,192.90641951889685,40.312276918199295,5.612218363214755,3.184208586653164,0.06445508386165044
3.380942263,4.33983579724582,0.2512927263208426,1.1600190857497386,0.3647548525593045,464.95355285948165,38.098977017283765,7.440205713042968,4.576352366706923,0.0402116323214205
1.956667356,2.7395016393587968,0.26551500933513505,1.175073175698891,3.2600046471832e-13,199.13289183642027,38.33697563844644,5.101189020684822,2.8987054022804832,0.046484555880022815
3.147636669,3.685627470025782,0.374762111499384,0.6848630447362364,0.06940522017357158,403.2196195309229,34.74759441851455,5.994408945438187,3.932187444697951,0.11810139076613496
1.956550186,2.223393073785656,0.18174932856334602,1.0136208714779746,4.2903901848579733e-13,131.40001398854326,31.133717548095028,3.3603673246273678,2.344050768839736,0.00247558424556954
1.716166306,2.2376306575455236,0.22434395962385886,0.42500266026178396,1.1020112537324146e-10,4058.2053748805843,487.41284701654575,3.877518827824294,2.3570225509830682,0.1289971799700566
2.476125265,4.078159385451559,0.35940922989042134,0.8490948383275662,2.666585677972875e-14,167.4678662468518,39.150782002916024,8.941571140849817,4.410028088350587,0.054236707943178974
1.802637054,2.515621462346998,0.23129643931137842,1.225611133077721,8.503394791355689e-07,1239411.7646424195,21677.773556099615,4.666427283019907,2.660588863142781,0.05218305174988244
1.853560307,2.555672747073285,0.42235810192338097,0.7132135428292079,3.4803094588405463e-12,228.55656468543657,41.42339126766702,4.685265400859738,2.7007463018012614,0.12112658370798673
1.768729403,2.5926536341889515,0.46127712312037666,0.6480823737866045,2.95694354443758e-13,239.5283671929056,41.894817399286346,5.051505329823483,2.754854280840277,0.16233155019506712
1.6928640110000002,2.305187552803228,0.2222617616691779,1.0351732464780539,3.3113626250547986e-14,245.64127675428014,48.18096970362963,4.171470808469676,2.433514787215227,0.007817667725836447
2.467890024,3.9082736108600966,0.38112599033756006,0.6118506023463692,1.0894584753689417e-13,157.07243293229715,37.17895955753189,8.239430640098115,4.198351581963662,0.14793382357966742
2.450347217,3.1050903173589277,0.06710066999003918,3.122894431109349,7.119985175464214e-14,115.35929064879039,28.479319311854212,5.237925633297041,3.2697601404029797,0.14244763864556043
2.429438106,3.211563736804036,0.2902306031954788,1.174725543183689,1.1058972291155367e-12,330.3677540589449,88.61057254322313,5.651235346877183,3.3866478064970513,0.050710699791859715
1.5519326279999999,1.4604515479270543,0.2896140272604331,1.1891217131775933,2.0104888207794757e-12,153.68873668418635,33.11159785797199,1.8252573210583423,1.5700051345824901,0.05477230099575531
3.270318471,3.8590815736685746,0.5546708425227616,0.4027796931255928,0.5949676600579135,422.62248604391004,33.47180536727874,5.881410419433143,4.028042101754059,0.3312606907857296
1.758988272,2.157249299570401,0.25226000628768014,0.7406373880807798,7.316571067798953e-13,183.8941749589015,36.981156195283724,3.516630926930758,2.2698212140143124,0.06542681411353163
2.367464687,3.6338754947592085,0.3570292361208965,0.8940026756237692,1.6134553004818302e-13,147.7931231483434,32.99832543202464,7.424019080443383,3.8853398887923607,0.03784414375290457
3.05850742,3.865451534085815,0.5509355915627331,0.29384578135308526,0.8401214483990697,570.1977111256529,47.26615345319831,6.344981076467101,4.038579796927746,0.38904549218475754
2.4977813,3.9023831907195485,0.48689000076217614,0.5833261596675838,6.960955627117454e-14,148.65602044561663,37.523316057771794,8.116514109847584,4.183368618257337,0.20287432643702896
2.435823828,4.086544631702893,0.36993911940778695,0.3659913313049832,7.087466786445699e-12,331.63793078423635,68.88498692943314,9.126199059867623,4.4341871958546815,0.23454460859393786
2.3675612360000002,3.307895484728537,0.2902001163479197,1.03268337467719,2.7003037562561797e-13,122.36800101116805,30.020301842643992,6.151554105307264,3.500493509352868,0.009484719133963149
1.610189121,2.3693818553556922,0.5442048206394269,0.5794285249417005,2.951067629812364e-09,25741.607931255206,1581.1290207799818,4.630917266736495,2.518011843889576,0.2288770241501611
3.479999753,4.545902277921819,0.6343161615652227,0.29611972550820653,0.514591167609856,482.4830033436126,47.18759565324682,7.688533513024612,4.74806751497365,0.4464826339171098
3.250577076,3.313992667384612,0.5001276250439212,0.3830939518746711,1.2597824187819007,449.86435249868725,27.05768457203158,4.345884804554363,3.4950048582647173,0.3085317567241517
1.483390502,1.5059582372961078,0.1995841793485314,1.6388026976457364,1.6274732008024971e-13,177.34880337951714,40.68565528789556,2.029829676862105,1.6017054310908643,0.12749491217525233
2.209707824,3.208318954101754,0.68567673986562,0.4610599032393449,9.81775279106615e-09,15528.048917863278,1259.0541090512804,6.198312621866106,3.406873235613923,0.3695386885297078
1.9086207110000002,2.5791273793847544,0.2788008838832571,0.7066550933498091,3.547254900082865e-09,26323.326114129213,1741.1072019839676,4.634708449344685,2.722040926022839,0.08178481925672476
2.338361874,3.864267291317549,0.5918827379500124,0.474007661165035,4.2056326979606024e-12,316.0630101424837,59.20028993776258,8.49955135358184,4.180961936843388,0.3113257856503697
2.988541411,3.2461206718858273,0.6179069030642436,0.47662912978884736,0.3857372007530426,378.87156609153703,35.62960081709536,4.327858192703163,3.3594364716949636,0.3233944735662115
2.301976261,3.595359044075277,0.5088976576160482,0.2840137802653943,8.820651972534693e-06,2292474.750246213,34057.56248454289,7.473593640747945,3.8536528501797003,0.36436371010831003
2.108861838,2.516083190915654,0.24303432163725067,1.1210286368424658,4.4208563325428486e-10,15402.157477260573,1313.1415345726102,3.993937638093183,2.6487655391848985,0.029414112653689845
2.171251858,2.7006695557934264,0.38531469484455516,0.8405473279319663,8.196110150762904e-13,112.786380826808,28.554923495386102,4.469632657542898,2.8426950970259504,0.06143945768004333
3.158272353,3.714606536947186,0.589785438257837,0.3803814274157556,0.47884388112939824,457.06971692977834,46.76396692107469,5.604723089177669,3.8700961738144084,0.365442011384294
1.633487222,1.658786948816484,0.17941462050415496,1.0664689663053633,2.4497437533860396e-11,312.9985762680029,73.74560803190145,2.237827198325614,1.7644751079917165,0.011925504364980216
1.7788415830000002,2.1497362812664296,0.15476367487529963,2.028807122913213,2.102577683253378e-13,153.34790632006855,32.316205374118255,3.4532537658728963,2.2620818988811515,0.1592219710799329
1.973765329,2.9140645511631,0.24777350686820532,0.8125717260224666,1.868320907479193e-13,189.85981959880095,36.73985093111319,5.7220695902010315,3.0995458701054464,0.04643976072966824
2.056360977,2.996462651386858,0.3972199191693605,0.6986958409611194,1.0140509186169472e-13,201.79412726928317,39.818141331550564,5.808616127759612,3.1828526769066654,0.11968401369881632
4.109443815,4.207070435284609,0.5587049140818823,0.47457543395011237,0.39310881058211833,19119.448920642026,1391.2156948457489,5.111686453201257,4.348942990754096,0.29355728703141276
3.265193332,4.288262201064745,0.417677962884819,0.5264662254846931,0.1423190812571002,437.38200833788676,36.950528192765525,7.125471979083503,4.446476609042599,0.19778462229671262
1.7260756590000002,1.799169486188052,0.15329926830269494,1.6204981534030425,1.1395965460989705e-11,585.30971107526,131.31051140582625,2.4925199647355942,1.90860205102234,0.09512191289985977
2.443733309,3.249206248251996,0.4803206553652546,0.31679244211123736,5.5824952220980446e-12,147.84571014771635,32.01301459236999,5.75085720876051,3.4273472646529006,0.3281587019556256
2.06958604,3.365311923291868,0.358761168338997,0.9098627322819886,1.482505298025105e-13,234.82917878931408,45.68879738504193,7.280122059839905,3.6299835972847285,0.03233775147739876
2.94436669,4.498259502796283,0.416412252863584,0.7385355906679559,0.2523120075760159,487.69062961010854,44.628856843605874,10.127832833621133,5.00261704384274,0.10887698373360277
1.988626765,3.0555904800519222,0.18416583568860345,0.9401361065362981,6.799793651455739e-14,193.13280682020704,34.22094668834839,6.244368645552803,3.26656062713133,0.011024883967316185
1.950902524,2.6945966728643973,0.2997345123056711,0.9770126744470925,7.340289739731811e-13,213.54839432438186,38.809836783650226,4.949876056156831,2.848174889977125,0.00689009481381242
1.7156715720000002,1.9414567932226234,0.24616439601360446,0.7337251388149437,3.8146240556216755e-11,3379.108625075336,452.93777038664575,2.9198248652303076,2.046816319135111,0.06554739037722576
4.306388227,5.376946294175058,0.5566141554051485,0.20857395071616627,0.37525030843727136,45170.779179606056,2644.340089625773,8.966818510485785,5.666697510567181,0.44051894198775454
2.491131469,3.961585762751211,0.4187573811331029,0.7621340827463744,1.8083500479094724e-13,154.64475252828,38.20208315994065,8.386966139765622,4.258480120653609,0.09960810856995161
2.271060432,3.485963350939818,0.45354590579442466,0.492278139655424,1.119915989757979e-13,173.45211381369882,39.42038036268814,7.121135627061391,3.7270366385882054,0.2302751710416111
1.60622635,1.463326546158322,0.2553197560602787,1.0153506230272697,1.490116855977928e-08,46982.06298040436,2743.92129035375,1.770661376399244,1.5819534337431775,0.003919317326695815
2.9905245540000003,3.996824906972937,0.5833995907990747,0.515418520785691,0.14703503535655246,356.1659542435947,39.774527871249454,7.48209593745842,4.291358971880859,0.2827046366824382
2.205718294,3.389310420781847,0.26876572810395427,1.1587774385241227,3.425214973606729e-08,92442.21668919723,4017.3158785375863,6.929796056250231,3.623970697162785,0.04267393387141666
2.300444271,3.436248574164755,0.3596588328522045,0.7083995258780519,0.00025147079611270294,190621514.6829284,655030.9079430362,6.831272903566759,3.6609317187792536,0.10487668618184931
2.17706211,2.837860915146061,0.39823367995989445,0.8223140848590129,7.359944537763988e-14,119.91916615104746,28.813600343331938,4.92210903929836,2.990391017918097,0.0707605158636368
2.130195681,2.7415305593205836,0.3805888766284511,0.8059025341833472,1.3828775699224581e-11,393.296537005695,92.5074831520323,4.694480045088625,2.8875865051459586,0.07387133647158906
1.774847082,2.3389017556590916,0.17506336871200107,1.3587462184783559,6.889572798704851e-14,186.13713789489904,36.23003975283775,4.096922807390221,2.464884096541681,0.06280332151951248
2.147453384,2.9151386057374054,0.14486592024488149,1.7991867704475282,8.431875906116312e-14,183.56650911204582,35.08112847531357,5.265341314494907,3.078105058793944,0.11577492694841601
4.080447509,5.238725109559343,0.6212084553689817,0.4519188771270255,0.27696105765790713,314.7962443943543,33.233247240173284,8.605183648704502,5.448705777164637,0.3404726277568176
4.652603749,5.7355331581151585,0.3892439130224232,0.4236293905318355,0.14537331074328705,661.8542675698105,36.02177052978784,9.294638427817052,6.014182448409475,0.22434875138050728
2.357987093,3.945834261244583,0.4242952325171732,0.7464008931638682,5.707049644342835e-13,192.71035532300357,37.80733749143681,8.788543310107631,4.27923720371936,0.107600892001184
1.8057688930000002,2.030948729384557,0.14081558726379775,1.2537814823140438,1.3058935722885815e-08,71890.75800814168,3527.070371665521,3.036305533341819,2.141948155622187,0.035736388468729174
2.014157196,3.4729714242623686,0.480557905512177,0.5572576053947239,4.826908182211108e-10,7850.742552315733,733.3214355107361,7.965004587815289,3.7878523656680056,0.21276335783295725
2.237432304,3.4248060449315565,0.35009463711855904,0.9870694228564909,3.769982497429492e-12,299.90008569763813,61.09751507297725,6.9761469301861005,3.660124725609843,0.004526925712790342
1.825015429,2.6666543465806396,0.11728235233494223,2.6361200138556757,3.0607985716338874e-11,1133.4699085186742,191.87571487397932,5.179964681424631,2.8326608465171823,0.19188800392727196
1.864312261,2.7708484253471473,0.4042466922353686,0.7514069014601675,1.327690238827873e-12,244.58755643699206,45.802401144105964,5.475930647834308,2.9492504041057206,0.10049293779726831
2.076048464,2.6137750031905105,0.32622091199778397,0.9256941374630919,2.6723512839934204e-13,139.21559276445905,35.69109059260574,4.378010514209072,2.7515314897180185,0.024240126243572135
1.532537992,1.7227678025149875,0.018879125062721082,14.46442560214024,4.791143406543396e-13,482.30313276811444,93.47860509989772,2.571791563660329,1.8164806305380607,0.25419657484050917
3.150031197,3.8528862792787195,0.4023902905439143,0.4271219198701775,0.513057738509727,520.504599194589,42.6610955403803,6.144709429327731,4.030108876377034,0.23052057710967908
1.9800441690000001,2.4634177304937057,0.2184611265911014,1.0241202812072265,1.9001173836396623e-13,130.6195352005075,29.648028894325954,4.076170623551809,2.592618884507844,0.005269343806224902
2.20727499,3.4077337549733344,0.5049804095070574,0.5168961189586448,3.808232233274944e-09,43855.23656750546,2450.840901127177,7.000430957741686,3.646089689537671,0.24395799568271226
1.267720323,1.2568471590646262,0.06967122207371339,4.437239510316098,3.080981692454215e-13,233.36922970385243,45.29345597573619,1.6518745473104208,1.3402019022879348,0.2394766772437747
1.803676467,2.0515967289204173,0.3237307464932898,0.5915091536653487,2.2558553567971638e-07,297145.29483616486,8988.267347786861,3.101916178536147,2.1624925140753968,0.13224104661959238
4.095256716,4.329658675241731,0.4710459994406143,0.3820026390540876,0.4746465401730887,614.8560470562585,37.48948451691525,5.780358758644579,4.526037908225609,0.2911051845384294
2.800376856,3.2473372725039535,0.39539900330491196,0.4066708793209513,0.4948884371630478,275514557.1654228,855035.5884487652,4.83577041022069,3.3862397334457195,0.23460174294827568
2.101553142,2.9403631285220144,0.19864079388428696,1.195730482938845,3.6198994208572785e-06,4586559.443192296,54341.29169574251,5.4733303726420335,3.1114325827372125,0.03888005851832707
2.84821694,3.456779991750086,0.4137060245711083,0.5889488907323948,0.1240355635941093,501.86727523450577,42.740912085521465,5.212274787033744,3.5644537301067833,0.17005432031064519
3.224302825,4.196060533611716,0.4225510694482997,0.4697039720530972,0.1772273262000977,1136.6909239525344,167.62293991668804,6.853404010889796,4.338826145622646,0.22407715373314918
1.818713693,2.806662057178748,0.1750215660944679,1.6192860109912233,7.864982313293692e-11,3138.987868073401,393.9038078229808,5.75783097749722,3.0017164955709434,0.10838840750407974
2.180385295,3.419587180761,0.37295987147858206,0.5120722313985728,2.6253766036816515e-13,170.9820744393346,33.86147439118177,7.135989660156245,3.6671869223356492,0.18197747786841958
1.668340281,1.8436599352977419,0.26285880676645274,0.9435480961092181,3.680292903533253e-13,167.2260824091759,38.415406326135184,2.7073456628266115,1.9462692190844195,0.014838880096425394
2.28012284,3.7974556078618598,0.42289889809863956,0.4162743004305062,1.7440367723668518e-14,201.89843089006075,43.24846467224626,8.417160971509904,4.114463573446725,0.24685695513979647
2.241324322,3.262231529476857,0.22685757840625945,0.604570527116215,6.929629962005076e-13,228.12036562566206,44.62541856153589,6.318643732942476,3.4651510871792386,0.08970617264887912
1.943769807,2.4412555709912938,0.16903563165729146,0.748163728256862,2.0956163328278394e-12,212.93569680790324,37.92923746349112,4.077738542845158,2.569557859765549,0.04256930326831865
2.276353162,3.207840436795411,0.15988464298558713,0.7555133652180296,2.2275823028583982e-14,145.05617905365696,36.45141546406339,6.01619694943737,3.3969168294056384,0.039089658316862966
1.321690509,1.2428911056923677,0.12800531651253855,1.7598404328575012,8.140531510820473e-11,1406.3978935523296,236.8529007121779,1.5500641972273883,1.3358454853224249,0.09726361510694875
2.34541655,3.895713806021837,0.47902918467140665,0.678245559703411,5.356927191158515e-12,243.24749624304226,39.5693221053927,8.612528438021393,4.2189578300130135,0.1541297671996798
1.7779954980000001,2.0092181976618426,0.07152903032798481,3.958182214963242,3.25840549172436e-15,134.63189842212074,30.4014344706037,3.017997384552685,2.1184849551752745,0.21159590536981104
2.49767682,3.761659541268684,0.38963800836215295,0.8820849708318852,5.705111039476382e-14,138.14973398046192,36.17263920330281,7.542005815616683,4.012135707630811,0.04594417712102944
3.059681816,3.496826681507685,0.3286140751497453,0.9339642828704087,0.16165756292402833,398.7334436019154,44.32301391892689,5.316811505065224,3.685965700016119,0.021700266111390865
2.582954105,2.8190521602932637,0.2917331340013884,1.0511579235001722,0.5953609788771059,460.95625924009096,45.54414131986541,4.076305834785869,2.9760636730744796,0.014924461351708496
3.291506974,3.4881178048589416,0.4316961874096739,0.4624530727759759,0.2909284908714222,678.872827949313,39.679353647965534,4.601572224614303,3.632164356466437,0.23205695903639664
3.8544914930000003,3.636437473810481,0.5176788559680776,0.39806047296179636,0.7971514272084936,924.6483733221474,36.77604872660741,4.071933849438279,3.8107583566118484,0.311611365719103
2.395515004,3.3104053825801163,0.177590317234959,1.2972833369752779,3.766122918020978e-14,106.67606174805131,24.086561590349255,6.08902167530157,3.5001724896923605,0.05279464212210683
2.945402272,3.478995490768995,0.43416864997056637,0.709330992895309,0.69782586772236,579.2071073522902,52.52871738368989,5.317746190700738,3.6333083432477458,0.12619937040292867
2.445066226,4.533395053789981,0.4522697302278575,0.6255071431177601,3.2793684056100628e-12,276.6637613379563,41.02133478345707,11.18895938151365,5.029176388218723,0.1693717833543903
2.128804184,3.124442431790978,0.3004150842419015,1.0679794430380998,1.2987499008712208e-11,579.3698343663903,118.32450804793179,6.10139338594885,3.3215773235061614,0.020422050107008316
1.9963013470000002,3.0102358257368356,0.2790816836007602,1.1175208552508766,8.069983298738398e-14,182.79219571921715,31.31026295463466,6.037074295391855,3.2100297281731054,0.03279791814161587
2.082396323,2.9156053228850065,0.19397554377052517,0.7819387192703297,1.8175410384095077e-13,171.13284711040006,39.92496862150677,5.4309623880631115,3.0853931359666253,0.04229855550483494
2.442975288,3.986845332323331,0.5686854384800624,0.5159749602474312,1.1325115366186803e-12,228.12798657402985,41.25219278903807,8.661053304625101,4.304138909054353,0.2752579919670192
2.324391374,3.128803256799727,0.11234185445876832,1.6332733392791179,1.2437193556403791e-11,653.5779591867515,147.19356940095946,5.605473396609045,3.3023725316416996,0.07114310131391288
2.430359809,3.405392892137016,0.15822772329937082,0.7677523466758608,6.854505869398606e-13,342.0842218043465,87.12005378152638,6.351569706454254,3.604615021745657,0.0367480174271001
1.516533673,1.5638960467768612,0.1456310025617687,0.9213938415636396,1.0055262473847632e-10,3025.1157288070053,415.2471396665891,2.141503324162764,1.6604725527432973,0.011447493660616398
2.879616902,3.152616252958849,0.3264455378134682,0.6229495659194305,0.18198217195815983,690.5384332346896,34.704676135625185,4.221921264431916,3.257277514869923,0.12308643173623315
1.5353873450000002,1.8731872785144237,0.17123364093892424,1.7138626882472472,3.2854633745140596e-12,468.9556104951016,81.99684665771737,3.03489294337488,1.9704084380807458,0.12223730723902432
1.776947387,2.140069320479727,0.11371982218972373,2.7720280381855193,2.3939360113476665e-14,153.72550818992136,32.639671309752906,3.425912390763465,2.251989161144584,0.20151471341766222
2.381666939,3.2489051127772273,0.36434865851141185,0.5395413153286921,2.7172545551766884e-13,107.97115303806174,26.72544398241166,5.89897899549166,3.432024619809223,0.16776750405992022
2.170351345,3.1948619745417517,0.3441321920938102,0.778336439011106,1.714910488368893e-14,158.89478736297127,33.98114228560581,6.257677153112817,3.397620758439264,0.07628156715042805
3.338949243,4.73526659289563,0.5496889620297468,0.5430178471408132,0.45818407154821955,690.5077512015389,61.08954428616601,8.805069948316083,4.990700324021469,0.2511980452712855
2.382950219,3.0806158000092423,0.3138709240992305,0.9933812292181886,3.285573016920844e-14,96.49898851730701,25.084646815899774,5.300831459268165,3.2455926994573305,0.0020774397016881108
1.838759457,2.013552568445884,0.09742862248034706,3.426129537035189,3.2313362776411183e-12,213.18248658153277,48.55421584692335,2.9315472788805406,2.1272342659544616,0.23637445875222063
3.072146654,3.582311705997558,0.23549440284374507,0.7821176678603122,0.21152849397027632,461.9054563276315,39.28880562233841,5.409629922286276,3.743709328456279,0.05131006969743829
2.170875892,3.16078779101641,0.41106835972791117,0.7542255048649513,4.983855580808585e-13,154.91692885485952,33.50313081962143,6.123430009946886,3.3573514751959417,0.10103011857811994
2.194296781,2.6103423996060644,0.3558188857218925,0.6527725794101454,7.759455042047183e-14,94.31310837928227,22.886717860179733,4.131807369928284,2.7482171462280824,0.12355007388636896
1.98888668,3.2589209347453374,0.464423533995837,0.6544232081758546,1.5944925555384562e-13,219.47001743253242,36.41258490338274,7.1021384160902095,3.519550729116177,0.16049399492591326
3.564012141,4.857517192150429,0.4227063282800407,0.31251593125485827,0.39321686178308496,444.68921321774957,34.42425660689766,8.8312134140276,5.134854416065692,0.2906038664502819
2.18293556,3.3271829691278336,0.5532901073077711,0.4832368060275825,7.045308319956212e-13,159.8506395924835,32.28778054914298,6.747651922537064,3.553577796158547,0.2859199630457054
2.229477857,2.7078988988438817,0.46254547646701427,0.39774521554055586,2.0757517975568367e-11,329.9756628602818,88.42803256587382,4.376670282319825,2.850284758801518,0.2785702262323326
1.874268116,2.4370410731756125,0.25425494762877304,0.7773360070628805,1.614785090710804e-14,182.3011224473326,40.70601169433498,4.213663860295511,2.5672564477293474,0.0566134218630408
1.6644440679999999,1.9935313328968345,0.4367487235773628,0.7553986380636493,3.1753068710522195e-13,199.19223820886768,41.35598951660373,3.1727424973548817,2.09773865982971,0.1068293326109857
1.850620098,2.6304802880873615,0.1572934963571151,1.1842869054981373,2.6104894100668113e-13,253.3771916709351,42.33867840093662,4.971379274496193,2.7867160093341834,0.02898713169863526
2.4677198860000003,4.004474447249056,0.6255112766808365,0.5063948971339635,6.666369193847231e-13,164.99892848760453,38.08501026440866,8.650638073576054,4.319005348014834,0.3087555580699101
1.6212139140000001,1.8802017653462424,0.14743406277919954,1.3403849140735231,5.5176865156339705e-11,1499.0707963796162,250.4735857309489,2.896566464296868,1.9798795645978706,0.050184330790608245
1.639771626,2.0412792039405185,0.4055035026225987,0.7461827120405282,5.837226142107288e-12,331.3958360771645,57.81231071263012,3.3760209939902937,2.1476245307742663,0.10292379929373457
1.906638338,2.50190225530467,0.3894024484800869,0.6762409256338658,2.257059986909579e-08,56632.73686148708,2916.176576327788,4.365817519733711,2.6365797412686103,0.1260725762758192
1.787765164,2.122145416353163,0.1736333961046095,0.6281669448989061,9.486702100170768e-14,142.86382852832293,29.60954030527382,3.3483891534966075,2.2336420628405866,0.06456263614115533
2.27471511,2.8425672972069127,0.5681726922552545,0.5035599426634393,4.165599683084028e-13,114.2915569313287,32.25916136713776,4.727478542773768,2.9924086714375187,0.2820636839202666
1.809986216,2.955792251591905,0.3795793533926475,0.7738350966258581,1.0038981609195112e-09,26754.755913829984,1628.7747190896416,6.416419370770251,3.1895952611908127,0.08584752778286736
1.424663866,2.0138066605897613,0.43440986639008444,0.7304672847978564,3.762459922641589e-11,1815.6648093855244,245.75607599103682,3.777225567076105,2.1308333240511255,0.1170876707987199
2.450153545,3.304310146715698,0.46365130353803263,0.6820911051878082,2.112988786079324e-12,131.08295326829526,30.290166640746353,5.932074316134562,3.488200339913192,0.147398873486008
2.327062915,3.290666655829297,0.37805591786068116,0.43551743779933094,1.2330325371345001e-11,533.62499302121,121.03112678799923,6.193362601714872,3.485764348674693,0.213405973169123
1.9604241820000001,2.9052409371678687,0.621972758545938,0.49902873123023755,2.5080905197362184e-12,212.90452894806808,39.83556310376133,5.726128273958325,3.0914917024588124,0.3115904819889877
1.542965415,1.9096357804395594,0.27661043018200016,1.154595768860529,1.6355393509679331e-12,337.1008608049879,49.56427237401441,3.1387468971541974,2.008789857606663,0.04276280212882799
3.771125532,4.580586645576892,0.3310758365814455,0.673084839660235,0.22988538733408517,718.3216607373939,41.42795318107969,7.12082134240814,4.7648491395123855,0.1082337102006451
4.626159179,5.532154653756463,0.5635926517996771,0.3325889409976708,0.5879680714146135,1221.0992915383072,153.09884668331307,8.545398615686384,5.772405256239862,0.3761479685835535
2.121015456,3.467541472437076,0.3257672226906145,0.9535258843071384,3.5012622377948566e-11,1820.019681508946,275.69500719462184,7.542444576637163,3.743911686702263,0.015139743596265853
2.201344314,3.1542277818947384,0.39324163295316406,0.44291388920556274,9.086513141867408e-06,6789619.187984904,71067.00461306043,6.013679309237407,3.344964700205377,0.21906945190433177
2.412494716,3.663065346470983,0.6267916250944807,0.37556525022569337,7.54265940797948e-10,6347.824456787386,705.5433343627637,7.403207174594265,3.9108654599072468,0.3913904715765031
2.428792269,4.013301200238903,0.33298957840586646,0.921328317347254,9.341871754668473e-12,548.166263065827,116.87635637304143,8.827313579957043,4.34230010368697,0.026196850439018038
1.222549862,1.2640586942205425,0.15558923746456688,2.0709330682124723,5.143125359926492e-11,1732.4813808636409,257.63144648144805,1.731294743100441,1.3409023711083052,0.16662565945876756
2.095355218,2.8526430958049915,0.3478676100875272,0.8134243699095184,2.382516279704953e-13,160.348973589594,38.95571215869293,5.166840421042152,3.012567409730427,0.06490361854015037
1.7555236760000001,2.407448805218938,0.49182823399753595,0.6645229900031714,1.291033043271454e-12,240.9958997168658,42.053217115442,4.388280987845238,2.5428451900566227,0.16499706537351394
2.48095229,3.6524197472069755,0.45339019444480716,0.757987207627881,1.967225908626144e-13,133.26291642027255,35.17317433596979,7.158190999295828,3.884987014741956,0.1097262269917258
1.668182597,1.9631362106097323,0.2815729849962337,0.9843126353362521,9.112938514612196e-14,189.72640986412148,40.89848123390708,3.0698959154118723,2.0665067061262676,0.004417138095095918
1.9068205580000002,2.568395303633153,0.3557674686815604,0.7679680313332136,2.1811020349475275e-08,54806.03268631756,2829.7806129996966,4.600525330230692,2.7101914106994,0.08254942614578176
2.851228695,3.641846378247906,0.287941216524861,0.984224025032824,0.1749040479155348,564.5483215432454,46.893536120614556,5.740922128157987,3.74541445493076,0.004542553423914408
3.164817041,3.815150841075056,0.6856713178208197,0.316987482372148,0.5109974477015135,491.3963815646748,48.469506829415465,5.8096159270682435,3.9539103382436713,0.4683220930500051
2.241298331,2.8427872320857266,0.23512984785865504,0.9481984427498413,1.205115597961586e-12,173.40381811302396,38.95477387335035,4.798306863960262,2.9932955980263434,0.01218009227507122
3.849835092,5.296420212833659,0.39116177882137176,0.49829796694199924,0.2747942578782002,889.6638658726565,49.594644342184125,9.819854411201124,5.622473004173688,0.19624665968926625
1.7507398840000001,2.464344307586388,0.3614228428007204,0.8462959335081266,1.9657556819647892e-13,276.2695878543352,44.09994553457604,4.610677282139179,2.608169133062391,0.05555216066152385
3.459795755,3.937613933023074,0.5875905117761104,0.49430661139297033,1.0543638830535205,676.884091404494,39.68961149008803,5.7860409747995165,4.116172070169133,0.29714063701340004
1.586888904,2.1773806457123337,0.1736785417182901,0.8909450901975046,1.6611470824242897e-13,242.71547562088276,38.822991729218785,3.967902074251131,2.2992882347351595,0.018940497701717074
1.832465899,2.3393207391125634,0.32977180988129945,1.0072869546567274,9.459956573102785e-13,422.6585148069076,89.27223994122126,3.9703000159423687,2.4627746584334993,0.0024030322256719527
1.7857385749999999,2.555926776561787,0.19978674265609375,1.0024208856187928,1.556571930133538e-13,209.11065042158776,36.30638866430718,4.8626716396109035,2.7092004685468956,0.00048366085212162013
2.108412689,3.072505685443083,0.3927045670955037,0.4264303334625493,4.427797942264949e-09,27102.020139285098,1788.864037335665,5.957013988639507,3.2637701475051344,0.225243427596702
2.126763795,3.4283908436544785,0.4880731032343977,0.6270404436314616,1.475244515827276e-11,856.498085661874,154.9931756175022,7.353249788320872,3.6927118131259657,0.18203152805771677
2.400087886,3.199129399785649,0.41751812125727034,0.7883371190603787,0.02105644207639043,18142313291.322372,14367674.505260397,5.675715497133914,3.3748300137410423,0.08837308838981195
2.338220452,3.4285149546019884,0.2996625427606239,1.0279839284691283,1.1034679999782439e-12,250.5757250071249,53.04183483657664,6.691137662280372,3.64492169509687,0.008385735161490437
2.475362002,4.469891736788055,0.6603195913972559,0.4502434422370413,2.3433184072690833e-13,201.48010279551954,42.8839193515415,10.745161079827717,4.927133711480765,0.3630150255899988
2.363998925,3.6213493769643064,0.35344848971603077,0.513147147339468,2.3501054782227027e-13,151.4562970541014,33.57152092172857,7.383724777114041,3.870884276208531,0.1720774054868063
2.394265417,4.033001915909613,0.4540805287303452,0.7034302044126066,4.801391867606765e-14,158.83230756881196,29.708190544891483,9.04208508087504,4.379323949338853,0.134666569585774
1.852259936,1.915916636050208,0.2755772581407514,0.9313029899967513,5.238338222645296e-13,130.86500071977025,30.960717143175973,2.6349899083499277,2.0342686104900687,0.018931333659163052
2.245988143,3.2798888295321804,0.2152363115487947,1.3077202656493994,5.00060983044892e-13,198.7276825922786,35.218372213399576,6.3740587058922396,3.48516253019132,0.06623257496719198
1.92081366,2.55298645882724,0.2325859763658676,1.1213430067534362,2.6831428037309674e-11,1511.4096372850981,252.9657059452286,4.512593135610653,2.692038674653027,0.028222681700918045
1.904184238,2.9931893143083785,0.2617476170829855,0.7410805597268549,5.3374212046995956e-08,341858.7946812268,9035.469699321351,6.256744745352349,3.2102983699938212,0.06777154650795611
1.908727786,2.165587021079948,0.43182381507470363,0.6192030188590927,7.712845204360939e-09,17843.21262167651,1424.453559129137,3.267412444537163,2.283208411739412,0.16443720516519655
2.493309762,4.370815362487784,0.3647430732377413,0.7645480416433795,4.620506381643254e-14,187.69067297175815,42.122384035916525,10.200288119011445,4.785707673597402,0.08587947089083842
2.335715367,3.203834835645865,0.3342243861917078,0.6544641862843245,9.839756525153386e-12,251.24190404586838,59.19123208167419,5.849144506173614,3.385648982293069,0.11548649524637394
1.834403852,2.4032483349620453,0.145281477399957,1.7534803768993912,1.3157619115473662e-12,388.73354110973503,79.15951395835438,4.185882863542983,2.532237447493415,0.10946674234782
4.078371837,4.811623617990265,0.47662844145255173,0.2642528853253214,0.23911267967205246,610.7423692579532,36.563143603176215,6.977130902651021,4.951424362526311,0.35067800057060394
1.971158074,2.429875425522988,0.2898364313093177,0.862528765168552,1.3198079461614758e-13,134.47998308726346,31.189156473377974,3.9837898594006385,2.557171371689323,0.03984417211123206
1.692876451,1.9686185309097197,0.27158442542467043,0.9539388802311763,3.998186683279049e-15,179.14332102348786,41.14594505258498,3.0422621850207823,2.0730504297680445,0.01250948274683289
2.467081934,4.284136005505014,0.4256157876189063,0.6741360962823263,3.4602058123155823e-13,189.28865362293215,40.70725200588776,9.903653769977023,4.681217929797411,0.13869282203736916
2.222556688,3.402253619517817,0.34375338463963173,0.7249325012628124,1.4954371987613595e-11,1147.9330335233058,209.66434181192616,6.930305222616213,3.63598516753037,0.09455538369526587
1.839954861,2.4635771491451193,0.13515618452277348,1.0645963610649152,1.1900686441464633e-12,302.17976707699785,54.7420115040707,4.38554956993482,2.598522718045012,0.00873059769558937
2.149386591,2.935132790766119,0.3273677130783751,0.7918090215246454,1.213677770396848e-12,177.3475073739629,35.020371391182856,5.3330262475433985,3.1004130022151273,0.06815500450702605
2.335021326,3.3048072818318506,0.43569621114271095,0.6740431000990806,1.4399495008963307e-11,278.9876748638949,64.2244455421897,6.225483411464884,3.5010281254257176,0.14201818628265445
4.091254916,4.409425388544923,0.4346561470186615,0.3598606707640474,0.17240642245185134,522.659220262557,32.44958867623934,5.8755143428015435,4.575374990378278,0.27824049440080956
2.3127504500000002,3.7025816340936952,0.31223080339766207,0.6496153209764582,3.450284564996724e-10,7220.055243883479,743.0012198624121,7.889262678029352,3.9839853692433493,0.1094008898297524
2.375392789,3.067733257993737,0.2553908748913753,1.241290103572312,1.680234120918487e-13,99.56361721518148,26.440210466650534,5.273308646108205,3.2319121480191364,0.061623290653963325
1.9810490280000002,2.384978243516419,0.24051136243595483,1.2213444431980105,1.0442908229956626e-13,121.78291135262722,28.478134384205426,3.818781491241892,2.510167206854946,0.05323585360118133
3.989917226,4.751464797531348,0.5006853948715515,0.224948037404215,0.7110557572024898,630.1333378488346,40.72540552405639,7.434584433389284,4.983469696090396,0.38805719793824156
1.904775532,2.3788129481489264,0.31372952674909727,0.9542799946518924,3.24560876689255e-08,143328.4995228702,5475.30036152179,3.9506346496266573,2.5035623219849024,0.014343715640827981
2.428164134,3.26850718215917,0.24555525367328637,1.1059908200330766,4.365952704232351e-14,386.6095037659329,100.40885757141324,5.856464876318914,3.449961501727451,0.026026602700261775
1.722746639,2.1222207380365377,0.262862617157206,1.1532543657064183,1.3868474828869005e-11,1228.3530644495997,213.53094309336004,3.4746289510602146,2.232912741026658,0.04028484366035667
1.424242306,1.7967563165211315,0.19763223732742485,1.217618657540934,9.311783727652981e-12,1523.8732366914016,228.36565131273642,3.0077507942717125,1.8899496078627953,0.043008462174005474
3.180995933,4.3157629316828245,0.41457792266369464,0.7224630002611993,2.1576769016022053,317.3921779042934,34.17203581896068,8.848065585348355,4.7683166629428015,0.11506071281402636
3.038690771,4.058742024892885,0.5595134557216123,0.42266491139274676,0.16109907680585042,795.1849961687226,51.711125536594466,6.749194026713683,4.188811923699891,0.3230267505359875
3.943842215,4.899770662755246,0.47812903403495477,0.5276531065708003,0.2256428357844441,341.5007349778253,33.49225131249067,7.899769843034461,5.117399119708991,0.22584276388471497
4.227296761,3.9362404047543857,0.5293755030639271,0.4111405432895157,0.5925612161153866,1724.1410994778626,148.80924305515745,4.477421130153306,4.160899092332416,0.31172777113006345
2.037078681,3.0396568596282783,0.3005373163386688,0.7088676198273111,3.174638095754668e-12,350.1349403026377,67.04841438983605,6.033408316449304,3.2373758795411725,0.08749614423638902
2.183501747,2.808762033726584,0.5306844762373932,0.5714695956001346,4.887695999041713e-13,113.61934817014976,27.131866448637645,4.807470264780436,2.958399565246721,0.2274144332107409
2.365708944,3.8814246569736435,0.5463655334661872,0.5487475114171747,5.646293641121475e-13,171.20892075692578,35.6228807255305,8.476239281016069,4.194101296592672,0.2465488066524999
1.612102063,1.7344044944259867,0.21186126048221318,1.0373113530467397,8.119855689928914e-10,7909.414475308713,801.042053910846,2.478500747806826,1.83430277253176,0.007904830286779158
1.675502908,1.6363371939079805,0.2638176954430525,0.9208866196530942,1.7639853644560493e-13,128.62816671715024,34.27350712630564,2.1236395474463383,1.74946395025246,0.02087150968183038
1.853190329,2.647537401873017,0.45480261942373396,0.7244713819306818,4.820994879649169e-13,246.53236428203408,42.87630564333396,5.029141073043916,2.80611930695799,0.12531113722412746
1.8702503890000002,2.460602882725223,0.1503801521416265,1.474919648454271,4.168179868875216e-14,188.07801952867314,40.96280770527576,4.304708511865961,2.5932830110632814,0.07141848898960107
3.581010982,4.830706629066513,0.30544397878163404,0.870586301191965,0.20856182710628923,427.762171978338,46.09145084937405,8.955821812250635,5.1558514068767325,0.03952863507277421
1.889715118,2.512172438012791,0.275573269570648,0.566655793946605,1.4915922412193334e-13,187.72568331332423,42.06052012475868,4.441012802960132,2.648957582997143,0.11941807971163063
2.438234746,4.006676640700246,0.49445370187738846,0.6088210979815478,5.767848229653681e-12,279.78254226971524,56.949694736064664,8.764336422564922,4.330831839193083,0.19341985619935592
2.070879024,2.644235475756231,0.276261768911691,0.9301780709179466,1.0297981730049061e-13,144.38300231556576,35.94926732921157,4.491779274803875,2.7844016548632675,0.01928912963703472
2.218616647,3.1204351875509144,0.28241284249125287,1.1598967801421294,4.454159182440219e-11,1781.5212848637043,297.723715481345,5.840017115430785,3.3036241569065226,0.04515690418513768
2.453188144,4.016191840794831,0.4020813121843366,0.7603332248152468,1.7766946810793438e-13,184.7512234446633,37.11639225540245,8.752642686137166,4.338280531145366,0.09636553145327398
2.463197841,3.585299325587148,0.17349702166733505,1.421906007769373,1.8248629174073366e-14,134.8939120457061,33.85450680136838,6.947062785375292,3.8088114237099173,0.07319943577154175
2.233087442,3.3883179764430937,0.3623817463578944,0.6471957779092687,4.499309848113726e-12,384.44951522496694,83.05851851537308,6.841478011226649,3.6168577696225674,0.12784981012367763
2.064755303,2.803024738446939,0.11845405044757414,2.6089489731240194,2.5156952438170656e-13,166.1388481962421,37.81609151533357,5.062337459727344,2.9595795085242447,0.1905865228300052
2.212553739,2.4970024038413867,0.09685638941900405,2.9919878083809834,1.0207425886033986e-10,4106.52667903731,566.0521554313669,3.749741882166793,2.6337708335699133,0.19293674688645696
1.219529806,0.9182829969608115,0.12169011782632419,2.5185448677118383,6.110226844693608e-11,1450.4568230944747,260.53196095802775,0.9158769319202432,1.0383005075683733,0.1847919038764135
2.308939516,3.3793670316856987,0.6758343655196676,0.41934016741010044,4.652752203179963e-09,18807.460806293275,1444.5828417000878,6.582800178463977,3.5918826547670752,0.39242986954115117
2.653617455,3.45073671146103,0.346646943082358,0.8801223517348221,0.38205420119654393,522.7028475182107,50.24118643970698,6.174293284327083,3.676600323449829,0.041555220315026065
3.321592424,4.076243443531684,0.3268792812809297,0.556432086595263,0.13961114309475048,1194.6729187847577,191.16143108669158,6.306484704361698,4.220431287885013,0.1449931607330221
1.425341035,1.565323110793212,0.2974117303733837,1.0240856814332528,3.009028982549735e-11,1010.3100298357484,179.15544054128375,2.281091758709757,1.6524840100592362,0.007163364192285804
3.543693317,3.742294781492391,0.4809407772740301,0.582944912835735,0.8076954507491307,733.534872023002,45.59659260482597,5.1609685980363835,3.946588959004233,0.20057879778687
2.889596458,3.7901457261200417,0.33098241046075105,0.5900044486396623,0.21327424992372862,571.7917959097011,49.86422365884793,6.208805961428069,3.913658065933631,0.13570131586742926
1.7977148770000002,2.2406797415838744,0.1820298334567102,1.1321906712913279,2.8195046660913436e-14,153.8941248565055,28.35908339478736,3.7122305806734475,2.3578039635682395,0.024062645879691147
1.758863108,2.2490616217314345,0.17396862829005566,1.03991131034735,2.1094380810034309e-13,200.21614985271057,38.582119539395016,3.8226071408037003,2.367691320053314,0.0069433159143871825
1.62470204,2.271003136578034,0.33174934743606643,0.8824397200340636,1.0851973932051472e-11,1358.8899232931235,212.33332511937084,4.2168666985775465,2.401655410346723,0.03900054616310067
2.088340461,2.985098038677651,0.31536086904516897,0.883771575682542,5.682334591555476e-14,177.64144763399662,40.8822719925611,5.676776259662604,3.1647306518035814,0.03665389690050419
2.284540705,3.0936801119169117,0.3168194782446129,0.6417070165363938,2.3669154869206767e-13,133.07801881546376,35.282203782404544,5.57561213562984,3.2664107538927327,0.11351419607964541
4.087373196,4.821976854476762,0.4529156956226005,0.368017308141265,0.21605644189589154,546.5601517857884,36.895741622348105,7.361828851281246,5.036105790446953,0.2862348805046425
1.628532548,2.0642069955375097,0.36588896711230195,0.7868355961152252,2.8988413371015698e-11,735.3677226057766,136.65259922232167,3.4757829895444075,2.1722524153238854,0.07799450356250981
1.598797854,2.1631170683818945,0.27842021218577706,1.1024337640532036,1.074589650649006e-13,229.18703302935066,34.25340702467365,3.8869178374199382,2.2821495364367457,0.02851963032268079
1.460279503,1.8009710757568418,0.3081922347263157,1.0893798635048446,3.0597618296570334e-13,279.1656771509031,48.009320962234014,2.9485127853963866,1.8942027885820143,0.027546179873091103
3.362605731,3.732762656124131,0.47861061749748973,0.5866527932832144,0.4501896027723862,778.2346208406325,43.0210710601727,5.179361944724407,3.874019743794534,0.1978323618475833
2.255365417,2.9739313237736114,0.17422685533385626,1.3397870211676202,9.493467518267756e-13,138.58338885408554,32.74968777429435,5.218693693398268,3.1354574349890987,0.059200024181292915
1.954837192,2.3701303509449234,0.3043356354883433,0.9197290066539933,1.77708094389279e-13,153.41714539803996,33.48330444411597,3.821891153878828,2.494365247953735,0.02442932377123752
1.806867927,2.4269364596330103,0.23632667690677728,0.9223061894248604,6.549927390547693e-09,59359.92155799806,2935.5118620467465,4.333140766812669,2.560149908015738,0.018361120069447373
1.868811747,2.5199822900561686,0.305225748974599,0.9377472124848079,4.604733603318531e-13,198.27693187720956,41.88940284632601,4.518432071088691,2.6592040290402057,0.019001153695081097
1.670499726,2.064831725325614,0.36653560041362576,0.7895439106134403,2.61770305753868e-13,208.02011604749447,43.10809427523253,3.3915177850370877,2.1724361375376633,0.07713964908400633
1.830770598,2.1187442581230345,0.32476981213534406,0.9280711106015768,2.9007562310354272e-11,397.31128629293926,92.43991831715293,3.259855757826368,2.2317770940144874,0.02336033189702985
2.400945479,3.0628592442791343,0.1049721623913113,2.9605570893346735,4.62717825650244e-06,13109352.244355688,117750.61291430303,5.2006393250599805,3.2256497543236504,0.20580391715907598
1.647557642,2.080978657032034,0.32506466969083836,0.8039907882104158,8.659452205623506e-13,266.7148866733835,41.78128765609277,3.4922450141680157,2.189863522446417,0.06371566968674275
1.589347845,2.5213050909823562,0.18130061900387512,0.8582987392086434,8.863168297329396e-14,321.8690704690376,43.95089865670495,5.312154531804358,2.706692080753814,0.02569052629510249
2.212785703,3.139109680225095,0.3399476513170553,0.7198878008383656,9.510378065262756e-11,6115.91717892907,684.0635755607508,5.925584789167874,3.3258751111236133,0.09522348421025284
4.335355854,5.147128600869056,0.4920089378365919,0.3593361462638165,0.6855291783554165,797.7897060917844,63.44832458070471,8.006980612915312,5.394389904530685,0.3152123421870373
1.818289154,2.5863777903234526,0.40178674018732224,0.5955223815255647,4.5670607911407785e-11,2871.4875206180222,382.1984493030296,4.89060843150841,2.7399884640310628,0.1625137438055748
1.545042455,1.484933020680539,0.23871391399829678,0.6391087316468571,1.6254663370223093e-12,189.7311675987759,34.79886596661306,1.8953422982485346,1.5910586499219224,0.0861497671963884
2.292072174,3.261002786070671,0.26094294430844067,0.6492703900639502,4.9536023033811064e-14,146.24522286856703,37.16511148397764,6.174717719875494,3.456173528003368,0.09152041707286376
1.582687839,2.039986071079892,0.1432345299017548,1.9391578743670574,2.141140704750073e-14,217.6241770769872,37.726902518201236,3.4921875183652964,2.1475070677050163,0.1345198366384968
2.44531748,3.35522180168186,0.3670363347214082,0.853944191390314,8.956865514973168e-13,150.49771153047843,30.311311258140698,6.128309533394586,3.5458776193516615,0.05360778865687066
2.208524772,2.99347077640234,0.17700659529669407,1.7883393906276537,5.176511879869521e-09,20470.934309018307,1545.0364176089408,5.398826531283161,3.160563525617569,0.13954127147327153
2.315345151,3.8267613305424897,0.4800380985759138,0.7061914474330326,8.471478556710168e-11,4234.714066400975,513.2625521333332,8.41792652080128,4.140427896777252,0.14103929891958844
1.898407085,2.6003533105677525,0.21069128030044432,1.3644447537853472,3.430146011166659e-14,197.81893823176023,43.28804069465471,4.736494105402342,2.74680297930757,0.07678533177381502
3.072165003,4.161931479249268,0.4222501961887317,0.5571649842436622,0.1605607333381525,444.89354524339586,42.539892151920455,7.190632549785806,4.331765102856869,0.1869871722823537
2.092430864,3.2041329236258838,0.33606304871849646,0.27761139820093267,1.1284252174663176e-13,203.30501678026422,43.82577576730729,6.527654501086652,3.424156415267684,0.2427681158800865
2.76507018,3.0748187465880856,0.4822140654160288,0.6467451301959907,1.3466519829969632,379.5802150355815,38.44136299193619,4.839192475525176,3.3037940657402696,0.1703444668962013
1.824546818,2.829869842721169,0.29631449713407687,0.35630301262665376,2.1399500376060955e-11,1351.8932740550727,212.89915580326814,5.834941814077624,3.0287550271039922,0.19073674912025332
1.951224424,2.799228067333513,0.3187822145647471,1.0257061006808972,6.207504927365448e-13,228.89759306450813,40.25511279932102,5.3408682541392265,2.9683546473612505,0.008194647702880753
2.12276111,2.821115813903776,0.3651227912131712,0.894946841782441,1.83422463648281e-10,939.7815369364976,186.68008729448007,4.988328303653755,2.9752164302922615,0.03835730235415402
3.576540075,4.244871985392555,0.2776279142834902,0.9202548652226322,0.24246797333203937,377.1584452104646,41.501688399128014,6.831690184798032,4.494902861116629,0.022139475442496448
2.321411437,2.864880725645963,0.10414464446663027,2.2144691152614495,6.752175697613402e-12,817.1657703300183,182.2637044249481,4.705696041400692,3.015656073338524,0.1264804542246067
2.388315244,3.0390028470221195,0.21558001701622875,1.017470683095776,2.8079045926075072e-14,91.88286180421322,23.655622309026445,5.147004913877474,3.2003282191843425,0.003766330159072545
1.7091832770000002,2.803476160600224,0.37027161340782416,0.7171546255583919,3.995490703425997e-10,39580.884370867825,2066.905160093787,6.111205095886897,3.027304794217469,0.10472961313943435
1.356443816,1.3050881957387765,0.07635083282320325,3.2785995010470006,8.786335485033663e-14,196.24622112756538,38.03886032560796,1.6656278894229593,1.3977383825801024,0.17397296957547387
3.998322245,4.3301342820030975,0.49953472674889493,0.4401111556189172,0.37302798808695375,494.07388803241906,30.955856083884857,5.867652340086476,4.504913078818535,0.2796839208876587
2.268359467,3.8088119982626942,0.3563637150298575,0.7560844514870033,3.9029942395549503e-13,208.83273778483138,42.93174434098292,8.511326069389211,4.13313379998292,0.08692265102163693
1.850399419,2.4913855627018937,0.42691636865104965,0.7640930206066737,2.9897903691718956e-12,228.17973571440902,40.077674285811526,4.460052637843831,2.628724520249524,0.10071255098203685
2.301065968,3.3867706631349836,0.22233714767127322,1.3158797288704618,3.5240170441181725e-05,13224513.48960777,111382.05221755718,6.634181796632933,3.60197101178058,0.07023179792423362
2.500566047,3.8551960754129038,0.6317292018639424,0.5128380692244875,0.0004054458814972565,82892025.5070531,382674.7005835692,7.912599839390234,4.1248248168432085,0.3077544177073117
1.7358553250000002,2.422713335747686,0.3013001229839949,1.0558826383246407,3.839731902480115e-12,467.14464606198743,80.23401217379143,4.4942677563116895,2.562281015561412,0.016837445799884332
1.434220805,1.443022129644527,0.21940059058847458,1.0683326850073223,1.374588618765793e-13,379.5301476480146,78.8096441172122,1.9267818301748227,1.5362535398927755,0.014992231447102683
2.45767547,3.2003174457407977,0.10548970437145049,2.769316337837434,9.089782099539307e-14,111.66806271990666,29.892176072012887,5.547620815360694,3.372721329368458,0.1866446574180483
2.286665263,3.744824011167758,0.41239723711153714,0.8339867922897343,1.5927067246147562e-13,194.38701136904334,42.71660462943381,8.162096250909578,4.045014959849019,0.06846338818373732
4.63324269,4.613236236446426,0.5982295675265602,0.22186031298846115,0.660857429380956,1262.1965608993958,82.38785048183601,5.562922709606999,4.811176112499971,0.46550616843616577
3.304678517,3.6525217004718695,0.42430919907517683,0.5257382673273068,0.145878848362189,152344.6391073796,5694.219537070009,4.861365972267385,3.755153281442225,0.2012336159423561
2.233702294,3.026331699687395,0.20546692098845631,1.0118714097790513,1.2760143159900139e-11,293.63337447246465,70.80692912027705,5.456272081557685,3.195268013786495,0.0024391820150939103
2.232118405,2.2972763448957245,0.3768075105690566,0.8472381240402422,0.16609591098921841,392.46676138117067,69.4410112175044,3.1439532816072804,2.440548556279746,0.05756182219025535
1.62024275,2.045361462027535,0.14890625885974024,1.3124212926409122,5.574015415939618e-11,2061.2167765764025,303.29927591146685,3.429819566982966,2.1522055982076074,0.04652148587528235
2.463767492,3.868595354470008,0.4432029836117924,0.7445044535453648,1.6790233573956193e-13,156.59214535027004,36.56573792665572,8.086432996260216,4.150231737840047,0.11323638848821965
1.924614156,2.8753184847399034,0.5095498827501302,0.6306713898526319,4.5846396588088634e-11,1143.2297783038307,193.17408363801258,5.712778918691958,3.062528840034353,0.18819134999685994
2.103172306,2.8599437362993188,0.42040754598889957,0.6530177520289698,9.823996669367245e-08,491236.20228486747,12441.920928304771,5.174070838726508,3.0200605846650292,0.14587395537121262
2.487146361,3.7428500380519827,0.5028923846144407,0.6192769201016604,1.1683459876093968e-13,138.76377915462672,36.1038158931349,7.498354951429988,3.991669549906791,0.19146273752783027
2.309989783,2.9867291414215744,0.3774842326339229,0.7036101643735092,4.001076463017828e-09,10302.88737608302,1009.6843668398055,5.139668383077159,3.146621246384062,0.1118824896619604
1.903929301,2.295807417451781,0.3718192530615085,0.8935854489181811,3.662768262635801e-08,244250.36053589123,7881.782961621062,3.6813632687742714,2.4161673411355666,0.03956697889811761
1.474822487,1.7089191185110633,0.17633678673552697,1.1760896989790084,2.213846219060454e-13,233.7574456578954,46.14441184770994,2.6289050329399664,1.7992776487924187,0.03105109169518455
3.693297221,4.349379983344119,0.2511782440530566,1.2181732558460507,0.42753129023304026,367.9251597456508,41.9596143092003,6.581544790421394,4.533379839821927,0.05480037530274928
2.449140314,3.461974708533081,0.16703195379763203,1.2950781023347766,6.068041646503144e-13,146.62719129498066,31.643929870351602,6.514354761610798,3.6673169613353926,0.04928747195587532
2.362524526,3.6559098427001846,0.5511090318913225,0.5216138464271202,5.048804388552602e-13,156.69757224241607,34.1785500389895,7.530022347999515,3.913378217079977,0.26364292996576333
2.0674753,3.1256971624079797,0.36243984014521047,0.788142911898902,3.770745564701407e-13,204.1334897583486,42.32811069441565,6.286697759277407,3.3346085368186733,0.07678544914499175
2.14566952,3.339008082083364,0.23482515064589962,1.1583497344701958,5.51128653703221e-13,253.28666110884973,40.4897850892353,6.913581177677173,3.5765872763687803,0.03718450025170192
1.583384943,2.1016179401170856,0.35506173307736116,0.9575347472735433,3.0933950006266366e-13,230.1113078076537,38.63836069107617,3.7047552212256947,2.2149521974919733,0.01507778622862388
1.675022705,2.3989441563553435,0.31565575985835953,1.011588346203528,1.1696260068073769e-13,276.8246668002087,50.23483637265824,4.565613235003792,2.542709391542896,0.003657928226376339
1.809650032,1.8464128934767996,0.23524541981611263,1.2697812361604646,2.1645509676110031e-10,11653.097025832445,1094.0578910477975,2.504277517790778,1.9632806737488755,0.0634648001590783
2.279860382,3.450144565442027,0.525313947251913,0.5993766572086879,3.313333353104725e-13,166.72943151957745,39.288070844480075,6.948717298809828,3.6817454387387762,0.21045302956296041
2.290962198,3.237015580414173,0.1703071876616308,1.790788758372813,1.9825776973003175e-13,144.33828338452756,36.90424979093623,6.087156568649259,3.428622425095521,0.1346770094729067
1.940952325,2.6078152009327575,0.3330431690562205,0.9726484955192396,1.6173541756477e-12,270.55337768344145,48.744220782539614,4.65987561034768,2.7514821324426393,0.009109231730727863
2.295362759,3.548467708852283,0.33331300238101375,1.008281870816307,1.2017121869562282e-13,172.29739489703172,40.381094856308785,7.300859339161706,3.797704054973255,0.0027604552271149885
1.862534116,2.739014079644267,0.3797904020802502,0.7800242839150343,7.678970267798503e-13,241.4450322279286,45.1572254433507,5.3558978467149325,2.9117988476006937,0.08354466565980007
3.31613162,4.143658368719372,0.38613275512924655,0.8096697673142742,0.052482546850341,3369.8498404599877,431.87206375170894,6.879078581294536,4.359731711746656,0.07349273713132987
2.933049485,3.0284086444958085,0.314167619156793,1.0527621894011108,0.520209045653617,476.36679723335027,64.46096725251007,3.9136680542822604,3.1673168626547756,0.016576171425646713
2.452280982,3.7359040030017012,0.2968332246204585,0.9091692265780228,8.369635745499159e-14,161.90868719956325,34.44497025522997,7.576375526031982,3.990549099207077,0.026961591369615734
3.148628562,3.613873864568982,0.5911755098375535,0.49047611318822615,0.49088196195712375,464.71766136743986,43.04610148948379,5.213310720350231,3.747663114697639,0.3012180435603623
2.340826232,3.456462344200334,0.5079328095837892,0.36966506858736675,3.3986323068523248e-12,225.8113510644498,44.78930652195037,6.793116706388709,3.6775387717578756,0.32016779269122386
2.273448189,3.3260361577530113,0.49404856760037175,0.5984318151224756,4.0779718472752806e-13,156.9289078670965,37.70350712619331,6.475942789528903,3.5349822966069855,0.1983941865326222
1.679058855,1.9145874906617115,0.3826930846706927,0.8807717313560103,3.511092211324064e-13,174.51842413229846,40.151310446004416,2.9011516584054133,2.0176888699457676,0.04562783390731445
2.474173824,4.161202241551783,0.3883929295102608,0.6590114822931924,5.342710724066323e-14,175.03659891238806,39.879215944639114,9.316749684325556,4.517500363085825,0.13243752932150843
1.345020122,1.4313621794210165,0.2473775256186278,1.2932311119183086,5.843050626124567e-13,307.1544125932823,44.26513212804329,2.020466319378131,1.5146461844440329,0.07253878690075011
1.571911449,1.8404125975285996,0.15501741402040575,0.7598007868354489,1.1364686830893765e-13,189.9969627186378,36.98622670345844,2.8617941226538166,1.9372884431422033,0.03723506087450491
1.774667788,2.1998577516590734,0.26930532463449813,1.1719430162181625,7.421688934914663e-14,164.86348352144705,34.1205796807471,3.624656415583918,2.314741498980413,0.04630516980126703
2.478451131,3.6336349507668384,0.560232443834029,0.5619470197237975,3.1851438330328637e-13,132.40897717405736,34.9428138509433,7.091880812335963,3.8632105951739284,0.24541149166891668
2.2858366390000002,3.6821835215827377,0.4686628465516876,0.5222056092231298,1.0781001309443941e-13,188.16516308735476,42.000418352694915,7.894176560623051,3.966043376357706,0.2239244792479174
2.010532388,2.704974102860579,0.4106080480999931,0.8322123771133653,5.030819104076493e-09,12415.749797098058,1079.4023387984262,4.8404450834084605,2.854291613025924,0.06889494832881882
1.8180508130000002,2.139629400275352,0.2487670642302561,1.0756175646156625,8.822248359710967e-11,2050.67491442835,325.6176240845713,3.347436746244267,2.2525594345589948,0.01881115955368004
1.726880763,1.8933548586827822,0.2856545961575937,1.1958634800434074,3.1998914421015615e-11,593.636208350994,128.49493038416233,2.7590356095793753,1.999901370588988,0.05594930329382042
1.8767967030000001,2.514079486138957,0.2892126113747866,0.36302092520854706,2.156057658570518e-13,192.80519192458402,42.056373142325974,4.478264292429093,2.6520033341414013,0.1842223816115316
3.190921545,3.854286929113243,0.4700914371983045,0.5562185114972524,0.15735355083358668,336.82490118227383,39.42725008114565,6.037296352164249,4.025542660078147,0.20861787773225943
3.063571841,4.060067904073349,0.34026209298921944,0.9919323818420912,0.04971605138339632,485.7325550424262,43.862960243927354,6.571794383191869,4.163814774667713,0.002745104639847895
1.7572664900000001,2.2674150627145155,0.11120824569949436,1.5922804683491945,6.29505587356708e-14,208.1088858096246,39.23989742766172,3.8887721205110237,2.387627045188011,0.0658664718471888
1.858795647,3.1600652589721907,0.37674885983028356,0.7642983542502727,3.776432340618616e-13,330.2250971068566,51.77093202399467,7.143342436947208,3.436212849778318,0.08880032629633117
1.488985078,1.7258212578047454,0.15250995825314792,2.1669964788167833,4.9609194253842574e-14,229.79787742743287,46.516437782595496,2.6558151406030066,1.8170855624424993,0.17797858426591825
2.497782593,4.215057291222023,0.5233225891320952,0.4052082986164838,1.2038834454040967e-14,173.4315406632723,40.5297604863932,9.469269267045403,4.578989807097891,0.3112679331623057
1.718664901,1.748155100010989,0.15630627107930803,1.9196673069476964,3.09685430430829e-11,1557.0533350619176,276.34674231091867,2.3632520680377658,1.8593784140119487,0.14374976738254383
1.857603649,2.678833063568287,0.39715196556340837,0.442495126098673,1.8776173301097315e-13,239.85381665903364,43.78847958647417,5.1366143863218605,2.8418975622916873,0.22141415648109217
2.143834628,3.3480429933516778,0.33120742145226173,0.9349954985889011,9.502076511730587e-13,270.0888070947516,42.58658944226851,6.956979641586312,3.5881469768579337,0.021529973295159988
3.372035773,4.031134621267879,0.3968235880097934,0.5669700930317044,0.7988547016294704,420.9571489417588,38.881439484247096,6.422111140694135,4.245690385845979,0.17183648139870608
1.459152443,1.7621920477067783,0.3156797503250785,1.0394950656388686,1.8164007136835466e-13,269.82620323102344,46.897838102386636,2.825055467854016,1.8535488898535144,0.01246779245995061
2.073401124,2.8539308269174946,0.33072908777876875,0.9161830659985085,1.5131809266946313e-13,167.0149413980338,38.89238889818661,5.226115156558935,3.016155811678785,0.02772069812272654
2.164614517,2.8384555778776335,0.24668241320359963,1.2386920754450512,3.0688856694265333e-13,131.71726203590964,31.288693427462324,4.952466246564339,2.9917212872639216,0.05888113718336091
3.713467776,4.665979836353396,0.35152562043241786,0.77146693262276,0.7995402790616614,3954.3370634724397,514.9953577187379,7.904892411167472,4.932757527174854,0.08033522829910783
2.321586491,3.2075131760606137,0.1393970906614017,0.9741598582806172,1.0215989988975487e-11,998.5967340747986,200.2883475304253,5.898139668996886,3.3912678006236225,0.0036020405779602638
2.452498864,3.933910803399272,0.48380258620814415,0.5861070137615856,1.3414959078836748e-12,178.96156863158416,36.29134176033443,8.40002730548156,4.234569328056021,0.2002424971555567
1.58201894,1.841949172285407,0.2227144869235907,1.1730200856492021,6.263381671808621e-14,178.07407824214388,34.255488821577224,2.8482752457084075,1.9392422940558443,0.03853407960283778
1.6084226830000001,1.507907936709274,0.2173968081669136,1.2725656657244995,3.637915625098238e-09,19182.891144815254,1504.8444024054616,1.8776600983887104,1.6220642675614518,0.059254905744396125
1.655787719,1.8363706221067677,0.21381373937236278,1.128814336249957,8.309430267488195e-13,181.19356887300677,37.5700578456626,2.7061460016631096,1.9380925367753292,0.02754227491837219
2.218545522,3.4820132435173834,0.4308834237179931,0.7570268552116654,7.485238922927758e-11,2245.9384590835734,335.08951176929645,7.272076168732185,3.7346387399533905,0.1046931004979253
3.5147797179999998,4.579110765336811,0.37875141969899573,0.8893089487689276,0.11467851059426408,3302.4479910067116,444.540636763697,7.403896376045983,4.718335468543922,0.04192439280174293
4.230860188,4.797479071737906,0.66415111690988,0.45457763005641266,1.3389147784252928,996.6822553333843,100.42362964122663,7.5363249172564055,5.1186006873464445,0.3622428761856673
2.3247029,3.377335015514845,0.4724375387694295,0.6129571915364348,9.911691870792817e-12,733.1959225625502,154.2239724662031,6.530494788913385,3.5869141239886155,0.18285355182893448
1.597652383,1.9267433939249181,0.19305796678067821,1.2401232767282964,7.123535368809492e-14,182.42119642956445,30.893917799158555,3.086059827227708,2.0269702762155086,0.04635771158187904
2.391929576,3.814682255641988,0.35403738919328515,0.8782635370546085,8.677660734678312e-14,143.04549626744077,28.735048106516242,8.09752688263984,4.102150109184763,0.043099259510811505
2.970335334,4.218844048751161,0.42099617759433,0.4280871494636399,0.44379586788774267,496.1866892378887,45.117782611367524,8.201314307017245,4.515934614503913,0.24077312399288497
2.930786827,4.030361760922449,0.344052623800141,0.90900048479464,0.17992070799557222,721.7280942569,99.3174043829384,8.019274574617343,4.388314350092449,0.031308621970944917
2.329097385,4.0202797818545335,0.3789093094006398,0.802174651226574,1.3143467686993117e-12,651.6833112283589,124.12684541518084,9.236194490550105,4.386989764851835,0.07495786628567952
2.175852995,3.099143172710901,0.49282735070472466,0.6630026726514775,5.423518399023303e-13,144.04996401577782,31.743453159235788,5.87345229897673,3.2846889268797064,0.1660815000317452
2.745870898,3.1912190596068615,0.42259174639261626,0.8046792312754026,0.2139986385597478,313.6861743666678,30.458943697892042,4.898825990652705,3.354601181173286,0.08254094476207591
1.869484959,2.7191021671388875,0.30805649428946064,0.7058735789875638,8.644533594995346e-14,230.28199827748355,45.231450099283244,5.258821122920153,2.887199075039586,0.09060755413499708
2.07363641,3.1466677035592747,0.432246710860245,0.6807587152289895,8.230978135998953e-14,202.9136038051652,42.8902092651105,6.352502135807757,3.358622072585262,0.13799099531306813
1.8884119190000002,2.501441677109212,0.30274306589201466,0.9984927693624166,2.888408824760434e-13,186.56754453501145,41.89870273106172,4.406185980435498,2.637178634530785,0.00045630362422838244
1.653216977,2.3515998623955183,0.3653155388119686,0.8241233604141155,8.822661663594751e-13,307.00172354747355,47.85838389843189,4.444518089062917,2.4908303535707907,0.06425046935475581
2.492933308,4.3572333490945985,0.3775406096786879,0.8071639496099106,4.379361002510375e-14,186.62246444487872,41.9969329179007,10.1385225952103,4.767771181879899,0.07280344003230454
3.256644777,3.8014432063738535,0.35268463367704334,0.7599267230812415,0.058565183867623105,362.31566615149006,36.30132910595422,5.7603203695744805,3.9752992672644374,0.08467015572573972
1.57515589,1.7299160071866884,0.27921060338000664,1.006872818362423,3.232462683517382e-13,163.91281827604527,33.95718352339434,2.5232690754596048,1.8266825739665964,0.001918963761893322
2.220855656,3.6855584438503155,0.6108094892135066,0.5428023956560586,7.46589088632443e-11,1725.6047571590889,271.9350213296271,8.13871066628971,3.9903077731980683,0.27926063517896177
1.460848729,1.6072586631064,0.28735090973206945,1.0267523395029052,8.387019000180743e-14,221.34619773292238,42.87959297914041,2.3474374264990487,1.69673044214237,0.007687309093620975
2.275667512,2.9374880658501135,0.1839195055066803,0.9788833205718136,3.909261954994901e-14,121.80520537881911,33.36212877344972,5.046370414272798,3.094536313994605,0.0038837692383751343
1.430114659,1.6561220544187834,0.14270314487418548,1.2991895977066545,5.419743608303162e-12,689.1485679185206,124.79896125907779,2.545036388652628,1.7435019630980388,0.042695296506381986
2.377510297,3.464616025928322,0.14184362129121747,2.1270797721496124,1.3394253205138567e-13,125.44225560671393,29.410629569123966,6.720032537763774,3.680857036724084,0.1598690763657813
1.415948838,1.2253713847507568,0.21674621020077767,0.820695699569359,1.857286195331084e-10,2723.4567152324767,403.9134615092157,1.4069830822982674,1.3379247055599564,0.03886352759104311
2.211743575,3.461336245421712,0.4145186215481838,0.7749071476648081,2.6720543701632126e-09,9793.333683231576,905.6287984966766,7.20790298697962,3.710812525564609,0.09330517887033263
1.782322608,2.3728446326113306,0.2972009674381237,0.9573282083095126,8.760832070130456e-14,183.2701036510155,34.69293541538784,4.199021314794169,2.501871159203366,0.012682097772730938
1.7811224270000001,2.206384895503243,0.23646821473263901,1.2387916970113089,5.2289515571475915e-14,159.47175054223004,32.57532964973847,3.6329919467955096,2.321601318360399,0.05646664628524145
1.987111641,3.5246681081968156,0.47247260695695725,0.5976838049326153,7.865367253049326e-14,258.5547372934657,40.00972056778526,8.315065150274389,3.8677249297336043,0.190083381504491
2.381331627,3.7780138326587958,0.3571129279269929,0.9383707133126402,1.2170289648959417e-13,146.23689993881104,31.159282646481433,7.977943968382415,4.059326977540001,0.022008615014975086
2.079791691,2.762810574677107,0.3625048062289027,0.9099690310434528,1.9579192490215244e-13,154.3802345004204,37.80166191430433,4.882736517108202,2.913588209692483,0.0326366589561935
2.472496123,3.2816351754603663,0.16348655075312055,1.692701772431225,1.348956057019927e-14,109.27369234669428,31.396403753699026,5.798304478695296,3.4613134151232057,0.11324742347535402
2.830609987,3.8606439116653304,0.5023321940355892,0.6079101109032342,0.18761279796289068,756.1298839472905,95.23858345776547,6.990928340435592,4.074687227553251,0.19695937424914917
3.4033271640000002,3.684244101609924,0.4583068595417333,0.4714038542809694,1.0180857058119817,457358.2961414792,11720.03532653472,5.187258077439856,3.8724801217319413,0.24225923951035333
1.898093512,2.772396275845318,0.21798739458498131,1.2951130556528117,2.6330324186641024e-14,225.004464171895,46.16560641182676,5.38486273658544,2.9451684624552152,0.06433092610976901
1.9701224110000002,2.969003899045291,0.26099949749713697,1.2103278352155873,6.99740317327979e-14,202.3684006103212,38.37311165274113,5.95083574950978,3.1658176739200727,0.05489545930092893
2.295948419,3.748603785154702,0.3884324687000922,0.7894469192235523,3.9144634707254e-14,192.10293380544005,42.64409251049634,8.145553533040607,4.046931588270002,0.08178565295840551
2.522005925,2.899867207366521,0.253633110409668,0.6746622581943655,0.18482485895867445,2198.022154561678,268.37078704945816,4.501494842098399,3.0690482213662884,0.08251642338782056
2.303886876,3.6035394572914763,0.4547501819222117,0.6517863051729771,3.4715767925149456e-07,290201.723400859,8638.107794418791,7.50144823367838,3.863260180052267,0.1583502410703942
2.093810199,2.996626674233042,0.15071373985288372,0.9659676093192715,9.704933589784748e-14,177.41380391481025,40.95948591054618,5.705786608999529,3.1773320710931223,0.005129148875627015
1.988022361,2.615973459086452,0.16591507901509273,1.640391706816273,1.915771961671064e-14,141.896023334719,29.45679715740328,4.578222817679587,2.7572428915704985,0.10625064063703205
1.796765984,2.2348706410516477,0.1157552031045747,2.1061479643713854,6.516176748163808e-16,153.49008365617317,28.57109612519001,3.694957695031858,2.3516461890270306,0.12804238227952158
2.465097952,4.262907166513433,0.4624286278410485,0.7181796184297538,5.073895210690042e-13,188.9447267002915,40.38204902540862,9.81360694885112,4.653923437175598,0.13032181234716966
2.512484982,3.025219542190683,0.2987781564701255,0.8309039951633821,0.1509137596474787,5500.053202602826,637.0361738764153,5.021111189196771,3.219304047515627,0.05052219259154811
2.375338257,3.609161075053779,0.31171120123682183,0.9970526632888081,1.2891561696481286e-13,137.85443495411545,31.11852207093196,7.29911945736885,3.853623624295282,0.0009187178666950069
2.383210896,3.1352679948308073,0.2935885311611634,0.9782239798408573,5.918041829130412e-14,99.83588160350601,25.47620344900138,5.489979767804223,3.3053875098931678,0.006393189773058583
1.6144120320000002,1.7386053506827803,0.09413852205577035,3.367389266885789,2.340941267030883e-10,4499.971943580513,549.7493423247295,2.4870069128468826,1.8386083356424887,0.22286252671532186
2.497351751,3.848888701174658,0.4615310375594957,0.6596636092180467,9.943851666025861e-14,144.70185907638964,37.01909247335887,7.896872246248344,4.1178706301195325,0.1570758075568489
1.560589496,1.6601929063219707,0.22731574270604607,1.4507699246742132,4.460049477514946e-13,172.84717045276324,35.895658476685476,2.345625432359336,1.7574380474006557,0.1024671002168672
2.480269448,4.0878247276387345,0.7308031825767849,0.3987592193775698,2.408765354044133e-13,167.09979358493587,39.35270256604431,8.969034347637605,4.421044539783015,0.43938867597382253
2.4675767410000002,3.677200027117124,0.3116225195352223,1.0246213442960586,4.438350963496165e-14,139.20201519156728,34.96524199838858,7.294855747123292,3.9168818566715085,0.007672565343881943
2.316344135,3.180419251068178,0.16388848932411085,1.806222605572064,2.0871745170017993e-11,2385.212838394345,371.26239542845923,5.811986785535311,3.3611027115343335,0.13213060488615405
2.126706388,2.5170403472391087,0.3816445835263901,0.8836857765702324,3.878862276300215e-11,464.51140189398257,114.37761476140591,3.9636081541668697,2.650220324929018,0.04439069335904916
2.223223244,3.3359520472591777,0.36234185491745685,0.8779872627636299,3.729395626747624e-11,1007.9216125252802,192.16216844841446,6.6608457298941,3.5558392624824915,0.04421032153378257
2.473034603,3.3953649453850248,0.5083688693277865,0.6653263042645468,3.487112464590435e-13,116.83085492138657,32.502876553807006,6.205818837091771,3.5885235867723644,0.17013768829478398
1.927117912,3.0746000528114297,0.4509156127442834,0.6404692958601463,1.98345434490375e-11,984.8850441978082,164.10079743759923,6.52365662352697,3.3054185106299663,0.16211800775760576
2.3785457020000003,4.124980884991475,0.588521722358994,0.555997275893237,5.713885258661581e-13,176.81614430099023,34.75006116677658,9.521733278763106,4.505757290549211,0.2613052479233974
4.985047214,5.15505196353493,0.3302132541552114,0.4499636693853147,0.2230248474746115,1126.4510368328429,38.71177548716454,6.294009836047178,5.314841638223408,0.18162928663586697
4.432795622,4.816836816026983,0.40481654474568085,0.6779949421039702,0.3819972000156826,1105.8625874902964,69.42896863828993,6.519011756581052,5.003655326527005,0.13035297492810372
1.880352076,2.4142719382889206,0.3660132163029041,0.8451839642452691,3.367547922140975e-14,176.44355189013416,40.442243750038486,4.121980004835044,2.5422456066825774,0.05666471518185445
3.889937375,4.594312979118415,0.4889719886732525,0.4681127822834263,0.2552696468588848,688.1957422721338,40.29302353402672,6.70084036777661,4.733868215202689,0.26007795059675626
1.887349286,2.289890903951241,0.18393817952255104,1.4436761495443993,5.817501848636931e-14,156.6475438473345,38.36533110246032,3.6944986038184178,2.40979579674418,0.0816089832447719
2.097511384,2.5431352002886074,0.3500838041602547,0.9347085691856504,1.932572862270983e-13,126.9553030515653,34.67547793379044,4.102254446606696,2.6767095230367826,0.022857472478553575
2.25233513,3.4003471128267324,0.40109280703334027,0.707218611095413,9.952156553207373e-13,188.35202666804798,37.1714114397562,6.831668573269486,3.6274066117845907,0.1174325091228609
2.447093305,3.5577410988036067,0.3288043314968909,0.8435580077020264,3.298286303340235e-13,161.77480450845303,32.32131528792346,6.885467106808437,3.77902718288313,0.05143880469557699
2.223126082,2.6873512120969822,0.08289867217347653,3.1633297152628503,1.0620102580768685e-11,662.6526896598483,156.3152430628703,4.322723812606742,2.828735680160141,0.17933716086871537
1.824942186,1.9998078097481273,0.2212298217976238,1.5354422059434647,7.327607244280628e-12,643.1394552695815,144.89289098334504,2.913312777244837,2.1125625537482184,0.11845578380379929
2.4181105,3.936733077399269,0.5072522211169501,0.39111146768857014,6.985312548448465e-11,2194.8842390070854,336.1872681756178,8.5309820673576,4.248133844431228,0.30886006042761266
1.644511884,2.2036387049179558,0.30495039296644166,0.8722557741201894,1.3657261554431811e-12,324.26399231888627,45.63990344303829,3.9232298148374807,2.3239061985346785,0.038955651881242115
2.4119008170000003,4.059130580119343,0.43191782610797236,0.7957040271403213,1.2528390968736154e-09,9125.4063388955,868.086012262972,9.09290987006836,4.406994532861409,0.08823907248016577
2.197755227,2.867684616866276,0.4605588165961575,0.6582914274516103,8.272415932687422e-14,112.8456334632004,24.275088744578,4.978791202410519,3.0219341780286144,0.1573768957936486
2.333228097,3.0951476048590307,0.2657273389285655,1.0661729956064865,9.508291235205756e-12,275.91933483522155,68.76698055305303,5.464824304723328,3.2643151416882783,0.017583974031443295
2.251710872,3.8440690277315688,0.5479498303982288,0.5379916369511061,1.189428427357724e-12,242.99780240875782,41.954606219375144,8.733377509384463,4.18498746176952,0.2531574041752047
1.524128331,1.6342377963248707,0.14519663804210056,1.9405615950505373,1.52437437593776e-11,996.0173697455841,183.36963109108424,2.326933459514576,1.7287331428328636,0.13656638147285363
2.780370112,3.173678170666269,0.288059069937518,1.0615399776214314,0.27317121392907057,466.7477137268908,36.52756492550539,4.571518176313623,3.295922948329232,0.017727148717605223
3.233385019,4.107136655135144,0.2892726417913126,1.1143789707560603,0.10774184161559762,547.0808792187061,74.00226683182751,6.554028148872656,4.247014299428589,0.03308670703597688
3.641345206,4.030631334462634,0.4429928158437905,0.5773483817208254,0.3398483334483669,608.9044999712844,39.40196814322912,5.721804093316495,4.213151434848353,0.18723163050242647
1.5506074760000002,1.686037322117165,0.22299276354648945,1.031570226219556,6.871154513325448e-13,210.70186587367974,38.482015573870264,2.4347463481589675,1.7816071888786595,0.007039931990486664
2.241357493,3.203052871354224,0.3191851006718862,0.5563931974795548,1.8648056916426873e-12,219.63820343977557,43.71960541981672,6.091386278810145,3.3960414015037186,0.14159268192122182
2.236941764,3.0044366054947496,0.42160346485357025,0.37237076959778154,1.0935028548819212e-12,236.9454653639071,55.48689955240164,5.369876501702337,3.170526648138367,0.2646106581809551
2.836284114,3.168495196780748,0.538795842909439,0.5900231873214062,0.3590296714506655,429.09609580689425,54.67254928308419,4.629265482441949,3.327764820800689,0.2208938023604881
1.7745960410000001,2.758251652047529,0.49377497915372454,0.6293239102379045,1.151938371632554e-13,259.30614560887216,42.80341828365818,5.698531199718524,2.9528453171627165,0.18303057849506282
2.389877497,3.5549816664979756,0.42778192104607754,0.5792865113914604,6.087399035639078e-14,125.04859801092773,27.289262565203607,7.038548838210405,3.7856534330412717,0.17997362436695813
2.255203689,3.031056852666618,0.2497925191629038,1.3132895279852075,2.1804388277002838e-13,144.21969661247383,33.36631983333376,5.421494974676714,3.19880321160199,0.07825738042278202
2.799116414,3.5032237713642704,0.1832122464677279,1.0471708893300424,0.06843325563320925,422.3691791118793,37.595382091631095,5.415149142751444,3.6039659026959967,0.00864228460203767
1.021049614,0.7114281371889449,0.1229986197766773,2.475314872928442,6.753449646675275e-11,1397.8102856108037,243.1831179743197,0.6547790655024287,0.8239469135760638,0.18146169310620242
1.8012274160000001,2.3276894631043237,0.19543983793783246,1.1635091711618402,3.921289973220432e-05,10862766.359298313,94074.30883043779,3.998346943096296,2.451236140260989,0.03195620591321935
2.129479857,2.6923370442814165,0.02640999498558845,9.604196162371945,2.1640819109274203e-13,404.1353244453668,96.35516318131783,4.529033658227378,2.8345334921580423,0.2272367775032625
2.361146445,3.1378250706741726,0.14018377372990368,2.0588560335320976,2.4765876537622757e-13,117.1891017669215,29.561245082666357,5.550292715948684,3.3096471494594066,0.14843443461720687
3.451587232,4.416351877538084,0.28528612100557377,0.8564051259502301,0.14091138655302712,728.5575651118384,44.60239218185553,7.742121973814497,4.695600038578133,0.040965624613942764
1.539933666,1.6043279458755095,0.31216985363943894,1.0068815160310531,2.105425895542956e-12,269.5891933535241,50.965014114908435,2.219683391616862,1.7016413230735763,0.0021482018522313018
1.730727697,2.8391530960412075,0.23252654873100942,0.8722146342357855,1.0183723730851302e-11,926.050825020515,139.07894334725654,6.1902803235572295,3.0660083819279293,0.029713490079482485
2.020585284,2.868740275044097,0.35100644907241324,0.9239295454083271,7.681421012702468e-11,1589.8224895218748,263.3627261967124,5.417447951570624,3.039219813931764,0.026701220145547377
2.271462272,3.0840892968985685,0.4402132537677288,0.5578582455361377,2.899614905011831e-13,135.61348371714507,34.891155175250496,5.5728965864949345,3.2567999448584146,0.19463666035910906
1.900553324,2.680221646581582,0.35160142160244146,0.9079439722463225,0.0005801033120846773,128565544.66889092,482027.9151147385,5.026248449868874,2.837559678206408,0.032367030225266824
2.39718021,2.7176441932676223,0.20245215568629268,1.5952968987801448,0.21028191991251968,499.26431943489723,40.41843174493253,4.084699839521883,2.862869729211426,0.12051914043140508
1.8690834,3.1144969039082206,0.36484529197688836,0.3716456991549198,1.90081975012117e-13,302.5632632997432,51.787062907767705,6.900901815276491,3.3736124846185866,0.22925210835675683
4.617616807,5.465509339478032,0.6431965911549185,0.33587159481703177,0.9725224584454738,1948.7022018386933,289.1874677227058,8.698783674798088,5.773007193550831,0.42716512630283765
2.080039492,3.1987761181809327,0.32148088636498173,0.9094434230088553,1.3645066201757139e-13,206.85161957600727,43.77101415377076,6.544510756393841,3.4204283953511414,0.029112208637291914
2.391980506,3.294175702192047,0.24144806312321065,0.5469803476934866,7.877422528730551e-14,106.65580945861554,24.802365787406558,6.038372941368205,3.4821370715504596,0.109380717606158
2.203219337,2.8885489417041654,0.27393187178112155,1.2194856546057873,2.600172543255896e-07,397732.14310716937,11113.483388910116,5.0390218460238705,3.0445116806864405,0.06012411619526803
1.26471055,0.9689731948222765,0.043521686775305705,6.733452053305243,1.894945279863445e-14,141.06122931423,34.83913393224132,0.9841307088699802,1.0902996397029066,0.24952950440518412
1.749745533,2.2429659814314022,0.3830790333045473,0.7987975519293087,3.307575858409187e-13,234.03032734746904,40.33047245645878,3.8216709157088524,2.3614187889143317,0.07707643930542879
2.24384066,3.653506311485913,0.28617487860267726,0.8912816045325201,1.9280233750597016e-12,262.1454615652333,42.405673600990475,7.916443828539033,3.942227554302172,0.03111247362478392
1.335611664,1.2016718490410065,0.1431595957753326,1.4030758659751086,1.6847625618331774e-12,332.598496966134,68.40350361121499,1.4340047968039389,1.3017143645771905,0.057704178039788695
2.299291339,3.376344513653419,0.31781954992828704,0.9153379334032681,4.053211191058205e-14,154.9872505173668,38.317962466235336,6.598470375008896,3.5899484160631467,0.026907259901772007
2.865605435,3.273641134597261,0.46258744092135495,0.4200002952198787,0.9139414660942806,510.01581294323523,39.802607753072124,4.825241671013788,3.4207469620416617,0.26830057916937766
3.394383317,3.8545968105409574,0.4320546968149383,0.37515200299491186,0.3299849059121672,709.8690503936666,37.84058274468373,5.396706909101564,3.978933432836696,0.2699685119014548
3.866415049,4.512686908802612,0.43182400293201106,0.5338434553278871,0.19122877624816112,302.45717977340115,32.05011497297302,6.776728230756754,4.706986429272396,0.20129758511326662
2.228419008,2.761484388438578,0.04754558892965745,4.704283437916402,4.2836490468780616e-14,379.5076090433047,98.57321602139204,4.553746749206311,2.9067107084166937,0.17612233761811152
2.254481288,3.0257372861217995,0.16732425067462323,1.2977571497297626,3.996984391902084e-14,144.93091650922645,33.25143390221552,5.404202892047453,3.1929280080582108,0.04982199196154413
2.475800499,3.930558399008056,0.35448051809352116,0.42869272747608916,3.282890978693557e-14,155.6602820864559,37.72366003610749,8.307125265811965,4.223968612365615,0.2025172979548724
2.490194891,3.4250432397405612,0.12532481408276314,2.330583109704644,2.962741787306433e-14,115.73613898265317,33.03368542231618,6.271364172453894,3.6203680867870034,0.1667550808453993
3.684806527,4.681505766149732,0.630248356043918,0.44259973420410087,0.21375062178632817,350.35739450121855,36.05765765992529,7.518365580531522,4.850198033366197,0.3513006011763084
2.288000453,3.6840925985536344,0.33327220439046934,0.42045537280060913,2.619629812108696e-13,187.7694165644083,42.02238311987736,7.89490530191514,3.9678182810044818,0.19314611544939375
1.8103355680000002,2.8942859757066146,0.3574331499636591,0.7301307126053356,1.8012257336367353e-09,22968.056290263517,1482.5361907046579,6.150988021139127,3.1120462217104716,0.0964602294719229
2.442528088,3.71539480635003,0.40917725228792806,0.4702719648605793,3.020491700022188e-12,201.16443592653445,39.57856416656263,7.523171044894104,3.967803366718833,0.21675266187823117
1.99833619,2.8416773518652945,0.16255025829691047,1.397897278676368,1.4350003824931787e-14,162.07991364151118,28.933175202602158,5.374431723666607,3.0108917614794395,0.06467830542448139
1.967027754,3.7987119094985893,0.5401691978619453,0.5213759092112455,1.6149472462050432e-13,339.9047225124865,50.08433860075828,9.756883350162827,4.257672535432001,0.25853799119876436
2.879873869,3.2820840715626542,0.3808565539461119,0.7995529928732666,0.08621398543876599,376.70264601677866,38.257608505129134,4.6062262552972015,3.386028427284502,0.07634155638309942
2.24928917,2.8625972609658517,0.48491255587847315,0.6673758135252119,8.728357007433381e-13,140.5453811734343,31.038637874979752,4.848247008737089,3.0144039741337587,0.16129364441048732
3.23607058,4.14496594314838,0.45922597802885423,0.41577429509667113,0.3551237372016835,639.0231808249496,72.19677014703696,6.699058953526702,4.292226399964692,0.26829162072382795
