success,solve_time,solution_count,iterations,residual,diversity
1,0.005116462707519531,1,1,1e-06,0.0
1,0.003713846206665039,1,1,1e-06,0.0
1,0.003834247589111328,1,1,1e-06,0.0
1,0.0033118724822998047,1,1,1e-06,0.0
1,0.0036673545837402344,1,1,1e-06,0.0
1,0.007138729095458984,1,1,1e-06,0.0
1,0.0036416053771972656,1,1,1e-06,0.0
1,0.004179477691650391,1,1,1e-06,0.0
1,0.004067420959472656,1,1,1e-06,0.0
1,0.0037238597869873047,1,1,1e-06,0.0
1,0.0035772323608398438,1,1,1e-06,0.0
1,0.003862619400024414,1,1,1e-06,0.0
1,0.004947662353515625,1,1,1e-06,0.0
1,0.005521297454833984,1,1,1e-06,0.0
1,0.010646820068359375,1,1,1e-06,0.0
1,0.003930330276489258,1,1,1e-06,0.0
1,0.008321762084960938,1,1,1e-06,0.0
1,0.004097700119018555,1,1,1e-06,0.0
1,0.004233121871948242,1,1,1e-06,0.0
1,0.006352663040161133,1,1,1e-06,0.0
1,0.00600433349609375,1,1,1e-06,0.0
1,0.005830526351928711,1,1,1e-06,0.0
1,0.011339426040649414,1,1,1e-06,0.0
1,0.005502462387084961,1,1,1e-06,0.0
1,0.006465911865234375,1,1,1e-06,0.0
1,0.0047130584716796875,1,1,1e-06,0.0
1,0.00693821907043457,1,1,1e-06,0.0
1,0.004102468490600586,1,1,1e-06,0.0
1,0.004786014556884766,1,1,1e-06,0.0
1,0.00594329833984375,1,1,1e-06,0.0
1,0.004854440689086914,1,1,1e-06,0.0
1,0.002602100372314453,1,1,1e-06,0.0
1,0.002019166946411133,1,1,1e-06,0.0
1,0.002260446548461914,1,1,1e-06,0.0
1,0.0032536983489990234,1,1,1e-06,0.0
1,0.0022139549255371094,1,1,1e-06,0.0
1,0.002802133560180664,1,1,1e-06,0.0
1,0.0017390251159667969,1,1,1e-06,0.0
1,0.0032176971435546875,1,1,1e-06,0.0
1,0.0018298625946044922,1,1,1e-06,0.0
1,0.0026023387908935547,1,1,1e-06,0.0
1,0.0027010440826416016,1,1,1e-06,0.0
1,0.002165555953979492,1,1,1e-06,0.0
1,0.0031430721282958984,1,1,1e-06,0.0
1,0.002370119094848633,1,1,1e-06,0.0
1,0.006697654724121094,1,1,1e-06,0.0
1,0.0029249191284179688,1,1,1e-06,0.0
1,0.0038557052612304688,1,1,1e-06,0.0
1,0.0018970966339111328,1,1,1e-06,0.0
1,0.0019309520721435547,1,1,1e-06,0.0
1,0.002830982208251953,1,1,1e-06,0.0
1,0.0024716854095458984,1,1,1e-06,0.0
1,0.0021708011627197266,1,1,1e-06,0.0
1,0.003557443618774414,1,1,1e-06,0.0
1,0.0031027793884277344,1,1,1e-06,0.0
1,0.0017385482788085938,1,1,1e-06,0.0
1,0.002557516098022461,1,1,1e-06,0.0
1,0.0016140937805175781,1,1,1e-06,0.0
1,0.0020873546600341797,1,1,1e-06,0.0
1,0.0015726089477539062,1,1,1e-06,0.0
1,0.03393697738647461,1,1,1e-06,0.0
1,0.0025539398193359375,1,1,1e-06,0.0
1,0.0019855499267578125,1,1,1e-06,0.0
1,0.002101421356201172,1,1,1e-06,0.0
1,0.0017206668853759766,1,1,1e-06,0.0
1,0.004140615463256836,1,1,1e-06,0.0
1,0.0020818710327148438,1,1,1e-06,0.0
1,0.0036461353302001953,1,1,1e-06,0.0
1,0.0016503334045410156,1,1,1e-06,0.0
1,0.0016789436340332031,1,1,1e-06,0.0
1,0.0015027523040771484,1,1,1e-06,0.0
1,0.0017170906066894531,1,1,1e-06,0.0
1,0.002741575241088867,1,1,1e-06,0.0
1,0.0021271705627441406,1,1,1e-06,0.0
1,0.0026226043701171875,1,1,1e-06,0.0
1,0.0027799606323242188,1,1,1e-06,0.0
1,0.0026438236236572266,1,1,1e-06,0.0
1,0.003551483154296875,1,1,1e-06,0.0
1,0.0027883052825927734,1,1,1e-06,0.0
1,0.0035784244537353516,1,1,1e-06,0.0
1,0.003407001495361328,1,1,1e-06,0.0
1,0.0026803016662597656,1,1,1e-06,0.0
1,0.008170843124389648,1,1,1e-06,0.0
1,0.004208803176879883,1,1,1e-06,0.0
1,0.0038704872131347656,1,1,1e-06,0.0
1,0.0034716129302978516,1,1,1e-06,0.0
1,0.0024640560150146484,1,1,1e-06,0.0
1,0.0028562545776367188,1,1,1e-06,0.0
1,0.0064809322357177734,1,1,1e-06,0.0
1,0.005748271942138672,1,1,1e-06,0.0
1,0.0040874481201171875,1,1,1e-06,0.0
1,0.005094289779663086,1,1,1e-06,0.0
1,0.0046503543853759766,1,1,1e-06,0.0
1,0.00799560546875,1,1,1e-06,0.0
1,0.0037126541137695312,1,1,1e-06,0.0
1,0.0059642791748046875,1,1,1e-06,0.0
1,0.0046498775482177734,1,1,1e-06,0.0
1,0.003694295883178711,1,1,1e-06,0.0
1,0.005698442459106445,1,1,1e-06,0.0
1,0.005677461624145508,1,1,1e-06,0.0
1,0.005086183547973633,1,1,1e-06,0.0
1,0.0045092105865478516,1,1,1e-06,0.0
1,0.004240989685058594,1,1,1e-06,0.0
1,0.0055272579193115234,1,1,1e-06,0.0
1,0.006983041763305664,1,1,1e-06,0.0
1,0.002563953399658203,1,1,1e-06,0.0
1,0.012844324111938477,1,1,1e-06,0.0
1,0.0016720294952392578,1,1,1e-06,0.0
1,0.009935855865478516,1,1,1e-06,0.0
1,0.004481315612792969,1,1,1e-06,0.0
1,0.00131988525390625,1,1,1e-06,0.0
1,0.008702516555786133,1,1,1e-06,0.0
1,0.0017478466033935547,1,1,1e-06,0.0
1,0.001943349838256836,1,1,1e-06,0.0
1,0.0284879207611084,1,1,1e-06,0.0
1,0.0020875930786132812,1,1,1e-06,0.0
1,0.0014481544494628906,1,1,1e-06,0.0
1,0.002010345458984375,1,1,1e-06,0.0
1,0.01142573356628418,1,1,1e-06,0.0
1,0.0018465518951416016,1,1,1e-06,0.0
1,0.016678810119628906,1,1,1e-06,0.0
1,0.002176523208618164,1,1,1e-06,0.0
1,0.003228425979614258,1,1,1e-06,0.0
1,0.002496004104614258,1,1,1e-06,0.0
1,0.003162384033203125,1,1,1e-06,0.0
1,0.0075147151947021484,1,1,1e-06,0.0
1,0.0026628971099853516,1,1,1e-06,0.0
1,0.0017712116241455078,1,1,1e-06,0.0
1,0.0012443065643310547,1,1,1e-06,0.0
1,0.0036160945892333984,1,1,1e-06,0.0
1,0.002507925033569336,1,1,1e-06,0.0
1,0.001413106918334961,1,1,1e-06,0.0
1,0.0018360614776611328,1,1,1e-06,0.0
1,0.002542257308959961,1,1,1e-06,0.0
1,0.002199888229370117,1,1,1e-06,0.0
1,0.0025467872619628906,1,1,1e-06,0.0
1,0.003182649612426758,1,1,1e-06,0.0
1,0.0031974315643310547,1,1,1e-06,0.0
1,0.0023877620697021484,1,1,1e-06,0.0
1,0.002447843551635742,1,1,1e-06,0.0
1,0.0028259754180908203,1,1,1e-06,0.0
1,0.0030469894409179688,1,1,1e-06,0.0
1,0.0045909881591796875,1,1,1e-06,0.0
1,0.003650665283203125,1,1,1e-06,0.0
1,0.036026716232299805,1,1,1e-06,0.0
1,0.004135608673095703,1,1,1e-06,0.0
1,0.004598855972290039,1,1,1e-06,0.0
1,0.0041046142578125,1,1,1e-06,0.0
1,0.0043866634368896484,1,1,1e-06,0.0
1,0.00437617301940918,1,1,1e-06,0.0
1,0.0029442310333251953,1,1,1e-06,0.0
1,0.0013980865478515625,1,1,1e-06,0.0
1,0.002123594284057617,1,1,1e-06,0.0
1,0.0025968551635742188,1,1,1e-06,0.0
1,0.003514528274536133,1,1,1e-06,0.0
1,0.00311279296875,1,1,1e-06,0.0
1,0.003635883331298828,1,1,1e-06,0.0
1,0.001979827880859375,1,1,1e-06,0.0
1,0.0020067691802978516,1,1,1e-06,0.0
1,0.0016186237335205078,1,1,1e-06,0.0
1,0.0017542839050292969,1,1,1e-06,0.0
1,0.0030634403228759766,1,1,1e-06,0.0
1,0.0020902156829833984,1,1,1e-06,0.0
1,0.06430625915527344,1,1,1e-06,0.0
1,0.0015940666198730469,1,1,1e-06,0.0
1,0.0016198158264160156,1,1,1e-06,0.0
1,0.002964496612548828,1,1,1e-06,0.0
1,0.0014166831970214844,1,1,1e-06,0.0
1,0.0017557144165039062,1,1,1e-06,0.0
1,0.0016529560089111328,1,1,1e-06,0.0
1,0.0022287368774414062,1,1,1e-06,0.0
1,0.002795696258544922,1,1,1e-06,0.0
1,0.002665996551513672,1,1,1e-06,0.0
1,0.002377033233642578,1,1,1e-06,0.0
1,0.002643108367919922,1,1,1e-06,0.0
1,0.0030431747436523438,1,1,1e-06,0.0
1,0.003063678741455078,1,1,1e-06,0.0
1,0.0023610591888427734,1,1,1e-06,0.0
1,0.0037021636962890625,1,1,1e-06,0.0
1,0.0029981136322021484,1,1,1e-06,0.0
1,0.0027234554290771484,1,1,1e-06,0.0
1,0.0048828125,1,1,1e-06,0.0
1,0.0027985572814941406,1,1,1e-06,0.0
1,0.0020475387573242188,1,1,1e-06,0.0
1,0.0029687881469726562,1,1,1e-06,0.0
1,0.0022325515747070312,1,1,1e-06,0.0
1,0.0030875205993652344,1,1,1e-06,0.0
1,0.002001523971557617,1,1,1e-06,0.0
1,0.002502918243408203,1,1,1e-06,0.0
1,0.005365610122680664,1,1,1e-06,0.0
1,0.0046575069427490234,1,1,1e-06,0.0
1,0.004579305648803711,1,1,1e-06,0.0
1,0.005099058151245117,1,1,1e-06,0.0
1,0.006297111511230469,1,1,1e-06,0.0
1,0.005584239959716797,1,1,1e-06,0.0
1,0.005531787872314453,1,1,1e-06,0.0
1,0.005629539489746094,1,1,1e-06,0.0
1,0.0037164688110351562,1,1,1e-06,0.0
1,0.005765676498413086,1,1,1e-06,0.0
1,0.0019714832305908203,1,1,1e-06,0.0
1,0.002535581588745117,1,1,1e-06,0.0
1,0.0028612613677978516,1,1,1e-06,0.0
1,0.002501249313354492,1,1,1e-06,0.0
1,0.002521514892578125,1,1,1e-06,0.0
1,0.004265308380126953,1,1,1e-06,0.0
1,0.0036792755126953125,1,1,1e-06,0.0
1,0.013339519500732422,1,1,1e-06,0.0
1,0.002508878707885742,1,1,1e-06,0.0
1,0.0023126602172851562,1,1,1e-06,0.0
1,0.002134084701538086,1,1,1e-06,0.0
1,0.0019931793212890625,1,1,1e-06,0.0
1,0.005396127700805664,1,1,1e-06,0.0
1,0.004774570465087891,1,1,1e-06,0.0
1,0.003867626190185547,1,1,1e-06,0.0
1,0.0038290023803710938,1,1,1e-06,0.0
1,0.0032367706298828125,1,1,1e-06,0.0
1,0.0044634342193603516,1,1,1e-06,0.0
1,0.0038611888885498047,1,1,1e-06,0.0
1,0.00495147705078125,1,1,1e-06,0.0
1,0.004185914993286133,1,1,1e-06,0.0
1,0.003955841064453125,1,1,1e-06,0.0
1,0.005743980407714844,1,1,1e-06,0.0
1,0.003340482711791992,1,1,1e-06,0.0
1,0.0017621517181396484,1,1,1e-06,0.0
1,0.0018665790557861328,1,1,1e-06,0.0
1,0.0023157596588134766,1,1,1e-06,0.0
1,0.0030829906463623047,1,1,1e-06,0.0
1,0.004279613494873047,1,1,1e-06,0.0
1,0.001951456069946289,1,1,1e-06,0.0
1,0.0025734901428222656,1,1,1e-06,0.0
1,0.002810955047607422,1,1,1e-06,0.0
1,0.024009227752685547,1,1,1e-06,0.0
1,0.001669168472290039,1,1,1e-06,0.0
1,0.004645109176635742,1,1,1e-06,0.0
1,0.0023651123046875,1,1,1e-06,0.0
1,0.00968027114868164,1,1,1e-06,0.0
1,0.002682924270629883,1,1,1e-06,0.0
1,0.38323545455932617,1,1,1e-06,0.0
1,0.0027887821197509766,1,1,1e-06,0.0
1,0.00501704216003418,1,1,1e-06,0.0
1,0.003397226333618164,1,1,1e-06,0.0
1,0.007046222686767578,1,1,1e-06,0.0
1,0.0052814483642578125,1,1,1e-06,0.0
1,0.0029020309448242188,1,1,1e-06,0.0
1,0.0026788711547851562,1,1,1e-06,0.0
1,0.0026209354400634766,1,1,1e-06,0.0
1,0.0028862953186035156,1,1,1e-06,0.0
1,0.010846376419067383,1,1,1e-06,0.0
1,0.00201416015625,1,1,1e-06,0.0
1,0.0022859573364257812,1,1,1e-06,0.0
1,0.011529207229614258,1,1,1e-06,0.0
1,0.002966642379760742,1,1,1e-06,0.0
1,0.005814552307128906,1,1,1e-06,0.0
1,0.0030961036682128906,1,1,1e-06,0.0
1,0.003399372100830078,1,1,1e-06,0.0
1,0.0041086673736572266,1,1,1e-06,0.0
1,0.009513378143310547,1,1,1e-06,0.0
1,0.002585887908935547,1,1,1e-06,0.0
1,0.003009796142578125,1,1,1e-06,0.0
1,0.003592252731323242,1,1,1e-06,0.0
1,0.011907815933227539,1,1,1e-06,0.0
1,0.003340005874633789,1,1,1e-06,0.0
1,0.003343820571899414,1,1,1e-06,0.0
1,0.003238677978515625,1,1,1e-06,0.0
1,0.0022249221801757812,1,1,1e-06,0.0
1,0.01132822036743164,1,1,1e-06,0.0
1,0.0032846927642822266,1,1,1e-06,0.0
1,0.0031533241271972656,1,1,1e-06,0.0
1,0.007161378860473633,1,1,1e-06,0.0
1,0.05118751525878906,1,1,1e-06,0.0
1,0.002643585205078125,1,1,1e-06,0.0
1,0.004532814025878906,1,1,1e-06,0.0
1,0.003213167190551758,1,1,1e-06,0.0
1,0.002579212188720703,1,1,1e-06,0.0
1,0.011639833450317383,1,1,1e-06,0.0
1,0.00583648681640625,1,1,1e-06,0.0
1,0.006325960159301758,1,1,1e-06,0.0
1,1.4438064098358154,1,1,1e-06,0.0
1,0.0024597644805908203,1,1,1e-06,0.0
1,0.04557967185974121,1,1,1e-06,0.0
1,0.002748727798461914,1,1,1e-06,0.0
1,0.011608362197875977,1,1,1e-06,0.0
1,0.0032248497009277344,1,1,1e-06,0.0
1,0.002808094024658203,1,1,1e-06,0.0
1,0.03283429145812988,1,1,1e-06,0.0
1,0.003412008285522461,1,1,1e-06,0.0
1,0.0033817291259765625,1,1,1e-06,0.0
1,0.0110626220703125,1,1,1e-06,0.0
1,0.004030942916870117,1,1,1e-06,0.0
1,0.002916574478149414,1,1,1e-06,0.0
1,0.009330034255981445,1,1,1e-06,0.0
1,0.06908369064331055,1,1,1e-06,0.0
1,0.003408193588256836,1,1,1e-06,0.0
1,0.009574413299560547,1,1,1e-06,0.0
1,0.005075931549072266,1,1,1e-06,0.0
1,0.004056215286254883,1,1,1e-06,0.0
1,0.02041339874267578,1,1,1e-06,0.0
1,0.0030241012573242188,1,1,1e-06,0.0
1,0.0030677318572998047,1,1,1e-06,0.0
1,0.0029768943786621094,1,1,1e-06,0.0
1,0.0034914016723632812,1,1,1e-06,0.0
1,0.008447647094726562,1,1,1e-06,0.0
1,0.0037293434143066406,1,1,1e-06,0.0
1,0.0027103424072265625,1,1,1e-06,0.0
1,0.00513458251953125,1,1,1e-06,0.0
1,0.005149364471435547,1,1,1e-06,0.0
1,0.009503841400146484,1,1,1e-06,0.0
1,0.0038633346557617188,1,1,1e-06,0.0
1,0.00684809684753418,1,1,1e-06,0.0
1,0.0049839019775390625,1,1,1e-06,0.0
1,0.003561258316040039,1,1,1e-06,0.0
1,0.004576206207275391,1,1,1e-06,0.0
1,0.003506898880004883,1,1,1e-06,0.0
1,0.004412174224853516,1,1,1e-06,0.0
1,0.004938602447509766,1,1,1e-06,0.0
1,0.003916501998901367,1,1,1e-06,0.0
1,0.0029144287109375,1,1,1e-06,0.0
1,0.002632617950439453,1,1,1e-06,0.0
1,0.004587888717651367,1,1,1e-06,0.0
1,0.0038993358612060547,1,1,1e-06,0.0
1,0.004258871078491211,1,1,1e-06,0.0
1,0.004395961761474609,1,1,1e-06,0.0
1,0.0032439231872558594,1,1,1e-06,0.0
1,0.0025207996368408203,1,1,1e-06,0.0
1,0.0029230117797851562,1,1,1e-06,0.0
1,0.002820253372192383,1,1,1e-06,0.0
1,0.0049593448638916016,1,1,1e-06,0.0
1,0.005276203155517578,1,1,1e-06,0.0
1,0.0021066665649414062,1,1,1e-06,0.0
1,0.002529621124267578,1,1,1e-06,0.0
1,0.0024988651275634766,1,1,1e-06,0.0
1,0.0025522708892822266,1,1,1e-06,0.0
1,0.003295421600341797,1,1,1e-06,0.0
1,0.004868268966674805,1,1,1e-06,0.0
1,0.003984928131103516,1,1,1e-06,0.0
1,0.0030066967010498047,1,1,1e-06,0.0
1,0.0022361278533935547,1,1,1e-06,0.0
1,0.00302886962890625,1,1,1e-06,0.0
1,0.003688335418701172,1,1,1e-06,0.0
1,0.004439115524291992,1,1,1e-06,0.0
1,0.003741025924682617,1,1,1e-06,0.0
1,0.0027878284454345703,1,1,1e-06,0.0
1,0.0038285255432128906,1,1,1e-06,0.0
1,0.0022280216217041016,1,1,1e-06,0.0
1,0.007622480392456055,1,1,1e-06,0.0
1,0.005370140075683594,1,1,1e-06,0.0
1,0.002385854721069336,1,1,1e-06,0.0
1,0.003323078155517578,1,1,1e-06,0.0
1,0.0045702457427978516,1,1,1e-06,0.0
1,0.005258083343505859,1,1,1e-06,0.0
1,0.0031409263610839844,1,1,1e-06,0.0
1,0.003348112106323242,1,1,1e-06,0.0
1,0.004090785980224609,1,1,1e-06,0.0
1,0.011386871337890625,1,1,1e-06,0.0
1,0.005616188049316406,1,1,1e-06,0.0
1,0.002430438995361328,1,1,1e-06,0.0
1,0.0031740665435791016,1,1,1e-06,0.0
1,0.004767656326293945,1,1,1e-06,0.0
1,0.002834320068359375,1,1,1e-06,0.0
1,0.0037119388580322266,1,1,1e-06,0.0
1,0.003963947296142578,1,1,1e-06,0.0
1,0.0025556087493896484,1,1,1e-06,0.0
1,0.0030517578125,1,1,1e-06,0.0
1,0.003881692886352539,1,1,1e-06,0.0
1,0.003640413284301758,1,1,1e-06,0.0
1,0.0048065185546875,1,1,1e-06,0.0
1,0.005625486373901367,1,1,1e-06,0.0
1,0.005858421325683594,1,1,1e-06,0.0
1,0.0037374496459960938,1,1,1e-06,0.0
1,0.004186868667602539,1,1,1e-06,0.0
1,0.008160114288330078,1,1,1e-06,0.0
1,0.007708072662353516,1,1,1e-06,0.0
1,0.0045893192291259766,1,1,1e-06,0.0
1,0.005572319030761719,1,1,1e-06,0.0
1,0.0032660961151123047,1,1,1e-06,0.0
1,0.0025434494018554688,1,1,1e-06,0.0
1,0.002556324005126953,1,1,1e-06,0.0
1,0.004788875579833984,1,1,1e-06,0.0
1,0.005081653594970703,1,1,1e-06,0.0
1,0.027368783950805664,1,1,1e-06,0.0
1,0.0039386749267578125,1,1,1e-06,0.0
1,0.002897500991821289,1,1,1e-06,0.0
1,0.003899097442626953,1,1,1e-06,0.0
1,0.007362842559814453,1,1,1e-06,0.0
1,0.004853963851928711,1,1,1e-06,0.0
1,0.005100727081298828,1,1,1e-06,0.0
1,0.003473043441772461,1,1,1e-06,0.0
1,0.0033071041107177734,1,1,1e-06,0.0
1,0.0032575130462646484,1,1,1e-06,0.0
1,0.008104562759399414,1,1,1e-06,0.0
1,0.00389862060546875,1,1,1e-06,0.0
1,0.0038957595825195312,1,1,1e-06,0.0
1,0.00749659538269043,1,1,1e-06,0.0
1,0.003671407699584961,1,1,1e-06,0.0
1,0.004111528396606445,1,1,1e-06,0.0
1,0.0037431716918945312,1,1,1e-06,0.0
1,0.0042498111724853516,1,1,1e-06,0.0
1,0.19594979286193848,1,1,1e-06,0.0
1,0.0019843578338623047,1,1,1e-06,0.0
1,0.001998424530029297,1,1,1e-06,0.0
1,0.0035130977630615234,1,1,1e-06,0.0
1,0.003439188003540039,1,1,1e-06,0.0
1,0.003834962844848633,1,1,1e-06,0.0
1,0.003155946731567383,1,1,1e-06,0.0
1,0.0017933845520019531,1,1,1e-06,0.0
1,0.0017981529235839844,1,1,1e-06,0.0
1,0.0023682117462158203,1,1,1e-06,0.0
1,0.0025987625122070312,1,1,1e-06,0.0
1,0.0023348331451416016,1,1,1e-06,0.0
1,0.002702474594116211,1,1,1e-06,0.0
1,0.002055644989013672,1,1,1e-06,0.0
1,0.002181529998779297,1,1,1e-06,0.0
1,0.0030841827392578125,1,1,1e-06,0.0
1,0.0029680728912353516,1,1,1e-06,0.0
1,0.0024530887603759766,1,1,1e-06,0.0
1,0.003244638442993164,1,1,1e-06,0.0
1,0.0024094581604003906,1,1,1e-06,0.0
1,0.002022266387939453,1,1,1e-06,0.0
1,0.0025415420532226562,1,1,1e-06,0.0
1,0.003529787063598633,1,1,1e-06,0.0
1,0.003621339797973633,1,1,1e-06,0.0
1,0.0038497447967529297,1,1,1e-06,0.0
1,0.0034389495849609375,1,1,1e-06,0.0
1,0.005022525787353516,1,1,1e-06,0.0
1,0.0230710506439209,1,1,1e-06,0.0
1,0.004292011260986328,1,1,1e-06,0.0
1,0.0039196014404296875,1,1,1e-06,0.0
1,0.004667758941650391,1,1,1e-06,0.0
1,0.0038416385650634766,1,1,1e-06,0.0
1,0.0050013065338134766,1,1,1e-06,0.0
1,0.004712343215942383,1,1,1e-06,0.0
1,0.0042378902435302734,1,1,1e-06,0.0
1,0.003716707229614258,1,1,1e-06,0.0
1,0.00809478759765625,1,1,1e-06,0.0
1,0.004408836364746094,1,1,1e-06,0.0
1,0.004278659820556641,1,1,1e-06,0.0
1,0.004932403564453125,1,1,1e-06,0.0
1,0.002949953079223633,1,1,1e-06,0.0
1,0.18392157554626465,1,1,1e-06,0.0
1,0.0020465850830078125,1,1,1e-06,0.0
1,0.0015277862548828125,1,1,1e-06,0.0
1,0.002593517303466797,1,1,1e-06,0.0
1,0.0021009445190429688,1,1,1e-06,0.0
1,0.001722097396850586,1,1,1e-06,0.0
1,0.00797891616821289,1,1,1e-06,0.0
1,0.002197742462158203,1,1,1e-06,0.0
1,0.002723217010498047,1,1,1e-06,0.0
1,0.0026781558990478516,1,1,1e-06,0.0
1,0.0020668506622314453,1,1,1e-06,0.0
1,0.0046346187591552734,1,1,1e-06,0.0
1,0.0021140575408935547,1,1,1e-06,0.0
1,0.0023031234741210938,1,1,1e-06,0.0
1,0.0026845932006835938,1,1,1e-06,0.0
1,0.003156423568725586,1,1,1e-06,0.0
1,0.002367258071899414,1,1,1e-06,0.0
1,0.002185344696044922,1,1,1e-06,0.0
1,0.0032434463500976562,1,1,1e-06,0.0
1,0.003489255905151367,1,1,1e-06,0.0
1,0.0031795501708984375,1,1,1e-06,0.0
1,0.0033311843872070312,1,1,1e-06,0.0
1,0.002945423126220703,1,1,1e-06,0.0
1,0.003158092498779297,1,1,1e-06,0.0
1,0.0027120113372802734,1,1,1e-06,0.0
1,0.0038323402404785156,1,1,1e-06,0.0
1,0.003719329833984375,1,1,1e-06,0.0
1,0.0038738250732421875,1,1,1e-06,0.0
1,0.004063129425048828,1,1,1e-06,0.0
1,0.003339529037475586,1,1,1e-06,0.0
1,0.005612850189208984,1,1,1e-06,0.0
1,0.0037348270416259766,1,1,1e-06,0.0
1,0.003245830535888672,1,1,1e-06,0.0
1,0.0032875537872314453,1,1,1e-06,0.0
1,0.0034532546997070312,1,1,1e-06,0.0
1,0.004477024078369141,1,1,1e-06,0.0
1,0.003995418548583984,1,1,1e-06,0.0
1,0.004726409912109375,1,1,1e-06,0.0
1,0.003432035446166992,1,1,1e-06,0.0
1,0.006636381149291992,1,1,1e-06,0.0
1,0.005627870559692383,1,1,1e-06,0.0
1,0.003851652145385742,1,1,1e-06,0.0
1,0.0038824081420898438,1,1,1e-06,0.0
1,0.003989696502685547,1,1,1e-06,0.0
1,0.03961348533630371,1,1,1e-06,0.0
1,0.00257110595703125,1,1,1e-06,0.0
1,0.02852773666381836,1,1,1e-06,0.0
1,0.0017352104187011719,1,1,1e-06,0.0
1,0.002074003219604492,1,1,1e-06,0.0
1,0.002771139144897461,1,1,1e-06,0.0
1,0.0024442672729492188,1,1,1e-06,0.0
1,0.0022885799407958984,1,1,1e-06,0.0
1,0.0019881725311279297,1,1,1e-06,0.0
1,0.002690553665161133,1,1,1e-06,0.0
1,0.002157449722290039,1,1,1e-06,0.0
1,0.0023529529571533203,1,1,1e-06,0.0
1,0.0017821788787841797,1,1,1e-06,0.0
1,0.0016698837280273438,1,1,1e-06,0.0
1,0.0018582344055175781,1,1,1e-06,0.0
1,0.0017445087432861328,1,1,1e-06,0.0
1,0.002369403839111328,1,1,1e-06,0.0
1,0.00471949577331543,1,1,1e-06,0.0
1,0.003443479537963867,1,1,1e-06,0.0
1,0.0051271915435791016,1,1,1e-06,0.0
1,0.005141496658325195,1,1,1e-06,0.0
1,0.004233360290527344,1,1,1e-06,0.0
1,0.004113197326660156,1,1,1e-06,0.0
1,0.002911806106567383,1,1,1e-06,0.0
1,0.003621816635131836,1,1,1e-06,0.0
1,0.002402067184448242,1,1,1e-06,0.0
1,0.0026865005493164062,1,1,1e-06,0.0
1,0.004067182540893555,1,1,1e-06,0.0
1,0.003557443618774414,1,1,1e-06,0.0
1,0.003916263580322266,1,1,1e-06,0.0
1,0.0036706924438476562,1,1,1e-06,0.0
1,0.002341032028198242,1,1,1e-06,0.0
1,0.001550436019897461,1,1,1e-06,0.0
1,0.004132986068725586,1,1,1e-06,0.0
1,0.002549409866333008,1,1,1e-06,0.0
1,0.0021173954010009766,1,1,1e-06,0.0
1,0.002435445785522461,1,1,1e-06,0.0
1,0.0039691925048828125,1,1,1e-06,0.0
1,0.002258777618408203,1,1,1e-06,0.0
1,0.003077983856201172,1,1,1e-06,0.0
1,0.0025069713592529297,1,1,1e-06,0.0
1,0.0022411346435546875,1,1,1e-06,0.0
1,0.0025479793548583984,1,1,1e-06,0.0
1,0.0021376609802246094,1,1,1e-06,0.0
1,0.0019600391387939453,1,1,1e-06,0.0
1,0.011682987213134766,1,1,1e-06,0.0
1,0.0021514892578125,1,1,1e-06,0.0
1,0.002376556396484375,1,1,1e-06,0.0
1,0.0025773048400878906,1,1,1e-06,0.0
1,0.0017867088317871094,1,1,1e-06,0.0
1,0.0025124549865722656,1,1,1e-06,0.0
1,0.0028204917907714844,1,1,1e-06,0.0
1,0.0024852752685546875,1,1,1e-06,0.0
1,0.0024428367614746094,1,1,1e-06,0.0
1,0.0029935836791992188,1,1,1e-06,0.0
1,0.0019598007202148438,1,1,1e-06,0.0
1,0.003056764602661133,1,1,1e-06,0.0
1,0.039261579513549805,1,1,1e-06,0.0
1,0.002841949462890625,1,1,1e-06,0.0
1,0.0031468868255615234,1,1,1e-06,0.0
1,0.003559112548828125,1,1,1e-06,0.0
1,0.003614664077758789,1,1,1e-06,0.0
1,0.0030341148376464844,1,1,1e-06,0.0
1,0.0026030540466308594,1,1,1e-06,0.0
1,0.026125669479370117,1,1,1e-06,0.0
1,0.0022606849670410156,1,1,1e-06,0.0
1,0.0027098655700683594,1,1,1e-06,0.0
1,0.005995273590087891,1,1,1e-06,0.0
1,0.0025093555450439453,1,1,1e-06,0.0
1,0.0019707679748535156,1,1,1e-06,0.0
1,0.0020868778228759766,1,1,1e-06,0.0
1,0.0035338401794433594,1,1,1e-06,0.0
1,0.004033088684082031,1,1,1e-06,0.0
1,0.00523066520690918,1,1,1e-06,0.0
1,0.0029685497283935547,1,1,1e-06,0.0
1,0.003971099853515625,1,1,1e-06,0.0
1,0.0026345252990722656,1,1,1e-06,0.0
1,0.0022058486938476562,1,1,1e-06,0.0
1,0.0025382041931152344,1,1,1e-06,0.0
1,0.0024759769439697266,1,1,1e-06,0.0
1,0.0023186206817626953,1,1,1e-06,0.0
1,0.0026400089263916016,1,1,1e-06,0.0
1,0.0031280517578125,1,1,1e-06,0.0
1,0.0032651424407958984,1,1,1e-06,0.0
1,0.006169557571411133,1,1,1e-06,0.0
1,0.002521514892578125,1,1,1e-06,0.0
1,0.003615856170654297,1,1,1e-06,0.0
1,0.0029959678649902344,1,1,1e-06,0.0
1,0.016428709030151367,1,1,1e-06,0.0
1,0.0030755996704101562,1,1,1e-06,0.0
1,0.002885103225708008,1,1,1e-06,0.0
1,0.002542734146118164,1,1,1e-06,0.0
1,0.0021386146545410156,1,1,1e-06,0.0
1,0.002452373504638672,1,1,1e-06,0.0
1,0.0029876232147216797,1,1,1e-06,0.0
1,0.003983736038208008,1,1,1e-06,0.0
1,0.003368854522705078,1,1,1e-06,0.0
1,0.0028519630432128906,1,1,1e-06,0.0
1,0.0035047531127929688,1,1,1e-06,0.0
1,0.007135868072509766,1,1,1e-06,0.0
1,0.003210306167602539,1,1,1e-06,0.0
1,0.003187417984008789,1,1,1e-06,0.0
1,0.0028314590454101562,1,1,1e-06,0.0
1,0.0024271011352539062,1,1,1e-06,0.0
1,0.0033779144287109375,1,1,1e-06,0.0
1,0.002347230911254883,1,1,1e-06,0.0
1,0.0027027130126953125,1,1,1e-06,0.0
1,0.002279043197631836,1,1,1e-06,0.0
1,0.002479076385498047,1,1,1e-06,0.0
1,0.0029637813568115234,1,1,1e-06,0.0
1,0.0048694610595703125,1,1,1e-06,0.0
1,0.0034286975860595703,1,1,1e-06,0.0
1,0.002168893814086914,1,1,1e-06,0.0
1,0.0024366378784179688,1,1,1e-06,0.0
1,0.01897120475769043,1,1,1e-06,0.0
1,0.002166271209716797,1,1,1e-06,0.0
1,0.002100229263305664,1,1,1e-06,0.0
1,0.005648612976074219,1,1,1e-06,0.0
1,0.003117084503173828,1,1,1e-06,0.0
1,0.004396677017211914,1,1,1e-06,0.0
1,0.002686023712158203,1,1,1e-06,0.0
1,0.0044324398040771484,1,1,1e-06,0.0
1,0.0026259422302246094,1,1,1e-06,0.0
1,0.003572225570678711,1,1,1e-06,0.0
1,0.0022766590118408203,1,1,1e-06,0.0
1,0.0038564205169677734,1,1,1e-06,0.0
1,0.002244710922241211,1,1,1e-06,0.0
1,0.002078533172607422,1,1,1e-06,0.0
1,0.002573251724243164,1,1,1e-06,0.0
1,0.0038633346557617188,1,1,1e-06,0.0
1,0.004939079284667969,1,1,1e-06,0.0
1,0.01773548126220703,1,1,1e-06,0.0
1,0.002521991729736328,1,1,1e-06,0.0
1,0.0019500255584716797,1,1,1e-06,0.0
1,0.002206087112426758,1,1,1e-06,0.0
1,0.005282402038574219,1,1,1e-06,0.0
1,0.0029709339141845703,1,1,1e-06,0.0
1,0.0020372867584228516,1,1,1e-06,0.0
1,0.0019156932830810547,1,1,1e-06,0.0
1,0.002118825912475586,1,1,1e-06,0.0
1,0.0022134780883789062,1,1,1e-06,0.0
1,0.0043048858642578125,1,1,1e-06,0.0
1,0.016707420349121094,1,1,1e-06,0.0
1,0.022583723068237305,1,1,1e-06,0.0
1,0.0023779869079589844,1,1,1e-06,0.0
1,0.00231170654296875,1,1,1e-06,0.0
1,0.003113269805908203,1,1,1e-06,0.0
1,0.002759695053100586,1,1,1e-06,0.0
1,0.0026597976684570312,1,1,1e-06,0.0
1,0.0025153160095214844,1,1,1e-06,0.0
1,0.002572298049926758,1,1,1e-06,0.0
1,0.003817319869995117,1,1,1e-06,0.0
1,0.0029058456420898438,1,1,1e-06,0.0
1,0.02753591537475586,1,1,1e-06,0.0
1,0.0030405521392822266,1,1,1e-06,0.0
1,0.0025937557220458984,1,1,1e-06,0.0
1,0.002285003662109375,1,1,1e-06,0.0
1,0.0026123523712158203,1,1,1e-06,0.0
1,0.003996610641479492,1,1,1e-06,0.0
1,0.0024569034576416016,1,1,1e-06,0.0
1,0.0025811195373535156,1,1,1e-06,0.0
1,0.00254058837890625,1,1,1e-06,0.0
1,0.00205230712890625,1,1,1e-06,0.0
1,0.0017468929290771484,1,1,1e-06,0.0
1,0.001878499984741211,1,1,1e-06,0.0
1,0.0028312206268310547,1,1,1e-06,0.0
1,0.003144502639770508,1,1,1e-06,0.0
1,0.005781650543212891,1,1,1e-06,0.0
1,0.0027303695678710938,1,1,1e-06,0.0
1,0.0025348663330078125,1,1,1e-06,0.0
1,0.0015997886657714844,1,1,1e-06,0.0
1,0.0014345645904541016,1,1,1e-06,0.0
1,0.002490520477294922,1,1,1e-06,0.0
1,0.0031685829162597656,1,1,1e-06,0.0
1,0.006157875061035156,1,1,1e-06,0.0
1,0.0023107528686523438,1,1,1e-06,0.0
1,0.0029840469360351562,1,1,1e-06,0.0
1,0.0029706954956054688,1,1,1e-06,0.0
1,0.005512714385986328,1,1,1e-06,0.0
1,0.0037522315979003906,1,1,1e-06,0.0
1,0.004578590393066406,1,1,1e-06,0.0
1,0.011633872985839844,1,1,1e-06,0.0
1,0.005738973617553711,1,1,1e-06,0.0
1,0.015126943588256836,1,1,1e-06,0.0
1,0.003114461898803711,1,1,1e-06,0.0
1,0.0028929710388183594,1,1,1e-06,0.0
1,0.0031604766845703125,1,1,1e-06,0.0
1,0.0025997161865234375,1,1,1e-06,0.0
1,0.0019676685333251953,1,1,1e-06,0.0
1,0.0017209053039550781,1,1,1e-06,0.0
1,0.003561258316040039,1,1,1e-06,0.0
1,0.004162311553955078,1,1,1e-06,0.0
1,0.003853321075439453,1,1,1e-06,0.0
1,0.04134559631347656,1,1,1e-06,0.0
1,0.0026237964630126953,1,1,1e-06,0.0
1,0.0035352706909179688,1,1,1e-06,0.0
1,0.002530336380004883,1,1,1e-06,0.0
1,0.0032858848571777344,1,1,1e-06,0.0
1,0.0033783912658691406,1,1,1e-06,0.0
1,0.003365039825439453,1,1,1e-06,0.0
1,0.003901958465576172,1,1,1e-06,0.0
1,0.003412485122680664,1,1,1e-06,0.0
1,0.004822731018066406,1,1,1e-06,0.0
1,0.002925395965576172,1,1,1e-06,0.0
1,0.003530740737915039,1,1,1e-06,0.0
1,0.0043141841888427734,1,1,1e-06,0.0
1,0.003966569900512695,1,1,1e-06,0.0
1,0.003962039947509766,1,1,1e-06,0.0
1,0.0028870105743408203,1,1,1e-06,0.0
1,0.0051267147064208984,1,1,1e-06,0.0
1,0.004523515701293945,1,1,1e-06,0.0
1,0.01854228973388672,1,1,1e-06,0.0
1,0.0022039413452148438,1,1,1e-06,0.0
1,0.008376836776733398,1,1,1e-06,0.0
1,0.003288745880126953,1,1,1e-06,0.0
1,0.02016615867614746,1,1,1e-06,0.0
1,0.003773212432861328,1,1,1e-06,0.0
1,0.0037145614624023438,1,1,1e-06,0.0
1,0.003954648971557617,1,1,1e-06,0.0
1,0.0032618045806884766,1,1,1e-06,0.0
1,0.003684520721435547,1,1,1e-06,0.0
1,0.003332376480102539,1,1,1e-06,0.0
1,0.0058135986328125,1,1,1e-06,0.0
1,0.0032777786254882812,1,1,1e-06,0.0
1,0.0023660659790039062,1,1,1e-06,0.0
1,0.007498502731323242,1,1,1e-06,0.0
1,0.0028319358825683594,1,1,1e-06,0.0
1,0.0038514137268066406,1,1,1e-06,0.0
1,0.0037872791290283203,1,1,1e-06,0.0
1,0.007342815399169922,1,1,1e-06,0.0
1,0.03313636779785156,1,1,1e-06,0.0
1,0.004271268844604492,1,1,1e-06,0.0
1,0.004793643951416016,1,1,1e-06,0.0
1,0.0025038719177246094,1,1,1e-06,0.0
1,0.007314443588256836,1,1,1e-06,0.0
1,0.0021986961364746094,1,1,1e-06,0.0
1,0.0024862289428710938,1,1,1e-06,0.0
1,0.0040242671966552734,1,1,1e-06,0.0
1,0.007431745529174805,1,1,1e-06,0.0
1,0.0028886795043945312,1,1,1e-06,0.0
1,0.002870321273803711,1,1,1e-06,0.0
1,0.0037250518798828125,1,1,1e-06,0.0
1,0.004466056823730469,1,1,1e-06,0.0
1,0.003017425537109375,1,1,1e-06,0.0
1,0.002242565155029297,1,1,1e-06,0.0
1,0.002401590347290039,1,1,1e-06,0.0
1,0.0045926570892333984,1,1,1e-06,0.0
1,0.0029337406158447266,1,1,1e-06,0.0
1,0.0029821395874023438,1,1,1e-06,0.0
1,0.002985239028930664,1,1,1e-06,0.0
1,0.004316091537475586,1,1,1e-06,0.0
1,0.0030019283294677734,1,1,1e-06,0.0
1,0.0048122406005859375,1,1,1e-06,0.0
1,0.005074501037597656,1,1,1e-06,0.0
1,0.005190134048461914,1,1,1e-06,0.0
1,0.0036284923553466797,1,1,1e-06,0.0
1,0.0035250186920166016,1,1,1e-06,0.0
1,0.005436897277832031,1,1,1e-06,0.0
1,0.007245540618896484,1,1,1e-06,0.0
1,0.002639293670654297,1,1,1e-06,0.0
1,0.003108978271484375,1,1,1e-06,0.0
1,0.0028748512268066406,1,1,1e-06,0.0
1,0.0027313232421875,1,1,1e-06,0.0
1,0.0036482810974121094,1,1,1e-06,0.0
1,0.0029556751251220703,1,1,1e-06,0.0
1,0.0018572807312011719,1,1,1e-06,0.0
1,0.0025382041931152344,1,1,1e-06,0.0
1,0.0028884410858154297,1,1,1e-06,0.0
1,0.0023953914642333984,1,1,1e-06,0.0
1,0.002626657485961914,1,1,1e-06,0.0
1,0.007714509963989258,1,1,1e-06,0.0
1,0.0017571449279785156,1,1,1e-06,0.0
1,0.0032503604888916016,1,1,1e-06,0.0
1,0.0030324459075927734,1,1,1e-06,0.0
1,0.020120620727539062,1,1,1e-06,0.0
1,0.0022530555725097656,1,1,1e-06,0.0
1,0.01733708381652832,1,1,1e-06,0.0
1,0.00389862060546875,1,1,1e-06,0.0
1,0.003126859664916992,1,1,1e-06,0.0
1,0.0025768280029296875,1,1,1e-06,0.0
1,0.0026946067810058594,1,1,1e-06,0.0
1,0.004189491271972656,1,1,1e-06,0.0
1,0.003322124481201172,1,1,1e-06,0.0
1,0.002415895462036133,1,1,1e-06,0.0
1,0.002213001251220703,1,1,1e-06,0.0
1,0.002861499786376953,1,1,1e-06,0.0
1,0.0050029754638671875,1,1,1e-06,0.0
1,0.007915735244750977,1,1,1e-06,0.0
1,0.005032062530517578,1,1,1e-06,0.0
1,0.0024886131286621094,1,1,1e-06,0.0
1,0.008970022201538086,1,1,1e-06,0.0
1,0.003233194351196289,1,1,1e-06,0.0
1,0.0029420852661132812,1,1,1e-06,0.0
1,0.0024404525756835938,1,1,1e-06,0.0
1,0.010209083557128906,1,1,1e-06,0.0
1,0.0025222301483154297,1,1,1e-06,0.0
1,0.0027551651000976562,1,1,1e-06,0.0
1,0.002400636672973633,1,1,1e-06,0.0
1,0.010839700698852539,1,1,1e-06,0.0
1,0.057076215744018555,1,1,1e-06,0.0
1,0.0035309791564941406,1,1,1e-06,0.0
1,0.009178638458251953,1,1,1e-06,0.0
1,0.0027773380279541016,1,1,1e-06,0.0
1,0.002288341522216797,1,1,1e-06,0.0
1,0.002695322036743164,1,1,1e-06,0.0
1,0.0017480850219726562,1,1,1e-06,0.0
1,0.03810262680053711,1,1,1e-06,0.0
1,0.002373218536376953,1,1,1e-06,0.0
1,0.005297660827636719,1,1,1e-06,0.0
1,0.009552240371704102,1,1,1e-06,0.0
1,0.002921581268310547,1,1,1e-06,0.0
1,0.0021386146545410156,1,1,1e-06,0.0
1,0.015818119049072266,1,1,1e-06,0.0
1,0.0038683414459228516,1,1,1e-06,0.0
1,0.0031936168670654297,1,1,1e-06,0.0
1,0.0029599666595458984,1,1,1e-06,0.0
1,0.17051196098327637,1,1,1e-06,0.0
1,0.4667181968688965,1,1,1e-06,0.0
1,0.0026493072509765625,1,1,1e-06,0.0
1,0.0024421215057373047,1,1,1e-06,0.0
1,0.003427743911743164,1,1,1e-06,0.0
1,0.0032563209533691406,1,1,1e-06,0.0
1,0.002916574478149414,1,1,1e-06,0.0
1,0.002775430679321289,1,1,1e-06,0.0
1,0.0025861263275146484,1,1,1e-06,0.0
1,0.0024871826171875,1,1,1e-06,0.0
1,0.006607770919799805,1,1,1e-06,0.0
1,0.005756855010986328,1,1,1e-06,0.0
1,0.0033884048461914062,1,1,1e-06,0.0
1,0.0035355091094970703,1,1,1e-06,0.0
1,0.004334211349487305,1,1,1e-06,0.0
1,0.004877805709838867,1,1,1e-06,0.0
1,0.003383636474609375,1,1,1e-06,0.0
1,0.004954338073730469,1,1,1e-06,0.0
1,0.004606962203979492,1,1,1e-06,0.0
1,0.0035829544067382812,1,1,1e-06,0.0
1,0.004121541976928711,1,1,1e-06,0.0
1,0.004085063934326172,1,1,1e-06,0.0
1,0.0037689208984375,1,1,1e-06,0.0
1,0.0025815963745117188,1,1,1e-06,0.0
1,0.0021631717681884766,1,1,1e-06,0.0
1,0.003262758255004883,1,1,1e-06,0.0
1,0.003926753997802734,1,1,1e-06,0.0
1,0.006749153137207031,1,1,1e-06,0.0
1,0.03859090805053711,1,1,1e-06,0.0
1,0.0029947757720947266,1,1,1e-06,0.0
1,0.002675771713256836,1,1,1e-06,0.0
1,0.004999399185180664,1,1,1e-06,0.0
1,0.026107072830200195,1,1,1e-06,0.0
1,0.0018591880798339844,1,1,1e-06,0.0
1,0.0026094913482666016,1,1,1e-06,0.0
1,0.0020744800567626953,1,1,1e-06,0.0
1,0.0037963390350341797,1,1,1e-06,0.0
1,0.003686189651489258,1,1,1e-06,0.0
1,0.003874063491821289,1,1,1e-06,0.0
1,0.003543853759765625,1,1,1e-06,0.0
1,0.0026578903198242188,1,1,1e-06,0.0
1,0.003531932830810547,1,1,1e-06,0.0
1,0.004873514175415039,1,1,1e-06,0.0
1,0.0037314891815185547,1,1,1e-06,0.0
1,0.003138303756713867,1,1,1e-06,0.0
1,0.0020554065704345703,1,1,1e-06,0.0
1,0.00220489501953125,1,1,1e-06,0.0
1,0.0030117034912109375,1,1,1e-06,0.0
1,0.0017733573913574219,1,1,1e-06,0.0
1,0.0023469924926757812,1,1,1e-06,0.0
1,0.0027239322662353516,1,1,1e-06,0.0
1,0.003614187240600586,1,1,1e-06,0.0
1,0.002910137176513672,1,1,1e-06,0.0
1,0.0040967464447021484,1,1,1e-06,0.0
1,0.0038208961486816406,1,1,1e-06,0.0
1,0.0033597946166992188,1,1,1e-06,0.0
1,0.004470109939575195,1,1,1e-06,0.0
1,0.004445791244506836,1,1,1e-06,0.0
1,0.005939960479736328,1,1,1e-06,0.0
1,0.007235288619995117,1,1,1e-06,0.0
1,0.003725290298461914,1,1,1e-06,0.0
1,0.002992391586303711,1,1,1e-06,0.0
1,0.0027265548706054688,1,1,1e-06,0.0
1,0.0044443607330322266,1,1,1e-06,0.0
1,0.0022399425506591797,1,1,1e-06,0.0
1,0.003416299819946289,1,1,1e-06,0.0
1,0.013857603073120117,1,1,1e-06,0.0
1,0.013604879379272461,1,1,1e-06,0.0
1,0.003000974655151367,1,1,1e-06,0.0
1,0.0031003952026367188,1,1,1e-06,0.0
1,0.0028138160705566406,1,1,1e-06,0.0
1,0.002787351608276367,1,1,1e-06,0.0
1,0.002664804458618164,1,1,1e-06,0.0
1,0.002629518508911133,1,1,1e-06,0.0
1,0.002945423126220703,1,1,1e-06,0.0
1,0.0032761096954345703,1,1,1e-06,0.0
1,0.0034074783325195312,1,1,1e-06,0.0
1,0.0034797191619873047,1,1,1e-06,0.0
1,0.004520416259765625,1,1,1e-06,0.0
1,0.003729581832885742,1,1,1e-06,0.0
1,0.0051174163818359375,1,1,1e-06,0.0
1,0.0032243728637695312,1,1,1e-06,0.0
1,0.0022089481353759766,1,1,1e-06,0.0
1,0.0019023418426513672,1,1,1e-06,0.0
1,0.003448963165283203,1,1,1e-06,0.0
1,0.0018870830535888672,1,1,1e-06,0.0
1,0.0019228458404541016,1,1,1e-06,0.0
1,0.0021915435791015625,1,1,1e-06,0.0
1,0.002036571502685547,1,1,1e-06,0.0
1,0.0018253326416015625,1,1,1e-06,0.0
1,0.0031142234802246094,1,1,1e-06,0.0
1,0.0021712779998779297,1,1,1e-06,0.0
1,0.0019333362579345703,1,1,1e-06,0.0
1,0.001918792724609375,1,1,1e-06,0.0
1,0.0019254684448242188,1,1,1e-06,0.0
1,0.004487037658691406,1,1,1e-06,0.0
1,0.0023064613342285156,1,1,1e-06,0.0
1,0.0024323463439941406,1,1,1e-06,0.0
1,0.003414154052734375,1,1,1e-06,0.0
1,0.016153573989868164,1,1,1e-06,0.0
1,0.002228975296020508,1,1,1e-06,0.0
1,0.0033893585205078125,1,1,1e-06,0.0
1,0.009351491928100586,1,1,1e-06,0.0
1,0.002803802490234375,1,1,1e-06,0.0
1,0.003208637237548828,1,1,1e-06,0.0
1,0.011269807815551758,1,1,1e-06,0.0
1,0.0028841495513916016,1,1,1e-06,0.0
1,0.0034193992614746094,1,1,1e-06,0.0
1,0.0032300949096679688,1,1,1e-06,0.0
1,0.011629819869995117,1,1,1e-06,0.0
1,0.002074718475341797,1,1,1e-06,0.0
1,0.0029761791229248047,1,1,1e-06,0.0
1,0.011475563049316406,1,1,1e-06,0.0
1,0.01314091682434082,1,1,1e-06,0.0
1,0.002672433853149414,1,1,1e-06,0.0
1,0.01206350326538086,1,1,1e-06,0.0
1,0.004151344299316406,1,1,1e-06,0.0
1,0.011593103408813477,1,1,1e-06,0.0
1,0.0021653175354003906,1,1,1e-06,0.0
1,0.011762619018554688,1,1,1e-06,0.0
1,0.0022509098052978516,1,1,1e-06,0.0
1,0.0022754669189453125,1,1,1e-06,0.0
1,0.0024690628051757812,1,1,1e-06,0.0
1,0.005593061447143555,1,1,1e-06,0.0
1,0.0059354305267333984,1,1,1e-06,0.0
1,0.0037984848022460938,1,1,1e-06,0.0
1,0.008840322494506836,1,1,1e-06,0.0
1,0.005285739898681641,1,1,1e-06,0.0
1,0.0029349327087402344,1,1,1e-06,0.0
1,0.023059606552124023,1,1,1e-06,0.0
1,0.0028069019317626953,1,1,1e-06,0.0
1,0.0031931400299072266,1,1,1e-06,0.0
1,0.046158790588378906,1,1,1e-06,0.0
1,0.003364086151123047,1,1,1e-06,0.0
1,0.00883030891418457,1,1,1e-06,0.0
1,0.0026204586029052734,1,1,1e-06,0.0
1,0.002443075180053711,1,1,1e-06,0.0
1,0.0026612281799316406,1,1,1e-06,0.0
1,0.009370565414428711,1,1,1e-06,0.0
1,0.006762266159057617,1,1,1e-06,0.0
1,0.0030317306518554688,1,1,1e-06,0.0
1,0.21499228477478027,1,1,1e-06,0.0
1,0.020695924758911133,1,1,1e-06,0.0
1,0.0037186145782470703,1,1,1e-06,0.0
1,0.0034067630767822266,1,1,1e-06,0.0
1,0.0027365684509277344,1,1,1e-06,0.0
1,0.0029985904693603516,1,1,1e-06,0.0
1,0.0031316280364990234,1,1,1e-06,0.0
1,0.003614664077758789,1,1,1e-06,0.0
1,0.005653858184814453,1,1,1e-06,0.0
1,0.0035941600799560547,1,1,1e-06,0.0
1,0.004816770553588867,1,1,1e-06,0.0
1,0.256603479385376,1,1,1e-06,0.0
1,0.003107786178588867,1,1,1e-06,0.0
1,0.0028417110443115234,1,1,1e-06,0.0
1,0.0030829906463623047,1,1,1e-06,0.0
1,0.0024988651275634766,1,1,1e-06,0.0
1,0.0028128623962402344,1,1,1e-06,0.0
1,0.00462651252746582,1,1,1e-06,0.0
1,0.003468036651611328,1,1,1e-06,0.0
1,0.004231929779052734,1,1,1e-06,0.0
1,0.003244161605834961,1,1,1e-06,0.0
1,0.0034024715423583984,1,1,1e-06,0.0
1,0.0029315948486328125,1,1,1e-06,0.0
1,0.0029325485229492188,1,1,1e-06,0.0
1,0.0036852359771728516,1,1,1e-06,0.0
1,0.0033502578735351562,1,1,1e-06,0.0
1,0.001977205276489258,1,1,1e-06,0.0
1,0.006236553192138672,1,1,1e-06,0.0
1,0.0049326419830322266,1,1,1e-06,0.0
1,0.002588987350463867,1,1,1e-06,0.0
1,0.012405872344970703,1,1,1e-06,0.0
1,0.003372669219970703,1,1,1e-06,0.0
1,0.00393366813659668,1,1,1e-06,0.0
1,0.004237174987792969,1,1,1e-06,0.0
1,0.003767251968383789,1,1,1e-06,0.0
1,0.004460334777832031,1,1,1e-06,0.0
1,0.0051844120025634766,1,1,1e-06,0.0
1,0.003590822219848633,1,1,1e-06,0.0
1,0.004143714904785156,1,1,1e-06,0.0
1,0.005955696105957031,1,1,1e-06,0.0
1,0.0028352737426757812,1,1,1e-06,0.0
1,0.006303310394287109,1,1,1e-06,0.0
1,0.003965139389038086,1,1,1e-06,0.0
1,0.04067277908325195,1,1,1e-06,0.0
1,0.00800776481628418,1,1,1e-06,0.0
1,0.00422358512878418,1,1,1e-06,0.0
1,0.0026366710662841797,1,1,1e-06,0.0
1,0.00533294677734375,1,1,1e-06,0.0
1,0.0042209625244140625,1,1,1e-06,0.0
1,0.004908323287963867,1,1,1e-06,0.0
1,0.0033240318298339844,1,1,1e-06,0.0
1,0.0066375732421875,1,1,1e-06,0.0
1,0.003945827484130859,1,1,1e-06,0.0
1,0.005895137786865234,1,1,1e-06,0.0
1,0.0023393630981445312,1,1,1e-06,0.0
1,0.006246089935302734,1,1,1e-06,0.0
1,0.0019252300262451172,1,1,1e-06,0.0
1,0.0035076141357421875,1,1,1e-06,0.0
1,0.0036711692810058594,1,1,1e-06,0.0
1,0.003942966461181641,1,1,1e-06,0.0
1,0.003457307815551758,1,1,1e-06,0.0
1,0.004740715026855469,1,1,1e-06,0.0
1,0.008219242095947266,1,1,1e-06,0.0
1,0.006998777389526367,1,1,1e-06,0.0
1,0.004910945892333984,1,1,1e-06,0.0
1,0.0030035972595214844,1,1,1e-06,0.0
1,0.005815744400024414,1,1,1e-06,0.0
1,0.004472494125366211,1,1,1e-06,0.0
1,0.004155874252319336,1,1,1e-06,0.0
1,0.004217386245727539,1,1,1e-06,0.0
1,0.0029931068420410156,1,1,1e-06,0.0
1,0.0035386085510253906,1,1,1e-06,0.0
1,0.0055277347564697266,1,1,1e-06,0.0
1,0.0037992000579833984,1,1,1e-06,0.0
1,0.002682209014892578,1,1,1e-06,0.0
1,0.0025937557220458984,1,1,1e-06,0.0
1,0.0029726028442382812,1,1,1e-06,0.0
1,0.0031251907348632812,1,1,1e-06,0.0
1,0.004747867584228516,1,1,1e-06,0.0
1,0.002515554428100586,1,1,1e-06,0.0
1,0.0027556419372558594,1,1,1e-06,0.0
1,0.0031599998474121094,1,1,1e-06,0.0
1,0.0026671886444091797,1,1,1e-06,0.0
1,0.0031468868255615234,1,1,1e-06,0.0
1,0.0022830963134765625,1,1,1e-06,0.0
1,0.0044558048248291016,1,1,1e-06,0.0
1,0.0030705928802490234,1,1,1e-06,0.0
1,0.0039713382720947266,1,1,1e-06,0.0
1,0.0034275054931640625,1,1,1e-06,0.0
1,0.002837657928466797,1,1,1e-06,0.0
1,0.0030820369720458984,1,1,1e-06,0.0
1,0.0029706954956054688,1,1,1e-06,0.0
1,0.0030927658081054688,1,1,1e-06,0.0
1,0.003526449203491211,1,1,1e-06,0.0
1,0.0026397705078125,1,1,1e-06,0.0
1,0.002293825149536133,1,1,1e-06,0.0
1,0.0026102066040039062,1,1,1e-06,0.0
1,0.01052236557006836,1,1,1e-06,0.0
1,0.0028486251831054688,1,1,1e-06,0.0
1,0.0033898353576660156,1,1,1e-06,0.0
1,0.0027751922607421875,1,1,1e-06,0.0
1,0.004907131195068359,1,1,1e-06,0.0
1,0.003003358840942383,1,1,1e-06,0.0
1,0.0027151107788085938,1,1,1e-06,0.0
1,0.0028388500213623047,1,1,1e-06,0.0
1,0.002899646759033203,1,1,1e-06,0.0
1,0.003708362579345703,1,1,1e-06,0.0
1,0.006566047668457031,1,1,1e-06,0.0
1,0.004536628723144531,1,1,1e-06,0.0
1,0.0047686100006103516,1,1,1e-06,0.0
1,0.004315853118896484,1,1,1e-06,0.0
1,0.008254766464233398,1,1,1e-06,0.0
1,0.004606485366821289,1,1,1e-06,0.0
1,0.005309343338012695,1,1,1e-06,0.0
1,0.004645347595214844,1,1,1e-06,0.0
1,0.004520893096923828,1,1,1e-06,0.0
1,0.0045354366302490234,1,1,1e-06,0.0
1,0.0046923160552978516,1,1,1e-06,0.0
1,0.0033686161041259766,1,1,1e-06,0.0
1,0.057727813720703125,1,1,1e-06,0.0
1,0.003970623016357422,1,1,1e-06,0.0
1,0.004619121551513672,1,1,1e-06,0.0
1,0.00399470329284668,1,1,1e-06,0.0
1,0.0036263465881347656,1,1,1e-06,0.0
1,0.0050427913665771484,1,1,1e-06,0.0
1,0.004757881164550781,1,1,1e-06,0.0
1,0.004082918167114258,1,1,1e-06,0.0
1,0.007686138153076172,1,1,1e-06,0.0
1,0.006024837493896484,1,1,1e-06,0.0
1,0.003984212875366211,1,1,1e-06,0.0
1,0.0052928924560546875,1,1,1e-06,0.0
1,0.00446772575378418,1,1,1e-06,0.0
1,0.006220102310180664,1,1,1e-06,0.0
1,0.006065845489501953,1,1,1e-06,0.0
1,0.006634235382080078,1,1,1e-06,0.0
1,0.004633188247680664,1,1,1e-06,0.0
1,0.004587888717651367,1,1,1e-06,0.0
1,0.00684046745300293,1,1,1e-06,0.0
1,0.0051076412200927734,1,1,1e-06,0.0
1,0.007237672805786133,1,1,1e-06,0.0
1,0.005540132522583008,1,1,1e-06,0.0
1,0.003055095672607422,1,1,1e-06,0.0
1,0.0055217742919921875,1,1,1e-06,0.0
1,0.0031960010528564453,1,1,1e-06,0.0
1,0.0022847652435302734,1,1,1e-06,0.0
1,0.0034852027893066406,1,1,1e-06,0.0
1,0.0039691925048828125,1,1,1e-06,0.0
1,0.002888202667236328,1,1,1e-06,0.0
1,0.002414226531982422,1,1,1e-06,0.0
1,0.002699136734008789,1,1,1e-06,0.0
1,0.003217458724975586,1,1,1e-06,0.0
1,0.0028319358825683594,1,1,1e-06,0.0
1,0.0027620792388916016,1,1,1e-06,0.0
1,0.003320932388305664,1,1,1e-06,0.0
1,0.003878355026245117,1,1,1e-06,0.0
1,0.005286455154418945,1,1,1e-06,0.0
1,0.00479888916015625,1,1,1e-06,0.0
1,0.0032320022583007812,1,1,1e-06,0.0
1,0.003428220748901367,1,1,1e-06,0.0
1,0.002732992172241211,1,1,1e-06,0.0
1,0.002797365188598633,1,1,1e-06,0.0
1,0.002811908721923828,1,1,1e-06,0.0
1,0.0037775039672851562,1,1,1e-06,0.0
1,0.004332065582275391,1,1,1e-06,0.0
1,0.0028722286224365234,1,1,1e-06,0.0
1,0.01694655418395996,1,1,1e-06,0.0
1,0.00426030158996582,1,1,1e-06,0.0
1,0.005732059478759766,1,1,1e-06,0.0
1,0.00493311882019043,1,1,1e-06,0.0
1,0.0036466121673583984,1,1,1e-06,0.0
1,0.002875804901123047,1,1,1e-06,0.0
1,0.0034151077270507812,1,1,1e-06,0.0
1,0.0034008026123046875,1,1,1e-06,0.0
1,0.003687620162963867,1,1,1e-06,0.0
1,0.005543708801269531,1,1,1e-06,0.0
1,0.003837108612060547,1,1,1e-06,0.0
1,0.0028972625732421875,1,1,1e-06,0.0
1,0.002088308334350586,1,1,1e-06,0.0
1,0.0021517276763916016,1,1,1e-06,0.0
1,0.002322673797607422,1,1,1e-06,0.0
1,0.003293752670288086,1,1,1e-06,0.0
1,0.006642818450927734,1,1,1e-06,0.0
1,0.0069844722747802734,1,1,1e-06,0.0
1,0.005318403244018555,1,1,1e-06,0.0
1,0.0025641918182373047,1,1,1e-06,0.0
1,0.002540111541748047,1,1,1e-06,0.0
1,0.01008296012878418,1,1,1e-06,0.0
1,0.002889394760131836,1,1,1e-06,0.0
1,0.003019571304321289,1,1,1e-06,0.0
1,0.2808797359466553,1,1,1e-06,0.0
1,0.0025310516357421875,1,1,1e-06,0.0
1,0.002336740493774414,1,1,1e-06,0.0
1,0.0021347999572753906,1,1,1e-06,0.0
1,0.002291440963745117,1,1,1e-06,0.0
1,0.002149343490600586,1,1,1e-06,0.0
1,0.002096414566040039,1,1,1e-06,0.0
1,0.0021753311157226562,1,1,1e-06,0.0
1,0.002177000045776367,1,1,1e-06,0.0
1,0.0021822452545166016,1,1,1e-06,0.0
1,0.002941608428955078,1,1,1e-06,0.0
1,0.0030961036682128906,1,1,1e-06,0.0
1,0.003116607666015625,1,1,1e-06,0.0
1,0.003406524658203125,1,1,1e-06,0.0
1,0.0046045780181884766,1,1,1e-06,0.0
1,0.00313568115234375,1,1,1e-06,0.0
1,0.0026988983154296875,1,1,1e-06,0.0
1,0.002522706985473633,1,1,1e-06,0.0
1,0.0031006336212158203,1,1,1e-06,0.0
1,0.002314329147338867,1,1,1e-06,0.0
1,0.0027167797088623047,1,1,1e-06,0.0
1,0.018799543380737305,1,1,1e-06,0.0
1,0.002563953399658203,1,1,1e-06,0.0
1,0.002758502960205078,1,1,1e-06,0.0
1,0.003609180450439453,1,1,1e-06,0.0
1,0.0039010047912597656,1,1,1e-06,0.0
1,0.005506038665771484,1,1,1e-06,0.0
1,0.005236148834228516,1,1,1e-06,0.0
1,0.003903627395629883,1,1,1e-06,0.0
1,0.006148338317871094,1,1,1e-06,0.0
1,0.0054168701171875,1,1,1e-06,0.0
1,0.0030329227447509766,1,1,1e-06,0.0
1,0.006109476089477539,1,1,1e-06,0.0
1,0.004427433013916016,1,1,1e-06,0.0
1,0.003895282745361328,1,1,1e-06,0.0
1,0.0026807785034179688,1,1,1e-06,0.0
1,0.00267791748046875,1,1,1e-06,0.0
1,0.004244804382324219,1,1,1e-06,0.0
1,0.003540515899658203,1,1,1e-06,0.0
1,0.002332448959350586,1,1,1e-06,0.0
1,0.002424478530883789,1,1,1e-06,0.0
1,0.005691051483154297,1,1,1e-06,0.0
1,0.003002643585205078,1,1,1e-06,0.0
1,0.002940654754638672,1,1,1e-06,0.0
1,0.002708911895751953,1,1,1e-06,0.0
1,0.004591226577758789,1,1,1e-06,0.0
1,0.003076314926147461,1,1,1e-06,0.0
1,0.0032949447631835938,1,1,1e-06,0.0
1,0.002511739730834961,1,1,1e-06,0.0
1,0.0038673877716064453,1,1,1e-06,0.0
1,0.0026023387908935547,1,1,1e-06,0.0
1,0.0026655197143554688,1,1,1e-06,0.0
1,0.0034182071685791016,1,1,1e-06,0.0
1,0.0029082298278808594,1,1,1e-06,0.0
1,0.002208232879638672,1,1,1e-06,0.0
1,0.0022165775299072266,1,1,1e-06,0.0
1,0.005335807800292969,1,1,1e-06,0.0
1,0.005594730377197266,1,1,1e-06,0.0
1,0.004240751266479492,1,1,1e-06,0.0
1,0.004328250885009766,1,1,1e-06,0.0
1,0.0034956932067871094,1,1,1e-06,0.0
1,0.006541728973388672,1,1,1e-06,0.0
1,0.0025157928466796875,1,1,1e-06,0.0
1,0.02234935760498047,1,1,1e-06,0.0
1,0.0026655197143554688,1,1,1e-06,0.0
1,0.0038635730743408203,1,1,1e-06,0.0
1,0.0026428699493408203,1,1,1e-06,0.0
1,0.0028760433197021484,1,1,1e-06,0.0
1,0.0027556419372558594,1,1,1e-06,0.0
1,0.002965211868286133,1,1,1e-06,0.0
1,0.0024809837341308594,1,1,1e-06,0.0
1,0.003302335739135742,1,1,1e-06,0.0
1,0.0023932456970214844,1,1,1e-06,0.0
1,0.0027620792388916016,1,1,1e-06,0.0
1,0.003442525863647461,1,1,1e-06,0.0
1,0.003509044647216797,1,1,1e-06,0.0
1,0.01540374755859375,1,1,1e-06,0.0
1,0.0027441978454589844,1,1,1e-06,0.0
1,0.004560947418212891,1,1,1e-06,0.0
1,0.002020597457885742,1,1,1e-06,0.0
1,0.0038666725158691406,1,1,1e-06,0.0
1,0.003177642822265625,1,1,1e-06,0.0
1,0.0024514198303222656,1,1,1e-06,0.0
1,0.006360530853271484,1,1,1e-06,0.0
1,0.005616903305053711,1,1,1e-06,0.0
1,0.0034203529357910156,1,1,1e-06,0.0
1,0.002190828323364258,1,1,1e-06,0.0
1,0.0027408599853515625,1,1,1e-06,0.0
1,0.0022716522216796875,1,1,1e-06,0.0
1,0.0038099288940429688,1,1,1e-06,0.0
1,0.005135059356689453,1,1,1e-06,0.0
1,0.002869844436645508,1,1,1e-06,0.0
1,0.003951311111450195,1,1,1e-06,0.0
1,0.0018157958984375,1,1,1e-06,0.0
1,0.0029785633087158203,1,1,1e-06,0.0
1,0.0038013458251953125,1,1,1e-06,0.0
1,0.003989696502685547,1,1,1e-06,0.0
1,0.004841327667236328,1,1,1e-06,0.0
1,0.006442070007324219,1,1,1e-06,0.0
1,0.024687767028808594,1,1,1e-06,0.0
1,0.06658053398132324,1,1,1e-06,0.0
1,0.0024840831756591797,1,1,1e-06,0.0
1,0.0023069381713867188,1,1,1e-06,0.0
1,0.002698183059692383,1,1,1e-06,0.0
1,0.0023849010467529297,1,1,1e-06,0.0
1,0.002520322799682617,1,1,1e-06,0.0
1,0.003676891326904297,1,1,1e-06,0.0
1,0.0023698806762695312,1,1,1e-06,0.0
1,0.04642343521118164,1,1,1e-06,0.0
1,0.002834320068359375,1,1,1e-06,0.0
1,0.0027856826782226562,1,1,1e-06,0.0
1,0.0032775402069091797,1,1,1e-06,0.0
1,0.002644777297973633,1,1,1e-06,0.0
1,0.01617145538330078,1,1,1e-06,0.0
1,0.0027189254760742188,1,1,1e-06,0.0
1,0.002971172332763672,1,1,1e-06,0.0
1,0.03950762748718262,1,1,1e-06,0.0
1,0.0027561187744140625,1,1,1e-06,0.0
1,0.004317045211791992,1,1,1e-06,0.0
1,0.0037758350372314453,1,1,1e-06,0.0
1,0.003937959671020508,1,1,1e-06,0.0
1,0.004039287567138672,1,1,1e-06,0.0
1,0.0040056705474853516,1,1,1e-06,0.0
1,0.002492666244506836,1,1,1e-06,0.0
1,0.003237485885620117,1,1,1e-06,0.0
1,0.005610227584838867,1,1,1e-06,0.0
1,0.020235300064086914,1,1,1e-06,0.0
1,0.003931283950805664,1,1,1e-06,0.0
1,0.005236387252807617,1,1,1e-06,0.0
1,0.005250215530395508,1,1,1e-06,0.0
1,0.022631168365478516,1,1,1e-06,0.0
1,0.0036916732788085938,1,1,1e-06,0.0
1,0.006537437438964844,1,1,1e-06,0.0
1,0.002477884292602539,1,1,1e-06,0.0
1,0.015601634979248047,1,1,1e-06,0.0
1,0.0248260498046875,1,1,1e-06,0.0
1,0.004885673522949219,1,1,1e-06,0.0
1,0.007353544235229492,1,1,1e-06,0.0
1,0.0038056373596191406,1,1,1e-06,0.0
1,0.003984689712524414,1,1,1e-06,0.0
1,0.009988784790039062,1,1,1e-06,0.0
1,0.002690553665161133,1,1,1e-06,0.0
1,0.0035321712493896484,1,1,1e-06,0.0
1,0.002196073532104492,1,1,1e-06,0.0
1,0.0033156871795654297,1,1,1e-06,0.0
1,0.01948404312133789,1,1,1e-06,0.0
1,0.0023996829986572266,1,1,1e-06,0.0
1,0.024168729782104492,1,1,1e-06,0.0
1,0.003672361373901367,1,1,1e-06,0.0
1,0.0035848617553710938,1,1,1e-06,0.0
1,0.0034894943237304688,1,1,1e-06,0.0
1,0.004086494445800781,1,1,1e-06,0.0
1,0.00488734245300293,1,1,1e-06,0.0
1,0.0036973953247070312,1,1,1e-06,0.0
1,0.00333404541015625,1,1,1e-06,0.0
1,0.0025806427001953125,1,1,1e-06,0.0
1,0.005125761032104492,1,1,1e-06,0.0
1,0.0031135082244873047,1,1,1e-06,0.0
1,0.002386808395385742,1,1,1e-06,0.0
1,0.0028541088104248047,1,1,1e-06,0.0
1,0.002993345260620117,1,1,1e-06,0.0
1,0.00356292724609375,1,1,1e-06,0.0
1,0.004388093948364258,1,1,1e-06,0.0
1,0.004209995269775391,1,1,1e-06,0.0
1,0.0035552978515625,1,1,1e-06,0.0
1,0.007316112518310547,1,1,1e-06,0.0
1,0.0025734901428222656,1,1,1e-06,0.0
1,0.0029811859130859375,1,1,1e-06,0.0
1,0.002533435821533203,1,1,1e-06,0.0
1,0.0025784969329833984,1,1,1e-06,0.0
1,0.0025377273559570312,1,1,1e-06,0.0
1,0.0041620731353759766,1,1,1e-06,0.0
1,0.0031991004943847656,1,1,1e-06,0.0
1,0.0020568370819091797,1,1,1e-06,0.0
1,0.0028340816497802734,1,1,1e-06,0.0
1,0.002236604690551758,1,1,1e-06,0.0
1,0.003973722457885742,1,1,1e-06,0.0
1,0.004268646240234375,1,1,1e-06,0.0
1,0.010771512985229492,1,1,1e-06,0.0
1,0.003963947296142578,1,1,1e-06,0.0
1,0.0033690929412841797,1,1,1e-06,0.0
1,0.0038521289825439453,1,1,1e-06,0.0
1,0.0032415390014648438,1,1,1e-06,0.0
1,0.003614664077758789,1,1,1e-06,0.0
1,0.003094196319580078,1,1,1e-06,0.0
1,0.004237174987792969,1,1,1e-06,0.0
1,0.004113197326660156,1,1,1e-06,0.0
1,0.004521608352661133,1,1,1e-06,0.0
1,0.004034519195556641,1,1,1e-06,0.0
1,0.002549886703491211,1,1,1e-06,0.0
1,0.0030660629272460938,1,1,1e-06,0.0
1,0.03024578094482422,1,1,1e-06,0.0
1,0.013028383255004883,1,1,1e-06,0.0
1,0.014806270599365234,1,1,1e-06,0.0
1,0.007516145706176758,1,1,1e-06,0.0
1,0.00516510009765625,1,1,1e-06,0.0
1,0.007042407989501953,1,1,1e-06,0.0
1,0.005056858062744141,1,1,1e-06,0.0
1,0.09622383117675781,1,1,1e-06,0.0
1,0.0027239322662353516,1,1,1e-06,0.0
1,0.008144855499267578,1,1,1e-06,0.0
1,0.006810188293457031,1,1,1e-06,0.0
1,0.007142305374145508,1,1,1e-06,0.0
1,0.005843639373779297,1,1,1e-06,0.0
1,0.0071926116943359375,1,1,1e-06,0.0
1,0.008823156356811523,1,1,1e-06,0.0
1,0.014387845993041992,1,1,1e-06,0.0
1,0.007332563400268555,1,1,1e-06,0.0
1,0.007563114166259766,1,1,1e-06,0.0
1,0.009927749633789062,1,1,1e-06,0.0
1,0.00557255744934082,1,1,1e-06,0.0
1,0.005743265151977539,1,1,1e-06,0.0
1,0.004273414611816406,1,1,1e-06,0.0
1,0.004331350326538086,1,1,1e-06,0.0
1,0.007616281509399414,1,1,1e-06,0.0
1,0.004628658294677734,1,1,1e-06,0.0
1,0.17185211181640625,1,1,1e-06,0.0
1,0.0034639835357666016,1,1,1e-06,0.0
1,0.0036063194274902344,1,1,1e-06,0.0
1,0.022388219833374023,1,1,1e-06,0.0
1,0.0026030540466308594,1,1,1e-06,0.0
1,0.0031630992889404297,1,1,1e-06,0.0
1,0.0026912689208984375,1,1,1e-06,0.0
1,0.0025458335876464844,1,1,1e-06,0.0
1,0.0039598941802978516,1,1,1e-06,0.0
1,0.004177570343017578,1,1,1e-06,0.0
1,0.005302906036376953,1,1,1e-06,0.0
1,0.004895925521850586,1,1,1e-06,0.0
1,0.0023543834686279297,1,1,1e-06,0.0
1,0.00392913818359375,1,1,1e-06,0.0
1,0.004117727279663086,1,1,1e-06,0.0
1,0.006203651428222656,1,1,1e-06,0.0
1,0.006891727447509766,1,1,1e-06,0.0
1,0.003117799758911133,1,1,1e-06,0.0
1,0.0028281211853027344,1,1,1e-06,0.0
1,0.002979755401611328,1,1,1e-06,0.0
1,0.005219221115112305,1,1,1e-06,0.0
1,0.0046808719635009766,1,1,1e-06,0.0
1,0.0030007362365722656,1,1,1e-06,0.0
1,0.003139495849609375,1,1,1e-06,0.0
1,0.019615888595581055,1,1,1e-06,0.0
1,0.0025713443756103516,1,1,1e-06,0.0
1,0.004830837249755859,1,1,1e-06,0.0
1,0.002862691879272461,1,1,1e-06,0.0
1,0.0033767223358154297,1,1,1e-06,0.0
1,0.004044294357299805,1,1,1e-06,0.0
1,0.014605522155761719,1,1,1e-06,0.0
1,0.005869626998901367,1,1,1e-06,0.0
1,0.002942800521850586,1,1,1e-06,0.0
1,0.01842951774597168,1,1,1e-06,0.0
1,0.003373384475708008,1,1,1e-06,0.0
1,0.002382993698120117,1,1,1e-06,0.0
1,0.0031762123107910156,1,1,1e-06,0.0
0,1.002624273300171,0,0,,0.0
1,0.0025382041931152344,1,1,1e-06,0.0
1,0.0034894943237304688,1,1,1e-06,0.0
1,0.0021047592163085938,1,1,1e-06,0.0
1,0.0015347003936767578,1,1,1e-06,0.0
1,0.0024690628051757812,1,1,1e-06,0.0
1,0.0017695426940917969,1,1,1e-06,0.0
1,0.003815889358520508,1,1,1e-06,0.0
1,0.006155729293823242,1,1,1e-06,0.0
1,0.0024962425231933594,1,1,1e-06,0.0
1,0.0026183128356933594,1,1,1e-06,0.0
1,0.0024907588958740234,1,1,1e-06,0.0
1,0.0028302669525146484,1,1,1e-06,0.0
1,0.002801656723022461,1,1,1e-06,0.0
1,0.0035376548767089844,1,1,1e-06,0.0
1,0.0027616024017333984,1,1,1e-06,0.0
1,0.002582073211669922,1,1,1e-06,0.0
1,0.0051572322845458984,1,1,1e-06,0.0
1,0.0056705474853515625,1,1,1e-06,0.0
1,0.00621485710144043,1,1,1e-06,0.0
1,0.0031118392944335938,1,1,1e-06,0.0
1,0.03325629234313965,1,1,1e-06,0.0
1,0.003584146499633789,1,1,1e-06,0.0
1,0.00405573844909668,1,1,1e-06,0.0
1,0.004090070724487305,1,1,1e-06,0.0
1,0.004056215286254883,1,1,1e-06,0.0
1,0.00539398193359375,1,1,1e-06,0.0
1,0.005510807037353516,1,1,1e-06,0.0
1,0.0046122074127197266,1,1,1e-06,0.0
1,0.00685882568359375,1,1,1e-06,0.0
1,0.00732421875,1,1,1e-06,0.0
1,0.0068743228912353516,1,1,1e-06,0.0
1,0.008895397186279297,1,1,1e-06,0.0
0,1.0130500793457031,0,0,,0.0
1,0.003231525421142578,1,1,1e-06,0.0
1,0.005112648010253906,1,1,1e-06,0.0
1,0.0032453536987304688,1,1,1e-06,0.0
1,0.0024576187133789062,1,1,1e-06,0.0
1,0.002186298370361328,1,1,1e-06,0.0
1,0.0028710365295410156,1,1,1e-06,0.0
1,0.0033791065216064453,1,1,1e-06,0.0
1,0.0025627613067626953,1,1,1e-06,0.0
1,0.053302764892578125,1,1,1e-06,0.0
1,0.002919912338256836,1,1,1e-06,0.0
1,0.0036973953247070312,1,1,1e-06,0.0
1,0.002202272415161133,1,1,1e-06,0.0
1,0.004200458526611328,1,1,1e-06,0.0
1,0.002367734909057617,1,1,1e-06,0.0
1,0.0033004283905029297,1,1,1e-06,0.0
1,0.002816438674926758,1,1,1e-06,0.0
1,0.020679712295532227,1,1,1e-06,0.0
1,0.002169370651245117,1,1,1e-06,0.0
1,0.0021445751190185547,1,1,1e-06,0.0
1,0.003955364227294922,1,1,1e-06,0.0
1,0.0028934478759765625,1,1,1e-06,0.0
1,0.006574392318725586,1,1,1e-06,0.0
1,0.0037403106689453125,1,1,1e-06,0.0
1,0.0043108463287353516,1,1,1e-06,0.0
1,0.002829313278198242,1,1,1e-06,0.0
1,0.007564544677734375,1,1,1e-06,0.0
1,0.004028797149658203,1,1,1e-06,0.0
1,0.005580902099609375,1,1,1e-06,0.0
1,0.009182453155517578,1,1,1e-06,0.0
1,0.0071103572845458984,1,1,1e-06,0.0
1,0.005768299102783203,1,1,1e-06,0.0
1,0.004441022872924805,1,1,1e-06,0.0
1,0.003134489059448242,1,1,1e-06,0.0
1,0.0062601566314697266,1,1,1e-06,0.0
1,0.005006313323974609,1,1,1e-06,0.0
1,0.003101348876953125,1,1,1e-06,0.0
1,0.0034873485565185547,1,1,1e-06,0.0
1,0.0051021575927734375,1,1,1e-06,0.0
1,0.004987478256225586,1,1,1e-06,0.0
1,0.009458065032958984,1,1,1e-06,0.0
1,0.006287336349487305,1,1,1e-06,0.0
1,0.005549192428588867,1,1,1e-06,0.0
1,0.008236885070800781,1,1,1e-06,0.0
1,0.02369832992553711,1,1,1e-06,0.0
1,0.00427699089050293,1,1,1e-06,0.0
1,0.005021095275878906,1,1,1e-06,0.0
1,0.00465083122253418,1,1,1e-06,0.0
1,0.008330345153808594,1,1,1e-06,0.0
1,0.005086183547973633,1,1,1e-06,0.0
1,0.0057141780853271484,1,1,1e-06,0.0
1,0.01697564125061035,1,1,1e-06,0.0
1,0.005192279815673828,1,1,1e-06,0.0
1,0.004111289978027344,1,1,1e-06,0.0
1,0.003609895706176758,1,1,1e-06,0.0
1,0.003538846969604492,1,1,1e-06,0.0
1,0.005514621734619141,1,1,1e-06,0.0
1,0.005882978439331055,1,1,1e-06,0.0
1,0.003833293914794922,1,1,1e-06,0.0
1,0.006959676742553711,1,1,1e-06,0.0
1,0.003500223159790039,1,1,1e-06,0.0
1,0.003966569900512695,1,1,1e-06,0.0
1,0.003093719482421875,1,1,1e-06,0.0
1,0.0036993026733398438,1,1,1e-06,0.0
1,0.0033555030822753906,1,1,1e-06,0.0
1,0.002234935760498047,1,1,1e-06,0.0
1,0.004644155502319336,1,1,1e-06,0.0
1,0.008750200271606445,1,1,1e-06,0.0
1,0.002724885940551758,1,1,1e-06,0.0
1,0.002165555953979492,1,1,1e-06,0.0
1,0.0034520626068115234,1,1,1e-06,0.0
1,0.002562284469604492,1,1,1e-06,0.0
1,0.002741098403930664,1,1,1e-06,0.0
1,0.002785205841064453,1,1,1e-06,0.0
1,0.00581049919128418,1,1,1e-06,0.0
1,0.0068094730377197266,1,1,1e-06,0.0
1,0.004724979400634766,1,1,1e-06,0.0
1,0.003230571746826172,1,1,1e-06,0.0
1,0.0028765201568603516,1,1,1e-06,0.0
1,0.024552583694458008,1,1,1e-06,0.0
1,0.003271341323852539,1,1,1e-06,0.0
1,0.004118919372558594,1,1,1e-06,0.0
1,0.003782510757446289,1,1,1e-06,0.0
0,1.007185935974121,0,0,,0.0
1,0.0019500255584716797,1,1,1e-06,0.0
1,0.00223541259765625,1,1,1e-06,0.0
1,0.002935647964477539,1,1,1e-06,0.0
1,0.0020401477813720703,1,1,1e-06,0.0
1,0.002089262008666992,1,1,1e-06,0.0
1,0.0022957324981689453,1,1,1e-06,0.0
1,0.002304553985595703,1,1,1e-06,0.0
1,0.001974821090698242,1,1,1e-06,0.0
1,0.002193450927734375,1,1,1e-06,0.0
1,0.014757633209228516,1,1,1e-06,0.0
1,0.0026841163635253906,1,1,1e-06,0.0
1,0.0031049251556396484,1,1,1e-06,0.0
1,0.0022439956665039062,1,1,1e-06,0.0
1,0.0019953250885009766,1,1,1e-06,0.0
1,0.002055644989013672,1,1,1e-06,0.0
1,0.002105712890625,1,1,1e-06,0.0
1,0.001978635787963867,1,1,1e-06,0.0
1,0.0027265548706054688,1,1,1e-06,0.0
1,0.01709914207458496,1,1,1e-06,0.0
1,0.0031633377075195312,1,1,1e-06,0.0
1,0.003382444381713867,1,1,1e-06,0.0
1,0.003678560256958008,1,1,1e-06,0.0
1,0.0028848648071289062,1,1,1e-06,0.0
1,0.0037076473236083984,1,1,1e-06,0.0
1,0.0035867691040039062,1,1,1e-06,0.0
1,0.0031876564025878906,1,1,1e-06,0.0
1,0.003715991973876953,1,1,1e-06,0.0
1,0.0039958953857421875,1,1,1e-06,0.0
1,0.004350900650024414,1,1,1e-06,0.0
1,0.0038025379180908203,1,1,1e-06,0.0
1,0.003163576126098633,1,1,1e-06,0.0
1,0.006541013717651367,1,1,1e-06,0.0
1,0.004357576370239258,1,1,1e-06,0.0
1,0.0034761428833007812,1,1,1e-06,0.0
1,0.004639625549316406,1,1,1e-06,0.0
1,0.0029764175415039062,1,1,1e-06,0.0
1,0.0035581588745117188,1,1,1e-06,0.0
1,0.0028829574584960938,1,1,1e-06,0.0
1,0.004853963851928711,1,1,1e-06,0.0
1,0.00483393669128418,1,1,1e-06,0.0
1,0.007352352142333984,1,1,1e-06,0.0
1,0.006335735321044922,1,1,1e-06,0.0
1,0.0038335323333740234,1,1,1e-06,0.0
1,0.002239227294921875,1,1,1e-06,0.0
1,0.004103422164916992,1,1,1e-06,0.0
1,0.007984638214111328,1,1,1e-06,0.0
1,0.004185199737548828,1,1,1e-06,0.0
1,0.0024263858795166016,1,1,1e-06,0.0
1,0.0027773380279541016,1,1,1e-06,0.0
1,0.003785848617553711,1,1,1e-06,0.0
1,0.002071857452392578,1,1,1e-06,0.0
1,0.0024886131286621094,1,1,1e-06,0.0
1,0.01758432388305664,1,1,1e-06,0.0
1,0.0026547908782958984,1,1,1e-06,0.0
1,0.004150867462158203,1,1,1e-06,0.0
1,0.003545522689819336,1,1,1e-06,0.0
1,0.0024695396423339844,1,1,1e-06,0.0
1,0.0029859542846679688,1,1,1e-06,0.0
1,0.004010200500488281,1,1,1e-06,0.0
1,0.004522085189819336,1,1,1e-06,0.0
1,0.004206180572509766,1,1,1e-06,0.0
1,0.020819664001464844,1,1,1e-06,0.0
1,0.004038810729980469,1,1,1e-06,0.0
1,0.03089427947998047,1,1,1e-06,0.0
1,0.007176876068115234,1,1,1e-06,0.0
1,0.006552696228027344,1,1,1e-06,0.0
1,0.007302761077880859,1,1,1e-06,0.0
1,0.004022359848022461,1,1,1e-06,0.0
1,0.0024805068969726562,1,1,1e-06,0.0
1,0.004026174545288086,1,1,1e-06,0.0
1,0.0024819374084472656,1,1,1e-06,0.0
1,0.019887685775756836,1,1,1e-06,0.0
1,0.002648591995239258,1,1,1e-06,0.0
1,0.0057713985443115234,1,1,1e-06,0.0
1,0.0032563209533691406,1,1,1e-06,0.0
1,0.0029039382934570312,1,1,1e-06,0.0
1,0.003282785415649414,1,1,1e-06,0.0
1,0.003537416458129883,1,1,1e-06,0.0
1,0.01783442497253418,1,1,1e-06,0.0
1,0.0024750232696533203,1,1,1e-06,0.0
1,0.003495931625366211,1,1,1e-06,0.0
1,0.003118276596069336,1,1,1e-06,0.0
1,0.002241849899291992,1,1,1e-06,0.0
1,0.002087831497192383,1,1,1e-06,0.0
1,0.0023376941680908203,1,1,1e-06,0.0
1,0.002337217330932617,1,1,1e-06,0.0
1,0.0020554065704345703,1,1,1e-06,0.0
1,0.002849102020263672,1,1,1e-06,0.0
1,0.0022852420806884766,1,1,1e-06,0.0
1,0.0022602081298828125,1,1,1e-06,0.0
1,0.003081083297729492,1,1,1e-06,0.0
1,0.0032203197479248047,1,1,1e-06,0.0
1,0.003300905227661133,1,1,1e-06,0.0
1,0.002986431121826172,1,1,1e-06,0.0
1,0.002192974090576172,1,1,1e-06,0.0
1,0.0022068023681640625,1,1,1e-06,0.0
1,0.0030145645141601562,1,1,1e-06,0.0
1,0.002939462661743164,1,1,1e-06,0.0
1,0.0035352706909179688,1,1,1e-06,0.0
1,0.004842996597290039,1,1,1e-06,0.0
1,0.016654014587402344,1,1,1e-06,0.0
1,0.0023310184478759766,1,1,1e-06,0.0
1,0.002246379852294922,1,1,1e-06,0.0
1,0.0038208961486816406,1,1,1e-06,0.0
1,0.0021746158599853516,1,1,1e-06,0.0
1,0.0030438899993896484,1,1,1e-06,0.0
1,0.002316713333129883,1,1,1e-06,0.0
1,0.04319882392883301,1,1,1e-06,0.0
1,0.002912759780883789,1,1,1e-06,0.0
1,0.0033457279205322266,1,1,1e-06,0.0
1,0.027608394622802734,1,1,1e-06,0.0
1,0.0025641918182373047,1,1,1e-06,0.0
1,0.002627134323120117,1,1,1e-06,0.0
1,0.0021805763244628906,1,1,1e-06,0.0
1,0.005332469940185547,1,1,1e-06,0.0
1,0.002476215362548828,1,1,1e-06,0.0
1,0.0026841163635253906,1,1,1e-06,0.0
1,0.0023040771484375,1,1,1e-06,0.0
1,0.0030002593994140625,1,1,1e-06,0.0
1,0.002640962600708008,1,1,1e-06,0.0
1,0.0022652149200439453,1,1,1e-06,0.0
1,0.002931833267211914,1,1,1e-06,0.0
1,0.07783699035644531,1,1,1e-06,0.0
1,0.0016448497772216797,1,1,1e-06,0.0
1,0.0022993087768554688,1,1,1e-06,0.0
1,0.002508878707885742,1,1,1e-06,0.0
1,0.0024929046630859375,1,1,1e-06,0.0
1,0.0019943714141845703,1,1,1e-06,0.0
1,0.0017971992492675781,1,1,1e-06,0.0
1,0.013718366622924805,1,1,1e-06,0.0
1,0.002733469009399414,1,1,1e-06,0.0
1,0.0024847984313964844,1,1,1e-06,0.0
1,0.0045855045318603516,1,1,1e-06,0.0
1,0.003057241439819336,1,1,1e-06,0.0
1,0.002852201461791992,1,1,1e-06,0.0
1,0.0023145675659179688,1,1,1e-06,0.0
1,0.002765655517578125,1,1,1e-06,0.0
1,0.0024166107177734375,1,1,1e-06,0.0
1,0.0020904541015625,1,1,1e-06,0.0
1,0.0028629302978515625,1,1,1e-06,0.0
1,0.002267122268676758,1,1,1e-06,0.0
1,0.003618955612182617,1,1,1e-06,0.0
1,0.0029075145721435547,1,1,1e-06,0.0
1,0.0021903514862060547,1,1,1e-06,0.0
1,0.0029892921447753906,1,1,1e-06,0.0
1,0.003954410552978516,1,1,1e-06,0.0
1,0.006102561950683594,1,1,1e-06,0.0
1,0.0033707618713378906,1,1,1e-06,0.0
1,0.003073453903198242,1,1,1e-06,0.0
1,0.004769802093505859,1,1,1e-06,0.0
1,0.004613161087036133,1,1,1e-06,0.0
1,0.006887197494506836,1,1,1e-06,0.0
1,0.006646394729614258,1,1,1e-06,0.0
1,0.010500907897949219,1,1,1e-06,0.0
1,0.005041837692260742,1,1,1e-06,0.0
1,0.0033905506134033203,1,1,1e-06,0.0
1,0.0039157867431640625,1,1,1e-06,0.0
1,0.010542631149291992,1,1,1e-06,0.0
1,0.004308938980102539,1,1,1e-06,0.0
1,0.004151344299316406,1,1,1e-06,0.0
1,0.008772850036621094,1,1,1e-06,0.0
1,0.004565000534057617,1,1,1e-06,0.0
1,0.008063316345214844,1,1,1e-06,0.0
1,0.005412578582763672,1,1,1e-06,0.0
1,0.005105257034301758,1,1,1e-06,0.0
1,0.006650209426879883,1,1,1e-06,0.0
1,0.004719972610473633,1,1,1e-06,0.0
1,0.006211757659912109,1,1,1e-06,0.0
1,0.006397247314453125,1,1,1e-06,0.0
1,0.010360956192016602,1,1,1e-06,0.0
1,0.0033986568450927734,1,1,1e-06,0.0
1,0.002366304397583008,1,1,1e-06,0.0
1,0.0024480819702148438,1,1,1e-06,0.0
1,0.005535602569580078,1,1,1e-06,0.0
1,0.002910137176513672,1,1,1e-06,0.0
1,0.0038237571716308594,1,1,1e-06,0.0
1,0.002834320068359375,1,1,1e-06,0.0
1,0.002912282943725586,1,1,1e-06,0.0
1,0.0033075809478759766,1,1,1e-06,0.0
1,0.002956390380859375,1,1,1e-06,0.0
1,0.06659889221191406,1,1,1e-06,0.0
1,0.0037689208984375,1,1,1e-06,0.0
1,0.0028734207153320312,1,1,1e-06,0.0
1,0.002637624740600586,1,1,1e-06,0.0
1,0.0019109249114990234,1,1,1e-06,0.0
1,0.008696794509887695,1,1,1e-06,0.0
1,0.0027060508728027344,1,1,1e-06,0.0
1,0.002622842788696289,1,1,1e-06,0.0
1,0.002788543701171875,1,1,1e-06,0.0
1,0.007573127746582031,1,1,1e-06,0.0
1,0.002917051315307617,1,1,1e-06,0.0
1,0.001928567886352539,1,1,1e-06,0.0
1,0.010887384414672852,1,1,1e-06,0.0
1,0.0039293766021728516,1,1,1e-06,0.0
1,0.002926349639892578,1,1,1e-06,0.0
1,0.008775711059570312,1,1,1e-06,0.0
1,0.0019562244415283203,1,1,1e-06,0.0
1,0.003090381622314453,1,1,1e-06,0.0
1,0.003850698471069336,1,1,1e-06,0.0
1,0.0023076534271240234,1,1,1e-06,0.0
1,0.0015568733215332031,1,1,1e-06,0.0
1,0.008592367172241211,1,1,1e-06,0.0
1,0.0032379627227783203,1,1,1e-06,0.0
1,0.0020682811737060547,1,1,1e-06,0.0
1,0.0073473453521728516,1,1,1e-06,0.0
1,0.0018584728240966797,1,1,1e-06,0.0
1,0.006958723068237305,1,1,1e-06,0.0
1,0.004735231399536133,1,1,1e-06,0.0
1,0.002466917037963867,1,1,1e-06,0.0
1,0.002884387969970703,1,1,1e-06,0.0
1,0.002944469451904297,1,1,1e-06,0.0
1,0.0037512779235839844,1,1,1e-06,0.0
1,0.0035479068756103516,1,1,1e-06,0.0
1,0.00305938720703125,1,1,1e-06,0.0
1,0.013115882873535156,1,1,1e-06,0.0
1,0.003094196319580078,1,1,1e-06,0.0
1,0.0032062530517578125,1,1,1e-06,0.0
1,0.007624626159667969,1,1,1e-06,0.0
1,0.008815765380859375,1,1,1e-06,0.0
1,0.0035614967346191406,1,1,1e-06,0.0
1,0.002701997756958008,1,1,1e-06,0.0
1,0.010980367660522461,1,1,1e-06,0.0
1,0.0035479068756103516,1,1,1e-06,0.0
1,0.003069162368774414,1,1,1e-06,0.0
1,0.01178741455078125,1,1,1e-06,0.0
1,0.003359556198120117,1,1,1e-06,0.0
1,0.0031194686889648438,1,1,1e-06,0.0
1,0.011706829071044922,1,1,1e-06,0.0
1,0.0032150745391845703,1,1,1e-06,0.0
1,0.0037686824798583984,1,1,1e-06,0.0
1,0.011632204055786133,1,1,1e-06,0.0
1,0.0036652088165283203,1,1,1e-06,0.0
1,0.04685544967651367,1,1,1e-06,0.0
1,0.0035583972930908203,1,1,1e-06,0.0
1,0.004548311233520508,1,1,1e-06,0.0
1,0.012614727020263672,1,1,1e-06,0.0
1,0.004709720611572266,1,1,1e-06,0.0
1,0.0063669681549072266,1,1,1e-06,0.0
1,0.0027120113372802734,1,1,1e-06,0.0
1,0.013750076293945312,1,1,1e-06,0.0
1,0.003815174102783203,1,1,1e-06,0.0
1,0.013038396835327148,1,1,1e-06,0.0
1,0.623725414276123,1,1,1e-06,0.0
1,0.0032548904418945312,1,1,1e-06,0.0
1,0.003228425979614258,1,1,1e-06,0.0
1,0.00205230712890625,1,1,1e-06,0.0
1,0.0020546913146972656,1,1,1e-06,0.0
1,0.002830028533935547,1,1,1e-06,0.0
1,0.013263702392578125,1,1,1e-06,0.0
1,0.0026950836181640625,1,1,1e-06,0.0
1,0.0029516220092773438,1,1,1e-06,0.0
1,0.0026645660400390625,1,1,1e-06,0.0
1,0.00684046745300293,1,1,1e-06,0.0
1,0.0038099288940429688,1,1,1e-06,0.0
1,0.002987384796142578,1,1,1e-06,0.0
1,0.003039836883544922,1,1,1e-06,0.0
1,0.0033416748046875,1,1,1e-06,0.0
1,0.020926952362060547,1,1,1e-06,0.0
1,0.004335641860961914,1,1,1e-06,0.0
1,0.0037055015563964844,1,1,1e-06,0.0
1,0.002931833267211914,1,1,1e-06,0.0
1,0.005712747573852539,1,1,1e-06,0.0
1,0.012567758560180664,1,1,1e-06,0.0
1,0.004041194915771484,1,1,1e-06,0.0
1,0.007162570953369141,1,1,1e-06,0.0
1,0.00408172607421875,1,1,1e-06,0.0
1,0.03391838073730469,1,1,1e-06,0.0
1,0.0036711692810058594,1,1,1e-06,0.0
1,0.003879547119140625,1,1,1e-06,0.0
1,0.0038454532623291016,1,1,1e-06,0.0
1,0.004759550094604492,1,1,1e-06,0.0
1,0.004201650619506836,1,1,1e-06,0.0
1,0.005032777786254883,1,1,1e-06,0.0
1,0.0024755001068115234,1,1,1e-06,0.0
1,0.008305788040161133,1,1,1e-06,0.0
1,0.0033218860626220703,1,1,1e-06,0.0
1,0.0041010379791259766,1,1,1e-06,0.0
1,0.003641843795776367,1,1,1e-06,0.0
1,0.004735469818115234,1,1,1e-06,0.0
1,0.010196924209594727,1,1,1e-06,0.0
1,0.003926992416381836,1,1,1e-06,0.0
1,0.0030291080474853516,1,1,1e-06,0.0
1,0.002542257308959961,1,1,1e-06,0.0
1,0.004717826843261719,1,1,1e-06,0.0
1,0.0062999725341796875,1,1,1e-06,0.0
1,0.007174491882324219,1,1,1e-06,0.0
1,0.003174304962158203,1,1,1e-06,0.0
1,0.0018038749694824219,1,1,1e-06,0.0
1,0.00737762451171875,1,1,1e-06,0.0
1,0.0019757747650146484,1,1,1e-06,0.0
1,0.003308534622192383,1,1,1e-06,0.0
1,0.009941816329956055,1,1,1e-06,0.0
1,0.0018012523651123047,1,1,1e-06,0.0
1,0.002105712890625,1,1,1e-06,0.0
1,0.012202978134155273,1,1,1e-06,0.0
1,0.0037882328033447266,1,1,1e-06,0.0
1,0.0015490055084228516,1,1,1e-06,0.0
1,0.0019521713256835938,1,1,1e-06,0.0
1,0.006821632385253906,1,1,1e-06,0.0
1,0.002193927764892578,1,1,1e-06,0.0
1,0.008587121963500977,1,1,1e-06,0.0
1,0.004400968551635742,1,1,1e-06,0.0
1,0.003183603286743164,1,1,1e-06,0.0
1,0.05440044403076172,1,1,1e-06,0.0
1,0.003202676773071289,1,1,1e-06,0.0
1,0.01136016845703125,1,1,1e-06,0.0
1,0.002920866012573242,1,1,1e-06,0.0
1,0.002347707748413086,1,1,1e-06,0.0
1,0.0055925846099853516,1,1,1e-06,0.0
1,0.0032448768615722656,1,1,1e-06,0.0
1,0.011739015579223633,1,1,1e-06,0.0
1,0.002927541732788086,1,1,1e-06,0.0
1,0.003022909164428711,1,1,1e-06,0.0
1,0.0057260990142822266,1,1,1e-06,0.0
1,0.0031909942626953125,1,1,1e-06,0.0
1,0.013694286346435547,1,1,1e-06,0.0
1,0.014342069625854492,1,1,1e-06,0.0
1,0.003000020980834961,1,1,1e-06,0.0
1,0.003352642059326172,1,1,1e-06,0.0
1,0.002310037612915039,1,1,1e-06,0.0
1,0.003912210464477539,1,1,1e-06,0.0
1,0.011324644088745117,1,1,1e-06,0.0
1,0.0028722286224365234,1,1,1e-06,0.0
1,0.0029697418212890625,1,1,1e-06,0.0
1,0.0028154850006103516,1,1,1e-06,0.0
1,0.0021202564239501953,1,1,1e-06,0.0
1,0.007849693298339844,1,1,1e-06,0.0
1,0.002669811248779297,1,1,1e-06,0.0
1,0.0028688907623291016,1,1,1e-06,0.0
1,0.004000186920166016,1,1,1e-06,0.0
1,0.009064435958862305,1,1,1e-06,0.0
1,0.07914948463439941,1,1,1e-06,0.0
1,0.0026900768280029297,1,1,1e-06,0.0
1,0.01188516616821289,1,1,1e-06,0.0
1,0.0026290416717529297,1,1,1e-06,0.0
1,0.003699064254760742,1,1,1e-06,0.0
1,0.011148929595947266,1,1,1e-06,0.0
1,0.004610538482666016,1,1,1e-06,0.0
1,0.0031108856201171875,1,1,1e-06,0.0
1,0.003359079360961914,1,1,1e-06,0.0
1,0.013020753860473633,1,1,1e-06,0.0
1,0.005244016647338867,1,1,1e-06,0.0
1,0.006250619888305664,1,1,1e-06,0.0
1,0.003186464309692383,1,1,1e-06,0.0
1,0.003290414810180664,1,1,1e-06,0.0
1,0.002231597900390625,1,1,1e-06,0.0
1,0.002240896224975586,1,1,1e-06,0.0
1,0.011112451553344727,1,1,1e-06,0.0
1,0.0032320022583007812,1,1,1e-06,0.0
1,0.009508848190307617,1,1,1e-06,0.0
1,0.0062749385833740234,1,1,1e-06,0.0
1,0.0033292770385742188,1,1,1e-06,0.0
1,0.018123388290405273,1,1,1e-06,0.0
1,0.002490520477294922,1,1,1e-06,0.0
1,0.0041027069091796875,1,1,1e-06,0.0
1,0.011461496353149414,1,1,1e-06,0.0
1,0.01376795768737793,1,1,1e-06,0.0
1,0.0030934810638427734,1,1,1e-06,0.0
1,0.012447357177734375,1,1,1e-06,0.0
1,0.025643110275268555,1,1,1e-06,0.0
1,0.005115032196044922,1,1,1e-06,0.0
1,0.006395816802978516,1,1,1e-06,0.0
1,0.003210306167602539,1,1,1e-06,0.0
1,0.002878427505493164,1,1,1e-06,0.0
1,0.010456085205078125,1,1,1e-06,0.0
1,0.0033032894134521484,1,1,1e-06,0.0
1,0.003680706024169922,1,1,1e-06,0.0
1,0.0033881664276123047,1,1,1e-06,0.0
1,0.0035974979400634766,1,1,1e-06,0.0
1,0.0024611949920654297,1,1,1e-06,0.0
1,0.010097503662109375,1,1,1e-06,0.0
1,0.005616903305053711,1,1,1e-06,0.0
1,0.0052013397216796875,1,1,1e-06,0.0
1,0.0036058425903320312,1,1,1e-06,0.0
1,0.0028107166290283203,1,1,1e-06,0.0
1,0.002438783645629883,1,1,1e-06,0.0
1,0.002971172332763672,1,1,1e-06,0.0
1,0.003223419189453125,1,1,1e-06,0.0
1,0.003785848617553711,1,1,1e-06,0.0
1,0.004457235336303711,1,1,1e-06,0.0
1,0.004118919372558594,1,1,1e-06,0.0
1,0.005311250686645508,1,1,1e-06,0.0
1,0.005114078521728516,1,1,1e-06,0.0
1,0.002862215042114258,1,1,1e-06,0.0
1,0.003293275833129883,1,1,1e-06,0.0
1,0.0035750865936279297,1,1,1e-06,0.0
1,0.003161191940307617,1,1,1e-06,0.0
1,0.003945589065551758,1,1,1e-06,0.0
1,0.008698463439941406,1,1,1e-06,0.0
1,0.004769086837768555,1,1,1e-06,0.0
1,0.008040666580200195,1,1,1e-06,0.0
1,0.018541574478149414,1,1,1e-06,0.0
1,0.005933284759521484,1,1,1e-06,0.0
1,0.0032813549041748047,1,1,1e-06,0.0
1,0.005192756652832031,1,1,1e-06,0.0
1,0.005663394927978516,1,1,1e-06,0.0
1,0.01730799674987793,1,1,1e-06,0.0
1,0.01130366325378418,1,1,1e-06,0.0
1,0.008551597595214844,1,1,1e-06,0.0
1,0.007853031158447266,1,1,1e-06,0.0
1,0.007802724838256836,1,1,1e-06,0.0
1,0.004179716110229492,1,1,1e-06,0.0
1,0.00837850570678711,1,1,1e-06,0.0
1,0.005138874053955078,1,1,1e-06,0.0
1,0.11896896362304688,1,1,1e-06,0.0
1,0.006103038787841797,1,1,1e-06,0.0
1,0.0034317970275878906,1,1,1e-06,0.0
1,0.004311323165893555,1,1,1e-06,0.0
1,0.004010200500488281,1,1,1e-06,0.0
1,0.003484487533569336,1,1,1e-06,0.0
1,0.003416776657104492,1,1,1e-06,0.0
1,0.003329753875732422,1,1,1e-06,0.0
1,0.0047533512115478516,1,1,1e-06,0.0
1,0.010658502578735352,1,1,1e-06,0.0
1,0.0026845932006835938,1,1,1e-06,0.0
1,0.0042192935943603516,1,1,1e-06,0.0
1,0.0041522979736328125,1,1,1e-06,0.0
1,0.011303424835205078,1,1,1e-06,0.0
1,0.005072116851806641,1,1,1e-06,0.0
1,0.00579833984375,1,1,1e-06,0.0
1,0.005695819854736328,1,1,1e-06,0.0
1,0.004222393035888672,1,1,1e-06,0.0
1,0.0044667720794677734,1,1,1e-06,0.0
1,0.004035472869873047,1,1,1e-06,0.0
1,0.004065752029418945,1,1,1e-06,0.0
1,0.07739806175231934,1,1,1e-06,0.0
1,0.0054302215576171875,1,1,1e-06,0.0
1,0.003736734390258789,1,1,1e-06,0.0
1,0.004712104797363281,1,1,1e-06,0.0
1,0.003911256790161133,1,1,1e-06,0.0
1,0.004030942916870117,1,1,1e-06,0.0
1,0.004136562347412109,1,1,1e-06,0.0
1,0.0099029541015625,1,1,1e-06,0.0
1,0.0033278465270996094,1,1,1e-06,0.0
1,0.010801076889038086,1,1,1e-06,0.0
1,0.009455680847167969,1,1,1e-06,0.0
1,0.005230903625488281,1,1,1e-06,0.0
1,0.010817289352416992,1,1,1e-06,0.0
1,0.009678840637207031,1,1,1e-06,0.0
1,0.007570743560791016,1,1,1e-06,0.0
1,0.007192373275756836,1,1,1e-06,0.0
1,0.003669261932373047,1,1,1e-06,0.0
1,0.003428220748901367,1,1,1e-06,0.0
1,0.0025663375854492188,1,1,1e-06,0.0
1,0.0039424896240234375,1,1,1e-06,0.0
1,0.0038514137268066406,1,1,1e-06,0.0
1,0.002730846405029297,1,1,1e-06,0.0
1,0.004259586334228516,1,1,1e-06,0.0
1,0.0038950443267822266,1,1,1e-06,0.0
1,0.0027494430541992188,1,1,1e-06,0.0
1,0.002695322036743164,1,1,1e-06,0.0
1,0.0026073455810546875,1,1,1e-06,0.0
1,0.007108926773071289,1,1,1e-06,0.0
1,0.0028629302978515625,1,1,1e-06,0.0
1,0.0027322769165039062,1,1,1e-06,0.0
1,0.056313276290893555,1,1,1e-06,0.0
1,0.0031642913818359375,1,1,1e-06,0.0
1,0.0034132003784179688,1,1,1e-06,0.0
1,0.003760099411010742,1,1,1e-06,0.0
1,0.002719879150390625,1,1,1e-06,0.0
1,0.002630949020385742,1,1,1e-06,0.0
1,0.003290414810180664,1,1,1e-06,0.0
1,0.0033845901489257812,1,1,1e-06,0.0
1,0.0026502609252929688,1,1,1e-06,0.0
1,0.004831790924072266,1,1,1e-06,0.0
1,0.002354145050048828,1,1,1e-06,0.0
1,0.0018222332000732422,1,1,1e-06,0.0
1,0.002380847930908203,1,1,1e-06,0.0
1,0.0038378238677978516,1,1,1e-06,0.0
1,0.0038988590240478516,1,1,1e-06,0.0
1,0.004145622253417969,1,1,1e-06,0.0
1,0.0029344558715820312,1,1,1e-06,0.0
1,0.0025014877319335938,1,1,1e-06,0.0
1,0.015976667404174805,1,1,1e-06,0.0
1,0.0034170150756835938,1,1,1e-06,0.0
1,0.002979278564453125,1,1,1e-06,0.0
1,0.003319263458251953,1,1,1e-06,0.0
1,0.003290414810180664,1,1,1e-06,0.0
1,0.0038542747497558594,1,1,1e-06,0.0
1,0.004441976547241211,1,1,1e-06,0.0
1,0.004044294357299805,1,1,1e-06,0.0
1,0.003410816192626953,1,1,1e-06,0.0
1,0.0031075477600097656,1,1,1e-06,0.0
1,0.0057642459869384766,1,1,1e-06,0.0
1,0.004082441329956055,1,1,1e-06,0.0
1,0.004155397415161133,1,1,1e-06,0.0
1,0.005389213562011719,1,1,1e-06,0.0
1,0.05648326873779297,1,1,1e-06,0.0
1,0.006113529205322266,1,1,1e-06,0.0
1,0.003209829330444336,1,1,1e-06,0.0
1,0.025498151779174805,1,1,1e-06,0.0
1,0.0031833648681640625,1,1,1e-06,0.0
1,0.004222869873046875,1,1,1e-06,0.0
1,0.0032744407653808594,1,1,1e-06,0.0
1,0.003357410430908203,1,1,1e-06,0.0
1,0.0039021968841552734,1,1,1e-06,0.0
1,0.002668619155883789,1,1,1e-06,0.0
1,0.0032052993774414062,1,1,1e-06,0.0
1,0.004691600799560547,1,1,1e-06,0.0
1,0.0036590099334716797,1,1,1e-06,0.0
1,0.005592823028564453,1,1,1e-06,0.0
1,0.004304170608520508,1,1,1e-06,0.0
1,0.002995014190673828,1,1,1e-06,0.0
1,0.0028057098388671875,1,1,1e-06,0.0
1,0.003482341766357422,1,1,1e-06,0.0
1,0.0029528141021728516,1,1,1e-06,0.0
1,0.0035314559936523438,1,1,1e-06,0.0
1,0.003180980682373047,1,1,1e-06,0.0
1,0.0049402713775634766,1,1,1e-06,0.0
0,1.0094623565673828,0,0,,0.0
1,0.0020279884338378906,1,1,1e-06,0.0
1,0.0065762996673583984,1,1,1e-06,0.0
1,0.0015096664428710938,1,1,1e-06,0.0
1,0.001786947250366211,1,1,1e-06,0.0
1,0.001901388168334961,1,1,1e-06,0.0
1,0.0024318695068359375,1,1,1e-06,0.0
1,0.0019116401672363281,1,1,1e-06,0.0
1,0.001840353012084961,1,1,1e-06,0.0
1,0.002498149871826172,1,1,1e-06,0.0
1,0.03212332725524902,1,1,1e-06,0.0
1,0.0025048255920410156,1,1,1e-06,0.0
1,0.002322673797607422,1,1,1e-06,0.0
1,0.0025784969329833984,1,1,1e-06,0.0
1,0.005636453628540039,1,1,1e-06,0.0
1,0.0049936771392822266,1,1,1e-06,0.0
1,0.004225969314575195,1,1,1e-06,0.0
1,0.00420689582824707,1,1,1e-06,0.0
1,0.003387928009033203,1,1,1e-06,0.0
1,0.0031905174255371094,1,1,1e-06,0.0
1,0.0036139488220214844,1,1,1e-06,0.0
1,0.0041048526763916016,1,1,1e-06,0.0
1,0.005026102066040039,1,1,1e-06,0.0
1,0.004871368408203125,1,1,1e-06,0.0
1,0.015383243560791016,1,1,1e-06,0.0
1,0.011815071105957031,1,1,1e-06,0.0
1,0.009346723556518555,1,1,1e-06,0.0
1,0.01688385009765625,1,1,1e-06,0.0
1,0.002433300018310547,1,1,1e-06,0.0
1,0.003082275390625,1,1,1e-06,0.0
1,0.014075994491577148,1,1,1e-06,0.0
1,0.015676021575927734,1,1,1e-06,0.0
1,0.0020837783813476562,1,1,1e-06,0.0
1,0.002719402313232422,1,1,1e-06,0.0
1,0.002391815185546875,1,1,1e-06,0.0
1,0.0021278858184814453,1,1,1e-06,0.0
1,0.002889394760131836,1,1,1e-06,0.0
1,0.0018360614776611328,1,1,1e-06,0.0
1,0.002084493637084961,1,1,1e-06,0.0
1,0.024193286895751953,1,1,1e-06,0.0
1,0.002775907516479492,1,1,1e-06,0.0
1,0.0024242401123046875,1,1,1e-06,0.0
1,0.001981019973754883,1,1,1e-06,0.0
1,0.0020515918731689453,1,1,1e-06,0.0
1,0.0023775100708007812,1,1,1e-06,0.0
1,0.001960277557373047,1,1,1e-06,0.0
1,0.002234935760498047,1,1,1e-06,0.0
1,0.0029544830322265625,1,1,1e-06,0.0
1,0.0029802322387695312,1,1,1e-06,0.0
1,0.0023567676544189453,1,1,1e-06,0.0
1,0.002404451370239258,1,1,1e-06,0.0
1,0.003187894821166992,1,1,1e-06,0.0
1,0.0030472278594970703,1,1,1e-06,0.0
1,0.003174304962158203,1,1,1e-06,0.0
1,0.00293731689453125,1,1,1e-06,0.0
1,0.0023238658905029297,1,1,1e-06,0.0
1,0.003293752670288086,1,1,1e-06,0.0
1,0.003088235855102539,1,1,1e-06,0.0
1,0.0028324127197265625,1,1,1e-06,0.0
1,0.003816366195678711,1,1,1e-06,0.0
1,0.003954410552978516,1,1,1e-06,0.0
1,0.0038771629333496094,1,1,1e-06,0.0
1,0.002295255661010742,1,1,1e-06,0.0
1,0.0022706985473632812,1,1,1e-06,0.0
1,0.018743276596069336,1,1,1e-06,0.0
1,0.0030884742736816406,1,1,1e-06,0.0
1,0.005116939544677734,1,1,1e-06,0.0
1,0.006715297698974609,1,1,1e-06,0.0
1,0.002741575241088867,1,1,1e-06,0.0
1,0.0023152828216552734,1,1,1e-06,0.0
1,0.0035605430603027344,1,1,1e-06,0.0
1,0.0025396347045898438,1,1,1e-06,0.0
1,0.0034716129302978516,1,1,1e-06,0.0
1,0.003413677215576172,1,1,1e-06,0.0
1,0.004325151443481445,1,1,1e-06,0.0
1,0.003256082534790039,1,1,1e-06,0.0
1,0.0027914047241210938,1,1,1e-06,0.0
1,0.0019073486328125,1,1,1e-06,0.0
1,0.00249481201171875,1,1,1e-06,0.0
1,0.0034127235412597656,1,1,1e-06,0.0
1,0.003895282745361328,1,1,1e-06,0.0
1,0.0027098655700683594,1,1,1e-06,0.0
1,0.0031585693359375,1,1,1e-06,0.0
1,0.0031397342681884766,1,1,1e-06,0.0
1,0.0031485557556152344,1,1,1e-06,0.0
1,0.0040798187255859375,1,1,1e-06,0.0
1,0.004769802093505859,1,1,1e-06,0.0
1,0.005225658416748047,1,1,1e-06,0.0
1,0.0031769275665283203,1,1,1e-06,0.0
1,0.002544403076171875,1,1,1e-06,0.0
1,0.0024907588958740234,1,1,1e-06,0.0
1,0.0020470619201660156,1,1,1e-06,0.0
1,0.0031332969665527344,1,1,1e-06,0.0
1,0.0021986961364746094,1,1,1e-06,0.0
1,0.002747774124145508,1,1,1e-06,0.0
1,0.0044708251953125,1,1,1e-06,0.0
1,0.0024814605712890625,1,1,1e-06,0.0
1,0.0017180442810058594,1,1,1e-06,0.0
1,0.0023140907287597656,1,1,1e-06,0.0
1,0.0023429393768310547,1,1,1e-06,0.0
1,0.00421905517578125,1,1,1e-06,0.0
1,0.007345676422119141,1,1,1e-06,0.0
1,0.004569053649902344,1,1,1e-06,0.0
1,0.005063772201538086,1,1,1e-06,0.0
1,0.004832029342651367,1,1,1e-06,0.0
1,0.008751153945922852,1,1,1e-06,0.0
1,0.010773897171020508,1,1,1e-06,0.0
1,0.007095813751220703,1,1,1e-06,0.0
1,0.005216121673583984,1,1,1e-06,0.0
1,0.006737232208251953,1,1,1e-06,0.0
1,0.002874612808227539,1,1,1e-06,0.0
1,0.002550363540649414,1,1,1e-06,0.0
1,0.0028128623962402344,1,1,1e-06,0.0
1,0.0032796859741210938,1,1,1e-06,0.0
1,0.004263162612915039,1,1,1e-06,0.0
1,0.0022194385528564453,1,1,1e-06,0.0
1,0.014582157135009766,1,1,1e-06,0.0
1,0.002213716506958008,1,1,1e-06,0.0
1,0.003292560577392578,1,1,1e-06,0.0
1,0.00275421142578125,1,1,1e-06,0.0
1,0.0022444725036621094,1,1,1e-06,0.0
1,0.0029914379119873047,1,1,1e-06,0.0
1,0.0021865367889404297,1,1,1e-06,0.0
1,0.0019609928131103516,1,1,1e-06,0.0
1,0.002182483673095703,1,1,1e-06,0.0
1,0.002717733383178711,1,1,1e-06,0.0
1,0.007930755615234375,1,1,1e-06,0.0
1,0.0031125545501708984,1,1,1e-06,0.0
1,0.002045869827270508,1,1,1e-06,0.0
1,0.004065513610839844,1,1,1e-06,0.0
1,0.0036792755126953125,1,1,1e-06,0.0
1,0.01083230972290039,1,1,1e-06,0.0
1,0.003179311752319336,1,1,1e-06,0.0
1,0.0027463436126708984,1,1,1e-06,0.0
1,0.0025751590728759766,1,1,1e-06,0.0
1,0.0025894641876220703,1,1,1e-06,0.0
1,0.0025064945220947266,1,1,1e-06,0.0
1,0.009891986846923828,1,1,1e-06,0.0
1,0.0033729076385498047,1,1,1e-06,0.0
1,0.002590656280517578,1,1,1e-06,0.0
1,0.003509521484375,1,1,1e-06,0.0
1,0.003553152084350586,1,1,1e-06,0.0
1,0.0028603076934814453,1,1,1e-06,0.0
1,0.002858400344848633,1,1,1e-06,0.0
1,0.0025424957275390625,1,1,1e-06,0.0
1,0.003062009811401367,1,1,1e-06,0.0
1,0.01658940315246582,1,1,1e-06,0.0
1,0.0029239654541015625,1,1,1e-06,0.0
1,0.004812479019165039,1,1,1e-06,0.0
1,0.004467010498046875,1,1,1e-06,0.0
1,0.0039882659912109375,1,1,1e-06,0.0
1,0.004557609558105469,1,1,1e-06,0.0
1,0.0031821727752685547,1,1,1e-06,0.0
1,0.0025293827056884766,1,1,1e-06,0.0
1,0.0037364959716796875,1,1,1e-06,0.0
1,0.0038564205169677734,1,1,1e-06,0.0
1,0.0035963058471679688,1,1,1e-06,0.0
1,0.003966569900512695,1,1,1e-06,0.0
1,0.003556489944458008,1,1,1e-06,0.0
1,0.0031785964965820312,1,1,1e-06,0.0
1,0.0038175582885742188,1,1,1e-06,0.0
1,0.002712726593017578,1,1,1e-06,0.0
1,0.003115415573120117,1,1,1e-06,0.0
1,0.0028867721557617188,1,1,1e-06,0.0
1,0.003078937530517578,1,1,1e-06,0.0
1,0.0024063587188720703,1,1,1e-06,0.0
1,0.002534627914428711,1,1,1e-06,0.0
1,0.023816585540771484,1,1,1e-06,0.0
1,0.0022296905517578125,1,1,1e-06,0.0
1,0.0028028488159179688,1,1,1e-06,0.0
1,0.0019054412841796875,1,1,1e-06,0.0
1,0.002137899398803711,1,1,1e-06,0.0
1,0.0019445419311523438,1,1,1e-06,0.0
1,0.007466554641723633,1,1,1e-06,0.0
1,0.009610414505004883,1,1,1e-06,0.0
1,0.006050825119018555,1,1,1e-06,0.0
1,0.00410151481628418,1,1,1e-06,0.0
1,0.0052988529205322266,1,1,1e-06,0.0
1,0.0037729740142822266,1,1,1e-06,0.0
1,0.002061605453491211,1,1,1e-06,0.0
1,0.006684541702270508,1,1,1e-06,0.0
1,0.005671977996826172,1,1,1e-06,0.0
1,0.009767770767211914,1,1,1e-06,0.0
1,0.004315853118896484,1,1,1e-06,0.0
1,0.03330397605895996,1,1,1e-06,0.0
1,0.002499103546142578,1,1,1e-06,0.0
1,0.0020639896392822266,1,1,1e-06,0.0
1,0.0032243728637695312,1,1,1e-06,0.0
1,0.002965688705444336,1,1,1e-06,0.0
1,0.002449512481689453,1,1,1e-06,0.0
1,0.0024635791778564453,1,1,1e-06,0.0
1,0.0016903877258300781,1,1,1e-06,0.0
1,0.0019321441650390625,1,1,1e-06,0.0
1,0.002287626266479492,1,1,1e-06,0.0
1,0.002628803253173828,1,1,1e-06,0.0
1,0.0033392906188964844,1,1,1e-06,0.0
1,0.0035130977630615234,1,1,1e-06,0.0
1,0.0047092437744140625,1,1,1e-06,0.0
1,0.01622605323791504,1,1,1e-06,0.0
1,0.002247333526611328,1,1,1e-06,0.0
1,0.0018687248229980469,1,1,1e-06,0.0
1,0.0022330284118652344,1,1,1e-06,0.0
1,0.002630472183227539,1,1,1e-06,0.0
1,0.0024635791778564453,1,1,1e-06,0.0
1,0.0036630630493164062,1,1,1e-06,0.0
1,0.0028259754180908203,1,1,1e-06,0.0
1,0.002846956253051758,1,1,1e-06,0.0
1,0.018689870834350586,1,1,1e-06,0.0
1,0.0023834705352783203,1,1,1e-06,0.0
1,0.0018935203552246094,1,1,1e-06,0.0
1,0.0043218135833740234,1,1,1e-06,0.0
1,0.0039055347442626953,1,1,1e-06,0.0
1,0.004694223403930664,1,1,1e-06,0.0
1,0.004220724105834961,1,1,1e-06,0.0
1,0.003181934356689453,1,1,1e-06,0.0
1,0.001969575881958008,1,1,1e-06,0.0
1,0.0055162906646728516,1,1,1e-06,0.0
1,0.004253387451171875,1,1,1e-06,0.0
1,0.004307985305786133,1,1,1e-06,0.0
1,0.00463414192199707,1,1,1e-06,0.0
1,0.009105682373046875,1,1,1e-06,0.0
1,0.5213279724121094,1,1,1e-06,0.0
1,0.002716064453125,1,1,1e-06,0.0
1,0.002306222915649414,1,1,1e-06,0.0
1,0.003501415252685547,1,1,1e-06,0.0
1,0.002327442169189453,1,1,1e-06,0.0
1,0.0016222000122070312,1,1,1e-06,0.0
1,0.0014312267303466797,1,1,1e-06,0.0
1,0.021793603897094727,1,1,1e-06,0.0
1,0.0020589828491210938,1,1,1e-06,0.0
1,0.0034096240997314453,1,1,1e-06,0.0
1,0.002421140670776367,1,1,1e-06,0.0
1,0.002051830291748047,1,1,1e-06,0.0
1,0.0019407272338867188,1,1,1e-06,0.0
1,0.0037937164306640625,1,1,1e-06,0.0
1,0.0024535655975341797,1,1,1e-06,0.0
1,0.0023870468139648438,1,1,1e-06,0.0
1,0.0030002593994140625,1,1,1e-06,0.0
1,0.0035598278045654297,1,1,1e-06,0.0
1,0.0034716129302978516,1,1,1e-06,0.0
1,0.0035643577575683594,1,1,1e-06,0.0
1,0.002705097198486328,1,1,1e-06,0.0
1,0.0030541419982910156,1,1,1e-06,0.0
1,0.0024149417877197266,1,1,1e-06,0.0
1,0.006070613861083984,1,1,1e-06,0.0
1,0.0025517940521240234,1,1,1e-06,0.0
1,0.002803802490234375,1,1,1e-06,0.0
1,0.0028481483459472656,1,1,1e-06,0.0
1,0.003621816635131836,1,1,1e-06,0.0
1,0.0037789344787597656,1,1,1e-06,0.0
1,0.004046916961669922,1,1,1e-06,0.0
1,0.0031392574310302734,1,1,1e-06,0.0
1,0.004423618316650391,1,1,1e-06,0.0
1,0.004053592681884766,1,1,1e-06,0.0
1,0.003715038299560547,1,1,1e-06,0.0
1,0.003815174102783203,1,1,1e-06,0.0
1,0.005545616149902344,1,1,1e-06,0.0
1,0.008424758911132812,1,1,1e-06,0.0
1,0.0042650699615478516,1,1,1e-06,0.0
1,0.007307291030883789,1,1,1e-06,0.0
1,0.005194902420043945,1,1,1e-06,0.0
1,0.012399673461914062,1,1,1e-06,0.0
1,0.006172895431518555,1,1,1e-06,0.0
1,0.008519172668457031,1,1,1e-06,0.0
1,0.01015615463256836,1,1,1e-06,0.0
1,0.00446009635925293,1,1,1e-06,0.0
1,0.0018362998962402344,1,1,1e-06,0.0
1,0.0017690658569335938,1,1,1e-06,0.0
1,0.0017230510711669922,1,1,1e-06,0.0
1,0.002010822296142578,1,1,1e-06,0.0
1,0.005723714828491211,1,1,1e-06,0.0
1,0.0027136802673339844,1,1,1e-06,0.0
1,0.0039217472076416016,1,1,1e-06,0.0
1,0.005406856536865234,1,1,1e-06,0.0
1,0.003674745559692383,1,1,1e-06,0.0
1,0.00295257568359375,1,1,1e-06,0.0
1,0.0054361820220947266,1,1,1e-06,0.0
1,0.0038416385650634766,1,1,1e-06,0.0
1,0.004467010498046875,1,1,1e-06,0.0
1,0.004683256149291992,1,1,1e-06,0.0
1,0.017943143844604492,1,1,1e-06,0.0
1,0.002458333969116211,1,1,1e-06,0.0
1,0.004979848861694336,1,1,1e-06,0.0
1,0.0018591880798339844,1,1,1e-06,0.0
1,0.003065824508666992,1,1,1e-06,0.0
1,0.0031862258911132812,1,1,1e-06,0.0
1,0.0022499561309814453,1,1,1e-06,0.0
1,0.0027866363525390625,1,1,1e-06,0.0
1,0.003634214401245117,1,1,1e-06,0.0
1,0.003631114959716797,1,1,1e-06,0.0
1,0.003673553466796875,1,1,1e-06,0.0
1,0.00399017333984375,1,1,1e-06,0.0
1,0.00447392463684082,1,1,1e-06,0.0
1,0.010548591613769531,1,1,1e-06,0.0
1,0.0031163692474365234,1,1,1e-06,0.0
1,0.0024194717407226562,1,1,1e-06,0.0
1,0.002827882766723633,1,1,1e-06,0.0
1,0.0018961429595947266,1,1,1e-06,0.0
1,0.0015053749084472656,1,1,1e-06,0.0
1,0.0016820430755615234,1,1,1e-06,0.0
1,0.0016655921936035156,1,1,1e-06,0.0
1,0.0022406578063964844,1,1,1e-06,0.0
1,0.0020487308502197266,1,1,1e-06,0.0
1,0.0020933151245117188,1,1,1e-06,0.0
1,0.0028579235076904297,1,1,1e-06,0.0
1,0.0015628337860107422,1,1,1e-06,0.0
1,0.0017817020416259766,1,1,1e-06,0.0
1,0.002441883087158203,1,1,1e-06,0.0
1,0.012569427490234375,1,1,1e-06,0.0
1,0.0024843215942382812,1,1,1e-06,0.0
1,0.0015113353729248047,1,1,1e-06,0.0
1,0.002109527587890625,1,1,1e-06,0.0
1,0.0019986629486083984,1,1,1e-06,0.0
1,0.0018568038940429688,1,1,1e-06,0.0
1,0.0017249584197998047,1,1,1e-06,0.0
1,0.0025358200073242188,1,1,1e-06,0.0
1,0.0017857551574707031,1,1,1e-06,0.0
1,0.0031299591064453125,1,1,1e-06,0.0
1,0.0019826889038085938,1,1,1e-06,0.0
1,0.0023992061614990234,1,1,1e-06,0.0
1,0.002083301544189453,1,1,1e-06,0.0
1,0.001880645751953125,1,1,1e-06,0.0
1,0.0026559829711914062,1,1,1e-06,0.0
1,0.0037009716033935547,1,1,1e-06,0.0
1,0.002650022506713867,1,1,1e-06,0.0
1,0.0049169063568115234,1,1,1e-06,0.0
1,0.0031015872955322266,1,1,1e-06,0.0
1,0.004256486892700195,1,1,1e-06,0.0
1,0.06009697914123535,1,1,1e-06,0.0
1,0.009172439575195312,1,1,1e-06,0.0
1,0.0017497539520263672,1,1,1e-06,0.0
1,0.0015223026275634766,1,1,1e-06,0.0
1,0.0015053749084472656,1,1,1e-06,0.0
1,0.0021622180938720703,1,1,1e-06,0.0
1,0.002458810806274414,1,1,1e-06,0.0
1,0.0017499923706054688,1,1,1e-06,0.0
1,0.001847982406616211,1,1,1e-06,0.0
1,0.0018901824951171875,1,1,1e-06,0.0
1,0.003922462463378906,1,1,1e-06,0.0
1,0.0016682147979736328,1,1,1e-06,0.0
1,0.0019347667694091797,1,1,1e-06,0.0
1,0.003135204315185547,1,1,1e-06,0.0
1,0.0023348331451416016,1,1,1e-06,0.0
1,0.0022165775299072266,1,1,1e-06,0.0
1,0.002664327621459961,1,1,1e-06,0.0
1,0.0020112991333007812,1,1,1e-06,0.0
1,0.0020792484283447266,1,1,1e-06,0.0
1,0.0021648406982421875,1,1,1e-06,0.0
1,0.003965854644775391,1,1,1e-06,0.0
1,0.0018198490142822266,1,1,1e-06,0.0
1,0.002246379852294922,1,1,1e-06,0.0
1,0.003530263900756836,1,1,1e-06,0.0
1,0.0017762184143066406,1,1,1e-06,0.0
1,0.002911806106567383,1,1,1e-06,0.0
1,0.003067493438720703,1,1,1e-06,0.0
1,0.0025682449340820312,1,1,1e-06,0.0
1,0.002665996551513672,1,1,1e-06,0.0
1,0.0031218528747558594,1,1,1e-06,0.0
1,0.0027039051055908203,1,1,1e-06,0.0
1,0.0035088062286376953,1,1,1e-06,0.0
1,0.0018477439880371094,1,1,1e-06,0.0
1,0.0018720626831054688,1,1,1e-06,0.0
1,0.003158092498779297,1,1,1e-06,0.0
1,0.024378299713134766,1,1,1e-06,0.0
1,0.002317667007446289,1,1,1e-06,0.0
1,0.002012968063354492,1,1,1e-06,0.0
1,0.003283262252807617,1,1,1e-06,0.0
1,0.0029480457305908203,1,1,1e-06,0.0
1,0.0048427581787109375,1,1,1e-06,0.0
1,0.00424957275390625,1,1,1e-06,0.0
1,0.004831552505493164,1,1,1e-06,0.0
1,0.0055043697357177734,1,1,1e-06,0.0
1,0.003052949905395508,1,1,1e-06,0.0
1,0.009629964828491211,1,1,1e-06,0.0
1,0.003666400909423828,1,1,1e-06,0.0
1,0.0036439895629882812,1,1,1e-06,0.0
1,0.0287630558013916,1,1,1e-06,0.0
1,0.0040585994720458984,1,1,1e-06,0.0
1,0.00452876091003418,1,1,1e-06,0.0
1,0.005967140197753906,1,1,1e-06,0.0
1,0.004690647125244141,1,1,1e-06,0.0
1,0.004252910614013672,1,1,1e-06,0.0
1,0.0028657913208007812,1,1,1e-06,0.0
1,0.008730411529541016,1,1,1e-06,0.0
1,0.004643440246582031,1,1,1e-06,0.0
1,0.005127906799316406,1,1,1e-06,0.0
1,0.004348039627075195,1,1,1e-06,0.0
1,0.0032999515533447266,1,1,1e-06,0.0
1,0.0033102035522460938,1,1,1e-06,0.0
1,0.0033321380615234375,1,1,1e-06,0.0
1,0.0023393630981445312,1,1,1e-06,0.0
1,0.005354404449462891,1,1,1e-06,0.0
1,0.0033257007598876953,1,1,1e-06,0.0
1,0.0024106502532958984,1,1,1e-06,0.0
1,0.0032978057861328125,1,1,1e-06,0.0
1,0.014279842376708984,1,1,1e-06,0.0
1,0.00226593017578125,1,1,1e-06,0.0
1,0.0015873908996582031,1,1,1e-06,0.0
1,0.002961397171020508,1,1,1e-06,0.0
1,0.0029938220977783203,1,1,1e-06,0.0
1,0.003114938735961914,1,1,1e-06,0.0
1,0.0027213096618652344,1,1,1e-06,0.0
1,0.0023794174194335938,1,1,1e-06,0.0
1,0.0015213489532470703,1,1,1e-06,0.0
1,0.002630949020385742,1,1,1e-06,0.0
1,0.001783132553100586,1,1,1e-06,0.0
1,0.0015120506286621094,1,1,1e-06,0.0
1,0.002599477767944336,1,1,1e-06,0.0
1,0.0039064884185791016,1,1,1e-06,0.0
1,0.0023107528686523438,1,1,1e-06,0.0
1,0.0015156269073486328,1,1,1e-06,0.0
1,0.001928091049194336,1,1,1e-06,0.0
1,0.0018076896667480469,1,1,1e-06,0.0
1,0.0023300647735595703,1,1,1e-06,0.0
1,0.0021865367889404297,1,1,1e-06,0.0
1,0.0026526451110839844,1,1,1e-06,0.0
1,0.0034134387969970703,1,1,1e-06,0.0
1,0.001955747604370117,1,1,1e-06,0.0
1,0.0024683475494384766,1,1,1e-06,0.0
1,0.0019898414611816406,1,1,1e-06,0.0
1,0.0025391578674316406,1,1,1e-06,0.0
1,0.002438068389892578,1,1,1e-06,0.0
1,0.0024852752685546875,1,1,1e-06,0.0
1,0.0014586448669433594,1,1,1e-06,0.0
1,0.0014171600341796875,1,1,1e-06,0.0
1,0.0014979839324951172,1,1,1e-06,0.0
1,0.002650022506713867,1,1,1e-06,0.0
1,0.0017702579498291016,1,1,1e-06,0.0
1,0.0014395713806152344,1,1,1e-06,0.0
1,0.0019404888153076172,1,1,1e-06,0.0
1,0.002367734909057617,1,1,1e-06,0.0
1,0.0016446113586425781,1,1,1e-06,0.0
1,0.0017285346984863281,1,1,1e-06,0.0
1,0.0020303726196289062,1,1,1e-06,0.0
1,0.014071941375732422,1,1,1e-06,0.0
1,0.003169536590576172,1,1,1e-06,0.0
1,0.0020585060119628906,1,1,1e-06,0.0
1,0.0021271705627441406,1,1,1e-06,0.0
1,0.01338338851928711,1,1,1e-06,0.0
1,0.003181934356689453,1,1,1e-06,0.0
1,0.003107786178588867,1,1,1e-06,0.0
1,0.0030014514923095703,1,1,1e-06,0.0
1,0.004163980484008789,1,1,1e-06,0.0
1,0.0019459724426269531,1,1,1e-06,0.0
1,0.002987384796142578,1,1,1e-06,0.0
1,0.0026547908782958984,1,1,1e-06,0.0
1,0.005209922790527344,1,1,1e-06,0.0
1,0.0032095909118652344,1,1,1e-06,0.0
1,0.0028336048126220703,1,1,1e-06,0.0
1,0.002277374267578125,1,1,1e-06,0.0
1,0.0018224716186523438,1,1,1e-06,0.0
1,0.003567218780517578,1,1,1e-06,0.0
1,0.003690004348754883,1,1,1e-06,0.0
1,0.0028076171875,1,1,1e-06,0.0
1,0.0017056465148925781,1,1,1e-06,0.0
1,0.0015399456024169922,1,1,1e-06,0.0
1,0.0030813217163085938,1,1,1e-06,0.0
1,0.002871274948120117,1,1,1e-06,0.0
1,0.002171754837036133,1,1,1e-06,0.0
1,0.0039098262786865234,1,1,1e-06,0.0
1,0.003868579864501953,1,1,1e-06,0.0
1,0.0033576488494873047,1,1,1e-06,0.0
1,0.0017659664154052734,1,1,1e-06,0.0
1,0.0035009384155273438,1,1,1e-06,0.0
1,0.004155158996582031,1,1,1e-06,0.0
0,1.0094456672668457,0,0,,0.0
1,0.0018172264099121094,1,1,1e-06,0.0
1,0.0014750957489013672,1,1,1e-06,0.0
1,0.0018248558044433594,1,1,1e-06,0.0
1,0.0019562244415283203,1,1,1e-06,0.0
1,0.0019314289093017578,1,1,1e-06,0.0
1,0.0021326541900634766,1,1,1e-06,0.0
1,0.0019049644470214844,1,1,1e-06,0.0
1,0.0015614032745361328,1,1,1e-06,0.0
1,0.0017018318176269531,1,1,1e-06,0.0
1,0.014189720153808594,1,1,1e-06,0.0
1,0.002960205078125,1,1,1e-06,0.0
1,0.004480600357055664,1,1,1e-06,0.0
1,0.003936290740966797,1,1,1e-06,0.0
1,0.0039615631103515625,1,1,1e-06,0.0
1,0.002598285675048828,1,1,1e-06,0.0
1,0.002445697784423828,1,1,1e-06,0.0
1,0.0031595230102539062,1,1,1e-06,0.0
1,0.0039119720458984375,1,1,1e-06,0.0
1,0.003253459930419922,1,1,1e-06,0.0
1,0.002621889114379883,1,1,1e-06,0.0
1,0.002250194549560547,1,1,1e-06,0.0
1,0.00313568115234375,1,1,1e-06,0.0
1,0.004212617874145508,1,1,1e-06,0.0
1,0.0026161670684814453,1,1,1e-06,0.0
1,0.0028929710388183594,1,1,1e-06,0.0
1,0.0032317638397216797,1,1,1e-06,0.0
1,0.006128072738647461,1,1,1e-06,0.0
1,0.0037310123443603516,1,1,1e-06,0.0
1,0.0050089359283447266,1,1,1e-06,0.0
1,0.004253864288330078,1,1,1e-06,0.0
1,0.020224571228027344,1,1,1e-06,0.0
1,0.003090381622314453,1,1,1e-06,0.0
1,0.0034475326538085938,1,1,1e-06,0.0
1,0.00400090217590332,1,1,1e-06,0.0
1,0.004246950149536133,1,1,1e-06,0.0
1,0.002416849136352539,1,1,1e-06,0.0
1,0.002368450164794922,1,1,1e-06,0.0
1,0.0020101070404052734,1,1,1e-06,0.0
1,0.0026428699493408203,1,1,1e-06,0.0
1,0.004968166351318359,1,1,1e-06,0.0
1,0.004462003707885742,1,1,1e-06,0.0
1,0.002189159393310547,1,1,1e-06,0.0
1,0.0024881362915039062,1,1,1e-06,0.0
1,0.002501964569091797,1,1,1e-06,0.0
1,0.0020270347595214844,1,1,1e-06,0.0
1,0.012209415435791016,1,1,1e-06,0.0
1,0.002178192138671875,1,1,1e-06,0.0
1,0.0024530887603759766,1,1,1e-06,0.0
1,0.002761363983154297,1,1,1e-06,0.0
1,0.002834796905517578,1,1,1e-06,0.0
1,0.002035379409790039,1,1,1e-06,0.0
1,0.0017924308776855469,1,1,1e-06,0.0
1,0.014374017715454102,1,1,1e-06,0.0
1,0.0038580894470214844,1,1,1e-06,0.0
1,0.0034949779510498047,1,1,1e-06,0.0
1,0.0019257068634033203,1,1,1e-06,0.0
1,0.002115488052368164,1,1,1e-06,0.0
1,0.0020678043365478516,1,1,1e-06,0.0
1,0.0022780895233154297,1,1,1e-06,0.0
1,0.0022346973419189453,1,1,1e-06,0.0
1,0.005953073501586914,1,1,1e-06,0.0
1,0.0033228397369384766,1,1,1e-06,0.0
1,0.002831697463989258,1,1,1e-06,0.0
1,0.0026094913482666016,1,1,1e-06,0.0
1,0.002328634262084961,1,1,1e-06,0.0
1,0.002537965774536133,1,1,1e-06,0.0
1,0.0031936168670654297,1,1,1e-06,0.0
1,0.003315448760986328,1,1,1e-06,0.0
1,0.002996206283569336,1,1,1e-06,0.0
1,0.0017895698547363281,1,1,1e-06,0.0
1,0.04320240020751953,1,1,1e-06,0.0
1,0.0021445751190185547,1,1,1e-06,0.0
1,0.002164602279663086,1,1,1e-06,0.0
1,0.012341022491455078,1,1,1e-06,0.0
1,0.002206563949584961,1,1,1e-06,0.0
1,0.011230707168579102,1,1,1e-06,0.0
1,0.0020275115966796875,1,1,1e-06,0.0
1,0.0032052993774414062,1,1,1e-06,0.0
1,0.002705812454223633,1,1,1e-06,0.0
1,0.008337736129760742,1,1,1e-06,0.0
1,0.002876758575439453,1,1,1e-06,0.0
1,0.003286123275756836,1,1,1e-06,0.0
1,0.00405573844909668,1,1,1e-06,0.0
1,0.0033178329467773438,1,1,1e-06,0.0
1,0.0061130523681640625,1,1,1e-06,0.0
1,0.0035026073455810547,1,1,1e-06,0.0
1,0.05948328971862793,1,1,1e-06,0.0
1,0.002025127410888672,1,1,1e-06,0.0
1,0.0022115707397460938,1,1,1e-06,0.0
1,0.011820554733276367,1,1,1e-06,0.0
1,0.013342142105102539,1,1,1e-06,0.0
1,0.0021283626556396484,1,1,1e-06,0.0
1,0.0021491050720214844,1,1,1e-06,0.0
1,0.08351564407348633,1,1,1e-06,0.0
1,0.0024671554565429688,1,1,1e-06,0.0
1,0.002971649169921875,1,1,1e-06,0.0
1,0.0026068687438964844,1,1,1e-06,0.0
1,0.0023887157440185547,1,1,1e-06,0.0
1,0.0019156932830810547,1,1,1e-06,0.0
1,0.0019621849060058594,1,1,1e-06,0.0
1,0.0017960071563720703,1,1,1e-06,0.0
1,0.0019865036010742188,1,1,1e-06,0.0
1,0.0021538734436035156,1,1,1e-06,0.0
1,0.002155780792236328,1,1,1e-06,0.0
1,0.002888202667236328,1,1,1e-06,0.0
1,0.00203704833984375,1,1,1e-06,0.0
1,0.001974344253540039,1,1,1e-06,0.0
1,0.030066728591918945,1,1,1e-06,0.0
1,0.0030460357666015625,1,1,1e-06,0.0
1,0.001802206039428711,1,1,1e-06,0.0
1,0.0016582012176513672,1,1,1e-06,0.0
1,0.004910707473754883,1,1,1e-06,0.0
1,0.0027272701263427734,1,1,1e-06,0.0
1,0.002635478973388672,1,1,1e-06,0.0
1,0.0022313594818115234,1,1,1e-06,0.0
1,0.0018737316131591797,1,1,1e-06,0.0
1,0.013251543045043945,1,1,1e-06,0.0
1,0.002117156982421875,1,1,1e-06,0.0
1,0.0021467208862304688,1,1,1e-06,0.0
1,0.0017833709716796875,1,1,1e-06,0.0
1,0.0023527145385742188,1,1,1e-06,0.0
1,0.003829479217529297,1,1,1e-06,0.0
1,0.0027828216552734375,1,1,1e-06,0.0
1,0.002272367477416992,1,1,1e-06,0.0
1,0.003476858139038086,1,1,1e-06,0.0
1,0.002064228057861328,1,1,1e-06,0.0
1,0.016391754150390625,1,1,1e-06,0.0
1,0.0027878284454345703,1,1,1e-06,0.0
1,0.0036449432373046875,1,1,1e-06,0.0
1,0.00502324104309082,1,1,1e-06,0.0
1,0.0040912628173828125,1,1,1e-06,0.0
1,0.005591630935668945,1,1,1e-06,0.0
1,0.005691051483154297,1,1,1e-06,0.0
1,0.004191160202026367,1,1,1e-06,0.0
1,0.019899845123291016,1,1,1e-06,0.0
1,0.0029845237731933594,1,1,1e-06,0.0
1,0.0036618709564208984,1,1,1e-06,0.0
1,0.0037431716918945312,1,1,1e-06,0.0
1,0.0028030872344970703,1,1,1e-06,0.0
1,0.0044708251953125,1,1,1e-06,0.0
1,0.0051114559173583984,1,1,1e-06,0.0
1,0.0045397281646728516,1,1,1e-06,0.0
1,0.031281232833862305,1,1,1e-06,0.0
1,0.003156423568725586,1,1,1e-06,0.0
1,0.006640195846557617,1,1,1e-06,0.0
1,0.003406524658203125,1,1,1e-06,0.0
1,0.003197908401489258,1,1,1e-06,0.0
1,0.0021147727966308594,1,1,1e-06,0.0
1,0.0019636154174804688,1,1,1e-06,0.0
1,0.0016188621520996094,1,1,1e-06,0.0
1,0.011096715927124023,1,1,1e-06,0.0
1,0.002176523208618164,1,1,1e-06,0.0
1,0.0017712116241455078,1,1,1e-06,0.0
1,0.0019648075103759766,1,1,1e-06,0.0
1,0.07543754577636719,1,1,1e-06,0.0
1,0.0025017261505126953,1,1,1e-06,0.0
1,0.0023050308227539062,1,1,1e-06,0.0
1,0.009913921356201172,1,1,1e-06,0.0
1,0.0018918514251708984,1,1,1e-06,0.0
1,0.0023970603942871094,1,1,1e-06,0.0
1,0.0018382072448730469,1,1,1e-06,0.0
1,0.002667665481567383,1,1,1e-06,0.0
1,0.0024471282958984375,1,1,1e-06,0.0
1,0.013395547866821289,1,1,1e-06,0.0
1,0.0018999576568603516,1,1,1e-06,0.0
1,0.0016026496887207031,1,1,1e-06,0.0
1,0.0012969970703125,1,1,1e-06,0.0
1,0.001477956771850586,1,1,1e-06,0.0
1,0.005089521408081055,1,1,1e-06,0.0
1,0.001867532730102539,1,1,1e-06,0.0
1,0.0020821094512939453,1,1,1e-06,0.0
1,0.0019011497497558594,1,1,1e-06,0.0
1,0.002277374267578125,1,1,1e-06,0.0
1,0.0020356178283691406,1,1,1e-06,0.0
1,0.0020072460174560547,1,1,1e-06,0.0
1,0.004244804382324219,1,1,1e-06,0.0
1,0.0020134449005126953,1,1,1e-06,0.0
1,0.03337550163269043,1,1,1e-06,0.0
1,0.0020575523376464844,1,1,1e-06,0.0
1,0.001531362533569336,1,1,1e-06,0.0
1,0.0014388561248779297,1,1,1e-06,0.0
1,0.002190828323364258,1,1,1e-06,0.0
1,0.0034134387969970703,1,1,1e-06,0.0
1,0.0028388500213623047,1,1,1e-06,0.0
1,0.0019195079803466797,1,1,1e-06,0.0
1,0.0018687248229980469,1,1,1e-06,0.0
1,0.00220489501953125,1,1,1e-06,0.0
1,0.0021741390228271484,1,1,1e-06,0.0
1,0.0020818710327148438,1,1,1e-06,0.0
1,0.002222299575805664,1,1,1e-06,0.0
1,0.0023450851440429688,1,1,1e-06,0.0
1,0.003246307373046875,1,1,1e-06,0.0
1,0.0027055740356445312,1,1,1e-06,0.0
1,0.0026350021362304688,1,1,1e-06,0.0
1,0.002034425735473633,1,1,1e-06,0.0
1,0.0200955867767334,1,1,1e-06,0.0
1,0.004029750823974609,1,1,1e-06,0.0
1,0.0029218196868896484,1,1,1e-06,0.0
1,0.002073526382446289,1,1,1e-06,0.0
1,0.0015850067138671875,1,1,1e-06,0.0
1,0.0018095970153808594,1,1,1e-06,0.0
1,0.0028221607208251953,1,1,1e-06,0.0
1,0.002758502960205078,1,1,1e-06,0.0
1,0.0021381378173828125,1,1,1e-06,0.0
1,0.013623952865600586,1,1,1e-06,0.0
1,0.0027227401733398438,1,1,1e-06,0.0
1,0.014475345611572266,1,1,1e-06,0.0
1,0.003266572952270508,1,1,1e-06,0.0
0,1.0356214046478271,0,0,,0.0
1,0.004960060119628906,1,1,1e-06,0.0
1,0.003084897994995117,1,1,1e-06,0.0
1,0.002446413040161133,1,1,1e-06,0.0
1,0.0018918514251708984,1,1,1e-06,0.0
1,0.09720373153686523,1,1,1e-06,0.0
1,0.002574920654296875,1,1,1e-06,0.0
1,0.01124715805053711,1,1,1e-06,0.0
1,0.0038805007934570312,1,1,1e-06,0.0
1,0.003572702407836914,1,1,1e-06,0.0
1,0.0025565624237060547,1,1,1e-06,0.0
1,0.003831624984741211,1,1,1e-06,0.0
1,0.0032172203063964844,1,1,1e-06,0.0
1,0.011877298355102539,1,1,1e-06,0.0
1,0.005784034729003906,1,1,1e-06,0.0
1,0.0036585330963134766,1,1,1e-06,0.0
1,0.005997419357299805,1,1,1e-06,0.0
1,0.0035619735717773438,1,1,1e-06,0.0
1,0.0030374526977539062,1,1,1e-06,0.0
1,0.03641843795776367,1,1,1e-06,0.0
1,0.0023772716522216797,1,1,1e-06,0.0
1,0.0036771297454833984,1,1,1e-06,0.0
1,0.0034530162811279297,1,1,1e-06,0.0
1,0.002774477005004883,1,1,1e-06,0.0
1,0.002579927444458008,1,1,1e-06,0.0
1,0.002935647964477539,1,1,1e-06,0.0
1,0.005035400390625,1,1,1e-06,0.0
1,0.004042863845825195,1,1,1e-06,0.0
1,0.0043981075286865234,1,1,1e-06,0.0
1,0.004639148712158203,1,1,1e-06,0.0
1,0.008252143859863281,1,1,1e-06,0.0
1,0.004271030426025391,1,1,1e-06,0.0
1,0.003339529037475586,1,1,1e-06,0.0
1,0.004815340042114258,1,1,1e-06,0.0
1,0.0032660961151123047,1,1,1e-06,0.0
1,0.002653360366821289,1,1,1e-06,0.0
1,0.002687692642211914,1,1,1e-06,0.0
1,0.003419160842895508,1,1,1e-06,0.0
1,0.004398345947265625,1,1,1e-06,0.0
1,0.003281831741333008,1,1,1e-06,0.0
1,0.003470182418823242,1,1,1e-06,0.0
1,0.0031881332397460938,1,1,1e-06,0.0
1,0.003005504608154297,1,1,1e-06,0.0
1,0.002500295639038086,1,1,1e-06,0.0
1,0.003269195556640625,1,1,1e-06,0.0
1,0.003528118133544922,1,1,1e-06,0.0
1,0.00392913818359375,1,1,1e-06,0.0
1,0.0024247169494628906,1,1,1e-06,0.0
1,0.0030493736267089844,1,1,1e-06,0.0
1,0.004116058349609375,1,1,1e-06,0.0
1,0.0036280155181884766,1,1,1e-06,0.0
1,0.002575397491455078,1,1,1e-06,0.0
1,0.003574371337890625,1,1,1e-06,0.0
1,0.0038652420043945312,1,1,1e-06,0.0
1,0.004505634307861328,1,1,1e-06,0.0
1,0.0030045509338378906,1,1,1e-06,0.0
1,0.002646207809448242,1,1,1e-06,0.0
1,0.0037865638732910156,1,1,1e-06,0.0
1,0.0036225318908691406,1,1,1e-06,0.0
1,0.0053560733795166016,1,1,1e-06,0.0
1,0.0033469200134277344,1,1,1e-06,0.0
1,0.004384040832519531,1,1,1e-06,0.0
1,0.004389762878417969,1,1,1e-06,0.0
1,0.002501249313354492,1,1,1e-06,0.0
1,0.0029137134552001953,1,1,1e-06,0.0
1,0.003150463104248047,1,1,1e-06,0.0
1,0.003965139389038086,1,1,1e-06,0.0
1,0.0036618709564208984,1,1,1e-06,0.0
1,0.0026102066040039062,1,1,1e-06,0.0
1,0.003175020217895508,1,1,1e-06,0.0
1,0.00366973876953125,1,1,1e-06,0.0
1,0.011837482452392578,1,1,1e-06,0.0
1,0.004868507385253906,1,1,1e-06,0.0
1,0.0032346248626708984,1,1,1e-06,0.0
1,0.0032532215118408203,1,1,1e-06,0.0
1,0.0035927295684814453,1,1,1e-06,0.0
1,0.003806591033935547,1,1,1e-06,0.0
1,0.002843141555786133,1,1,1e-06,0.0
1,0.003118753433227539,1,1,1e-06,0.0
1,0.0027234554290771484,1,1,1e-06,0.0
1,0.0032804012298583984,1,1,1e-06,0.0
1,0.0064449310302734375,1,1,1e-06,0.0
1,0.006543397903442383,1,1,1e-06,0.0
1,0.003995656967163086,1,1,1e-06,0.0
1,0.004721641540527344,1,1,1e-06,0.0
1,0.003526926040649414,1,1,1e-06,0.0
1,0.0076677799224853516,1,1,1e-06,0.0
1,0.0032303333282470703,1,1,1e-06,0.0
1,0.02936840057373047,1,1,1e-06,0.0
1,0.004181385040283203,1,1,1e-06,0.0
1,0.004086732864379883,1,1,1e-06,0.0
1,0.003871440887451172,1,1,1e-06,0.0
1,0.00481867790222168,1,1,1e-06,0.0
1,0.002931833267211914,1,1,1e-06,0.0
1,0.0029401779174804688,1,1,1e-06,0.0
1,0.0029838085174560547,1,1,1e-06,0.0
1,0.002218484878540039,1,1,1e-06,0.0
1,0.0028541088104248047,1,1,1e-06,0.0
1,0.003275156021118164,1,1,1e-06,0.0
1,0.002418041229248047,1,1,1e-06,0.0
1,0.0296328067779541,1,1,1e-06,0.0
1,0.0036668777465820312,1,1,1e-06,0.0
1,0.0037288665771484375,1,1,1e-06,0.0
1,0.004393339157104492,1,1,1e-06,0.0
1,0.0051114559173583984,1,1,1e-06,0.0
1,0.003333568572998047,1,1,1e-06,0.0
1,0.03511762619018555,1,1,1e-06,0.0
1,0.024490833282470703,1,1,1e-06,0.0
1,0.003536224365234375,1,1,1e-06,0.0
1,0.0026578903198242188,1,1,1e-06,0.0
1,0.0039272308349609375,1,1,1e-06,0.0
1,0.03763246536254883,1,1,1e-06,0.0
1,0.008755922317504883,1,1,1e-06,0.0
1,0.006306648254394531,1,1,1e-06,0.0
1,0.00403285026550293,1,1,1e-06,0.0
1,0.003087759017944336,1,1,1e-06,0.0
1,0.003645181655883789,1,1,1e-06,0.0
1,0.003690958023071289,1,1,1e-06,0.0
1,0.0037355422973632812,1,1,1e-06,0.0
1,0.003187894821166992,1,1,1e-06,0.0
1,0.0029401779174804688,1,1,1e-06,0.0
1,0.0031023025512695312,1,1,1e-06,0.0
1,0.002245187759399414,1,1,1e-06,0.0
1,0.0063745975494384766,1,1,1e-06,0.0
1,0.0036699771881103516,1,1,1e-06,0.0
1,0.006343364715576172,1,1,1e-06,0.0
1,0.0055196285247802734,1,1,1e-06,0.0
1,0.0032868385314941406,1,1,1e-06,0.0
1,0.009668350219726562,1,1,1e-06,0.0
1,0.00251007080078125,1,1,1e-06,0.0
1,0.002315998077392578,1,1,1e-06,0.0
1,0.019372224807739258,1,1,1e-06,0.0
1,0.002611398696899414,1,1,1e-06,0.0
1,0.00404667854309082,1,1,1e-06,0.0
1,0.003067493438720703,1,1,1e-06,0.0
1,0.0019040107727050781,1,1,1e-06,0.0
1,0.0020093917846679688,1,1,1e-06,0.0
1,0.003510713577270508,1,1,1e-06,0.0
1,0.004971027374267578,1,1,1e-06,0.0
1,0.0066165924072265625,1,1,1e-06,0.0
1,0.0029036998748779297,1,1,1e-06,0.0
1,0.004274845123291016,1,1,1e-06,0.0
1,0.003503561019897461,1,1,1e-06,0.0
1,0.0023217201232910156,1,1,1e-06,0.0
1,0.002783060073852539,1,1,1e-06,0.0
1,0.004816770553588867,1,1,1e-06,0.0
1,0.0035490989685058594,1,1,1e-06,0.0
1,0.004699230194091797,1,1,1e-06,0.0
1,0.0027685165405273438,1,1,1e-06,0.0
1,0.004889965057373047,1,1,1e-06,0.0
1,0.0026619434356689453,1,1,1e-06,0.0
1,0.002390623092651367,1,1,1e-06,0.0
1,0.001986265182495117,1,1,1e-06,0.0
1,0.024554967880249023,1,1,1e-06,0.0
1,0.003757476806640625,1,1,1e-06,0.0
1,0.0017852783203125,1,1,1e-06,0.0
1,0.0026743412017822266,1,1,1e-06,0.0
1,0.0027871131896972656,1,1,1e-06,0.0
1,0.002857685089111328,1,1,1e-06,0.0
1,0.0027489662170410156,1,1,1e-06,0.0
1,0.0029315948486328125,1,1,1e-06,0.0
1,0.0026693344116210938,1,1,1e-06,0.0
1,0.007870197296142578,1,1,1e-06,0.0
1,0.0034399032592773438,1,1,1e-06,0.0
1,0.0033905506134033203,1,1,1e-06,0.0
1,0.003326416015625,1,1,1e-06,0.0
1,0.030976295471191406,1,1,1e-06,0.0
1,0.002737760543823242,1,1,1e-06,0.0
1,0.0021381378173828125,1,1,1e-06,0.0
1,0.003220796585083008,1,1,1e-06,0.0
1,0.0026683807373046875,1,1,1e-06,0.0
1,0.002529144287109375,1,1,1e-06,0.0
1,0.0029773712158203125,1,1,1e-06,0.0
1,0.0028221607208251953,1,1,1e-06,0.0
1,0.002189159393310547,1,1,1e-06,0.0
1,0.0023877620697021484,1,1,1e-06,0.0
1,0.0019779205322265625,1,1,1e-06,0.0
1,0.020914793014526367,1,1,1e-06,0.0
1,0.001982450485229492,1,1,1e-06,0.0
1,0.0029032230377197266,1,1,1e-06,0.0
1,0.002221345901489258,1,1,1e-06,0.0
1,0.0029039382934570312,1,1,1e-06,0.0
1,0.002546548843383789,1,1,1e-06,0.0
1,0.00407862663269043,1,1,1e-06,0.0
1,0.0039520263671875,1,1,1e-06,0.0
1,0.0027244091033935547,1,1,1e-06,0.0
1,0.0023260116577148438,1,1,1e-06,0.0
1,0.003948688507080078,1,1,1e-06,0.0
1,0.002423524856567383,1,1,1e-06,0.0
1,0.001817464828491211,1,1,1e-06,0.0
1,0.0022149085998535156,1,1,1e-06,0.0
1,0.003107786178588867,1,1,1e-06,0.0
1,0.0033545494079589844,1,1,1e-06,0.0
1,0.004408836364746094,1,1,1e-06,0.0
1,0.004778146743774414,1,1,1e-06,0.0
1,0.03169560432434082,1,1,1e-06,0.0
1,0.002271413803100586,1,1,1e-06,0.0
1,0.0036804676055908203,1,1,1e-06,0.0
1,0.0042302608489990234,1,1,1e-06,0.0
1,0.002677440643310547,1,1,1e-06,0.0
1,0.0036857128143310547,1,1,1e-06,0.0
1,0.0033750534057617188,1,1,1e-06,0.0
1,0.0032854080200195312,1,1,1e-06,0.0
1,0.0027501583099365234,1,1,1e-06,0.0
1,0.002408742904663086,1,1,1e-06,0.0
1,0.0027251243591308594,1,1,1e-06,0.0
1,0.00200653076171875,1,1,1e-06,0.0
1,0.0181734561920166,1,1,1e-06,0.0
1,0.0027899742126464844,1,1,1e-06,0.0
1,0.004297733306884766,1,1,1e-06,0.0
1,0.009767293930053711,1,1,1e-06,0.0
1,0.002844572067260742,1,1,1e-06,0.0
1,0.005190849304199219,1,1,1e-06,0.0
1,0.004110813140869141,1,1,1e-06,0.0
1,0.011993169784545898,1,1,1e-06,0.0
1,0.003048419952392578,1,1,1e-06,0.0
1,0.002485513687133789,1,1,1e-06,0.0
1,0.0026285648345947266,1,1,1e-06,0.0
1,0.04966330528259277,1,1,1e-06,0.0
1,0.004473686218261719,1,1,1e-06,0.0
1,0.0043756961822509766,1,1,1e-06,0.0
1,0.004040956497192383,1,1,1e-06,0.0
1,0.0027129650115966797,1,1,1e-06,0.0
1,0.005670785903930664,1,1,1e-06,0.0
1,0.0032558441162109375,1,1,1e-06,0.0
1,0.0021686553955078125,1,1,1e-06,0.0
1,0.009984254837036133,1,1,1e-06,0.0
1,0.0020165443420410156,1,1,1e-06,0.0
1,0.0026674270629882812,1,1,1e-06,0.0
1,0.009963274002075195,1,1,1e-06,0.0
1,0.017527341842651367,1,1,1e-06,0.0
1,0.0038008689880371094,1,1,1e-06,0.0
1,0.002316713333129883,1,1,1e-06,0.0
1,0.008046627044677734,1,1,1e-06,0.0
1,0.0032389163970947266,1,1,1e-06,0.0
1,0.005350828170776367,1,1,1e-06,0.0
1,0.0030138492584228516,1,1,1e-06,0.0
1,0.011603116989135742,1,1,1e-06,0.0
1,0.003545045852661133,1,1,1e-06,0.0
1,0.0022521018981933594,1,1,1e-06,0.0
1,0.013031482696533203,1,1,1e-06,0.0
1,0.0037107467651367188,1,1,1e-06,0.0
1,0.004154682159423828,1,1,1e-06,0.0
1,0.010994195938110352,1,1,1e-06,0.0
1,0.0037963390350341797,1,1,1e-06,0.0
1,0.004283428192138672,1,1,1e-06,0.0
1,0.003602266311645508,1,1,1e-06,0.0
1,0.011326074600219727,1,1,1e-06,0.0
1,0.0077626705169677734,1,1,1e-06,0.0
1,0.0041544437408447266,1,1,1e-06,0.0
1,0.002288818359375,1,1,1e-06,0.0
1,0.0037076473236083984,1,1,1e-06,0.0
1,0.009934186935424805,1,1,1e-06,0.0
1,0.003685474395751953,1,1,1e-06,0.0
1,0.02262282371520996,1,1,1e-06,0.0
1,0.024628639221191406,1,1,1e-06,0.0
1,0.0041637420654296875,1,1,1e-06,0.0
1,0.005476474761962891,1,1,1e-06,0.0
1,0.002599000930786133,1,1,1e-06,0.0
1,0.0039212703704833984,1,1,1e-06,0.0
1,0.005003929138183594,1,1,1e-06,0.0
1,0.007459878921508789,1,1,1e-06,0.0
1,0.0029740333557128906,1,1,1e-06,0.0
1,0.003757953643798828,1,1,1e-06,0.0
1,0.00515294075012207,1,1,1e-06,0.0
1,0.0035033226013183594,1,1,1e-06,0.0
1,0.014091968536376953,1,1,1e-06,0.0
1,0.002750396728515625,1,1,1e-06,0.0
1,0.0034797191619873047,1,1,1e-06,0.0
1,0.0023386478424072266,1,1,1e-06,0.0
1,0.006974935531616211,1,1,1e-06,0.0
1,0.009281158447265625,1,1,1e-06,0.0
1,0.002507925033569336,1,1,1e-06,0.0
1,0.003095865249633789,1,1,1e-06,0.0
1,0.003201723098754883,1,1,1e-06,0.0
1,0.002992868423461914,1,1,1e-06,0.0
1,0.13446569442749023,1,1,1e-06,0.0
1,0.003442525863647461,1,1,1e-06,0.0
1,0.0031304359436035156,1,1,1e-06,0.0
1,0.003816366195678711,1,1,1e-06,0.0
1,0.0031256675720214844,1,1,1e-06,0.0
1,0.04987812042236328,1,1,1e-06,0.0
1,0.002995729446411133,1,1,1e-06,0.0
1,0.038038015365600586,1,1,1e-06,0.0
1,0.0037903785705566406,1,1,1e-06,0.0
1,0.002864837646484375,1,1,1e-06,0.0
1,0.002535581588745117,1,1,1e-06,0.0
1,0.0037384033203125,1,1,1e-06,0.0
1,0.004832029342651367,1,1,1e-06,0.0
1,0.28424572944641113,1,1,1e-06,0.0
1,0.002457857131958008,1,1,1e-06,0.0
1,0.002500295639038086,1,1,1e-06,0.0
1,0.0021872520446777344,1,1,1e-06,0.0
1,0.001981973648071289,1,1,1e-06,0.0
1,0.0019860267639160156,1,1,1e-06,0.0
1,0.06683135032653809,1,1,1e-06,0.0
1,0.0030972957611083984,1,1,1e-06,0.0
1,0.0029354095458984375,1,1,1e-06,0.0
1,0.003698110580444336,1,1,1e-06,0.0
1,0.00229644775390625,1,1,1e-06,0.0
1,0.0018658638000488281,1,1,1e-06,0.0
1,0.002928018569946289,1,1,1e-06,0.0
1,0.0019390583038330078,1,1,1e-06,0.0
1,0.001984119415283203,1,1,1e-06,0.0
1,0.0024695396423339844,1,1,1e-06,0.0
1,0.002582073211669922,1,1,1e-06,0.0
1,0.002465486526489258,1,1,1e-06,0.0
1,0.0025179386138916016,1,1,1e-06,0.0
1,0.002666473388671875,1,1,1e-06,0.0
1,0.001947641372680664,1,1,1e-06,0.0
1,0.0039463043212890625,1,1,1e-06,0.0
1,0.0028591156005859375,1,1,1e-06,0.0
1,0.002935171127319336,1,1,1e-06,0.0
1,0.0031538009643554688,1,1,1e-06,0.0
1,0.0036880970001220703,1,1,1e-06,0.0
1,0.0027365684509277344,1,1,1e-06,0.0
1,0.003725767135620117,1,1,1e-06,0.0
1,0.0031938552856445312,1,1,1e-06,0.0
1,0.002604246139526367,1,1,1e-06,0.0
1,0.002452373504638672,1,1,1e-06,0.0
1,0.006026506423950195,1,1,1e-06,0.0
1,0.003532886505126953,1,1,1e-06,0.0
1,0.0030269622802734375,1,1,1e-06,0.0
1,0.00503230094909668,1,1,1e-06,0.0
1,0.007481575012207031,1,1,1e-06,0.0
1,0.0042572021484375,1,1,1e-06,0.0
1,0.0038764476776123047,1,1,1e-06,0.0
1,0.008511543273925781,1,1,1e-06,0.0
1,0.003137826919555664,1,1,1e-06,0.0
1,0.004358053207397461,1,1,1e-06,0.0
1,0.003750324249267578,1,1,1e-06,0.0
1,0.004045724868774414,1,1,1e-06,0.0
1,0.0049169063568115234,1,1,1e-06,0.0
1,0.003907680511474609,1,1,1e-06,0.0
1,0.004020214080810547,1,1,1e-06,0.0
1,0.003976583480834961,1,1,1e-06,0.0
1,0.0069544315338134766,1,1,1e-06,0.0
1,0.0045855045318603516,1,1,1e-06,0.0
1,0.0046956539154052734,1,1,1e-06,0.0
1,0.006265163421630859,1,1,1e-06,0.0
1,0.007542610168457031,1,1,1e-06,0.0
1,0.0711207389831543,1,1,1e-06,0.0
1,0.002956390380859375,1,1,1e-06,0.0
1,0.0026645660400390625,1,1,1e-06,0.0
1,0.0015916824340820312,1,1,1e-06,0.0
1,0.0015490055084228516,1,1,1e-06,0.0
1,0.0018236637115478516,1,1,1e-06,0.0
1,0.001871347427368164,1,1,1e-06,0.0
1,0.001589059829711914,1,1,1e-06,0.0
1,0.0015270709991455078,1,1,1e-06,0.0
1,0.0013308525085449219,1,1,1e-06,0.0
1,0.001531839370727539,1,1,1e-06,0.0
1,0.003286123275756836,1,1,1e-06,0.0
1,0.0033597946166992188,1,1,1e-06,0.0
1,0.002871274948120117,1,1,1e-06,0.0
1,0.004212141036987305,1,1,1e-06,0.0
1,0.003972530364990234,1,1,1e-06,0.0
1,0.0023932456970214844,1,1,1e-06,0.0
1,0.002657651901245117,1,1,1e-06,0.0
1,0.002170562744140625,1,1,1e-06,0.0
1,0.0045070648193359375,1,1,1e-06,0.0
1,0.0022439956665039062,1,1,1e-06,0.0
1,0.0022852420806884766,1,1,1e-06,0.0
1,0.0027892589569091797,1,1,1e-06,0.0
1,0.0032117366790771484,1,1,1e-06,0.0
1,0.0030281543731689453,1,1,1e-06,0.0
1,0.005630970001220703,1,1,1e-06,0.0
1,0.0035851001739501953,1,1,1e-06,0.0
1,0.004482269287109375,1,1,1e-06,0.0
1,0.0034325122833251953,1,1,1e-06,0.0
1,0.003330707550048828,1,1,1e-06,0.0
1,0.0037124156951904297,1,1,1e-06,0.0
1,0.003402233123779297,1,1,1e-06,0.0
1,0.0038330554962158203,1,1,1e-06,0.0
1,0.002826690673828125,1,1,1e-06,0.0
1,0.0026433467864990234,1,1,1e-06,0.0
1,0.0030264854431152344,1,1,1e-06,0.0
1,0.005356311798095703,1,1,1e-06,0.0
1,0.004663228988647461,1,1,1e-06,0.0
1,0.004896402359008789,1,1,1e-06,0.0
1,0.004357337951660156,1,1,1e-06,0.0
1,0.005182743072509766,1,1,1e-06,0.0
1,0.008256673812866211,1,1,1e-06,0.0
1,0.008347272872924805,1,1,1e-06,0.0
1,0.0058040618896484375,1,1,1e-06,0.0
1,0.0032994747161865234,1,1,1e-06,0.0
1,0.004907846450805664,1,1,1e-06,0.0
1,0.004794120788574219,1,1,1e-06,0.0
1,0.0022733211517333984,1,1,1e-06,0.0
1,0.0018932819366455078,1,1,1e-06,0.0
1,0.00189208984375,1,1,1e-06,0.0
1,0.0020685195922851562,1,1,1e-06,0.0
1,0.0022513866424560547,1,1,1e-06,0.0
1,0.0018723011016845703,1,1,1e-06,0.0
1,0.0013005733489990234,1,1,1e-06,0.0
1,0.001257181167602539,1,1,1e-06,0.0
1,0.0013980865478515625,1,1,1e-06,0.0
1,0.06373953819274902,1,1,1e-06,0.0
1,0.001695394515991211,1,1,1e-06,0.0
1,0.0018582344055175781,1,1,1e-06,0.0
1,0.002515077590942383,1,1,1e-06,0.0
1,0.0018470287322998047,1,1,1e-06,0.0
1,0.001847982406616211,1,1,1e-06,0.0
1,0.0013141632080078125,1,1,1e-06,0.0
1,0.003428220748901367,1,1,1e-06,0.0
1,0.0016787052154541016,1,1,1e-06,0.0
1,0.0018069744110107422,1,1,1e-06,0.0
1,0.0031859874725341797,1,1,1e-06,0.0
1,0.002120494842529297,1,1,1e-06,0.0
1,0.0018470287322998047,1,1,1e-06,0.0
1,0.0028874874114990234,1,1,1e-06,0.0
1,0.0028214454650878906,1,1,1e-06,0.0
1,0.001636505126953125,1,1,1e-06,0.0
1,0.001903533935546875,1,1,1e-06,0.0
1,0.0013654232025146484,1,1,1e-06,0.0
1,0.002470731735229492,1,1,1e-06,0.0
1,0.002009153366088867,1,1,1e-06,0.0
1,0.0020101070404052734,1,1,1e-06,0.0
1,0.0032215118408203125,1,1,1e-06,0.0
1,0.056420326232910156,1,1,1e-06,0.0
1,0.011826753616333008,1,1,1e-06,0.0
1,0.0021004676818847656,1,1,1e-06,0.0
1,0.0020978450775146484,1,1,1e-06,0.0
1,0.001539468765258789,1,1,1e-06,0.0
1,0.0021169185638427734,1,1,1e-06,0.0
1,0.002460002899169922,1,1,1e-06,0.0
1,0.0044858455657958984,1,1,1e-06,0.0
1,0.0023908615112304688,1,1,1e-06,0.0
1,0.0050830841064453125,1,1,1e-06,0.0
1,0.0027451515197753906,1,1,1e-06,0.0
1,0.0028085708618164062,1,1,1e-06,0.0
1,0.00416254997253418,1,1,1e-06,0.0
1,0.002922534942626953,1,1,1e-06,0.0
1,0.0025997161865234375,1,1,1e-06,0.0
1,0.03213858604431152,1,1,1e-06,0.0
1,0.002297639846801758,1,1,1e-06,0.0
1,0.001982450485229492,1,1,1e-06,0.0
1,0.0026099681854248047,1,1,1e-06,0.0
1,0.00404810905456543,1,1,1e-06,0.0
1,0.0026831626892089844,1,1,1e-06,0.0
1,0.002034425735473633,1,1,1e-06,0.0
1,0.0021486282348632812,1,1,1e-06,0.0
1,0.002346515655517578,1,1,1e-06,0.0
1,0.0017507076263427734,1,1,1e-06,0.0
1,0.0020856857299804688,1,1,1e-06,0.0
1,0.0018258094787597656,1,1,1e-06,0.0
1,0.0023665428161621094,1,1,1e-06,0.0
1,0.002117156982421875,1,1,1e-06,0.0
1,0.0017943382263183594,1,1,1e-06,0.0
1,0.002226114273071289,1,1,1e-06,0.0
1,0.00252532958984375,1,1,1e-06,0.0
1,0.004592418670654297,1,1,1e-06,0.0
1,0.07125258445739746,1,1,1e-06,0.0
1,0.0026857852935791016,1,1,1e-06,0.0
1,0.002438783645629883,1,1,1e-06,0.0
1,0.0021228790283203125,1,1,1e-06,0.0
1,0.0017936229705810547,1,1,1e-06,0.0
1,0.0016062259674072266,1,1,1e-06,0.0
1,0.0037543773651123047,1,1,1e-06,0.0
1,0.002300739288330078,1,1,1e-06,0.0
1,0.0017230510711669922,1,1,1e-06,0.0
1,0.010616540908813477,1,1,1e-06,0.0
1,0.0022580623626708984,1,1,1e-06,0.0
1,0.0019488334655761719,1,1,1e-06,0.0
1,0.0015935897827148438,1,1,1e-06,0.0
1,0.0022132396697998047,1,1,1e-06,0.0
1,0.003666400909423828,1,1,1e-06,0.0
1,0.0023262500762939453,1,1,1e-06,0.0
1,0.0038733482360839844,1,1,1e-06,0.0
1,0.003094911575317383,1,1,1e-06,0.0
1,0.01054525375366211,1,1,1e-06,0.0
1,0.0023300647735595703,1,1,1e-06,0.0
1,0.002460956573486328,1,1,1e-06,0.0
1,0.0024251937866210938,1,1,1e-06,0.0
1,0.002123594284057617,1,1,1e-06,0.0
1,0.002254486083984375,1,1,1e-06,0.0
1,0.0032508373260498047,1,1,1e-06,0.0
1,0.0027854442596435547,1,1,1e-06,0.0
1,0.003502368927001953,1,1,1e-06,0.0
1,0.0035910606384277344,1,1,1e-06,0.0
1,0.004854440689086914,1,1,1e-06,0.0
1,0.002233743667602539,1,1,1e-06,0.0
1,0.0030405521392822266,1,1,1e-06,0.0
1,0.016509056091308594,1,1,1e-06,0.0
1,0.002665996551513672,1,1,1e-06,0.0
1,0.0034072399139404297,1,1,1e-06,0.0
1,0.0028963088989257812,1,1,1e-06,0.0
1,0.0022950172424316406,1,1,1e-06,0.0
1,0.002567291259765625,1,1,1e-06,0.0
1,0.0027925968170166016,1,1,1e-06,0.0
1,0.00324249267578125,1,1,1e-06,0.0
1,0.0036630630493164062,1,1,1e-06,0.0
1,0.0054285526275634766,1,1,1e-06,0.0
1,0.0027420520782470703,1,1,1e-06,0.0
1,0.0020418167114257812,1,1,1e-06,0.0
1,0.0033388137817382812,1,1,1e-06,0.0
1,0.0028181076049804688,1,1,1e-06,0.0
1,0.002434968948364258,1,1,1e-06,0.0
1,0.0026378631591796875,1,1,1e-06,0.0
1,0.003139019012451172,1,1,1e-06,0.0
1,0.002232074737548828,1,1,1e-06,0.0
1,0.0025789737701416016,1,1,1e-06,0.0
1,0.003340482711791992,1,1,1e-06,0.0
1,0.002424478530883789,1,1,1e-06,0.0
1,0.003386974334716797,1,1,1e-06,0.0
1,0.004775524139404297,1,1,1e-06,0.0
1,0.003711223602294922,1,1,1e-06,0.0
1,0.0040721893310546875,1,1,1e-06,0.0
1,0.003081798553466797,1,1,1e-06,0.0
1,0.002772092819213867,1,1,1e-06,0.0
1,0.002729177474975586,1,1,1e-06,0.0
1,0.03226923942565918,1,1,1e-06,0.0
1,0.002867460250854492,1,1,1e-06,0.0
1,0.002000570297241211,1,1,1e-06,0.0
1,0.0019927024841308594,1,1,1e-06,0.0
1,0.002834796905517578,1,1,1e-06,0.0
1,0.002602815628051758,1,1,1e-06,0.0
1,0.005723476409912109,1,1,1e-06,0.0
1,0.003651142120361328,1,1,1e-06,0.0
1,0.0022161006927490234,1,1,1e-06,0.0
1,0.008158206939697266,1,1,1e-06,0.0
1,0.0029647350311279297,1,1,1e-06,0.0
1,0.0064220428466796875,1,1,1e-06,0.0
1,0.01334524154663086,1,1,1e-06,0.0
1,0.0039033889770507812,1,1,1e-06,0.0
1,0.0027599334716796875,1,1,1e-06,0.0
1,0.0021779537200927734,1,1,1e-06,0.0
1,0.002587556838989258,1,1,1e-06,0.0
1,0.002112150192260742,1,1,1e-06,0.0
1,0.004521608352661133,1,1,1e-06,0.0
1,0.004385232925415039,1,1,1e-06,0.0
1,0.002512216567993164,1,1,1e-06,0.0
1,0.0017218589782714844,1,1,1e-06,0.0
1,0.0021734237670898438,1,1,1e-06,0.0
1,0.0020041465759277344,1,1,1e-06,0.0
1,0.0025720596313476562,1,1,1e-06,0.0
1,0.002755880355834961,1,1,1e-06,0.0
1,0.002094268798828125,1,1,1e-06,0.0
1,0.007799625396728516,1,1,1e-06,0.0
1,0.0044896602630615234,1,1,1e-06,0.0
1,0.0038056373596191406,1,1,1e-06,0.0
1,0.003994941711425781,1,1,1e-06,0.0
1,0.0038056373596191406,1,1,1e-06,0.0
1,0.004498720169067383,1,1,1e-06,0.0
1,0.005342721939086914,1,1,1e-06,0.0
1,0.0067059993743896484,1,1,1e-06,0.0
1,0.005820751190185547,1,1,1e-06,0.0
1,0.007292747497558594,1,1,1e-06,0.0
1,0.002266407012939453,1,1,1e-06,0.0
1,0.0031709671020507812,1,1,1e-06,0.0
1,0.0031893253326416016,1,1,1e-06,0.0
1,0.0049741268157958984,1,1,1e-06,0.0
1,0.011945247650146484,1,1,1e-06,0.0
1,0.0016412734985351562,1,1,1e-06,0.0
1,0.015424966812133789,1,1,1e-06,0.0
1,0.002095937728881836,1,1,1e-06,0.0
1,0.002161264419555664,1,1,1e-06,0.0
1,0.00189208984375,1,1,1e-06,0.0
1,0.0017571449279785156,1,1,1e-06,0.0
1,0.023049592971801758,1,1,1e-06,0.0
1,0.002411365509033203,1,1,1e-06,0.0
1,0.001850128173828125,1,1,1e-06,0.0
1,0.0020914077758789062,1,1,1e-06,0.0
1,0.002481222152709961,1,1,1e-06,0.0
1,0.002331972122192383,1,1,1e-06,0.0
1,0.0022475719451904297,1,1,1e-06,0.0
1,0.002763509750366211,1,1,1e-06,0.0
1,0.0018291473388671875,1,1,1e-06,0.0
1,0.0019686222076416016,1,1,1e-06,0.0
1,0.005246162414550781,1,1,1e-06,0.0
1,0.0033969879150390625,1,1,1e-06,0.0
1,0.003271341323852539,1,1,1e-06,0.0
1,0.0027091503143310547,1,1,1e-06,0.0
1,0.0016639232635498047,1,1,1e-06,0.0
1,0.002455472946166992,1,1,1e-06,0.0
1,0.0019180774688720703,1,1,1e-06,0.0
1,0.0014576911926269531,1,1,1e-06,0.0
1,0.0020885467529296875,1,1,1e-06,0.0
1,0.003025054931640625,1,1,1e-06,0.0
1,0.002060413360595703,1,1,1e-06,0.0
1,0.002206087112426758,1,1,1e-06,0.0
1,0.005140542984008789,1,1,1e-06,0.0
1,0.003937721252441406,1,1,1e-06,0.0
1,0.0023565292358398438,1,1,1e-06,0.0
1,0.011428117752075195,1,1,1e-06,0.0
1,0.003002643585205078,1,1,1e-06,0.0
1,0.0023856163024902344,1,1,1e-06,0.0
1,0.0030241012573242188,1,1,1e-06,0.0
1,0.0032324790954589844,1,1,1e-06,0.0
1,0.002853870391845703,1,1,1e-06,0.0
1,0.0023736953735351562,1,1,1e-06,0.0
1,0.0054340362548828125,1,1,1e-06,0.0
1,0.00634455680847168,1,1,1e-06,0.0
1,0.0031239986419677734,1,1,1e-06,0.0
1,0.002905130386352539,1,1,1e-06,0.0
1,0.005122661590576172,1,1,1e-06,0.0
1,0.0028116703033447266,1,1,1e-06,0.0
1,0.0030879974365234375,1,1,1e-06,0.0
1,0.0021483898162841797,1,1,1e-06,0.0
1,0.002588987350463867,1,1,1e-06,0.0
1,0.0021834373474121094,1,1,1e-06,0.0
1,0.002936124801635742,1,1,1e-06,0.0
1,0.003077983856201172,1,1,1e-06,0.0
1,0.0021376609802246094,1,1,1e-06,0.0
1,0.0053594112396240234,1,1,1e-06,0.0
1,0.0028388500213623047,1,1,1e-06,0.0
1,0.0031342506408691406,1,1,1e-06,0.0
1,0.003220081329345703,1,1,1e-06,0.0
1,0.003265380859375,1,1,1e-06,0.0
1,0.002789735794067383,1,1,1e-06,0.0
1,0.002020597457885742,1,1,1e-06,0.0
1,0.003355741500854492,1,1,1e-06,0.0
1,0.004465579986572266,1,1,1e-06,0.0
1,0.003169536590576172,1,1,1e-06,0.0
1,0.002750873565673828,1,1,1e-06,0.0
1,0.0022933483123779297,1,1,1e-06,0.0
1,0.003915071487426758,1,1,1e-06,0.0
1,0.00534367561340332,1,1,1e-06,0.0
1,0.005509376525878906,1,1,1e-06,0.0
1,0.016752243041992188,1,1,1e-06,0.0
1,0.024447917938232422,1,1,1e-06,0.0
1,0.0025947093963623047,1,1,1e-06,0.0
1,0.00263214111328125,1,1,1e-06,0.0
1,0.0032491683959960938,1,1,1e-06,0.0
1,0.007910966873168945,1,1,1e-06,0.0
1,0.002649068832397461,1,1,1e-06,0.0
1,0.0040509700775146484,1,1,1e-06,0.0
1,0.003725767135620117,1,1,1e-06,0.0
1,0.0025281906127929688,1,1,1e-06,0.0
1,0.0015721321105957031,1,1,1e-06,0.0
1,0.003568410873413086,1,1,1e-06,0.0
1,0.0034863948822021484,1,1,1e-06,0.0
1,0.00458979606628418,1,1,1e-06,0.0
1,0.004578828811645508,1,1,1e-06,0.0
1,0.0037720203399658203,1,1,1e-06,0.0
1,0.004137516021728516,1,1,1e-06,0.0
1,0.023997068405151367,1,1,1e-06,0.0
1,0.00194549560546875,1,1,1e-06,0.0
1,0.002492189407348633,1,1,1e-06,0.0
1,0.003261089324951172,1,1,1e-06,0.0
1,0.0020761489868164062,1,1,1e-06,0.0
1,0.0020554065704345703,1,1,1e-06,0.0
1,0.0020749568939208984,1,1,1e-06,0.0
1,0.004029035568237305,1,1,1e-06,0.0
1,0.005342960357666016,1,1,1e-06,0.0
1,0.0023508071899414062,1,1,1e-06,0.0
1,0.0019538402557373047,1,1,1e-06,0.0
1,0.0032358169555664062,1,1,1e-06,0.0
1,0.004009723663330078,1,1,1e-06,0.0
1,0.004225254058837891,1,1,1e-06,0.0
1,0.003412961959838867,1,1,1e-06,0.0
1,0.004195213317871094,1,1,1e-06,0.0
1,0.0031499862670898438,1,1,1e-06,0.0
1,0.0028312206268310547,1,1,1e-06,0.0
1,0.011783123016357422,1,1,1e-06,0.0
1,0.002203226089477539,1,1,1e-06,0.0
1,0.0019266605377197266,1,1,1e-06,0.0
1,0.005038738250732422,1,1,1e-06,0.0
1,0.0031442642211914062,1,1,1e-06,0.0
1,0.0019381046295166016,1,1,1e-06,0.0
1,0.0030639171600341797,1,1,1e-06,0.0
1,0.002029895782470703,1,1,1e-06,0.0
1,0.003234386444091797,1,1,1e-06,0.0
1,0.002936840057373047,1,1,1e-06,0.0
1,0.0035479068756103516,1,1,1e-06,0.0
1,0.005804300308227539,1,1,1e-06,0.0
1,0.0035276412963867188,1,1,1e-06,0.0
1,0.0048656463623046875,1,1,1e-06,0.0
1,0.0026657581329345703,1,1,1e-06,0.0
1,0.0033903121948242188,1,1,1e-06,0.0
1,0.0037996768951416016,1,1,1e-06,0.0
1,0.0029108524322509766,1,1,1e-06,0.0
1,0.003918886184692383,1,1,1e-06,0.0
1,0.0034987926483154297,1,1,1e-06,0.0
1,0.0027883052825927734,1,1,1e-06,0.0
1,0.003409147262573242,1,1,1e-06,0.0
1,0.003958225250244141,1,1,1e-06,0.0
1,0.0034296512603759766,1,1,1e-06,0.0
1,0.0033524036407470703,1,1,1e-06,0.0
1,0.0035910606384277344,1,1,1e-06,0.0
1,0.0041964054107666016,1,1,1e-06,0.0
1,0.004086971282958984,1,1,1e-06,0.0
1,0.0035767555236816406,1,1,1e-06,0.0
1,0.04512619972229004,1,1,1e-06,0.0
1,0.0023479461669921875,1,1,1e-06,0.0
1,0.0022504329681396484,1,1,1e-06,0.0
1,0.0020971298217773438,1,1,1e-06,0.0
1,0.0024404525756835938,1,1,1e-06,0.0
1,0.002259969711303711,1,1,1e-06,0.0
1,0.001983165740966797,1,1,1e-06,0.0
1,0.0035157203674316406,1,1,1e-06,0.0
1,0.0017871856689453125,1,1,1e-06,0.0
1,0.0011870861053466797,1,1,1e-06,0.0
1,0.0018610954284667969,1,1,1e-06,0.0
1,0.002258777618408203,1,1,1e-06,0.0
1,0.0025489330291748047,1,1,1e-06,0.0
1,0.0018281936645507812,1,1,1e-06,0.0
1,0.0021944046020507812,1,1,1e-06,0.0
1,0.002189159393310547,1,1,1e-06,0.0
1,0.002299785614013672,1,1,1e-06,0.0
1,0.002165555953979492,1,1,1e-06,0.0
1,0.0024247169494628906,1,1,1e-06,0.0
1,0.002969026565551758,1,1,1e-06,0.0
1,0.002788543701171875,1,1,1e-06,0.0
1,0.003348112106323242,1,1,1e-06,0.0
1,0.0022788047790527344,1,1,1e-06,0.0
1,0.0026972293853759766,1,1,1e-06,0.0
1,0.0031957626342773438,1,1,1e-06,0.0
1,0.001737833023071289,1,1,1e-06,0.0
1,0.0026199817657470703,1,1,1e-06,0.0
1,0.002889871597290039,1,1,1e-06,0.0
1,0.004243135452270508,1,1,1e-06,0.0
1,0.0032873153686523438,1,1,1e-06,0.0
1,0.0019309520721435547,1,1,1e-06,0.0
1,0.0026018619537353516,1,1,1e-06,0.0
1,0.002626657485961914,1,1,1e-06,0.0
1,0.003180265426635742,1,1,1e-06,0.0
1,0.0037772655487060547,1,1,1e-06,0.0
1,0.004925966262817383,1,1,1e-06,0.0
1,0.001997709274291992,1,1,1e-06,0.0
1,0.004642486572265625,1,1,1e-06,0.0
1,0.004478931427001953,1,1,1e-06,0.0
1,0.0039217472076416016,1,1,1e-06,0.0
1,0.0035467147827148438,1,1,1e-06,0.0
1,0.0020329952239990234,1,1,1e-06,0.0
1,0.015937089920043945,1,1,1e-06,0.0
1,0.001722574234008789,1,1,1e-06,0.0
1,0.00290679931640625,1,1,1e-06,0.0
1,0.002176046371459961,1,1,1e-06,0.0
1,0.0020067691802978516,1,1,1e-06,0.0
1,0.0025932788848876953,1,1,1e-06,0.0
1,0.0023865699768066406,1,1,1e-06,0.0
1,0.003350973129272461,1,1,1e-06,0.0
1,0.0019779205322265625,1,1,1e-06,0.0
1,0.0029990673065185547,1,1,1e-06,0.0
1,0.0019884109497070312,1,1,1e-06,0.0
1,0.002301454544067383,1,1,1e-06,0.0
1,0.002359151840209961,1,1,1e-06,0.0
1,0.0029785633087158203,1,1,1e-06,0.0
1,0.0016388893127441406,1,1,1e-06,0.0
1,0.03011298179626465,1,1,1e-06,0.0
1,0.003954887390136719,1,1,1e-06,0.0
1,0.002573728561401367,1,1,1e-06,0.0
1,0.001970529556274414,1,1,1e-06,0.0
1,0.0022411346435546875,1,1,1e-06,0.0
1,0.002223491668701172,1,1,1e-06,0.0
1,0.0023276805877685547,1,1,1e-06,0.0
1,0.002043485641479492,1,1,1e-06,0.0
1,0.0019502639770507812,1,1,1e-06,0.0
1,0.001631021499633789,1,1,1e-06,0.0
1,0.003228425979614258,1,1,1e-06,0.0
1,0.002197742462158203,1,1,1e-06,0.0
1,0.002853870391845703,1,1,1e-06,0.0
1,0.005996227264404297,1,1,1e-06,0.0
1,0.012044191360473633,1,1,1e-06,0.0
1,0.012692451477050781,1,1,1e-06,0.0
1,0.0026464462280273438,1,1,1e-06,0.0
1,0.0015461444854736328,1,1,1e-06,0.0
1,0.0017719268798828125,1,1,1e-06,0.0
1,0.002725839614868164,1,1,1e-06,0.0
1,0.0016696453094482422,1,1,1e-06,0.0
1,0.0016083717346191406,1,1,1e-06,0.0
1,0.002878904342651367,1,1,1e-06,0.0
1,0.0030126571655273438,1,1,1e-06,0.0
1,0.001962423324584961,1,1,1e-06,0.0
1,0.0034821033477783203,1,1,1e-06,0.0
1,0.0030164718627929688,1,1,1e-06,0.0
1,0.0019183158874511719,1,1,1e-06,0.0
1,0.002521514892578125,1,1,1e-06,0.0
1,0.0019655227661132812,1,1,1e-06,0.0
1,0.00746917724609375,1,1,1e-06,0.0
1,0.02413654327392578,1,1,1e-06,0.0
1,0.0022749900817871094,1,1,1e-06,0.0
1,0.001964569091796875,1,1,1e-06,0.0
1,0.002762317657470703,1,1,1e-06,0.0
1,0.0019540786743164062,1,1,1e-06,0.0
1,0.001596212387084961,1,1,1e-06,0.0
1,0.001522064208984375,1,1,1e-06,0.0
1,0.0020575523376464844,1,1,1e-06,0.0
1,0.048896074295043945,1,1,1e-06,0.0
1,0.0018787384033203125,1,1,1e-06,0.0
1,0.0019290447235107422,1,1,1e-06,0.0
1,0.0023834705352783203,1,1,1e-06,0.0
1,0.002140522003173828,1,1,1e-06,0.0
1,0.0015172958374023438,1,1,1e-06,0.0
1,0.0016748905181884766,1,1,1e-06,0.0
1,0.04427909851074219,1,1,1e-06,0.0
1,0.0018682479858398438,1,1,1e-06,0.0
0,1.0205357074737549,0,0,,0.0
1,0.0023980140686035156,1,1,1e-06,0.0
1,0.0025205612182617188,1,1,1e-06,0.0
1,0.002174854278564453,1,1,1e-06,0.0
1,0.0019674301147460938,1,1,1e-06,0.0
1,0.001964092254638672,1,1,1e-06,0.0
1,0.0021784305572509766,1,1,1e-06,0.0
1,0.0020208358764648438,1,1,1e-06,0.0
1,0.0018074512481689453,1,1,1e-06,0.0
1,0.003717660903930664,1,1,1e-06,0.0
1,0.003709554672241211,1,1,1e-06,0.0
1,0.0022475719451904297,1,1,1e-06,0.0
1,0.002627849578857422,1,1,1e-06,0.0
1,0.001748800277709961,1,1,1e-06,0.0
1,0.0017507076263427734,1,1,1e-06,0.0
1,0.0019538402557373047,1,1,1e-06,0.0
1,0.0024530887603759766,1,1,1e-06,0.0
1,0.009050369262695312,1,1,1e-06,0.0
1,0.0030982494354248047,1,1,1e-06,0.0
1,0.0029456615447998047,1,1,1e-06,0.0
1,0.0026612281799316406,1,1,1e-06,0.0
1,0.0023567676544189453,1,1,1e-06,0.0
1,0.002414703369140625,1,1,1e-06,0.0
1,0.002824068069458008,1,1,1e-06,0.0
1,0.0040743350982666016,1,1,1e-06,0.0
1,0.005263805389404297,1,1,1e-06,0.0
1,0.0039038658142089844,1,1,1e-06,0.0
1,0.02830219268798828,1,1,1e-06,0.0
1,0.024828195571899414,1,1,1e-06,0.0
1,0.002645254135131836,1,1,1e-06,0.0
1,0.0023679733276367188,1,1,1e-06,0.0
1,0.0025207996368408203,1,1,1e-06,0.0
1,0.002632617950439453,1,1,1e-06,0.0
1,0.011573553085327148,1,1,1e-06,0.0
1,0.0018818378448486328,1,1,1e-06,0.0
1,0.0023469924926757812,1,1,1e-06,0.0
1,0.00482630729675293,1,1,1e-06,0.0
1,0.004469633102416992,1,1,1e-06,0.0
1,0.002148151397705078,1,1,1e-06,0.0
1,0.0029392242431640625,1,1,1e-06,0.0
1,0.0029561519622802734,1,1,1e-06,0.0
1,0.006379842758178711,1,1,1e-06,0.0
1,0.0039904117584228516,1,1,1e-06,0.0
1,0.0030417442321777344,1,1,1e-06,0.0
1,0.002995014190673828,1,1,1e-06,0.0
1,0.0030105113983154297,1,1,1e-06,0.0
1,0.0036444664001464844,1,1,1e-06,0.0
1,0.0030677318572998047,1,1,1e-06,0.0
1,0.003384113311767578,1,1,1e-06,0.0
1,0.0045320987701416016,1,1,1e-06,0.0
1,0.003534078598022461,1,1,1e-06,0.0
1,0.005043506622314453,1,1,1e-06,0.0
1,0.0042994022369384766,1,1,1e-06,0.0
1,0.003336668014526367,1,1,1e-06,0.0
1,0.004191160202026367,1,1,1e-06,0.0
1,0.0032236576080322266,1,1,1e-06,0.0
1,0.0028595924377441406,1,1,1e-06,0.0
1,0.003393888473510742,1,1,1e-06,0.0
1,0.003894805908203125,1,1,1e-06,0.0
1,0.00424957275390625,1,1,1e-06,0.0
1,0.0033130645751953125,1,1,1e-06,0.0
1,0.0072956085205078125,1,1,1e-06,0.0
1,0.004067897796630859,1,1,1e-06,0.0
1,0.002500295639038086,1,1,1e-06,0.0
1,0.002677440643310547,1,1,1e-06,0.0
1,0.004175901412963867,1,1,1e-06,0.0
1,0.0022182464599609375,1,1,1e-06,0.0
1,0.00399470329284668,1,1,1e-06,0.0
1,0.0019643306732177734,1,1,1e-06,0.0
1,0.0027675628662109375,1,1,1e-06,0.0
1,0.0017766952514648438,1,1,1e-06,0.0
1,0.0018229484558105469,1,1,1e-06,0.0
1,0.002447843551635742,1,1,1e-06,0.0
1,0.0025572776794433594,1,1,1e-06,0.0
1,0.0034089088439941406,1,1,1e-06,0.0
1,0.0026204586029052734,1,1,1e-06,0.0
1,0.0022199153900146484,1,1,1e-06,0.0
1,0.00262451171875,1,1,1e-06,0.0
1,0.0023021697998046875,1,1,1e-06,0.0
1,0.002124309539794922,1,1,1e-06,0.0
1,0.0018281936645507812,1,1,1e-06,0.0
1,0.003601551055908203,1,1,1e-06,0.0
1,0.003812551498413086,1,1,1e-06,0.0
1,0.003675699234008789,1,1,1e-06,0.0
1,0.0037064552307128906,1,1,1e-06,0.0
1,0.02822089195251465,1,1,1e-06,0.0
1,0.003870725631713867,1,1,1e-06,0.0
1,0.0015213489532470703,1,1,1e-06,0.0
1,0.001974344253540039,1,1,1e-06,0.0
1,0.001981019973754883,1,1,1e-06,0.0
1,0.0017559528350830078,1,1,1e-06,0.0
1,0.0013918876647949219,1,1,1e-06,0.0
1,0.003097057342529297,1,1,1e-06,0.0
1,0.0016646385192871094,1,1,1e-06,0.0
1,0.0017774105072021484,1,1,1e-06,0.0
1,0.01618790626525879,1,1,1e-06,0.0
1,0.0019178390502929688,1,1,1e-06,0.0
1,0.0020258426666259766,1,1,1e-06,0.0
1,0.0037169456481933594,1,1,1e-06,0.0
1,0.0021238327026367188,1,1,1e-06,0.0
1,0.0018515586853027344,1,1,1e-06,0.0
1,0.0015251636505126953,1,1,1e-06,0.0
1,0.0014095306396484375,1,1,1e-06,0.0
1,0.0013887882232666016,1,1,1e-06,0.0
1,0.001748800277709961,1,1,1e-06,0.0
1,0.0031585693359375,1,1,1e-06,0.0
1,0.002002716064453125,1,1,1e-06,0.0
1,0.0013473033905029297,1,1,1e-06,0.0
1,0.0016186237335205078,1,1,1e-06,0.0
1,0.001416921615600586,1,1,1e-06,0.0
1,0.0015187263488769531,1,1,1e-06,0.0
1,0.0025701522827148438,1,1,1e-06,0.0
1,0.001535654067993164,1,1,1e-06,0.0
1,0.0023810863494873047,1,1,1e-06,0.0
1,0.016411781311035156,1,1,1e-06,0.0
1,0.0030748844146728516,1,1,1e-06,0.0
1,0.002121448516845703,1,1,1e-06,0.0
1,0.0028123855590820312,1,1,1e-06,0.0
1,0.0022857189178466797,1,1,1e-06,0.0
1,0.003345012664794922,1,1,1e-06,0.0
1,0.003997325897216797,1,1,1e-06,0.0
1,0.010631084442138672,1,1,1e-06,0.0
1,0.003354310989379883,1,1,1e-06,0.0
1,0.0027582645416259766,1,1,1e-06,0.0
1,0.0036957263946533203,1,1,1e-06,0.0
1,0.0017719268798828125,1,1,1e-06,0.0
1,0.004610538482666016,1,1,1e-06,0.0
1,0.003371000289916992,1,1,1e-06,0.0
1,0.0027208328247070312,1,1,1e-06,0.0
1,0.002863645553588867,1,1,1e-06,0.0
1,0.0028412342071533203,1,1,1e-06,0.0
1,0.008073568344116211,1,1,1e-06,0.0
1,0.0023877620697021484,1,1,1e-06,0.0
1,0.004918813705444336,1,1,1e-06,0.0
1,0.002368927001953125,1,1,1e-06,0.0
1,0.0019412040710449219,1,1,1e-06,0.0
1,0.0022017955780029297,1,1,1e-06,0.0
1,0.0019915103912353516,1,1,1e-06,0.0
1,0.019078493118286133,1,1,1e-06,0.0
1,0.002848386764526367,1,1,1e-06,0.0
1,0.0030128955841064453,1,1,1e-06,0.0
1,0.002989530563354492,1,1,1e-06,0.0
1,0.0019311904907226562,1,1,1e-06,0.0
1,0.0015339851379394531,1,1,1e-06,0.0
1,0.0022919178009033203,1,1,1e-06,0.0
1,0.002814769744873047,1,1,1e-06,0.0
1,0.002604961395263672,1,1,1e-06,0.0
1,0.0025615692138671875,1,1,1e-06,0.0
1,0.0022499561309814453,1,1,1e-06,0.0
1,0.001964569091796875,1,1,1e-06,0.0
1,0.004213094711303711,1,1,1e-06,0.0
1,0.15367889404296875,1,1,1e-06,0.0
1,0.001714468002319336,1,1,1e-06,0.0
1,0.0023872852325439453,1,1,1e-06,0.0
1,0.002045869827270508,1,1,1e-06,0.0
1,0.022289752960205078,1,1,1e-06,0.0
1,0.002165555953979492,1,1,1e-06,0.0
1,0.0020492076873779297,1,1,1e-06,0.0
1,0.001626729965209961,1,1,1e-06,0.0
1,0.002034902572631836,1,1,1e-06,0.0
1,0.006546735763549805,1,1,1e-06,0.0
1,0.0027513504028320312,1,1,1e-06,0.0
1,0.002023935317993164,1,1,1e-06,0.0
1,0.00197601318359375,1,1,1e-06,0.0
1,0.004015445709228516,1,1,1e-06,0.0
1,0.0026636123657226562,1,1,1e-06,0.0
1,0.0032155513763427734,1,1,1e-06,0.0
1,0.0024559497833251953,1,1,1e-06,0.0
1,0.0021250247955322266,1,1,1e-06,0.0
1,0.00213623046875,1,1,1e-06,0.0
1,0.004088878631591797,1,1,1e-06,0.0
1,0.0027768611907958984,1,1,1e-06,0.0
1,0.0027709007263183594,1,1,1e-06,0.0
1,0.002157926559448242,1,1,1e-06,0.0
1,0.0023033618927001953,1,1,1e-06,0.0
1,0.0024254322052001953,1,1,1e-06,0.0
1,0.002797842025756836,1,1,1e-06,0.0
1,0.008185148239135742,1,1,1e-06,0.0
1,0.0035903453826904297,1,1,1e-06,0.0
1,0.003552675247192383,1,1,1e-06,0.0
1,0.004348039627075195,1,1,1e-06,0.0
1,0.003237485885620117,1,1,1e-06,0.0
1,0.003816843032836914,1,1,1e-06,0.0
1,0.0030922889709472656,1,1,1e-06,0.0
1,0.003969907760620117,1,1,1e-06,0.0
1,0.0025815963745117188,1,1,1e-06,0.0
1,0.003745555877685547,1,1,1e-06,0.0
1,0.003769397735595703,1,1,1e-06,0.0
1,0.005815267562866211,1,1,1e-06,0.0
1,0.00772547721862793,1,1,1e-06,0.0
1,0.033406972885131836,1,1,1e-06,0.0
1,0.002466917037963867,1,1,1e-06,0.0
1,0.013928651809692383,1,1,1e-06,0.0
1,0.002808094024658203,1,1,1e-06,0.0
1,0.00186920166015625,1,1,1e-06,0.0
1,0.002799510955810547,1,1,1e-06,0.0
1,0.006873607635498047,1,1,1e-06,0.0
1,0.0033540725708007812,1,1,1e-06,0.0
1,0.0031499862670898438,1,1,1e-06,0.0
1,0.002727508544921875,1,1,1e-06,0.0
1,0.002837657928466797,1,1,1e-06,0.0
1,0.009444713592529297,1,1,1e-06,0.0
1,0.009713172912597656,1,1,1e-06,0.0
1,0.0034193992614746094,1,1,1e-06,0.0
1,0.0030803680419921875,1,1,1e-06,0.0
1,0.002301931381225586,1,1,1e-06,0.0
1,0.003167390823364258,1,1,1e-06,0.0
1,0.0025510787963867188,1,1,1e-06,0.0
1,0.009138345718383789,1,1,1e-06,0.0
1,0.006922721862792969,1,1,1e-06,0.0
1,0.0028333663940429688,1,1,1e-06,0.0
1,0.005267143249511719,1,1,1e-06,0.0
1,0.008393049240112305,1,1,1e-06,0.0
1,0.001997232437133789,1,1,1e-06,0.0
1,0.0019524097442626953,1,1,1e-06,0.0
1,0.005019187927246094,1,1,1e-06,0.0
1,0.011647939682006836,1,1,1e-06,0.0
1,0.0030641555786132812,1,1,1e-06,0.0
1,0.0030355453491210938,1,1,1e-06,0.0
1,0.0021419525146484375,1,1,1e-06,0.0
1,0.0019884109497070312,1,1,1e-06,0.0
1,0.007051706314086914,1,1,1e-06,0.0
1,0.006028413772583008,1,1,1e-06,0.0
1,0.0031545162200927734,1,1,1e-06,0.0
1,0.003851652145385742,1,1,1e-06,0.0
1,0.004110813140869141,1,1,1e-06,0.0
1,0.010589361190795898,1,1,1e-06,0.0
1,0.0032744407653808594,1,1,1e-06,0.0
1,0.0024912357330322266,1,1,1e-06,0.0
1,0.0035049915313720703,1,1,1e-06,0.0
1,0.013786077499389648,1,1,1e-06,0.0
1,0.003428220748901367,1,1,1e-06,0.0
1,0.002442598342895508,1,1,1e-06,0.0
1,0.002791166305541992,1,1,1e-06,0.0
1,0.0041811466217041016,1,1,1e-06,0.0
1,0.003452301025390625,1,1,1e-06,0.0
1,0.002665996551513672,1,1,1e-06,0.0
1,0.003732919692993164,1,1,1e-06,0.0
1,0.0057430267333984375,1,1,1e-06,0.0
1,0.006247758865356445,1,1,1e-06,0.0
1,0.0036733150482177734,1,1,1e-06,0.0
1,0.009341239929199219,1,1,1e-06,0.0
1,0.005875110626220703,1,1,1e-06,0.0
1,0.00362396240234375,1,1,1e-06,0.0
1,0.002701282501220703,1,1,1e-06,0.0
1,0.010343551635742188,1,1,1e-06,0.0
1,0.010132551193237305,1,1,1e-06,0.0
1,0.002418041229248047,1,1,1e-06,0.0
1,0.01235651969909668,1,1,1e-06,0.0
1,0.002850055694580078,1,1,1e-06,0.0
1,0.006918430328369141,1,1,1e-06,0.0
1,0.003448486328125,1,1,1e-06,0.0
1,0.005298614501953125,1,1,1e-06,0.0
1,0.004886627197265625,1,1,1e-06,0.0
1,0.003609895706176758,1,1,1e-06,0.0
1,0.05445265769958496,1,1,1e-06,0.0
1,0.00408625602722168,1,1,1e-06,0.0
1,0.003780364990234375,1,1,1e-06,0.0
1,0.0037317276000976562,1,1,1e-06,0.0
1,0.0032958984375,1,1,1e-06,0.0
1,0.006006956100463867,1,1,1e-06,0.0
1,0.0028188228607177734,1,1,1e-06,0.0
1,0.004456758499145508,1,1,1e-06,0.0
1,0.0030138492584228516,1,1,1e-06,0.0
1,0.0025773048400878906,1,1,1e-06,0.0
1,0.010276556015014648,1,1,1e-06,0.0
1,0.0036628246307373047,1,1,1e-06,0.0
1,0.003889322280883789,1,1,1e-06,0.0
1,0.010592222213745117,1,1,1e-06,0.0
1,0.0024788379669189453,1,1,1e-06,0.0
1,0.00258636474609375,1,1,1e-06,0.0
1,0.003722667694091797,1,1,1e-06,0.0
1,0.007321596145629883,1,1,1e-06,0.0
1,0.0029311180114746094,1,1,1e-06,0.0
1,0.0026373863220214844,1,1,1e-06,0.0
1,0.004707813262939453,1,1,1e-06,0.0
1,0.008265972137451172,1,1,1e-06,0.0
1,0.003261566162109375,1,1,1e-06,0.0
1,0.0032541751861572266,1,1,1e-06,0.0
1,0.005067348480224609,1,1,1e-06,0.0
1,0.0055692195892333984,1,1,1e-06,0.0
1,0.00448918342590332,1,1,1e-06,0.0
1,0.002766132354736328,1,1,1e-06,0.0
1,0.0036818981170654297,1,1,1e-06,0.0
1,0.0034351348876953125,1,1,1e-06,0.0
1,0.003024578094482422,1,1,1e-06,0.0
1,0.0038480758666992188,1,1,1e-06,0.0
1,0.0035681724548339844,1,1,1e-06,0.0
1,0.0041353702545166016,1,1,1e-06,0.0
1,0.004255533218383789,1,1,1e-06,0.0
1,0.004045963287353516,1,1,1e-06,0.0
1,0.0025527477264404297,1,1,1e-06,0.0
1,0.002629995346069336,1,1,1e-06,0.0
1,0.003795146942138672,1,1,1e-06,0.0
1,0.07015585899353027,1,1,1e-06,0.0
1,0.0024340152740478516,1,1,1e-06,0.0
1,0.0029175281524658203,1,1,1e-06,0.0
1,0.0029549598693847656,1,1,1e-06,0.0
1,0.002454519271850586,1,1,1e-06,0.0
1,0.0032045841217041016,1,1,1e-06,0.0
1,0.002687692642211914,1,1,1e-06,0.0
1,0.005917787551879883,1,1,1e-06,0.0
1,0.0031223297119140625,1,1,1e-06,0.0
1,0.0028791427612304688,1,1,1e-06,0.0
1,0.004744768142700195,1,1,1e-06,0.0
1,0.0036859512329101562,1,1,1e-06,0.0
1,0.0026013851165771484,1,1,1e-06,0.0
1,0.003721952438354492,1,1,1e-06,0.0
1,0.0036101341247558594,1,1,1e-06,0.0
1,0.003596782684326172,1,1,1e-06,0.0
1,0.0050716400146484375,1,1,1e-06,0.0
1,0.0035817623138427734,1,1,1e-06,0.0
1,0.0025632381439208984,1,1,1e-06,0.0
1,0.002798795700073242,1,1,1e-06,0.0
1,0.00822305679321289,1,1,1e-06,0.0
1,0.004055023193359375,1,1,1e-06,0.0
1,0.0035181045532226562,1,1,1e-06,0.0
1,0.003314495086669922,1,1,1e-06,0.0
1,0.003356456756591797,1,1,1e-06,0.0
1,0.004770517349243164,1,1,1e-06,0.0
1,0.0029616355895996094,1,1,1e-06,0.0
1,0.003301382064819336,1,1,1e-06,0.0
1,0.005033016204833984,1,1,1e-06,0.0
1,0.0031385421752929688,1,1,1e-06,0.0
1,0.002539396286010742,1,1,1e-06,0.0
1,0.0027260780334472656,1,1,1e-06,0.0
1,0.003748178482055664,1,1,1e-06,0.0
1,0.004009246826171875,1,1,1e-06,0.0
1,0.005223274230957031,1,1,1e-06,0.0
1,0.005007266998291016,1,1,1e-06,0.0
1,0.005202770233154297,1,1,1e-06,0.0
1,0.004531145095825195,1,1,1e-06,0.0
1,0.00357818603515625,1,1,1e-06,0.0
1,0.0026044845581054688,1,1,1e-06,0.0
1,0.03185105323791504,1,1,1e-06,0.0
1,0.0033121109008789062,1,1,1e-06,0.0
1,0.003715991973876953,1,1,1e-06,0.0
1,0.004103183746337891,1,1,1e-06,0.0
1,0.0042378902435302734,1,1,1e-06,0.0
1,0.00307464599609375,1,1,1e-06,0.0
1,0.0024039745330810547,1,1,1e-06,0.0
1,0.00808405876159668,1,1,1e-06,0.0
1,0.0031499862670898438,1,1,1e-06,0.0
1,0.002810239791870117,1,1,1e-06,0.0
1,0.002617359161376953,1,1,1e-06,0.0
1,0.008020162582397461,1,1,1e-06,0.0
1,0.0034723281860351562,1,1,1e-06,0.0
1,0.0035049915313720703,1,1,1e-06,0.0
1,0.028357982635498047,1,1,1e-06,0.0
1,0.0034570693969726562,1,1,1e-06,0.0
1,0.005464315414428711,1,1,1e-06,0.0
1,0.008405685424804688,1,1,1e-06,0.0
1,0.007727861404418945,1,1,1e-06,0.0
1,0.003777742385864258,1,1,1e-06,0.0
1,0.005980014801025391,1,1,1e-06,0.0
1,0.030667781829833984,1,1,1e-06,0.0
1,0.003045320510864258,1,1,1e-06,0.0
1,0.004552125930786133,1,1,1e-06,0.0
1,0.009162187576293945,1,1,1e-06,0.0
1,0.011704206466674805,1,1,1e-06,0.0
1,0.002924203872680664,1,1,1e-06,0.0
1,0.002088785171508789,1,1,1e-06,0.0
1,0.004743099212646484,1,1,1e-06,0.0
1,0.0031533241271972656,1,1,1e-06,0.0
1,0.0031561851501464844,1,1,1e-06,0.0
1,0.0025281906127929688,1,1,1e-06,0.0
1,0.003434896469116211,1,1,1e-06,0.0
1,0.0036652088165283203,1,1,1e-06,0.0
1,0.0036118030548095703,1,1,1e-06,0.0
1,0.004758358001708984,1,1,1e-06,0.0
1,0.015804290771484375,1,1,1e-06,0.0
1,0.002259492874145508,1,1,1e-06,0.0
1,0.0023202896118164062,1,1,1e-06,0.0
1,0.0028057098388671875,1,1,1e-06,0.0
1,0.00225830078125,1,1,1e-06,0.0
1,0.002437114715576172,1,1,1e-06,0.0
1,0.0022077560424804688,1,1,1e-06,0.0
1,0.002092599868774414,1,1,1e-06,0.0
1,0.00197601318359375,1,1,1e-06,0.0
1,0.005666971206665039,1,1,1e-06,0.0
1,0.009230613708496094,1,1,1e-06,0.0
1,0.003032684326171875,1,1,1e-06,0.0
1,0.002270936965942383,1,1,1e-06,0.0
1,0.003245830535888672,1,1,1e-06,0.0
1,0.003058910369873047,1,1,1e-06,0.0
1,0.002209186553955078,1,1,1e-06,0.0
1,0.0028400421142578125,1,1,1e-06,0.0
1,0.0025987625122070312,1,1,1e-06,0.0
1,0.003153085708618164,1,1,1e-06,0.0
1,0.002121448516845703,1,1,1e-06,0.0
1,0.0031576156616210938,1,1,1e-06,0.0
1,0.0029261112213134766,1,1,1e-06,0.0
1,0.009087800979614258,1,1,1e-06,0.0
1,0.004519939422607422,1,1,1e-06,0.0
1,0.003215312957763672,1,1,1e-06,0.0
1,0.003991842269897461,1,1,1e-06,0.0
1,0.0031538009643554688,1,1,1e-06,0.0
1,0.0033309459686279297,1,1,1e-06,0.0
1,0.004203081130981445,1,1,1e-06,0.0
1,0.004777193069458008,1,1,1e-06,0.0
1,0.0036568641662597656,1,1,1e-06,0.0
1,0.004432201385498047,1,1,1e-06,0.0
1,0.0052678585052490234,1,1,1e-06,0.0
1,0.0038802623748779297,1,1,1e-06,0.0
1,0.003816366195678711,1,1,1e-06,0.0
1,0.00571751594543457,1,1,1e-06,0.0
1,0.00431370735168457,1,1,1e-06,0.0
1,0.003153562545776367,1,1,1e-06,0.0
1,0.03362083435058594,1,1,1e-06,0.0
1,0.0022258758544921875,1,1,1e-06,0.0
1,0.0025162696838378906,1,1,1e-06,0.0
1,0.0021457672119140625,1,1,1e-06,0.0
1,0.0030069351196289062,1,1,1e-06,0.0
1,0.00316619873046875,1,1,1e-06,0.0
1,0.014961481094360352,1,1,1e-06,0.0
1,0.00170135498046875,1,1,1e-06,0.0
1,0.001912832260131836,1,1,1e-06,0.0
1,0.004374980926513672,1,1,1e-06,0.0
1,0.0019447803497314453,1,1,1e-06,0.0
1,0.002112865447998047,1,1,1e-06,0.0
1,0.003170490264892578,1,1,1e-06,0.0
1,0.0043108463287353516,1,1,1e-06,0.0
1,0.0020873546600341797,1,1,1e-06,0.0
1,0.0027780532836914062,1,1,1e-06,0.0
1,0.0023212432861328125,1,1,1e-06,0.0
1,0.38229918479919434,1,1,1e-06,0.0
1,0.003488779067993164,1,1,1e-06,0.0
1,0.0031616687774658203,1,1,1e-06,0.0
1,0.0021414756774902344,1,1,1e-06,0.0
1,0.0017735958099365234,1,1,1e-06,0.0
1,0.0017049312591552734,1,1,1e-06,0.0
1,0.0015723705291748047,1,1,1e-06,0.0
1,0.0015578269958496094,1,1,1e-06,0.0
1,0.0032753944396972656,1,1,1e-06,0.0
1,0.002514362335205078,1,1,1e-06,0.0
1,0.0019884109497070312,1,1,1e-06,0.0
1,0.0016264915466308594,1,1,1e-06,0.0
1,0.009210348129272461,1,1,1e-06,0.0
1,0.002138376235961914,1,1,1e-06,0.0
1,0.0018720626831054688,1,1,1e-06,0.0
1,0.002004861831665039,1,1,1e-06,0.0
1,0.0025522708892822266,1,1,1e-06,0.0
1,0.0025818347930908203,1,1,1e-06,0.0
1,0.0021986961364746094,1,1,1e-06,0.0
1,0.002440929412841797,1,1,1e-06,0.0
1,0.0032720565795898438,1,1,1e-06,0.0
1,0.003353118896484375,1,1,1e-06,0.0
1,0.004156589508056641,1,1,1e-06,0.0
1,0.0026624202728271484,1,1,1e-06,0.0
1,0.0024988651275634766,1,1,1e-06,0.0
1,0.003639698028564453,1,1,1e-06,0.0
1,0.0035467147827148438,1,1,1e-06,0.0
1,0.002846956253051758,1,1,1e-06,0.0
1,0.0030531883239746094,1,1,1e-06,0.0
1,0.004068613052368164,1,1,1e-06,0.0
1,0.0036504268646240234,1,1,1e-06,0.0
1,0.0046825408935546875,1,1,1e-06,0.0
1,0.0042972564697265625,1,1,1e-06,0.0
1,0.3608095645904541,1,1,1e-06,0.0
1,0.005396127700805664,1,1,1e-06,0.0
1,0.010172367095947266,1,1,1e-06,0.0
1,0.009056806564331055,1,1,1e-06,0.0
1,0.0048732757568359375,1,1,1e-06,0.0
1,0.004461050033569336,1,1,1e-06,0.0
1,0.004105806350708008,1,1,1e-06,0.0
1,0.0020940303802490234,1,1,1e-06,0.0
1,0.002309083938598633,1,1,1e-06,0.0
1,0.0030622482299804688,1,1,1e-06,0.0
1,0.0058329105377197266,1,1,1e-06,0.0
1,0.003206491470336914,1,1,1e-06,0.0
1,0.00273895263671875,1,1,1e-06,0.0
1,0.01648259162902832,1,1,1e-06,0.0
1,0.001506805419921875,1,1,1e-06,0.0
1,0.0015506744384765625,1,1,1e-06,0.0
1,0.0020334720611572266,1,1,1e-06,0.0
1,0.0023050308227539062,1,1,1e-06,0.0
1,0.0018362998962402344,1,1,1e-06,0.0
1,0.0029020309448242188,1,1,1e-06,0.0
1,0.0028655529022216797,1,1,1e-06,0.0
1,0.0019254684448242188,1,1,1e-06,0.0
1,0.002064943313598633,1,1,1e-06,0.0
1,0.002271890640258789,1,1,1e-06,0.0
1,0.0025949478149414062,1,1,1e-06,0.0
1,0.004768848419189453,1,1,1e-06,0.0
1,0.0026535987854003906,1,1,1e-06,0.0
1,0.0020444393157958984,1,1,1e-06,0.0
1,0.002450227737426758,1,1,1e-06,0.0
1,0.002875089645385742,1,1,1e-06,0.0
1,0.0021216869354248047,1,1,1e-06,0.0
1,0.0017812252044677734,1,1,1e-06,0.0
1,0.0021698474884033203,1,1,1e-06,0.0
1,0.001998424530029297,1,1,1e-06,0.0
1,0.002150297164916992,1,1,1e-06,0.0
1,0.0024521350860595703,1,1,1e-06,0.0
1,0.003657102584838867,1,1,1e-06,0.0
1,0.003340005874633789,1,1,1e-06,0.0
1,0.0035445690155029297,1,1,1e-06,0.0
1,0.0023262500762939453,1,1,1e-06,0.0
1,0.0019505023956298828,1,1,1e-06,0.0
1,0.002164125442504883,1,1,1e-06,0.0
1,0.0024080276489257812,1,1,1e-06,0.0
1,0.0019519329071044922,1,1,1e-06,0.0
1,0.00232696533203125,1,1,1e-06,0.0
1,0.002750873565673828,1,1,1e-06,0.0
1,0.0024764537811279297,1,1,1e-06,0.0
1,0.0015368461608886719,1,1,1e-06,0.0
1,0.002259969711303711,1,1,1e-06,0.0
1,0.0020728111267089844,1,1,1e-06,0.0
1,0.018526077270507812,1,1,1e-06,0.0
1,0.002723217010498047,1,1,1e-06,0.0
1,0.0022280216217041016,1,1,1e-06,0.0
1,0.0021126270294189453,1,1,1e-06,0.0
1,0.0016067028045654297,1,1,1e-06,0.0
1,0.001978635787963867,1,1,1e-06,0.0
1,0.0018641948699951172,1,1,1e-06,0.0
1,0.002518892288208008,1,1,1e-06,0.0
1,0.004629373550415039,1,1,1e-06,0.0
1,0.004898786544799805,1,1,1e-06,0.0
1,0.0018489360809326172,1,1,1e-06,0.0
1,0.0024826526641845703,1,1,1e-06,0.0
1,0.0036096572875976562,1,1,1e-06,0.0
1,0.002911806106567383,1,1,1e-06,0.0
1,0.0025861263275146484,1,1,1e-06,0.0
1,0.002386331558227539,1,1,1e-06,0.0
1,0.0019524097442626953,1,1,1e-06,0.0
1,0.0018172264099121094,1,1,1e-06,0.0
1,0.003406047821044922,1,1,1e-06,0.0
1,0.0029740333557128906,1,1,1e-06,0.0
1,0.002872943878173828,1,1,1e-06,0.0
1,0.0015137195587158203,1,1,1e-06,0.0
1,0.0022897720336914062,1,1,1e-06,0.0
1,0.0025451183319091797,1,1,1e-06,0.0
1,0.002420663833618164,1,1,1e-06,0.0
1,0.002817392349243164,1,1,1e-06,0.0
1,0.003631114959716797,1,1,1e-06,0.0
1,0.004628181457519531,1,1,1e-06,0.0
1,0.004371166229248047,1,1,1e-06,0.0
1,0.005137443542480469,1,1,1e-06,0.0
1,0.004052400588989258,1,1,1e-06,0.0
0,1.4479951858520508,0,0,,0.0
1,0.0029065608978271484,1,1,1e-06,0.0
1,0.002382040023803711,1,1,1e-06,0.0
1,0.0031702518463134766,1,1,1e-06,0.0
1,0.0159609317779541,1,1,1e-06,0.0
1,0.002302885055541992,1,1,1e-06,0.0
1,0.0024743080139160156,1,1,1e-06,0.0
1,0.0017940998077392578,1,1,1e-06,0.0
1,0.0018651485443115234,1,1,1e-06,0.0
1,0.002632617950439453,1,1,1e-06,0.0
1,0.0024728775024414062,1,1,1e-06,0.0
1,0.0031659603118896484,1,1,1e-06,0.0
1,0.002454042434692383,1,1,1e-06,0.0
1,0.0025882720947265625,1,1,1e-06,0.0
1,0.002715587615966797,1,1,1e-06,0.0
1,0.0025129318237304688,1,1,1e-06,0.0
1,0.0025937557220458984,1,1,1e-06,0.0
1,0.002197742462158203,1,1,1e-06,0.0
1,0.00286865234375,1,1,1e-06,0.0
1,0.0026483535766601562,1,1,1e-06,0.0
1,0.0025136470794677734,1,1,1e-06,0.0
1,0.0022628307342529297,1,1,1e-06,0.0
1,0.003091096878051758,1,1,1e-06,0.0
1,0.0028319358825683594,1,1,1e-06,0.0
1,0.0029015541076660156,1,1,1e-06,0.0
1,0.003683805465698242,1,1,1e-06,0.0
1,0.002039670944213867,1,1,1e-06,0.0
1,0.002541065216064453,1,1,1e-06,0.0
1,0.00436091423034668,1,1,1e-06,0.0
1,0.0030901432037353516,1,1,1e-06,0.0
1,0.0028078556060791016,1,1,1e-06,0.0
1,0.002225637435913086,1,1,1e-06,0.0
1,0.0032796859741210938,1,1,1e-06,0.0
1,0.0040531158447265625,1,1,1e-06,0.0
1,0.0041234493255615234,1,1,1e-06,0.0
1,0.003561258316040039,1,1,1e-06,0.0
1,0.003305196762084961,1,1,1e-06,0.0
1,0.003051280975341797,1,1,1e-06,0.0
1,0.0028183460235595703,1,1,1e-06,0.0
1,0.004518270492553711,1,1,1e-06,0.0
1,0.003749370574951172,1,1,1e-06,0.0
1,0.0018455982208251953,1,1,1e-06,0.0
1,0.004956245422363281,1,1,1e-06,0.0
1,0.0034804344177246094,1,1,1e-06,0.0
1,0.002227306365966797,1,1,1e-06,0.0
1,0.004324436187744141,1,1,1e-06,0.0
1,0.0022287368774414062,1,1,1e-06,0.0
1,0.0019125938415527344,1,1,1e-06,0.0
1,0.0018630027770996094,1,1,1e-06,0.0
1,0.0032711029052734375,1,1,1e-06,0.0
1,0.0021271705627441406,1,1,1e-06,0.0
1,0.002678394317626953,1,1,1e-06,0.0
1,0.0054302215576171875,1,1,1e-06,0.0
1,0.0028946399688720703,1,1,1e-06,0.0
1,0.002927064895629883,1,1,1e-06,0.0
1,0.0028939247131347656,1,1,1e-06,0.0
1,0.016246795654296875,1,1,1e-06,0.0
1,0.0026171207427978516,1,1,1e-06,0.0
1,0.002538442611694336,1,1,1e-06,0.0
1,0.0019736289978027344,1,1,1e-06,0.0
1,0.003867626190185547,1,1,1e-06,0.0
1,0.004648923873901367,1,1,1e-06,0.0
1,0.003980398178100586,1,1,1e-06,0.0
1,0.0037147998809814453,1,1,1e-06,0.0
1,0.002994060516357422,1,1,1e-06,0.0
1,0.0035555362701416016,1,1,1e-06,0.0
1,0.003128528594970703,1,1,1e-06,0.0
1,0.003892183303833008,1,1,1e-06,0.0
1,0.0035190582275390625,1,1,1e-06,0.0
1,0.0024666786193847656,1,1,1e-06,0.0
1,0.006536245346069336,1,1,1e-06,0.0
1,0.0029287338256835938,1,1,1e-06,0.0
1,0.0046961307525634766,1,1,1e-06,0.0
1,0.002050638198852539,1,1,1e-06,0.0
1,0.004756927490234375,1,1,1e-06,0.0
1,0.006818294525146484,1,1,1e-06,0.0
1,0.004826068878173828,1,1,1e-06,0.0
1,0.0038836002349853516,1,1,1e-06,0.0
1,0.002624034881591797,1,1,1e-06,0.0
1,0.0023071765899658203,1,1,1e-06,0.0
1,0.007382392883300781,1,1,1e-06,0.0
1,0.002860546112060547,1,1,1e-06,0.0
1,0.0037250518798828125,1,1,1e-06,0.0
1,0.004250288009643555,1,1,1e-06,0.0
1,0.003675222396850586,1,1,1e-06,0.0
1,0.003699779510498047,1,1,1e-06,0.0
1,0.004393339157104492,1,1,1e-06,0.0
1,0.003507375717163086,1,1,1e-06,0.0
1,0.009076595306396484,1,1,1e-06,0.0
1,0.005042314529418945,1,1,1e-06,0.0
1,0.002064943313598633,1,1,1e-06,0.0
1,0.002132415771484375,1,1,1e-06,0.0
1,0.0022003650665283203,1,1,1e-06,0.0
1,0.0023374557495117188,1,1,1e-06,0.0
1,0.0021228790283203125,1,1,1e-06,0.0
1,0.0016202926635742188,1,1,1e-06,0.0
1,0.0025932788848876953,1,1,1e-06,0.0
1,0.0018241405487060547,1,1,1e-06,0.0
1,0.0015037059783935547,1,1,1e-06,0.0
1,0.001994609832763672,1,1,1e-06,0.0
1,0.0018000602722167969,1,1,1e-06,0.0
1,0.0022826194763183594,1,1,1e-06,0.0
1,0.0020456314086914062,1,1,1e-06,0.0
1,0.0019702911376953125,1,1,1e-06,0.0
1,0.0024633407592773438,1,1,1e-06,0.0
1,0.004177570343017578,1,1,1e-06,0.0
1,0.0030295848846435547,1,1,1e-06,0.0
1,0.002332925796508789,1,1,1e-06,0.0
1,0.0023474693298339844,1,1,1e-06,0.0
1,0.004332065582275391,1,1,1e-06,0.0
1,0.0035104751586914062,1,1,1e-06,0.0
1,0.0034494400024414062,1,1,1e-06,0.0
1,0.0021419525146484375,1,1,1e-06,0.0
1,0.003178119659423828,1,1,1e-06,0.0
1,0.04369783401489258,1,1,1e-06,0.0
1,0.0032274723052978516,1,1,1e-06,0.0
1,0.0018887519836425781,1,1,1e-06,0.0
1,0.0025146007537841797,1,1,1e-06,0.0
1,0.0015974044799804688,1,1,1e-06,0.0
1,0.006628990173339844,1,1,1e-06,0.0
1,0.0017232894897460938,1,1,1e-06,0.0
1,0.0026826858520507812,1,1,1e-06,0.0
1,0.0028400421142578125,1,1,1e-06,0.0
1,0.002120494842529297,1,1,1e-06,0.0
1,0.0018689632415771484,1,1,1e-06,0.0
1,0.002958536148071289,1,1,1e-06,0.0
1,0.0016322135925292969,1,1,1e-06,0.0
1,0.0015442371368408203,1,1,1e-06,0.0
1,0.001659393310546875,1,1,1e-06,0.0
1,0.004714012145996094,1,1,1e-06,0.0
1,0.0020477771759033203,1,1,1e-06,0.0
1,0.015802621841430664,1,1,1e-06,0.0
1,0.0033478736877441406,1,1,1e-06,0.0
1,0.002303600311279297,1,1,1e-06,0.0
1,0.0024766921997070312,1,1,1e-06,0.0
1,0.004483461380004883,1,1,1e-06,0.0
1,0.002933025360107422,1,1,1e-06,0.0
1,0.0036492347717285156,1,1,1e-06,0.0
1,0.005523681640625,1,1,1e-06,0.0
1,0.004263401031494141,1,1,1e-06,0.0
1,0.008826732635498047,1,1,1e-06,0.0
1,0.0025975704193115234,1,1,1e-06,0.0
1,0.0018017292022705078,1,1,1e-06,0.0
1,0.00229644775390625,1,1,1e-06,0.0
1,0.0018811225891113281,1,1,1e-06,0.0
1,0.001848459243774414,1,1,1e-06,0.0
1,0.0028395652770996094,1,1,1e-06,0.0
1,0.0037212371826171875,1,1,1e-06,0.0
1,0.0022771358489990234,1,1,1e-06,0.0
1,0.003440380096435547,1,1,1e-06,0.0
1,0.003596782684326172,1,1,1e-06,0.0
1,0.002975940704345703,1,1,1e-06,0.0
1,0.002048492431640625,1,1,1e-06,0.0
1,0.0040493011474609375,1,1,1e-06,0.0
1,0.004305839538574219,1,1,1e-06,0.0
1,0.003593921661376953,1,1,1e-06,0.0
1,0.004376411437988281,1,1,1e-06,0.0
1,0.005032062530517578,1,1,1e-06,0.0
1,0.002179861068725586,1,1,1e-06,0.0
1,0.002228260040283203,1,1,1e-06,0.0
1,0.002118825912475586,1,1,1e-06,0.0
1,0.0019731521606445312,1,1,1e-06,0.0
1,0.0024099349975585938,1,1,1e-06,0.0
1,0.0033533573150634766,1,1,1e-06,0.0
1,0.0050051212310791016,1,1,1e-06,0.0
1,0.004826545715332031,1,1,1e-06,0.0
1,0.0030059814453125,1,1,1e-06,0.0
1,0.004925966262817383,1,1,1e-06,0.0
1,0.0035779476165771484,1,1,1e-06,0.0
1,0.014899015426635742,1,1,1e-06,0.0
1,0.0022635459899902344,1,1,1e-06,0.0
1,0.0019550323486328125,1,1,1e-06,0.0
1,0.002671957015991211,1,1,1e-06,0.0
1,0.0024967193603515625,1,1,1e-06,0.0
1,0.002626180648803711,1,1,1e-06,0.0
1,0.0017735958099365234,1,1,1e-06,0.0
1,0.0018663406372070312,1,1,1e-06,0.0
1,0.002813577651977539,1,1,1e-06,0.0
1,0.0021514892578125,1,1,1e-06,0.0
1,0.0023560523986816406,1,1,1e-06,0.0
1,0.0023279190063476562,1,1,1e-06,0.0
1,0.0019352436065673828,1,1,1e-06,0.0
1,0.0021941661834716797,1,1,1e-06,0.0
1,0.002888202667236328,1,1,1e-06,0.0
1,0.0027332305908203125,1,1,1e-06,0.0
1,0.002660036087036133,1,1,1e-06,0.0
1,0.0018754005432128906,1,1,1e-06,0.0
1,0.002756357192993164,1,1,1e-06,0.0
1,0.002319812774658203,1,1,1e-06,0.0
1,0.0021772384643554688,1,1,1e-06,0.0
1,0.002729177474975586,1,1,1e-06,0.0
1,0.11725091934204102,1,1,1e-06,0.0
1,0.00191497802734375,1,1,1e-06,0.0
1,0.0037534236907958984,1,1,1e-06,0.0
1,0.0017426013946533203,1,1,1e-06,0.0
1,0.0018663406372070312,1,1,1e-06,0.0
1,0.002804279327392578,1,1,1e-06,0.0
1,0.001971721649169922,1,1,1e-06,0.0
1,0.0037703514099121094,1,1,1e-06,0.0
1,0.0020482540130615234,1,1,1e-06,0.0
1,0.0016138553619384766,1,1,1e-06,0.0
1,0.0020210742950439453,1,1,1e-06,0.0
1,0.0021996498107910156,1,1,1e-06,0.0
1,0.0025403499603271484,1,1,1e-06,0.0
1,0.0018682479858398438,1,1,1e-06,0.0
1,0.0017230510711669922,1,1,1e-06,0.0
1,0.0020248889923095703,1,1,1e-06,0.0
1,0.00183868408203125,1,1,1e-06,0.0
1,0.0025014877319335938,1,1,1e-06,0.0
1,0.0022559165954589844,1,1,1e-06,0.0
1,0.0027992725372314453,1,1,1e-06,0.0
1,0.0026671886444091797,1,1,1e-06,0.0
1,0.0019958019256591797,1,1,1e-06,0.0
1,0.0017352104187011719,1,1,1e-06,0.0
1,0.002543926239013672,1,1,1e-06,0.0
1,0.028726816177368164,1,1,1e-06,0.0
1,0.0021064281463623047,1,1,1e-06,0.0
1,0.0017306804656982422,1,1,1e-06,0.0
1,0.001979827880859375,1,1,1e-06,0.0
1,0.0019826889038085938,1,1,1e-06,0.0
1,0.0019268989562988281,1,1,1e-06,0.0
1,0.0016965866088867188,1,1,1e-06,0.0
1,0.0022962093353271484,1,1,1e-06,0.0
1,0.0026578903198242188,1,1,1e-06,0.0
1,0.001856088638305664,1,1,1e-06,0.0
1,0.0020380020141601562,1,1,1e-06,0.0
1,0.002560853958129883,1,1,1e-06,0.0
1,0.001779317855834961,1,1,1e-06,0.0
1,0.0014655590057373047,1,1,1e-06,0.0
1,0.0031909942626953125,1,1,1e-06,0.0
1,0.02187943458557129,1,1,1e-06,0.0
1,0.003154277801513672,1,1,1e-06,0.0
1,0.0026636123657226562,1,1,1e-06,0.0
1,0.003177642822265625,1,1,1e-06,0.0
1,0.005984306335449219,1,1,1e-06,0.0
1,0.002407550811767578,1,1,1e-06,0.0
1,0.0030324459075927734,1,1,1e-06,0.0
1,0.004688262939453125,1,1,1e-06,0.0
1,0.0036439895629882812,1,1,1e-06,0.0
1,0.002888202667236328,1,1,1e-06,0.0
1,0.006310701370239258,1,1,1e-06,0.0
1,0.0044362545013427734,1,1,1e-06,0.0
1,0.00979757308959961,1,1,1e-06,0.0
1,0.010185480117797852,1,1,1e-06,0.0
1,0.002584695816040039,1,1,1e-06,0.0
1,0.002373933792114258,1,1,1e-06,0.0
1,0.0029230117797851562,1,1,1e-06,0.0
1,0.0027277469635009766,1,1,1e-06,0.0
1,0.01192164421081543,1,1,1e-06,0.0
1,0.046213626861572266,1,1,1e-06,0.0
1,0.0032896995544433594,1,1,1e-06,0.0
1,0.004211902618408203,1,1,1e-06,0.0
1,0.20654010772705078,1,1,1e-06,0.0
1,0.0031092166900634766,1,1,1e-06,0.0
1,0.0036804676055908203,1,1,1e-06,0.0
1,0.003481626510620117,1,1,1e-06,0.0
1,0.003740072250366211,1,1,1e-06,0.0
1,0.002389192581176758,1,1,1e-06,0.0
1,0.04178786277770996,1,1,1e-06,0.0
1,0.0027625560760498047,1,1,1e-06,0.0
1,0.024183034896850586,1,1,1e-06,0.0
1,0.0030984878540039062,1,1,1e-06,0.0
1,0.0028352737426757812,1,1,1e-06,0.0
1,0.0033292770385742188,1,1,1e-06,0.0
1,0.0036382675170898438,1,1,1e-06,0.0
1,0.008475065231323242,1,1,1e-06,0.0
1,0.0037827491760253906,1,1,1e-06,0.0
1,0.01129007339477539,1,1,1e-06,0.0
1,0.0026466846466064453,1,1,1e-06,0.0
1,0.003033161163330078,1,1,1e-06,0.0
1,0.0038728713989257812,1,1,1e-06,0.0
1,0.0034198760986328125,1,1,1e-06,0.0
1,0.0032935142517089844,1,1,1e-06,0.0
1,0.0028553009033203125,1,1,1e-06,0.0
1,0.0034101009368896484,1,1,1e-06,0.0
1,0.022806406021118164,1,1,1e-06,0.0
1,0.05947232246398926,1,1,1e-06,0.0
1,0.00252532958984375,1,1,1e-06,0.0
1,0.0025081634521484375,1,1,1e-06,0.0
1,0.006017923355102539,1,1,1e-06,0.0
1,0.003508329391479492,1,1,1e-06,0.0
1,0.012146949768066406,1,1,1e-06,0.0
1,0.0034782886505126953,1,1,1e-06,0.0
1,0.0033516883850097656,1,1,1e-06,0.0
1,0.005059242248535156,1,1,1e-06,0.0
1,0.004879474639892578,1,1,1e-06,0.0
1,0.004209041595458984,1,1,1e-06,0.0
1,0.00592350959777832,1,1,1e-06,0.0
1,0.004617929458618164,1,1,1e-06,0.0
1,0.0030319690704345703,1,1,1e-06,0.0
1,0.0024688243865966797,1,1,1e-06,0.0
1,0.0035071372985839844,1,1,1e-06,0.0
1,0.005147695541381836,1,1,1e-06,0.0
1,0.008993148803710938,1,1,1e-06,0.0
1,0.008145332336425781,1,1,1e-06,0.0
1,0.0037643909454345703,1,1,1e-06,0.0
1,0.0030736923217773438,1,1,1e-06,0.0
1,0.003785371780395508,1,1,1e-06,0.0
1,0.004923582077026367,1,1,1e-06,0.0
1,0.004183769226074219,1,1,1e-06,0.0
1,0.002050161361694336,1,1,1e-06,0.0
1,0.002571582794189453,1,1,1e-06,0.0
1,0.003688812255859375,1,1,1e-06,0.0
1,0.004756927490234375,1,1,1e-06,0.0
1,0.021491289138793945,1,1,1e-06,0.0
1,0.003172159194946289,1,1,1e-06,0.0
1,0.002729654312133789,1,1,1e-06,0.0
1,0.0021033287048339844,1,1,1e-06,0.0
1,0.0043714046478271484,1,1,1e-06,0.0
1,0.0021467208862304688,1,1,1e-06,0.0
1,0.0022766590118408203,1,1,1e-06,0.0
1,0.002650737762451172,1,1,1e-06,0.0
1,0.00408935546875,1,1,1e-06,0.0
1,0.0035333633422851562,1,1,1e-06,0.0
1,0.004933595657348633,1,1,1e-06,0.0
1,0.0034644603729248047,1,1,1e-06,0.0
1,0.0026085376739501953,1,1,1e-06,0.0
1,0.002321958541870117,1,1,1e-06,0.0
1,0.0032112598419189453,1,1,1e-06,0.0
1,0.013148069381713867,1,1,1e-06,0.0
1,0.0035619735717773438,1,1,1e-06,0.0
1,0.004013538360595703,1,1,1e-06,0.0
1,0.004866600036621094,1,1,1e-06,0.0
1,0.007747173309326172,1,1,1e-06,0.0
1,0.004195690155029297,1,1,1e-06,0.0
1,0.004145622253417969,1,1,1e-06,0.0
1,0.006087064743041992,1,1,1e-06,0.0
1,0.002839803695678711,1,1,1e-06,0.0
1,0.0027811527252197266,1,1,1e-06,0.0
1,0.002742767333984375,1,1,1e-06,0.0
1,0.026308774948120117,1,1,1e-06,0.0
1,0.0028395652770996094,1,1,1e-06,0.0
1,0.0030694007873535156,1,1,1e-06,0.0
1,0.18203091621398926,1,1,1e-06,0.0
1,0.0026237964630126953,1,1,1e-06,0.0
1,0.0031871795654296875,1,1,1e-06,0.0
1,0.0021181106567382812,1,1,1e-06,0.0
1,0.021947145462036133,1,1,1e-06,0.0
1,0.002268075942993164,1,1,1e-06,0.0
1,0.0019092559814453125,1,1,1e-06,0.0
1,0.003003835678100586,1,1,1e-06,0.0
1,0.0027120113372802734,1,1,1e-06,0.0
1,0.003413677215576172,1,1,1e-06,0.0
1,0.004044771194458008,1,1,1e-06,0.0
1,0.017570018768310547,1,1,1e-06,0.0
1,0.002732515335083008,1,1,1e-06,0.0
1,0.0021021366119384766,1,1,1e-06,0.0
1,0.005509614944458008,1,1,1e-06,0.0
1,0.0028090476989746094,1,1,1e-06,0.0
1,0.002301931381225586,1,1,1e-06,0.0
1,0.003204345703125,1,1,1e-06,0.0
1,0.00394129753112793,1,1,1e-06,0.0
1,0.00400233268737793,1,1,1e-06,0.0
1,0.0032851696014404297,1,1,1e-06,0.0
1,0.002954721450805664,1,1,1e-06,0.0
1,0.003036022186279297,1,1,1e-06,0.0
1,0.0033888816833496094,1,1,1e-06,0.0
1,0.0035674571990966797,1,1,1e-06,0.0
1,0.0031599998474121094,1,1,1e-06,0.0
1,0.0037622451782226562,1,1,1e-06,0.0
1,0.004190921783447266,1,1,1e-06,0.0
1,0.004208564758300781,1,1,1e-06,0.0
1,0.0033478736877441406,1,1,1e-06,0.0
1,0.0048367977142333984,1,1,1e-06,0.0
1,0.004338741302490234,1,1,1e-06,0.0
1,0.004824161529541016,1,1,1e-06,0.0
1,0.015051603317260742,1,1,1e-06,0.0
1,0.00554656982421875,1,1,1e-06,0.0
1,0.004564762115478516,1,1,1e-06,0.0
1,0.005879402160644531,1,1,1e-06,0.0
1,0.004565000534057617,1,1,1e-06,0.0
1,0.004425525665283203,1,1,1e-06,0.0
1,0.004288196563720703,1,1,1e-06,0.0
1,0.0043299198150634766,1,1,1e-06,0.0
1,0.0053863525390625,1,1,1e-06,0.0
1,0.0032389163970947266,1,1,1e-06,0.0
1,0.002414703369140625,1,1,1e-06,0.0
1,0.004319429397583008,1,1,1e-06,0.0
1,0.0026848316192626953,1,1,1e-06,0.0
1,0.0033462047576904297,1,1,1e-06,0.0
1,0.003996610641479492,1,1,1e-06,0.0
1,0.0045125484466552734,1,1,1e-06,0.0
1,0.025194406509399414,1,1,1e-06,0.0
1,0.0025565624237060547,1,1,1e-06,0.0
1,0.0024166107177734375,1,1,1e-06,0.0
1,0.002459287643432617,1,1,1e-06,0.0
1,0.0028371810913085938,1,1,1e-06,0.0
1,0.0018186569213867188,1,1,1e-06,0.0
1,0.0022640228271484375,1,1,1e-06,0.0
1,0.0022284984588623047,1,1,1e-06,0.0
1,0.002211332321166992,1,1,1e-06,0.0
1,0.0021829605102539062,1,1,1e-06,0.0
1,0.002389669418334961,1,1,1e-06,0.0
1,0.00279998779296875,1,1,1e-06,0.0
1,0.004592418670654297,1,1,1e-06,0.0
1,0.00311279296875,1,1,1e-06,0.0
1,0.0031180381774902344,1,1,1e-06,0.0
1,0.002397298812866211,1,1,1e-06,0.0
1,0.0032379627227783203,1,1,1e-06,0.0
1,0.0035398006439208984,1,1,1e-06,0.0
1,0.0028579235076904297,1,1,1e-06,0.0
1,0.0030252933502197266,1,1,1e-06,0.0
1,0.004133939743041992,1,1,1e-06,0.0
1,0.0035228729248046875,1,1,1e-06,0.0
1,0.03630185127258301,1,1,1e-06,0.0
1,0.0025832653045654297,1,1,1e-06,0.0
1,0.3590810298919678,1,1,1e-06,0.0
1,0.002714395523071289,1,1,1e-06,0.0
1,0.8463780879974365,1,1,1e-06,0.0
1,0.002221345901489258,1,1,1e-06,0.0
1,0.0018079280853271484,1,1,1e-06,0.0
1,0.0026569366455078125,1,1,1e-06,0.0
1,0.00251007080078125,1,1,1e-06,0.0
1,0.0023086071014404297,1,1,1e-06,0.0
1,0.002971172332763672,1,1,1e-06,0.0
1,0.0019261837005615234,1,1,1e-06,0.0
1,0.0016338825225830078,1,1,1e-06,0.0
1,0.0015370845794677734,1,1,1e-06,0.0
1,0.002031087875366211,1,1,1e-06,0.0
1,0.0018265247344970703,1,1,1e-06,0.0
1,0.0019249916076660156,1,1,1e-06,0.0
1,0.002162933349609375,1,1,1e-06,0.0
1,0.0023992061614990234,1,1,1e-06,0.0
1,0.0016102790832519531,1,1,1e-06,0.0
1,0.0017650127410888672,1,1,1e-06,0.0
1,0.002151012420654297,1,1,1e-06,0.0
1,0.0033168792724609375,1,1,1e-06,0.0
1,0.025373220443725586,1,1,1e-06,0.0
1,0.002966642379760742,1,1,1e-06,0.0
1,0.004315376281738281,1,1,1e-06,0.0
1,0.0027251243591308594,1,1,1e-06,0.0
1,0.003420591354370117,1,1,1e-06,0.0
1,0.00403594970703125,1,1,1e-06,0.0
1,0.004509449005126953,1,1,1e-06,0.0
1,0.003648519515991211,1,1,1e-06,0.0
1,0.004566669464111328,1,1,1e-06,0.0
1,0.0041046142578125,1,1,1e-06,0.0
1,0.003658294677734375,1,1,1e-06,0.0
1,0.0033347606658935547,1,1,1e-06,0.0
1,0.011911392211914062,1,1,1e-06,0.0
1,0.004909992218017578,1,1,1e-06,0.0
1,0.003981828689575195,1,1,1e-06,0.0
1,0.00509190559387207,1,1,1e-06,0.0
1,0.05263805389404297,1,1,1e-06,0.0
1,0.005007266998291016,1,1,1e-06,0.0
1,0.003903627395629883,1,1,1e-06,0.0
1,0.003922462463378906,1,1,1e-06,0.0
1,0.004163980484008789,1,1,1e-06,0.0
1,0.003069639205932617,1,1,1e-06,0.0
1,0.0027048587799072266,1,1,1e-06,0.0
1,0.0027115345001220703,1,1,1e-06,0.0
1,0.0019524097442626953,1,1,1e-06,0.0
1,0.0016829967498779297,1,1,1e-06,0.0
1,0.001547098159790039,1,1,1e-06,0.0
1,0.001531362533569336,1,1,1e-06,0.0
1,0.0025665760040283203,1,1,1e-06,0.0
1,0.0046024322509765625,1,1,1e-06,0.0
0,1.0035712718963623,0,0,,0.0
1,0.0019578933715820312,1,1,1e-06,0.0
1,0.001722097396850586,1,1,1e-06,0.0
1,0.0018768310546875,1,1,1e-06,0.0
1,0.0018181800842285156,1,1,1e-06,0.0
1,0.023859024047851562,1,1,1e-06,0.0
1,0.002074718475341797,1,1,1e-06,0.0
1,0.0014634132385253906,1,1,1e-06,0.0
1,0.0016071796417236328,1,1,1e-06,0.0
1,0.0015106201171875,1,1,1e-06,0.0
1,0.029841899871826172,1,1,1e-06,0.0
1,0.0024247169494628906,1,1,1e-06,0.0
1,0.0020246505737304688,1,1,1e-06,0.0
1,0.002249479293823242,1,1,1e-06,0.0
1,0.0021419525146484375,1,1,1e-06,0.0
1,0.0017809867858886719,1,1,1e-06,0.0
1,0.00436091423034668,1,1,1e-06,0.0
1,0.0033075809478759766,1,1,1e-06,0.0
1,0.0022537708282470703,1,1,1e-06,0.0
1,0.0035376548767089844,1,1,1e-06,0.0
1,0.004443645477294922,1,1,1e-06,0.0
1,0.0025434494018554688,1,1,1e-06,0.0
1,0.0030586719512939453,1,1,1e-06,0.0
1,0.0028176307678222656,1,1,1e-06,0.0
1,0.012907028198242188,1,1,1e-06,0.0
1,0.0031957626342773438,1,1,1e-06,0.0
1,0.0035490989685058594,1,1,1e-06,0.0
1,0.0023539066314697266,1,1,1e-06,0.0
1,0.002077817916870117,1,1,1e-06,0.0
1,0.003101825714111328,1,1,1e-06,0.0
1,0.003702402114868164,1,1,1e-06,0.0
1,0.0023026466369628906,1,1,1e-06,0.0
1,0.002013683319091797,1,1,1e-06,0.0
1,0.0022430419921875,1,1,1e-06,0.0
1,0.002894163131713867,1,1,1e-06,0.0
1,0.002780437469482422,1,1,1e-06,0.0
1,0.0029516220092773438,1,1,1e-06,0.0
1,0.003530740737915039,1,1,1e-06,0.0
1,0.003584146499633789,1,1,1e-06,0.0
1,0.0028259754180908203,1,1,1e-06,0.0
1,0.00926661491394043,1,1,1e-06,0.0
1,0.0054492950439453125,1,1,1e-06,0.0
1,0.0038008689880371094,1,1,1e-06,0.0
1,0.0036575794219970703,1,1,1e-06,0.0
1,0.003958940505981445,1,1,1e-06,0.0
1,0.003866910934448242,1,1,1e-06,0.0
1,0.004662752151489258,1,1,1e-06,0.0
1,0.005589485168457031,1,1,1e-06,0.0
1,0.0036182403564453125,1,1,1e-06,0.0
1,0.005027294158935547,1,1,1e-06,0.0
1,0.004002094268798828,1,1,1e-06,0.0
1,0.00943613052368164,1,1,1e-06,0.0
1,0.0037169456481933594,1,1,1e-06,0.0
1,0.0052337646484375,1,1,1e-06,0.0
1,0.009634017944335938,1,1,1e-06,0.0
1,0.00368499755859375,1,1,1e-06,0.0
1,0.0034008026123046875,1,1,1e-06,0.0
1,0.0014886856079101562,1,1,1e-06,0.0
1,0.10463261604309082,1,1,1e-06,0.0
1,0.0017473697662353516,1,1,1e-06,0.0
1,0.010665655136108398,1,1,1e-06,0.0
1,0.0023467540740966797,1,1,1e-06,0.0
1,0.002556324005126953,1,1,1e-06,0.0
1,0.0025572776794433594,1,1,1e-06,0.0
1,0.0324251651763916,1,1,1e-06,0.0
1,0.002129793167114258,1,1,1e-06,0.0
1,0.0019636154174804688,1,1,1e-06,0.0
1,0.0023925304412841797,1,1,1e-06,0.0
1,0.0015554428100585938,1,1,1e-06,0.0
1,0.0019991397857666016,1,1,1e-06,0.0
1,0.0019483566284179688,1,1,1e-06,0.0
1,0.010725021362304688,1,1,1e-06,0.0
1,0.00257110595703125,1,1,1e-06,0.0
1,0.0020689964294433594,1,1,1e-06,0.0
1,0.0017209053039550781,1,1,1e-06,0.0
1,0.001392364501953125,1,1,1e-06,0.0
1,0.0011734962463378906,1,1,1e-06,0.0
1,0.001477956771850586,1,1,1e-06,0.0
1,0.0021004676818847656,1,1,1e-06,0.0
1,0.0018303394317626953,1,1,1e-06,0.0
1,0.002137422561645508,1,1,1e-06,0.0
1,0.0024962425231933594,1,1,1e-06,0.0
1,0.0017747879028320312,1,1,1e-06,0.0
1,0.001711130142211914,1,1,1e-06,0.0
1,0.0021903514862060547,1,1,1e-06,0.0
1,0.0019373893737792969,1,1,1e-06,0.0
1,0.0019190311431884766,1,1,1e-06,0.0
1,0.0032227039337158203,1,1,1e-06,0.0
1,0.0026433467864990234,1,1,1e-06,0.0
1,0.0037238597869873047,1,1,1e-06,0.0
1,0.003820657730102539,1,1,1e-06,0.0
1,0.003259420394897461,1,1,1e-06,0.0
1,0.0027151107788085938,1,1,1e-06,0.0
1,0.0031757354736328125,1,1,1e-06,0.0
1,0.0028083324432373047,1,1,1e-06,0.0
1,0.0274810791015625,1,1,1e-06,0.0
1,0.004632711410522461,1,1,1e-06,0.0
1,0.016956329345703125,1,1,1e-06,0.0
1,0.0021216869354248047,1,1,1e-06,0.0
1,0.0020477771759033203,1,1,1e-06,0.0
1,0.0024864673614501953,1,1,1e-06,0.0
1,0.0017116069793701172,1,1,1e-06,0.0
1,0.003019571304321289,1,1,1e-06,0.0
1,0.0033669471740722656,1,1,1e-06,0.0
1,0.0018618106842041016,1,1,1e-06,0.0
1,0.0016808509826660156,1,1,1e-06,0.0
1,0.0017414093017578125,1,1,1e-06,0.0
1,0.001943826675415039,1,1,1e-06,0.0
1,0.03358197212219238,1,1,1e-06,0.0
1,0.0024399757385253906,1,1,1e-06,0.0
1,0.0023446083068847656,1,1,1e-06,0.0
1,0.0021393299102783203,1,1,1e-06,0.0
1,0.0021867752075195312,1,1,1e-06,0.0
1,0.002427339553833008,1,1,1e-06,0.0
1,0.0034410953521728516,1,1,1e-06,0.0
1,0.002187967300415039,1,1,1e-06,0.0
1,0.012018442153930664,1,1,1e-06,0.0
1,0.001809835433959961,1,1,1e-06,0.0
1,0.0023508071899414062,1,1,1e-06,0.0
1,0.0033180713653564453,1,1,1e-06,0.0
1,0.0032825469970703125,1,1,1e-06,0.0
1,0.003046751022338867,1,1,1e-06,0.0
1,0.0041086673736572266,1,1,1e-06,0.0
1,0.014489889144897461,1,1,1e-06,0.0
1,0.0033690929412841797,1,1,1e-06,0.0
1,0.0027565956115722656,1,1,1e-06,0.0
1,0.002816438674926758,1,1,1e-06,0.0
1,0.023566246032714844,1,1,1e-06,0.0
1,0.003678560256958008,1,1,1e-06,0.0
1,0.0036072731018066406,1,1,1e-06,0.0
1,0.005557060241699219,1,1,1e-06,0.0
1,0.0042307376861572266,1,1,1e-06,0.0
1,0.005311250686645508,1,1,1e-06,0.0
1,0.01198720932006836,1,1,1e-06,0.0
1,0.002879619598388672,1,1,1e-06,0.0
1,0.0036749839782714844,1,1,1e-06,0.0
1,0.002691984176635742,1,1,1e-06,0.0
1,0.0018050670623779297,1,1,1e-06,0.0
1,0.0016632080078125,1,1,1e-06,0.0
1,0.003261089324951172,1,1,1e-06,0.0
1,0.0025594234466552734,1,1,1e-06,0.0
1,0.0018582344055175781,1,1,1e-06,0.0
1,0.0040988922119140625,1,1,1e-06,0.0
1,0.0041310787200927734,1,1,1e-06,0.0
1,0.0031099319458007812,1,1,1e-06,0.0
1,0.002130746841430664,1,1,1e-06,0.0
1,0.0033731460571289062,1,1,1e-06,0.0
1,0.0030634403228759766,1,1,1e-06,0.0
1,0.0031659603118896484,1,1,1e-06,0.0
1,0.0052032470703125,1,1,1e-06,0.0
1,0.00356292724609375,1,1,1e-06,0.0
1,0.004444122314453125,1,1,1e-06,0.0
1,0.006623506546020508,1,1,1e-06,0.0
1,0.005173444747924805,1,1,1e-06,0.0
1,0.007290840148925781,1,1,1e-06,0.0
1,0.004426479339599609,1,1,1e-06,0.0
1,0.004876136779785156,1,1,1e-06,0.0
1,0.004308223724365234,1,1,1e-06,0.0
1,0.0030503273010253906,1,1,1e-06,0.0
1,0.0028383731842041016,1,1,1e-06,0.0
1,0.030724287033081055,1,1,1e-06,0.0
1,0.0014765262603759766,1,1,1e-06,0.0
1,0.0013980865478515625,1,1,1e-06,0.0
1,0.0012674331665039062,1,1,1e-06,0.0
1,0.0020647048950195312,1,1,1e-06,0.0
1,0.003057718276977539,1,1,1e-06,0.0
1,0.0027222633361816406,1,1,1e-06,0.0
1,0.0035316944122314453,1,1,1e-06,0.0
1,0.004087924957275391,1,1,1e-06,0.0
1,0.003174304962158203,1,1,1e-06,0.0
1,0.002038240432739258,1,1,1e-06,0.0
1,0.0029506683349609375,1,1,1e-06,0.0
1,0.0019910335540771484,1,1,1e-06,0.0
1,0.0018291473388671875,1,1,1e-06,0.0
1,0.003915548324584961,1,1,1e-06,0.0
1,0.01840043067932129,1,1,1e-06,0.0
1,0.005381107330322266,1,1,1e-06,0.0
1,0.0031926631927490234,1,1,1e-06,0.0
1,0.003063678741455078,1,1,1e-06,0.0
1,0.003659486770629883,1,1,1e-06,0.0
1,0.004912137985229492,1,1,1e-06,0.0
1,0.003129243850708008,1,1,1e-06,0.0
1,0.002501964569091797,1,1,1e-06,0.0
1,0.002483367919921875,1,1,1e-06,0.0
1,0.059040069580078125,1,1,1e-06,0.0
1,0.0019271373748779297,1,1,1e-06,0.0
1,0.012502908706665039,1,1,1e-06,0.0
1,0.0019257068634033203,1,1,1e-06,0.0
1,0.0016720294952392578,1,1,1e-06,0.0
1,0.0019066333770751953,1,1,1e-06,0.0
1,0.0022079944610595703,1,1,1e-06,0.0
1,0.0015735626220703125,1,1,1e-06,0.0
1,0.0024797916412353516,1,1,1e-06,0.0
1,0.0021092891693115234,1,1,1e-06,0.0
1,0.0024089813232421875,1,1,1e-06,0.0
1,0.001537322998046875,1,1,1e-06,0.0
1,0.0013968944549560547,1,1,1e-06,0.0
1,0.0017042160034179688,1,1,1e-06,0.0
1,0.0023512840270996094,1,1,1e-06,0.0
1,0.002743244171142578,1,1,1e-06,0.0
1,0.0027709007263183594,1,1,1e-06,0.0
1,0.004002571105957031,1,1,1e-06,0.0
1,0.0033020973205566406,1,1,1e-06,0.0
1,0.0020079612731933594,1,1,1e-06,0.0
1,0.002215862274169922,1,1,1e-06,0.0
1,0.0020322799682617188,1,1,1e-06,0.0
1,0.0019292831420898438,1,1,1e-06,0.0
1,0.00292205810546875,1,1,1e-06,0.0
1,0.002746105194091797,1,1,1e-06,0.0
1,0.0024940967559814453,1,1,1e-06,0.0
1,0.002900838851928711,1,1,1e-06,0.0
1,0.002596139907836914,1,1,1e-06,0.0
1,0.002981424331665039,1,1,1e-06,0.0
1,0.003520488739013672,1,1,1e-06,0.0
1,0.0038208961486816406,1,1,1e-06,0.0
1,0.005880594253540039,1,1,1e-06,0.0
1,0.0023195743560791016,1,1,1e-06,0.0
1,0.0033063888549804688,1,1,1e-06,0.0
1,0.0025565624237060547,1,1,1e-06,0.0
1,0.003021717071533203,1,1,1e-06,0.0
1,0.002777576446533203,1,1,1e-06,0.0
1,0.0020270347595214844,1,1,1e-06,0.0
1,0.001973867416381836,1,1,1e-06,0.0
1,0.003445148468017578,1,1,1e-06,0.0
1,0.0022971630096435547,1,1,1e-06,0.0
1,0.0033597946166992188,1,1,1e-06,0.0
1,0.02947402000427246,1,1,1e-06,0.0
1,0.0019621849060058594,1,1,1e-06,0.0
1,0.0022733211517333984,1,1,1e-06,0.0
1,0.003197908401489258,1,1,1e-06,0.0
1,0.0026788711547851562,1,1,1e-06,0.0
1,0.002639293670654297,1,1,1e-06,0.0
1,0.0031321048736572266,1,1,1e-06,0.0
1,0.08757257461547852,1,1,1e-06,0.0
1,0.002275228500366211,1,1,1e-06,0.0
1,0.002213716506958008,1,1,1e-06,0.0
1,0.002630949020385742,1,1,1e-06,0.0
1,0.002427339553833008,1,1,1e-06,0.0
1,0.0025572776794433594,1,1,1e-06,0.0
1,0.006016254425048828,1,1,1e-06,0.0
1,0.002220630645751953,1,1,1e-06,0.0
1,0.0029342174530029297,1,1,1e-06,0.0
1,0.003893136978149414,1,1,1e-06,0.0
1,0.002218961715698242,1,1,1e-06,0.0
1,0.0017480850219726562,1,1,1e-06,0.0
1,0.0017817020416259766,1,1,1e-06,0.0
1,0.0023047924041748047,1,1,1e-06,0.0
1,0.0030031204223632812,1,1,1e-06,0.0
1,0.0026226043701171875,1,1,1e-06,0.0
1,0.028844118118286133,1,1,1e-06,0.0
1,0.0022280216217041016,1,1,1e-06,0.0
1,0.020246267318725586,1,1,1e-06,0.0
1,0.0025784969329833984,1,1,1e-06,0.0
1,0.0022284984588623047,1,1,1e-06,0.0
1,0.009679317474365234,1,1,1e-06,0.0
1,0.0020303726196289062,1,1,1e-06,0.0
1,0.0022225379943847656,1,1,1e-06,0.0
1,0.0016880035400390625,1,1,1e-06,0.0
1,0.0018105506896972656,1,1,1e-06,0.0
1,0.0018892288208007812,1,1,1e-06,0.0
1,0.0030908584594726562,1,1,1e-06,0.0
1,0.003533601760864258,1,1,1e-06,0.0
1,0.003844738006591797,1,1,1e-06,0.0
1,0.0027272701263427734,1,1,1e-06,0.0
1,0.0028569698333740234,1,1,1e-06,0.0
1,0.003545999526977539,1,1,1e-06,0.0
1,0.003152132034301758,1,1,1e-06,0.0
1,0.004129886627197266,1,1,1e-06,0.0
1,0.00449061393737793,1,1,1e-06,0.0
1,0.0021643638610839844,1,1,1e-06,0.0
1,0.003339052200317383,1,1,1e-06,0.0
1,0.003594636917114258,1,1,1e-06,0.0
1,0.004117012023925781,1,1,1e-06,0.0
1,0.0034401416778564453,1,1,1e-06,0.0
1,0.004026174545288086,1,1,1e-06,0.0
1,0.005346536636352539,1,1,1e-06,0.0
1,0.005303621292114258,1,1,1e-06,0.0
1,0.004470348358154297,1,1,1e-06,0.0
1,0.006669521331787109,1,1,1e-06,0.0
1,0.0051805973052978516,1,1,1e-06,0.0
1,0.004754066467285156,1,1,1e-06,0.0
1,0.006232500076293945,1,1,1e-06,0.0
1,0.005352497100830078,1,1,1e-06,0.0
1,0.002601146697998047,1,1,1e-06,0.0
1,0.0028426647186279297,1,1,1e-06,0.0
1,0.0042073726654052734,1,1,1e-06,0.0
1,0.0031256675720214844,1,1,1e-06,0.0
1,0.0023109912872314453,1,1,1e-06,0.0
1,0.0023696422576904297,1,1,1e-06,0.0
1,0.013205528259277344,1,1,1e-06,0.0
1,0.0017971992492675781,1,1,1e-06,0.0
1,0.002191781997680664,1,1,1e-06,0.0
1,0.0024366378784179688,1,1,1e-06,0.0
1,0.0020265579223632812,1,1,1e-06,0.0
1,0.010692358016967773,1,1,1e-06,0.0
1,0.0031669139862060547,1,1,1e-06,0.0
1,0.0037789344787597656,1,1,1e-06,0.0
1,0.0039958953857421875,1,1,1e-06,0.0
1,0.004379987716674805,1,1,1e-06,0.0
1,0.024233341217041016,1,1,1e-06,0.0
1,0.0023114681243896484,1,1,1e-06,0.0
1,0.002664327621459961,1,1,1e-06,0.0
1,0.023288965225219727,1,1,1e-06,0.0
1,0.0023648738861083984,1,1,1e-06,0.0
1,0.001928091049194336,1,1,1e-06,0.0
1,0.0017385482788085938,1,1,1e-06,0.0
1,0.0028922557830810547,1,1,1e-06,0.0
1,0.0026941299438476562,1,1,1e-06,0.0
1,0.003107309341430664,1,1,1e-06,0.0
1,0.002637147903442383,1,1,1e-06,0.0
1,0.0017557144165039062,1,1,1e-06,0.0
1,0.0016291141510009766,1,1,1e-06,0.0
1,0.0024590492248535156,1,1,1e-06,0.0
1,0.007309913635253906,1,1,1e-06,0.0
1,0.012121438980102539,1,1,1e-06,0.0
1,0.002060413360595703,1,1,1e-06,0.0
1,0.002786397933959961,1,1,1e-06,0.0
1,0.002125978469848633,1,1,1e-06,0.0
1,0.25605225563049316,1,1,1e-06,0.0
1,0.0021295547485351562,1,1,1e-06,0.0
1,0.0019083023071289062,1,1,1e-06,0.0
1,0.0018525123596191406,1,1,1e-06,0.0
1,0.0022504329681396484,1,1,1e-06,0.0
1,0.0016624927520751953,1,1,1e-06,0.0
1,0.0017807483673095703,1,1,1e-06,0.0
1,0.0020279884338378906,1,1,1e-06,0.0
1,0.002287149429321289,1,1,1e-06,0.0
1,0.001664876937866211,1,1,1e-06,0.0
1,0.001644134521484375,1,1,1e-06,0.0
1,0.001514434814453125,1,1,1e-06,0.0
1,0.0018520355224609375,1,1,1e-06,0.0
1,0.0018575191497802734,1,1,1e-06,0.0
1,0.011118173599243164,1,1,1e-06,0.0
1,0.01406240463256836,1,1,1e-06,0.0
1,0.002257823944091797,1,1,1e-06,0.0
1,0.002366781234741211,1,1,1e-06,0.0
1,0.002468585968017578,1,1,1e-06,0.0
1,0.0028243064880371094,1,1,1e-06,0.0
1,0.00404047966003418,1,1,1e-06,0.0
1,0.0029273033142089844,1,1,1e-06,0.0
1,0.0030374526977539062,1,1,1e-06,0.0
1,0.0028181076049804688,1,1,1e-06,0.0
1,0.003406524658203125,1,1,1e-06,0.0
1,0.0027344226837158203,1,1,1e-06,0.0
1,0.003133058547973633,1,1,1e-06,0.0
1,0.004106283187866211,1,1,1e-06,0.0
1,0.00452876091003418,1,1,1e-06,0.0
1,0.003462553024291992,1,1,1e-06,0.0
1,0.003529787063598633,1,1,1e-06,0.0
1,0.0029544830322265625,1,1,1e-06,0.0
1,0.002912282943725586,1,1,1e-06,0.0
1,0.0039331912994384766,1,1,1e-06,0.0
1,0.005024909973144531,1,1,1e-06,0.0
1,0.004464387893676758,1,1,1e-06,0.0
1,0.0038611888885498047,1,1,1e-06,0.0
1,0.004129648208618164,1,1,1e-06,0.0
1,0.004221439361572266,1,1,1e-06,0.0
1,0.0024318695068359375,1,1,1e-06,0.0
1,0.0037851333618164062,1,1,1e-06,0.0
1,0.0035333633422851562,1,1,1e-06,0.0
1,0.003921031951904297,1,1,1e-06,0.0
1,0.008360147476196289,1,1,1e-06,0.0
1,0.0047681331634521484,1,1,1e-06,0.0
1,0.003764629364013672,1,1,1e-06,0.0
1,0.07795476913452148,1,1,1e-06,0.0
1,0.0017826557159423828,1,1,1e-06,0.0
1,0.0019435882568359375,1,1,1e-06,0.0
1,0.001983642578125,1,1,1e-06,0.0
1,0.024228811264038086,1,1,1e-06,0.0
1,0.0019702911376953125,1,1,1e-06,0.0
1,0.0016264915466308594,1,1,1e-06,0.0
1,0.0018601417541503906,1,1,1e-06,0.0
1,0.002202749252319336,1,1,1e-06,0.0
1,0.002634763717651367,1,1,1e-06,0.0
1,0.0017268657684326172,1,1,1e-06,0.0
1,0.001863241195678711,1,1,1e-06,0.0
1,0.0029990673065185547,1,1,1e-06,0.0
1,0.0027043819427490234,1,1,1e-06,0.0
1,0.022340774536132812,1,1,1e-06,0.0
1,0.002139568328857422,1,1,1e-06,0.0
1,0.003002166748046875,1,1,1e-06,0.0
1,0.0026018619537353516,1,1,1e-06,0.0
1,0.0015921592712402344,1,1,1e-06,0.0
1,0.0023598670959472656,1,1,1e-06,0.0
1,0.0021109580993652344,1,1,1e-06,0.0
1,0.0021147727966308594,1,1,1e-06,0.0
1,0.0019686222076416016,1,1,1e-06,0.0
1,0.001865386962890625,1,1,1e-06,0.0
1,0.0015358924865722656,1,1,1e-06,0.0
1,0.00147247314453125,1,1,1e-06,0.0
1,0.001434326171875,1,1,1e-06,0.0
1,0.0014905929565429688,1,1,1e-06,0.0
1,0.002013683319091797,1,1,1e-06,0.0
1,0.0012924671173095703,1,1,1e-06,0.0
1,0.0029168128967285156,1,1,1e-06,0.0
1,0.004267454147338867,1,1,1e-06,0.0
1,0.0016977787017822266,1,1,1e-06,0.0
1,0.002321481704711914,1,1,1e-06,0.0
1,0.0019915103912353516,1,1,1e-06,0.0
1,0.0025124549865722656,1,1,1e-06,0.0
1,0.003168344497680664,1,1,1e-06,0.0
1,0.0038552284240722656,1,1,1e-06,0.0
1,0.0028684139251708984,1,1,1e-06,0.0
1,0.003983259201049805,1,1,1e-06,0.0
1,0.003179788589477539,1,1,1e-06,0.0
1,0.0025463104248046875,1,1,1e-06,0.0
1,0.0036687850952148438,1,1,1e-06,0.0
1,0.00715947151184082,1,1,1e-06,0.0
1,0.0033049583435058594,1,1,1e-06,0.0
1,0.0050427913665771484,1,1,1e-06,0.0
1,0.003735065460205078,1,1,1e-06,0.0
1,0.0035037994384765625,1,1,1e-06,0.0
1,0.0028371810913085938,1,1,1e-06,0.0
1,0.0035805702209472656,1,1,1e-06,0.0
1,0.004459857940673828,1,1,1e-06,0.0
1,0.0035822391510009766,1,1,1e-06,0.0
1,0.0030562877655029297,1,1,1e-06,0.0
1,0.026129961013793945,1,1,1e-06,0.0
1,0.0030069351196289062,1,1,1e-06,0.0
1,0.002148151397705078,1,1,1e-06,0.0
1,0.0017561912536621094,1,1,1e-06,0.0
1,0.0020613670349121094,1,1,1e-06,0.0
1,0.0017726421356201172,1,1,1e-06,0.0
1,0.04922890663146973,1,1,1e-06,0.0
1,0.0019800662994384766,1,1,1e-06,0.0
1,0.005811452865600586,1,1,1e-06,0.0
1,0.001992940902709961,1,1,1e-06,0.0
1,0.002276182174682617,1,1,1e-06,0.0
1,0.002424001693725586,1,1,1e-06,0.0
1,0.002048015594482422,1,1,1e-06,0.0
1,0.0014829635620117188,1,1,1e-06,0.0
1,0.0018100738525390625,1,1,1e-06,0.0
1,0.0016148090362548828,1,1,1e-06,0.0
1,0.0017833709716796875,1,1,1e-06,0.0
1,0.002789735794067383,1,1,1e-06,0.0
1,0.0024759769439697266,1,1,1e-06,0.0
1,0.0017633438110351562,1,1,1e-06,0.0
1,0.0016374588012695312,1,1,1e-06,0.0
1,0.0022733211517333984,1,1,1e-06,0.0
1,0.0032701492309570312,1,1,1e-06,0.0
1,0.002986431121826172,1,1,1e-06,0.0
1,0.002901315689086914,1,1,1e-06,0.0
1,0.0053141117095947266,1,1,1e-06,0.0
1,0.0033822059631347656,1,1,1e-06,0.0
1,0.0032117366790771484,1,1,1e-06,0.0
1,0.0061681270599365234,1,1,1e-06,0.0
1,0.0037696361541748047,1,1,1e-06,0.0
1,0.003933429718017578,1,1,1e-06,0.0
1,0.0030732154846191406,1,1,1e-06,0.0
1,0.0032186508178710938,1,1,1e-06,0.0
1,0.004406929016113281,1,1,1e-06,0.0
1,0.0046384334564208984,1,1,1e-06,0.0
1,0.004045248031616211,1,1,1e-06,0.0
1,0.016543865203857422,1,1,1e-06,0.0
1,0.003665924072265625,1,1,1e-06,0.0
1,0.0030477046966552734,1,1,1e-06,0.0
1,0.002841472625732422,1,1,1e-06,0.0
1,0.004971742630004883,1,1,1e-06,0.0
1,0.004900455474853516,1,1,1e-06,0.0
1,0.0039784908294677734,1,1,1e-06,0.0
1,0.003646373748779297,1,1,1e-06,0.0
1,0.003956317901611328,1,1,1e-06,0.0
1,0.004739522933959961,1,1,1e-06,0.0
1,0.004825115203857422,1,1,1e-06,0.0
1,0.0038716793060302734,1,1,1e-06,0.0
0,1.0076770782470703,0,0,,0.0
1,0.0038406848907470703,1,1,1e-06,0.0
1,0.002901315689086914,1,1,1e-06,0.0
1,0.002335786819458008,1,1,1e-06,0.0
1,0.0019655227661132812,1,1,1e-06,0.0
1,0.010197162628173828,1,1,1e-06,0.0
1,0.0025119781494140625,1,1,1e-06,0.0
1,0.0021970272064208984,1,1,1e-06,0.0
1,0.0020399093627929688,1,1,1e-06,0.0
1,0.0021305084228515625,1,1,1e-06,0.0
1,0.0036809444427490234,1,1,1e-06,0.0
1,0.002633333206176758,1,1,1e-06,0.0
1,0.0027227401733398438,1,1,1e-06,0.0
1,0.0019137859344482422,1,1,1e-06,0.0
1,0.003245115280151367,1,1,1e-06,0.0
1,0.0030984878540039062,1,1,1e-06,0.0
1,0.0030145645141601562,1,1,1e-06,0.0
1,0.0025281906127929688,1,1,1e-06,0.0
1,0.003782987594604492,1,1,1e-06,0.0
1,0.0024652481079101562,1,1,1e-06,0.0
1,0.0021173954010009766,1,1,1e-06,0.0
1,0.0024802684783935547,1,1,1e-06,0.0
1,0.0030210018157958984,1,1,1e-06,0.0
1,0.0024785995483398438,1,1,1e-06,0.0
1,0.0026252269744873047,1,1,1e-06,0.0
1,0.006366729736328125,1,1,1e-06,0.0
1,0.002507448196411133,1,1,1e-06,0.0
1,0.0017867088317871094,1,1,1e-06,0.0
1,0.002729177474975586,1,1,1e-06,0.0
1,0.0020542144775390625,1,1,1e-06,0.0
1,0.002328634262084961,1,1,1e-06,0.0
1,0.022948741912841797,1,1,1e-06,0.0
1,0.0019745826721191406,1,1,1e-06,0.0
1,0.0038280487060546875,1,1,1e-06,0.0
1,0.0027589797973632812,1,1,1e-06,0.0
1,0.003728628158569336,1,1,1e-06,0.0
1,0.0027544498443603516,1,1,1e-06,0.0
1,0.0023872852325439453,1,1,1e-06,0.0
1,0.0036864280700683594,1,1,1e-06,0.0
1,0.0046844482421875,1,1,1e-06,0.0
1,0.009393930435180664,1,1,1e-06,0.0
1,0.0039017200469970703,1,1,1e-06,0.0
1,0.0035979747772216797,1,1,1e-06,0.0
1,0.004504680633544922,1,1,1e-06,0.0
1,0.0045626163482666016,1,1,1e-06,0.0
1,0.04361867904663086,1,1,1e-06,0.0
1,0.0026810169219970703,1,1,1e-06,0.0
1,0.002012491226196289,1,1,1e-06,0.0
1,0.0022492408752441406,1,1,1e-06,0.0
1,0.0021746158599853516,1,1,1e-06,0.0
1,0.1520383358001709,1,1,1e-06,0.0
1,0.0022187232971191406,1,1,1e-06,0.0
1,0.0018663406372070312,1,1,1e-06,0.0
1,0.003158092498779297,1,1,1e-06,0.0
1,0.002964496612548828,1,1,1e-06,0.0
1,0.0019316673278808594,1,1,1e-06,0.0
1,0.0017962455749511719,1,1,1e-06,0.0
1,0.0017092227935791016,1,1,1e-06,0.0
1,0.0021970272064208984,1,1,1e-06,0.0
1,0.0019221305847167969,1,1,1e-06,0.0
1,0.06378316879272461,1,1,1e-06,0.0
1,0.001962900161743164,1,1,1e-06,0.0
1,0.002346038818359375,1,1,1e-06,0.0
1,0.001971721649169922,1,1,1e-06,0.0
1,0.0022537708282470703,1,1,1e-06,0.0
1,0.0014710426330566406,1,1,1e-06,0.0
1,0.0016810894012451172,1,1,1e-06,0.0
1,0.0017657279968261719,1,1,1e-06,0.0
1,0.0024840831756591797,1,1,1e-06,0.0
1,0.0026862621307373047,1,1,1e-06,0.0
1,0.002421140670776367,1,1,1e-06,0.0
1,0.0021364688873291016,1,1,1e-06,0.0
1,0.0022363662719726562,1,1,1e-06,0.0
1,0.0017998218536376953,1,1,1e-06,0.0
1,0.0023145675659179688,1,1,1e-06,0.0
1,0.0019502639770507812,1,1,1e-06,0.0
1,0.0016679763793945312,1,1,1e-06,0.0
1,0.0022623538970947266,1,1,1e-06,0.0
1,0.0019681453704833984,1,1,1e-06,0.0
1,0.002863645553588867,1,1,1e-06,0.0
1,0.0031554698944091797,1,1,1e-06,0.0
1,0.0019910335540771484,1,1,1e-06,0.0
1,0.0024373531341552734,1,1,1e-06,0.0
1,0.0033998489379882812,1,1,1e-06,0.0
1,0.004820823669433594,1,1,1e-06,0.0
1,0.0037534236907958984,1,1,1e-06,0.0
1,0.003587484359741211,1,1,1e-06,0.0
1,0.0040645599365234375,1,1,1e-06,0.0
1,0.0049326419830322266,1,1,1e-06,0.0
1,0.003426790237426758,1,1,1e-06,0.0
1,0.0046498775482177734,1,1,1e-06,0.0
1,0.00436711311340332,1,1,1e-06,0.0
1,0.005095005035400391,1,1,1e-06,0.0
1,0.02220773696899414,1,1,1e-06,0.0
1,0.0032684803009033203,1,1,1e-06,0.0
1,0.0026061534881591797,1,1,1e-06,0.0
1,0.002773761749267578,1,1,1e-06,0.0
1,0.00393223762512207,1,1,1e-06,0.0
1,0.0049364566802978516,1,1,1e-06,0.0
1,0.004129886627197266,1,1,1e-06,0.0
1,0.004345417022705078,1,1,1e-06,0.0
1,0.2066049575805664,1,1,1e-06,0.0
1,0.0018358230590820312,1,1,1e-06,0.0
1,0.0016829967498779297,1,1,1e-06,0.0
1,0.002087116241455078,1,1,1e-06,0.0
1,0.0017275810241699219,1,1,1e-06,0.0
1,0.0017480850219726562,1,1,1e-06,0.0
1,0.0015413761138916016,1,1,1e-06,0.0
1,0.0015017986297607422,1,1,1e-06,0.0
1,0.03418159484863281,1,1,1e-06,0.0
1,0.0019180774688720703,1,1,1e-06,0.0
1,0.0017802715301513672,1,1,1e-06,0.0
1,0.0035262107849121094,1,1,1e-06,0.0
1,0.002885580062866211,1,1,1e-06,0.0
1,0.0022716522216796875,1,1,1e-06,0.0
1,0.013377189636230469,1,1,1e-06,0.0
1,0.0021238327026367188,1,1,1e-06,0.0
1,0.002317667007446289,1,1,1e-06,0.0
1,0.018343210220336914,1,1,1e-06,0.0
1,0.0023648738861083984,1,1,1e-06,0.0
1,0.0020482540130615234,1,1,1e-06,0.0
1,0.0022864341735839844,1,1,1e-06,0.0
1,0.0025877952575683594,1,1,1e-06,0.0
1,0.003097057342529297,1,1,1e-06,0.0
1,0.0033130645751953125,1,1,1e-06,0.0
1,0.002635478973388672,1,1,1e-06,0.0
1,0.001974344253540039,1,1,1e-06,0.0
1,0.003008127212524414,1,1,1e-06,0.0
1,0.003693103790283203,1,1,1e-06,0.0
1,0.003399372100830078,1,1,1e-06,0.0
1,0.007347822189331055,1,1,1e-06,0.0
1,0.0034563541412353516,1,1,1e-06,0.0
1,0.009783506393432617,1,1,1e-06,0.0
1,0.003734588623046875,1,1,1e-06,0.0
1,0.0042226314544677734,1,1,1e-06,0.0
1,0.004805803298950195,1,1,1e-06,0.0
1,0.2488565444946289,1,1,1e-06,0.0
1,0.0021991729736328125,1,1,1e-06,0.0
1,0.0019690990447998047,1,1,1e-06,0.0
1,0.0017974376678466797,1,1,1e-06,0.0
1,0.0016722679138183594,1,1,1e-06,0.0
1,0.011470794677734375,1,1,1e-06,0.0
1,0.002536296844482422,1,1,1e-06,0.0
1,0.0025763511657714844,1,1,1e-06,0.0
1,0.0016176700592041016,1,1,1e-06,0.0
1,0.002335786819458008,1,1,1e-06,0.0
1,0.0013267993927001953,1,1,1e-06,0.0
1,0.0012559890747070312,1,1,1e-06,0.0
1,0.0027556419372558594,1,1,1e-06,0.0
1,0.003946781158447266,1,1,1e-06,0.0
1,0.003854990005493164,1,1,1e-06,0.0
1,0.0024247169494628906,1,1,1e-06,0.0
1,0.003178834915161133,1,1,1e-06,0.0
1,0.002276182174682617,1,1,1e-06,0.0
1,0.1090705394744873,1,1,1e-06,0.0
1,0.0018537044525146484,1,1,1e-06,0.0
1,0.0032203197479248047,1,1,1e-06,0.0
1,0.0019690990447998047,1,1,1e-06,0.0
1,0.0015027523040771484,1,1,1e-06,0.0
1,0.001882791519165039,1,1,1e-06,0.0
1,0.0018625259399414062,1,1,1e-06,0.0
1,0.0017933845520019531,1,1,1e-06,0.0
1,0.0014896392822265625,1,1,1e-06,0.0
1,0.022925376892089844,1,1,1e-06,0.0
1,0.0019073486328125,1,1,1e-06,0.0
1,0.001725912094116211,1,1,1e-06,0.0
1,0.002183198928833008,1,1,1e-06,0.0
1,0.0019452571868896484,1,1,1e-06,0.0
1,0.0018296241760253906,1,1,1e-06,0.0
1,0.0027658939361572266,1,1,1e-06,0.0
1,0.002369403839111328,1,1,1e-06,0.0
1,0.003313779830932617,1,1,1e-06,0.0
1,0.002547025680541992,1,1,1e-06,0.0
1,0.0039844512939453125,1,1,1e-06,0.0
1,0.003817319869995117,1,1,1e-06,0.0
1,0.014485836029052734,1,1,1e-06,0.0
1,0.002323627471923828,1,1,1e-06,0.0
1,0.0028009414672851562,1,1,1e-06,0.0
1,0.0027725696563720703,1,1,1e-06,0.0
1,0.003651857376098633,1,1,1e-06,0.0
1,0.005182981491088867,1,1,1e-06,0.0
1,0.003184795379638672,1,1,1e-06,0.0
1,0.003745555877685547,1,1,1e-06,0.0
1,0.004873514175415039,1,1,1e-06,0.0
1,0.004445075988769531,1,1,1e-06,0.0
1,0.018818140029907227,1,1,1e-06,0.0
1,0.004639148712158203,1,1,1e-06,0.0
1,0.0040454864501953125,1,1,1e-06,0.0
1,0.023435592651367188,1,1,1e-06,0.0
1,0.002698659896850586,1,1,1e-06,0.0
1,0.0029349327087402344,1,1,1e-06,0.0
1,0.0016329288482666016,1,1,1e-06,0.0
1,0.002671480178833008,1,1,1e-06,0.0
1,0.002066373825073242,1,1,1e-06,0.0
1,0.0015711784362792969,1,1,1e-06,0.0
1,0.0015077590942382812,1,1,1e-06,0.0
1,0.0016443729400634766,1,1,1e-06,0.0
1,0.002122163772583008,1,1,1e-06,0.0
1,0.0028891563415527344,1,1,1e-06,0.0
1,0.0209503173828125,1,1,1e-06,0.0
1,0.0055119991302490234,1,1,1e-06,0.0
1,0.0019040107727050781,1,1,1e-06,0.0
1,0.001734018325805664,1,1,1e-06,0.0
1,0.009166240692138672,1,1,1e-06,0.0
1,0.003383159637451172,1,1,1e-06,0.0
1,0.002945423126220703,1,1,1e-06,0.0
1,0.0019936561584472656,1,1,1e-06,0.0
1,0.002779722213745117,1,1,1e-06,0.0
1,0.004331827163696289,1,1,1e-06,0.0
1,0.0034477710723876953,1,1,1e-06,0.0
1,0.010866165161132812,1,1,1e-06,0.0
1,0.003504037857055664,1,1,1e-06,0.0
1,0.00724339485168457,1,1,1e-06,0.0
1,0.005120754241943359,1,1,1e-06,0.0
1,0.004617452621459961,1,1,1e-06,0.0
1,0.0039327144622802734,1,1,1e-06,0.0
1,0.005781650543212891,1,1,1e-06,0.0
1,0.005087375640869141,1,1,1e-06,0.0
1,0.004375934600830078,1,1,1e-06,0.0
1,0.004183053970336914,1,1,1e-06,0.0
1,0.0060272216796875,1,1,1e-06,0.0
1,0.009645938873291016,1,1,1e-06,0.0
1,0.005873203277587891,1,1,1e-06,0.0
1,0.00561070442199707,1,1,1e-06,0.0
1,0.006388425827026367,1,1,1e-06,0.0
1,0.003895998001098633,1,1,1e-06,0.0
1,0.004312753677368164,1,1,1e-06,0.0
1,0.004731416702270508,1,1,1e-06,0.0
1,0.010027408599853516,1,1,1e-06,0.0
1,0.0041790008544921875,1,1,1e-06,0.0
1,0.006325721740722656,1,1,1e-06,0.0
1,0.006380319595336914,1,1,1e-06,0.0
1,0.005361318588256836,1,1,1e-06,0.0
1,0.004068613052368164,1,1,1e-06,0.0
1,0.0063779354095458984,1,1,1e-06,0.0
1,0.0040590763092041016,1,1,1e-06,0.0
1,0.004233121871948242,1,1,1e-06,0.0
1,0.004614830017089844,1,1,1e-06,0.0
1,0.003492116928100586,1,1,1e-06,0.0
1,0.0051767826080322266,1,1,1e-06,0.0
1,0.0033321380615234375,1,1,1e-06,0.0
1,0.0025696754455566406,1,1,1e-06,0.0
1,0.0020110607147216797,1,1,1e-06,0.0
1,0.002474069595336914,1,1,1e-06,0.0
1,0.0025947093963623047,1,1,1e-06,0.0
1,0.0019731521606445312,1,1,1e-06,0.0
1,0.0023462772369384766,1,1,1e-06,0.0
1,0.004586458206176758,1,1,1e-06,0.0
1,0.005003929138183594,1,1,1e-06,0.0
1,0.0059871673583984375,1,1,1e-06,0.0
1,0.004881620407104492,1,1,1e-06,0.0
1,0.0018982887268066406,1,1,1e-06,0.0
1,0.0021047592163085938,1,1,1e-06,0.0
1,0.0018780231475830078,1,1,1e-06,0.0
1,0.0014808177947998047,1,1,1e-06,0.0
1,0.0021338462829589844,1,1,1e-06,0.0
1,0.0013828277587890625,1,1,1e-06,0.0
1,0.0015943050384521484,1,1,1e-06,0.0
1,0.0015232563018798828,1,1,1e-06,0.0
1,0.0016508102416992188,1,1,1e-06,0.0
1,0.0016558170318603516,1,1,1e-06,0.0
1,0.0019443035125732422,1,1,1e-06,0.0
1,0.016608238220214844,1,1,1e-06,0.0
1,0.0020961761474609375,1,1,1e-06,0.0
1,0.0023865699768066406,1,1,1e-06,0.0
1,0.002122163772583008,1,1,1e-06,0.0
1,0.0015168190002441406,1,1,1e-06,0.0
1,0.0018839836120605469,1,1,1e-06,0.0
1,0.0014755725860595703,1,1,1e-06,0.0
1,0.0014159679412841797,1,1,1e-06,0.0
1,0.001993894577026367,1,1,1e-06,0.0
1,0.0020782947540283203,1,1,1e-06,0.0
1,0.0015869140625,1,1,1e-06,0.0
1,0.00171661376953125,1,1,1e-06,0.0
1,0.002187490463256836,1,1,1e-06,0.0
1,0.0018792152404785156,1,1,1e-06,0.0
1,0.0023272037506103516,1,1,1e-06,0.0
1,0.0013327598571777344,1,1,1e-06,0.0
1,0.002916574478149414,1,1,1e-06,0.0
1,0.004510402679443359,1,1,1e-06,0.0
1,0.002729654312133789,1,1,1e-06,0.0
1,0.002679109573364258,1,1,1e-06,0.0
1,0.003330707550048828,1,1,1e-06,0.0
1,0.002382993698120117,1,1,1e-06,0.0
1,0.0021142959594726562,1,1,1e-06,0.0
1,0.0072498321533203125,1,1,1e-06,0.0
1,0.0021467208862304688,1,1,1e-06,0.0
1,0.0014994144439697266,1,1,1e-06,0.0
1,0.001638650894165039,1,1,1e-06,0.0
1,0.0023539066314697266,1,1,1e-06,0.0
1,0.001958608627319336,1,1,1e-06,0.0
1,0.0019466876983642578,1,1,1e-06,0.0
1,0.0022192001342773438,1,1,1e-06,0.0
1,0.0027370452880859375,1,1,1e-06,0.0
1,0.0024995803833007812,1,1,1e-06,0.0
1,0.033231258392333984,1,1,1e-06,0.0
1,0.004474163055419922,1,1,1e-06,0.0
1,0.0015647411346435547,1,1,1e-06,0.0
1,0.002347230911254883,1,1,1e-06,0.0
1,0.0029108524322509766,1,1,1e-06,0.0
1,0.002564668655395508,1,1,1e-06,0.0
1,0.0023567676544189453,1,1,1e-06,0.0
1,0.003358125686645508,1,1,1e-06,0.0
1,0.003225564956665039,1,1,1e-06,0.0
1,0.0020215511322021484,1,1,1e-06,0.0
1,0.00176239013671875,1,1,1e-06,0.0
1,0.0023343563079833984,1,1,1e-06,0.0
1,0.0023963451385498047,1,1,1e-06,0.0
1,0.0016069412231445312,1,1,1e-06,0.0
1,0.0014584064483642578,1,1,1e-06,0.0
1,0.002370119094848633,1,1,1e-06,0.0
1,0.0028982162475585938,1,1,1e-06,0.0
1,0.003816366195678711,1,1,1e-06,0.0
1,0.0035898685455322266,1,1,1e-06,0.0
1,0.003149271011352539,1,1,1e-06,0.0
1,0.004087686538696289,1,1,1e-06,0.0
1,0.006999969482421875,1,1,1e-06,0.0
1,0.0039031505584716797,1,1,1e-06,0.0
1,0.0036232471466064453,1,1,1e-06,0.0
1,0.0041234493255615234,1,1,1e-06,0.0
1,0.005665779113769531,1,1,1e-06,0.0
1,0.004884243011474609,1,1,1e-06,0.0
1,0.0037946701049804688,1,1,1e-06,0.0
1,0.004819393157958984,1,1,1e-06,0.0
1,0.005603790283203125,1,1,1e-06,0.0
1,0.028290987014770508,1,1,1e-06,0.0
1,0.006788969039916992,1,1,1e-06,0.0
1,0.005023956298828125,1,1,1e-06,0.0
1,0.003803730010986328,1,1,1e-06,0.0
1,0.002522706985473633,1,1,1e-06,0.0
1,0.006569862365722656,1,1,1e-06,0.0
1,0.005723714828491211,1,1,1e-06,0.0
1,0.002390146255493164,1,1,1e-06,0.0
1,0.0021762847900390625,1,1,1e-06,0.0
1,0.0021135807037353516,1,1,1e-06,0.0
1,0.002496004104614258,1,1,1e-06,0.0
1,0.010703325271606445,1,1,1e-06,0.0
1,0.002034902572631836,1,1,1e-06,0.0
1,0.0021140575408935547,1,1,1e-06,0.0
1,0.0030906200408935547,1,1,1e-06,0.0
1,0.0026352405548095703,1,1,1e-06,0.0
1,0.01144266128540039,1,1,1e-06,0.0
1,0.002264261245727539,1,1,1e-06,0.0
1,0.008624553680419922,1,1,1e-06,0.0
1,0.002936840057373047,1,1,1e-06,0.0
1,0.002653360366821289,1,1,1e-06,0.0
1,0.0024590492248535156,1,1,1e-06,0.0
1,0.003301382064819336,1,1,1e-06,0.0
1,0.010854005813598633,1,1,1e-06,0.0
1,0.002397775650024414,1,1,1e-06,0.0
1,0.0023598670959472656,1,1,1e-06,0.0
1,0.0024831295013427734,1,1,1e-06,0.0
1,0.0029926300048828125,1,1,1e-06,0.0
1,0.010590791702270508,1,1,1e-06,0.0
1,0.0025348663330078125,1,1,1e-06,0.0
1,0.0024132728576660156,1,1,1e-06,0.0
1,0.0030841827392578125,1,1,1e-06,0.0
1,0.003456592559814453,1,1,1e-06,0.0
1,0.003036022186279297,1,1,1e-06,0.0
1,0.0072460174560546875,1,1,1e-06,0.0
1,0.008083105087280273,1,1,1e-06,0.0
1,0.0029189586639404297,1,1,1e-06,0.0
1,0.002090930938720703,1,1,1e-06,0.0
1,0.003278493881225586,1,1,1e-06,0.0
1,0.0029227733612060547,1,1,1e-06,0.0
1,0.009287595748901367,1,1,1e-06,0.0
1,0.003126859664916992,1,1,1e-06,0.0
1,0.003654956817626953,1,1,1e-06,0.0
1,0.003531217575073242,1,1,1e-06,0.0
1,0.011125564575195312,1,1,1e-06,0.0
1,0.003216981887817383,1,1,1e-06,0.0
1,0.003795623779296875,1,1,1e-06,0.0
1,0.0022280216217041016,1,1,1e-06,0.0
1,0.012398481369018555,1,1,1e-06,0.0
1,0.002498626708984375,1,1,1e-06,0.0
1,0.002722024917602539,1,1,1e-06,0.0
1,0.0034270286560058594,1,1,1e-06,0.0
1,0.011850118637084961,1,1,1e-06,0.0
1,0.0018756389617919922,1,1,1e-06,0.0
1,0.006297588348388672,1,1,1e-06,0.0
1,0.0034415721893310547,1,1,1e-06,0.0
1,0.01266026496887207,1,1,1e-06,0.0
1,0.00318145751953125,1,1,1e-06,0.0
1,0.0017650127410888672,1,1,1e-06,0.0
1,0.008484125137329102,1,1,1e-06,0.0
1,0.002585172653198242,1,1,1e-06,0.0
1,0.002168416976928711,1,1,1e-06,0.0
1,0.011858224868774414,1,1,1e-06,0.0
1,0.0033249855041503906,1,1,1e-06,0.0
1,0.0036156177520751953,1,1,1e-06,0.0
1,0.003328561782836914,1,1,1e-06,0.0
1,0.0026705265045166016,1,1,1e-06,0.0
1,0.008365869522094727,1,1,1e-06,0.0
1,0.0025131702423095703,1,1,1e-06,0.0
1,0.12747931480407715,1,1,1e-06,0.0
1,0.002615213394165039,1,1,1e-06,0.0
1,0.0029518604278564453,1,1,1e-06,0.0
1,0.0034618377685546875,1,1,1e-06,0.0
1,0.0031592845916748047,1,1,1e-06,0.0
1,0.003677845001220703,1,1,1e-06,0.0
1,0.006743907928466797,1,1,1e-06,0.0
1,0.0074422359466552734,1,1,1e-06,0.0
1,0.002768278121948242,1,1,1e-06,0.0
1,0.011777877807617188,1,1,1e-06,0.0
1,0.0024127960205078125,1,1,1e-06,0.0
1,0.003690958023071289,1,1,1e-06,0.0
1,0.0038242340087890625,1,1,1e-06,0.0
1,0.0030303001403808594,1,1,1e-06,0.0
1,0.009088516235351562,1,1,1e-06,0.0
1,0.00351715087890625,1,1,1e-06,0.0
1,0.0037763118743896484,1,1,1e-06,0.0
1,0.010633707046508789,1,1,1e-06,0.0
1,0.0036733150482177734,1,1,1e-06,0.0
1,0.0053348541259765625,1,1,1e-06,0.0
1,0.007523775100708008,1,1,1e-06,0.0
1,0.010055303573608398,1,1,1e-06,0.0
1,0.003496885299682617,1,1,1e-06,0.0
1,0.009947538375854492,1,1,1e-06,0.0
1,0.004985332489013672,1,1,1e-06,0.0
1,0.007251739501953125,1,1,1e-06,0.0
1,0.0059051513671875,1,1,1e-06,0.0
1,0.0023119449615478516,1,1,1e-06,0.0
1,0.00563502311706543,1,1,1e-06,0.0
1,0.0037882328033447266,1,1,1e-06,0.0
1,0.004492759704589844,1,1,1e-06,0.0
1,0.0032858848571777344,1,1,1e-06,0.0
1,0.0036385059356689453,1,1,1e-06,0.0
1,0.008821487426757812,1,1,1e-06,0.0
1,0.004365682601928711,1,1,1e-06,0.0
1,0.0035238265991210938,1,1,1e-06,0.0
1,0.005332469940185547,1,1,1e-06,0.0
1,0.0029091835021972656,1,1,1e-06,0.0
1,0.00757145881652832,1,1,1e-06,0.0
1,0.00568389892578125,1,1,1e-06,0.0
1,0.006024599075317383,1,1,1e-06,0.0
1,0.0038270950317382812,1,1,1e-06,0.0
1,0.00413966178894043,1,1,1e-06,0.0
1,0.0025603771209716797,1,1,1e-06,0.0
1,0.023646116256713867,1,1,1e-06,0.0
1,0.004006147384643555,1,1,1e-06,0.0
1,0.002980470657348633,1,1,1e-06,0.0
1,0.003957986831665039,1,1,1e-06,0.0
1,0.006579399108886719,1,1,1e-06,0.0
1,0.0029871463775634766,1,1,1e-06,0.0
1,0.0030875205993652344,1,1,1e-06,0.0
1,0.004381418228149414,1,1,1e-06,0.0
1,0.0052793025970458984,1,1,1e-06,0.0
1,0.0035588741302490234,1,1,1e-06,0.0
1,0.0038101673126220703,1,1,1e-06,0.0
1,0.002989530563354492,1,1,1e-06,0.0
1,0.006274223327636719,1,1,1e-06,0.0
1,0.018886089324951172,1,1,1e-06,0.0
1,0.0027534961700439453,1,1,1e-06,0.0
1,0.0036547183990478516,1,1,1e-06,0.0
1,0.0030448436737060547,1,1,1e-06,0.0
1,0.0027403831481933594,1,1,1e-06,0.0
1,0.003303050994873047,1,1,1e-06,0.0
1,0.003978729248046875,1,1,1e-06,0.0
1,0.0037631988525390625,1,1,1e-06,0.0
1,0.0030088424682617188,1,1,1e-06,0.0
1,0.004168987274169922,1,1,1e-06,0.0
1,0.003092050552368164,1,1,1e-06,0.0
1,0.0035486221313476562,1,1,1e-06,0.0
1,0.004007101058959961,1,1,1e-06,0.0
1,0.006168365478515625,1,1,1e-06,0.0
1,0.0030372142791748047,1,1,1e-06,0.0
1,0.0026252269744873047,1,1,1e-06,0.0
1,0.0027129650115966797,1,1,1e-06,0.0
1,0.004018068313598633,1,1,1e-06,0.0
1,0.019697189331054688,1,1,1e-06,0.0
1,0.0027632713317871094,1,1,1e-06,0.0
1,0.0031113624572753906,1,1,1e-06,0.0
1,0.008640050888061523,1,1,1e-06,0.0
1,0.006831169128417969,1,1,1e-06,0.0
1,0.004074573516845703,1,1,1e-06,0.0
1,0.0028192996978759766,1,1,1e-06,0.0
1,0.005268096923828125,1,1,1e-06,0.0
1,0.005867958068847656,1,1,1e-06,0.0
1,0.0037615299224853516,1,1,1e-06,0.0
1,0.022134780883789062,1,1,1e-06,0.0
1,0.022914409637451172,1,1,1e-06,0.0
1,0.004712820053100586,1,1,1e-06,0.0
1,0.006548643112182617,1,1,1e-06,0.0
1,0.0041904449462890625,1,1,1e-06,0.0
1,0.002808094024658203,1,1,1e-06,0.0
1,0.003939390182495117,1,1,1e-06,0.0
1,0.005010843276977539,1,1,1e-06,0.0
1,0.004353523254394531,1,1,1e-06,0.0
1,0.004780292510986328,1,1,1e-06,0.0
1,0.0038051605224609375,1,1,1e-06,0.0
1,0.0036194324493408203,1,1,1e-06,0.0
1,0.005701541900634766,1,1,1e-06,0.0
1,0.008977413177490234,1,1,1e-06,0.0
1,0.004532814025878906,1,1,1e-06,0.0
1,0.025323867797851562,1,1,1e-06,0.0
1,0.0029931068420410156,1,1,1e-06,0.0
1,0.007604360580444336,1,1,1e-06,0.0
1,0.0045166015625,1,1,1e-06,0.0
1,0.004113435745239258,1,1,1e-06,0.0
1,0.003968954086303711,1,1,1e-06,0.0
1,0.002750396728515625,1,1,1e-06,0.0
1,0.005184650421142578,1,1,1e-06,0.0
1,0.0031299591064453125,1,1,1e-06,0.0
1,0.004467487335205078,1,1,1e-06,0.0
1,0.005853176116943359,1,1,1e-06,0.0
1,0.011548042297363281,1,1,1e-06,0.0
1,0.00901484489440918,1,1,1e-06,0.0
1,0.0017669200897216797,1,1,1e-06,0.0
1,0.0037772655487060547,1,1,1e-06,0.0
1,0.003206491470336914,1,1,1e-06,0.0
1,0.005799770355224609,1,1,1e-06,0.0
1,0.0033702850341796875,1,1,1e-06,0.0
1,0.0030422210693359375,1,1,1e-06,0.0
1,0.0026633739471435547,1,1,1e-06,0.0
1,0.0038652420043945312,1,1,1e-06,0.0
1,0.00366973876953125,1,1,1e-06,0.0
1,0.0035958290100097656,1,1,1e-06,0.0
1,0.004561662673950195,1,1,1e-06,0.0
1,0.003312826156616211,1,1,1e-06,0.0
1,0.0034978389739990234,1,1,1e-06,0.0
1,0.19645237922668457,1,1,1e-06,0.0
1,0.006947040557861328,1,1,1e-06,0.0
1,0.013564825057983398,1,1,1e-06,0.0
1,0.003729581832885742,1,1,1e-06,0.0
1,0.003840208053588867,1,1,1e-06,0.0
1,0.0043468475341796875,1,1,1e-06,0.0
1,0.007246971130371094,1,1,1e-06,0.0
1,0.0026464462280273438,1,1,1e-06,0.0
1,0.02411341667175293,1,1,1e-06,0.0
1,0.008238792419433594,1,1,1e-06,0.0
1,0.0025179386138916016,1,1,1e-06,0.0
1,0.00910806655883789,1,1,1e-06,0.0
1,0.007404804229736328,1,1,1e-06,0.0
1,0.0027129650115966797,1,1,1e-06,0.0
1,0.002753734588623047,1,1,1e-06,0.0
1,0.003387451171875,1,1,1e-06,0.0
1,0.011093616485595703,1,1,1e-06,0.0
1,0.002962350845336914,1,1,1e-06,0.0
1,0.0028095245361328125,1,1,1e-06,0.0
1,0.00527644157409668,1,1,1e-06,0.0
1,0.06029367446899414,1,1,1e-06,0.0
1,0.0053293704986572266,1,1,1e-06,0.0
1,0.002493619918823242,1,1,1e-06,0.0
1,0.006606340408325195,1,1,1e-06,0.0
1,0.006402492523193359,1,1,1e-06,0.0
1,0.01758718490600586,1,1,1e-06,0.0
0,1.0102887153625488,0,0,,0.0
1,0.002107381820678711,1,1,1e-06,0.0
1,0.002260923385620117,1,1,1e-06,0.0
1,0.0029387474060058594,1,1,1e-06,0.0
1,0.001918792724609375,1,1,1e-06,0.0
1,0.0033271312713623047,1,1,1e-06,0.0
1,0.005873203277587891,1,1,1e-06,0.0
1,0.0027227401733398438,1,1,1e-06,0.0
1,0.0021369457244873047,1,1,1e-06,0.0
1,0.022366762161254883,1,1,1e-06,0.0
1,0.0033750534057617188,1,1,1e-06,0.0
1,0.0026733875274658203,1,1,1e-06,0.0
0,1.007911205291748,0,0,,0.0
1,0.0023946762084960938,1,1,1e-06,0.0
1,0.0024094581604003906,1,1,1e-06,0.0
1,0.004271745681762695,1,1,1e-06,0.0
1,0.002339601516723633,1,1,1e-06,0.0
1,0.0023131370544433594,1,1,1e-06,0.0
1,0.0029523372650146484,1,1,1e-06,0.0
1,0.001750946044921875,1,1,1e-06,0.0
1,0.0022459030151367188,1,1,1e-06,0.0
1,0.0022897720336914062,1,1,1e-06,0.0
1,0.0020334720611572266,1,1,1e-06,0.0
1,0.0019488334655761719,1,1,1e-06,0.0
1,0.0021042823791503906,1,1,1e-06,0.0
1,0.002151012420654297,1,1,1e-06,0.0
1,0.0015461444854736328,1,1,1e-06,0.0
1,0.0016207695007324219,1,1,1e-06,0.0
1,0.0017969608306884766,1,1,1e-06,0.0
1,0.0017018318176269531,1,1,1e-06,0.0
1,0.002887248992919922,1,1,1e-06,0.0
1,0.0029096603393554688,1,1,1e-06,0.0
1,0.0021698474884033203,1,1,1e-06,0.0
1,0.0019354820251464844,1,1,1e-06,0.0
1,0.017764568328857422,1,1,1e-06,0.0
1,0.0023107528686523438,1,1,1e-06,0.0
1,0.0018563270568847656,1,1,1e-06,0.0
1,0.0016019344329833984,1,1,1e-06,0.0
1,0.0023987293243408203,1,1,1e-06,0.0
1,0.002918243408203125,1,1,1e-06,0.0
1,0.012310266494750977,1,1,1e-06,0.0
1,0.002214670181274414,1,1,1e-06,0.0
1,0.0021333694458007812,1,1,1e-06,0.0
1,0.0020554065704345703,1,1,1e-06,0.0
1,0.002380847930908203,1,1,1e-06,0.0
1,0.002302885055541992,1,1,1e-06,0.0
1,0.0024192333221435547,1,1,1e-06,0.0
1,0.0020945072174072266,1,1,1e-06,0.0
1,0.0030243396759033203,1,1,1e-06,0.0
1,0.0020503997802734375,1,1,1e-06,0.0
1,0.0052585601806640625,1,1,1e-06,0.0
1,0.0021278858184814453,1,1,1e-06,0.0
1,0.003920793533325195,1,1,1e-06,0.0
1,0.0022954940795898438,1,1,1e-06,0.0
1,0.002372264862060547,1,1,1e-06,0.0
1,0.0024161338806152344,1,1,1e-06,0.0
1,0.003040313720703125,1,1,1e-06,0.0
1,0.0023009777069091797,1,1,1e-06,0.0
1,0.002156972885131836,1,1,1e-06,0.0
1,0.002974271774291992,1,1,1e-06,0.0
1,0.0022170543670654297,1,1,1e-06,0.0
1,0.003135204315185547,1,1,1e-06,0.0
1,0.003292083740234375,1,1,1e-06,0.0
1,0.005916118621826172,1,1,1e-06,0.0
1,0.0023136138916015625,1,1,1e-06,0.0
1,0.002791881561279297,1,1,1e-06,0.0
1,0.003596782684326172,1,1,1e-06,0.0
1,0.004012584686279297,1,1,1e-06,0.0
1,0.005477190017700195,1,1,1e-06,0.0
1,0.0051152706146240234,1,1,1e-06,0.0
1,0.00334930419921875,1,1,1e-06,0.0
1,0.0044040679931640625,1,1,1e-06,0.0
1,0.0043790340423583984,1,1,1e-06,0.0
1,0.005297660827636719,1,1,1e-06,0.0
1,0.005796670913696289,1,1,1e-06,0.0
1,0.04247450828552246,1,1,1e-06,0.0
1,0.002469301223754883,1,1,1e-06,0.0
1,0.002778291702270508,1,1,1e-06,0.0
1,0.002505779266357422,1,1,1e-06,0.0
1,0.0043714046478271484,1,1,1e-06,0.0
1,0.0022079944610595703,1,1,1e-06,0.0
1,0.0018720626831054688,1,1,1e-06,0.0
1,0.0066509246826171875,1,1,1e-06,0.0
1,0.0032720565795898438,1,1,1e-06,0.0
1,0.00263214111328125,1,1,1e-06,0.0
1,0.0022780895233154297,1,1,1e-06,0.0
1,0.003443479537963867,1,1,1e-06,0.0
1,0.004695415496826172,1,1,1e-06,0.0
1,0.002458810806274414,1,1,1e-06,0.0
1,0.0019707679748535156,1,1,1e-06,0.0
1,0.0024955272674560547,1,1,1e-06,0.0
1,0.0022873878479003906,1,1,1e-06,0.0
1,0.003187894821166992,1,1,1e-06,0.0
1,0.002583026885986328,1,1,1e-06,0.0
1,0.0022940635681152344,1,1,1e-06,0.0
1,0.0017507076263427734,1,1,1e-06,0.0
1,0.0017733573913574219,1,1,1e-06,0.0
1,0.002151966094970703,1,1,1e-06,0.0
1,0.0017440319061279297,1,1,1e-06,0.0
1,0.1981828212738037,1,1,1e-06,0.0
1,0.0019292831420898438,1,1,1e-06,0.0
1,0.0023136138916015625,1,1,1e-06,0.0
1,0.0020885467529296875,1,1,1e-06,0.0
1,0.002534627914428711,1,1,1e-06,0.0
1,0.03441429138183594,1,1,1e-06,0.0
1,0.0026650428771972656,1,1,1e-06,0.0
1,0.0026879310607910156,1,1,1e-06,0.0
1,0.0025963783264160156,1,1,1e-06,0.0
1,0.0023398399353027344,1,1,1e-06,0.0
1,0.002763509750366211,1,1,1e-06,0.0
1,0.003278017044067383,1,1,1e-06,0.0
1,0.002313375473022461,1,1,1e-06,0.0
1,0.002523183822631836,1,1,1e-06,0.0
1,0.0040934085845947266,1,1,1e-06,0.0
1,0.0027685165405273438,1,1,1e-06,0.0
1,0.0044820308685302734,1,1,1e-06,0.0
1,0.0020904541015625,1,1,1e-06,0.0
1,0.0021333694458007812,1,1,1e-06,0.0
1,0.0027430057525634766,1,1,1e-06,0.0
1,0.0031785964965820312,1,1,1e-06,0.0
1,0.0023276805877685547,1,1,1e-06,0.0
1,0.004192829132080078,1,1,1e-06,0.0
1,0.004404306411743164,1,1,1e-06,0.0
1,0.004656076431274414,1,1,1e-06,0.0
1,0.004616260528564453,1,1,1e-06,0.0
1,0.021518945693969727,1,1,1e-06,0.0
1,0.0021758079528808594,1,1,1e-06,0.0
1,0.002938985824584961,1,1,1e-06,0.0
1,0.002897500991821289,1,1,1e-06,0.0
1,0.001990795135498047,1,1,1e-06,0.0
1,0.002334117889404297,1,1,1e-06,0.0
1,0.0026254653930664062,1,1,1e-06,0.0
1,0.0060961246490478516,1,1,1e-06,0.0
1,0.004061222076416016,1,1,1e-06,0.0
1,0.004525899887084961,1,1,1e-06,0.0
1,0.003265380859375,1,1,1e-06,0.0
1,0.004580259323120117,1,1,1e-06,0.0
1,0.005892515182495117,1,1,1e-06,0.0
1,0.0026187896728515625,1,1,1e-06,0.0
1,0.0026006698608398438,1,1,1e-06,0.0
1,0.002615690231323242,1,1,1e-06,0.0
1,0.002542257308959961,1,1,1e-06,0.0
1,0.002302885055541992,1,1,1e-06,0.0
1,0.004389047622680664,1,1,1e-06,0.0
1,0.002657175064086914,1,1,1e-06,0.0
1,0.004430532455444336,1,1,1e-06,0.0
1,0.0029430389404296875,1,1,1e-06,0.0
1,0.002447843551635742,1,1,1e-06,0.0
1,0.005312919616699219,1,1,1e-06,0.0
1,0.0038704872131347656,1,1,1e-06,0.0
1,0.002542257308959961,1,1,1e-06,0.0
1,0.003755807876586914,1,1,1e-06,0.0
1,0.0037381649017333984,1,1,1e-06,0.0
1,0.002278566360473633,1,1,1e-06,0.0
1,0.004105567932128906,1,1,1e-06,0.0
1,0.004446744918823242,1,1,1e-06,0.0
1,0.004352092742919922,1,1,1e-06,0.0
1,0.004597663879394531,1,1,1e-06,0.0
1,0.004956245422363281,1,1,1e-06,0.0
1,0.0047037601470947266,1,1,1e-06,0.0
1,0.004937171936035156,1,1,1e-06,0.0
1,0.004349946975708008,1,1,1e-06,0.0
1,0.0020170211791992188,1,1,1e-06,0.0
1,0.002814054489135742,1,1,1e-06,0.0
1,0.0038061141967773438,1,1,1e-06,0.0
1,0.003998756408691406,1,1,1e-06,0.0
1,0.0031838417053222656,1,1,1e-06,0.0
1,0.004744529724121094,1,1,1e-06,0.0
1,0.0038199424743652344,1,1,1e-06,0.0
1,0.0040760040283203125,1,1,1e-06,0.0
1,0.0036842823028564453,1,1,1e-06,0.0
1,0.004374265670776367,1,1,1e-06,0.0
1,0.00396418571472168,1,1,1e-06,0.0
1,0.0021529197692871094,1,1,1e-06,0.0
1,0.004220247268676758,1,1,1e-06,0.0
1,0.04055500030517578,1,1,1e-06,0.0
1,0.0020449161529541016,1,1,1e-06,0.0
1,0.0032072067260742188,1,1,1e-06,0.0
1,0.003068208694458008,1,1,1e-06,0.0
1,0.00213623046875,1,1,1e-06,0.0
1,0.0017838478088378906,1,1,1e-06,0.0
1,0.002819061279296875,1,1,1e-06,0.0
1,0.001744985580444336,1,1,1e-06,0.0
1,0.0025806427001953125,1,1,1e-06,0.0
1,0.002468585968017578,1,1,1e-06,0.0
1,0.0026662349700927734,1,1,1e-06,0.0
1,0.0036242008209228516,1,1,1e-06,0.0
1,0.005136251449584961,1,1,1e-06,0.0
1,0.0032982826232910156,1,1,1e-06,0.0
1,0.005623579025268555,1,1,1e-06,0.0
1,0.002586841583251953,1,1,1e-06,0.0
1,0.002398252487182617,1,1,1e-06,0.0
1,0.0021588802337646484,1,1,1e-06,0.0
1,0.13879990577697754,1,1,1e-06,0.0
1,0.0020012855529785156,1,1,1e-06,0.0
1,0.002157926559448242,1,1,1e-06,0.0
1,0.0023484230041503906,1,1,1e-06,0.0
1,0.0019931793212890625,1,1,1e-06,0.0
1,0.0022492408752441406,1,1,1e-06,0.0
1,0.003451824188232422,1,1,1e-06,0.0
1,0.003223896026611328,1,1,1e-06,0.0
1,0.0027985572814941406,1,1,1e-06,0.0
1,0.003097057342529297,1,1,1e-06,0.0
1,0.0021071434020996094,1,1,1e-06,0.0
1,0.0027523040771484375,1,1,1e-06,0.0
1,0.01539468765258789,1,1,1e-06,0.0
1,0.0021185874938964844,1,1,1e-06,0.0
1,0.0018241405487060547,1,1,1e-06,0.0
1,0.0016901493072509766,1,1,1e-06,0.0
1,0.0030164718627929688,1,1,1e-06,0.0
1,0.0023484230041503906,1,1,1e-06,0.0
1,0.005985260009765625,1,1,1e-06,0.0
1,0.003652811050415039,1,1,1e-06,0.0
1,0.0018360614776611328,1,1,1e-06,0.0
1,0.002812623977661133,1,1,1e-06,0.0
1,0.0033118724822998047,1,1,1e-06,0.0
1,0.0033740997314453125,1,1,1e-06,0.0
1,0.002544403076171875,1,1,1e-06,0.0
1,0.0029838085174560547,1,1,1e-06,0.0
1,0.003769397735595703,1,1,1e-06,0.0
1,0.0018568038940429688,1,1,1e-06,0.0
1,0.003262758255004883,1,1,1e-06,0.0
1,0.00412750244140625,1,1,1e-06,0.0
1,0.0028793811798095703,1,1,1e-06,0.0
1,0.002824544906616211,1,1,1e-06,0.0
1,0.004329681396484375,1,1,1e-06,0.0
1,0.0052661895751953125,1,1,1e-06,0.0
1,0.0043909549713134766,1,1,1e-06,0.0
1,0.003216981887817383,1,1,1e-06,0.0
1,0.003337383270263672,1,1,1e-06,0.0
1,0.0045659542083740234,1,1,1e-06,0.0
1,0.0033311843872070312,1,1,1e-06,0.0
1,0.003248929977416992,1,1,1e-06,0.0
1,0.0037636756896972656,1,1,1e-06,0.0
1,0.00442051887512207,1,1,1e-06,0.0
1,0.024158716201782227,1,1,1e-06,0.0
1,0.0017628669738769531,1,1,1e-06,0.0
1,0.0019881725311279297,1,1,1e-06,0.0
1,0.0024759769439697266,1,1,1e-06,0.0
1,0.002935647964477539,1,1,1e-06,0.0
1,0.003198385238647461,1,1,1e-06,0.0
1,0.0022225379943847656,1,1,1e-06,0.0
1,0.0017194747924804688,1,1,1e-06,0.0
1,0.0019690990447998047,1,1,1e-06,0.0
1,0.0017046928405761719,1,1,1e-06,0.0
1,0.0015463829040527344,1,1,1e-06,0.0
1,0.0016872882843017578,1,1,1e-06,0.0
1,0.0047299861907958984,1,1,1e-06,0.0
1,0.0027494430541992188,1,1,1e-06,0.0
1,0.0023946762084960938,1,1,1e-06,0.0
1,0.002546548843383789,1,1,1e-06,0.0
1,0.0024564266204833984,1,1,1e-06,0.0
1,0.002585172653198242,1,1,1e-06,0.0
1,0.003216981887817383,1,1,1e-06,0.0
1,0.026943206787109375,1,1,1e-06,0.0
1,0.003590822219848633,1,1,1e-06,0.0
1,0.0023229122161865234,1,1,1e-06,0.0
1,0.021787643432617188,1,1,1e-06,0.0
1,0.002485036849975586,1,1,1e-06,0.0
1,0.0019783973693847656,1,1,1e-06,0.0
1,0.001971006393432617,1,1,1e-06,0.0
1,0.0019044876098632812,1,1,1e-06,0.0
1,0.003123044967651367,1,1,1e-06,0.0
1,0.002048492431640625,1,1,1e-06,0.0
1,0.0018024444580078125,1,1,1e-06,0.0
1,0.0024385452270507812,1,1,1e-06,0.0
1,0.0026121139526367188,1,1,1e-06,0.0
1,0.0024449825286865234,1,1,1e-06,0.0
1,0.0054280757904052734,1,1,1e-06,0.0
1,0.002610445022583008,1,1,1e-06,0.0
1,0.003047466278076172,1,1,1e-06,0.0
1,0.012053251266479492,1,1,1e-06,0.0
1,0.0026640892028808594,1,1,1e-06,0.0
1,0.0017521381378173828,1,1,1e-06,0.0
1,0.0039691925048828125,1,1,1e-06,0.0
1,0.002359151840209961,1,1,1e-06,0.0
1,0.004462003707885742,1,1,1e-06,0.0
1,0.0036945343017578125,1,1,1e-06,0.0
1,0.004265785217285156,1,1,1e-06,0.0
1,0.004724740982055664,1,1,1e-06,0.0
1,0.006482601165771484,1,1,1e-06,0.0
1,0.003902435302734375,1,1,1e-06,0.0
1,0.004312038421630859,1,1,1e-06,0.0
1,0.005239009857177734,1,1,1e-06,0.0
1,0.004648685455322266,1,1,1e-06,0.0
1,0.0030384063720703125,1,1,1e-06,0.0
1,0.002703428268432617,1,1,1e-06,0.0
1,0.00592803955078125,1,1,1e-06,0.0
1,0.004857063293457031,1,1,1e-06,0.0
1,0.0057451725006103516,1,1,1e-06,0.0
1,0.0058994293212890625,1,1,1e-06,0.0
1,0.005022764205932617,1,1,1e-06,0.0
1,0.003194570541381836,1,1,1e-06,0.0
1,0.0036420822143554688,1,1,1e-06,0.0
1,0.0047299861907958984,1,1,1e-06,0.0
1,0.0036818981170654297,1,1,1e-06,0.0
1,0.003287792205810547,1,1,1e-06,0.0
1,0.003102540969848633,1,1,1e-06,0.0
1,0.003213644027709961,1,1,1e-06,0.0
1,0.002798795700073242,1,1,1e-06,0.0
1,0.0021708011627197266,1,1,1e-06,0.0
1,0.02852153778076172,1,1,1e-06,0.0
1,0.0027360916137695312,1,1,1e-06,0.0
1,0.0017447471618652344,1,1,1e-06,0.0
1,0.0023508071899414062,1,1,1e-06,0.0
1,0.004559993743896484,1,1,1e-06,0.0
1,0.004399299621582031,1,1,1e-06,0.0
1,0.004163026809692383,1,1,1e-06,0.0
1,0.0038836002349853516,1,1,1e-06,0.0
1,0.0035676956176757812,1,1,1e-06,0.0
1,0.003918170928955078,1,1,1e-06,0.0
1,0.004880666732788086,1,1,1e-06,0.0
1,0.004186153411865234,1,1,1e-06,0.0
1,0.004143238067626953,1,1,1e-06,0.0
1,0.0048449039459228516,1,1,1e-06,0.0
1,0.004492044448852539,1,1,1e-06,0.0
1,0.0018510818481445312,1,1,1e-06,0.0
1,0.0019519329071044922,1,1,1e-06,0.0
1,0.003078460693359375,1,1,1e-06,0.0
1,0.006112098693847656,1,1,1e-06,0.0
1,0.004088163375854492,1,1,1e-06,0.0
1,0.023514747619628906,1,1,1e-06,0.0
1,0.0017702579498291016,1,1,1e-06,0.0
1,0.0015943050384521484,1,1,1e-06,0.0
1,0.0019426345825195312,1,1,1e-06,0.0
1,0.002162933349609375,1,1,1e-06,0.0
1,0.0017428398132324219,1,1,1e-06,0.0
1,0.002504587173461914,1,1,1e-06,0.0
1,0.002030611038208008,1,1,1e-06,0.0
1,0.01288294792175293,1,1,1e-06,0.0
1,0.0019278526306152344,1,1,1e-06,0.0
1,0.0018482208251953125,1,1,1e-06,0.0
1,0.0021216869354248047,1,1,1e-06,0.0
1,0.0021240711212158203,1,1,1e-06,0.0
1,0.0022530555725097656,1,1,1e-06,0.0
1,0.002071857452392578,1,1,1e-06,0.0
1,0.0017514228820800781,1,1,1e-06,0.0
1,0.0030405521392822266,1,1,1e-06,0.0
1,0.0052912235260009766,1,1,1e-06,0.0
1,0.003513813018798828,1,1,1e-06,0.0
1,0.017244338989257812,1,1,1e-06,0.0
1,0.002995729446411133,1,1,1e-06,0.0
1,0.0022377967834472656,1,1,1e-06,0.0
1,0.001566171646118164,1,1,1e-06,0.0
1,0.0013916492462158203,1,1,1e-06,0.0
1,0.0011258125305175781,1,1,1e-06,0.0
1,0.0019474029541015625,1,1,1e-06,0.0
1,0.0020782947540283203,1,1,1e-06,0.0
1,0.0021567344665527344,1,1,1e-06,0.0
1,0.005249500274658203,1,1,1e-06,0.0
1,0.002883434295654297,1,1,1e-06,0.0
1,0.002325773239135742,1,1,1e-06,0.0
1,0.003373861312866211,1,1,1e-06,0.0
1,0.0016818046569824219,1,1,1e-06,0.0
1,0.0035791397094726562,1,1,1e-06,0.0
1,0.004975080490112305,1,1,1e-06,0.0
1,0.0046122074127197266,1,1,1e-06,0.0
1,0.004977226257324219,1,1,1e-06,0.0
1,0.0025780200958251953,1,1,1e-06,0.0
1,0.0018055438995361328,1,1,1e-06,0.0
1,0.0018568038940429688,1,1,1e-06,0.0
1,0.0021872520446777344,1,1,1e-06,0.0
1,0.0023751258850097656,1,1,1e-06,0.0
1,0.007559776306152344,1,1,1e-06,0.0
1,0.0029964447021484375,1,1,1e-06,0.0
1,0.0021047592163085938,1,1,1e-06,0.0
1,0.0025424957275390625,1,1,1e-06,0.0
1,0.0017459392547607422,1,1,1e-06,0.0
1,0.0022706985473632812,1,1,1e-06,0.0
1,0.0064792633056640625,1,1,1e-06,0.0
1,0.0019328594207763672,1,1,1e-06,0.0
1,0.0019316673278808594,1,1,1e-06,0.0
1,0.0015711784362792969,1,1,1e-06,0.0
1,0.0018734931945800781,1,1,1e-06,0.0
1,0.0023441314697265625,1,1,1e-06,0.0
1,0.15933942794799805,1,1,1e-06,0.0
1,0.002343416213989258,1,1,1e-06,0.0
1,0.0026941299438476562,1,1,1e-06,0.0
1,0.0025534629821777344,1,1,1e-06,0.0
1,0.0021653175354003906,1,1,1e-06,0.0
1,0.0037708282470703125,1,1,1e-06,0.0
1,0.0020837783813476562,1,1,1e-06,0.0
1,0.0032494068145751953,1,1,1e-06,0.0
1,0.002531766891479492,1,1,1e-06,0.0
1,0.002162456512451172,1,1,1e-06,0.0
1,0.0016205310821533203,1,1,1e-06,0.0
1,0.0024671554565429688,1,1,1e-06,0.0
1,0.0027282238006591797,1,1,1e-06,0.0
1,0.0019507408142089844,1,1,1e-06,0.0
1,0.0017886161804199219,1,1,1e-06,0.0
1,0.0019702911376953125,1,1,1e-06,0.0
1,0.0018169879913330078,1,1,1e-06,0.0
1,0.001596212387084961,1,1,1e-06,0.0
1,0.021742820739746094,1,1,1e-06,0.0
1,0.0019829273223876953,1,1,1e-06,0.0
1,0.0016994476318359375,1,1,1e-06,0.0
1,0.0030698776245117188,1,1,1e-06,0.0
1,0.0022225379943847656,1,1,1e-06,0.0
1,0.0022857189178466797,1,1,1e-06,0.0
1,0.0020051002502441406,1,1,1e-06,0.0
1,0.003116607666015625,1,1,1e-06,0.0
1,0.002463817596435547,1,1,1e-06,0.0
1,0.002455472946166992,1,1,1e-06,0.0
1,0.0028853416442871094,1,1,1e-06,0.0
1,0.0032417774200439453,1,1,1e-06,0.0
1,0.0028769969940185547,1,1,1e-06,0.0
1,0.002302408218383789,1,1,1e-06,0.0
1,0.0022652149200439453,1,1,1e-06,0.0
1,0.0021820068359375,1,1,1e-06,0.0
1,0.0017135143280029297,1,1,1e-06,0.0
1,0.0017497539520263672,1,1,1e-06,0.0
1,0.002635478973388672,1,1,1e-06,0.0
1,0.00238800048828125,1,1,1e-06,0.0
1,0.0025060176849365234,1,1,1e-06,0.0
1,0.003330707550048828,1,1,1e-06,0.0
1,0.004609107971191406,1,1,1e-06,0.0
1,0.0032892227172851562,1,1,1e-06,0.0
1,0.002642393112182617,1,1,1e-06,0.0
1,0.0035729408264160156,1,1,1e-06,0.0
1,0.004088163375854492,1,1,1e-06,0.0
1,0.003561258316040039,1,1,1e-06,0.0
1,0.004677295684814453,1,1,1e-06,0.0
1,0.0029273033142089844,1,1,1e-06,0.0
1,0.0030739307403564453,1,1,1e-06,0.0
1,0.004032611846923828,1,1,1e-06,0.0
1,0.0033538341522216797,1,1,1e-06,0.0
1,0.004487037658691406,1,1,1e-06,0.0
1,0.006287336349487305,1,1,1e-06,0.0
1,0.006516695022583008,1,1,1e-06,0.0
1,0.0032880306243896484,1,1,1e-06,0.0
1,0.0024492740631103516,1,1,1e-06,0.0
1,0.0022280216217041016,1,1,1e-06,0.0
1,0.002501249313354492,1,1,1e-06,0.0
1,0.004300832748413086,1,1,1e-06,0.0
1,0.0016493797302246094,1,1,1e-06,0.0
1,0.0030355453491210938,1,1,1e-06,0.0
1,0.002420186996459961,1,1,1e-06,0.0
1,0.0016758441925048828,1,1,1e-06,0.0
1,0.003306150436401367,1,1,1e-06,0.0
1,0.0036094188690185547,1,1,1e-06,0.0
1,0.005792856216430664,1,1,1e-06,0.0
1,0.0030765533447265625,1,1,1e-06,0.0
1,0.0032334327697753906,1,1,1e-06,0.0
1,0.003227710723876953,1,1,1e-06,0.0
1,0.009851455688476562,1,1,1e-06,0.0
1,0.0030727386474609375,1,1,1e-06,0.0
1,0.03440046310424805,1,1,1e-06,0.0
1,0.002324342727661133,1,1,1e-06,0.0
1,0.0021131038665771484,1,1,1e-06,0.0
1,0.011743783950805664,1,1,1e-06,0.0
1,0.0018570423126220703,1,1,1e-06,0.0
1,0.002499818801879883,1,1,1e-06,0.0
1,0.001813650131225586,1,1,1e-06,0.0
1,0.0017855167388916016,1,1,1e-06,0.0
1,0.002289295196533203,1,1,1e-06,0.0
1,0.001987934112548828,1,1,1e-06,0.0
1,0.0025587081909179688,1,1,1e-06,0.0
1,0.001661539077758789,1,1,1e-06,0.0
1,0.002006053924560547,1,1,1e-06,0.0
1,0.0025529861450195312,1,1,1e-06,0.0
1,0.0025773048400878906,1,1,1e-06,0.0
1,0.0019259452819824219,1,1,1e-06,0.0
1,0.0019183158874511719,1,1,1e-06,0.0
1,0.0015306472778320312,1,1,1e-06,0.0
1,0.0015456676483154297,1,1,1e-06,0.0
1,0.0018820762634277344,1,1,1e-06,0.0
1,0.0037336349487304688,1,1,1e-06,0.0
1,0.0014696121215820312,1,1,1e-06,0.0
1,0.0016682147979736328,1,1,1e-06,0.0
1,0.0024254322052001953,1,1,1e-06,0.0
1,0.0019609928131103516,1,1,1e-06,0.0
1,0.013612508773803711,1,1,1e-06,0.0
1,0.0020368099212646484,1,1,1e-06,0.0
1,0.0015230178833007812,1,1,1e-06,0.0
1,0.00167083740234375,1,1,1e-06,0.0
1,0.018975257873535156,1,1,1e-06,0.0
1,0.0024726390838623047,1,1,1e-06,0.0
1,0.002468585968017578,1,1,1e-06,0.0
1,0.002626657485961914,1,1,1e-06,0.0
1,0.011323928833007812,1,1,1e-06,0.0
1,0.0017468929290771484,1,1,1e-06,0.0
1,0.0018610954284667969,1,1,1e-06,0.0
1,0.002686738967895508,1,1,1e-06,0.0
1,0.0022475719451904297,1,1,1e-06,0.0
1,0.0028388500213623047,1,1,1e-06,0.0
1,0.002236604690551758,1,1,1e-06,0.0
1,0.002070188522338867,1,1,1e-06,0.0
1,0.004011631011962891,1,1,1e-06,0.0
1,0.0026216506958007812,1,1,1e-06,0.0
1,0.001634359359741211,1,1,1e-06,0.0
1,0.0018689632415771484,1,1,1e-06,0.0
1,0.002376079559326172,1,1,1e-06,0.0
1,0.0017969608306884766,1,1,1e-06,0.0
1,0.0020961761474609375,1,1,1e-06,0.0
1,0.0017414093017578125,1,1,1e-06,0.0
1,0.0019073486328125,1,1,1e-06,0.0
1,0.0016391277313232422,1,1,1e-06,0.0
1,0.0014789104461669922,1,1,1e-06,0.0
1,0.0015158653259277344,1,1,1e-06,0.0
1,0.0028672218322753906,1,1,1e-06,0.0
1,0.003011465072631836,1,1,1e-06,0.0
1,0.0029621124267578125,1,1,1e-06,0.0
1,0.0034248828887939453,1,1,1e-06,0.0
1,0.003223896026611328,1,1,1e-06,0.0
1,0.002899169921875,1,1,1e-06,0.0
1,0.0019147396087646484,1,1,1e-06,0.0
1,0.001523733139038086,1,1,1e-06,0.0
1,0.0029397010803222656,1,1,1e-06,0.0
1,0.0018961429595947266,1,1,1e-06,0.0
1,0.0015442371368408203,1,1,1e-06,0.0
1,0.001665353775024414,1,1,1e-06,0.0
1,0.003541231155395508,1,1,1e-06,0.0
1,0.002195119857788086,1,1,1e-06,0.0
1,0.0016520023345947266,1,1,1e-06,0.0
1,0.0018219947814941406,1,1,1e-06,0.0
1,0.0047779083251953125,1,1,1e-06,0.0
1,0.002643585205078125,1,1,1e-06,0.0
1,0.0033044815063476562,1,1,1e-06,0.0
1,0.0018019676208496094,1,1,1e-06,0.0
1,0.025431156158447266,1,1,1e-06,0.0
1,0.0015735626220703125,1,1,1e-06,0.0
1,0.0016450881958007812,1,1,1e-06,0.0
1,0.0020198822021484375,1,1,1e-06,0.0
1,0.002872467041015625,1,1,1e-06,0.0
1,0.002645254135131836,1,1,1e-06,0.0
1,0.002137899398803711,1,1,1e-06,0.0
1,0.0016369819641113281,1,1,1e-06,0.0
1,0.0024442672729492188,1,1,1e-06,0.0
1,0.0020852088928222656,1,1,1e-06,0.0
1,0.0017006397247314453,1,1,1e-06,0.0
1,0.0023856163024902344,1,1,1e-06,0.0
1,0.002624034881591797,1,1,1e-06,0.0
1,0.004972696304321289,1,1,1e-06,0.0
1,0.005147218704223633,1,1,1e-06,0.0
1,0.0028290748596191406,1,1,1e-06,0.0
1,0.0030274391174316406,1,1,1e-06,0.0
1,0.0026395320892333984,1,1,1e-06,0.0
1,0.004751920700073242,1,1,1e-06,0.0
1,0.0022072792053222656,1,1,1e-06,0.0
1,0.0028133392333984375,1,1,1e-06,0.0
1,0.003129720687866211,1,1,1e-06,0.0
1,0.004538536071777344,1,1,1e-06,0.0
1,0.002945423126220703,1,1,1e-06,0.0
1,0.0030820369720458984,1,1,1e-06,0.0
1,0.0032689571380615234,1,1,1e-06,0.0
1,0.005004167556762695,1,1,1e-06,0.0
1,0.003786325454711914,1,1,1e-06,0.0
1,0.003064393997192383,1,1,1e-06,0.0
1,0.0038204193115234375,1,1,1e-06,0.0
1,0.003461599349975586,1,1,1e-06,0.0
1,0.003396749496459961,1,1,1e-06,0.0
1,0.0029230117797851562,1,1,1e-06,0.0
1,0.0020723342895507812,1,1,1e-06,0.0
1,0.0025620460510253906,1,1,1e-06,0.0
1,0.003275156021118164,1,1,1e-06,0.0
1,0.003620147705078125,1,1,1e-06,0.0
1,0.0038111209869384766,1,1,1e-06,0.0
1,0.002729177474975586,1,1,1e-06,0.0
1,0.0031843185424804688,1,1,1e-06,0.0
1,0.0026769638061523438,1,1,1e-06,0.0
1,0.009303808212280273,1,1,1e-06,0.0
1,0.0042150020599365234,1,1,1e-06,0.0
1,0.0035507678985595703,1,1,1e-06,0.0
1,0.004159212112426758,1,1,1e-06,0.0
1,0.0032067298889160156,1,1,1e-06,0.0
1,0.0036585330963134766,1,1,1e-06,0.0
1,0.002953052520751953,1,1,1e-06,0.0
1,0.005732536315917969,1,1,1e-06,0.0
1,0.003190755844116211,1,1,1e-06,0.0
1,0.004149675369262695,1,1,1e-06,0.0
1,0.003173828125,1,1,1e-06,0.0
1,0.004591703414916992,1,1,1e-06,0.0
1,0.0030612945556640625,1,1,1e-06,0.0
1,0.004321098327636719,1,1,1e-06,0.0
1,0.0027985572814941406,1,1,1e-06,0.0
1,0.008540153503417969,1,1,1e-06,0.0
1,0.010367393493652344,1,1,1e-06,0.0
1,0.0042493343353271484,1,1,1e-06,0.0
1,0.005870819091796875,1,1,1e-06,0.0
1,0.005962371826171875,1,1,1e-06,0.0
1,0.0035347938537597656,1,1,1e-06,0.0
1,0.004214048385620117,1,1,1e-06,0.0
1,0.0051631927490234375,1,1,1e-06,0.0
1,0.04143881797790527,1,1,1e-06,0.0
0,1.0069591999053955,0,0,,0.0
1,0.0023260116577148438,1,1,1e-06,0.0
1,0.0021343231201171875,1,1,1e-06,0.0
1,0.002636432647705078,1,1,1e-06,0.0
1,0.012723684310913086,1,1,1e-06,0.0
1,0.003598451614379883,1,1,1e-06,0.0
1,0.002357006072998047,1,1,1e-06,0.0
1,0.004452228546142578,1,1,1e-06,0.0
1,0.0027239322662353516,1,1,1e-06,0.0
1,0.002348184585571289,1,1,1e-06,0.0
1,0.0024077892303466797,1,1,1e-06,0.0
1,0.0022902488708496094,1,1,1e-06,0.0
1,0.0020089149475097656,1,1,1e-06,0.0
1,0.002137422561645508,1,1,1e-06,0.0
1,0.012345314025878906,1,1,1e-06,0.0
1,0.0022852420806884766,1,1,1e-06,0.0
1,0.006314277648925781,1,1,1e-06,0.0
1,0.0019936561584472656,1,1,1e-06,0.0
1,0.0022513866424560547,1,1,1e-06,0.0
1,0.0024144649505615234,1,1,1e-06,0.0
1,0.0021355152130126953,1,1,1e-06,0.0
1,0.002073049545288086,1,1,1e-06,0.0
1,0.0025568008422851562,1,1,1e-06,0.0
1,0.0026998519897460938,1,1,1e-06,0.0
1,0.002259969711303711,1,1,1e-06,0.0
1,0.002276182174682617,1,1,1e-06,0.0
1,0.007086753845214844,1,1,1e-06,0.0
1,0.0021653175354003906,1,1,1e-06,0.0
1,0.002007007598876953,1,1,1e-06,0.0
1,0.0018720626831054688,1,1,1e-06,0.0
1,0.002554178237915039,1,1,1e-06,0.0
1,0.0024595260620117188,1,1,1e-06,0.0
1,0.002543210983276367,1,1,1e-06,0.0
1,0.002227783203125,1,1,1e-06,0.0
1,0.0021333694458007812,1,1,1e-06,0.0
1,0.0022079944610595703,1,1,1e-06,0.0
1,0.0024864673614501953,1,1,1e-06,0.0
1,0.0020761489868164062,1,1,1e-06,0.0
1,0.0018258094787597656,1,1,1e-06,0.0
1,0.004191160202026367,1,1,1e-06,0.0
1,0.002165079116821289,1,1,1e-06,0.0
1,0.0020508766174316406,1,1,1e-06,0.0
1,0.002775907516479492,1,1,1e-06,0.0
1,0.0027692317962646484,1,1,1e-06,0.0
1,0.002391338348388672,1,1,1e-06,0.0
1,0.014141321182250977,1,1,1e-06,0.0
1,0.004910945892333984,1,1,1e-06,0.0
1,0.0024259090423583984,1,1,1e-06,0.0
1,0.0023086071014404297,1,1,1e-06,0.0
1,0.01367497444152832,1,1,1e-06,0.0
1,0.0021173954010009766,1,1,1e-06,0.0
1,0.002269268035888672,1,1,1e-06,0.0
1,0.004059791564941406,1,1,1e-06,0.0
1,0.0030465126037597656,1,1,1e-06,0.0
1,0.002023935317993164,1,1,1e-06,0.0
1,0.001848459243774414,1,1,1e-06,0.0
1,0.0016562938690185547,1,1,1e-06,0.0
1,0.001977682113647461,1,1,1e-06,0.0
1,0.0019712448120117188,1,1,1e-06,0.0
1,0.0018568038940429688,1,1,1e-06,0.0
1,0.0022003650665283203,1,1,1e-06,0.0
1,0.002393484115600586,1,1,1e-06,0.0
1,0.0019490718841552734,1,1,1e-06,0.0
1,0.002138853073120117,1,1,1e-06,0.0
1,0.0026319026947021484,1,1,1e-06,0.0
1,0.0031571388244628906,1,1,1e-06,0.0
1,0.002367258071899414,1,1,1e-06,0.0
1,0.0035157203674316406,1,1,1e-06,0.0
1,0.0034742355346679688,1,1,1e-06,0.0
1,0.0025742053985595703,1,1,1e-06,0.0
1,0.009119987487792969,1,1,1e-06,0.0
1,0.0025415420532226562,1,1,1e-06,0.0
1,0.0022513866424560547,1,1,1e-06,0.0
1,0.002538919448852539,1,1,1e-06,0.0
1,0.0022127628326416016,1,1,1e-06,0.0
1,0.0019631385803222656,1,1,1e-06,0.0
1,0.0029718875885009766,1,1,1e-06,0.0
1,0.002077817916870117,1,1,1e-06,0.0
1,0.002120494842529297,1,1,1e-06,0.0
1,0.001857757568359375,1,1,1e-06,0.0
1,0.0030117034912109375,1,1,1e-06,0.0
1,0.002377033233642578,1,1,1e-06,0.0
1,0.006430864334106445,1,1,1e-06,0.0
1,0.0028154850006103516,1,1,1e-06,0.0
1,0.002741575241088867,1,1,1e-06,0.0
1,0.002202749252319336,1,1,1e-06,0.0
1,0.0017192363739013672,1,1,1e-06,0.0
1,0.0018551349639892578,1,1,1e-06,0.0
1,0.002221345901489258,1,1,1e-06,0.0
1,0.0029325485229492188,1,1,1e-06,0.0
1,0.0027511119842529297,1,1,1e-06,0.0
1,0.0025124549865722656,1,1,1e-06,0.0
1,0.001982450485229492,1,1,1e-06,0.0
1,0.010341644287109375,1,1,1e-06,0.0
1,0.002803325653076172,1,1,1e-06,0.0
1,0.004096031188964844,1,1,1e-06,0.0
1,0.0021905899047851562,1,1,1e-06,0.0
1,0.003870725631713867,1,1,1e-06,0.0
1,0.002480745315551758,1,1,1e-06,0.0
1,0.0572352409362793,1,1,1e-06,0.0
1,0.002153635025024414,1,1,1e-06,0.0
1,0.0019125938415527344,1,1,1e-06,0.0
1,0.0017158985137939453,1,1,1e-06,0.0
1,0.0037126541137695312,1,1,1e-06,0.0
1,0.002033710479736328,1,1,1e-06,0.0
1,0.003435850143432617,1,1,1e-06,0.0
1,0.001959562301635742,1,1,1e-06,0.0
1,0.0024933815002441406,1,1,1e-06,0.0
1,0.0019986629486083984,1,1,1e-06,0.0
1,0.002876758575439453,1,1,1e-06,0.0
1,0.0029325485229492188,1,1,1e-06,0.0
1,0.0020051002502441406,1,1,1e-06,0.0
1,0.0021071434020996094,1,1,1e-06,0.0
1,0.0021097660064697266,1,1,1e-06,0.0
1,0.0020830631256103516,1,1,1e-06,0.0
1,0.002676248550415039,1,1,1e-06,0.0
1,0.002268552780151367,1,1,1e-06,0.0
1,0.0023169517517089844,1,1,1e-06,0.0
1,0.002789735794067383,1,1,1e-06,0.0
1,0.0025873184204101562,1,1,1e-06,0.0
1,0.0020842552185058594,1,1,1e-06,0.0
1,0.001567840576171875,1,1,1e-06,0.0
1,0.0022308826446533203,1,1,1e-06,0.0
1,0.003342151641845703,1,1,1e-06,0.0
1,0.005925178527832031,1,1,1e-06,0.0
1,0.004368305206298828,1,1,1e-06,0.0
1,0.0035448074340820312,1,1,1e-06,0.0
1,0.0030231475830078125,1,1,1e-06,0.0
1,0.004703044891357422,1,1,1e-06,0.0
1,0.0031092166900634766,1,1,1e-06,0.0
1,0.004252195358276367,1,1,1e-06,0.0
1,0.004134178161621094,1,1,1e-06,0.0
1,0.004931449890136719,1,1,1e-06,0.0
1,0.003519296646118164,1,1,1e-06,0.0
1,0.004585742950439453,1,1,1e-06,0.0
1,0.0031452178955078125,1,1,1e-06,0.0
1,0.004449129104614258,1,1,1e-06,0.0
1,0.0037584304809570312,1,1,1e-06,0.0
1,0.004073143005371094,1,1,1e-06,0.0
1,0.003702878952026367,1,1,1e-06,0.0
1,0.004529476165771484,1,1,1e-06,0.0
1,0.01019287109375,1,1,1e-06,0.0
1,0.0054662227630615234,1,1,1e-06,0.0
1,0.00471949577331543,1,1,1e-06,0.0
1,0.006960391998291016,1,1,1e-06,0.0
1,0.0051822662353515625,1,1,1e-06,0.0
1,0.004312276840209961,1,1,1e-06,0.0
1,0.0039021968841552734,1,1,1e-06,0.0
1,0.0038614273071289062,1,1,1e-06,0.0
1,0.0043430328369140625,1,1,1e-06,0.0
1,0.003942012786865234,1,1,1e-06,0.0
1,0.005765676498413086,1,1,1e-06,0.0
1,0.00537562370300293,1,1,1e-06,0.0
1,0.004328489303588867,1,1,1e-06,0.0
1,0.003975629806518555,1,1,1e-06,0.0
1,0.0029757022857666016,1,1,1e-06,0.0
1,0.08513045310974121,1,1,1e-06,0.0
1,0.001975536346435547,1,1,1e-06,0.0
1,0.005723237991333008,1,1,1e-06,0.0
1,0.0022954940795898438,1,1,1e-06,0.0
1,0.005215167999267578,1,1,1e-06,0.0
1,0.002317190170288086,1,1,1e-06,0.0
1,0.0025506019592285156,1,1,1e-06,0.0
1,0.0026803016662597656,1,1,1e-06,0.0
1,0.002226591110229492,1,1,1e-06,0.0
1,0.0021772384643554688,1,1,1e-06,0.0
1,0.002385377883911133,1,1,1e-06,0.0
1,0.002656221389770508,1,1,1e-06,0.0
1,0.0029439926147460938,1,1,1e-06,0.0
1,0.0031385421752929688,1,1,1e-06,0.0
1,0.003964662551879883,1,1,1e-06,0.0
1,0.00382232666015625,1,1,1e-06,0.0
1,0.002468585968017578,1,1,1e-06,0.0
1,0.0025680065155029297,1,1,1e-06,0.0
1,0.012451887130737305,1,1,1e-06,0.0
1,0.0036911964416503906,1,1,1e-06,0.0
1,0.003561258316040039,1,1,1e-06,0.0
1,0.005774974822998047,1,1,1e-06,0.0
1,0.35493993759155273,1,1,1e-06,0.0
1,0.002274036407470703,1,1,1e-06,0.0
1,0.002364635467529297,1,1,1e-06,0.0
1,0.0035932064056396484,1,1,1e-06,0.0
1,0.0024607181549072266,1,1,1e-06,0.0
1,0.0028688907623291016,1,1,1e-06,0.0
1,0.002933502197265625,1,1,1e-06,0.0
1,0.0027403831481933594,1,1,1e-06,0.0
1,0.003386259078979492,1,1,1e-06,0.0
1,0.0023546218872070312,1,1,1e-06,0.0
1,0.002701997756958008,1,1,1e-06,0.0
1,0.004836559295654297,1,1,1e-06,0.0
1,0.0020706653594970703,1,1,1e-06,0.0
1,0.0030934810638427734,1,1,1e-06,0.0
1,0.0021200180053710938,1,1,1e-06,0.0
1,0.003131866455078125,1,1,1e-06,0.0
1,0.0034825801849365234,1,1,1e-06,0.0
1,0.0024940967559814453,1,1,1e-06,0.0
1,0.0039310455322265625,1,1,1e-06,0.0
1,0.002630472183227539,1,1,1e-06,0.0
1,0.0055997371673583984,1,1,1e-06,0.0
1,0.0038576126098632812,1,1,1e-06,0.0
1,0.0026276111602783203,1,1,1e-06,0.0
1,0.0018925666809082031,1,1,1e-06,0.0
1,0.0031270980834960938,1,1,1e-06,0.0
1,0.0022728443145751953,1,1,1e-06,0.0
1,0.0027418136596679688,1,1,1e-06,0.0
1,0.0028493404388427734,1,1,1e-06,0.0
1,0.002501249313354492,1,1,1e-06,0.0
1,0.014246702194213867,1,1,1e-06,0.0
1,0.002246379852294922,1,1,1e-06,0.0
1,0.002100229263305664,1,1,1e-06,0.0
1,0.002986431121826172,1,1,1e-06,0.0
1,0.0036764144897460938,1,1,1e-06,0.0
1,0.0029218196868896484,1,1,1e-06,0.0
1,0.0035402774810791016,1,1,1e-06,0.0
1,0.0020809173583984375,1,1,1e-06,0.0
1,0.00194549560546875,1,1,1e-06,0.0
1,0.003881692886352539,1,1,1e-06,0.0
1,0.0024406909942626953,1,1,1e-06,0.0
1,0.0024461746215820312,1,1,1e-06,0.0
1,0.00574493408203125,1,1,1e-06,0.0
1,0.0030663013458251953,1,1,1e-06,0.0
1,0.0019054412841796875,1,1,1e-06,0.0
1,0.0024013519287109375,1,1,1e-06,0.0
1,0.006016969680786133,1,1,1e-06,0.0
1,0.0037496089935302734,1,1,1e-06,0.0
1,0.004993915557861328,1,1,1e-06,0.0
1,0.005544900894165039,1,1,1e-06,0.0
1,0.0022706985473632812,1,1,1e-06,0.0
1,0.004004955291748047,1,1,1e-06,0.0
1,0.005043983459472656,1,1,1e-06,0.0
1,0.005629301071166992,1,1,1e-06,0.0
1,0.004158973693847656,1,1,1e-06,0.0
1,0.0050275325775146484,1,1,1e-06,0.0
1,0.004510641098022461,1,1,1e-06,0.0
1,0.0038814544677734375,1,1,1e-06,0.0
1,0.002693653106689453,1,1,1e-06,0.0
1,0.0016865730285644531,1,1,1e-06,0.0
1,0.0026140213012695312,1,1,1e-06,0.0
1,0.003752470016479492,1,1,1e-06,0.0
1,0.002454519271850586,1,1,1e-06,0.0
1,0.0032167434692382812,1,1,1e-06,0.0
1,0.006854057312011719,1,1,1e-06,0.0
1,0.0030241012573242188,1,1,1e-06,0.0
1,0.003148794174194336,1,1,1e-06,0.0
1,0.0035772323608398438,1,1,1e-06,0.0
1,0.0045680999755859375,1,1,1e-06,0.0
1,0.005765676498413086,1,1,1e-06,0.0
1,0.005446672439575195,1,1,1e-06,0.0
1,0.004355192184448242,1,1,1e-06,0.0
1,0.002667665481567383,1,1,1e-06,0.0
1,0.004875659942626953,1,1,1e-06,0.0
1,0.003964662551879883,1,1,1e-06,0.0
1,0.003493070602416992,1,1,1e-06,0.0
1,0.0028533935546875,1,1,1e-06,0.0
1,0.0031173229217529297,1,1,1e-06,0.0
1,0.0035622119903564453,1,1,1e-06,0.0
1,0.004411220550537109,1,1,1e-06,0.0
1,0.004763126373291016,1,1,1e-06,0.0
1,0.005108833312988281,1,1,1e-06,0.0
1,0.005370616912841797,1,1,1e-06,0.0
1,0.0029048919677734375,1,1,1e-06,0.0
1,0.0018787384033203125,1,1,1e-06,0.0
1,0.00308990478515625,1,1,1e-06,0.0
1,0.002716064453125,1,1,1e-06,0.0
1,0.002907991409301758,1,1,1e-06,0.0
1,0.0020904541015625,1,1,1e-06,0.0
1,0.0032072067260742188,1,1,1e-06,0.0
1,0.003770589828491211,1,1,1e-06,0.0
1,0.015459537506103516,1,1,1e-06,0.0
1,0.0022127628326416016,1,1,1e-06,0.0
1,0.0026590824127197266,1,1,1e-06,0.0
1,0.0029320716857910156,1,1,1e-06,0.0
1,0.0031108856201171875,1,1,1e-06,0.0
1,0.0029289722442626953,1,1,1e-06,0.0
1,0.004449367523193359,1,1,1e-06,0.0
1,0.0030183792114257812,1,1,1e-06,0.0
1,0.0024814605712890625,1,1,1e-06,0.0
1,0.003252267837524414,1,1,1e-06,0.0
1,0.0019154548645019531,1,1,1e-06,0.0
1,0.020565032958984375,1,1,1e-06,0.0
1,0.0021169185638427734,1,1,1e-06,0.0
1,0.0027561187744140625,1,1,1e-06,0.0
1,0.003854513168334961,1,1,1e-06,0.0
1,0.0020945072174072266,1,1,1e-06,0.0
1,0.0021011829376220703,1,1,1e-06,0.0
1,0.024300575256347656,1,1,1e-06,0.0
1,0.0020177364349365234,1,1,1e-06,0.0
1,0.0019903182983398438,1,1,1e-06,0.0
1,0.001986265182495117,1,1,1e-06,0.0
1,0.0018661022186279297,1,1,1e-06,0.0
1,0.003927469253540039,1,1,1e-06,0.0
1,0.002450227737426758,1,1,1e-06,0.0
1,0.0032172203063964844,1,1,1e-06,0.0
1,0.0058743953704833984,1,1,1e-06,0.0
1,0.002733945846557617,1,1,1e-06,0.0
1,0.002710580825805664,1,1,1e-06,0.0
1,0.002457141876220703,1,1,1e-06,0.0
1,0.0022568702697753906,1,1,1e-06,0.0
1,0.0032935142517089844,1,1,1e-06,0.0
1,0.0023877620697021484,1,1,1e-06,0.0
1,0.002233266830444336,1,1,1e-06,0.0
1,0.0018491744995117188,1,1,1e-06,0.0
1,0.002208709716796875,1,1,1e-06,0.0
1,0.0017242431640625,1,1,1e-06,0.0
1,0.0013201236724853516,1,1,1e-06,0.0
1,0.0023584365844726562,1,1,1e-06,0.0
1,0.004724979400634766,1,1,1e-06,0.0
1,0.02331829071044922,1,1,1e-06,0.0
1,0.003962039947509766,1,1,1e-06,0.0
1,0.0022759437561035156,1,1,1e-06,0.0
1,0.0025162696838378906,1,1,1e-06,0.0
1,0.0019435882568359375,1,1,1e-06,0.0
1,0.0018310546875,1,1,1e-06,0.0
1,0.0016736984252929688,1,1,1e-06,0.0
1,0.010661602020263672,1,1,1e-06,0.0
1,0.2606682777404785,1,1,1e-06,0.0
1,0.0023331642150878906,1,1,1e-06,0.0
1,0.002488374710083008,1,1,1e-06,0.0
1,0.003877401351928711,1,1,1e-06,0.0
1,0.001821756362915039,1,1,1e-06,0.0
1,0.0019073486328125,1,1,1e-06,0.0
1,0.0021469593048095703,1,1,1e-06,0.0
1,0.001795053482055664,1,1,1e-06,0.0
1,0.0023555755615234375,1,1,1e-06,0.0
1,0.0040929317474365234,1,1,1e-06,0.0
1,0.0027909278869628906,1,1,1e-06,0.0
1,0.0021164417266845703,1,1,1e-06,0.0
1,0.002355813980102539,1,1,1e-06,0.0
1,0.0025572776794433594,1,1,1e-06,0.0
1,0.0016303062438964844,1,1,1e-06,0.0
1,0.0025947093963623047,1,1,1e-06,0.0
1,0.027170896530151367,1,1,1e-06,0.0
1,0.0019843578338623047,1,1,1e-06,0.0
1,0.004515886306762695,1,1,1e-06,0.0
1,0.0036783218383789062,1,1,1e-06,0.0
1,0.0022614002227783203,1,1,1e-06,0.0
1,0.0021600723266601562,1,1,1e-06,0.0
1,0.0036110877990722656,1,1,1e-06,0.0
1,0.002560853958129883,1,1,1e-06,0.0
1,0.0029549598693847656,1,1,1e-06,0.0
1,0.01581263542175293,1,1,1e-06,0.0
1,0.0029091835021972656,1,1,1e-06,0.0
1,0.002701997756958008,1,1,1e-06,0.0
1,0.0021162033081054688,1,1,1e-06,0.0
1,0.002012014389038086,1,1,1e-06,0.0
1,0.0021011829376220703,1,1,1e-06,0.0
1,0.002166748046875,1,1,1e-06,0.0
1,0.004552125930786133,1,1,1e-06,0.0
1,0.005326509475708008,1,1,1e-06,0.0
1,0.00446772575378418,1,1,1e-06,0.0
1,0.012660980224609375,1,1,1e-06,0.0
1,0.003002166748046875,1,1,1e-06,0.0
1,0.006922721862792969,1,1,1e-06,0.0
1,0.007923126220703125,1,1,1e-06,0.0
1,0.0022771358489990234,1,1,1e-06,0.0
1,0.006936073303222656,1,1,1e-06,0.0
1,0.007405281066894531,1,1,1e-06,0.0
1,0.0031092166900634766,1,1,1e-06,0.0
1,0.003229379653930664,1,1,1e-06,0.0
1,0.00804448127746582,1,1,1e-06,0.0
1,0.0040149688720703125,1,1,1e-06,0.0
1,0.006593942642211914,1,1,1e-06,0.0
1,0.003050088882446289,1,1,1e-06,0.0
1,0.009984970092773438,1,1,1e-06,0.0
1,0.0031731128692626953,1,1,1e-06,0.0
1,0.003095388412475586,1,1,1e-06,0.0
1,0.04218602180480957,1,1,1e-06,0.0
1,0.0029015541076660156,1,1,1e-06,0.0
1,0.009587764739990234,1,1,1e-06,0.0
1,0.0032994747161865234,1,1,1e-06,0.0
1,0.0058345794677734375,1,1,1e-06,0.0
1,0.007874011993408203,1,1,1e-06,0.0
1,0.00417017936706543,1,1,1e-06,0.0
1,0.0023183822631835938,1,1,1e-06,0.0
1,0.0027141571044921875,1,1,1e-06,0.0
1,0.012068748474121094,1,1,1e-06,0.0
1,0.0039010047912597656,1,1,1e-06,0.0
1,0.0025055408477783203,1,1,1e-06,0.0
1,0.0029344558715820312,1,1,1e-06,0.0
1,0.011548042297363281,1,1,1e-06,0.0
1,0.003679513931274414,1,1,1e-06,0.0
1,0.002472400665283203,1,1,1e-06,0.0
1,0.012408971786499023,1,1,1e-06,0.0
1,0.005281925201416016,1,1,1e-06,0.0
1,0.015577077865600586,1,1,1e-06,0.0
1,0.014846086502075195,1,1,1e-06,0.0
1,0.0038237571716308594,1,1,1e-06,0.0
1,0.0025429725646972656,1,1,1e-06,0.0
1,0.0027239322662353516,1,1,1e-06,0.0
1,0.011126279830932617,1,1,1e-06,0.0
1,0.0039136409759521484,1,1,1e-06,0.0
1,0.002957582473754883,1,1,1e-06,0.0
1,0.012243986129760742,1,1,1e-06,0.0
1,0.0029959678649902344,1,1,1e-06,0.0
1,0.0034477710723876953,1,1,1e-06,0.0
1,0.0044097900390625,1,1,1e-06,0.0
1,0.010808706283569336,1,1,1e-06,0.0
1,0.0029511451721191406,1,1,1e-06,0.0
1,0.004152059555053711,1,1,1e-06,0.0
1,0.010889530181884766,1,1,1e-06,0.0
1,0.0034894943237304688,1,1,1e-06,0.0
1,0.0047113895416259766,1,1,1e-06,0.0
1,0.45799684524536133,1,1,1e-06,0.0
1,0.003129720687866211,1,1,1e-06,0.0
1,0.0032901763916015625,1,1,1e-06,0.0
1,0.004755496978759766,1,1,1e-06,0.0
1,0.0033609867095947266,1,1,1e-06,0.0
1,0.0017573833465576172,1,1,1e-06,0.0
1,0.0025811195373535156,1,1,1e-06,0.0
1,0.0023174285888671875,1,1,1e-06,0.0
1,0.003409147262573242,1,1,1e-06,0.0
1,0.002584218978881836,1,1,1e-06,0.0
1,0.022159814834594727,1,1,1e-06,0.0
1,0.0038900375366210938,1,1,1e-06,0.0
1,0.008920907974243164,1,1,1e-06,0.0
1,0.0055942535400390625,1,1,1e-06,0.0
1,0.00998067855834961,1,1,1e-06,0.0
1,0.00511622428894043,1,1,1e-06,0.0
1,0.0072765350341796875,1,1,1e-06,0.0
1,0.007277965545654297,1,1,1e-06,0.0
1,0.0051877498626708984,1,1,1e-06,0.0
1,0.00874781608581543,1,1,1e-06,0.0
1,0.002733945846557617,1,1,1e-06,0.0
1,0.017310380935668945,1,1,1e-06,0.0
1,0.009039640426635742,1,1,1e-06,0.0
1,0.003133058547973633,1,1,1e-06,0.0
1,0.003670930862426758,1,1,1e-06,0.0
1,0.012728691101074219,1,1,1e-06,0.0
1,0.0037643909454345703,1,1,1e-06,0.0
1,0.003503561019897461,1,1,1e-06,0.0
1,0.005873441696166992,1,1,1e-06,0.0
1,0.004536628723144531,1,1,1e-06,0.0
1,0.002281665802001953,1,1,1e-06,0.0
1,0.006780147552490234,1,1,1e-06,0.0
1,0.012539863586425781,1,1,1e-06,0.0
1,0.006891012191772461,1,1,1e-06,0.0
1,0.006850719451904297,1,1,1e-06,0.0
1,0.0064890384674072266,1,1,1e-06,0.0
1,0.0034394264221191406,1,1,1e-06,0.0
1,0.0036134719848632812,1,1,1e-06,0.0
1,0.00250244140625,1,1,1e-06,0.0
1,0.0022127628326416016,1,1,1e-06,0.0
1,0.0051076412200927734,1,1,1e-06,0.0
1,0.003082752227783203,1,1,1e-06,0.0
1,0.0033109188079833984,1,1,1e-06,0.0
1,0.003879070281982422,1,1,1e-06,0.0
1,0.0044744014739990234,1,1,1e-06,0.0
1,0.002370595932006836,1,1,1e-06,0.0
1,0.014209270477294922,1,1,1e-06,0.0
1,0.0036458969116210938,1,1,1e-06,0.0
1,0.0033719539642333984,1,1,1e-06,0.0
1,0.015180826187133789,1,1,1e-06,0.0
1,0.002878427505493164,1,1,1e-06,0.0
1,0.003360271453857422,1,1,1e-06,0.0
1,0.0032286643981933594,1,1,1e-06,0.0
1,0.0048410892486572266,1,1,1e-06,0.0
1,0.0065615177154541016,1,1,1e-06,0.0
1,0.003781557083129883,1,1,1e-06,0.0
1,0.008033037185668945,1,1,1e-06,0.0
1,0.0037915706634521484,1,1,1e-06,0.0
1,0.00363922119140625,1,1,1e-06,0.0
1,0.003477334976196289,1,1,1e-06,0.0
1,0.0032587051391601562,1,1,1e-06,0.0
1,0.0027685165405273438,1,1,1e-06,0.0
1,0.0023441314697265625,1,1,1e-06,0.0
1,0.004813671112060547,1,1,1e-06,0.0
1,0.0022735595703125,1,1,1e-06,0.0
1,0.001935720443725586,1,1,1e-06,0.0
1,0.0025382041931152344,1,1,1e-06,0.0
1,0.00785064697265625,1,1,1e-06,0.0
1,0.002301931381225586,1,1,1e-06,0.0
1,0.002475261688232422,1,1,1e-06,0.0
1,0.0028235912322998047,1,1,1e-06,0.0
1,0.002724885940551758,1,1,1e-06,0.0
1,0.0029020309448242188,1,1,1e-06,0.0
1,0.004659891128540039,1,1,1e-06,0.0
1,0.0036737918853759766,1,1,1e-06,0.0
1,0.0034089088439941406,1,1,1e-06,0.0
1,0.0673069953918457,1,1,1e-06,0.0
1,0.0028362274169921875,1,1,1e-06,0.0
1,0.0044307708740234375,1,1,1e-06,0.0
1,0.002380847930908203,1,1,1e-06,0.0
1,0.003631591796875,1,1,1e-06,0.0
1,0.0023458003997802734,1,1,1e-06,0.0
1,0.002476930618286133,1,1,1e-06,0.0
1,0.002835988998413086,1,1,1e-06,0.0
1,0.0025675296783447266,1,1,1e-06,0.0
1,0.010182380676269531,1,1,1e-06,0.0
1,0.0031456947326660156,1,1,1e-06,0.0
1,0.011412858963012695,1,1,1e-06,0.0
1,0.0026140213012695312,1,1,1e-06,0.0
1,0.002444028854370117,1,1,1e-06,0.0
1,0.035486698150634766,1,1,1e-06,0.0
1,0.0034284591674804688,1,1,1e-06,0.0
1,0.0030570030212402344,1,1,1e-06,0.0
1,0.0036330223083496094,1,1,1e-06,0.0
1,0.023748159408569336,1,1,1e-06,0.0
1,0.0028328895568847656,1,1,1e-06,0.0
1,0.003574848175048828,1,1,1e-06,0.0
1,0.010366201400756836,1,1,1e-06,0.0
1,0.0038123130798339844,1,1,1e-06,0.0
1,0.003305673599243164,1,1,1e-06,0.0
1,0.011012077331542969,1,1,1e-06,0.0
1,0.0030994415283203125,1,1,1e-06,0.0
1,0.0030841827392578125,1,1,1e-06,0.0
1,0.0027213096618652344,1,1,1e-06,0.0
1,0.0024461746215820312,1,1,1e-06,0.0
1,0.00798940658569336,1,1,1e-06,0.0
1,0.002979755401611328,1,1,1e-06,0.0
1,0.0023059844970703125,1,1,1e-06,0.0
1,0.0024728775024414062,1,1,1e-06,0.0
1,0.0022745132446289062,1,1,1e-06,0.0
1,0.002421855926513672,1,1,1e-06,0.0
1,0.05891919136047363,1,1,1e-06,0.0
1,0.006815671920776367,1,1,1e-06,0.0
1,0.0024254322052001953,1,1,1e-06,0.0
1,0.006413936614990234,1,1,1e-06,0.0
1,0.002532958984375,1,1,1e-06,0.0
1,0.13179564476013184,1,1,1e-06,0.0
1,0.00390934944152832,1,1,1e-06,0.0
1,0.004265546798706055,1,1,1e-06,0.0
1,0.003261089324951172,1,1,1e-06,0.0
1,0.01073455810546875,1,1,1e-06,0.0
1,0.0037670135498046875,1,1,1e-06,0.0
1,0.013204574584960938,1,1,1e-06,0.0
1,0.0032873153686523438,1,1,1e-06,0.0
1,0.003229379653930664,1,1,1e-06,0.0
1,0.0022187232971191406,1,1,1e-06,0.0
1,0.0039637088775634766,1,1,1e-06,0.0
1,0.00237274169921875,1,1,1e-06,0.0
1,0.007844686508178711,1,1,1e-06,0.0
1,0.008184671401977539,1,1,1e-06,0.0
1,0.0035283565521240234,1,1,1e-06,0.0
1,0.010846376419067383,1,1,1e-06,0.0
1,0.03024768829345703,1,1,1e-06,0.0
1,0.00278472900390625,1,1,1e-06,0.0
1,0.0025441646575927734,1,1,1e-06,0.0
1,0.003774404525756836,1,1,1e-06,0.0
1,0.0076904296875,1,1,1e-06,0.0
1,0.002663135528564453,1,1,1e-06,0.0
1,0.002662181854248047,1,1,1e-06,0.0
1,0.003646373748779297,1,1,1e-06,0.0
1,0.002398252487182617,1,1,1e-06,0.0
1,0.003583669662475586,1,1,1e-06,0.0
1,0.00394892692565918,1,1,1e-06,0.0
1,0.003098726272583008,1,1,1e-06,0.0
1,0.0034279823303222656,1,1,1e-06,0.0
1,0.0059816837310791016,1,1,1e-06,0.0
1,0.0036783218383789062,1,1,1e-06,0.0
1,0.0060901641845703125,1,1,1e-06,0.0
1,0.0033228397369384766,1,1,1e-06,0.0
1,0.002710103988647461,1,1,1e-06,0.0
1,0.0030472278594970703,1,1,1e-06,0.0
1,0.0029366016387939453,1,1,1e-06,0.0
1,0.0029344558715820312,1,1,1e-06,0.0
1,0.006151676177978516,1,1,1e-06,0.0
1,0.0041828155517578125,1,1,1e-06,0.0
1,0.0034863948822021484,1,1,1e-06,0.0
1,0.0033617019653320312,1,1,1e-06,0.0
1,0.005029439926147461,1,1,1e-06,0.0
1,0.002561330795288086,1,1,1e-06,0.0
1,0.003961801528930664,1,1,1e-06,0.0
1,0.003157377243041992,1,1,1e-06,0.0
1,0.003781557083129883,1,1,1e-06,0.0
1,0.0031707286834716797,1,1,1e-06,0.0
1,0.002815723419189453,1,1,1e-06,0.0
1,0.003078937530517578,1,1,1e-06,0.0
1,0.003510713577270508,1,1,1e-06,0.0
1,0.0029954910278320312,1,1,1e-06,0.0
1,0.003392457962036133,1,1,1e-06,0.0
1,0.0028390884399414062,1,1,1e-06,0.0
1,0.0025625228881835938,1,1,1e-06,0.0
1,0.0072612762451171875,1,1,1e-06,0.0
1,0.002847909927368164,1,1,1e-06,0.0
1,0.004716157913208008,1,1,1e-06,0.0
1,0.0066852569580078125,1,1,1e-06,0.0
1,0.005393266677856445,1,1,1e-06,0.0
1,0.005376577377319336,1,1,1e-06,0.0
1,0.004400968551635742,1,1,1e-06,0.0
1,0.003716707229614258,1,1,1e-06,0.0
1,0.004214048385620117,1,1,1e-06,0.0
1,0.3197009563446045,1,1,1e-06,0.0
1,0.0022559165954589844,1,1,1e-06,0.0
1,0.0026471614837646484,1,1,1e-06,0.0
1,0.003292560577392578,1,1,1e-06,0.0
1,0.0026400089263916016,1,1,1e-06,0.0
1,0.002125263214111328,1,1,1e-06,0.0
1,0.0018393993377685547,1,1,1e-06,0.0
1,0.002426624298095703,1,1,1e-06,0.0
1,0.002218484878540039,1,1,1e-06,0.0
1,0.0026476383209228516,1,1,1e-06,0.0
1,0.0023546218872070312,1,1,1e-06,0.0
1,0.002126455307006836,1,1,1e-06,0.0
1,0.03580188751220703,1,1,1e-06,0.0
1,0.002893209457397461,1,1,1e-06,0.0
1,0.002691507339477539,1,1,1e-06,0.0
1,0.03057384490966797,1,1,1e-06,0.0
1,0.0050983428955078125,1,1,1e-06,0.0
1,0.004601240158081055,1,1,1e-06,0.0
1,0.002431631088256836,1,1,1e-06,0.0
1,0.0434267520904541,1,1,1e-06,0.0
1,0.002721548080444336,1,1,1e-06,0.0
1,0.0022470951080322266,1,1,1e-06,0.0
1,0.002537965774536133,1,1,1e-06,0.0
1,0.0020189285278320312,1,1,1e-06,0.0
1,0.001969575881958008,1,1,1e-06,0.0
1,0.0021975040435791016,1,1,1e-06,0.0
1,0.006132841110229492,1,1,1e-06,0.0
1,0.022588253021240234,1,1,1e-06,0.0
1,0.002304553985595703,1,1,1e-06,0.0
1,0.0025970935821533203,1,1,1e-06,0.0
1,0.003761768341064453,1,1,1e-06,0.0
1,0.002873659133911133,1,1,1e-06,0.0
1,0.0035979747772216797,1,1,1e-06,0.0
1,0.002382516860961914,1,1,1e-06,0.0
1,0.0019190311431884766,1,1,1e-06,0.0
1,0.0024945735931396484,1,1,1e-06,0.0
1,0.0020904541015625,1,1,1e-06,0.0
1,0.002785205841064453,1,1,1e-06,0.0
1,0.002552032470703125,1,1,1e-06,0.0
1,0.002850055694580078,1,1,1e-06,0.0
1,0.0039348602294921875,1,1,1e-06,0.0
1,0.0030062198638916016,1,1,1e-06,0.0
1,0.0052642822265625,1,1,1e-06,0.0
1,0.002614736557006836,1,1,1e-06,0.0
1,0.0032672882080078125,1,1,1e-06,0.0
1,0.002170562744140625,1,1,1e-06,0.0
1,0.002515077590942383,1,1,1e-06,0.0
1,0.00307464599609375,1,1,1e-06,0.0
1,0.002713918685913086,1,1,1e-06,0.0
1,0.007107257843017578,1,1,1e-06,0.0
1,0.0032134056091308594,1,1,1e-06,0.0
1,0.0030171871185302734,1,1,1e-06,0.0
1,0.0035314559936523438,1,1,1e-06,0.0
1,0.0025627613067626953,1,1,1e-06,0.0
1,0.03292703628540039,1,1,1e-06,0.0
1,0.0038042068481445312,1,1,1e-06,0.0
1,0.003691434860229492,1,1,1e-06,0.0
1,0.003529787063598633,1,1,1e-06,0.0
1,0.0035893917083740234,1,1,1e-06,0.0
1,0.005953550338745117,1,1,1e-06,0.0
1,0.003337860107421875,1,1,1e-06,0.0
1,0.0046825408935546875,1,1,1e-06,0.0
1,0.003057718276977539,1,1,1e-06,0.0
1,0.00859975814819336,1,1,1e-06,0.0
1,0.010035991668701172,1,1,1e-06,0.0
1,0.0033254623413085938,1,1,1e-06,0.0
1,0.0031054019927978516,1,1,1e-06,0.0
1,0.0028951168060302734,1,1,1e-06,0.0
1,0.0024483203887939453,1,1,1e-06,0.0
1,0.0036084651947021484,1,1,1e-06,0.0
1,0.0031731128692626953,1,1,1e-06,0.0
1,0.0023488998413085938,1,1,1e-06,0.0
1,0.004407167434692383,1,1,1e-06,0.0
1,0.008108377456665039,1,1,1e-06,0.0
1,0.0029129981994628906,1,1,1e-06,0.0
1,0.0024056434631347656,1,1,1e-06,0.0
1,0.007424831390380859,1,1,1e-06,0.0
1,0.0042150020599365234,1,1,1e-06,0.0
1,0.0022411346435546875,1,1,1e-06,0.0
1,0.002675294876098633,1,1,1e-06,0.0
1,0.0026137828826904297,1,1,1e-06,0.0
1,0.003063678741455078,1,1,1e-06,0.0
1,0.0037512779235839844,1,1,1e-06,0.0
1,0.003107786178588867,1,1,1e-06,0.0
1,0.002611875534057617,1,1,1e-06,0.0
1,0.0025238990783691406,1,1,1e-06,0.0
1,0.060407161712646484,1,1,1e-06,0.0
1,0.0040814876556396484,1,1,1e-06,0.0
1,0.01836109161376953,1,1,1e-06,0.0
1,0.002222776412963867,1,1,1e-06,0.0
1,0.0018138885498046875,1,1,1e-06,0.0
1,0.0015757083892822266,1,1,1e-06,0.0
1,0.002174854278564453,1,1,1e-06,0.0
1,0.0020034313201904297,1,1,1e-06,0.0
1,0.0018432140350341797,1,1,1e-06,0.0
1,0.0033652782440185547,1,1,1e-06,0.0
1,0.0020494461059570312,1,1,1e-06,0.0
1,0.0027267932891845703,1,1,1e-06,0.0
1,0.0025300979614257812,1,1,1e-06,0.0
1,0.002750396728515625,1,1,1e-06,0.0
1,0.002960205078125,1,1,1e-06,0.0
1,0.0028722286224365234,1,1,1e-06,0.0
1,0.00411677360534668,1,1,1e-06,0.0
1,0.003164529800415039,1,1,1e-06,0.0
1,0.004662752151489258,1,1,1e-06,0.0
1,0.0026090145111083984,1,1,1e-06,0.0
1,0.002568960189819336,1,1,1e-06,0.0
1,0.002399444580078125,1,1,1e-06,0.0
1,0.006270170211791992,1,1,1e-06,0.0
1,0.0032498836517333984,1,1,1e-06,0.0
1,0.002860546112060547,1,1,1e-06,0.0
1,0.0037207603454589844,1,1,1e-06,0.0
1,0.016365528106689453,1,1,1e-06,0.0
1,0.002917051315307617,1,1,1e-06,0.0
1,0.003579378128051758,1,1,1e-06,0.0
1,0.0036497116088867188,1,1,1e-06,0.0
1,0.003537893295288086,1,1,1e-06,0.0
1,0.0053768157958984375,1,1,1e-06,0.0
1,0.00582122802734375,1,1,1e-06,0.0
1,0.0031120777130126953,1,1,1e-06,0.0
1,0.0061151981353759766,1,1,1e-06,0.0
1,0.004898548126220703,1,1,1e-06,0.0
1,0.005434513092041016,1,1,1e-06,0.0
1,0.0037217140197753906,1,1,1e-06,0.0
1,0.005524158477783203,1,1,1e-06,0.0
1,0.0058078765869140625,1,1,1e-06,0.0
1,0.003930807113647461,1,1,1e-06,0.0
1,0.005298614501953125,1,1,1e-06,0.0
1,0.00560450553894043,1,1,1e-06,0.0
1,0.0056612491607666016,1,1,1e-06,0.0
1,0.006042957305908203,1,1,1e-06,0.0
1,0.003827333450317383,1,1,1e-06,0.0
1,0.004980564117431641,1,1,1e-06,0.0
1,0.0062830448150634766,1,1,1e-06,0.0
1,0.004877805709838867,1,1,1e-06,0.0
1,0.004745006561279297,1,1,1e-06,0.0
1,0.005311489105224609,1,1,1e-06,0.0
1,0.005291938781738281,1,1,1e-06,0.0
1,0.00467681884765625,1,1,1e-06,0.0
1,0.00434565544128418,1,1,1e-06,0.0
1,0.005342960357666016,1,1,1e-06,0.0
1,0.0038056373596191406,1,1,1e-06,0.0
1,0.004437685012817383,1,1,1e-06,0.0
1,0.007798910140991211,1,1,1e-06,0.0
1,0.0030395984649658203,1,1,1e-06,0.0
1,0.0021209716796875,1,1,1e-06,0.0
1,0.004243135452270508,1,1,1e-06,0.0
1,0.0035867691040039062,1,1,1e-06,0.0
1,0.0027925968170166016,1,1,1e-06,0.0
1,0.0023345947265625,1,1,1e-06,0.0
1,0.0026772022247314453,1,1,1e-06,0.0
1,0.00481867790222168,1,1,1e-06,0.0
1,0.003387928009033203,1,1,1e-06,0.0
1,0.003031492233276367,1,1,1e-06,0.0
1,0.1065371036529541,1,1,1e-06,0.0
1,0.002560853958129883,1,1,1e-06,0.0
1,0.002071857452392578,1,1,1e-06,0.0
1,0.003216266632080078,1,1,1e-06,0.0
1,0.005279541015625,1,1,1e-06,0.0
1,0.002477884292602539,1,1,1e-06,0.0
1,0.002631664276123047,1,1,1e-06,0.0
1,0.003898143768310547,1,1,1e-06,0.0
1,0.0018305778503417969,1,1,1e-06,0.0
1,0.0020728111267089844,1,1,1e-06,0.0
1,0.0026705265045166016,1,1,1e-06,0.0
1,0.0022618770599365234,1,1,1e-06,0.0
1,0.0025482177734375,1,1,1e-06,0.0
1,0.024233102798461914,1,1,1e-06,0.0
1,0.002783536911010742,1,1,1e-06,0.0
1,0.002137899398803711,1,1,1e-06,0.0
1,0.0019254684448242188,1,1,1e-06,0.0
1,0.002251148223876953,1,1,1e-06,0.0
1,0.002328157424926758,1,1,1e-06,0.0
1,0.0027909278869628906,1,1,1e-06,0.0
1,0.0027980804443359375,1,1,1e-06,0.0
1,0.003592252731323242,1,1,1e-06,0.0
1,0.0032243728637695312,1,1,1e-06,0.0
1,0.0030868053436279297,1,1,1e-06,0.0
1,0.007096529006958008,1,1,1e-06,0.0
1,0.0031270980834960938,1,1,1e-06,0.0
1,0.003545999526977539,1,1,1e-06,0.0
1,0.006321430206298828,1,1,1e-06,0.0
1,0.003992557525634766,1,1,1e-06,0.0
1,0.003958940505981445,1,1,1e-06,0.0
1,0.003958940505981445,1,1,1e-06,0.0
1,0.0038726329803466797,1,1,1e-06,0.0
1,0.003949880599975586,1,1,1e-06,0.0
1,0.003253459930419922,1,1,1e-06,0.0
1,0.006614208221435547,1,1,1e-06,0.0
1,0.0070934295654296875,1,1,1e-06,0.0
1,0.0037026405334472656,1,1,1e-06,0.0
1,0.003126382827758789,1,1,1e-06,0.0
1,0.008474349975585938,1,1,1e-06,0.0
1,0.005377769470214844,1,1,1e-06,0.0
1,0.00580143928527832,1,1,1e-06,0.0
1,0.008658885955810547,1,1,1e-06,0.0
1,0.004235744476318359,1,1,1e-06,0.0
1,0.004823446273803711,1,1,1e-06,0.0
1,0.0051496028900146484,1,1,1e-06,0.0
1,0.004954099655151367,1,1,1e-06,0.0
1,0.03252100944519043,1,1,1e-06,0.0
1,0.0019750595092773438,1,1,1e-06,0.0
1,0.004383087158203125,1,1,1e-06,0.0
1,0.0030274391174316406,1,1,1e-06,0.0
1,0.018185853958129883,1,1,1e-06,0.0
1,0.001992940902709961,1,1,1e-06,0.0
1,0.0038728713989257812,1,1,1e-06,0.0
1,0.0017061233520507812,1,1,1e-06,0.0
1,0.010933160781860352,1,1,1e-06,0.0
1,0.001924753189086914,1,1,1e-06,0.0
1,0.0034635066986083984,1,1,1e-06,0.0
1,0.001725912094116211,1,1,1e-06,0.0
1,0.002177715301513672,1,1,1e-06,0.0
1,0.0016062259674072266,1,1,1e-06,0.0
1,0.0010595321655273438,1,1,1e-06,0.0
1,0.008485078811645508,1,1,1e-06,0.0
1,0.0028562545776367188,1,1,1e-06,0.0
1,0.002212047576904297,1,1,1e-06,0.0
1,0.0017199516296386719,1,1,1e-06,0.0
1,0.0019142627716064453,1,1,1e-06,0.0
1,0.004006624221801758,1,1,1e-06,0.0
1,0.04318356513977051,1,1,1e-06,0.0
1,0.003723621368408203,1,1,1e-06,0.0
1,0.003306865692138672,1,1,1e-06,0.0
1,0.0031290054321289062,1,1,1e-06,0.0
1,0.006554603576660156,1,1,1e-06,0.0
1,0.0043010711669921875,1,1,1e-06,0.0
1,0.0030202865600585938,1,1,1e-06,0.0
1,0.002536296844482422,1,1,1e-06,0.0
1,0.0029807090759277344,1,1,1e-06,0.0
1,0.0031881332397460938,1,1,1e-06,0.0
1,0.0022652149200439453,1,1,1e-06,0.0
1,0.0033195018768310547,1,1,1e-06,0.0
1,0.017228364944458008,1,1,1e-06,0.0
1,0.003015756607055664,1,1,1e-06,0.0
1,0.007020711898803711,1,1,1e-06,0.0
1,0.0018229484558105469,1,1,1e-06,0.0
1,0.0014328956604003906,1,1,1e-06,0.0
1,0.00165557861328125,1,1,1e-06,0.0
1,0.0018782615661621094,1,1,1e-06,0.0
1,0.027196168899536133,1,1,1e-06,0.0
1,0.0024118423461914062,1,1,1e-06,0.0
1,0.0021810531616210938,1,1,1e-06,0.0
1,0.0023272037506103516,1,1,1e-06,0.0
1,0.0021462440490722656,1,1,1e-06,0.0
1,0.0024442672729492188,1,1,1e-06,0.0
1,0.0042955875396728516,1,1,1e-06,0.0
1,0.001834869384765625,1,1,1e-06,0.0
1,0.029690027236938477,1,1,1e-06,0.0
1,0.0014772415161132812,1,1,1e-06,0.0
1,0.001600503921508789,1,1,1e-06,0.0
1,0.0020477771759033203,1,1,1e-06,0.0
1,0.0029098987579345703,1,1,1e-06,0.0
1,0.0019135475158691406,1,1,1e-06,0.0
1,0.0016467571258544922,1,1,1e-06,0.0
1,0.0014743804931640625,1,1,1e-06,0.0
1,0.0019788742065429688,1,1,1e-06,0.0
1,0.004076242446899414,1,1,1e-06,0.0
1,0.002511739730834961,1,1,1e-06,0.0
1,0.0016491413116455078,1,1,1e-06,0.0
1,0.002149343490600586,1,1,1e-06,0.0
1,0.0018222332000732422,1,1,1e-06,0.0
1,0.0024559497833251953,1,1,1e-06,0.0
1,0.001477956771850586,1,1,1e-06,0.0
1,0.002391338348388672,1,1,1e-06,0.0
1,0.0017123222351074219,1,1,1e-06,0.0
1,0.001463174819946289,1,1,1e-06,0.0
1,0.0014214515686035156,1,1,1e-06,0.0
1,0.001827239990234375,1,1,1e-06,0.0
1,0.005005359649658203,1,1,1e-06,0.0
1,0.002368450164794922,1,1,1e-06,0.0
1,0.0021581649780273438,1,1,1e-06,0.0
1,0.004613161087036133,1,1,1e-06,0.0
1,0.0057718753814697266,1,1,1e-06,0.0
1,0.0018835067749023438,1,1,1e-06,0.0
1,0.0016987323760986328,1,1,1e-06,0.0
1,0.0024635791778564453,1,1,1e-06,0.0
1,0.0024590492248535156,1,1,1e-06,0.0
1,0.0018124580383300781,1,1,1e-06,0.0
1,0.0019822120666503906,1,1,1e-06,0.0
1,0.005110263824462891,1,1,1e-06,0.0
1,0.002428293228149414,1,1,1e-06,0.0
1,0.0030367374420166016,1,1,1e-06,0.0
1,0.0019180774688720703,1,1,1e-06,0.0
1,0.002017974853515625,1,1,1e-06,0.0
1,0.001819610595703125,1,1,1e-06,0.0
1,0.0026731491088867188,1,1,1e-06,0.0
1,0.0030324459075927734,1,1,1e-06,0.0
1,0.004189014434814453,1,1,1e-06,0.0
1,0.017766475677490234,1,1,1e-06,0.0
1,0.0067234039306640625,1,1,1e-06,0.0
1,0.004932880401611328,1,1,1e-06,0.0
1,0.005354404449462891,1,1,1e-06,0.0
1,0.003711223602294922,1,1,1e-06,0.0
1,0.0065762996673583984,1,1,1e-06,0.0
1,0.00441288948059082,1,1,1e-06,0.0
1,0.006933927536010742,1,1,1e-06,0.0
1,0.003036022186279297,1,1,1e-06,0.0
1,0.0035064220428466797,1,1,1e-06,0.0
1,0.004957437515258789,1,1,1e-06,0.0
1,0.0037212371826171875,1,1,1e-06,0.0
1,0.008356571197509766,1,1,1e-06,0.0
1,0.022510528564453125,1,1,1e-06,0.0
1,0.0021216869354248047,1,1,1e-06,0.0
1,0.0018761157989501953,1,1,1e-06,0.0
1,0.039437055587768555,1,1,1e-06,0.0
1,0.002335071563720703,1,1,1e-06,0.0
1,0.005337953567504883,1,1,1e-06,0.0
1,0.002555370330810547,1,1,1e-06,0.0
1,0.0017104148864746094,1,1,1e-06,0.0
1,0.002127408981323242,1,1,1e-06,0.0
1,0.0023796558380126953,1,1,1e-06,0.0
1,0.0037751197814941406,1,1,1e-06,0.0
1,0.0019774436950683594,1,1,1e-06,0.0
1,0.001973390579223633,1,1,1e-06,0.0
1,0.001871347427368164,1,1,1e-06,0.0
1,0.0012052059173583984,1,1,1e-06,0.0
1,0.0016930103302001953,1,1,1e-06,0.0
1,0.002655506134033203,1,1,1e-06,0.0
1,0.002105712890625,1,1,1e-06,0.0
1,0.001852273941040039,1,1,1e-06,0.0
1,0.0020096302032470703,1,1,1e-06,0.0
1,0.004488468170166016,1,1,1e-06,0.0
1,0.002680063247680664,1,1,1e-06,0.0
1,0.0024178028106689453,1,1,1e-06,0.0
1,0.002419710159301758,1,1,1e-06,0.0
1,0.002461671829223633,1,1,1e-06,0.0
1,0.0037322044372558594,1,1,1e-06,0.0
1,0.0025615692138671875,1,1,1e-06,0.0
1,0.0018773078918457031,1,1,1e-06,0.0
1,0.002184629440307617,1,1,1e-06,0.0
1,0.003063201904296875,1,1,1e-06,0.0
1,0.0037539005279541016,1,1,1e-06,0.0
1,0.0038836002349853516,1,1,1e-06,0.0
1,0.006609201431274414,1,1,1e-06,0.0
1,0.003920316696166992,1,1,1e-06,0.0
1,0.0031964778900146484,1,1,1e-06,0.0
1,0.0037817955017089844,1,1,1e-06,0.0
1,0.004477024078369141,1,1,1e-06,0.0
1,0.006450653076171875,1,1,1e-06,0.0
1,0.0038001537322998047,1,1,1e-06,0.0
1,0.004995584487915039,1,1,1e-06,0.0
1,0.0044820308685302734,1,1,1e-06,0.0
1,0.004767656326293945,1,1,1e-06,0.0
1,0.006479501724243164,1,1,1e-06,0.0
1,0.015117645263671875,1,1,1e-06,0.0
1,0.003284931182861328,1,1,1e-06,0.0
1,0.0029249191284179688,1,1,1e-06,0.0
1,0.002206087112426758,1,1,1e-06,0.0
1,0.002230405807495117,1,1,1e-06,0.0
1,0.0034492015838623047,1,1,1e-06,0.0
1,0.002590656280517578,1,1,1e-06,0.0
1,0.0039031505584716797,1,1,1e-06,0.0
1,0.0024819374084472656,1,1,1e-06,0.0
1,0.0025670528411865234,1,1,1e-06,0.0
1,0.0020592212677001953,1,1,1e-06,0.0
1,0.0017542839050292969,1,1,1e-06,0.0
1,0.002136707305908203,1,1,1e-06,0.0
1,0.003342866897583008,1,1,1e-06,0.0
1,0.0021305084228515625,1,1,1e-06,0.0
1,0.002437591552734375,1,1,1e-06,0.0
1,0.0029611587524414062,1,1,1e-06,0.0
1,0.0033714771270751953,1,1,1e-06,0.0
1,0.016542434692382812,1,1,1e-06,0.0
1,0.0019402503967285156,1,1,1e-06,0.0
1,0.001943349838256836,1,1,1e-06,0.0
1,0.0020208358764648438,1,1,1e-06,0.0
1,0.0021851062774658203,1,1,1e-06,0.0
1,0.002118825912475586,1,1,1e-06,0.0
1,0.001554727554321289,1,1,1e-06,0.0
1,0.0011403560638427734,1,1,1e-06,0.0
1,0.0021283626556396484,1,1,1e-06,0.0
1,0.003997325897216797,1,1,1e-06,0.0
1,0.0018429756164550781,1,1,1e-06,0.0
1,0.0021479129791259766,1,1,1e-06,0.0
1,0.002077817916870117,1,1,1e-06,0.0
1,0.0020973682403564453,1,1,1e-06,0.0
1,0.002337217330932617,1,1,1e-06,0.0
1,0.0031545162200927734,1,1,1e-06,0.0
1,0.0022411346435546875,1,1,1e-06,0.0
1,0.0023956298828125,1,1,1e-06,0.0
1,0.002457141876220703,1,1,1e-06,0.0
1,0.0032291412353515625,1,1,1e-06,0.0
1,0.0018117427825927734,1,1,1e-06,0.0
1,0.08456277847290039,1,1,1e-06,0.0
1,0.0024166107177734375,1,1,1e-06,0.0
1,0.0041239261627197266,1,1,1e-06,0.0
1,0.001928091049194336,1,1,1e-06,0.0
1,0.001901865005493164,1,1,1e-06,0.0
1,0.0020329952239990234,1,1,1e-06,0.0
1,0.0021839141845703125,1,1,1e-06,0.0
1,0.0032186508178710938,1,1,1e-06,0.0
1,0.002772808074951172,1,1,1e-06,0.0
1,0.0027017593383789062,1,1,1e-06,0.0
1,0.002864837646484375,1,1,1e-06,0.0
1,0.004108905792236328,1,1,1e-06,0.0
1,0.003074169158935547,1,1,1e-06,0.0
1,0.0025162696838378906,1,1,1e-06,0.0
1,0.0033788681030273438,1,1,1e-06,0.0
1,0.002231597900390625,1,1,1e-06,0.0
1,0.0023186206817626953,1,1,1e-06,0.0
1,0.004559755325317383,1,1,1e-06,0.0
1,0.0033674240112304688,1,1,1e-06,0.0
1,0.014363527297973633,1,1,1e-06,0.0
1,0.003586292266845703,1,1,1e-06,0.0
1,0.0037283897399902344,1,1,1e-06,0.0
1,0.0022954940795898438,1,1,1e-06,0.0
1,0.0017850399017333984,1,1,1e-06,0.0
1,0.00443267822265625,1,1,1e-06,0.0
1,0.0027379989624023438,1,1,1e-06,0.0
1,0.0029687881469726562,1,1,1e-06,0.0
1,0.0046846866607666016,1,1,1e-06,0.0
1,0.0031676292419433594,1,1,1e-06,0.0
1,0.0027570724487304688,1,1,1e-06,0.0
1,0.0033044815063476562,1,1,1e-06,0.0
1,0.003865480422973633,1,1,1e-06,0.0
1,0.003980398178100586,1,1,1e-06,0.0
1,0.002115011215209961,1,1,1e-06,0.0
1,0.004834175109863281,1,1,1e-06,0.0
1,0.0030541419982910156,1,1,1e-06,0.0
1,0.0033884048461914062,1,1,1e-06,0.0
1,0.005654335021972656,1,1,1e-06,0.0
1,0.003117799758911133,1,1,1e-06,0.0
1,0.002568960189819336,1,1,1e-06,0.0
1,0.0017883777618408203,1,1,1e-06,0.0
1,0.0018968582153320312,1,1,1e-06,0.0
1,0.011270284652709961,1,1,1e-06,0.0
1,0.002067089080810547,1,1,1e-06,0.0
1,0.0029947757720947266,1,1,1e-06,0.0
1,0.0022411346435546875,1,1,1e-06,0.0
1,0.0020494461059570312,1,1,1e-06,0.0
1,0.0021865367889404297,1,1,1e-06,0.0
1,0.0020241737365722656,1,1,1e-06,0.0
1,0.0024902820587158203,1,1,1e-06,0.0
1,0.001692056655883789,1,1,1e-06,0.0
1,0.0018548965454101562,1,1,1e-06,0.0
1,0.0019459724426269531,1,1,1e-06,0.0
1,0.005034685134887695,1,1,1e-06,0.0
1,0.0020601749420166016,1,1,1e-06,0.0
1,0.0027065277099609375,1,1,1e-06,0.0
1,0.0033249855041503906,1,1,1e-06,0.0
1,0.0029578208923339844,1,1,1e-06,0.0
1,0.0036056041717529297,1,1,1e-06,0.0
1,0.0031867027282714844,1,1,1e-06,0.0
1,0.0037603378295898438,1,1,1e-06,0.0
1,0.00420069694519043,1,1,1e-06,0.0
1,0.0037941932678222656,1,1,1e-06,0.0
1,0.00477290153503418,1,1,1e-06,0.0
1,0.0021822452545166016,1,1,1e-06,0.0
1,0.0016758441925048828,1,1,1e-06,0.0
1,0.002297639846801758,1,1,1e-06,0.0
1,0.002344846725463867,1,1,1e-06,0.0
1,0.002676248550415039,1,1,1e-06,0.0
1,0.002066373825073242,1,1,1e-06,0.0
1,0.006728649139404297,1,1,1e-06,0.0
1,0.0033910274505615234,1,1,1e-06,0.0
1,0.005810737609863281,1,1,1e-06,0.0
1,0.0022704601287841797,1,1,1e-06,0.0
1,0.002477407455444336,1,1,1e-06,0.0
1,0.0027256011962890625,1,1,1e-06,0.0
1,0.00267791748046875,1,1,1e-06,0.0
1,0.008585453033447266,1,1,1e-06,0.0
1,0.002254009246826172,1,1,1e-06,0.0
1,0.004275083541870117,1,1,1e-06,0.0
1,0.0036427974700927734,1,1,1e-06,0.0
1,0.008450746536254883,1,1,1e-06,0.0
1,0.004135847091674805,1,1,1e-06,0.0
1,0.0033767223358154297,1,1,1e-06,0.0
1,0.0024874210357666016,1,1,1e-06,0.0
1,0.005017757415771484,1,1,1e-06,0.0
1,0.03041839599609375,1,1,1e-06,0.0
1,0.0020122528076171875,1,1,1e-06,0.0
1,0.003513336181640625,1,1,1e-06,0.0
1,0.0023734569549560547,1,1,1e-06,0.0
1,0.0019352436065673828,1,1,1e-06,0.0
1,0.0019524097442626953,1,1,1e-06,0.0
1,0.013970613479614258,1,1,1e-06,0.0
1,0.002025127410888672,1,1,1e-06,0.0
1,0.0023822784423828125,1,1,1e-06,0.0
1,0.002470731735229492,1,1,1e-06,0.0
1,0.0023238658905029297,1,1,1e-06,0.0
1,0.002071380615234375,1,1,1e-06,0.0
1,0.0016698837280273438,1,1,1e-06,0.0
1,0.0018310546875,1,1,1e-06,0.0
1,0.0016982555389404297,1,1,1e-06,0.0
1,0.0023224353790283203,1,1,1e-06,0.0
1,0.005583047866821289,1,1,1e-06,0.0
1,0.002322673797607422,1,1,1e-06,0.0
1,0.0016727447509765625,1,1,1e-06,0.0
1,0.0014202594757080078,1,1,1e-06,0.0
1,0.003943443298339844,1,1,1e-06,0.0
1,0.0025870800018310547,1,1,1e-06,0.0
1,0.0019366741180419922,1,1,1e-06,0.0
1,0.001798391342163086,1,1,1e-06,0.0
1,0.0023555755615234375,1,1,1e-06,0.0
1,0.02299189567565918,1,1,1e-06,0.0
1,0.0022835731506347656,1,1,1e-06,0.0
1,0.0016705989837646484,1,1,1e-06,0.0
1,0.0016758441925048828,1,1,1e-06,0.0
1,0.002666950225830078,1,1,1e-06,0.0
1,0.0020399093627929688,1,1,1e-06,0.0
1,0.002719402313232422,1,1,1e-06,0.0
1,0.0029420852661132812,1,1,1e-06,0.0
1,0.004781007766723633,1,1,1e-06,0.0
1,0.006017923355102539,1,1,1e-06,0.0
1,0.07918715476989746,1,1,1e-06,0.0
1,0.002209901809692383,1,1,1e-06,0.0
1,0.002778291702270508,1,1,1e-06,0.0
1,0.0023276805877685547,1,1,1e-06,0.0
1,0.002784252166748047,1,1,1e-06,0.0
1,0.002141237258911133,1,1,1e-06,0.0
1,0.0017600059509277344,1,1,1e-06,0.0
1,0.0015311241149902344,1,1,1e-06,0.0
1,0.0014102458953857422,1,1,1e-06,0.0
1,0.0018184185028076172,1,1,1e-06,0.0
1,0.002496004104614258,1,1,1e-06,0.0
1,0.003524303436279297,1,1,1e-06,0.0
1,0.0022885799407958984,1,1,1e-06,0.0
1,0.002038240432739258,1,1,1e-06,0.0
1,0.002656698226928711,1,1,1e-06,0.0
1,0.0018329620361328125,1,1,1e-06,0.0
1,0.00194549560546875,1,1,1e-06,0.0
1,0.0027313232421875,1,1,1e-06,0.0
1,0.0025358200073242188,1,1,1e-06,0.0
1,0.0028963088989257812,1,1,1e-06,0.0
1,0.003938913345336914,1,1,1e-06,0.0
1,0.0021126270294189453,1,1,1e-06,0.0
1,0.0021505355834960938,1,1,1e-06,0.0
1,0.0016374588012695312,1,1,1e-06,0.0
1,0.0025987625122070312,1,1,1e-06,0.0
1,0.0024492740631103516,1,1,1e-06,0.0
1,0.0028030872344970703,1,1,1e-06,0.0
1,0.0026869773864746094,1,1,1e-06,0.0
1,0.0023186206817626953,1,1,1e-06,0.0
1,0.0018596649169921875,1,1,1e-06,0.0
1,0.0030257701873779297,1,1,1e-06,0.0
1,0.004065036773681641,1,1,1e-06,0.0
1,0.002259492874145508,1,1,1e-06,0.0
1,0.0023086071014404297,1,1,1e-06,0.0
1,0.005435943603515625,1,1,1e-06,0.0
1,0.0025801658630371094,1,1,1e-06,0.0
1,0.0032122135162353516,1,1,1e-06,0.0
1,0.002919912338256836,1,1,1e-06,0.0
1,0.0025115013122558594,1,1,1e-06,0.0
1,0.0029366016387939453,1,1,1e-06,0.0
1,0.003130674362182617,1,1,1e-06,0.0
1,0.0028421878814697266,1,1,1e-06,0.0
1,0.0034761428833007812,1,1,1e-06,0.0
1,0.002185344696044922,1,1,1e-06,0.0
1,0.002397775650024414,1,1,1e-06,0.0
1,0.002727508544921875,1,1,1e-06,0.0
1,0.004438161849975586,1,1,1e-06,0.0
1,0.0040738582611083984,1,1,1e-06,0.0
1,0.004247426986694336,1,1,1e-06,0.0
1,0.004567146301269531,1,1,1e-06,0.0
1,0.003214597702026367,1,1,1e-06,0.0
1,0.039704322814941406,1,1,1e-06,0.0
1,0.003110647201538086,1,1,1e-06,0.0
1,0.02046680450439453,1,1,1e-06,0.0
1,0.004201412200927734,1,1,1e-06,0.0
1,0.003029346466064453,1,1,1e-06,0.0
1,0.0034165382385253906,1,1,1e-06,0.0
1,0.0055561065673828125,1,1,1e-06,0.0
1,0.002575397491455078,1,1,1e-06,0.0
1,0.005278587341308594,1,1,1e-06,0.0
1,0.0034410953521728516,1,1,1e-06,0.0
1,0.0017857551574707031,1,1,1e-06,0.0
1,0.0019412040710449219,1,1,1e-06,0.0
1,0.031158924102783203,1,1,1e-06,0.0
1,0.0019092559814453125,1,1,1e-06,0.0
1,0.0026721954345703125,1,1,1e-06,0.0
1,0.0030651092529296875,1,1,1e-06,0.0
1,0.004183053970336914,1,1,1e-06,0.0
1,0.004491567611694336,1,1,1e-06,0.0
1,0.002496957778930664,1,1,1e-06,0.0
1,0.0019850730895996094,1,1,1e-06,0.0
1,0.002469301223754883,1,1,1e-06,0.0
1,0.0020363330841064453,1,1,1e-06,0.0
1,0.0034341812133789062,1,1,1e-06,0.0
1,0.003634929656982422,1,1,1e-06,0.0
1,0.003995418548583984,1,1,1e-06,0.0
1,0.0025861263275146484,1,1,1e-06,0.0
1,0.0020155906677246094,1,1,1e-06,0.0
1,0.0020046234130859375,1,1,1e-06,0.0
1,0.0023386478424072266,1,1,1e-06,0.0
1,0.002488374710083008,1,1,1e-06,0.0
1,0.002579212188720703,1,1,1e-06,0.0
1,0.0018839836120605469,1,1,1e-06,0.0
1,0.0016202926635742188,1,1,1e-06,0.0
1,0.002043008804321289,1,1,1e-06,0.0
1,0.002666950225830078,1,1,1e-06,0.0
1,0.0027556419372558594,1,1,1e-06,0.0
1,0.004702091217041016,1,1,1e-06,0.0
1,0.002741575241088867,1,1,1e-06,0.0
1,0.002475261688232422,1,1,1e-06,0.0
1,0.0031435489654541016,1,1,1e-06,0.0
1,0.002378225326538086,1,1,1e-06,0.0
1,0.003230571746826172,1,1,1e-06,0.0
1,0.002774477005004883,1,1,1e-06,0.0
1,0.002336263656616211,1,1,1e-06,0.0
1,0.0023140907287597656,1,1,1e-06,0.0
1,0.0021615028381347656,1,1,1e-06,0.0
1,0.002376556396484375,1,1,1e-06,0.0
1,0.004122257232666016,1,1,1e-06,0.0
1,0.004250288009643555,1,1,1e-06,0.0
1,0.003064393997192383,1,1,1e-06,0.0
1,0.001981973648071289,1,1,1e-06,0.0
1,0.0018918514251708984,1,1,1e-06,0.0
1,0.0027649402618408203,1,1,1e-06,0.0
1,0.002213001251220703,1,1,1e-06,0.0
1,0.002832651138305664,1,1,1e-06,0.0
1,0.0020890235900878906,1,1,1e-06,0.0
1,0.002351522445678711,1,1,1e-06,0.0
1,0.0025365352630615234,1,1,1e-06,0.0
1,0.0027375221252441406,1,1,1e-06,0.0
1,0.002655506134033203,1,1,1e-06,0.0
1,0.002012014389038086,1,1,1e-06,0.0
1,0.0046079158782958984,1,1,1e-06,0.0
1,0.0031299591064453125,1,1,1e-06,0.0
1,0.004358768463134766,1,1,1e-06,0.0
1,0.0027463436126708984,1,1,1e-06,0.0
1,0.0051310062408447266,1,1,1e-06,0.0
1,0.004781007766723633,1,1,1e-06,0.0
1,0.0027604103088378906,1,1,1e-06,0.0
1,0.0019588470458984375,1,1,1e-06,0.0
1,0.002177000045776367,1,1,1e-06,0.0
1,0.001821279525756836,1,1,1e-06,0.0
1,0.0024611949920654297,1,1,1e-06,0.0
1,0.01344752311706543,1,1,1e-06,0.0
1,0.013528585433959961,1,1,1e-06,0.0
1,0.0028107166290283203,1,1,1e-06,0.0
1,0.002911090850830078,1,1,1e-06,0.0
1,0.002947568893432617,1,1,1e-06,0.0
1,0.0027027130126953125,1,1,1e-06,0.0
1,0.002772092819213867,1,1,1e-06,0.0
1,0.002202749252319336,1,1,1e-06,0.0
1,0.0031347274780273438,1,1,1e-06,0.0
1,0.005044698715209961,1,1,1e-06,0.0
1,0.002489805221557617,1,1,1e-06,0.0
1,0.0025043487548828125,1,1,1e-06,0.0
1,0.002232789993286133,1,1,1e-06,0.0
1,0.002875089645385742,1,1,1e-06,0.0
1,0.003088712692260742,1,1,1e-06,0.0
1,0.002373218536376953,1,1,1e-06,0.0
1,0.005057573318481445,1,1,1e-06,0.0
1,0.0022499561309814453,1,1,1e-06,0.0
1,0.0019097328186035156,1,1,1e-06,0.0
1,0.0028705596923828125,1,1,1e-06,0.0
1,0.002222299575805664,1,1,1e-06,0.0
1,0.003777027130126953,1,1,1e-06,0.0
1,0.0036003589630126953,1,1,1e-06,0.0
1,0.005418539047241211,1,1,1e-06,0.0
1,0.0028836727142333984,1,1,1e-06,0.0
1,0.0025548934936523438,1,1,1e-06,0.0
1,0.02936387062072754,1,1,1e-06,0.0
1,0.0018036365509033203,1,1,1e-06,0.0
1,0.0024764537811279297,1,1,1e-06,0.0
1,0.001903533935546875,1,1,1e-06,0.0
1,0.0018703937530517578,1,1,1e-06,0.0
1,0.002045869827270508,1,1,1e-06,0.0
1,0.0025854110717773438,1,1,1e-06,0.0
1,0.002733469009399414,1,1,1e-06,0.0
1,0.002359151840209961,1,1,1e-06,0.0
1,0.002172231674194336,1,1,1e-06,0.0
1,0.0020799636840820312,1,1,1e-06,0.0
1,0.0024423599243164062,1,1,1e-06,0.0
1,0.0022025108337402344,1,1,1e-06,0.0
1,0.0034389495849609375,1,1,1e-06,0.0
1,0.0025386810302734375,1,1,1e-06,0.0
1,0.0029726028442382812,1,1,1e-06,0.0
1,0.003677845001220703,1,1,1e-06,0.0
1,0.0032024383544921875,1,1,1e-06,0.0
1,0.0039234161376953125,1,1,1e-06,0.0
1,0.003037691116333008,1,1,1e-06,0.0
1,0.0024111270904541016,1,1,1e-06,0.0
1,0.0022835731506347656,1,1,1e-06,0.0
1,0.0024313926696777344,1,1,1e-06,0.0
1,0.002199888229370117,1,1,1e-06,0.0
1,0.002043485641479492,1,1,1e-06,0.0
1,0.0023941993713378906,1,1,1e-06,0.0
1,0.0030133724212646484,1,1,1e-06,0.0
1,0.002955198287963867,1,1,1e-06,0.0
1,0.0022344589233398438,1,1,1e-06,0.0
1,0.0020558834075927734,1,1,1e-06,0.0
1,0.0017576217651367188,1,1,1e-06,0.0
1,0.05044746398925781,1,1,1e-06,0.0
1,0.00225830078125,1,1,1e-06,0.0
1,0.002042531967163086,1,1,1e-06,0.0
1,0.037184715270996094,1,1,1e-06,0.0
1,0.003544330596923828,1,1,1e-06,0.0
1,0.002649545669555664,1,1,1e-06,0.0
1,0.002763032913208008,1,1,1e-06,0.0
1,0.002699613571166992,1,1,1e-06,0.0
1,0.002650737762451172,1,1,1e-06,0.0
1,0.003410816192626953,1,1,1e-06,0.0
1,0.0031986236572265625,1,1,1e-06,0.0
1,0.002207040786743164,1,1,1e-06,0.0
1,0.0022249221801757812,1,1,1e-06,0.0
1,0.0035479068756103516,1,1,1e-06,0.0
1,0.002034902572631836,1,1,1e-06,0.0
1,0.006958484649658203,1,1,1e-06,0.0
1,0.0030438899993896484,1,1,1e-06,0.0
1,0.0028924942016601562,1,1,1e-06,0.0
1,0.002437591552734375,1,1,1e-06,0.0
1,0.003694295883178711,1,1,1e-06,0.0
1,0.0030660629272460938,1,1,1e-06,0.0
1,0.002379894256591797,1,1,1e-06,0.0
1,0.0045871734619140625,1,1,1e-06,0.0
1,0.0030057430267333984,1,1,1e-06,0.0
1,0.004273414611816406,1,1,1e-06,0.0
1,0.0040819644927978516,1,1,1e-06,0.0
1,0.004627227783203125,1,1,1e-06,0.0
1,0.004568576812744141,1,1,1e-06,0.0
1,0.004166603088378906,1,1,1e-06,0.0
1,0.003284931182861328,1,1,1e-06,0.0
1,0.006815671920776367,1,1,1e-06,0.0
1,0.006349086761474609,1,1,1e-06,0.0
1,0.004392147064208984,1,1,1e-06,0.0
1,0.003425121307373047,1,1,1e-06,0.0
1,0.005008697509765625,1,1,1e-06,0.0
1,0.0038747787475585938,1,1,1e-06,0.0
1,0.004195213317871094,1,1,1e-06,0.0
1,0.002391338348388672,1,1,1e-06,0.0
1,0.01578354835510254,1,1,1e-06,0.0
1,0.017744779586791992,1,1,1e-06,0.0
1,0.003960609436035156,1,1,1e-06,0.0
1,0.002457141876220703,1,1,1e-06,0.0
1,0.002643585205078125,1,1,1e-06,0.0
1,0.0030918121337890625,1,1,1e-06,0.0
1,0.0023593902587890625,1,1,1e-06,0.0
1,0.0027539730072021484,1,1,1e-06,0.0
1,0.03123950958251953,1,1,1e-06,0.0
1,0.0019271373748779297,1,1,1e-06,0.0
1,0.0023827552795410156,1,1,1e-06,0.0
1,0.0020389556884765625,1,1,1e-06,0.0
1,0.005594015121459961,1,1,1e-06,0.0
1,0.0026657581329345703,1,1,1e-06,0.0
1,0.002146482467651367,1,1,1e-06,0.0
1,0.002794504165649414,1,1,1e-06,0.0
1,0.003214597702026367,1,1,1e-06,0.0
1,0.0025305747985839844,1,1,1e-06,0.0
1,0.0024471282958984375,1,1,1e-06,0.0
1,0.0024352073669433594,1,1,1e-06,0.0
1,0.0029816627502441406,1,1,1e-06,0.0
1,0.002019643783569336,1,1,1e-06,0.0
1,0.0027399063110351562,1,1,1e-06,0.0
1,0.0032546520233154297,1,1,1e-06,0.0
1,0.014320135116577148,1,1,1e-06,0.0
1,0.003121614456176758,1,1,1e-06,0.0
1,0.0021195411682128906,1,1,1e-06,0.0
1,0.003943920135498047,1,1,1e-06,0.0
1,0.004282236099243164,1,1,1e-06,0.0
1,0.0030829906463623047,1,1,1e-06,0.0
1,0.002228975296020508,1,1,1e-06,0.0
1,0.0021834373474121094,1,1,1e-06,0.0
1,0.01861715316772461,1,1,1e-06,0.0
1,0.0023703575134277344,1,1,1e-06,0.0
1,0.0019378662109375,1,1,1e-06,0.0
1,0.002473115921020508,1,1,1e-06,0.0
1,0.0027794837951660156,1,1,1e-06,0.0
1,0.0031752586364746094,1,1,1e-06,0.0
1,0.0023102760314941406,1,1,1e-06,0.0
1,0.04187965393066406,1,1,1e-06,0.0
1,0.0029664039611816406,1,1,1e-06,0.0
1,0.002921581268310547,1,1,1e-06,0.0
1,0.0023262500762939453,1,1,1e-06,0.0
1,0.011263370513916016,1,1,1e-06,0.0
1,0.0032050609588623047,1,1,1e-06,0.0
1,0.0021209716796875,1,1,1e-06,0.0
1,0.002018451690673828,1,1,1e-06,0.0
1,0.0021429061889648438,1,1,1e-06,0.0
1,0.0060498714447021484,1,1,1e-06,0.0
1,0.003694295883178711,1,1,1e-06,0.0
1,0.002179861068725586,1,1,1e-06,0.0
1,0.0022907257080078125,1,1,1e-06,0.0
1,0.0028123855590820312,1,1,1e-06,0.0
1,0.014737844467163086,1,1,1e-06,0.0
1,0.019862890243530273,1,1,1e-06,0.0
1,0.0034253597259521484,1,1,1e-06,0.0
1,0.003201007843017578,1,1,1e-06,0.0
1,0.002838134765625,1,1,1e-06,0.0
1,0.004218578338623047,1,1,1e-06,0.0
1,0.0032341480255126953,1,1,1e-06,0.0
1,0.0023555755615234375,1,1,1e-06,0.0
1,0.003011465072631836,1,1,1e-06,0.0
1,0.0044078826904296875,1,1,1e-06,0.0
1,0.003566265106201172,1,1,1e-06,0.0
1,0.00431060791015625,1,1,1e-06,0.0
1,0.0063838958740234375,1,1,1e-06,0.0
1,0.004163265228271484,1,1,1e-06,0.0
1,0.00299072265625,1,1,1e-06,0.0
1,0.0020172595977783203,1,1,1e-06,0.0
1,0.003618478775024414,1,1,1e-06,0.0
1,0.006989002227783203,1,1,1e-06,0.0
1,0.0028281211853027344,1,1,1e-06,0.0
1,0.0036194324493408203,1,1,1e-06,0.0
1,0.0024373531341552734,1,1,1e-06,0.0
1,0.0021600723266601562,1,1,1e-06,0.0
1,0.0024995803833007812,1,1,1e-06,0.0
1,0.003566741943359375,1,1,1e-06,0.0
1,0.0023534297943115234,1,1,1e-06,0.0
1,0.0055272579193115234,1,1,1e-06,0.0
1,0.002424478530883789,1,1,1e-06,0.0
1,0.002489328384399414,1,1,1e-06,0.0
1,0.0021004676818847656,1,1,1e-06,0.0
1,0.0025300979614257812,1,1,1e-06,0.0
1,0.0039141178131103516,1,1,1e-06,0.0
1,0.003020048141479492,1,1,1e-06,0.0
1,0.0020647048950195312,1,1,1e-06,0.0
1,0.0024509429931640625,1,1,1e-06,0.0
1,0.004925251007080078,1,1,1e-06,0.0
1,0.0045337677001953125,1,1,1e-06,0.0
1,0.004220247268676758,1,1,1e-06,0.0
1,0.004210710525512695,1,1,1e-06,0.0
1,0.004654645919799805,1,1,1e-06,0.0
1,0.004648685455322266,1,1,1e-06,0.0
1,0.009091854095458984,1,1,1e-06,0.0
1,0.0048100948333740234,1,1,1e-06,0.0
1,0.0019347667694091797,1,1,1e-06,0.0
1,0.0015587806701660156,1,1,1e-06,0.0
1,0.026436805725097656,1,1,1e-06,0.0
1,0.0019354820251464844,1,1,1e-06,0.0
1,0.0017876625061035156,1,1,1e-06,0.0
1,0.003347635269165039,1,1,1e-06,0.0
1,0.0029900074005126953,1,1,1e-06,0.0
1,0.002665996551513672,1,1,1e-06,0.0
1,0.0028159618377685547,1,1,1e-06,0.0
1,0.002249002456665039,1,1,1e-06,0.0
1,0.0017027854919433594,1,1,1e-06,0.0
1,0.0017774105072021484,1,1,1e-06,0.0
1,0.002192258834838867,1,1,1e-06,0.0
1,0.0022211074829101562,1,1,1e-06,0.0
1,0.003589630126953125,1,1,1e-06,0.0
1,0.0032339096069335938,1,1,1e-06,0.0
1,0.0021674633026123047,1,1,1e-06,0.0
1,0.0022933483123779297,1,1,1e-06,0.0
1,0.0017447471618652344,1,1,1e-06,0.0
1,0.0025250911712646484,1,1,1e-06,0.0
1,0.0024755001068115234,1,1,1e-06,0.0
1,0.0025839805603027344,1,1,1e-06,0.0
1,0.0021889209747314453,1,1,1e-06,0.0
1,0.002727985382080078,1,1,1e-06,0.0
1,0.0017654895782470703,1,1,1e-06,0.0
1,0.002214670181274414,1,1,1e-06,0.0
1,0.0025022029876708984,1,1,1e-06,0.0
1,0.002315521240234375,1,1,1e-06,0.0
1,0.002434968948364258,1,1,1e-06,0.0
1,0.0047605037689208984,1,1,1e-06,0.0
1,0.0023314952850341797,1,1,1e-06,0.0
1,0.002096891403198242,1,1,1e-06,0.0
1,0.002921581268310547,1,1,1e-06,0.0
1,0.004913330078125,1,1,1e-06,0.0
1,0.003459930419921875,1,1,1e-06,0.0
1,0.0029501914978027344,1,1,1e-06,0.0
1,0.005394697189331055,1,1,1e-06,0.0
1,0.004702568054199219,1,1,1e-06,0.0
1,0.0038852691650390625,1,1,1e-06,0.0
1,0.0050427913665771484,1,1,1e-06,0.0
1,0.004960298538208008,1,1,1e-06,0.0
1,0.0052492618560791016,1,1,1e-06,0.0
1,0.004377841949462891,1,1,1e-06,0.0
1,0.0060710906982421875,1,1,1e-06,0.0
1,0.0038373470306396484,1,1,1e-06,0.0
1,0.0021386146545410156,1,1,1e-06,0.0
1,0.003317117691040039,1,1,1e-06,0.0
1,0.008252382278442383,1,1,1e-06,0.0
1,0.0035953521728515625,1,1,1e-06,0.0
1,0.002777576446533203,1,1,1e-06,0.0
1,0.004127979278564453,1,1,1e-06,0.0
1,0.004392385482788086,1,1,1e-06,0.0
1,0.004373788833618164,1,1,1e-06,0.0
1,0.006028890609741211,1,1,1e-06,0.0
1,0.002071857452392578,1,1,1e-06,0.0
1,0.0036385059356689453,1,1,1e-06,0.0
1,0.0027303695678710938,1,1,1e-06,0.0
1,0.002048492431640625,1,1,1e-06,0.0
1,0.002222776412963867,1,1,1e-06,0.0
1,0.003354787826538086,1,1,1e-06,0.0
1,0.0022792816162109375,1,1,1e-06,0.0
1,0.0023691654205322266,1,1,1e-06,0.0
1,0.001996755599975586,1,1,1e-06,0.0
1,0.0021636486053466797,1,1,1e-06,0.0
1,0.0035638809204101562,1,1,1e-06,0.0
1,0.0019516944885253906,1,1,1e-06,0.0
1,0.002084016799926758,1,1,1e-06,0.0
1,0.0018129348754882812,1,1,1e-06,0.0
1,0.001990795135498047,1,1,1e-06,0.0
1,0.0021789073944091797,1,1,1e-06,0.0
1,0.0036478042602539062,1,1,1e-06,0.0
1,0.002054929733276367,1,1,1e-06,0.0
1,0.0046803951263427734,1,1,1e-06,0.0
1,0.0017125606536865234,1,1,1e-06,0.0
1,0.0018763542175292969,1,1,1e-06,0.0
1,0.0023353099822998047,1,1,1e-06,0.0
1,0.0023088455200195312,1,1,1e-06,0.0
1,0.0027608871459960938,1,1,1e-06,0.0
1,0.002187490463256836,1,1,1e-06,0.0
1,0.002627849578857422,1,1,1e-06,0.0
1,0.0025484561920166016,1,1,1e-06,0.0
1,0.0022792816162109375,1,1,1e-06,0.0
1,0.0021152496337890625,1,1,1e-06,0.0
1,0.003110647201538086,1,1,1e-06,0.0
1,0.023038864135742188,1,1,1e-06,0.0
1,0.002132892608642578,1,1,1e-06,0.0
1,0.031586647033691406,1,1,1e-06,0.0
1,0.003797769546508789,1,1,1e-06,0.0
1,0.002167224884033203,1,1,1e-06,0.0
1,0.005961179733276367,1,1,1e-06,0.0
1,0.002465486526489258,1,1,1e-06,0.0
1,0.002249479293823242,1,1,1e-06,0.0
1,0.013139724731445312,1,1,1e-06,0.0
1,0.0029065608978271484,1,1,1e-06,0.0
1,0.0069582462310791016,1,1,1e-06,0.0
1,0.0027685165405273438,1,1,1e-06,0.0
1,0.003047943115234375,1,1,1e-06,0.0
1,0.003469228744506836,1,1,1e-06,0.0
1,0.006264448165893555,1,1,1e-06,0.0
1,0.0054929256439208984,1,1,1e-06,0.0
1,0.0030252933502197266,1,1,1e-06,0.0
1,0.0019359588623046875,1,1,1e-06,0.0
1,0.004206180572509766,1,1,1e-06,0.0
1,0.002486705780029297,1,1,1e-06,0.0
1,0.009847164154052734,1,1,1e-06,0.0
1,0.003336668014526367,1,1,1e-06,0.0
1,0.002836465835571289,1,1,1e-06,0.0
1,0.002794981002807617,1,1,1e-06,0.0
1,0.011808156967163086,1,1,1e-06,0.0
1,0.00400543212890625,1,1,1e-06,0.0
1,0.002361297607421875,1,1,1e-06,0.0
1,0.0025787353515625,1,1,1e-06,0.0
1,0.010667085647583008,1,1,1e-06,0.0
1,0.0036334991455078125,1,1,1e-06,0.0
1,0.0031681060791015625,1,1,1e-06,0.0
1,0.002692699432373047,1,1,1e-06,0.0
1,0.011944293975830078,1,1,1e-06,0.0
1,0.002767801284790039,1,1,1e-06,0.0
1,0.0033822059631347656,1,1,1e-06,0.0
1,0.0031592845916748047,1,1,1e-06,0.0
1,0.01167607307434082,1,1,1e-06,0.0
1,0.002520322799682617,1,1,1e-06,0.0
1,0.00619196891784668,1,1,1e-06,0.0
1,0.00922846794128418,1,1,1e-06,0.0
1,0.0035910606384277344,1,1,1e-06,0.0
1,0.0031800270080566406,1,1,1e-06,0.0
1,0.003497600555419922,1,1,1e-06,0.0
1,0.001960277557373047,1,1,1e-06,0.0
1,0.008900165557861328,1,1,1e-06,0.0
1,0.002506732940673828,1,1,1e-06,0.0
1,0.003363370895385742,1,1,1e-06,0.0
1,0.006445169448852539,1,1,1e-06,0.0
1,0.006740570068359375,1,1,1e-06,0.0
1,0.008005857467651367,1,1,1e-06,0.0
1,0.006247043609619141,1,1,1e-06,0.0
1,0.003523111343383789,1,1,1e-06,0.0
1,0.06209731101989746,1,1,1e-06,0.0
1,0.003353118896484375,1,1,1e-06,0.0
1,0.011003732681274414,1,1,1e-06,0.0
1,0.0030908584594726562,1,1,1e-06,0.0
1,0.00359344482421875,1,1,1e-06,0.0
1,0.002704620361328125,1,1,1e-06,0.0
1,0.002224445343017578,1,1,1e-06,0.0
1,0.009051322937011719,1,1,1e-06,0.0
1,0.004626274108886719,1,1,1e-06,0.0
1,0.0033118724822998047,1,1,1e-06,0.0
1,0.013048648834228516,1,1,1e-06,0.0
1,0.0034296512603759766,1,1,1e-06,0.0
1,0.0035729408264160156,1,1,1e-06,0.0
1,0.002302408218383789,1,1,1e-06,0.0
1,0.015676021575927734,1,1,1e-06,0.0
1,0.003042936325073242,1,1,1e-06,0.0
1,0.013290643692016602,1,1,1e-06,0.0
1,0.004113674163818359,1,1,1e-06,0.0
1,0.0029609203338623047,1,1,1e-06,0.0
1,0.002927541732788086,1,1,1e-06,0.0
1,0.03664255142211914,1,1,1e-06,0.0
1,0.003874540328979492,1,1,1e-06,0.0
1,0.009484529495239258,1,1,1e-06,0.0
1,0.00424647331237793,1,1,1e-06,0.0
1,0.0036983489990234375,1,1,1e-06,0.0
1,0.3596992492675781,1,1,1e-06,0.0
1,0.01275777816772461,1,1,1e-06,0.0
1,0.002841949462890625,1,1,1e-06,0.0
1,0.008023500442504883,1,1,1e-06,0.0
1,0.0032384395599365234,1,1,1e-06,0.0
1,0.003512859344482422,1,1,1e-06,0.0
1,0.0032231807708740234,1,1,1e-06,0.0
1,0.002395153045654297,1,1,1e-06,0.0
1,0.003094196319580078,1,1,1e-06,0.0
1,0.002825498580932617,1,1,1e-06,0.0
1,0.0036983489990234375,1,1,1e-06,0.0
1,0.0036439895629882812,1,1,1e-06,0.0
1,0.0035796165466308594,1,1,1e-06,0.0
1,0.004491567611694336,1,1,1e-06,0.0
1,0.022719383239746094,1,1,1e-06,0.0
1,0.0033800601959228516,1,1,1e-06,0.0
1,0.002871990203857422,1,1,1e-06,0.0
1,0.004667520523071289,1,1,1e-06,0.0
1,0.003883838653564453,1,1,1e-06,0.0
1,0.0040819644927978516,1,1,1e-06,0.0
1,0.009944915771484375,1,1,1e-06,0.0
1,0.006093502044677734,1,1,1e-06,0.0
1,0.009740829467773438,1,1,1e-06,0.0
1,0.0029633045196533203,1,1,1e-06,0.0
1,0.007059574127197266,1,1,1e-06,0.0
1,0.003832578659057617,1,1,1e-06,0.0
1,0.002662181854248047,1,1,1e-06,0.0
1,0.007012844085693359,1,1,1e-06,0.0
1,0.00909113883972168,1,1,1e-06,0.0
1,0.002516508102416992,1,1,1e-06,0.0
1,0.0029382705688476562,1,1,1e-06,0.0
1,0.002333402633666992,1,1,1e-06,0.0
1,0.0027244091033935547,1,1,1e-06,0.0
1,0.10543370246887207,1,1,1e-06,0.0
1,0.002888917922973633,1,1,1e-06,0.0
1,0.005162477493286133,1,1,1e-06,0.0
1,0.002187490463256836,1,1,1e-06,0.0
1,0.0024595260620117188,1,1,1e-06,0.0
1,0.002270221710205078,1,1,1e-06,0.0
1,0.002504587173461914,1,1,1e-06,0.0
1,0.0019338130950927734,1,1,1e-06,0.0
1,0.0024182796478271484,1,1,1e-06,0.0
1,0.0026082992553710938,1,1,1e-06,0.0
1,0.004099845886230469,1,1,1e-06,0.0
1,0.009404420852661133,1,1,1e-06,0.0
1,0.0028076171875,1,1,1e-06,0.0
1,0.004435062408447266,1,1,1e-06,0.0
1,0.0018649101257324219,1,1,1e-06,0.0
1,0.012326717376708984,1,1,1e-06,0.0
1,0.0020689964294433594,1,1,1e-06,0.0
1,0.004509449005126953,1,1,1e-06,0.0
1,0.0034737586975097656,1,1,1e-06,0.0
1,0.002315998077392578,1,1,1e-06,0.0
1,0.004361867904663086,1,1,1e-06,0.0
1,0.002579212188720703,1,1,1e-06,0.0
1,0.0038423538208007812,1,1,1e-06,0.0
1,0.0033388137817382812,1,1,1e-06,0.0
1,0.0048749446868896484,1,1,1e-06,0.0
1,0.005148410797119141,1,1,1e-06,0.0
1,0.002635955810546875,1,1,1e-06,0.0
1,0.002119779586791992,1,1,1e-06,0.0
1,0.0021507740020751953,1,1,1e-06,0.0
1,0.12854743003845215,1,1,1e-06,0.0
1,0.002820730209350586,1,1,1e-06,0.0
1,0.05094099044799805,1,1,1e-06,0.0
1,0.0032196044921875,1,1,1e-06,0.0
1,0.0025010108947753906,1,1,1e-06,0.0
1,0.0024840831756591797,1,1,1e-06,0.0
1,0.0029616355895996094,1,1,1e-06,0.0
1,0.002395153045654297,1,1,1e-06,0.0
1,0.002110719680786133,1,1,1e-06,0.0
1,0.0022728443145751953,1,1,1e-06,0.0
1,0.0019910335540771484,1,1,1e-06,0.0
1,0.0026755332946777344,1,1,1e-06,0.0
1,0.0039103031158447266,1,1,1e-06,0.0
1,0.0038640499114990234,1,1,1e-06,0.0
1,0.004775524139404297,1,1,1e-06,0.0
1,0.003354310989379883,1,1,1e-06,0.0
1,0.002943754196166992,1,1,1e-06,0.0
1,0.0028009414672851562,1,1,1e-06,0.0
1,0.014687061309814453,1,1,1e-06,0.0
1,0.0028166770935058594,1,1,1e-06,0.0
1,0.002689361572265625,1,1,1e-06,0.0
1,0.0033898353576660156,1,1,1e-06,0.0
1,0.0045948028564453125,1,1,1e-06,0.0
1,0.0048978328704833984,1,1,1e-06,0.0
1,0.0033044815063476562,1,1,1e-06,0.0
1,0.0028963088989257812,1,1,1e-06,0.0
1,0.002374410629272461,1,1,1e-06,0.0
1,0.0032427310943603516,1,1,1e-06,0.0
1,0.0032165050506591797,1,1,1e-06,0.0
1,0.0031633377075195312,1,1,1e-06,0.0
1,0.008053302764892578,1,1,1e-06,0.0
1,0.0030133724212646484,1,1,1e-06,0.0
1,0.0035250186920166016,1,1,1e-06,0.0
1,0.003813505172729492,1,1,1e-06,0.0
1,0.0023970603942871094,1,1,1e-06,0.0
1,0.0035932064056396484,1,1,1e-06,0.0
1,0.0033702850341796875,1,1,1e-06,0.0
1,0.028522253036499023,1,1,1e-06,0.0
1,0.002958059310913086,1,1,1e-06,0.0
1,0.003126859664916992,1,1,1e-06,0.0
1,0.004458189010620117,1,1,1e-06,0.0
1,0.002249479293823242,1,1,1e-06,0.0
1,0.002302408218383789,1,1,1e-06,0.0
1,0.0022144317626953125,1,1,1e-06,0.0
1,0.0033445358276367188,1,1,1e-06,0.0
1,0.0037033557891845703,1,1,1e-06,0.0
1,0.003238677978515625,1,1,1e-06,0.0
1,0.004297018051147461,1,1,1e-06,0.0
1,0.004700183868408203,1,1,1e-06,0.0
1,0.0037147998809814453,1,1,1e-06,0.0
1,0.005319356918334961,1,1,1e-06,0.0
1,0.004216670989990234,1,1,1e-06,0.0
1,0.00218963623046875,1,1,1e-06,0.0
1,0.002813577651977539,1,1,1e-06,0.0
1,0.004353761672973633,1,1,1e-06,0.0
1,0.011031150817871094,1,1,1e-06,0.0
1,0.0024826526641845703,1,1,1e-06,0.0
1,0.0023605823516845703,1,1,1e-06,0.0
1,0.0020055770874023438,1,1,1e-06,0.0
1,0.0032434463500976562,1,1,1e-06,0.0
1,0.0028955936431884766,1,1,1e-06,0.0
1,0.001972675323486328,1,1,1e-06,0.0
1,0.0021767616271972656,1,1,1e-06,0.0
1,0.0033271312713623047,1,1,1e-06,0.0
1,0.003269195556640625,1,1,1e-06,0.0
1,0.0028061866760253906,1,1,1e-06,0.0
1,0.0022649765014648438,1,1,1e-06,0.0
1,0.002207040786743164,1,1,1e-06,0.0
1,0.0023572444915771484,1,1,1e-06,0.0
1,0.0046842098236083984,1,1,1e-06,0.0
1,0.0021054744720458984,1,1,1e-06,0.0
1,0.0025005340576171875,1,1,1e-06,0.0
1,0.0047380924224853516,1,1,1e-06,0.0
1,0.002943754196166992,1,1,1e-06,0.0
1,0.0019571781158447266,1,1,1e-06,0.0
1,0.002151966094970703,1,1,1e-06,0.0
1,0.004289865493774414,1,1,1e-06,0.0
1,0.00587773323059082,1,1,1e-06,0.0
1,0.0035355091094970703,1,1,1e-06,0.0
1,0.0027723312377929688,1,1,1e-06,0.0
1,0.0027875900268554688,1,1,1e-06,0.0
1,0.0030689239501953125,1,1,1e-06,0.0
1,0.02112555503845215,1,1,1e-06,0.0
1,0.002404451370239258,1,1,1e-06,0.0
1,0.002004861831665039,1,1,1e-06,0.0
1,0.002913951873779297,1,1,1e-06,0.0
1,0.0020105838775634766,1,1,1e-06,0.0
1,0.002094745635986328,1,1,1e-06,0.0
1,0.002001047134399414,1,1,1e-06,0.0
1,0.0019230842590332031,1,1,1e-06,0.0
1,0.005104541778564453,1,1,1e-06,0.0
1,0.0023508071899414062,1,1,1e-06,0.0
1,0.0025854110717773438,1,1,1e-06,0.0
1,0.016106367111206055,1,1,1e-06,0.0
1,0.07991528511047363,1,1,1e-06,0.0
1,0.0023272037506103516,1,1,1e-06,0.0
1,0.002366304397583008,1,1,1e-06,0.0
1,0.005032062530517578,1,1,1e-06,0.0
1,0.002025604248046875,1,1,1e-06,0.0
1,0.001985788345336914,1,1,1e-06,0.0
1,0.001969575881958008,1,1,1e-06,0.0
1,0.0016226768493652344,1,1,1e-06,0.0
1,0.001837015151977539,1,1,1e-06,0.0
1,0.0020904541015625,1,1,1e-06,0.0
1,0.002477407455444336,1,1,1e-06,0.0
1,0.0018830299377441406,1,1,1e-06,0.0
1,0.0019681453704833984,1,1,1e-06,0.0
1,0.00211334228515625,1,1,1e-06,0.0
1,0.0021309852600097656,1,1,1e-06,0.0
1,0.0026412010192871094,1,1,1e-06,0.0
1,0.0019989013671875,1,1,1e-06,0.0
1,0.002877473831176758,1,1,1e-06,0.0
1,0.0018961429595947266,1,1,1e-06,0.0
1,0.0033228397369384766,1,1,1e-06,0.0
1,0.0029518604278564453,1,1,1e-06,0.0
1,0.002951383590698242,1,1,1e-06,0.0
1,0.0028820037841796875,1,1,1e-06,0.0
1,0.002938985824584961,1,1,1e-06,0.0
1,0.023217439651489258,1,1,1e-06,0.0
1,0.0023653507232666016,1,1,1e-06,0.0
1,0.0037603378295898438,1,1,1e-06,0.0
1,0.005657196044921875,1,1,1e-06,0.0
1,0.003673553466796875,1,1,1e-06,0.0
1,0.007590293884277344,1,1,1e-06,0.0
1,0.011845827102661133,1,1,1e-06,0.0
1,0.0037539005279541016,1,1,1e-06,0.0
1,0.004154205322265625,1,1,1e-06,0.0
1,0.007021427154541016,1,1,1e-06,0.0
1,0.0033483505249023438,1,1,1e-06,0.0
1,0.004845142364501953,1,1,1e-06,0.0
1,0.004357576370239258,1,1,1e-06,0.0
1,0.0022983551025390625,1,1,1e-06,0.0
1,0.002768278121948242,1,1,1e-06,0.0
1,0.0024940967559814453,1,1,1e-06,0.0
1,0.007837295532226562,1,1,1e-06,0.0
1,0.0031800270080566406,1,1,1e-06,0.0
1,0.0030164718627929688,1,1,1e-06,0.0
1,0.0031402111053466797,1,1,1e-06,0.0
1,0.002437591552734375,1,1,1e-06,0.0
1,0.003367900848388672,1,1,1e-06,0.0
1,0.0018687248229980469,1,1,1e-06,0.0
1,0.002974271774291992,1,1,1e-06,0.0
1,0.004343271255493164,1,1,1e-06,0.0
1,0.0023238658905029297,1,1,1e-06,0.0
1,0.0020093917846679688,1,1,1e-06,0.0
1,0.0026307106018066406,1,1,1e-06,0.0
1,0.0024051666259765625,1,1,1e-06,0.0
1,0.0031490325927734375,1,1,1e-06,0.0
1,0.0033731460571289062,1,1,1e-06,0.0
1,0.010521411895751953,1,1,1e-06,0.0
1,0.002276897430419922,1,1,1e-06,0.0
1,0.0021677017211914062,1,1,1e-06,0.0
1,0.0032308101654052734,1,1,1e-06,0.0
1,0.002151966094970703,1,1,1e-06,0.0
1,0.0021491050720214844,1,1,1e-06,0.0
1,0.002786397933959961,1,1,1e-06,0.0
1,0.0025839805603027344,1,1,1e-06,0.0
1,0.04641318321228027,1,1,1e-06,0.0
1,0.002662181854248047,1,1,1e-06,0.0
1,0.01300668716430664,1,1,1e-06,0.0
1,0.0018563270568847656,1,1,1e-06,0.0
1,0.002125263214111328,1,1,1e-06,0.0
1,0.0024285316467285156,1,1,1e-06,0.0
1,0.002195119857788086,1,1,1e-06,0.0
1,0.001615285873413086,1,1,1e-06,0.0
1,0.0021398067474365234,1,1,1e-06,0.0
1,0.001832723617553711,1,1,1e-06,0.0
1,0.0020868778228759766,1,1,1e-06,0.0
1,0.0040895938873291016,1,1,1e-06,0.0
1,0.002701997756958008,1,1,1e-06,0.0
1,0.0027480125427246094,1,1,1e-06,0.0
1,0.0019474029541015625,1,1,1e-06,0.0
1,0.0024003982543945312,1,1,1e-06,0.0
1,0.002296924591064453,1,1,1e-06,0.0
1,0.0021381378173828125,1,1,1e-06,0.0
1,0.002267599105834961,1,1,1e-06,0.0
1,0.002654552459716797,1,1,1e-06,0.0
1,0.0029273033142089844,1,1,1e-06,0.0
1,0.002283334732055664,1,1,1e-06,0.0
1,0.0015854835510253906,1,1,1e-06,0.0
1,0.0018362998962402344,1,1,1e-06,0.0
1,0.003261089324951172,1,1,1e-06,0.0
1,0.00290679931640625,1,1,1e-06,0.0
1,0.04685664176940918,1,1,1e-06,0.0
1,0.0031120777130126953,1,1,1e-06,0.0
1,0.002640247344970703,1,1,1e-06,0.0
1,0.002393960952758789,1,1,1e-06,0.0
1,0.0016717910766601562,1,1,1e-06,0.0
1,0.003140687942504883,1,1,1e-06,0.0
1,0.003863096237182617,1,1,1e-06,0.0
1,0.002254962921142578,1,1,1e-06,0.0
1,0.0020411014556884766,1,1,1e-06,0.0
1,0.0020503997802734375,1,1,1e-06,0.0
1,0.0025734901428222656,1,1,1e-06,0.0
1,0.002089262008666992,1,1,1e-06,0.0
1,0.001991748809814453,1,1,1e-06,0.0
1,0.0025610923767089844,1,1,1e-06,0.0
1,0.001888275146484375,1,1,1e-06,0.0
1,0.002918720245361328,1,1,1e-06,0.0
1,0.005101919174194336,1,1,1e-06,0.0
1,0.0031697750091552734,1,1,1e-06,0.0
1,0.0028524398803710938,1,1,1e-06,0.0
1,0.0027761459350585938,1,1,1e-06,0.0
1,0.00690460205078125,1,1,1e-06,0.0
1,0.0031280517578125,1,1,1e-06,0.0
1,0.0030906200408935547,1,1,1e-06,0.0
1,0.0029134750366210938,1,1,1e-06,0.0
1,0.003599405288696289,1,1,1e-06,0.0
1,0.004254341125488281,1,1,1e-06,0.0
1,0.003103017807006836,1,1,1e-06,0.0
1,0.002617359161376953,1,1,1e-06,0.0
1,0.0030508041381835938,1,1,1e-06,0.0
1,0.007277488708496094,1,1,1e-06,0.0
1,0.0032651424407958984,1,1,1e-06,0.0
1,0.005034685134887695,1,1,1e-06,0.0
1,0.011838436126708984,1,1,1e-06,0.0
1,0.0040853023529052734,1,1,1e-06,0.0
1,0.003636598587036133,1,1,1e-06,0.0
1,0.4127981662750244,1,1,1e-06,0.0
1,0.002460479736328125,1,1,1e-06,0.0
1,0.0028705596923828125,1,1,1e-06,0.0
1,0.002427816390991211,1,1,1e-06,0.0
1,0.00209808349609375,1,1,1e-06,0.0
1,0.0018227100372314453,1,1,1e-06,0.0
1,0.04458427429199219,1,1,1e-06,0.0
1,0.0022084712982177734,1,1,1e-06,0.0
1,0.00421905517578125,1,1,1e-06,0.0
1,0.011649370193481445,1,1,1e-06,0.0
1,0.002382040023803711,1,1,1e-06,0.0
1,0.0028672218322753906,1,1,1e-06,0.0
1,0.0024509429931640625,1,1,1e-06,0.0
1,0.0019922256469726562,1,1,1e-06,0.0
1,0.0020160675048828125,1,1,1e-06,0.0
1,0.0034224987030029297,1,1,1e-06,0.0
1,0.002028942108154297,1,1,1e-06,0.0
1,0.002341747283935547,1,1,1e-06,0.0
1,0.003469705581665039,1,1,1e-06,0.0
1,0.003509521484375,1,1,1e-06,0.0
1,0.0030269622802734375,1,1,1e-06,0.0
1,0.004056215286254883,1,1,1e-06,0.0
1,0.003521442413330078,1,1,1e-06,0.0
1,0.011245250701904297,1,1,1e-06,0.0
1,0.003747701644897461,1,1,1e-06,0.0
1,0.0035638809204101562,1,1,1e-06,0.0
1,0.005222320556640625,1,1,1e-06,0.0
1,0.008919239044189453,1,1,1e-06,0.0
1,0.0057430267333984375,1,1,1e-06,0.0
1,0.005808353424072266,1,1,1e-06,0.0
1,0.00857090950012207,1,1,1e-06,0.0
1,0.0040242671966552734,1,1,1e-06,0.0
1,0.0067675113677978516,1,1,1e-06,0.0
1,0.010207414627075195,1,1,1e-06,0.0
1,0.006699800491333008,1,1,1e-06,0.0
1,0.007121562957763672,1,1,1e-06,0.0
1,0.004445791244506836,1,1,1e-06,0.0
1,0.0043926239013671875,1,1,1e-06,0.0
1,0.0072519779205322266,1,1,1e-06,0.0
1,0.0078122615814208984,1,1,1e-06,0.0
1,0.00921487808227539,1,1,1e-06,0.0
1,0.0024073123931884766,1,1,1e-06,0.0
1,0.002889871597290039,1,1,1e-06,0.0
1,0.007627010345458984,1,1,1e-06,0.0
1,0.0038042068481445312,1,1,1e-06,0.0
1,0.0025124549865722656,1,1,1e-06,0.0
1,0.002622842788696289,1,1,1e-06,0.0
1,0.011656045913696289,1,1,1e-06,0.0
1,0.0023546218872070312,1,1,1e-06,0.0
1,0.0040798187255859375,1,1,1e-06,0.0
1,0.011389493942260742,1,1,1e-06,0.0
1,0.0043451786041259766,1,1,1e-06,0.0
1,0.002788543701171875,1,1,1e-06,0.0
1,0.002471923828125,1,1,1e-06,0.0
1,0.0019719600677490234,1,1,1e-06,0.0
1,0.0025415420532226562,1,1,1e-06,0.0
1,0.001984834671020508,1,1,1e-06,0.0
1,0.009072303771972656,1,1,1e-06,0.0
1,0.0023453235626220703,1,1,1e-06,0.0
1,0.01270914077758789,1,1,1e-06,0.0
1,0.0025115013122558594,1,1,1e-06,0.0
1,0.0125274658203125,1,1,1e-06,0.0
1,0.003238677978515625,1,1,1e-06,0.0
1,0.11900568008422852,1,1,1e-06,0.0
1,0.0025360584259033203,1,1,1e-06,0.0
1,0.0031402111053466797,1,1,1e-06,0.0
1,0.003169536590576172,1,1,1e-06,0.0
1,0.002264738082885742,1,1,1e-06,0.0
1,0.0032711029052734375,1,1,1e-06,0.0
1,0.050109148025512695,1,1,1e-06,0.0
1,0.002391815185546875,1,1,1e-06,0.0
1,0.0039522647857666016,1,1,1e-06,0.0
1,0.005501985549926758,1,1,1e-06,0.0
1,0.003322601318359375,1,1,1e-06,0.0
1,0.007266998291015625,1,1,1e-06,0.0
1,0.0060787200927734375,1,1,1e-06,0.0
1,0.0025854110717773438,1,1,1e-06,0.0
1,0.0028922557830810547,1,1,1e-06,0.0
1,0.0029327869415283203,1,1,1e-06,0.0
1,0.0055904388427734375,1,1,1e-06,0.0
1,0.004126787185668945,1,1,1e-06,0.0
1,0.0024933815002441406,1,1,1e-06,0.0
1,0.005564451217651367,1,1,1e-06,0.0
1,0.0034677982330322266,1,1,1e-06,0.0
1,0.005049467086791992,1,1,1e-06,0.0
0,1.015934944152832,0,0,,0.0
1,0.0030782222747802734,1,1,1e-06,0.0
1,0.0024690628051757812,1,1,1e-06,0.0
0,1.473538875579834,0,0,,0.0
1,0.0022852420806884766,1,1,1e-06,0.0
1,0.0020406246185302734,1,1,1e-06,0.0
1,0.002018451690673828,1,1,1e-06,0.0
1,0.0020515918731689453,1,1,1e-06,0.0
1,0.002307891845703125,1,1,1e-06,0.0
1,0.0026133060455322266,1,1,1e-06,0.0
1,0.0020296573638916016,1,1,1e-06,0.0
1,0.0020847320556640625,1,1,1e-06,0.0
1,0.0021915435791015625,1,1,1e-06,0.0
1,0.003377676010131836,1,1,1e-06,0.0
1,0.006395101547241211,1,1,1e-06,0.0
1,0.003756999969482422,1,1,1e-06,0.0
1,0.00342559814453125,1,1,1e-06,0.0
1,0.004299163818359375,1,1,1e-06,0.0
1,0.0032541751861572266,1,1,1e-06,0.0
1,0.003319263458251953,1,1,1e-06,0.0
1,0.0029172897338867188,1,1,1e-06,0.0
1,0.0032601356506347656,1,1,1e-06,0.0
1,0.0030138492584228516,1,1,1e-06,0.0
1,0.0033597946166992188,1,1,1e-06,0.0
1,0.0032949447631835938,1,1,1e-06,0.0
1,0.004347562789916992,1,1,1e-06,0.0
1,0.0028412342071533203,1,1,1e-06,0.0
1,0.002592325210571289,1,1,1e-06,0.0
1,0.0035216808319091797,1,1,1e-06,0.0
1,0.006334066390991211,1,1,1e-06,0.0
1,0.0036530494689941406,1,1,1e-06,0.0
1,0.0038352012634277344,1,1,1e-06,0.0
1,0.004233121871948242,1,1,1e-06,0.0
1,0.004428386688232422,1,1,1e-06,0.0
1,0.0039784908294677734,1,1,1e-06,0.0
1,0.0037534236907958984,1,1,1e-06,0.0
1,0.004599809646606445,1,1,1e-06,0.0
1,0.004019737243652344,1,1,1e-06,0.0
1,0.005346059799194336,1,1,1e-06,0.0
1,0.05466651916503906,1,1,1e-06,0.0
1,0.0028831958770751953,1,1,1e-06,0.0
1,0.004392147064208984,1,1,1e-06,0.0
1,0.002814769744873047,1,1,1e-06,0.0
1,0.0023703575134277344,1,1,1e-06,0.0
1,0.02416229248046875,1,1,1e-06,0.0
1,0.002321004867553711,1,1,1e-06,0.0
1,0.0035054683685302734,1,1,1e-06,0.0
1,0.0034210681915283203,1,1,1e-06,0.0
1,0.0028116703033447266,1,1,1e-06,0.0
1,0.00266265869140625,1,1,1e-06,0.0
1,0.0030045509338378906,1,1,1e-06,0.0
1,0.0030765533447265625,1,1,1e-06,0.0
1,0.015323638916015625,1,1,1e-06,0.0
1,0.0022001266479492188,1,1,1e-06,0.0
1,0.002069711685180664,1,1,1e-06,0.0
1,0.002537250518798828,1,1,1e-06,0.0
1,0.0025224685668945312,1,1,1e-06,0.0
1,0.0021886825561523438,1,1,1e-06,0.0
1,0.0015180110931396484,1,1,1e-06,0.0
1,0.0016448497772216797,1,1,1e-06,0.0
1,0.002474546432495117,1,1,1e-06,0.0
1,0.0018992424011230469,1,1,1e-06,0.0
1,0.0024237632751464844,1,1,1e-06,0.0
1,0.002254009246826172,1,1,1e-06,0.0
1,0.0046176910400390625,1,1,1e-06,0.0
1,0.003595113754272461,1,1,1e-06,0.0
1,0.002995729446411133,1,1,1e-06,0.0
1,0.005960941314697266,1,1,1e-06,0.0
1,0.003574371337890625,1,1,1e-06,0.0
1,0.0040283203125,1,1,1e-06,0.0
1,0.002930879592895508,1,1,1e-06,0.0
1,0.003095388412475586,1,1,1e-06,0.0
1,0.0024995803833007812,1,1,1e-06,0.0
1,0.004083395004272461,1,1,1e-06,0.0
1,0.0024149417877197266,1,1,1e-06,0.0
1,0.0026018619537353516,1,1,1e-06,0.0
1,0.0060825347900390625,1,1,1e-06,0.0
1,0.002294301986694336,1,1,1e-06,0.0
1,0.0029299259185791016,1,1,1e-06,0.0
1,0.003490924835205078,1,1,1e-06,0.0
1,0.009040117263793945,1,1,1e-06,0.0
1,0.003615140914916992,1,1,1e-06,0.0
1,0.00476527214050293,1,1,1e-06,0.0
1,0.007650136947631836,1,1,1e-06,0.0
1,0.0038056373596191406,1,1,1e-06,0.0
1,0.004311561584472656,1,1,1e-06,0.0
1,0.0051233768463134766,1,1,1e-06,0.0
1,0.0025589466094970703,1,1,1e-06,0.0
1,0.005465984344482422,1,1,1e-06,0.0
1,0.0045146942138671875,1,1,1e-06,0.0
1,0.0019817352294921875,1,1,1e-06,0.0
1,0.0029478073120117188,1,1,1e-06,0.0
1,0.0019023418426513672,1,1,1e-06,0.0
1,0.005282402038574219,1,1,1e-06,0.0
1,0.0032815933227539062,1,1,1e-06,0.0
1,0.0023632049560546875,1,1,1e-06,0.0
1,0.0015380382537841797,1,1,1e-06,0.0
1,0.0015292167663574219,1,1,1e-06,0.0
1,0.0015759468078613281,1,1,1e-06,0.0
1,0.0022306442260742188,1,1,1e-06,0.0
1,0.002740144729614258,1,1,1e-06,0.0
1,0.0016582012176513672,1,1,1e-06,0.0
1,0.05924272537231445,1,1,1e-06,0.0
1,0.015043258666992188,1,1,1e-06,0.0
1,0.004991054534912109,1,1,1e-06,0.0
1,0.002336263656616211,1,1,1e-06,0.0
1,0.002001523971557617,1,1,1e-06,0.0
1,0.0017666816711425781,1,1,1e-06,0.0
1,0.0038542747497558594,1,1,1e-06,0.0
1,0.015799522399902344,1,1,1e-06,0.0
1,0.020280838012695312,1,1,1e-06,0.0
1,0.0025177001953125,1,1,1e-06,0.0
1,0.0021920204162597656,1,1,1e-06,0.0
1,0.008298635482788086,1,1,1e-06,0.0
1,0.002097606658935547,1,1,1e-06,0.0
1,0.0022554397583007812,1,1,1e-06,0.0
1,0.045774221420288086,1,1,1e-06,0.0
1,0.013325929641723633,1,1,1e-06,0.0
1,0.002236604690551758,1,1,1e-06,0.0
1,0.0027627944946289062,1,1,1e-06,0.0
1,0.002547025680541992,1,1,1e-06,0.0
1,0.007354021072387695,1,1,1e-06,0.0
1,0.009397745132446289,1,1,1e-06,0.0
1,0.0030710697174072266,1,1,1e-06,0.0
1,0.003409147262573242,1,1,1e-06,0.0
1,0.007105588912963867,1,1,1e-06,0.0
1,0.007032871246337891,1,1,1e-06,0.0
1,0.004269123077392578,1,1,1e-06,0.0
1,0.0030412673950195312,1,1,1e-06,0.0
1,0.010245800018310547,1,1,1e-06,0.0
1,0.01040339469909668,1,1,1e-06,0.0
1,0.0027642250061035156,1,1,1e-06,0.0
1,0.0034105777740478516,1,1,1e-06,0.0
1,0.012337684631347656,1,1,1e-06,0.0
1,0.006736278533935547,1,1,1e-06,0.0
1,0.002794027328491211,1,1,1e-06,0.0
1,0.002955198287963867,1,1,1e-06,0.0
1,0.002933502197265625,1,1,1e-06,0.0
1,0.012443304061889648,1,1,1e-06,0.0
1,0.003391265869140625,1,1,1e-06,0.0
1,0.0029859542846679688,1,1,1e-06,0.0
1,0.002403736114501953,1,1,1e-06,0.0
1,0.0030889511108398438,1,1,1e-06,0.0
1,0.002666950225830078,1,1,1e-06,0.0
1,0.010298013687133789,1,1,1e-06,0.0
1,0.0041086673736572266,1,1,1e-06,0.0
1,0.004640817642211914,1,1,1e-06,0.0
1,0.007750749588012695,1,1,1e-06,0.0
1,0.006781578063964844,1,1,1e-06,0.0
1,0.0025954246520996094,1,1,1e-06,0.0
1,0.011130332946777344,1,1,1e-06,0.0
1,0.011001825332641602,1,1,1e-06,0.0
1,0.0027627944946289062,1,1,1e-06,0.0
1,0.0038557052612304688,1,1,1e-06,0.0
1,0.010204792022705078,1,1,1e-06,0.0
1,0.004593372344970703,1,1,1e-06,0.0
1,0.0040285587310791016,1,1,1e-06,0.0
1,0.01286005973815918,1,1,1e-06,0.0
1,0.10597968101501465,1,1,1e-06,0.0
1,0.0031976699829101562,1,1,1e-06,0.0
1,0.008655548095703125,1,1,1e-06,0.0
1,0.002344846725463867,1,1,1e-06,0.0
1,0.0021486282348632812,1,1,1e-06,0.0
1,0.002925872802734375,1,1,1e-06,0.0
1,0.003776073455810547,1,1,1e-06,0.0
1,0.0037844181060791016,1,1,1e-06,0.0
1,0.003153085708618164,1,1,1e-06,0.0
1,0.0036585330963134766,1,1,1e-06,0.0
1,0.007078409194946289,1,1,1e-06,0.0
1,0.005379438400268555,1,1,1e-06,0.0
1,0.002178192138671875,1,1,1e-06,0.0
1,0.0031616687774658203,1,1,1e-06,0.0
1,0.003469705581665039,1,1,1e-06,0.0
1,0.004157066345214844,1,1,1e-06,0.0
1,0.0038492679595947266,1,1,1e-06,0.0
1,0.003053426742553711,1,1,1e-06,0.0
1,0.006245613098144531,1,1,1e-06,0.0
1,0.0036840438842773438,1,1,1e-06,0.0
1,0.0030913352966308594,1,1,1e-06,0.0
1,0.003317117691040039,1,1,1e-06,0.0
1,0.0027413368225097656,1,1,1e-06,0.0
1,0.002407550811767578,1,1,1e-06,0.0
1,0.0030112266540527344,1,1,1e-06,0.0
1,0.005141735076904297,1,1,1e-06,0.0
1,0.0026078224182128906,1,1,1e-06,0.0
1,0.002125263214111328,1,1,1e-06,0.0
1,0.024399518966674805,1,1,1e-06,0.0
1,0.004298210144042969,1,1,1e-06,0.0
1,0.002382516860961914,1,1,1e-06,0.0
1,0.0028040409088134766,1,1,1e-06,0.0
1,0.0024738311767578125,1,1,1e-06,0.0
1,0.002927541732788086,1,1,1e-06,0.0
1,0.0024509429931640625,1,1,1e-06,0.0
1,0.002750873565673828,1,1,1e-06,0.0
1,0.014981508255004883,1,1,1e-06,0.0
1,0.0031235218048095703,1,1,1e-06,0.0
1,0.0031070709228515625,1,1,1e-06,0.0
1,0.004078388214111328,1,1,1e-06,0.0
1,0.00476384162902832,1,1,1e-06,0.0
1,0.004957437515258789,1,1,1e-06,0.0
1,0.007295370101928711,1,1,1e-06,0.0
1,0.003832101821899414,1,1,1e-06,0.0
1,0.004701375961303711,1,1,1e-06,0.0
1,0.006181478500366211,1,1,1e-06,0.0
1,0.00433659553527832,1,1,1e-06,0.0
1,0.004314899444580078,1,1,1e-06,0.0
1,0.004788637161254883,1,1,1e-06,0.0
1,0.003414154052734375,1,1,1e-06,0.0
1,0.004370450973510742,1,1,1e-06,0.0
1,0.005186796188354492,1,1,1e-06,0.0
1,0.00796198844909668,1,1,1e-06,0.0
1,0.03261303901672363,1,1,1e-06,0.0
1,0.0029532909393310547,1,1,1e-06,0.0
1,0.0028226375579833984,1,1,1e-06,0.0
1,0.0027039051055908203,1,1,1e-06,0.0
1,0.003232717514038086,1,1,1e-06,0.0
1,0.004296779632568359,1,1,1e-06,0.0
1,0.005964517593383789,1,1,1e-06,0.0
1,0.004349708557128906,1,1,1e-06,0.0
1,0.003218412399291992,1,1,1e-06,0.0
1,0.010154485702514648,1,1,1e-06,0.0
1,0.0019440650939941406,1,1,1e-06,0.0
1,0.0019769668579101562,1,1,1e-06,0.0
1,0.002105712890625,1,1,1e-06,0.0
1,0.0020253658294677734,1,1,1e-06,0.0
1,0.002539396286010742,1,1,1e-06,0.0
1,0.0034363269805908203,1,1,1e-06,0.0
1,0.07584762573242188,1,1,1e-06,0.0
1,0.0023119449615478516,1,1,1e-06,0.0
1,0.004195451736450195,1,1,1e-06,0.0
1,0.00411534309387207,1,1,1e-06,0.0
1,0.003597736358642578,1,1,1e-06,0.0
1,0.0027832984924316406,1,1,1e-06,0.0
1,0.0037877559661865234,1,1,1e-06,0.0
1,0.004302978515625,1,1,1e-06,0.0
1,0.0031118392944335938,1,1,1e-06,0.0
1,0.021613121032714844,1,1,1e-06,0.0
1,0.0042035579681396484,1,1,1e-06,0.0
1,0.0029337406158447266,1,1,1e-06,0.0
1,0.0035326480865478516,1,1,1e-06,0.0
1,0.0034303665161132812,1,1,1e-06,0.0
1,0.02561473846435547,1,1,1e-06,0.0
1,0.0040035247802734375,1,1,1e-06,0.0
1,0.004739999771118164,1,1,1e-06,0.0
1,0.0035257339477539062,1,1,1e-06,0.0
1,0.002293109893798828,1,1,1e-06,0.0
1,0.0026667118072509766,1,1,1e-06,0.0
1,0.00311279296875,1,1,1e-06,0.0
1,0.003553628921508789,1,1,1e-06,0.0
1,0.0029554367065429688,1,1,1e-06,0.0
1,0.0028831958770751953,1,1,1e-06,0.0
1,0.0023756027221679688,1,1,1e-06,0.0
1,0.040589094161987305,1,1,1e-06,0.0
1,0.0018336772918701172,1,1,1e-06,0.0
1,0.002505779266357422,1,1,1e-06,0.0
1,0.0018618106842041016,1,1,1e-06,0.0
1,0.0033104419708251953,1,1,1e-06,0.0
1,0.0032351016998291016,1,1,1e-06,0.0
1,0.00528717041015625,1,1,1e-06,0.0
1,0.00810384750366211,1,1,1e-06,0.0
1,0.002735137939453125,1,1,1e-06,0.0
1,0.001979827880859375,1,1,1e-06,0.0
1,0.0024805068969726562,1,1,1e-06,0.0
1,0.002161264419555664,1,1,1e-06,0.0
1,0.002408742904663086,1,1,1e-06,0.0
1,0.017536640167236328,1,1,1e-06,0.0
1,0.002730846405029297,1,1,1e-06,0.0
1,0.0019953250885009766,1,1,1e-06,0.0
1,0.002907276153564453,1,1,1e-06,0.0
1,0.0020585060119628906,1,1,1e-06,0.0
1,0.0020477771759033203,1,1,1e-06,0.0
1,0.001890420913696289,1,1,1e-06,0.0
1,0.0019335746765136719,1,1,1e-06,0.0
1,0.0020499229431152344,1,1,1e-06,0.0
1,0.002828836441040039,1,1,1e-06,0.0
1,0.002899169921875,1,1,1e-06,0.0
1,0.003337383270263672,1,1,1e-06,0.0
1,0.033125877380371094,1,1,1e-06,0.0
1,0.0023026466369628906,1,1,1e-06,0.0
1,0.004214763641357422,1,1,1e-06,0.0
1,0.002882242202758789,1,1,1e-06,0.0
1,0.002221822738647461,1,1,1e-06,0.0
1,0.0025243759155273438,1,1,1e-06,0.0
1,0.0036478042602539062,1,1,1e-06,0.0
1,0.001760244369506836,1,1,1e-06,0.0
1,0.0018472671508789062,1,1,1e-06,0.0
1,0.0032358169555664062,1,1,1e-06,0.0
1,0.002607107162475586,1,1,1e-06,0.0
1,0.0018680095672607422,1,1,1e-06,0.0
1,0.0030303001403808594,1,1,1e-06,0.0
1,0.002797365188598633,1,1,1e-06,0.0
1,0.02292180061340332,1,1,1e-06,0.0
1,0.0023221969604492188,1,1,1e-06,0.0
1,0.0022649765014648438,1,1,1e-06,0.0
1,0.002228260040283203,1,1,1e-06,0.0
1,0.0021021366119384766,1,1,1e-06,0.0
1,0.002438068389892578,1,1,1e-06,0.0
1,0.0026712417602539062,1,1,1e-06,0.0
1,0.0019998550415039062,1,1,1e-06,0.0
1,0.002062559127807617,1,1,1e-06,0.0
1,0.0037581920623779297,1,1,1e-06,0.0
1,0.003259897232055664,1,1,1e-06,0.0
1,0.002591848373413086,1,1,1e-06,0.0
1,0.003464937210083008,1,1,1e-06,0.0
1,0.001756429672241211,1,1,1e-06,0.0
1,0.002165555953979492,1,1,1e-06,0.0
1,0.0028252601623535156,1,1,1e-06,0.0
1,0.0025398731231689453,1,1,1e-06,0.0
1,0.0017261505126953125,1,1,1e-06,0.0
1,0.003271818161010742,1,1,1e-06,0.0
1,0.024834394454956055,1,1,1e-06,0.0
1,0.002828836441040039,1,1,1e-06,0.0
1,0.0018296241760253906,1,1,1e-06,0.0
1,0.0022454261779785156,1,1,1e-06,0.0
1,0.002209901809692383,1,1,1e-06,0.0
1,0.0027463436126708984,1,1,1e-06,0.0
1,0.003415822982788086,1,1,1e-06,0.0
1,0.0028836727142333984,1,1,1e-06,0.0
1,0.0024025440216064453,1,1,1e-06,0.0
1,0.0048830509185791016,1,1,1e-06,0.0
1,0.0025103092193603516,1,1,1e-06,0.0
1,0.0019729137420654297,1,1,1e-06,0.0
1,0.0019309520721435547,1,1,1e-06,0.0
1,0.023949623107910156,1,1,1e-06,0.0
1,0.0020477771759033203,1,1,1e-06,0.0
1,0.002626180648803711,1,1,1e-06,0.0
1,0.0019435882568359375,1,1,1e-06,0.0
1,0.001998424530029297,1,1,1e-06,0.0
1,0.002756357192993164,1,1,1e-06,0.0
1,0.003331422805786133,1,1,1e-06,0.0
1,0.0024840831756591797,1,1,1e-06,0.0
1,0.002674579620361328,1,1,1e-06,0.0
1,0.023288249969482422,1,1,1e-06,0.0
1,0.0034155845642089844,1,1,1e-06,0.0
1,0.0030531883239746094,1,1,1e-06,0.0
1,0.037635087966918945,1,1,1e-06,0.0
1,0.0021805763244628906,1,1,1e-06,0.0
1,0.0029058456420898438,1,1,1e-06,0.0
1,0.0035905838012695312,1,1,1e-06,0.0
1,0.0022525787353515625,1,1,1e-06,0.0
1,0.0032706260681152344,1,1,1e-06,0.0
1,0.0023546218872070312,1,1,1e-06,0.0
1,0.0020906925201416016,1,1,1e-06,0.0
1,0.0017726421356201172,1,1,1e-06,0.0
1,0.010092496871948242,1,1,1e-06,0.0
1,0.0020575523376464844,1,1,1e-06,0.0
1,0.002650737762451172,1,1,1e-06,0.0
1,0.002476215362548828,1,1,1e-06,0.0
1,0.0030295848846435547,1,1,1e-06,0.0
1,0.010289430618286133,1,1,1e-06,0.0
1,0.004016876220703125,1,1,1e-06,0.0
1,0.005706071853637695,1,1,1e-06,0.0
1,0.003290414810180664,1,1,1e-06,0.0
1,0.003570556640625,1,1,1e-06,0.0
1,0.0024080276489257812,1,1,1e-06,0.0
1,0.0030100345611572266,1,1,1e-06,0.0
1,0.0039014816284179688,1,1,1e-06,0.0
1,0.0035560131072998047,1,1,1e-06,0.0
1,0.0038509368896484375,1,1,1e-06,0.0
1,0.0265352725982666,1,1,1e-06,0.0
1,0.002508401870727539,1,1,1e-06,0.0
1,0.003596782684326172,1,1,1e-06,0.0
1,0.004010677337646484,1,1,1e-06,0.0
1,0.004305601119995117,1,1,1e-06,0.0
1,0.004240274429321289,1,1,1e-06,0.0
1,0.004413604736328125,1,1,1e-06,0.0
1,0.005036354064941406,1,1,1e-06,0.0
1,0.0058672428131103516,1,1,1e-06,0.0
1,0.004090785980224609,1,1,1e-06,0.0
1,0.0037369728088378906,1,1,1e-06,0.0
1,0.006395101547241211,1,1,1e-06,0.0
1,0.00429987907409668,1,1,1e-06,0.0
1,0.003232717514038086,1,1,1e-06,0.0
1,0.002203702926635742,1,1,1e-06,0.0
1,0.003818511962890625,1,1,1e-06,0.0
1,0.0024917125701904297,1,1,1e-06,0.0
1,0.00249481201171875,1,1,1e-06,0.0
1,0.002089977264404297,1,1,1e-06,0.0
1,0.001544952392578125,1,1,1e-06,0.0
1,0.0017371177673339844,1,1,1e-06,0.0
1,0.0014197826385498047,1,1,1e-06,0.0
1,0.0025911331176757812,1,1,1e-06,0.0
1,0.0029990673065185547,1,1,1e-06,0.0
1,0.0017921924591064453,1,1,1e-06,0.0
1,0.0019016265869140625,1,1,1e-06,0.0
1,0.0017986297607421875,1,1,1e-06,0.0
1,0.001997232437133789,1,1,1e-06,0.0
1,0.00416874885559082,1,1,1e-06,0.0
1,0.002518892288208008,1,1,1e-06,0.0
1,0.0021615028381347656,1,1,1e-06,0.0
1,0.0014848709106445312,1,1,1e-06,0.0
1,0.004338264465332031,1,1,1e-06,0.0
1,0.0020639896392822266,1,1,1e-06,0.0
1,0.002109050750732422,1,1,1e-06,0.0
1,0.001954317092895508,1,1,1e-06,0.0
1,0.0027205944061279297,1,1,1e-06,0.0
1,0.0034332275390625,1,1,1e-06,0.0
1,0.0023605823516845703,1,1,1e-06,0.0
1,0.0036704540252685547,1,1,1e-06,0.0
1,0.002042055130004883,1,1,1e-06,0.0
1,0.06356406211853027,1,1,1e-06,0.0
1,0.0019822120666503906,1,1,1e-06,0.0
1,0.002397775650024414,1,1,1e-06,0.0
1,0.0019485950469970703,1,1,1e-06,0.0
1,0.002068758010864258,1,1,1e-06,0.0
1,0.0020360946655273438,1,1,1e-06,0.0
1,0.002499103546142578,1,1,1e-06,0.0
1,0.003450632095336914,1,1,1e-06,0.0
1,0.0030527114868164062,1,1,1e-06,0.0
1,0.004809856414794922,1,1,1e-06,0.0
1,0.0036017894744873047,1,1,1e-06,0.0
1,0.0024552345275878906,1,1,1e-06,0.0
1,0.0059757232666015625,1,1,1e-06,0.0
1,0.0028634071350097656,1,1,1e-06,0.0
1,0.0027163028717041016,1,1,1e-06,0.0
1,0.003808736801147461,1,1,1e-06,0.0
1,0.009042978286743164,1,1,1e-06,0.0
1,0.0044176578521728516,1,1,1e-06,0.0
1,0.002506256103515625,1,1,1e-06,0.0
1,0.003980159759521484,1,1,1e-06,0.0
1,0.004345417022705078,1,1,1e-06,0.0
1,0.003401041030883789,1,1,1e-06,0.0
1,0.003685474395751953,1,1,1e-06,0.0
1,0.002588510513305664,1,1,1e-06,0.0
1,0.0029420852661132812,1,1,1e-06,0.0
1,0.0029022693634033203,1,1,1e-06,0.0
1,0.004071950912475586,1,1,1e-06,0.0
1,0.0035810470581054688,1,1,1e-06,0.0
1,0.0035889148712158203,1,1,1e-06,0.0
1,0.003738880157470703,1,1,1e-06,0.0
1,0.003206491470336914,1,1,1e-06,0.0
1,0.003535032272338867,1,1,1e-06,0.0
1,0.004572391510009766,1,1,1e-06,0.0
1,0.004263877868652344,1,1,1e-06,0.0
1,0.3478248119354248,1,1,1e-06,0.0
1,0.0018312931060791016,1,1,1e-06,0.0
1,0.0017442703247070312,1,1,1e-06,0.0
1,0.0021605491638183594,1,1,1e-06,0.0
1,0.012684822082519531,1,1,1e-06,0.0
1,0.0015797615051269531,1,1,1e-06,0.0
1,0.001956939697265625,1,1,1e-06,0.0
1,0.0014963150024414062,1,1,1e-06,0.0
1,0.0017807483673095703,1,1,1e-06,0.0
1,0.0021195411682128906,1,1,1e-06,0.0
1,0.0019352436065673828,1,1,1e-06,0.0
1,0.002170562744140625,1,1,1e-06,0.0
1,0.0017507076263427734,1,1,1e-06,0.0
1,0.0019783973693847656,1,1,1e-06,0.0
1,0.0022974014282226562,1,1,1e-06,0.0
1,0.002378225326538086,1,1,1e-06,0.0
1,0.0014140605926513672,1,1,1e-06,0.0
1,0.0016527175903320312,1,1,1e-06,0.0
1,0.0044672489166259766,1,1,1e-06,0.0
1,0.009229660034179688,1,1,1e-06,0.0
1,0.0026400089263916016,1,1,1e-06,0.0
1,0.002707242965698242,1,1,1e-06,0.0
1,0.0016179084777832031,1,1,1e-06,0.0
1,0.002244710922241211,1,1,1e-06,0.0
1,0.06774091720581055,1,1,1e-06,0.0
1,0.0031685829162597656,1,1,1e-06,0.0
1,0.002626180648803711,1,1,1e-06,0.0
1,0.0035190582275390625,1,1,1e-06,0.0
1,0.0019307136535644531,1,1,1e-06,0.0
1,0.003419160842895508,1,1,1e-06,0.0
1,0.001550912857055664,1,1,1e-06,0.0
1,0.0016126632690429688,1,1,1e-06,0.0
1,0.002826690673828125,1,1,1e-06,0.0
1,0.002208232879638672,1,1,1e-06,0.0
1,0.002005338668823242,1,1,1e-06,0.0
1,0.00202178955078125,1,1,1e-06,0.0
1,0.0015795230865478516,1,1,1e-06,0.0
1,0.002114534378051758,1,1,1e-06,0.0
1,0.0016252994537353516,1,1,1e-06,0.0
1,0.0018086433410644531,1,1,1e-06,0.0
1,0.0026209354400634766,1,1,1e-06,0.0
1,0.004504203796386719,1,1,1e-06,0.0
1,0.002724885940551758,1,1,1e-06,0.0
1,0.003227710723876953,1,1,1e-06,0.0
1,0.0025892257690429688,1,1,1e-06,0.0
1,0.0018639564514160156,1,1,1e-06,0.0
1,0.0034639835357666016,1,1,1e-06,0.0
1,0.002816438674926758,1,1,1e-06,0.0
1,0.0030863285064697266,1,1,1e-06,0.0
1,0.0031027793884277344,1,1,1e-06,0.0
1,0.002704143524169922,1,1,1e-06,0.0
1,0.003122568130493164,1,1,1e-06,0.0
1,0.004164934158325195,1,1,1e-06,0.0
1,0.005182981491088867,1,1,1e-06,0.0
1,0.005853414535522461,1,1,1e-06,0.0
1,0.004498481750488281,1,1,1e-06,0.0
1,0.0039615631103515625,1,1,1e-06,0.0
1,0.00501561164855957,1,1,1e-06,0.0
1,0.004378080368041992,1,1,1e-06,0.0
1,0.004802227020263672,1,1,1e-06,0.0
1,0.0044651031494140625,1,1,1e-06,0.0
1,0.0035676956176757812,1,1,1e-06,0.0
1,0.007050037384033203,1,1,1e-06,0.0
1,0.005060434341430664,1,1,1e-06,0.0
1,0.004453897476196289,1,1,1e-06,0.0
1,0.004956483840942383,1,1,1e-06,0.0
1,0.005419015884399414,1,1,1e-06,0.0
1,0.004507541656494141,1,1,1e-06,0.0
1,0.008434057235717773,1,1,1e-06,0.0
1,0.007009267807006836,1,1,1e-06,0.0
1,0.006411075592041016,1,1,1e-06,0.0
1,0.0049474239349365234,1,1,1e-06,0.0
1,0.00435185432434082,1,1,1e-06,0.0
1,0.0046350955963134766,1,1,1e-06,0.0
1,0.003885030746459961,1,1,1e-06,0.0
1,0.005836963653564453,1,1,1e-06,0.0
1,0.005331277847290039,1,1,1e-06,0.0
1,0.003740072250366211,1,1,1e-06,0.0
1,0.005535602569580078,1,1,1e-06,0.0
1,0.0060825347900390625,1,1,1e-06,0.0
1,0.013462066650390625,1,1,1e-06,0.0
1,0.0056569576263427734,1,1,1e-06,0.0
1,0.010198116302490234,1,1,1e-06,0.0
1,0.030111312866210938,1,1,1e-06,0.0
1,0.0018978118896484375,1,1,1e-06,0.0
1,0.0015666484832763672,1,1,1e-06,0.0
1,0.016727924346923828,1,1,1e-06,0.0
1,0.004592180252075195,1,1,1e-06,0.0
1,0.3778214454650879,1,1,1e-06,0.0
1,0.04498910903930664,1,1,1e-06,0.0
1,0.02647256851196289,1,1,1e-06,0.0
1,0.002438068389892578,1,1,1e-06,0.0
1,0.0051441192626953125,1,1,1e-06,0.0
1,0.0037994384765625,1,1,1e-06,0.0
1,0.0029571056365966797,1,1,1e-06,0.0
1,0.005293607711791992,1,1,1e-06,0.0
1,0.04834604263305664,1,1,1e-06,0.0
1,0.005633354187011719,1,1,1e-06,0.0
1,0.004494905471801758,1,1,1e-06,0.0
1,0.00720524787902832,1,1,1e-06,0.0
1,0.002765655517578125,1,1,1e-06,0.0
1,0.014534235000610352,1,1,1e-06,0.0
1,0.003920793533325195,1,1,1e-06,0.0
1,0.0025720596313476562,1,1,1e-06,0.0
1,0.005291938781738281,1,1,1e-06,0.0
1,0.0036439895629882812,1,1,1e-06,0.0
1,0.0058634281158447266,1,1,1e-06,0.0
1,0.00543665885925293,1,1,1e-06,0.0
1,0.0034356117248535156,1,1,1e-06,0.0
1,0.003976583480834961,1,1,1e-06,0.0
1,0.002549409866333008,1,1,1e-06,0.0
1,0.05095958709716797,1,1,1e-06,0.0
1,0.0031845569610595703,1,1,1e-06,0.0
1,0.011555910110473633,1,1,1e-06,0.0
1,0.0021314620971679688,1,1,1e-06,0.0
1,0.0026214122772216797,1,1,1e-06,0.0
1,0.0026962757110595703,1,1,1e-06,0.0
1,0.003000020980834961,1,1,1e-06,0.0
1,0.005323648452758789,1,1,1e-06,0.0
1,0.003432035446166992,1,1,1e-06,0.0
1,0.0033845901489257812,1,1,1e-06,0.0
1,0.003141164779663086,1,1,1e-06,0.0
1,0.002746105194091797,1,1,1e-06,0.0
1,0.002855062484741211,1,1,1e-06,0.0
1,0.006971120834350586,1,1,1e-06,0.0
1,0.0031599998474121094,1,1,1e-06,0.0
1,0.003545999526977539,1,1,1e-06,0.0
1,0.003816843032836914,1,1,1e-06,0.0
1,0.005435466766357422,1,1,1e-06,0.0
1,0.0054168701171875,1,1,1e-06,0.0
1,0.004956960678100586,1,1,1e-06,0.0
1,0.005159854888916016,1,1,1e-06,0.0
1,0.0035467147827148438,1,1,1e-06,0.0
1,0.04365420341491699,1,1,1e-06,0.0
1,0.0027701854705810547,1,1,1e-06,0.0
1,0.0028429031372070312,1,1,1e-06,0.0
1,0.003040790557861328,1,1,1e-06,0.0
1,0.0045909881591796875,1,1,1e-06,0.0
1,0.003707408905029297,1,1,1e-06,0.0
1,0.003574848175048828,1,1,1e-06,0.0
1,0.006789445877075195,1,1,1e-06,0.0
1,0.005477190017700195,1,1,1e-06,0.0
1,0.019297361373901367,1,1,1e-06,0.0
1,0.009424924850463867,1,1,1e-06,0.0
1,0.0037567615509033203,1,1,1e-06,0.0
1,0.002561807632446289,1,1,1e-06,0.0
1,0.002620220184326172,1,1,1e-06,0.0
1,0.0019176006317138672,1,1,1e-06,0.0
1,0.0033965110778808594,1,1,1e-06,0.0
1,0.002399921417236328,1,1,1e-06,0.0
1,0.002123594284057617,1,1,1e-06,0.0
1,0.003955364227294922,1,1,1e-06,0.0
1,0.0041370391845703125,1,1,1e-06,0.0
1,0.004132986068725586,1,1,1e-06,0.0
1,0.0055234432220458984,1,1,1e-06,0.0
1,0.003442525863647461,1,1,1e-06,0.0
1,0.0020139217376708984,1,1,1e-06,0.0
1,0.003046751022338867,1,1,1e-06,0.0
1,0.0052874088287353516,1,1,1e-06,0.0
1,0.0028502941131591797,1,1,1e-06,0.0
1,0.002697467803955078,1,1,1e-06,0.0
1,0.0025141239166259766,1,1,1e-06,0.0
1,0.003506898880004883,1,1,1e-06,0.0
1,0.005099296569824219,1,1,1e-06,0.0
1,0.003625154495239258,1,1,1e-06,0.0
1,0.006422281265258789,1,1,1e-06,0.0
1,0.007848501205444336,1,1,1e-06,0.0
1,0.005367279052734375,1,1,1e-06,0.0
1,0.028601646423339844,1,1,1e-06,0.0
1,0.001569986343383789,1,1,1e-06,0.0
1,0.0018131732940673828,1,1,1e-06,0.0
1,0.0019207000732421875,1,1,1e-06,0.0
1,0.004116058349609375,1,1,1e-06,0.0
1,0.00461578369140625,1,1,1e-06,0.0
1,0.004697322845458984,1,1,1e-06,0.0
1,0.07047319412231445,1,1,1e-06,0.0
1,0.003100156784057617,1,1,1e-06,0.0
1,0.002271890640258789,1,1,1e-06,0.0
1,0.0019021034240722656,1,1,1e-06,0.0
1,0.001953601837158203,1,1,1e-06,0.0
1,0.0024743080139160156,1,1,1e-06,0.0
1,0.001998424530029297,1,1,1e-06,0.0
1,0.0019345283508300781,1,1,1e-06,0.0
1,0.0018894672393798828,1,1,1e-06,0.0
1,0.003990888595581055,1,1,1e-06,0.0
1,0.002466440200805664,1,1,1e-06,0.0
1,0.0022656917572021484,1,1,1e-06,0.0
1,0.002251148223876953,1,1,1e-06,0.0
1,0.003665924072265625,1,1,1e-06,0.0
1,0.0029151439666748047,1,1,1e-06,0.0
1,0.003645658493041992,1,1,1e-06,0.0
1,0.006951093673706055,1,1,1e-06,0.0
1,0.0510714054107666,1,1,1e-06,0.0
1,0.0025784969329833984,1,1,1e-06,0.0
1,0.004119396209716797,1,1,1e-06,0.0
1,0.0031495094299316406,1,1,1e-06,0.0
1,0.0021820068359375,1,1,1e-06,0.0
1,0.003820180892944336,1,1,1e-06,0.0
1,0.002919912338256836,1,1,1e-06,0.0
1,0.002272367477416992,1,1,1e-06,0.0
1,0.002176523208618164,1,1,1e-06,0.0
1,0.0033316612243652344,1,1,1e-06,0.0
1,0.0017478466033935547,1,1,1e-06,0.0
1,0.0017518997192382812,1,1,1e-06,0.0
1,0.005316734313964844,1,1,1e-06,0.0
1,0.0038089752197265625,1,1,1e-06,0.0
1,0.003431558609008789,1,1,1e-06,0.0
1,0.0024275779724121094,1,1,1e-06,0.0
1,0.0020799636840820312,1,1,1e-06,0.0
1,0.002643585205078125,1,1,1e-06,0.0
1,0.002109527587890625,1,1,1e-06,0.0
1,0.0049114227294921875,1,1,1e-06,0.0
1,0.0022017955780029297,1,1,1e-06,0.0
1,0.002048969268798828,1,1,1e-06,0.0
1,0.0027310848236083984,1,1,1e-06,0.0
1,0.005315542221069336,1,1,1e-06,0.0
1,0.0029113292694091797,1,1,1e-06,0.0
1,0.0033388137817382812,1,1,1e-06,0.0
1,0.003947734832763672,1,1,1e-06,0.0
1,0.0062634944915771484,1,1,1e-06,0.0
1,0.008891582489013672,1,1,1e-06,0.0
1,0.004805326461791992,1,1,1e-06,0.0
1,0.006110668182373047,1,1,1e-06,0.0
1,0.006774187088012695,1,1,1e-06,0.0
1,0.006670236587524414,1,1,1e-06,0.0
1,0.005545616149902344,1,1,1e-06,0.0
1,0.002884387969970703,1,1,1e-06,0.0
1,0.004700422286987305,1,1,1e-06,0.0
1,0.16774654388427734,1,1,1e-06,0.0
1,0.00205230712890625,1,1,1e-06,0.0
1,0.0024933815002441406,1,1,1e-06,0.0
1,0.0024983882904052734,1,1,1e-06,0.0
1,0.0019083023071289062,1,1,1e-06,0.0
1,0.011508941650390625,1,1,1e-06,0.0
1,0.001848459243774414,1,1,1e-06,0.0
1,0.0017995834350585938,1,1,1e-06,0.0
1,0.0017194747924804688,1,1,1e-06,0.0
1,0.003808259963989258,1,1,1e-06,0.0
1,0.0025060176849365234,1,1,1e-06,0.0
1,0.002149343490600586,1,1,1e-06,0.0
1,0.0024025440216064453,1,1,1e-06,0.0
1,0.0033426284790039062,1,1,1e-06,0.0
1,0.002691030502319336,1,1,1e-06,0.0
1,0.002765655517578125,1,1,1e-06,0.0
1,0.0019693374633789062,1,1,1e-06,0.0
1,0.00302886962890625,1,1,1e-06,0.0
1,0.0026607513427734375,1,1,1e-06,0.0
1,0.002960205078125,1,1,1e-06,0.0
1,0.10687637329101562,1,1,1e-06,0.0
1,0.002711772918701172,1,1,1e-06,0.0
1,0.0022177696228027344,1,1,1e-06,0.0
1,0.00257110595703125,1,1,1e-06,0.0
1,0.0019834041595458984,1,1,1e-06,0.0
1,0.001791238784790039,1,1,1e-06,0.0
1,0.001811981201171875,1,1,1e-06,0.0
1,0.014376163482666016,1,1,1e-06,0.0
1,0.021808147430419922,1,1,1e-06,0.0
1,0.0026688575744628906,1,1,1e-06,0.0
1,0.0019114017486572266,1,1,1e-06,0.0
1,0.0025374889373779297,1,1,1e-06,0.0
1,0.002438068389892578,1,1,1e-06,0.0
1,0.002887248992919922,1,1,1e-06,0.0
1,0.0021429061889648438,1,1,1e-06,0.0
1,0.0028603076934814453,1,1,1e-06,0.0
1,0.002942323684692383,1,1,1e-06,0.0
1,0.026641130447387695,1,1,1e-06,0.0
1,0.002480030059814453,1,1,1e-06,0.0
1,0.0027360916137695312,1,1,1e-06,0.0
1,0.0024585723876953125,1,1,1e-06,0.0
1,0.003496408462524414,1,1,1e-06,0.0
1,0.003263235092163086,1,1,1e-06,0.0
1,0.002651691436767578,1,1,1e-06,0.0
1,0.0025959014892578125,1,1,1e-06,0.0
1,0.0016605854034423828,1,1,1e-06,0.0
1,0.00336456298828125,1,1,1e-06,0.0
1,0.005521297454833984,1,1,1e-06,0.0
1,0.003175497055053711,1,1,1e-06,0.0
1,0.002713441848754883,1,1,1e-06,0.0
1,0.004445314407348633,1,1,1e-06,0.0
1,0.01522684097290039,1,1,1e-06,0.0
1,0.0021660327911376953,1,1,1e-06,0.0
1,0.0031316280364990234,1,1,1e-06,0.0
1,0.02495741844177246,1,1,1e-06,0.0
1,0.0023436546325683594,1,1,1e-06,0.0
1,0.0029702186584472656,1,1,1e-06,0.0
1,0.002421855926513672,1,1,1e-06,0.0
1,0.0022668838500976562,1,1,1e-06,0.0
1,0.002125263214111328,1,1,1e-06,0.0
1,0.0020923614501953125,1,1,1e-06,0.0
1,0.0037384033203125,1,1,1e-06,0.0
1,0.002512693405151367,1,1,1e-06,0.0
1,0.03440403938293457,1,1,1e-06,0.0
1,0.00218963623046875,1,1,1e-06,0.0
1,0.019194602966308594,1,1,1e-06,0.0
1,0.004931926727294922,1,1,1e-06,0.0
1,0.0018897056579589844,1,1,1e-06,0.0
1,0.0017459392547607422,1,1,1e-06,0.0
1,0.003008127212524414,1,1,1e-06,0.0
1,0.0026891231536865234,1,1,1e-06,0.0
1,0.0018112659454345703,1,1,1e-06,0.0
1,0.0020661354064941406,1,1,1e-06,0.0
1,0.003072023391723633,1,1,1e-06,0.0
1,0.0028176307678222656,1,1,1e-06,0.0
1,0.002602100372314453,1,1,1e-06,0.0
1,0.0032219886779785156,1,1,1e-06,0.0
1,0.003816843032836914,1,1,1e-06,0.0
1,0.0030019283294677734,1,1,1e-06,0.0
1,0.002961397171020508,1,1,1e-06,0.0
1,0.0026590824127197266,1,1,1e-06,0.0
1,0.0038344860076904297,1,1,1e-06,0.0
1,0.0027992725372314453,1,1,1e-06,0.0
1,0.014379501342773438,1,1,1e-06,0.0
1,0.0023164749145507812,1,1,1e-06,0.0
1,0.002786397933959961,1,1,1e-06,0.0
1,0.011282682418823242,1,1,1e-06,0.0
1,0.002700328826904297,1,1,1e-06,0.0
1,0.002051115036010742,1,1,1e-06,0.0
1,0.0021445751190185547,1,1,1e-06,0.0
1,0.0022041797637939453,1,1,1e-06,0.0
1,0.003262042999267578,1,1,1e-06,0.0
1,0.005390644073486328,1,1,1e-06,0.0
1,0.0045621395111083984,1,1,1e-06,0.0
1,0.0028944015502929688,1,1,1e-06,0.0
1,0.002555370330810547,1,1,1e-06,0.0
1,0.003943443298339844,1,1,1e-06,0.0
1,0.003652811050415039,1,1,1e-06,0.0
1,0.0027091503143310547,1,1,1e-06,0.0
1,0.0031347274780273438,1,1,1e-06,0.0
1,0.004060268402099609,1,1,1e-06,0.0
1,0.0029418468475341797,1,1,1e-06,0.0
1,0.003998517990112305,1,1,1e-06,0.0
1,0.0030961036682128906,1,1,1e-06,0.0
1,0.003245115280151367,1,1,1e-06,0.0
1,0.005209445953369141,1,1,1e-06,0.0
1,0.004461765289306641,1,1,1e-06,0.0
1,0.008996009826660156,1,1,1e-06,0.0
1,0.00476384162902832,1,1,1e-06,0.0
1,0.006457090377807617,1,1,1e-06,0.0
1,0.0032415390014648438,1,1,1e-06,0.0
1,0.007170677185058594,1,1,1e-06,0.0
1,0.005227804183959961,1,1,1e-06,0.0
1,0.0032172203063964844,1,1,1e-06,0.0
1,0.0032935142517089844,1,1,1e-06,0.0
1,0.003153562545776367,1,1,1e-06,0.0
1,0.004956483840942383,1,1,1e-06,0.0
1,0.004314422607421875,1,1,1e-06,0.0
1,0.006407499313354492,1,1,1e-06,0.0
1,0.003819704055786133,1,1,1e-06,0.0
1,0.003897428512573242,1,1,1e-06,0.0
1,0.0061435699462890625,1,1,1e-06,0.0
1,0.0056879520416259766,1,1,1e-06,0.0
1,0.005460977554321289,1,1,1e-06,0.0
1,0.0021190643310546875,1,1,1e-06,0.0
1,0.0020704269409179688,1,1,1e-06,0.0
1,0.004265785217285156,1,1,1e-06,0.0
1,0.007971525192260742,1,1,1e-06,0.0
1,0.0025725364685058594,1,1,1e-06,0.0
1,0.002015829086303711,1,1,1e-06,0.0
1,0.003326416015625,1,1,1e-06,0.0
1,0.007178544998168945,1,1,1e-06,0.0
1,0.0026481151580810547,1,1,1e-06,0.0
1,0.0027871131896972656,1,1,1e-06,0.0
1,0.002025127410888672,1,1,1e-06,0.0
1,0.001674652099609375,1,1,1e-06,0.0
1,0.0015799999237060547,1,1,1e-06,0.0
1,0.0019409656524658203,1,1,1e-06,0.0
1,0.0018601417541503906,1,1,1e-06,0.0
1,0.0019106864929199219,1,1,1e-06,0.0
1,0.0020241737365722656,1,1,1e-06,0.0
1,0.0019168853759765625,1,1,1e-06,0.0
1,0.002419710159301758,1,1,1e-06,0.0
1,0.003925800323486328,1,1,1e-06,0.0
1,0.0030896663665771484,1,1,1e-06,0.0
1,0.0036096572875976562,1,1,1e-06,0.0
1,0.2711913585662842,1,1,1e-06,0.0
1,0.002249479293823242,1,1,1e-06,0.0
1,0.0028197765350341797,1,1,1e-06,0.0
1,0.012335062026977539,1,1,1e-06,0.0
1,0.0019724369049072266,1,1,1e-06,0.0
1,0.0023050308227539062,1,1,1e-06,0.0
1,0.0018227100372314453,1,1,1e-06,0.0
0,1.0052289962768555,0,0,,0.0
1,0.002507925033569336,1,1,1e-06,0.0
1,0.0030667781829833984,1,1,1e-06,0.0
1,0.0023262500762939453,1,1,1e-06,0.0
1,0.001680135726928711,1,1,1e-06,0.0
1,0.001802206039428711,1,1,1e-06,0.0
1,0.0032188892364501953,1,1,1e-06,0.0
1,0.0020971298217773438,1,1,1e-06,0.0
1,0.0021369457244873047,1,1,1e-06,0.0
1,0.002025127410888672,1,1,1e-06,0.0
1,0.09098458290100098,1,1,1e-06,0.0
1,0.003087282180786133,1,1,1e-06,0.0
1,0.002582550048828125,1,1,1e-06,0.0
1,0.0032007694244384766,1,1,1e-06,0.0
1,0.0019855499267578125,1,1,1e-06,0.0
1,0.001972675323486328,1,1,1e-06,0.0
1,0.003086566925048828,1,1,1e-06,0.0
1,0.004469394683837891,1,1,1e-06,0.0
1,0.01473546028137207,1,1,1e-06,0.0
1,0.0025904178619384766,1,1,1e-06,0.0
1,0.0022499561309814453,1,1,1e-06,0.0
1,0.0019211769104003906,1,1,1e-06,0.0
1,0.002305746078491211,1,1,1e-06,0.0
1,0.002559185028076172,1,1,1e-06,0.0
1,0.002969503402709961,1,1,1e-06,0.0
1,0.0032274723052978516,1,1,1e-06,0.0
1,0.0018334388732910156,1,1,1e-06,0.0
1,0.003421306610107422,1,1,1e-06,0.0
1,0.002707242965698242,1,1,1e-06,0.0
1,0.0024433135986328125,1,1,1e-06,0.0
1,0.002161264419555664,1,1,1e-06,0.0
1,0.0022592544555664062,1,1,1e-06,0.0
1,0.002529621124267578,1,1,1e-06,0.0
1,0.0028295516967773438,1,1,1e-06,0.0
1,0.0035800933837890625,1,1,1e-06,0.0
1,0.0034215450286865234,1,1,1e-06,0.0
1,0.005292654037475586,1,1,1e-06,0.0
1,0.0032880306243896484,1,1,1e-06,0.0
1,0.003774404525756836,1,1,1e-06,0.0
1,0.0031280517578125,1,1,1e-06,0.0
1,0.00474238395690918,1,1,1e-06,0.0
1,0.004555225372314453,1,1,1e-06,0.0
1,0.0036449432373046875,1,1,1e-06,0.0
1,0.0034339427947998047,1,1,1e-06,0.0
1,0.005144596099853516,1,1,1e-06,0.0
1,0.00298309326171875,1,1,1e-06,0.0
1,0.0044231414794921875,1,1,1e-06,0.0
1,0.004548072814941406,1,1,1e-06,0.0
1,0.0026617050170898438,1,1,1e-06,0.0
1,0.0023162364959716797,1,1,1e-06,0.0
1,0.008109092712402344,1,1,1e-06,0.0
1,0.004175662994384766,1,1,1e-06,0.0
1,0.003371715545654297,1,1,1e-06,0.0
1,0.004910469055175781,1,1,1e-06,0.0
1,0.00537109375,1,1,1e-06,0.0
1,0.009254932403564453,1,1,1e-06,0.0
1,0.002937793731689453,1,1,1e-06,0.0
1,0.0025229454040527344,1,1,1e-06,0.0
1,0.003037691116333008,1,1,1e-06,0.0
1,0.0054187774658203125,1,1,1e-06,0.0
1,0.0050351619720458984,1,1,1e-06,0.0
1,0.0043141841888427734,1,1,1e-06,0.0
1,0.004316806793212891,1,1,1e-06,0.0
1,0.004450082778930664,1,1,1e-06,0.0
1,0.004569530487060547,1,1,1e-06,0.0
1,0.036583662033081055,1,1,1e-06,0.0
1,0.0031321048736572266,1,1,1e-06,0.0
1,0.0035898685455322266,1,1,1e-06,0.0
1,0.0024361610412597656,1,1,1e-06,0.0
1,0.0019969940185546875,1,1,1e-06,0.0
1,0.0020427703857421875,1,1,1e-06,0.0
1,0.0022971630096435547,1,1,1e-06,0.0
1,0.023340940475463867,1,1,1e-06,0.0
1,0.002378225326538086,1,1,1e-06,0.0
1,0.0016567707061767578,1,1,1e-06,0.0
1,0.0013551712036132812,1,1,1e-06,0.0
1,0.02398967742919922,1,1,1e-06,0.0
1,0.005334138870239258,1,1,1e-06,0.0
1,0.001794576644897461,1,1,1e-06,0.0
1,0.0029642581939697266,1,1,1e-06,0.0
1,0.0027353763580322266,1,1,1e-06,0.0
1,0.004506111145019531,1,1,1e-06,0.0
1,0.003471851348876953,1,1,1e-06,0.0
1,0.0023441314697265625,1,1,1e-06,0.0
1,0.0018322467803955078,1,1,1e-06,0.0
1,0.002531290054321289,1,1,1e-06,0.0
1,0.002566099166870117,1,1,1e-06,0.0
1,0.002240896224975586,1,1,1e-06,0.0
1,0.002329587936401367,1,1,1e-06,0.0
1,0.0024857521057128906,1,1,1e-06,0.0
1,0.0029687881469726562,1,1,1e-06,0.0
1,0.002935171127319336,1,1,1e-06,0.0
1,0.0026521682739257812,1,1,1e-06,0.0
1,0.0027735233306884766,1,1,1e-06,0.0
1,0.0025212764739990234,1,1,1e-06,0.0
1,0.0026426315307617188,1,1,1e-06,0.0
1,0.0035753250122070312,1,1,1e-06,0.0
1,0.004549741744995117,1,1,1e-06,0.0
1,0.004560232162475586,1,1,1e-06,0.0
1,0.004671335220336914,1,1,1e-06,0.0
1,0.0055348873138427734,1,1,1e-06,0.0
1,0.030094146728515625,1,1,1e-06,0.0
1,0.0026373863220214844,1,1,1e-06,0.0
1,0.002538919448852539,1,1,1e-06,0.0
1,0.0018720626831054688,1,1,1e-06,0.0
1,0.003551959991455078,1,1,1e-06,0.0
1,0.0018329620361328125,1,1,1e-06,0.0
1,0.0027244091033935547,1,1,1e-06,0.0
1,0.004526615142822266,1,1,1e-06,0.0
1,0.001970529556274414,1,1,1e-06,0.0
1,0.001972675323486328,1,1,1e-06,0.0
1,0.002414703369140625,1,1,1e-06,0.0
1,0.0021648406982421875,1,1,1e-06,0.0
1,0.0014879703521728516,1,1,1e-06,0.0
1,0.00164794921875,1,1,1e-06,0.0
1,0.0024509429931640625,1,1,1e-06,0.0
1,0.002577066421508789,1,1,1e-06,0.0
1,0.007958412170410156,1,1,1e-06,0.0
1,0.002580881118774414,1,1,1e-06,0.0
1,0.005428791046142578,1,1,1e-06,0.0
1,0.0048067569732666016,1,1,1e-06,0.0
1,0.010696649551391602,1,1,1e-06,0.0
1,0.004296779632568359,1,1,1e-06,0.0
1,0.0024034976959228516,1,1,1e-06,0.0
1,0.005270719528198242,1,1,1e-06,0.0
1,0.0027511119842529297,1,1,1e-06,0.0
1,0.0023300647735595703,1,1,1e-06,0.0
1,0.0022225379943847656,1,1,1e-06,0.0
1,0.0024335384368896484,1,1,1e-06,0.0
1,0.0020787715911865234,1,1,1e-06,0.0
1,0.0023069381713867188,1,1,1e-06,0.0
1,0.0031158924102783203,1,1,1e-06,0.0
1,0.0021615028381347656,1,1,1e-06,0.0
1,0.003363370895385742,1,1,1e-06,0.0
1,0.004164695739746094,1,1,1e-06,0.0
1,0.0064046382904052734,1,1,1e-06,0.0
1,0.004212617874145508,1,1,1e-06,0.0
1,0.0037963390350341797,1,1,1e-06,0.0
1,0.004215240478515625,1,1,1e-06,0.0
1,0.004957675933837891,1,1,1e-06,0.0
1,0.004606723785400391,1,1,1e-06,0.0
1,0.0041370391845703125,1,1,1e-06,0.0
1,0.004687070846557617,1,1,1e-06,0.0
1,0.005265712738037109,1,1,1e-06,0.0
1,0.00365447998046875,1,1,1e-06,0.0
1,0.004426240921020508,1,1,1e-06,0.0
1,0.0047037601470947266,1,1,1e-06,0.0
1,0.004716396331787109,1,1,1e-06,0.0
1,0.006686210632324219,1,1,1e-06,0.0
1,0.004569053649902344,1,1,1e-06,0.0
1,0.004510164260864258,1,1,1e-06,0.0
1,0.004270315170288086,1,1,1e-06,0.0
1,0.0028591156005859375,1,1,1e-06,0.0
1,0.0023648738861083984,1,1,1e-06,0.0
1,0.002267599105834961,1,1,1e-06,0.0
1,0.0019459724426269531,1,1,1e-06,0.0
1,0.001955747604370117,1,1,1e-06,0.0
1,0.004221439361572266,1,1,1e-06,0.0
1,0.005629062652587891,1,1,1e-06,0.0
1,0.0044193267822265625,1,1,1e-06,0.0
1,0.002159595489501953,1,1,1e-06,0.0
1,0.0020427703857421875,1,1,1e-06,0.0
1,0.002251148223876953,1,1,1e-06,0.0
1,0.003385782241821289,1,1,1e-06,0.0
1,0.0021321773529052734,1,1,1e-06,0.0
1,0.003240823745727539,1,1,1e-06,0.0
1,0.004534244537353516,1,1,1e-06,0.0
1,0.002404451370239258,1,1,1e-06,0.0
1,0.0019176006317138672,1,1,1e-06,0.0
1,0.0016231536865234375,1,1,1e-06,0.0
1,0.0018444061279296875,1,1,1e-06,0.0
1,0.002420663833618164,1,1,1e-06,0.0
1,0.0016798973083496094,1,1,1e-06,0.0
1,0.0032279491424560547,1,1,1e-06,0.0
1,0.004201650619506836,1,1,1e-06,0.0
1,0.004630088806152344,1,1,1e-06,0.0
1,0.005781650543212891,1,1,1e-06,0.0
1,0.0053768157958984375,1,1,1e-06,0.0
1,0.005773782730102539,1,1,1e-06,0.0
1,0.005006551742553711,1,1,1e-06,0.0
1,0.007939577102661133,1,1,1e-06,0.0
1,0.0023729801177978516,1,1,1e-06,0.0
1,0.0034792423248291016,1,1,1e-06,0.0
1,0.0024755001068115234,1,1,1e-06,0.0
1,0.002044200897216797,1,1,1e-06,0.0
1,0.0019106864929199219,1,1,1e-06,0.0
1,0.0032532215118408203,1,1,1e-06,0.0
1,0.003497600555419922,1,1,1e-06,0.0
1,0.0035614967346191406,1,1,1e-06,0.0
1,0.003192424774169922,1,1,1e-06,0.0
1,0.0034971237182617188,1,1,1e-06,0.0
1,0.0022590160369873047,1,1,1e-06,0.0
1,0.004084110260009766,1,1,1e-06,0.0
1,0.008024215698242188,1,1,1e-06,0.0
1,0.00598907470703125,1,1,1e-06,0.0
1,0.003850221633911133,1,1,1e-06,0.0
1,0.0034961700439453125,1,1,1e-06,0.0
1,0.026796817779541016,1,1,1e-06,0.0
1,0.0014994144439697266,1,1,1e-06,0.0
1,0.13727927207946777,1,1,1e-06,0.0
1,0.00260162353515625,1,1,1e-06,0.0
1,0.0051631927490234375,1,1,1e-06,0.0
1,0.002203702926635742,1,1,1e-06,0.0
1,0.0015821456909179688,1,1,1e-06,0.0
1,0.00226593017578125,1,1,1e-06,0.0
1,0.0022530555725097656,1,1,1e-06,0.0
1,0.0018579959869384766,1,1,1e-06,0.0
1,0.002622842788696289,1,1,1e-06,0.0
1,0.004860401153564453,1,1,1e-06,0.0
1,0.002536773681640625,1,1,1e-06,0.0
1,0.001766204833984375,1,1,1e-06,0.0
1,0.0019431114196777344,1,1,1e-06,0.0
1,0.0020232200622558594,1,1,1e-06,0.0
1,0.0019421577453613281,1,1,1e-06,0.0
1,0.002708911895751953,1,1,1e-06,0.0
1,0.002115011215209961,1,1,1e-06,0.0
1,0.0017311573028564453,1,1,1e-06,0.0
1,0.001920938491821289,1,1,1e-06,0.0
1,0.039702653884887695,1,1,1e-06,0.0
1,0.0018596649169921875,1,1,1e-06,0.0
1,0.0024220943450927734,1,1,1e-06,0.0
1,0.003950357437133789,1,1,1e-06,0.0
1,0.0382695198059082,1,1,1e-06,0.0
1,0.0017695426940917969,1,1,1e-06,0.0
1,0.0021033287048339844,1,1,1e-06,0.0
1,0.002406597137451172,1,1,1e-06,0.0
1,0.018035888671875,1,1,1e-06,0.0
1,0.039723873138427734,1,1,1e-06,0.0
1,0.0021696090698242188,1,1,1e-06,0.0
1,0.0020704269409179688,1,1,1e-06,0.0
1,0.0020933151245117188,1,1,1e-06,0.0
1,0.002321004867553711,1,1,1e-06,0.0
1,0.0033562183380126953,1,1,1e-06,0.0
1,0.0033800601959228516,1,1,1e-06,0.0
1,0.006772041320800781,1,1,1e-06,0.0
1,0.0016374588012695312,1,1,1e-06,0.0
1,0.011070728302001953,1,1,1e-06,0.0
1,0.005684614181518555,1,1,1e-06,0.0
1,0.003208160400390625,1,1,1e-06,0.0
1,0.002323627471923828,1,1,1e-06,0.0
1,0.0017790794372558594,1,1,1e-06,0.0
1,0.0020339488983154297,1,1,1e-06,0.0
1,0.011111021041870117,1,1,1e-06,0.0
1,0.0032286643981933594,1,1,1e-06,0.0
1,0.002559661865234375,1,1,1e-06,0.0
1,0.003235340118408203,1,1,1e-06,0.0
1,0.0025954246520996094,1,1,1e-06,0.0
1,0.0019311904907226562,1,1,1e-06,0.0
1,0.002090930938720703,1,1,1e-06,0.0
1,0.002160310745239258,1,1,1e-06,0.0
1,0.0020706653594970703,1,1,1e-06,0.0
1,0.005566120147705078,1,1,1e-06,0.0
1,0.0022139549255371094,1,1,1e-06,0.0
1,0.0019652843475341797,1,1,1e-06,0.0
1,0.0028667449951171875,1,1,1e-06,0.0
1,0.00442051887512207,1,1,1e-06,0.0
1,0.0035905838012695312,1,1,1e-06,0.0
1,0.003036022186279297,1,1,1e-06,0.0
1,0.003292560577392578,1,1,1e-06,0.0
1,0.0023813247680664062,1,1,1e-06,0.0
1,0.0024628639221191406,1,1,1e-06,0.0
1,0.003983974456787109,1,1,1e-06,0.0
1,0.003091096878051758,1,1,1e-06,0.0
1,0.003333568572998047,1,1,1e-06,0.0
1,0.003107786178588867,1,1,1e-06,0.0
1,0.0077021121978759766,1,1,1e-06,0.0
1,0.004651546478271484,1,1,1e-06,0.0
1,0.003248929977416992,1,1,1e-06,0.0
1,0.006616830825805664,1,1,1e-06,0.0
1,0.002363920211791992,1,1,1e-06,0.0
1,0.0037381649017333984,1,1,1e-06,0.0
1,0.004495143890380859,1,1,1e-06,0.0
1,0.005759716033935547,1,1,1e-06,0.0
1,0.0057451725006103516,1,1,1e-06,0.0
1,0.0047571659088134766,1,1,1e-06,0.0
1,0.004731416702270508,1,1,1e-06,0.0
1,0.006029844284057617,1,1,1e-06,0.0
1,0.005865812301635742,1,1,1e-06,0.0
1,0.005050182342529297,1,1,1e-06,0.0
1,0.005076885223388672,1,1,1e-06,0.0
1,0.008423328399658203,1,1,1e-06,0.0
1,0.009484291076660156,1,1,1e-06,0.0
1,0.002044677734375,1,1,1e-06,0.0
1,0.00385284423828125,1,1,1e-06,0.0
1,0.004332304000854492,1,1,1e-06,0.0
1,0.0029685497283935547,1,1,1e-06,0.0
1,0.003615140914916992,1,1,1e-06,0.0
1,0.0022432804107666016,1,1,1e-06,0.0
1,0.0017900466918945312,1,1,1e-06,0.0
1,0.0021653175354003906,1,1,1e-06,0.0
1,0.0018541812896728516,1,1,1e-06,0.0
1,0.0029802322387695312,1,1,1e-06,0.0
1,0.002857208251953125,1,1,1e-06,0.0
1,0.0017709732055664062,1,1,1e-06,0.0
1,0.001804351806640625,1,1,1e-06,0.0
1,0.0018336772918701172,1,1,1e-06,0.0
1,0.0016455650329589844,1,1,1e-06,0.0
1,0.0015878677368164062,1,1,1e-06,0.0
1,0.0013229846954345703,1,1,1e-06,0.0
1,0.0026464462280273438,1,1,1e-06,0.0
1,0.0025336742401123047,1,1,1e-06,0.0
1,0.0017516613006591797,1,1,1e-06,0.0
1,0.0019521713256835938,1,1,1e-06,0.0
1,0.0029609203338623047,1,1,1e-06,0.0
1,0.0019714832305908203,1,1,1e-06,0.0
1,0.0019221305847167969,1,1,1e-06,0.0
1,0.002964019775390625,1,1,1e-06,0.0
1,0.003131866455078125,1,1,1e-06,0.0
1,0.0025665760040283203,1,1,1e-06,0.0
1,0.005026578903198242,1,1,1e-06,0.0
1,0.003888845443725586,1,1,1e-06,0.0
1,0.003016233444213867,1,1,1e-06,0.0
1,0.002413511276245117,1,1,1e-06,0.0
1,0.0029044151306152344,1,1,1e-06,0.0
1,0.0020716190338134766,1,1,1e-06,0.0
1,0.002287149429321289,1,1,1e-06,0.0
1,0.001645803451538086,1,1,1e-06,0.0
1,0.0019314289093017578,1,1,1e-06,0.0
1,0.002475738525390625,1,1,1e-06,0.0
1,0.001745462417602539,1,1,1e-06,0.0
1,0.0015375614166259766,1,1,1e-06,0.0
1,0.0050199031829833984,1,1,1e-06,0.0
1,0.0028030872344970703,1,1,1e-06,0.0
1,0.0016636848449707031,1,1,1e-06,0.0
1,0.04115128517150879,1,1,1e-06,0.0
1,0.0020530223846435547,1,1,1e-06,0.0
1,0.0018856525421142578,1,1,1e-06,0.0
1,0.0018324851989746094,1,1,1e-06,0.0
1,0.002862691879272461,1,1,1e-06,0.0
1,0.002768278121948242,1,1,1e-06,0.0
1,0.002401113510131836,1,1,1e-06,0.0
1,0.0018856525421142578,1,1,1e-06,0.0
1,0.001911163330078125,1,1,1e-06,0.0
1,0.0021202564239501953,1,1,1e-06,0.0
1,0.0029180049896240234,1,1,1e-06,0.0
1,0.0018885135650634766,1,1,1e-06,0.0
1,0.0023360252380371094,1,1,1e-06,0.0
1,0.0015456676483154297,1,1,1e-06,0.0
1,0.0019767284393310547,1,1,1e-06,0.0
1,0.011645793914794922,1,1,1e-06,0.0
1,0.0018379688262939453,1,1,1e-06,0.0
1,0.019273042678833008,1,1,1e-06,0.0
1,0.002800464630126953,1,1,1e-06,0.0
1,0.003185749053955078,1,1,1e-06,0.0
1,0.0028123855590820312,1,1,1e-06,0.0
1,0.0017528533935546875,1,1,1e-06,0.0
1,0.030080556869506836,1,1,1e-06,0.0
1,0.0024132728576660156,1,1,1e-06,0.0
1,0.0028090476989746094,1,1,1e-06,0.0
1,0.0029354095458984375,1,1,1e-06,0.0
1,0.001905679702758789,1,1,1e-06,0.0
1,0.002165555953979492,1,1,1e-06,0.0
1,0.002873659133911133,1,1,1e-06,0.0
1,0.0022802352905273438,1,1,1e-06,0.0
1,0.0019083023071289062,1,1,1e-06,0.0
1,0.0019345283508300781,1,1,1e-06,0.0
1,0.0030853748321533203,1,1,1e-06,0.0
1,0.0027968883514404297,1,1,1e-06,0.0
1,0.0038025379180908203,1,1,1e-06,0.0
1,0.0032689571380615234,1,1,1e-06,0.0
1,0.002411365509033203,1,1,1e-06,0.0
1,0.003865957260131836,1,1,1e-06,0.0
1,0.0025348663330078125,1,1,1e-06,0.0
1,0.002031087875366211,1,1,1e-06,0.0
1,0.0034224987030029297,1,1,1e-06,0.0
1,0.002667665481567383,1,1,1e-06,0.0
1,0.002170562744140625,1,1,1e-06,0.0
1,0.003682374954223633,1,1,1e-06,0.0
1,0.0037393569946289062,1,1,1e-06,0.0
1,0.0030710697174072266,1,1,1e-06,0.0
1,0.00439000129699707,1,1,1e-06,0.0
1,0.0021529197692871094,1,1,1e-06,0.0
1,0.0034456253051757812,1,1,1e-06,0.0
1,0.0019829273223876953,1,1,1e-06,0.0
1,0.0068395137786865234,1,1,1e-06,0.0
1,0.0043790340423583984,1,1,1e-06,0.0
1,0.00596165657043457,1,1,1e-06,0.0
1,0.004796028137207031,1,1,1e-06,0.0
1,0.02063751220703125,1,1,1e-06,0.0
1,0.0040187835693359375,1,1,1e-06,0.0
1,0.004263639450073242,1,1,1e-06,0.0
1,0.004402875900268555,1,1,1e-06,0.0
1,0.005049705505371094,1,1,1e-06,0.0
1,0.006482124328613281,1,1,1e-06,0.0
1,0.005335569381713867,1,1,1e-06,0.0
1,0.0038433074951171875,1,1,1e-06,0.0
1,0.0031731128692626953,1,1,1e-06,0.0
1,0.004834651947021484,1,1,1e-06,0.0
1,0.005085468292236328,1,1,1e-06,0.0
1,0.00480341911315918,1,1,1e-06,0.0
1,0.00419306755065918,1,1,1e-06,0.0
1,0.004181385040283203,1,1,1e-06,0.0
1,0.006414890289306641,1,1,1e-06,0.0
1,0.003760814666748047,1,1,1e-06,0.0
1,0.002575397491455078,1,1,1e-06,0.0
1,0.0030965805053710938,1,1,1e-06,0.0
1,0.003134489059448242,1,1,1e-06,0.0
1,0.016100406646728516,1,1,1e-06,0.0
1,0.002385377883911133,1,1,1e-06,0.0
1,0.001653432846069336,1,1,1e-06,0.0
1,0.0021970272064208984,1,1,1e-06,0.0
1,0.002366304397583008,1,1,1e-06,0.0
1,0.001992464065551758,1,1,1e-06,0.0
1,0.0015561580657958984,1,1,1e-06,0.0
1,0.0016431808471679688,1,1,1e-06,0.0
1,0.0030701160430908203,1,1,1e-06,0.0
1,0.0019443035125732422,1,1,1e-06,0.0
1,0.009140491485595703,1,1,1e-06,0.0
1,0.003300905227661133,1,1,1e-06,0.0
1,0.0025246143341064453,1,1,1e-06,0.0
1,0.001842498779296875,1,1,1e-06,0.0
1,0.0017790794372558594,1,1,1e-06,0.0
1,0.0021724700927734375,1,1,1e-06,0.0
1,0.0023908615112304688,1,1,1e-06,0.0
1,0.004526615142822266,1,1,1e-06,0.0
1,0.004603385925292969,1,1,1e-06,0.0
1,0.003241300582885742,1,1,1e-06,0.0
1,0.003996610641479492,1,1,1e-06,0.0
1,0.002429485321044922,1,1,1e-06,0.0
1,0.00394129753112793,1,1,1e-06,0.0
1,0.005593776702880859,1,1,1e-06,0.0
1,0.003475189208984375,1,1,1e-06,0.0
1,0.0027005672454833984,1,1,1e-06,0.0
1,0.00468897819519043,1,1,1e-06,0.0
1,0.004953622817993164,1,1,1e-06,0.0
1,0.005706071853637695,1,1,1e-06,0.0
1,0.004563808441162109,1,1,1e-06,0.0
1,0.002721071243286133,1,1,1e-06,0.0
1,0.00405120849609375,1,1,1e-06,0.0
1,0.004193305969238281,1,1,1e-06,0.0
1,0.008318662643432617,1,1,1e-06,0.0
1,0.0037927627563476562,1,1,1e-06,0.0
1,0.008136987686157227,1,1,1e-06,0.0
1,0.005071401596069336,1,1,1e-06,0.0
1,0.0034422874450683594,1,1,1e-06,0.0
1,0.0019876956939697266,1,1,1e-06,0.0
1,0.002864837646484375,1,1,1e-06,0.0
1,0.002238750457763672,1,1,1e-06,0.0
1,0.0029163360595703125,1,1,1e-06,0.0
1,0.016349315643310547,1,1,1e-06,0.0
1,0.0024192333221435547,1,1,1e-06,0.0
1,0.00213623046875,1,1,1e-06,0.0
1,0.002750873565673828,1,1,1e-06,0.0
1,0.0017514228820800781,1,1,1e-06,0.0
1,0.0020592212677001953,1,1,1e-06,0.0
1,0.0017971992492675781,1,1,1e-06,0.0
1,0.0017750263214111328,1,1,1e-06,0.0
1,0.11606550216674805,1,1,1e-06,0.0
1,0.001779794692993164,1,1,1e-06,0.0
1,0.00817108154296875,1,1,1e-06,0.0
1,0.003213167190551758,1,1,1e-06,0.0
1,0.0023446083068847656,1,1,1e-06,0.0
1,0.005386829376220703,1,1,1e-06,0.0
1,0.01161646842956543,1,1,1e-06,0.0
1,0.003427743911743164,1,1,1e-06,0.0
1,0.003302335739135742,1,1,1e-06,0.0
1,0.012086868286132812,1,1,1e-06,0.0
1,0.0034444332122802734,1,1,1e-06,0.0
1,0.0025162696838378906,1,1,1e-06,0.0
1,0.003311634063720703,1,1,1e-06,0.0
1,0.003315448760986328,1,1,1e-06,0.0
1,0.009391307830810547,1,1,1e-06,0.0
1,0.010466337203979492,1,1,1e-06,0.0
1,0.002408742904663086,1,1,1e-06,0.0
1,0.012155771255493164,1,1,1e-06,0.0
1,0.0033049583435058594,1,1,1e-06,0.0
1,0.0067615509033203125,1,1,1e-06,0.0
1,0.0030558109283447266,1,1,1e-06,0.0
1,0.0026929378509521484,1,1,1e-06,0.0
1,0.0036737918853759766,1,1,1e-06,0.0
1,0.0073854923248291016,1,1,1e-06,0.0
1,0.0035924911499023438,1,1,1e-06,0.0
1,0.00453495979309082,1,1,1e-06,0.0
1,0.004129886627197266,1,1,1e-06,0.0
1,0.012907981872558594,1,1,1e-06,0.0
1,0.0028450489044189453,1,1,1e-06,0.0
1,0.004077434539794922,1,1,1e-06,0.0
1,0.004136085510253906,1,1,1e-06,0.0
1,0.002276897430419922,1,1,1e-06,0.0
1,0.008796930313110352,1,1,1e-06,0.0
1,0.3130197525024414,1,1,1e-06,0.0
1,0.002332448959350586,1,1,1e-06,0.0
1,0.002250194549560547,1,1,1e-06,0.0
1,0.0017406940460205078,1,1,1e-06,0.0
1,0.0023963451385498047,1,1,1e-06,0.0
1,0.0018470287322998047,1,1,1e-06,0.0
1,0.0021331310272216797,1,1,1e-06,0.0
1,0.0030524730682373047,1,1,1e-06,0.0
1,0.01365041732788086,1,1,1e-06,0.0
1,0.003262042999267578,1,1,1e-06,0.0
1,0.0028662681579589844,1,1,1e-06,0.0
1,0.002380847930908203,1,1,1e-06,0.0
1,0.0019428730010986328,1,1,1e-06,0.0
1,0.02110457420349121,1,1,1e-06,0.0
1,0.0024700164794921875,1,1,1e-06,0.0
1,0.0031495094299316406,1,1,1e-06,0.0
1,0.004920482635498047,1,1,1e-06,0.0
1,0.03417849540710449,1,1,1e-06,0.0
1,0.005276679992675781,1,1,1e-06,0.0
1,0.022166967391967773,1,1,1e-06,0.0
1,0.008789300918579102,1,1,1e-06,0.0
1,0.002459287643432617,1,1,1e-06,0.0
1,0.004599571228027344,1,1,1e-06,0.0
1,0.005298614501953125,1,1,1e-06,0.0
1,0.0043184757232666016,1,1,1e-06,0.0
1,0.005541324615478516,1,1,1e-06,0.0
1,0.0029799938201904297,1,1,1e-06,0.0
1,0.002543210983276367,1,1,1e-06,0.0
1,0.003962516784667969,1,1,1e-06,0.0
1,0.006261348724365234,1,1,1e-06,0.0
1,0.006289005279541016,1,1,1e-06,0.0
1,0.004421710968017578,1,1,1e-06,0.0
1,0.006078004837036133,1,1,1e-06,0.0
1,0.004520416259765625,1,1,1e-06,0.0
1,0.007307291030883789,1,1,1e-06,0.0
1,0.003362417221069336,1,1,1e-06,0.0
1,0.002613067626953125,1,1,1e-06,0.0
1,0.0036542415618896484,1,1,1e-06,0.0
1,0.0034558773040771484,1,1,1e-06,0.0
1,0.005868196487426758,1,1,1e-06,0.0
1,0.002942323684692383,1,1,1e-06,0.0
1,0.7195024490356445,1,1,1e-06,0.0
1,0.0031249523162841797,1,1,1e-06,0.0
1,0.0021135807037353516,1,1,1e-06,0.0
1,0.007810354232788086,1,1,1e-06,0.0
1,0.0029113292694091797,1,1,1e-06,0.0
1,0.0026497840881347656,1,1,1e-06,0.0
1,0.002199411392211914,1,1,1e-06,0.0
1,0.0029191970825195312,1,1,1e-06,0.0
1,0.0024788379669189453,1,1,1e-06,0.0
1,0.029369831085205078,1,1,1e-06,0.0
1,0.004164457321166992,1,1,1e-06,0.0
1,0.002602100372314453,1,1,1e-06,0.0
1,0.002549886703491211,1,1,1e-06,0.0
1,0.005984306335449219,1,1,1e-06,0.0
1,0.0023202896118164062,1,1,1e-06,0.0
1,0.002142190933227539,1,1,1e-06,0.0
1,0.003055572509765625,1,1,1e-06,0.0
1,0.0021448135375976562,1,1,1e-06,0.0
1,0.0023305416107177734,1,1,1e-06,0.0
1,0.0027561187744140625,1,1,1e-06,0.0
1,0.002262592315673828,1,1,1e-06,0.0
1,0.0027267932891845703,1,1,1e-06,0.0
1,0.002775430679321289,1,1,1e-06,0.0
1,0.001935720443725586,1,1,1e-06,0.0
1,0.0020246505737304688,1,1,1e-06,0.0
1,0.0032837390899658203,1,1,1e-06,0.0
1,0.002496480941772461,1,1,1e-06,0.0
1,0.0024597644805908203,1,1,1e-06,0.0
1,0.0033283233642578125,1,1,1e-06,0.0
1,0.003353118896484375,1,1,1e-06,0.0
1,0.006024837493896484,1,1,1e-06,0.0
1,0.0034055709838867188,1,1,1e-06,0.0
1,0.0032088756561279297,1,1,1e-06,0.0
1,0.003048419952392578,1,1,1e-06,0.0
1,0.0031709671020507812,1,1,1e-06,0.0
1,0.002648591995239258,1,1,1e-06,0.0
1,0.002626657485961914,1,1,1e-06,0.0
1,0.0023336410522460938,1,1,1e-06,0.0
1,0.003681659698486328,1,1,1e-06,0.0
1,0.0027887821197509766,1,1,1e-06,0.0
1,0.0025000572204589844,1,1,1e-06,0.0
1,0.002830982208251953,1,1,1e-06,0.0
1,0.0026378631591796875,1,1,1e-06,0.0
1,0.004539966583251953,1,1,1e-06,0.0
1,0.003998279571533203,1,1,1e-06,0.0
1,0.0037910938262939453,1,1,1e-06,0.0
1,0.0031118392944335938,1,1,1e-06,0.0
1,0.005214214324951172,1,1,1e-06,0.0
1,0.0037550926208496094,1,1,1e-06,0.0
1,0.0035009384155273438,1,1,1e-06,0.0
1,0.0036542415618896484,1,1,1e-06,0.0
1,0.00632476806640625,1,1,1e-06,0.0
1,0.0029387474060058594,1,1,1e-06,0.0
1,0.004873991012573242,1,1,1e-06,0.0
1,0.0031633377075195312,1,1,1e-06,0.0
1,0.003066539764404297,1,1,1e-06,0.0
1,0.0025441646575927734,1,1,1e-06,0.0
1,0.0036149024963378906,1,1,1e-06,0.0
1,0.003236532211303711,1,1,1e-06,0.0
1,0.002759218215942383,1,1,1e-06,0.0
1,0.00499415397644043,1,1,1e-06,0.0
1,0.003631591796875,1,1,1e-06,0.0
1,0.003031492233276367,1,1,1e-06,0.0
1,0.0033288002014160156,1,1,1e-06,0.0
1,0.004748106002807617,1,1,1e-06,0.0
1,0.0033044815063476562,1,1,1e-06,0.0
1,0.0033462047576904297,1,1,1e-06,0.0
1,0.005298614501953125,1,1,1e-06,0.0
1,0.005977630615234375,1,1,1e-06,0.0
1,0.004881381988525391,1,1,1e-06,0.0
1,0.004075288772583008,1,1,1e-06,0.0
1,0.0031905174255371094,1,1,1e-06,0.0
1,0.004673957824707031,1,1,1e-06,0.0
1,0.0021882057189941406,1,1,1e-06,0.0
1,0.0037755966186523438,1,1,1e-06,0.0
1,0.0026895999908447266,1,1,1e-06,0.0
1,0.002523183822631836,1,1,1e-06,0.0
1,0.003305196762084961,1,1,1e-06,0.0
1,0.004658937454223633,1,1,1e-06,0.0
1,0.0030701160430908203,1,1,1e-06,0.0
1,0.004328250885009766,1,1,1e-06,0.0
1,0.00525665283203125,1,1,1e-06,0.0
1,0.0030324459075927734,1,1,1e-06,0.0
1,0.0037364959716796875,1,1,1e-06,0.0
1,0.0035321712493896484,1,1,1e-06,0.0
1,0.0038843154907226562,1,1,1e-06,0.0
1,0.0026268959045410156,1,1,1e-06,0.0
1,0.003492116928100586,1,1,1e-06,0.0
1,0.0028307437896728516,1,1,1e-06,0.0
1,0.005788326263427734,1,1,1e-06,0.0
1,0.006738901138305664,1,1,1e-06,0.0
1,0.00333404541015625,1,1,1e-06,0.0
1,0.002624988555908203,1,1,1e-06,0.0
1,0.0037572383880615234,1,1,1e-06,0.0
1,0.3415958881378174,1,1,1e-06,0.0
1,0.002357959747314453,1,1,1e-06,0.0
1,0.005661964416503906,1,1,1e-06,0.0
1,0.0016989707946777344,1,1,1e-06,0.0
1,0.0014011859893798828,1,1,1e-06,0.0
1,0.0014576911926269531,1,1,1e-06,0.0
1,0.020390033721923828,1,1,1e-06,0.0
1,0.0047817230224609375,1,1,1e-06,0.0
1,0.0024962425231933594,1,1,1e-06,0.0
1,0.0020935535430908203,1,1,1e-06,0.0
1,0.003499269485473633,1,1,1e-06,0.0
1,0.002069234848022461,1,1,1e-06,0.0
1,0.0022945404052734375,1,1,1e-06,0.0
1,0.002517223358154297,1,1,1e-06,0.0
1,0.0022258758544921875,1,1,1e-06,0.0
1,0.0027980804443359375,1,1,1e-06,0.0
1,0.002693653106689453,1,1,1e-06,0.0
1,0.0019867420196533203,1,1,1e-06,0.0
1,0.0018911361694335938,1,1,1e-06,0.0
1,0.0022382736206054688,1,1,1e-06,0.0
1,0.0021409988403320312,1,1,1e-06,0.0
1,0.005085945129394531,1,1,1e-06,0.0
1,0.0025060176849365234,1,1,1e-06,0.0
1,0.0026328563690185547,1,1,1e-06,0.0
1,0.0023872852325439453,1,1,1e-06,0.0
1,0.0035097599029541016,1,1,1e-06,0.0
1,0.003035306930541992,1,1,1e-06,0.0
1,0.0033960342407226562,1,1,1e-06,0.0
1,0.0021381378173828125,1,1,1e-06,0.0
1,0.002514362335205078,1,1,1e-06,0.0
1,0.0033195018768310547,1,1,1e-06,0.0
1,0.0033774375915527344,1,1,1e-06,0.0
1,0.003812074661254883,1,1,1e-06,0.0
1,0.0049076080322265625,1,1,1e-06,0.0
1,0.003715991973876953,1,1,1e-06,0.0
1,0.0026733875274658203,1,1,1e-06,0.0
1,0.0031785964965820312,1,1,1e-06,0.0
1,0.002573728561401367,1,1,1e-06,0.0
1,0.0022640228271484375,1,1,1e-06,0.0
1,0.018772602081298828,1,1,1e-06,0.0
1,0.0024099349975585938,1,1,1e-06,0.0
1,0.002409696578979492,1,1,1e-06,0.0
1,0.0032045841217041016,1,1,1e-06,0.0
1,0.0031774044036865234,1,1,1e-06,0.0
1,0.0031490325927734375,1,1,1e-06,0.0
1,0.0048635005950927734,1,1,1e-06,0.0
1,0.002758502960205078,1,1,1e-06,0.0
1,0.0028536319732666016,1,1,1e-06,0.0
1,0.004373311996459961,1,1,1e-06,0.0
1,0.0028493404388427734,1,1,1e-06,0.0
1,0.00336456298828125,1,1,1e-06,0.0
1,0.002654552459716797,1,1,1e-06,0.0
1,0.002910614013671875,1,1,1e-06,0.0
1,0.0035097599029541016,1,1,1e-06,0.0
1,0.002162933349609375,1,1,1e-06,0.0
1,0.003193378448486328,1,1,1e-06,0.0
1,0.003032684326171875,1,1,1e-06,0.0
1,0.0064945220947265625,1,1,1e-06,0.0
1,0.004174947738647461,1,1,1e-06,0.0
1,0.004665851593017578,1,1,1e-06,0.0
1,0.004704713821411133,1,1,1e-06,0.0
1,0.003469705581665039,1,1,1e-06,0.0
1,0.004045963287353516,1,1,1e-06,0.0
1,0.00429534912109375,1,1,1e-06,0.0
1,0.008270740509033203,1,1,1e-06,0.0
1,0.005670070648193359,1,1,1e-06,0.0
1,0.0028252601623535156,1,1,1e-06,0.0
1,0.006737709045410156,1,1,1e-06,0.0
1,0.004022359848022461,1,1,1e-06,0.0
1,0.005202054977416992,1,1,1e-06,0.0
1,0.006296873092651367,1,1,1e-06,0.0
1,0.005565643310546875,1,1,1e-06,0.0
1,0.003789186477661133,1,1,1e-06,0.0
1,0.0028128623962402344,1,1,1e-06,0.0
1,0.0019431114196777344,1,1,1e-06,0.0
1,0.0017771720886230469,1,1,1e-06,0.0
1,0.0014159679412841797,1,1,1e-06,0.0
1,0.0017538070678710938,1,1,1e-06,0.0
1,0.004014492034912109,1,1,1e-06,0.0
1,0.0027723312377929688,1,1,1e-06,0.0
1,0.002778768539428711,1,1,1e-06,0.0
1,0.0034644603729248047,1,1,1e-06,0.0
1,0.003623485565185547,1,1,1e-06,0.0
1,0.003685474395751953,1,1,1e-06,0.0
1,0.003123760223388672,1,1,1e-06,0.0
1,0.005263090133666992,1,1,1e-06,0.0
1,0.0026428699493408203,1,1,1e-06,0.0
1,0.002749204635620117,1,1,1e-06,0.0
1,0.0024445056915283203,1,1,1e-06,0.0
1,0.0016040802001953125,1,1,1e-06,0.0
1,0.002279043197631836,1,1,1e-06,0.0
1,0.0030956268310546875,1,1,1e-06,0.0
1,0.0037429332733154297,1,1,1e-06,0.0
1,0.003793001174926758,1,1,1e-06,0.0
1,0.004492998123168945,1,1,1e-06,0.0
1,0.0035271644592285156,1,1,1e-06,0.0
1,0.0035572052001953125,1,1,1e-06,0.0
1,0.004647970199584961,1,1,1e-06,0.0
1,0.009820938110351562,1,1,1e-06,0.0
1,0.004676103591918945,1,1,1e-06,0.0
1,0.007205486297607422,1,1,1e-06,0.0
1,0.00694584846496582,1,1,1e-06,0.0
1,0.15033698081970215,1,1,1e-06,0.0
1,0.0022182464599609375,1,1,1e-06,0.0
1,0.001974344253540039,1,1,1e-06,0.0
1,0.0017879009246826172,1,1,1e-06,0.0
1,0.0014612674713134766,1,1,1e-06,0.0
1,0.0014696121215820312,1,1,1e-06,0.0
1,0.0013518333435058594,1,1,1e-06,0.0
1,0.0011830329895019531,1,1,1e-06,0.0
1,0.01885247230529785,1,1,1e-06,0.0
1,0.0017879009246826172,1,1,1e-06,0.0
1,0.0024847984313964844,1,1,1e-06,0.0
1,0.0016598701477050781,1,1,1e-06,0.0
1,0.0027008056640625,1,1,1e-06,0.0
1,0.0032074451446533203,1,1,1e-06,0.0
1,0.0021469593048095703,1,1,1e-06,0.0
1,0.0029087066650390625,1,1,1e-06,0.0
1,0.0028562545776367188,1,1,1e-06,0.0
1,0.0019941329956054688,1,1,1e-06,0.0
1,0.0019071102142333984,1,1,1e-06,0.0
1,0.0022614002227783203,1,1,1e-06,0.0
1,0.0225522518157959,1,1,1e-06,0.0
1,0.011530160903930664,1,1,1e-06,0.0
1,0.005441904067993164,1,1,1e-06,0.0
1,0.0020101070404052734,1,1,1e-06,0.0
1,0.002513408660888672,1,1,1e-06,0.0
1,0.004318714141845703,1,1,1e-06,0.0
1,0.003038644790649414,1,1,1e-06,0.0
1,0.0018954277038574219,1,1,1e-06,0.0
1,0.001828908920288086,1,1,1e-06,0.0
1,0.0041081905364990234,1,1,1e-06,0.0
1,0.003976345062255859,1,1,1e-06,0.0
1,0.006722688674926758,1,1,1e-06,0.0
1,0.003239154815673828,1,1,1e-06,0.0
1,0.002590179443359375,1,1,1e-06,0.0
1,0.00312042236328125,1,1,1e-06,0.0
1,0.003989458084106445,1,1,1e-06,0.0
1,0.002032041549682617,1,1,1e-06,0.0
1,0.0014934539794921875,1,1,1e-06,0.0
1,0.004193305969238281,1,1,1e-06,0.0
1,0.05351376533508301,1,1,1e-06,0.0
1,0.0027506351470947266,1,1,1e-06,0.0
1,0.0017495155334472656,1,1,1e-06,0.0
1,0.0011670589447021484,1,1,1e-06,0.0
1,0.0014345645904541016,1,1,1e-06,0.0
1,0.0014832019805908203,1,1,1e-06,0.0
1,0.001516103744506836,1,1,1e-06,0.0
1,0.0016608238220214844,1,1,1e-06,0.0
1,0.04148721694946289,1,1,1e-06,0.0
1,0.0019440650939941406,1,1,1e-06,0.0
1,0.002066373825073242,1,1,1e-06,0.0
1,0.002457141876220703,1,1,1e-06,0.0
1,0.001913309097290039,1,1,1e-06,0.0
1,0.002250194549560547,1,1,1e-06,0.0
1,0.0016443729400634766,1,1,1e-06,0.0
1,0.0014760494232177734,1,1,1e-06,0.0
1,0.0011894702911376953,1,1,1e-06,0.0
1,0.0011844635009765625,1,1,1e-06,0.0
1,0.002019643783569336,1,1,1e-06,0.0
1,0.002103567123413086,1,1,1e-06,0.0
1,0.001796722412109375,1,1,1e-06,0.0
1,0.0017731189727783203,1,1,1e-06,0.0
1,0.002313852310180664,1,1,1e-06,0.0
1,0.0032851696014404297,1,1,1e-06,0.0
1,0.0017955303192138672,1,1,1e-06,0.0
1,0.0019240379333496094,1,1,1e-06,0.0
1,0.0015845298767089844,1,1,1e-06,0.0
1,0.0015513896942138672,1,1,1e-06,0.0
1,0.0026934146881103516,1,1,1e-06,0.0
1,0.0053026676177978516,1,1,1e-06,0.0
1,0.002995014190673828,1,1,1e-06,0.0
1,0.015623331069946289,1,1,1e-06,0.0
1,0.0030829906463623047,1,1,1e-06,0.0
1,0.002724885940551758,1,1,1e-06,0.0
1,0.02440333366394043,1,1,1e-06,0.0
1,0.003709554672241211,1,1,1e-06,0.0
1,0.0018455982208251953,1,1,1e-06,0.0
1,0.0020368099212646484,1,1,1e-06,0.0
1,0.0026552677154541016,1,1,1e-06,0.0
1,0.0035009384155273438,1,1,1e-06,0.0
1,0.0048062801361083984,1,1,1e-06,0.0
1,0.0037412643432617188,1,1,1e-06,0.0
1,0.002000570297241211,1,1,1e-06,0.0
1,0.0030689239501953125,1,1,1e-06,0.0
1,0.003471851348876953,1,1,1e-06,0.0
1,0.0034592151641845703,1,1,1e-06,0.0
1,0.0033850669860839844,1,1,1e-06,0.0
1,0.002003908157348633,1,1,1e-06,0.0
1,0.0015087127685546875,1,1,1e-06,0.0
1,0.0027201175689697266,1,1,1e-06,0.0
1,0.002722024917602539,1,1,1e-06,0.0
1,0.0018589496612548828,1,1,1e-06,0.0
1,0.002337217330932617,1,1,1e-06,0.0
1,0.0031211376190185547,1,1,1e-06,0.0
1,0.0022237300872802734,1,1,1e-06,0.0
1,0.0023734569549560547,1,1,1e-06,0.0
1,0.008461236953735352,1,1,1e-06,0.0
1,0.0035593509674072266,1,1,1e-06,0.0
1,0.0032546520233154297,1,1,1e-06,0.0
1,0.0027818679809570312,1,1,1e-06,0.0
1,0.002606630325317383,1,1,1e-06,0.0
1,0.002033710479736328,1,1,1e-06,0.0
1,0.030611753463745117,1,1,1e-06,0.0
1,0.00269317626953125,1,1,1e-06,0.0
1,0.0017189979553222656,1,1,1e-06,0.0
1,0.001978158950805664,1,1,1e-06,0.0
1,0.002206087112426758,1,1,1e-06,0.0
1,0.002068758010864258,1,1,1e-06,0.0
1,0.0034894943237304688,1,1,1e-06,0.0
1,0.003077268600463867,1,1,1e-06,0.0
1,0.003995656967163086,1,1,1e-06,0.0
1,0.003587007522583008,1,1,1e-06,0.0
1,0.0019218921661376953,1,1,1e-06,0.0
1,0.0015435218811035156,1,1,1e-06,0.0
1,0.0025916099548339844,1,1,1e-06,0.0
1,0.0017261505126953125,1,1,1e-06,0.0
1,0.001566171646118164,1,1,1e-06,0.0
1,0.001725912094116211,1,1,1e-06,0.0
1,0.001650094985961914,1,1,1e-06,0.0
1,0.0019474029541015625,1,1,1e-06,0.0
1,0.0018181800842285156,1,1,1e-06,0.0
1,0.0017266273498535156,1,1,1e-06,0.0
1,0.0033135414123535156,1,1,1e-06,0.0
1,0.0019228458404541016,1,1,1e-06,0.0
1,0.00302886962890625,1,1,1e-06,0.0
0,1.0047683715820312,0,0,,0.0
1,0.0015370845794677734,1,1,1e-06,0.0
1,0.0023293495178222656,1,1,1e-06,0.0
1,0.0022051334381103516,1,1,1e-06,0.0
1,0.001756906509399414,1,1,1e-06,0.0
1,0.001619577407836914,1,1,1e-06,0.0
1,0.0015985965728759766,1,1,1e-06,0.0
1,0.0014264583587646484,1,1,1e-06,0.0
1,0.0015635490417480469,1,1,1e-06,0.0
1,0.0016977787017822266,1,1,1e-06,0.0
1,0.001367807388305664,1,1,1e-06,0.0
1,0.0013794898986816406,1,1,1e-06,0.0
1,0.0015974044799804688,1,1,1e-06,0.0
1,0.005353689193725586,1,1,1e-06,0.0
1,0.0023183822631835938,1,1,1e-06,0.0
1,0.0014455318450927734,1,1,1e-06,0.0
1,0.002588033676147461,1,1,1e-06,0.0
1,0.001798391342163086,1,1,1e-06,0.0
1,0.0034601688385009766,1,1,1e-06,0.0
1,0.0022363662719726562,1,1,1e-06,0.0
1,0.0018305778503417969,1,1,1e-06,0.0
1,0.002175569534301758,1,1,1e-06,0.0
1,0.002217531204223633,1,1,1e-06,0.0
1,0.002309083938598633,1,1,1e-06,0.0
1,0.004884958267211914,1,1,1e-06,0.0
1,0.003531932830810547,1,1,1e-06,0.0
1,0.004926443099975586,1,1,1e-06,0.0
1,0.0034461021423339844,1,1,1e-06,0.0
1,0.044156551361083984,1,1,1e-06,0.0
1,0.005127429962158203,1,1,1e-06,0.0
1,0.0035037994384765625,1,1,1e-06,0.0
1,0.003414154052734375,1,1,1e-06,0.0
1,0.003456592559814453,1,1,1e-06,0.0
1,0.0029125213623046875,1,1,1e-06,0.0
1,0.012596368789672852,1,1,1e-06,0.0
1,0.0018634796142578125,1,1,1e-06,0.0
1,0.0024254322052001953,1,1,1e-06,0.0
1,0.002413511276245117,1,1,1e-06,0.0
1,0.009584665298461914,1,1,1e-06,0.0
1,0.002148866653442383,1,1,1e-06,0.0
1,0.0015807151794433594,1,1,1e-06,0.0
1,0.0016474723815917969,1,1,1e-06,0.0
1,0.0030591487884521484,1,1,1e-06,0.0
1,0.9389543533325195,1,1,1e-06,0.0
1,0.003276824951171875,1,1,1e-06,0.0
1,0.0023567676544189453,1,1,1e-06,0.0
1,0.0035860538482666016,1,1,1e-06,0.0
1,0.0026280879974365234,1,1,1e-06,0.0
1,0.0017900466918945312,1,1,1e-06,0.0
1,0.0017614364624023438,1,1,1e-06,0.0
1,0.002496480941772461,1,1,1e-06,0.0
1,0.00217437744140625,1,1,1e-06,0.0
1,0.002947568893432617,1,1,1e-06,0.0
1,0.0027124881744384766,1,1,1e-06,0.0
1,0.0032341480255126953,1,1,1e-06,0.0
1,0.01866459846496582,1,1,1e-06,0.0
1,0.0028095245361328125,1,1,1e-06,0.0
1,0.00384521484375,1,1,1e-06,0.0
1,0.012479782104492188,1,1,1e-06,0.0
1,0.003942966461181641,1,1,1e-06,0.0
1,0.04800558090209961,1,1,1e-06,0.0
1,0.004012584686279297,1,1,1e-06,0.0
1,0.006651163101196289,1,1,1e-06,0.0
1,0.005639314651489258,1,1,1e-06,0.0
1,0.010882139205932617,1,1,1e-06,0.0
1,0.005561351776123047,1,1,1e-06,0.0
1,0.004985332489013672,1,1,1e-06,0.0
1,0.006187915802001953,1,1,1e-06,0.0
1,0.029160022735595703,1,1,1e-06,0.0
1,0.0024678707122802734,1,1,1e-06,0.0
1,0.011661529541015625,1,1,1e-06,0.0
1,0.002288341522216797,1,1,1e-06,0.0
1,0.001964569091796875,1,1,1e-06,0.0
1,0.0022814273834228516,1,1,1e-06,0.0
1,0.002583026885986328,1,1,1e-06,0.0
1,0.0023326873779296875,1,1,1e-06,0.0
1,0.0019397735595703125,1,1,1e-06,0.0
1,0.002020120620727539,1,1,1e-06,0.0
1,0.0018982887268066406,1,1,1e-06,0.0
1,0.0015614032745361328,1,1,1e-06,0.0
1,0.0014271736145019531,1,1,1e-06,0.0
1,0.004453897476196289,1,1,1e-06,0.0
1,0.0019283294677734375,1,1,1e-06,0.0
1,0.0014977455139160156,1,1,1e-06,0.0
1,0.0017135143280029297,1,1,1e-06,0.0
1,0.0017728805541992188,1,1,1e-06,0.0
1,0.0020673274993896484,1,1,1e-06,0.0
1,0.0018620491027832031,1,1,1e-06,0.0
1,0.0018162727355957031,1,1,1e-06,0.0
1,0.02091050148010254,1,1,1e-06,0.0
1,0.0020165443420410156,1,1,1e-06,0.0
1,0.0015101432800292969,1,1,1e-06,0.0
1,0.0016460418701171875,1,1,1e-06,0.0
1,0.001615285873413086,1,1,1e-06,0.0
1,0.0026934146881103516,1,1,1e-06,0.0
1,0.0019121170043945312,1,1,1e-06,0.0
1,0.00185394287109375,1,1,1e-06,0.0
1,0.0016682147979736328,1,1,1e-06,0.0
1,0.0037801265716552734,1,1,1e-06,0.0
1,0.002056121826171875,1,1,1e-06,0.0
1,0.0025675296783447266,1,1,1e-06,0.0
1,0.0024983882904052734,1,1,1e-06,0.0
1,0.0024166107177734375,1,1,1e-06,0.0
1,0.0020859241485595703,1,1,1e-06,0.0
1,0.002935647964477539,1,1,1e-06,0.0
1,0.0017414093017578125,1,1,1e-06,0.0
1,0.0015745162963867188,1,1,1e-06,0.0
1,0.002132892608642578,1,1,1e-06,0.0
1,0.0018906593322753906,1,1,1e-06,0.0
1,0.0016257762908935547,1,1,1e-06,0.0
1,0.002083301544189453,1,1,1e-06,0.0
1,0.003371715545654297,1,1,1e-06,0.0
1,0.0029120445251464844,1,1,1e-06,0.0
1,0.0023887157440185547,1,1,1e-06,0.0
1,0.0027844905853271484,1,1,1e-06,0.0
1,0.0020377635955810547,1,1,1e-06,0.0
1,0.0020020008087158203,1,1,1e-06,0.0
1,0.00194549560546875,1,1,1e-06,0.0
1,0.003666400909423828,1,1,1e-06,0.0
1,0.014942407608032227,1,1,1e-06,0.0
1,0.001918792724609375,1,1,1e-06,0.0
1,0.0020852088928222656,1,1,1e-06,0.0
1,0.014586687088012695,1,1,1e-06,0.0
1,0.0019216537475585938,1,1,1e-06,0.0
1,0.0018227100372314453,1,1,1e-06,0.0
1,0.0024650096893310547,1,1,1e-06,0.0
1,0.0020656585693359375,1,1,1e-06,0.0
1,0.002469778060913086,1,1,1e-06,0.0
1,0.002858400344848633,1,1,1e-06,0.0
1,0.0020329952239990234,1,1,1e-06,0.0
1,0.0018727779388427734,1,1,1e-06,0.0
1,0.0023632049560546875,1,1,1e-06,0.0
1,0.003042936325073242,1,1,1e-06,0.0
1,0.0038039684295654297,1,1,1e-06,0.0
1,0.0018336772918701172,1,1,1e-06,0.0
1,0.0022149085998535156,1,1,1e-06,0.0
1,0.002030611038208008,1,1,1e-06,0.0
1,0.0023910999298095703,1,1,1e-06,0.0
1,0.002155780792236328,1,1,1e-06,0.0
1,0.0029065608978271484,1,1,1e-06,0.0
1,0.0021729469299316406,1,1,1e-06,0.0
1,0.00404667854309082,1,1,1e-06,0.0
1,0.0061872005462646484,1,1,1e-06,0.0
1,0.003984212875366211,1,1,1e-06,0.0
1,0.002695322036743164,1,1,1e-06,0.0
1,0.002541065216064453,1,1,1e-06,0.0
1,0.002393960952758789,1,1,1e-06,0.0
1,0.002725839614868164,1,1,1e-06,0.0
1,0.0019960403442382812,1,1,1e-06,0.0
1,0.002835512161254883,1,1,1e-06,0.0
1,0.0040454864501953125,1,1,1e-06,0.0
1,0.00476527214050293,1,1,1e-06,0.0
1,0.0032205581665039062,1,1,1e-06,0.0
1,0.004997968673706055,1,1,1e-06,0.0
1,0.002601146697998047,1,1,1e-06,0.0
1,0.0038480758666992188,1,1,1e-06,0.0
1,0.003915548324584961,1,1,1e-06,0.0
1,0.0018701553344726562,1,1,1e-06,0.0
1,0.002409696578979492,1,1,1e-06,0.0
1,0.0020160675048828125,1,1,1e-06,0.0
1,0.0018575191497802734,1,1,1e-06,0.0
1,0.00171661376953125,1,1,1e-06,0.0
1,0.001903533935546875,1,1,1e-06,0.0
1,0.002201557159423828,1,1,1e-06,0.0
1,0.0025115013122558594,1,1,1e-06,0.0
1,0.0022263526916503906,1,1,1e-06,0.0
1,0.0030901432037353516,1,1,1e-06,0.0
1,0.002355337142944336,1,1,1e-06,0.0
1,0.001981019973754883,1,1,1e-06,0.0
1,0.002090930938720703,1,1,1e-06,0.0
1,0.0030710697174072266,1,1,1e-06,0.0
1,0.045675039291381836,1,1,1e-06,0.0
1,0.013337850570678711,1,1,1e-06,0.0
1,0.002564668655395508,1,1,1e-06,0.0
1,0.003519773483276367,1,1,1e-06,0.0
1,0.0027997493743896484,1,1,1e-06,0.0
1,0.0034096240997314453,1,1,1e-06,0.0
1,0.0018355846405029297,1,1,1e-06,0.0
1,0.0017294883728027344,1,1,1e-06,0.0
1,0.0022461414337158203,1,1,1e-06,0.0
1,0.0030739307403564453,1,1,1e-06,0.0
1,0.0039250850677490234,1,1,1e-06,0.0
1,0.0030629634857177734,1,1,1e-06,0.0
1,0.0037255287170410156,1,1,1e-06,0.0
1,0.004912614822387695,1,1,1e-06,0.0
1,0.005526304244995117,1,1,1e-06,0.0
1,0.005770444869995117,1,1,1e-06,0.0
1,0.006405353546142578,1,1,1e-06,0.0
1,0.00736689567565918,1,1,1e-06,0.0
1,0.003591775894165039,1,1,1e-06,0.0
1,0.004951953887939453,1,1,1e-06,0.0
1,0.024908065795898438,1,1,1e-06,0.0
1,0.0019714832305908203,1,1,1e-06,0.0
1,0.00176239013671875,1,1,1e-06,0.0
1,0.0025942325592041016,1,1,1e-06,0.0
1,0.002357006072998047,1,1,1e-06,0.0
1,0.0023412704467773438,1,1,1e-06,0.0
1,0.005480289459228516,1,1,1e-06,0.0
1,0.00197601318359375,1,1,1e-06,0.0
1,0.0037641525268554688,1,1,1e-06,0.0
1,0.0063571929931640625,1,1,1e-06,0.0
1,0.0033435821533203125,1,1,1e-06,0.0
1,0.0022368431091308594,1,1,1e-06,0.0
1,0.0036139488220214844,1,1,1e-06,0.0
1,0.0043430328369140625,1,1,1e-06,0.0
1,0.004503965377807617,1,1,1e-06,0.0
1,0.005744457244873047,1,1,1e-06,0.0
1,0.0019621849060058594,1,1,1e-06,0.0
1,0.03071761131286621,1,1,1e-06,0.0
1,0.0028078556060791016,1,1,1e-06,0.0
1,0.0033457279205322266,1,1,1e-06,0.0
1,0.003094911575317383,1,1,1e-06,0.0
1,0.0033316612243652344,1,1,1e-06,0.0
1,0.00815439224243164,1,1,1e-06,0.0
1,0.12541532516479492,1,1,1e-06,0.0
1,0.002775430679321289,1,1,1e-06,0.0
1,0.07115530967712402,1,1,1e-06,0.0
1,0.0025548934936523438,1,1,1e-06,0.0
1,0.002756357192993164,1,1,1e-06,0.0
1,0.004800319671630859,1,1,1e-06,0.0
1,0.008474349975585938,1,1,1e-06,0.0
1,0.003676176071166992,1,1,1e-06,0.0
1,0.002081155776977539,1,1,1e-06,0.0
1,0.0026328563690185547,1,1,1e-06,0.0
1,0.011234521865844727,1,1,1e-06,0.0
1,0.0028612613677978516,1,1,1e-06,0.0
1,0.002229928970336914,1,1,1e-06,0.0
1,0.002686023712158203,1,1,1e-06,0.0
1,0.010442256927490234,1,1,1e-06,0.0
1,0.0026862621307373047,1,1,1e-06,0.0
1,0.00799560546875,1,1,1e-06,0.0
1,0.005461454391479492,1,1,1e-06,0.0
1,0.0033354759216308594,1,1,1e-06,0.0
1,0.0035991668701171875,1,1,1e-06,0.0
1,0.009076833724975586,1,1,1e-06,0.0
1,0.003306150436401367,1,1,1e-06,0.0
1,0.01211404800415039,1,1,1e-06,0.0
1,0.0030477046966552734,1,1,1e-06,0.0
1,0.0038902759552001953,1,1,1e-06,0.0
1,0.008154869079589844,1,1,1e-06,0.0
1,0.0059642791748046875,1,1,1e-06,0.0
1,0.0035691261291503906,1,1,1e-06,0.0
1,0.003964424133300781,1,1,1e-06,0.0
1,0.004193782806396484,1,1,1e-06,0.0
1,0.007949590682983398,1,1,1e-06,0.0
1,0.0032873153686523438,1,1,1e-06,0.0
1,0.003046751022338867,1,1,1e-06,0.0
1,0.008673429489135742,1,1,1e-06,0.0
1,0.006926774978637695,1,1,1e-06,0.0
1,0.008422613143920898,1,1,1e-06,0.0
1,0.006911754608154297,1,1,1e-06,0.0
1,0.0035085678100585938,1,1,1e-06,0.0
1,0.002793550491333008,1,1,1e-06,0.0
1,0.010537385940551758,1,1,1e-06,0.0
1,0.022682905197143555,1,1,1e-06,0.0
1,0.002402782440185547,1,1,1e-06,0.0
1,0.0048520565032958984,1,1,1e-06,0.0
1,0.003512144088745117,1,1,1e-06,0.0
1,0.007434368133544922,1,1,1e-06,0.0
1,0.0031249523162841797,1,1,1e-06,0.0
0,1.003673791885376,0,0,,0.0
1,0.0022776126861572266,1,1,1e-06,0.0
1,0.002693653106689453,1,1,1e-06,0.0
1,0.0028128623962402344,1,1,1e-06,0.0
1,0.002198934555053711,1,1,1e-06,0.0
1,0.0019145011901855469,1,1,1e-06,0.0
1,0.0026214122772216797,1,1,1e-06,0.0
1,0.0021543502807617188,1,1,1e-06,0.0
1,0.002420663833618164,1,1,1e-06,0.0
1,0.004235744476318359,1,1,1e-06,0.0
0,1.0081796646118164,0,0,,0.0
1,0.0024843215942382812,1,1,1e-06,0.0
1,0.0036122798919677734,1,1,1e-06,0.0
1,0.015397787094116211,1,1,1e-06,0.0
1,0.0028531551361083984,1,1,1e-06,0.0
1,0.0022242069244384766,1,1,1e-06,0.0
1,0.0018458366394042969,1,1,1e-06,0.0
1,0.018939495086669922,1,1,1e-06,0.0
1,0.004143238067626953,1,1,1e-06,0.0
1,0.0027141571044921875,1,1,1e-06,0.0
1,0.002644777297973633,1,1,1e-06,0.0
1,0.00331878662109375,1,1,1e-06,0.0
1,0.0023741722106933594,1,1,1e-06,0.0
1,0.002891063690185547,1,1,1e-06,0.0
1,0.0024640560150146484,1,1,1e-06,0.0
1,0.0029637813568115234,1,1,1e-06,0.0
1,0.0033884048461914062,1,1,1e-06,0.0
1,0.0029320716857910156,1,1,1e-06,0.0
1,0.03134799003601074,1,1,1e-06,0.0
1,0.0020241737365722656,1,1,1e-06,0.0
1,0.0022344589233398438,1,1,1e-06,0.0
1,0.0024480819702148438,1,1,1e-06,0.0
1,0.004180908203125,1,1,1e-06,0.0
1,0.006651639938354492,1,1,1e-06,0.0
1,0.0037276744842529297,1,1,1e-06,0.0
1,0.002422332763671875,1,1,1e-06,0.0
1,0.0028340816497802734,1,1,1e-06,0.0
1,0.0040340423583984375,1,1,1e-06,0.0
1,0.024975299835205078,1,1,1e-06,0.0
1,0.004022359848022461,1,1,1e-06,0.0
1,0.0059661865234375,1,1,1e-06,0.0
1,0.0036041736602783203,1,1,1e-06,0.0
1,0.0033299922943115234,1,1,1e-06,0.0
1,0.005542755126953125,1,1,1e-06,0.0
1,0.005620241165161133,1,1,1e-06,0.0
1,0.003709554672241211,1,1,1e-06,0.0
1,0.004124879837036133,1,1,1e-06,0.0
1,0.007437229156494141,1,1,1e-06,0.0
1,0.004370689392089844,1,1,1e-06,0.0
1,0.008372306823730469,1,1,1e-06,0.0
1,0.009426593780517578,1,1,1e-06,0.0
1,0.005290031433105469,1,1,1e-06,0.0
1,0.00479435920715332,1,1,1e-06,0.0
1,0.007126569747924805,1,1,1e-06,0.0
1,0.005627870559692383,1,1,1e-06,0.0
1,0.006227970123291016,1,1,1e-06,0.0
1,0.007127046585083008,1,1,1e-06,0.0
1,0.0020821094512939453,1,1,1e-06,0.0
1,0.0027723312377929688,1,1,1e-06,0.0
1,0.02554178237915039,1,1,1e-06,0.0
1,0.002287149429321289,1,1,1e-06,0.0
1,0.0027151107788085938,1,1,1e-06,0.0
1,0.0031042098999023438,1,1,1e-06,0.0
1,0.004064083099365234,1,1,1e-06,0.0
1,0.002797842025756836,1,1,1e-06,0.0
1,0.003643512725830078,1,1,1e-06,0.0
1,0.004024505615234375,1,1,1e-06,0.0
1,0.004903316497802734,1,1,1e-06,0.0
1,0.004380464553833008,1,1,1e-06,0.0
1,0.003057241439819336,1,1,1e-06,0.0
1,0.006899118423461914,1,1,1e-06,0.0
1,0.002785205841064453,1,1,1e-06,0.0
1,0.0024230480194091797,1,1,1e-06,0.0
1,0.0024306774139404297,1,1,1e-06,0.0
1,0.0016028881072998047,1,1,1e-06,0.0
1,0.0022535324096679688,1,1,1e-06,0.0
1,0.0044667720794677734,1,1,1e-06,0.0
1,0.001962900161743164,1,1,1e-06,0.0
1,0.01071023941040039,1,1,1e-06,0.0
1,0.001577138900756836,1,1,1e-06,0.0
1,0.0022058486938476562,1,1,1e-06,0.0
1,0.002881288528442383,1,1,1e-06,0.0
1,0.0022699832916259766,1,1,1e-06,0.0
1,0.0025937557220458984,1,1,1e-06,0.0
1,0.002424001693725586,1,1,1e-06,0.0
1,0.0027778148651123047,1,1,1e-06,0.0
1,0.004969120025634766,1,1,1e-06,0.0
1,0.013073921203613281,1,1,1e-06,0.0
1,0.0032148361206054688,1,1,1e-06,0.0
1,0.0029859542846679688,1,1,1e-06,0.0
1,0.0038886070251464844,1,1,1e-06,0.0
1,0.026094675064086914,1,1,1e-06,0.0
1,0.0021409988403320312,1,1,1e-06,0.0
1,0.002184629440307617,1,1,1e-06,0.0
1,0.002598285675048828,1,1,1e-06,0.0
1,0.002279996871948242,1,1,1e-06,0.0
1,0.0024743080139160156,1,1,1e-06,0.0
1,0.0022177696228027344,1,1,1e-06,0.0
1,0.0031952857971191406,1,1,1e-06,0.0
