success,solve_time,solution_count,iterations,residual,diversity
1,0.007399559020996094,1,1,1e-06,0.0
1,0.0067005157470703125,1,1,1e-06,0.0
1,0.005188703536987305,1,1,1e-06,0.0
1,0.023622989654541016,1,1,1e-06,0.0
1,0.007362842559814453,1,1,1e-06,0.0
1,0.005132436752319336,1,1,1e-06,0.0
1,0.005763053894042969,1,1,1e-06,0.0
1,0.0031037330627441406,1,1,1e-06,0.0
1,0.002956867218017578,1,1,1e-06,0.0
1,0.006402730941772461,1,1,1e-06,0.0
1,0.0043718814849853516,1,1,1e-06,0.0
1,0.03221607208251953,1,1,1e-06,0.0
1,0.03603553771972656,1,1,1e-06,0.0
1,0.0024814605712890625,1,1,1e-06,0.0
1,0.04407334327697754,1,1,1e-06,0.0
1,0.0506596565246582,1,1,1e-06,0.0
1,0.00345611572265625,1,1,1e-06,0.0
1,0.0058209896087646484,1,1,1e-06,0.0
1,0.003063678741455078,1,1,1e-06,0.0
1,0.012248039245605469,1,1,1e-06,0.0
1,0.002305746078491211,1,1,1e-06,0.0
1,0.0018458366394042969,1,1,1e-06,0.0
1,0.004324436187744141,1,1,1e-06,0.0
1,0.01446676254272461,1,1,1e-06,0.0
1,0.0057947635650634766,1,1,1e-06,0.0
1,0.008495807647705078,1,1,1e-06,0.0
1,0.003040790557861328,1,1,1e-06,0.0
1,0.0036954879760742188,1,1,1e-06,0.0
1,0.0028972625732421875,1,1,1e-06,0.0
1,0.002442598342895508,1,1,1e-06,0.0
1,0.0024573802947998047,1,1,1e-06,0.0
1,0.0032930374145507812,1,1,1e-06,0.0
1,0.018514156341552734,1,1,1e-06,0.0
1,0.003222942352294922,1,1,1e-06,0.0
1,0.02647686004638672,1,1,1e-06,0.0
1,0.016005277633666992,1,1,1e-06,0.0
1,0.0038635730743408203,1,1,1e-06,0.0
1,0.002208709716796875,1,1,1e-06,0.0
1,0.0022890567779541016,1,1,1e-06,0.0
1,0.004093170166015625,1,1,1e-06,0.0
1,0.003297090530395508,1,1,1e-06,0.0
1,0.002371072769165039,1,1,1e-06,0.0
1,0.0028548240661621094,1,1,1e-06,0.0
1,0.0022351741790771484,1,1,1e-06,0.0
1,0.006196022033691406,1,1,1e-06,0.0
1,0.004453182220458984,1,1,1e-06,0.0
1,0.0020036697387695312,1,1,1e-06,0.0
1,0.002295970916748047,1,1,1e-06,0.0
1,0.002597808837890625,1,1,1e-06,0.0
1,0.016269683837890625,1,1,1e-06,0.0
1,0.0030460357666015625,1,1,1e-06,0.0
1,0.003687143325805664,1,1,1e-06,0.0
1,0.004732847213745117,1,1,1e-06,0.0
1,0.024073123931884766,1,1,1e-06,0.0
1,0.024447917938232422,1,1,1e-06,0.0
1,0.002847433090209961,1,1,1e-06,0.0
1,0.0027534961700439453,1,1,1e-06,0.0
1,0.004056215286254883,1,1,1e-06,0.0
1,0.003660440444946289,1,1,1e-06,0.0
1,0.004400730133056641,1,1,1e-06,0.0
1,0.02444624900817871,1,1,1e-06,0.0
1,0.00782322883605957,1,1,1e-06,0.0
1,0.0026237964630126953,1,1,1e-06,0.0
1,0.0029244422912597656,1,1,1e-06,0.0
1,0.018179655075073242,1,1,1e-06,0.0
1,0.0037238597869873047,1,1,1e-06,0.0
1,0.0026357173919677734,1,1,1e-06,0.0
1,0.0025451183319091797,1,1,1e-06,0.0
1,0.0033371448516845703,1,1,1e-06,0.0
1,0.0022783279418945312,1,1,1e-06,0.0
1,0.0023355484008789062,1,1,1e-06,0.0
1,0.002997159957885742,1,1,1e-06,0.0
1,0.003618955612182617,1,1,1e-06,0.0
1,0.0497441291809082,1,1,1e-06,0.0
1,0.0022416114807128906,1,1,1e-06,0.0
1,0.0033583641052246094,1,1,1e-06,0.0
1,0.0026595592498779297,1,1,1e-06,0.0
1,0.0021276473999023438,1,1,1e-06,0.0
1,0.0050127506256103516,1,1,1e-06,0.0
1,0.0035424232482910156,1,1,1e-06,0.0
1,0.003188610076904297,1,1,1e-06,0.0
1,0.002595663070678711,1,1,1e-06,0.0
1,0.0025086402893066406,1,1,1e-06,0.0
1,0.0024476051330566406,1,1,1e-06,0.0
1,0.006067991256713867,1,1,1e-06,0.0
1,0.0031790733337402344,1,1,1e-06,0.0
1,0.015257835388183594,1,1,1e-06,0.0
1,0.0033338069915771484,1,1,1e-06,0.0
1,0.021333932876586914,1,1,1e-06,0.0
1,0.005948543548583984,1,1,1e-06,0.0
1,0.0040667057037353516,1,1,1e-06,0.0
1,0.0027670860290527344,1,1,1e-06,0.0
1,0.0025985240936279297,1,1,1e-06,0.0
1,0.002763032913208008,1,1,1e-06,0.0
1,0.0022835731506347656,1,1,1e-06,0.0
1,0.002730131149291992,1,1,1e-06,0.0
1,0.004243135452270508,1,1,1e-06,0.0
1,0.05587434768676758,1,1,1e-06,0.0
1,0.0030679702758789062,1,1,1e-06,0.0
1,0.017079591751098633,1,1,1e-06,0.0
1,0.0030074119567871094,1,1,1e-06,0.0
1,0.002254486083984375,1,1,1e-06,0.0
1,0.002476930618286133,1,1,1e-06,0.0
1,0.0022156238555908203,1,1,1e-06,0.0
1,0.013664722442626953,1,1,1e-06,0.0
1,0.0022156238555908203,1,1,1e-06,0.0
1,0.003764629364013672,1,1,1e-06,0.0
1,0.002614736557006836,1,1,1e-06,0.0
1,0.004549264907836914,1,1,1e-06,0.0
1,0.02148890495300293,1,1,1e-06,0.0
1,0.0028655529022216797,1,1,1e-06,0.0
1,0.003086566925048828,1,1,1e-06,0.0
1,0.003175973892211914,1,1,1e-06,0.0
1,0.004268646240234375,1,1,1e-06,0.0
1,0.002779245376586914,1,1,1e-06,0.0
1,0.0033376216888427734,1,1,1e-06,0.0
1,0.002895832061767578,1,1,1e-06,0.0
1,0.0025687217712402344,1,1,1e-06,0.0
1,0.0029997825622558594,1,1,1e-06,0.0
1,0.04078102111816406,1,1,1e-06,0.0
1,0.0021369457244873047,1,1,1e-06,0.0
1,0.0026702880859375,1,1,1e-06,0.0
1,0.004113912582397461,1,1,1e-06,0.0
1,0.002464771270751953,1,1,1e-06,0.0
1,0.0032999515533447266,1,1,1e-06,0.0
1,0.0033402442932128906,1,1,1e-06,0.0
1,0.002956390380859375,1,1,1e-06,0.0
1,0.0035164356231689453,1,1,1e-06,0.0
1,0.003667116165161133,1,1,1e-06,0.0
1,0.003457307815551758,1,1,1e-06,0.0
1,0.0040929317474365234,1,1,1e-06,0.0
1,0.0036017894744873047,1,1,1e-06,0.0
1,0.0028362274169921875,1,1,1e-06,0.0
1,0.0097503662109375,1,1,1e-06,0.0
1,0.002439737319946289,1,1,1e-06,0.0
1,0.002847909927368164,1,1,1e-06,0.0
1,0.0047190189361572266,1,1,1e-06,0.0
1,0.01654958724975586,1,1,1e-06,0.0
1,0.002513408660888672,1,1,1e-06,0.0
1,0.0022325515747070312,1,1,1e-06,0.0
1,0.004436016082763672,1,1,1e-06,0.0
1,0.04851365089416504,1,1,1e-06,0.0
1,0.0030269622802734375,1,1,1e-06,0.0
1,0.008068084716796875,1,1,1e-06,0.0
1,0.0034942626953125,1,1,1e-06,0.0
1,0.00449371337890625,1,1,1e-06,0.0
1,0.0027620792388916016,1,1,1e-06,0.0
1,0.0024530887603759766,1,1,1e-06,0.0
1,0.0033228397369384766,1,1,1e-06,0.0
1,0.0046384334564208984,1,1,1e-06,0.0
1,0.004312992095947266,1,1,1e-06,0.0
1,0.0059201717376708984,1,1,1e-06,0.0
1,0.005414485931396484,1,1,1e-06,0.0
1,0.006184101104736328,1,1,1e-06,0.0
1,0.006276369094848633,1,1,1e-06,0.0
1,0.004146575927734375,1,1,1e-06,0.0
1,0.005011081695556641,1,1,1e-06,0.0
1,0.0057713985443115234,1,1,1e-06,0.0
1,0.0449066162109375,1,1,1e-06,0.0
1,0.004907846450805664,1,1,1e-06,0.0
1,0.002560853958129883,1,1,1e-06,0.0
1,0.001837015151977539,1,1,1e-06,0.0
1,0.002586841583251953,1,1,1e-06,0.0
1,0.02294611930847168,1,1,1e-06,0.0
1,0.0021207332611083984,1,1,1e-06,0.0
1,0.002070188522338867,1,1,1e-06,0.0
1,0.0016562938690185547,1,1,1e-06,0.0
1,0.001573324203491211,1,1,1e-06,0.0
1,0.002424955368041992,1,1,1e-06,0.0
1,0.0021975040435791016,1,1,1e-06,0.0
1,0.00194549560546875,1,1,1e-06,0.0
1,0.0017366409301757812,1,1,1e-06,0.0
1,0.0018417835235595703,1,1,1e-06,0.0
1,0.0074770450592041016,1,1,1e-06,0.0
1,0.0020439624786376953,1,1,1e-06,0.0
1,0.01285409927368164,1,1,1e-06,0.0
1,0.0027036666870117188,1,1,1e-06,0.0
1,0.0020809173583984375,1,1,1e-06,0.0
1,0.0016052722930908203,1,1,1e-06,0.0
1,0.0020079612731933594,1,1,1e-06,0.0
1,0.0042285919189453125,1,1,1e-06,0.0
1,0.0018770694732666016,1,1,1e-06,0.0
1,0.005075693130493164,1,1,1e-06,0.0
1,0.001986980438232422,1,1,1e-06,0.0
1,0.0017368793487548828,1,1,1e-06,0.0
1,0.0017237663269042969,1,1,1e-06,0.0
1,0.001982450485229492,1,1,1e-06,0.0
1,0.010667800903320312,1,1,1e-06,0.0
1,0.002001523971557617,1,1,1e-06,0.0
1,0.0019559860229492188,1,1,1e-06,0.0
1,0.020451068878173828,1,1,1e-06,0.0
1,0.013066768646240234,1,1,1e-06,0.0
1,0.0020627975463867188,1,1,1e-06,0.0
1,0.0024840831756591797,1,1,1e-06,0.0
1,0.002820253372192383,1,1,1e-06,0.0
1,0.0034914016723632812,1,1,1e-06,0.0
1,0.002157449722290039,1,1,1e-06,0.0
1,0.002639293670654297,1,1,1e-06,0.0
1,0.0019199848175048828,1,1,1e-06,0.0
1,0.0020902156829833984,1,1,1e-06,0.0
1,0.0019905567169189453,1,1,1e-06,0.0
1,0.0021893978118896484,1,1,1e-06,0.0
1,0.0028328895568847656,1,1,1e-06,0.0
1,0.002228975296020508,1,1,1e-06,0.0
1,0.002393007278442383,1,1,1e-06,0.0
1,0.002301931381225586,1,1,1e-06,0.0
1,0.0016541481018066406,1,1,1e-06,0.0
1,0.002097606658935547,1,1,1e-06,0.0
1,0.002577066421508789,1,1,1e-06,0.0
1,0.003168821334838867,1,1,1e-06,0.0
1,0.020779132843017578,1,1,1e-06,0.0
1,0.0023314952850341797,1,1,1e-06,0.0
1,0.002039194107055664,1,1,1e-06,0.0
1,0.0021233558654785156,1,1,1e-06,0.0
1,0.0017735958099365234,1,1,1e-06,0.0
1,0.0021762847900390625,1,1,1e-06,0.0
1,0.0026607513427734375,1,1,1e-06,0.0
1,0.004794597625732422,1,1,1e-06,0.0
1,0.002236604690551758,1,1,1e-06,0.0
1,0.002034425735473633,1,1,1e-06,0.0
1,0.0019249916076660156,1,1,1e-06,0.0
1,0.0016701221466064453,1,1,1e-06,0.0
1,0.002431154251098633,1,1,1e-06,0.0
1,0.0036051273345947266,1,1,1e-06,0.0
1,0.0021886825561523438,1,1,1e-06,0.0
1,0.052568912506103516,1,1,1e-06,0.0
1,0.004298686981201172,1,1,1e-06,0.0
1,0.005283355712890625,1,1,1e-06,0.0
1,0.011426925659179688,1,1,1e-06,0.0
1,0.0028624534606933594,1,1,1e-06,0.0
1,0.0054509639739990234,1,1,1e-06,0.0
1,0.023782730102539062,1,1,1e-06,0.0
1,0.002027273178100586,1,1,1e-06,0.0
1,0.0019314289093017578,1,1,1e-06,0.0
1,0.04268598556518555,1,1,1e-06,0.0
1,0.0023572444915771484,1,1,1e-06,0.0
1,0.0017557144165039062,1,1,1e-06,0.0
1,0.01246786117553711,1,1,1e-06,0.0
1,0.0029878616333007812,1,1,1e-06,0.0
1,0.0019524097442626953,1,1,1e-06,0.0
1,0.01905679702758789,1,1,1e-06,0.0
1,0.023872852325439453,1,1,1e-06,0.0
1,0.0022172927856445312,1,1,1e-06,0.0
1,0.0019309520721435547,1,1,1e-06,0.0
1,0.00644373893737793,1,1,1e-06,0.0
1,0.004223346710205078,1,1,1e-06,0.0
1,0.013219118118286133,1,1,1e-06,0.0
1,0.012026786804199219,1,1,1e-06,0.0
1,0.0024356842041015625,1,1,1e-06,0.0
1,0.00546717643737793,1,1,1e-06,0.0
1,0.002203226089477539,1,1,1e-06,0.0
1,0.0025386810302734375,1,1,1e-06,0.0
1,0.0017719268798828125,1,1,1e-06,0.0
1,0.00632023811340332,1,1,1e-06,0.0
1,0.002610445022583008,1,1,1e-06,0.0
1,0.0024046897888183594,1,1,1e-06,0.0
1,0.0022797584533691406,1,1,1e-06,0.0
1,0.0023839473724365234,1,1,1e-06,0.0
1,0.0022351741790771484,1,1,1e-06,0.0
1,0.0023746490478515625,1,1,1e-06,0.0
1,0.003226757049560547,1,1,1e-06,0.0
1,0.0029456615447998047,1,1,1e-06,0.0
1,0.0020694732666015625,1,1,1e-06,0.0
1,0.0021431446075439453,1,1,1e-06,0.0
1,0.0019154548645019531,1,1,1e-06,0.0
1,0.0018372535705566406,1,1,1e-06,0.0
1,0.0034210681915283203,1,1,1e-06,0.0
1,0.00513148307800293,1,1,1e-06,0.0
1,0.003796100616455078,1,1,1e-06,0.0
1,0.01364898681640625,1,1,1e-06,0.0
1,0.0022385120391845703,1,1,1e-06,0.0
1,0.0021119117736816406,1,1,1e-06,0.0
1,0.001953601837158203,1,1,1e-06,0.0
1,0.0022284984588623047,1,1,1e-06,0.0
1,0.002711772918701172,1,1,1e-06,0.0
1,0.007096052169799805,1,1,1e-06,0.0
1,0.004369497299194336,1,1,1e-06,0.0
1,0.002079486846923828,1,1,1e-06,0.0
1,0.0024602413177490234,1,1,1e-06,0.0
1,0.002546548843383789,1,1,1e-06,0.0
1,0.002148151397705078,1,1,1e-06,0.0
1,0.0023124217987060547,1,1,1e-06,0.0
1,0.0018951892852783203,1,1,1e-06,0.0
1,0.0021011829376220703,1,1,1e-06,0.0
1,0.0019431114196777344,1,1,1e-06,0.0
1,0.003156900405883789,1,1,1e-06,0.0
1,0.0027043819427490234,1,1,1e-06,0.0
1,0.02396988868713379,1,1,1e-06,0.0
1,0.0045740604400634766,1,1,1e-06,0.0
1,0.006638526916503906,1,1,1e-06,0.0
1,0.00186920166015625,1,1,1e-06,0.0
1,0.002051830291748047,1,1,1e-06,0.0
1,0.0022034645080566406,1,1,1e-06,0.0
1,0.0021059513092041016,1,1,1e-06,0.0
1,0.013390302658081055,1,1,1e-06,0.0
1,0.0025625228881835938,1,1,1e-06,0.0
1,0.005914926528930664,1,1,1e-06,0.0
1,0.002826690673828125,1,1,1e-06,0.0
1,0.002803325653076172,1,1,1e-06,0.0
1,0.0030145645141601562,1,1,1e-06,0.0
1,0.0019626617431640625,1,1,1e-06,0.0
1,0.0024509429931640625,1,1,1e-06,0.0
1,0.003417491912841797,1,1,1e-06,0.0
1,0.03550553321838379,1,1,1e-06,0.0
1,0.0027794837951660156,1,1,1e-06,0.0
1,0.025226831436157227,1,1,1e-06,0.0
1,0.0028722286224365234,1,1,1e-06,0.0
1,0.00278472900390625,1,1,1e-06,0.0
1,0.0031545162200927734,1,1,1e-06,0.0
1,0.0018897056579589844,1,1,1e-06,0.0
1,0.0024480819702148438,1,1,1e-06,0.0
1,0.02340984344482422,1,1,1e-06,0.0
1,0.003517627716064453,1,1,1e-06,0.0
1,0.013489484786987305,1,1,1e-06,0.0
1,0.0031735897064208984,1,1,1e-06,0.0
1,0.024852752685546875,1,1,1e-06,0.0
1,0.005461454391479492,1,1,1e-06,0.0
1,0.008787155151367188,1,1,1e-06,0.0
1,0.008405447006225586,1,1,1e-06,0.0
1,0.008176565170288086,1,1,1e-06,0.0
1,0.007199287414550781,1,1,1e-06,0.0
1,0.003453969955444336,1,1,1e-06,0.0
1,0.002878427505493164,1,1,1e-06,0.0
1,0.002033710479736328,1,1,1e-06,0.0
1,0.015608072280883789,1,1,1e-06,0.0
1,0.0025398731231689453,1,1,1e-06,0.0
1,0.0024569034576416016,1,1,1e-06,0.0
1,0.0030989646911621094,1,1,1e-06,0.0
1,0.004052162170410156,1,1,1e-06,0.0
1,0.01162099838256836,1,1,1e-06,0.0
1,0.012575149536132812,1,1,1e-06,0.0
1,0.002208232879638672,1,1,1e-06,0.0
1,0.0021407604217529297,1,1,1e-06,0.0
1,0.004506349563598633,1,1,1e-06,0.0
1,0.016083717346191406,1,1,1e-06,0.0
1,0.002157449722290039,1,1,1e-06,0.0
1,0.0017447471618652344,1,1,1e-06,0.0
1,0.0018618106842041016,1,1,1e-06,0.0
1,0.015342473983764648,1,1,1e-06,0.0
1,0.002198934555053711,1,1,1e-06,0.0
1,0.28370189666748047,1,1,1e-06,0.0
1,0.0026328563690185547,1,1,1e-06,0.0
1,0.02418661117553711,1,1,1e-06,0.0
1,0.003431081771850586,1,1,1e-06,0.0
1,0.0025663375854492188,1,1,1e-06,0.0
1,0.01482844352722168,1,1,1e-06,0.0
1,0.002375364303588867,1,1,1e-06,0.0
1,0.008158445358276367,1,1,1e-06,0.0
1,0.03357863426208496,1,1,1e-06,0.0
1,0.004448652267456055,1,1,1e-06,0.0
1,0.003603219985961914,1,1,1e-06,0.0
1,0.0036118030548095703,1,1,1e-06,0.0
1,0.004143238067626953,1,1,1e-06,0.0
1,0.004021406173706055,1,1,1e-06,0.0
1,0.0023975372314453125,1,1,1e-06,0.0
1,0.0022916793823242188,1,1,1e-06,0.0
1,0.002994537353515625,1,1,1e-06,0.0
1,0.003919363021850586,1,1,1e-06,0.0
1,0.0029616355895996094,1,1,1e-06,0.0
1,0.0023508071899414062,1,1,1e-06,0.0
1,0.0029239654541015625,1,1,1e-06,0.0
1,0.002408742904663086,1,1,1e-06,0.0
1,0.002142190933227539,1,1,1e-06,0.0
1,0.002020597457885742,1,1,1e-06,0.0
1,0.025491714477539062,1,1,1e-06,0.0
1,0.004219532012939453,1,1,1e-06,0.0
1,0.01858377456665039,1,1,1e-06,0.0
1,0.002433300018310547,1,1,1e-06,0.0
1,0.002629518508911133,1,1,1e-06,0.0
1,0.027077913284301758,1,1,1e-06,0.0
1,0.05015301704406738,1,1,1e-06,0.0
1,0.0028285980224609375,1,1,1e-06,0.0
1,0.0030105113983154297,1,1,1e-06,0.0
1,0.003629922866821289,1,1,1e-06,0.0
1,0.003643512725830078,1,1,1e-06,0.0
1,0.003027677536010742,1,1,1e-06,0.0
1,0.002126932144165039,1,1,1e-06,0.0
1,0.00614619255065918,1,1,1e-06,0.0
1,0.0038819313049316406,1,1,1e-06,0.0
1,0.002709627151489258,1,1,1e-06,0.0
1,0.01802206039428711,1,1,1e-06,0.0
1,0.0028634071350097656,1,1,1e-06,0.0
1,0.00316619873046875,1,1,1e-06,0.0
1,0.005799293518066406,1,1,1e-06,0.0
1,0.006139278411865234,1,1,1e-06,0.0
1,0.0043506622314453125,1,1,1e-06,0.0
1,0.008364439010620117,1,1,1e-06,0.0
1,0.0048100948333740234,1,1,1e-06,0.0
1,0.00666499137878418,1,1,1e-06,0.0
1,0.010636329650878906,1,1,1e-06,0.0
1,0.004490375518798828,1,1,1e-06,0.0
1,0.003301858901977539,1,1,1e-06,0.0
1,0.0025815963745117188,1,1,1e-06,0.0
1,0.014315366744995117,1,1,1e-06,0.0
1,0.00376129150390625,1,1,1e-06,0.0
1,0.0050182342529296875,1,1,1e-06,0.0
1,0.0038251876831054688,1,1,1e-06,0.0
1,0.003815889358520508,1,1,1e-06,0.0
1,0.004421234130859375,1,1,1e-06,0.0
1,0.0027849674224853516,1,1,1e-06,0.0
1,0.00458526611328125,1,1,1e-06,0.0
1,0.02855539321899414,1,1,1e-06,0.0
1,0.005526304244995117,1,1,1e-06,0.0
1,0.026197195053100586,1,1,1e-06,0.0
1,0.0023033618927001953,1,1,1e-06,0.0
1,0.003157377243041992,1,1,1e-06,0.0
1,0.006914854049682617,1,1,1e-06,0.0
1,0.005848407745361328,1,1,1e-06,0.0
1,0.002838611602783203,1,1,1e-06,0.0
1,0.003722667694091797,1,1,1e-06,0.0
1,0.002950906753540039,1,1,1e-06,0.0
1,0.0061054229736328125,1,1,1e-06,0.0
1,0.002827167510986328,1,1,1e-06,0.0
1,0.011829853057861328,1,1,1e-06,0.0
1,0.0027463436126708984,1,1,1e-06,0.0
1,0.019431114196777344,1,1,1e-06,0.0
1,0.008623361587524414,1,1,1e-06,0.0
1,0.006002902984619141,1,1,1e-06,0.0
1,0.0025131702423095703,1,1,1e-06,0.0
1,0.002786397933959961,1,1,1e-06,0.0
1,0.019496440887451172,1,1,1e-06,0.0
1,0.0031893253326416016,1,1,1e-06,0.0
1,0.004741191864013672,1,1,1e-06,0.0
1,0.002639293670654297,1,1,1e-06,0.0
1,0.002766132354736328,1,1,1e-06,0.0
1,0.0053789615631103516,1,1,1e-06,0.0
1,0.0022606849670410156,1,1,1e-06,0.0
1,0.002534627914428711,1,1,1e-06,0.0
1,0.0025606155395507812,1,1,1e-06,0.0
1,0.0037071704864501953,1,1,1e-06,0.0
1,0.0034024715423583984,1,1,1e-06,0.0
1,0.0030364990234375,1,1,1e-06,0.0
1,0.003945112228393555,1,1,1e-06,0.0
1,0.0027217864990234375,1,1,1e-06,0.0
1,0.006661891937255859,1,1,1e-06,0.0
1,0.0024476051330566406,1,1,1e-06,0.0
1,0.017300128936767578,1,1,1e-06,0.0
1,0.002194643020629883,1,1,1e-06,0.0
1,0.002569913864135742,1,1,1e-06,0.0
1,0.002115488052368164,1,1,1e-06,0.0
1,0.0035657882690429688,1,1,1e-06,0.0
1,0.0025606155395507812,1,1,1e-06,0.0
1,0.006455898284912109,1,1,1e-06,0.0
1,0.004601955413818359,1,1,1e-06,0.0
1,0.006383657455444336,1,1,1e-06,0.0
1,0.03265118598937988,1,1,1e-06,0.0
1,0.0026617050170898438,1,1,1e-06,0.0
1,0.030853271484375,1,1,1e-06,0.0
1,0.019977569580078125,1,1,1e-06,0.0
1,0.002743959426879883,1,1,1e-06,0.0
1,0.006208181381225586,1,1,1e-06,0.0
1,0.003514528274536133,1,1,1e-06,0.0
1,0.02476358413696289,1,1,1e-06,0.0
1,0.018804073333740234,1,1,1e-06,0.0
1,0.003274202346801758,1,1,1e-06,0.0
1,0.004274606704711914,1,1,1e-06,0.0
1,0.0037491321563720703,1,1,1e-06,0.0
1,0.002839326858520508,1,1,1e-06,0.0
1,0.0028858184814453125,1,1,1e-06,0.0
1,0.004035234451293945,1,1,1e-06,0.0
1,0.004515409469604492,1,1,1e-06,0.0
1,0.003683805465698242,1,1,1e-06,0.0
1,0.0048389434814453125,1,1,1e-06,0.0
1,0.0037963390350341797,1,1,1e-06,0.0
1,0.0036919116973876953,1,1,1e-06,0.0
1,0.09402608871459961,1,1,1e-06,0.0
1,0.011955022811889648,1,1,1e-06,0.0
1,0.0025742053985595703,1,1,1e-06,0.0
1,0.015276670455932617,1,1,1e-06,0.0
1,0.0028896331787109375,1,1,1e-06,0.0
1,0.002273082733154297,1,1,1e-06,0.0
1,0.052022457122802734,1,1,1e-06,0.0
1,0.01512908935546875,1,1,1e-06,0.0
1,0.012592554092407227,1,1,1e-06,0.0
1,0.006368875503540039,1,1,1e-06,0.0
1,0.01463460922241211,1,1,1e-06,0.0
1,0.0023763179779052734,1,1,1e-06,0.0
1,0.015366315841674805,1,1,1e-06,0.0
1,0.002655506134033203,1,1,1e-06,0.0
1,0.0031137466430664062,1,1,1e-06,0.0
1,0.0021750926971435547,1,1,1e-06,0.0
1,0.0020589828491210938,1,1,1e-06,0.0
1,0.0032198429107666016,1,1,1e-06,0.0
1,0.0027017593383789062,1,1,1e-06,0.0
1,0.0036170482635498047,1,1,1e-06,0.0
1,0.023267269134521484,1,1,1e-06,0.0
1,0.006835222244262695,1,1,1e-06,0.0
1,0.0024251937866210938,1,1,1e-06,0.0
1,0.0036106109619140625,1,1,1e-06,0.0
1,0.002615690231323242,1,1,1e-06,0.0
1,0.004485130310058594,1,1,1e-06,0.0
1,0.0033354759216308594,1,1,1e-06,0.0
1,0.003953218460083008,1,1,1e-06,0.0
1,0.003571033477783203,1,1,1e-06,0.0
1,0.012094736099243164,1,1,1e-06,0.0
1,0.0027451515197753906,1,1,1e-06,0.0
1,0.0034873485565185547,1,1,1e-06,0.0
1,0.004037141799926758,1,1,1e-06,0.0
1,0.0034723281860351562,1,1,1e-06,0.0
1,0.0038039684295654297,1,1,1e-06,0.0
1,0.005619525909423828,1,1,1e-06,0.0
1,0.004606962203979492,1,1,1e-06,0.0
1,0.008544445037841797,1,1,1e-06,0.0
1,0.0060138702392578125,1,1,1e-06,0.0
1,0.0168306827545166,1,1,1e-06,0.0
1,0.00800633430480957,1,1,1e-06,0.0
1,0.003411531448364258,1,1,1e-06,0.0
1,0.0038530826568603516,1,1,1e-06,0.0
1,0.0077533721923828125,1,1,1e-06,0.0
1,0.002506732940673828,1,1,1e-06,0.0
1,0.0032274723052978516,1,1,1e-06,0.0
1,0.0026307106018066406,1,1,1e-06,0.0
1,0.002090930938720703,1,1,1e-06,0.0
1,0.0024826526641845703,1,1,1e-06,0.0
1,0.0024895668029785156,1,1,1e-06,0.0
1,0.0028228759765625,1,1,1e-06,0.0
1,0.0038557052612304688,1,1,1e-06,0.0
1,0.006911039352416992,1,1,1e-06,0.0
1,0.002303600311279297,1,1,1e-06,0.0
1,0.0019969940185546875,1,1,1e-06,0.0
1,0.002658843994140625,1,1,1e-06,0.0
1,0.002488374710083008,1,1,1e-06,0.0
1,0.003077268600463867,1,1,1e-06,0.0
1,0.002865314483642578,1,1,1e-06,0.0
1,0.00397801399230957,1,1,1e-06,0.0
1,0.006414175033569336,1,1,1e-06,0.0
1,0.002633810043334961,1,1,1e-06,0.0
1,0.003126859664916992,1,1,1e-06,0.0
1,0.0047321319580078125,1,1,1e-06,0.0
1,0.003249645233154297,1,1,1e-06,0.0
1,0.003195047378540039,1,1,1e-06,0.0
1,0.003173828125,1,1,1e-06,0.0
1,0.002817869186401367,1,1,1e-06,0.0
1,0.007378816604614258,1,1,1e-06,0.0
1,0.014842033386230469,1,1,1e-06,0.0
1,0.003225564956665039,1,1,1e-06,0.0
1,0.002096891403198242,1,1,1e-06,0.0
1,0.0035877227783203125,1,1,1e-06,0.0
1,0.0024251937866210938,1,1,1e-06,0.0
1,0.0022733211517333984,1,1,1e-06,0.0
1,0.0032274723052978516,1,1,1e-06,0.0
1,0.00460505485534668,1,1,1e-06,0.0
1,0.004889011383056641,1,1,1e-06,0.0
1,0.002779722213745117,1,1,1e-06,0.0
1,0.003648996353149414,1,1,1e-06,0.0
1,0.007520437240600586,1,1,1e-06,0.0
1,0.0028231143951416016,1,1,1e-06,0.0
1,0.002633810043334961,1,1,1e-06,0.0
1,0.0048406124114990234,1,1,1e-06,0.0
1,0.014550924301147461,1,1,1e-06,0.0
1,0.006493330001831055,1,1,1e-06,0.0
1,0.007441282272338867,1,1,1e-06,0.0
1,0.003152132034301758,1,1,1e-06,0.0
1,0.003108501434326172,1,1,1e-06,0.0
1,0.0028581619262695312,1,1,1e-06,0.0
1,0.003270387649536133,1,1,1e-06,0.0
1,0.003865957260131836,1,1,1e-06,0.0
1,0.0037043094635009766,1,1,1e-06,0.0
1,0.0036284923553466797,1,1,1e-06,0.0
1,0.00494074821472168,1,1,1e-06,0.0
1,0.0033559799194335938,1,1,1e-06,0.0
1,0.0028181076049804688,1,1,1e-06,0.0
1,0.003638029098510742,1,1,1e-06,0.0
1,0.00484919548034668,1,1,1e-06,0.0
1,0.02608180046081543,1,1,1e-06,0.0
1,0.017780780792236328,1,1,1e-06,0.0
1,0.0029625892639160156,1,1,1e-06,0.0
1,0.023583412170410156,1,1,1e-06,0.0
1,0.0030121803283691406,1,1,1e-06,0.0
1,0.003269195556640625,1,1,1e-06,0.0
1,0.0050961971282958984,1,1,1e-06,0.0
1,0.06437897682189941,1,1,1e-06,0.0
1,0.002775907516479492,1,1,1e-06,0.0
1,0.0032720565795898438,1,1,1e-06,0.0
1,0.0036475658416748047,1,1,1e-06,0.0
1,0.002445220947265625,1,1,1e-06,0.0
1,0.0034079551696777344,1,1,1e-06,0.0
1,0.0033452510833740234,1,1,1e-06,0.0
1,0.0029611587524414062,1,1,1e-06,0.0
1,0.019994020462036133,1,1,1e-06,0.0
1,0.04285860061645508,1,1,1e-06,0.0
1,0.005176067352294922,1,1,1e-06,0.0
1,0.003537416458129883,1,1,1e-06,0.0
1,0.00821065902709961,1,1,1e-06,0.0
1,0.002884387969970703,1,1,1e-06,0.0
1,0.0027358531951904297,1,1,1e-06,0.0
1,0.00485539436340332,1,1,1e-06,0.0
1,0.022521495819091797,1,1,1e-06,0.0
1,0.03354668617248535,1,1,1e-06,0.0
1,0.005479097366333008,1,1,1e-06,0.0
1,0.0027391910552978516,1,1,1e-06,0.0
1,0.004715919494628906,1,1,1e-06,0.0
1,0.008204221725463867,1,1,1e-06,0.0
1,0.0033364295959472656,1,1,1e-06,0.0
1,0.0050661563873291016,1,1,1e-06,0.0
1,0.02590632438659668,1,1,1e-06,0.0
1,0.0043315887451171875,1,1,1e-06,0.0
1,0.002862215042114258,1,1,1e-06,0.0
1,0.0027761459350585938,1,1,1e-06,0.0
1,0.003535747528076172,1,1,1e-06,0.0
1,0.002173185348510742,1,1,1e-06,0.0
1,0.0036432743072509766,1,1,1e-06,0.0
1,0.002716064453125,1,1,1e-06,0.0
1,0.0035054683685302734,1,1,1e-06,0.0
1,0.02266979217529297,1,1,1e-06,0.0
1,0.005321025848388672,1,1,1e-06,0.0
1,0.003753662109375,1,1,1e-06,0.0
1,0.006456613540649414,1,1,1e-06,0.0
1,0.0036139488220214844,1,1,1e-06,0.0
1,0.0023126602172851562,1,1,1e-06,0.0
1,0.0030624866485595703,1,1,1e-06,0.0
1,0.003362894058227539,1,1,1e-06,0.0
1,0.0021643638610839844,1,1,1e-06,0.0
1,0.0036649703979492188,1,1,1e-06,0.0
1,0.0036020278930664062,1,1,1e-06,0.0
1,0.003862142562866211,1,1,1e-06,0.0
1,0.04228687286376953,1,1,1e-06,0.0
1,0.0027523040771484375,1,1,1e-06,0.0
1,0.0032835006713867188,1,1,1e-06,0.0
1,0.0058710575103759766,1,1,1e-06,0.0
1,0.005003452301025391,1,1,1e-06,0.0
1,0.028403520584106445,1,1,1e-06,0.0
1,0.002800464630126953,1,1,1e-06,0.0
1,0.0030629634857177734,1,1,1e-06,0.0
1,0.004604816436767578,1,1,1e-06,0.0
1,0.0027115345001220703,1,1,1e-06,0.0
1,0.0033540725708007812,1,1,1e-06,0.0
1,0.0035212039947509766,1,1,1e-06,0.0
1,0.5769548416137695,1,1,1e-06,0.0
1,0.003704547882080078,1,1,1e-06,0.0
1,0.01879143714904785,1,1,1e-06,0.0
1,0.0032041072845458984,1,1,1e-06,0.0
1,0.0039784908294677734,1,1,1e-06,0.0
1,0.0028679370880126953,1,1,1e-06,0.0
1,0.0029287338256835938,1,1,1e-06,0.0
1,0.003953218460083008,1,1,1e-06,0.0
1,0.016900062561035156,1,1,1e-06,0.0
1,0.004248380661010742,1,1,1e-06,0.0
1,0.004759550094604492,1,1,1e-06,0.0
1,0.023511886596679688,1,1,1e-06,0.0
1,0.0038366317749023438,1,1,1e-06,0.0
1,0.005415201187133789,1,1,1e-06,0.0
1,0.004860877990722656,1,1,1e-06,0.0
1,0.00556182861328125,1,1,1e-06,0.0
1,0.007467031478881836,1,1,1e-06,0.0
1,0.002856016159057617,1,1,1e-06,0.0
1,0.04224061965942383,1,1,1e-06,0.0
1,0.0033750534057617188,1,1,1e-06,0.0
1,0.0027251243591308594,1,1,1e-06,0.0
1,0.002981901168823242,1,1,1e-06,0.0
1,0.017064809799194336,1,1,1e-06,0.0
1,0.002947568893432617,1,1,1e-06,0.0
1,0.003259897232055664,1,1,1e-06,0.0
1,0.002256631851196289,1,1,1e-06,0.0
1,0.0022885799407958984,1,1,1e-06,0.0
1,0.0020515918731689453,1,1,1e-06,0.0
1,0.0025856494903564453,1,1,1e-06,0.0
1,0.004329681396484375,1,1,1e-06,0.0
1,0.0032701492309570312,1,1,1e-06,0.0
1,0.0038678646087646484,1,1,1e-06,0.0
1,0.024555683135986328,1,1,1e-06,0.0
1,0.006425142288208008,1,1,1e-06,0.0
1,0.0031914710998535156,1,1,1e-06,0.0
1,0.0033483505249023438,1,1,1e-06,0.0
1,0.0057830810546875,1,1,1e-06,0.0
1,0.003314495086669922,1,1,1e-06,0.0
1,0.002638101577758789,1,1,1e-06,0.0
1,0.0032401084899902344,1,1,1e-06,0.0
1,0.021158933639526367,1,1,1e-06,0.0
1,0.003438234329223633,1,1,1e-06,0.0
1,0.002916097640991211,1,1,1e-06,0.0
1,0.008224010467529297,1,1,1e-06,0.0
1,0.017171144485473633,1,1,1e-06,0.0
1,0.0035474300384521484,1,1,1e-06,0.0
1,0.0032470226287841797,1,1,1e-06,0.0
1,0.002735614776611328,1,1,1e-06,0.0
1,0.002611398696899414,1,1,1e-06,0.0
1,0.0034563541412353516,1,1,1e-06,0.0
1,0.003225564956665039,1,1,1e-06,0.0
1,0.003860950469970703,1,1,1e-06,0.0
1,0.040572166442871094,1,1,1e-06,0.0
1,0.0028257369995117188,1,1,1e-06,0.0
1,0.0018913745880126953,1,1,1e-06,0.0
1,0.005118608474731445,1,1,1e-06,0.0
1,0.0028502941131591797,1,1,1e-06,0.0
1,0.003533601760864258,1,1,1e-06,0.0
1,0.010468482971191406,1,1,1e-06,0.0
1,0.005041837692260742,1,1,1e-06,0.0
1,0.005398988723754883,1,1,1e-06,0.0
1,0.005972385406494141,1,1,1e-06,0.0
1,0.0033206939697265625,1,1,1e-06,0.0
1,0.004006862640380859,1,1,1e-06,0.0
1,0.0025701522827148438,1,1,1e-06,0.0
1,0.002716541290283203,1,1,1e-06,0.0
0,1.0171935558319092,0,0,,0.0
1,0.00574493408203125,1,1,1e-06,0.0
1,0.004999876022338867,1,1,1e-06,0.0
1,0.0069735050201416016,1,1,1e-06,0.0
1,0.011952400207519531,1,1,1e-06,0.0
1,0.10182762145996094,1,1,1e-06,0.0
1,0.014971256256103516,1,1,1e-06,0.0
1,0.0051496028900146484,1,1,1e-06,0.0
1,0.004143953323364258,1,1,1e-06,0.0
1,0.011365652084350586,1,1,1e-06,0.0
1,0.004333972930908203,1,1,1e-06,0.0
1,0.004834413528442383,1,1,1e-06,0.0
1,0.011089801788330078,1,1,1e-06,0.0
1,0.12358617782592773,1,1,1e-06,0.0
1,0.0048105716705322266,1,1,1e-06,0.0
1,0.0067291259765625,1,1,1e-06,0.0
1,0.013465404510498047,1,1,1e-06,0.0
1,0.008764982223510742,1,1,1e-06,0.0
1,0.004499912261962891,1,1,1e-06,0.0
1,0.0201873779296875,1,1,1e-06,0.0
1,0.014267444610595703,1,1,1e-06,0.0
1,0.004471778869628906,1,1,1e-06,0.0
1,0.005788564682006836,1,1,1e-06,0.0
1,0.01343226432800293,1,1,1e-06,0.0
1,0.004877328872680664,1,1,1e-06,0.0
1,0.011408090591430664,1,1,1e-06,0.0
1,0.004560232162475586,1,1,1e-06,0.0
1,0.0034842491149902344,1,1,1e-06,0.0
1,0.011832475662231445,1,1,1e-06,0.0
1,0.008976221084594727,1,1,1e-06,0.0
1,0.00964212417602539,1,1,1e-06,0.0
1,0.015034198760986328,1,1,1e-06,0.0
1,0.005280017852783203,1,1,1e-06,0.0
1,0.005570411682128906,1,1,1e-06,0.0
1,0.01166081428527832,1,1,1e-06,0.0
1,0.018293142318725586,1,1,1e-06,0.0
1,0.014174938201904297,1,1,1e-06,0.0
1,0.03576159477233887,1,1,1e-06,0.0
1,0.009330272674560547,1,1,1e-06,0.0
1,0.02654743194580078,1,1,1e-06,0.0
1,0.014411449432373047,1,1,1e-06,0.0
1,0.00311279296875,1,1,1e-06,0.0
1,0.013145685195922852,1,1,1e-06,0.0
1,0.0039017200469970703,1,1,1e-06,0.0
1,0.18790817260742188,1,1,1e-06,0.0
1,0.0045166015625,1,1,1e-06,0.0
1,0.04030346870422363,1,1,1e-06,0.0
1,0.03170013427734375,1,1,1e-06,0.0
1,0.004575252532958984,1,1,1e-06,0.0
1,0.004685163497924805,1,1,1e-06,0.0
1,0.004163265228271484,1,1,1e-06,0.0
1,0.005959033966064453,1,1,1e-06,0.0
1,0.0508882999420166,1,1,1e-06,0.0
1,0.03219747543334961,1,1,1e-06,0.0
1,0.005759000778198242,1,1,1e-06,0.0
1,0.030525922775268555,1,1,1e-06,0.0
1,0.004538536071777344,1,1,1e-06,0.0
1,0.004477500915527344,1,1,1e-06,0.0
1,0.005324363708496094,1,1,1e-06,0.0
1,0.004973649978637695,1,1,1e-06,0.0
1,0.0035810470581054688,1,1,1e-06,0.0
1,0.005345344543457031,1,1,1e-06,0.0
1,0.004444599151611328,1,1,1e-06,0.0
1,0.0034952163696289062,1,1,1e-06,0.0
1,0.007724761962890625,1,1,1e-06,0.0
1,0.004015207290649414,1,1,1e-06,0.0
1,0.010606527328491211,1,1,1e-06,0.0
1,0.007512331008911133,1,1,1e-06,0.0
1,0.007513761520385742,1,1,1e-06,0.0
1,0.006730318069458008,1,1,1e-06,0.0
1,0.013942718505859375,1,1,1e-06,0.0
1,0.011328697204589844,1,1,1e-06,0.0
1,0.005883693695068359,1,1,1e-06,0.0
1,0.003932952880859375,1,1,1e-06,0.0
1,0.003958702087402344,1,1,1e-06,0.0
1,0.03245735168457031,1,1,1e-06,0.0
1,0.004989147186279297,1,1,1e-06,0.0
1,0.06501889228820801,1,1,1e-06,0.0
1,0.002665281295776367,1,1,1e-06,0.0
1,0.00657963752746582,1,1,1e-06,0.0
1,0.007225751876831055,1,1,1e-06,0.0
1,0.06764936447143555,1,1,1e-06,0.0
1,0.002872943878173828,1,1,1e-06,0.0
1,0.0024559497833251953,1,1,1e-06,0.0
1,0.0025959014892578125,1,1,1e-06,0.0
1,0.053174734115600586,1,1,1e-06,0.0
1,0.002759218215942383,1,1,1e-06,0.0
1,0.003432750701904297,1,1,1e-06,0.0
1,0.004637002944946289,1,1,1e-06,0.0
1,0.003969907760620117,1,1,1e-06,0.0
1,0.005486488342285156,1,1,1e-06,0.0
1,0.018968820571899414,1,1,1e-06,0.0
1,0.0032143592834472656,1,1,1e-06,0.0
1,0.0031392574310302734,1,1,1e-06,0.0
1,0.0027756690979003906,1,1,1e-06,0.0
1,0.002474546432495117,1,1,1e-06,0.0
1,0.0023157596588134766,1,1,1e-06,0.0
1,0.0047588348388671875,1,1,1e-06,0.0
1,0.003178119659423828,1,1,1e-06,0.0
1,0.002939462661743164,1,1,1e-06,0.0
1,0.0027408599853515625,1,1,1e-06,0.0
1,0.002216339111328125,1,1,1e-06,0.0
1,0.003059864044189453,1,1,1e-06,0.0
1,0.005679130554199219,1,1,1e-06,0.0
1,0.0037376880645751953,1,1,1e-06,0.0
1,0.002362966537475586,1,1,1e-06,0.0
1,0.0024254322052001953,1,1,1e-06,0.0
1,0.008549213409423828,1,1,1e-06,0.0
1,0.005108833312988281,1,1,1e-06,0.0
1,0.0025408267974853516,1,1,1e-06,0.0
1,0.003204822540283203,1,1,1e-06,0.0
1,0.03216552734375,1,1,1e-06,0.0
1,0.0025179386138916016,1,1,1e-06,0.0
1,0.0023431777954101562,1,1,1e-06,0.0
1,0.003068685531616211,1,1,1e-06,0.0
1,0.006926774978637695,1,1,1e-06,0.0
1,0.0027332305908203125,1,1,1e-06,0.0
1,0.005226850509643555,1,1,1e-06,0.0
1,0.0024907588958740234,1,1,1e-06,0.0
1,0.005476713180541992,1,1,1e-06,0.0
1,0.002716064453125,1,1,1e-06,0.0
1,0.00454401969909668,1,1,1e-06,0.0
1,0.0033974647521972656,1,1,1e-06,0.0
1,0.003204345703125,1,1,1e-06,0.0
1,0.002992391586303711,1,1,1e-06,0.0
1,0.003446340560913086,1,1,1e-06,0.0
1,0.013566970825195312,1,1,1e-06,0.0
1,0.002608060836791992,1,1,1e-06,0.0
1,0.044298410415649414,1,1,1e-06,0.0
1,0.002965688705444336,1,1,1e-06,0.0
1,0.0029180049896240234,1,1,1e-06,0.0
1,0.004044294357299805,1,1,1e-06,0.0
1,0.0026865005493164062,1,1,1e-06,0.0
1,0.00238800048828125,1,1,1e-06,0.0
1,0.004317760467529297,1,1,1e-06,0.0
1,0.0025861263275146484,1,1,1e-06,0.0
1,0.0017893314361572266,1,1,1e-06,0.0
1,0.0022351741790771484,1,1,1e-06,0.0
1,0.006739377975463867,1,1,1e-06,0.0
1,0.0165402889251709,1,1,1e-06,0.0
1,0.018281221389770508,1,1,1e-06,0.0
1,0.0029990673065185547,1,1,1e-06,0.0
1,0.002371072769165039,1,1,1e-06,0.0
1,0.009086370468139648,1,1,1e-06,0.0
1,0.0020961761474609375,1,1,1e-06,0.0
1,0.002328157424926758,1,1,1e-06,0.0
1,0.0029449462890625,1,1,1e-06,0.0
1,0.004210710525512695,1,1,1e-06,0.0
1,0.003465890884399414,1,1,1e-06,0.0
1,0.004240274429321289,1,1,1e-06,0.0
1,0.004426479339599609,1,1,1e-06,0.0
1,0.0030388832092285156,1,1,1e-06,0.0
1,0.002277851104736328,1,1,1e-06,0.0
1,0.002258777618408203,1,1,1e-06,0.0
1,0.0037162303924560547,1,1,1e-06,0.0
1,0.004090309143066406,1,1,1e-06,0.0
1,0.008539438247680664,1,1,1e-06,0.0
1,0.002038717269897461,1,1,1e-06,0.0
1,0.014075756072998047,1,1,1e-06,0.0
1,0.002402782440185547,1,1,1e-06,0.0
1,0.0027015209197998047,1,1,1e-06,0.0
1,0.0049626827239990234,1,1,1e-06,0.0
1,0.0024764537811279297,1,1,1e-06,0.0
1,0.002698183059692383,1,1,1e-06,0.0
1,0.001990079879760742,1,1,1e-06,0.0
1,0.0021314620971679688,1,1,1e-06,0.0
1,0.013756752014160156,1,1,1e-06,0.0
1,0.002675294876098633,1,1,1e-06,0.0
1,0.00433039665222168,1,1,1e-06,0.0
1,0.003253459930419922,1,1,1e-06,0.0
1,0.002741098403930664,1,1,1e-06,0.0
1,0.002267122268676758,1,1,1e-06,0.0
1,0.003706693649291992,1,1,1e-06,0.0
1,0.0023233890533447266,1,1,1e-06,0.0
1,0.002617359161376953,1,1,1e-06,0.0
1,0.004070281982421875,1,1,1e-06,0.0
1,0.03801226615905762,1,1,1e-06,0.0
1,0.0037097930908203125,1,1,1e-06,0.0
1,0.002190828323364258,1,1,1e-06,0.0
1,0.014838218688964844,1,1,1e-06,0.0
1,0.006462574005126953,1,1,1e-06,0.0
1,0.016295909881591797,1,1,1e-06,0.0
1,0.0025501251220703125,1,1,1e-06,0.0
1,0.006346702575683594,1,1,1e-06,0.0
1,0.0025374889373779297,1,1,1e-06,0.0
1,0.0027430057525634766,1,1,1e-06,0.0
1,0.11040735244750977,1,1,1e-06,0.0
1,0.008034706115722656,1,1,1e-06,0.0
1,0.0036759376525878906,1,1,1e-06,0.0
1,0.003511667251586914,1,1,1e-06,0.0
1,0.00313568115234375,1,1,1e-06,0.0
1,0.0028786659240722656,1,1,1e-06,0.0
1,0.003485441207885742,1,1,1e-06,0.0
1,0.0024597644805908203,1,1,1e-06,0.0
1,0.003039121627807617,1,1,1e-06,0.0
1,0.0024771690368652344,1,1,1e-06,0.0
1,0.012194633483886719,1,1,1e-06,0.0
1,0.0025076866149902344,1,1,1e-06,0.0
1,0.005195140838623047,1,1,1e-06,0.0
1,0.04515552520751953,1,1,1e-06,0.0
1,0.003152608871459961,1,1,1e-06,0.0
1,0.25937438011169434,1,1,1e-06,0.0
1,0.00578761100769043,1,1,1e-06,0.0
1,0.002608060836791992,1,1,1e-06,0.0
1,0.002107858657836914,1,1,1e-06,0.0
1,0.0020644664764404297,1,1,1e-06,0.0
1,0.0029144287109375,1,1,1e-06,0.0
1,0.006975650787353516,1,1,1e-06,0.0
1,0.0030732154846191406,1,1,1e-06,0.0
1,0.0024077892303466797,1,1,1e-06,0.0
1,0.003921985626220703,1,1,1e-06,0.0
1,0.002433300018310547,1,1,1e-06,0.0
1,0.0030655860900878906,1,1,1e-06,0.0
1,0.006418943405151367,1,1,1e-06,0.0
1,0.002925872802734375,1,1,1e-06,0.0
1,0.002447366714477539,1,1,1e-06,0.0
1,0.017482519149780273,1,1,1e-06,0.0
1,0.0024814605712890625,1,1,1e-06,0.0
1,0.0027217864990234375,1,1,1e-06,0.0
1,0.003117799758911133,1,1,1e-06,0.0
1,0.003895282745361328,1,1,1e-06,0.0
1,0.0026581287384033203,1,1,1e-06,0.0
1,0.003481626510620117,1,1,1e-06,0.0
1,0.002243518829345703,1,1,1e-06,0.0
1,0.003020048141479492,1,1,1e-06,0.0
1,0.0025703907012939453,1,1,1e-06,0.0
1,0.012603998184204102,1,1,1e-06,0.0
1,0.004737138748168945,1,1,1e-06,0.0
1,0.006453275680541992,1,1,1e-06,0.0
1,0.003178119659423828,1,1,1e-06,0.0
1,0.00225830078125,1,1,1e-06,0.0
1,0.024318218231201172,1,1,1e-06,0.0
1,0.0033321380615234375,1,1,1e-06,0.0
1,0.0034101009368896484,1,1,1e-06,0.0
1,0.003392457962036133,1,1,1e-06,0.0
1,0.0042688846588134766,1,1,1e-06,0.0
1,0.057222604751586914,1,1,1e-06,0.0
1,0.002349853515625,1,1,1e-06,0.0
1,0.013701677322387695,1,1,1e-06,0.0
1,0.0047588348388671875,1,1,1e-06,0.0
1,0.0031778812408447266,1,1,1e-06,0.0
1,0.004747629165649414,1,1,1e-06,0.0
1,0.039612531661987305,1,1,1e-06,0.0
1,0.0027713775634765625,1,1,1e-06,0.0
1,0.008793115615844727,1,1,1e-06,0.0
1,0.003106355667114258,1,1,1e-06,0.0
1,0.0022106170654296875,1,1,1e-06,0.0
1,0.004683494567871094,1,1,1e-06,0.0
1,0.002560138702392578,1,1,1e-06,0.0
1,0.01652383804321289,1,1,1e-06,0.0
1,0.004364967346191406,1,1,1e-06,0.0
1,0.0024254322052001953,1,1,1e-06,0.0
1,0.004758358001708984,1,1,1e-06,0.0
1,0.004019260406494141,1,1,1e-06,0.0
1,0.0026934146881103516,1,1,1e-06,0.0
1,0.002508401870727539,1,1,1e-06,0.0
1,0.002068042755126953,1,1,1e-06,0.0
1,0.01413583755493164,1,1,1e-06,0.0
1,0.002473115921020508,1,1,1e-06,0.0
1,0.002396106719970703,1,1,1e-06,0.0
1,0.03890562057495117,1,1,1e-06,0.0
1,0.002346515655517578,1,1,1e-06,0.0
1,0.002403736114501953,1,1,1e-06,0.0
1,0.004405498504638672,1,1,1e-06,0.0
1,0.0022373199462890625,1,1,1e-06,0.0
1,0.018316984176635742,1,1,1e-06,0.0
1,0.002305269241333008,1,1,1e-06,0.0
1,0.03006434440612793,1,1,1e-06,0.0
1,0.0023040771484375,1,1,1e-06,0.0
1,0.002041339874267578,1,1,1e-06,0.0
1,0.002519369125366211,1,1,1e-06,0.0
1,0.003415346145629883,1,1,1e-06,0.0
1,0.0027844905853271484,1,1,1e-06,0.0
1,0.006115436553955078,1,1,1e-06,0.0
1,0.0021238327026367188,1,1,1e-06,0.0
1,0.002321481704711914,1,1,1e-06,0.0
1,0.005330324172973633,1,1,1e-06,0.0
1,0.003948211669921875,1,1,1e-06,0.0
1,0.003956317901611328,1,1,1e-06,0.0
1,0.0033152103424072266,1,1,1e-06,0.0
1,0.002330780029296875,1,1,1e-06,0.0
1,0.0028514862060546875,1,1,1e-06,0.0
1,0.003756999969482422,1,1,1e-06,0.0
1,0.0377964973449707,1,1,1e-06,0.0
1,0.0023560523986816406,1,1,1e-06,0.0
1,0.0023872852325439453,1,1,1e-06,0.0
1,0.002672433853149414,1,1,1e-06,0.0
1,0.0025930404663085938,1,1,1e-06,0.0
1,0.0018639564514160156,1,1,1e-06,0.0
1,0.0018723011016845703,1,1,1e-06,0.0
1,0.0020079612731933594,1,1,1e-06,0.0
1,0.002061605453491211,1,1,1e-06,0.0
1,0.0017702579498291016,1,1,1e-06,0.0
1,0.003559589385986328,1,1,1e-06,0.0
1,0.0022346973419189453,1,1,1e-06,0.0
1,0.0029799938201904297,1,1,1e-06,0.0
1,0.012354135513305664,1,1,1e-06,0.0
1,0.002168416976928711,1,1,1e-06,0.0
1,0.0022263526916503906,1,1,1e-06,0.0
1,0.0021228790283203125,1,1,1e-06,0.0
1,0.0021593570709228516,1,1,1e-06,0.0
1,0.0028934478759765625,1,1,1e-06,0.0
1,0.002756357192993164,1,1,1e-06,0.0
1,0.0023415088653564453,1,1,1e-06,0.0
1,0.0019767284393310547,1,1,1e-06,0.0
1,0.0020990371704101562,1,1,1e-06,0.0
1,0.0021774768829345703,1,1,1e-06,0.0
1,0.003931522369384766,1,1,1e-06,0.0
1,0.0031883716583251953,1,1,1e-06,0.0
1,0.005945682525634766,1,1,1e-06,0.0
1,0.0025343894958496094,1,1,1e-06,0.0
1,0.019614458084106445,1,1,1e-06,0.0
1,0.003530263900756836,1,1,1e-06,0.0
1,0.002984285354614258,1,1,1e-06,0.0
1,0.002826690673828125,1,1,1e-06,0.0
1,0.0021071434020996094,1,1,1e-06,0.0
1,0.0017676353454589844,1,1,1e-06,0.0
1,0.005570888519287109,1,1,1e-06,0.0
1,0.002438068389892578,1,1,1e-06,0.0
1,0.0026693344116210938,1,1,1e-06,0.0
1,0.002756357192993164,1,1,1e-06,0.0
1,0.013633489608764648,1,1,1e-06,0.0
1,0.0022559165954589844,1,1,1e-06,0.0
1,0.003813505172729492,1,1,1e-06,0.0
1,0.004141569137573242,1,1,1e-06,0.0
1,0.002839803695678711,1,1,1e-06,0.0
1,0.002660989761352539,1,1,1e-06,0.0
1,0.002187967300415039,1,1,1e-06,0.0
1,0.027191877365112305,1,1,1e-06,0.0
1,0.002939939498901367,1,1,1e-06,0.0
1,0.002092123031616211,1,1,1e-06,0.0
1,0.0022602081298828125,1,1,1e-06,0.0
1,0.0034575462341308594,1,1,1e-06,0.0
1,0.003304004669189453,1,1,1e-06,0.0
1,0.002963542938232422,1,1,1e-06,0.0
1,0.0029668807983398438,1,1,1e-06,0.0
1,0.002778768539428711,1,1,1e-06,0.0
1,0.0026633739471435547,1,1,1e-06,0.0
1,0.021738290786743164,1,1,1e-06,0.0
1,0.01712775230407715,1,1,1e-06,0.0
1,0.03315329551696777,1,1,1e-06,0.0
1,0.0020003318786621094,1,1,1e-06,0.0
1,0.0017883777618408203,1,1,1e-06,0.0
1,0.019316434860229492,1,1,1e-06,0.0
1,0.0032486915588378906,1,1,1e-06,0.0
1,0.0027892589569091797,1,1,1e-06,0.0
1,0.002476930618286133,1,1,1e-06,0.0
1,0.002766847610473633,1,1,1e-06,0.0
1,0.14080309867858887,1,1,1e-06,0.0
1,0.0022153854370117188,1,1,1e-06,0.0
1,0.001935720443725586,1,1,1e-06,0.0
1,0.002101898193359375,1,1,1e-06,0.0
1,0.0020360946655273438,1,1,1e-06,0.0
1,0.002592325210571289,1,1,1e-06,0.0
1,0.0029816627502441406,1,1,1e-06,0.0
1,0.0022192001342773438,1,1,1e-06,0.0
1,0.0022919178009033203,1,1,1e-06,0.0
1,0.0021982192993164062,1,1,1e-06,0.0
1,0.028078317642211914,1,1,1e-06,0.0
1,0.002279520034790039,1,1,1e-06,0.0
1,0.0032215118408203125,1,1,1e-06,0.0
1,0.0048177242279052734,1,1,1e-06,0.0
1,0.012174367904663086,1,1,1e-06,0.0
1,0.003565549850463867,1,1,1e-06,0.0
1,0.002536296844482422,1,1,1e-06,0.0
1,0.00442814826965332,1,1,1e-06,0.0
1,0.0026640892028808594,1,1,1e-06,0.0
1,0.01583075523376465,1,1,1e-06,0.0
1,0.0029649734497070312,1,1,1e-06,0.0
1,0.0025272369384765625,1,1,1e-06,0.0
1,0.0022284984588623047,1,1,1e-06,0.0
1,0.0019006729125976562,1,1,1e-06,0.0
1,0.008855342864990234,1,1,1e-06,0.0
1,0.4430856704711914,1,1,1e-06,0.0
1,0.022069454193115234,1,1,1e-06,0.0
1,0.004523754119873047,1,1,1e-06,0.0
1,0.004762172698974609,1,1,1e-06,0.0
1,0.0032711029052734375,1,1,1e-06,0.0
1,0.0046236515045166016,1,1,1e-06,0.0
1,0.0024771690368652344,1,1,1e-06,0.0
1,0.0023813247680664062,1,1,1e-06,0.0
1,0.0024292469024658203,1,1,1e-06,0.0
1,0.0031540393829345703,1,1,1e-06,0.0
1,0.0024788379669189453,1,1,1e-06,0.0
1,0.0029611587524414062,1,1,1e-06,0.0
1,0.0051190853118896484,1,1,1e-06,0.0
1,0.0023746490478515625,1,1,1e-06,0.0
1,0.003279447555541992,1,1,1e-06,0.0
1,0.003126859664916992,1,1,1e-06,0.0
1,0.007342338562011719,1,1,1e-06,0.0
1,0.0025587081909179688,1,1,1e-06,0.0
1,0.002718687057495117,1,1,1e-06,0.0
1,0.003180980682373047,1,1,1e-06,0.0
1,0.015079736709594727,1,1,1e-06,0.0
1,0.013851404190063477,1,1,1e-06,0.0
1,0.0034563541412353516,1,1,1e-06,0.0
1,0.10928869247436523,1,1,1e-06,0.0
1,0.0027763843536376953,1,1,1e-06,0.0
1,0.0037615299224853516,1,1,1e-06,0.0
1,0.003814697265625,1,1,1e-06,0.0
1,0.018683671951293945,1,1,1e-06,0.0
1,0.002463102340698242,1,1,1e-06,0.0
1,0.0024733543395996094,1,1,1e-06,0.0
1,0.004362821578979492,1,1,1e-06,0.0
1,0.003123760223388672,1,1,1e-06,0.0
1,0.003949880599975586,1,1,1e-06,0.0
1,0.09584856033325195,1,1,1e-06,0.0
1,0.06306147575378418,1,1,1e-06,0.0
1,0.002885580062866211,1,1,1e-06,0.0
1,0.0028226375579833984,1,1,1e-06,0.0
1,0.0020380020141601562,1,1,1e-06,0.0
1,0.002833127975463867,1,1,1e-06,0.0
1,0.0025937557220458984,1,1,1e-06,0.0
1,0.0036156177520751953,1,1,1e-06,0.0
1,0.0026297569274902344,1,1,1e-06,0.0
1,0.0043108463287353516,1,1,1e-06,0.0
1,0.08138585090637207,1,1,1e-06,0.0
1,0.0021903514862060547,1,1,1e-06,0.0
1,0.006926774978637695,1,1,1e-06,0.0
1,0.0024378299713134766,1,1,1e-06,0.0
1,0.0038373470306396484,1,1,1e-06,0.0
1,0.002426624298095703,1,1,1e-06,0.0
1,0.0234987735748291,1,1,1e-06,0.0
1,0.0023844242095947266,1,1,1e-06,0.0
1,0.003008127212524414,1,1,1e-06,0.0
1,0.0032300949096679688,1,1,1e-06,0.0
1,0.002177000045776367,1,1,1e-06,0.0
1,0.003670930862426758,1,1,1e-06,0.0
1,0.03759264945983887,1,1,1e-06,0.0
1,0.03563833236694336,1,1,1e-06,0.0
1,0.014116048812866211,1,1,1e-06,0.0
1,0.0024030208587646484,1,1,1e-06,0.0
1,0.003022909164428711,1,1,1e-06,0.0
1,0.002411365509033203,1,1,1e-06,0.0
1,0.021404027938842773,1,1,1e-06,0.0
1,0.00275421142578125,1,1,1e-06,0.0
1,0.002153635025024414,1,1,1e-06,0.0
1,0.007249116897583008,1,1,1e-06,0.0
1,0.0023038387298583984,1,1,1e-06,0.0
1,0.0026009082794189453,1,1,1e-06,0.0
1,0.002910137176513672,1,1,1e-06,0.0
1,0.004608154296875,1,1,1e-06,0.0
1,0.0178530216217041,1,1,1e-06,0.0
1,0.0026361942291259766,1,1,1e-06,0.0
1,0.0026040077209472656,1,1,1e-06,0.0
1,0.0026628971099853516,1,1,1e-06,0.0
1,0.0024573802947998047,1,1,1e-06,0.0
1,0.014124631881713867,1,1,1e-06,0.0
1,0.003347635269165039,1,1,1e-06,0.0
1,0.0032744407653808594,1,1,1e-06,0.0
1,0.0021588802337646484,1,1,1e-06,0.0
1,0.0030317306518554688,1,1,1e-06,0.0
1,0.03778719902038574,1,1,1e-06,0.0
1,0.0026307106018066406,1,1,1e-06,0.0
1,0.0022258758544921875,1,1,1e-06,0.0
1,0.001993417739868164,1,1,1e-06,0.0
1,0.017620086669921875,1,1,1e-06,0.0
1,0.0036211013793945312,1,1,1e-06,0.0
1,0.0026328563690185547,1,1,1e-06,0.0
1,0.0038652420043945312,1,1,1e-06,0.0
1,0.025385618209838867,1,1,1e-06,0.0
1,0.0028786659240722656,1,1,1e-06,0.0
1,0.0047075748443603516,1,1,1e-06,0.0
1,0.00410151481628418,1,1,1e-06,0.0
1,0.004639148712158203,1,1,1e-06,0.0
1,0.03308868408203125,1,1,1e-06,0.0
1,0.0027043819427490234,1,1,1e-06,0.0
1,0.003258943557739258,1,1,1e-06,0.0
1,0.06342601776123047,1,1,1e-06,0.0
1,0.002062082290649414,1,1,1e-06,0.0
1,0.0056438446044921875,1,1,1e-06,0.0
1,0.013370037078857422,1,1,1e-06,0.0
1,0.00830388069152832,1,1,1e-06,0.0
1,0.00213623046875,1,1,1e-06,0.0
1,0.0017018318176269531,1,1,1e-06,0.0
1,0.0030007362365722656,1,1,1e-06,0.0
1,0.02855372428894043,1,1,1e-06,0.0
1,0.0018727779388427734,1,1,1e-06,0.0
1,0.006916046142578125,1,1,1e-06,0.0
1,0.002132415771484375,1,1,1e-06,0.0
1,0.002696514129638672,1,1,1e-06,0.0
1,0.0025606155395507812,1,1,1e-06,0.0
1,0.002282857894897461,1,1,1e-06,0.0
1,0.0016961097717285156,1,1,1e-06,0.0
1,0.0034470558166503906,1,1,1e-06,0.0
1,0.0025644302368164062,1,1,1e-06,0.0
1,0.0030460357666015625,1,1,1e-06,0.0
1,0.003376483917236328,1,1,1e-06,0.0
1,0.002153158187866211,1,1,1e-06,0.0
1,0.0023565292358398438,1,1,1e-06,0.0
1,0.0025665760040283203,1,1,1e-06,0.0
1,0.0025048255920410156,1,1,1e-06,0.0
1,0.0024902820587158203,1,1,1e-06,0.0
1,0.01836705207824707,1,1,1e-06,0.0
1,0.0027496814727783203,1,1,1e-06,0.0
1,0.0024993419647216797,1,1,1e-06,0.0
1,0.0039501190185546875,1,1,1e-06,0.0
1,0.01296687126159668,1,1,1e-06,0.0
1,0.002490520477294922,1,1,1e-06,0.0
1,0.0064852237701416016,1,1,1e-06,0.0
1,0.0027725696563720703,1,1,1e-06,0.0
1,0.0019259452819824219,1,1,1e-06,0.0
1,0.002492666244506836,1,1,1e-06,0.0
1,0.022160768508911133,1,1,1e-06,0.0
1,0.0025854110717773438,1,1,1e-06,0.0
1,0.040581703186035156,1,1,1e-06,0.0
1,0.002386808395385742,1,1,1e-06,0.0
1,0.0024564266204833984,1,1,1e-06,0.0
1,0.0040836334228515625,1,1,1e-06,0.0
1,0.0026633739471435547,1,1,1e-06,0.0
1,0.0061872005462646484,1,1,1e-06,0.0
1,0.00218963623046875,1,1,1e-06,0.0
1,0.0028455257415771484,1,1,1e-06,0.0
1,0.0029456615447998047,1,1,1e-06,0.0
1,0.0022187232971191406,1,1,1e-06,0.0
1,0.00270843505859375,1,1,1e-06,0.0
1,0.002000570297241211,1,1,1e-06,0.0
1,0.0021185874938964844,1,1,1e-06,0.0
1,0.002405881881713867,1,1,1e-06,0.0
1,0.002405881881713867,1,1,1e-06,0.0
1,0.00251007080078125,1,1,1e-06,0.0
1,0.0021209716796875,1,1,1e-06,0.0
1,0.014175176620483398,1,1,1e-06,0.0
1,0.0020847320556640625,1,1,1e-06,0.0
1,0.0024423599243164062,1,1,1e-06,0.0
1,0.0022041797637939453,1,1,1e-06,0.0
1,0.002359628677368164,1,1,1e-06,0.0
1,0.0030884742736816406,1,1,1e-06,0.0
1,0.020088911056518555,1,1,1e-06,0.0
1,0.001941680908203125,1,1,1e-06,0.0
1,0.005448818206787109,1,1,1e-06,0.0
1,0.0020394325256347656,1,1,1e-06,0.0
1,0.002501964569091797,1,1,1e-06,0.0
1,0.002990245819091797,1,1,1e-06,0.0
1,0.0022912025451660156,1,1,1e-06,0.0
1,0.02052593231201172,1,1,1e-06,0.0
1,0.004091501235961914,1,1,1e-06,0.0
1,0.0019505023956298828,1,1,1e-06,0.0
1,0.023007631301879883,1,1,1e-06,0.0
1,0.0014500617980957031,1,1,1e-06,0.0
1,0.0020477771759033203,1,1,1e-06,0.0
1,0.007303953170776367,1,1,1e-06,0.0
1,0.002335786819458008,1,1,1e-06,0.0
1,0.0023391246795654297,1,1,1e-06,0.0
1,0.003261089324951172,1,1,1e-06,0.0
1,0.0031261444091796875,1,1,1e-06,0.0
1,0.00933218002319336,1,1,1e-06,0.0
1,0.0024597644805908203,1,1,1e-06,0.0
1,0.0017881393432617188,1,1,1e-06,0.0
1,0.015490531921386719,1,1,1e-06,0.0
1,0.002341032028198242,1,1,1e-06,0.0
1,0.0024640560150146484,1,1,1e-06,0.0
1,0.0028629302978515625,1,1,1e-06,0.0
1,0.0027475357055664062,1,1,1e-06,0.0
1,0.004336357116699219,1,1,1e-06,0.0
1,0.002641916275024414,1,1,1e-06,0.0
1,0.003201723098754883,1,1,1e-06,0.0
1,0.002250194549560547,1,1,1e-06,0.0
1,0.0027725696563720703,1,1,1e-06,0.0
1,0.002906322479248047,1,1,1e-06,0.0
1,0.022532939910888672,1,1,1e-06,0.0
1,0.0022382736206054688,1,1,1e-06,0.0
1,0.0026557445526123047,1,1,1e-06,0.0
1,0.004772663116455078,1,1,1e-06,0.0
1,0.002094268798828125,1,1,1e-06,0.0
1,0.0026178359985351562,1,1,1e-06,0.0
1,0.04931378364562988,1,1,1e-06,0.0
1,0.002696514129638672,1,1,1e-06,0.0
1,0.005480527877807617,1,1,1e-06,0.0
1,0.002351522445678711,1,1,1e-06,0.0
1,0.014455556869506836,1,1,1e-06,0.0
1,0.002278566360473633,1,1,1e-06,0.0
1,0.003000497817993164,1,1,1e-06,0.0
1,0.0022788047790527344,1,1,1e-06,0.0
1,0.0069026947021484375,1,1,1e-06,0.0
1,0.08376693725585938,1,1,1e-06,0.0
1,0.0021941661834716797,1,1,1e-06,0.0
1,0.002688884735107422,1,1,1e-06,0.0
1,0.002433300018310547,1,1,1e-06,0.0
1,0.022403955459594727,1,1,1e-06,0.0
1,0.0023860931396484375,1,1,1e-06,0.0
1,0.002158641815185547,1,1,1e-06,0.0
1,0.011202096939086914,1,1,1e-06,0.0
1,0.0024466514587402344,1,1,1e-06,0.0
1,0.0024366378784179688,1,1,1e-06,0.0
1,0.002816438674926758,1,1,1e-06,0.0
1,0.01490163803100586,1,1,1e-06,0.0
1,0.0030455589294433594,1,1,1e-06,0.0
1,0.0029845237731933594,1,1,1e-06,0.0
1,0.0017457008361816406,1,1,1e-06,0.0
1,0.04061007499694824,1,1,1e-06,0.0
1,0.0022895336151123047,1,1,1e-06,0.0
1,0.005155324935913086,1,1,1e-06,0.0
1,0.0024368762969970703,1,1,1e-06,0.0
1,0.0022954940795898438,1,1,1e-06,0.0
1,0.015745162963867188,1,1,1e-06,0.0
1,0.002401590347290039,1,1,1e-06,0.0
1,0.002921581268310547,1,1,1e-06,0.0
1,0.0021262168884277344,1,1,1e-06,0.0
1,0.013351917266845703,1,1,1e-06,0.0
1,0.002420663833618164,1,1,1e-06,0.0
1,0.002199411392211914,1,1,1e-06,0.0
1,0.003599405288696289,1,1,1e-06,0.0
1,0.0030040740966796875,1,1,1e-06,0.0
1,0.0033445358276367188,1,1,1e-06,0.0
1,0.0031359195709228516,1,1,1e-06,0.0
1,0.002361297607421875,1,1,1e-06,0.0
1,0.0024154186248779297,1,1,1e-06,0.0
1,0.0035686492919921875,1,1,1e-06,0.0
1,0.002102375030517578,1,1,1e-06,0.0
1,0.002087116241455078,1,1,1e-06,0.0
1,0.002465963363647461,1,1,1e-06,0.0
1,0.021884679794311523,1,1,1e-06,0.0
1,0.013027667999267578,1,1,1e-06,0.0
1,0.014817953109741211,1,1,1e-06,0.0
1,0.0026133060455322266,1,1,1e-06,0.0
1,0.003366708755493164,1,1,1e-06,0.0
1,0.0037670135498046875,1,1,1e-06,0.0
1,0.0027976036071777344,1,1,1e-06,0.0
1,0.002839803695678711,1,1,1e-06,0.0
1,0.0029075145721435547,1,1,1e-06,0.0
1,0.10679960250854492,1,1,1e-06,0.0
1,0.0022563934326171875,1,1,1e-06,0.0
1,0.05030417442321777,1,1,1e-06,0.0
1,0.014147281646728516,1,1,1e-06,0.0
1,0.002499103546142578,1,1,1e-06,0.0
1,0.0022430419921875,1,1,1e-06,0.0
1,0.0021524429321289062,1,1,1e-06,0.0
1,0.0045359134674072266,1,1,1e-06,0.0
1,0.0023958683013916016,1,1,1e-06,0.0
1,0.008970022201538086,1,1,1e-06,0.0
1,0.0028951168060302734,1,1,1e-06,0.0
1,0.014443159103393555,1,1,1e-06,0.0
1,0.002506732940673828,1,1,1e-06,0.0
1,0.012154579162597656,1,1,1e-06,0.0
1,0.022766590118408203,1,1,1e-06,0.0
1,0.011830568313598633,1,1,1e-06,0.0
1,0.014327287673950195,1,1,1e-06,0.0
1,0.006813526153564453,1,1,1e-06,0.0
1,0.0033550262451171875,1,1,1e-06,0.0
1,0.0015673637390136719,1,1,1e-06,0.0
1,0.001699686050415039,1,1,1e-06,0.0
1,0.002057790756225586,1,1,1e-06,0.0
1,0.02154850959777832,1,1,1e-06,0.0
1,0.0651705265045166,1,1,1e-06,0.0
1,0.002788066864013672,1,1,1e-06,0.0
1,0.003999233245849609,1,1,1e-06,0.0
1,0.01623392105102539,1,1,1e-06,0.0
1,0.06410098075866699,1,1,1e-06,0.0
1,0.016783952713012695,1,1,1e-06,0.0
1,0.0108489990234375,1,1,1e-06,0.0
1,0.0031752586364746094,1,1,1e-06,0.0
1,0.003086566925048828,1,1,1e-06,0.0
1,0.023000240325927734,1,1,1e-06,0.0
1,0.0022089481353759766,1,1,1e-06,0.0
1,0.002093076705932617,1,1,1e-06,0.0
1,0.0016777515411376953,1,1,1e-06,0.0
1,0.0026397705078125,1,1,1e-06,0.0
1,0.002096414566040039,1,1,1e-06,0.0
1,0.001859903335571289,1,1,1e-06,0.0
1,0.009165525436401367,1,1,1e-06,0.0
1,0.019811630249023438,1,1,1e-06,0.0
1,0.002218961715698242,1,1,1e-06,0.0
1,0.0019462108612060547,1,1,1e-06,0.0
1,0.0021333694458007812,1,1,1e-06,0.0
1,0.003747224807739258,1,1,1e-06,0.0
1,0.0021054744720458984,1,1,1e-06,0.0
1,0.015077829360961914,1,1,1e-06,0.0
1,0.0023844242095947266,1,1,1e-06,0.0
1,0.0024747848510742188,1,1,1e-06,0.0
1,0.0028536319732666016,1,1,1e-06,0.0
1,0.0036208629608154297,1,1,1e-06,0.0
1,0.003972530364990234,1,1,1e-06,0.0
1,0.012145519256591797,1,1,1e-06,0.0
1,0.003693103790283203,1,1,1e-06,0.0
1,0.0023050308227539062,1,1,1e-06,0.0
1,0.0026979446411132812,1,1,1e-06,0.0
1,0.0024721622467041016,1,1,1e-06,0.0
1,0.0026416778564453125,1,1,1e-06,0.0
1,0.002288818359375,1,1,1e-06,0.0
1,0.0023984909057617188,1,1,1e-06,0.0
1,0.003246307373046875,1,1,1e-06,0.0
1,0.02052474021911621,1,1,1e-06,0.0
1,0.0025153160095214844,1,1,1e-06,0.0
1,0.0033462047576904297,1,1,1e-06,0.0
1,0.002794027328491211,1,1,1e-06,0.0
1,0.0026199817657470703,1,1,1e-06,0.0
1,0.012418746948242188,1,1,1e-06,0.0
1,0.0020885467529296875,1,1,1e-06,0.0
1,0.0018668174743652344,1,1,1e-06,0.0
1,0.002801656723022461,1,1,1e-06,0.0
1,0.012549638748168945,1,1,1e-06,0.0
1,0.002353668212890625,1,1,1e-06,0.0
1,0.0019125938415527344,1,1,1e-06,0.0
1,0.001600027084350586,1,1,1e-06,0.0
1,0.03140115737915039,1,1,1e-06,0.0
1,0.03168010711669922,1,1,1e-06,0.0
1,0.003473997116088867,1,1,1e-06,0.0
1,0.01462411880493164,1,1,1e-06,0.0
1,0.0033750534057617188,1,1,1e-06,0.0
1,0.002977132797241211,1,1,1e-06,0.0
1,0.002176046371459961,1,1,1e-06,0.0
1,0.002922534942626953,1,1,1e-06,0.0
1,0.0017900466918945312,1,1,1e-06,0.0
1,0.0021076202392578125,1,1,1e-06,0.0
1,0.02885293960571289,1,1,1e-06,0.0
1,0.002650022506713867,1,1,1e-06,0.0
1,0.0022840499877929688,1,1,1e-06,0.0
1,0.0025396347045898438,1,1,1e-06,0.0
1,0.0024988651275634766,1,1,1e-06,0.0
1,0.0027418136596679688,1,1,1e-06,0.0
1,0.01306772232055664,1,1,1e-06,0.0
1,0.045230865478515625,1,1,1e-06,0.0
1,0.004149675369262695,1,1,1e-06,0.0
1,0.0031986236572265625,1,1,1e-06,0.0
1,0.017362356185913086,1,1,1e-06,0.0
1,0.002312898635864258,1,1,1e-06,0.0
1,0.0021233558654785156,1,1,1e-06,0.0
1,0.0020532608032226562,1,1,1e-06,0.0
1,0.012107133865356445,1,1,1e-06,0.0
1,0.002165555953979492,1,1,1e-06,0.0
1,0.0024335384368896484,1,1,1e-06,0.0
1,0.0021238327026367188,1,1,1e-06,0.0
1,0.01714634895324707,1,1,1e-06,0.0
1,0.001981496810913086,1,1,1e-06,0.0
1,0.0025014877319335938,1,1,1e-06,0.0
1,0.023569583892822266,1,1,1e-06,0.0
1,0.0033075809478759766,1,1,1e-06,0.0
1,0.002375364303588867,1,1,1e-06,0.0
1,0.024201393127441406,1,1,1e-06,0.0
1,0.0042002201080322266,1,1,1e-06,0.0
1,0.0032477378845214844,1,1,1e-06,0.0
1,0.0026483535766601562,1,1,1e-06,0.0
1,0.002238750457763672,1,1,1e-06,0.0
1,0.002887725830078125,1,1,1e-06,0.0
1,0.003186941146850586,1,1,1e-06,0.0
1,0.013776779174804688,1,1,1e-06,0.0
1,0.0020711421966552734,1,1,1e-06,0.0
1,0.001998424530029297,1,1,1e-06,0.0
1,0.004103422164916992,1,1,1e-06,0.0
1,0.003812074661254883,1,1,1e-06,0.0
1,0.004137277603149414,1,1,1e-06,0.0
1,0.001817464828491211,1,1,1e-06,0.0
1,0.002192974090576172,1,1,1e-06,0.0
1,0.002474546432495117,1,1,1e-06,0.0
1,0.0016977787017822266,1,1,1e-06,0.0
1,0.0017833709716796875,1,1,1e-06,0.0
1,0.0025196075439453125,1,1,1e-06,0.0
1,0.0019707679748535156,1,1,1e-06,0.0
1,0.0019516944885253906,1,1,1e-06,0.0
1,0.004199981689453125,1,1,1e-06,0.0
1,0.0029764175415039062,1,1,1e-06,0.0
1,0.002042055130004883,1,1,1e-06,0.0
1,0.02251601219177246,1,1,1e-06,0.0
1,0.012293577194213867,1,1,1e-06,0.0
1,0.0023665428161621094,1,1,1e-06,0.0
1,0.0044252872467041016,1,1,1e-06,0.0
1,0.004102230072021484,1,1,1e-06,0.0
1,0.002172231674194336,1,1,1e-06,0.0
1,0.0023720264434814453,1,1,1e-06,0.0
1,0.0018055438995361328,1,1,1e-06,0.0
1,0.003754854202270508,1,1,1e-06,0.0
1,0.0022766590118408203,1,1,1e-06,0.0
1,0.0018935203552246094,1,1,1e-06,0.0
1,0.0022745132446289062,1,1,1e-06,0.0
1,0.004498004913330078,1,1,1e-06,0.0
1,0.0025103092193603516,1,1,1e-06,0.0
1,0.0020613670349121094,1,1,1e-06,0.0
1,0.0055348873138427734,1,1,1e-06,0.0
1,0.0031948089599609375,1,1,1e-06,0.0
1,0.0038003921508789062,1,1,1e-06,0.0
1,0.0019974708557128906,1,1,1e-06,0.0
1,0.0036163330078125,1,1,1e-06,0.0
1,0.002706766128540039,1,1,1e-06,0.0
1,0.004675626754760742,1,1,1e-06,0.0
1,0.0019783973693847656,1,1,1e-06,0.0
1,0.0022711753845214844,1,1,1e-06,0.0
1,0.002223491668701172,1,1,1e-06,0.0
1,0.014065742492675781,1,1,1e-06,0.0
1,0.0027551651000976562,1,1,1e-06,0.0
1,0.0026590824127197266,1,1,1e-06,0.0
1,0.0030400753021240234,1,1,1e-06,0.0
1,0.002267122268676758,1,1,1e-06,0.0
1,0.013401269912719727,1,1,1e-06,0.0
1,0.003303050994873047,1,1,1e-06,0.0
1,0.002382993698120117,1,1,1e-06,0.0
1,0.0025560855865478516,1,1,1e-06,0.0
1,0.0026159286499023438,1,1,1e-06,0.0
1,0.00449371337890625,1,1,1e-06,0.0
1,0.0022401809692382812,1,1,1e-06,0.0
1,0.0033445358276367188,1,1,1e-06,0.0
1,0.0021200180053710938,1,1,1e-06,0.0
1,0.0023343563079833984,1,1,1e-06,0.0
1,0.004541873931884766,1,1,1e-06,0.0
1,0.012768983840942383,1,1,1e-06,0.0
1,0.007249116897583008,1,1,1e-06,0.0
1,0.0018541812896728516,1,1,1e-06,0.0
1,0.0021278858184814453,1,1,1e-06,0.0
1,0.0021369457244873047,1,1,1e-06,0.0
1,0.062293291091918945,1,1,1e-06,0.0
1,0.0033249855041503906,1,1,1e-06,0.0
1,0.004709959030151367,1,1,1e-06,0.0
1,0.0166323184967041,1,1,1e-06,0.0
1,0.012843132019042969,1,1,1e-06,0.0
1,0.0025839805603027344,1,1,1e-06,0.0
1,0.0032601356506347656,1,1,1e-06,0.0
1,0.0168759822845459,1,1,1e-06,0.0
1,0.005060434341430664,1,1,1e-06,0.0
1,0.0025827884674072266,1,1,1e-06,0.0
1,0.0024538040161132812,1,1,1e-06,0.0
1,0.0022430419921875,1,1,1e-06,0.0
1,0.0017886161804199219,1,1,1e-06,0.0
1,0.0050220489501953125,1,1,1e-06,0.0
1,0.0026018619537353516,1,1,1e-06,0.0
1,0.013479471206665039,1,1,1e-06,0.0
1,0.014757871627807617,1,1,1e-06,0.0
1,0.0025272369384765625,1,1,1e-06,0.0
1,0.002095460891723633,1,1,1e-06,0.0
1,0.0024199485778808594,1,1,1e-06,0.0
1,0.005232810974121094,1,1,1e-06,0.0
1,0.004486799240112305,1,1,1e-06,0.0
1,0.0022492408752441406,1,1,1e-06,0.0
1,0.0020563602447509766,1,1,1e-06,0.0
1,0.002214670181274414,1,1,1e-06,0.0
1,0.0024106502532958984,1,1,1e-06,0.0
1,0.0020780563354492188,1,1,1e-06,0.0
1,0.002033710479736328,1,1,1e-06,0.0
1,0.021930217742919922,1,1,1e-06,0.0
1,0.003251314163208008,1,1,1e-06,0.0
1,0.002022266387939453,1,1,1e-06,0.0
1,0.01275777816772461,1,1,1e-06,0.0
1,0.044795989990234375,1,1,1e-06,0.0
1,0.012161970138549805,1,1,1e-06,0.0
1,0.002777576446533203,1,1,1e-06,0.0
1,0.0018086433410644531,1,1,1e-06,0.0
1,0.002310037612915039,1,1,1e-06,0.0
1,0.002374410629272461,1,1,1e-06,0.0
1,0.006659507751464844,1,1,1e-06,0.0
1,0.0021805763244628906,1,1,1e-06,0.0
1,0.0031714439392089844,1,1,1e-06,0.0
1,0.0024979114532470703,1,1,1e-06,0.0
1,0.0022852420806884766,1,1,1e-06,0.0
1,0.002980947494506836,1,1,1e-06,0.0
1,0.002452850341796875,1,1,1e-06,0.0
1,0.0023512840270996094,1,1,1e-06,0.0
1,0.0065767765045166016,1,1,1e-06,0.0
1,0.003143787384033203,1,1,1e-06,0.0
1,0.004112720489501953,1,1,1e-06,0.0
1,0.0020940303802490234,1,1,1e-06,0.0
1,0.0028493404388427734,1,1,1e-06,0.0
1,0.0024051666259765625,1,1,1e-06,0.0
1,0.0018992424011230469,1,1,1e-06,0.0
1,0.0029506683349609375,1,1,1e-06,0.0
1,0.002618074417114258,1,1,1e-06,0.0
1,0.0027878284454345703,1,1,1e-06,0.0
1,0.0024633407592773438,1,1,1e-06,0.0
1,0.009645938873291016,1,1,1e-06,0.0
1,0.0035500526428222656,1,1,1e-06,0.0
1,0.002492189407348633,1,1,1e-06,0.0
1,0.0027627944946289062,1,1,1e-06,0.0
1,0.059819698333740234,1,1,1e-06,0.0
1,0.0030291080474853516,1,1,1e-06,0.0
1,0.002588510513305664,1,1,1e-06,0.0
1,0.0023393630981445312,1,1,1e-06,0.0
1,0.0037941932678222656,1,1,1e-06,0.0
1,0.14755606651306152,1,1,1e-06,0.0
1,0.01512908935546875,1,1,1e-06,0.0
1,0.0021452903747558594,1,1,1e-06,0.0
1,0.0022912025451660156,1,1,1e-06,0.0
1,0.0021123886108398438,1,1,1e-06,0.0
1,0.003234386444091797,1,1,1e-06,0.0
1,0.002355813980102539,1,1,1e-06,0.0
1,0.011933088302612305,1,1,1e-06,0.0
1,0.0025489330291748047,1,1,1e-06,0.0
1,0.0029261112213134766,1,1,1e-06,0.0
1,0.026790857315063477,1,1,1e-06,0.0
1,0.009691953659057617,1,1,1e-06,0.0
1,0.00397181510925293,1,1,1e-06,0.0
1,0.007230997085571289,1,1,1e-06,0.0
1,0.027327299118041992,1,1,1e-06,0.0
1,0.0032994747161865234,1,1,1e-06,0.0
1,0.003787994384765625,1,1,1e-06,0.0
1,0.0028367042541503906,1,1,1e-06,0.0
1,0.002645730972290039,1,1,1e-06,0.0
1,0.004153251647949219,1,1,1e-06,0.0
1,0.003000497817993164,1,1,1e-06,0.0
1,0.002861499786376953,1,1,1e-06,0.0
1,0.002249002456665039,1,1,1e-06,0.0
1,0.0021200180053710938,1,1,1e-06,0.0
1,0.00225830078125,1,1,1e-06,0.0
1,0.00254058837890625,1,1,1e-06,0.0
1,0.002156496047973633,1,1,1e-06,0.0
1,0.0024340152740478516,1,1,1e-06,0.0
1,0.002788066864013672,1,1,1e-06,0.0
1,0.004811525344848633,1,1,1e-06,0.0
1,0.003475189208984375,1,1,1e-06,0.0
1,0.013569355010986328,1,1,1e-06,0.0
1,0.03717827796936035,1,1,1e-06,0.0
1,0.0027091503143310547,1,1,1e-06,0.0
1,0.0029609203338623047,1,1,1e-06,0.0
1,0.003125429153442383,1,1,1e-06,0.0
1,0.005854129791259766,1,1,1e-06,0.0
1,0.0026061534881591797,1,1,1e-06,0.0
1,0.002492189407348633,1,1,1e-06,0.0
1,0.0032117366790771484,1,1,1e-06,0.0
1,0.005096912384033203,1,1,1e-06,0.0
1,0.002781391143798828,1,1,1e-06,0.0
1,0.004271268844604492,1,1,1e-06,0.0
1,0.002046823501586914,1,1,1e-06,0.0
1,0.0028219223022460938,1,1,1e-06,0.0
1,0.0023910999298095703,1,1,1e-06,0.0
1,0.0021736621856689453,1,1,1e-06,0.0
1,0.004017353057861328,1,1,1e-06,0.0
1,0.003720521926879883,1,1,1e-06,0.0
1,0.0030350685119628906,1,1,1e-06,0.0
1,0.002485036849975586,1,1,1e-06,0.0
1,0.002287626266479492,1,1,1e-06,0.0
1,0.006125926971435547,1,1,1e-06,0.0
1,0.003210783004760742,1,1,1e-06,0.0
1,0.003131389617919922,1,1,1e-06,0.0
1,0.005079746246337891,1,1,1e-06,0.0
1,0.00264739990234375,1,1,1e-06,0.0
1,0.00255584716796875,1,1,1e-06,0.0
1,0.0021636486053466797,1,1,1e-06,0.0
1,0.0021500587463378906,1,1,1e-06,0.0
1,0.001934051513671875,1,1,1e-06,0.0
1,0.002700328826904297,1,1,1e-06,0.0
1,0.0024683475494384766,1,1,1e-06,0.0
1,0.003103494644165039,1,1,1e-06,0.0
1,0.002580404281616211,1,1,1e-06,0.0
1,0.015346050262451172,1,1,1e-06,0.0
1,0.002545595169067383,1,1,1e-06,0.0
1,0.0022661685943603516,1,1,1e-06,0.0
1,0.0023610591888427734,1,1,1e-06,0.0
1,0.0019390583038330078,1,1,1e-06,0.0
1,0.0034477710723876953,1,1,1e-06,0.0
1,0.002282857894897461,1,1,1e-06,0.0
1,0.002303600311279297,1,1,1e-06,0.0
1,0.002496480941772461,1,1,1e-06,0.0
1,0.002061605453491211,1,1,1e-06,0.0
1,0.0018563270568847656,1,1,1e-06,0.0
1,0.0037834644317626953,1,1,1e-06,0.0
1,0.002493619918823242,1,1,1e-06,0.0
1,0.019416093826293945,1,1,1e-06,0.0
1,0.0027875900268554688,1,1,1e-06,0.0
1,0.0019021034240722656,1,1,1e-06,0.0
1,0.002040386199951172,1,1,1e-06,0.0
1,0.0026237964630126953,1,1,1e-06,0.0
1,0.0019028186798095703,1,1,1e-06,0.0
1,0.002742767333984375,1,1,1e-06,0.0
1,0.0028476715087890625,1,1,1e-06,0.0
1,0.0022902488708496094,1,1,1e-06,0.0
1,0.0019888877868652344,1,1,1e-06,0.0
1,0.0028519630432128906,1,1,1e-06,0.0
1,0.02524709701538086,1,1,1e-06,0.0
1,0.0021445751190185547,1,1,1e-06,0.0
1,0.002007722854614258,1,1,1e-06,0.0
1,0.003028392791748047,1,1,1e-06,0.0
1,0.0028228759765625,1,1,1e-06,0.0
1,0.0022690296173095703,1,1,1e-06,0.0
1,0.0020368099212646484,1,1,1e-06,0.0
1,0.0029163360595703125,1,1,1e-06,0.0
1,0.0024280548095703125,1,1,1e-06,0.0
1,0.0025696754455566406,1,1,1e-06,0.0
1,0.004678249359130859,1,1,1e-06,0.0
1,0.0039174556732177734,1,1,1e-06,0.0
1,0.0031998157501220703,1,1,1e-06,0.0
1,0.003704071044921875,1,1,1e-06,0.0
1,0.005194425582885742,1,1,1e-06,0.0
1,0.003470182418823242,1,1,1e-06,0.0
1,0.0045015811920166016,1,1,1e-06,0.0
1,0.0037331581115722656,1,1,1e-06,0.0
1,0.004202604293823242,1,1,1e-06,0.0
1,0.004615306854248047,1,1,1e-06,0.0
1,0.003770112991333008,1,1,1e-06,0.0
1,0.01731586456298828,1,1,1e-06,0.0
1,0.0039403438568115234,1,1,1e-06,0.0
1,0.0030629634857177734,1,1,1e-06,0.0
1,0.20112943649291992,1,1,1e-06,0.0
1,0.004599809646606445,1,1,1e-06,0.0
1,0.003772735595703125,1,1,1e-06,0.0
1,0.0032935142517089844,1,1,1e-06,0.0
1,0.006443977355957031,1,1,1e-06,0.0
1,0.007681846618652344,1,1,1e-06,0.0
1,0.0040781497955322266,1,1,1e-06,0.0
1,0.0035140514373779297,1,1,1e-06,0.0
1,0.004838705062866211,1,1,1e-06,0.0
1,0.005614042282104492,1,1,1e-06,0.0
1,0.006839752197265625,1,1,1e-06,0.0
1,0.011342048645019531,1,1,1e-06,0.0
1,0.00439906120300293,1,1,1e-06,0.0
1,0.013298273086547852,1,1,1e-06,0.0
1,0.0036423206329345703,1,1,1e-06,0.0
1,0.009917974472045898,1,1,1e-06,0.0
1,0.003073453903198242,1,1,1e-06,0.0
1,0.003691434860229492,1,1,1e-06,0.0
1,0.010847330093383789,1,1,1e-06,0.0
1,0.05083060264587402,1,1,1e-06,0.0
1,0.0035932064056396484,1,1,1e-06,0.0
1,0.059239864349365234,1,1,1e-06,0.0
1,0.03955888748168945,1,1,1e-06,0.0
1,0.0038781166076660156,1,1,1e-06,0.0
1,0.0029137134552001953,1,1,1e-06,0.0
1,0.01079106330871582,1,1,1e-06,0.0
1,0.004429340362548828,1,1,1e-06,0.0
1,0.004856586456298828,1,1,1e-06,0.0
1,0.008631229400634766,1,1,1e-06,0.0
1,0.05018353462219238,1,1,1e-06,0.0
1,0.006952762603759766,1,1,1e-06,0.0
1,0.1843571662902832,1,1,1e-06,0.0
1,0.003643512725830078,1,1,1e-06,0.0
1,0.0036699771881103516,1,1,1e-06,0.0
1,0.0036890506744384766,1,1,1e-06,0.0
1,0.0048711299896240234,1,1,1e-06,0.0
1,0.013880491256713867,1,1,1e-06,0.0
1,0.007642984390258789,1,1,1e-06,0.0
1,0.0066127777099609375,1,1,1e-06,0.0
1,0.017023801803588867,1,1,1e-06,0.0
1,0.0033571720123291016,1,1,1e-06,0.0
1,0.06821465492248535,1,1,1e-06,0.0
1,0.021579504013061523,1,1,1e-06,0.0
1,0.08481860160827637,1,1,1e-06,0.0
1,0.003469228744506836,1,1,1e-06,0.0
1,0.003013134002685547,1,1,1e-06,0.0
1,0.07338094711303711,1,1,1e-06,0.0
1,0.0036106109619140625,1,1,1e-06,0.0
1,0.008760929107666016,1,1,1e-06,0.0
1,0.003287076950073242,1,1,1e-06,0.0
1,0.007845163345336914,1,1,1e-06,0.0
1,0.019219398498535156,1,1,1e-06,0.0
1,0.004251956939697266,1,1,1e-06,0.0
1,0.0038008689880371094,1,1,1e-06,0.0
1,0.003484964370727539,1,1,1e-06,0.0
1,0.014222145080566406,1,1,1e-06,0.0
1,0.02086353302001953,1,1,1e-06,0.0
1,0.004113674163818359,1,1,1e-06,0.0
1,0.011147499084472656,1,1,1e-06,0.0
1,0.0028014183044433594,1,1,1e-06,0.0
1,0.09591174125671387,1,1,1e-06,0.0
1,0.06968569755554199,1,1,1e-06,0.0
1,0.0039844512939453125,1,1,1e-06,0.0
1,0.06821608543395996,1,1,1e-06,0.0
1,0.004159688949584961,1,1,1e-06,0.0
1,0.0046885013580322266,1,1,1e-06,0.0
1,0.0060007572174072266,1,1,1e-06,0.0
1,0.0060961246490478516,1,1,1e-06,0.0
1,0.0037078857421875,1,1,1e-06,0.0
1,0.011429786682128906,1,1,1e-06,0.0
1,0.0049724578857421875,1,1,1e-06,0.0
1,0.010214805603027344,1,1,1e-06,0.0
1,0.0033838748931884766,1,1,1e-06,0.0
1,0.003500699996948242,1,1,1e-06,0.0
1,0.04442310333251953,1,1,1e-06,0.0
1,0.003359556198120117,1,1,1e-06,0.0
1,0.003038644790649414,1,1,1e-06,0.0
1,0.10755562782287598,1,1,1e-06,0.0
1,0.002722501754760742,1,1,1e-06,0.0
1,0.004569053649902344,1,1,1e-06,0.0
1,0.0046770572662353516,1,1,1e-06,0.0
1,0.004076480865478516,1,1,1e-06,0.0
1,0.0037817955017089844,1,1,1e-06,0.0
1,0.004914045333862305,1,1,1e-06,0.0
1,0.0034165382385253906,1,1,1e-06,0.0
1,0.0038292407989501953,1,1,1e-06,0.0
1,0.004064321517944336,1,1,1e-06,0.0
1,0.002791881561279297,1,1,1e-06,0.0
1,0.003499269485473633,1,1,1e-06,0.0
1,0.0033791065216064453,1,1,1e-06,0.0
1,0.009283304214477539,1,1,1e-06,0.0
1,0.0046596527099609375,1,1,1e-06,0.0
1,0.006197690963745117,1,1,1e-06,0.0
1,0.0105133056640625,1,1,1e-06,0.0
1,0.009301185607910156,1,1,1e-06,0.0
1,0.0062334537506103516,1,1,1e-06,0.0
1,0.005943775177001953,1,1,1e-06,0.0
1,0.003915071487426758,1,1,1e-06,0.0
1,0.005082845687866211,1,1,1e-06,0.0
1,0.004784345626831055,1,1,1e-06,0.0
1,0.006804227828979492,1,1,1e-06,0.0
1,0.005850553512573242,1,1,1e-06,0.0
1,0.004051923751831055,1,1,1e-06,0.0
1,0.005631208419799805,1,1,1e-06,0.0
1,0.0040225982666015625,1,1,1e-06,0.0
1,0.0030951499938964844,1,1,1e-06,0.0
1,0.005581378936767578,1,1,1e-06,0.0
1,0.004231691360473633,1,1,1e-06,0.0
1,0.0045545101165771484,1,1,1e-06,0.0
1,0.0037500858306884766,1,1,1e-06,0.0
1,0.11485528945922852,1,1,1e-06,0.0
1,0.004992485046386719,1,1,1e-06,0.0
1,0.0042095184326171875,1,1,1e-06,0.0
1,0.005683422088623047,1,1,1e-06,0.0
1,0.009187698364257812,1,1,1e-06,0.0
1,0.007489204406738281,1,1,1e-06,0.0
1,0.005703926086425781,1,1,1e-06,0.0
1,0.0067675113677978516,1,1,1e-06,0.0
1,0.0033473968505859375,1,1,1e-06,0.0
1,0.04689383506774902,1,1,1e-06,0.0
1,0.024243831634521484,1,1,1e-06,0.0
1,0.0032079219818115234,1,1,1e-06,0.0
1,0.006747245788574219,1,1,1e-06,0.0
1,0.006154060363769531,1,1,1e-06,0.0
1,0.007127046585083008,1,1,1e-06,0.0
1,0.023215770721435547,1,1,1e-06,0.0
1,0.004464864730834961,1,1,1e-06,0.0
1,0.004952669143676758,1,1,1e-06,0.0
1,0.0060427188873291016,1,1,1e-06,0.0
1,0.18401288986206055,1,1,1e-06,0.0
1,0.01385951042175293,1,1,1e-06,0.0
1,0.0025908946990966797,1,1,1e-06,0.0
1,0.02828502655029297,1,1,1e-06,0.0
1,0.0030400753021240234,1,1,1e-06,0.0
1,0.003185272216796875,1,1,1e-06,0.0
1,0.0026416778564453125,1,1,1e-06,0.0
1,0.0026879310607910156,1,1,1e-06,0.0
1,0.003627300262451172,1,1,1e-06,0.0
1,0.01021575927734375,1,1,1e-06,0.0
1,0.004023075103759766,1,1,1e-06,0.0
1,0.0038492679595947266,1,1,1e-06,0.0
1,0.0029366016387939453,1,1,1e-06,0.0
1,0.0033159255981445312,1,1,1e-06,0.0
1,0.003119945526123047,1,1,1e-06,0.0
1,0.0034067630767822266,1,1,1e-06,0.0
1,0.0036563873291015625,1,1,1e-06,0.0
1,0.003096342086791992,1,1,1e-06,0.0
1,0.002873659133911133,1,1,1e-06,0.0
1,0.008249044418334961,1,1,1e-06,0.0
1,0.031074047088623047,1,1,1e-06,0.0
1,0.0164797306060791,1,1,1e-06,0.0
1,0.0032362937927246094,1,1,1e-06,0.0
1,0.0024874210357666016,1,1,1e-06,0.0
1,0.022823572158813477,1,1,1e-06,0.0
1,0.005982398986816406,1,1,1e-06,0.0
1,0.019884824752807617,1,1,1e-06,0.0
1,0.0054013729095458984,1,1,1e-06,0.0
1,0.002796649932861328,1,1,1e-06,0.0
1,0.00770878791809082,1,1,1e-06,0.0
1,0.003293275833129883,1,1,1e-06,0.0
1,0.0024471282958984375,1,1,1e-06,0.0
1,0.0029196739196777344,1,1,1e-06,0.0
1,0.0026226043701171875,1,1,1e-06,0.0
1,0.003274202346801758,1,1,1e-06,0.0
1,0.003082752227783203,1,1,1e-06,0.0
1,0.016228914260864258,1,1,1e-06,0.0
1,0.002859830856323242,1,1,1e-06,0.0
1,0.046547651290893555,1,1,1e-06,0.0
1,0.0029408931732177734,1,1,1e-06,0.0
1,0.002710580825805664,1,1,1e-06,0.0
1,0.0026140213012695312,1,1,1e-06,0.0
1,0.051080942153930664,1,1,1e-06,0.0
1,0.0030689239501953125,1,1,1e-06,0.0
1,0.0035424232482910156,1,1,1e-06,0.0
1,0.00413203239440918,1,1,1e-06,0.0
1,0.01522374153137207,1,1,1e-06,0.0
1,0.08508992195129395,1,1,1e-06,0.0
1,0.013178825378417969,1,1,1e-06,0.0
1,0.0028481483459472656,1,1,1e-06,0.0
1,0.002363443374633789,1,1,1e-06,0.0
1,0.03185081481933594,1,1,1e-06,0.0
1,0.004771232604980469,1,1,1e-06,0.0
1,0.002591848373413086,1,1,1e-06,0.0
1,0.0022470951080322266,1,1,1e-06,0.0
1,0.023207664489746094,1,1,1e-06,0.0
1,0.0020923614501953125,1,1,1e-06,0.0
1,0.0025568008422851562,1,1,1e-06,0.0
1,0.002770662307739258,1,1,1e-06,0.0
1,0.0032706260681152344,1,1,1e-06,0.0
1,0.0029456615447998047,1,1,1e-06,0.0
1,0.02338409423828125,1,1,1e-06,0.0
1,0.002523660659790039,1,1,1e-06,0.0
1,0.005217075347900391,1,1,1e-06,0.0
1,0.0026597976684570312,1,1,1e-06,0.0
1,0.0043904781341552734,1,1,1e-06,0.0
1,0.0029091835021972656,1,1,1e-06,0.0
1,0.0027692317962646484,1,1,1e-06,0.0
1,0.030907154083251953,1,1,1e-06,0.0
1,0.0037078857421875,1,1,1e-06,0.0
1,0.003716707229614258,1,1,1e-06,0.0
1,0.03857541084289551,1,1,1e-06,0.0
1,0.002110719680786133,1,1,1e-06,0.0
1,0.0023407936096191406,1,1,1e-06,0.0
1,0.0025718212127685547,1,1,1e-06,0.0
1,0.003187894821166992,1,1,1e-06,0.0
1,0.0030982494354248047,1,1,1e-06,0.0
1,0.015288114547729492,1,1,1e-06,0.0
1,0.12614178657531738,1,1,1e-06,0.0
1,0.003139495849609375,1,1,1e-06,0.0
1,0.002939939498901367,1,1,1e-06,0.0
1,0.004852771759033203,1,1,1e-06,0.0
1,0.0034465789794921875,1,1,1e-06,0.0
1,0.003577709197998047,1,1,1e-06,0.0
1,0.0030493736267089844,1,1,1e-06,0.0
1,0.006139516830444336,1,1,1e-06,0.0
1,0.007584571838378906,1,1,1e-06,0.0
1,0.0027854442596435547,1,1,1e-06,0.0
1,0.009274959564208984,1,1,1e-06,0.0
1,0.003245115280151367,1,1,1e-06,0.0
1,0.026678085327148438,1,1,1e-06,0.0
1,0.026286602020263672,1,1,1e-06,0.0
1,0.003850221633911133,1,1,1e-06,0.0
1,0.0036919116973876953,1,1,1e-06,0.0
1,0.0032913684844970703,1,1,1e-06,0.0
1,0.004204750061035156,1,1,1e-06,0.0
1,0.10913538932800293,1,1,1e-06,0.0
1,0.0036389827728271484,1,1,1e-06,0.0
1,0.03905439376831055,1,1,1e-06,0.0
1,0.003898143768310547,1,1,1e-06,0.0
1,0.0033304691314697266,1,1,1e-06,0.0
1,0.0026917457580566406,1,1,1e-06,0.0
1,0.004184246063232422,1,1,1e-06,0.0
1,0.005428314208984375,1,1,1e-06,0.0
1,0.0033979415893554688,1,1,1e-06,0.0
1,0.004459857940673828,1,1,1e-06,0.0
1,0.01999688148498535,1,1,1e-06,0.0
1,0.0031616687774658203,1,1,1e-06,0.0
1,0.0041120052337646484,1,1,1e-06,0.0
1,0.004193544387817383,1,1,1e-06,0.0
1,0.002552509307861328,1,1,1e-06,0.0
1,0.0030765533447265625,1,1,1e-06,0.0
1,0.00397801399230957,1,1,1e-06,0.0
1,0.0028429031372070312,1,1,1e-06,0.0
1,0.002995729446411133,1,1,1e-06,0.0
1,0.045938968658447266,1,1,1e-06,0.0
1,0.0025479793548583984,1,1,1e-06,0.0
1,0.005883216857910156,1,1,1e-06,0.0
1,0.003604412078857422,1,1,1e-06,0.0
1,0.06644654273986816,1,1,1e-06,0.0
1,0.0034084320068359375,1,1,1e-06,0.0
1,0.013983011245727539,1,1,1e-06,0.0
1,0.005469322204589844,1,1,1e-06,0.0
1,0.0026671886444091797,1,1,1e-06,0.0
1,0.0023505687713623047,1,1,1e-06,0.0
1,0.002772092819213867,1,1,1e-06,0.0
1,0.00447535514831543,1,1,1e-06,0.0
1,0.02145671844482422,1,1,1e-06,0.0
1,0.0039691925048828125,1,1,1e-06,0.0
1,0.005957841873168945,1,1,1e-06,0.0
1,0.11558198928833008,1,1,1e-06,0.0
1,0.004491090774536133,1,1,1e-06,0.0
1,0.005193471908569336,1,1,1e-06,0.0
1,0.029492855072021484,1,1,1e-06,0.0
1,0.07669639587402344,1,1,1e-06,0.0
1,0.0033659934997558594,1,1,1e-06,0.0
1,0.004415750503540039,1,1,1e-06,0.0
1,0.005350351333618164,1,1,1e-06,0.0
1,0.0035238265991210938,1,1,1e-06,0.0
1,0.0065097808837890625,1,1,1e-06,0.0
1,0.005219697952270508,1,1,1e-06,0.0
1,0.0063931941986083984,1,1,1e-06,0.0
1,0.008760690689086914,1,1,1e-06,0.0
1,0.006966352462768555,1,1,1e-06,0.0
1,0.03450965881347656,1,1,1e-06,0.0
1,0.007463932037353516,1,1,1e-06,0.0
1,0.0034041404724121094,1,1,1e-06,0.0
1,0.005008697509765625,1,1,1e-06,0.0
1,0.004615306854248047,1,1,1e-06,0.0
1,0.00293731689453125,1,1,1e-06,0.0
1,0.004139900207519531,1,1,1e-06,0.0
1,0.002830028533935547,1,1,1e-06,0.0
1,0.005184173583984375,1,1,1e-06,0.0
1,0.004856586456298828,1,1,1e-06,0.0
1,0.004800558090209961,1,1,1e-06,0.0
1,0.0031120777130126953,1,1,1e-06,0.0
1,0.02199530601501465,1,1,1e-06,0.0
1,0.0414426326751709,1,1,1e-06,0.0
1,0.0036478042602539062,1,1,1e-06,0.0
1,0.003564119338989258,1,1,1e-06,0.0
1,0.018157958984375,1,1,1e-06,0.0
1,0.0027434825897216797,1,1,1e-06,0.0
1,0.0027158260345458984,1,1,1e-06,0.0
1,0.005051612854003906,1,1,1e-06,0.0
1,0.0022814273834228516,1,1,1e-06,0.0
1,0.003626108169555664,1,1,1e-06,0.0
1,0.019046783447265625,1,1,1e-06,0.0
1,0.003002643585205078,1,1,1e-06,0.0
1,0.002808094024658203,1,1,1e-06,0.0
1,0.0064775943756103516,1,1,1e-06,0.0
1,0.023659706115722656,1,1,1e-06,0.0
1,0.003592252731323242,1,1,1e-06,0.0
1,0.006165981292724609,1,1,1e-06,0.0
1,0.558525800704956,1,1,1e-06,0.0
1,0.030265092849731445,1,1,1e-06,0.0
1,0.005147218704223633,1,1,1e-06,0.0
1,0.003097057342529297,1,1,1e-06,0.0
1,0.018834352493286133,1,1,1e-06,0.0
1,0.002347707748413086,1,1,1e-06,0.0
1,0.002170562744140625,1,1,1e-06,0.0
1,0.004018068313598633,1,1,1e-06,0.0
1,0.005571842193603516,1,1,1e-06,0.0
1,0.002836465835571289,1,1,1e-06,0.0
1,0.0026924610137939453,1,1,1e-06,0.0
1,0.004370450973510742,1,1,1e-06,0.0
1,0.0035538673400878906,1,1,1e-06,0.0
1,0.010066986083984375,1,1,1e-06,0.0
1,0.0032804012298583984,1,1,1e-06,0.0
1,0.014190673828125,1,1,1e-06,0.0
1,0.005555152893066406,1,1,1e-06,0.0
1,0.006640434265136719,1,1,1e-06,0.0
1,0.0030946731567382812,1,1,1e-06,0.0
1,0.0035562515258789062,1,1,1e-06,0.0
1,0.0061185359954833984,1,1,1e-06,0.0
1,0.008616924285888672,1,1,1e-06,0.0
1,0.024773120880126953,1,1,1e-06,0.0
1,0.0031337738037109375,1,1,1e-06,0.0
1,0.0028150081634521484,1,1,1e-06,0.0
1,0.0036051273345947266,1,1,1e-06,0.0
1,0.0039081573486328125,1,1,1e-06,0.0
1,0.002856731414794922,1,1,1e-06,0.0
1,0.002865314483642578,1,1,1e-06,0.0
1,0.025824546813964844,1,1,1e-06,0.0
0,1.1897196769714355,0,0,,0.0
1,0.004495859146118164,1,1,1e-06,0.0
1,0.003533601760864258,1,1,1e-06,0.0
1,0.003921031951904297,1,1,1e-06,0.0
1,0.003177642822265625,1,1,1e-06,0.0
1,0.0022618770599365234,1,1,1e-06,0.0
1,0.03934597969055176,1,1,1e-06,0.0
1,0.002804994583129883,1,1,1e-06,0.0
1,0.002684354782104492,1,1,1e-06,0.0
1,0.03612184524536133,1,1,1e-06,0.0
1,0.002511739730834961,1,1,1e-06,0.0
1,0.0018987655639648438,1,1,1e-06,0.0
1,0.002471446990966797,1,1,1e-06,0.0
1,0.002593994140625,1,1,1e-06,0.0
1,0.016431331634521484,1,1,1e-06,0.0
1,0.002323150634765625,1,1,1e-06,0.0
1,0.1453404426574707,1,1,1e-06,0.0
1,0.0026955604553222656,1,1,1e-06,0.0
1,0.02371072769165039,1,1,1e-06,0.0
1,0.004208564758300781,1,1,1e-06,0.0
1,0.0025768280029296875,1,1,1e-06,0.0
1,0.0024216175079345703,1,1,1e-06,0.0
1,0.003213167190551758,1,1,1e-06,0.0
1,0.003821134567260742,1,1,1e-06,0.0
1,0.0022814273834228516,1,1,1e-06,0.0
1,0.0022025108337402344,1,1,1e-06,0.0
1,0.030562162399291992,1,1,1e-06,0.0
1,0.0023009777069091797,1,1,1e-06,0.0
1,0.04116010665893555,1,1,1e-06,0.0
1,0.0030813217163085938,1,1,1e-06,0.0
1,0.0028574466705322266,1,1,1e-06,0.0
1,0.012576103210449219,1,1,1e-06,0.0
1,0.00489497184753418,1,1,1e-06,0.0
1,0.0036537647247314453,1,1,1e-06,0.0
1,0.0035152435302734375,1,1,1e-06,0.0
1,0.002385854721069336,1,1,1e-06,0.0
1,0.003342866897583008,1,1,1e-06,0.0
1,0.035154104232788086,1,1,1e-06,0.0
1,0.0035173892974853516,1,1,1e-06,0.0
1,0.002931833267211914,1,1,1e-06,0.0
1,0.003471851348876953,1,1,1e-06,0.0
1,0.004080057144165039,1,1,1e-06,0.0
1,0.0028829574584960938,1,1,1e-06,0.0
1,0.003890514373779297,1,1,1e-06,0.0
1,0.003088235855102539,1,1,1e-06,0.0
1,0.005289554595947266,1,1,1e-06,0.0
1,0.0038886070251464844,1,1,1e-06,0.0
1,0.0042877197265625,1,1,1e-06,0.0
1,0.003744363784790039,1,1,1e-06,0.0
1,0.004462003707885742,1,1,1e-06,0.0
1,0.009325981140136719,1,1,1e-06,0.0
1,0.005370616912841797,1,1,1e-06,0.0
1,0.0049707889556884766,1,1,1e-06,0.0
1,0.01667499542236328,1,1,1e-06,0.0
1,0.0220487117767334,1,1,1e-06,0.0
1,0.7837166786193848,1,1,1e-06,0.0
1,0.002827882766723633,1,1,1e-06,0.0
1,0.027797460556030273,1,1,1e-06,0.0
1,0.03301668167114258,1,1,1e-06,0.0
1,0.0024483203887939453,1,1,1e-06,0.0
1,0.0026404857635498047,1,1,1e-06,0.0
1,0.00276947021484375,1,1,1e-06,0.0
1,0.01311492919921875,1,1,1e-06,0.0
1,0.03179788589477539,1,1,1e-06,0.0
1,0.003273487091064453,1,1,1e-06,0.0
1,0.0035943984985351562,1,1,1e-06,0.0
1,0.002187013626098633,1,1,1e-06,0.0
1,0.0024793148040771484,1,1,1e-06,0.0
1,0.002639293670654297,1,1,1e-06,0.0
1,0.0027556419372558594,1,1,1e-06,0.0
1,0.0042994022369384766,1,1,1e-06,0.0
1,0.0033164024353027344,1,1,1e-06,0.0
1,0.0027060508728027344,1,1,1e-06,0.0
1,0.08609271049499512,1,1,1e-06,0.0
1,0.004134654998779297,1,1,1e-06,0.0
1,0.0025048255920410156,1,1,1e-06,0.0
1,0.0029587745666503906,1,1,1e-06,0.0
1,0.0031270980834960938,1,1,1e-06,0.0
1,0.0029599666595458984,1,1,1e-06,0.0
1,0.003400564193725586,1,1,1e-06,0.0
1,0.0030367374420166016,1,1,1e-06,0.0
1,0.004142284393310547,1,1,1e-06,0.0
1,0.002664327621459961,1,1,1e-06,0.0
1,0.0040285587310791016,1,1,1e-06,0.0
1,0.003865957260131836,1,1,1e-06,0.0
1,0.004372119903564453,1,1,1e-06,0.0
1,0.003091096878051758,1,1,1e-06,0.0
1,0.0031442642211914062,1,1,1e-06,0.0
1,0.0032052993774414062,1,1,1e-06,0.0
1,0.0028040409088134766,1,1,1e-06,0.0
1,0.0033426284790039062,1,1,1e-06,0.0
1,0.004060506820678711,1,1,1e-06,0.0
1,0.003039121627807617,1,1,1e-06,0.0
1,0.011829614639282227,1,1,1e-06,0.0
1,0.11310958862304688,1,1,1e-06,0.0
1,0.0030837059020996094,1,1,1e-06,0.0
1,0.0029768943786621094,1,1,1e-06,0.0
1,0.0036933422088623047,1,1,1e-06,0.0
1,0.0022542476654052734,1,1,1e-06,0.0
1,0.0023500919342041016,1,1,1e-06,0.0
1,0.0033583641052246094,1,1,1e-06,0.0
1,0.0029854774475097656,1,1,1e-06,0.0
1,0.0028221607208251953,1,1,1e-06,0.0
1,0.002848386764526367,1,1,1e-06,0.0
1,0.009406805038452148,1,1,1e-06,0.0
1,0.0033473968505859375,1,1,1e-06,0.0
1,0.0031130313873291016,1,1,1e-06,0.0
1,0.003566741943359375,1,1,1e-06,0.0
1,0.0028982162475585938,1,1,1e-06,0.0
1,0.004302501678466797,1,1,1e-06,0.0
1,0.003795623779296875,1,1,1e-06,0.0
1,0.002681255340576172,1,1,1e-06,0.0
1,0.003383636474609375,1,1,1e-06,0.0
1,0.017724990844726562,1,1,1e-06,0.0
1,0.003483295440673828,1,1,1e-06,0.0
1,0.04923224449157715,1,1,1e-06,0.0
1,0.0037832260131835938,1,1,1e-06,0.0
1,0.004258871078491211,1,1,1e-06,0.0
1,0.013360738754272461,1,1,1e-06,0.0
1,0.007266044616699219,1,1,1e-06,0.0
1,0.017891645431518555,1,1,1e-06,0.0
1,0.004480600357055664,1,1,1e-06,0.0
1,0.018842697143554688,1,1,1e-06,0.0
1,0.002458810806274414,1,1,1e-06,0.0
1,0.0030710697174072266,1,1,1e-06,0.0
1,0.002277374267578125,1,1,1e-06,0.0
1,0.0060541629791259766,1,1,1e-06,0.0
1,0.006729602813720703,1,1,1e-06,0.0
1,0.003479480743408203,1,1,1e-06,0.0
1,0.0037767887115478516,1,1,1e-06,0.0
1,0.004057884216308594,1,1,1e-06,0.0
1,0.0033636093139648438,1,1,1e-06,0.0
1,0.007012844085693359,1,1,1e-06,0.0
1,0.004117250442504883,1,1,1e-06,0.0
1,0.01865553855895996,1,1,1e-06,0.0
1,0.004780292510986328,1,1,1e-06,0.0
1,0.14997029304504395,1,1,1e-06,0.0
1,0.003240346908569336,1,1,1e-06,0.0
1,0.003225564956665039,1,1,1e-06,0.0
1,0.004418373107910156,1,1,1e-06,0.0
1,0.05217242240905762,1,1,1e-06,0.0
1,0.002531766891479492,1,1,1e-06,0.0
1,0.008412599563598633,1,1,1e-06,0.0
1,0.005823850631713867,1,1,1e-06,0.0
1,0.0021681785583496094,1,1,1e-06,0.0
1,0.0029840469360351562,1,1,1e-06,0.0
1,0.0033779144287109375,1,1,1e-06,0.0
1,0.0026357173919677734,1,1,1e-06,0.0
1,0.002955913543701172,1,1,1e-06,0.0
1,0.003763437271118164,1,1,1e-06,0.0
1,0.06523609161376953,1,1,1e-06,0.0
1,0.0028162002563476562,1,1,1e-06,0.0
1,0.14291858673095703,1,1,1e-06,0.0
1,0.0023529529571533203,1,1,1e-06,0.0
1,0.003238677978515625,1,1,1e-06,0.0
1,0.0029897689819335938,1,1,1e-06,0.0
1,0.002988576889038086,1,1,1e-06,0.0
1,0.001953125,1,1,1e-06,0.0
1,0.002370119094848633,1,1,1e-06,0.0
1,0.0020804405212402344,1,1,1e-06,0.0
1,0.002216339111328125,1,1,1e-06,0.0
1,0.006267547607421875,1,1,1e-06,0.0
1,0.004266262054443359,1,1,1e-06,0.0
1,0.019417524337768555,1,1,1e-06,0.0
1,0.003133058547973633,1,1,1e-06,0.0
1,0.002716064453125,1,1,1e-06,0.0
1,0.0021965503692626953,1,1,1e-06,0.0
1,0.0022318363189697266,1,1,1e-06,0.0
1,0.0030364990234375,1,1,1e-06,0.0
1,0.0024232864379882812,1,1,1e-06,0.0
1,0.0037233829498291016,1,1,1e-06,0.0
1,0.0023148059844970703,1,1,1e-06,0.0
1,0.002324342727661133,1,1,1e-06,0.0
1,0.0018546581268310547,1,1,1e-06,0.0
1,0.002861499786376953,1,1,1e-06,0.0
1,0.017651796340942383,1,1,1e-06,0.0
1,0.0021715164184570312,1,1,1e-06,0.0
1,0.0033769607543945312,1,1,1e-06,0.0
1,0.0018913745880126953,1,1,1e-06,0.0
1,0.002654552459716797,1,1,1e-06,0.0
1,0.0043909549713134766,1,1,1e-06,0.0
1,0.002788066864013672,1,1,1e-06,0.0
1,0.056755781173706055,1,1,1e-06,0.0
1,0.014023065567016602,1,1,1e-06,0.0
1,0.0024840831756591797,1,1,1e-06,0.0
1,0.0019135475158691406,1,1,1e-06,0.0
1,0.002103090286254883,1,1,1e-06,0.0
1,0.003745555877685547,1,1,1e-06,0.0
1,0.0038640499114990234,1,1,1e-06,0.0
1,0.014136552810668945,1,1,1e-06,0.0
1,0.0024538040161132812,1,1,1e-06,0.0
1,0.013617992401123047,1,1,1e-06,0.0
1,0.027530431747436523,1,1,1e-06,0.0
1,0.002519369125366211,1,1,1e-06,0.0
1,0.0021011829376220703,1,1,1e-06,0.0
1,0.0022089481353759766,1,1,1e-06,0.0
1,0.002223491668701172,1,1,1e-06,0.0
1,0.0027017593383789062,1,1,1e-06,0.0
1,0.0026710033416748047,1,1,1e-06,0.0
1,0.002235889434814453,1,1,1e-06,0.0
1,0.01987290382385254,1,1,1e-06,0.0
1,0.003806591033935547,1,1,1e-06,0.0
1,0.003650665283203125,1,1,1e-06,0.0
1,0.0026493072509765625,1,1,1e-06,0.0
1,0.003744363784790039,1,1,1e-06,0.0
1,0.011445760726928711,1,1,1e-06,0.0
1,0.004945039749145508,1,1,1e-06,0.0
1,0.007809638977050781,1,1,1e-06,0.0
1,0.004780769348144531,1,1,1e-06,0.0
1,0.003524303436279297,1,1,1e-06,0.0
1,0.022240161895751953,1,1,1e-06,0.0
1,0.0034961700439453125,1,1,1e-06,0.0
1,0.01567983627319336,1,1,1e-06,0.0
1,0.004927635192871094,1,1,1e-06,0.0
1,0.05332040786743164,1,1,1e-06,0.0
1,0.003625154495239258,1,1,1e-06,0.0
1,0.002953767776489258,1,1,1e-06,0.0
1,0.002344369888305664,1,1,1e-06,0.0
1,0.004301309585571289,1,1,1e-06,0.0
1,0.0031533241271972656,1,1,1e-06,0.0
1,0.0020678043365478516,1,1,1e-06,0.0
1,0.001772165298461914,1,1,1e-06,0.0
1,0.0017468929290771484,1,1,1e-06,0.0
1,0.0025751590728759766,1,1,1e-06,0.0
1,0.016081571578979492,1,1,1e-06,0.0
1,0.006436586380004883,1,1,1e-06,0.0
1,0.0034029483795166016,1,1,1e-06,0.0
1,0.010265588760375977,1,1,1e-06,0.0
1,0.003865480422973633,1,1,1e-06,0.0
1,0.002408742904663086,1,1,1e-06,0.0
1,0.002379894256591797,1,1,1e-06,0.0
1,0.0033750534057617188,1,1,1e-06,0.0
1,0.01351618766784668,1,1,1e-06,0.0
1,0.002506256103515625,1,1,1e-06,0.0
1,0.0038652420043945312,1,1,1e-06,0.0
1,0.003349781036376953,1,1,1e-06,0.0
1,0.004569053649902344,1,1,1e-06,0.0
1,0.00674891471862793,1,1,1e-06,0.0
1,0.0035452842712402344,1,1,1e-06,0.0
1,0.0037164688110351562,1,1,1e-06,0.0
1,0.0034906864166259766,1,1,1e-06,0.0
1,0.0787816047668457,1,1,1e-06,0.0
1,0.033659934997558594,1,1,1e-06,0.0
1,0.004998683929443359,1,1,1e-06,0.0
1,0.003476381301879883,1,1,1e-06,0.0
1,0.00205230712890625,1,1,1e-06,0.0
1,0.003116607666015625,1,1,1e-06,0.0
1,0.0030794143676757812,1,1,1e-06,0.0
1,0.0027077198028564453,1,1,1e-06,0.0
1,0.038373470306396484,1,1,1e-06,0.0
1,0.0027358531951904297,1,1,1e-06,0.0
1,0.002618551254272461,1,1,1e-06,0.0
1,0.01672673225402832,1,1,1e-06,0.0
1,0.002470731735229492,1,1,1e-06,0.0
1,0.027120590209960938,1,1,1e-06,0.0
1,0.0024313926696777344,1,1,1e-06,0.0
1,0.003145933151245117,1,1,1e-06,0.0
1,0.06674909591674805,1,1,1e-06,0.0
1,0.011786222457885742,1,1,1e-06,0.0
1,0.00960397720336914,1,1,1e-06,0.0
1,0.002688169479370117,1,1,1e-06,0.0
1,0.006185054779052734,1,1,1e-06,0.0
1,0.0036106109619140625,1,1,1e-06,0.0
1,0.0026009082794189453,1,1,1e-06,0.0
1,0.002538442611694336,1,1,1e-06,0.0
1,0.28748512268066406,1,1,1e-06,0.0
1,0.03235769271850586,1,1,1e-06,0.0
1,0.0022628307342529297,1,1,1e-06,0.0
1,0.002608776092529297,1,1,1e-06,0.0
1,0.0027968883514404297,1,1,1e-06,0.0
1,0.004365682601928711,1,1,1e-06,0.0
1,0.0037102699279785156,1,1,1e-06,0.0
1,0.0028510093688964844,1,1,1e-06,0.0
1,0.003826141357421875,1,1,1e-06,0.0
1,0.0043182373046875,1,1,1e-06,0.0
1,0.012636661529541016,1,1,1e-06,0.0
1,0.002470254898071289,1,1,1e-06,0.0
1,0.0027251243591308594,1,1,1e-06,0.0
1,0.0031909942626953125,1,1,1e-06,0.0
1,0.0023412704467773438,1,1,1e-06,0.0
1,0.002653360366821289,1,1,1e-06,0.0
1,0.0023772716522216797,1,1,1e-06,0.0
1,0.0941305160522461,1,1,1e-06,0.0
1,0.01183009147644043,1,1,1e-06,0.0
1,0.00228118896484375,1,1,1e-06,0.0
1,0.002181529998779297,1,1,1e-06,0.0
1,0.0024585723876953125,1,1,1e-06,0.0
1,0.0034394264221191406,1,1,1e-06,0.0
1,0.002681255340576172,1,1,1e-06,0.0
1,0.006506919860839844,1,1,1e-06,0.0
1,0.0038275718688964844,1,1,1e-06,0.0
1,0.016879796981811523,1,1,1e-06,0.0
1,0.005797147750854492,1,1,1e-06,0.0
1,0.0028159618377685547,1,1,1e-06,0.0
1,0.0063893795013427734,1,1,1e-06,0.0
1,0.0025610923767089844,1,1,1e-06,0.0
1,0.003913164138793945,1,1,1e-06,0.0
1,0.0023717880249023438,1,1,1e-06,0.0
1,0.003298521041870117,1,1,1e-06,0.0
1,0.003664255142211914,1,1,1e-06,0.0
1,0.015147209167480469,1,1,1e-06,0.0
1,0.004523754119873047,1,1,1e-06,0.0
1,0.0064427852630615234,1,1,1e-06,0.0
1,0.0021750926971435547,1,1,1e-06,0.0
1,0.005430459976196289,1,1,1e-06,0.0
1,0.0024628639221191406,1,1,1e-06,0.0
1,0.0038373470306396484,1,1,1e-06,0.0
1,0.0041887760162353516,1,1,1e-06,0.0
1,0.006827831268310547,1,1,1e-06,0.0
1,0.002817392349243164,1,1,1e-06,0.0
1,0.007690906524658203,1,1,1e-06,0.0
1,0.013555049896240234,1,1,1e-06,0.0
1,0.0679008960723877,1,1,1e-06,0.0
1,0.0019567012786865234,1,1,1e-06,0.0
1,0.050811052322387695,1,1,1e-06,0.0
1,0.0035758018493652344,1,1,1e-06,0.0
1,0.0029222965240478516,1,1,1e-06,0.0
1,0.0210416316986084,1,1,1e-06,0.0
1,0.03304457664489746,1,1,1e-06,0.0
1,0.028469085693359375,1,1,1e-06,0.0
1,0.010907173156738281,1,1,1e-06,0.0
1,0.0027298927307128906,1,1,1e-06,0.0
1,0.005475044250488281,1,1,1e-06,0.0
1,0.0034613609313964844,1,1,1e-06,0.0
1,0.0027146339416503906,1,1,1e-06,0.0
1,0.0018131732940673828,1,1,1e-06,0.0
1,0.0027217864990234375,1,1,1e-06,0.0
1,0.00503230094909668,1,1,1e-06,0.0
1,0.002292633056640625,1,1,1e-06,0.0
1,0.003759145736694336,1,1,1e-06,0.0
1,0.002077341079711914,1,1,1e-06,0.0
1,0.002325296401977539,1,1,1e-06,0.0
1,0.004906177520751953,1,1,1e-06,0.0
1,0.0026848316192626953,1,1,1e-06,0.0
1,0.0023534297943115234,1,1,1e-06,0.0
1,0.0021669864654541016,1,1,1e-06,0.0
1,0.01538228988647461,1,1,1e-06,0.0
1,0.0023622512817382812,1,1,1e-06,0.0
1,0.01311945915222168,1,1,1e-06,0.0
1,0.002411365509033203,1,1,1e-06,0.0
1,0.0022716522216796875,1,1,1e-06,0.0
1,0.0029687881469726562,1,1,1e-06,0.0
1,0.007139682769775391,1,1,1e-06,0.0
1,0.0342106819152832,1,1,1e-06,0.0
1,0.007112741470336914,1,1,1e-06,0.0
1,0.002187967300415039,1,1,1e-06,0.0
1,0.006148338317871094,1,1,1e-06,0.0
1,0.003977775573730469,1,1,1e-06,0.0
1,0.037706613540649414,1,1,1e-06,0.0
1,0.004433155059814453,1,1,1e-06,0.0
1,0.03960919380187988,1,1,1e-06,0.0
1,0.0034623146057128906,1,1,1e-06,0.0
1,0.004426002502441406,1,1,1e-06,0.0
1,0.027345895767211914,1,1,1e-06,0.0
1,0.005211591720581055,1,1,1e-06,0.0
1,0.018059968948364258,1,1,1e-06,0.0
1,0.006831645965576172,1,1,1e-06,0.0
1,0.0034117698669433594,1,1,1e-06,0.0
1,0.010352373123168945,1,1,1e-06,0.0
1,0.004151105880737305,1,1,1e-06,0.0
1,0.0029113292694091797,1,1,1e-06,0.0
1,0.002847433090209961,1,1,1e-06,0.0
1,0.0029540061950683594,1,1,1e-06,0.0
1,0.0056629180908203125,1,1,1e-06,0.0
1,0.003717660903930664,1,1,1e-06,0.0
1,0.059514760971069336,1,1,1e-06,0.0
1,0.0032968521118164062,1,1,1e-06,0.0
1,0.002615690231323242,1,1,1e-06,0.0
1,0.003010988235473633,1,1,1e-06,0.0
1,0.0030536651611328125,1,1,1e-06,0.0
1,0.01902008056640625,1,1,1e-06,0.0
1,0.0035691261291503906,1,1,1e-06,0.0
1,0.04205322265625,1,1,1e-06,0.0
1,0.003172636032104492,1,1,1e-06,0.0
1,0.0027532577514648438,1,1,1e-06,0.0
1,0.012619972229003906,1,1,1e-06,0.0
1,0.002727985382080078,1,1,1e-06,0.0
1,0.0025091171264648438,1,1,1e-06,0.0
1,0.0034987926483154297,1,1,1e-06,0.0
1,0.0026350021362304688,1,1,1e-06,0.0
1,0.002741575241088867,1,1,1e-06,0.0
1,0.016377925872802734,1,1,1e-06,0.0
1,0.0025453567504882812,1,1,1e-06,0.0
1,0.013954401016235352,1,1,1e-06,0.0
1,0.014200925827026367,1,1,1e-06,0.0
1,0.004431486129760742,1,1,1e-06,0.0
1,0.0026330947875976562,1,1,1e-06,0.0
1,0.026028156280517578,1,1,1e-06,0.0
1,0.01302647590637207,1,1,1e-06,0.0
1,0.09326291084289551,1,1,1e-06,0.0
1,0.002695322036743164,1,1,1e-06,0.0
1,0.01234292984008789,1,1,1e-06,0.0
1,0.014551162719726562,1,1,1e-06,0.0
1,0.002240896224975586,1,1,1e-06,0.0
1,0.011656045913696289,1,1,1e-06,0.0
1,0.003063201904296875,1,1,1e-06,0.0
1,0.002201557159423828,1,1,1e-06,0.0
1,0.003069162368774414,1,1,1e-06,0.0
1,0.017632246017456055,1,1,1e-06,0.0
1,0.002165555953979492,1,1,1e-06,0.0
1,0.003101348876953125,1,1,1e-06,0.0
1,0.0031321048736572266,1,1,1e-06,0.0
1,0.014249563217163086,1,1,1e-06,0.0
1,0.0023097991943359375,1,1,1e-06,0.0
1,0.002048969268798828,1,1,1e-06,0.0
1,0.0023424625396728516,1,1,1e-06,0.0
1,0.0031387805938720703,1,1,1e-06,0.0
1,0.0033702850341796875,1,1,1e-06,0.0
1,0.004218101501464844,1,1,1e-06,0.0
1,0.002160310745239258,1,1,1e-06,0.0
1,0.002612590789794922,1,1,1e-06,0.0
1,0.002424478530883789,1,1,1e-06,0.0
1,0.003849506378173828,1,1,1e-06,0.0
1,0.004120349884033203,1,1,1e-06,0.0
1,0.017436504364013672,1,1,1e-06,0.0
1,0.0026826858520507812,1,1,1e-06,0.0
1,0.003455638885498047,1,1,1e-06,0.0
1,0.0026345252990722656,1,1,1e-06,0.0
1,0.010096549987792969,1,1,1e-06,0.0
1,0.0025701522827148438,1,1,1e-06,0.0
1,0.0028793811798095703,1,1,1e-06,0.0
1,0.0030002593994140625,1,1,1e-06,0.0
1,0.0030870437622070312,1,1,1e-06,0.0
1,0.003820180892944336,1,1,1e-06,0.0
1,0.04399991035461426,1,1,1e-06,0.0
1,0.0042285919189453125,1,1,1e-06,0.0
1,0.008406877517700195,1,1,1e-06,0.0
1,0.0049321651458740234,1,1,1e-06,0.0
1,0.00587153434753418,1,1,1e-06,0.0
1,0.0069882869720458984,1,1,1e-06,0.0
1,0.00667572021484375,1,1,1e-06,0.0
1,0.006602764129638672,1,1,1e-06,0.0
1,0.05826973915100098,1,1,1e-06,0.0
1,0.08561539649963379,1,1,1e-06,0.0
1,0.0042040348052978516,1,1,1e-06,0.0
1,0.030606985092163086,1,1,1e-06,0.0
1,0.036702632904052734,1,1,1e-06,0.0
1,0.004807472229003906,1,1,1e-06,0.0
1,0.004552125930786133,1,1,1e-06,0.0
1,0.004634380340576172,1,1,1e-06,0.0
1,0.0062732696533203125,1,1,1e-06,0.0
1,0.8274314403533936,1,1,1e-06,0.0
1,0.0055730342864990234,1,1,1e-06,0.0
1,0.00854349136352539,1,1,1e-06,0.0
1,0.010999679565429688,1,1,1e-06,0.0
1,0.003627300262451172,1,1,1e-06,0.0
1,0.01027989387512207,1,1,1e-06,0.0
1,0.06310272216796875,1,1,1e-06,0.0
1,0.004393815994262695,1,1,1e-06,0.0
1,0.06905817985534668,1,1,1e-06,0.0
1,0.0036542415618896484,1,1,1e-06,0.0
1,0.14415407180786133,1,1,1e-06,0.0
1,0.004703521728515625,1,1,1e-06,0.0
1,0.003962278366088867,1,1,1e-06,0.0
1,0.021085023880004883,1,1,1e-06,0.0
1,0.008819818496704102,1,1,1e-06,0.0
1,0.0047457218170166016,1,1,1e-06,0.0
1,0.010584354400634766,1,1,1e-06,0.0
1,0.00626683235168457,1,1,1e-06,0.0
1,0.014891862869262695,1,1,1e-06,0.0
1,0.004125833511352539,1,1,1e-06,0.0
1,0.08847165107727051,1,1,1e-06,0.0
1,0.0056650638580322266,1,1,1e-06,0.0
1,0.009931325912475586,1,1,1e-06,0.0
1,0.013744354248046875,1,1,1e-06,0.0
1,0.010546445846557617,1,1,1e-06,0.0
1,0.008193731307983398,1,1,1e-06,0.0
1,0.008352041244506836,1,1,1e-06,0.0
1,0.007035255432128906,1,1,1e-06,0.0
1,0.007443428039550781,1,1,1e-06,0.0
1,0.004427194595336914,1,1,1e-06,0.0
1,0.004373311996459961,1,1,1e-06,0.0
1,0.007327079772949219,1,1,1e-06,0.0
1,0.07764768600463867,1,1,1e-06,0.0
1,0.003645658493041992,1,1,1e-06,0.0
1,0.005881786346435547,1,1,1e-06,0.0
1,0.005330562591552734,1,1,1e-06,0.0
1,0.00763249397277832,1,1,1e-06,0.0
1,0.005776405334472656,1,1,1e-06,0.0
1,0.003648996353149414,1,1,1e-06,0.0
1,0.040685176849365234,1,1,1e-06,0.0
1,0.07291793823242188,1,1,1e-06,0.0
1,0.003348827362060547,1,1,1e-06,0.0
1,0.0040972232818603516,1,1,1e-06,0.0
1,0.009892702102661133,1,1,1e-06,0.0
1,0.006041765213012695,1,1,1e-06,0.0
1,0.005704641342163086,1,1,1e-06,0.0
1,0.009298086166381836,1,1,1e-06,0.0
1,0.003491640090942383,1,1,1e-06,0.0
1,0.15034842491149902,1,1,1e-06,0.0
1,0.023790836334228516,1,1,1e-06,0.0
1,0.05526876449584961,1,1,1e-06,0.0
1,0.022170305252075195,1,1,1e-06,0.0
1,0.0043981075286865234,1,1,1e-06,0.0
1,0.005913496017456055,1,1,1e-06,0.0
1,0.0072443485260009766,1,1,1e-06,0.0
1,0.0055065155029296875,1,1,1e-06,0.0
1,0.004750967025756836,1,1,1e-06,0.0
1,0.007206916809082031,1,1,1e-06,0.0
1,0.005016803741455078,1,1,1e-06,0.0
1,0.006297588348388672,1,1,1e-06,0.0
1,0.0037870407104492188,1,1,1e-06,0.0
1,0.0039021968841552734,1,1,1e-06,0.0
1,0.004007577896118164,1,1,1e-06,0.0
1,0.004921674728393555,1,1,1e-06,0.0
1,0.00591588020324707,1,1,1e-06,0.0
1,0.007520437240600586,1,1,1e-06,0.0
1,0.036936283111572266,1,1,1e-06,0.0
1,0.004685640335083008,1,1,1e-06,0.0
1,0.02456068992614746,1,1,1e-06,0.0
1,0.0032644271850585938,1,1,1e-06,0.0
1,0.03694748878479004,1,1,1e-06,0.0
1,0.004513978958129883,1,1,1e-06,0.0
1,0.0044896602630615234,1,1,1e-06,0.0
1,0.037210941314697266,1,1,1e-06,0.0
1,0.0030231475830078125,1,1,1e-06,0.0
1,0.0037021636962890625,1,1,1e-06,0.0
1,0.005990505218505859,1,1,1e-06,0.0
1,0.003117799758911133,1,1,1e-06,0.0
1,0.004491329193115234,1,1,1e-06,0.0
1,0.0032930374145507812,1,1,1e-06,0.0
1,0.0042896270751953125,1,1,1e-06,0.0
1,0.021701574325561523,1,1,1e-06,0.0
1,0.003335237503051758,1,1,1e-06,0.0
1,0.003810882568359375,1,1,1e-06,0.0
1,0.002919435501098633,1,1,1e-06,0.0
1,0.0037689208984375,1,1,1e-06,0.0
1,0.02295994758605957,1,1,1e-06,0.0
1,0.002370595932006836,1,1,1e-06,0.0
1,0.00456547737121582,1,1,1e-06,0.0
1,0.0048885345458984375,1,1,1e-06,0.0
1,0.005152463912963867,1,1,1e-06,0.0
1,0.004403591156005859,1,1,1e-06,0.0
1,0.019936800003051758,1,1,1e-06,0.0
1,0.005625009536743164,1,1,1e-06,0.0
1,0.020595073699951172,1,1,1e-06,0.0
1,0.02868056297302246,1,1,1e-06,0.0
1,0.01373910903930664,1,1,1e-06,0.0
1,0.0040476322174072266,1,1,1e-06,0.0
1,0.004846334457397461,1,1,1e-06,0.0
1,0.007532596588134766,1,1,1e-06,0.0
1,0.004431009292602539,1,1,1e-06,0.0
1,0.04102373123168945,1,1,1e-06,0.0
1,0.025753259658813477,1,1,1e-06,0.0
1,0.0034987926483154297,1,1,1e-06,0.0
1,0.005202770233154297,1,1,1e-06,0.0
1,0.004350423812866211,1,1,1e-06,0.0
1,0.0028998851776123047,1,1,1e-06,0.0
1,0.004976034164428711,1,1,1e-06,0.0
1,0.0028717517852783203,1,1,1e-06,0.0
1,0.003838777542114258,1,1,1e-06,0.0
1,0.002590656280517578,1,1,1e-06,0.0
1,0.022288084030151367,1,1,1e-06,0.0
1,0.0026535987854003906,1,1,1e-06,0.0
1,0.04350137710571289,1,1,1e-06,0.0
1,0.003499746322631836,1,1,1e-06,0.0
1,0.0031998157501220703,1,1,1e-06,0.0
1,0.0027811527252197266,1,1,1e-06,0.0
1,0.24326586723327637,1,1,1e-06,0.0
1,0.01369929313659668,1,1,1e-06,0.0
1,0.003039836883544922,1,1,1e-06,0.0
1,0.002227783203125,1,1,1e-06,0.0
1,0.004447221755981445,1,1,1e-06,0.0
1,0.003475666046142578,1,1,1e-06,0.0
1,0.003185749053955078,1,1,1e-06,0.0
1,0.0027468204498291016,1,1,1e-06,0.0
1,0.003202676773071289,1,1,1e-06,0.0
1,0.004087686538696289,1,1,1e-06,0.0
1,0.0028116703033447266,1,1,1e-06,0.0
1,0.0028731822967529297,1,1,1e-06,0.0
1,0.002952098846435547,1,1,1e-06,0.0
1,0.0023229122161865234,1,1,1e-06,0.0
1,0.0027074813842773438,1,1,1e-06,0.0
1,0.01579737663269043,1,1,1e-06,0.0
1,0.0030243396759033203,1,1,1e-06,0.0
1,0.0031938552856445312,1,1,1e-06,0.0
1,0.0024309158325195312,1,1,1e-06,0.0
1,0.06577515602111816,1,1,1e-06,0.0
1,0.005367279052734375,1,1,1e-06,0.0
1,0.0159759521484375,1,1,1e-06,0.0
1,0.0029714107513427734,1,1,1e-06,0.0
1,0.0022573471069335938,1,1,1e-06,0.0
1,0.0027608871459960938,1,1,1e-06,0.0
1,0.0023140907287597656,1,1,1e-06,0.0
1,0.002707242965698242,1,1,1e-06,0.0
1,0.002292633056640625,1,1,1e-06,0.0
1,0.0024809837341308594,1,1,1e-06,0.0
1,0.0024704933166503906,1,1,1e-06,0.0
1,0.0019025802612304688,1,1,1e-06,0.0
1,0.0024743080139160156,1,1,1e-06,0.0
1,0.014427900314331055,1,1,1e-06,0.0
1,0.002250194549560547,1,1,1e-06,0.0
1,0.002253293991088867,1,1,1e-06,0.0
1,0.005194425582885742,1,1,1e-06,0.0
1,0.0029687881469726562,1,1,1e-06,0.0
1,0.002271890640258789,1,1,1e-06,0.0
1,0.021515846252441406,1,1,1e-06,0.0
1,0.048361778259277344,1,1,1e-06,0.0
1,0.0022988319396972656,1,1,1e-06,0.0
1,0.013509511947631836,1,1,1e-06,0.0
1,0.002429485321044922,1,1,1e-06,0.0
1,0.05527234077453613,1,1,1e-06,0.0
1,0.002517223358154297,1,1,1e-06,0.0
1,0.002201557159423828,1,1,1e-06,0.0
1,0.0024890899658203125,1,1,1e-06,0.0
1,0.0020132064819335938,1,1,1e-06,0.0
1,0.0021314620971679688,1,1,1e-06,0.0
1,0.004002809524536133,1,1,1e-06,0.0
1,0.004534482955932617,1,1,1e-06,0.0
1,0.0035123825073242188,1,1,1e-06,0.0
1,0.0028488636016845703,1,1,1e-06,0.0
1,0.002856016159057617,1,1,1e-06,0.0
1,0.0675663948059082,1,1,1e-06,0.0
1,0.005314350128173828,1,1,1e-06,0.0
1,0.003282308578491211,1,1,1e-06,0.0
1,0.002544879913330078,1,1,1e-06,0.0
1,0.05206704139709473,1,1,1e-06,0.0
1,0.14024925231933594,1,1,1e-06,0.0
1,0.0026345252990722656,1,1,1e-06,0.0
1,0.0023174285888671875,1,1,1e-06,0.0
1,0.0025644302368164062,1,1,1e-06,0.0
1,0.01621222496032715,1,1,1e-06,0.0
1,0.008967876434326172,1,1,1e-06,0.0
1,0.00586390495300293,1,1,1e-06,0.0
1,0.0038580894470214844,1,1,1e-06,0.0
1,0.0026574134826660156,1,1,1e-06,0.0
1,0.004884004592895508,1,1,1e-06,0.0
1,0.0027985572814941406,1,1,1e-06,0.0
1,0.003770112991333008,1,1,1e-06,0.0
1,0.0039789676666259766,1,1,1e-06,0.0
1,0.004981279373168945,1,1,1e-06,0.0
1,0.002874612808227539,1,1,1e-06,0.0
1,0.004980325698852539,1,1,1e-06,0.0
1,0.1031029224395752,1,1,1e-06,0.0
1,0.026171445846557617,1,1,1e-06,0.0
1,0.0022058486938476562,1,1,1e-06,0.0
1,0.002399444580078125,1,1,1e-06,0.0
1,0.0021219253540039062,1,1,1e-06,0.0
1,0.0022361278533935547,1,1,1e-06,0.0
1,0.006295919418334961,1,1,1e-06,0.0
1,0.0031359195709228516,1,1,1e-06,0.0
1,0.0034112930297851562,1,1,1e-06,0.0
1,0.0021653175354003906,1,1,1e-06,0.0
1,0.0020596981048583984,1,1,1e-06,0.0
1,0.002727985382080078,1,1,1e-06,0.0
1,0.0031936168670654297,1,1,1e-06,0.0
1,0.015873193740844727,1,1,1e-06,0.0
1,0.002000093460083008,1,1,1e-06,0.0
1,0.013599157333374023,1,1,1e-06,0.0
1,0.002844572067260742,1,1,1e-06,0.0
1,0.0027654170989990234,1,1,1e-06,0.0
1,0.00218963623046875,1,1,1e-06,0.0
1,0.002051115036010742,1,1,1e-06,0.0
1,0.002403736114501953,1,1,1e-06,0.0
1,0.006193876266479492,1,1,1e-06,0.0
1,0.002437114715576172,1,1,1e-06,0.0
1,0.011441230773925781,1,1,1e-06,0.0
1,0.09504580497741699,1,1,1e-06,0.0
1,0.003767251968383789,1,1,1e-06,0.0
1,0.0029349327087402344,1,1,1e-06,0.0
1,0.00407719612121582,1,1,1e-06,0.0
1,0.006272077560424805,1,1,1e-06,0.0
1,0.0033369064331054688,1,1,1e-06,0.0
1,0.003148317337036133,1,1,1e-06,0.0
1,0.01771402359008789,1,1,1e-06,0.0
1,0.0024569034576416016,1,1,1e-06,0.0
1,0.002683401107788086,1,1,1e-06,0.0
1,0.0275266170501709,1,1,1e-06,0.0
1,0.003094196319580078,1,1,1e-06,0.0
1,0.0025377273559570312,1,1,1e-06,0.0
1,0.012654781341552734,1,1,1e-06,0.0
1,0.004256486892700195,1,1,1e-06,0.0
1,0.003968477249145508,1,1,1e-06,0.0
1,0.012604951858520508,1,1,1e-06,0.0
1,0.0024657249450683594,1,1,1e-06,0.0
1,0.006292581558227539,1,1,1e-06,0.0
1,0.003879070281982422,1,1,1e-06,0.0
1,0.0024199485778808594,1,1,1e-06,0.0
1,0.0024373531341552734,1,1,1e-06,0.0
1,0.0031147003173828125,1,1,1e-06,0.0
1,0.0032608509063720703,1,1,1e-06,0.0
1,0.004723787307739258,1,1,1e-06,0.0
1,0.0037529468536376953,1,1,1e-06,0.0
1,0.00347900390625,1,1,1e-06,0.0
1,0.0038721561431884766,1,1,1e-06,0.0
1,0.027508258819580078,1,1,1e-06,0.0
1,0.0030603408813476562,1,1,1e-06,0.0
1,0.0045773983001708984,1,1,1e-06,0.0
1,0.002578258514404297,1,1,1e-06,0.0
1,0.003988504409790039,1,1,1e-06,0.0
1,0.0030128955841064453,1,1,1e-06,0.0
1,0.003957986831665039,1,1,1e-06,0.0
1,0.02792215347290039,1,1,1e-06,0.0
1,0.0021772384643554688,1,1,1e-06,0.0
1,0.003202676773071289,1,1,1e-06,0.0
1,0.0038764476776123047,1,1,1e-06,0.0
1,0.006650686264038086,1,1,1e-06,0.0
1,0.003385305404663086,1,1,1e-06,0.0
1,0.002155780792236328,1,1,1e-06,0.0
1,0.025774717330932617,1,1,1e-06,0.0
1,0.0020177364349365234,1,1,1e-06,0.0
1,0.005670309066772461,1,1,1e-06,0.0
1,0.002954721450805664,1,1,1e-06,0.0
1,0.011153459548950195,1,1,1e-06,0.0
1,0.0025892257690429688,1,1,1e-06,0.0
1,0.002898693084716797,1,1,1e-06,0.0
1,0.002675771713256836,1,1,1e-06,0.0
1,0.002305269241333008,1,1,1e-06,0.0
1,0.014369964599609375,1,1,1e-06,0.0
1,0.0026807785034179688,1,1,1e-06,0.0
1,0.006331205368041992,1,1,1e-06,0.0
1,0.001825571060180664,1,1,1e-06,0.0
1,0.0027418136596679688,1,1,1e-06,0.0
1,0.005182027816772461,1,1,1e-06,0.0
1,0.002366304397583008,1,1,1e-06,0.0
1,0.001973390579223633,1,1,1e-06,0.0
1,0.0017468929290771484,1,1,1e-06,0.0
1,0.0039768218994140625,1,1,1e-06,0.0
1,0.0025703907012939453,1,1,1e-06,0.0
1,0.00250244140625,1,1,1e-06,0.0
1,0.029052734375,1,1,1e-06,0.0
1,0.003222227096557617,1,1,1e-06,0.0
1,0.0024139881134033203,1,1,1e-06,0.0
1,0.0019354820251464844,1,1,1e-06,0.0
1,0.01636648178100586,1,1,1e-06,0.0
1,0.0022614002227783203,1,1,1e-06,0.0
1,0.0023529529571533203,1,1,1e-06,0.0
1,0.004158973693847656,1,1,1e-06,0.0
1,0.002858400344848633,1,1,1e-06,0.0
1,0.0031311511993408203,1,1,1e-06,0.0
1,0.0022437572479248047,1,1,1e-06,0.0
1,0.028737306594848633,1,1,1e-06,0.0
1,0.0029442310333251953,1,1,1e-06,0.0
1,0.0024650096893310547,1,1,1e-06,0.0
1,0.002323627471923828,1,1,1e-06,0.0
1,0.002218484878540039,1,1,1e-06,0.0
1,0.0053937435150146484,1,1,1e-06,0.0
1,0.011380195617675781,1,1,1e-06,0.0
1,0.003759145736694336,1,1,1e-06,0.0
1,0.003559112548828125,1,1,1e-06,0.0
1,0.0029587745666503906,1,1,1e-06,0.0
1,0.002886533737182617,1,1,1e-06,0.0
1,0.00238037109375,1,1,1e-06,0.0
1,0.027891159057617188,1,1,1e-06,0.0
1,0.005621194839477539,1,1,1e-06,0.0
1,0.0035142898559570312,1,1,1e-06,0.0
1,0.002600431442260742,1,1,1e-06,0.0
1,0.002737283706665039,1,1,1e-06,0.0
1,0.003618478775024414,1,1,1e-06,0.0
1,0.0049896240234375,1,1,1e-06,0.0
1,0.006100654602050781,1,1,1e-06,0.0
1,0.005105495452880859,1,1,1e-06,0.0
1,0.0047855377197265625,1,1,1e-06,0.0
1,0.0038111209869384766,1,1,1e-06,0.0
1,0.004567623138427734,1,1,1e-06,0.0
1,0.019807100296020508,1,1,1e-06,0.0
1,0.002377748489379883,1,1,1e-06,0.0
1,0.0031862258911132812,1,1,1e-06,0.0
1,0.0029625892639160156,1,1,1e-06,0.0
1,0.002760648727416992,1,1,1e-06,0.0
1,0.04561591148376465,1,1,1e-06,0.0
1,0.0026781558990478516,1,1,1e-06,0.0
1,0.002506732940673828,1,1,1e-06,0.0
1,0.002889394760131836,1,1,1e-06,0.0
1,0.002949237823486328,1,1,1e-06,0.0
1,0.003770589828491211,1,1,1e-06,0.0
1,0.002939462661743164,1,1,1e-06,0.0
1,0.002905607223510742,1,1,1e-06,0.0
1,0.003056764602661133,1,1,1e-06,0.0
1,0.008955240249633789,1,1,1e-06,0.0
1,0.006724834442138672,1,1,1e-06,0.0
1,0.006238222122192383,1,1,1e-06,0.0
1,0.003732442855834961,1,1,1e-06,0.0
1,0.0037658214569091797,1,1,1e-06,0.0
1,0.0043447017669677734,1,1,1e-06,0.0
1,0.0036911964416503906,1,1,1e-06,0.0
1,0.002832651138305664,1,1,1e-06,0.0
1,0.013895750045776367,1,1,1e-06,0.0
1,0.0025365352630615234,1,1,1e-06,0.0
1,0.03355598449707031,1,1,1e-06,0.0
1,0.004306316375732422,1,1,1e-06,0.0
1,0.021905183792114258,1,1,1e-06,0.0
1,0.002398252487182617,1,1,1e-06,0.0
1,0.03677678108215332,1,1,1e-06,0.0
1,0.0029268264770507812,1,1,1e-06,0.0
1,0.004114627838134766,1,1,1e-06,0.0
1,0.002429485321044922,1,1,1e-06,0.0
1,0.020030498504638672,1,1,1e-06,0.0
1,0.0037894248962402344,1,1,1e-06,0.0
1,0.0028269290924072266,1,1,1e-06,0.0
1,0.003951072692871094,1,1,1e-06,0.0
1,0.004286289215087891,1,1,1e-06,0.0
1,0.018053770065307617,1,1,1e-06,0.0
1,0.013407468795776367,1,1,1e-06,0.0
1,0.006234884262084961,1,1,1e-06,0.0
1,0.003800630569458008,1,1,1e-06,0.0
1,0.004708528518676758,1,1,1e-06,0.0
1,0.0028531551361083984,1,1,1e-06,0.0
1,0.022181272506713867,1,1,1e-06,0.0
1,0.004296779632568359,1,1,1e-06,0.0
1,0.006979942321777344,1,1,1e-06,0.0
1,0.07059073448181152,1,1,1e-06,0.0
1,0.0026254653930664062,1,1,1e-06,0.0
1,0.002596616744995117,1,1,1e-06,0.0
1,0.003796815872192383,1,1,1e-06,0.0
1,0.004002809524536133,1,1,1e-06,0.0
1,0.05111265182495117,1,1,1e-06,0.0
1,0.0027625560760498047,1,1,1e-06,0.0
1,0.00766301155090332,1,1,1e-06,0.0
1,0.004004240036010742,1,1,1e-06,0.0
1,0.021172285079956055,1,1,1e-06,0.0
1,0.002772092819213867,1,1,1e-06,0.0
1,0.0029306411743164062,1,1,1e-06,0.0
1,0.00432896614074707,1,1,1e-06,0.0
1,0.002897024154663086,1,1,1e-06,0.0
1,0.0026786327362060547,1,1,1e-06,0.0
1,0.003264188766479492,1,1,1e-06,0.0
1,0.0030677318572998047,1,1,1e-06,0.0
1,0.003096342086791992,1,1,1e-06,0.0
1,0.017707347869873047,1,1,1e-06,0.0
1,0.0027267932891845703,1,1,1e-06,0.0
1,0.005362510681152344,1,1,1e-06,0.0
1,0.007942676544189453,1,1,1e-06,0.0
1,0.005910158157348633,1,1,1e-06,0.0
1,0.014775991439819336,1,1,1e-06,0.0
1,0.002408742904663086,1,1,1e-06,0.0
1,0.021520376205444336,1,1,1e-06,0.0
1,0.0037131309509277344,1,1,1e-06,0.0
1,0.0032486915588378906,1,1,1e-06,0.0
1,0.003567218780517578,1,1,1e-06,0.0
1,0.0032913684844970703,1,1,1e-06,0.0
1,0.0034351348876953125,1,1,1e-06,0.0
1,0.003797292709350586,1,1,1e-06,0.0
1,0.006785154342651367,1,1,1e-06,0.0
1,0.0027713775634765625,1,1,1e-06,0.0
1,0.0060613155364990234,1,1,1e-06,0.0
1,0.004913806915283203,1,1,1e-06,0.0
1,0.004567623138427734,1,1,1e-06,0.0
1,0.02267765998840332,1,1,1e-06,0.0
1,0.0036242008209228516,1,1,1e-06,0.0
1,0.05942869186401367,1,1,1e-06,0.0
1,0.0040090084075927734,1,1,1e-06,0.0
1,0.002927541732788086,1,1,1e-06,0.0
1,0.003123760223388672,1,1,1e-06,0.0
1,0.002663850784301758,1,1,1e-06,0.0
1,0.002023458480834961,1,1,1e-06,0.0
1,0.0025587081909179688,1,1,1e-06,0.0
1,0.0027289390563964844,1,1,1e-06,0.0
1,0.0034313201904296875,1,1,1e-06,0.0
1,0.04493522644042969,1,1,1e-06,0.0
1,0.019545316696166992,1,1,1e-06,0.0
1,0.0023522377014160156,1,1,1e-06,0.0
1,0.0024929046630859375,1,1,1e-06,0.0
1,0.002788543701171875,1,1,1e-06,0.0
1,0.0026123523712158203,1,1,1e-06,0.0
1,0.0027658939361572266,1,1,1e-06,0.0
1,0.0031735897064208984,1,1,1e-06,0.0
1,0.003058195114135742,1,1,1e-06,0.0
1,0.00193023681640625,1,1,1e-06,0.0
1,0.002393484115600586,1,1,1e-06,0.0
1,0.0026721954345703125,1,1,1e-06,0.0
1,0.0026192665100097656,1,1,1e-06,0.0
1,0.003484964370727539,1,1,1e-06,0.0
1,0.003609180450439453,1,1,1e-06,0.0
1,0.0073299407958984375,1,1,1e-06,0.0
1,0.002132415771484375,1,1,1e-06,0.0
1,0.002716541290283203,1,1,1e-06,0.0
1,0.015872716903686523,1,1,1e-06,0.0
1,0.013392448425292969,1,1,1e-06,0.0
1,0.003050565719604492,1,1,1e-06,0.0
1,0.0037801265716552734,1,1,1e-06,0.0
1,0.0036492347717285156,1,1,1e-06,0.0
1,0.002363443374633789,1,1,1e-06,0.0
1,0.002785921096801758,1,1,1e-06,0.0
1,0.004075765609741211,1,1,1e-06,0.0
1,0.002917766571044922,1,1,1e-06,0.0
1,0.0031769275665283203,1,1,1e-06,0.0
1,0.002203226089477539,1,1,1e-06,0.0
1,0.002342700958251953,1,1,1e-06,0.0
1,0.003336668014526367,1,1,1e-06,0.0
1,0.0021674633026123047,1,1,1e-06,0.0
1,0.005082368850708008,1,1,1e-06,0.0
1,0.002938508987426758,1,1,1e-06,0.0
1,0.002126455307006836,1,1,1e-06,0.0
1,0.004206180572509766,1,1,1e-06,0.0
1,0.0032584667205810547,1,1,1e-06,0.0
1,0.012764692306518555,1,1,1e-06,0.0
1,0.026120662689208984,1,1,1e-06,0.0
1,0.002994537353515625,1,1,1e-06,0.0
1,0.0029599666595458984,1,1,1e-06,0.0
1,0.0021202564239501953,1,1,1e-06,0.0
1,0.002806425094604492,1,1,1e-06,0.0
1,0.0024785995483398438,1,1,1e-06,0.0
1,0.0031070709228515625,1,1,1e-06,0.0
1,0.003482341766357422,1,1,1e-06,0.0
1,0.002431631088256836,1,1,1e-06,0.0
1,0.002558469772338867,1,1,1e-06,0.0
1,0.0024569034576416016,1,1,1e-06,0.0
1,0.0024785995483398438,1,1,1e-06,0.0
1,0.0028171539306640625,1,1,1e-06,0.0
1,0.008385181427001953,1,1,1e-06,0.0
1,0.12206459045410156,1,1,1e-06,0.0
1,0.0021703243255615234,1,1,1e-06,0.0
1,0.002691030502319336,1,1,1e-06,0.0
1,0.002832651138305664,1,1,1e-06,0.0
1,0.002297639846801758,1,1,1e-06,0.0
1,0.0026285648345947266,1,1,1e-06,0.0
1,0.0036072731018066406,1,1,1e-06,0.0
1,0.0029633045196533203,1,1,1e-06,0.0
1,0.003789186477661133,1,1,1e-06,0.0
1,0.002309560775756836,1,1,1e-06,0.0
1,0.002625703811645508,1,1,1e-06,0.0
1,0.002573251724243164,1,1,1e-06,0.0
1,0.0040683746337890625,1,1,1e-06,0.0
1,0.003993511199951172,1,1,1e-06,0.0
1,0.029172897338867188,1,1,1e-06,0.0
1,0.0022592544555664062,1,1,1e-06,0.0
1,0.015546798706054688,1,1,1e-06,0.0
1,0.012540817260742188,1,1,1e-06,0.0
1,0.0021436214447021484,1,1,1e-06,0.0
1,0.0022912025451660156,1,1,1e-06,0.0
1,0.002249002456665039,1,1,1e-06,0.0
1,0.03484606742858887,1,1,1e-06,0.0
1,0.001865386962890625,1,1,1e-06,0.0
1,0.0018970966339111328,1,1,1e-06,0.0
1,0.0018777847290039062,1,1,1e-06,0.0
1,0.002168893814086914,1,1,1e-06,0.0
1,0.005478620529174805,1,1,1e-06,0.0
1,0.0024771690368652344,1,1,1e-06,0.0
1,0.0028705596923828125,1,1,1e-06,0.0
1,0.026009082794189453,1,1,1e-06,0.0
1,0.0021789073944091797,1,1,1e-06,0.0
1,0.0022695064544677734,1,1,1e-06,0.0
1,0.0022416114807128906,1,1,1e-06,0.0
1,0.002063751220703125,1,1,1e-06,0.0
1,0.0021326541900634766,1,1,1e-06,0.0
1,0.0047779083251953125,1,1,1e-06,0.0
1,0.12775301933288574,1,1,1e-06,0.0
1,0.002179861068725586,1,1,1e-06,0.0
1,0.006531238555908203,1,1,1e-06,0.0
1,0.003121614456176758,1,1,1e-06,0.0
1,0.03476905822753906,1,1,1e-06,0.0
1,0.0068509578704833984,1,1,1e-06,0.0
1,0.0022215843200683594,1,1,1e-06,0.0
1,0.005652904510498047,1,1,1e-06,0.0
1,0.002689361572265625,1,1,1e-06,0.0
1,0.015351295471191406,1,1,1e-06,0.0
1,0.008363008499145508,1,1,1e-06,0.0
1,0.00286865234375,1,1,1e-06,0.0
1,0.0027799606323242188,1,1,1e-06,0.0
1,0.004598379135131836,1,1,1e-06,0.0
1,0.07958054542541504,1,1,1e-06,0.0
1,0.0034885406494140625,1,1,1e-06,0.0
1,0.008210420608520508,1,1,1e-06,0.0
1,0.017139673233032227,1,1,1e-06,0.0
1,0.0031719207763671875,1,1,1e-06,0.0
1,0.004943370819091797,1,1,1e-06,0.0
1,0.028743267059326172,1,1,1e-06,0.0
1,0.010538101196289062,1,1,1e-06,0.0
1,0.00677800178527832,1,1,1e-06,0.0
1,0.004784345626831055,1,1,1e-06,0.0
1,0.0024802684783935547,1,1,1e-06,0.0
1,0.0017974376678466797,1,1,1e-06,0.0
1,0.003081083297729492,1,1,1e-06,0.0
1,0.0037271976470947266,1,1,1e-06,0.0
1,0.003448963165283203,1,1,1e-06,0.0
1,0.0049932003021240234,1,1,1e-06,0.0
1,0.004390239715576172,1,1,1e-06,0.0
1,0.0034046173095703125,1,1,1e-06,0.0
1,0.0040569305419921875,1,1,1e-06,0.0
1,0.002831697463989258,1,1,1e-06,0.0
1,0.09748101234436035,1,1,1e-06,0.0
1,0.002447366714477539,1,1,1e-06,0.0
1,0.10655331611633301,1,1,1e-06,0.0
1,0.0022735595703125,1,1,1e-06,0.0
1,0.0019421577453613281,1,1,1e-06,0.0
1,0.0036270618438720703,1,1,1e-06,0.0
1,0.002980947494506836,1,1,1e-06,0.0
1,0.0025315284729003906,1,1,1e-06,0.0
1,0.01596355438232422,1,1,1e-06,0.0
1,0.003364086151123047,1,1,1e-06,0.0
1,0.0026199817657470703,1,1,1e-06,0.0
1,0.040350914001464844,1,1,1e-06,0.0
1,0.004288434982299805,1,1,1e-06,0.0
1,0.0024917125701904297,1,1,1e-06,0.0
1,0.003072500228881836,1,1,1e-06,0.0
1,0.010078191757202148,1,1,1e-06,0.0
1,0.0025033950805664062,1,1,1e-06,0.0
1,0.00439906120300293,1,1,1e-06,0.0
1,0.01932978630065918,1,1,1e-06,0.0
1,0.0035729408264160156,1,1,1e-06,0.0
1,0.2276134490966797,1,1,1e-06,0.0
1,0.004177093505859375,1,1,1e-06,0.0
1,0.06519675254821777,1,1,1e-06,0.0
1,0.0027589797973632812,1,1,1e-06,0.0
1,0.02349996566772461,1,1,1e-06,0.0
1,0.0033605098724365234,1,1,1e-06,0.0
1,0.042467594146728516,1,1,1e-06,0.0
1,0.0027828216552734375,1,1,1e-06,0.0
1,0.0028963088989257812,1,1,1e-06,0.0
1,0.0029397010803222656,1,1,1e-06,0.0
1,0.002367258071899414,1,1,1e-06,0.0
1,0.0024297237396240234,1,1,1e-06,0.0
1,0.003371715545654297,1,1,1e-06,0.0
1,0.003668546676635742,1,1,1e-06,0.0
1,0.003040313720703125,1,1,1e-06,0.0
1,0.003195524215698242,1,1,1e-06,0.0
1,0.00420069694519043,1,1,1e-06,0.0
1,0.025328874588012695,1,1,1e-06,0.0
1,0.002483844757080078,1,1,1e-06,0.0
1,0.00532984733581543,1,1,1e-06,0.0
1,0.0031430721282958984,1,1,1e-06,0.0
1,0.017373085021972656,1,1,1e-06,0.0
1,0.0027756690979003906,1,1,1e-06,0.0
1,0.002969026565551758,1,1,1e-06,0.0
1,0.002939939498901367,1,1,1e-06,0.0
1,0.003635883331298828,1,1,1e-06,0.0
1,0.0024764537811279297,1,1,1e-06,0.0
1,0.003901243209838867,1,1,1e-06,0.0
1,0.004384040832519531,1,1,1e-06,0.0
1,0.0032949447631835938,1,1,1e-06,0.0
1,0.003037691116333008,1,1,1e-06,0.0
1,0.0030794143676757812,1,1,1e-06,0.0
1,0.0026521682739257812,1,1,1e-06,0.0
1,0.0023992061614990234,1,1,1e-06,0.0
1,0.03236842155456543,1,1,1e-06,0.0
1,0.003406047821044922,1,1,1e-06,0.0
1,0.0025413036346435547,1,1,1e-06,0.0
1,0.0029604434967041016,1,1,1e-06,0.0
1,0.004452228546142578,1,1,1e-06,0.0
1,0.007191181182861328,1,1,1e-06,0.0
1,0.0024585723876953125,1,1,1e-06,0.0
1,0.0028405189514160156,1,1,1e-06,0.0
1,0.003149747848510742,1,1,1e-06,0.0
1,0.002434253692626953,1,1,1e-06,0.0
1,0.0042231082916259766,1,1,1e-06,0.0
1,0.00435638427734375,1,1,1e-06,0.0
1,0.0033745765686035156,1,1,1e-06,0.0
1,0.003580808639526367,1,1,1e-06,0.0
1,0.0032563209533691406,1,1,1e-06,0.0
1,0.0037224292755126953,1,1,1e-06,0.0
1,0.005789756774902344,1,1,1e-06,0.0
1,0.01816701889038086,1,1,1e-06,0.0
1,0.015242576599121094,1,1,1e-06,0.0
1,0.003065347671508789,1,1,1e-06,0.0
1,0.002321481704711914,1,1,1e-06,0.0
1,0.006956338882446289,1,1,1e-06,0.0
1,0.008475065231323242,1,1,1e-06,0.0
1,0.051406145095825195,1,1,1e-06,0.0
1,0.003135204315185547,1,1,1e-06,0.0
1,0.0027315616607666016,1,1,1e-06,0.0
1,0.005805015563964844,1,1,1e-06,0.0
1,0.01584172248840332,1,1,1e-06,0.0
1,0.002744436264038086,1,1,1e-06,0.0
1,0.0027618408203125,1,1,1e-06,0.0
1,0.004198312759399414,1,1,1e-06,0.0
1,0.05191183090209961,1,1,1e-06,0.0
1,0.003948211669921875,1,1,1e-06,0.0
1,0.003480195999145508,1,1,1e-06,0.0
1,0.0037391185760498047,1,1,1e-06,0.0
1,0.0984494686126709,1,1,1e-06,0.0
1,0.005821704864501953,1,1,1e-06,0.0
1,0.0026001930236816406,1,1,1e-06,0.0
1,0.0021238327026367188,1,1,1e-06,0.0
1,0.0032351016998291016,1,1,1e-06,0.0
1,0.002633810043334961,1,1,1e-06,0.0
1,0.005985736846923828,1,1,1e-06,0.0
1,0.012373685836791992,1,1,1e-06,0.0
1,0.0035762786865234375,1,1,1e-06,0.0
1,0.002925395965576172,1,1,1e-06,0.0
1,0.0032079219818115234,1,1,1e-06,0.0
1,0.003371000289916992,1,1,1e-06,0.0
1,0.0027120113372802734,1,1,1e-06,0.0
1,0.0021572113037109375,1,1,1e-06,0.0
1,0.003276348114013672,1,1,1e-06,0.0
1,0.0333254337310791,1,1,1e-06,0.0
1,0.00815725326538086,1,1,1e-06,0.0
1,0.002469301223754883,1,1,1e-06,0.0
1,0.0028641223907470703,1,1,1e-06,0.0
1,0.0031282901763916016,1,1,1e-06,0.0
1,0.00397038459777832,1,1,1e-06,0.0
1,0.002438783645629883,1,1,1e-06,0.0
1,0.0023479461669921875,1,1,1e-06,0.0
1,0.0022449493408203125,1,1,1e-06,0.0
1,0.0043294429779052734,1,1,1e-06,0.0
1,0.002960681915283203,1,1,1e-06,0.0
1,0.002350330352783203,1,1,1e-06,0.0
1,0.0031626224517822266,1,1,1e-06,0.0
1,0.01252293586730957,1,1,1e-06,0.0
1,0.0026242733001708984,1,1,1e-06,0.0
1,0.01390981674194336,1,1,1e-06,0.0
1,0.002569437026977539,1,1,1e-06,0.0
1,0.0025849342346191406,1,1,1e-06,0.0
1,0.027384519577026367,1,1,1e-06,0.0
1,0.003154277801513672,1,1,1e-06,0.0
1,0.009556770324707031,1,1,1e-06,0.0
1,0.0259397029876709,1,1,1e-06,0.0
1,0.0021753311157226562,1,1,1e-06,0.0
1,0.005114316940307617,1,1,1e-06,0.0
1,0.0026819705963134766,1,1,1e-06,0.0
1,0.002485036849975586,1,1,1e-06,0.0
1,0.00295257568359375,1,1,1e-06,0.0
1,0.0022737979888916016,1,1,1e-06,0.0
1,0.0022919178009033203,1,1,1e-06,0.0
1,0.002171039581298828,1,1,1e-06,0.0
1,0.011194467544555664,1,1,1e-06,0.0
1,0.017112255096435547,1,1,1e-06,0.0
1,0.02588677406311035,1,1,1e-06,0.0
1,0.0025453567504882812,1,1,1e-06,0.0
1,0.0032019615173339844,1,1,1e-06,0.0
1,0.0024766921997070312,1,1,1e-06,0.0
1,0.002368927001953125,1,1,1e-06,0.0
1,0.0022623538970947266,1,1,1e-06,0.0
1,0.002861499786376953,1,1,1e-06,0.0
1,0.002396821975708008,1,1,1e-06,0.0
1,0.002135038375854492,1,1,1e-06,0.0
1,0.004372596740722656,1,1,1e-06,0.0
1,0.002467632293701172,1,1,1e-06,0.0
1,0.002680540084838867,1,1,1e-06,0.0
1,0.002282381057739258,1,1,1e-06,0.0
1,0.003151416778564453,1,1,1e-06,0.0
1,0.014190196990966797,1,1,1e-06,0.0
1,0.0026051998138427734,1,1,1e-06,0.0
1,0.002767801284790039,1,1,1e-06,0.0
1,0.0029556751251220703,1,1,1e-06,0.0
1,0.0034117698669433594,1,1,1e-06,0.0
1,0.0021238327026367188,1,1,1e-06,0.0
1,0.004532814025878906,1,1,1e-06,0.0
1,0.013058662414550781,1,1,1e-06,0.0
1,0.004231691360473633,1,1,1e-06,0.0
1,0.0023927688598632812,1,1,1e-06,0.0
1,0.005181312561035156,1,1,1e-06,0.0
1,0.0029914379119873047,1,1,1e-06,0.0
1,0.0028595924377441406,1,1,1e-06,0.0
1,0.004433870315551758,1,1,1e-06,0.0
1,0.0030515193939208984,1,1,1e-06,0.0
1,0.0027642250061035156,1,1,1e-06,0.0
1,0.002137899398803711,1,1,1e-06,0.0
1,0.05441761016845703,1,1,1e-06,0.0
1,0.0022106170654296875,1,1,1e-06,0.0
1,0.0038170814514160156,1,1,1e-06,0.0
1,0.005492448806762695,1,1,1e-06,0.0
1,0.0015740394592285156,1,1,1e-06,0.0
1,0.0017850399017333984,1,1,1e-06,0.0
1,0.002105236053466797,1,1,1e-06,0.0
1,0.0052318572998046875,1,1,1e-06,0.0
1,0.002619504928588867,1,1,1e-06,0.0
1,0.012682437896728516,1,1,1e-06,0.0
1,0.014016151428222656,1,1,1e-06,0.0
1,0.0024611949920654297,1,1,1e-06,0.0
1,0.0020904541015625,1,1,1e-06,0.0
1,0.006490945816040039,1,1,1e-06,0.0
1,0.0028138160705566406,1,1,1e-06,0.0
1,0.0020334720611572266,1,1,1e-06,0.0
1,0.0023069381713867188,1,1,1e-06,0.0
1,0.0021767616271972656,1,1,1e-06,0.0
1,0.002315044403076172,1,1,1e-06,0.0
1,0.002270221710205078,1,1,1e-06,0.0
1,0.0018150806427001953,1,1,1e-06,0.0
1,0.0020360946655273438,1,1,1e-06,0.0
1,0.0018725395202636719,1,1,1e-06,0.0
1,0.0018968582153320312,1,1,1e-06,0.0
1,0.002922534942626953,1,1,1e-06,0.0
1,0.06177639961242676,1,1,1e-06,0.0
1,0.002202749252319336,1,1,1e-06,0.0
1,0.0022459030151367188,1,1,1e-06,0.0
1,0.002529621124267578,1,1,1e-06,0.0
1,0.002021312713623047,1,1,1e-06,0.0
1,0.001998424530029297,1,1,1e-06,0.0
1,0.0020732879638671875,1,1,1e-06,0.0
1,0.0021457672119140625,1,1,1e-06,0.0
1,0.0017626285552978516,1,1,1e-06,0.0
1,0.0020232200622558594,1,1,1e-06,0.0
1,0.002681255340576172,1,1,1e-06,0.0
1,0.003407716751098633,1,1,1e-06,0.0
1,0.029001712799072266,1,1,1e-06,0.0
1,0.016120433807373047,1,1,1e-06,0.0
1,0.0023429393768310547,1,1,1e-06,0.0
1,0.0020723342895507812,1,1,1e-06,0.0
1,0.002321004867553711,1,1,1e-06,0.0
1,0.002025127410888672,1,1,1e-06,0.0
1,0.08974695205688477,1,1,1e-06,0.0
1,0.002361774444580078,1,1,1e-06,0.0
1,0.017883777618408203,1,1,1e-06,0.0
1,0.003293752670288086,1,1,1e-06,0.0
1,0.028664588928222656,1,1,1e-06,0.0
1,0.003753662109375,1,1,1e-06,0.0
1,0.013294458389282227,1,1,1e-06,0.0
1,0.0031731128692626953,1,1,1e-06,0.0
1,0.0028553009033203125,1,1,1e-06,0.0
1,0.0021562576293945312,1,1,1e-06,0.0
1,0.019211292266845703,1,1,1e-06,0.0
1,0.029673099517822266,1,1,1e-06,0.0
1,0.002760171890258789,1,1,1e-06,0.0
1,0.004023075103759766,1,1,1e-06,0.0
1,0.0026617050170898438,1,1,1e-06,0.0
1,0.003931522369384766,1,1,1e-06,0.0
1,0.002832651138305664,1,1,1e-06,0.0
1,0.0029518604278564453,1,1,1e-06,0.0
1,0.0020296573638916016,1,1,1e-06,0.0
1,0.0021886825561523438,1,1,1e-06,0.0
1,0.012208223342895508,1,1,1e-06,0.0
1,0.0024650096893310547,1,1,1e-06,0.0
1,0.002587556838989258,1,1,1e-06,0.0
1,0.002240896224975586,1,1,1e-06,0.0
1,0.011455297470092773,1,1,1e-06,0.0
1,0.003988742828369141,1,1,1e-06,0.0
1,0.023005008697509766,1,1,1e-06,0.0
1,0.002329587936401367,1,1,1e-06,0.0
1,0.002723217010498047,1,1,1e-06,0.0
1,0.002666950225830078,1,1,1e-06,0.0
1,0.0022330284118652344,1,1,1e-06,0.0
1,0.004507780075073242,1,1,1e-06,0.0
1,0.0024788379669189453,1,1,1e-06,0.0
1,0.002316713333129883,1,1,1e-06,0.0
1,0.004036426544189453,1,1,1e-06,0.0
1,0.002478361129760742,1,1,1e-06,0.0
1,0.003411531448364258,1,1,1e-06,0.0
1,0.004108905792236328,1,1,1e-06,0.0
1,0.0023577213287353516,1,1,1e-06,0.0
1,0.0032994747161865234,1,1,1e-06,0.0
1,0.0023941993713378906,1,1,1e-06,0.0
1,0.0021729469299316406,1,1,1e-06,0.0
1,0.004828929901123047,1,1,1e-06,0.0
1,0.0024633407592773438,1,1,1e-06,0.0
1,0.0030546188354492188,1,1,1e-06,0.0
1,0.017308950424194336,1,1,1e-06,0.0
1,0.005411624908447266,1,1,1e-06,0.0
1,0.002440214157104492,1,1,1e-06,0.0
1,0.002677440643310547,1,1,1e-06,0.0
1,0.002324819564819336,1,1,1e-06,0.0
1,0.003843069076538086,1,1,1e-06,0.0
1,0.001990079879760742,1,1,1e-06,0.0
1,0.007917165756225586,1,1,1e-06,0.0
1,0.0031766891479492188,1,1,1e-06,0.0
1,0.07456469535827637,1,1,1e-06,0.0
1,0.0022735595703125,1,1,1e-06,0.0
1,0.012512445449829102,1,1,1e-06,0.0
1,0.002169370651245117,1,1,1e-06,0.0
1,0.0022361278533935547,1,1,1e-06,0.0
1,0.0040073394775390625,1,1,1e-06,0.0
1,0.002505779266357422,1,1,1e-06,0.0
1,0.002592325210571289,1,1,1e-06,0.0
1,0.002484560012817383,1,1,1e-06,0.0
1,0.002489805221557617,1,1,1e-06,0.0
1,0.002931356430053711,1,1,1e-06,0.0
1,0.002489328384399414,1,1,1e-06,0.0
1,0.0026640892028808594,1,1,1e-06,0.0
1,0.0020475387573242188,1,1,1e-06,0.0
1,0.01373910903930664,1,1,1e-06,0.0
1,0.0032148361206054688,1,1,1e-06,0.0
1,0.0023517608642578125,1,1,1e-06,0.0
1,0.0037529468536376953,1,1,1e-06,0.0
1,0.001764059066772461,1,1,1e-06,0.0
1,0.003448963165283203,1,1,1e-06,0.0
1,0.002597332000732422,1,1,1e-06,0.0
1,0.17327380180358887,1,1,1e-06,0.0
1,0.0044193267822265625,1,1,1e-06,0.0
1,0.0026159286499023438,1,1,1e-06,0.0
1,0.0021042823791503906,1,1,1e-06,0.0
1,0.002008676528930664,1,1,1e-06,0.0
1,0.002833127975463867,1,1,1e-06,0.0
1,0.002286672592163086,1,1,1e-06,0.0
1,0.023319721221923828,1,1,1e-06,0.0
1,0.02047252655029297,1,1,1e-06,0.0
1,0.0037429332733154297,1,1,1e-06,0.0
1,0.0023453235626220703,1,1,1e-06,0.0
1,0.0022118091583251953,1,1,1e-06,0.0
1,0.0038161277770996094,1,1,1e-06,0.0
1,0.003300189971923828,1,1,1e-06,0.0
1,0.0026445388793945312,1,1,1e-06,0.0
1,0.002270936965942383,1,1,1e-06,0.0
1,0.002591371536254883,1,1,1e-06,0.0
1,0.0023741722106933594,1,1,1e-06,0.0
1,0.0018649101257324219,1,1,1e-06,0.0
1,0.002348661422729492,1,1,1e-06,0.0
1,0.003040313720703125,1,1,1e-06,0.0
1,0.06789779663085938,1,1,1e-06,0.0
1,0.0026710033416748047,1,1,1e-06,0.0
1,0.002405881881713867,1,1,1e-06,0.0
1,0.011173725128173828,1,1,1e-06,0.0
1,0.0033316612243652344,1,1,1e-06,0.0
1,0.002397298812866211,1,1,1e-06,0.0
1,0.0019268989562988281,1,1,1e-06,0.0
1,0.0031461715698242188,1,1,1e-06,0.0
1,0.0025277137756347656,1,1,1e-06,0.0
1,0.002207040786743164,1,1,1e-06,0.0
1,0.0026619434356689453,1,1,1e-06,0.0
1,0.0020477771759033203,1,1,1e-06,0.0
1,0.005823612213134766,1,1,1e-06,0.0
1,0.002754688262939453,1,1,1e-06,0.0
1,0.0023512840270996094,1,1,1e-06,0.0
1,0.0023605823516845703,1,1,1e-06,0.0
1,0.0041692256927490234,1,1,1e-06,0.0
1,0.002986907958984375,1,1,1e-06,0.0
1,0.002490520477294922,1,1,1e-06,0.0
1,0.0021970272064208984,1,1,1e-06,0.0
1,0.0018541812896728516,1,1,1e-06,0.0
1,0.0023636817932128906,1,1,1e-06,0.0
1,0.03793191909790039,1,1,1e-06,0.0
1,0.003174304962158203,1,1,1e-06,0.0
1,0.00489497184753418,1,1,1e-06,0.0
1,0.007571220397949219,1,1,1e-06,0.0
1,0.0024843215942382812,1,1,1e-06,0.0
1,0.06745553016662598,1,1,1e-06,0.0
1,0.0030202865600585938,1,1,1e-06,0.0
1,0.0038216114044189453,1,1,1e-06,0.0
1,0.006793498992919922,1,1,1e-06,0.0
1,0.0034623146057128906,1,1,1e-06,0.0
1,0.022253036499023438,1,1,1e-06,0.0
1,0.0032911300659179688,1,1,1e-06,0.0
1,0.010195255279541016,1,1,1e-06,0.0
1,0.057622432708740234,1,1,1e-06,0.0
1,0.003348827362060547,1,1,1e-06,0.0
1,0.09668421745300293,1,1,1e-06,0.0
1,0.00893092155456543,1,1,1e-06,0.0
1,0.09082937240600586,1,1,1e-06,0.0
1,0.03522014617919922,1,1,1e-06,0.0
1,0.005196809768676758,1,1,1e-06,0.0
1,0.0034935474395751953,1,1,1e-06,0.0
1,0.00495147705078125,1,1,1e-06,0.0
1,0.011016130447387695,1,1,1e-06,0.0
1,0.03456878662109375,1,1,1e-06,0.0
1,0.005383491516113281,1,1,1e-06,0.0
1,0.011411428451538086,1,1,1e-06,0.0
1,0.0036270618438720703,1,1,1e-06,0.0
1,0.0525057315826416,1,1,1e-06,0.0
1,0.007295131683349609,1,1,1e-06,0.0
1,0.004033088684082031,1,1,1e-06,0.0
1,0.014053821563720703,1,1,1e-06,0.0
1,0.0037996768951416016,1,1,1e-06,0.0
1,0.003496408462524414,1,1,1e-06,0.0
1,0.10880136489868164,1,1,1e-06,0.0
1,0.003710031509399414,1,1,1e-06,0.0
1,0.01244354248046875,1,1,1e-06,0.0
1,0.00828409194946289,1,1,1e-06,0.0
1,0.007947921752929688,1,1,1e-06,0.0
1,0.004037618637084961,1,1,1e-06,0.0
1,0.013825416564941406,1,1,1e-06,0.0
1,0.005450725555419922,1,1,1e-06,0.0
1,0.007874488830566406,1,1,1e-06,0.0
1,0.03379487991333008,1,1,1e-06,0.0
1,0.0040433406829833984,1,1,1e-06,0.0
1,0.011612892150878906,1,1,1e-06,0.0
1,0.0037267208099365234,1,1,1e-06,0.0
1,0.01137089729309082,1,1,1e-06,0.0
1,0.004317760467529297,1,1,1e-06,0.0
1,0.05685687065124512,1,1,1e-06,0.0
1,0.1952683925628662,1,1,1e-06,0.0
1,0.0037026405334472656,1,1,1e-06,0.0
1,0.0033845901489257812,1,1,1e-06,0.0
1,0.004415988922119141,1,1,1e-06,0.0
1,0.004471778869628906,1,1,1e-06,0.0
1,0.01109457015991211,1,1,1e-06,0.0
1,0.0035979747772216797,1,1,1e-06,0.0
1,0.011867046356201172,1,1,1e-06,0.0
1,0.003999948501586914,1,1,1e-06,0.0
1,0.012616157531738281,1,1,1e-06,0.0
1,0.003475666046142578,1,1,1e-06,0.0
1,0.0038073062896728516,1,1,1e-06,0.0
1,0.013906240463256836,1,1,1e-06,0.0
1,0.005098104476928711,1,1,1e-06,0.0
1,0.13237881660461426,1,1,1e-06,0.0
1,0.13141107559204102,1,1,1e-06,0.0
1,0.0041065216064453125,1,1,1e-06,0.0
1,0.004171609878540039,1,1,1e-06,0.0
1,0.004308223724365234,1,1,1e-06,0.0
1,0.004358530044555664,1,1,1e-06,0.0
1,0.04658317565917969,1,1,1e-06,0.0
1,0.013119220733642578,1,1,1e-06,0.0
1,0.008282661437988281,1,1,1e-06,0.0
1,0.004111766815185547,1,1,1e-06,0.0
1,0.057706594467163086,1,1,1e-06,0.0
1,0.013402700424194336,1,1,1e-06,0.0
1,0.016048669815063477,1,1,1e-06,0.0
1,0.14884138107299805,1,1,1e-06,0.0
1,0.05157613754272461,1,1,1e-06,0.0
1,0.011418342590332031,1,1,1e-06,0.0
1,0.004013776779174805,1,1,1e-06,0.0
1,0.005852460861206055,1,1,1e-06,0.0
1,0.0072062015533447266,1,1,1e-06,0.0
1,0.011695623397827148,1,1,1e-06,0.0
1,0.011551380157470703,1,1,1e-06,0.0
1,0.0037386417388916016,1,1,1e-06,0.0
1,0.0054819583892822266,1,1,1e-06,0.0
1,0.00786447525024414,1,1,1e-06,0.0
1,0.0058710575103759766,1,1,1e-06,0.0
1,0.005692958831787109,1,1,1e-06,0.0
1,0.010936737060546875,1,1,1e-06,0.0
1,0.008225679397583008,1,1,1e-06,0.0
1,0.01028895378112793,1,1,1e-06,0.0
1,0.004431486129760742,1,1,1e-06,0.0
1,0.015053272247314453,1,1,1e-06,0.0
1,0.05144953727722168,1,1,1e-06,0.0
1,0.003885030746459961,1,1,1e-06,0.0
1,0.004859209060668945,1,1,1e-06,0.0
1,0.0045244693756103516,1,1,1e-06,0.0
1,0.004225015640258789,1,1,1e-06,0.0
1,0.005994081497192383,1,1,1e-06,0.0
1,0.004718303680419922,1,1,1e-06,0.0
1,0.0044708251953125,1,1,1e-06,0.0
1,0.03473043441772461,1,1,1e-06,0.0
1,0.013593912124633789,1,1,1e-06,0.0
1,0.004603385925292969,1,1,1e-06,0.0
1,0.006991147994995117,1,1,1e-06,0.0
1,0.08730721473693848,1,1,1e-06,0.0
1,0.004726409912109375,1,1,1e-06,0.0
1,0.04855847358703613,1,1,1e-06,0.0
1,0.0036423206329345703,1,1,1e-06,0.0
1,0.005089282989501953,1,1,1e-06,0.0
1,0.003816843032836914,1,1,1e-06,0.0
1,0.003967761993408203,1,1,1e-06,0.0
1,0.01581406593322754,1,1,1e-06,0.0
1,0.004744291305541992,1,1,1e-06,0.0
1,0.6346824169158936,1,1,1e-06,0.0
1,0.003079652786254883,1,1,1e-06,0.0
1,0.06707429885864258,1,1,1e-06,0.0
1,0.0032346248626708984,1,1,1e-06,0.0
1,0.0049059391021728516,1,1,1e-06,0.0
1,0.008871078491210938,1,1,1e-06,0.0
1,0.0023632049560546875,1,1,1e-06,0.0
1,0.01467442512512207,1,1,1e-06,0.0
1,0.010159969329833984,1,1,1e-06,0.0
1,0.002351045608520508,1,1,1e-06,0.0
1,0.0031294822692871094,1,1,1e-06,0.0
1,0.002757549285888672,1,1,1e-06,0.0
1,0.004959583282470703,1,1,1e-06,0.0
1,0.0025763511657714844,1,1,1e-06,0.0
1,0.0021119117736816406,1,1,1e-06,0.0
1,0.0021622180938720703,1,1,1e-06,0.0
1,0.0201568603515625,1,1,1e-06,0.0
1,0.002204418182373047,1,1,1e-06,0.0
1,0.0026934146881103516,1,1,1e-06,0.0
1,0.0030884742736816406,1,1,1e-06,0.0
1,0.0030884742736816406,1,1,1e-06,0.0
1,0.003804922103881836,1,1,1e-06,0.0
1,0.00281524658203125,1,1,1e-06,0.0
1,0.002956390380859375,1,1,1e-06,0.0
1,0.0034914016723632812,1,1,1e-06,0.0
1,0.0022125244140625,1,1,1e-06,0.0
1,0.0031914710998535156,1,1,1e-06,0.0
1,0.0038154125213623047,1,1,1e-06,0.0
1,0.003826141357421875,1,1,1e-06,0.0
1,0.003292560577392578,1,1,1e-06,0.0
1,0.0027923583984375,1,1,1e-06,0.0
1,0.0019423961639404297,1,1,1e-06,0.0
1,0.0061032772064208984,1,1,1e-06,0.0
1,0.0029909610748291016,1,1,1e-06,0.0
1,0.002900838851928711,1,1,1e-06,0.0
1,0.003840923309326172,1,1,1e-06,0.0
1,0.006490945816040039,1,1,1e-06,0.0
1,0.023718595504760742,1,1,1e-06,0.0
1,0.0029091835021972656,1,1,1e-06,0.0
1,0.021866798400878906,1,1,1e-06,0.0
1,0.0022439956665039062,1,1,1e-06,0.0
1,0.0049495697021484375,1,1,1e-06,0.0
1,0.01685166358947754,1,1,1e-06,0.0
1,0.006107330322265625,1,1,1e-06,0.0
1,0.0034389495849609375,1,1,1e-06,0.0
1,0.004037380218505859,1,1,1e-06,0.0
1,0.004511356353759766,1,1,1e-06,0.0
1,0.0860908031463623,1,1,1e-06,0.0
1,0.003594636917114258,1,1,1e-06,0.0
1,0.004149675369262695,1,1,1e-06,0.0
1,0.006308317184448242,1,1,1e-06,0.0
1,0.003984689712524414,1,1,1e-06,0.0
1,0.01517176628112793,1,1,1e-06,0.0
1,0.002936840057373047,1,1,1e-06,0.0
1,0.0028052330017089844,1,1,1e-06,0.0
1,0.003076791763305664,1,1,1e-06,0.0
1,0.03513288497924805,1,1,1e-06,0.0
1,0.0029926300048828125,1,1,1e-06,0.0
1,0.0023605823516845703,1,1,1e-06,0.0
1,0.0024552345275878906,1,1,1e-06,0.0
1,0.002955198287963867,1,1,1e-06,0.0
1,0.0029544830322265625,1,1,1e-06,0.0
1,0.028879165649414062,1,1,1e-06,0.0
1,0.003181934356689453,1,1,1e-06,0.0
1,0.0023093223571777344,1,1,1e-06,0.0
1,0.002806425094604492,1,1,1e-06,0.0
1,0.0024509429931640625,1,1,1e-06,0.0
1,0.007028818130493164,1,1,1e-06,0.0
1,0.006662607192993164,1,1,1e-06,0.0
1,0.0038788318634033203,1,1,1e-06,0.0
1,0.0021016597747802734,1,1,1e-06,0.0
1,0.004052877426147461,1,1,1e-06,0.0
1,0.003784656524658203,1,1,1e-06,0.0
1,0.028159618377685547,1,1,1e-06,0.0
1,0.002305746078491211,1,1,1e-06,0.0
1,0.01667165756225586,1,1,1e-06,0.0
1,0.0036559104919433594,1,1,1e-06,0.0
1,0.0025587081909179688,1,1,1e-06,0.0
1,0.003262042999267578,1,1,1e-06,0.0
1,0.002425670623779297,1,1,1e-06,0.0
1,0.0028257369995117188,1,1,1e-06,0.0
1,0.0029773712158203125,1,1,1e-06,0.0
1,0.003004789352416992,1,1,1e-06,0.0
1,0.0026082992553710938,1,1,1e-06,0.0
1,0.0026590824127197266,1,1,1e-06,0.0
1,0.004183530807495117,1,1,1e-06,0.0
1,0.006187915802001953,1,1,1e-06,0.0
1,0.002497434616088867,1,1,1e-06,0.0
1,0.016698360443115234,1,1,1e-06,0.0
1,0.0030105113983154297,1,1,1e-06,0.0
1,0.001924276351928711,1,1,1e-06,0.0
1,0.022483348846435547,1,1,1e-06,0.0
1,0.00605010986328125,1,1,1e-06,0.0
1,0.003916263580322266,1,1,1e-06,0.0
1,0.04009366035461426,1,1,1e-06,0.0
1,0.002629518508911133,1,1,1e-06,0.0
1,0.002552032470703125,1,1,1e-06,0.0
1,0.004343986511230469,1,1,1e-06,0.0
1,0.014726400375366211,1,1,1e-06,0.0
1,0.0038154125213623047,1,1,1e-06,0.0
1,0.0022857189178466797,1,1,1e-06,0.0
1,0.004329681396484375,1,1,1e-06,0.0
1,0.0051724910736083984,1,1,1e-06,0.0
1,0.02184152603149414,1,1,1e-06,0.0
1,0.014103889465332031,1,1,1e-06,0.0
1,0.003978729248046875,1,1,1e-06,0.0
1,0.017818927764892578,1,1,1e-06,0.0
1,0.003864288330078125,1,1,1e-06,0.0
1,0.003634929656982422,1,1,1e-06,0.0
1,0.002827167510986328,1,1,1e-06,0.0
1,0.003932476043701172,1,1,1e-06,0.0
1,0.002802133560180664,1,1,1e-06,0.0
1,0.00607752799987793,1,1,1e-06,0.0
1,0.004585981369018555,1,1,1e-06,0.0
1,0.02771759033203125,1,1,1e-06,0.0
1,0.008289575576782227,1,1,1e-06,0.0
1,0.003605365753173828,1,1,1e-06,0.0
1,0.005072116851806641,1,1,1e-06,0.0
1,0.0032498836517333984,1,1,1e-06,0.0
1,0.0026552677154541016,1,1,1e-06,0.0
1,0.002731800079345703,1,1,1e-06,0.0
1,0.003421306610107422,1,1,1e-06,0.0
1,0.0024039745330810547,1,1,1e-06,0.0
1,0.01268458366394043,1,1,1e-06,0.0
1,0.013382673263549805,1,1,1e-06,0.0
1,0.002881288528442383,1,1,1e-06,0.0
1,0.002682924270629883,1,1,1e-06,0.0
1,0.0026001930236816406,1,1,1e-06,0.0
1,0.002804279327392578,1,1,1e-06,0.0
1,0.013048887252807617,1,1,1e-06,0.0
1,0.0028963088989257812,1,1,1e-06,0.0
1,0.002910137176513672,1,1,1e-06,0.0
1,0.01929783821105957,1,1,1e-06,0.0
1,0.016745567321777344,1,1,1e-06,0.0
1,0.003135204315185547,1,1,1e-06,0.0
1,0.0028047561645507812,1,1,1e-06,0.0
1,0.003576040267944336,1,1,1e-06,0.0
1,0.004670619964599609,1,1,1e-06,0.0
1,0.0032961368560791016,1,1,1e-06,0.0
1,0.0036971569061279297,1,1,1e-06,0.0
1,0.0029802322387695312,1,1,1e-06,0.0
1,0.003105640411376953,1,1,1e-06,0.0
1,0.003902912139892578,1,1,1e-06,0.0
1,0.004531145095825195,1,1,1e-06,0.0
1,0.008951663970947266,1,1,1e-06,0.0
1,0.003908634185791016,1,1,1e-06,0.0
1,0.003287792205810547,1,1,1e-06,0.0
1,0.0074613094329833984,1,1,1e-06,0.0
1,0.0055391788482666016,1,1,1e-06,0.0
1,0.004503726959228516,1,1,1e-06,0.0
1,0.005425453186035156,1,1,1e-06,0.0
1,0.029481887817382812,1,1,1e-06,0.0
1,0.0024597644805908203,1,1,1e-06,0.0
1,0.002338886260986328,1,1,1e-06,0.0
1,0.004879951477050781,1,1,1e-06,0.0
1,0.0028536319732666016,1,1,1e-06,0.0
1,0.00261688232421875,1,1,1e-06,0.0
1,0.00500178337097168,1,1,1e-06,0.0
1,0.0019927024841308594,1,1,1e-06,0.0
1,0.008620977401733398,1,1,1e-06,0.0
1,0.0020551681518554688,1,1,1e-06,0.0
1,0.002088308334350586,1,1,1e-06,0.0
1,0.012093544006347656,1,1,1e-06,0.0
1,0.013644695281982422,1,1,1e-06,0.0
1,0.00208282470703125,1,1,1e-06,0.0
1,0.002498626708984375,1,1,1e-06,0.0
1,0.002149820327758789,1,1,1e-06,0.0
1,0.0022144317626953125,1,1,1e-06,0.0
1,0.0027625560760498047,1,1,1e-06,0.0
1,0.0025293827056884766,1,1,1e-06,0.0
1,0.002453327178955078,1,1,1e-06,0.0
1,0.026616573333740234,1,1,1e-06,0.0
1,0.0022726058959960938,1,1,1e-06,0.0
1,0.012035131454467773,1,1,1e-06,0.0
1,0.015512943267822266,1,1,1e-06,0.0
1,0.0033483505249023438,1,1,1e-06,0.0
1,0.0018949508666992188,1,1,1e-06,0.0
1,0.001955747604370117,1,1,1e-06,0.0
1,0.0032863616943359375,1,1,1e-06,0.0
1,0.002913236618041992,1,1,1e-06,0.0
1,0.0031957626342773438,1,1,1e-06,0.0
1,0.0029273033142089844,1,1,1e-06,0.0
1,0.0021698474884033203,1,1,1e-06,0.0
1,0.018384218215942383,1,1,1e-06,0.0
1,0.002640247344970703,1,1,1e-06,0.0
1,0.002506256103515625,1,1,1e-06,0.0
1,0.0024268627166748047,1,1,1e-06,0.0
1,0.020226478576660156,1,1,1e-06,0.0
1,0.012484550476074219,1,1,1e-06,0.0
1,0.002721548080444336,1,1,1e-06,0.0
1,0.0016772747039794922,1,1,1e-06,0.0
1,0.015197277069091797,1,1,1e-06,0.0
1,0.0023279190063476562,1,1,1e-06,0.0
1,0.0019562244415283203,1,1,1e-06,0.0
1,0.01325225830078125,1,1,1e-06,0.0
1,0.002490997314453125,1,1,1e-06,0.0
1,0.00801396369934082,1,1,1e-06,0.0
1,0.002542257308959961,1,1,1e-06,0.0
1,0.001810312271118164,1,1,1e-06,0.0
1,0.004687309265136719,1,1,1e-06,0.0
1,0.0021560192108154297,1,1,1e-06,0.0
1,0.002706766128540039,1,1,1e-06,0.0
1,0.004153728485107422,1,1,1e-06,0.0
1,0.0025739669799804688,1,1,1e-06,0.0
1,0.011580467224121094,1,1,1e-06,0.0
1,0.002712249755859375,1,1,1e-06,0.0
1,0.0026595592498779297,1,1,1e-06,0.0
1,0.0019621849060058594,1,1,1e-06,0.0
1,0.0017473697662353516,1,1,1e-06,0.0
1,0.0018765926361083984,1,1,1e-06,0.0
1,0.0021343231201171875,1,1,1e-06,0.0
1,0.013930320739746094,1,1,1e-06,0.0
1,0.007439374923706055,1,1,1e-06,0.0
1,0.003020048141479492,1,1,1e-06,0.0
1,0.0020792484283447266,1,1,1e-06,0.0
1,0.052809953689575195,1,1,1e-06,0.0
1,0.002233266830444336,1,1,1e-06,0.0
1,0.0045015811920166016,1,1,1e-06,0.0
1,0.002845287322998047,1,1,1e-06,0.0
1,0.001735687255859375,1,1,1e-06,0.0
1,0.002832651138305664,1,1,1e-06,0.0
1,0.004216909408569336,1,1,1e-06,0.0
1,0.0026044845581054688,1,1,1e-06,0.0
1,0.0025277137756347656,1,1,1e-06,0.0
1,0.0016703605651855469,1,1,1e-06,0.0
1,0.015628576278686523,1,1,1e-06,0.0
1,0.011996269226074219,1,1,1e-06,0.0
1,0.002077341079711914,1,1,1e-06,0.0
1,0.0020525455474853516,1,1,1e-06,0.0
1,0.019446849822998047,1,1,1e-06,0.0
1,0.0024552345275878906,1,1,1e-06,0.0
1,0.0029571056365966797,1,1,1e-06,0.0
1,0.0033724308013916016,1,1,1e-06,0.0
1,0.002844572067260742,1,1,1e-06,0.0
1,0.001996278762817383,1,1,1e-06,0.0
1,0.0024569034576416016,1,1,1e-06,0.0
1,0.003728151321411133,1,1,1e-06,0.0
1,0.001965761184692383,1,1,1e-06,0.0
1,0.0028710365295410156,1,1,1e-06,0.0
1,0.0019183158874511719,1,1,1e-06,0.0
1,0.0018601417541503906,1,1,1e-06,0.0
1,0.002077817916870117,1,1,1e-06,0.0
1,0.0026650428771972656,1,1,1e-06,0.0
1,0.002463817596435547,1,1,1e-06,0.0
1,0.03897571563720703,1,1,1e-06,0.0
1,0.002162933349609375,1,1,1e-06,0.0
1,0.02399921417236328,1,1,1e-06,0.0
1,0.008575201034545898,1,1,1e-06,0.0
1,0.0028769969940185547,1,1,1e-06,0.0
1,0.0031881332397460938,1,1,1e-06,0.0
1,0.0029680728912353516,1,1,1e-06,0.0
1,0.0020945072174072266,1,1,1e-06,0.0
1,0.0023429393768310547,1,1,1e-06,0.0
1,0.0022001266479492188,1,1,1e-06,0.0
1,0.004296541213989258,1,1,1e-06,0.0
1,0.002218961715698242,1,1,1e-06,0.0
1,0.022438526153564453,1,1,1e-06,0.0
1,0.0023224353790283203,1,1,1e-06,0.0
1,0.002201557159423828,1,1,1e-06,0.0
1,0.0028340816497802734,1,1,1e-06,0.0
1,0.00752711296081543,1,1,1e-06,0.0
1,0.003951549530029297,1,1,1e-06,0.0
1,0.005437612533569336,1,1,1e-06,0.0
1,0.0032927989959716797,1,1,1e-06,0.0
1,0.0036764144897460938,1,1,1e-06,0.0
1,0.007447719573974609,1,1,1e-06,0.0
1,0.0030188560485839844,1,1,1e-06,0.0
1,0.018858671188354492,1,1,1e-06,0.0
1,0.003340005874633789,1,1,1e-06,0.0
1,0.01678180694580078,1,1,1e-06,0.0
1,0.007864236831665039,1,1,1e-06,0.0
1,0.00664210319519043,1,1,1e-06,0.0
1,0.002995729446411133,1,1,1e-06,0.0
1,0.003435850143432617,1,1,1e-06,0.0
1,0.0029952526092529297,1,1,1e-06,0.0
1,0.003386259078979492,1,1,1e-06,0.0
1,0.010883569717407227,1,1,1e-06,0.0
1,0.020888328552246094,1,1,1e-06,0.0
1,0.002111673355102539,1,1,1e-06,0.0
1,0.03607654571533203,1,1,1e-06,0.0
1,0.0021233558654785156,1,1,1e-06,0.0
1,0.005858898162841797,1,1,1e-06,0.0
1,0.05951356887817383,1,1,1e-06,0.0
1,0.0023789405822753906,1,1,1e-06,0.0
1,0.002634763717651367,1,1,1e-06,0.0
1,0.002276182174682617,1,1,1e-06,0.0
1,0.004494428634643555,1,1,1e-06,0.0
1,0.0019338130950927734,1,1,1e-06,0.0
1,0.014268159866333008,1,1,1e-06,0.0
1,0.002759695053100586,1,1,1e-06,0.0
1,0.002892017364501953,1,1,1e-06,0.0
1,0.011397361755371094,1,1,1e-06,0.0
1,0.003599882125854492,1,1,1e-06,0.0
1,0.002237558364868164,1,1,1e-06,0.0
1,0.0019528865814208984,1,1,1e-06,0.0
1,0.0020651817321777344,1,1,1e-06,0.0
1,0.005967617034912109,1,1,1e-06,0.0
1,0.01446843147277832,1,1,1e-06,0.0
1,0.014358282089233398,1,1,1e-06,0.0
1,0.0021719932556152344,1,1,1e-06,0.0
1,0.0027267932891845703,1,1,1e-06,0.0
1,0.0024671554565429688,1,1,1e-06,0.0
1,0.002994060516357422,1,1,1e-06,0.0
1,0.005252838134765625,1,1,1e-06,0.0
1,0.002452850341796875,1,1,1e-06,0.0
1,0.003609895706176758,1,1,1e-06,0.0
1,0.003293752670288086,1,1,1e-06,0.0
1,0.0032372474670410156,1,1,1e-06,0.0
1,0.0029113292694091797,1,1,1e-06,0.0
1,0.00254058837890625,1,1,1e-06,0.0
1,0.0024900436401367188,1,1,1e-06,0.0
1,0.002074003219604492,1,1,1e-06,0.0
1,0.0017590522766113281,1,1,1e-06,0.0
1,0.0017521381378173828,1,1,1e-06,0.0
1,0.0030677318572998047,1,1,1e-06,0.0
1,0.004856109619140625,1,1,1e-06,0.0
1,0.004836559295654297,1,1,1e-06,0.0
1,0.0028967857360839844,1,1,1e-06,0.0
1,0.006392478942871094,1,1,1e-06,0.0
1,0.0023996829986572266,1,1,1e-06,0.0
1,0.0030333995819091797,1,1,1e-06,0.0
1,0.043028831481933594,1,1,1e-06,0.0
1,0.002873659133911133,1,1,1e-06,0.0
1,0.0023314952850341797,1,1,1e-06,0.0
1,0.002239227294921875,1,1,1e-06,0.0
1,0.0025932788848876953,1,1,1e-06,0.0
1,0.030470609664916992,1,1,1e-06,0.0
1,0.002318859100341797,1,1,1e-06,0.0
1,0.0023572444915771484,1,1,1e-06,0.0
1,0.0021677017211914062,1,1,1e-06,0.0
1,0.0025506019592285156,1,1,1e-06,0.0
1,0.014377117156982422,1,1,1e-06,0.0
1,0.0019719600677490234,1,1,1e-06,0.0
1,0.001978635787963867,1,1,1e-06,0.0
1,0.0031278133392333984,1,1,1e-06,0.0
1,0.002356290817260742,1,1,1e-06,0.0
1,0.0193631649017334,1,1,1e-06,0.0
1,0.0020127296447753906,1,1,1e-06,0.0
1,0.007406949996948242,1,1,1e-06,0.0
1,0.0028994083404541016,1,1,1e-06,0.0
1,0.003030061721801758,1,1,1e-06,0.0
1,0.003017902374267578,1,1,1e-06,0.0
1,0.0026845932006835938,1,1,1e-06,0.0
1,0.0025017261505126953,1,1,1e-06,0.0
1,0.002366781234741211,1,1,1e-06,0.0
1,0.002285003662109375,1,1,1e-06,0.0
1,0.0024938583374023438,1,1,1e-06,0.0
1,0.0031287670135498047,1,1,1e-06,0.0
1,0.002213001251220703,1,1,1e-06,0.0
1,0.002374410629272461,1,1,1e-06,0.0
1,0.001988649368286133,1,1,1e-06,0.0
1,0.0021827220916748047,1,1,1e-06,0.0
1,0.0024280548095703125,1,1,1e-06,0.0
1,0.002205371856689453,1,1,1e-06,0.0
1,0.014839887619018555,1,1,1e-06,0.0
1,0.030687808990478516,1,1,1e-06,0.0
1,0.0020673274993896484,1,1,1e-06,0.0
1,0.015669822692871094,1,1,1e-06,0.0
1,0.014551401138305664,1,1,1e-06,0.0
1,0.0024559497833251953,1,1,1e-06,0.0
1,0.0022101402282714844,1,1,1e-06,0.0
1,0.036711931228637695,1,1,1e-06,0.0
1,0.002046346664428711,1,1,1e-06,0.0
1,0.002406597137451172,1,1,1e-06,0.0
1,0.0020508766174316406,1,1,1e-06,0.0
1,0.002850770950317383,1,1,1e-06,0.0
1,0.004548072814941406,1,1,1e-06,0.0
1,0.0029959678649902344,1,1,1e-06,0.0
1,0.003082275390625,1,1,1e-06,0.0
1,0.019700288772583008,1,1,1e-06,0.0
1,0.0027878284454345703,1,1,1e-06,0.0
1,0.0021009445190429688,1,1,1e-06,0.0
1,0.04027819633483887,1,1,1e-06,0.0
1,0.003834247589111328,1,1,1e-06,0.0
1,0.002470731735229492,1,1,1e-06,0.0
1,0.0022928714752197266,1,1,1e-06,0.0
1,0.002845287322998047,1,1,1e-06,0.0
1,0.0027763843536376953,1,1,1e-06,0.0
1,0.0027587413787841797,1,1,1e-06,0.0
1,0.003287792205810547,1,1,1e-06,0.0
1,0.0020215511322021484,1,1,1e-06,0.0
1,0.0023193359375,1,1,1e-06,0.0
1,0.003660917282104492,1,1,1e-06,0.0
1,0.002514362335205078,1,1,1e-06,0.0
1,0.002113819122314453,1,1,1e-06,0.0
1,0.003245115280151367,1,1,1e-06,0.0
1,0.0028183460235595703,1,1,1e-06,0.0
1,0.0023713111877441406,1,1,1e-06,0.0
1,0.010227203369140625,1,1,1e-06,0.0
1,0.0023064613342285156,1,1,1e-06,0.0
1,0.002604246139526367,1,1,1e-06,0.0
1,0.0028574466705322266,1,1,1e-06,0.0
1,0.0022149085998535156,1,1,1e-06,0.0
1,0.039090633392333984,1,1,1e-06,0.0
1,0.0031785964965820312,1,1,1e-06,0.0
1,0.0026268959045410156,1,1,1e-06,0.0
1,0.001676797866821289,1,1,1e-06,0.0
1,0.002231597900390625,1,1,1e-06,0.0
1,0.0029065608978271484,1,1,1e-06,0.0
1,0.007759571075439453,1,1,1e-06,0.0
1,0.004158973693847656,1,1,1e-06,0.0
1,0.002382993698120117,1,1,1e-06,0.0
1,0.002724885940551758,1,1,1e-06,0.0
1,0.0027289390563964844,1,1,1e-06,0.0
1,0.012538909912109375,1,1,1e-06,0.0
1,0.002627134323120117,1,1,1e-06,0.0
1,0.0029020309448242188,1,1,1e-06,0.0
1,0.0021317005157470703,1,1,1e-06,0.0
1,0.0029973983764648438,1,1,1e-06,0.0
1,0.0021533966064453125,1,1,1e-06,0.0
1,0.002521038055419922,1,1,1e-06,0.0
1,0.0018241405487060547,1,1,1e-06,0.0
1,0.0025238990783691406,1,1,1e-06,0.0
1,0.0037589073181152344,1,1,1e-06,0.0
1,0.0021636486053466797,1,1,1e-06,0.0
1,0.00241851806640625,1,1,1e-06,0.0
1,0.011810302734375,1,1,1e-06,0.0
1,0.0021817684173583984,1,1,1e-06,0.0
1,0.003319978713989258,1,1,1e-06,0.0
1,0.013886451721191406,1,1,1e-06,0.0
1,0.002601146697998047,1,1,1e-06,0.0
1,0.0025620460510253906,1,1,1e-06,0.0
1,0.07145333290100098,1,1,1e-06,0.0
1,0.00223541259765625,1,1,1e-06,0.0
1,0.0022280216217041016,1,1,1e-06,0.0
1,0.0025777816772460938,1,1,1e-06,0.0
1,0.007198810577392578,1,1,1e-06,0.0
1,0.0029125213623046875,1,1,1e-06,0.0
1,0.0024013519287109375,1,1,1e-06,0.0
1,0.009625911712646484,1,1,1e-06,0.0
1,0.00433802604675293,1,1,1e-06,0.0
1,0.002370119094848633,1,1,1e-06,0.0
1,0.002344846725463867,1,1,1e-06,0.0
1,0.0021359920501708984,1,1,1e-06,0.0
1,0.004151105880737305,1,1,1e-06,0.0
1,0.0021009445190429688,1,1,1e-06,0.0
1,0.0028128623962402344,1,1,1e-06,0.0
1,0.006761312484741211,1,1,1e-06,0.0
1,0.01291203498840332,1,1,1e-06,0.0
1,0.0022957324981689453,1,1,1e-06,0.0
1,0.002443552017211914,1,1,1e-06,0.0
1,0.002419710159301758,1,1,1e-06,0.0
1,0.0018818378448486328,1,1,1e-06,0.0
1,0.025519132614135742,1,1,1e-06,0.0
1,0.011015176773071289,1,1,1e-06,0.0
1,0.013604402542114258,1,1,1e-06,0.0
1,0.002404928207397461,1,1,1e-06,0.0
1,0.002176046371459961,1,1,1e-06,0.0
1,0.0018031597137451172,1,1,1e-06,0.0
1,0.0024747848510742188,1,1,1e-06,0.0
1,0.002031564712524414,1,1,1e-06,0.0
1,0.0018961429595947266,1,1,1e-06,0.0
1,0.06429314613342285,1,1,1e-06,0.0
1,0.002198457717895508,1,1,1e-06,0.0
1,0.001992940902709961,1,1,1e-06,0.0
1,0.0019071102142333984,1,1,1e-06,0.0
1,0.002203226089477539,1,1,1e-06,0.0
1,0.001959562301635742,1,1,1e-06,0.0
1,0.0019032955169677734,1,1,1e-06,0.0
1,0.008975982666015625,1,1,1e-06,0.0
1,0.002382516860961914,1,1,1e-06,0.0
1,0.002190113067626953,1,1,1e-06,0.0
1,0.0035283565521240234,1,1,1e-06,0.0
1,0.0031828880310058594,1,1,1e-06,0.0
1,0.0016121864318847656,1,1,1e-06,0.0
1,0.002065420150756836,1,1,1e-06,0.0
1,0.0018177032470703125,1,1,1e-06,0.0
1,0.0024862289428710938,1,1,1e-06,0.0
1,0.0021359920501708984,1,1,1e-06,0.0
1,0.0023643970489501953,1,1,1e-06,0.0
1,0.002793550491333008,1,1,1e-06,0.0
1,0.0023031234741210938,1,1,1e-06,0.0
1,0.0018782615661621094,1,1,1e-06,0.0
1,0.0023241043090820312,1,1,1e-06,0.0
1,0.002396821975708008,1,1,1e-06,0.0
1,0.002164125442504883,1,1,1e-06,0.0
1,0.0017936229705810547,1,1,1e-06,0.0
1,0.03597545623779297,1,1,1e-06,0.0
1,0.0023310184478759766,1,1,1e-06,0.0
1,0.0044786930084228516,1,1,1e-06,0.0
1,0.02452683448791504,1,1,1e-06,0.0
1,0.015062808990478516,1,1,1e-06,0.0
1,0.0022711753845214844,1,1,1e-06,0.0
1,0.0025899410247802734,1,1,1e-06,0.0
1,0.002125978469848633,1,1,1e-06,0.0
1,0.002775430679321289,1,1,1e-06,0.0
1,0.002250194549560547,1,1,1e-06,0.0
1,0.003189563751220703,1,1,1e-06,0.0
1,0.009990930557250977,1,1,1e-06,0.0
1,0.006510019302368164,1,1,1e-06,0.0
1,0.0025000572204589844,1,1,1e-06,0.0
1,0.0050122737884521484,1,1,1e-06,0.0
1,0.0027818679809570312,1,1,1e-06,0.0
1,0.0028111934661865234,1,1,1e-06,0.0
1,0.003282785415649414,1,1,1e-06,0.0
1,0.0020906925201416016,1,1,1e-06,0.0
1,0.0017879009246826172,1,1,1e-06,0.0
1,0.002533435821533203,1,1,1e-06,0.0
1,0.027494192123413086,1,1,1e-06,0.0
1,0.002456188201904297,1,1,1e-06,0.0
1,0.004328250885009766,1,1,1e-06,0.0
1,0.002198934555053711,1,1,1e-06,0.0
1,0.002152681350708008,1,1,1e-06,0.0
1,0.0018565654754638672,1,1,1e-06,0.0
1,0.0019435882568359375,1,1,1e-06,0.0
1,0.0040433406829833984,1,1,1e-06,0.0
1,0.002344846725463867,1,1,1e-06,0.0
1,0.0023336410522460938,1,1,1e-06,0.0
1,0.0026350021362304688,1,1,1e-06,0.0
1,0.002208232879638672,1,1,1e-06,0.0
1,0.0035381317138671875,1,1,1e-06,0.0
1,0.002452373504638672,1,1,1e-06,0.0
1,0.0023038387298583984,1,1,1e-06,0.0
1,0.0032951831817626953,1,1,1e-06,0.0
1,0.0023872852325439453,1,1,1e-06,0.0
1,0.0038671493530273438,1,1,1e-06,0.0
1,0.03654766082763672,1,1,1e-06,0.0
1,0.0029027462005615234,1,1,1e-06,0.0
1,0.021294116973876953,1,1,1e-06,0.0
1,0.0022890567779541016,1,1,1e-06,0.0
1,0.0028007030487060547,1,1,1e-06,0.0
1,0.0023488998413085938,1,1,1e-06,0.0
1,0.005539894104003906,1,1,1e-06,0.0
1,0.010749340057373047,1,1,1e-06,0.0
1,0.01830148696899414,1,1,1e-06,0.0
1,0.0022606849670410156,1,1,1e-06,0.0
1,0.002338409423828125,1,1,1e-06,0.0
1,0.0017609596252441406,1,1,1e-06,0.0
1,0.002325296401977539,1,1,1e-06,0.0
1,0.0020585060119628906,1,1,1e-06,0.0
1,0.0021467208862304688,1,1,1e-06,0.0
1,0.004921913146972656,1,1,1e-06,0.0
1,0.0019073486328125,1,1,1e-06,0.0
1,0.0032563209533691406,1,1,1e-06,0.0
1,0.014314889907836914,1,1,1e-06,0.0
1,0.01105952262878418,1,1,1e-06,0.0
1,0.0024602413177490234,1,1,1e-06,0.0
1,0.0017316341400146484,1,1,1e-06,0.0
1,0.0023119449615478516,1,1,1e-06,0.0
1,0.0021376609802246094,1,1,1e-06,0.0
1,0.0023925304412841797,1,1,1e-06,0.0
1,0.003975629806518555,1,1,1e-06,0.0
1,0.0027642250061035156,1,1,1e-06,0.0
1,0.0018432140350341797,1,1,1e-06,0.0
1,0.002027273178100586,1,1,1e-06,0.0
1,0.0027151107788085938,1,1,1e-06,0.0
1,0.0025055408477783203,1,1,1e-06,0.0
1,0.004050493240356445,1,1,1e-06,0.0
1,0.0035805702209472656,1,1,1e-06,0.0
1,0.002257108688354492,1,1,1e-06,0.0
1,0.0020024776458740234,1,1,1e-06,0.0
1,0.003148317337036133,1,1,1e-06,0.0
1,0.0024728775024414062,1,1,1e-06,0.0
1,0.002106189727783203,1,1,1e-06,0.0
1,0.0023469924926757812,1,1,1e-06,0.0
1,0.004018545150756836,1,1,1e-06,0.0
1,0.0024805068969726562,1,1,1e-06,0.0
1,0.0022504329681396484,1,1,1e-06,0.0
1,0.05185699462890625,1,1,1e-06,0.0
1,0.027260780334472656,1,1,1e-06,0.0
1,0.0020294189453125,1,1,1e-06,0.0
1,0.0032591819763183594,1,1,1e-06,0.0
1,0.0017147064208984375,1,1,1e-06,0.0
1,0.0017702579498291016,1,1,1e-06,0.0
1,0.0178987979888916,1,1,1e-06,0.0
1,0.013782501220703125,1,1,1e-06,0.0
1,0.02292943000793457,1,1,1e-06,0.0
1,0.030126094818115234,1,1,1e-06,0.0
1,0.0018656253814697266,1,1,1e-06,0.0
1,0.0016520023345947266,1,1,1e-06,0.0
1,0.002641439437866211,1,1,1e-06,0.0
1,0.0020248889923095703,1,1,1e-06,0.0
1,0.0033304691314697266,1,1,1e-06,0.0
1,0.003153085708618164,1,1,1e-06,0.0
1,0.0024535655975341797,1,1,1e-06,0.0
1,0.0019664764404296875,1,1,1e-06,0.0
1,0.002310037612915039,1,1,1e-06,0.0
1,0.0018699169158935547,1,1,1e-06,0.0
1,0.002012968063354492,1,1,1e-06,0.0
1,0.002587556838989258,1,1,1e-06,0.0
1,0.0025300979614257812,1,1,1e-06,0.0
1,0.030138492584228516,1,1,1e-06,0.0
1,0.002266407012939453,1,1,1e-06,0.0
1,0.002151966094970703,1,1,1e-06,0.0
1,0.0023300647735595703,1,1,1e-06,0.0
1,0.0021414756774902344,1,1,1e-06,0.0
1,0.0018155574798583984,1,1,1e-06,0.0
1,0.005997180938720703,1,1,1e-06,0.0
1,0.011038541793823242,1,1,1e-06,0.0
1,0.0024759769439697266,1,1,1e-06,0.0
1,0.0025098323822021484,1,1,1e-06,0.0
1,0.0025310516357421875,1,1,1e-06,0.0
1,0.002898693084716797,1,1,1e-06,0.0
1,0.004209756851196289,1,1,1e-06,0.0
1,0.06712222099304199,1,1,1e-06,0.0
1,0.002185821533203125,1,1,1e-06,0.0
1,0.002054452896118164,1,1,1e-06,0.0
1,0.0022733211517333984,1,1,1e-06,0.0
1,0.01086878776550293,1,1,1e-06,0.0
1,0.00267791748046875,1,1,1e-06,0.0
1,0.037558794021606445,1,1,1e-06,0.0
1,0.002740144729614258,1,1,1e-06,0.0
1,0.0032911300659179688,1,1,1e-06,0.0
1,0.004708051681518555,1,1,1e-06,0.0
1,0.0035970211029052734,1,1,1e-06,0.0
1,0.002789020538330078,1,1,1e-06,0.0
1,0.0024962425231933594,1,1,1e-06,0.0
1,0.002196788787841797,1,1,1e-06,0.0
1,0.0019288063049316406,1,1,1e-06,0.0
1,0.021331310272216797,1,1,1e-06,0.0
1,0.01206660270690918,1,1,1e-06,0.0
1,0.031365394592285156,1,1,1e-06,0.0
1,0.007433652877807617,1,1,1e-06,0.0
1,0.003967761993408203,1,1,1e-06,0.0
1,0.0023245811462402344,1,1,1e-06,0.0
1,0.013212203979492188,1,1,1e-06,0.0
1,0.0043447017669677734,1,1,1e-06,0.0
1,0.0022211074829101562,1,1,1e-06,0.0
1,0.0017549991607666016,1,1,1e-06,0.0
1,0.07642173767089844,1,1,1e-06,0.0
1,0.0022420883178710938,1,1,1e-06,0.0
1,0.0021698474884033203,1,1,1e-06,0.0
1,0.002163410186767578,1,1,1e-06,0.0
1,0.01088261604309082,1,1,1e-06,0.0
1,0.0028035640716552734,1,1,1e-06,0.0
1,0.0023598670959472656,1,1,1e-06,0.0
1,0.004716634750366211,1,1,1e-06,0.0
1,0.003567934036254883,1,1,1e-06,0.0
1,0.002548694610595703,1,1,1e-06,0.0
1,0.002676725387573242,1,1,1e-06,0.0
1,0.0022423267364501953,1,1,1e-06,0.0
1,0.003174304962158203,1,1,1e-06,0.0
1,0.0018687248229980469,1,1,1e-06,0.0
1,0.003253459930419922,1,1,1e-06,0.0
1,0.002105236053466797,1,1,1e-06,0.0
1,0.0019080638885498047,1,1,1e-06,0.0
1,0.004236936569213867,1,1,1e-06,0.0
1,0.0027174949645996094,1,1,1e-06,0.0
1,0.004981517791748047,1,1,1e-06,0.0
1,0.002543926239013672,1,1,1e-06,0.0
1,0.0023927688598632812,1,1,1e-06,0.0
1,0.002308368682861328,1,1,1e-06,0.0
1,0.04616856575012207,1,1,1e-06,0.0
1,0.002683401107788086,1,1,1e-06,0.0
1,0.0024428367614746094,1,1,1e-06,0.0
1,0.004081010818481445,1,1,1e-06,0.0
1,0.002521514892578125,1,1,1e-06,0.0
1,0.007395505905151367,1,1,1e-06,0.0
1,0.002143383026123047,1,1,1e-06,0.0
1,0.0162355899810791,1,1,1e-06,0.0
1,0.002699136734008789,1,1,1e-06,0.0
1,0.002087831497192383,1,1,1e-06,0.0
1,0.002097606658935547,1,1,1e-06,0.0
1,0.002151966094970703,1,1,1e-06,0.0
1,0.0025119781494140625,1,1,1e-06,0.0
1,0.0030951499938964844,1,1,1e-06,0.0
1,0.0028693675994873047,1,1,1e-06,0.0
1,0.002477884292602539,1,1,1e-06,0.0
1,0.001775979995727539,1,1,1e-06,0.0
1,0.018352985382080078,1,1,1e-06,0.0
1,0.00603795051574707,1,1,1e-06,0.0
1,0.0020377635955810547,1,1,1e-06,0.0
1,0.01496434211730957,1,1,1e-06,0.0
1,0.011982440948486328,1,1,1e-06,0.0
1,0.002332925796508789,1,1,1e-06,0.0
1,0.0018949508666992188,1,1,1e-06,0.0
1,0.0018291473388671875,1,1,1e-06,0.0
1,0.0016300678253173828,1,1,1e-06,0.0
1,0.002691030502319336,1,1,1e-06,0.0
1,0.002591848373413086,1,1,1e-06,0.0
1,0.004161357879638672,1,1,1e-06,0.0
1,0.0031549930572509766,1,1,1e-06,0.0
1,0.0022552013397216797,1,1,1e-06,0.0
1,0.0024945735931396484,1,1,1e-06,0.0
1,0.001981496810913086,1,1,1e-06,0.0
1,0.002916097640991211,1,1,1e-06,0.0
1,0.0018625259399414062,1,1,1e-06,0.0
1,0.003118276596069336,1,1,1e-06,0.0
1,0.015137195587158203,1,1,1e-06,0.0
1,0.0035495758056640625,1,1,1e-06,0.0
1,0.002328634262084961,1,1,1e-06,0.0
1,0.0038704872131347656,1,1,1e-06,0.0
1,0.0031671524047851562,1,1,1e-06,0.0
1,0.0022249221801757812,1,1,1e-06,0.0
1,0.0037987232208251953,1,1,1e-06,0.0
1,0.00604248046875,1,1,1e-06,0.0
1,0.002730846405029297,1,1,1e-06,0.0
1,0.005274295806884766,1,1,1e-06,0.0
1,0.0025701522827148438,1,1,1e-06,0.0
1,0.0021486282348632812,1,1,1e-06,0.0
1,0.0018682479858398438,1,1,1e-06,0.0
1,0.00694727897644043,1,1,1e-06,0.0
1,0.003713369369506836,1,1,1e-06,0.0
1,0.0019199848175048828,1,1,1e-06,0.0
1,0.0021059513092041016,1,1,1e-06,0.0
1,0.012089967727661133,1,1,1e-06,0.0
1,0.003247976303100586,1,1,1e-06,0.0
1,0.002023458480834961,1,1,1e-06,0.0
1,0.02987504005432129,1,1,1e-06,0.0
1,0.0026116371154785156,1,1,1e-06,0.0
1,0.0019903182983398438,1,1,1e-06,0.0
1,0.0019352436065673828,1,1,1e-06,0.0
1,0.0017485618591308594,1,1,1e-06,0.0
1,0.003587961196899414,1,1,1e-06,0.0
1,0.0037450790405273438,1,1,1e-06,0.0
1,0.014649391174316406,1,1,1e-06,0.0
1,0.0033011436462402344,1,1,1e-06,0.0
1,0.002028226852416992,1,1,1e-06,0.0
1,0.0018720626831054688,1,1,1e-06,0.0
1,0.0033125877380371094,1,1,1e-06,0.0
1,0.004033803939819336,1,1,1e-06,0.0
1,0.0032460689544677734,1,1,1e-06,0.0
1,0.0026259422302246094,1,1,1e-06,0.0
1,0.002205371856689453,1,1,1e-06,0.0
1,0.002313375473022461,1,1,1e-06,0.0
1,0.0026786327362060547,1,1,1e-06,0.0
1,0.017874956130981445,1,1,1e-06,0.0
1,0.0020415782928466797,1,1,1e-06,0.0
1,0.017701148986816406,1,1,1e-06,0.0
1,0.0022482872009277344,1,1,1e-06,0.0
1,0.023386001586914062,1,1,1e-06,0.0
1,0.0018911361694335938,1,1,1e-06,0.0
1,0.08063721656799316,1,1,1e-06,0.0
1,0.0021064281463623047,1,1,1e-06,0.0
1,0.0018131732940673828,1,1,1e-06,0.0
1,0.003990888595581055,1,1,1e-06,0.0
1,0.011574268341064453,1,1,1e-06,0.0
1,0.0023310184478759766,1,1,1e-06,0.0
1,0.023827552795410156,1,1,1e-06,0.0
1,0.002207040786743164,1,1,1e-06,0.0
1,0.0023436546325683594,1,1,1e-06,0.0
1,0.002953052520751953,1,1,1e-06,0.0
1,0.0018248558044433594,1,1,1e-06,0.0
1,0.0038259029388427734,1,1,1e-06,0.0
1,0.0022423267364501953,1,1,1e-06,0.0
1,0.011775732040405273,1,1,1e-06,0.0
1,0.001993894577026367,1,1,1e-06,0.0
1,0.008929729461669922,1,1,1e-06,0.0
1,0.0022232532501220703,1,1,1e-06,0.0
1,0.002422332763671875,1,1,1e-06,0.0
1,0.002044677734375,1,1,1e-06,0.0
1,0.003964900970458984,1,1,1e-06,0.0
1,0.002699136734008789,1,1,1e-06,0.0
1,0.011406660079956055,1,1,1e-06,0.0
1,0.0028803348541259766,1,1,1e-06,0.0
1,0.039133310317993164,1,1,1e-06,0.0
1,0.0025920867919921875,1,1,1e-06,0.0
1,0.0022983551025390625,1,1,1e-06,0.0
1,0.003748655319213867,1,1,1e-06,0.0
1,0.019461631774902344,1,1,1e-06,0.0
1,0.002030611038208008,1,1,1e-06,0.0
1,0.01004648208618164,1,1,1e-06,0.0
1,0.002737760543823242,1,1,1e-06,0.0
1,0.002320528030395508,1,1,1e-06,0.0
1,0.00379180908203125,1,1,1e-06,0.0
1,0.002029895782470703,1,1,1e-06,0.0
1,0.0017528533935546875,1,1,1e-06,0.0
1,0.0023984909057617188,1,1,1e-06,0.0
1,0.002252340316772461,1,1,1e-06,0.0
1,0.0113372802734375,1,1,1e-06,0.0
1,0.002252340316772461,1,1,1e-06,0.0
1,0.0022008419036865234,1,1,1e-06,0.0
1,0.003181934356689453,1,1,1e-06,0.0
1,0.002950906753540039,1,1,1e-06,0.0
1,0.0021848678588867188,1,1,1e-06,0.0
1,0.002091646194458008,1,1,1e-06,0.0
1,0.0019736289978027344,1,1,1e-06,0.0
1,0.0038831233978271484,1,1,1e-06,0.0
1,0.002811431884765625,1,1,1e-06,0.0
1,0.0025730133056640625,1,1,1e-06,0.0
1,0.01967763900756836,1,1,1e-06,0.0
1,0.002276897430419922,1,1,1e-06,0.0
1,0.0021028518676757812,1,1,1e-06,0.0
1,0.0028238296508789062,1,1,1e-06,0.0
1,0.0017902851104736328,1,1,1e-06,0.0
1,0.0020194053649902344,1,1,1e-06,0.0
1,0.0022459030151367188,1,1,1e-06,0.0
1,0.12393736839294434,1,1,1e-06,0.0
1,0.004639863967895508,1,1,1e-06,0.0
1,0.004268169403076172,1,1,1e-06,0.0
1,0.0020885467529296875,1,1,1e-06,0.0
1,0.0019092559814453125,1,1,1e-06,0.0
1,0.0019309520721435547,1,1,1e-06,0.0
1,0.023580074310302734,1,1,1e-06,0.0
1,0.003838777542114258,1,1,1e-06,0.0
1,0.002237081527709961,1,1,1e-06,0.0
1,0.0025854110717773438,1,1,1e-06,0.0
1,0.001951456069946289,1,1,1e-06,0.0
1,0.0018970966339111328,1,1,1e-06,0.0
1,0.020821809768676758,1,1,1e-06,0.0
1,0.0020308494567871094,1,1,1e-06,0.0
1,0.002947568893432617,1,1,1e-06,0.0
1,0.018545866012573242,1,1,1e-06,0.0
1,0.0025184154510498047,1,1,1e-06,0.0
1,0.0030031204223632812,1,1,1e-06,0.0
1,0.0020682811737060547,1,1,1e-06,0.0
1,0.002272367477416992,1,1,1e-06,0.0
1,0.002788066864013672,1,1,1e-06,0.0
1,0.0023190975189208984,1,1,1e-06,0.0
1,0.01583385467529297,1,1,1e-06,0.0
1,0.0042726993560791016,1,1,1e-06,0.0
1,0.002161264419555664,1,1,1e-06,0.0
1,0.0022776126861572266,1,1,1e-06,0.0
1,0.0019335746765136719,1,1,1e-06,0.0
1,0.002103567123413086,1,1,1e-06,0.0
1,0.002526998519897461,1,1,1e-06,0.0
1,0.001978635787963867,1,1,1e-06,0.0
1,0.002177000045776367,1,1,1e-06,0.0
1,0.002502918243408203,1,1,1e-06,0.0
1,0.00679326057434082,1,1,1e-06,0.0
1,0.001976490020751953,1,1,1e-06,0.0
1,0.0019519329071044922,1,1,1e-06,0.0
1,0.001966714859008789,1,1,1e-06,0.0
1,0.0019321441650390625,1,1,1e-06,0.0
1,0.0020682811737060547,1,1,1e-06,0.0
1,0.002180814743041992,1,1,1e-06,0.0
1,0.022917985916137695,1,1,1e-06,0.0
1,0.0022292137145996094,1,1,1e-06,0.0
1,0.0023539066314697266,1,1,1e-06,0.0
1,0.002643585205078125,1,1,1e-06,0.0
1,0.01560211181640625,1,1,1e-06,0.0
1,0.0023131370544433594,1,1,1e-06,0.0
1,0.0021123886108398438,1,1,1e-06,0.0
1,0.002079486846923828,1,1,1e-06,0.0
1,0.004782676696777344,1,1,1e-06,0.0
1,0.00331878662109375,1,1,1e-06,0.0
1,0.002577543258666992,1,1,1e-06,0.0
1,0.0021271705627441406,1,1,1e-06,0.0
1,0.0025861263275146484,1,1,1e-06,0.0
1,0.002440214157104492,1,1,1e-06,0.0
1,0.00405120849609375,1,1,1e-06,0.0
1,0.002285480499267578,1,1,1e-06,0.0
1,0.0019164085388183594,1,1,1e-06,0.0
1,0.0019974708557128906,1,1,1e-06,0.0
1,0.0020987987518310547,1,1,1e-06,0.0
1,0.0020596981048583984,1,1,1e-06,0.0
1,0.0021703243255615234,1,1,1e-06,0.0
1,0.0033953189849853516,1,1,1e-06,0.0
1,0.013727903366088867,1,1,1e-06,0.0
1,0.015512943267822266,1,1,1e-06,0.0
1,0.0031037330627441406,1,1,1e-06,0.0
1,0.013164043426513672,1,1,1e-06,0.0
1,0.007562875747680664,1,1,1e-06,0.0
1,0.0021255016326904297,1,1,1e-06,0.0
1,0.011435508728027344,1,1,1e-06,0.0
1,0.001987457275390625,1,1,1e-06,0.0
1,0.0021920204162597656,1,1,1e-06,0.0
1,0.0020859241485595703,1,1,1e-06,0.0
1,0.039286136627197266,1,1,1e-06,0.0
1,0.002424955368041992,1,1,1e-06,0.0
1,0.009440183639526367,1,1,1e-06,0.0
1,0.0022182464599609375,1,1,1e-06,0.0
1,0.0020227432250976562,1,1,1e-06,0.0
1,0.0035715103149414062,1,1,1e-06,0.0
1,0.0222780704498291,1,1,1e-06,0.0
1,0.0025832653045654297,1,1,1e-06,0.0
1,0.002546072006225586,1,1,1e-06,0.0
1,0.0167081356048584,1,1,1e-06,0.0
1,0.003528118133544922,1,1,1e-06,0.0
1,0.03725123405456543,1,1,1e-06,0.0
1,0.0019690990447998047,1,1,1e-06,0.0
1,0.0025017261505126953,1,1,1e-06,0.0
1,0.0022280216217041016,1,1,1e-06,0.0
1,0.0016856193542480469,1,1,1e-06,0.0
1,0.0025482177734375,1,1,1e-06,0.0
1,0.04956316947937012,1,1,1e-06,0.0
1,0.0018317699432373047,1,1,1e-06,0.0
1,0.006665945053100586,1,1,1e-06,0.0
1,0.002710103988647461,1,1,1e-06,0.0
1,0.0020644664764404297,1,1,1e-06,0.0
1,0.0019927024841308594,1,1,1e-06,0.0
1,0.001707315444946289,1,1,1e-06,0.0
1,0.0018160343170166016,1,1,1e-06,0.0
1,0.0022759437561035156,1,1,1e-06,0.0
1,0.0022513866424560547,1,1,1e-06,0.0
1,0.009951114654541016,1,1,1e-06,0.0
1,0.002057313919067383,1,1,1e-06,0.0
1,0.022058963775634766,1,1,1e-06,0.0
1,0.0023005008697509766,1,1,1e-06,0.0
1,0.002343416213989258,1,1,1e-06,0.0
1,0.02181386947631836,1,1,1e-06,0.0
1,0.002230405807495117,1,1,1e-06,0.0
1,0.054059505462646484,1,1,1e-06,0.0
1,0.0020515918731689453,1,1,1e-06,0.0
1,0.0017087459564208984,1,1,1e-06,0.0
1,0.0025930404663085938,1,1,1e-06,0.0
1,0.0023059844970703125,1,1,1e-06,0.0
1,0.002142190933227539,1,1,1e-06,0.0
1,0.0018200874328613281,1,1,1e-06,0.0
1,0.003949403762817383,1,1,1e-06,0.0
1,0.0023839473724365234,1,1,1e-06,0.0
1,0.00189208984375,1,1,1e-06,0.0
1,0.002460956573486328,1,1,1e-06,0.0
1,0.001954317092895508,1,1,1e-06,0.0
1,0.001817464828491211,1,1,1e-06,0.0
1,0.002006053924560547,1,1,1e-06,0.0
1,0.003731250762939453,1,1,1e-06,0.0
1,0.0019083023071289062,1,1,1e-06,0.0
1,0.002129793167114258,1,1,1e-06,0.0
1,0.0022461414337158203,1,1,1e-06,0.0
1,0.0019998550415039062,1,1,1e-06,0.0
1,0.0020194053649902344,1,1,1e-06,0.0
1,0.0036513805389404297,1,1,1e-06,0.0
1,0.0023534297943115234,1,1,1e-06,0.0
1,0.018352270126342773,1,1,1e-06,0.0
1,0.0023272037506103516,1,1,1e-06,0.0
1,0.001964092254638672,1,1,1e-06,0.0
1,0.04457449913024902,1,1,1e-06,0.0
1,0.002312898635864258,1,1,1e-06,0.0
1,0.002014636993408203,1,1,1e-06,0.0
1,0.0024771690368652344,1,1,1e-06,0.0
1,0.0022821426391601562,1,1,1e-06,0.0
1,0.14604473114013672,1,1,1e-06,0.0
1,0.0024144649505615234,1,1,1e-06,0.0
1,0.0020639896392822266,1,1,1e-06,0.0
1,0.0026061534881591797,1,1,1e-06,0.0
1,0.002206563949584961,1,1,1e-06,0.0
1,0.0017611980438232422,1,1,1e-06,0.0
1,0.0016906261444091797,1,1,1e-06,0.0
1,0.0017788410186767578,1,1,1e-06,0.0
1,0.002560853958129883,1,1,1e-06,0.0
1,0.0018565654754638672,1,1,1e-06,0.0
1,0.0016407966613769531,1,1,1e-06,0.0
1,0.00571441650390625,1,1,1e-06,0.0
1,0.00696110725402832,1,1,1e-06,0.0
1,0.0016887187957763672,1,1,1e-06,0.0
1,0.0021626949310302734,1,1,1e-06,0.0
1,0.001993894577026367,1,1,1e-06,0.0
1,0.001802206039428711,1,1,1e-06,0.0
1,0.0025882720947265625,1,1,1e-06,0.0
1,0.0020890235900878906,1,1,1e-06,0.0
1,0.0027692317962646484,1,1,1e-06,0.0
1,0.0020351409912109375,1,1,1e-06,0.0
1,0.0018498897552490234,1,1,1e-06,0.0
1,0.0019686222076416016,1,1,1e-06,0.0
1,0.004479169845581055,1,1,1e-06,0.0
1,0.0018455982208251953,1,1,1e-06,0.0
1,0.0017852783203125,1,1,1e-06,0.0
1,0.0019452571868896484,1,1,1e-06,0.0
1,0.0029523372650146484,1,1,1e-06,0.0
1,0.0020644664764404297,1,1,1e-06,0.0
1,0.0016436576843261719,1,1,1e-06,0.0
1,0.009759187698364258,1,1,1e-06,0.0
1,0.00446629524230957,1,1,1e-06,0.0
1,0.003135204315185547,1,1,1e-06,0.0
1,0.03211832046508789,1,1,1e-06,0.0
1,0.0035927295684814453,1,1,1e-06,0.0
1,0.0029897689819335938,1,1,1e-06,0.0
1,0.002049684524536133,1,1,1e-06,0.0
1,0.0027201175689697266,1,1,1e-06,0.0
1,0.016748905181884766,1,1,1e-06,0.0
1,0.011220455169677734,1,1,1e-06,0.0
1,0.016823291778564453,1,1,1e-06,0.0
1,0.005014896392822266,1,1,1e-06,0.0
1,0.0028867721557617188,1,1,1e-06,0.0
1,0.0022399425506591797,1,1,1e-06,0.0
1,0.005869150161743164,1,1,1e-06,0.0
1,0.002819061279296875,1,1,1e-06,0.0
1,0.0025658607482910156,1,1,1e-06,0.0
1,0.0019390583038330078,1,1,1e-06,0.0
1,0.003451824188232422,1,1,1e-06,0.0
1,0.002558469772338867,1,1,1e-06,0.0
1,0.008281946182250977,1,1,1e-06,0.0
1,0.0021457672119140625,1,1,1e-06,0.0
1,0.0024025440216064453,1,1,1e-06,0.0
1,0.0024335384368896484,1,1,1e-06,0.0
1,0.0020961761474609375,1,1,1e-06,0.0
1,0.003524303436279297,1,1,1e-06,0.0
1,0.002326488494873047,1,1,1e-06,0.0
1,0.0019040107727050781,1,1,1e-06,0.0
1,0.0020303726196289062,1,1,1e-06,0.0
1,0.006256580352783203,1,1,1e-06,0.0
1,0.002943277359008789,1,1,1e-06,0.0
1,0.003825664520263672,1,1,1e-06,0.0
1,0.002124786376953125,1,1,1e-06,0.0
1,0.0436244010925293,1,1,1e-06,0.0
1,0.0024607181549072266,1,1,1e-06,0.0
1,0.0017693042755126953,1,1,1e-06,0.0
1,0.0024814605712890625,1,1,1e-06,0.0
1,0.0026128292083740234,1,1,1e-06,0.0
1,0.0022034645080566406,1,1,1e-06,0.0
1,0.005162954330444336,1,1,1e-06,0.0
1,0.002630472183227539,1,1,1e-06,0.0
1,0.0037872791290283203,1,1,1e-06,0.0
1,0.0023717880249023438,1,1,1e-06,0.0
1,0.002206087112426758,1,1,1e-06,0.0
1,0.0025968551635742188,1,1,1e-06,0.0
1,0.013468265533447266,1,1,1e-06,0.0
1,0.0026662349700927734,1,1,1e-06,0.0
1,0.0027396678924560547,1,1,1e-06,0.0
1,0.01484823226928711,1,1,1e-06,0.0
1,0.017624616622924805,1,1,1e-06,0.0
1,0.002552032470703125,1,1,1e-06,0.0
1,0.008377790451049805,1,1,1e-06,0.0
1,0.004260063171386719,1,1,1e-06,0.0
1,0.028804540634155273,1,1,1e-06,0.0
1,0.0031774044036865234,1,1,1e-06,0.0
1,0.00240325927734375,1,1,1e-06,0.0
1,0.0031883716583251953,1,1,1e-06,0.0
1,0.005285739898681641,1,1,1e-06,0.0
1,0.05632209777832031,1,1,1e-06,0.0
1,0.0027129650115966797,1,1,1e-06,0.0
1,0.00308990478515625,1,1,1e-06,0.0
1,0.003939390182495117,1,1,1e-06,0.0
1,0.011223554611206055,1,1,1e-06,0.0
1,0.13196182250976562,1,1,1e-06,0.0
1,0.015210866928100586,1,1,1e-06,0.0
1,0.004140615463256836,1,1,1e-06,0.0
1,0.006035566329956055,1,1,1e-06,0.0
1,0.009798526763916016,1,1,1e-06,0.0
1,0.006525278091430664,1,1,1e-06,0.0
1,0.009567737579345703,1,1,1e-06,0.0
1,0.009876728057861328,1,1,1e-06,0.0
1,0.005264997482299805,1,1,1e-06,0.0
1,0.006767988204956055,1,1,1e-06,0.0
1,0.01125335693359375,1,1,1e-06,0.0
1,0.011646747589111328,1,1,1e-06,0.0
1,0.006926298141479492,1,1,1e-06,0.0
1,0.0479583740234375,1,1,1e-06,0.0
1,0.044457197189331055,1,1,1e-06,0.0
1,0.003509044647216797,1,1,1e-06,0.0
1,0.004021167755126953,1,1,1e-06,0.0
1,0.004601001739501953,1,1,1e-06,0.0
1,0.030004262924194336,1,1,1e-06,0.0
1,0.0041637420654296875,1,1,1e-06,0.0
1,0.0031766891479492188,1,1,1e-06,0.0
1,0.003481149673461914,1,1,1e-06,0.0
1,0.004247188568115234,1,1,1e-06,0.0
1,0.004038810729980469,1,1,1e-06,0.0
1,0.005761861801147461,1,1,1e-06,0.0
1,0.007187604904174805,1,1,1e-06,0.0
1,0.0040149688720703125,1,1,1e-06,0.0
1,0.03739738464355469,1,1,1e-06,0.0
1,0.0034580230712890625,1,1,1e-06,0.0
1,0.003488302230834961,1,1,1e-06,0.0
1,0.002695322036743164,1,1,1e-06,0.0
1,0.0068378448486328125,1,1,1e-06,0.0
1,0.0031845569610595703,1,1,1e-06,0.0
1,0.003790616989135742,1,1,1e-06,0.0
1,0.0038635730743408203,1,1,1e-06,0.0
1,0.002462625503540039,1,1,1e-06,0.0
1,0.033921003341674805,1,1,1e-06,0.0
1,0.003317594528198242,1,1,1e-06,0.0
1,0.00440216064453125,1,1,1e-06,0.0
1,0.005759477615356445,1,1,1e-06,0.0
1,0.03188204765319824,1,1,1e-06,0.0
1,0.0035941600799560547,1,1,1e-06,0.0
1,0.002776622772216797,1,1,1e-06,0.0
1,0.0037233829498291016,1,1,1e-06,0.0
1,0.0036916732788085938,1,1,1e-06,0.0
1,0.004495143890380859,1,1,1e-06,0.0
1,0.047614336013793945,1,1,1e-06,0.0
1,0.0045659542083740234,1,1,1e-06,0.0
1,0.024825334548950195,1,1,1e-06,0.0
1,0.005396127700805664,1,1,1e-06,0.0
1,0.004582643508911133,1,1,1e-06,0.0
1,0.0052983760833740234,1,1,1e-06,0.0
1,0.006812334060668945,1,1,1e-06,0.0
1,0.021971702575683594,1,1,1e-06,0.0
1,0.002810955047607422,1,1,1e-06,0.0
1,0.0033304691314697266,1,1,1e-06,0.0
1,0.0043866634368896484,1,1,1e-06,0.0
1,0.007014036178588867,1,1,1e-06,0.0
1,0.05841565132141113,1,1,1e-06,0.0
1,0.018755674362182617,1,1,1e-06,0.0
1,0.002978801727294922,1,1,1e-06,0.0
1,0.0026552677154541016,1,1,1e-06,0.0
1,0.0032224655151367188,1,1,1e-06,0.0
1,0.01361083984375,1,1,1e-06,0.0
1,0.0028460025787353516,1,1,1e-06,0.0
1,0.0028798580169677734,1,1,1e-06,0.0
1,0.006548404693603516,1,1,1e-06,0.0
1,0.006123542785644531,1,1,1e-06,0.0
1,0.0041599273681640625,1,1,1e-06,0.0
1,0.004372596740722656,1,1,1e-06,0.0
1,0.004151821136474609,1,1,1e-06,0.0
1,0.0029497146606445312,1,1,1e-06,0.0
1,0.002709627151489258,1,1,1e-06,0.0
1,0.023392438888549805,1,1,1e-06,0.0
1,0.0034406185150146484,1,1,1e-06,0.0
1,0.003018617630004883,1,1,1e-06,0.0
1,0.006278514862060547,1,1,1e-06,0.0
1,0.004493236541748047,1,1,1e-06,0.0
1,0.0032873153686523438,1,1,1e-06,0.0
1,0.003245830535888672,1,1,1e-06,0.0
1,0.003395557403564453,1,1,1e-06,0.0
1,0.003909587860107422,1,1,1e-06,0.0
1,0.004739046096801758,1,1,1e-06,0.0
1,0.005666971206665039,1,1,1e-06,0.0
1,0.003913402557373047,1,1,1e-06,0.0
1,0.024412155151367188,1,1,1e-06,0.0
1,0.004828214645385742,1,1,1e-06,0.0
1,0.0035505294799804688,1,1,1e-06,0.0
1,0.002963542938232422,1,1,1e-06,0.0
1,0.003195047378540039,1,1,1e-06,0.0
1,0.017440319061279297,1,1,1e-06,0.0
1,0.003521442413330078,1,1,1e-06,0.0
1,0.004045724868774414,1,1,1e-06,0.0
1,0.004048824310302734,1,1,1e-06,0.0
1,0.0048601627349853516,1,1,1e-06,0.0
1,0.005686044692993164,1,1,1e-06,0.0
1,0.003452777862548828,1,1,1e-06,0.0
1,0.0041234493255615234,1,1,1e-06,0.0
1,0.003990888595581055,1,1,1e-06,0.0
1,0.004031181335449219,1,1,1e-06,0.0
1,0.004127979278564453,1,1,1e-06,0.0
1,0.031534671783447266,1,1,1e-06,0.0
1,0.003250598907470703,1,1,1e-06,0.0
1,0.003695249557495117,1,1,1e-06,0.0
1,0.004184722900390625,1,1,1e-06,0.0
1,0.003198385238647461,1,1,1e-06,0.0
1,0.0036468505859375,1,1,1e-06,0.0
1,0.003867626190185547,1,1,1e-06,0.0
1,0.003421306610107422,1,1,1e-06,0.0
1,0.0039234161376953125,1,1,1e-06,0.0
1,0.00464940071105957,1,1,1e-06,0.0
1,0.004103660583496094,1,1,1e-06,0.0
1,0.00278472900390625,1,1,1e-06,0.0
1,0.0036530494689941406,1,1,1e-06,0.0
1,0.10627317428588867,1,1,1e-06,0.0
1,0.006685972213745117,1,1,1e-06,0.0
1,0.004912614822387695,1,1,1e-06,0.0
1,0.0036008358001708984,1,1,1e-06,0.0
1,0.0273745059967041,1,1,1e-06,0.0
1,0.0031270980834960938,1,1,1e-06,0.0
1,0.002498149871826172,1,1,1e-06,0.0
1,0.0033288002014160156,1,1,1e-06,0.0
1,0.004097700119018555,1,1,1e-06,0.0
1,0.006842613220214844,1,1,1e-06,0.0
1,0.0031235218048095703,1,1,1e-06,0.0
1,0.027219772338867188,1,1,1e-06,0.0
1,0.0023615360260009766,1,1,1e-06,0.0
1,0.0041239261627197266,1,1,1e-06,0.0
1,0.07622694969177246,1,1,1e-06,0.0
1,0.003173828125,1,1,1e-06,0.0
1,0.0030074119567871094,1,1,1e-06,0.0
1,0.003782987594604492,1,1,1e-06,0.0
1,0.0036249160766601562,1,1,1e-06,0.0
1,0.0030035972595214844,1,1,1e-06,0.0
1,0.0034270286560058594,1,1,1e-06,0.0
1,0.004734516143798828,1,1,1e-06,0.0
1,0.05141162872314453,1,1,1e-06,0.0
1,0.015913724899291992,1,1,1e-06,0.0
1,0.044214725494384766,1,1,1e-06,0.0
1,0.023379802703857422,1,1,1e-06,0.0
1,0.003306150436401367,1,1,1e-06,0.0
1,0.0030829906463623047,1,1,1e-06,0.0
1,0.0028455257415771484,1,1,1e-06,0.0
1,0.009951114654541016,1,1,1e-06,0.0
1,0.014481544494628906,1,1,1e-06,0.0
1,0.008293628692626953,1,1,1e-06,0.0
1,0.005036115646362305,1,1,1e-06,0.0
1,0.004010200500488281,1,1,1e-06,0.0
1,0.0048449039459228516,1,1,1e-06,0.0
1,0.01689934730529785,1,1,1e-06,0.0
1,0.002573728561401367,1,1,1e-06,0.0
1,0.0030438899993896484,1,1,1e-06,0.0
1,0.0034401416778564453,1,1,1e-06,0.0
1,0.02216649055480957,1,1,1e-06,0.0
1,0.0022172927856445312,1,1,1e-06,0.0
1,0.002887725830078125,1,1,1e-06,0.0
1,0.0032553672790527344,1,1,1e-06,0.0
1,0.12651300430297852,1,1,1e-06,0.0
1,0.0038022994995117188,1,1,1e-06,0.0
1,0.059926509857177734,1,1,1e-06,0.0
1,0.0028154850006103516,1,1,1e-06,0.0
1,0.02376246452331543,1,1,1e-06,0.0
1,0.0031304359436035156,1,1,1e-06,0.0
1,0.005755901336669922,1,1,1e-06,0.0
1,0.003173828125,1,1,1e-06,0.0
1,0.0040590763092041016,1,1,1e-06,0.0
1,0.010177373886108398,1,1,1e-06,0.0
1,0.009555578231811523,1,1,1e-06,0.0
1,0.025733232498168945,1,1,1e-06,0.0
1,0.00390625,1,1,1e-06,0.0
1,0.005751848220825195,1,1,1e-06,0.0
1,0.010014533996582031,1,1,1e-06,0.0
1,0.004239559173583984,1,1,1e-06,0.0
1,0.13302111625671387,1,1,1e-06,0.0
1,0.003185272216796875,1,1,1e-06,0.0
1,0.013188362121582031,1,1,1e-06,0.0
1,0.004111528396606445,1,1,1e-06,0.0
1,0.011007308959960938,1,1,1e-06,0.0
1,0.013492822647094727,1,1,1e-06,0.0
1,0.0040891170501708984,1,1,1e-06,0.0
1,0.040421485900878906,1,1,1e-06,0.0
1,0.008067607879638672,1,1,1e-06,0.0
1,0.0037822723388671875,1,1,1e-06,0.0
1,0.013461589813232422,1,1,1e-06,0.0
1,0.0032868385314941406,1,1,1e-06,0.0
1,0.003168821334838867,1,1,1e-06,0.0
1,0.007191658020019531,1,1,1e-06,0.0
1,0.006173849105834961,1,1,1e-06,0.0
1,0.008345842361450195,1,1,1e-06,0.0
1,0.0074002742767333984,1,1,1e-06,0.0
1,0.0039806365966796875,1,1,1e-06,0.0
1,0.013394832611083984,1,1,1e-06,0.0
1,0.010711669921875,1,1,1e-06,0.0
1,0.010070562362670898,1,1,1e-06,0.0
1,0.008348226547241211,1,1,1e-06,0.0
1,0.0052258968353271484,1,1,1e-06,0.0
1,0.013550996780395508,1,1,1e-06,0.0
1,0.13573694229125977,1,1,1e-06,0.0
1,0.009523391723632812,1,1,1e-06,0.0
1,0.01258230209350586,1,1,1e-06,0.0
1,0.01571035385131836,1,1,1e-06,0.0
1,0.1354084014892578,1,1,1e-06,0.0
1,0.004175662994384766,1,1,1e-06,0.0
1,0.004268169403076172,1,1,1e-06,0.0
1,0.0030663013458251953,1,1,1e-06,0.0
1,0.003975868225097656,1,1,1e-06,0.0
1,0.007740497589111328,1,1,1e-06,0.0
1,0.0035359859466552734,1,1,1e-06,0.0
1,0.003709077835083008,1,1,1e-06,0.0
1,0.07509565353393555,1,1,1e-06,0.0
1,0.06838035583496094,1,1,1e-06,0.0
1,0.004025459289550781,1,1,1e-06,0.0
1,0.003451108932495117,1,1,1e-06,0.0
1,0.02851104736328125,1,1,1e-06,0.0
1,0.004919290542602539,1,1,1e-06,0.0
1,0.0045318603515625,1,1,1e-06,0.0
1,0.010363578796386719,1,1,1e-06,0.0
1,0.0057795047760009766,1,1,1e-06,0.0
1,0.007006645202636719,1,1,1e-06,0.0
1,0.008788347244262695,1,1,1e-06,0.0
1,0.003961801528930664,1,1,1e-06,0.0
1,0.016865253448486328,1,1,1e-06,0.0
1,0.01616668701171875,1,1,1e-06,0.0
1,0.0048122406005859375,1,1,1e-06,0.0
1,0.00436711311340332,1,1,1e-06,0.0
1,0.007038116455078125,1,1,1e-06,0.0
1,0.03473544120788574,1,1,1e-06,0.0
1,0.003883838653564453,1,1,1e-06,0.0
1,0.004775285720825195,1,1,1e-06,0.0
1,0.014383554458618164,1,1,1e-06,0.0
1,0.007372379302978516,1,1,1e-06,0.0
1,0.02101278305053711,1,1,1e-06,0.0
1,0.011727333068847656,1,1,1e-06,0.0
1,0.011154651641845703,1,1,1e-06,0.0
1,0.0417025089263916,1,1,1e-06,0.0
1,0.009930610656738281,1,1,1e-06,0.0
1,0.013378143310546875,1,1,1e-06,0.0
1,0.008230209350585938,1,1,1e-06,0.0
1,0.022916793823242188,1,1,1e-06,0.0
1,0.012897491455078125,1,1,1e-06,0.0
1,0.012180089950561523,1,1,1e-06,0.0
1,0.007494926452636719,1,1,1e-06,0.0
1,0.01469111442565918,1,1,1e-06,0.0
1,0.010126829147338867,1,1,1e-06,0.0
1,0.007313251495361328,1,1,1e-06,0.0
1,0.00990748405456543,1,1,1e-06,0.0
1,0.1674027442932129,1,1,1e-06,0.0
1,0.02385854721069336,1,1,1e-06,0.0
1,0.05602312088012695,1,1,1e-06,0.0
1,0.004293203353881836,1,1,1e-06,0.0
1,0.008951663970947266,1,1,1e-06,0.0
1,0.008144378662109375,1,1,1e-06,0.0
1,0.01418161392211914,1,1,1e-06,0.0
1,0.009168386459350586,1,1,1e-06,0.0
1,0.00824427604675293,1,1,1e-06,0.0
1,0.006883144378662109,1,1,1e-06,0.0
1,0.009523391723632812,1,1,1e-06,0.0
1,0.04019641876220703,1,1,1e-06,0.0
1,0.007002115249633789,1,1,1e-06,0.0
1,0.009717226028442383,1,1,1e-06,0.0
1,0.055564165115356445,1,1,1e-06,0.0
1,0.0071942806243896484,1,1,1e-06,0.0
1,0.00512385368347168,1,1,1e-06,0.0
1,0.007140159606933594,1,1,1e-06,0.0
1,0.0050201416015625,1,1,1e-06,0.0
1,0.006227016448974609,1,1,1e-06,0.0
1,0.014425039291381836,1,1,1e-06,0.0
1,0.00909113883972168,1,1,1e-06,0.0
1,0.00796961784362793,1,1,1e-06,0.0
1,0.01395273208618164,1,1,1e-06,0.0
1,0.006414651870727539,1,1,1e-06,0.0
1,0.02211165428161621,1,1,1e-06,0.0
1,0.008812904357910156,1,1,1e-06,0.0
1,0.00567317008972168,1,1,1e-06,0.0
1,0.0034668445587158203,1,1,1e-06,0.0
1,0.004762411117553711,1,1,1e-06,0.0
1,0.0044765472412109375,1,1,1e-06,0.0
1,0.04827880859375,1,1,1e-06,0.0
1,0.08010339736938477,1,1,1e-06,0.0
1,0.009294271469116211,1,1,1e-06,0.0
1,0.005446672439575195,1,1,1e-06,0.0
1,0.08303189277648926,1,1,1e-06,0.0
1,0.006584644317626953,1,1,1e-06,0.0
1,0.004689455032348633,1,1,1e-06,0.0
1,0.03323698043823242,1,1,1e-06,0.0
1,0.002869844436645508,1,1,1e-06,0.0
1,0.002893686294555664,1,1,1e-06,0.0
1,0.0034508705139160156,1,1,1e-06,0.0
1,0.003096342086791992,1,1,1e-06,0.0
1,0.005459785461425781,1,1,1e-06,0.0
1,0.00471806526184082,1,1,1e-06,0.0
1,0.010866403579711914,1,1,1e-06,0.0
1,0.002737760543823242,1,1,1e-06,0.0
1,0.0023500919342041016,1,1,1e-06,0.0
1,0.00243377685546875,1,1,1e-06,0.0
1,0.0027391910552978516,1,1,1e-06,0.0
1,0.0033965110778808594,1,1,1e-06,0.0
1,0.004021883010864258,1,1,1e-06,0.0
1,0.0034241676330566406,1,1,1e-06,0.0
1,0.0022492408752441406,1,1,1e-06,0.0
1,0.003103971481323242,1,1,1e-06,0.0
1,0.005116939544677734,1,1,1e-06,0.0
1,0.0031347274780273438,1,1,1e-06,0.0
1,0.0032083988189697266,1,1,1e-06,0.0
1,0.002492189407348633,1,1,1e-06,0.0
1,0.020292997360229492,1,1,1e-06,0.0
1,0.0025963783264160156,1,1,1e-06,0.0
1,0.0031838417053222656,1,1,1e-06,0.0
1,0.003632068634033203,1,1,1e-06,0.0
1,0.0026755332946777344,1,1,1e-06,0.0
1,0.0030286312103271484,1,1,1e-06,0.0
1,0.002675294876098633,1,1,1e-06,0.0
1,0.003792285919189453,1,1,1e-06,0.0
1,0.003877878189086914,1,1,1e-06,0.0
1,0.002467632293701172,1,1,1e-06,0.0
1,0.002172708511352539,1,1,1e-06,0.0
1,0.0022351741790771484,1,1,1e-06,0.0
1,0.003084421157836914,1,1,1e-06,0.0
1,0.003366708755493164,1,1,1e-06,0.0
1,0.010849475860595703,1,1,1e-06,0.0
1,0.002162933349609375,1,1,1e-06,0.0
1,0.013543367385864258,1,1,1e-06,0.0
1,0.0024118423461914062,1,1,1e-06,0.0
1,0.003936767578125,1,1,1e-06,0.0
1,0.0034182071685791016,1,1,1e-06,0.0
1,0.013897895812988281,1,1,1e-06,0.0
1,0.0029172897338867188,1,1,1e-06,0.0
1,0.024921178817749023,1,1,1e-06,0.0
1,0.001786947250366211,1,1,1e-06,0.0
1,0.00366973876953125,1,1,1e-06,0.0
1,0.0020148754119873047,1,1,1e-06,0.0
1,0.002020120620727539,1,1,1e-06,0.0
1,0.0018939971923828125,1,1,1e-06,0.0
1,0.0029015541076660156,1,1,1e-06,0.0
1,0.008480072021484375,1,1,1e-06,0.0
1,0.0038056373596191406,1,1,1e-06,0.0
1,0.0017163753509521484,1,1,1e-06,0.0
1,0.002574920654296875,1,1,1e-06,0.0
1,0.004222869873046875,1,1,1e-06,0.0
1,0.0027294158935546875,1,1,1e-06,0.0
1,0.0019850730895996094,1,1,1e-06,0.0
1,0.001995563507080078,1,1,1e-06,0.0
1,0.0029528141021728516,1,1,1e-06,0.0
1,0.002835988998413086,1,1,1e-06,0.0
1,0.03940439224243164,1,1,1e-06,0.0
1,0.0023589134216308594,1,1,1e-06,0.0
1,0.0019412040710449219,1,1,1e-06,0.0
1,0.0017294883728027344,1,1,1e-06,0.0
1,0.0020089149475097656,1,1,1e-06,0.0
1,0.002092599868774414,1,1,1e-06,0.0
1,0.001989126205444336,1,1,1e-06,0.0
1,0.0032668113708496094,1,1,1e-06,0.0
1,0.002470731735229492,1,1,1e-06,0.0
1,0.005466461181640625,1,1,1e-06,0.0
1,0.0034949779510498047,1,1,1e-06,0.0
1,0.0028460025787353516,1,1,1e-06,0.0
1,0.008899450302124023,1,1,1e-06,0.0
1,0.0036706924438476562,1,1,1e-06,0.0
1,0.002062559127807617,1,1,1e-06,0.0
1,0.0018894672393798828,1,1,1e-06,0.0
1,0.017879486083984375,1,1,1e-06,0.0
1,0.002444028854370117,1,1,1e-06,0.0
1,0.003717184066772461,1,1,1e-06,0.0
1,0.002437591552734375,1,1,1e-06,0.0
1,0.0022711753845214844,1,1,1e-06,0.0
1,0.0021698474884033203,1,1,1e-06,0.0
1,0.002188444137573242,1,1,1e-06,0.0
1,0.003854036331176758,1,1,1e-06,0.0
1,0.002404928207397461,1,1,1e-06,0.0
1,0.0020737648010253906,1,1,1e-06,0.0
1,0.0019669532775878906,1,1,1e-06,0.0
1,0.0021009445190429688,1,1,1e-06,0.0
1,0.0019440650939941406,1,1,1e-06,0.0
1,0.0019023418426513672,1,1,1e-06,0.0
1,0.0023288726806640625,1,1,1e-06,0.0
1,0.00820612907409668,1,1,1e-06,0.0
1,0.0025260448455810547,1,1,1e-06,0.0
1,0.0020294189453125,1,1,1e-06,0.0
1,0.0020744800567626953,1,1,1e-06,0.0
1,0.0026540756225585938,1,1,1e-06,0.0
1,0.01434469223022461,1,1,1e-06,0.0
1,0.0026335716247558594,1,1,1e-06,0.0
1,0.0025377273559570312,1,1,1e-06,0.0
1,0.0020279884338378906,1,1,1e-06,0.0
1,0.01340627670288086,1,1,1e-06,0.0
1,0.0021064281463623047,1,1,1e-06,0.0
1,0.0038809776306152344,1,1,1e-06,0.0
1,0.0021293163299560547,1,1,1e-06,0.0
1,0.0017542839050292969,1,1,1e-06,0.0
1,0.002060413360595703,1,1,1e-06,0.0
1,0.00465083122253418,1,1,1e-06,0.0
1,0.0020716190338134766,1,1,1e-06,0.0
1,0.0032541751861572266,1,1,1e-06,0.0
1,0.002394437789916992,1,1,1e-06,0.0
1,0.002430438995361328,1,1,1e-06,0.0
1,0.014670372009277344,1,1,1e-06,0.0
1,0.002532482147216797,1,1,1e-06,0.0
1,0.003127574920654297,1,1,1e-06,0.0
1,0.002335786819458008,1,1,1e-06,0.0
1,0.0023326873779296875,1,1,1e-06,0.0
1,0.0023975372314453125,1,1,1e-06,0.0
1,0.0020461082458496094,1,1,1e-06,0.0
1,0.001984119415283203,1,1,1e-06,0.0
1,0.0022933483123779297,1,1,1e-06,0.0
1,0.003478527069091797,1,1,1e-06,0.0
1,0.0034551620483398438,1,1,1e-06,0.0
1,0.0054433345794677734,1,1,1e-06,0.0
1,0.0041315555572509766,1,1,1e-06,0.0
1,0.011600017547607422,1,1,1e-06,0.0
1,0.004063606262207031,1,1,1e-06,0.0
1,0.0018813610076904297,1,1,1e-06,0.0
1,0.011779069900512695,1,1,1e-06,0.0
1,0.002044677734375,1,1,1e-06,0.0
1,0.0018138885498046875,1,1,1e-06,0.0
1,0.0017719268798828125,1,1,1e-06,0.0
1,0.0019145011901855469,1,1,1e-06,0.0
1,0.002500295639038086,1,1,1e-06,0.0
1,0.0022962093353271484,1,1,1e-06,0.0
1,0.001828908920288086,1,1,1e-06,0.0
1,0.002499103546142578,1,1,1e-06,0.0
1,0.0021224021911621094,1,1,1e-06,0.0
1,0.0018532276153564453,1,1,1e-06,0.0
1,0.013541698455810547,1,1,1e-06,0.0
1,0.05434417724609375,1,1,1e-06,0.0
1,0.003314495086669922,1,1,1e-06,0.0
1,0.002931833267211914,1,1,1e-06,0.0
1,0.005557537078857422,1,1,1e-06,0.0
1,0.0025534629821777344,1,1,1e-06,0.0
1,0.01294255256652832,1,1,1e-06,0.0
1,0.002295255661010742,1,1,1e-06,0.0
1,0.0019621849060058594,1,1,1e-06,0.0
1,0.0018901824951171875,1,1,1e-06,0.0
1,0.012774229049682617,1,1,1e-06,0.0
1,0.002331256866455078,1,1,1e-06,0.0
1,0.0017681121826171875,1,1,1e-06,0.0
1,0.004515647888183594,1,1,1e-06,0.0
1,0.002461671829223633,1,1,1e-06,0.0
1,0.002001523971557617,1,1,1e-06,0.0
1,0.0022225379943847656,1,1,1e-06,0.0
1,0.001924753189086914,1,1,1e-06,0.0
1,0.002361774444580078,1,1,1e-06,0.0
1,0.001988649368286133,1,1,1e-06,0.0
1,0.015166521072387695,1,1,1e-06,0.0
1,0.032758235931396484,1,1,1e-06,0.0
1,0.0022733211517333984,1,1,1e-06,0.0
1,0.002614736557006836,1,1,1e-06,0.0
1,0.0033626556396484375,1,1,1e-06,0.0
1,0.0020995140075683594,1,1,1e-06,0.0
1,0.0024182796478271484,1,1,1e-06,0.0
1,0.0018036365509033203,1,1,1e-06,0.0
1,0.0018651485443115234,1,1,1e-06,0.0
1,0.0016918182373046875,1,1,1e-06,0.0
1,0.00337982177734375,1,1,1e-06,0.0
1,0.0029752254486083984,1,1,1e-06,0.0
1,0.0023107528686523438,1,1,1e-06,0.0
1,0.0018260478973388672,1,1,1e-06,0.0
1,0.0018613338470458984,1,1,1e-06,0.0
1,0.006767988204956055,1,1,1e-06,0.0
1,0.019740819931030273,1,1,1e-06,0.0
1,0.0022721290588378906,1,1,1e-06,0.0
1,0.06866097450256348,1,1,1e-06,0.0
1,0.0019876956939697266,1,1,1e-06,0.0
1,0.0028493404388427734,1,1,1e-06,0.0
1,0.0018873214721679688,1,1,1e-06,0.0
1,0.0023148059844970703,1,1,1e-06,0.0
1,0.0021185874938964844,1,1,1e-06,0.0
1,0.0021398067474365234,1,1,1e-06,0.0
1,0.002145051956176758,1,1,1e-06,0.0
1,0.00430607795715332,1,1,1e-06,0.0
1,0.006494045257568359,1,1,1e-06,0.0
1,0.002748727798461914,1,1,1e-06,0.0
1,0.0019044876098632812,1,1,1e-06,0.0
1,0.001920938491821289,1,1,1e-06,0.0
1,0.002623319625854492,1,1,1e-06,0.0
1,0.005409717559814453,1,1,1e-06,0.0
1,0.0027153491973876953,1,1,1e-06,0.0
1,0.002781391143798828,1,1,1e-06,0.0
1,0.0018382072448730469,1,1,1e-06,0.0
1,0.0034339427947998047,1,1,1e-06,0.0
1,0.0024766921997070312,1,1,1e-06,0.0
1,0.0019555091857910156,1,1,1e-06,0.0
1,0.0021200180053710938,1,1,1e-06,0.0
1,0.0016942024230957031,1,1,1e-06,0.0
1,0.0019042491912841797,1,1,1e-06,0.0
1,0.0018575191497802734,1,1,1e-06,0.0
1,0.0018091201782226562,1,1,1e-06,0.0
1,0.002054929733276367,1,1,1e-06,0.0
1,0.0019114017486572266,1,1,1e-06,0.0
1,0.0019905567169189453,1,1,1e-06,0.0
1,0.011842489242553711,1,1,1e-06,0.0
1,0.0029659271240234375,1,1,1e-06,0.0
1,0.004232645034790039,1,1,1e-06,0.0
1,0.002148151397705078,1,1,1e-06,0.0
1,0.0017352104187011719,1,1,1e-06,0.0
1,0.024258852005004883,1,1,1e-06,0.0
1,0.011560440063476562,1,1,1e-06,0.0
1,0.005141258239746094,1,1,1e-06,0.0
1,0.0024712085723876953,1,1,1e-06,0.0
1,0.0020198822021484375,1,1,1e-06,0.0
1,0.0023550987243652344,1,1,1e-06,0.0
1,0.002989053726196289,1,1,1e-06,0.0
1,0.0026373863220214844,1,1,1e-06,0.0
1,0.0022063255310058594,1,1,1e-06,0.0
1,0.002028942108154297,1,1,1e-06,0.0
1,0.0025429725646972656,1,1,1e-06,0.0
1,0.0027272701263427734,1,1,1e-06,0.0
1,0.0033006668090820312,1,1,1e-06,0.0
1,0.003117084503173828,1,1,1e-06,0.0
1,0.002026796340942383,1,1,1e-06,0.0
1,0.00170135498046875,1,1,1e-06,0.0
1,0.001962423324584961,1,1,1e-06,0.0
1,0.001956462860107422,1,1,1e-06,0.0
1,0.002561330795288086,1,1,1e-06,0.0
1,0.0024373531341552734,1,1,1e-06,0.0
1,0.0020377635955810547,1,1,1e-06,0.0
1,0.0049550533294677734,1,1,1e-06,0.0
1,0.001878976821899414,1,1,1e-06,0.0
1,0.0038847923278808594,1,1,1e-06,0.0
1,0.0030710697174072266,1,1,1e-06,0.0
1,0.024363040924072266,1,1,1e-06,0.0
1,0.0038483142852783203,1,1,1e-06,0.0
1,0.0019328594207763672,1,1,1e-06,0.0
1,0.0040395259857177734,1,1,1e-06,0.0
1,0.0025157928466796875,1,1,1e-06,0.0
1,0.0025959014892578125,1,1,1e-06,0.0
1,0.011586427688598633,1,1,1e-06,0.0
1,0.0024116039276123047,1,1,1e-06,0.0
1,0.004273653030395508,1,1,1e-06,0.0
1,0.022077083587646484,1,1,1e-06,0.0
1,0.027870893478393555,1,1,1e-06,0.0
1,0.0022907257080078125,1,1,1e-06,0.0
1,0.002229452133178711,1,1,1e-06,0.0
1,0.02777862548828125,1,1,1e-06,0.0
1,0.0023860931396484375,1,1,1e-06,0.0
1,0.0018634796142578125,1,1,1e-06,0.0
1,0.0019562244415283203,1,1,1e-06,0.0
1,0.002832174301147461,1,1,1e-06,0.0
1,0.008816003799438477,1,1,1e-06,0.0
1,0.00193023681640625,1,1,1e-06,0.0
1,0.0019223690032958984,1,1,1e-06,0.0
1,0.014290571212768555,1,1,1e-06,0.0
1,0.002377033233642578,1,1,1e-06,0.0
1,0.044649600982666016,1,1,1e-06,0.0
1,0.002361774444580078,1,1,1e-06,0.0
1,0.012897253036499023,1,1,1e-06,0.0
1,0.044016361236572266,1,1,1e-06,0.0
1,0.002265453338623047,1,1,1e-06,0.0
1,0.002767324447631836,1,1,1e-06,0.0
1,0.019359588623046875,1,1,1e-06,0.0
1,0.0019669532775878906,1,1,1e-06,0.0
1,0.0016558170318603516,1,1,1e-06,0.0
1,0.0018532276153564453,1,1,1e-06,0.0
1,0.004206657409667969,1,1,1e-06,0.0
1,0.0029668807983398438,1,1,1e-06,0.0
1,0.012075662612915039,1,1,1e-06,0.0
1,0.07448506355285645,1,1,1e-06,0.0
1,0.012688875198364258,1,1,1e-06,0.0
1,0.0033097267150878906,1,1,1e-06,0.0
1,0.0020952224731445312,1,1,1e-06,0.0
1,0.002540111541748047,1,1,1e-06,0.0
1,0.002642393112182617,1,1,1e-06,0.0
1,0.011185646057128906,1,1,1e-06,0.0
1,0.002712249755859375,1,1,1e-06,0.0
1,0.027622222900390625,1,1,1e-06,0.0
1,0.005365133285522461,1,1,1e-06,0.0
1,0.005847930908203125,1,1,1e-06,0.0
1,0.0021097660064697266,1,1,1e-06,0.0
1,0.0017616748809814453,1,1,1e-06,0.0
1,0.002124309539794922,1,1,1e-06,0.0
1,0.032143354415893555,1,1,1e-06,0.0
1,0.0025026798248291016,1,1,1e-06,0.0
1,0.0017931461334228516,1,1,1e-06,0.0
1,0.002427339553833008,1,1,1e-06,0.0
1,0.002168893814086914,1,1,1e-06,0.0
1,0.0037784576416015625,1,1,1e-06,0.0
1,0.03561282157897949,1,1,1e-06,0.0
1,0.0042607784271240234,1,1,1e-06,0.0
1,0.007898569107055664,1,1,1e-06,0.0
1,0.003169536590576172,1,1,1e-06,0.0
1,0.003679037094116211,1,1,1e-06,0.0
1,0.0024309158325195312,1,1,1e-06,0.0
1,0.0024869441986083984,1,1,1e-06,0.0
1,0.002682209014892578,1,1,1e-06,0.0
1,0.0025124549865722656,1,1,1e-06,0.0
1,0.01558828353881836,1,1,1e-06,0.0
1,0.0028543472290039062,1,1,1e-06,0.0
1,0.0028917789459228516,1,1,1e-06,0.0
1,0.12793540954589844,1,1,1e-06,0.0
1,0.0022618770599365234,1,1,1e-06,0.0
1,0.035652875900268555,1,1,1e-06,0.0
1,0.0077555179595947266,1,1,1e-06,0.0
1,0.021547555923461914,1,1,1e-06,0.0
1,0.002916574478149414,1,1,1e-06,0.0
1,0.0021178722381591797,1,1,1e-06,0.0
1,0.0020754337310791016,1,1,1e-06,0.0
1,0.0023956298828125,1,1,1e-06,0.0
1,0.0021648406982421875,1,1,1e-06,0.0
1,0.0026388168334960938,1,1,1e-06,0.0
0,1.1430974006652832,0,0,,0.0
1,0.002270936965942383,1,1,1e-06,0.0
1,0.0038285255432128906,1,1,1e-06,0.0
1,0.002026081085205078,1,1,1e-06,0.0
1,0.003016948699951172,1,1,1e-06,0.0
1,0.002500772476196289,1,1,1e-06,0.0
1,0.009214401245117188,1,1,1e-06,0.0
1,0.003382444381713867,1,1,1e-06,0.0
1,0.0025572776794433594,1,1,1e-06,0.0
1,0.0024080276489257812,1,1,1e-06,0.0
1,0.002101898193359375,1,1,1e-06,0.0
1,0.0217742919921875,1,1,1e-06,0.0
1,0.005012035369873047,1,1,1e-06,0.0
1,0.005307912826538086,1,1,1e-06,0.0
1,0.0031583309173583984,1,1,1e-06,0.0
1,0.0029745101928710938,1,1,1e-06,0.0
1,0.003491640090942383,1,1,1e-06,0.0
1,0.003339529037475586,1,1,1e-06,0.0
1,0.0029497146606445312,1,1,1e-06,0.0
1,0.002225637435913086,1,1,1e-06,0.0
1,0.002024412155151367,1,1,1e-06,0.0
1,0.0028090476989746094,1,1,1e-06,0.0
1,0.0024595260620117188,1,1,1e-06,0.0
1,0.0384674072265625,1,1,1e-06,0.0
1,0.002664327621459961,1,1,1e-06,0.0
1,0.01696181297302246,1,1,1e-06,0.0
1,0.002919912338256836,1,1,1e-06,0.0
1,0.0022437572479248047,1,1,1e-06,0.0
1,0.0020759105682373047,1,1,1e-06,0.0
1,0.010750293731689453,1,1,1e-06,0.0
1,0.004864692687988281,1,1,1e-06,0.0
1,0.002448558807373047,1,1,1e-06,0.0
1,0.012637853622436523,1,1,1e-06,0.0
1,0.003218412399291992,1,1,1e-06,0.0
1,0.0020036697387695312,1,1,1e-06,0.0
1,0.002061128616333008,1,1,1e-06,0.0
1,0.002135753631591797,1,1,1e-06,0.0
1,0.0138702392578125,1,1,1e-06,0.0
1,0.002986431121826172,1,1,1e-06,0.0
1,0.002288341522216797,1,1,1e-06,0.0
1,0.002249479293823242,1,1,1e-06,0.0
1,0.002285003662109375,1,1,1e-06,0.0
1,0.002398252487182617,1,1,1e-06,0.0
1,0.003705263137817383,1,1,1e-06,0.0
1,0.0016825199127197266,1,1,1e-06,0.0
1,0.0039517879486083984,1,1,1e-06,0.0
1,0.0021505355834960938,1,1,1e-06,0.0
1,0.002205371856689453,1,1,1e-06,0.0
1,0.023198843002319336,1,1,1e-06,0.0
1,0.002164125442504883,1,1,1e-06,0.0
1,0.0030167102813720703,1,1,1e-06,0.0
1,0.0018186569213867188,1,1,1e-06,0.0
1,0.0018503665924072266,1,1,1e-06,0.0
1,0.0024225711822509766,1,1,1e-06,0.0
1,0.0021543502807617188,1,1,1e-06,0.0
1,0.00982356071472168,1,1,1e-06,0.0
1,0.014915943145751953,1,1,1e-06,0.0
1,0.011906862258911133,1,1,1e-06,0.0
1,0.0032281875610351562,1,1,1e-06,0.0
1,0.0031147003173828125,1,1,1e-06,0.0
1,0.0067577362060546875,1,1,1e-06,0.0
1,0.0030291080474853516,1,1,1e-06,0.0
1,0.012620687484741211,1,1,1e-06,0.0
1,0.002408742904663086,1,1,1e-06,0.0
1,0.0021820068359375,1,1,1e-06,0.0
1,0.0037887096405029297,1,1,1e-06,0.0
1,0.0071315765380859375,1,1,1e-06,0.0
1,0.013333559036254883,1,1,1e-06,0.0
1,0.0027256011962890625,1,1,1e-06,0.0
1,0.0022735595703125,1,1,1e-06,0.0
1,0.0023152828216552734,1,1,1e-06,0.0
1,0.02448749542236328,1,1,1e-06,0.0
1,0.002187967300415039,1,1,1e-06,0.0
1,0.004873991012573242,1,1,1e-06,0.0
1,0.002265453338623047,1,1,1e-06,0.0
1,0.001861572265625,1,1,1e-06,0.0
1,0.0020198822021484375,1,1,1e-06,0.0
1,0.0022606849670410156,1,1,1e-06,0.0
1,0.0018782615661621094,1,1,1e-06,0.0
1,0.002295255661010742,1,1,1e-06,0.0
1,0.002785205841064453,1,1,1e-06,0.0
1,0.007330656051635742,1,1,1e-06,0.0
1,0.002809286117553711,1,1,1e-06,0.0
1,0.0030155181884765625,1,1,1e-06,0.0
1,0.0040285587310791016,1,1,1e-06,0.0
1,0.008178234100341797,1,1,1e-06,0.0
1,0.047075748443603516,1,1,1e-06,0.0
1,0.0022771358489990234,1,1,1e-06,0.0
1,0.36447978019714355,1,1,1e-06,0.0
1,0.0019927024841308594,1,1,1e-06,0.0
1,0.0017447471618652344,1,1,1e-06,0.0
1,0.0021615028381347656,1,1,1e-06,0.0
1,0.0030286312103271484,1,1,1e-06,0.0
1,0.0018434524536132812,1,1,1e-06,0.0
1,0.02811717987060547,1,1,1e-06,0.0
1,0.0023436546325683594,1,1,1e-06,0.0
1,0.003801107406616211,1,1,1e-06,0.0
1,0.002125978469848633,1,1,1e-06,0.0
1,0.011311531066894531,1,1,1e-06,0.0
1,0.002154111862182617,1,1,1e-06,0.0
1,0.0023839473724365234,1,1,1e-06,0.0
1,0.013008356094360352,1,1,1e-06,0.0
1,0.0022377967834472656,1,1,1e-06,0.0
1,0.0018913745880126953,1,1,1e-06,0.0
1,0.0016901493072509766,1,1,1e-06,0.0
1,0.0027916431427001953,1,1,1e-06,0.0
1,0.002051115036010742,1,1,1e-06,0.0
1,0.0020644664764404297,1,1,1e-06,0.0
1,0.0050852298736572266,1,1,1e-06,0.0
1,0.0022890567779541016,1,1,1e-06,0.0
1,0.0020074844360351562,1,1,1e-06,0.0
1,0.004203319549560547,1,1,1e-06,0.0
1,0.13986563682556152,1,1,1e-06,0.0
1,0.005033731460571289,1,1,1e-06,0.0
1,0.005475759506225586,1,1,1e-06,0.0
1,0.002465963363647461,1,1,1e-06,0.0
1,0.0027730464935302734,1,1,1e-06,0.0
1,0.0028922557830810547,1,1,1e-06,0.0
1,0.0038187503814697266,1,1,1e-06,0.0
1,0.002195119857788086,1,1,1e-06,0.0
1,0.002475261688232422,1,1,1e-06,0.0
1,0.003426790237426758,1,1,1e-06,0.0
1,0.0038177967071533203,1,1,1e-06,0.0
1,0.002950429916381836,1,1,1e-06,0.0
1,0.002592325210571289,1,1,1e-06,0.0
1,0.005311727523803711,1,1,1e-06,0.0
1,0.021674156188964844,1,1,1e-06,0.0
1,0.0032439231872558594,1,1,1e-06,0.0
1,0.002363443374633789,1,1,1e-06,0.0
1,0.03773641586303711,1,1,1e-06,0.0
1,0.004250764846801758,1,1,1e-06,0.0
1,0.003225564956665039,1,1,1e-06,0.0
1,0.0035550594329833984,1,1,1e-06,0.0
1,0.002610445022583008,1,1,1e-06,0.0
1,0.018038272857666016,1,1,1e-06,0.0
1,0.00531005859375,1,1,1e-06,0.0
1,0.004518032073974609,1,1,1e-06,0.0
1,0.0040798187255859375,1,1,1e-06,0.0
1,0.004147529602050781,1,1,1e-06,0.0
1,0.004268169403076172,1,1,1e-06,0.0
1,0.0025424957275390625,1,1,1e-06,0.0
1,0.002646207809448242,1,1,1e-06,0.0
1,0.0043354034423828125,1,1,1e-06,0.0
1,0.003239870071411133,1,1,1e-06,0.0
1,0.0033876895904541016,1,1,1e-06,0.0
1,0.003749370574951172,1,1,1e-06,0.0
1,0.004204988479614258,1,1,1e-06,0.0
1,0.004191875457763672,1,1,1e-06,0.0
1,0.0030260086059570312,1,1,1e-06,0.0
1,0.013109922409057617,1,1,1e-06,0.0
1,0.003975629806518555,1,1,1e-06,0.0
1,0.002710103988647461,1,1,1e-06,0.0
1,0.003350973129272461,1,1,1e-06,0.0
1,0.002705812454223633,1,1,1e-06,0.0
1,0.0037517547607421875,1,1,1e-06,0.0
1,0.006169319152832031,1,1,1e-06,0.0
1,0.002405881881713867,1,1,1e-06,0.0
1,0.002413034439086914,1,1,1e-06,0.0
1,0.01195669174194336,1,1,1e-06,0.0
1,0.004004478454589844,1,1,1e-06,0.0
1,0.002741575241088867,1,1,1e-06,0.0
1,0.003448486328125,1,1,1e-06,0.0
1,0.002145051956176758,1,1,1e-06,0.0
1,0.0015521049499511719,1,1,1e-06,0.0
1,0.0017771720886230469,1,1,1e-06,0.0
1,0.0030770301818847656,1,1,1e-06,0.0
1,0.0023424625396728516,1,1,1e-06,0.0
1,0.002117156982421875,1,1,1e-06,0.0
1,0.0029861927032470703,1,1,1e-06,0.0
1,0.006105184555053711,1,1,1e-06,0.0
1,0.0023555755615234375,1,1,1e-06,0.0
1,0.0035958290100097656,1,1,1e-06,0.0
1,0.0032265186309814453,1,1,1e-06,0.0
1,0.0023522377014160156,1,1,1e-06,0.0
1,0.0025484561920166016,1,1,1e-06,0.0
1,0.002106904983520508,1,1,1e-06,0.0
1,0.0023865699768066406,1,1,1e-06,0.0
1,0.0023016929626464844,1,1,1e-06,0.0
1,0.002032041549682617,1,1,1e-06,0.0
1,0.0024633407592773438,1,1,1e-06,0.0
1,0.0020301342010498047,1,1,1e-06,0.0
1,0.017189502716064453,1,1,1e-06,0.0
1,0.0031642913818359375,1,1,1e-06,0.0
1,0.003295421600341797,1,1,1e-06,0.0
1,0.011043071746826172,1,1,1e-06,0.0
1,0.0042858123779296875,1,1,1e-06,0.0
1,0.002341747283935547,1,1,1e-06,0.0
1,0.002348184585571289,1,1,1e-06,0.0
1,0.005010366439819336,1,1,1e-06,0.0
1,0.001964569091796875,1,1,1e-06,0.0
1,0.0019009113311767578,1,1,1e-06,0.0
1,0.0023217201232910156,1,1,1e-06,0.0
1,0.014448404312133789,1,1,1e-06,0.0
1,0.0025033950805664062,1,1,1e-06,0.0
1,0.002658367156982422,1,1,1e-06,0.0
1,0.055665016174316406,1,1,1e-06,0.0
1,0.0025377273559570312,1,1,1e-06,0.0
1,0.0016562938690185547,1,1,1e-06,0.0
1,0.0026404857635498047,1,1,1e-06,0.0
1,0.002260446548461914,1,1,1e-06,0.0
1,0.0024077892303466797,1,1,1e-06,0.0
1,0.0037467479705810547,1,1,1e-06,0.0
1,0.033860206604003906,1,1,1e-06,0.0
1,0.0024247169494628906,1,1,1e-06,0.0
1,0.0023453235626220703,1,1,1e-06,0.0
1,0.0031626224517822266,1,1,1e-06,0.0
1,0.012237548828125,1,1,1e-06,0.0
1,0.005239248275756836,1,1,1e-06,0.0
1,0.001978158950805664,1,1,1e-06,0.0
1,0.0018825531005859375,1,1,1e-06,0.0
1,0.0019104480743408203,1,1,1e-06,0.0
1,0.0022873878479003906,1,1,1e-06,0.0
1,0.0017764568328857422,1,1,1e-06,0.0
1,0.0038552284240722656,1,1,1e-06,0.0
1,0.01302957534790039,1,1,1e-06,0.0
1,0.00237274169921875,1,1,1e-06,0.0
1,0.0019538402557373047,1,1,1e-06,0.0
1,0.004613399505615234,1,1,1e-06,0.0
1,0.0020949840545654297,1,1,1e-06,0.0
1,0.002063274383544922,1,1,1e-06,0.0
1,0.0021927356719970703,1,1,1e-06,0.0
1,0.0019681453704833984,1,1,1e-06,0.0
1,0.0017399787902832031,1,1,1e-06,0.0
1,0.0021562576293945312,1,1,1e-06,0.0
1,0.09635639190673828,1,1,1e-06,0.0
1,0.011907339096069336,1,1,1e-06,0.0
1,0.0021734237670898438,1,1,1e-06,0.0
1,0.0023043155670166016,1,1,1e-06,0.0
1,0.002735137939453125,1,1,1e-06,0.0
1,0.010786294937133789,1,1,1e-06,0.0
1,0.002607583999633789,1,1,1e-06,0.0
1,0.0019030570983886719,1,1,1e-06,0.0
1,0.0017273426055908203,1,1,1e-06,0.0
1,0.003443002700805664,1,1,1e-06,0.0
1,0.0019462108612060547,1,1,1e-06,0.0
1,0.0022094249725341797,1,1,1e-06,0.0
1,0.011492013931274414,1,1,1e-06,0.0
1,0.040841102600097656,1,1,1e-06,0.0
1,0.002159595489501953,1,1,1e-06,0.0
1,0.00205230712890625,1,1,1e-06,0.0
1,0.0017876625061035156,1,1,1e-06,0.0
1,0.020412683486938477,1,1,1e-06,0.0
1,0.0026865005493164062,1,1,1e-06,0.0
1,0.0036199092864990234,1,1,1e-06,0.0
1,0.0024442672729492188,1,1,1e-06,0.0
1,0.001661539077758789,1,1,1e-06,0.0
1,0.011529207229614258,1,1,1e-06,0.0
1,0.0022363662719726562,1,1,1e-06,0.0
1,0.0026938915252685547,1,1,1e-06,0.0
1,0.0021963119506835938,1,1,1e-06,0.0
1,0.015070676803588867,1,1,1e-06,0.0
1,0.007709503173828125,1,1,1e-06,0.0
1,0.002512216567993164,1,1,1e-06,0.0
1,0.002089262008666992,1,1,1e-06,0.0
1,0.002397298812866211,1,1,1e-06,0.0
1,0.0022211074829101562,1,1,1e-06,0.0
1,0.0016908645629882812,1,1,1e-06,0.0
1,0.0017859935760498047,1,1,1e-06,0.0
1,0.0020513534545898438,1,1,1e-06,0.0
1,0.005775928497314453,1,1,1e-06,0.0
1,0.0023980140686035156,1,1,1e-06,0.0
1,0.002244234085083008,1,1,1e-06,0.0
1,0.002531766891479492,1,1,1e-06,0.0
1,0.002884387969970703,1,1,1e-06,0.0
1,0.0023813247680664062,1,1,1e-06,0.0
1,0.0019137859344482422,1,1,1e-06,0.0
1,0.0018091201782226562,1,1,1e-06,0.0
1,0.0024487972259521484,1,1,1e-06,0.0
1,0.002074003219604492,1,1,1e-06,0.0
1,0.0019106864929199219,1,1,1e-06,0.0
1,0.0022242069244384766,1,1,1e-06,0.0
1,0.004927635192871094,1,1,1e-06,0.0
1,0.09246373176574707,1,1,1e-06,0.0
1,0.002351045608520508,1,1,1e-06,0.0
1,0.060524702072143555,1,1,1e-06,0.0
1,0.0056819915771484375,1,1,1e-06,0.0
1,0.0030145645141601562,1,1,1e-06,0.0
1,0.006663084030151367,1,1,1e-06,0.0
1,0.003926753997802734,1,1,1e-06,0.0
1,0.006833076477050781,1,1,1e-06,0.0
1,0.008052349090576172,1,1,1e-06,0.0
1,0.00670313835144043,1,1,1e-06,0.0
1,0.0074920654296875,1,1,1e-06,0.0
1,0.007230043411254883,1,1,1e-06,0.0
1,0.003745555877685547,1,1,1e-06,0.0
1,0.007982969284057617,1,1,1e-06,0.0
1,0.04456329345703125,1,1,1e-06,0.0
1,0.007172107696533203,1,1,1e-06,0.0
1,0.006342411041259766,1,1,1e-06,0.0
1,0.0036919116973876953,1,1,1e-06,0.0
1,0.0034284591674804688,1,1,1e-06,0.0
1,0.003144502639770508,1,1,1e-06,0.0
1,0.0044994354248046875,1,1,1e-06,0.0
1,0.0051648616790771484,1,1,1e-06,0.0
1,0.0025076866149902344,1,1,1e-06,0.0
1,0.002660036087036133,1,1,1e-06,0.0
1,0.0033915042877197266,1,1,1e-06,0.0
1,0.0025551319122314453,1,1,1e-06,0.0
1,0.043725013732910156,1,1,1e-06,0.0
1,0.0029151439666748047,1,1,1e-06,0.0
1,0.003414630889892578,1,1,1e-06,0.0
1,0.00848245620727539,1,1,1e-06,0.0
1,0.008553743362426758,1,1,1e-06,0.0
1,0.007138252258300781,1,1,1e-06,0.0
1,0.07074713706970215,1,1,1e-06,0.0
1,0.0032546520233154297,1,1,1e-06,0.0
1,0.006699323654174805,1,1,1e-06,0.0
1,0.0036339759826660156,1,1,1e-06,0.0
1,0.0035948753356933594,1,1,1e-06,0.0
1,0.00264739990234375,1,1,1e-06,0.0
1,0.00413060188293457,1,1,1e-06,0.0
1,0.0030324459075927734,1,1,1e-06,0.0
1,0.022106409072875977,1,1,1e-06,0.0
1,0.00838327407836914,1,1,1e-06,0.0
1,0.007289886474609375,1,1,1e-06,0.0
1,0.019179344177246094,1,1,1e-06,0.0
1,0.006204843521118164,1,1,1e-06,0.0
1,0.003767728805541992,1,1,1e-06,0.0
1,0.0036611557006835938,1,1,1e-06,0.0
1,0.0050923824310302734,1,1,1e-06,0.0
1,0.005201101303100586,1,1,1e-06,0.0
1,0.005202531814575195,1,1,1e-06,0.0
1,0.005624055862426758,1,1,1e-06,0.0
1,0.030289173126220703,1,1,1e-06,0.0
1,0.02801513671875,1,1,1e-06,0.0
1,0.0073871612548828125,1,1,1e-06,0.0
1,0.028163671493530273,1,1,1e-06,0.0
1,0.006821632385253906,1,1,1e-06,0.0
1,0.00648188591003418,1,1,1e-06,0.0
1,0.03950381278991699,1,1,1e-06,0.0
1,0.003490924835205078,1,1,1e-06,0.0
1,0.0037474632263183594,1,1,1e-06,0.0
1,0.003314495086669922,1,1,1e-06,0.0
1,0.013866186141967773,1,1,1e-06,0.0
1,0.0029144287109375,1,1,1e-06,0.0
1,0.0031092166900634766,1,1,1e-06,0.0
1,0.002672910690307617,1,1,1e-06,0.0
1,0.0026099681854248047,1,1,1e-06,0.0
1,0.002830982208251953,1,1,1e-06,0.0
1,0.012835979461669922,1,1,1e-06,0.0
1,0.0034797191619873047,1,1,1e-06,0.0
1,0.003924846649169922,1,1,1e-06,0.0
1,0.09265947341918945,1,1,1e-06,0.0
1,0.00823831558227539,1,1,1e-06,0.0
1,0.00726771354675293,1,1,1e-06,0.0
1,0.004681110382080078,1,1,1e-06,0.0
1,0.01572275161743164,1,1,1e-06,0.0
1,0.005879640579223633,1,1,1e-06,0.0
1,0.014835596084594727,1,1,1e-06,0.0
1,0.00829935073852539,1,1,1e-06,0.0
1,0.01050877571105957,1,1,1e-06,0.0
1,0.00845193862915039,1,1,1e-06,0.0
1,0.009645938873291016,1,1,1e-06,0.0
1,0.004540443420410156,1,1,1e-06,0.0
1,0.008021354675292969,1,1,1e-06,0.0
1,0.005757808685302734,1,1,1e-06,0.0
1,0.015409469604492188,1,1,1e-06,0.0
1,0.04223036766052246,1,1,1e-06,0.0
1,0.007299184799194336,1,1,1e-06,0.0
1,0.010011911392211914,1,1,1e-06,0.0
1,0.027447938919067383,1,1,1e-06,0.0
1,0.007073640823364258,1,1,1e-06,0.0
1,0.013145208358764648,1,1,1e-06,0.0
1,0.007117509841918945,1,1,1e-06,0.0
1,0.011286497116088867,1,1,1e-06,0.0
1,0.006299734115600586,1,1,1e-06,0.0
1,0.09979534149169922,1,1,1e-06,0.0
1,0.07230472564697266,1,1,1e-06,0.0
1,0.010841608047485352,1,1,1e-06,0.0
1,0.005367279052734375,1,1,1e-06,0.0
1,0.009373188018798828,1,1,1e-06,0.0
1,0.05212736129760742,1,1,1e-06,0.0
1,0.006297588348388672,1,1,1e-06,0.0
1,0.007607936859130859,1,1,1e-06,0.0
1,0.009902715682983398,1,1,1e-06,0.0
1,0.13946104049682617,1,1,1e-06,0.0
1,0.05982351303100586,1,1,1e-06,0.0
1,0.0036818981170654297,1,1,1e-06,0.0
1,0.012413740158081055,1,1,1e-06,0.0
1,0.013559341430664062,1,1,1e-06,0.0
1,0.02529454231262207,1,1,1e-06,0.0
1,0.004482269287109375,1,1,1e-06,0.0
1,0.012111186981201172,1,1,1e-06,0.0
1,0.004246234893798828,1,1,1e-06,0.0
1,0.004522085189819336,1,1,1e-06,0.0
1,0.019258737564086914,1,1,1e-06,0.0
1,0.003934383392333984,1,1,1e-06,0.0
1,0.012499332427978516,1,1,1e-06,0.0
1,0.0029878616333007812,1,1,1e-06,0.0
1,0.009909629821777344,1,1,1e-06,0.0
1,0.014523983001708984,1,1,1e-06,0.0
1,0.01488351821899414,1,1,1e-06,0.0
1,0.01682448387145996,1,1,1e-06,0.0
1,0.0037500858306884766,1,1,1e-06,0.0
1,0.014967918395996094,1,1,1e-06,0.0
1,0.00465846061706543,1,1,1e-06,0.0
1,0.006495952606201172,1,1,1e-06,0.0
1,0.00765681266784668,1,1,1e-06,0.0
1,0.030171871185302734,1,1,1e-06,0.0
1,0.00513005256652832,1,1,1e-06,0.0
1,0.012613773345947266,1,1,1e-06,0.0
1,0.00400853157043457,1,1,1e-06,0.0
1,0.003547191619873047,1,1,1e-06,0.0
1,0.007057905197143555,1,1,1e-06,0.0
1,0.005193948745727539,1,1,1e-06,0.0
1,0.009917974472045898,1,1,1e-06,0.0
1,0.004205942153930664,1,1,1e-06,0.0
1,0.01490926742553711,1,1,1e-06,0.0
1,0.0046193599700927734,1,1,1e-06,0.0
1,0.008601665496826172,1,1,1e-06,0.0
1,0.0038611888885498047,1,1,1e-06,0.0
1,0.00702357292175293,1,1,1e-06,0.0
1,0.27590155601501465,1,1,1e-06,0.0
1,0.016562223434448242,1,1,1e-06,0.0
1,0.003262042999267578,1,1,1e-06,0.0
1,0.00447535514831543,1,1,1e-06,0.0
1,0.004818439483642578,1,1,1e-06,0.0
1,0.005560874938964844,1,1,1e-06,0.0
1,0.002618551254272461,1,1,1e-06,0.0
1,0.03625035285949707,1,1,1e-06,0.0
1,0.003366708755493164,1,1,1e-06,0.0
1,0.004144191741943359,1,1,1e-06,0.0
1,0.0025217533111572266,1,1,1e-06,0.0
1,0.0035524368286132812,1,1,1e-06,0.0
1,0.005261421203613281,1,1,1e-06,0.0
1,0.0030291080474853516,1,1,1e-06,0.0
1,0.005893707275390625,1,1,1e-06,0.0
1,0.00576472282409668,1,1,1e-06,0.0
1,0.0039000511169433594,1,1,1e-06,0.0
1,0.002799510955810547,1,1,1e-06,0.0
1,0.049204349517822266,1,1,1e-06,0.0
1,0.0034334659576416016,1,1,1e-06,0.0
1,0.004393100738525391,1,1,1e-06,0.0
1,0.00816655158996582,1,1,1e-06,0.0
1,0.003390789031982422,1,1,1e-06,0.0
1,0.0026466846466064453,1,1,1e-06,0.0
1,0.003553628921508789,1,1,1e-06,0.0
1,0.0024847984313964844,1,1,1e-06,0.0
1,0.0029680728912353516,1,1,1e-06,0.0
1,0.01002359390258789,1,1,1e-06,0.0
1,0.0068511962890625,1,1,1e-06,0.0
1,0.0032083988189697266,1,1,1e-06,0.0
1,0.025548219680786133,1,1,1e-06,0.0
1,0.0046350955963134766,1,1,1e-06,0.0
1,0.0036427974700927734,1,1,1e-06,0.0
1,0.005907297134399414,1,1,1e-06,0.0
1,0.013651847839355469,1,1,1e-06,0.0
1,0.010530710220336914,1,1,1e-06,0.0
1,0.004353761672973633,1,1,1e-06,0.0
1,0.004107236862182617,1,1,1e-06,0.0
1,0.00888204574584961,1,1,1e-06,0.0
1,0.006926536560058594,1,1,1e-06,0.0
1,0.03403306007385254,1,1,1e-06,0.0
1,0.018114805221557617,1,1,1e-06,0.0
1,0.09124088287353516,1,1,1e-06,0.0
1,0.0035827159881591797,1,1,1e-06,0.0
1,0.015622854232788086,1,1,1e-06,0.0
1,0.0950775146484375,1,1,1e-06,0.0
1,0.0024089813232421875,1,1,1e-06,0.0
1,0.01954793930053711,1,1,1e-06,0.0
1,0.01487874984741211,1,1,1e-06,0.0
1,0.0028569698333740234,1,1,1e-06,0.0
1,0.0028641223907470703,1,1,1e-06,0.0
1,0.0030133724212646484,1,1,1e-06,0.0
1,0.002554655075073242,1,1,1e-06,0.0
1,0.004192829132080078,1,1,1e-06,0.0
1,0.0075609683990478516,1,1,1e-06,0.0
1,0.012582063674926758,1,1,1e-06,0.0
1,0.0045206546783447266,1,1,1e-06,0.0
1,0.015157461166381836,1,1,1e-06,0.0
1,0.002329587936401367,1,1,1e-06,0.0
1,0.0023527145385742188,1,1,1e-06,0.0
1,0.0028982162475585938,1,1,1e-06,0.0
1,0.003198385238647461,1,1,1e-06,0.0
1,0.0028717517852783203,1,1,1e-06,0.0
1,0.003559589385986328,1,1,1e-06,0.0
1,0.0030603408813476562,1,1,1e-06,0.0
1,0.0030875205993652344,1,1,1e-06,0.0
1,0.0025153160095214844,1,1,1e-06,0.0
1,0.004080772399902344,1,1,1e-06,0.0
1,0.007915735244750977,1,1,1e-06,0.0
1,0.002927541732788086,1,1,1e-06,0.0
1,0.019982576370239258,1,1,1e-06,0.0
1,0.004817485809326172,1,1,1e-06,0.0
1,0.0024662017822265625,1,1,1e-06,0.0
1,0.002380847930908203,1,1,1e-06,0.0
1,0.0032553672790527344,1,1,1e-06,0.0
1,0.00362396240234375,1,1,1e-06,0.0
1,0.0030426979064941406,1,1,1e-06,0.0
1,0.03509211540222168,1,1,1e-06,0.0
1,0.0032830238342285156,1,1,1e-06,0.0
1,0.002295970916748047,1,1,1e-06,0.0
1,0.0034351348876953125,1,1,1e-06,0.0
1,0.0487215518951416,1,1,1e-06,0.0
1,0.002833127975463867,1,1,1e-06,0.0
1,0.0030303001403808594,1,1,1e-06,0.0
1,0.002437591552734375,1,1,1e-06,0.0
1,0.0046045780181884766,1,1,1e-06,0.0
1,0.029404163360595703,1,1,1e-06,0.0
1,0.0026276111602783203,1,1,1e-06,0.0
1,0.0026617050170898438,1,1,1e-06,0.0
1,0.0029554367065429688,1,1,1e-06,0.0
1,0.002709627151489258,1,1,1e-06,0.0
1,0.0026688575744628906,1,1,1e-06,0.0
1,0.005900382995605469,1,1,1e-06,0.0
1,0.0027751922607421875,1,1,1e-06,0.0
1,0.003148317337036133,1,1,1e-06,0.0
1,0.002471923828125,1,1,1e-06,0.0
1,0.002521038055419922,1,1,1e-06,0.0
1,0.003050565719604492,1,1,1e-06,0.0
1,0.01363062858581543,1,1,1e-06,0.0
1,0.013288021087646484,1,1,1e-06,0.0
1,0.004380464553833008,1,1,1e-06,0.0
1,0.04466605186462402,1,1,1e-06,0.0
1,0.005127906799316406,1,1,1e-06,0.0
1,0.0030410289764404297,1,1,1e-06,0.0
1,0.0032351016998291016,1,1,1e-06,0.0
1,0.0031919479370117188,1,1,1e-06,0.0
1,0.002991914749145508,1,1,1e-06,0.0
1,0.0033409595489501953,1,1,1e-06,0.0
1,0.02565145492553711,1,1,1e-06,0.0
1,0.003220081329345703,1,1,1e-06,0.0
1,0.0037186145782470703,1,1,1e-06,0.0
1,0.0031890869140625,1,1,1e-06,0.0
1,0.0032837390899658203,1,1,1e-06,0.0
1,0.00569605827331543,1,1,1e-06,0.0
1,0.020976543426513672,1,1,1e-06,0.0
1,0.0037789344787597656,1,1,1e-06,0.0
1,0.0046253204345703125,1,1,1e-06,0.0
1,0.16863799095153809,1,1,1e-06,0.0
1,0.007700204849243164,1,1,1e-06,0.0
1,0.013213634490966797,1,1,1e-06,0.0
1,0.014388322830200195,1,1,1e-06,0.0
1,0.015868186950683594,1,1,1e-06,0.0
1,0.029965639114379883,1,1,1e-06,0.0
1,0.012833356857299805,1,1,1e-06,0.0
1,0.023714065551757812,1,1,1e-06,0.0
1,0.01589655876159668,1,1,1e-06,0.0
1,0.009964704513549805,1,1,1e-06,0.0
1,0.01327204704284668,1,1,1e-06,0.0
1,0.01190185546875,1,1,1e-06,0.0
1,0.01135396957397461,1,1,1e-06,0.0
1,0.014601469039916992,1,1,1e-06,0.0
1,0.05492234230041504,1,1,1e-06,0.0
1,0.3407013416290283,1,1,1e-06,0.0
1,0.035959720611572266,1,1,1e-06,0.0
1,0.00558781623840332,1,1,1e-06,0.0
1,0.004437685012817383,1,1,1e-06,0.0
1,0.11352205276489258,1,1,1e-06,0.0
1,0.11063575744628906,1,1,1e-06,0.0
1,0.0033485889434814453,1,1,1e-06,0.0
1,0.040036678314208984,1,1,1e-06,0.0
1,0.13653278350830078,1,1,1e-06,0.0
1,0.0036356449127197266,1,1,1e-06,0.0
1,0.0069315433502197266,1,1,1e-06,0.0
1,0.06788110733032227,1,1,1e-06,0.0
1,0.00526118278503418,1,1,1e-06,0.0
1,0.00407862663269043,1,1,1e-06,0.0
1,0.003786802291870117,1,1,1e-06,0.0
1,0.004022121429443359,1,1,1e-06,0.0
1,0.009974241256713867,1,1,1e-06,0.0
1,0.005022287368774414,1,1,1e-06,0.0
1,0.004159450531005859,1,1,1e-06,0.0
1,0.004038810729980469,1,1,1e-06,0.0
1,0.004325389862060547,1,1,1e-06,0.0
1,0.02831268310546875,1,1,1e-06,0.0
1,0.002757549285888672,1,1,1e-06,0.0
1,0.04236483573913574,1,1,1e-06,0.0
1,0.0037713050842285156,1,1,1e-06,0.0
1,0.030580997467041016,1,1,1e-06,0.0
1,0.004990339279174805,1,1,1e-06,0.0
1,0.005842447280883789,1,1,1e-06,0.0
1,0.0065996646881103516,1,1,1e-06,0.0
1,0.006665468215942383,1,1,1e-06,0.0
1,0.007765293121337891,1,1,1e-06,0.0
1,0.003266572952270508,1,1,1e-06,0.0
1,0.0035398006439208984,1,1,1e-06,0.0
1,0.004825115203857422,1,1,1e-06,0.0
1,0.07281708717346191,1,1,1e-06,0.0
1,0.0037899017333984375,1,1,1e-06,0.0
1,0.020064115524291992,1,1,1e-06,0.0
1,0.0029511451721191406,1,1,1e-06,0.0
1,0.0034570693969726562,1,1,1e-06,0.0
1,0.01954936981201172,1,1,1e-06,0.0
1,0.04237246513366699,1,1,1e-06,0.0
1,0.003042459487915039,1,1,1e-06,0.0
1,0.0040814876556396484,1,1,1e-06,0.0
1,0.06521320343017578,1,1,1e-06,0.0
1,0.0036401748657226562,1,1,1e-06,0.0
1,0.05122232437133789,1,1,1e-06,0.0
1,0.11636948585510254,1,1,1e-06,0.0
1,0.0062406063079833984,1,1,1e-06,0.0
1,0.004202842712402344,1,1,1e-06,0.0
1,0.013753414154052734,1,1,1e-06,0.0
1,0.022866010665893555,1,1,1e-06,0.0
1,0.009992837905883789,1,1,1e-06,0.0
1,0.005875349044799805,1,1,1e-06,0.0
1,0.012515783309936523,1,1,1e-06,0.0
1,0.03835725784301758,1,1,1e-06,0.0
1,0.006783246994018555,1,1,1e-06,0.0
1,0.005918741226196289,1,1,1e-06,0.0
1,0.003968954086303711,1,1,1e-06,0.0
1,0.0032825469970703125,1,1,1e-06,0.0
1,0.005956888198852539,1,1,1e-06,0.0
1,0.0462803840637207,1,1,1e-06,0.0
1,0.008209943771362305,1,1,1e-06,0.0
1,0.0053365230560302734,1,1,1e-06,0.0
1,0.00765681266784668,1,1,1e-06,0.0
1,0.006072044372558594,1,1,1e-06,0.0
1,0.005368471145629883,1,1,1e-06,0.0
1,0.004008054733276367,1,1,1e-06,0.0
1,0.007460832595825195,1,1,1e-06,0.0
1,0.004281282424926758,1,1,1e-06,0.0
1,0.006409883499145508,1,1,1e-06,0.0
1,0.0031244754791259766,1,1,1e-06,0.0
1,0.0042231082916259766,1,1,1e-06,0.0
1,0.010472536087036133,1,1,1e-06,0.0
1,0.00603938102722168,1,1,1e-06,0.0
1,0.004718303680419922,1,1,1e-06,0.0
1,0.006970882415771484,1,1,1e-06,0.0
1,0.0031156539916992188,1,1,1e-06,0.0
1,0.0028765201568603516,1,1,1e-06,0.0
1,0.011713027954101562,1,1,1e-06,0.0
1,0.0040225982666015625,1,1,1e-06,0.0
1,0.0030426979064941406,1,1,1e-06,0.0
1,0.00772547721862793,1,1,1e-06,0.0
1,0.032824039459228516,1,1,1e-06,0.0
1,0.002863645553588867,1,1,1e-06,0.0
1,0.0040035247802734375,1,1,1e-06,0.0
1,0.09748411178588867,1,1,1e-06,0.0
1,0.007579803466796875,1,1,1e-06,0.0
1,0.03636050224304199,1,1,1e-06,0.0
1,0.006982564926147461,1,1,1e-06,0.0
1,0.006638526916503906,1,1,1e-06,0.0
1,0.007555961608886719,1,1,1e-06,0.0
1,0.010449886322021484,1,1,1e-06,0.0
1,0.0057032108306884766,1,1,1e-06,0.0
1,0.006557941436767578,1,1,1e-06,0.0
1,0.007978439331054688,1,1,1e-06,0.0
1,0.027021408081054688,1,1,1e-06,0.0
1,0.007058143615722656,1,1,1e-06,0.0
1,0.012584447860717773,1,1,1e-06,0.0
1,0.006606340408325195,1,1,1e-06,0.0
1,0.005414485931396484,1,1,1e-06,0.0
1,0.004458189010620117,1,1,1e-06,0.0
1,0.016832351684570312,1,1,1e-06,0.0
1,0.05508160591125488,1,1,1e-06,0.0
1,0.00319671630859375,1,1,1e-06,0.0
1,0.04449820518493652,1,1,1e-06,0.0
1,0.004352569580078125,1,1,1e-06,0.0
1,0.010336637496948242,1,1,1e-06,0.0
1,0.0062677860260009766,1,1,1e-06,0.0
1,0.003306865692138672,1,1,1e-06,0.0
1,0.03973388671875,1,1,1e-06,0.0
1,0.0040853023529052734,1,1,1e-06,0.0
1,0.0030431747436523438,1,1,1e-06,0.0
1,0.0025167465209960938,1,1,1e-06,0.0
1,0.0035462379455566406,1,1,1e-06,0.0
1,0.0027005672454833984,1,1,1e-06,0.0
1,0.0037789344787597656,1,1,1e-06,0.0
1,0.0031003952026367188,1,1,1e-06,0.0
1,0.01322484016418457,1,1,1e-06,0.0
1,0.003509521484375,1,1,1e-06,0.0
1,0.002474069595336914,1,1,1e-06,0.0
1,0.0030853748321533203,1,1,1e-06,0.0
1,0.006292104721069336,1,1,1e-06,0.0
1,0.004082441329956055,1,1,1e-06,0.0
1,0.0040433406829833984,1,1,1e-06,0.0
1,0.053842782974243164,1,1,1e-06,0.0
1,0.004106760025024414,1,1,1e-06,0.0
1,0.005922555923461914,1,1,1e-06,0.0
1,0.004811763763427734,1,1,1e-06,0.0
1,0.004548549652099609,1,1,1e-06,0.0
1,0.004785299301147461,1,1,1e-06,0.0
1,0.003947019577026367,1,1,1e-06,0.0
1,0.007663249969482422,1,1,1e-06,0.0
1,0.006855964660644531,1,1,1e-06,0.0
1,0.005105257034301758,1,1,1e-06,0.0
1,0.0035810470581054688,1,1,1e-06,0.0
1,0.002768278121948242,1,1,1e-06,0.0
1,0.0026149749755859375,1,1,1e-06,0.0
1,0.006647586822509766,1,1,1e-06,0.0
1,0.039740562438964844,1,1,1e-06,0.0
1,0.002695322036743164,1,1,1e-06,0.0
1,0.0029006004333496094,1,1,1e-06,0.0
1,0.007940292358398438,1,1,1e-06,0.0
1,0.004011869430541992,1,1,1e-06,0.0
1,0.010669708251953125,1,1,1e-06,0.0
1,0.002504110336303711,1,1,1e-06,0.0
1,0.0028166770935058594,1,1,1e-06,0.0
1,0.0027763843536376953,1,1,1e-06,0.0
1,0.005841255187988281,1,1,1e-06,0.0
1,0.06376457214355469,1,1,1e-06,0.0
1,0.003463268280029297,1,1,1e-06,0.0
1,0.0035893917083740234,1,1,1e-06,0.0
1,0.006426811218261719,1,1,1e-06,0.0
1,0.0035064220428466797,1,1,1e-06,0.0
1,0.0034072399139404297,1,1,1e-06,0.0
1,0.007104396820068359,1,1,1e-06,0.0
1,0.01531982421875,1,1,1e-06,0.0
1,0.018230915069580078,1,1,1e-06,0.0
1,0.002559661865234375,1,1,1e-06,0.0
1,0.0035505294799804688,1,1,1e-06,0.0
1,0.007921218872070312,1,1,1e-06,0.0
1,0.0045168399810791016,1,1,1e-06,0.0
1,0.0040130615234375,1,1,1e-06,0.0
1,0.0022475719451904297,1,1,1e-06,0.0
1,0.004002809524536133,1,1,1e-06,0.0
1,0.004121303558349609,1,1,1e-06,0.0
1,0.0031862258911132812,1,1,1e-06,0.0
1,0.0036618709564208984,1,1,1e-06,0.0
1,0.008815526962280273,1,1,1e-06,0.0
1,0.0066759586334228516,1,1,1e-06,0.0
1,0.0035071372985839844,1,1,1e-06,0.0
1,0.04226207733154297,1,1,1e-06,0.0
1,0.0028619766235351562,1,1,1e-06,0.0
1,0.0025887489318847656,1,1,1e-06,0.0
1,0.003601551055908203,1,1,1e-06,0.0
1,0.03091883659362793,1,1,1e-06,0.0
1,0.002497434616088867,1,1,1e-06,0.0
1,0.0024802684783935547,1,1,1e-06,0.0
1,0.002719879150390625,1,1,1e-06,0.0
1,0.014003992080688477,1,1,1e-06,0.0
1,0.0029566287994384766,1,1,1e-06,0.0
1,0.0023899078369140625,1,1,1e-06,0.0
1,0.00500798225402832,1,1,1e-06,0.0
1,0.003149271011352539,1,1,1e-06,0.0
1,0.0030744075775146484,1,1,1e-06,0.0
1,0.003305196762084961,1,1,1e-06,0.0
1,0.002435445785522461,1,1,1e-06,0.0
1,0.002180814743041992,1,1,1e-06,0.0
1,0.0032806396484375,1,1,1e-06,0.0
1,0.003517627716064453,1,1,1e-06,0.0
1,0.00420379638671875,1,1,1e-06,0.0
1,0.006159543991088867,1,1,1e-06,0.0
1,0.0064089298248291016,1,1,1e-06,0.0
1,0.04142904281616211,1,1,1e-06,0.0
1,0.003255605697631836,1,1,1e-06,0.0
1,0.00435185432434082,1,1,1e-06,0.0
1,0.02402329444885254,1,1,1e-06,0.0
1,0.002680063247680664,1,1,1e-06,0.0
1,0.0030269622802734375,1,1,1e-06,0.0
1,0.004484653472900391,1,1,1e-06,0.0
1,0.0037584304809570312,1,1,1e-06,0.0
1,0.0028829574584960938,1,1,1e-06,0.0
1,0.017785310745239258,1,1,1e-06,0.0
1,0.02023458480834961,1,1,1e-06,0.0
1,0.004459381103515625,1,1,1e-06,0.0
1,0.03515934944152832,1,1,1e-06,0.0
1,0.006580829620361328,1,1,1e-06,0.0
1,0.006947994232177734,1,1,1e-06,0.0
1,0.021640300750732422,1,1,1e-06,0.0
1,0.003500699996948242,1,1,1e-06,0.0
1,0.0026276111602783203,1,1,1e-06,0.0
1,0.005570173263549805,1,1,1e-06,0.0
1,0.0044286251068115234,1,1,1e-06,0.0
1,0.004271745681762695,1,1,1e-06,0.0
1,0.01160120964050293,1,1,1e-06,0.0
1,0.046219587326049805,1,1,1e-06,0.0
1,0.025426864624023438,1,1,1e-06,0.0
1,0.0028693675994873047,1,1,1e-06,0.0
1,0.004401683807373047,1,1,1e-06,0.0
1,0.0123291015625,1,1,1e-06,0.0
1,0.004609823226928711,1,1,1e-06,0.0
1,0.001956939697265625,1,1,1e-06,0.0
1,0.0035686492919921875,1,1,1e-06,0.0
1,0.02668905258178711,1,1,1e-06,0.0
1,0.0024852752685546875,1,1,1e-06,0.0
1,0.00415492057800293,1,1,1e-06,0.0
1,0.0065765380859375,1,1,1e-06,0.0
1,0.022144317626953125,1,1,1e-06,0.0
1,0.002548694610595703,1,1,1e-06,0.0
1,0.0026106834411621094,1,1,1e-06,0.0
1,0.0021550655364990234,1,1,1e-06,0.0
1,0.0019707679748535156,1,1,1e-06,0.0
1,0.031084775924682617,1,1,1e-06,0.0
1,0.0029020309448242188,1,1,1e-06,0.0
1,0.0024602413177490234,1,1,1e-06,0.0
1,0.014086008071899414,1,1,1e-06,0.0
1,0.013002872467041016,1,1,1e-06,0.0
1,0.028994321823120117,1,1,1e-06,0.0
1,0.7112035751342773,1,1,1e-06,0.0
1,0.0024580955505371094,1,1,1e-06,0.0
1,0.019823551177978516,1,1,1e-06,0.0
1,0.002971649169921875,1,1,1e-06,0.0
1,0.005010128021240234,1,1,1e-06,0.0
1,0.0024285316467285156,1,1,1e-06,0.0
1,0.002489805221557617,1,1,1e-06,0.0
1,0.027721405029296875,1,1,1e-06,0.0
1,0.002644777297973633,1,1,1e-06,0.0
1,0.002572298049926758,1,1,1e-06,0.0
1,0.0024030208587646484,1,1,1e-06,0.0
1,0.0025453567504882812,1,1,1e-06,0.0
1,0.003656625747680664,1,1,1e-06,0.0
1,0.002331256866455078,1,1,1e-06,0.0
1,0.00234222412109375,1,1,1e-06,0.0
1,0.002313375473022461,1,1,1e-06,0.0
1,0.002298116683959961,1,1,1e-06,0.0
1,0.002557992935180664,1,1,1e-06,0.0
1,0.003124237060546875,1,1,1e-06,0.0
1,0.002688169479370117,1,1,1e-06,0.0
1,0.0024907588958740234,1,1,1e-06,0.0
1,0.0025942325592041016,1,1,1e-06,0.0
1,0.016700029373168945,1,1,1e-06,0.0
1,0.015642881393432617,1,1,1e-06,0.0
1,0.0024466514587402344,1,1,1e-06,0.0
1,0.01954936981201172,1,1,1e-06,0.0
1,0.0027337074279785156,1,1,1e-06,0.0
1,0.003078937530517578,1,1,1e-06,0.0
1,0.002193450927734375,1,1,1e-06,0.0
1,0.017433881759643555,1,1,1e-06,0.0
1,0.0027551651000976562,1,1,1e-06,0.0
1,0.0023963451385498047,1,1,1e-06,0.0
1,0.005852460861206055,1,1,1e-06,0.0
1,0.002967357635498047,1,1,1e-06,0.0
1,0.014183282852172852,1,1,1e-06,0.0
1,0.002521991729736328,1,1,1e-06,0.0
1,0.0022013187408447266,1,1,1e-06,0.0
1,0.007218837738037109,1,1,1e-06,0.0
1,0.0024318695068359375,1,1,1e-06,0.0
1,0.0032911300659179688,1,1,1e-06,0.0
1,0.004551887512207031,1,1,1e-06,0.0
1,0.0033359527587890625,1,1,1e-06,0.0
1,0.004927873611450195,1,1,1e-06,0.0
1,0.010198116302490234,1,1,1e-06,0.0
1,0.013691425323486328,1,1,1e-06,0.0
1,0.003186464309692383,1,1,1e-06,0.0
1,0.018732309341430664,1,1,1e-06,0.0
1,0.0025908946990966797,1,1,1e-06,0.0
1,0.0031557083129882812,1,1,1e-06,0.0
1,0.005249738693237305,1,1,1e-06,0.0
1,0.027092695236206055,1,1,1e-06,0.0
1,0.004198551177978516,1,1,1e-06,0.0
1,0.002374410629272461,1,1,1e-06,0.0
1,0.002149343490600586,1,1,1e-06,0.0
1,0.003245830535888672,1,1,1e-06,0.0
1,0.0034933090209960938,1,1,1e-06,0.0
1,0.01307058334350586,1,1,1e-06,0.0
1,0.0024385452270507812,1,1,1e-06,0.0
1,0.0070340633392333984,1,1,1e-06,0.0
1,0.002602815628051758,1,1,1e-06,0.0
1,0.0027098655700683594,1,1,1e-06,0.0
1,0.003000974655151367,1,1,1e-06,0.0
1,0.0025811195373535156,1,1,1e-06,0.0
1,0.0030562877655029297,1,1,1e-06,0.0
1,0.002864360809326172,1,1,1e-06,0.0
1,0.0029649734497070312,1,1,1e-06,0.0
1,0.006106853485107422,1,1,1e-06,0.0
1,0.012055397033691406,1,1,1e-06,0.0
1,0.002330780029296875,1,1,1e-06,0.0
1,0.002265453338623047,1,1,1e-06,0.0
1,0.0018877983093261719,1,1,1e-06,0.0
1,0.002741098403930664,1,1,1e-06,0.0
1,0.0026776790618896484,1,1,1e-06,0.0
1,0.003359079360961914,1,1,1e-06,0.0
1,0.007411479949951172,1,1,1e-06,0.0
1,0.002801179885864258,1,1,1e-06,0.0
1,0.0029485225677490234,1,1,1e-06,0.0
1,0.004144906997680664,1,1,1e-06,0.0
1,0.0026667118072509766,1,1,1e-06,0.0
1,0.022844314575195312,1,1,1e-06,0.0
1,0.014295816421508789,1,1,1e-06,0.0
1,0.004332542419433594,1,1,1e-06,0.0
1,0.0029773712158203125,1,1,1e-06,0.0
1,0.0026183128356933594,1,1,1e-06,0.0
1,0.0021369457244873047,1,1,1e-06,0.0
1,0.0019330978393554688,1,1,1e-06,0.0
1,0.0023043155670166016,1,1,1e-06,0.0
1,0.0035424232482910156,1,1,1e-06,0.0
1,0.0075223445892333984,1,1,1e-06,0.0
1,0.003096342086791992,1,1,1e-06,0.0
1,0.042322397232055664,1,1,1e-06,0.0
1,0.0030450820922851562,1,1,1e-06,0.0
1,0.002490997314453125,1,1,1e-06,0.0
1,0.0026128292083740234,1,1,1e-06,0.0
1,0.003358602523803711,1,1,1e-06,0.0
1,0.002870798110961914,1,1,1e-06,0.0
1,0.003430604934692383,1,1,1e-06,0.0
1,0.003122091293334961,1,1,1e-06,0.0
1,0.020608901977539062,1,1,1e-06,0.0
1,0.012893199920654297,1,1,1e-06,0.0
1,0.004779815673828125,1,1,1e-06,0.0
1,0.002772092819213867,1,1,1e-06,0.0
1,0.012821435928344727,1,1,1e-06,0.0
1,0.0023534297943115234,1,1,1e-06,0.0
1,0.00568842887878418,1,1,1e-06,0.0
1,0.00215911865234375,1,1,1e-06,0.0
1,0.004692792892456055,1,1,1e-06,0.0
1,0.0022668838500976562,1,1,1e-06,0.0
1,0.0022635459899902344,1,1,1e-06,0.0
1,0.003753185272216797,1,1,1e-06,0.0
1,0.0035440921783447266,1,1,1e-06,0.0
1,0.003405332565307617,1,1,1e-06,0.0
1,0.0024831295013427734,1,1,1e-06,0.0
1,0.0029671192169189453,1,1,1e-06,0.0
1,0.003281831741333008,1,1,1e-06,0.0
1,0.024712085723876953,1,1,1e-06,0.0
1,0.002630949020385742,1,1,1e-06,0.0
1,0.004644632339477539,1,1,1e-06,0.0
1,0.003453969955444336,1,1,1e-06,0.0
1,0.0026175975799560547,1,1,1e-06,0.0
1,0.0037088394165039062,1,1,1e-06,0.0
1,0.0025758743286132812,1,1,1e-06,0.0
1,0.011698484420776367,1,1,1e-06,0.0
1,0.0023114681243896484,1,1,1e-06,0.0
1,0.002701997756958008,1,1,1e-06,0.0
1,0.007832527160644531,1,1,1e-06,0.0
1,0.002396821975708008,1,1,1e-06,0.0
1,0.0031785964965820312,1,1,1e-06,0.0
1,0.0018911361694335938,1,1,1e-06,0.0
1,0.003082752227783203,1,1,1e-06,0.0
1,0.003268718719482422,1,1,1e-06,0.0
1,0.019982337951660156,1,1,1e-06,0.0
1,0.0037221908569335938,1,1,1e-06,0.0
1,0.0022232532501220703,1,1,1e-06,0.0
1,0.012877464294433594,1,1,1e-06,0.0
1,0.0024518966674804688,1,1,1e-06,0.0
1,0.0020227432250976562,1,1,1e-06,0.0
1,0.0053975582122802734,1,1,1e-06,0.0
1,0.0034368038177490234,1,1,1e-06,0.0
1,0.002651214599609375,1,1,1e-06,0.0
1,0.0025894641876220703,1,1,1e-06,0.0
1,0.015830039978027344,1,1,1e-06,0.0
1,0.002579212188720703,1,1,1e-06,0.0
1,0.04760336875915527,1,1,1e-06,0.0
1,0.0029473304748535156,1,1,1e-06,0.0
1,0.0028002262115478516,1,1,1e-06,0.0
1,0.002534627914428711,1,1,1e-06,0.0
1,0.0023984909057617188,1,1,1e-06,0.0
1,0.004461765289306641,1,1,1e-06,0.0
1,0.0022945404052734375,1,1,1e-06,0.0
1,0.0025811195373535156,1,1,1e-06,0.0
1,0.004930019378662109,1,1,1e-06,0.0
1,0.0037965774536132812,1,1,1e-06,0.0
1,0.006948947906494141,1,1,1e-06,0.0
1,0.0032644271850585938,1,1,1e-06,0.0
1,0.003695249557495117,1,1,1e-06,0.0
1,0.0039136409759521484,1,1,1e-06,0.0
1,0.029304981231689453,1,1,1e-06,0.0
1,0.009479999542236328,1,1,1e-06,0.0
1,0.003630399703979492,1,1,1e-06,0.0
1,0.02085566520690918,1,1,1e-06,0.0
1,0.0037581920623779297,1,1,1e-06,0.0
1,0.002890348434448242,1,1,1e-06,0.0
1,0.006006479263305664,1,1,1e-06,0.0
1,0.003022909164428711,1,1,1e-06,0.0
1,0.015292644500732422,1,1,1e-06,0.0
1,0.002939462661743164,1,1,1e-06,0.0
1,0.0024335384368896484,1,1,1e-06,0.0
1,0.0017650127410888672,1,1,1e-06,0.0
1,0.0026476383209228516,1,1,1e-06,0.0
1,0.027222156524658203,1,1,1e-06,0.0
1,0.0028738975524902344,1,1,1e-06,0.0
1,0.003213167190551758,1,1,1e-06,0.0
1,0.0038268566131591797,1,1,1e-06,0.0
1,0.0030524730682373047,1,1,1e-06,0.0
1,0.0021734237670898438,1,1,1e-06,0.0
1,0.002790689468383789,1,1,1e-06,0.0
1,0.004717588424682617,1,1,1e-06,0.0
1,0.0022614002227783203,1,1,1e-06,0.0
1,0.008477449417114258,1,1,1e-06,0.0
1,0.017635583877563477,1,1,1e-06,0.0
1,0.0031697750091552734,1,1,1e-06,0.0
1,0.0026836395263671875,1,1,1e-06,0.0
1,0.003820180892944336,1,1,1e-06,0.0
1,0.003160715103149414,1,1,1e-06,0.0
1,0.0027964115142822266,1,1,1e-06,0.0
1,0.003297567367553711,1,1,1e-06,0.0
1,0.0032286643981933594,1,1,1e-06,0.0
1,0.002787351608276367,1,1,1e-06,0.0
1,0.0028438568115234375,1,1,1e-06,0.0
1,0.002628803253173828,1,1,1e-06,0.0
1,0.017699480056762695,1,1,1e-06,0.0
1,0.004812955856323242,1,1,1e-06,0.0
1,0.016147375106811523,1,1,1e-06,0.0
1,0.004103660583496094,1,1,1e-06,0.0
1,0.03131818771362305,1,1,1e-06,0.0
1,0.002844095230102539,1,1,1e-06,0.0
1,0.002518892288208008,1,1,1e-06,0.0
1,0.003238201141357422,1,1,1e-06,0.0
1,0.0037610530853271484,1,1,1e-06,0.0
1,0.003049135208129883,1,1,1e-06,0.0
1,0.0023162364959716797,1,1,1e-06,0.0
1,0.003423929214477539,1,1,1e-06,0.0
1,0.017378568649291992,1,1,1e-06,0.0
1,0.004171133041381836,1,1,1e-06,0.0
1,0.0029277801513671875,1,1,1e-06,0.0
1,0.007253170013427734,1,1,1e-06,0.0
1,0.0034322738647460938,1,1,1e-06,0.0
1,0.0030417442321777344,1,1,1e-06,0.0
1,0.0035562515258789062,1,1,1e-06,0.0
1,0.0019457340240478516,1,1,1e-06,0.0
1,0.0029828548431396484,1,1,1e-06,0.0
1,0.0039327144622802734,1,1,1e-06,0.0
1,0.02138686180114746,1,1,1e-06,0.0
1,0.003052234649658203,1,1,1e-06,0.0
1,0.0044248104095458984,1,1,1e-06,0.0
1,0.005643367767333984,1,1,1e-06,0.0
1,0.0029191970825195312,1,1,1e-06,0.0
1,0.006656169891357422,1,1,1e-06,0.0
1,0.0023560523986816406,1,1,1e-06,0.0
1,0.01987767219543457,1,1,1e-06,0.0
1,0.002875804901123047,1,1,1e-06,0.0
1,0.0022351741790771484,1,1,1e-06,0.0
1,0.0040264129638671875,1,1,1e-06,0.0
1,0.0028078556060791016,1,1,1e-06,0.0
1,0.017181873321533203,1,1,1e-06,0.0
1,0.0034363269805908203,1,1,1e-06,0.0
1,0.002827167510986328,1,1,1e-06,0.0
1,0.002850055694580078,1,1,1e-06,0.0
1,0.0046138763427734375,1,1,1e-06,0.0
1,0.004675865173339844,1,1,1e-06,0.0
1,0.014385700225830078,1,1,1e-06,0.0
1,0.04108929634094238,1,1,1e-06,0.0
1,0.0040111541748046875,1,1,1e-06,0.0
1,0.0026340484619140625,1,1,1e-06,0.0
1,0.002624034881591797,1,1,1e-06,0.0
1,0.002655029296875,1,1,1e-06,0.0
1,0.005938291549682617,1,1,1e-06,0.0
1,0.0033478736877441406,1,1,1e-06,0.0
1,0.018270492553710938,1,1,1e-06,0.0
1,0.0026001930236816406,1,1,1e-06,0.0
1,0.02290821075439453,1,1,1e-06,0.0
1,0.013580560684204102,1,1,1e-06,0.0
1,0.0030395984649658203,1,1,1e-06,0.0
1,0.023300647735595703,1,1,1e-06,0.0
1,0.0023856163024902344,1,1,1e-06,0.0
1,0.0021941661834716797,1,1,1e-06,0.0
1,0.023540496826171875,1,1,1e-06,0.0
1,0.003026247024536133,1,1,1e-06,0.0
1,0.018635272979736328,1,1,1e-06,0.0
1,0.002943277359008789,1,1,1e-06,0.0
1,0.021935224533081055,1,1,1e-06,0.0
1,0.003190279006958008,1,1,1e-06,0.0
1,0.007077932357788086,1,1,1e-06,0.0
1,0.0032198429107666016,1,1,1e-06,0.0
1,0.029636144638061523,1,1,1e-06,0.0
1,0.002522706985473633,1,1,1e-06,0.0
1,0.0031719207763671875,1,1,1e-06,0.0
1,0.0030014514923095703,1,1,1e-06,0.0
1,0.28235673904418945,1,1,1e-06,0.0
1,0.0029778480529785156,1,1,1e-06,0.0
1,0.004434108734130859,1,1,1e-06,0.0
1,0.004608869552612305,1,1,1e-06,0.0
1,0.003991842269897461,1,1,1e-06,0.0
1,0.0031440258026123047,1,1,1e-06,0.0
1,0.0032024383544921875,1,1,1e-06,0.0
1,0.02644801139831543,1,1,1e-06,0.0
1,0.027904987335205078,1,1,1e-06,0.0
1,0.005434989929199219,1,1,1e-06,0.0
1,0.00293731689453125,1,1,1e-06,0.0
1,0.0035359859466552734,1,1,1e-06,0.0
1,0.0031456947326660156,1,1,1e-06,0.0
1,0.0026116371154785156,1,1,1e-06,0.0
1,0.004932880401611328,1,1,1e-06,0.0
1,0.002724885940551758,1,1,1e-06,0.0
1,0.0039033889770507812,1,1,1e-06,0.0
1,0.002804279327392578,1,1,1e-06,0.0
1,0.007560253143310547,1,1,1e-06,0.0
1,0.004185199737548828,1,1,1e-06,0.0
1,0.0038115978240966797,1,1,1e-06,0.0
1,0.0039005279541015625,1,1,1e-06,0.0
1,0.0025169849395751953,1,1,1e-06,0.0
1,0.0028502941131591797,1,1,1e-06,0.0
1,0.004050493240356445,1,1,1e-06,0.0
1,0.004733562469482422,1,1,1e-06,0.0
1,0.0036704540252685547,1,1,1e-06,0.0
1,0.003693819046020508,1,1,1e-06,0.0
1,0.004049539566040039,1,1,1e-06,0.0
1,0.003964900970458984,1,1,1e-06,0.0
1,0.004548072814941406,1,1,1e-06,0.0
1,0.002510547637939453,1,1,1e-06,0.0
1,0.02594447135925293,1,1,1e-06,0.0
1,0.012390375137329102,1,1,1e-06,0.0
1,0.003370046615600586,1,1,1e-06,0.0
1,0.0034368038177490234,1,1,1e-06,0.0
1,0.003484010696411133,1,1,1e-06,0.0
1,0.0035619735717773438,1,1,1e-06,0.0
1,0.0029485225677490234,1,1,1e-06,0.0
1,0.002959012985229492,1,1,1e-06,0.0
1,0.0033295154571533203,1,1,1e-06,0.0
1,0.03179287910461426,1,1,1e-06,0.0
1,0.0029180049896240234,1,1,1e-06,0.0
1,0.0030431747436523438,1,1,1e-06,0.0
1,0.016021251678466797,1,1,1e-06,0.0
1,0.004292011260986328,1,1,1e-06,0.0
1,0.003490447998046875,1,1,1e-06,0.0
1,0.0031652450561523438,1,1,1e-06,0.0
1,0.0035152435302734375,1,1,1e-06,0.0
1,0.002792835235595703,1,1,1e-06,0.0
1,0.01941680908203125,1,1,1e-06,0.0
1,0.003110170364379883,1,1,1e-06,0.0
1,0.0332791805267334,1,1,1e-06,0.0
1,0.0031173229217529297,1,1,1e-06,0.0
1,0.014627456665039062,1,1,1e-06,0.0
1,0.0027320384979248047,1,1,1e-06,0.0
1,0.004266262054443359,1,1,1e-06,0.0
1,0.005699872970581055,1,1,1e-06,0.0
1,0.0023338794708251953,1,1,1e-06,0.0
1,0.006173133850097656,1,1,1e-06,0.0
1,0.002616405487060547,1,1,1e-06,0.0
1,0.002989053726196289,1,1,1e-06,0.0
1,0.0029196739196777344,1,1,1e-06,0.0
1,0.0024394989013671875,1,1,1e-06,0.0
1,0.004551410675048828,1,1,1e-06,0.0
1,0.0032508373260498047,1,1,1e-06,0.0
1,0.004558086395263672,1,1,1e-06,0.0
1,0.003045797348022461,1,1,1e-06,0.0
1,0.002092123031616211,1,1,1e-06,0.0
1,0.003214120864868164,1,1,1e-06,0.0
1,0.002983570098876953,1,1,1e-06,0.0
1,0.002918243408203125,1,1,1e-06,0.0
1,0.10277295112609863,1,1,1e-06,0.0
1,0.023377656936645508,1,1,1e-06,0.0
1,0.006754875183105469,1,1,1e-06,0.0
1,0.006097555160522461,1,1,1e-06,0.0
1,0.00673365592956543,1,1,1e-06,0.0
1,0.002633810043334961,1,1,1e-06,0.0
1,0.0028944015502929688,1,1,1e-06,0.0
1,0.0026159286499023438,1,1,1e-06,0.0
1,0.0056416988372802734,1,1,1e-06,0.0
1,0.0029032230377197266,1,1,1e-06,0.0
1,0.018976449966430664,1,1,1e-06,0.0
1,0.003097057342529297,1,1,1e-06,0.0
1,0.005074501037597656,1,1,1e-06,0.0
1,0.004387855529785156,1,1,1e-06,0.0
1,0.003323078155517578,1,1,1e-06,0.0
1,0.007004261016845703,1,1,1e-06,0.0
1,0.004218339920043945,1,1,1e-06,0.0
1,0.005877256393432617,1,1,1e-06,0.0
1,0.02718520164489746,1,1,1e-06,0.0
1,0.0028285980224609375,1,1,1e-06,0.0
1,0.05042123794555664,1,1,1e-06,0.0
1,0.018871784210205078,1,1,1e-06,0.0
1,0.009630441665649414,1,1,1e-06,0.0
1,0.002480745315551758,1,1,1e-06,0.0
1,0.024631738662719727,1,1,1e-06,0.0
1,0.003785371780395508,1,1,1e-06,0.0
1,0.07397866249084473,1,1,1e-06,0.0
1,0.002559185028076172,1,1,1e-06,0.0
1,0.031688690185546875,1,1,1e-06,0.0
1,0.002690553665161133,1,1,1e-06,0.0
1,0.003489255905151367,1,1,1e-06,0.0
1,0.0030107498168945312,1,1,1e-06,0.0
1,0.003407716751098633,1,1,1e-06,0.0
1,0.0029077529907226562,1,1,1e-06,0.0
1,0.019196271896362305,1,1,1e-06,0.0
1,0.020876646041870117,1,1,1e-06,0.0
1,0.0058138370513916016,1,1,1e-06,0.0
1,0.005586385726928711,1,1,1e-06,0.0
1,0.006848812103271484,1,1,1e-06,0.0
1,0.00392913818359375,1,1,1e-06,0.0
1,0.003667593002319336,1,1,1e-06,0.0
1,0.0068511962890625,1,1,1e-06,0.0
1,0.016920089721679688,1,1,1e-06,0.0
1,0.005927562713623047,1,1,1e-06,0.0
1,0.005277156829833984,1,1,1e-06,0.0
1,0.05620098114013672,1,1,1e-06,0.0
1,0.006151676177978516,1,1,1e-06,0.0
1,0.009248018264770508,1,1,1e-06,0.0
1,0.007893085479736328,1,1,1e-06,0.0
1,0.004362583160400391,1,1,1e-06,0.0
1,0.008127689361572266,1,1,1e-06,0.0
1,0.00403904914855957,1,1,1e-06,0.0
1,0.14221715927124023,1,1,1e-06,0.0
1,0.030461549758911133,1,1,1e-06,0.0
1,0.015319108963012695,1,1,1e-06,0.0
1,0.07679486274719238,1,1,1e-06,0.0
1,0.08601880073547363,1,1,1e-06,0.0
1,0.0034220218658447266,1,1,1e-06,0.0
1,0.00933837890625,1,1,1e-06,0.0
1,0.00430607795715332,1,1,1e-06,0.0
1,0.005878448486328125,1,1,1e-06,0.0
1,0.006773471832275391,1,1,1e-06,0.0
1,0.1091318130493164,1,1,1e-06,0.0
1,0.0029032230377197266,1,1,1e-06,0.0
1,0.0038018226623535156,1,1,1e-06,0.0
1,0.0047168731689453125,1,1,1e-06,0.0
1,0.03894543647766113,1,1,1e-06,0.0
1,0.003870725631713867,1,1,1e-06,0.0
1,0.005834341049194336,1,1,1e-06,0.0
1,0.0033707618713378906,1,1,1e-06,0.0
1,0.002992391586303711,1,1,1e-06,0.0
1,0.005752086639404297,1,1,1e-06,0.0
1,0.003870725631713867,1,1,1e-06,0.0
1,0.002934694290161133,1,1,1e-06,0.0
1,0.0028352737426757812,1,1,1e-06,0.0
1,0.030893325805664062,1,1,1e-06,0.0
1,0.0034551620483398438,1,1,1e-06,0.0
1,0.005299806594848633,1,1,1e-06,0.0
1,0.004120588302612305,1,1,1e-06,0.0
1,0.008568048477172852,1,1,1e-06,0.0
1,0.0030367374420166016,1,1,1e-06,0.0
1,0.016552448272705078,1,1,1e-06,0.0
1,0.04213142395019531,1,1,1e-06,0.0
1,0.014287710189819336,1,1,1e-06,0.0
1,0.007777690887451172,1,1,1e-06,0.0
1,0.12273383140563965,1,1,1e-06,0.0
1,0.011927366256713867,1,1,1e-06,0.0
1,0.007113456726074219,1,1,1e-06,0.0
1,0.0054149627685546875,1,1,1e-06,0.0
1,0.009077787399291992,1,1,1e-06,0.0
1,0.012609481811523438,1,1,1e-06,0.0
1,0.004486799240112305,1,1,1e-06,0.0
1,0.012360572814941406,1,1,1e-06,0.0
1,0.006732463836669922,1,1,1e-06,0.0
1,0.017027616500854492,1,1,1e-06,0.0
1,0.03519272804260254,1,1,1e-06,0.0
1,0.005967855453491211,1,1,1e-06,0.0
1,0.007473468780517578,1,1,1e-06,0.0
1,0.01319432258605957,1,1,1e-06,0.0
1,0.009144306182861328,1,1,1e-06,0.0
1,0.06068992614746094,1,1,1e-06,0.0
1,0.007197856903076172,1,1,1e-06,0.0
1,0.00552058219909668,1,1,1e-06,0.0
1,0.007550239562988281,1,1,1e-06,0.0
1,0.0065152645111083984,1,1,1e-06,0.0
1,0.004042148590087891,1,1,1e-06,0.0
1,0.006829977035522461,1,1,1e-06,0.0
1,0.009850025177001953,1,1,1e-06,0.0
1,0.00807642936706543,1,1,1e-06,0.0
1,0.00614476203918457,1,1,1e-06,0.0
1,0.021942138671875,1,1,1e-06,0.0
1,0.012472391128540039,1,1,1e-06,0.0
1,0.006384611129760742,1,1,1e-06,0.0
1,0.005129098892211914,1,1,1e-06,0.0
1,0.005852937698364258,1,1,1e-06,0.0
1,0.007237672805786133,1,1,1e-06,0.0
1,0.015432596206665039,1,1,1e-06,0.0
1,0.005181789398193359,1,1,1e-06,0.0
1,0.008169889450073242,1,1,1e-06,0.0
1,0.023862838745117188,1,1,1e-06,0.0
1,0.010016441345214844,1,1,1e-06,0.0
1,0.006775617599487305,1,1,1e-06,0.0
1,0.004267454147338867,1,1,1e-06,0.0
1,0.007481575012207031,1,1,1e-06,0.0
1,0.01236271858215332,1,1,1e-06,0.0
1,0.00890040397644043,1,1,1e-06,0.0
1,0.00436711311340332,1,1,1e-06,0.0
1,0.10637664794921875,1,1,1e-06,0.0
1,0.005199432373046875,1,1,1e-06,0.0
1,0.011168718338012695,1,1,1e-06,0.0
1,0.009636640548706055,1,1,1e-06,0.0
1,0.009516239166259766,1,1,1e-06,0.0
1,0.04705977439880371,1,1,1e-06,0.0
1,0.007089376449584961,1,1,1e-06,0.0
1,0.12243962287902832,1,1,1e-06,0.0
1,0.01625990867614746,1,1,1e-06,0.0
1,0.005068778991699219,1,1,1e-06,0.0
1,0.010088443756103516,1,1,1e-06,0.0
1,0.045064449310302734,1,1,1e-06,0.0
1,0.004347801208496094,1,1,1e-06,0.0
1,0.007638454437255859,1,1,1e-06,0.0
1,0.010771036148071289,1,1,1e-06,0.0
1,0.02154707908630371,1,1,1e-06,0.0
1,0.010288715362548828,1,1,1e-06,0.0
1,0.005713462829589844,1,1,1e-06,0.0
1,0.012198209762573242,1,1,1e-06,0.0
1,0.0048558712005615234,1,1,1e-06,0.0
1,0.005337953567504883,1,1,1e-06,0.0
1,0.015146732330322266,1,1,1e-06,0.0
1,0.01599860191345215,1,1,1e-06,0.0
1,0.011499166488647461,1,1,1e-06,0.0
1,0.10480952262878418,1,1,1e-06,0.0
1,0.005461215972900391,1,1,1e-06,0.0
1,0.0046613216400146484,1,1,1e-06,0.0
1,0.05271100997924805,1,1,1e-06,0.0
1,0.004941701889038086,1,1,1e-06,0.0
1,0.012120246887207031,1,1,1e-06,0.0
1,0.19338369369506836,1,1,1e-06,0.0
1,0.010134458541870117,1,1,1e-06,0.0
1,0.005553245544433594,1,1,1e-06,0.0
1,0.008312463760375977,1,1,1e-06,0.0
1,0.029150962829589844,1,1,1e-06,0.0
1,0.13072538375854492,1,1,1e-06,0.0
1,0.006143331527709961,1,1,1e-06,0.0
1,0.12589049339294434,1,1,1e-06,0.0
1,0.007871627807617188,1,1,1e-06,0.0
1,0.0724339485168457,1,1,1e-06,0.0
1,0.006172895431518555,1,1,1e-06,0.0
1,0.00897836685180664,1,1,1e-06,0.0
1,0.011723518371582031,1,1,1e-06,0.0
1,0.027299880981445312,1,1,1e-06,0.0
1,0.015229940414428711,1,1,1e-06,0.0
1,0.03950691223144531,1,1,1e-06,0.0
1,0.015429973602294922,1,1,1e-06,0.0
1,0.014948368072509766,1,1,1e-06,0.0
1,0.014896631240844727,1,1,1e-06,0.0
1,0.017220258712768555,1,1,1e-06,0.0
1,0.014489412307739258,1,1,1e-06,0.0
1,0.015414714813232422,1,1,1e-06,0.0
1,0.015465259552001953,1,1,1e-06,0.0
1,0.02661418914794922,1,1,1e-06,0.0
1,0.01565241813659668,1,1,1e-06,0.0
1,0.4426121711730957,1,1,1e-06,0.0
1,0.006643533706665039,1,1,1e-06,0.0
1,0.006594181060791016,1,1,1e-06,0.0
1,0.07014608383178711,1,1,1e-06,0.0
1,0.0166013240814209,1,1,1e-06,0.0
1,0.009287357330322266,1,1,1e-06,0.0
1,0.121490478515625,1,1,1e-06,0.0
1,0.009912729263305664,1,1,1e-06,0.0
1,0.01563239097595215,1,1,1e-06,0.0
1,0.01690983772277832,1,1,1e-06,0.0
1,0.01287078857421875,1,1,1e-06,0.0
1,0.11922144889831543,1,1,1e-06,0.0
1,0.005129575729370117,1,1,1e-06,0.0
1,0.015684127807617188,1,1,1e-06,0.0
1,0.07265400886535645,1,1,1e-06,0.0
1,0.07807803153991699,1,1,1e-06,0.0
1,0.006401777267456055,1,1,1e-06,0.0
1,0.014481067657470703,1,1,1e-06,0.0
1,0.10967183113098145,1,1,1e-06,0.0
1,0.008333444595336914,1,1,1e-06,0.0
1,0.025264263153076172,1,1,1e-06,0.0
1,0.016143083572387695,1,1,1e-06,0.0
1,0.015230655670166016,1,1,1e-06,0.0
1,0.00427556037902832,1,1,1e-06,0.0
1,0.02997136116027832,1,1,1e-06,0.0
1,0.11582112312316895,1,1,1e-06,0.0
1,0.004942178726196289,1,1,1e-06,0.0
1,0.09736418724060059,1,1,1e-06,0.0
1,0.04512810707092285,1,1,1e-06,0.0
1,0.004875659942626953,1,1,1e-06,0.0
1,0.004544496536254883,1,1,1e-06,0.0
1,0.007560253143310547,1,1,1e-06,0.0
1,0.006502389907836914,1,1,1e-06,0.0
1,0.004930973052978516,1,1,1e-06,0.0
1,0.10366940498352051,1,1,1e-06,0.0
1,0.00496363639831543,1,1,1e-06,0.0
1,0.016596317291259766,1,1,1e-06,0.0
1,0.0069370269775390625,1,1,1e-06,0.0
1,0.0063588619232177734,1,1,1e-06,0.0
1,0.004076242446899414,1,1,1e-06,0.0
1,0.09849953651428223,1,1,1e-06,0.0
1,0.008870124816894531,1,1,1e-06,0.0
1,0.06973838806152344,1,1,1e-06,0.0
1,0.06692194938659668,1,1,1e-06,0.0
1,0.0037589073181152344,1,1,1e-06,0.0
1,0.003337383270263672,1,1,1e-06,0.0
1,0.003352642059326172,1,1,1e-06,0.0
1,0.0033593177795410156,1,1,1e-06,0.0
1,0.0027680397033691406,1,1,1e-06,0.0
1,0.010678291320800781,1,1,1e-06,0.0
1,0.0030455589294433594,1,1,1e-06,0.0
1,0.004194736480712891,1,1,1e-06,0.0
1,0.040427446365356445,1,1,1e-06,0.0
1,0.003329038619995117,1,1,1e-06,0.0
1,0.0068285465240478516,1,1,1e-06,0.0
1,0.004778146743774414,1,1,1e-06,0.0
1,0.004246711730957031,1,1,1e-06,0.0
1,0.028697490692138672,1,1,1e-06,0.0
1,0.0026040077209472656,1,1,1e-06,0.0
1,0.0034072399139404297,1,1,1e-06,0.0
1,0.0032401084899902344,1,1,1e-06,0.0
1,0.0039784908294677734,1,1,1e-06,0.0
1,0.0050389766693115234,1,1,1e-06,0.0
1,0.013022899627685547,1,1,1e-06,0.0
1,0.002946138381958008,1,1,1e-06,0.0
1,0.004294395446777344,1,1,1e-06,0.0
1,0.0076389312744140625,1,1,1e-06,0.0
1,0.008929967880249023,1,1,1e-06,0.0
1,0.0035469532012939453,1,1,1e-06,0.0
1,0.032089948654174805,1,1,1e-06,0.0
1,0.02742147445678711,1,1,1e-06,0.0
1,0.03938150405883789,1,1,1e-06,0.0
1,0.004153251647949219,1,1,1e-06,0.0
1,0.013525962829589844,1,1,1e-06,0.0
1,0.008455514907836914,1,1,1e-06,0.0
1,0.006832122802734375,1,1,1e-06,0.0
1,0.007391691207885742,1,1,1e-06,0.0
1,0.004095315933227539,1,1,1e-06,0.0
1,0.00748896598815918,1,1,1e-06,0.0
1,0.004014253616333008,1,1,1e-06,0.0
1,0.003983497619628906,1,1,1e-06,0.0
1,0.04075789451599121,1,1,1e-06,0.0
1,0.007619380950927734,1,1,1e-06,0.0
1,0.05944323539733887,1,1,1e-06,0.0
1,0.004621982574462891,1,1,1e-06,0.0
1,0.007886648178100586,1,1,1e-06,0.0
1,0.03023076057434082,1,1,1e-06,0.0
1,0.003083467483520508,1,1,1e-06,0.0
1,0.004460811614990234,1,1,1e-06,0.0
1,0.0038628578186035156,1,1,1e-06,0.0
1,0.017408370971679688,1,1,1e-06,0.0
1,0.003992319107055664,1,1,1e-06,0.0
1,0.09330487251281738,1,1,1e-06,0.0
1,0.005601644515991211,1,1,1e-06,0.0
1,0.060495615005493164,1,1,1e-06,0.0
1,0.006314277648925781,1,1,1e-06,0.0
1,0.03351163864135742,1,1,1e-06,0.0
1,0.006005764007568359,1,1,1e-06,0.0
1,0.003784656524658203,1,1,1e-06,0.0
1,0.0078277587890625,1,1,1e-06,0.0
1,0.004166364669799805,1,1,1e-06,0.0
1,0.0042018890380859375,1,1,1e-06,0.0
1,0.012773513793945312,1,1,1e-06,0.0
1,0.004180192947387695,1,1,1e-06,0.0
1,0.009047269821166992,1,1,1e-06,0.0
1,0.003851175308227539,1,1,1e-06,0.0
1,0.005062103271484375,1,1,1e-06,0.0
1,0.005493640899658203,1,1,1e-06,0.0
1,0.03867793083190918,1,1,1e-06,0.0
1,0.006830930709838867,1,1,1e-06,0.0
1,0.0040283203125,1,1,1e-06,0.0
1,0.024021387100219727,1,1,1e-06,0.0
1,0.003777742385864258,1,1,1e-06,0.0
1,0.0035114288330078125,1,1,1e-06,0.0
1,0.007841348648071289,1,1,1e-06,0.0
1,0.029344558715820312,1,1,1e-06,0.0
1,0.004793405532836914,1,1,1e-06,0.0
1,0.003367900848388672,1,1,1e-06,0.0
1,0.003162860870361328,1,1,1e-06,0.0
1,0.003206491470336914,1,1,1e-06,0.0
1,0.045328378677368164,1,1,1e-06,0.0
1,0.0068514347076416016,1,1,1e-06,0.0
1,0.007900476455688477,1,1,1e-06,0.0
1,0.0025053024291992188,1,1,1e-06,0.0
1,0.002480030059814453,1,1,1e-06,0.0
1,0.0029153823852539062,1,1,1e-06,0.0
1,0.004199028015136719,1,1,1e-06,0.0
1,0.0036230087280273438,1,1,1e-06,0.0
1,0.0034198760986328125,1,1,1e-06,0.0
1,0.0032930374145507812,1,1,1e-06,0.0
1,0.004218101501464844,1,1,1e-06,0.0
1,0.0030639171600341797,1,1,1e-06,0.0
1,0.005169868469238281,1,1,1e-06,0.0
1,0.0024025440216064453,1,1,1e-06,0.0
1,0.003094196319580078,1,1,1e-06,0.0
1,0.00667119026184082,1,1,1e-06,0.0
1,0.004204750061035156,1,1,1e-06,0.0
1,0.0025482177734375,1,1,1e-06,0.0
1,0.0031876564025878906,1,1,1e-06,0.0
1,0.003167390823364258,1,1,1e-06,0.0
1,0.004450082778930664,1,1,1e-06,0.0
1,0.0026187896728515625,1,1,1e-06,0.0
1,0.0021588802337646484,1,1,1e-06,0.0
1,0.002580881118774414,1,1,1e-06,0.0
1,0.0188601016998291,1,1,1e-06,0.0
1,0.017234325408935547,1,1,1e-06,0.0
1,0.00392460823059082,1,1,1e-06,0.0
1,0.002702474594116211,1,1,1e-06,0.0
1,0.003298521041870117,1,1,1e-06,0.0
1,0.006234407424926758,1,1,1e-06,0.0
1,0.0038056373596191406,1,1,1e-06,0.0
1,0.008551359176635742,1,1,1e-06,0.0
1,0.004471540451049805,1,1,1e-06,0.0
1,0.007197380065917969,1,1,1e-06,0.0
1,0.006476879119873047,1,1,1e-06,0.0
1,0.007124423980712891,1,1,1e-06,0.0
1,0.007137775421142578,1,1,1e-06,0.0
1,0.008922100067138672,1,1,1e-06,0.0
1,0.007236003875732422,1,1,1e-06,0.0
1,0.0075681209564208984,1,1,1e-06,0.0
1,0.006466865539550781,1,1,1e-06,0.0
1,0.00670933723449707,1,1,1e-06,0.0
1,0.008769035339355469,1,1,1e-06,0.0
1,0.008121728897094727,1,1,1e-06,0.0
1,0.00661921501159668,1,1,1e-06,0.0
1,0.006529331207275391,1,1,1e-06,0.0
1,0.016196012496948242,1,1,1e-06,0.0
1,0.0059392452239990234,1,1,1e-06,0.0
1,0.007445335388183594,1,1,1e-06,0.0
1,0.00793313980102539,1,1,1e-06,0.0
1,0.02933192253112793,1,1,1e-06,0.0
1,0.005661725997924805,1,1,1e-06,0.0
1,0.00471043586730957,1,1,1e-06,0.0
1,0.004126787185668945,1,1,1e-06,0.0
1,0.03087306022644043,1,1,1e-06,0.0
1,0.005975008010864258,1,1,1e-06,0.0
1,0.009454488754272461,1,1,1e-06,0.0
1,0.011374711990356445,1,1,1e-06,0.0
1,0.005280017852783203,1,1,1e-06,0.0
1,0.007082462310791016,1,1,1e-06,0.0
1,0.0045452117919921875,1,1,1e-06,0.0
1,0.003217935562133789,1,1,1e-06,0.0
1,0.003045797348022461,1,1,1e-06,0.0
1,0.006504058837890625,1,1,1e-06,0.0
1,0.0058405399322509766,1,1,1e-06,0.0
1,0.002910137176513672,1,1,1e-06,0.0
1,0.02407360076904297,1,1,1e-06,0.0
1,0.010352373123168945,1,1,1e-06,0.0
1,0.0037865638732910156,1,1,1e-06,0.0
1,0.003482341766357422,1,1,1e-06,0.0
1,0.005878448486328125,1,1,1e-06,0.0
1,0.0062944889068603516,1,1,1e-06,0.0
1,0.0038695335388183594,1,1,1e-06,0.0
1,0.008036375045776367,1,1,1e-06,0.0
1,0.0038862228393554688,1,1,1e-06,0.0
1,0.003135204315185547,1,1,1e-06,0.0
1,0.005933284759521484,1,1,1e-06,0.0
1,0.005333662033081055,1,1,1e-06,0.0
1,0.002976655960083008,1,1,1e-06,0.0
1,0.0036220550537109375,1,1,1e-06,0.0
1,0.017071247100830078,1,1,1e-06,0.0
1,0.0038022994995117188,1,1,1e-06,0.0
1,0.0049092769622802734,1,1,1e-06,0.0
1,0.007139921188354492,1,1,1e-06,0.0
1,0.004631996154785156,1,1,1e-06,0.0
1,0.005524635314941406,1,1,1e-06,0.0
1,0.0033197402954101562,1,1,1e-06,0.0
1,0.0032091140747070312,1,1,1e-06,0.0
1,0.0032050609588623047,1,1,1e-06,0.0
1,0.002755403518676758,1,1,1e-06,0.0
1,0.0022020339965820312,1,1,1e-06,0.0
1,0.0031189918518066406,1,1,1e-06,0.0
1,0.002313852310180664,1,1,1e-06,0.0
1,0.0030624866485595703,1,1,1e-06,0.0
1,0.004926443099975586,1,1,1e-06,0.0
1,0.006901741027832031,1,1,1e-06,0.0
1,0.0032525062561035156,1,1,1e-06,0.0
1,0.0032427310943603516,1,1,1e-06,0.0
1,0.0039861202239990234,1,1,1e-06,0.0
1,0.017868995666503906,1,1,1e-06,0.0
1,0.006983757019042969,1,1,1e-06,0.0
1,0.004003763198852539,1,1,1e-06,0.0
1,0.004106044769287109,1,1,1e-06,0.0
1,0.004439830780029297,1,1,1e-06,0.0
1,0.003076791763305664,1,1,1e-06,0.0
1,0.0028352737426757812,1,1,1e-06,0.0
1,0.0037136077880859375,1,1,1e-06,0.0
1,0.0032167434692382812,1,1,1e-06,0.0
1,0.003975391387939453,1,1,1e-06,0.0
1,0.019156455993652344,1,1,1e-06,0.0
1,0.017603635787963867,1,1,1e-06,0.0
1,0.0024280548095703125,1,1,1e-06,0.0
1,0.0028946399688720703,1,1,1e-06,0.0
1,0.003139019012451172,1,1,1e-06,0.0
1,0.0031392574310302734,1,1,1e-06,0.0
1,0.0027990341186523438,1,1,1e-06,0.0
1,0.0040018558502197266,1,1,1e-06,0.0
1,0.0029010772705078125,1,1,1e-06,0.0
1,0.002769947052001953,1,1,1e-06,0.0
1,0.0031745433807373047,1,1,1e-06,0.0
1,0.0034651756286621094,1,1,1e-06,0.0
1,0.00459599494934082,1,1,1e-06,0.0
1,0.002832174301147461,1,1,1e-06,0.0
1,0.0029671192169189453,1,1,1e-06,0.0
1,0.003132343292236328,1,1,1e-06,0.0
1,0.008352041244506836,1,1,1e-06,0.0
1,0.004534482955932617,1,1,1e-06,0.0
1,0.03341364860534668,1,1,1e-06,0.0
1,0.03980612754821777,1,1,1e-06,0.0
1,0.003864765167236328,1,1,1e-06,0.0
1,0.00754857063293457,1,1,1e-06,0.0
1,0.011289834976196289,1,1,1e-06,0.0
1,0.003656148910522461,1,1,1e-06,0.0
1,0.006424427032470703,1,1,1e-06,0.0
1,0.006581783294677734,1,1,1e-06,0.0
1,0.0054836273193359375,1,1,1e-06,0.0
1,0.00494074821472168,1,1,1e-06,0.0
1,0.005120754241943359,1,1,1e-06,0.0
1,0.007823705673217773,1,1,1e-06,0.0
1,0.007448673248291016,1,1,1e-06,0.0
1,0.03110957145690918,1,1,1e-06,0.0
1,0.005553483963012695,1,1,1e-06,0.0
1,0.005221128463745117,1,1,1e-06,0.0
1,0.00621795654296875,1,1,1e-06,0.0
1,0.006487607955932617,1,1,1e-06,0.0
1,0.004786491394042969,1,1,1e-06,0.0
1,0.006179094314575195,1,1,1e-06,0.0
1,0.01071619987487793,1,1,1e-06,0.0
1,0.05733132362365723,1,1,1e-06,0.0
1,0.0542294979095459,1,1,1e-06,0.0
1,0.005227088928222656,1,1,1e-06,0.0
1,0.004931926727294922,1,1,1e-06,0.0
1,0.006121635437011719,1,1,1e-06,0.0
1,0.006810903549194336,1,1,1e-06,0.0
1,0.007266521453857422,1,1,1e-06,0.0
1,0.004606962203979492,1,1,1e-06,0.0
1,0.017306804656982422,1,1,1e-06,0.0
1,0.008885860443115234,1,1,1e-06,0.0
1,0.007893800735473633,1,1,1e-06,0.0
1,0.008325338363647461,1,1,1e-06,0.0
1,0.00640559196472168,1,1,1e-06,0.0
1,0.03168225288391113,1,1,1e-06,0.0
1,0.004087924957275391,1,1,1e-06,0.0
1,0.006731748580932617,1,1,1e-06,0.0
1,0.007358551025390625,1,1,1e-06,0.0
1,0.007524967193603516,1,1,1e-06,0.0
1,0.0026040077209472656,1,1,1e-06,0.0
1,0.0063114166259765625,1,1,1e-06,0.0
1,0.006865978240966797,1,1,1e-06,0.0
1,0.006007671356201172,1,1,1e-06,0.0
1,0.0066378116607666016,1,1,1e-06,0.0
1,0.006832122802734375,1,1,1e-06,0.0
1,0.06335902214050293,1,1,1e-06,0.0
1,0.004874706268310547,1,1,1e-06,0.0
1,0.0076770782470703125,1,1,1e-06,0.0
1,0.01348257064819336,1,1,1e-06,0.0
1,0.005951881408691406,1,1,1e-06,0.0
1,0.004845619201660156,1,1,1e-06,0.0
1,0.04706263542175293,1,1,1e-06,0.0
1,0.00730133056640625,1,1,1e-06,0.0
1,0.007524967193603516,1,1,1e-06,0.0
1,0.007437944412231445,1,1,1e-06,0.0
1,0.15341877937316895,1,1,1e-06,0.0
1,0.03901934623718262,1,1,1e-06,0.0
1,0.016084909439086914,1,1,1e-06,0.0
1,0.004555225372314453,1,1,1e-06,0.0
1,0.050841331481933594,1,1,1e-06,0.0
1,0.007968664169311523,1,1,1e-06,0.0
1,0.00878286361694336,1,1,1e-06,0.0
1,0.23451590538024902,1,1,1e-06,0.0
1,0.004750490188598633,1,1,1e-06,0.0
1,0.014454841613769531,1,1,1e-06,0.0
1,0.009260177612304688,1,1,1e-06,0.0
1,0.009033679962158203,1,1,1e-06,0.0
1,0.007490634918212891,1,1,1e-06,0.0
1,0.008165597915649414,1,1,1e-06,0.0
1,0.024527788162231445,1,1,1e-06,0.0
1,0.00854182243347168,1,1,1e-06,0.0
1,0.007231473922729492,1,1,1e-06,0.0
1,0.0059702396392822266,1,1,1e-06,0.0
1,0.021558284759521484,1,1,1e-06,0.0
1,0.0058252811431884766,1,1,1e-06,0.0
1,0.006688594818115234,1,1,1e-06,0.0
1,0.0055959224700927734,1,1,1e-06,0.0
1,0.03125429153442383,1,1,1e-06,0.0
1,0.007075309753417969,1,1,1e-06,0.0
1,0.008278846740722656,1,1,1e-06,0.0
1,0.0047817230224609375,1,1,1e-06,0.0
1,0.006731986999511719,1,1,1e-06,0.0
1,0.007179975509643555,1,1,1e-06,0.0
1,0.006691694259643555,1,1,1e-06,0.0
1,0.01613593101501465,1,1,1e-06,0.0
1,0.03110194206237793,1,1,1e-06,0.0
1,0.0036733150482177734,1,1,1e-06,0.0
1,0.005266666412353516,1,1,1e-06,0.0
1,0.006414175033569336,1,1,1e-06,0.0
1,0.00730586051940918,1,1,1e-06,0.0
1,0.004338502883911133,1,1,1e-06,0.0
1,0.00754857063293457,1,1,1e-06,0.0
1,0.0059299468994140625,1,1,1e-06,0.0
1,0.006213665008544922,1,1,1e-06,0.0
1,0.00752568244934082,1,1,1e-06,0.0
1,0.004988193511962891,1,1,1e-06,0.0
1,0.006814479827880859,1,1,1e-06,0.0
1,0.010233879089355469,1,1,1e-06,0.0
1,0.008305549621582031,1,1,1e-06,0.0
1,0.006833553314208984,1,1,1e-06,0.0
1,0.007023334503173828,1,1,1e-06,0.0
1,0.008464574813842773,1,1,1e-06,0.0
1,0.006960630416870117,1,1,1e-06,0.0
1,0.006833076477050781,1,1,1e-06,0.0
1,0.007320880889892578,1,1,1e-06,0.0
1,0.010322093963623047,1,1,1e-06,0.0
1,0.009111166000366211,1,1,1e-06,0.0
1,0.007674694061279297,1,1,1e-06,0.0
1,0.007454633712768555,1,1,1e-06,0.0
1,0.16371870040893555,1,1,1e-06,0.0
1,0.1623973846435547,1,1,1e-06,0.0
1,0.0028715133666992188,1,1,1e-06,0.0
1,0.0031518936157226562,1,1,1e-06,0.0
1,0.008057355880737305,1,1,1e-06,0.0
1,0.004004955291748047,1,1,1e-06,0.0
1,0.002541780471801758,1,1,1e-06,0.0
1,0.0037925243377685547,1,1,1e-06,0.0
1,0.002283811569213867,1,1,1e-06,0.0
1,0.002489805221557617,1,1,1e-06,0.0
1,0.003199338912963867,1,1,1e-06,0.0
1,0.00498509407043457,1,1,1e-06,0.0
1,0.00516057014465332,1,1,1e-06,0.0
1,0.03246116638183594,1,1,1e-06,0.0
1,0.003130197525024414,1,1,1e-06,0.0
1,0.023189067840576172,1,1,1e-06,0.0
1,0.04058694839477539,1,1,1e-06,0.0
1,0.014135360717773438,1,1,1e-06,0.0
1,0.0038194656372070312,1,1,1e-06,0.0
1,0.0024733543395996094,1,1,1e-06,0.0
1,0.012961626052856445,1,1,1e-06,0.0
1,0.013115644454956055,1,1,1e-06,0.0
1,0.002733469009399414,1,1,1e-06,0.0
1,0.0024013519287109375,1,1,1e-06,0.0
1,0.004793405532836914,1,1,1e-06,0.0
1,0.002768993377685547,1,1,1e-06,0.0
1,0.0022580623626708984,1,1,1e-06,0.0
1,0.02824854850769043,1,1,1e-06,0.0
1,0.0022606849670410156,1,1,1e-06,0.0
1,0.0022902488708496094,1,1,1e-06,0.0
1,0.002307891845703125,1,1,1e-06,0.0
1,0.00423121452331543,1,1,1e-06,0.0
1,0.0026154518127441406,1,1,1e-06,0.0
1,0.0026335716247558594,1,1,1e-06,0.0
1,0.002167224884033203,1,1,1e-06,0.0
1,0.0019996166229248047,1,1,1e-06,0.0
1,0.0020613670349121094,1,1,1e-06,0.0
1,0.0029196739196777344,1,1,1e-06,0.0
1,0.003492593765258789,1,1,1e-06,0.0
1,0.009046554565429688,1,1,1e-06,0.0
1,0.0021829605102539062,1,1,1e-06,0.0
1,0.0027887821197509766,1,1,1e-06,0.0
1,0.001931905746459961,1,1,1e-06,0.0
1,0.052651166915893555,1,1,1e-06,0.0
1,0.00712275505065918,1,1,1e-06,0.0
1,0.003729104995727539,1,1,1e-06,0.0
1,0.00824737548828125,1,1,1e-06,0.0
1,0.003484964370727539,1,1,1e-06,0.0
1,0.05309653282165527,1,1,1e-06,0.0
1,0.0030701160430908203,1,1,1e-06,0.0
1,0.002887725830078125,1,1,1e-06,0.0
1,0.004261970520019531,1,1,1e-06,0.0
1,0.002602100372314453,1,1,1e-06,0.0
1,0.0025146007537841797,1,1,1e-06,0.0
1,0.0027396678924560547,1,1,1e-06,0.0
1,0.002397775650024414,1,1,1e-06,0.0
1,0.0019600391387939453,1,1,1e-06,0.0
1,0.0023081302642822266,1,1,1e-06,0.0
1,0.0024399757385253906,1,1,1e-06,0.0
1,0.0031731128692626953,1,1,1e-06,0.0
1,0.02483224868774414,1,1,1e-06,0.0
1,0.003437042236328125,1,1,1e-06,0.0
1,0.029775381088256836,1,1,1e-06,0.0
1,0.002600431442260742,1,1,1e-06,0.0
1,0.0026848316192626953,1,1,1e-06,0.0
1,0.002624034881591797,1,1,1e-06,0.0
1,0.002285003662109375,1,1,1e-06,0.0
1,0.0038640499114990234,1,1,1e-06,0.0
1,0.002772808074951172,1,1,1e-06,0.0
1,0.005733489990234375,1,1,1e-06,0.0
1,0.015396595001220703,1,1,1e-06,0.0
1,0.002691984176635742,1,1,1e-06,0.0
1,0.002946615219116211,1,1,1e-06,0.0
1,0.002373933792114258,1,1,1e-06,0.0
1,0.0020744800567626953,1,1,1e-06,0.0
1,0.002476215362548828,1,1,1e-06,0.0
1,0.003949642181396484,1,1,1e-06,0.0
1,0.004565238952636719,1,1,1e-06,0.0
1,0.0017125606536865234,1,1,1e-06,0.0
1,0.002760648727416992,1,1,1e-06,0.0
1,0.002674579620361328,1,1,1e-06,0.0
1,0.003158092498779297,1,1,1e-06,0.0
1,0.0023522377014160156,1,1,1e-06,0.0
1,0.0026884078979492188,1,1,1e-06,0.0
1,0.0021669864654541016,1,1,1e-06,0.0
1,0.0024662017822265625,1,1,1e-06,0.0
1,0.002894878387451172,1,1,1e-06,0.0
1,0.0063855648040771484,1,1,1e-06,0.0
1,0.017587900161743164,1,1,1e-06,0.0
1,0.002335786819458008,1,1,1e-06,0.0
1,0.0023882389068603516,1,1,1e-06,0.0
1,0.003284931182861328,1,1,1e-06,0.0
1,0.002888917922973633,1,1,1e-06,0.0
1,0.0029976367950439453,1,1,1e-06,0.0
1,0.01556086540222168,1,1,1e-06,0.0
1,0.002362489700317383,1,1,1e-06,0.0
1,0.0024580955505371094,1,1,1e-06,0.0
1,0.0026743412017822266,1,1,1e-06,0.0
1,0.004153728485107422,1,1,1e-06,0.0
1,0.014441490173339844,1,1,1e-06,0.0
1,0.0028438568115234375,1,1,1e-06,0.0
1,0.0028815269470214844,1,1,1e-06,0.0
1,0.005391359329223633,1,1,1e-06,0.0
1,0.0026454925537109375,1,1,1e-06,0.0
1,0.0022907257080078125,1,1,1e-06,0.0
1,0.0023207664489746094,1,1,1e-06,0.0
1,0.021494388580322266,1,1,1e-06,0.0
1,0.0035033226013183594,1,1,1e-06,0.0
1,0.002134084701538086,1,1,1e-06,0.0
1,0.002179861068725586,1,1,1e-06,0.0
1,0.0030210018157958984,1,1,1e-06,0.0
1,0.0021321773529052734,1,1,1e-06,0.0
1,0.0022630691528320312,1,1,1e-06,0.0
1,0.0025920867919921875,1,1,1e-06,0.0
1,0.002440214157104492,1,1,1e-06,0.0
1,0.0020241737365722656,1,1,1e-06,0.0
1,0.0017323493957519531,1,1,1e-06,0.0
1,0.0027718544006347656,1,1,1e-06,0.0
1,0.002702951431274414,1,1,1e-06,0.0
1,0.012284040451049805,1,1,1e-06,0.0
1,0.002226591110229492,1,1,1e-06,0.0
1,0.004414558410644531,1,1,1e-06,0.0
1,0.04485750198364258,1,1,1e-06,0.0
1,0.015613794326782227,1,1,1e-06,0.0
1,0.004819393157958984,1,1,1e-06,0.0
1,0.0025534629821777344,1,1,1e-06,0.0
1,0.0027146339416503906,1,1,1e-06,0.0
1,0.002300739288330078,1,1,1e-06,0.0
1,0.005711555480957031,1,1,1e-06,0.0
1,0.002551555633544922,1,1,1e-06,0.0
1,0.012690067291259766,1,1,1e-06,0.0
1,0.002665281295776367,1,1,1e-06,0.0
1,0.002088785171508789,1,1,1e-06,0.0
1,0.002465963363647461,1,1,1e-06,0.0
1,0.003891468048095703,1,1,1e-06,0.0
1,0.004395961761474609,1,1,1e-06,0.0
1,0.0023908615112304688,1,1,1e-06,0.0
1,0.002614736557006836,1,1,1e-06,0.0
1,0.037230491638183594,1,1,1e-06,0.0
1,0.002233266830444336,1,1,1e-06,0.0
1,0.002005338668823242,1,1,1e-06,0.0
1,0.0019669532775878906,1,1,1e-06,0.0
1,0.002252817153930664,1,1,1e-06,0.0
1,0.0019979476928710938,1,1,1e-06,0.0
1,0.002777576446533203,1,1,1e-06,0.0
1,0.0029380321502685547,1,1,1e-06,0.0
1,0.0060176849365234375,1,1,1e-06,0.0
1,0.00231170654296875,1,1,1e-06,0.0
1,0.0016748905181884766,1,1,1e-06,0.0
1,0.001474618911743164,1,1,1e-06,0.0
1,0.014642477035522461,1,1,1e-06,0.0
1,0.0019173622131347656,1,1,1e-06,0.0
1,0.0017120838165283203,1,1,1e-06,0.0
1,0.0016629695892333984,1,1,1e-06,0.0
1,0.002275228500366211,1,1,1e-06,0.0
1,0.0029120445251464844,1,1,1e-06,0.0
1,0.0019409656524658203,1,1,1e-06,0.0
1,0.004255533218383789,1,1,1e-06,0.0
1,0.00648808479309082,1,1,1e-06,0.0
1,0.01520228385925293,1,1,1e-06,0.0
1,0.002307415008544922,1,1,1e-06,0.0
1,0.0035979747772216797,1,1,1e-06,0.0
1,0.0023212432861328125,1,1,1e-06,0.0
1,0.0029375553131103516,1,1,1e-06,0.0
1,0.002527475357055664,1,1,1e-06,0.0
1,0.0027840137481689453,1,1,1e-06,0.0
1,0.00179290771484375,1,1,1e-06,0.0
1,0.0031778812408447266,1,1,1e-06,0.0
1,0.01496744155883789,1,1,1e-06,0.0
1,0.17050957679748535,1,1,1e-06,0.0
1,0.010622262954711914,1,1,1e-06,0.0
1,0.01057887077331543,1,1,1e-06,0.0
1,0.011125802993774414,1,1,1e-06,0.0
1,0.004878044128417969,1,1,1e-06,0.0
1,0.013268470764160156,1,1,1e-06,0.0
1,0.006705522537231445,1,1,1e-06,0.0
1,0.007754802703857422,1,1,1e-06,0.0
1,0.003949880599975586,1,1,1e-06,0.0
1,0.022465944290161133,1,1,1e-06,0.0
1,0.004222393035888672,1,1,1e-06,0.0
1,0.0037505626678466797,1,1,1e-06,0.0
1,0.012208938598632812,1,1,1e-06,0.0
1,0.004411935806274414,1,1,1e-06,0.0
1,0.0035941600799560547,1,1,1e-06,0.0
1,0.02187347412109375,1,1,1e-06,0.0
1,0.0034606456756591797,1,1,1e-06,0.0
1,0.004199504852294922,1,1,1e-06,0.0
1,0.003605365753173828,1,1,1e-06,0.0
1,0.0032987594604492188,1,1,1e-06,0.0
1,0.11550426483154297,1,1,1e-06,0.0
1,0.0034301280975341797,1,1,1e-06,0.0
1,0.010293960571289062,1,1,1e-06,0.0
1,0.013860940933227539,1,1,1e-06,0.0
1,0.004766702651977539,1,1,1e-06,0.0
1,0.006064891815185547,1,1,1e-06,0.0
1,0.03215789794921875,1,1,1e-06,0.0
1,0.012070178985595703,1,1,1e-06,0.0
1,0.002172708511352539,1,1,1e-06,0.0
1,0.0018134117126464844,1,1,1e-06,0.0
1,0.002810239791870117,1,1,1e-06,0.0
1,0.003360271453857422,1,1,1e-06,0.0
1,0.002372264862060547,1,1,1e-06,0.0
1,0.018023252487182617,1,1,1e-06,0.0
1,0.005628824234008789,1,1,1e-06,0.0
1,0.004492521286010742,1,1,1e-06,0.0
1,0.0059473514556884766,1,1,1e-06,0.0
1,0.002898693084716797,1,1,1e-06,0.0
1,0.002249479293823242,1,1,1e-06,0.0
1,0.0029337406158447266,1,1,1e-06,0.0
1,0.0032584667205810547,1,1,1e-06,0.0
1,0.024698972702026367,1,1,1e-06,0.0
1,0.0052340030670166016,1,1,1e-06,0.0
1,0.0032396316528320312,1,1,1e-06,0.0
1,0.003943681716918945,1,1,1e-06,0.0
1,0.003538846969604492,1,1,1e-06,0.0
1,0.010748624801635742,1,1,1e-06,0.0
1,0.003092050552368164,1,1,1e-06,0.0
1,0.00412440299987793,1,1,1e-06,0.0
1,0.0031833648681640625,1,1,1e-06,0.0
1,0.0025734901428222656,1,1,1e-06,0.0
1,0.0037610530853271484,1,1,1e-06,0.0
1,0.004016399383544922,1,1,1e-06,0.0
1,0.041582584381103516,1,1,1e-06,0.0
1,0.07371211051940918,1,1,1e-06,0.0
1,0.002848386764526367,1,1,1e-06,0.0
1,0.0030078887939453125,1,1,1e-06,0.0
1,0.0033736228942871094,1,1,1e-06,0.0
1,0.0028989315032958984,1,1,1e-06,0.0
1,0.002677440643310547,1,1,1e-06,0.0
1,0.0022802352905273438,1,1,1e-06,0.0
1,0.0036230087280273438,1,1,1e-06,0.0
1,0.003304004669189453,1,1,1e-06,0.0
1,0.0042645931243896484,1,1,1e-06,0.0
1,0.019379377365112305,1,1,1e-06,0.0
1,0.005025148391723633,1,1,1e-06,0.0
1,0.00624394416809082,1,1,1e-06,0.0
1,0.0036084651947021484,1,1,1e-06,0.0
1,0.0037784576416015625,1,1,1e-06,0.0
1,0.0026082992553710938,1,1,1e-06,0.0
1,0.022799253463745117,1,1,1e-06,0.0
1,0.0027589797973632812,1,1,1e-06,0.0
1,0.026659250259399414,1,1,1e-06,0.0
1,0.0031728744506835938,1,1,1e-06,0.0
1,0.0031714439392089844,1,1,1e-06,0.0
1,0.0036203861236572266,1,1,1e-06,0.0
1,0.00427699089050293,1,1,1e-06,0.0
1,0.005374908447265625,1,1,1e-06,0.0
1,0.0031528472900390625,1,1,1e-06,0.0
1,0.004072904586791992,1,1,1e-06,0.0
1,0.0031816959381103516,1,1,1e-06,0.0
1,0.0020864009857177734,1,1,1e-06,0.0
1,0.0032186508178710938,1,1,1e-06,0.0
1,0.0048749446868896484,1,1,1e-06,0.0
1,0.004349946975708008,1,1,1e-06,0.0
1,0.029341936111450195,1,1,1e-06,0.0
1,0.0029571056365966797,1,1,1e-06,0.0
1,0.0027582645416259766,1,1,1e-06,0.0
1,0.002407073974609375,1,1,1e-06,0.0
1,0.027292490005493164,1,1,1e-06,0.0
1,0.005429983139038086,1,1,1e-06,0.0
1,0.0024919509887695312,1,1,1e-06,0.0
1,0.010920047760009766,1,1,1e-06,0.0
1,0.03363299369812012,1,1,1e-06,0.0
1,0.0023031234741210938,1,1,1e-06,0.0
1,0.004200458526611328,1,1,1e-06,0.0
1,0.0024535655975341797,1,1,1e-06,0.0
1,0.003719806671142578,1,1,1e-06,0.0
1,0.01676177978515625,1,1,1e-06,0.0
1,0.002604961395263672,1,1,1e-06,0.0
1,0.002308368682861328,1,1,1e-06,0.0
1,0.002654552459716797,1,1,1e-06,0.0
1,0.0027713775634765625,1,1,1e-06,0.0
1,0.0031723976135253906,1,1,1e-06,0.0
1,0.003737211227416992,1,1,1e-06,0.0
0,1.0137550830841064,0,0,,0.0
1,0.006817340850830078,1,1,1e-06,0.0
1,0.0052051544189453125,1,1,1e-06,0.0
1,0.004312276840209961,1,1,1e-06,0.0
1,0.010161638259887695,1,1,1e-06,0.0
1,0.005623817443847656,1,1,1e-06,0.0
1,0.006750583648681641,1,1,1e-06,0.0
1,0.008644580841064453,1,1,1e-06,0.0
1,0.007697105407714844,1,1,1e-06,0.0
1,0.0029189586639404297,1,1,1e-06,0.0
1,0.007628917694091797,1,1,1e-06,0.0
1,0.0032224655151367188,1,1,1e-06,0.0
1,0.005944252014160156,1,1,1e-06,0.0
1,0.011110544204711914,1,1,1e-06,0.0
1,0.007690906524658203,1,1,1e-06,0.0
1,0.0027618408203125,1,1,1e-06,0.0
1,0.0028426647186279297,1,1,1e-06,0.0
1,0.002811431884765625,1,1,1e-06,0.0
1,0.0031518936157226562,1,1,1e-06,0.0
1,0.002974987030029297,1,1,1e-06,0.0
1,0.0035736560821533203,1,1,1e-06,0.0
1,0.014536857604980469,1,1,1e-06,0.0
1,0.007082700729370117,1,1,1e-06,0.0
1,0.0050928592681884766,1,1,1e-06,0.0
1,0.003031015396118164,1,1,1e-06,0.0
1,0.010646343231201172,1,1,1e-06,0.0
1,0.00523686408996582,1,1,1e-06,0.0
1,0.003740072250366211,1,1,1e-06,0.0
1,0.002755880355834961,1,1,1e-06,0.0
1,0.004439830780029297,1,1,1e-06,0.0
1,0.0031156539916992188,1,1,1e-06,0.0
1,0.0034520626068115234,1,1,1e-06,0.0
1,0.0076885223388671875,1,1,1e-06,0.0
1,0.046080827713012695,1,1,1e-06,0.0
1,0.00415802001953125,1,1,1e-06,0.0
1,0.004606723785400391,1,1,1e-06,0.0
1,0.04383707046508789,1,1,1e-06,0.0
1,0.005936145782470703,1,1,1e-06,0.0
1,0.005974531173706055,1,1,1e-06,0.0
1,0.004094362258911133,1,1,1e-06,0.0
1,0.0060389041900634766,1,1,1e-06,0.0
1,0.02441716194152832,1,1,1e-06,0.0
1,0.003786802291870117,1,1,1e-06,0.0
1,0.0050084590911865234,1,1,1e-06,0.0
1,0.005856513977050781,1,1,1e-06,0.0
1,0.0033943653106689453,1,1,1e-06,0.0
1,0.006954193115234375,1,1,1e-06,0.0
1,0.0051686763763427734,1,1,1e-06,0.0
1,0.007230043411254883,1,1,1e-06,0.0
1,0.0037872791290283203,1,1,1e-06,0.0
1,0.011401176452636719,1,1,1e-06,0.0
1,0.006407499313354492,1,1,1e-06,0.0
1,0.004175901412963867,1,1,1e-06,0.0
1,0.004935264587402344,1,1,1e-06,0.0
1,0.0037877559661865234,1,1,1e-06,0.0
1,0.007403373718261719,1,1,1e-06,0.0
1,0.002729177474975586,1,1,1e-06,0.0
1,0.005011558532714844,1,1,1e-06,0.0
1,0.0035257339477539062,1,1,1e-06,0.0
1,0.005398750305175781,1,1,1e-06,0.0
1,0.007110595703125,1,1,1e-06,0.0
1,0.045829057693481445,1,1,1e-06,0.0
1,0.0030748844146728516,1,1,1e-06,0.0
1,0.02000570297241211,1,1,1e-06,0.0
1,0.0034847259521484375,1,1,1e-06,0.0
1,0.01902008056640625,1,1,1e-06,0.0
1,0.005067110061645508,1,1,1e-06,0.0
1,0.005459785461425781,1,1,1e-06,0.0
1,0.0029752254486083984,1,1,1e-06,0.0
1,0.0076944828033447266,1,1,1e-06,0.0
1,0.007043123245239258,1,1,1e-06,0.0
1,0.0037589073181152344,1,1,1e-06,0.0
1,0.00685572624206543,1,1,1e-06,0.0
1,0.0038819313049316406,1,1,1e-06,0.0
1,0.003937244415283203,1,1,1e-06,0.0
1,0.00500941276550293,1,1,1e-06,0.0
1,0.0033795833587646484,1,1,1e-06,0.0
1,0.013957500457763672,1,1,1e-06,0.0
1,0.006662845611572266,1,1,1e-06,0.0
1,0.006234645843505859,1,1,1e-06,0.0
1,0.007810354232788086,1,1,1e-06,0.0
1,0.003533601760864258,1,1,1e-06,0.0
1,0.0032274723052978516,1,1,1e-06,0.0
1,0.0025789737701416016,1,1,1e-06,0.0
1,0.04237771034240723,1,1,1e-06,0.0
1,0.0025780200958251953,1,1,1e-06,0.0
1,0.0032825469970703125,1,1,1e-06,0.0
1,0.025459766387939453,1,1,1e-06,0.0
1,0.03130483627319336,1,1,1e-06,0.0
1,0.0029633045196533203,1,1,1e-06,0.0
1,0.0033855438232421875,1,1,1e-06,0.0
1,0.014292478561401367,1,1,1e-06,0.0
1,0.013097286224365234,1,1,1e-06,0.0
1,0.005795001983642578,1,1,1e-06,0.0
1,0.0058672428131103516,1,1,1e-06,0.0
1,0.023462295532226562,1,1,1e-06,0.0
1,0.002450704574584961,1,1,1e-06,0.0
1,0.003613710403442383,1,1,1e-06,0.0
1,0.026453018188476562,1,1,1e-06,0.0
1,0.06525349617004395,1,1,1e-06,0.0
1,0.004912376403808594,1,1,1e-06,0.0
1,0.006791830062866211,1,1,1e-06,0.0
1,0.007967710494995117,1,1,1e-06,0.0
1,0.016536951065063477,1,1,1e-06,0.0
1,0.03533315658569336,1,1,1e-06,0.0
1,0.006773710250854492,1,1,1e-06,0.0
1,0.004014015197753906,1,1,1e-06,0.0
1,0.012613773345947266,1,1,1e-06,0.0
1,0.0033485889434814453,1,1,1e-06,0.0
1,0.006400108337402344,1,1,1e-06,0.0
1,0.0061452388763427734,1,1,1e-06,0.0
1,0.007731199264526367,1,1,1e-06,0.0
1,0.005105733871459961,1,1,1e-06,0.0
1,0.00457310676574707,1,1,1e-06,0.0
1,0.030465364456176758,1,1,1e-06,0.0
1,0.007003307342529297,1,1,1e-06,0.0
1,0.0071485042572021484,1,1,1e-06,0.0
1,0.0035877227783203125,1,1,1e-06,0.0
1,0.03198862075805664,1,1,1e-06,0.0
1,0.005890846252441406,1,1,1e-06,0.0
1,0.015713214874267578,1,1,1e-06,0.0
1,0.005913257598876953,1,1,1e-06,0.0
1,0.007520198822021484,1,1,1e-06,0.0
1,0.004069328308105469,1,1,1e-06,0.0
1,0.0036025047302246094,1,1,1e-06,0.0
1,0.004705190658569336,1,1,1e-06,0.0
1,0.004975557327270508,1,1,1e-06,0.0
1,0.007890462875366211,1,1,1e-06,0.0
1,0.006756782531738281,1,1,1e-06,0.0
1,0.007747650146484375,1,1,1e-06,0.0
1,0.06424522399902344,1,1,1e-06,0.0
1,0.005125522613525391,1,1,1e-06,0.0
1,0.005907535552978516,1,1,1e-06,0.0
1,0.008397817611694336,1,1,1e-06,0.0
1,0.004830360412597656,1,1,1e-06,0.0
1,0.007877826690673828,1,1,1e-06,0.0
1,0.007886409759521484,1,1,1e-06,0.0
1,0.005443572998046875,1,1,1e-06,0.0
1,0.014170169830322266,1,1,1e-06,0.0
1,0.00592803955078125,1,1,1e-06,0.0
1,0.009715557098388672,1,1,1e-06,0.0
1,0.009860754013061523,1,1,1e-06,0.0
1,0.012879610061645508,1,1,1e-06,0.0
1,0.004051923751831055,1,1,1e-06,0.0
1,0.0038864612579345703,1,1,1e-06,0.0
1,0.003446817398071289,1,1,1e-06,0.0
1,0.003784656524658203,1,1,1e-06,0.0
1,0.004961490631103516,1,1,1e-06,0.0
1,0.012739896774291992,1,1,1e-06,0.0
1,0.007367610931396484,1,1,1e-06,0.0
1,0.009350299835205078,1,1,1e-06,0.0
1,0.010384559631347656,1,1,1e-06,0.0
1,0.007614612579345703,1,1,1e-06,0.0
1,0.036401987075805664,1,1,1e-06,0.0
1,0.007786750793457031,1,1,1e-06,0.0
1,0.10157942771911621,1,1,1e-06,0.0
1,0.005319833755493164,1,1,1e-06,0.0
1,0.01291966438293457,1,1,1e-06,0.0
1,0.007277250289916992,1,1,1e-06,0.0
1,0.06503939628601074,1,1,1e-06,0.0
1,0.002948284149169922,1,1,1e-06,0.0
1,0.0033655166625976562,1,1,1e-06,0.0
1,0.0026314258575439453,1,1,1e-06,0.0
1,0.0029964447021484375,1,1,1e-06,0.0
1,0.002656221389770508,1,1,1e-06,0.0
1,0.00793004035949707,1,1,1e-06,0.0
1,0.014617919921875,1,1,1e-06,0.0
1,0.005219221115112305,1,1,1e-06,0.0
1,0.016281843185424805,1,1,1e-06,0.0
1,0.003557443618774414,1,1,1e-06,0.0
1,0.004059791564941406,1,1,1e-06,0.0
1,0.010866403579711914,1,1,1e-06,0.0
1,0.04773092269897461,1,1,1e-06,0.0
1,0.006123781204223633,1,1,1e-06,0.0
1,0.009917020797729492,1,1,1e-06,0.0
1,0.0036454200744628906,1,1,1e-06,0.0
1,0.0037708282470703125,1,1,1e-06,0.0
1,0.0053844451904296875,1,1,1e-06,0.0
1,0.08445096015930176,1,1,1e-06,0.0
1,0.009800910949707031,1,1,1e-06,0.0
1,0.02276754379272461,1,1,1e-06,0.0
1,0.011254310607910156,1,1,1e-06,0.0
1,0.024447917938232422,1,1,1e-06,0.0
1,0.017052412033081055,1,1,1e-06,0.0
1,0.004515886306762695,1,1,1e-06,0.0
1,0.15002942085266113,1,1,1e-06,0.0
1,0.005068778991699219,1,1,1e-06,0.0
1,0.0036776065826416016,1,1,1e-06,0.0
1,0.009113311767578125,1,1,1e-06,0.0
1,0.0032014846801757812,1,1,1e-06,0.0
1,0.0030956268310546875,1,1,1e-06,0.0
1,0.008328914642333984,1,1,1e-06,0.0
1,0.15656328201293945,1,1,1e-06,0.0
1,0.07259654998779297,1,1,1e-06,0.0
1,0.0035991668701171875,1,1,1e-06,0.0
1,0.004110097885131836,1,1,1e-06,0.0
1,0.0033485889434814453,1,1,1e-06,0.0
1,0.0034372806549072266,1,1,1e-06,0.0
1,0.00632786750793457,1,1,1e-06,0.0
1,0.005046844482421875,1,1,1e-06,0.0
1,0.004155158996582031,1,1,1e-06,0.0
1,0.01226949691772461,1,1,1e-06,0.0
1,0.0038137435913085938,1,1,1e-06,0.0
1,0.003643035888671875,1,1,1e-06,0.0
1,0.0038945674896240234,1,1,1e-06,0.0
1,0.16110444068908691,1,1,1e-06,0.0
1,0.02155780792236328,1,1,1e-06,0.0
1,0.08223724365234375,1,1,1e-06,0.0
1,0.004556417465209961,1,1,1e-06,0.0
1,0.06592416763305664,1,1,1e-06,0.0
1,0.004601240158081055,1,1,1e-06,0.0
1,0.004626750946044922,1,1,1e-06,0.0
1,0.007349252700805664,1,1,1e-06,0.0
1,0.006691455841064453,1,1,1e-06,0.0
1,0.005614757537841797,1,1,1e-06,0.0
1,0.0043032169342041016,1,1,1e-06,0.0
1,0.00394129753112793,1,1,1e-06,0.0
1,0.0721738338470459,1,1,1e-06,0.0
1,0.003309488296508789,1,1,1e-06,0.0
1,0.007344245910644531,1,1,1e-06,0.0
1,0.003839731216430664,1,1,1e-06,0.0
1,0.003650665283203125,1,1,1e-06,0.0
1,0.007615804672241211,1,1,1e-06,0.0
1,0.007930755615234375,1,1,1e-06,0.0
1,0.0038788318634033203,1,1,1e-06,0.0
1,0.0051157474517822266,1,1,1e-06,0.0
1,0.003592252731323242,1,1,1e-06,0.0
1,0.03702068328857422,1,1,1e-06,0.0
1,0.003297090530395508,1,1,1e-06,0.0
1,0.003908634185791016,1,1,1e-06,0.0
1,0.0031290054321289062,1,1,1e-06,0.0
1,0.0035851001739501953,1,1,1e-06,0.0
1,0.003831148147583008,1,1,1e-06,0.0
1,0.00902867317199707,1,1,1e-06,0.0
1,0.0030629634857177734,1,1,1e-06,0.0
1,0.003668546676635742,1,1,1e-06,0.0
1,0.005331277847290039,1,1,1e-06,0.0
1,0.004168033599853516,1,1,1e-06,0.0
1,0.003267049789428711,1,1,1e-06,0.0
1,0.003731250762939453,1,1,1e-06,0.0
1,0.06628656387329102,1,1,1e-06,0.0
1,0.003298521041870117,1,1,1e-06,0.0
1,0.003270387649536133,1,1,1e-06,0.0
1,0.0025060176849365234,1,1,1e-06,0.0
1,0.0034461021423339844,1,1,1e-06,0.0
1,0.002827882766723633,1,1,1e-06,0.0
1,0.0028493404388427734,1,1,1e-06,0.0
1,0.020572185516357422,1,1,1e-06,0.0
1,0.0048809051513671875,1,1,1e-06,0.0
1,0.00419163703918457,1,1,1e-06,0.0
1,0.0029900074005126953,1,1,1e-06,0.0
1,0.028252601623535156,1,1,1e-06,0.0
1,0.0034308433532714844,1,1,1e-06,0.0
1,0.021538972854614258,1,1,1e-06,0.0
1,0.005559206008911133,1,1,1e-06,0.0
1,0.004873037338256836,1,1,1e-06,0.0
1,0.07863998413085938,1,1,1e-06,0.0
1,0.0033707618713378906,1,1,1e-06,0.0
1,0.006494998931884766,1,1,1e-06,0.0
1,0.07643747329711914,1,1,1e-06,0.0
1,0.0028188228607177734,1,1,1e-06,0.0
1,0.002648591995239258,1,1,1e-06,0.0
1,0.0040204524993896484,1,1,1e-06,0.0
1,0.006386518478393555,1,1,1e-06,0.0
1,0.008994579315185547,1,1,1e-06,0.0
1,0.009000778198242188,1,1,1e-06,0.0
1,0.0045013427734375,1,1,1e-06,0.0
1,0.014403581619262695,1,1,1e-06,0.0
1,0.004605770111083984,1,1,1e-06,0.0
1,0.006743431091308594,1,1,1e-06,0.0
1,0.004503965377807617,1,1,1e-06,0.0
1,0.032080650329589844,1,1,1e-06,0.0
1,0.0078089237213134766,1,1,1e-06,0.0
1,0.018026351928710938,1,1,1e-06,0.0
1,0.003410816192626953,1,1,1e-06,0.0
1,0.00882577896118164,1,1,1e-06,0.0
1,0.003400564193725586,1,1,1e-06,0.0
1,0.007058620452880859,1,1,1e-06,0.0
1,0.0046765804290771484,1,1,1e-06,0.0
1,0.03205728530883789,1,1,1e-06,0.0
0,1.003481149673462,0,0,,0.0
1,0.007827997207641602,1,1,1e-06,0.0
1,0.004411935806274414,1,1,1e-06,0.0
1,0.11425542831420898,1,1,1e-06,0.0
1,0.004321575164794922,1,1,1e-06,0.0
1,0.0027217864990234375,1,1,1e-06,0.0
1,0.002666950225830078,1,1,1e-06,0.0
1,0.0033986568450927734,1,1,1e-06,0.0
1,0.05994892120361328,1,1,1e-06,0.0
1,0.002439737319946289,1,1,1e-06,0.0
1,0.00637054443359375,1,1,1e-06,0.0
1,0.0029981136322021484,1,1,1e-06,0.0
1,0.0019240379333496094,1,1,1e-06,0.0
1,0.0024890899658203125,1,1,1e-06,0.0
1,0.0019540786743164062,1,1,1e-06,0.0
1,0.004062652587890625,1,1,1e-06,0.0
1,0.0028839111328125,1,1,1e-06,0.0
1,0.004197835922241211,1,1,1e-06,0.0
1,0.0023849010467529297,1,1,1e-06,0.0
1,0.01462554931640625,1,1,1e-06,0.0
1,0.0119476318359375,1,1,1e-06,0.0
1,0.0024955272674560547,1,1,1e-06,0.0
1,0.002125263214111328,1,1,1e-06,0.0
1,0.0030579566955566406,1,1,1e-06,0.0
1,0.002871274948120117,1,1,1e-06,0.0
1,0.0036056041717529297,1,1,1e-06,0.0
1,0.0024535655975341797,1,1,1e-06,0.0
1,0.006658792495727539,1,1,1e-06,0.0
1,0.002823352813720703,1,1,1e-06,0.0
1,0.03421163558959961,1,1,1e-06,0.0
1,0.0031774044036865234,1,1,1e-06,0.0
1,0.04546689987182617,1,1,1e-06,0.0
1,0.0022706985473632812,1,1,1e-06,0.0
1,0.008155345916748047,1,1,1e-06,0.0
1,0.0022497177124023438,1,1,1e-06,0.0
1,0.003743410110473633,1,1,1e-06,0.0
1,0.0027315616607666016,1,1,1e-06,0.0
1,0.0027534961700439453,1,1,1e-06,0.0
1,0.002190113067626953,1,1,1e-06,0.0
1,0.002003908157348633,1,1,1e-06,0.0
1,0.002191781997680664,1,1,1e-06,0.0
1,0.022418498992919922,1,1,1e-06,0.0
1,0.0045473575592041016,1,1,1e-06,0.0
1,0.0035173892974853516,1,1,1e-06,0.0
1,0.002285480499267578,1,1,1e-06,0.0
1,0.012215137481689453,1,1,1e-06,0.0
1,0.0023267269134521484,1,1,1e-06,0.0
1,0.001867532730102539,1,1,1e-06,0.0
1,0.006548643112182617,1,1,1e-06,0.0
1,0.004332065582275391,1,1,1e-06,0.0
1,0.003397703170776367,1,1,1e-06,0.0
1,0.002932310104370117,1,1,1e-06,0.0
1,0.002461671829223633,1,1,1e-06,0.0
1,0.0025599002838134766,1,1,1e-06,0.0
1,0.0027608871459960938,1,1,1e-06,0.0
1,0.003794431686401367,1,1,1e-06,0.0
1,0.004111289978027344,1,1,1e-06,0.0
1,0.003092527389526367,1,1,1e-06,0.0
1,0.004303693771362305,1,1,1e-06,0.0
1,0.00400090217590332,1,1,1e-06,0.0
1,0.003746509552001953,1,1,1e-06,0.0
1,0.011014461517333984,1,1,1e-06,0.0
1,0.005407810211181641,1,1,1e-06,0.0
1,0.02937459945678711,1,1,1e-06,0.0
1,0.005695343017578125,1,1,1e-06,0.0
1,0.007113456726074219,1,1,1e-06,0.0
1,0.011983156204223633,1,1,1e-06,0.0
1,0.005072116851806641,1,1,1e-06,0.0
1,0.006430625915527344,1,1,1e-06,0.0
1,0.07618069648742676,1,1,1e-06,0.0
1,0.011155128479003906,1,1,1e-06,0.0
1,0.007220268249511719,1,1,1e-06,0.0
1,0.0026900768280029297,1,1,1e-06,0.0
1,0.005259990692138672,1,1,1e-06,0.0
1,0.009427070617675781,1,1,1e-06,0.0
1,0.7539656162261963,1,1,1e-06,0.0
1,0.054946184158325195,1,1,1e-06,0.0
1,0.027008533477783203,1,1,1e-06,0.0
1,0.0037398338317871094,1,1,1e-06,0.0
1,0.004633426666259766,1,1,1e-06,0.0
1,0.013678312301635742,1,1,1e-06,0.0
1,0.002887725830078125,1,1,1e-06,0.0
1,0.0030355453491210938,1,1,1e-06,0.0
1,0.0041980743408203125,1,1,1e-06,0.0
1,0.0029501914978027344,1,1,1e-06,0.0
1,0.0023355484008789062,1,1,1e-06,0.0
1,0.0026335716247558594,1,1,1e-06,0.0
1,0.006556987762451172,1,1,1e-06,0.0
1,0.003062725067138672,1,1,1e-06,0.0
1,0.0029878616333007812,1,1,1e-06,0.0
1,0.0033986568450927734,1,1,1e-06,0.0
1,0.0024330615997314453,1,1,1e-06,0.0
1,0.00318145751953125,1,1,1e-06,0.0
1,0.017771482467651367,1,1,1e-06,0.0
1,0.0025513172149658203,1,1,1e-06,0.0
1,0.0026786327362060547,1,1,1e-06,0.0
1,0.002087831497192383,1,1,1e-06,0.0
1,0.014727115631103516,1,1,1e-06,0.0
1,0.004601716995239258,1,1,1e-06,0.0
1,1.2100152969360352,1,1,1e-06,0.0
1,0.00950312614440918,1,1,1e-06,0.0
1,0.0029981136322021484,1,1,1e-06,0.0
1,0.005417585372924805,1,1,1e-06,0.0
1,0.0029535293579101562,1,1,1e-06,0.0
1,0.002139568328857422,1,1,1e-06,0.0
1,0.0024068355560302734,1,1,1e-06,0.0
1,0.003418445587158203,1,1,1e-06,0.0
1,0.0029783248901367188,1,1,1e-06,0.0
1,0.004777431488037109,1,1,1e-06,0.0
1,0.003291606903076172,1,1,1e-06,0.0
1,0.003607034683227539,1,1,1e-06,0.0
1,0.0029296875,1,1,1e-06,0.0
1,0.0042476654052734375,1,1,1e-06,0.0
1,0.004031181335449219,1,1,1e-06,0.0
1,0.004743814468383789,1,1,1e-06,0.0
1,0.0048007965087890625,1,1,1e-06,0.0
1,0.005232095718383789,1,1,1e-06,0.0
1,0.009793519973754883,1,1,1e-06,0.0
1,0.00434422492980957,1,1,1e-06,0.0
1,0.003570079803466797,1,1,1e-06,0.0
1,0.004420280456542969,1,1,1e-06,0.0
1,0.0034246444702148438,1,1,1e-06,0.0
1,0.004193782806396484,1,1,1e-06,0.0
1,0.023844003677368164,1,1,1e-06,0.0
1,0.002727985382080078,1,1,1e-06,0.0
1,0.004117488861083984,1,1,1e-06,0.0
1,0.015939950942993164,1,1,1e-06,0.0
1,0.014293193817138672,1,1,1e-06,0.0
1,0.002053976058959961,1,1,1e-06,0.0
1,0.005196094512939453,1,1,1e-06,0.0
1,0.0028803348541259766,1,1,1e-06,0.0
1,0.0026502609252929688,1,1,1e-06,0.0
1,0.002977132797241211,1,1,1e-06,0.0
1,0.002232074737548828,1,1,1e-06,0.0
1,0.0027081966400146484,1,1,1e-06,0.0
1,0.004693031311035156,1,1,1e-06,0.0
1,0.0023822784423828125,1,1,1e-06,0.0
1,0.006547689437866211,1,1,1e-06,0.0
1,0.03821706771850586,1,1,1e-06,0.0
1,0.0035283565521240234,1,1,1e-06,0.0
1,0.00568699836730957,1,1,1e-06,0.0
1,0.0031256675720214844,1,1,1e-06,0.0
1,0.003202199935913086,1,1,1e-06,0.0
1,0.013776540756225586,1,1,1e-06,0.0
1,0.0025835037231445312,1,1,1e-06,0.0
1,0.003868579864501953,1,1,1e-06,0.0
1,0.003383159637451172,1,1,1e-06,0.0
1,0.0036661624908447266,1,1,1e-06,0.0
1,0.004103422164916992,1,1,1e-06,0.0
1,0.014061689376831055,1,1,1e-06,0.0
1,0.007891654968261719,1,1,1e-06,0.0
1,0.009667158126831055,1,1,1e-06,0.0
1,0.005964040756225586,1,1,1e-06,0.0
1,0.014600276947021484,1,1,1e-06,0.0
1,0.005152463912963867,1,1,1e-06,0.0
1,0.003637552261352539,1,1,1e-06,0.0
1,0.0036704540252685547,1,1,1e-06,0.0
1,0.0042879581451416016,1,1,1e-06,0.0
1,0.003239154815673828,1,1,1e-06,0.0
1,0.005198955535888672,1,1,1e-06,0.0
1,0.003671407699584961,1,1,1e-06,0.0
1,0.0025491714477539062,1,1,1e-06,0.0
1,0.0030303001403808594,1,1,1e-06,0.0
1,0.002015829086303711,1,1,1e-06,0.0
1,0.037242889404296875,1,1,1e-06,0.0
1,0.0020530223846435547,1,1,1e-06,0.0
1,0.0020999908447265625,1,1,1e-06,0.0
1,0.0019266605377197266,1,1,1e-06,0.0
1,0.0035767555236816406,1,1,1e-06,0.0
1,0.003049135208129883,1,1,1e-06,0.0
1,0.002763032913208008,1,1,1e-06,0.0
1,0.0022690296173095703,1,1,1e-06,0.0
1,0.03547835350036621,1,1,1e-06,0.0
1,0.09037971496582031,1,1,1e-06,0.0
1,0.0029344558715820312,1,1,1e-06,0.0
1,0.0033271312713623047,1,1,1e-06,0.0
1,0.002691984176635742,1,1,1e-06,0.0
1,0.010492086410522461,1,1,1e-06,0.0
1,0.002610921859741211,1,1,1e-06,0.0
1,0.0027158260345458984,1,1,1e-06,0.0
1,0.0027112960815429688,1,1,1e-06,0.0
1,0.0028526782989501953,1,1,1e-06,0.0
1,0.003323078155517578,1,1,1e-06,0.0
1,0.002321958541870117,1,1,1e-06,0.0
1,0.0019183158874511719,1,1,1e-06,0.0
1,0.002616405487060547,1,1,1e-06,0.0
1,0.02456068992614746,1,1,1e-06,0.0
1,0.0023000240325927734,1,1,1e-06,0.0
1,0.004316568374633789,1,1,1e-06,0.0
1,0.0025572776794433594,1,1,1e-06,0.0
1,0.0021398067474365234,1,1,1e-06,0.0
1,0.0021033287048339844,1,1,1e-06,0.0
1,0.002304553985595703,1,1,1e-06,0.0
1,0.0024368762969970703,1,1,1e-06,0.0
1,0.002225637435913086,1,1,1e-06,0.0
1,0.002531766891479492,1,1,1e-06,0.0
1,0.002668142318725586,1,1,1e-06,0.0
1,0.014499664306640625,1,1,1e-06,0.0
1,0.0024721622467041016,1,1,1e-06,0.0
1,0.0021517276763916016,1,1,1e-06,0.0
1,0.002290964126586914,1,1,1e-06,0.0
1,0.025398731231689453,1,1,1e-06,0.0
1,0.002247333526611328,1,1,1e-06,0.0
1,0.0019207000732421875,1,1,1e-06,0.0
1,0.0022041797637939453,1,1,1e-06,0.0
1,0.3679041862487793,1,1,1e-06,0.0
1,0.003197908401489258,1,1,1e-06,0.0
1,0.005239725112915039,1,1,1e-06,0.0
1,0.0041179656982421875,1,1,1e-06,0.0
1,0.005522966384887695,1,1,1e-06,0.0
1,0.004960536956787109,1,1,1e-06,0.0
1,0.011921405792236328,1,1,1e-06,0.0
1,0.002307415008544922,1,1,1e-06,0.0
1,0.0031304359436035156,1,1,1e-06,0.0
1,0.0045506954193115234,1,1,1e-06,0.0
1,0.0032312870025634766,1,1,1e-06,0.0
1,0.01205587387084961,1,1,1e-06,0.0
1,0.06131792068481445,1,1,1e-06,0.0
1,0.004356861114501953,1,1,1e-06,0.0
1,0.006768941879272461,1,1,1e-06,0.0
1,0.0523676872253418,1,1,1e-06,0.0
1,0.0037746429443359375,1,1,1e-06,0.0
1,0.007688283920288086,1,1,1e-06,0.0
1,0.0032472610473632812,1,1,1e-06,0.0
1,0.008039236068725586,1,1,1e-06,0.0
1,0.0045320987701416016,1,1,1e-06,0.0
1,0.016150474548339844,1,1,1e-06,0.0
1,0.004434347152709961,1,1,1e-06,0.0
1,0.004178285598754883,1,1,1e-06,0.0
1,0.007091999053955078,1,1,1e-06,0.0
1,0.004304409027099609,1,1,1e-06,0.0
1,0.005944490432739258,1,1,1e-06,0.0
1,0.002715587615966797,1,1,1e-06,0.0
1,0.003969669342041016,1,1,1e-06,0.0
1,0.003193378448486328,1,1,1e-06,0.0
1,0.007691621780395508,1,1,1e-06,0.0
1,0.0071675777435302734,1,1,1e-06,0.0
1,0.002475261688232422,1,1,1e-06,0.0
1,0.007628202438354492,1,1,1e-06,0.0
1,0.00640106201171875,1,1,1e-06,0.0
1,0.004297971725463867,1,1,1e-06,0.0
1,0.0034341812133789062,1,1,1e-06,0.0
1,0.0037364959716796875,1,1,1e-06,0.0
1,0.006289958953857422,1,1,1e-06,0.0
1,0.0027265548706054688,1,1,1e-06,0.0
1,0.0026955604553222656,1,1,1e-06,0.0
1,0.002750873565673828,1,1,1e-06,0.0
1,0.003245830535888672,1,1,1e-06,0.0
1,0.002631664276123047,1,1,1e-06,0.0
1,0.006916999816894531,1,1,1e-06,0.0
1,0.0032694339752197266,1,1,1e-06,0.0
1,0.021872282028198242,1,1,1e-06,0.0
1,0.0036716461181640625,1,1,1e-06,0.0
1,0.005279064178466797,1,1,1e-06,0.0
1,0.0050640106201171875,1,1,1e-06,0.0
1,0.003148317337036133,1,1,1e-06,0.0
1,0.00275421142578125,1,1,1e-06,0.0
1,0.002115011215209961,1,1,1e-06,0.0
1,0.0026285648345947266,1,1,1e-06,0.0
1,0.002215862274169922,1,1,1e-06,0.0
1,0.0032901763916015625,1,1,1e-06,0.0
1,0.005438566207885742,1,1,1e-06,0.0
1,0.005026340484619141,1,1,1e-06,0.0
1,0.0035943984985351562,1,1,1e-06,0.0
1,0.007573366165161133,1,1,1e-06,0.0
1,0.0040912628173828125,1,1,1e-06,0.0
1,0.0027327537536621094,1,1,1e-06,0.0
1,0.0034139156341552734,1,1,1e-06,0.0
1,0.04608941078186035,1,1,1e-06,0.0
1,0.0031702518463134766,1,1,1e-06,0.0
1,0.014167547225952148,1,1,1e-06,0.0
1,0.003786802291870117,1,1,1e-06,0.0
1,0.004372596740722656,1,1,1e-06,0.0
1,0.005457162857055664,1,1,1e-06,0.0
1,0.006348133087158203,1,1,1e-06,0.0
1,0.00863790512084961,1,1,1e-06,0.0
1,0.004192829132080078,1,1,1e-06,0.0
1,0.0271456241607666,1,1,1e-06,0.0
1,0.023429393768310547,1,1,1e-06,0.0
1,0.002789020538330078,1,1,1e-06,0.0
1,0.0025675296783447266,1,1,1e-06,0.0
1,0.024384260177612305,1,1,1e-06,0.0
1,0.0028333663940429688,1,1,1e-06,0.0
1,0.0031664371490478516,1,1,1e-06,0.0
1,0.0023026466369628906,1,1,1e-06,0.0
1,0.002788543701171875,1,1,1e-06,0.0
1,0.0021238327026367188,1,1,1e-06,0.0
1,0.003282308578491211,1,1,1e-06,0.0
1,0.002546548843383789,1,1,1e-06,0.0
1,0.047373294830322266,1,1,1e-06,0.0
1,0.00411534309387207,1,1,1e-06,0.0
1,0.0057277679443359375,1,1,1e-06,0.0
1,0.02733469009399414,1,1,1e-06,0.0
1,0.004658937454223633,1,1,1e-06,0.0
1,0.0039212703704833984,1,1,1e-06,0.0
1,0.0031883716583251953,1,1,1e-06,0.0
1,0.0024766921997070312,1,1,1e-06,0.0
1,0.0016613006591796875,1,1,1e-06,0.0
1,0.0033228397369384766,1,1,1e-06,0.0
1,0.004895210266113281,1,1,1e-06,0.0
1,0.004364490509033203,1,1,1e-06,0.0
1,0.0029191970825195312,1,1,1e-06,0.0
1,0.005956172943115234,1,1,1e-06,0.0
1,0.004465579986572266,1,1,1e-06,0.0
1,0.006089448928833008,1,1,1e-06,0.0
1,0.011984586715698242,1,1,1e-06,0.0
1,0.15439295768737793,1,1,1e-06,0.0
1,0.0039026737213134766,1,1,1e-06,0.0
1,0.004781246185302734,1,1,1e-06,0.0
1,0.011896848678588867,1,1,1e-06,0.0
1,0.6403102874755859,1,1,1e-06,0.0
1,0.0026102066040039062,1,1,1e-06,0.0
1,0.02554035186767578,1,1,1e-06,0.0
1,0.015771865844726562,1,1,1e-06,0.0
1,0.003674745559692383,1,1,1e-06,0.0
1,0.008240461349487305,1,1,1e-06,0.0
1,0.002739429473876953,1,1,1e-06,0.0
1,0.003123044967651367,1,1,1e-06,0.0
1,0.004294633865356445,1,1,1e-06,0.0
1,0.006989240646362305,1,1,1e-06,0.0
1,0.002794504165649414,1,1,1e-06,0.0
1,0.0065343379974365234,1,1,1e-06,0.0
1,0.0032587051391601562,1,1,1e-06,0.0
1,0.002774477005004883,1,1,1e-06,0.0
1,0.056105852127075195,1,1,1e-06,0.0
1,0.0031185150146484375,1,1,1e-06,0.0
1,0.003047943115234375,1,1,1e-06,0.0
1,0.003145933151245117,1,1,1e-06,0.0
1,0.003282308578491211,1,1,1e-06,0.0
1,0.002652406692504883,1,1,1e-06,0.0
1,0.019004344940185547,1,1,1e-06,0.0
1,0.0028319358825683594,1,1,1e-06,0.0
1,0.002742767333984375,1,1,1e-06,0.0
1,0.0035257339477539062,1,1,1e-06,0.0
1,0.003491640090942383,1,1,1e-06,0.0
1,0.003134489059448242,1,1,1e-06,0.0
1,0.002646207809448242,1,1,1e-06,0.0
1,0.09582901000976562,1,1,1e-06,0.0
1,0.016179323196411133,1,1,1e-06,0.0
1,0.002431154251098633,1,1,1e-06,0.0
1,0.0024077892303466797,1,1,1e-06,0.0
1,0.0020914077758789062,1,1,1e-06,0.0
1,0.002403736114501953,1,1,1e-06,0.0
1,0.002328157424926758,1,1,1e-06,0.0
1,0.0033178329467773438,1,1,1e-06,0.0
1,0.0029528141021728516,1,1,1e-06,0.0
1,0.0023343563079833984,1,1,1e-06,0.0
1,0.0020029544830322266,1,1,1e-06,0.0
1,0.002140522003173828,1,1,1e-06,0.0
1,0.0025377273559570312,1,1,1e-06,0.0
1,0.002573728561401367,1,1,1e-06,0.0
1,0.0021276473999023438,1,1,1e-06,0.0
1,0.003092050552368164,1,1,1e-06,0.0
1,0.002974987030029297,1,1,1e-06,0.0
1,0.006071329116821289,1,1,1e-06,0.0
1,0.0024080276489257812,1,1,1e-06,0.0
1,0.0035178661346435547,1,1,1e-06,0.0
1,0.002620697021484375,1,1,1e-06,0.0
1,0.0031299591064453125,1,1,1e-06,0.0
1,0.0023436546325683594,1,1,1e-06,0.0
1,0.0030202865600585938,1,1,1e-06,0.0
1,0.0023965835571289062,1,1,1e-06,0.0
1,0.002549409866333008,1,1,1e-06,0.0
1,0.0025179386138916016,1,1,1e-06,0.0
1,0.0021491050720214844,1,1,1e-06,0.0
1,0.0028553009033203125,1,1,1e-06,0.0
1,0.0034911632537841797,1,1,1e-06,0.0
1,0.0029616355895996094,1,1,1e-06,0.0
1,0.003667116165161133,1,1,1e-06,0.0
1,0.013017892837524414,1,1,1e-06,0.0
1,0.0024344921112060547,1,1,1e-06,0.0
1,0.0018041133880615234,1,1,1e-06,0.0
1,0.005163908004760742,1,1,1e-06,0.0
1,0.0030832290649414062,1,1,1e-06,0.0
1,0.0033195018768310547,1,1,1e-06,0.0
1,0.0036058425903320312,1,1,1e-06,0.0
1,0.008215665817260742,1,1,1e-06,0.0
1,0.0031919479370117188,1,1,1e-06,0.0
1,0.002554655075073242,1,1,1e-06,0.0
1,0.002382516860961914,1,1,1e-06,0.0
1,0.0020189285278320312,1,1,1e-06,0.0
1,0.0028734207153320312,1,1,1e-06,0.0
1,0.012083053588867188,1,1,1e-06,0.0
1,0.0022377967834472656,1,1,1e-06,0.0
1,0.0025434494018554688,1,1,1e-06,0.0
1,0.0035736560821533203,1,1,1e-06,0.0
1,0.0024662017822265625,1,1,1e-06,0.0
1,0.005288600921630859,1,1,1e-06,0.0
1,0.003623485565185547,1,1,1e-06,0.0
1,0.004969120025634766,1,1,1e-06,0.0
1,0.03656625747680664,1,1,1e-06,0.0
1,0.0024030208587646484,1,1,1e-06,0.0
1,0.0020012855529785156,1,1,1e-06,0.0
1,0.002042055130004883,1,1,1e-06,0.0
1,0.020108699798583984,1,1,1e-06,0.0
1,0.001962900161743164,1,1,1e-06,0.0
1,0.002507925033569336,1,1,1e-06,0.0
1,0.003655672073364258,1,1,1e-06,0.0
1,0.002509593963623047,1,1,1e-06,0.0
1,0.0021820068359375,1,1,1e-06,0.0
1,0.006079435348510742,1,1,1e-06,0.0
1,0.002557039260864258,1,1,1e-06,0.0
1,0.011054039001464844,1,1,1e-06,0.0
1,0.0054242610931396484,1,1,1e-06,0.0
1,0.003611326217651367,1,1,1e-06,0.0
1,0.009343385696411133,1,1,1e-06,0.0
1,0.0030155181884765625,1,1,1e-06,0.0
1,0.0031266212463378906,1,1,1e-06,0.0
1,0.020476341247558594,1,1,1e-06,0.0
1,0.0033376216888427734,1,1,1e-06,0.0
1,0.0031239986419677734,1,1,1e-06,0.0
1,0.0030317306518554688,1,1,1e-06,0.0
1,0.01931166648864746,1,1,1e-06,0.0
1,0.011877298355102539,1,1,1e-06,0.0
1,0.002887725830078125,1,1,1e-06,0.0
1,0.003094911575317383,1,1,1e-06,0.0
1,0.006561756134033203,1,1,1e-06,0.0
1,0.005090951919555664,1,1,1e-06,0.0
1,0.003114938735961914,1,1,1e-06,0.0
1,0.002839326858520508,1,1,1e-06,0.0
1,0.003509521484375,1,1,1e-06,0.0
1,0.0024940967559814453,1,1,1e-06,0.0
1,0.011398792266845703,1,1,1e-06,0.0
1,0.009459257125854492,1,1,1e-06,0.0
1,0.003295421600341797,1,1,1e-06,0.0
1,0.004637718200683594,1,1,1e-06,0.0
1,0.002908945083618164,1,1,1e-06,0.0
1,0.003019094467163086,1,1,1e-06,0.0
1,0.006215095520019531,1,1,1e-06,0.0
1,0.005010128021240234,1,1,1e-06,0.0
1,0.0024039745330810547,1,1,1e-06,0.0
1,0.002505064010620117,1,1,1e-06,0.0
1,0.003100872039794922,1,1,1e-06,0.0
1,0.003278970718383789,1,1,1e-06,0.0
1,0.0023593902587890625,1,1,1e-06,0.0
1,0.0020525455474853516,1,1,1e-06,0.0
1,0.0018913745880126953,1,1,1e-06,0.0
1,0.00933980941772461,1,1,1e-06,0.0
1,0.004225254058837891,1,1,1e-06,0.0
1,0.0029935836791992188,1,1,1e-06,0.0
1,0.002172231674194336,1,1,1e-06,0.0
1,0.0018227100372314453,1,1,1e-06,0.0
1,0.0018918514251708984,1,1,1e-06,0.0
1,0.049868106842041016,1,1,1e-06,0.0
1,0.0029249191284179688,1,1,1e-06,0.0
1,0.026687145233154297,1,1,1e-06,0.0
1,0.002673625946044922,1,1,1e-06,0.0
1,0.0019965171813964844,1,1,1e-06,0.0
1,0.0020513534545898438,1,1,1e-06,0.0
1,0.037970542907714844,1,1,1e-06,0.0
1,0.004218339920043945,1,1,1e-06,0.0
1,0.002004861831665039,1,1,1e-06,0.0
1,0.016045331954956055,1,1,1e-06,0.0
1,0.0021514892578125,1,1,1e-06,0.0
1,0.0021889209747314453,1,1,1e-06,0.0
1,0.002173185348510742,1,1,1e-06,0.0
1,0.01299738883972168,1,1,1e-06,0.0
1,0.0022084712982177734,1,1,1e-06,0.0
1,0.002137899398803711,1,1,1e-06,0.0
1,0.0026810169219970703,1,1,1e-06,0.0
1,0.00197601318359375,1,1,1e-06,0.0
1,0.0018918514251708984,1,1,1e-06,0.0
1,0.002361297607421875,1,1,1e-06,0.0
1,0.004059553146362305,1,1,1e-06,0.0
1,0.0023822784423828125,1,1,1e-06,0.0
1,0.0019330978393554688,1,1,1e-06,0.0
1,0.0019526481628417969,1,1,1e-06,0.0
1,0.001692056655883789,1,1,1e-06,0.0
1,0.002277851104736328,1,1,1e-06,0.0
1,0.0021038055419921875,1,1,1e-06,0.0
1,0.01384878158569336,1,1,1e-06,0.0
1,0.023402690887451172,1,1,1e-06,0.0
1,0.002057790756225586,1,1,1e-06,0.0
1,0.002422332763671875,1,1,1e-06,0.0
1,0.0042765140533447266,1,1,1e-06,0.0
1,0.002029895782470703,1,1,1e-06,0.0
1,0.01573491096496582,1,1,1e-06,0.0
1,0.0031342506408691406,1,1,1e-06,0.0
1,0.06749153137207031,1,1,1e-06,0.0
1,0.0030601024627685547,1,1,1e-06,0.0
1,0.020300626754760742,1,1,1e-06,0.0
1,0.005391597747802734,1,1,1e-06,0.0
1,0.0022258758544921875,1,1,1e-06,0.0
1,0.003347635269165039,1,1,1e-06,0.0
1,0.0022749900817871094,1,1,1e-06,0.0
1,0.005201101303100586,1,1,1e-06,0.0
1,0.002154827117919922,1,1,1e-06,0.0
1,0.002102375030517578,1,1,1e-06,0.0
1,0.001589059829711914,1,1,1e-06,0.0
1,0.0027701854705810547,1,1,1e-06,0.0
1,0.0018978118896484375,1,1,1e-06,0.0
1,0.0015861988067626953,1,1,1e-06,0.0
1,0.005816221237182617,1,1,1e-06,0.0
1,0.004794597625732422,1,1,1e-06,0.0
1,0.0019435882568359375,1,1,1e-06,0.0
1,0.0017554759979248047,1,1,1e-06,0.0
1,0.013141393661499023,1,1,1e-06,0.0
1,0.002737760543823242,1,1,1e-06,0.0
1,0.0020189285278320312,1,1,1e-06,0.0
1,0.002396106719970703,1,1,1e-06,0.0
1,0.002667665481567383,1,1,1e-06,0.0
1,0.0018625259399414062,1,1,1e-06,0.0
1,0.001909494400024414,1,1,1e-06,0.0
1,0.0022890567779541016,1,1,1e-06,0.0
1,0.001773834228515625,1,1,1e-06,0.0
1,0.0022611618041992188,1,1,1e-06,0.0
1,0.0018770694732666016,1,1,1e-06,0.0
1,0.01325368881225586,1,1,1e-06,0.0
1,0.024067401885986328,1,1,1e-06,0.0
1,0.0025281906127929688,1,1,1e-06,0.0
1,0.012544870376586914,1,1,1e-06,0.0
1,0.0063114166259765625,1,1,1e-06,0.0
1,0.001993894577026367,1,1,1e-06,0.0
1,0.001882314682006836,1,1,1e-06,0.0
1,0.0019805431365966797,1,1,1e-06,0.0
1,0.0675206184387207,1,1,1e-06,0.0
1,0.002568483352661133,1,1,1e-06,0.0
1,0.002125978469848633,1,1,1e-06,0.0
1,0.002741575241088867,1,1,1e-06,0.0
1,0.0016894340515136719,1,1,1e-06,0.0
1,0.0017528533935546875,1,1,1e-06,0.0
1,0.0016973018646240234,1,1,1e-06,0.0
1,0.001737356185913086,1,1,1e-06,0.0
1,0.0034379959106445312,1,1,1e-06,0.0
1,0.0028672218322753906,1,1,1e-06,0.0
1,0.0019383430480957031,1,1,1e-06,0.0
1,0.001886606216430664,1,1,1e-06,0.0
1,0.002050161361694336,1,1,1e-06,0.0
1,0.001970052719116211,1,1,1e-06,0.0
1,0.0019216537475585938,1,1,1e-06,0.0
1,0.0022368431091308594,1,1,1e-06,0.0
1,0.0022554397583007812,1,1,1e-06,0.0
0,1.006108045578003,0,0,,0.0
1,0.0027811527252197266,1,1,1e-06,0.0
1,0.004129648208618164,1,1,1e-06,0.0
1,0.003504514694213867,1,1,1e-06,0.0
1,0.0021893978118896484,1,1,1e-06,0.0
1,0.001909494400024414,1,1,1e-06,0.0
1,0.02786540985107422,1,1,1e-06,0.0
1,0.0019085407257080078,1,1,1e-06,0.0
1,0.002671957015991211,1,1,1e-06,0.0
1,0.0038149356842041016,1,1,1e-06,0.0
1,0.011391162872314453,1,1,1e-06,0.0
1,0.004004716873168945,1,1,1e-06,0.0
1,0.01054525375366211,1,1,1e-06,0.0
1,0.008173942565917969,1,1,1e-06,0.0
1,0.0028679370880126953,1,1,1e-06,0.0
1,0.017365455627441406,1,1,1e-06,0.0
1,0.0026488304138183594,1,1,1e-06,0.0
1,0.0024881362915039062,1,1,1e-06,0.0
1,0.003399372100830078,1,1,1e-06,0.0
1,0.002927541732788086,1,1,1e-06,0.0
1,0.003490447998046875,1,1,1e-06,0.0
1,0.002863645553588867,1,1,1e-06,0.0
1,0.002109527587890625,1,1,1e-06,0.0
1,0.002268552780151367,1,1,1e-06,0.0
1,0.004559993743896484,1,1,1e-06,0.0
1,0.024344205856323242,1,1,1e-06,0.0
1,0.0019659996032714844,1,1,1e-06,0.0
1,0.004725933074951172,1,1,1e-06,0.0
1,0.002292156219482422,1,1,1e-06,0.0
1,0.002643585205078125,1,1,1e-06,0.0
1,0.003602266311645508,1,1,1e-06,0.0
1,0.012358903884887695,1,1,1e-06,0.0
1,0.014641284942626953,1,1,1e-06,0.0
1,0.0023283958435058594,1,1,1e-06,0.0
1,0.005061626434326172,1,1,1e-06,0.0
1,0.003161907196044922,1,1,1e-06,0.0
1,0.12081098556518555,1,1,1e-06,0.0
1,0.024601221084594727,1,1,1e-06,0.0
1,0.00409698486328125,1,1,1e-06,0.0
1,0.004096031188964844,1,1,1e-06,0.0
1,0.003360748291015625,1,1,1e-06,0.0
1,0.0034105777740478516,1,1,1e-06,0.0
1,0.001959562301635742,1,1,1e-06,0.0
1,0.002646923065185547,1,1,1e-06,0.0
1,0.002260446548461914,1,1,1e-06,0.0
1,0.002434968948364258,1,1,1e-06,0.0
1,0.002500295639038086,1,1,1e-06,0.0
1,0.002084493637084961,1,1,1e-06,0.0
1,0.06215381622314453,1,1,1e-06,0.0
1,0.002422332763671875,1,1,1e-06,0.0
1,0.0025320053100585938,1,1,1e-06,0.0
1,0.0025169849395751953,1,1,1e-06,0.0
1,0.0020608901977539062,1,1,1e-06,0.0
1,0.001739501953125,1,1,1e-06,0.0
1,0.002135753631591797,1,1,1e-06,0.0
1,0.0068781375885009766,1,1,1e-06,0.0
1,0.002553224563598633,1,1,1e-06,0.0
1,0.014018058776855469,1,1,1e-06,0.0
1,0.004001140594482422,1,1,1e-06,0.0
1,0.02550792694091797,1,1,1e-06,0.0
1,0.0022020339965820312,1,1,1e-06,0.0
1,0.0321352481842041,1,1,1e-06,0.0
1,0.002031564712524414,1,1,1e-06,0.0
1,0.002180337905883789,1,1,1e-06,0.0
1,0.0024657249450683594,1,1,1e-06,0.0
1,0.012362003326416016,1,1,1e-06,0.0
1,0.0026531219482421875,1,1,1e-06,0.0
1,0.002065420150756836,1,1,1e-06,0.0
1,0.001802206039428711,1,1,1e-06,0.0
1,0.0016019344329833984,1,1,1e-06,0.0
1,0.0020401477813720703,1,1,1e-06,0.0
1,0.00421452522277832,1,1,1e-06,0.0
1,0.005573272705078125,1,1,1e-06,0.0
1,0.0032341480255126953,1,1,1e-06,0.0
1,0.0028972625732421875,1,1,1e-06,0.0
1,0.00284576416015625,1,1,1e-06,0.0
1,0.005670785903930664,1,1,1e-06,0.0
1,0.0026488304138183594,1,1,1e-06,0.0
1,0.0026755332946777344,1,1,1e-06,0.0
1,0.0022351741790771484,1,1,1e-06,0.0
1,0.02772831916809082,1,1,1e-06,0.0
1,0.012250185012817383,1,1,1e-06,0.0
1,0.0029685497283935547,1,1,1e-06,0.0
1,0.005178928375244141,1,1,1e-06,0.0
1,0.007662057876586914,1,1,1e-06,0.0
1,0.024962663650512695,1,1,1e-06,0.0
1,0.2107691764831543,1,1,1e-06,0.0
1,0.004387378692626953,1,1,1e-06,0.0
1,0.03287959098815918,1,1,1e-06,0.0
1,0.004102945327758789,1,1,1e-06,0.0
1,0.012333154678344727,1,1,1e-06,0.0
1,0.004743337631225586,1,1,1e-06,0.0
1,0.022212743759155273,1,1,1e-06,0.0
1,0.019193649291992188,1,1,1e-06,0.0
1,0.014642477035522461,1,1,1e-06,0.0
1,0.014989137649536133,1,1,1e-06,0.0
1,0.016417741775512695,1,1,1e-06,0.0
1,0.004394054412841797,1,1,1e-06,0.0
1,0.0047414302825927734,1,1,1e-06,0.0
1,0.009527444839477539,1,1,1e-06,0.0
1,0.11595392227172852,1,1,1e-06,0.0
1,0.1023261547088623,1,1,1e-06,0.0
1,0.016104459762573242,1,1,1e-06,0.0
1,0.007555246353149414,1,1,1e-06,0.0
1,0.015009403228759766,1,1,1e-06,0.0
1,0.009095430374145508,1,1,1e-06,0.0
1,0.014208793640136719,1,1,1e-06,0.0
1,0.007726907730102539,1,1,1e-06,0.0
1,0.11366796493530273,1,1,1e-06,0.0
1,0.0029299259185791016,1,1,1e-06,0.0
1,0.2662177085876465,1,1,1e-06,0.0
1,0.07526111602783203,1,1,1e-06,0.0
1,0.013401031494140625,1,1,1e-06,0.0
1,0.03785109519958496,1,1,1e-06,0.0
1,0.07147955894470215,1,1,1e-06,0.0
1,0.004292011260986328,1,1,1e-06,0.0
1,0.004233360290527344,1,1,1e-06,0.0
1,0.004559993743896484,1,1,1e-06,0.0
1,0.003376483917236328,1,1,1e-06,0.0
1,0.004226207733154297,1,1,1e-06,0.0
1,0.0041010379791259766,1,1,1e-06,0.0
1,0.005213260650634766,1,1,1e-06,0.0
1,0.004015684127807617,1,1,1e-06,0.0
1,0.003242969512939453,1,1,1e-06,0.0
1,0.0038292407989501953,1,1,1e-06,0.0
1,0.004426717758178711,1,1,1e-06,0.0
1,0.03195309638977051,1,1,1e-06,0.0
1,0.33498597145080566,1,1,1e-06,0.0
1,0.006215572357177734,1,1,1e-06,0.0
1,0.011324644088745117,1,1,1e-06,0.0
1,0.019657611846923828,1,1,1e-06,0.0
1,0.04671335220336914,1,1,1e-06,0.0
1,0.009191751480102539,1,1,1e-06,0.0
1,0.009081363677978516,1,1,1e-06,0.0
1,0.007742404937744141,1,1,1e-06,0.0
1,0.08678340911865234,1,1,1e-06,0.0
1,0.008969306945800781,1,1,1e-06,0.0
1,0.08751201629638672,1,1,1e-06,0.0
1,0.00529789924621582,1,1,1e-06,0.0
1,0.010515451431274414,1,1,1e-06,0.0
1,0.030734777450561523,1,1,1e-06,0.0
1,0.007300376892089844,1,1,1e-06,0.0
1,0.04495096206665039,1,1,1e-06,0.0
1,0.008328437805175781,1,1,1e-06,0.0
1,0.0087890625,1,1,1e-06,0.0
1,0.008147001266479492,1,1,1e-06,0.0
1,0.007149219512939453,1,1,1e-06,0.0
1,0.00873255729675293,1,1,1e-06,0.0
1,0.0056989192962646484,1,1,1e-06,0.0
1,0.006509304046630859,1,1,1e-06,0.0
1,0.005064249038696289,1,1,1e-06,0.0
1,0.009845256805419922,1,1,1e-06,0.0
1,0.007796525955200195,1,1,1e-06,0.0
1,0.00434565544128418,1,1,1e-06,0.0
1,0.013821125030517578,1,1,1e-06,0.0
1,0.006946563720703125,1,1,1e-06,0.0
1,0.11106491088867188,1,1,1e-06,0.0
1,0.21890759468078613,1,1,1e-06,0.0
1,0.04442954063415527,1,1,1e-06,0.0
1,0.007456541061401367,1,1,1e-06,0.0
1,0.007553815841674805,1,1,1e-06,0.0
1,0.007646799087524414,1,1,1e-06,0.0
1,0.0067903995513916016,1,1,1e-06,0.0
1,0.019954681396484375,1,1,1e-06,0.0
1,0.08260130882263184,1,1,1e-06,0.0
1,0.08382987976074219,1,1,1e-06,0.0
1,0.012649774551391602,1,1,1e-06,0.0
1,0.0029795169830322266,1,1,1e-06,0.0
1,0.0220794677734375,1,1,1e-06,0.0
1,0.0072705745697021484,1,1,1e-06,0.0
1,0.0041408538818359375,1,1,1e-06,0.0
1,0.0037932395935058594,1,1,1e-06,0.0
1,0.004365205764770508,1,1,1e-06,0.0
1,0.008929729461669922,1,1,1e-06,0.0
1,0.007749080657958984,1,1,1e-06,0.0
1,0.01027059555053711,1,1,1e-06,0.0
1,0.008476018905639648,1,1,1e-06,0.0
1,0.010120630264282227,1,1,1e-06,0.0
1,0.0052716732025146484,1,1,1e-06,0.0
1,0.007365703582763672,1,1,1e-06,0.0
1,0.051812171936035156,1,1,1e-06,0.0
1,0.11148476600646973,1,1,1e-06,0.0
1,0.041951894760131836,1,1,1e-06,0.0
1,0.0026450157165527344,1,1,1e-06,0.0
1,0.019285202026367188,1,1,1e-06,0.0
1,0.006819009780883789,1,1,1e-06,0.0
1,0.005256175994873047,1,1,1e-06,0.0
1,0.00933694839477539,1,1,1e-06,0.0
1,0.006786823272705078,1,1,1e-06,0.0
1,0.0065021514892578125,1,1,1e-06,0.0
1,0.008327484130859375,1,1,1e-06,0.0
1,0.005834102630615234,1,1,1e-06,0.0
1,0.004834413528442383,1,1,1e-06,0.0
1,0.014658212661743164,1,1,1e-06,0.0
1,0.007549762725830078,1,1,1e-06,0.0
1,0.008652687072753906,1,1,1e-06,0.0
1,0.006224870681762695,1,1,1e-06,0.0
1,0.0074579715728759766,1,1,1e-06,0.0
1,0.042699337005615234,1,1,1e-06,0.0
1,0.008636951446533203,1,1,1e-06,0.0
1,0.008130788803100586,1,1,1e-06,0.0
1,0.004812479019165039,1,1,1e-06,0.0
1,0.00746917724609375,1,1,1e-06,0.0
1,0.005519390106201172,1,1,1e-06,0.0
1,0.006132841110229492,1,1,1e-06,0.0
1,0.03525948524475098,1,1,1e-06,0.0
1,0.006410121917724609,1,1,1e-06,0.0
1,0.007088899612426758,1,1,1e-06,0.0
1,0.005829811096191406,1,1,1e-06,0.0
1,0.008012771606445312,1,1,1e-06,0.0
1,0.006145477294921875,1,1,1e-06,0.0
1,0.009277105331420898,1,1,1e-06,0.0
1,0.03272104263305664,1,1,1e-06,0.0
1,0.0030820369720458984,1,1,1e-06,0.0
1,0.004298686981201172,1,1,1e-06,0.0
1,0.04411435127258301,1,1,1e-06,0.0
1,0.003553152084350586,1,1,1e-06,0.0
1,0.003220081329345703,1,1,1e-06,0.0
1,0.004175424575805664,1,1,1e-06,0.0
1,0.002972126007080078,1,1,1e-06,0.0
1,0.06345987319946289,1,1,1e-06,0.0
1,0.005917549133300781,1,1,1e-06,0.0
1,0.004000663757324219,1,1,1e-06,0.0
1,0.003606081008911133,1,1,1e-06,0.0
1,0.0036377906799316406,1,1,1e-06,0.0
1,0.04795551300048828,1,1,1e-06,0.0
1,0.0030095577239990234,1,1,1e-06,0.0
1,0.003895998001098633,1,1,1e-06,0.0
1,0.002797842025756836,1,1,1e-06,0.0
1,0.002576589584350586,1,1,1e-06,0.0
1,0.010883569717407227,1,1,1e-06,0.0
1,0.0035552978515625,1,1,1e-06,0.0
1,0.0024302005767822266,1,1,1e-06,0.0
1,0.0029833316802978516,1,1,1e-06,0.0
1,0.0026204586029052734,1,1,1e-06,0.0
1,0.0023345947265625,1,1,1e-06,0.0
1,0.003566741943359375,1,1,1e-06,0.0
1,0.009143829345703125,1,1,1e-06,0.0
1,0.0028314590454101562,1,1,1e-06,0.0
1,0.003026723861694336,1,1,1e-06,0.0
1,0.003052234649658203,1,1,1e-06,0.0
1,0.0037059783935546875,1,1,1e-06,0.0
1,0.003966808319091797,1,1,1e-06,0.0
1,0.0026683807373046875,1,1,1e-06,0.0
1,0.005404233932495117,1,1,1e-06,0.0
1,0.05225634574890137,1,1,1e-06,0.0
1,0.017145633697509766,1,1,1e-06,0.0
1,0.003152608871459961,1,1,1e-06,0.0
1,0.004439353942871094,1,1,1e-06,0.0
1,0.025243043899536133,1,1,1e-06,0.0
1,0.0035638809204101562,1,1,1e-06,0.0
1,0.004092693328857422,1,1,1e-06,0.0
1,0.02364063262939453,1,1,1e-06,0.0
1,0.034567832946777344,1,1,1e-06,0.0
1,0.005606651306152344,1,1,1e-06,0.0
1,0.0065419673919677734,1,1,1e-06,0.0
1,0.039186954498291016,1,1,1e-06,0.0
1,0.026727676391601562,1,1,1e-06,0.0
1,0.06840825080871582,1,1,1e-06,0.0
1,0.005709648132324219,1,1,1e-06,0.0
1,0.00929403305053711,1,1,1e-06,0.0
1,0.0057179927825927734,1,1,1e-06,0.0
1,0.004690408706665039,1,1,1e-06,0.0
1,0.016752243041992188,1,1,1e-06,0.0
1,0.007721424102783203,1,1,1e-06,0.0
1,0.006473064422607422,1,1,1e-06,0.0
1,0.007212638854980469,1,1,1e-06,0.0
1,0.0072481632232666016,1,1,1e-06,0.0
1,0.017032384872436523,1,1,1e-06,0.0
1,0.008011817932128906,1,1,1e-06,0.0
1,0.007869243621826172,1,1,1e-06,0.0
1,0.007895708084106445,1,1,1e-06,0.0
1,0.003949642181396484,1,1,1e-06,0.0
1,0.02048349380493164,1,1,1e-06,0.0
1,0.006300687789916992,1,1,1e-06,0.0
1,0.007282733917236328,1,1,1e-06,0.0
1,0.0051767826080322266,1,1,1e-06,0.0
1,0.008160829544067383,1,1,1e-06,0.0
1,0.009640932083129883,1,1,1e-06,0.0
1,0.007813453674316406,1,1,1e-06,0.0
1,0.008517742156982422,1,1,1e-06,0.0
1,0.007917642593383789,1,1,1e-06,0.0
1,0.05012941360473633,1,1,1e-06,0.0
1,0.0360414981842041,1,1,1e-06,0.0
1,0.008972883224487305,1,1,1e-06,0.0
1,0.007681608200073242,1,1,1e-06,0.0
1,0.007201433181762695,1,1,1e-06,0.0
1,0.0054874420166015625,1,1,1e-06,0.0
1,0.7211959362030029,1,1,1e-06,0.0
1,0.006948709487915039,1,1,1e-06,0.0
1,0.0045166015625,1,1,1e-06,0.0
1,0.002807140350341797,1,1,1e-06,0.0
1,0.0022554397583007812,1,1,1e-06,0.0
1,0.002743959426879883,1,1,1e-06,0.0
1,0.003404855728149414,1,1,1e-06,0.0
1,0.004500627517700195,1,1,1e-06,0.0
1,0.0033407211303710938,1,1,1e-06,0.0
1,0.007862567901611328,1,1,1e-06,0.0
1,0.004256486892700195,1,1,1e-06,0.0
1,0.00397944450378418,1,1,1e-06,0.0
1,0.004486560821533203,1,1,1e-06,0.0
1,0.0023446083068847656,1,1,1e-06,0.0
1,0.01925039291381836,1,1,1e-06,0.0
1,0.0048236846923828125,1,1,1e-06,0.0
1,0.002818584442138672,1,1,1e-06,0.0
1,0.005522012710571289,1,1,1e-06,0.0
1,0.002415895462036133,1,1,1e-06,0.0
1,0.051502227783203125,1,1,1e-06,0.0
1,0.006098270416259766,1,1,1e-06,0.0
1,0.0029685497283935547,1,1,1e-06,0.0
1,0.0027370452880859375,1,1,1e-06,0.0
1,0.02835369110107422,1,1,1e-06,0.0
1,0.0026535987854003906,1,1,1e-06,0.0
1,0.004113912582397461,1,1,1e-06,0.0
1,0.028643131256103516,1,1,1e-06,0.0
1,0.0027816295623779297,1,1,1e-06,0.0
1,0.0025169849395751953,1,1,1e-06,0.0
1,0.0033957958221435547,1,1,1e-06,0.0
1,0.0546267032623291,1,1,1e-06,0.0
1,0.003239870071411133,1,1,1e-06,0.0
1,0.003034353256225586,1,1,1e-06,0.0
1,0.002731800079345703,1,1,1e-06,0.0
1,0.0025184154510498047,1,1,1e-06,0.0
1,0.002519845962524414,1,1,1e-06,0.0
1,0.0039141178131103516,1,1,1e-06,0.0
1,0.01944446563720703,1,1,1e-06,0.0
1,0.013991355895996094,1,1,1e-06,0.0
1,0.0033080577850341797,1,1,1e-06,0.0
1,0.00993800163269043,1,1,1e-06,0.0
1,0.017658472061157227,1,1,1e-06,0.0
1,0.00313568115234375,1,1,1e-06,0.0
1,0.003326892852783203,1,1,1e-06,0.0
1,0.0038318634033203125,1,1,1e-06,0.0
1,0.003010988235473633,1,1,1e-06,0.0
1,0.0032951831817626953,1,1,1e-06,0.0
1,0.0032548904418945312,1,1,1e-06,0.0
1,0.0031363964080810547,1,1,1e-06,0.0
1,0.0025246143341064453,1,1,1e-06,0.0
1,0.0033299922943115234,1,1,1e-06,0.0
1,0.0050427913665771484,1,1,1e-06,0.0
1,0.003437519073486328,1,1,1e-06,0.0
1,0.003760814666748047,1,1,1e-06,0.0
1,0.004797220230102539,1,1,1e-06,0.0
1,0.003623485565185547,1,1,1e-06,0.0
1,0.0024857521057128906,1,1,1e-06,0.0
1,0.004105806350708008,1,1,1e-06,0.0
1,0.0029196739196777344,1,1,1e-06,0.0
1,0.002681732177734375,1,1,1e-06,0.0
1,0.005934953689575195,1,1,1e-06,0.0
1,0.0027277469635009766,1,1,1e-06,0.0
1,0.002235889434814453,1,1,1e-06,0.0
1,0.003584146499633789,1,1,1e-06,0.0
1,0.004429817199707031,1,1,1e-06,0.0
1,0.010892868041992188,1,1,1e-06,0.0
1,0.003422975540161133,1,1,1e-06,0.0
1,0.019422531127929688,1,1,1e-06,0.0
1,0.011413812637329102,1,1,1e-06,0.0
1,0.017179012298583984,1,1,1e-06,0.0
1,0.007602214813232422,1,1,1e-06,0.0
1,0.0064923763275146484,1,1,1e-06,0.0
1,0.0055866241455078125,1,1,1e-06,0.0
1,0.003595113754272461,1,1,1e-06,0.0
1,0.007941722869873047,1,1,1e-06,0.0
1,0.014271736145019531,1,1,1e-06,0.0
1,0.0066127777099609375,1,1,1e-06,0.0
1,0.07970619201660156,1,1,1e-06,0.0
1,0.008916616439819336,1,1,1e-06,0.0
1,0.02182745933532715,1,1,1e-06,0.0
1,0.014945745468139648,1,1,1e-06,0.0
1,0.007686614990234375,1,1,1e-06,0.0
1,0.011655807495117188,1,1,1e-06,0.0
1,0.008684635162353516,1,1,1e-06,0.0
1,0.2010791301727295,1,1,1e-06,0.0
1,0.006808280944824219,1,1,1e-06,0.0
1,0.011513948440551758,1,1,1e-06,0.0
1,0.018058300018310547,1,1,1e-06,0.0
1,0.005660533905029297,1,1,1e-06,0.0
1,0.020856380462646484,1,1,1e-06,0.0
1,0.030523061752319336,1,1,1e-06,0.0
1,0.009405136108398438,1,1,1e-06,0.0
1,0.00626683235168457,1,1,1e-06,0.0
1,0.017069339752197266,1,1,1e-06,0.0
1,0.016170740127563477,1,1,1e-06,0.0
1,0.015044450759887695,1,1,1e-06,0.0
1,0.0170290470123291,1,1,1e-06,0.0
1,0.016576051712036133,1,1,1e-06,0.0
1,0.013560056686401367,1,1,1e-06,0.0
1,0.0059735774993896484,1,1,1e-06,0.0
1,0.004980564117431641,1,1,1e-06,0.0
1,0.01735377311706543,1,1,1e-06,0.0
1,0.004449367523193359,1,1,1e-06,0.0
1,0.01320505142211914,1,1,1e-06,0.0
1,0.005101203918457031,1,1,1e-06,0.0
1,0.06792807579040527,1,1,1e-06,0.0
1,0.017720937728881836,1,1,1e-06,0.0
1,0.005347490310668945,1,1,1e-06,0.0
1,0.04683804512023926,1,1,1e-06,0.0
1,0.0048139095306396484,1,1,1e-06,0.0
1,0.0046002864837646484,1,1,1e-06,0.0
1,0.005683422088623047,1,1,1e-06,0.0
1,0.004723310470581055,1,1,1e-06,0.0
1,0.03387308120727539,1,1,1e-06,0.0
1,0.0031960010528564453,1,1,1e-06,0.0
1,0.006063938140869141,1,1,1e-06,0.0
1,0.029764413833618164,1,1,1e-06,0.0
1,0.0033020973205566406,1,1,1e-06,0.0
1,0.005464076995849609,1,1,1e-06,0.0
1,0.00873422622680664,1,1,1e-06,0.0
1,0.005335092544555664,1,1,1e-06,0.0
1,0.00537872314453125,1,1,1e-06,0.0
1,0.0028820037841796875,1,1,1e-06,0.0
1,0.00772404670715332,1,1,1e-06,0.0
1,0.0032072067260742188,1,1,1e-06,0.0
1,0.00562596321105957,1,1,1e-06,0.0
1,0.004071950912475586,1,1,1e-06,0.0
1,0.0028581619262695312,1,1,1e-06,0.0
1,0.016448020935058594,1,1,1e-06,0.0
1,0.0025162696838378906,1,1,1e-06,0.0
1,0.019702911376953125,1,1,1e-06,0.0
1,0.0022764205932617188,1,1,1e-06,0.0
1,0.003292560577392578,1,1,1e-06,0.0
1,0.002998828887939453,1,1,1e-06,0.0
1,0.0027456283569335938,1,1,1e-06,0.0
1,0.27837681770324707,1,1,1e-06,0.0
1,0.0030870437622070312,1,1,1e-06,0.0
1,0.0026154518127441406,1,1,1e-06,0.0
1,0.0032138824462890625,1,1,1e-06,0.0
1,0.005343914031982422,1,1,1e-06,0.0
1,0.0029251575469970703,1,1,1e-06,0.0
1,0.0025136470794677734,1,1,1e-06,0.0
1,0.0033071041107177734,1,1,1e-06,0.0
1,0.0029671192169189453,1,1,1e-06,0.0
1,0.0037055015563964844,1,1,1e-06,0.0
1,0.23285984992980957,1,1,1e-06,0.0
1,0.0023741722106933594,1,1,1e-06,0.0
1,0.0029702186584472656,1,1,1e-06,0.0
1,0.0020592212677001953,1,1,1e-06,0.0
1,0.00211334228515625,1,1,1e-06,0.0
1,0.0023965835571289062,1,1,1e-06,0.0
1,0.014642953872680664,1,1,1e-06,0.0
1,0.01212310791015625,1,1,1e-06,0.0
1,0.00225830078125,1,1,1e-06,0.0
1,0.0021982192993164062,1,1,1e-06,0.0
1,0.003264904022216797,1,1,1e-06,0.0
1,0.002361774444580078,1,1,1e-06,0.0
1,0.002867460250854492,1,1,1e-06,0.0
1,0.0017921924591064453,1,1,1e-06,0.0
1,0.004049062728881836,1,1,1e-06,0.0
1,0.002869129180908203,1,1,1e-06,0.0
1,0.003559589385986328,1,1,1e-06,0.0
1,0.0020275115966796875,1,1,1e-06,0.0
1,0.0019402503967285156,1,1,1e-06,0.0
1,0.010614871978759766,1,1,1e-06,0.0
1,0.0029401779174804688,1,1,1e-06,0.0
1,0.0028259754180908203,1,1,1e-06,0.0
1,0.022061824798583984,1,1,1e-06,0.0
1,0.005242586135864258,1,1,1e-06,0.0
1,0.002290487289428711,1,1,1e-06,0.0
1,0.0020439624786376953,1,1,1e-06,0.0
1,0.0021588802337646484,1,1,1e-06,0.0
1,0.012450218200683594,1,1,1e-06,0.0
1,0.0021762847900390625,1,1,1e-06,0.0
1,0.005446195602416992,1,1,1e-06,0.0
1,0.0020134449005126953,1,1,1e-06,0.0
1,0.003240346908569336,1,1,1e-06,0.0
1,0.012860536575317383,1,1,1e-06,0.0
1,0.004158973693847656,1,1,1e-06,0.0
1,0.03319430351257324,1,1,1e-06,0.0
1,0.002381563186645508,1,1,1e-06,0.0
1,0.002154111862182617,1,1,1e-06,0.0
1,0.0033597946166992188,1,1,1e-06,0.0
1,0.002271890640258789,1,1,1e-06,0.0
1,0.0055959224700927734,1,1,1e-06,0.0
1,0.0021805763244628906,1,1,1e-06,0.0
1,0.011360883712768555,1,1,1e-06,0.0
1,0.003153562545776367,1,1,1e-06,0.0
1,0.0038094520568847656,1,1,1e-06,0.0
1,0.002907276153564453,1,1,1e-06,0.0
1,0.04257965087890625,1,1,1e-06,0.0
1,0.004399776458740234,1,1,1e-06,0.0
1,0.0023229122161865234,1,1,1e-06,0.0
1,0.003334522247314453,1,1,1e-06,0.0
1,0.0018277168273925781,1,1,1e-06,0.0
1,0.008930444717407227,1,1,1e-06,0.0
1,0.0022635459899902344,1,1,1e-06,0.0
1,0.002721071243286133,1,1,1e-06,0.0
1,0.003711223602294922,1,1,1e-06,0.0
1,0.0026814937591552734,1,1,1e-06,0.0
1,0.002566814422607422,1,1,1e-06,0.0
1,0.019667863845825195,1,1,1e-06,0.0
1,0.002455472946166992,1,1,1e-06,0.0
1,0.04627656936645508,1,1,1e-06,0.0
1,0.002321481704711914,1,1,1e-06,0.0
1,0.002274036407470703,1,1,1e-06,0.0
1,0.005303859710693359,1,1,1e-06,0.0
1,0.0020682811737060547,1,1,1e-06,0.0
1,0.01360774040222168,1,1,1e-06,0.0
1,0.002717256546020508,1,1,1e-06,0.0
1,0.002536296844482422,1,1,1e-06,0.0
1,0.002437114715576172,1,1,1e-06,0.0
1,0.8539583683013916,1,1,1e-06,0.0
1,0.026194095611572266,1,1,1e-06,0.0
1,0.00879526138305664,1,1,1e-06,0.0
1,0.007821321487426758,1,1,1e-06,0.0
1,0.009992599487304688,1,1,1e-06,0.0
1,0.00753331184387207,1,1,1e-06,0.0
1,0.0034346580505371094,1,1,1e-06,0.0
1,0.009588479995727539,1,1,1e-06,0.0
1,0.19769620895385742,1,1,1e-06,0.0
1,0.008336067199707031,1,1,1e-06,0.0
1,0.007573843002319336,1,1,1e-06,0.0
1,0.0068511962890625,1,1,1e-06,0.0
1,0.007906675338745117,1,1,1e-06,0.0
1,0.0038373470306396484,1,1,1e-06,0.0
1,0.0064105987548828125,1,1,1e-06,0.0
1,0.0075757503509521484,1,1,1e-06,0.0
1,0.008077383041381836,1,1,1e-06,0.0
1,0.007227659225463867,1,1,1e-06,0.0
1,0.09994816780090332,1,1,1e-06,0.0
1,0.007119655609130859,1,1,1e-06,0.0
1,0.011111021041870117,1,1,1e-06,0.0
1,0.01362466812133789,1,1,1e-06,0.0
1,0.0059778690338134766,1,1,1e-06,0.0
1,0.03290915489196777,1,1,1e-06,0.0
1,0.006287574768066406,1,1,1e-06,0.0
1,0.006786346435546875,1,1,1e-06,0.0
1,0.04378962516784668,1,1,1e-06,0.0
1,0.0063436031341552734,1,1,1e-06,0.0
1,0.04409289360046387,1,1,1e-06,0.0
1,0.004184246063232422,1,1,1e-06,0.0
1,0.00850367546081543,1,1,1e-06,0.0
1,0.006747245788574219,1,1,1e-06,0.0
1,0.005686521530151367,1,1,1e-06,0.0
1,0.009920835494995117,1,1,1e-06,0.0
1,0.008612871170043945,1,1,1e-06,0.0
1,0.020157814025878906,1,1,1e-06,0.0
1,0.08726310729980469,1,1,1e-06,0.0
1,0.011519193649291992,1,1,1e-06,0.0
1,0.007720947265625,1,1,1e-06,0.0
1,0.007708549499511719,1,1,1e-06,0.0
1,0.04051470756530762,1,1,1e-06,0.0
1,0.008686065673828125,1,1,1e-06,0.0
1,0.04380607604980469,1,1,1e-06,0.0
1,0.00949549674987793,1,1,1e-06,0.0
1,0.005324363708496094,1,1,1e-06,0.0
1,0.027748584747314453,1,1,1e-06,0.0
1,0.004906892776489258,1,1,1e-06,0.0
1,0.004512310028076172,1,1,1e-06,0.0
1,0.004952907562255859,1,1,1e-06,0.0
1,0.009830713272094727,1,1,1e-06,0.0
1,0.014199972152709961,1,1,1e-06,0.0
1,0.0042192935943603516,1,1,1e-06,0.0
1,0.003711700439453125,1,1,1e-06,0.0
1,0.03528642654418945,1,1,1e-06,0.0
1,0.004673004150390625,1,1,1e-06,0.0
1,0.005655765533447266,1,1,1e-06,0.0
1,0.004318714141845703,1,1,1e-06,0.0
1,0.0060961246490478516,1,1,1e-06,0.0
1,0.004817485809326172,1,1,1e-06,0.0
1,0.2144308090209961,1,1,1e-06,0.0
1,0.012071609497070312,1,1,1e-06,0.0
1,0.013636350631713867,1,1,1e-06,0.0
1,0.0077610015869140625,1,1,1e-06,0.0
1,0.003916025161743164,1,1,1e-06,0.0
1,0.0057795047760009766,1,1,1e-06,0.0
1,0.004200458526611328,1,1,1e-06,0.0
1,0.01389002799987793,1,1,1e-06,0.0
1,0.003937482833862305,1,1,1e-06,0.0
1,0.012034177780151367,1,1,1e-06,0.0
1,0.06927847862243652,1,1,1e-06,0.0
1,0.004572153091430664,1,1,1e-06,0.0
1,0.02663874626159668,1,1,1e-06,0.0
1,0.0318753719329834,1,1,1e-06,0.0
1,0.0066373348236083984,1,1,1e-06,0.0
1,0.010971546173095703,1,1,1e-06,0.0
1,0.003240346908569336,1,1,1e-06,0.0
1,0.004217624664306641,1,1,1e-06,0.0
1,0.00397038459777832,1,1,1e-06,0.0
1,0.07661604881286621,1,1,1e-06,0.0
1,0.04336118698120117,1,1,1e-06,0.0
1,0.004584074020385742,1,1,1e-06,0.0
1,0.008822917938232422,1,1,1e-06,0.0
1,0.008148431777954102,1,1,1e-06,0.0
1,0.014322042465209961,1,1,1e-06,0.0
1,0.009807586669921875,1,1,1e-06,0.0
1,0.00583648681640625,1,1,1e-06,0.0
1,0.003389596939086914,1,1,1e-06,0.0
1,0.003332376480102539,1,1,1e-06,0.0
1,0.007076740264892578,1,1,1e-06,0.0
1,0.009102582931518555,1,1,1e-06,0.0
1,0.004687309265136719,1,1,1e-06,0.0
1,0.0038957595825195312,1,1,1e-06,0.0
1,0.010943412780761719,1,1,1e-06,0.0
1,0.0037627220153808594,1,1,1e-06,0.0
1,0.32896852493286133,1,1,1e-06,0.0
1,0.009397506713867188,1,1,1e-06,0.0
1,0.020586490631103516,1,1,1e-06,0.0
1,0.011897087097167969,1,1,1e-06,0.0
1,0.012528419494628906,1,1,1e-06,0.0
1,0.014247894287109375,1,1,1e-06,0.0
1,0.06522870063781738,1,1,1e-06,0.0
1,0.014952659606933594,1,1,1e-06,0.0
1,0.06207132339477539,1,1,1e-06,0.0
1,0.011186361312866211,1,1,1e-06,0.0
1,0.006942033767700195,1,1,1e-06,0.0
1,0.00623631477355957,1,1,1e-06,0.0
1,0.02783036231994629,1,1,1e-06,0.0
1,0.008909940719604492,1,1,1e-06,0.0
1,0.04921293258666992,1,1,1e-06,0.0
1,0.014843463897705078,1,1,1e-06,0.0
1,0.0750572681427002,1,1,1e-06,0.0
1,0.018992185592651367,1,1,1e-06,0.0
1,0.015900611877441406,1,1,1e-06,0.0
1,0.015795469284057617,1,1,1e-06,0.0
1,0.015512704849243164,1,1,1e-06,0.0
1,0.01596689224243164,1,1,1e-06,0.0
1,0.015443086624145508,1,1,1e-06,0.0
1,0.02743077278137207,1,1,1e-06,0.0
1,0.026374340057373047,1,1,1e-06,0.0
1,0.016407251358032227,1,1,1e-06,0.0
1,0.1508026123046875,1,1,1e-06,0.0
1,0.061878204345703125,1,1,1e-06,0.0
1,0.05380129814147949,1,1,1e-06,0.0
1,0.007204771041870117,1,1,1e-06,0.0
1,0.00948786735534668,1,1,1e-06,0.0
1,0.004274606704711914,1,1,1e-06,0.0
1,0.014789581298828125,1,1,1e-06,0.0
1,0.1523900032043457,1,1,1e-06,0.0
1,0.046576499938964844,1,1,1e-06,0.0
1,0.010416030883789062,1,1,1e-06,0.0
1,0.003893613815307617,1,1,1e-06,0.0
1,0.06644320487976074,1,1,1e-06,0.0
1,0.0037391185760498047,1,1,1e-06,0.0
1,0.0035855770111083984,1,1,1e-06,0.0
1,0.004858255386352539,1,1,1e-06,0.0
1,0.03123641014099121,1,1,1e-06,0.0
1,0.002681732177734375,1,1,1e-06,0.0
1,0.004018306732177734,1,1,1e-06,0.0
1,0.005670309066772461,1,1,1e-06,0.0
1,0.004114389419555664,1,1,1e-06,0.0
1,0.0025382041931152344,1,1,1e-06,0.0
1,0.0034055709838867188,1,1,1e-06,0.0
1,0.008913516998291016,1,1,1e-06,0.0
1,0.004350185394287109,1,1,1e-06,0.0
1,0.004549980163574219,1,1,1e-06,0.0
1,0.007500886917114258,1,1,1e-06,0.0
1,0.36548876762390137,1,1,1e-06,0.0
1,0.0025959014892578125,1,1,1e-06,0.0
1,0.0063934326171875,1,1,1e-06,0.0
1,0.004453897476196289,1,1,1e-06,0.0
1,0.008085012435913086,1,1,1e-06,0.0
1,0.004126071929931641,1,1,1e-06,0.0
1,0.006585121154785156,1,1,1e-06,0.0
1,0.01071929931640625,1,1,1e-06,0.0
1,0.008845329284667969,1,1,1e-06,0.0
1,0.0064373016357421875,1,1,1e-06,0.0
1,0.008683443069458008,1,1,1e-06,0.0
1,0.006057024002075195,1,1,1e-06,0.0
1,0.006452083587646484,1,1,1e-06,0.0
1,0.007158517837524414,1,1,1e-06,0.0
1,0.008216381072998047,1,1,1e-06,0.0
1,0.009222984313964844,1,1,1e-06,0.0
1,0.0033147335052490234,1,1,1e-06,0.0
1,0.008955240249633789,1,1,1e-06,0.0
1,0.00499725341796875,1,1,1e-06,0.0
1,0.005048036575317383,1,1,1e-06,0.0
1,0.002722024917602539,1,1,1e-06,0.0
1,0.0058057308197021484,1,1,1e-06,0.0
1,0.0062367916107177734,1,1,1e-06,0.0
1,0.005392551422119141,1,1,1e-06,0.0
1,0.019410133361816406,1,1,1e-06,0.0
1,0.05062580108642578,1,1,1e-06,0.0
1,0.00800633430480957,1,1,1e-06,0.0
1,0.06608223915100098,1,1,1e-06,0.0
1,0.005953073501586914,1,1,1e-06,0.0
1,0.03268289566040039,1,1,1e-06,0.0
1,0.004683494567871094,1,1,1e-06,0.0
1,0.013759136199951172,1,1,1e-06,0.0
1,0.00612640380859375,1,1,1e-06,0.0
1,0.0261993408203125,1,1,1e-06,0.0
1,0.0043909549713134766,1,1,1e-06,0.0
1,0.005494832992553711,1,1,1e-06,0.0
1,0.006144523620605469,1,1,1e-06,0.0
1,0.008381366729736328,1,1,1e-06,0.0
1,0.007407426834106445,1,1,1e-06,0.0
1,0.006620168685913086,1,1,1e-06,0.0
1,0.0074388980865478516,1,1,1e-06,0.0
1,0.0028743743896484375,1,1,1e-06,0.0
1,0.0058116912841796875,1,1,1e-06,0.0
1,0.006828784942626953,1,1,1e-06,0.0
1,0.006880044937133789,1,1,1e-06,0.0
1,0.00754094123840332,1,1,1e-06,0.0
1,0.002955913543701172,1,1,1e-06,0.0
1,0.006052255630493164,1,1,1e-06,0.0
1,0.004831552505493164,1,1,1e-06,0.0
1,0.002848386764526367,1,1,1e-06,0.0
1,0.003618478775024414,1,1,1e-06,0.0
1,0.004617452621459961,1,1,1e-06,0.0
1,0.003591775894165039,1,1,1e-06,0.0
1,0.0027768611907958984,1,1,1e-06,0.0
1,0.002970457077026367,1,1,1e-06,0.0
1,0.0027551651000976562,1,1,1e-06,0.0
1,0.0031909942626953125,1,1,1e-06,0.0
1,0.004765510559082031,1,1,1e-06,0.0
1,0.018279314041137695,1,1,1e-06,0.0
1,0.0035195350646972656,1,1,1e-06,0.0
1,0.005572795867919922,1,1,1e-06,0.0
1,0.004424333572387695,1,1,1e-06,0.0
1,0.00480341911315918,1,1,1e-06,0.0
1,0.005560636520385742,1,1,1e-06,0.0
1,0.005911588668823242,1,1,1e-06,0.0
1,0.03700137138366699,1,1,1e-06,0.0
1,0.00712275505065918,1,1,1e-06,0.0
1,0.0041844844818115234,1,1,1e-06,0.0
1,0.003938913345336914,1,1,1e-06,0.0
1,0.007558584213256836,1,1,1e-06,0.0
1,0.01246190071105957,1,1,1e-06,0.0
1,0.00544285774230957,1,1,1e-06,0.0
1,0.007727622985839844,1,1,1e-06,0.0
1,0.005748271942138672,1,1,1e-06,0.0
1,0.00472569465637207,1,1,1e-06,0.0
1,0.0039293766021728516,1,1,1e-06,0.0
1,0.008121013641357422,1,1,1e-06,0.0
1,0.007994413375854492,1,1,1e-06,0.0
1,0.006753444671630859,1,1,1e-06,0.0
1,0.01330113410949707,1,1,1e-06,0.0
1,0.006901979446411133,1,1,1e-06,0.0
1,0.00827479362487793,1,1,1e-06,0.0
1,0.006398439407348633,1,1,1e-06,0.0
1,0.008430957794189453,1,1,1e-06,0.0
1,0.008543729782104492,1,1,1e-06,0.0
1,0.006788015365600586,1,1,1e-06,0.0
1,0.00911569595336914,1,1,1e-06,0.0
1,0.012295246124267578,1,1,1e-06,0.0
1,0.11095070838928223,1,1,1e-06,0.0
1,0.0074427127838134766,1,1,1e-06,0.0
1,0.008527755737304688,1,1,1e-06,0.0
1,0.006736278533935547,1,1,1e-06,0.0
1,0.05666017532348633,1,1,1e-06,0.0
1,0.003596782684326172,1,1,1e-06,0.0
1,0.008136272430419922,1,1,1e-06,0.0
1,0.15187311172485352,1,1,1e-06,0.0
1,0.006395578384399414,1,1,1e-06,0.0
1,0.007507801055908203,1,1,1e-06,0.0
1,0.005183219909667969,1,1,1e-06,0.0
1,0.03316330909729004,1,1,1e-06,0.0
1,0.008492469787597656,1,1,1e-06,0.0
1,0.008163213729858398,1,1,1e-06,0.0
1,0.007501125335693359,1,1,1e-06,0.0
1,0.008061408996582031,1,1,1e-06,0.0
1,0.006986856460571289,1,1,1e-06,0.0
1,0.004745006561279297,1,1,1e-06,0.0
1,0.03519439697265625,1,1,1e-06,0.0
1,0.006904125213623047,1,1,1e-06,0.0
1,0.004541635513305664,1,1,1e-06,0.0
1,0.007348299026489258,1,1,1e-06,0.0
1,0.008196115493774414,1,1,1e-06,0.0
1,0.02553868293762207,1,1,1e-06,0.0
1,0.005917787551879883,1,1,1e-06,0.0
1,0.0027725696563720703,1,1,1e-06,0.0
1,0.0029647350311279297,1,1,1e-06,0.0
1,0.0061151981353759766,1,1,1e-06,0.0
1,0.004956960678100586,1,1,1e-06,0.0
1,0.06680941581726074,1,1,1e-06,0.0
1,0.011279821395874023,1,1,1e-06,0.0
1,0.0049135684967041016,1,1,1e-06,0.0
1,0.006031990051269531,1,1,1e-06,0.0
1,0.006448030471801758,1,1,1e-06,0.0
1,0.007615804672241211,1,1,1e-06,0.0
1,0.007193088531494141,1,1,1e-06,0.0
1,0.011354923248291016,1,1,1e-06,0.0
1,0.006464719772338867,1,1,1e-06,0.0
1,0.006666660308837891,1,1,1e-06,0.0
1,0.006938934326171875,1,1,1e-06,0.0
1,0.005782365798950195,1,1,1e-06,0.0
1,0.005427360534667969,1,1,1e-06,0.0
1,0.005637407302856445,1,1,1e-06,0.0
1,0.007532596588134766,1,1,1e-06,0.0
1,0.007314443588256836,1,1,1e-06,0.0
1,0.0058634281158447266,1,1,1e-06,0.0
1,0.008774280548095703,1,1,1e-06,0.0
1,0.016701459884643555,1,1,1e-06,0.0
1,0.003436565399169922,1,1,1e-06,0.0
1,0.012205123901367188,1,1,1e-06,0.0
1,0.005357027053833008,1,1,1e-06,0.0
1,0.005059719085693359,1,1,1e-06,0.0
1,0.004979610443115234,1,1,1e-06,0.0
1,0.007941484451293945,1,1,1e-06,0.0
1,0.006410837173461914,1,1,1e-06,0.0
1,0.0036818981170654297,1,1,1e-06,0.0
1,0.044432640075683594,1,1,1e-06,0.0
1,0.019489765167236328,1,1,1e-06,0.0
1,0.006426334381103516,1,1,1e-06,0.0
1,0.0060901641845703125,1,1,1e-06,0.0
1,0.006696462631225586,1,1,1e-06,0.0
1,0.005802631378173828,1,1,1e-06,0.0
1,0.005477190017700195,1,1,1e-06,0.0
1,0.0051670074462890625,1,1,1e-06,0.0
1,0.006926298141479492,1,1,1e-06,0.0
1,0.008332490921020508,1,1,1e-06,0.0
1,0.007995843887329102,1,1,1e-06,0.0
1,0.0073506832122802734,1,1,1e-06,0.0
1,0.23319292068481445,1,1,1e-06,0.0
1,0.003725767135620117,1,1,1e-06,0.0
1,0.020531892776489258,1,1,1e-06,0.0
1,0.0033006668090820312,1,1,1e-06,0.0
1,0.004112720489501953,1,1,1e-06,0.0
1,0.002238035202026367,1,1,1e-06,0.0
1,0.0019276142120361328,1,1,1e-06,0.0
1,0.0051724910736083984,1,1,1e-06,0.0
1,0.0027070045471191406,1,1,1e-06,0.0
1,0.004530429840087891,1,1,1e-06,0.0
1,0.0025627613067626953,1,1,1e-06,0.0
1,0.020349740982055664,1,1,1e-06,0.0
1,0.003064870834350586,1,1,1e-06,0.0
1,0.0031495094299316406,1,1,1e-06,0.0
1,0.002624988555908203,1,1,1e-06,0.0
1,0.0026466846466064453,1,1,1e-06,0.0
1,0.0024917125701904297,1,1,1e-06,0.0
1,0.0029375553131103516,1,1,1e-06,0.0
1,0.0025391578674316406,1,1,1e-06,0.0
1,0.003146648406982422,1,1,1e-06,0.0
1,0.005956411361694336,1,1,1e-06,0.0
1,0.003251791000366211,1,1,1e-06,0.0
1,0.017325401306152344,1,1,1e-06,0.0
1,0.0028412342071533203,1,1,1e-06,0.0
1,0.002299070358276367,1,1,1e-06,0.0
1,0.002540111541748047,1,1,1e-06,0.0
1,0.002155303955078125,1,1,1e-06,0.0
1,0.002161741256713867,1,1,1e-06,0.0
1,0.002474546432495117,1,1,1e-06,0.0
1,0.013831377029418945,1,1,1e-06,0.0
1,0.003065824508666992,1,1,1e-06,0.0
1,0.012683629989624023,1,1,1e-06,0.0
1,0.013116121292114258,1,1,1e-06,0.0
1,0.0030181407928466797,1,1,1e-06,0.0
1,0.0018737316131591797,1,1,1e-06,0.0
1,0.0020728111267089844,1,1,1e-06,0.0
1,0.0028481483459472656,1,1,1e-06,0.0
1,0.014195442199707031,1,1,1e-06,0.0
1,0.006350994110107422,1,1,1e-06,0.0
1,0.0029408931732177734,1,1,1e-06,0.0
1,0.05860424041748047,1,1,1e-06,0.0
1,0.0022225379943847656,1,1,1e-06,0.0
1,0.015292644500732422,1,1,1e-06,0.0
1,0.0024623870849609375,1,1,1e-06,0.0
1,0.013371944427490234,1,1,1e-06,0.0
1,0.0022630691528320312,1,1,1e-06,0.0
1,0.005311727523803711,1,1,1e-06,0.0
1,0.0019724369049072266,1,1,1e-06,0.0
1,0.0018990039825439453,1,1,1e-06,0.0
1,0.001600027084350586,1,1,1e-06,0.0
1,0.006282806396484375,1,1,1e-06,0.0
1,0.002086639404296875,1,1,1e-06,0.0
1,0.0019598007202148438,1,1,1e-06,0.0
1,0.0022335052490234375,1,1,1e-06,0.0
1,0.0038042068481445312,1,1,1e-06,0.0
1,0.00186920166015625,1,1,1e-06,0.0
1,0.014233827590942383,1,1,1e-06,0.0
1,0.002409219741821289,1,1,1e-06,0.0
1,0.0022301673889160156,1,1,1e-06,0.0
1,0.015038251876831055,1,1,1e-06,0.0
1,0.0023772716522216797,1,1,1e-06,0.0
1,0.0018877983093261719,1,1,1e-06,0.0
1,0.0022580623626708984,1,1,1e-06,0.0
1,0.002886056900024414,1,1,1e-06,0.0
1,0.0022284984588623047,1,1,1e-06,0.0
1,0.002556324005126953,1,1,1e-06,0.0
1,0.004762172698974609,1,1,1e-06,0.0
1,0.012568950653076172,1,1,1e-06,0.0
1,0.0022101402282714844,1,1,1e-06,0.0
1,0.0019626617431640625,1,1,1e-06,0.0
1,0.0017819404602050781,1,1,1e-06,0.0
1,0.002636432647705078,1,1,1e-06,0.0
1,0.002863645553588867,1,1,1e-06,0.0
1,0.011067867279052734,1,1,1e-06,0.0
1,0.0024056434631347656,1,1,1e-06,0.0
1,0.0025832653045654297,1,1,1e-06,0.0
1,0.00847768783569336,1,1,1e-06,0.0
1,0.0028235912322998047,1,1,1e-06,0.0
1,0.002577543258666992,1,1,1e-06,0.0
1,0.0025382041931152344,1,1,1e-06,0.0
1,0.0027174949645996094,1,1,1e-06,0.0
1,0.0022497177124023438,1,1,1e-06,0.0
1,0.0019593238830566406,1,1,1e-06,0.0
1,0.0020160675048828125,1,1,1e-06,0.0
1,0.0028579235076904297,1,1,1e-06,0.0
1,0.0021903514862060547,1,1,1e-06,0.0
1,0.009999275207519531,1,1,1e-06,0.0
1,0.010630369186401367,1,1,1e-06,0.0
1,0.0026695728302001953,1,1,1e-06,0.0
1,0.00188446044921875,1,1,1e-06,0.0
1,0.00202178955078125,1,1,1e-06,0.0
1,0.0042498111724853516,1,1,1e-06,0.0
1,0.0017867088317871094,1,1,1e-06,0.0
1,0.003077983856201172,1,1,1e-06,0.0
1,0.004640102386474609,1,1,1e-06,0.0
1,0.011028528213500977,1,1,1e-06,0.0
1,0.0025072097778320312,1,1,1e-06,0.0
1,0.0019207000732421875,1,1,1e-06,0.0
1,0.001827239990234375,1,1,1e-06,0.0
1,0.057363271713256836,1,1,1e-06,0.0
1,0.001976490020751953,1,1,1e-06,0.0
1,0.0061492919921875,1,1,1e-06,0.0
1,0.0021851062774658203,1,1,1e-06,0.0
1,0.0018253326416015625,1,1,1e-06,0.0
1,0.0018074512481689453,1,1,1e-06,0.0
1,0.0029947757720947266,1,1,1e-06,0.0
1,0.0020520687103271484,1,1,1e-06,0.0
1,0.024400949478149414,1,1,1e-06,0.0
1,0.0023996829986572266,1,1,1e-06,0.0
1,0.059807538986206055,1,1,1e-06,0.0
1,0.003486156463623047,1,1,1e-06,0.0
1,0.002936840057373047,1,1,1e-06,0.0
1,0.013360023498535156,1,1,1e-06,0.0
1,0.0037059783935546875,1,1,1e-06,0.0
1,0.0074462890625,1,1,1e-06,0.0
1,0.023642778396606445,1,1,1e-06,0.0
1,0.007571697235107422,1,1,1e-06,0.0
1,0.020432710647583008,1,1,1e-06,0.0
1,0.05144095420837402,1,1,1e-06,0.0
1,0.009290695190429688,1,1,1e-06,0.0
1,0.010889530181884766,1,1,1e-06,0.0
1,0.014940261840820312,1,1,1e-06,0.0
1,0.10134482383728027,1,1,1e-06,0.0
1,0.00650787353515625,1,1,1e-06,0.0
1,0.0049402713775634766,1,1,1e-06,0.0
1,0.0034494400024414062,1,1,1e-06,0.0
1,0.0033960342407226562,1,1,1e-06,0.0
1,0.003042936325073242,1,1,1e-06,0.0
1,0.04410672187805176,1,1,1e-06,0.0
1,0.0031528472900390625,1,1,1e-06,0.0
1,0.011796951293945312,1,1,1e-06,0.0
1,0.0031714439392089844,1,1,1e-06,0.0
1,0.002996206283569336,1,1,1e-06,0.0
1,0.003064393997192383,1,1,1e-06,0.0
1,0.008028030395507812,1,1,1e-06,0.0
1,0.0026319026947021484,1,1,1e-06,0.0
1,0.0030503273010253906,1,1,1e-06,0.0
1,0.007239341735839844,1,1,1e-06,0.0
1,0.13669466972351074,1,1,1e-06,0.0
1,0.0050661563873291016,1,1,1e-06,0.0
1,0.0052797794342041016,1,1,1e-06,0.0
1,0.012291669845581055,1,1,1e-06,0.0
1,0.003912925720214844,1,1,1e-06,0.0
1,0.01118922233581543,1,1,1e-06,0.0
1,0.003531932830810547,1,1,1e-06,0.0
1,0.009196281433105469,1,1,1e-06,0.0
1,0.013427257537841797,1,1,1e-06,0.0
1,0.0048198699951171875,1,1,1e-06,0.0
1,0.0036051273345947266,1,1,1e-06,0.0
1,0.002919435501098633,1,1,1e-06,0.0
1,0.0041844844818115234,1,1,1e-06,0.0
1,0.012479305267333984,1,1,1e-06,0.0
1,0.005639553070068359,1,1,1e-06,0.0
1,0.0990743637084961,1,1,1e-06,0.0
1,0.003353118896484375,1,1,1e-06,0.0
1,0.004660367965698242,1,1,1e-06,0.0
1,0.006167173385620117,1,1,1e-06,0.0
1,0.006829738616943359,1,1,1e-06,0.0
1,0.0037908554077148438,1,1,1e-06,0.0
1,0.06560611724853516,1,1,1e-06,0.0
1,0.0031087398529052734,1,1,1e-06,0.0
1,0.030145645141601562,1,1,1e-06,0.0
1,0.0028400421142578125,1,1,1e-06,0.0
1,0.002879619598388672,1,1,1e-06,0.0
1,0.002905130386352539,1,1,1e-06,0.0
1,0.002741098403930664,1,1,1e-06,0.0
1,0.0030364990234375,1,1,1e-06,0.0
1,0.0034112930297851562,1,1,1e-06,0.0
1,0.0032889842987060547,1,1,1e-06,0.0
1,0.02207207679748535,1,1,1e-06,0.0
1,0.002740621566772461,1,1,1e-06,0.0
1,0.003194570541381836,1,1,1e-06,0.0
1,0.003210306167602539,1,1,1e-06,0.0
1,0.0026597976684570312,1,1,1e-06,0.0
1,0.004279613494873047,1,1,1e-06,0.0
1,0.0073239803314208984,1,1,1e-06,0.0
1,0.0029876232147216797,1,1,1e-06,0.0
1,0.003299713134765625,1,1,1e-06,0.0
1,0.006417036056518555,1,1,1e-06,0.0
1,0.003800630569458008,1,1,1e-06,0.0
1,0.002607107162475586,1,1,1e-06,0.0
1,0.007091522216796875,1,1,1e-06,0.0
1,0.003576517105102539,1,1,1e-06,0.0
1,0.0033185482025146484,1,1,1e-06,0.0
1,0.007112741470336914,1,1,1e-06,0.0
1,0.0040111541748046875,1,1,1e-06,0.0
1,0.03474164009094238,1,1,1e-06,0.0
1,0.004631996154785156,1,1,1e-06,0.0
1,0.003042936325073242,1,1,1e-06,0.0
1,0.056069374084472656,1,1,1e-06,0.0
1,0.0032634735107421875,1,1,1e-06,0.0
1,0.0027027130126953125,1,1,1e-06,0.0
1,0.002733945846557617,1,1,1e-06,0.0
1,0.009912967681884766,1,1,1e-06,0.0
1,0.007780790328979492,1,1,1e-06,0.0
1,0.0027799606323242188,1,1,1e-06,0.0
1,0.0032639503479003906,1,1,1e-06,0.0
1,0.003023862838745117,1,1,1e-06,0.0
1,0.003398418426513672,1,1,1e-06,0.0
1,0.0026428699493408203,1,1,1e-06,0.0
1,0.0021734237670898438,1,1,1e-06,0.0
1,0.002956867218017578,1,1,1e-06,0.0
1,0.03893780708312988,1,1,1e-06,0.0
1,0.0026540756225585938,1,1,1e-06,0.0
1,0.0037615299224853516,1,1,1e-06,0.0
1,0.0029888153076171875,1,1,1e-06,0.0
1,0.004714250564575195,1,1,1e-06,0.0
1,0.0065000057220458984,1,1,1e-06,0.0
1,0.005933284759521484,1,1,1e-06,0.0
1,0.0025954246520996094,1,1,1e-06,0.0
1,0.0027806758880615234,1,1,1e-06,0.0
1,0.0023834705352783203,1,1,1e-06,0.0
1,0.005287885665893555,1,1,1e-06,0.0
1,0.002712249755859375,1,1,1e-06,0.0
1,0.0030069351196289062,1,1,1e-06,0.0
1,0.002773761749267578,1,1,1e-06,0.0
1,0.00538182258605957,1,1,1e-06,0.0
1,0.03813576698303223,1,1,1e-06,0.0
1,0.0037813186645507812,1,1,1e-06,0.0
1,0.010140657424926758,1,1,1e-06,0.0
1,0.008049964904785156,1,1,1e-06,0.0
1,0.0026521682739257812,1,1,1e-06,0.0
1,0.002941608428955078,1,1,1e-06,0.0
1,0.016281604766845703,1,1,1e-06,0.0
1,0.0030536651611328125,1,1,1e-06,0.0
1,0.0025119781494140625,1,1,1e-06,0.0
1,0.0030846595764160156,1,1,1e-06,0.0
1,0.0029633045196533203,1,1,1e-06,0.0
1,0.0025720596313476562,1,1,1e-06,0.0
1,0.0026247501373291016,1,1,1e-06,0.0
1,0.00299835205078125,1,1,1e-06,0.0
1,0.026835203170776367,1,1,1e-06,0.0
1,0.013654232025146484,1,1,1e-06,0.0
1,0.015358924865722656,1,1,1e-06,0.0
1,0.0030531883239746094,1,1,1e-06,0.0
1,0.0027649402618408203,1,1,1e-06,0.0
1,0.005755424499511719,1,1,1e-06,0.0
1,0.04526376724243164,1,1,1e-06,0.0
1,0.002686023712158203,1,1,1e-06,0.0
1,0.004713296890258789,1,1,1e-06,0.0
1,0.002479076385498047,1,1,1e-06,0.0
1,0.002995729446411133,1,1,1e-06,0.0
1,0.0025510787963867188,1,1,1e-06,0.0
1,0.011411428451538086,1,1,1e-06,0.0
1,0.0021822452545166016,1,1,1e-06,0.0
1,0.0030870437622070312,1,1,1e-06,0.0
1,0.003116130828857422,1,1,1e-06,0.0
1,0.0030732154846191406,1,1,1e-06,0.0
1,0.002995014190673828,1,1,1e-06,0.0
1,0.0029854774475097656,1,1,1e-06,0.0
1,0.003933429718017578,1,1,1e-06,0.0
1,0.0031778812408447266,1,1,1e-06,0.0
1,0.003685474395751953,1,1,1e-06,0.0
1,0.005307912826538086,1,1,1e-06,0.0
1,0.006105899810791016,1,1,1e-06,0.0
1,0.002341747283935547,1,1,1e-06,0.0
1,0.002329587936401367,1,1,1e-06,0.0
1,0.0032885074615478516,1,1,1e-06,0.0
1,0.002897024154663086,1,1,1e-06,0.0
1,0.025165796279907227,1,1,1e-06,0.0
1,0.002720355987548828,1,1,1e-06,0.0
1,0.4019432067871094,1,1,1e-06,0.0
1,0.006175518035888672,1,1,1e-06,0.0
1,0.0022864341735839844,1,1,1e-06,0.0
1,0.011540889739990234,1,1,1e-06,0.0
1,0.0020766258239746094,1,1,1e-06,0.0
1,0.0018548965454101562,1,1,1e-06,0.0
1,0.022998809814453125,1,1,1e-06,0.0
1,0.0022618770599365234,1,1,1e-06,0.0
1,0.029137849807739258,1,1,1e-06,0.0
1,0.0033752918243408203,1,1,1e-06,0.0
1,0.002528667449951172,1,1,1e-06,0.0
1,0.0028333663940429688,1,1,1e-06,0.0
1,0.0029532909393310547,1,1,1e-06,0.0
1,0.0022263526916503906,1,1,1e-06,0.0
1,0.0022308826446533203,1,1,1e-06,0.0
1,0.002180337905883789,1,1,1e-06,0.0
1,0.003626585006713867,1,1,1e-06,0.0
1,0.0066449642181396484,1,1,1e-06,0.0
1,0.002213001251220703,1,1,1e-06,0.0
1,0.0032525062561035156,1,1,1e-06,0.0
1,0.0026285648345947266,1,1,1e-06,0.0
1,0.0870521068572998,1,1,1e-06,0.0
1,0.004217386245727539,1,1,1e-06,0.0
1,0.022040843963623047,1,1,1e-06,0.0
1,0.0021638870239257812,1,1,1e-06,0.0
1,0.01764702796936035,1,1,1e-06,0.0
1,0.002521038055419922,1,1,1e-06,0.0
1,0.002074718475341797,1,1,1e-06,0.0
1,0.046338558197021484,1,1,1e-06,0.0
1,0.023133516311645508,1,1,1e-06,0.0
1,0.0029697418212890625,1,1,1e-06,0.0
1,0.0026984214782714844,1,1,1e-06,0.0
1,0.002582550048828125,1,1,1e-06,0.0
1,0.0016679763793945312,1,1,1e-06,0.0
1,0.004009723663330078,1,1,1e-06,0.0
1,0.005028247833251953,1,1,1e-06,0.0
1,0.0042972564697265625,1,1,1e-06,0.0
1,0.0026400089263916016,1,1,1e-06,0.0
1,0.0215606689453125,1,1,1e-06,0.0
1,0.003409862518310547,1,1,1e-06,0.0
1,0.003976345062255859,1,1,1e-06,0.0
1,0.0022461414337158203,1,1,1e-06,0.0
1,0.004198789596557617,1,1,1e-06,0.0
1,0.009009838104248047,1,1,1e-06,0.0
1,0.002277851104736328,1,1,1e-06,0.0
1,0.030498266220092773,1,1,1e-06,0.0
1,0.00377655029296875,1,1,1e-06,0.0
1,0.0031914710998535156,1,1,1e-06,0.0
1,0.0022983551025390625,1,1,1e-06,0.0
1,0.01472616195678711,1,1,1e-06,0.0
1,0.01337742805480957,1,1,1e-06,0.0
1,0.008217573165893555,1,1,1e-06,0.0
1,0.004228830337524414,1,1,1e-06,0.0
1,0.005427122116088867,1,1,1e-06,0.0
1,0.007043361663818359,1,1,1e-06,0.0
1,0.003255605697631836,1,1,1e-06,0.0
1,0.004899740219116211,1,1,1e-06,0.0
1,0.003670215606689453,1,1,1e-06,0.0
1,0.0038483142852783203,1,1,1e-06,0.0
1,0.0023756027221679688,1,1,1e-06,0.0
1,0.007833480834960938,1,1,1e-06,0.0
1,0.004919528961181641,1,1,1e-06,0.0
1,0.003199338912963867,1,1,1e-06,0.0
1,0.0035772323608398438,1,1,1e-06,0.0
1,0.0024471282958984375,1,1,1e-06,0.0
1,0.004982709884643555,1,1,1e-06,0.0
1,0.005259513854980469,1,1,1e-06,0.0
1,0.011663675308227539,1,1,1e-06,0.0
1,0.006269693374633789,1,1,1e-06,0.0
1,0.018029451370239258,1,1,1e-06,0.0
1,0.040062904357910156,1,1,1e-06,0.0
1,0.005057096481323242,1,1,1e-06,0.0
1,0.004894256591796875,1,1,1e-06,0.0
1,0.006498098373413086,1,1,1e-06,0.0
1,0.008533716201782227,1,1,1e-06,0.0
1,0.33777403831481934,1,1,1e-06,0.0
1,0.002670764923095703,1,1,1e-06,0.0
1,0.002960205078125,1,1,1e-06,0.0
1,0.0024309158325195312,1,1,1e-06,0.0
1,0.0032308101654052734,1,1,1e-06,0.0
1,0.002467632293701172,1,1,1e-06,0.0
1,0.002450227737426758,1,1,1e-06,0.0
1,0.0027005672454833984,1,1,1e-06,0.0
1,0.031095266342163086,1,1,1e-06,0.0
1,0.0057735443115234375,1,1,1e-06,0.0
1,0.0035877227783203125,1,1,1e-06,0.0
1,0.002184629440307617,1,1,1e-06,0.0
1,0.0032966136932373047,1,1,1e-06,0.0
1,0.015586137771606445,1,1,1e-06,0.0
1,0.0025844573974609375,1,1,1e-06,0.0
1,0.002515077590942383,1,1,1e-06,0.0
1,0.00467991828918457,1,1,1e-06,0.0
1,0.002500772476196289,1,1,1e-06,0.0
1,0.0038614273071289062,1,1,1e-06,0.0
1,0.01634526252746582,1,1,1e-06,0.0
1,0.0035974979400634766,1,1,1e-06,0.0
1,0.0028717517852783203,1,1,1e-06,0.0
1,0.015178203582763672,1,1,1e-06,0.0
1,0.0028188228607177734,1,1,1e-06,0.0
1,0.0033326148986816406,1,1,1e-06,0.0
1,0.009565353393554688,1,1,1e-06,0.0
1,0.0017466545104980469,1,1,1e-06,0.0
1,0.0022203922271728516,1,1,1e-06,0.0
1,0.006664752960205078,1,1,1e-06,0.0
1,0.012055635452270508,1,1,1e-06,0.0
1,0.0035834312438964844,1,1,1e-06,0.0
1,0.02175593376159668,1,1,1e-06,0.0
1,0.0032749176025390625,1,1,1e-06,0.0
1,0.0023152828216552734,1,1,1e-06,0.0
1,0.003164052963256836,1,1,1e-06,0.0
1,0.002362489700317383,1,1,1e-06,0.0
1,0.0032930374145507812,1,1,1e-06,0.0
1,0.002320528030395508,1,1,1e-06,0.0
1,0.0019989013671875,1,1,1e-06,0.0
1,0.02522444725036621,1,1,1e-06,0.0
1,0.015218496322631836,1,1,1e-06,0.0
1,0.0034804344177246094,1,1,1e-06,0.0
1,0.0018799304962158203,1,1,1e-06,0.0
1,0.0018908977508544922,1,1,1e-06,0.0
1,0.0017709732055664062,1,1,1e-06,0.0
1,0.0025169849395751953,1,1,1e-06,0.0
1,0.0025610923767089844,1,1,1e-06,0.0
1,0.003156423568725586,1,1,1e-06,0.0
1,0.002836942672729492,1,1,1e-06,0.0
1,0.0027539730072021484,1,1,1e-06,0.0
1,0.001988649368286133,1,1,1e-06,0.0
1,0.0026094913482666016,1,1,1e-06,0.0
1,0.025624990463256836,1,1,1e-06,0.0
1,0.0026094913482666016,1,1,1e-06,0.0
1,0.014482975006103516,1,1,1e-06,0.0
1,0.028471708297729492,1,1,1e-06,0.0
1,0.0024640560150146484,1,1,1e-06,0.0
1,0.0024080276489257812,1,1,1e-06,0.0
1,0.0038251876831054688,1,1,1e-06,0.0
1,0.0034542083740234375,1,1,1e-06,0.0
1,0.0028107166290283203,1,1,1e-06,0.0
1,0.0023000240325927734,1,1,1e-06,0.0
1,0.0021190643310546875,1,1,1e-06,0.0
1,0.0022373199462890625,1,1,1e-06,0.0
1,0.005408525466918945,1,1,1e-06,0.0
1,0.003514528274536133,1,1,1e-06,0.0
1,0.0030279159545898438,1,1,1e-06,0.0
1,0.0028367042541503906,1,1,1e-06,0.0
1,0.002943754196166992,1,1,1e-06,0.0
1,0.002190828323364258,1,1,1e-06,0.0
1,0.002025604248046875,1,1,1e-06,0.0
1,0.014569282531738281,1,1,1e-06,0.0
1,0.0038793087005615234,1,1,1e-06,0.0
1,0.005124330520629883,1,1,1e-06,0.0
1,0.00453948974609375,1,1,1e-06,0.0
1,0.002727031707763672,1,1,1e-06,0.0
1,0.0021958351135253906,1,1,1e-06,0.0
1,0.0020182132720947266,1,1,1e-06,0.0
1,0.014806747436523438,1,1,1e-06,0.0
1,0.0039157867431640625,1,1,1e-06,0.0
1,0.0031735897064208984,1,1,1e-06,0.0
1,0.0025091171264648438,1,1,1e-06,0.0
1,0.0026564598083496094,1,1,1e-06,0.0
1,0.003165006637573242,1,1,1e-06,0.0
1,0.0020475387573242188,1,1,1e-06,0.0
1,0.0022830963134765625,1,1,1e-06,0.0
1,0.0030565261840820312,1,1,1e-06,0.0
1,0.005303859710693359,1,1,1e-06,0.0
1,0.002753019332885742,1,1,1e-06,0.0
1,0.0027980804443359375,1,1,1e-06,0.0
1,0.0027670860290527344,1,1,1e-06,0.0
1,0.002963542938232422,1,1,1e-06,0.0
1,0.0025098323822021484,1,1,1e-06,0.0
1,0.002749204635620117,1,1,1e-06,0.0
1,0.003572702407836914,1,1,1e-06,0.0
1,0.02292323112487793,1,1,1e-06,0.0
1,0.0035858154296875,1,1,1e-06,0.0
1,0.002964019775390625,1,1,1e-06,0.0
1,0.0020666122436523438,1,1,1e-06,0.0
1,0.0021638870239257812,1,1,1e-06,0.0
1,0.0018002986907958984,1,1,1e-06,0.0
1,0.012538433074951172,1,1,1e-06,0.0
1,0.002513885498046875,1,1,1e-06,0.0
1,0.0023419857025146484,1,1,1e-06,0.0
1,0.0023164749145507812,1,1,1e-06,0.0
1,0.0030486583709716797,1,1,1e-06,0.0
1,0.004349946975708008,1,1,1e-06,0.0
1,0.001890420913696289,1,1,1e-06,0.0
1,0.0020685195922851562,1,1,1e-06,0.0
1,0.0020668506622314453,1,1,1e-06,0.0
1,0.0025970935821533203,1,1,1e-06,0.0
1,0.005907535552978516,1,1,1e-06,0.0
1,0.004680633544921875,1,1,1e-06,0.0
1,0.004052877426147461,1,1,1e-06,0.0
1,0.002830028533935547,1,1,1e-06,0.0
1,0.027307748794555664,1,1,1e-06,0.0
1,0.0025162696838378906,1,1,1e-06,0.0
1,0.0027115345001220703,1,1,1e-06,0.0
1,0.004868030548095703,1,1,1e-06,0.0
1,0.002844095230102539,1,1,1e-06,0.0
1,0.0022830963134765625,1,1,1e-06,0.0
1,0.0022284984588623047,1,1,1e-06,0.0
1,0.0022885799407958984,1,1,1e-06,0.0
1,0.003509044647216797,1,1,1e-06,0.0
1,0.0027124881744384766,1,1,1e-06,0.0
1,0.004071950912475586,1,1,1e-06,0.0
1,0.003246307373046875,1,1,1e-06,0.0
1,0.0021309852600097656,1,1,1e-06,0.0
1,0.014815092086791992,1,1,1e-06,0.0
1,0.00890660285949707,1,1,1e-06,0.0
1,0.0026938915252685547,1,1,1e-06,0.0
1,0.015316963195800781,1,1,1e-06,0.0
1,0.0022687911987304688,1,1,1e-06,0.0
1,0.013016700744628906,1,1,1e-06,0.0
1,0.025937318801879883,1,1,1e-06,0.0
1,0.011874198913574219,1,1,1e-06,0.0
1,0.01450800895690918,1,1,1e-06,0.0
1,0.0027921199798583984,1,1,1e-06,0.0
1,0.001667022705078125,1,1,1e-06,0.0
1,0.0020415782928466797,1,1,1e-06,0.0
1,0.0030760765075683594,1,1,1e-06,0.0
1,0.002471446990966797,1,1,1e-06,0.0
1,0.010319709777832031,1,1,1e-06,0.0
1,0.002177715301513672,1,1,1e-06,0.0
1,0.0027115345001220703,1,1,1e-06,0.0
1,0.0032815933227539062,1,1,1e-06,0.0
1,0.0022513866424560547,1,1,1e-06,0.0
1,0.0020554065704345703,1,1,1e-06,0.0
1,0.008322954177856445,1,1,1e-06,0.0
1,0.013756513595581055,1,1,1e-06,0.0
1,0.002168416976928711,1,1,1e-06,0.0
1,0.0027294158935546875,1,1,1e-06,0.0
1,0.0030548572540283203,1,1,1e-06,0.0
1,0.003403186798095703,1,1,1e-06,0.0
1,0.008261442184448242,1,1,1e-06,0.0
1,0.002583026885986328,1,1,1e-06,0.0
1,0.005004167556762695,1,1,1e-06,0.0
1,0.08043718338012695,1,1,1e-06,0.0
1,0.012689828872680664,1,1,1e-06,0.0
1,0.006476879119873047,1,1,1e-06,0.0
1,0.002397775650024414,1,1,1e-06,0.0
1,0.024220705032348633,1,1,1e-06,0.0
1,0.004525184631347656,1,1,1e-06,0.0
1,0.002369403839111328,1,1,1e-06,0.0
1,0.008220672607421875,1,1,1e-06,0.0
1,0.002025127410888672,1,1,1e-06,0.0
1,0.05191230773925781,1,1,1e-06,0.0
1,0.006044149398803711,1,1,1e-06,0.0
1,0.0076847076416015625,1,1,1e-06,0.0
1,0.002788543701171875,1,1,1e-06,0.0
1,0.0025076866149902344,1,1,1e-06,0.0
1,0.003160238265991211,1,1,1e-06,0.0
1,0.002059459686279297,1,1,1e-06,0.0
1,0.0020563602447509766,1,1,1e-06,0.0
1,0.01536107063293457,1,1,1e-06,0.0
1,0.01994037628173828,1,1,1e-06,0.0
1,0.002835512161254883,1,1,1e-06,0.0
1,0.015630722045898438,1,1,1e-06,0.0
1,0.03833603858947754,1,1,1e-06,0.0
1,0.0022873878479003906,1,1,1e-06,0.0
1,0.002416849136352539,1,1,1e-06,0.0
1,0.003538370132446289,1,1,1e-06,0.0
1,0.002894878387451172,1,1,1e-06,0.0
1,0.007738590240478516,1,1,1e-06,0.0
1,0.002978086471557617,1,1,1e-06,0.0
1,0.005295991897583008,1,1,1e-06,0.0
1,0.005501985549926758,1,1,1e-06,0.0
1,0.05111527442932129,1,1,1e-06,0.0
1,0.0029058456420898438,1,1,1e-06,0.0
1,0.0028319358825683594,1,1,1e-06,0.0
1,0.002897500991821289,1,1,1e-06,0.0
1,0.002703428268432617,1,1,1e-06,0.0
1,0.0025725364685058594,1,1,1e-06,0.0
1,0.002976655960083008,1,1,1e-06,0.0
1,0.0032401084899902344,1,1,1e-06,0.0
1,0.0030388832092285156,1,1,1e-06,0.0
1,0.021565914154052734,1,1,1e-06,0.0
1,0.010710954666137695,1,1,1e-06,0.0
1,0.0040378570556640625,1,1,1e-06,0.0
1,0.016144275665283203,1,1,1e-06,0.0
1,0.004318714141845703,1,1,1e-06,0.0
1,0.0022945404052734375,1,1,1e-06,0.0
1,0.0033898353576660156,1,1,1e-06,0.0
1,0.0041961669921875,1,1,1e-06,0.0
1,0.03344440460205078,1,1,1e-06,0.0
1,0.013070821762084961,1,1,1e-06,0.0
1,0.0031206607818603516,1,1,1e-06,0.0
1,0.003070831298828125,1,1,1e-06,0.0
1,0.002437591552734375,1,1,1e-06,0.0
1,0.002464771270751953,1,1,1e-06,0.0
1,0.0019500255584716797,1,1,1e-06,0.0
1,0.002537965774536133,1,1,1e-06,0.0
1,0.002291440963745117,1,1,1e-06,0.0
1,0.004882335662841797,1,1,1e-06,0.0
1,0.0029609203338623047,1,1,1e-06,0.0
1,0.002750396728515625,1,1,1e-06,0.0
1,0.0029833316802978516,1,1,1e-06,0.0
1,0.0024077892303466797,1,1,1e-06,0.0
1,0.02667546272277832,1,1,1e-06,0.0
1,0.0022814273834228516,1,1,1e-06,0.0
1,0.002281665802001953,1,1,1e-06,0.0
1,0.0030159950256347656,1,1,1e-06,0.0
1,0.0025403499603271484,1,1,1e-06,0.0
1,0.0025281906127929688,1,1,1e-06,0.0
1,0.017508268356323242,1,1,1e-06,0.0
1,0.011759042739868164,1,1,1e-06,0.0
1,0.002540111541748047,1,1,1e-06,0.0
1,0.0029947757720947266,1,1,1e-06,0.0
1,0.024456024169921875,1,1,1e-06,0.0
1,0.002419710159301758,1,1,1e-06,0.0
1,0.002050638198852539,1,1,1e-06,0.0
1,0.0021936893463134766,1,1,1e-06,0.0
1,0.006829023361206055,1,1,1e-06,0.0
1,0.004152536392211914,1,1,1e-06,0.0
1,0.0028090476989746094,1,1,1e-06,0.0
1,0.0024895668029785156,1,1,1e-06,0.0
1,0.004356861114501953,1,1,1e-06,0.0
1,0.0026807785034179688,1,1,1e-06,0.0
1,0.008167743682861328,1,1,1e-06,0.0
1,0.0027446746826171875,1,1,1e-06,0.0
1,0.004776716232299805,1,1,1e-06,0.0
1,0.00276947021484375,1,1,1e-06,0.0
1,0.0024309158325195312,1,1,1e-06,0.0
1,0.002581357955932617,1,1,1e-06,0.0
1,0.006096363067626953,1,1,1e-06,0.0
1,0.030232906341552734,1,1,1e-06,0.0
1,0.0030965805053710938,1,1,1e-06,0.0
1,0.014087915420532227,1,1,1e-06,0.0
1,0.00968623161315918,1,1,1e-06,0.0
1,0.003149747848510742,1,1,1e-06,0.0
1,0.0025153160095214844,1,1,1e-06,0.0
1,0.0032258033752441406,1,1,1e-06,0.0
1,0.002742767333984375,1,1,1e-06,0.0
1,0.0018630027770996094,1,1,1e-06,0.0
1,0.002360105514526367,1,1,1e-06,0.0
1,0.07752251625061035,1,1,1e-06,0.0
1,0.002346038818359375,1,1,1e-06,0.0
1,0.016126155853271484,1,1,1e-06,0.0
1,0.0022830963134765625,1,1,1e-06,0.0
1,0.0026464462280273438,1,1,1e-06,0.0
1,0.0021462440490722656,1,1,1e-06,0.0
1,0.0019545555114746094,1,1,1e-06,0.0
1,0.0024809837341308594,1,1,1e-06,0.0
1,0.0027818679809570312,1,1,1e-06,0.0
1,0.005535125732421875,1,1,1e-06,0.0
1,0.002363443374633789,1,1,1e-06,0.0
1,0.0018405914306640625,1,1,1e-06,0.0
1,0.003578662872314453,1,1,1e-06,0.0
1,0.003674745559692383,1,1,1e-06,0.0
1,0.002036571502685547,1,1,1e-06,0.0
1,0.002571582794189453,1,1,1e-06,0.0
1,0.0020933151245117188,1,1,1e-06,0.0
1,0.0021250247955322266,1,1,1e-06,0.0
1,0.0020248889923095703,1,1,1e-06,0.0
1,0.0024385452270507812,1,1,1e-06,0.0
1,0.0024318695068359375,1,1,1e-06,0.0
1,0.0023088455200195312,1,1,1e-06,0.0
1,0.002075672149658203,1,1,1e-06,0.0
1,0.0034766197204589844,1,1,1e-06,0.0
1,0.002327442169189453,1,1,1e-06,0.0
1,0.0025475025177001953,1,1,1e-06,0.0
1,0.06854653358459473,1,1,1e-06,0.0
1,0.0021789073944091797,1,1,1e-06,0.0
1,0.013283252716064453,1,1,1e-06,0.0
1,0.004161834716796875,1,1,1e-06,0.0
1,0.0022268295288085938,1,1,1e-06,0.0
1,0.028230905532836914,1,1,1e-06,0.0
1,0.0029611587524414062,1,1,1e-06,0.0
1,0.0018584728240966797,1,1,1e-06,0.0
1,0.002567291259765625,1,1,1e-06,0.0
1,0.0026903152465820312,1,1,1e-06,0.0
1,0.0019528865814208984,1,1,1e-06,0.0
1,0.0028090476989746094,1,1,1e-06,0.0
1,0.01382303237915039,1,1,1e-06,0.0
1,0.0019261837005615234,1,1,1e-06,0.0
1,0.02237844467163086,1,1,1e-06,0.0
1,0.002370595932006836,1,1,1e-06,0.0
1,0.0036373138427734375,1,1,1e-06,0.0
1,0.16607379913330078,1,1,1e-06,0.0
1,0.0021600723266601562,1,1,1e-06,0.0
1,0.003849506378173828,1,1,1e-06,0.0
1,0.002450704574584961,1,1,1e-06,0.0
1,0.0025377273559570312,1,1,1e-06,0.0
1,0.001978158950805664,1,1,1e-06,0.0
1,0.0017397403717041016,1,1,1e-06,0.0
1,0.0033788681030273438,1,1,1e-06,0.0
1,0.0021910667419433594,1,1,1e-06,0.0
1,0.005708217620849609,1,1,1e-06,0.0
1,0.002830982208251953,1,1,1e-06,0.0
1,0.001646280288696289,1,1,1e-06,0.0
1,0.0021440982818603516,1,1,1e-06,0.0
1,0.0020482540130615234,1,1,1e-06,0.0
1,0.0016362667083740234,1,1,1e-06,0.0
1,0.0017926692962646484,1,1,1e-06,0.0
1,0.051682472229003906,1,1,1e-06,0.0
1,0.004237651824951172,1,1,1e-06,0.0
1,0.022530794143676758,1,1,1e-06,0.0
1,0.020668983459472656,1,1,1e-06,0.0
1,0.0034079551696777344,1,1,1e-06,0.0
1,0.0029859542846679688,1,1,1e-06,0.0
1,0.0021512508392333984,1,1,1e-06,0.0
1,0.0019190311431884766,1,1,1e-06,0.0
1,0.0018901824951171875,1,1,1e-06,0.0
1,0.06955933570861816,1,1,1e-06,0.0
1,0.0024781227111816406,1,1,1e-06,0.0
1,0.0027875900268554688,1,1,1e-06,0.0
1,0.002574443817138672,1,1,1e-06,0.0
1,0.0038518905639648438,1,1,1e-06,0.0
1,0.0027282238006591797,1,1,1e-06,0.0
1,0.001857757568359375,1,1,1e-06,0.0
1,0.0024504661560058594,1,1,1e-06,0.0
1,0.009420156478881836,1,1,1e-06,0.0
1,0.0016820430755615234,1,1,1e-06,0.0
1,0.002883434295654297,1,1,1e-06,0.0
1,0.001982450485229492,1,1,1e-06,0.0
1,0.0018377304077148438,1,1,1e-06,0.0
1,0.0027523040771484375,1,1,1e-06,0.0
1,0.002299070358276367,1,1,1e-06,0.0
1,0.0021572113037109375,1,1,1e-06,0.0
1,0.022197723388671875,1,1,1e-06,0.0
1,0.011533975601196289,1,1,1e-06,0.0
1,0.014396190643310547,1,1,1e-06,0.0
1,0.021387100219726562,1,1,1e-06,0.0
1,0.13636159896850586,1,1,1e-06,0.0
1,0.0023298263549804688,1,1,1e-06,0.0
1,0.0018115043640136719,1,1,1e-06,0.0
1,0.002338886260986328,1,1,1e-06,0.0
1,0.002265453338623047,1,1,1e-06,0.0
1,0.0018956661224365234,1,1,1e-06,0.0
1,0.002325296401977539,1,1,1e-06,0.0
1,0.003396749496459961,1,1,1e-06,0.0
1,0.0024793148040771484,1,1,1e-06,0.0
1,0.0026040077209472656,1,1,1e-06,0.0
1,0.0024111270904541016,1,1,1e-06,0.0
1,0.002411365509033203,1,1,1e-06,0.0
1,0.002119779586791992,1,1,1e-06,0.0
1,0.00160980224609375,1,1,1e-06,0.0
1,0.00200653076171875,1,1,1e-06,0.0
1,0.0016973018646240234,1,1,1e-06,0.0
1,0.002717733383178711,1,1,1e-06,0.0
1,0.0035686492919921875,1,1,1e-06,0.0
1,0.023272275924682617,1,1,1e-06,0.0
1,0.002087831497192383,1,1,1e-06,0.0
1,0.0042934417724609375,1,1,1e-06,0.0
1,0.002460479736328125,1,1,1e-06,0.0
1,0.0028047561645507812,1,1,1e-06,0.0
1,0.00177001953125,1,1,1e-06,0.0
1,0.0017247200012207031,1,1,1e-06,0.0
1,0.004164695739746094,1,1,1e-06,0.0
1,0.003353118896484375,1,1,1e-06,0.0
1,0.003832578659057617,1,1,1e-06,0.0
1,0.01135396957397461,1,1,1e-06,0.0
1,0.05795168876647949,1,1,1e-06,0.0
1,0.0028107166290283203,1,1,1e-06,0.0
1,0.002535581588745117,1,1,1e-06,0.0
1,0.0022306442260742188,1,1,1e-06,0.0
1,0.002179384231567383,1,1,1e-06,0.0
1,0.0023775100708007812,1,1,1e-06,0.0
1,0.08188176155090332,1,1,1e-06,0.0
1,0.002115011215209961,1,1,1e-06,0.0
1,0.02814936637878418,1,1,1e-06,0.0
1,0.002805948257446289,1,1,1e-06,0.0
1,0.003520488739013672,1,1,1e-06,0.0
1,0.023969411849975586,1,1,1e-06,0.0
1,0.011874675750732422,1,1,1e-06,0.0
1,0.0023488998413085938,1,1,1e-06,0.0
1,0.037596702575683594,1,1,1e-06,0.0
1,0.002366304397583008,1,1,1e-06,0.0
1,0.002031564712524414,1,1,1e-06,0.0
1,0.005424022674560547,1,1,1e-06,0.0
1,0.002354860305786133,1,1,1e-06,0.0
1,0.0027773380279541016,1,1,1e-06,0.0
1,0.002572774887084961,1,1,1e-06,0.0
1,0.002338886260986328,1,1,1e-06,0.0
1,0.003631114959716797,1,1,1e-06,0.0
1,0.01931023597717285,1,1,1e-06,0.0
1,0.0030891895294189453,1,1,1e-06,0.0
1,0.0028374195098876953,1,1,1e-06,0.0
1,0.014638423919677734,1,1,1e-06,0.0
1,0.0028357505798339844,1,1,1e-06,0.0
1,0.0027899742126464844,1,1,1e-06,0.0
1,0.0032434463500976562,1,1,1e-06,0.0
1,0.0033860206604003906,1,1,1e-06,0.0
1,0.0024900436401367188,1,1,1e-06,0.0
1,0.004842281341552734,1,1,1e-06,0.0
1,0.04190802574157715,1,1,1e-06,0.0
1,0.0051877498626708984,1,1,1e-06,0.0
1,0.023962020874023438,1,1,1e-06,0.0
1,0.005669832229614258,1,1,1e-06,0.0
1,0.00522923469543457,1,1,1e-06,0.0
1,0.11114692687988281,1,1,1e-06,0.0
1,0.0037801265716552734,1,1,1e-06,0.0
1,0.0037140846252441406,1,1,1e-06,0.0
1,0.0036668777465820312,1,1,1e-06,0.0
1,0.0601191520690918,1,1,1e-06,0.0
1,0.005159139633178711,1,1,1e-06,0.0
1,0.004830121994018555,1,1,1e-06,0.0
1,0.005125522613525391,1,1,1e-06,0.0
1,0.004842042922973633,1,1,1e-06,0.0
1,0.010437965393066406,1,1,1e-06,0.0
1,0.025967836380004883,1,1,1e-06,0.0
1,0.004828214645385742,1,1,1e-06,0.0
1,0.012881994247436523,1,1,1e-06,0.0
1,0.005330801010131836,1,1,1e-06,0.0
1,0.014391422271728516,1,1,1e-06,0.0
1,0.00450587272644043,1,1,1e-06,0.0
1,0.0329136848449707,1,1,1e-06,0.0
1,0.004981279373168945,1,1,1e-06,0.0
1,0.2748398780822754,1,1,1e-06,0.0
1,0.013045549392700195,1,1,1e-06,0.0
1,0.0033380985260009766,1,1,1e-06,0.0
1,0.003486156463623047,1,1,1e-06,0.0
1,0.012078523635864258,1,1,1e-06,0.0
1,0.005174398422241211,1,1,1e-06,0.0
1,0.0033059120178222656,1,1,1e-06,0.0
1,0.008822441101074219,1,1,1e-06,0.0
1,0.005555152893066406,1,1,1e-06,0.0
1,0.0037469863891601562,1,1,1e-06,0.0
1,0.00553441047668457,1,1,1e-06,0.0
1,0.004170894622802734,1,1,1e-06,0.0
1,0.004418611526489258,1,1,1e-06,0.0
1,0.12749981880187988,1,1,1e-06,0.0
1,0.003080606460571289,1,1,1e-06,0.0
1,0.002923727035522461,1,1,1e-06,0.0
1,0.004060268402099609,1,1,1e-06,0.0
1,0.01328730583190918,1,1,1e-06,0.0
1,0.03987932205200195,1,1,1e-06,0.0
1,0.004710674285888672,1,1,1e-06,0.0
1,0.0035598278045654297,1,1,1e-06,0.0
1,0.0031728744506835938,1,1,1e-06,0.0
1,0.008179426193237305,1,1,1e-06,0.0
1,0.004401206970214844,1,1,1e-06,0.0
1,0.02501058578491211,1,1,1e-06,0.0
1,0.003972768783569336,1,1,1e-06,0.0
1,0.08462238311767578,1,1,1e-06,0.0
1,0.004132509231567383,1,1,1e-06,0.0
1,0.024216890335083008,1,1,1e-06,0.0
1,0.5060439109802246,1,1,1e-06,0.0
1,0.01355886459350586,1,1,1e-06,0.0
1,0.00606989860534668,1,1,1e-06,0.0
1,0.00865793228149414,1,1,1e-06,0.0
1,0.008184671401977539,1,1,1e-06,0.0
1,0.007898569107055664,1,1,1e-06,0.0
1,0.04996037483215332,1,1,1e-06,0.0
1,0.004327297210693359,1,1,1e-06,0.0
1,0.01190185546875,1,1,1e-06,0.0
1,0.0047760009765625,1,1,1e-06,0.0
1,0.010028362274169922,1,1,1e-06,0.0
1,0.004735231399536133,1,1,1e-06,0.0
1,0.02140331268310547,1,1,1e-06,0.0
1,0.04243063926696777,1,1,1e-06,0.0
1,0.004607677459716797,1,1,1e-06,0.0
1,0.004300117492675781,1,1,1e-06,0.0
1,0.0261685848236084,1,1,1e-06,0.0
1,0.008124113082885742,1,1,1e-06,0.0
1,0.0055773258209228516,1,1,1e-06,0.0
1,0.00762176513671875,1,1,1e-06,0.0
1,0.007139682769775391,1,1,1e-06,0.0
1,0.007078886032104492,1,1,1e-06,0.0
1,0.011888742446899414,1,1,1e-06,0.0
1,0.0048487186431884766,1,1,1e-06,0.0
1,0.005869150161743164,1,1,1e-06,0.0
1,0.0440976619720459,1,1,1e-06,0.0
1,0.07579565048217773,1,1,1e-06,0.0
1,0.03642749786376953,1,1,1e-06,0.0
1,0.009456157684326172,1,1,1e-06,0.0
1,0.006249189376831055,1,1,1e-06,0.0
1,0.004051685333251953,1,1,1e-06,0.0
1,0.005545377731323242,1,1,1e-06,0.0
1,0.00549769401550293,1,1,1e-06,0.0
1,0.04750967025756836,1,1,1e-06,0.0
1,0.009534358978271484,1,1,1e-06,0.0
1,0.008939027786254883,1,1,1e-06,0.0
1,0.004374504089355469,1,1,1e-06,0.0
1,0.006607770919799805,1,1,1e-06,0.0
1,0.0048198699951171875,1,1,1e-06,0.0
1,0.01384115219116211,1,1,1e-06,0.0
1,0.0060558319091796875,1,1,1e-06,0.0
1,0.005724191665649414,1,1,1e-06,0.0
1,0.006260871887207031,1,1,1e-06,0.0
1,0.004125356674194336,1,1,1e-06,0.0
1,0.003907680511474609,1,1,1e-06,0.0
1,0.009633779525756836,1,1,1e-06,0.0
1,0.03460264205932617,1,1,1e-06,0.0
1,0.07521891593933105,1,1,1e-06,0.0
1,0.013259649276733398,1,1,1e-06,0.0
1,0.003143787384033203,1,1,1e-06,0.0
1,0.0030481815338134766,1,1,1e-06,0.0
1,0.002740621566772461,1,1,1e-06,0.0
1,0.04793810844421387,1,1,1e-06,0.0
1,0.010901927947998047,1,1,1e-06,0.0
1,0.03676605224609375,1,1,1e-06,0.0
1,0.23717713356018066,1,1,1e-06,0.0
1,0.002810955047607422,1,1,1e-06,0.0
1,0.0029561519622802734,1,1,1e-06,0.0
1,0.0026891231536865234,1,1,1e-06,0.0
1,0.003038644790649414,1,1,1e-06,0.0
1,0.0031576156616210938,1,1,1e-06,0.0
1,0.002681255340576172,1,1,1e-06,0.0
1,0.005164146423339844,1,1,1e-06,0.0
1,0.006455898284912109,1,1,1e-06,0.0
1,0.004357337951660156,1,1,1e-06,0.0
1,0.003693819046020508,1,1,1e-06,0.0
1,0.03644680976867676,1,1,1e-06,0.0
1,0.0032596588134765625,1,1,1e-06,0.0
1,0.0032393932342529297,1,1,1e-06,0.0
1,0.02051377296447754,1,1,1e-06,0.0
1,0.0028862953186035156,1,1,1e-06,0.0
1,0.0036115646362304688,1,1,1e-06,0.0
1,0.004218578338623047,1,1,1e-06,0.0
1,0.00768280029296875,1,1,1e-06,0.0
1,0.0035996437072753906,1,1,1e-06,0.0
1,0.003866910934448242,1,1,1e-06,0.0
1,0.0039730072021484375,1,1,1e-06,0.0
1,0.0033206939697265625,1,1,1e-06,0.0
1,0.004227638244628906,1,1,1e-06,0.0
1,0.007925748825073242,1,1,1e-06,0.0
1,0.0028734207153320312,1,1,1e-06,0.0
1,0.007399797439575195,1,1,1e-06,0.0
1,0.024190187454223633,1,1,1e-06,0.0
1,0.004702091217041016,1,1,1e-06,0.0
1,0.0672445297241211,1,1,1e-06,0.0
1,0.004454851150512695,1,1,1e-06,0.0
1,0.0027120113372802734,1,1,1e-06,0.0
1,0.0351715087890625,1,1,1e-06,0.0
1,0.004251956939697266,1,1,1e-06,0.0
1,0.020140886306762695,1,1,1e-06,0.0
1,0.002149820327758789,1,1,1e-06,0.0
1,0.020033597946166992,1,1,1e-06,0.0
1,0.011329889297485352,1,1,1e-06,0.0
1,0.0047953128814697266,1,1,1e-06,0.0
1,0.00548863410949707,1,1,1e-06,0.0
1,0.004158496856689453,1,1,1e-06,0.0
1,0.003194570541381836,1,1,1e-06,0.0
1,0.003532886505126953,1,1,1e-06,0.0
1,0.002892017364501953,1,1,1e-06,0.0
1,0.005444526672363281,1,1,1e-06,0.0
1,0.0036170482635498047,1,1,1e-06,0.0
1,0.04936981201171875,1,1,1e-06,0.0
1,0.0037393569946289062,1,1,1e-06,0.0
1,0.0024204254150390625,1,1,1e-06,0.0
1,0.04122662544250488,1,1,1e-06,0.0
1,0.0040094852447509766,1,1,1e-06,0.0
1,0.003937482833862305,1,1,1e-06,0.0
1,0.004750967025756836,1,1,1e-06,0.0
1,0.014328956604003906,1,1,1e-06,0.0
1,0.002671957015991211,1,1,1e-06,0.0
1,0.003546476364135742,1,1,1e-06,0.0
1,0.005695343017578125,1,1,1e-06,0.0
1,0.0026993751525878906,1,1,1e-06,0.0
1,0.002372264862060547,1,1,1e-06,0.0
1,0.003219127655029297,1,1,1e-06,0.0
1,0.025640010833740234,1,1,1e-06,0.0
1,0.007268190383911133,1,1,1e-06,0.0
1,0.003314495086669922,1,1,1e-06,0.0
1,0.0027627944946289062,1,1,1e-06,0.0
1,0.0028989315032958984,1,1,1e-06,0.0
1,0.003430604934692383,1,1,1e-06,0.0
1,0.0036766529083251953,1,1,1e-06,0.0
1,0.0032067298889160156,1,1,1e-06,0.0
1,0.002593994140625,1,1,1e-06,0.0
1,0.0040204524993896484,1,1,1e-06,0.0
1,0.04148507118225098,1,1,1e-06,0.0
1,0.004347562789916992,1,1,1e-06,0.0
1,0.019049644470214844,1,1,1e-06,0.0
1,0.003884553909301758,1,1,1e-06,0.0
1,0.0024726390838623047,1,1,1e-06,0.0
1,0.0042192935943603516,1,1,1e-06,0.0
1,0.003791332244873047,1,1,1e-06,0.0
1,0.0041675567626953125,1,1,1e-06,0.0
1,0.0028884410858154297,1,1,1e-06,0.0
1,0.003178119659423828,1,1,1e-06,0.0
1,0.0032415390014648438,1,1,1e-06,0.0
1,0.002326488494873047,1,1,1e-06,0.0
1,0.0020859241485595703,1,1,1e-06,0.0
1,0.003874540328979492,1,1,1e-06,0.0
1,0.0027196407318115234,1,1,1e-06,0.0
1,0.004734039306640625,1,1,1e-06,0.0
1,0.0032427310943603516,1,1,1e-06,0.0
1,0.002789020538330078,1,1,1e-06,0.0
1,0.0029861927032470703,1,1,1e-06,0.0
1,0.00907278060913086,1,1,1e-06,0.0
1,0.003301858901977539,1,1,1e-06,0.0
1,0.023494482040405273,1,1,1e-06,0.0
1,0.03696441650390625,1,1,1e-06,0.0
1,0.004814863204956055,1,1,1e-06,0.0
1,0.003926515579223633,1,1,1e-06,0.0
1,0.0030236244201660156,1,1,1e-06,0.0
1,0.003458738327026367,1,1,1e-06,0.0
1,0.004018068313598633,1,1,1e-06,0.0
1,0.003583669662475586,1,1,1e-06,0.0
1,0.0031168460845947266,1,1,1e-06,0.0
1,0.0035581588745117188,1,1,1e-06,0.0
1,0.0045239925384521484,1,1,1e-06,0.0
1,0.003416299819946289,1,1,1e-06,0.0
1,0.004201173782348633,1,1,1e-06,0.0
1,0.6355705261230469,1,1,1e-06,0.0
1,0.0034224987030029297,1,1,1e-06,0.0
1,0.0027022361755371094,1,1,1e-06,0.0
1,0.0032033920288085938,1,1,1e-06,0.0
1,0.011347770690917969,1,1,1e-06,0.0
1,0.002955198287963867,1,1,1e-06,0.0
1,0.002908945083618164,1,1,1e-06,0.0
1,0.0033240318298339844,1,1,1e-06,0.0
1,0.0024776458740234375,1,1,1e-06,0.0
1,0.0024018287658691406,1,1,1e-06,0.0
1,0.008270502090454102,1,1,1e-06,0.0
1,0.06273794174194336,1,1,1e-06,0.0
1,0.0061762332916259766,1,1,1e-06,0.0
1,0.0035533905029296875,1,1,1e-06,0.0
1,0.002811431884765625,1,1,1e-06,0.0
1,0.0028772354125976562,1,1,1e-06,0.0
1,0.0031576156616210938,1,1,1e-06,0.0
1,0.002843618392944336,1,1,1e-06,0.0
1,0.002819538116455078,1,1,1e-06,0.0
1,0.002646923065185547,1,1,1e-06,0.0
1,0.0032804012298583984,1,1,1e-06,0.0
1,0.004426240921020508,1,1,1e-06,0.0
0,1.22920823097229,0,0,,0.0
1,0.0028908252716064453,1,1,1e-06,0.0
1,0.024673938751220703,1,1,1e-06,0.0
1,0.003148794174194336,1,1,1e-06,0.0
1,0.008154630661010742,1,1,1e-06,0.0
1,0.002363920211791992,1,1,1e-06,0.0
1,0.0030395984649658203,1,1,1e-06,0.0
1,0.21192669868469238,1,1,1e-06,0.0
1,0.010206937789916992,1,1,1e-06,0.0
1,0.013116121292114258,1,1,1e-06,0.0
1,0.019779443740844727,1,1,1e-06,0.0
1,0.0032913684844970703,1,1,1e-06,0.0
1,0.02004551887512207,1,1,1e-06,0.0
1,0.0035126209259033203,1,1,1e-06,0.0
1,0.004379749298095703,1,1,1e-06,0.0
1,0.0050280094146728516,1,1,1e-06,0.0
1,0.052713871002197266,1,1,1e-06,0.0
1,0.006596803665161133,1,1,1e-06,0.0
1,0.005521535873413086,1,1,1e-06,0.0
1,0.012042760848999023,1,1,1e-06,0.0
1,0.011010885238647461,1,1,1e-06,0.0
1,0.006239891052246094,1,1,1e-06,0.0
1,0.004379749298095703,1,1,1e-06,0.0
1,0.04224228858947754,1,1,1e-06,0.0
1,0.06766986846923828,1,1,1e-06,0.0
1,0.0040721893310546875,1,1,1e-06,0.0
1,0.007185459136962891,1,1,1e-06,0.0
1,0.04294109344482422,1,1,1e-06,0.0
1,0.006663322448730469,1,1,1e-06,0.0
1,0.003648042678833008,1,1,1e-06,0.0
1,0.0042552947998046875,1,1,1e-06,0.0
1,0.03099226951599121,1,1,1e-06,0.0
1,0.03571486473083496,1,1,1e-06,0.0
1,0.038152217864990234,1,1,1e-06,0.0
1,0.005493640899658203,1,1,1e-06,0.0
1,0.004494667053222656,1,1,1e-06,0.0
1,0.02989792823791504,1,1,1e-06,0.0
1,0.005602836608886719,1,1,1e-06,0.0
1,0.020159482955932617,1,1,1e-06,0.0
1,0.003604888916015625,1,1,1e-06,0.0
1,0.0034685134887695312,1,1,1e-06,0.0
1,0.005133390426635742,1,1,1e-06,0.0
1,0.0032172203063964844,1,1,1e-06,0.0
1,0.0073146820068359375,1,1,1e-06,0.0
1,0.0382232666015625,1,1,1e-06,0.0
1,0.011246204376220703,1,1,1e-06,0.0
1,0.06942129135131836,1,1,1e-06,0.0
1,0.013379812240600586,1,1,1e-06,0.0
1,0.029455900192260742,1,1,1e-06,0.0
1,0.005082607269287109,1,1,1e-06,0.0
1,0.0037212371826171875,1,1,1e-06,0.0
1,0.02030658721923828,1,1,1e-06,0.0
1,0.003423929214477539,1,1,1e-06,0.0
1,0.004779815673828125,1,1,1e-06,0.0
1,0.003961801528930664,1,1,1e-06,0.0
1,0.011762857437133789,1,1,1e-06,0.0
1,0.011028289794921875,1,1,1e-06,0.0
1,0.007348775863647461,1,1,1e-06,0.0
1,0.017454147338867188,1,1,1e-06,0.0
1,0.0119171142578125,1,1,1e-06,0.0
1,0.006304264068603516,1,1,1e-06,0.0
1,0.007893800735473633,1,1,1e-06,0.0
1,0.004183769226074219,1,1,1e-06,0.0
1,0.037856340408325195,1,1,1e-06,0.0
1,0.005362510681152344,1,1,1e-06,0.0
1,0.007855653762817383,1,1,1e-06,0.0
1,0.006863117218017578,1,1,1e-06,0.0
1,0.004429340362548828,1,1,1e-06,0.0
1,0.008208990097045898,1,1,1e-06,0.0
1,0.0033371448516845703,1,1,1e-06,0.0
1,0.0053637027740478516,1,1,1e-06,0.0
1,0.004597902297973633,1,1,1e-06,0.0
1,0.004191398620605469,1,1,1e-06,0.0
1,0.006603717803955078,1,1,1e-06,0.0
1,0.006546735763549805,1,1,1e-06,0.0
1,0.0035088062286376953,1,1,1e-06,0.0
1,0.0035827159881591797,1,1,1e-06,0.0
1,0.0054285526275634766,1,1,1e-06,0.0
1,0.0029337406158447266,1,1,1e-06,0.0
1,0.0073626041412353516,1,1,1e-06,0.0
1,0.003694772720336914,1,1,1e-06,0.0
1,0.004607439041137695,1,1,1e-06,0.0
1,0.006041526794433594,1,1,1e-06,0.0
1,0.18440866470336914,1,1,1e-06,0.0
1,0.003676891326904297,1,1,1e-06,0.0
1,0.05360126495361328,1,1,1e-06,0.0
1,0.022985458374023438,1,1,1e-06,0.0
1,0.012281656265258789,1,1,1e-06,0.0
1,0.005724668502807617,1,1,1e-06,0.0
1,0.0026578903198242188,1,1,1e-06,0.0
1,0.002586841583251953,1,1,1e-06,0.0
1,0.002607583999633789,1,1,1e-06,0.0
1,0.0024542808532714844,1,1,1e-06,0.0
1,0.003186464309692383,1,1,1e-06,0.0
1,0.0036475658416748047,1,1,1e-06,0.0
1,0.006752729415893555,1,1,1e-06,0.0
1,0.003570556640625,1,1,1e-06,0.0
1,0.005036592483520508,1,1,1e-06,0.0
1,0.004277467727661133,1,1,1e-06,0.0
1,0.0036592483520507812,1,1,1e-06,0.0
1,0.007727384567260742,1,1,1e-06,0.0
1,0.007167339324951172,1,1,1e-06,0.0
1,0.0043182373046875,1,1,1e-06,0.0
1,0.003988027572631836,1,1,1e-06,0.0
1,0.0025637149810791016,1,1,1e-06,0.0
1,0.021033287048339844,1,1,1e-06,0.0
1,0.00419306755065918,1,1,1e-06,0.0
1,0.0036923885345458984,1,1,1e-06,0.0
1,0.004593372344970703,1,1,1e-06,0.0
1,0.0026068687438964844,1,1,1e-06,0.0
1,0.0026884078979492188,1,1,1e-06,0.0
1,0.02061772346496582,1,1,1e-06,0.0
1,0.007674694061279297,1,1,1e-06,0.0
1,0.0038025379180908203,1,1,1e-06,0.0
1,0.005906343460083008,1,1,1e-06,0.0
1,0.005970478057861328,1,1,1e-06,0.0
1,0.0034286975860595703,1,1,1e-06,0.0
1,0.004363536834716797,1,1,1e-06,0.0
1,0.00522303581237793,1,1,1e-06,0.0
1,0.07571935653686523,1,1,1e-06,0.0
1,0.0035555362701416016,1,1,1e-06,0.0
1,0.0031898021697998047,1,1,1e-06,0.0
1,0.002993345260620117,1,1,1e-06,0.0
1,0.005079507827758789,1,1,1e-06,0.0
1,0.003022909164428711,1,1,1e-06,0.0
1,0.003915071487426758,1,1,1e-06,0.0
1,0.0029709339141845703,1,1,1e-06,0.0
1,0.005936384201049805,1,1,1e-06,0.0
1,0.0030508041381835938,1,1,1e-06,0.0
1,0.01411294937133789,1,1,1e-06,0.0
1,0.0036270618438720703,1,1,1e-06,0.0
1,0.04627561569213867,1,1,1e-06,0.0
1,0.004151582717895508,1,1,1e-06,0.0
1,0.005310773849487305,1,1,1e-06,0.0
1,0.004140615463256836,1,1,1e-06,0.0
1,0.003991127014160156,1,1,1e-06,0.0
1,0.026909828186035156,1,1,1e-06,0.0
1,0.003917694091796875,1,1,1e-06,0.0
1,0.051845550537109375,1,1,1e-06,0.0
1,0.0030701160430908203,1,1,1e-06,0.0
1,0.005472421646118164,1,1,1e-06,0.0
1,0.002979278564453125,1,1,1e-06,0.0
1,0.02857208251953125,1,1,1e-06,0.0
1,0.0035479068756103516,1,1,1e-06,0.0
1,0.003244638442993164,1,1,1e-06,0.0
1,0.0036020278930664062,1,1,1e-06,0.0
1,0.003325939178466797,1,1,1e-06,0.0
1,0.006497621536254883,1,1,1e-06,0.0
1,0.0029997825622558594,1,1,1e-06,0.0
1,0.003167867660522461,1,1,1e-06,0.0
1,0.03906989097595215,1,1,1e-06,0.0
1,0.0042972564697265625,1,1,1e-06,0.0
1,0.004383087158203125,1,1,1e-06,0.0
1,0.0036809444427490234,1,1,1e-06,0.0
1,0.008484363555908203,1,1,1e-06,0.0
1,0.004534244537353516,1,1,1e-06,0.0
1,0.0027806758880615234,1,1,1e-06,0.0
1,0.004848003387451172,1,1,1e-06,0.0
1,0.03407549858093262,1,1,1e-06,0.0
1,0.0036580562591552734,1,1,1e-06,0.0
1,0.00888204574584961,1,1,1e-06,0.0
1,0.005805492401123047,1,1,1e-06,0.0
1,0.03397178649902344,1,1,1e-06,0.0
1,0.0031464099884033203,1,1,1e-06,0.0
1,0.0040967464447021484,1,1,1e-06,0.0
1,0.0026521682739257812,1,1,1e-06,0.0
1,0.05049562454223633,1,1,1e-06,0.0
1,0.02469778060913086,1,1,1e-06,0.0
1,0.0032732486724853516,1,1,1e-06,0.0
1,0.006795167922973633,1,1,1e-06,0.0
1,0.003873586654663086,1,1,1e-06,0.0
1,0.004710197448730469,1,1,1e-06,0.0
1,0.0036063194274902344,1,1,1e-06,0.0
1,0.08440732955932617,1,1,1e-06,0.0
1,0.0024025440216064453,1,1,1e-06,0.0
1,0.0036177635192871094,1,1,1e-06,0.0
1,0.005709409713745117,1,1,1e-06,0.0
1,0.009797334671020508,1,1,1e-06,0.0
1,0.0475764274597168,1,1,1e-06,0.0
1,0.004725217819213867,1,1,1e-06,0.0
1,0.004606008529663086,1,1,1e-06,0.0
1,0.06621050834655762,1,1,1e-06,0.0
1,0.004146099090576172,1,1,1e-06,0.0
1,0.005020856857299805,1,1,1e-06,0.0
1,0.0030248165130615234,1,1,1e-06,0.0
1,0.02352762222290039,1,1,1e-06,0.0
1,0.003318309783935547,1,1,1e-06,0.0
1,0.0034024715423583984,1,1,1e-06,0.0
1,0.00725245475769043,1,1,1e-06,0.0
1,0.003019094467163086,1,1,1e-06,0.0
1,0.003835916519165039,1,1,1e-06,0.0
1,0.0033278465270996094,1,1,1e-06,0.0
1,0.0032465457916259766,1,1,1e-06,0.0
1,0.002884387969970703,1,1,1e-06,0.0
1,0.003348112106323242,1,1,1e-06,0.0
1,0.00455927848815918,1,1,1e-06,0.0
1,0.006945371627807617,1,1,1e-06,0.0
1,0.004891395568847656,1,1,1e-06,0.0
1,0.002216815948486328,1,1,1e-06,0.0
1,0.0025806427001953125,1,1,1e-06,0.0
1,0.004181623458862305,1,1,1e-06,0.0
1,0.004792690277099609,1,1,1e-06,0.0
1,0.0260162353515625,1,1,1e-06,0.0
1,0.019974946975708008,1,1,1e-06,0.0
1,0.003930091857910156,1,1,1e-06,0.0
1,0.0027768611907958984,1,1,1e-06,0.0
1,0.0034003257751464844,1,1,1e-06,0.0
1,0.0036592483520507812,1,1,1e-06,0.0
1,0.010916471481323242,1,1,1e-06,0.0
1,0.005360126495361328,1,1,1e-06,0.0
1,0.003252744674682617,1,1,1e-06,0.0
1,0.002807140350341797,1,1,1e-06,0.0
1,0.0029668807983398438,1,1,1e-06,0.0
1,0.0029687881469726562,1,1,1e-06,0.0
1,0.004357814788818359,1,1,1e-06,0.0
1,0.008335590362548828,1,1,1e-06,0.0
1,0.0030837059020996094,1,1,1e-06,0.0
1,0.0034530162811279297,1,1,1e-06,0.0
1,0.002844572067260742,1,1,1e-06,0.0
1,0.003428936004638672,1,1,1e-06,0.0
1,0.008631229400634766,1,1,1e-06,0.0
1,0.003398418426513672,1,1,1e-06,0.0
1,0.0033369064331054688,1,1,1e-06,0.0
1,0.0192410945892334,1,1,1e-06,0.0
1,0.003595590591430664,1,1,1e-06,0.0
1,0.0042803287506103516,1,1,1e-06,0.0
1,0.005384683609008789,1,1,1e-06,0.0
1,0.004273891448974609,1,1,1e-06,0.0
1,0.004679441452026367,1,1,1e-06,0.0
1,0.005340576171875,1,1,1e-06,0.0
1,0.004999399185180664,1,1,1e-06,0.0
1,0.0045697689056396484,1,1,1e-06,0.0
1,0.0057790279388427734,1,1,1e-06,0.0
1,0.006640195846557617,1,1,1e-06,0.0
1,0.006955623626708984,1,1,1e-06,0.0
1,0.0038115978240966797,1,1,1e-06,0.0
1,0.030716896057128906,1,1,1e-06,0.0
1,0.0029685497283935547,1,1,1e-06,0.0
1,0.0033140182495117188,1,1,1e-06,0.0
1,0.0025305747985839844,1,1,1e-06,0.0
1,0.008595466613769531,1,1,1e-06,0.0
1,0.0171356201171875,1,1,1e-06,0.0
1,0.0032460689544677734,1,1,1e-06,0.0
1,0.0031054019927978516,1,1,1e-06,0.0
1,0.002680540084838867,1,1,1e-06,0.0
1,0.0030450820922851562,1,1,1e-06,0.0
1,0.0032758712768554688,1,1,1e-06,0.0
1,0.0035524368286132812,1,1,1e-06,0.0
1,0.0031290054321289062,1,1,1e-06,0.0
1,0.016279935836791992,1,1,1e-06,0.0
1,0.0034613609313964844,1,1,1e-06,0.0
1,0.0034651756286621094,1,1,1e-06,0.0
1,0.0024344921112060547,1,1,1e-06,0.0
1,0.002723217010498047,1,1,1e-06,0.0
1,0.0028846263885498047,1,1,1e-06,0.0
1,0.002506256103515625,1,1,1e-06,0.0
1,0.006634235382080078,1,1,1e-06,0.0
1,0.0028297901153564453,1,1,1e-06,0.0
1,0.004734992980957031,1,1,1e-06,0.0
1,0.0025908946990966797,1,1,1e-06,0.0
1,0.002888202667236328,1,1,1e-06,0.0
1,0.002351045608520508,1,1,1e-06,0.0
1,0.003214597702026367,1,1,1e-06,0.0
1,0.003922224044799805,1,1,1e-06,0.0
1,0.0051686763763427734,1,1,1e-06,0.0
1,0.0025634765625,1,1,1e-06,0.0
1,0.002921581268310547,1,1,1e-06,0.0
1,0.005054473876953125,1,1,1e-06,0.0
1,0.0434565544128418,1,1,1e-06,0.0
1,0.0023288726806640625,1,1,1e-06,0.0
1,0.004519462585449219,1,1,1e-06,0.0
1,0.0579838752746582,1,1,1e-06,0.0
1,0.028136014938354492,1,1,1e-06,0.0
1,0.002378702163696289,1,1,1e-06,0.0
1,0.002027750015258789,1,1,1e-06,0.0
1,0.0030090808868408203,1,1,1e-06,0.0
1,0.004903078079223633,1,1,1e-06,0.0
1,0.0026404857635498047,1,1,1e-06,0.0
1,0.0335383415222168,1,1,1e-06,0.0
1,0.003198862075805664,1,1,1e-06,0.0
1,0.014801979064941406,1,1,1e-06,0.0
1,0.08294248580932617,1,1,1e-06,0.0
1,0.016209840774536133,1,1,1e-06,0.0
1,0.002777576446533203,1,1,1e-06,0.0
1,0.020823240280151367,1,1,1e-06,0.0
1,0.016828298568725586,1,1,1e-06,0.0
1,0.002977132797241211,1,1,1e-06,0.0
1,0.0023164749145507812,1,1,1e-06,0.0
1,0.002965688705444336,1,1,1e-06,0.0
1,0.002683877944946289,1,1,1e-06,0.0
1,0.0033197402954101562,1,1,1e-06,0.0
1,0.0022025108337402344,1,1,1e-06,0.0
1,0.002187013626098633,1,1,1e-06,0.0
1,0.008335590362548828,1,1,1e-06,0.0
1,0.002649068832397461,1,1,1e-06,0.0
1,0.0055963993072509766,1,1,1e-06,0.0
1,0.0026810169219970703,1,1,1e-06,0.0
1,0.003038644790649414,1,1,1e-06,0.0
1,0.0027742385864257812,1,1,1e-06,0.0
1,0.004461765289306641,1,1,1e-06,0.0
1,0.0033855438232421875,1,1,1e-06,0.0
1,0.0049285888671875,1,1,1e-06,0.0
1,0.0061206817626953125,1,1,1e-06,0.0
1,0.0024890899658203125,1,1,1e-06,0.0
1,0.0027179718017578125,1,1,1e-06,0.0
1,0.002605915069580078,1,1,1e-06,0.0
1,0.005098819732666016,1,1,1e-06,0.0
1,0.0037353038787841797,1,1,1e-06,0.0
1,0.0036537647247314453,1,1,1e-06,0.0
1,0.005334138870239258,1,1,1e-06,0.0
1,0.002312183380126953,1,1,1e-06,0.0
1,0.003974437713623047,1,1,1e-06,0.0
1,0.004862308502197266,1,1,1e-06,0.0
1,0.005512714385986328,1,1,1e-06,0.0
1,0.00442051887512207,1,1,1e-06,0.0
1,0.015444517135620117,1,1,1e-06,0.0
1,0.003534078598022461,1,1,1e-06,0.0
1,0.003187417984008789,1,1,1e-06,0.0
1,0.006892681121826172,1,1,1e-06,0.0
1,0.0031566619873046875,1,1,1e-06,0.0
1,0.00357818603515625,1,1,1e-06,0.0
1,0.004305601119995117,1,1,1e-06,0.0
1,0.007266998291015625,1,1,1e-06,0.0
1,0.03295135498046875,1,1,1e-06,0.0
1,0.030079364776611328,1,1,1e-06,0.0
1,0.0024275779724121094,1,1,1e-06,0.0
1,0.016528844833374023,1,1,1e-06,0.0
1,0.024926185607910156,1,1,1e-06,0.0
1,0.005284547805786133,1,1,1e-06,0.0
1,0.03466296195983887,1,1,1e-06,0.0
1,0.002905607223510742,1,1,1e-06,0.0
1,0.01896500587463379,1,1,1e-06,0.0
1,0.0022437572479248047,1,1,1e-06,0.0
1,0.0020155906677246094,1,1,1e-06,0.0
1,0.0023255348205566406,1,1,1e-06,0.0
1,0.002526998519897461,1,1,1e-06,0.0
1,0.054062604904174805,1,1,1e-06,0.0
1,0.002440214157104492,1,1,1e-06,0.0
1,0.002758026123046875,1,1,1e-06,0.0
1,0.0024330615997314453,1,1,1e-06,0.0
1,0.0039010047912597656,1,1,1e-06,0.0
1,0.07176828384399414,1,1,1e-06,0.0
1,0.0017812252044677734,1,1,1e-06,0.0
1,0.0028069019317626953,1,1,1e-06,0.0
1,0.00225067138671875,1,1,1e-06,0.0
1,0.0021381378173828125,1,1,1e-06,0.0
1,0.06305575370788574,1,1,1e-06,0.0
1,0.1698760986328125,1,1,1e-06,0.0
1,0.002425670623779297,1,1,1e-06,0.0
1,0.0057964324951171875,1,1,1e-06,0.0
1,0.002704143524169922,1,1,1e-06,0.0
1,0.002126932144165039,1,1,1e-06,0.0
1,0.12293863296508789,1,1,1e-06,0.0
1,0.002745389938354492,1,1,1e-06,0.0
1,0.002529621124267578,1,1,1e-06,0.0
1,0.024066448211669922,1,1,1e-06,0.0
1,0.0026395320892333984,1,1,1e-06,0.0
1,0.002365589141845703,1,1,1e-06,0.0
1,0.002355813980102539,1,1,1e-06,0.0
1,0.002399921417236328,1,1,1e-06,0.0
1,0.0025179386138916016,1,1,1e-06,0.0
1,0.002044677734375,1,1,1e-06,0.0
1,0.0021677017211914062,1,1,1e-06,0.0
1,0.002258777618408203,1,1,1e-06,0.0
1,0.002221822738647461,1,1,1e-06,0.0
1,0.026305675506591797,1,1,1e-06,0.0
1,0.006388187408447266,1,1,1e-06,0.0
1,0.0026705265045166016,1,1,1e-06,0.0
1,0.003083467483520508,1,1,1e-06,0.0
1,0.002811908721923828,1,1,1e-06,0.0
1,0.002716541290283203,1,1,1e-06,0.0
1,0.0022819042205810547,1,1,1e-06,0.0
1,0.0019423961639404297,1,1,1e-06,0.0
1,0.0022323131561279297,1,1,1e-06,0.0
1,0.003275156021118164,1,1,1e-06,0.0
1,0.002908945083618164,1,1,1e-06,0.0
1,0.00396728515625,1,1,1e-06,0.0
1,0.002115011215209961,1,1,1e-06,0.0
1,0.002150297164916992,1,1,1e-06,0.0
1,0.0021512508392333984,1,1,1e-06,0.0
1,0.0021653175354003906,1,1,1e-06,0.0
1,0.0038411617279052734,1,1,1e-06,0.0
1,0.0030601024627685547,1,1,1e-06,0.0
1,0.010858297348022461,1,1,1e-06,0.0
1,0.0027523040771484375,1,1,1e-06,0.0
1,0.0022423267364501953,1,1,1e-06,0.0
1,0.005909442901611328,1,1,1e-06,0.0
1,0.0025539398193359375,1,1,1e-06,0.0
1,0.020908117294311523,1,1,1e-06,0.0
1,0.002681255340576172,1,1,1e-06,0.0
1,0.013524055480957031,1,1,1e-06,0.0
1,0.003057718276977539,1,1,1e-06,0.0
1,0.002019166946411133,1,1,1e-06,0.0
1,0.001781463623046875,1,1,1e-06,0.0
1,0.001605987548828125,1,1,1e-06,0.0
1,0.0044422149658203125,1,1,1e-06,0.0
1,0.021939754486083984,1,1,1e-06,0.0
1,0.0026807785034179688,1,1,1e-06,0.0
1,0.002109527587890625,1,1,1e-06,0.0
1,0.0017364025115966797,1,1,1e-06,0.0
1,0.001909017562866211,1,1,1e-06,0.0
1,0.0019948482513427734,1,1,1e-06,0.0
1,0.008705615997314453,1,1,1e-06,0.0
1,0.06023097038269043,1,1,1e-06,0.0
1,0.010995149612426758,1,1,1e-06,0.0
1,0.0065648555755615234,1,1,1e-06,0.0
1,0.0021140575408935547,1,1,1e-06,0.0
1,0.002531766891479492,1,1,1e-06,0.0
1,0.002236604690551758,1,1,1e-06,0.0
1,0.002439260482788086,1,1,1e-06,0.0
1,0.0028388500213623047,1,1,1e-06,0.0
1,0.0022161006927490234,1,1,1e-06,0.0
1,0.002355337142944336,1,1,1e-06,0.0
1,0.002416372299194336,1,1,1e-06,0.0
1,0.003434419631958008,1,1,1e-06,0.0
1,0.0023643970489501953,1,1,1e-06,0.0
1,0.002014636993408203,1,1,1e-06,0.0
1,0.0023851394653320312,1,1,1e-06,0.0
1,0.0022287368774414062,1,1,1e-06,0.0
1,0.001974821090698242,1,1,1e-06,0.0
1,0.002238750457763672,1,1,1e-06,0.0
1,0.002894163131713867,1,1,1e-06,0.0
1,0.002186298370361328,1,1,1e-06,0.0
1,0.0022482872009277344,1,1,1e-06,0.0
1,0.002689838409423828,1,1,1e-06,0.0
1,0.0024635791778564453,1,1,1e-06,0.0
1,0.002958536148071289,1,1,1e-06,0.0
1,0.0028328895568847656,1,1,1e-06,0.0
1,0.0022993087768554688,1,1,1e-06,0.0
1,0.0020606517791748047,1,1,1e-06,0.0
1,0.006728172302246094,1,1,1e-06,0.0
1,0.0030989646911621094,1,1,1e-06,0.0
1,0.0068280696868896484,1,1,1e-06,0.0
1,0.0416104793548584,1,1,1e-06,0.0
1,0.0028510093688964844,1,1,1e-06,0.0
1,0.0033178329467773438,1,1,1e-06,0.0
1,0.015671491622924805,1,1,1e-06,0.0
1,0.006520271301269531,1,1,1e-06,0.0
1,0.012255191802978516,1,1,1e-06,0.0
1,0.0027947425842285156,1,1,1e-06,0.0
1,0.002048969268798828,1,1,1e-06,0.0
1,0.021294355392456055,1,1,1e-06,0.0
1,0.002365589141845703,1,1,1e-06,0.0
1,0.0029773712158203125,1,1,1e-06,0.0
1,0.0023622512817382812,1,1,1e-06,0.0
1,0.0020394325256347656,1,1,1e-06,0.0
1,0.004809141159057617,1,1,1e-06,0.0
1,0.005367755889892578,1,1,1e-06,0.0
1,0.0026826858520507812,1,1,1e-06,0.0
1,0.0023403167724609375,1,1,1e-06,0.0
1,0.002097606658935547,1,1,1e-06,0.0
1,0.004546642303466797,1,1,1e-06,0.0
1,0.0018453598022460938,1,1,1e-06,0.0
1,0.0019440650939941406,1,1,1e-06,0.0
1,0.00795888900756836,1,1,1e-06,0.0
1,0.002340555191040039,1,1,1e-06,0.0
1,0.001958131790161133,1,1,1e-06,0.0
1,0.002085447311401367,1,1,1e-06,0.0
1,0.0035974979400634766,1,1,1e-06,0.0
1,0.0024263858795166016,1,1,1e-06,0.0
1,0.0017905235290527344,1,1,1e-06,0.0
1,0.0016887187957763672,1,1,1e-06,0.0
1,0.002063751220703125,1,1,1e-06,0.0
1,0.020269393920898438,1,1,1e-06,0.0
1,0.002343893051147461,1,1,1e-06,0.0
1,0.005073070526123047,1,1,1e-06,0.0
1,0.003178834915161133,1,1,1e-06,0.0
