success,solve_time,solution_count,iterations,residual,diversity
1,0.0074462890625,1,1,1e-06,0.0
1,0.004199028015136719,1,1,1e-06,0.0
1,0.00431513786315918,1,1,1e-06,0.0
1,0.0019392967224121094,1,1,1e-06,0.0
1,0.0017473697662353516,1,1,1e-06,0.0
1,0.0034079551696777344,1,1,1e-06,0.0
1,0.003187417984008789,1,1,1e-06,0.0
1,0.0020008087158203125,1,1,1e-06,0.0
1,0.0017881393432617188,1,1,1e-06,0.0
1,0.0021560192108154297,1,1,1e-06,0.0
1,0.002862215042114258,1,1,1e-06,0.0
1,0.0020494461059570312,1,1,1e-06,0.0
1,0.0019474029541015625,1,1,1e-06,0.0
1,0.0028290748596191406,1,1,1e-06,0.0
1,0.00465703010559082,1,1,1e-06,0.0
1,0.002275705337524414,1,1,1e-06,0.0
1,0.001939535140991211,1,1,1e-06,0.0
1,0.0017704963684082031,1,1,1e-06,0.0
1,0.001695394515991211,1,1,1e-06,0.0
1,0.003728628158569336,1,1,1e-06,0.0
1,0.0024306774139404297,1,1,1e-06,0.0
1,0.002763986587524414,1,1,1e-06,0.0
1,0.0023345947265625,1,1,1e-06,0.0
1,0.0017223358154296875,1,1,1e-06,0.0
1,0.0016512870788574219,1,1,1e-06,0.0
1,0.001856088638305664,1,1,1e-06,0.0
1,0.006086111068725586,1,1,1e-06,0.0
1,0.0023522377014160156,1,1,1e-06,0.0
1,0.0021021366119384766,1,1,1e-06,0.0
1,0.001294851303100586,1,1,1e-06,0.0
1,0.0013620853424072266,1,1,1e-06,0.0
1,0.0012848377227783203,1,1,1e-06,0.0
1,0.001804351806640625,1,1,1e-06,0.0
1,0.002214193344116211,1,1,1e-06,0.0
1,0.0024123191833496094,1,1,1e-06,0.0
1,0.0021173954010009766,1,1,1e-06,0.0
1,0.00223541259765625,1,1,1e-06,0.0
1,0.001779794692993164,1,1,1e-06,0.0
1,0.002416849136352539,1,1,1e-06,0.0
1,0.0018210411071777344,1,1,1e-06,0.0
1,0.0017642974853515625,1,1,1e-06,0.0
1,0.002861499786376953,1,1,1e-06,0.0
1,0.003064870834350586,1,1,1e-06,0.0
1,0.002878427505493164,1,1,1e-06,0.0
1,0.0019392967224121094,1,1,1e-06,0.0
1,0.012575149536132812,1,1,1e-06,0.0
1,0.0015673637390136719,1,1,1e-06,0.0
1,0.001440286636352539,1,1,1e-06,0.0
1,0.002161264419555664,1,1,1e-06,0.0
1,0.0021474361419677734,1,1,1e-06,0.0
1,0.0017077922821044922,1,1,1e-06,0.0
1,0.003288745880126953,1,1,1e-06,0.0
1,0.002999544143676758,1,1,1e-06,0.0
1,0.003072977066040039,1,1,1e-06,0.0
1,0.0020513534545898438,1,1,1e-06,0.0
1,0.0017611980438232422,1,1,1e-06,0.0
1,0.0015668869018554688,1,1,1e-06,0.0
1,0.0014829635620117188,1,1,1e-06,0.0
1,0.0013608932495117188,1,1,1e-06,0.0
1,0.0021982192993164062,1,1,1e-06,0.0
1,0.018387317657470703,1,1,1e-06,0.0
1,0.0013408660888671875,1,1,1e-06,0.0
1,0.0013141632080078125,1,1,1e-06,0.0
1,0.001627206802368164,1,1,1e-06,0.0
1,0.0011153221130371094,1,1,1e-06,0.0
1,0.0045166015625,1,1,1e-06,0.0
1,0.0016875267028808594,1,1,1e-06,0.0
1,0.0020189285278320312,1,1,1e-06,0.0
1,0.0024869441986083984,1,1,1e-06,0.0
1,0.0017840862274169922,1,1,1e-06,0.0
1,0.0017518997192382812,1,1,1e-06,0.0
1,0.0014328956604003906,1,1,1e-06,0.0
1,0.0018880367279052734,1,1,1e-06,0.0
1,0.010332822799682617,1,1,1e-06,0.0
1,0.0018384456634521484,1,1,1e-06,0.0
1,0.0019829273223876953,1,1,1e-06,0.0
1,0.0016815662384033203,1,1,1e-06,0.0
1,0.0016317367553710938,1,1,1e-06,0.0
1,0.0021004676818847656,1,1,1e-06,0.0
1,0.0014808177947998047,1,1,1e-06,0.0
1,0.0016901493072509766,1,1,1e-06,0.0
1,0.0014879703521728516,1,1,1e-06,0.0
1,0.0039081573486328125,1,1,1e-06,0.0
1,0.0016813278198242188,1,1,1e-06,0.0
1,0.0018041133880615234,1,1,1e-06,0.0
1,0.0017104148864746094,1,1,1e-06,0.0
1,0.0036859512329101562,1,1,1e-06,0.0
1,0.001588582992553711,1,1,1e-06,0.0
1,0.0013206005096435547,1,1,1e-06,0.0
1,0.0017540454864501953,1,1,1e-06,0.0
1,0.0015900135040283203,1,1,1e-06,0.0
1,0.0015828609466552734,1,1,1e-06,0.0
1,0.0012288093566894531,1,1,1e-06,0.0
1,0.0017020702362060547,1,1,1e-06,0.0
1,0.0013260841369628906,1,1,1e-06,0.0
1,0.0016129016876220703,1,1,1e-06,0.0
1,0.0015938282012939453,1,1,1e-06,0.0
1,0.001438140869140625,1,1,1e-06,0.0
1,0.0012688636779785156,1,1,1e-06,0.0
1,0.0014851093292236328,1,1,1e-06,0.0
1,0.002441883087158203,1,1,1e-06,0.0
1,0.001997709274291992,1,1,1e-06,0.0
1,0.0017161369323730469,1,1,1e-06,0.0
1,0.0019042491912841797,1,1,1e-06,0.0
1,0.003453493118286133,1,1,1e-06,0.0
1,0.0018553733825683594,1,1,1e-06,0.0
1,0.0028667449951171875,1,1,1e-06,0.0
1,0.0013148784637451172,1,1,1e-06,0.0
1,0.002899646759033203,1,1,1e-06,0.0
1,0.002545595169067383,1,1,1e-06,0.0
1,0.0015540122985839844,1,1,1e-06,0.0
1,0.011135101318359375,1,1,1e-06,0.0
1,0.001986980438232422,1,1,1e-06,0.0
1,0.0017812252044677734,1,1,1e-06,0.0
1,0.013366460800170898,1,1,1e-06,0.0
1,0.0017580986022949219,1,1,1e-06,0.0
1,0.0017001628875732422,1,1,1e-06,0.0
1,0.0018956661224365234,1,1,1e-06,0.0
1,0.011331319808959961,1,1,1e-06,0.0
1,0.002183675765991211,1,1,1e-06,0.0
1,0.0034842491149902344,1,1,1e-06,0.0
1,0.0021486282348632812,1,1,1e-06,0.0
1,0.0016896724700927734,1,1,1e-06,0.0
1,0.0013976097106933594,1,1,1e-06,0.0
1,0.0016057491302490234,1,1,1e-06,0.0
1,0.004861354827880859,1,1,1e-06,0.0
1,0.0015354156494140625,1,1,1e-06,0.0
1,0.0017080307006835938,1,1,1e-06,0.0
1,0.0015811920166015625,1,1,1e-06,0.0
1,0.002694368362426758,1,1,1e-06,0.0
1,0.0017285346984863281,1,1,1e-06,0.0
1,0.001987934112548828,1,1,1e-06,0.0
1,0.0018770694732666016,1,1,1e-06,0.0
1,0.002912759780883789,1,1,1e-06,0.0
1,0.0022954940795898438,1,1,1e-06,0.0
1,0.004683494567871094,1,1,1e-06,0.0
1,0.0028586387634277344,1,1,1e-06,0.0
1,0.001729726791381836,1,1,1e-06,0.0
1,0.0013227462768554688,1,1,1e-06,0.0
1,0.001903533935546875,1,1,1e-06,0.0
1,0.0031554698944091797,1,1,1e-06,0.0
1,0.002096891403198242,1,1,1e-06,0.0
1,0.018917083740234375,1,1,1e-06,0.0
1,0.0025010108947753906,1,1,1e-06,0.0
1,0.010482549667358398,1,1,1e-06,0.0
1,0.001956939697265625,1,1,1e-06,0.0
1,0.0016818046569824219,1,1,1e-06,0.0
1,0.0014698505401611328,1,1,1e-06,0.0
1,0.0018193721771240234,1,1,1e-06,0.0
1,0.0021762847900390625,1,1,1e-06,0.0
1,0.00153350830078125,1,1,1e-06,0.0
1,0.002349376678466797,1,1,1e-06,0.0
1,0.0031163692474365234,1,1,1e-06,0.0
1,0.015366554260253906,1,1,1e-06,0.0
1,0.0018734931945800781,1,1,1e-06,0.0
1,0.0017428398132324219,1,1,1e-06,0.0
1,0.0017292499542236328,1,1,1e-06,0.0
1,0.002151966094970703,1,1,1e-06,0.0
1,0.002012491226196289,1,1,1e-06,0.0
1,0.001748800277709961,1,1,1e-06,0.0
1,0.0019066333770751953,1,1,1e-06,0.0
1,0.003807544708251953,1,1,1e-06,0.0
1,0.004062652587890625,1,1,1e-06,0.0
1,0.016004085540771484,1,1,1e-06,0.0
1,0.001764535903930664,1,1,1e-06,0.0
1,0.0015935897827148438,1,1,1e-06,0.0
1,0.002110719680786133,1,1,1e-06,0.0
1,0.0015845298767089844,1,1,1e-06,0.0
1,0.0017752647399902344,1,1,1e-06,0.0
1,0.0026307106018066406,1,1,1e-06,0.0
1,0.002020120620727539,1,1,1e-06,0.0
1,0.0020296573638916016,1,1,1e-06,0.0
1,0.0013468265533447266,1,1,1e-06,0.0
1,0.0012812614440917969,1,1,1e-06,0.0
1,0.0014214515686035156,1,1,1e-06,0.0
1,0.0016937255859375,1,1,1e-06,0.0
1,0.0019707679748535156,1,1,1e-06,0.0
1,0.0016748905181884766,1,1,1e-06,0.0
1,0.0016071796417236328,1,1,1e-06,0.0
1,0.0025844573974609375,1,1,1e-06,0.0
1,0.0019078254699707031,1,1,1e-06,0.0
1,0.013032674789428711,1,1,1e-06,0.0
1,0.0025615692138671875,1,1,1e-06,0.0
1,0.0015518665313720703,1,1,1e-06,0.0
1,0.001512765884399414,1,1,1e-06,0.0
1,0.0014522075653076172,1,1,1e-06,0.0
1,0.0014998912811279297,1,1,1e-06,0.0
1,0.0019154548645019531,1,1,1e-06,0.0
1,0.0018377304077148438,1,1,1e-06,0.0
1,0.001749277114868164,1,1,1e-06,0.0
1,0.0018570423126220703,1,1,1e-06,0.0
1,0.0030672550201416016,1,1,1e-06,0.0
1,0.0020132064819335938,1,1,1e-06,0.0
1,0.002105236053466797,1,1,1e-06,0.0
1,0.0021491050720214844,1,1,1e-06,0.0
1,0.0017099380493164062,1,1,1e-06,0.0
1,0.002613067626953125,1,1,1e-06,0.0
1,0.002350330352783203,1,1,1e-06,0.0
1,0.01818370819091797,1,1,1e-06,0.0
1,0.001974821090698242,1,1,1e-06,0.0
1,0.0016980171203613281,1,1,1e-06,0.0
1,0.002919435501098633,1,1,1e-06,0.0
1,0.0017685890197753906,1,1,1e-06,0.0
1,0.0013339519500732422,1,1,1e-06,0.0
1,0.002654552459716797,1,1,1e-06,0.0
1,0.002301454544067383,1,1,1e-06,0.0
1,0.012864828109741211,1,1,1e-06,0.0
1,0.001991748809814453,1,1,1e-06,0.0
1,0.002628326416015625,1,1,1e-06,0.0
1,0.0025565624237060547,1,1,1e-06,0.0
1,0.001766204833984375,1,1,1e-06,0.0
1,0.001898050308227539,1,1,1e-06,0.0
1,0.0016932487487792969,1,1,1e-06,0.0
1,0.002763986587524414,1,1,1e-06,0.0
1,0.0016925334930419922,1,1,1e-06,0.0
1,0.0044596195220947266,1,1,1e-06,0.0
1,0.0031108856201171875,1,1,1e-06,0.0
1,0.0016422271728515625,1,1,1e-06,0.0
1,0.0020072460174560547,1,1,1e-06,0.0
1,0.0021457672119140625,1,1,1e-06,0.0
1,0.0023148059844970703,1,1,1e-06,0.0
1,0.0019729137420654297,1,1,1e-06,0.0
1,0.0016732215881347656,1,1,1e-06,0.0
1,0.0020835399627685547,1,1,1e-06,0.0
1,0.002196073532104492,1,1,1e-06,0.0
1,0.002154827117919922,1,1,1e-06,0.0
1,0.0018925666809082031,1,1,1e-06,0.0
1,0.002318143844604492,1,1,1e-06,0.0
1,0.0022513866424560547,1,1,1e-06,0.0
1,0.0020208358764648438,1,1,1e-06,0.0
1,0.0029354095458984375,1,1,1e-06,0.0
1,0.0035250186920166016,1,1,1e-06,0.0
1,0.0019421577453613281,1,1,1e-06,0.0
1,0.002163410186767578,1,1,1e-06,0.0
1,0.001995086669921875,1,1,1e-06,0.0
1,0.001998424530029297,1,1,1e-06,0.0
1,0.0014696121215820312,1,1,1e-06,0.0
1,0.0016231536865234375,1,1,1e-06,0.0
1,0.002388477325439453,1,1,1e-06,0.0
1,0.00330352783203125,1,1,1e-06,0.0
1,0.002396106719970703,1,1,1e-06,0.0
1,0.0024323463439941406,1,1,1e-06,0.0
1,0.0016107559204101562,1,1,1e-06,0.0
1,0.0017125606536865234,1,1,1e-06,0.0
1,0.0023393630981445312,1,1,1e-06,0.0
1,0.004221916198730469,1,1,1e-06,0.0
1,0.0025472640991210938,1,1,1e-06,0.0
1,0.0023648738861083984,1,1,1e-06,0.0
1,0.0019719600677490234,1,1,1e-06,0.0
1,0.001790761947631836,1,1,1e-06,0.0
1,0.0022623538970947266,1,1,1e-06,0.0
1,0.0016973018646240234,1,1,1e-06,0.0
1,0.002465963363647461,1,1,1e-06,0.0
1,0.004088640213012695,1,1,1e-06,0.0
1,0.002034902572631836,1,1,1e-06,0.0
1,0.0018112659454345703,1,1,1e-06,0.0
1,0.0014824867248535156,1,1,1e-06,0.0
1,0.0026073455810546875,1,1,1e-06,0.0
1,0.002288341522216797,1,1,1e-06,0.0
1,0.002551555633544922,1,1,1e-06,0.0
1,0.0036308765411376953,1,1,1e-06,0.0
1,0.0028285980224609375,1,1,1e-06,0.0
1,0.001870870590209961,1,1,1e-06,0.0
1,0.0028405189514160156,1,1,1e-06,0.0
1,0.0018658638000488281,1,1,1e-06,0.0
1,0.001592397689819336,1,1,1e-06,0.0
1,0.0020933151245117188,1,1,1e-06,0.0
1,0.0031065940856933594,1,1,1e-06,0.0
1,0.0024161338806152344,1,1,1e-06,0.0
1,0.0278472900390625,1,1,1e-06,0.0
1,0.0018579959869384766,1,1,1e-06,0.0
1,0.0014889240264892578,1,1,1e-06,0.0
1,0.002474069595336914,1,1,1e-06,0.0
1,0.0018775463104248047,1,1,1e-06,0.0
1,0.001588582992553711,1,1,1e-06,0.0
1,0.0014734268188476562,1,1,1e-06,0.0
1,0.001439809799194336,1,1,1e-06,0.0
1,0.0014319419860839844,1,1,1e-06,0.0
1,0.0017654895782470703,1,1,1e-06,0.0
1,0.008433341979980469,1,1,1e-06,0.0
1,0.0020093917846679688,1,1,1e-06,0.0
1,0.0052852630615234375,1,1,1e-06,0.0
1,0.001752614974975586,1,1,1e-06,0.0
1,0.0023560523986816406,1,1,1e-06,0.0
1,0.0041048526763916016,1,1,1e-06,0.0
1,0.001710653305053711,1,1,1e-06,0.0
1,0.0015294551849365234,1,1,1e-06,0.0
1,0.0015156269073486328,1,1,1e-06,0.0
1,0.0014607906341552734,1,1,1e-06,0.0
1,0.0014123916625976562,1,1,1e-06,0.0
1,0.002046823501586914,1,1,1e-06,0.0
1,0.0030221939086914062,1,1,1e-06,0.0
1,0.0018587112426757812,1,1,1e-06,0.0
1,0.0031468868255615234,1,1,1e-06,0.0
1,0.002223491668701172,1,1,1e-06,0.0
1,0.0017278194427490234,1,1,1e-06,0.0
1,0.05891561508178711,1,1,1e-06,0.0
1,0.002259969711303711,1,1,1e-06,0.0
1,0.002701282501220703,1,1,1e-06,0.0
1,0.001972198486328125,1,1,1e-06,0.0
1,0.0018417835235595703,1,1,1e-06,0.0
1,0.0015521049499511719,1,1,1e-06,0.0
1,0.0022678375244140625,1,1,1e-06,0.0
1,0.0025734901428222656,1,1,1e-06,0.0
1,0.002260923385620117,1,1,1e-06,0.0
1,0.0018885135650634766,1,1,1e-06,0.0
1,0.012808561325073242,1,1,1e-06,0.0
1,0.0018219947814941406,1,1,1e-06,0.0
1,0.0017559528350830078,1,1,1e-06,0.0
1,0.0023665428161621094,1,1,1e-06,0.0
1,0.0019118785858154297,1,1,1e-06,0.0
1,0.002140522003173828,1,1,1e-06,0.0
1,0.002682924270629883,1,1,1e-06,0.0
1,0.0025107860565185547,1,1,1e-06,0.0
1,0.0016756057739257812,1,1,1e-06,0.0
1,0.0014688968658447266,1,1,1e-06,0.0
1,0.0016553401947021484,1,1,1e-06,0.0
1,0.0014104843139648438,1,1,1e-06,0.0
1,0.002079010009765625,1,1,1e-06,0.0
1,0.0017828941345214844,1,1,1e-06,0.0
1,0.0016891956329345703,1,1,1e-06,0.0
1,0.002134561538696289,1,1,1e-06,0.0
1,0.002274751663208008,1,1,1e-06,0.0
1,0.0015180110931396484,1,1,1e-06,0.0
1,0.001851797103881836,1,1,1e-06,0.0
1,0.0018167495727539062,1,1,1e-06,0.0
1,0.0027246475219726562,1,1,1e-06,0.0
1,0.0021698474884033203,1,1,1e-06,0.0
1,0.0015711784362792969,1,1,1e-06,0.0
1,0.002199411392211914,1,1,1e-06,0.0
1,0.0024118423461914062,1,1,1e-06,0.0
1,0.0023190975189208984,1,1,1e-06,0.0
1,0.0016400814056396484,1,1,1e-06,0.0
1,0.0015609264373779297,1,1,1e-06,0.0
1,0.0015671253204345703,1,1,1e-06,0.0
1,0.002111673355102539,1,1,1e-06,0.0
1,0.0016317367553710938,1,1,1e-06,0.0
1,0.0018439292907714844,1,1,1e-06,0.0
1,0.0017673969268798828,1,1,1e-06,0.0
1,0.0019223690032958984,1,1,1e-06,0.0
1,0.0018711090087890625,1,1,1e-06,0.0
1,0.001603841781616211,1,1,1e-06,0.0
1,0.0021393299102783203,1,1,1e-06,0.0
1,0.0025572776794433594,1,1,1e-06,0.0
1,0.013067007064819336,1,1,1e-06,0.0
1,0.0025060176849365234,1,1,1e-06,0.0
1,0.002385377883911133,1,1,1e-06,0.0
1,0.0022497177124023438,1,1,1e-06,0.0
1,0.001630544662475586,1,1,1e-06,0.0
1,0.0024712085723876953,1,1,1e-06,0.0
1,0.0019736289978027344,1,1,1e-06,0.0
1,0.002461671829223633,1,1,1e-06,0.0
1,0.0020198822021484375,1,1,1e-06,0.0
1,0.002251863479614258,1,1,1e-06,0.0
1,0.019552946090698242,1,1,1e-06,0.0
1,0.002000093460083008,1,1,1e-06,0.0
1,0.0020639896392822266,1,1,1e-06,0.0
1,0.002010345458984375,1,1,1e-06,0.0
1,0.0021178722381591797,1,1,1e-06,0.0
1,0.002620697021484375,1,1,1e-06,0.0
1,0.002271890640258789,1,1,1e-06,0.0
1,0.003859996795654297,1,1,1e-06,0.0
1,0.0018246173858642578,1,1,1e-06,0.0
1,0.001928091049194336,1,1,1e-06,0.0
1,0.00157928466796875,1,1,1e-06,0.0
1,0.001561880111694336,1,1,1e-06,0.0
1,0.0016396045684814453,1,1,1e-06,0.0
1,0.001813650131225586,1,1,1e-06,0.0
1,0.002034902572631836,1,1,1e-06,0.0
1,0.0018460750579833984,1,1,1e-06,0.0
1,0.0014638900756835938,1,1,1e-06,0.0
1,0.0016353130340576172,1,1,1e-06,0.0
1,0.0015339851379394531,1,1,1e-06,0.0
1,0.002413511276245117,1,1,1e-06,0.0
1,0.0017347335815429688,1,1,1e-06,0.0
1,0.0018377304077148438,1,1,1e-06,0.0
1,0.0024101734161376953,1,1,1e-06,0.0
1,0.0017588138580322266,1,1,1e-06,0.0
1,0.0048100948333740234,1,1,1e-06,0.0
1,0.018447160720825195,1,1,1e-06,0.0
1,0.0021598339080810547,1,1,1e-06,0.0
1,0.0021898746490478516,1,1,1e-06,0.0
1,0.0020003318786621094,1,1,1e-06,0.0
1,0.0015916824340820312,1,1,1e-06,0.0
1,0.003470897674560547,1,1,1e-06,0.0
1,0.0020079612731933594,1,1,1e-06,0.0
1,0.001539468765258789,1,1,1e-06,0.0
1,0.0016388893127441406,1,1,1e-06,0.0
1,0.0019435882568359375,1,1,1e-06,0.0
1,0.0019288063049316406,1,1,1e-06,0.0
1,0.0019636154174804688,1,1,1e-06,0.0
1,0.00159454345703125,1,1,1e-06,0.0
1,0.0014815330505371094,1,1,1e-06,0.0
1,0.0024459362030029297,1,1,1e-06,0.0
1,0.001814126968383789,1,1,1e-06,0.0
1,0.0018100738525390625,1,1,1e-06,0.0
1,0.002399921417236328,1,1,1e-06,0.0
1,0.3864004611968994,1,1,1e-06,0.0
1,0.0022363662719726562,1,1,1e-06,0.0
1,0.0026459693908691406,1,1,1e-06,0.0
1,0.0024290084838867188,1,1,1e-06,0.0
1,0.0029718875885009766,1,1,1e-06,0.0
1,0.14101099967956543,1,1,1e-06,0.0
1,0.04202103614807129,1,1,1e-06,0.0
1,0.0028693675994873047,1,1,1e-06,0.0
1,0.002889871597290039,1,1,1e-06,0.0
1,0.0028476715087890625,1,1,1e-06,0.0
1,0.002244710922241211,1,1,1e-06,0.0
1,0.0035614967346191406,1,1,1e-06,0.0
1,0.0027921199798583984,1,1,1e-06,0.0
1,0.002493619918823242,1,1,1e-06,0.0
1,0.002463817596435547,1,1,1e-06,0.0
1,0.0029456615447998047,1,1,1e-06,0.0
1,0.0021703243255615234,1,1,1e-06,0.0
1,0.0021271705627441406,1,1,1e-06,0.0
1,0.0020728111267089844,1,1,1e-06,0.0
1,0.002486705780029297,1,1,1e-06,0.0
1,0.0027348995208740234,1,1,1e-06,0.0
1,0.003244638442993164,1,1,1e-06,0.0
1,0.0029172897338867188,1,1,1e-06,0.0
1,0.002007007598876953,1,1,1e-06,0.0
1,0.002757549285888672,1,1,1e-06,0.0
1,0.0034341812133789062,1,1,1e-06,0.0
1,0.002835988998413086,1,1,1e-06,0.0
1,0.01749134063720703,1,1,1e-06,0.0
1,0.0030777454376220703,1,1,1e-06,0.0
1,0.0031189918518066406,1,1,1e-06,0.0
1,0.002670764923095703,1,1,1e-06,0.0
1,0.0033767223358154297,1,1,1e-06,0.0
1,0.002554178237915039,1,1,1e-06,0.0
1,0.00412750244140625,1,1,1e-06,0.0
1,0.002857208251953125,1,1,1e-06,0.0
1,0.005055665969848633,1,1,1e-06,0.0
1,0.0024156570434570312,1,1,1e-06,0.0
1,0.0033245086669921875,1,1,1e-06,0.0
1,0.0026481151580810547,1,1,1e-06,0.0
1,0.003385305404663086,1,1,1e-06,0.0
1,0.0030171871185302734,1,1,1e-06,0.0
1,0.03886914253234863,1,1,1e-06,0.0
1,0.0035703182220458984,1,1,1e-06,0.0
1,0.0023856163024902344,1,1,1e-06,0.0
1,0.0019729137420654297,1,1,1e-06,0.0
1,0.023003578186035156,1,1,1e-06,0.0
1,0.0023102760314941406,1,1,1e-06,0.0
1,0.014978647232055664,1,1,1e-06,0.0
1,0.0023145675659179688,1,1,1e-06,0.0
1,0.005120277404785156,1,1,1e-06,0.0
1,0.0024797916412353516,1,1,1e-06,0.0
1,0.0018312931060791016,1,1,1e-06,0.0
1,0.04707932472229004,1,1,1e-06,0.0
1,0.002051115036010742,1,1,1e-06,0.0
1,0.002138853073120117,1,1,1e-06,0.0
1,0.0022706985473632812,1,1,1e-06,0.0
1,0.0025959014892578125,1,1,1e-06,0.0
1,0.001983642578125,1,1,1e-06,0.0
1,0.001972198486328125,1,1,1e-06,0.0
1,0.001825094223022461,1,1,1e-06,0.0
1,0.0020291805267333984,1,1,1e-06,0.0
1,0.0017883777618408203,1,1,1e-06,0.0
1,0.0017676353454589844,1,1,1e-06,0.0
1,0.002162456512451172,1,1,1e-06,0.0
1,0.0019288063049316406,1,1,1e-06,0.0
1,0.0017580986022949219,1,1,1e-06,0.0
1,0.003057241439819336,1,1,1e-06,0.0
1,0.0021643638610839844,1,1,1e-06,0.0
1,0.0017769336700439453,1,1,1e-06,0.0
1,0.001873016357421875,1,1,1e-06,0.0
1,0.0024619102478027344,1,1,1e-06,0.0
1,0.0031118392944335938,1,1,1e-06,0.0
1,0.0021448135375976562,1,1,1e-06,0.0
1,0.0028581619262695312,1,1,1e-06,0.0
1,0.002151012420654297,1,1,1e-06,0.0
1,0.0020294189453125,1,1,1e-06,0.0
1,0.0020606517791748047,1,1,1e-06,0.0
1,0.002408742904663086,1,1,1e-06,0.0
1,0.002285480499267578,1,1,1e-06,0.0
1,0.0020072460174560547,1,1,1e-06,0.0
1,0.0021038055419921875,1,1,1e-06,0.0
1,0.002371072769165039,1,1,1e-06,0.0
1,0.002040386199951172,1,1,1e-06,0.0
1,0.0021114349365234375,1,1,1e-06,0.0
1,0.0026154518127441406,1,1,1e-06,0.0
1,0.021633148193359375,1,1,1e-06,0.0
1,0.0024919509887695312,1,1,1e-06,0.0
1,0.0059871673583984375,1,1,1e-06,0.0
1,0.002749204635620117,1,1,1e-06,0.0
1,0.002416372299194336,1,1,1e-06,0.0
1,0.0018045902252197266,1,1,1e-06,0.0
1,0.0014774799346923828,1,1,1e-06,0.0
1,0.0017743110656738281,1,1,1e-06,0.0
1,0.0023810863494873047,1,1,1e-06,0.0
1,0.002121448516845703,1,1,1e-06,0.0
1,0.002080678939819336,1,1,1e-06,0.0
1,0.0018382072448730469,1,1,1e-06,0.0
1,0.002532482147216797,1,1,1e-06,0.0
1,0.0019731521606445312,1,1,1e-06,0.0
1,0.0019421577453613281,1,1,1e-06,0.0
1,0.001611471176147461,1,1,1e-06,0.0
1,0.0022792816162109375,1,1,1e-06,0.0
1,0.0023920536041259766,1,1,1e-06,0.0
1,0.004155397415161133,1,1,1e-06,0.0
1,0.0027265548706054688,1,1,1e-06,0.0
1,0.0023009777069091797,1,1,1e-06,0.0
1,0.0027036666870117188,1,1,1e-06,0.0
1,0.0023522377014160156,1,1,1e-06,0.0
1,0.0019855499267578125,1,1,1e-06,0.0
1,0.002170085906982422,1,1,1e-06,0.0
1,0.002262592315673828,1,1,1e-06,0.0
1,0.0022597312927246094,1,1,1e-06,0.0
1,0.0017535686492919922,1,1,1e-06,0.0
1,0.002017498016357422,1,1,1e-06,0.0
1,0.0025064945220947266,1,1,1e-06,0.0
1,0.001983642578125,1,1,1e-06,0.0
1,0.0032126903533935547,1,1,1e-06,0.0
1,0.0024192333221435547,1,1,1e-06,0.0
1,0.0018689632415771484,1,1,1e-06,0.0
1,0.002182483673095703,1,1,1e-06,0.0
1,0.0019152164459228516,1,1,1e-06,0.0
1,0.0023162364959716797,1,1,1e-06,0.0
1,0.006190299987792969,1,1,1e-06,0.0
1,0.0020363330841064453,1,1,1e-06,0.0
1,0.0021219253540039062,1,1,1e-06,0.0
1,0.0021216869354248047,1,1,1e-06,0.0
1,0.0020923614501953125,1,1,1e-06,0.0
1,0.002097606658935547,1,1,1e-06,0.0
1,0.004778861999511719,1,1,1e-06,0.0
1,0.0022132396697998047,1,1,1e-06,0.0
1,0.0032050609588623047,1,1,1e-06,0.0
1,0.0020825862884521484,1,1,1e-06,0.0
1,0.0019028186798095703,1,1,1e-06,0.0
1,0.0016591548919677734,1,1,1e-06,0.0
1,0.002577066421508789,1,1,1e-06,0.0
1,0.0027320384979248047,1,1,1e-06,0.0
1,0.010849237442016602,1,1,1e-06,0.0
1,0.002691984176635742,1,1,1e-06,0.0
1,0.0022423267364501953,1,1,1e-06,0.0
1,0.0024580955505371094,1,1,1e-06,0.0
1,0.0022382736206054688,1,1,1e-06,0.0
1,0.0020825862884521484,1,1,1e-06,0.0
1,0.021951913833618164,1,1,1e-06,0.0
1,0.02178049087524414,1,1,1e-06,0.0
1,0.0023496150970458984,1,1,1e-06,0.0
1,0.002357959747314453,1,1,1e-06,0.0
1,0.0019366741180419922,1,1,1e-06,0.0
1,0.0020494461059570312,1,1,1e-06,0.0
1,0.0040743350982666016,1,1,1e-06,0.0
1,0.002873659133911133,1,1,1e-06,0.0
1,0.001657247543334961,1,1,1e-06,0.0
1,0.0016298294067382812,1,1,1e-06,0.0
1,0.003350973129272461,1,1,1e-06,0.0
1,0.00240325927734375,1,1,1e-06,0.0
1,0.0020139217376708984,1,1,1e-06,0.0
1,0.002456188201904297,1,1,1e-06,0.0
1,0.002430438995361328,1,1,1e-06,0.0
1,0.002357959747314453,1,1,1e-06,0.0
1,0.001888275146484375,1,1,1e-06,0.0
1,0.002031564712524414,1,1,1e-06,0.0
1,0.0024623870849609375,1,1,1e-06,0.0
1,0.002826213836669922,1,1,1e-06,0.0
1,0.002583742141723633,1,1,1e-06,0.0
1,0.0020294189453125,1,1,1e-06,0.0
1,0.0015599727630615234,1,1,1e-06,0.0
1,0.0016956329345703125,1,1,1e-06,0.0
1,0.0017249584197998047,1,1,1e-06,0.0
1,0.002265453338623047,1,1,1e-06,0.0
1,0.021150827407836914,1,1,1e-06,0.0
1,0.015070676803588867,1,1,1e-06,0.0
1,0.0019214153289794922,1,1,1e-06,0.0
1,0.0021812915802001953,1,1,1e-06,0.0
1,0.0019876956939697266,1,1,1e-06,0.0
1,0.013214588165283203,1,1,1e-06,0.0
1,0.0017771720886230469,1,1,1e-06,0.0
1,0.0018467903137207031,1,1,1e-06,0.0
1,0.0019757747650146484,1,1,1e-06,0.0
1,0.0017414093017578125,1,1,1e-06,0.0
1,0.002092123031616211,1,1,1e-06,0.0
1,0.0026268959045410156,1,1,1e-06,0.0
1,0.0019834041595458984,1,1,1e-06,0.0
1,0.0018744468688964844,1,1,1e-06,0.0
1,0.002045869827270508,1,1,1e-06,0.0
1,0.002177715301513672,1,1,1e-06,0.0
1,0.0018215179443359375,1,1,1e-06,0.0
1,0.0017387866973876953,1,1,1e-06,0.0
1,0.0017659664154052734,1,1,1e-06,0.0
1,0.004804372787475586,1,1,1e-06,0.0
1,0.0018165111541748047,1,1,1e-06,0.0
1,0.012805700302124023,1,1,1e-06,0.0
1,0.0020432472229003906,1,1,1e-06,0.0
1,0.002044200897216797,1,1,1e-06,0.0
1,0.0020394325256347656,1,1,1e-06,0.0
1,0.0019445419311523438,1,1,1e-06,0.0
1,0.0014994144439697266,1,1,1e-06,0.0
1,0.0016298294067382812,1,1,1e-06,0.0
1,0.001928567886352539,1,1,1e-06,0.0
1,0.0022156238555908203,1,1,1e-06,0.0
1,0.0028204917907714844,1,1,1e-06,0.0
1,0.012825489044189453,1,1,1e-06,0.0
1,0.0021359920501708984,1,1,1e-06,0.0
1,0.0020384788513183594,1,1,1e-06,0.0
1,0.002233266830444336,1,1,1e-06,0.0
1,0.0017642974853515625,1,1,1e-06,0.0
1,0.005280971527099609,1,1,1e-06,0.0
1,0.0021135807037353516,1,1,1e-06,0.0
1,0.005686521530151367,1,1,1e-06,0.0
1,0.0015912055969238281,1,1,1e-06,0.0
1,0.0022072792053222656,1,1,1e-06,0.0
1,0.002187013626098633,1,1,1e-06,0.0
1,0.004248142242431641,1,1,1e-06,0.0
1,0.002051115036010742,1,1,1e-06,0.0
1,0.0022733211517333984,1,1,1e-06,0.0
1,0.0019693374633789062,1,1,1e-06,0.0
1,0.0019085407257080078,1,1,1e-06,0.0
1,0.002879619598388672,1,1,1e-06,0.0
1,0.002236604690551758,1,1,1e-06,0.0
1,0.0029757022857666016,1,1,1e-06,0.0
1,0.0025866031646728516,1,1,1e-06,0.0
1,0.0023119449615478516,1,1,1e-06,0.0
1,0.0015716552734375,1,1,1e-06,0.0
1,0.001834869384765625,1,1,1e-06,0.0
1,0.002280712127685547,1,1,1e-06,0.0
1,0.002665996551513672,1,1,1e-06,0.0
1,0.0022780895233154297,1,1,1e-06,0.0
1,0.0020818710327148438,1,1,1e-06,0.0
1,0.0028798580169677734,1,1,1e-06,0.0
1,0.003110647201538086,1,1,1e-06,0.0
1,0.004023551940917969,1,1,1e-06,0.0
1,0.002518892288208008,1,1,1e-06,0.0
1,0.003966093063354492,1,1,1e-06,0.0
1,0.0024034976959228516,1,1,1e-06,0.0
1,0.0018105506896972656,1,1,1e-06,0.0
1,0.0015628337860107422,1,1,1e-06,0.0
1,0.002422809600830078,1,1,1e-06,0.0
1,0.0027239322662353516,1,1,1e-06,0.0
1,0.0020792484283447266,1,1,1e-06,0.0
1,0.0020563602447509766,1,1,1e-06,0.0
1,0.0024945735931396484,1,1,1e-06,0.0
1,0.0019330978393554688,1,1,1e-06,0.0
1,0.0018122196197509766,1,1,1e-06,0.0
1,0.002179384231567383,1,1,1e-06,0.0
1,0.0020792484283447266,1,1,1e-06,0.0
1,0.013633251190185547,1,1,1e-06,0.0
1,0.00196075439453125,1,1,1e-06,0.0
1,0.0027458667755126953,1,1,1e-06,0.0
1,0.002109527587890625,1,1,1e-06,0.0
1,0.0018839836120605469,1,1,1e-06,0.0
1,0.0017781257629394531,1,1,1e-06,0.0
1,0.0020172595977783203,1,1,1e-06,0.0
1,0.0023245811462402344,1,1,1e-06,0.0
1,0.0527949333190918,1,1,1e-06,0.0
1,0.011484384536743164,1,1,1e-06,0.0
1,0.00301361083984375,1,1,1e-06,0.0
1,0.001735687255859375,1,1,1e-06,0.0
1,0.0022373199462890625,1,1,1e-06,0.0
1,0.002824068069458008,1,1,1e-06,0.0
1,0.0019524097442626953,1,1,1e-06,0.0
1,0.002153158187866211,1,1,1e-06,0.0
1,0.0015587806701660156,1,1,1e-06,0.0
1,0.0014827251434326172,1,1,1e-06,0.0
1,0.0020711421966552734,1,1,1e-06,0.0
1,0.0016970634460449219,1,1,1e-06,0.0
1,0.0016901493072509766,1,1,1e-06,0.0
1,0.0018181800842285156,1,1,1e-06,0.0
1,0.0028960704803466797,1,1,1e-06,0.0
1,0.003812074661254883,1,1,1e-06,0.0
1,0.0018715858459472656,1,1,1e-06,0.0
1,0.004033327102661133,1,1,1e-06,0.0
1,0.0018646717071533203,1,1,1e-06,0.0
1,0.001949310302734375,1,1,1e-06,0.0
1,0.0019390583038330078,1,1,1e-06,0.0
1,0.0016252994537353516,1,1,1e-06,0.0
1,0.0013916492462158203,1,1,1e-06,0.0
1,0.002009868621826172,1,1,1e-06,0.0
1,0.0017626285552978516,1,1,1e-06,0.0
1,0.0020723342895507812,1,1,1e-06,0.0
1,0.002126932144165039,1,1,1e-06,0.0
1,0.22936177253723145,1,1,1e-06,0.0
1,0.0023348331451416016,1,1,1e-06,0.0
1,0.0018832683563232422,1,1,1e-06,0.0
1,0.001775503158569336,1,1,1e-06,0.0
1,0.0026187896728515625,1,1,1e-06,0.0
1,0.0018458366394042969,1,1,1e-06,0.0
1,0.002093791961669922,1,1,1e-06,0.0
1,0.0013897418975830078,1,1,1e-06,0.0
1,0.0013911724090576172,1,1,1e-06,0.0
1,0.001371622085571289,1,1,1e-06,0.0
1,0.0012390613555908203,1,1,1e-06,0.0
1,0.0011951923370361328,1,1,1e-06,0.0
1,0.0015411376953125,1,1,1e-06,0.0
1,0.002015829086303711,1,1,1e-06,0.0
1,0.002389669418334961,1,1,1e-06,0.0
1,0.0018858909606933594,1,1,1e-06,0.0
1,0.0024192333221435547,1,1,1e-06,0.0
1,0.001802206039428711,1,1,1e-06,0.0
1,0.0030510425567626953,1,1,1e-06,0.0
1,0.0017194747924804688,1,1,1e-06,0.0
1,0.0019214153289794922,1,1,1e-06,0.0
1,0.0043451786041259766,1,1,1e-06,0.0
1,0.009636163711547852,1,1,1e-06,0.0
1,0.0018575191497802734,1,1,1e-06,0.0
1,0.0017940998077392578,1,1,1e-06,0.0
1,0.0025560855865478516,1,1,1e-06,0.0
1,0.0019383430480957031,1,1,1e-06,0.0
1,0.0017452239990234375,1,1,1e-06,0.0
1,0.001968860626220703,1,1,1e-06,0.0
1,0.003519773483276367,1,1,1e-06,0.0
1,0.0018372535705566406,1,1,1e-06,0.0
1,0.004105567932128906,1,1,1e-06,0.0
1,0.005177974700927734,1,1,1e-06,0.0
1,0.0015528202056884766,1,1,1e-06,0.0
1,0.0014197826385498047,1,1,1e-06,0.0
1,0.001247406005859375,1,1,1e-06,0.0
1,0.0015833377838134766,1,1,1e-06,0.0
1,0.002072572708129883,1,1,1e-06,0.0
1,0.001966238021850586,1,1,1e-06,0.0
1,0.0021572113037109375,1,1,1e-06,0.0
1,0.002171039581298828,1,1,1e-06,0.0
1,0.007984399795532227,1,1,1e-06,0.0
1,0.001859426498413086,1,1,1e-06,0.0
1,0.0017342567443847656,1,1,1e-06,0.0
1,0.0022423267364501953,1,1,1e-06,0.0
1,0.0027375221252441406,1,1,1e-06,0.0
1,0.0020825862884521484,1,1,1e-06,0.0
1,0.0016834735870361328,1,1,1e-06,0.0
1,0.0013885498046875,1,1,1e-06,0.0
1,0.001214742660522461,1,1,1e-06,0.0
1,0.0014586448669433594,1,1,1e-06,0.0
1,0.0016980171203613281,1,1,1e-06,0.0
1,0.001859903335571289,1,1,1e-06,0.0
1,0.0019147396087646484,1,1,1e-06,0.0
1,0.0017173290252685547,1,1,1e-06,0.0
1,0.002393960952758789,1,1,1e-06,0.0
1,0.0019469261169433594,1,1,1e-06,0.0
1,0.0017473697662353516,1,1,1e-06,0.0
1,0.0013988018035888672,1,1,1e-06,0.0
1,0.0017049312591552734,1,1,1e-06,0.0
1,0.0016434192657470703,1,1,1e-06,0.0
1,0.0018603801727294922,1,1,1e-06,0.0
1,0.0028235912322998047,1,1,1e-06,0.0
1,0.002115011215209961,1,1,1e-06,0.0
1,0.0017168521881103516,1,1,1e-06,0.0
1,0.0014302730560302734,1,1,1e-06,0.0
1,0.0014126300811767578,1,1,1e-06,0.0
1,0.0017583370208740234,1,1,1e-06,0.0
1,0.0019412040710449219,1,1,1e-06,0.0
1,0.0019271373748779297,1,1,1e-06,0.0
1,0.0019481182098388672,1,1,1e-06,0.0
1,0.001573801040649414,1,1,1e-06,0.0
1,0.0018596649169921875,1,1,1e-06,0.0
1,0.0018815994262695312,1,1,1e-06,0.0
1,0.001743316650390625,1,1,1e-06,0.0
1,0.0015246868133544922,1,1,1e-06,0.0
1,0.0014939308166503906,1,1,1e-06,0.0
1,0.02151799201965332,1,1,1e-06,0.0
1,0.002193927764892578,1,1,1e-06,0.0
1,0.0023322105407714844,1,1,1e-06,0.0
1,0.0020978450775146484,1,1,1e-06,0.0
1,0.0023889541625976562,1,1,1e-06,0.0
1,0.0017266273498535156,1,1,1e-06,0.0
1,0.002918720245361328,1,1,1e-06,0.0
1,0.003036975860595703,1,1,1e-06,0.0
1,0.0018894672393798828,1,1,1e-06,0.0
1,0.00144195556640625,1,1,1e-06,0.0
1,0.0019626617431640625,1,1,1e-06,0.0
1,0.005704164505004883,1,1,1e-06,0.0
1,0.0017406940460205078,1,1,1e-06,0.0
1,0.0016703605651855469,1,1,1e-06,0.0
1,0.0018792152404785156,1,1,1e-06,0.0
1,0.001827239990234375,1,1,1e-06,0.0
1,0.0020418167114257812,1,1,1e-06,0.0
1,0.0024046897888183594,1,1,1e-06,0.0
1,0.0017840862274169922,1,1,1e-06,0.0
1,0.0017616748809814453,1,1,1e-06,0.0
1,0.0018737316131591797,1,1,1e-06,0.0
1,0.003960847854614258,1,1,1e-06,0.0
1,0.0016326904296875,1,1,1e-06,0.0
1,0.0014481544494628906,1,1,1e-06,0.0
1,0.002225160598754883,1,1,1e-06,0.0
1,0.0018298625946044922,1,1,1e-06,0.0
1,0.0016965866088867188,1,1,1e-06,0.0
1,0.0017669200897216797,1,1,1e-06,0.0
1,0.0016546249389648438,1,1,1e-06,0.0
1,0.01194620132446289,1,1,1e-06,0.0
1,0.002007722854614258,1,1,1e-06,0.0
1,0.003041982650756836,1,1,1e-06,0.0
1,0.0028939247131347656,1,1,1e-06,0.0
1,0.002014636993408203,1,1,1e-06,0.0
1,0.001984119415283203,1,1,1e-06,0.0
1,0.001483917236328125,1,1,1e-06,0.0
1,0.11712837219238281,1,1,1e-06,0.0
1,0.0021386146545410156,1,1,1e-06,0.0
1,0.002249479293823242,1,1,1e-06,0.0
1,0.0019249916076660156,1,1,1e-06,0.0
1,0.0017020702362060547,1,1,1e-06,0.0
1,0.0012857913970947266,1,1,1e-06,0.0
1,0.0012657642364501953,1,1,1e-06,0.0
1,0.0013649463653564453,1,1,1e-06,0.0
1,0.0017626285552978516,1,1,1e-06,0.0
1,0.0017635822296142578,1,1,1e-06,0.0
1,0.006689310073852539,1,1,1e-06,0.0
1,0.0467984676361084,1,1,1e-06,0.0
1,0.0025434494018554688,1,1,1e-06,0.0
1,0.0016636848449707031,1,1,1e-06,0.0
1,0.0020973682403564453,1,1,1e-06,0.0
1,0.0017130374908447266,1,1,1e-06,0.0
1,0.001851797103881836,1,1,1e-06,0.0
1,0.001481771469116211,1,1,1e-06,0.0
1,0.001430511474609375,1,1,1e-06,0.0
1,0.0017600059509277344,1,1,1e-06,0.0
1,0.0039937496185302734,1,1,1e-06,0.0
1,0.002784252166748047,1,1,1e-06,0.0
1,0.002134084701538086,1,1,1e-06,0.0
1,0.002246379852294922,1,1,1e-06,0.0
1,0.0016269683837890625,1,1,1e-06,0.0
1,0.001890420913696289,1,1,1e-06,0.0
1,0.0032405853271484375,1,1,1e-06,0.0
1,0.001889944076538086,1,1,1e-06,0.0
1,0.0019016265869140625,1,1,1e-06,0.0
1,0.002311229705810547,1,1,1e-06,0.0
1,0.0017676353454589844,1,1,1e-06,0.0
1,0.0018143653869628906,1,1,1e-06,0.0
1,0.00203704833984375,1,1,1e-06,0.0
1,0.0018563270568847656,1,1,1e-06,0.0
1,0.0016429424285888672,1,1,1e-06,0.0
1,0.002260923385620117,1,1,1e-06,0.0
1,0.0024323463439941406,1,1,1e-06,0.0
1,0.002232789993286133,1,1,1e-06,0.0
1,0.003638029098510742,1,1,1e-06,0.0
1,0.0017478466033935547,1,1,1e-06,0.0
1,0.0016894340515136719,1,1,1e-06,0.0
1,0.0035109519958496094,1,1,1e-06,0.0
1,0.004212141036987305,1,1,1e-06,0.0
1,0.0021333694458007812,1,1,1e-06,0.0
1,0.0014705657958984375,1,1,1e-06,0.0
1,0.0016262531280517578,1,1,1e-06,0.0
1,0.0015332698822021484,1,1,1e-06,0.0
1,0.0018291473388671875,1,1,1e-06,0.0
1,0.0016829967498779297,1,1,1e-06,0.0
1,0.001333475112915039,1,1,1e-06,0.0
1,0.002284526824951172,1,1,1e-06,0.0
1,0.002191781997680664,1,1,1e-06,0.0
1,0.017824649810791016,1,1,1e-06,0.0
1,0.0021791458129882812,1,1,1e-06,0.0
1,0.001905202865600586,1,1,1e-06,0.0
1,0.001718759536743164,1,1,1e-06,0.0
1,0.001512765884399414,1,1,1e-06,0.0
1,0.0018157958984375,1,1,1e-06,0.0
1,0.0019385814666748047,1,1,1e-06,0.0
1,0.002410888671875,1,1,1e-06,0.0
1,0.0017349720001220703,1,1,1e-06,0.0
1,0.002209901809692383,1,1,1e-06,0.0
1,0.0017864704132080078,1,1,1e-06,0.0
1,0.0021572113037109375,1,1,1e-06,0.0
1,0.001956939697265625,1,1,1e-06,0.0
1,0.0038652420043945312,1,1,1e-06,0.0
1,0.002356290817260742,1,1,1e-06,0.0
1,0.0020928382873535156,1,1,1e-06,0.0
1,0.017743825912475586,1,1,1e-06,0.0
1,0.0017848014831542969,1,1,1e-06,0.0
1,0.002035379409790039,1,1,1e-06,0.0
1,0.0024614334106445312,1,1,1e-06,0.0
1,0.002293825149536133,1,1,1e-06,0.0
1,0.0016140937805175781,1,1,1e-06,0.0
1,0.001638650894165039,1,1,1e-06,0.0
1,0.0013210773468017578,1,1,1e-06,0.0
1,0.0023174285888671875,1,1,1e-06,0.0
1,0.0024628639221191406,1,1,1e-06,0.0
1,0.002241849899291992,1,1,1e-06,0.0
1,0.0020182132720947266,1,1,1e-06,0.0
1,0.0020589828491210938,1,1,1e-06,0.0
1,0.0017769336700439453,1,1,1e-06,0.0
1,0.0017888545989990234,1,1,1e-06,0.0
1,0.0023419857025146484,1,1,1e-06,0.0
1,0.0018606185913085938,1,1,1e-06,0.0
1,0.002086639404296875,1,1,1e-06,0.0
1,0.0033223628997802734,1,1,1e-06,0.0
1,0.0021467208862304688,1,1,1e-06,0.0
1,0.0014636516571044922,1,1,1e-06,0.0
1,0.0015411376953125,1,1,1e-06,0.0
1,0.0022504329681396484,1,1,1e-06,0.0
1,0.0015873908996582031,1,1,1e-06,0.0
1,0.001443624496459961,1,1,1e-06,0.0
1,0.0014734268188476562,1,1,1e-06,0.0
1,0.002108335494995117,1,1,1e-06,0.0
1,0.001634836196899414,1,1,1e-06,0.0
1,0.0015516281127929688,1,1,1e-06,0.0
1,0.0015807151794433594,1,1,1e-06,0.0
1,0.001547098159790039,1,1,1e-06,0.0
1,0.0012748241424560547,1,1,1e-06,0.0
1,0.001968860626220703,1,1,1e-06,0.0
1,0.0020368099212646484,1,1,1e-06,0.0
1,0.0014851093292236328,1,1,1e-06,0.0
1,0.0017719268798828125,1,1,1e-06,0.0
1,0.00237274169921875,1,1,1e-06,0.0
1,0.0023860931396484375,1,1,1e-06,0.0
1,0.0015246868133544922,1,1,1e-06,0.0
1,0.0014290809631347656,1,1,1e-06,0.0
1,0.002119302749633789,1,1,1e-06,0.0
1,0.0027327537536621094,1,1,1e-06,0.0
1,0.0016942024230957031,1,1,1e-06,0.0
1,0.0015628337860107422,1,1,1e-06,0.0
1,0.003182649612426758,1,1,1e-06,0.0
1,0.001909494400024414,1,1,1e-06,0.0
1,0.0016698837280273438,1,1,1e-06,0.0
1,0.0019109249114990234,1,1,1e-06,0.0
1,0.0019116401672363281,1,1,1e-06,0.0
1,0.0019435882568359375,1,1,1e-06,0.0
1,0.0017125606536865234,1,1,1e-06,0.0
1,0.0014367103576660156,1,1,1e-06,0.0
1,0.002469778060913086,1,1,1e-06,0.0
1,0.0022966861724853516,1,1,1e-06,0.0
1,0.001603841781616211,1,1,1e-06,0.0
1,0.0015037059783935547,1,1,1e-06,0.0
1,0.0015633106231689453,1,1,1e-06,0.0
1,0.0013096332550048828,1,1,1e-06,0.0
1,0.0012197494506835938,1,1,1e-06,0.0
1,0.002236604690551758,1,1,1e-06,0.0
1,0.002686023712158203,1,1,1e-06,0.0
1,0.0024199485778808594,1,1,1e-06,0.0
1,0.0024826526641845703,1,1,1e-06,0.0
1,0.01096343994140625,1,1,1e-06,0.0
1,0.001984119415283203,1,1,1e-06,0.0
1,0.0036346912384033203,1,1,1e-06,0.0
1,0.0021851062774658203,1,1,1e-06,0.0
1,0.0017719268798828125,1,1,1e-06,0.0
1,0.0015249252319335938,1,1,1e-06,0.0
1,0.002117633819580078,1,1,1e-06,0.0
1,0.0022878646850585938,1,1,1e-06,0.0
1,0.0018210411071777344,1,1,1e-06,0.0
1,0.002048015594482422,1,1,1e-06,0.0
1,0.001999378204345703,1,1,1e-06,0.0
1,0.0020949840545654297,1,1,1e-06,0.0
1,0.0022509098052978516,1,1,1e-06,0.0
1,0.0015997886657714844,1,1,1e-06,0.0
1,0.0013384819030761719,1,1,1e-06,0.0
1,0.00247955322265625,1,1,1e-06,0.0
1,0.002773761749267578,1,1,1e-06,0.0
1,0.0029144287109375,1,1,1e-06,0.0
1,0.003141641616821289,1,1,1e-06,0.0
1,0.0016167163848876953,1,1,1e-06,0.0
1,0.06013822555541992,1,1,1e-06,0.0
1,0.002007007598876953,1,1,1e-06,0.0
1,0.002106189727783203,1,1,1e-06,0.0
1,0.0016245841979980469,1,1,1e-06,0.0
1,0.0017824172973632812,1,1,1e-06,0.0
1,0.0016143321990966797,1,1,1e-06,0.0
1,0.002119779586791992,1,1,1e-06,0.0
1,0.0025129318237304688,1,1,1e-06,0.0
1,0.0024814605712890625,1,1,1e-06,0.0
1,0.0018801689147949219,1,1,1e-06,0.0
1,0.0023305416107177734,1,1,1e-06,0.0
1,0.03275346755981445,1,1,1e-06,0.0
1,0.002526998519897461,1,1,1e-06,0.0
1,0.0031828880310058594,1,1,1e-06,0.0
1,0.0027036666870117188,1,1,1e-06,0.0
1,0.0026230812072753906,1,1,1e-06,0.0
1,0.0022389888763427734,1,1,1e-06,0.0
1,0.0500032901763916,1,1,1e-06,0.0
1,0.0030374526977539062,1,1,1e-06,0.0
1,0.0031561851501464844,1,1,1e-06,0.0
1,0.0061872005462646484,1,1,1e-06,0.0
1,0.0025627613067626953,1,1,1e-06,0.0
1,0.002301454544067383,1,1,1e-06,0.0
1,0.005633115768432617,1,1,1e-06,0.0
1,0.002601146697998047,1,1,1e-06,0.0
1,0.0026483535766601562,1,1,1e-06,0.0
1,0.002725362777709961,1,1,1e-06,0.0
1,0.0026197433471679688,1,1,1e-06,0.0
1,0.008851766586303711,1,1,1e-06,0.0
1,0.002813577651977539,1,1,1e-06,0.0
1,0.002839803695678711,1,1,1e-06,0.0
1,0.002364635467529297,1,1,1e-06,0.0
1,0.0022051334381103516,1,1,1e-06,0.0
1,0.010779142379760742,1,1,1e-06,0.0
1,0.0031325817108154297,1,1,1e-06,0.0
1,0.0024645328521728516,1,1,1e-06,0.0
1,0.0029532909393310547,1,1,1e-06,0.0
1,0.002541065216064453,1,1,1e-06,0.0
1,0.011983633041381836,1,1,1e-06,0.0
1,0.003517627716064453,1,1,1e-06,0.0
1,0.002528667449951172,1,1,1e-06,0.0
1,0.012628793716430664,1,1,1e-06,0.0
1,0.0028769969940185547,1,1,1e-06,0.0
1,0.11714005470275879,1,1,1e-06,0.0
1,0.0031638145446777344,1,1,1e-06,0.0
1,0.002845287322998047,1,1,1e-06,0.0
1,0.002742767333984375,1,1,1e-06,0.0
1,0.002573728561401367,1,1,1e-06,0.0
1,0.0027909278869628906,1,1,1e-06,0.0
1,0.0032324790954589844,1,1,1e-06,0.0
1,0.005317211151123047,1,1,1e-06,0.0
1,0.004061460494995117,1,1,1e-06,0.0
1,0.0025255680084228516,1,1,1e-06,0.0
1,0.0028357505798339844,1,1,1e-06,0.0
1,0.0023908615112304688,1,1,1e-06,0.0
1,0.003976106643676758,1,1,1e-06,0.0
1,0.003287792205810547,1,1,1e-06,0.0
1,0.004378795623779297,1,1,1e-06,0.0
1,0.0025017261505126953,1,1,1e-06,0.0
1,0.00255584716796875,1,1,1e-06,0.0
1,0.002971172332763672,1,1,1e-06,0.0
1,0.0024046897888183594,1,1,1e-06,0.0
1,0.0025365352630615234,1,1,1e-06,0.0
1,0.0032541751861572266,1,1,1e-06,0.0
1,0.00440669059753418,1,1,1e-06,0.0
1,0.0019345283508300781,1,1,1e-06,0.0
1,0.002804279327392578,1,1,1e-06,0.0
1,0.003330707550048828,1,1,1e-06,0.0
1,0.002899646759033203,1,1,1e-06,0.0
1,0.0021016597747802734,1,1,1e-06,0.0
1,0.001943826675415039,1,1,1e-06,0.0
1,0.0027091503143310547,1,1,1e-06,0.0
1,0.002538442611694336,1,1,1e-06,0.0
1,0.0057756900787353516,1,1,1e-06,0.0
1,0.002366304397583008,1,1,1e-06,0.0
1,0.002566814422607422,1,1,1e-06,0.0
1,0.003133535385131836,1,1,1e-06,0.0
1,0.00426793098449707,1,1,1e-06,0.0
1,0.002991914749145508,1,1,1e-06,0.0
1,0.0020134449005126953,1,1,1e-06,0.0
1,0.0019228458404541016,1,1,1e-06,0.0
1,0.0023729801177978516,1,1,1e-06,0.0
1,0.0018014907836914062,1,1,1e-06,0.0
1,0.0022449493408203125,1,1,1e-06,0.0
1,0.002499818801879883,1,1,1e-06,0.0
1,0.002565145492553711,1,1,1e-06,0.0
1,0.002688884735107422,1,1,1e-06,0.0
1,0.0023038387298583984,1,1,1e-06,0.0
1,0.0023512840270996094,1,1,1e-06,0.0
1,0.0022063255310058594,1,1,1e-06,0.0
1,0.0024862289428710938,1,1,1e-06,0.0
1,0.0027511119842529297,1,1,1e-06,0.0
1,0.0027806758880615234,1,1,1e-06,0.0
1,0.0037505626678466797,1,1,1e-06,0.0
1,0.0025293827056884766,1,1,1e-06,0.0
1,0.0024204254150390625,1,1,1e-06,0.0
1,0.0036482810974121094,1,1,1e-06,0.0
1,0.0038712024688720703,1,1,1e-06,0.0
1,0.0025091171264648438,1,1,1e-06,0.0
1,0.0025434494018554688,1,1,1e-06,0.0
1,0.0025789737701416016,1,1,1e-06,0.0
1,0.002998828887939453,1,1,1e-06,0.0
1,0.002796173095703125,1,1,1e-06,0.0
1,0.0023522377014160156,1,1,1e-06,0.0
1,0.0026068687438964844,1,1,1e-06,0.0
1,0.0026738643646240234,1,1,1e-06,0.0
1,0.002315521240234375,1,1,1e-06,0.0
1,0.0027954578399658203,1,1,1e-06,0.0
1,0.003488779067993164,1,1,1e-06,0.0
1,0.0035982131958007812,1,1,1e-06,0.0
1,0.002805948257446289,1,1,1e-06,0.0
1,0.002924203872680664,1,1,1e-06,0.0
1,0.003723621368408203,1,1,1e-06,0.0
1,0.0031805038452148438,1,1,1e-06,0.0
1,0.002731800079345703,1,1,1e-06,0.0
1,0.0020554065704345703,1,1,1e-06,0.0
1,0.0021076202392578125,1,1,1e-06,0.0
1,0.002100229263305664,1,1,1e-06,0.0
1,0.002142667770385742,1,1,1e-06,0.0
1,0.01870584487915039,1,1,1e-06,0.0
1,0.0029435157775878906,1,1,1e-06,0.0
1,0.002755880355834961,1,1,1e-06,0.0
1,0.0025146007537841797,1,1,1e-06,0.0
1,0.002923727035522461,1,1,1e-06,0.0
1,0.0017037391662597656,1,1,1e-06,0.0
1,0.0017442703247070312,1,1,1e-06,0.0
1,0.002133607864379883,1,1,1e-06,0.0
1,0.0020754337310791016,1,1,1e-06,0.0
1,0.0023474693298339844,1,1,1e-06,0.0
1,0.0022127628326416016,1,1,1e-06,0.0
1,0.002495288848876953,1,1,1e-06,0.0
1,0.002526998519897461,1,1,1e-06,0.0
1,0.0028192996978759766,1,1,1e-06,0.0
1,0.004680633544921875,1,1,1e-06,0.0
1,0.003530740737915039,1,1,1e-06,0.0
1,0.004045724868774414,1,1,1e-06,0.0
1,0.005077362060546875,1,1,1e-06,0.0
1,0.002499818801879883,1,1,1e-06,0.0
1,0.0026209354400634766,1,1,1e-06,0.0
1,0.0034677982330322266,1,1,1e-06,0.0
1,0.0024869441986083984,1,1,1e-06,0.0
1,0.0024099349975585938,1,1,1e-06,0.0
1,0.020519495010375977,1,1,1e-06,0.0
1,0.003903627395629883,1,1,1e-06,0.0
1,0.003191709518432617,1,1,1e-06,0.0
1,0.0033521652221679688,1,1,1e-06,0.0
1,0.0037992000579833984,1,1,1e-06,0.0
1,0.002916574478149414,1,1,1e-06,0.0
1,0.004759550094604492,1,1,1e-06,0.0
1,0.0028705596923828125,1,1,1e-06,0.0
1,0.003518819808959961,1,1,1e-06,0.0
1,0.011261701583862305,1,1,1e-06,0.0
1,0.002596139907836914,1,1,1e-06,0.0
1,0.010828495025634766,1,1,1e-06,0.0
1,0.003583669662475586,1,1,1e-06,0.0
1,0.003484964370727539,1,1,1e-06,0.0
1,0.0032629966735839844,1,1,1e-06,0.0
1,0.009852170944213867,1,1,1e-06,0.0
1,0.0032668113708496094,1,1,1e-06,0.0
1,0.0031375885009765625,1,1,1e-06,0.0
1,0.003655672073364258,1,1,1e-06,0.0
1,0.009883642196655273,1,1,1e-06,0.0
1,0.042122602462768555,1,1,1e-06,0.0
1,0.007712125778198242,1,1,1e-06,0.0
1,0.0058460235595703125,1,1,1e-06,0.0
1,0.05820870399475098,1,1,1e-06,0.0
1,0.0036482810974121094,1,1,1e-06,0.0
1,0.003349781036376953,1,1,1e-06,0.0
1,0.01327371597290039,1,1,1e-06,0.0
1,0.003481626510620117,1,1,1e-06,0.0
1,0.0035092830657958984,1,1,1e-06,0.0
1,0.0032830238342285156,1,1,1e-06,0.0
1,0.00534367561340332,1,1,1e-06,0.0
1,0.010688066482543945,1,1,1e-06,0.0
1,0.005318880081176758,1,1,1e-06,0.0
1,0.014034271240234375,1,1,1e-06,0.0
1,0.002981901168823242,1,1,1e-06,0.0
1,0.013114213943481445,1,1,1e-06,0.0
1,0.003735065460205078,1,1,1e-06,0.0
1,0.002951383590698242,1,1,1e-06,0.0
1,0.021424293518066406,1,1,1e-06,0.0
1,0.010773181915283203,1,1,1e-06,0.0
1,0.014061450958251953,1,1,1e-06,0.0
1,0.005964517593383789,1,1,1e-06,0.0
1,0.0032134056091308594,1,1,1e-06,0.0
1,0.002704620361328125,1,1,1e-06,0.0
1,0.09920597076416016,1,1,1e-06,0.0
1,0.0021185874938964844,1,1,1e-06,0.0
1,0.0028591156005859375,1,1,1e-06,0.0
1,0.3019711971282959,1,1,1e-06,0.0
1,0.003922224044799805,1,1,1e-06,0.0
1,0.003935575485229492,1,1,1e-06,0.0
1,0.0024013519287109375,1,1,1e-06,0.0
1,0.0024313926696777344,1,1,1e-06,0.0
1,0.0022640228271484375,1,1,1e-06,0.0
1,0.002426624298095703,1,1,1e-06,0.0
1,0.002439260482788086,1,1,1e-06,0.0
1,0.0025472640991210938,1,1,1e-06,0.0
1,0.0028727054595947266,1,1,1e-06,0.0
1,0.0024864673614501953,1,1,1e-06,0.0
1,0.0027196407318115234,1,1,1e-06,0.0
1,0.002002716064453125,1,1,1e-06,0.0
1,0.0022237300872802734,1,1,1e-06,0.0
1,0.003738880157470703,1,1,1e-06,0.0
1,0.003813505172729492,1,1,1e-06,0.0
1,0.0022535324096679688,1,1,1e-06,0.0
1,0.0035436153411865234,1,1,1e-06,0.0
1,0.0025207996368408203,1,1,1e-06,0.0
1,0.002643585205078125,1,1,1e-06,0.0
1,0.002301931381225586,1,1,1e-06,0.0
1,0.015280723571777344,1,1,1e-06,0.0
1,0.002266407012939453,1,1,1e-06,0.0
1,0.00249481201171875,1,1,1e-06,0.0
1,0.0033638477325439453,1,1,1e-06,0.0
1,0.002929210662841797,1,1,1e-06,0.0
1,0.00272369384765625,1,1,1e-06,0.0
1,0.0029582977294921875,1,1,1e-06,0.0
1,0.0035696029663085938,1,1,1e-06,0.0
1,0.0027632713317871094,1,1,1e-06,0.0
1,0.003300905227661133,1,1,1e-06,0.0
1,0.003994941711425781,1,1,1e-06,0.0
1,0.0030701160430908203,1,1,1e-06,0.0
1,0.0029587745666503906,1,1,1e-06,0.0
1,0.004660606384277344,1,1,1e-06,0.0
1,0.0030434131622314453,1,1,1e-06,0.0
1,0.002950906753540039,1,1,1e-06,0.0
1,0.0029129981994628906,1,1,1e-06,0.0
1,0.0031385421752929688,1,1,1e-06,0.0
1,0.0018420219421386719,1,1,1e-06,0.0
1,0.002284526824951172,1,1,1e-06,0.0
1,0.012488842010498047,1,1,1e-06,0.0
1,0.0035369396209716797,1,1,1e-06,0.0
1,0.002435445785522461,1,1,1e-06,0.0
1,0.0024709701538085938,1,1,1e-06,0.0
1,0.0021147727966308594,1,1,1e-06,0.0
1,0.003355264663696289,1,1,1e-06,0.0
1,0.002389192581176758,1,1,1e-06,0.0
1,0.0029456615447998047,1,1,1e-06,0.0
1,0.005377531051635742,1,1,1e-06,0.0
1,0.0030241012573242188,1,1,1e-06,0.0
1,0.0026443004608154297,1,1,1e-06,0.0
1,0.003212451934814453,1,1,1e-06,0.0
1,0.0047724246978759766,1,1,1e-06,0.0
1,0.0025730133056640625,1,1,1e-06,0.0
1,0.002889871597290039,1,1,1e-06,0.0
1,0.003598451614379883,1,1,1e-06,0.0
1,0.004842519760131836,1,1,1e-06,0.0
1,0.0031936168670654297,1,1,1e-06,0.0
1,0.037682533264160156,1,1,1e-06,0.0
1,0.0029201507568359375,1,1,1e-06,0.0
1,0.0031974315643310547,1,1,1e-06,0.0
1,0.0026597976684570312,1,1,1e-06,0.0
1,0.08649635314941406,1,1,1e-06,0.0
1,0.002500772476196289,1,1,1e-06,0.0
1,0.004200935363769531,1,1,1e-06,0.0
1,0.002990245819091797,1,1,1e-06,0.0
1,0.002205371856689453,1,1,1e-06,0.0
1,0.0023801326751708984,1,1,1e-06,0.0
1,0.0023114681243896484,1,1,1e-06,0.0
1,0.002297639846801758,1,1,1e-06,0.0
1,0.003612041473388672,1,1,1e-06,0.0
1,0.0023202896118164062,1,1,1e-06,0.0
1,0.002434253692626953,1,1,1e-06,0.0
1,0.002449512481689453,1,1,1e-06,0.0
1,0.0021390914916992188,1,1,1e-06,0.0
1,0.002901315689086914,1,1,1e-06,0.0
1,0.0023229122161865234,1,1,1e-06,0.0
1,0.00441741943359375,1,1,1e-06,0.0
1,0.0026254653930664062,1,1,1e-06,0.0
1,0.013229608535766602,1,1,1e-06,0.0
1,0.0024459362030029297,1,1,1e-06,0.0
1,0.002081155776977539,1,1,1e-06,0.0
1,0.33582544326782227,1,1,1e-06,0.0
1,0.0022125244140625,1,1,1e-06,0.0
1,0.0026693344116210938,1,1,1e-06,0.0
1,0.02803659439086914,1,1,1e-06,0.0
1,0.002056598663330078,1,1,1e-06,0.0
1,0.0018303394317626953,1,1,1e-06,0.0
1,0.0022878646850585938,1,1,1e-06,0.0
1,0.0015902519226074219,1,1,1e-06,0.0
1,0.0019960403442382812,1,1,1e-06,0.0
1,0.0023851394653320312,1,1,1e-06,0.0
1,0.0021240711212158203,1,1,1e-06,0.0
1,0.001882314682006836,1,1,1e-06,0.0
1,0.0017147064208984375,1,1,1e-06,0.0
1,0.0016040802001953125,1,1,1e-06,0.0
1,0.0031812191009521484,1,1,1e-06,0.0
1,0.01271820068359375,1,1,1e-06,0.0
1,0.002399444580078125,1,1,1e-06,0.0
1,0.0030426979064941406,1,1,1e-06,0.0
1,0.0017445087432861328,1,1,1e-06,0.0
1,0.0026781558990478516,1,1,1e-06,0.0
1,0.002099752426147461,1,1,1e-06,0.0
1,0.0018527507781982422,1,1,1e-06,0.0
1,0.0013942718505859375,1,1,1e-06,0.0
1,0.0033698081970214844,1,1,1e-06,0.0
1,0.0021371841430664062,1,1,1e-06,0.0
1,0.012812376022338867,1,1,1e-06,0.0
1,0.0019164085388183594,1,1,1e-06,0.0
1,0.002139568328857422,1,1,1e-06,0.0
1,0.0020079612731933594,1,1,1e-06,0.0
1,0.0016083717346191406,1,1,1e-06,0.0
1,0.09198951721191406,1,1,1e-06,0.0
1,0.0017621517181396484,1,1,1e-06,0.0
1,0.0018343925476074219,1,1,1e-06,0.0
1,0.011497259140014648,1,1,1e-06,0.0
1,0.0018157958984375,1,1,1e-06,0.0
1,0.0012607574462890625,1,1,1e-06,0.0
1,0.0011680126190185547,1,1,1e-06,0.0
1,0.0016744136810302734,1,1,1e-06,0.0
1,0.0014903545379638672,1,1,1e-06,0.0
1,0.0013151168823242188,1,1,1e-06,0.0
1,0.0015697479248046875,1,1,1e-06,0.0
1,0.0022318363189697266,1,1,1e-06,0.0
1,0.01068878173828125,1,1,1e-06,0.0
1,0.011933565139770508,1,1,1e-06,0.0
1,0.001741647720336914,1,1,1e-06,0.0
1,0.0018010139465332031,1,1,1e-06,0.0
1,0.0018830299377441406,1,1,1e-06,0.0
1,0.011008501052856445,1,1,1e-06,0.0
1,0.002309560775756836,1,1,1e-06,0.0
1,0.0044786930084228516,1,1,1e-06,0.0
1,0.0026807785034179688,1,1,1e-06,0.0
1,0.011643648147583008,1,1,1e-06,0.0
1,0.0023322105407714844,1,1,1e-06,0.0
1,0.0024271011352539062,1,1,1e-06,0.0
1,0.002074718475341797,1,1,1e-06,0.0
1,0.0019249916076660156,1,1,1e-06,0.0
1,0.001514434814453125,1,1,1e-06,0.0
1,0.0022499561309814453,1,1,1e-06,0.0
1,0.002358675003051758,1,1,1e-06,0.0
1,0.002819538116455078,1,1,1e-06,0.0
1,0.0017628669738769531,1,1,1e-06,0.0
1,0.002402782440185547,1,1,1e-06,0.0
1,0.005222320556640625,1,1,1e-06,0.0
1,0.0015630722045898438,1,1,1e-06,0.0
1,0.003635883331298828,1,1,1e-06,0.0
1,0.0018463134765625,1,1,1e-06,0.0
1,0.0018553733825683594,1,1,1e-06,0.0
1,0.0021638870239257812,1,1,1e-06,0.0
1,0.0022945404052734375,1,1,1e-06,0.0
1,0.0023708343505859375,1,1,1e-06,0.0
1,0.0017921924591064453,1,1,1e-06,0.0
1,0.0021255016326904297,1,1,1e-06,0.0
1,0.0021927356719970703,1,1,1e-06,0.0
1,0.0021827220916748047,1,1,1e-06,0.0
1,0.0035898685455322266,1,1,1e-06,0.0
1,0.002328157424926758,1,1,1e-06,0.0
1,0.0015070438385009766,1,1,1e-06,0.0
1,0.0012104511260986328,1,1,1e-06,0.0
1,0.001527547836303711,1,1,1e-06,0.0
1,0.0025272369384765625,1,1,1e-06,0.0
1,0.0016982555389404297,1,1,1e-06,0.0
1,0.0015287399291992188,1,1,1e-06,0.0
1,0.0022988319396972656,1,1,1e-06,0.0
1,0.002733945846557617,1,1,1e-06,0.0
1,0.002035379409790039,1,1,1e-06,0.0
1,0.0017707347869873047,1,1,1e-06,0.0
1,0.0018513202667236328,1,1,1e-06,0.0
1,0.002041339874267578,1,1,1e-06,0.0
1,0.0023365020751953125,1,1,1e-06,0.0
1,0.0032186508178710938,1,1,1e-06,0.0
1,0.003533601760864258,1,1,1e-06,0.0
1,0.001981019973754883,1,1,1e-06,0.0
1,0.0016846656799316406,1,1,1e-06,0.0
1,0.0020797252655029297,1,1,1e-06,0.0
1,0.0017342567443847656,1,1,1e-06,0.0
1,0.008488655090332031,1,1,1e-06,0.0
1,0.002101898193359375,1,1,1e-06,0.0
1,0.001890420913696289,1,1,1e-06,0.0
1,0.001958608627319336,1,1,1e-06,0.0
1,0.0016434192657470703,1,1,1e-06,0.0
1,0.0032324790954589844,1,1,1e-06,0.0
1,0.0024118423461914062,1,1,1e-06,0.0
1,0.0026268959045410156,1,1,1e-06,0.0
1,0.0020821094512939453,1,1,1e-06,0.0
1,0.0019421577453613281,1,1,1e-06,0.0
1,0.0017173290252685547,1,1,1e-06,0.0
1,0.0015377998352050781,1,1,1e-06,0.0
1,0.0016911029815673828,1,1,1e-06,0.0
1,0.003125429153442383,1,1,1e-06,0.0
1,0.0021734237670898438,1,1,1e-06,0.0
1,0.006268501281738281,1,1,1e-06,0.0
1,0.0021696090698242188,1,1,1e-06,0.0
1,0.0030431747436523438,1,1,1e-06,0.0
1,0.0025200843811035156,1,1,1e-06,0.0
1,0.002046823501586914,1,1,1e-06,0.0
0,1.0054609775543213,0,0,,0.0
1,0.0017237663269042969,1,1,1e-06,0.0
1,0.0017359256744384766,1,1,1e-06,0.0
1,0.0021829605102539062,1,1,1e-06,0.0
1,0.02224135398864746,1,1,1e-06,0.0
1,0.0019412040710449219,1,1,1e-06,0.0
1,0.003475666046142578,1,1,1e-06,0.0
1,0.0017168521881103516,1,1,1e-06,0.0
1,0.0013701915740966797,1,1,1e-06,0.0
1,0.0016891956329345703,1,1,1e-06,0.0
1,0.0021467208862304688,1,1,1e-06,0.0
1,0.0017480850219726562,1,1,1e-06,0.0
1,0.02512669563293457,1,1,1e-06,0.0
1,0.0024344921112060547,1,1,1e-06,0.0
1,0.0018374919891357422,1,1,1e-06,0.0
1,0.0022149085998535156,1,1,1e-06,0.0
1,0.0017404556274414062,1,1,1e-06,0.0
1,0.0035543441772460938,1,1,1e-06,0.0
1,0.014368057250976562,1,1,1e-06,0.0
1,0.0022253990173339844,1,1,1e-06,0.0
1,0.002050161361694336,1,1,1e-06,0.0
1,0.005103349685668945,1,1,1e-06,0.0
1,0.002523660659790039,1,1,1e-06,0.0
1,0.0026400089263916016,1,1,1e-06,0.0
1,0.002441883087158203,1,1,1e-06,0.0
1,0.0022368431091308594,1,1,1e-06,0.0
1,0.002620697021484375,1,1,1e-06,0.0
1,0.002424478530883789,1,1,1e-06,0.0
1,0.002146005630493164,1,1,1e-06,0.0
1,0.0017774105072021484,1,1,1e-06,0.0
1,0.00301361083984375,1,1,1e-06,0.0
1,0.0024285316467285156,1,1,1e-06,0.0
1,0.002017498016357422,1,1,1e-06,0.0
1,0.002866029739379883,1,1,1e-06,0.0
1,0.002102375030517578,1,1,1e-06,0.0
1,0.0022003650665283203,1,1,1e-06,0.0
1,0.0027153491973876953,1,1,1e-06,0.0
1,0.0028638839721679688,1,1,1e-06,0.0
1,0.0025229454040527344,1,1,1e-06,0.0
1,0.0036563873291015625,1,1,1e-06,0.0
1,0.0032701492309570312,1,1,1e-06,0.0
1,0.0021026134490966797,1,1,1e-06,0.0
1,0.012135744094848633,1,1,1e-06,0.0
1,0.002576589584350586,1,1,1e-06,0.0
1,0.004497051239013672,1,1,1e-06,0.0
1,0.002515077590942383,1,1,1e-06,0.0
1,0.0021202564239501953,1,1,1e-06,0.0
1,0.001856088638305664,1,1,1e-06,0.0
1,0.005013704299926758,1,1,1e-06,0.0
1,0.0058286190032958984,1,1,1e-06,0.0
1,0.0020198822021484375,1,1,1e-06,0.0
1,0.010979890823364258,1,1,1e-06,0.0
1,0.002665281295776367,1,1,1e-06,0.0
1,0.0025916099548339844,1,1,1e-06,0.0
1,0.001878976821899414,1,1,1e-06,0.0
1,0.02300572395324707,1,1,1e-06,0.0
1,0.0023202896118164062,1,1,1e-06,0.0
1,0.005952596664428711,1,1,1e-06,0.0
1,0.0029325485229492188,1,1,1e-06,0.0
1,0.002818584442138672,1,1,1e-06,0.0
1,0.004141807556152344,1,1,1e-06,0.0
1,0.0022983551025390625,1,1,1e-06,0.0
1,0.0028073787689208984,1,1,1e-06,0.0
1,0.0031158924102783203,1,1,1e-06,0.0
1,0.0018384456634521484,1,1,1e-06,0.0
1,0.002972126007080078,1,1,1e-06,0.0
1,0.002213716506958008,1,1,1e-06,0.0
1,0.0023758411407470703,1,1,1e-06,0.0
1,0.0022287368774414062,1,1,1e-06,0.0
1,0.003123760223388672,1,1,1e-06,0.0
1,0.0019207000732421875,1,1,1e-06,0.0
1,0.0019528865814208984,1,1,1e-06,0.0
1,0.003038167953491211,1,1,1e-06,0.0
1,0.002137422561645508,1,1,1e-06,0.0
1,0.005841493606567383,1,1,1e-06,0.0
1,0.0025653839111328125,1,1,1e-06,0.0
1,0.002633333206176758,1,1,1e-06,0.0
1,0.0034027099609375,1,1,1e-06,0.0
1,0.0026519298553466797,1,1,1e-06,0.0
1,0.0024492740631103516,1,1,1e-06,0.0
1,0.0028290748596191406,1,1,1e-06,0.0
1,0.0018405914306640625,1,1,1e-06,0.0
1,0.0017058849334716797,1,1,1e-06,0.0
1,0.004998922348022461,1,1,1e-06,0.0
1,0.0025501251220703125,1,1,1e-06,0.0
1,0.001988649368286133,1,1,1e-06,0.0
1,0.002862215042114258,1,1,1e-06,0.0
1,0.0028700828552246094,1,1,1e-06,0.0
1,0.2185673713684082,1,1,1e-06,0.0
1,0.0018589496612548828,1,1,1e-06,0.0
1,0.002368927001953125,1,1,1e-06,0.0
1,0.0019512176513671875,1,1,1e-06,0.0
1,0.0018744468688964844,1,1,1e-06,0.0
1,0.0018732547760009766,1,1,1e-06,0.0
1,0.0016484260559082031,1,1,1e-06,0.0
1,0.0021615028381347656,1,1,1e-06,0.0
1,0.0020279884338378906,1,1,1e-06,0.0
1,0.006860256195068359,1,1,1e-06,0.0
1,0.0018177032470703125,1,1,1e-06,0.0
1,0.0020618438720703125,1,1,1e-06,0.0
1,0.0033867359161376953,1,1,1e-06,0.0
1,0.0028820037841796875,1,1,1e-06,0.0
1,0.0024819374084472656,1,1,1e-06,0.0
1,0.0018372535705566406,1,1,1e-06,0.0
1,0.0017516613006591797,1,1,1e-06,0.0
1,0.007133007049560547,1,1,1e-06,0.0
1,0.0021076202392578125,1,1,1e-06,0.0
1,0.0020279884338378906,1,1,1e-06,0.0
1,0.001995563507080078,1,1,1e-06,0.0
1,0.002407073974609375,1,1,1e-06,0.0
1,0.002214193344116211,1,1,1e-06,0.0
1,0.001971721649169922,1,1,1e-06,0.0
1,0.0015573501586914062,1,1,1e-06,0.0
1,0.0019240379333496094,1,1,1e-06,0.0
1,0.002976655960083008,1,1,1e-06,0.0
1,0.001958131790161133,1,1,1e-06,0.0
1,0.002877950668334961,1,1,1e-06,0.0
1,0.002367734909057617,1,1,1e-06,0.0
1,0.0020682811737060547,1,1,1e-06,0.0
1,0.0021910667419433594,1,1,1e-06,0.0
1,0.001920461654663086,1,1,1e-06,0.0
1,0.0017390251159667969,1,1,1e-06,0.0
1,0.002735614776611328,1,1,1e-06,0.0
1,0.002012491226196289,1,1,1e-06,0.0
1,0.0024080276489257812,1,1,1e-06,0.0
1,0.0026979446411132812,1,1,1e-06,0.0
1,0.002527952194213867,1,1,1e-06,0.0
1,0.00226593017578125,1,1,1e-06,0.0
1,0.05219841003417969,1,1,1e-06,0.0
1,0.001966238021850586,1,1,1e-06,0.0
1,0.002900838851928711,1,1,1e-06,0.0
1,0.0021066665649414062,1,1,1e-06,0.0
1,0.0024569034576416016,1,1,1e-06,0.0
1,0.002201557159423828,1,1,1e-06,0.0
1,0.003373861312866211,1,1,1e-06,0.0
1,0.002025127410888672,1,1,1e-06,0.0
1,0.0019283294677734375,1,1,1e-06,0.0
1,0.0024137496948242188,1,1,1e-06,0.0
1,0.002553701400756836,1,1,1e-06,0.0
1,0.0053555965423583984,1,1,1e-06,0.0
1,0.001821756362915039,1,1,1e-06,0.0
1,0.0019009113311767578,1,1,1e-06,0.0
1,0.0015325546264648438,1,1,1e-06,0.0
1,0.0021381378173828125,1,1,1e-06,0.0
1,0.0025243759155273438,1,1,1e-06,0.0
1,0.002238750457763672,1,1,1e-06,0.0
1,0.0018525123596191406,1,1,1e-06,0.0
1,0.00186920166015625,1,1,1e-06,0.0
1,0.002966165542602539,1,1,1e-06,0.0
1,0.0036008358001708984,1,1,1e-06,0.0
1,0.002684354782104492,1,1,1e-06,0.0
1,0.0024383068084716797,1,1,1e-06,0.0
1,0.0020728111267089844,1,1,1e-06,0.0
1,0.001971006393432617,1,1,1e-06,0.0
1,0.019467830657958984,1,1,1e-06,0.0
1,0.029179096221923828,1,1,1e-06,0.0
1,0.002282857894897461,1,1,1e-06,0.0
1,0.0023560523986816406,1,1,1e-06,0.0
1,0.0019860267639160156,1,1,1e-06,0.0
1,0.0018777847290039062,1,1,1e-06,0.0
1,0.003108978271484375,1,1,1e-06,0.0
1,0.002538919448852539,1,1,1e-06,0.0
1,0.002040386199951172,1,1,1e-06,0.0
1,0.0021283626556396484,1,1,1e-06,0.0
1,0.00246429443359375,1,1,1e-06,0.0
1,0.0026917457580566406,1,1,1e-06,0.0
1,0.0024116039276123047,1,1,1e-06,0.0
1,0.0056002140045166016,1,1,1e-06,0.0
1,0.0024127960205078125,1,1,1e-06,0.0
1,0.001964092254638672,1,1,1e-06,0.0
1,0.0022125244140625,1,1,1e-06,0.0
0,1.0042462348937988,0,0,,0.0
1,0.0028328895568847656,1,1,1e-06,0.0
1,0.002459287643432617,1,1,1e-06,0.0
1,0.0017061233520507812,1,1,1e-06,0.0
1,0.0020928382873535156,1,1,1e-06,0.0
1,0.002217531204223633,1,1,1e-06,0.0
1,0.002750396728515625,1,1,1e-06,0.0
1,0.0017576217651367188,1,1,1e-06,0.0
1,0.002009868621826172,1,1,1e-06,0.0
1,0.0025789737701416016,1,1,1e-06,0.0
1,0.005643606185913086,1,1,1e-06,0.0
1,0.002917051315307617,1,1,1e-06,0.0
1,0.0021190643310546875,1,1,1e-06,0.0
1,0.002477884292602539,1,1,1e-06,0.0
1,0.003378152847290039,1,1,1e-06,0.0
1,0.0028400421142578125,1,1,1e-06,0.0
1,0.0025818347930908203,1,1,1e-06,0.0
1,0.00290679931640625,1,1,1e-06,0.0
1,0.002628326416015625,1,1,1e-06,0.0
1,0.0030574798583984375,1,1,1e-06,0.0
1,0.0036203861236572266,1,1,1e-06,0.0
1,0.003095865249633789,1,1,1e-06,0.0
1,0.002810239791870117,1,1,1e-06,0.0
1,0.0024700164794921875,1,1,1e-06,0.0
1,0.0020449161529541016,1,1,1e-06,0.0
1,0.004264354705810547,1,1,1e-06,0.0
1,0.002615690231323242,1,1,1e-06,0.0
1,0.0025925636291503906,1,1,1e-06,0.0
1,0.0029053688049316406,1,1,1e-06,0.0
1,0.003042936325073242,1,1,1e-06,0.0
1,0.002624988555908203,1,1,1e-06,0.0
1,0.002127408981323242,1,1,1e-06,0.0
1,0.003958702087402344,1,1,1e-06,0.0
1,0.0034987926483154297,1,1,1e-06,0.0
1,0.002001523971557617,1,1,1e-06,0.0
1,0.0019135475158691406,1,1,1e-06,0.0
1,0.0021848678588867188,1,1,1e-06,0.0
1,0.004315376281738281,1,1,1e-06,0.0
1,0.003856182098388672,1,1,1e-06,0.0
1,0.0026214122772216797,1,1,1e-06,0.0
1,0.0020933151245117188,1,1,1e-06,0.0
1,0.0022056102752685547,1,1,1e-06,0.0
1,0.002666950225830078,1,1,1e-06,0.0
1,0.0025115013122558594,1,1,1e-06,0.0
1,0.0030527114868164062,1,1,1e-06,0.0
1,0.0023529529571533203,1,1,1e-06,0.0
1,0.0024399757385253906,1,1,1e-06,0.0
1,0.0024726390838623047,1,1,1e-06,0.0
1,0.0023338794708251953,1,1,1e-06,0.0
1,0.0022041797637939453,1,1,1e-06,0.0
1,0.013672590255737305,1,1,1e-06,0.0
1,0.001847982406616211,1,1,1e-06,0.0
1,0.0026619434356689453,1,1,1e-06,0.0
1,0.01128244400024414,1,1,1e-06,0.0
1,0.0021729469299316406,1,1,1e-06,0.0
1,0.005980253219604492,1,1,1e-06,0.0
1,0.0021009445190429688,1,1,1e-06,0.0
1,0.0020678043365478516,1,1,1e-06,0.0
1,0.002376556396484375,1,1,1e-06,0.0
1,0.0021882057189941406,1,1,1e-06,0.0
1,0.0033545494079589844,1,1,1e-06,0.0
1,0.00308990478515625,1,1,1e-06,0.0
1,0.002530813217163086,1,1,1e-06,0.0
1,0.0022575855255126953,1,1,1e-06,0.0
1,0.02301311492919922,1,1,1e-06,0.0
1,0.0024025440216064453,1,1,1e-06,0.0
1,0.0027081966400146484,1,1,1e-06,0.0
1,0.0021648406982421875,1,1,1e-06,0.0
1,0.0019969940185546875,1,1,1e-06,0.0
1,0.002111196517944336,1,1,1e-06,0.0
1,0.0018663406372070312,1,1,1e-06,0.0
1,0.0033779144287109375,1,1,1e-06,0.0
1,0.0034224987030029297,1,1,1e-06,0.0
1,0.0028078556060791016,1,1,1e-06,0.0
1,0.002058744430541992,1,1,1e-06,0.0
1,0.0019562244415283203,1,1,1e-06,0.0
1,0.0017604827880859375,1,1,1e-06,0.0
1,0.0017764568328857422,1,1,1e-06,0.0
1,0.002573728561401367,1,1,1e-06,0.0
1,0.002944469451904297,1,1,1e-06,0.0
1,0.0030710697174072266,1,1,1e-06,0.0
1,0.012439489364624023,1,1,1e-06,0.0
1,0.0023076534271240234,1,1,1e-06,0.0
1,0.002044200897216797,1,1,1e-06,0.0
1,0.0018582344055175781,1,1,1e-06,0.0
1,0.002078533172607422,1,1,1e-06,0.0
1,0.0020334720611572266,1,1,1e-06,0.0
1,0.002021312713623047,1,1,1e-06,0.0
1,0.0020380020141601562,1,1,1e-06,0.0
1,0.0018661022186279297,1,1,1e-06,0.0
1,0.0024003982543945312,1,1,1e-06,0.0
1,0.0028553009033203125,1,1,1e-06,0.0
1,0.001996755599975586,1,1,1e-06,0.0
1,0.0024602413177490234,1,1,1e-06,0.0
1,0.0017397403717041016,1,1,1e-06,0.0
1,0.004090785980224609,1,1,1e-06,0.0
1,0.002092599868774414,1,1,1e-06,0.0
1,0.001979827880859375,1,1,1e-06,0.0
1,0.002006053924560547,1,1,1e-06,0.0
1,0.0022461414337158203,1,1,1e-06,0.0
1,0.0030176639556884766,1,1,1e-06,0.0
1,0.019471406936645508,1,1,1e-06,0.0
1,0.0020847320556640625,1,1,1e-06,0.0
1,0.00193023681640625,1,1,1e-06,0.0
1,0.0021321773529052734,1,1,1e-06,0.0
1,0.0022857189178466797,1,1,1e-06,0.0
1,0.003921031951904297,1,1,1e-06,0.0
1,0.002408266067504883,1,1,1e-06,0.0
1,0.007038116455078125,1,1,1e-06,0.0
1,0.002084016799926758,1,1,1e-06,0.0
1,0.002050161361694336,1,1,1e-06,0.0
1,0.0247647762298584,1,1,1e-06,0.0
1,0.00205230712890625,1,1,1e-06,0.0
1,0.0032100677490234375,1,1,1e-06,0.0
1,0.002645254135131836,1,1,1e-06,0.0
1,0.002909421920776367,1,1,1e-06,0.0
1,0.002146005630493164,1,1,1e-06,0.0
1,0.0022492408752441406,1,1,1e-06,0.0
1,0.0019609928131103516,1,1,1e-06,0.0
1,0.0023140907287597656,1,1,1e-06,0.0
1,0.0028133392333984375,1,1,1e-06,0.0
1,0.0021064281463623047,1,1,1e-06,0.0
1,0.0018563270568847656,1,1,1e-06,0.0
1,0.035154104232788086,1,1,1e-06,0.0
1,0.0019316673278808594,1,1,1e-06,0.0
1,0.002213001251220703,1,1,1e-06,0.0
1,0.0038766860961914062,1,1,1e-06,0.0
1,0.0027806758880615234,1,1,1e-06,0.0
1,0.0028944015502929688,1,1,1e-06,0.0
1,0.002907276153564453,1,1,1e-06,0.0
1,0.013763427734375,1,1,1e-06,0.0
1,0.0023708343505859375,1,1,1e-06,0.0
1,0.002035379409790039,1,1,1e-06,0.0
1,0.013642549514770508,1,1,1e-06,0.0
1,0.002376079559326172,1,1,1e-06,0.0
1,0.0023567676544189453,1,1,1e-06,0.0
1,0.002176523208618164,1,1,1e-06,0.0
1,0.004871845245361328,1,1,1e-06,0.0
1,0.002213001251220703,1,1,1e-06,0.0
1,0.0018551349639892578,1,1,1e-06,0.0
1,0.003870725631713867,1,1,1e-06,0.0
1,0.0022792816162109375,1,1,1e-06,0.0
1,0.0022068023681640625,1,1,1e-06,0.0
1,0.0016021728515625,1,1,1e-06,0.0
1,0.002095937728881836,1,1,1e-06,0.0
1,0.002816438674926758,1,1,1e-06,0.0
1,0.002291440963745117,1,1,1e-06,0.0
1,0.0023076534271240234,1,1,1e-06,0.0
1,0.0019617080688476562,1,1,1e-06,0.0
1,0.0017933845520019531,1,1,1e-06,0.0
1,0.002246856689453125,1,1,1e-06,0.0
1,0.002876758575439453,1,1,1e-06,0.0
1,0.0045964717864990234,1,1,1e-06,0.0
1,0.004263877868652344,1,1,1e-06,0.0
1,0.004248619079589844,1,1,1e-06,0.0
1,0.0034966468811035156,1,1,1e-06,0.0
1,0.0032062530517578125,1,1,1e-06,0.0
1,0.024031400680541992,1,1,1e-06,0.0
1,0.0031890869140625,1,1,1e-06,0.0
1,0.0019145011901855469,1,1,1e-06,0.0
1,0.002832651138305664,1,1,1e-06,0.0
1,0.0029489994049072266,1,1,1e-06,0.0
1,0.0020627975463867188,1,1,1e-06,0.0
1,0.011624813079833984,1,1,1e-06,0.0
1,0.0034286975860595703,1,1,1e-06,0.0
1,0.002106189727783203,1,1,1e-06,0.0
1,0.0019860267639160156,1,1,1e-06,0.0
1,0.0017628669738769531,1,1,1e-06,0.0
1,0.001912832260131836,1,1,1e-06,0.0
1,0.0022923946380615234,1,1,1e-06,0.0
1,0.012628555297851562,1,1,1e-06,0.0
1,0.002208709716796875,1,1,1e-06,0.0
1,0.002749204635620117,1,1,1e-06,0.0
1,0.003464937210083008,1,1,1e-06,0.0
1,0.003130197525024414,1,1,1e-06,0.0
1,0.0024671554565429688,1,1,1e-06,0.0
1,0.0018887519836425781,1,1,1e-06,0.0
1,0.001918792724609375,1,1,1e-06,0.0
1,0.0031354427337646484,1,1,1e-06,0.0
1,0.0030422210693359375,1,1,1e-06,0.0
1,0.0026390552520751953,1,1,1e-06,0.0
1,0.020832300186157227,1,1,1e-06,0.0
1,0.0027942657470703125,1,1,1e-06,0.0
1,0.0023374557495117188,1,1,1e-06,0.0
1,0.0027823448181152344,1,1,1e-06,0.0
1,0.0026738643646240234,1,1,1e-06,0.0
1,0.002925872802734375,1,1,1e-06,0.0
1,0.0027344226837158203,1,1,1e-06,0.0
1,0.0021300315856933594,1,1,1e-06,0.0
1,0.0020017623901367188,1,1,1e-06,0.0
1,0.0018613338470458984,1,1,1e-06,0.0
1,0.0028867721557617188,1,1,1e-06,0.0
1,0.003321409225463867,1,1,1e-06,0.0
1,0.0023946762084960938,1,1,1e-06,0.0
1,0.0035016536712646484,1,1,1e-06,0.0
1,0.001973390579223633,1,1,1e-06,0.0
1,0.0022101402282714844,1,1,1e-06,0.0
1,0.0027494430541992188,1,1,1e-06,0.0
1,0.003217458724975586,1,1,1e-06,0.0
1,0.040586233139038086,1,1,1e-06,0.0
1,0.0035331249237060547,1,1,1e-06,0.0
1,0.002463817596435547,1,1,1e-06,0.0
1,0.0017633438110351562,1,1,1e-06,0.0
1,0.002773761749267578,1,1,1e-06,0.0
1,0.0018444061279296875,1,1,1e-06,0.0
1,0.0019192695617675781,1,1,1e-06,0.0
1,0.0025060176849365234,1,1,1e-06,0.0
1,0.0019419193267822266,1,1,1e-06,0.0
1,0.013141393661499023,1,1,1e-06,0.0
1,0.0028781890869140625,1,1,1e-06,0.0
1,0.002607583999633789,1,1,1e-06,0.0
1,0.0026073455810546875,1,1,1e-06,0.0
1,0.0021767616271972656,1,1,1e-06,0.0
1,0.0019445419311523438,1,1,1e-06,0.0
1,0.0020868778228759766,1,1,1e-06,0.0
1,0.00206756591796875,1,1,1e-06,0.0
1,0.0018856525421142578,1,1,1e-06,0.0
1,0.0018014907836914062,1,1,1e-06,0.0
1,0.002171754837036133,1,1,1e-06,0.0
1,0.0029664039611816406,1,1,1e-06,0.0
1,0.002897500991821289,1,1,1e-06,0.0
1,0.0020177364349365234,1,1,1e-06,0.0
1,0.0032389163970947266,1,1,1e-06,0.0
1,0.002431154251098633,1,1,1e-06,0.0
1,0.0036106109619140625,1,1,1e-06,0.0
1,0.0031404495239257812,1,1,1e-06,0.0
1,0.0027930736541748047,1,1,1e-06,0.0
1,0.002941131591796875,1,1,1e-06,0.0
1,0.0029747486114501953,1,1,1e-06,0.0
1,0.00238800048828125,1,1,1e-06,0.0
1,0.0026750564575195312,1,1,1e-06,0.0
1,0.0022177696228027344,1,1,1e-06,0.0
1,0.002537250518798828,1,1,1e-06,0.0
1,0.004250049591064453,1,1,1e-06,0.0
1,0.002200603485107422,1,1,1e-06,0.0
1,0.0166165828704834,1,1,1e-06,0.0
1,0.002664327621459961,1,1,1e-06,0.0
1,0.002704143524169922,1,1,1e-06,0.0
1,0.0024595260620117188,1,1,1e-06,0.0
1,0.002911090850830078,1,1,1e-06,0.0
1,0.0027196407318115234,1,1,1e-06,0.0
1,0.0017178058624267578,1,1,1e-06,0.0
1,0.0025167465209960938,1,1,1e-06,0.0
1,0.10708069801330566,1,1,1e-06,0.0
1,0.002105712890625,1,1,1e-06,0.0
1,0.002229928970336914,1,1,1e-06,0.0
1,0.002251148223876953,1,1,1e-06,0.0
1,0.0022542476654052734,1,1,1e-06,0.0
1,0.0021288394927978516,1,1,1e-06,0.0
1,0.005231380462646484,1,1,1e-06,0.0
1,0.002748250961303711,1,1,1e-06,0.0
1,0.002231121063232422,1,1,1e-06,0.0
1,0.0018510818481445312,1,1,1e-06,0.0
1,0.0019681453704833984,1,1,1e-06,0.0
1,0.002107858657836914,1,1,1e-06,0.0
1,0.0022335052490234375,1,1,1e-06,0.0
1,0.0028510093688964844,1,1,1e-06,0.0
1,0.002457857131958008,1,1,1e-06,0.0
1,0.015502214431762695,1,1,1e-06,0.0
1,0.002835512161254883,1,1,1e-06,0.0
1,0.001987457275390625,1,1,1e-06,0.0
1,0.001963376998901367,1,1,1e-06,0.0
1,0.001898050308227539,1,1,1e-06,0.0
1,0.004163265228271484,1,1,1e-06,0.0
1,0.0027074813842773438,1,1,1e-06,0.0
1,0.002804994583129883,1,1,1e-06,0.0
1,0.00433349609375,1,1,1e-06,0.0
1,0.013319730758666992,1,1,1e-06,0.0
1,0.011729001998901367,1,1,1e-06,0.0
1,0.0022804737091064453,1,1,1e-06,0.0
1,0.0019752979278564453,1,1,1e-06,0.0
1,0.001889944076538086,1,1,1e-06,0.0
1,0.002225160598754883,1,1,1e-06,0.0
1,0.0019578933715820312,1,1,1e-06,0.0
1,0.0018334388732910156,1,1,1e-06,0.0
1,0.016835451126098633,1,1,1e-06,0.0
1,0.002510547637939453,1,1,1e-06,0.0
1,0.0020377635955810547,1,1,1e-06,0.0
1,0.002287149429321289,1,1,1e-06,0.0
1,0.0019145011901855469,1,1,1e-06,0.0
1,0.003945350646972656,1,1,1e-06,0.0
1,0.0024759769439697266,1,1,1e-06,0.0
1,0.0020966529846191406,1,1,1e-06,0.0
1,0.0029878616333007812,1,1,1e-06,0.0
1,0.003283262252807617,1,1,1e-06,0.0
1,0.0019180774688720703,1,1,1e-06,0.0
1,0.002107381820678711,1,1,1e-06,0.0
1,0.002007007598876953,1,1,1e-06,0.0
1,0.002248525619506836,1,1,1e-06,0.0
1,0.0024869441986083984,1,1,1e-06,0.0
1,0.002775430679321289,1,1,1e-06,0.0
1,0.0026493072509765625,1,1,1e-06,0.0
1,0.003477334976196289,1,1,1e-06,0.0
1,0.002946615219116211,1,1,1e-06,0.0
1,0.0024857521057128906,1,1,1e-06,0.0
1,0.0028791427612304688,1,1,1e-06,0.0
1,0.003032684326171875,1,1,1e-06,0.0
1,0.0020210742950439453,1,1,1e-06,0.0
1,0.00423884391784668,1,1,1e-06,0.0
1,0.0032448768615722656,1,1,1e-06,0.0
1,0.002354860305786133,1,1,1e-06,0.0
1,0.0031113624572753906,1,1,1e-06,0.0
1,0.0021800994873046875,1,1,1e-06,0.0
1,0.003177642822265625,1,1,1e-06,0.0
1,0.027109622955322266,1,1,1e-06,0.0
1,0.005398988723754883,1,1,1e-06,0.0
1,0.00776982307434082,1,1,1e-06,0.0
1,0.01111745834350586,1,1,1e-06,0.0
1,0.04117250442504883,1,1,1e-06,0.0
1,0.007865190505981445,1,1,1e-06,0.0
1,0.0024318695068359375,1,1,1e-06,0.0
1,0.0026133060455322266,1,1,1e-06,0.0
1,0.0029234886169433594,1,1,1e-06,0.0
1,0.04215526580810547,1,1,1e-06,0.0
1,0.004805564880371094,1,1,1e-06,0.0
1,0.002658367156982422,1,1,1e-06,0.0
1,0.009452342987060547,1,1,1e-06,0.0
1,0.003008127212524414,1,1,1e-06,0.0
1,0.0027446746826171875,1,1,1e-06,0.0
1,0.0034782886505126953,1,1,1e-06,0.0
1,0.008394956588745117,1,1,1e-06,0.0
1,0.0032851696014404297,1,1,1e-06,0.0
1,0.003040790557861328,1,1,1e-06,0.0
1,0.0038933753967285156,1,1,1e-06,0.0
1,0.004431009292602539,1,1,1e-06,0.0
1,0.011822223663330078,1,1,1e-06,0.0
1,0.0024514198303222656,1,1,1e-06,0.0
1,0.0027213096618652344,1,1,1e-06,0.0
1,0.0036530494689941406,1,1,1e-06,0.0
1,0.013348579406738281,1,1,1e-06,0.0
1,0.0031061172485351562,1,1,1e-06,0.0
1,0.0027189254760742188,1,1,1e-06,0.0
1,0.020168066024780273,1,1,1e-06,0.0
1,0.002717256546020508,1,1,1e-06,0.0
1,0.005039215087890625,1,1,1e-06,0.0
1,0.003301858901977539,1,1,1e-06,0.0
1,0.0030014514923095703,1,1,1e-06,0.0
1,0.004571437835693359,1,1,1e-06,0.0
1,0.006023406982421875,1,1,1e-06,0.0
1,0.004481315612792969,1,1,1e-06,0.0
1,0.0036554336547851562,1,1,1e-06,0.0
1,0.003728628158569336,1,1,1e-06,0.0
1,0.0030455589294433594,1,1,1e-06,0.0
1,0.0029668807983398438,1,1,1e-06,0.0
1,0.0031495094299316406,1,1,1e-06,0.0
1,0.0034189224243164062,1,1,1e-06,0.0
1,0.0028526782989501953,1,1,1e-06,0.0
1,0.0026450157165527344,1,1,1e-06,0.0
1,0.0031363964080810547,1,1,1e-06,0.0
1,0.00475764274597168,1,1,1e-06,0.0
1,0.002851724624633789,1,1,1e-06,0.0
1,0.002769947052001953,1,1,1e-06,0.0
1,0.0028429031372070312,1,1,1e-06,0.0
1,0.0034284591674804688,1,1,1e-06,0.0
1,0.002853870391845703,1,1,1e-06,0.0
1,0.0031325817108154297,1,1,1e-06,0.0
1,0.0030281543731689453,1,1,1e-06,0.0
1,0.004327535629272461,1,1,1e-06,0.0
1,0.00298309326171875,1,1,1e-06,0.0
1,0.003254413604736328,1,1,1e-06,0.0
1,0.017264604568481445,1,1,1e-06,0.0
1,0.0032324790954589844,1,1,1e-06,0.0
1,0.002819538116455078,1,1,1e-06,0.0
1,0.0029859542846679688,1,1,1e-06,0.0
1,0.0023963451385498047,1,1,1e-06,0.0
1,0.002559661865234375,1,1,1e-06,0.0
1,0.002731800079345703,1,1,1e-06,0.0
1,0.003718852996826172,1,1,1e-06,0.0
1,0.0023636817932128906,1,1,1e-06,0.0
1,0.0026276111602783203,1,1,1e-06,0.0
1,0.0027866363525390625,1,1,1e-06,0.0
1,0.0025768280029296875,1,1,1e-06,0.0
1,0.004606962203979492,1,1,1e-06,0.0
1,0.015822887420654297,1,1,1e-06,0.0
1,0.002402067184448242,1,1,1e-06,0.0
1,0.002712249755859375,1,1,1e-06,0.0
1,0.0017390251159667969,1,1,1e-06,0.0
1,0.0023300647735595703,1,1,1e-06,0.0
1,0.002803802490234375,1,1,1e-06,0.0
1,0.0018613338470458984,1,1,1e-06,0.0
1,0.0026519298553466797,1,1,1e-06,0.0
1,0.002540111541748047,1,1,1e-06,0.0
1,0.0024602413177490234,1,1,1e-06,0.0
1,0.0022945404052734375,1,1,1e-06,0.0
1,0.00299835205078125,1,1,1e-06,0.0
1,0.0028896331787109375,1,1,1e-06,0.0
1,0.0017991065979003906,1,1,1e-06,0.0
1,0.0018999576568603516,1,1,1e-06,0.0
1,0.002221345901489258,1,1,1e-06,0.0
1,0.0026421546936035156,1,1,1e-06,0.0
1,0.002427339553833008,1,1,1e-06,0.0
1,0.004508495330810547,1,1,1e-06,0.0
1,0.0034987926483154297,1,1,1e-06,0.0
1,0.0025513172149658203,1,1,1e-06,0.0
1,0.0033206939697265625,1,1,1e-06,0.0
1,0.002154111862182617,1,1,1e-06,0.0
1,0.0023860931396484375,1,1,1e-06,0.0
1,0.002371072769165039,1,1,1e-06,0.0
1,0.0019054412841796875,1,1,1e-06,0.0
1,0.0031023025512695312,1,1,1e-06,0.0
1,0.0040225982666015625,1,1,1e-06,0.0
1,0.0029108524322509766,1,1,1e-06,0.0
1,0.002917051315307617,1,1,1e-06,0.0
1,0.00238800048828125,1,1,1e-06,0.0
1,0.005559444427490234,1,1,1e-06,0.0
1,0.03213953971862793,1,1,1e-06,0.0
1,0.0030815601348876953,1,1,1e-06,0.0
1,0.0030641555786132812,1,1,1e-06,0.0
1,0.0030944347381591797,1,1,1e-06,0.0
1,0.003030061721801758,1,1,1e-06,0.0
1,0.0026247501373291016,1,1,1e-06,0.0
1,0.001995563507080078,1,1,1e-06,0.0
1,0.0025908946990966797,1,1,1e-06,0.0
1,0.002147197723388672,1,1,1e-06,0.0
1,0.0029048919677734375,1,1,1e-06,0.0
1,0.0028111934661865234,1,1,1e-06,0.0
1,0.002522706985473633,1,1,1e-06,0.0
1,0.0029354095458984375,1,1,1e-06,0.0
1,0.0031404495239257812,1,1,1e-06,0.0
1,0.0030279159545898438,1,1,1e-06,0.0
1,0.0024993419647216797,1,1,1e-06,0.0
1,0.0023992061614990234,1,1,1e-06,0.0
1,0.003497600555419922,1,1,1e-06,0.0
1,0.002858400344848633,1,1,1e-06,0.0
1,0.002456188201904297,1,1,1e-06,0.0
1,0.002477407455444336,1,1,1e-06,0.0
1,0.018543243408203125,1,1,1e-06,0.0
1,0.0029370784759521484,1,1,1e-06,0.0
1,0.002539396286010742,1,1,1e-06,0.0
1,0.0029299259185791016,1,1,1e-06,0.0
1,0.0021905899047851562,1,1,1e-06,0.0
1,0.002243518829345703,1,1,1e-06,0.0
1,0.0023288726806640625,1,1,1e-06,0.0
1,0.0050830841064453125,1,1,1e-06,0.0
1,0.002588510513305664,1,1,1e-06,0.0
1,0.0023436546325683594,1,1,1e-06,0.0
1,0.0029439926147460938,1,1,1e-06,0.0
1,0.0030527114868164062,1,1,1e-06,0.0
1,0.0020151138305664062,1,1,1e-06,0.0
1,0.004110813140869141,1,1,1e-06,0.0
1,0.012808084487915039,1,1,1e-06,0.0
1,0.0025353431701660156,1,1,1e-06,0.0
1,0.002449512481689453,1,1,1e-06,0.0
1,0.002320528030395508,1,1,1e-06,0.0
1,0.002452373504638672,1,1,1e-06,0.0
1,0.003789186477661133,1,1,1e-06,0.0
1,0.002734661102294922,1,1,1e-06,0.0
1,0.005242586135864258,1,1,1e-06,0.0
1,0.002696990966796875,1,1,1e-06,0.0
1,0.0029625892639160156,1,1,1e-06,0.0
1,0.0029299259185791016,1,1,1e-06,0.0
1,0.0022552013397216797,1,1,1e-06,0.0
1,0.002208232879638672,1,1,1e-06,0.0
1,0.002736806869506836,1,1,1e-06,0.0
1,0.0030410289764404297,1,1,1e-06,0.0
1,0.006972551345825195,1,1,1e-06,0.0
1,0.005242586135864258,1,1,1e-06,0.0
1,0.0027887821197509766,1,1,1e-06,0.0
1,0.0024619102478027344,1,1,1e-06,0.0
1,0.002429485321044922,1,1,1e-06,0.0
1,0.0023984909057617188,1,1,1e-06,0.0
1,0.0030608177185058594,1,1,1e-06,0.0
1,0.0029213428497314453,1,1,1e-06,0.0
1,0.0057599544525146484,1,1,1e-06,0.0
1,0.0033528804779052734,1,1,1e-06,0.0
1,0.006505012512207031,1,1,1e-06,0.0
1,0.003275156021118164,1,1,1e-06,0.0
1,0.0035452842712402344,1,1,1e-06,0.0
1,0.003489255905151367,1,1,1e-06,0.0
1,0.0036580562591552734,1,1,1e-06,0.0
1,0.0034325122833251953,1,1,1e-06,0.0
1,0.0041081905364990234,1,1,1e-06,0.0
1,0.0031936168670654297,1,1,1e-06,0.0
1,0.0034432411193847656,1,1,1e-06,0.0
1,0.00800633430480957,1,1,1e-06,0.0
1,0.003231525421142578,1,1,1e-06,0.0
1,0.002938985824584961,1,1,1e-06,0.0
1,0.0033216476440429688,1,1,1e-06,0.0
1,0.0024619102478027344,1,1,1e-06,0.0
1,0.0029764175415039062,1,1,1e-06,0.0
1,0.028780221939086914,1,1,1e-06,0.0
1,0.0023107528686523438,1,1,1e-06,0.0
1,0.002165079116821289,1,1,1e-06,0.0
1,0.0029926300048828125,1,1,1e-06,0.0
1,0.003236055374145508,1,1,1e-06,0.0
1,0.0029211044311523438,1,1,1e-06,0.0
1,0.0026397705078125,1,1,1e-06,0.0
1,0.0024580955505371094,1,1,1e-06,0.0
1,0.01599431037902832,1,1,1e-06,0.0
1,0.004936695098876953,1,1,1e-06,0.0
1,0.0022764205932617188,1,1,1e-06,0.0
1,0.0038971900939941406,1,1,1e-06,0.0
1,0.0024099349975585938,1,1,1e-06,0.0
1,0.002224445343017578,1,1,1e-06,0.0
1,0.002024412155151367,1,1,1e-06,0.0
1,0.012809276580810547,1,1,1e-06,0.0
1,0.002585887908935547,1,1,1e-06,0.0
1,0.002212047576904297,1,1,1e-06,0.0
1,0.002063274383544922,1,1,1e-06,0.0
1,0.0018126964569091797,1,1,1e-06,0.0
1,0.002043485641479492,1,1,1e-06,0.0
1,0.005988359451293945,1,1,1e-06,0.0
1,0.0034894943237304688,1,1,1e-06,0.0
1,0.0019762516021728516,1,1,1e-06,0.0
1,0.0019080638885498047,1,1,1e-06,0.0
1,0.002501964569091797,1,1,1e-06,0.0
1,0.0032248497009277344,1,1,1e-06,0.0
1,0.002286195755004883,1,1,1e-06,0.0
1,0.001825094223022461,1,1,1e-06,0.0
1,0.0017435550689697266,1,1,1e-06,0.0
1,0.9263913631439209,1,1,1e-06,0.0
1,0.0015225410461425781,1,1,1e-06,0.0
1,0.06223440170288086,1,1,1e-06,0.0
1,0.0016515254974365234,1,1,1e-06,0.0
1,0.0020432472229003906,1,1,1e-06,0.0
1,0.0014874935150146484,1,1,1e-06,0.0
1,0.0013549327850341797,1,1,1e-06,0.0
1,0.0015053749084472656,1,1,1e-06,0.0
1,0.0016543865203857422,1,1,1e-06,0.0
1,0.011472940444946289,1,1,1e-06,0.0
1,0.003068208694458008,1,1,1e-06,0.0
1,0.003321409225463867,1,1,1e-06,0.0
1,0.0022487640380859375,1,1,1e-06,0.0
1,0.0017659664154052734,1,1,1e-06,0.0
1,0.0012090206146240234,1,1,1e-06,0.0
1,0.0015151500701904297,1,1,1e-06,0.0
1,0.0012660026550292969,1,1,1e-06,0.0
1,0.0016758441925048828,1,1,1e-06,0.0
1,0.0014834403991699219,1,1,1e-06,0.0
1,0.0014595985412597656,1,1,1e-06,0.0
1,0.002128124237060547,1,1,1e-06,0.0
1,0.002576112747192383,1,1,1e-06,0.0
1,0.001911163330078125,1,1,1e-06,0.0
1,0.0016782283782958984,1,1,1e-06,0.0
1,0.0020732879638671875,1,1,1e-06,0.0
1,0.0023322105407714844,1,1,1e-06,0.0
1,0.0025670528411865234,1,1,1e-06,0.0
1,0.0040972232818603516,1,1,1e-06,0.0
1,0.0020787715911865234,1,1,1e-06,0.0
1,0.002120494842529297,1,1,1e-06,0.0
1,0.01003575325012207,1,1,1e-06,0.0
1,0.003513813018798828,1,1,1e-06,0.0
1,0.0017044544219970703,1,1,1e-06,0.0
1,0.002100229263305664,1,1,1e-06,0.0
1,0.0018358230590820312,1,1,1e-06,0.0
1,0.0017728805541992188,1,1,1e-06,0.0
1,0.0019359588623046875,1,1,1e-06,0.0
1,0.0026776790618896484,1,1,1e-06,0.0
1,0.0033724308013916016,1,1,1e-06,0.0
1,0.010913848876953125,1,1,1e-06,0.0
1,0.002460956573486328,1,1,1e-06,0.0
1,0.0020685195922851562,1,1,1e-06,0.0
1,0.0016715526580810547,1,1,1e-06,0.0
1,0.001631021499633789,1,1,1e-06,0.0
1,0.0018463134765625,1,1,1e-06,0.0
1,0.0017495155334472656,1,1,1e-06,0.0
1,0.0017898082733154297,1,1,1e-06,0.0
1,0.0017147064208984375,1,1,1e-06,0.0
1,0.0025892257690429688,1,1,1e-06,0.0
1,0.002638101577758789,1,1,1e-06,0.0
1,0.002215147018432617,1,1,1e-06,0.0
1,0.002279520034790039,1,1,1e-06,0.0
1,0.003384113311767578,1,1,1e-06,0.0
1,0.0015120506286621094,1,1,1e-06,0.0
1,0.002319812774658203,1,1,1e-06,0.0
1,0.0021309852600097656,1,1,1e-06,0.0
1,0.0025255680084228516,1,1,1e-06,0.0
1,0.010270357131958008,1,1,1e-06,0.0
1,0.001974344253540039,1,1,1e-06,0.0
1,0.0023164749145507812,1,1,1e-06,0.0
1,0.00482940673828125,1,1,1e-06,0.0
1,0.0025072097778320312,1,1,1e-06,0.0
1,0.001562356948852539,1,1,1e-06,0.0
1,0.001705169677734375,1,1,1e-06,0.0
1,0.004513740539550781,1,1,1e-06,0.0
1,0.002724885940551758,1,1,1e-06,0.0
1,0.002458810806274414,1,1,1e-06,0.0
1,0.002126455307006836,1,1,1e-06,0.0
1,0.0016524791717529297,1,1,1e-06,0.0
1,0.0019843578338623047,1,1,1e-06,0.0
1,0.001955747604370117,1,1,1e-06,0.0
1,0.0018894672393798828,1,1,1e-06,0.0
1,0.002219676971435547,1,1,1e-06,0.0
1,0.0029458999633789062,1,1,1e-06,0.0
1,0.004336357116699219,1,1,1e-06,0.0
1,0.0021507740020751953,1,1,1e-06,0.0
1,0.002293109893798828,1,1,1e-06,0.0
1,0.0022318363189697266,1,1,1e-06,0.0
1,0.001901865005493164,1,1,1e-06,0.0
1,0.0029463768005371094,1,1,1e-06,0.0
1,0.002227783203125,1,1,1e-06,0.0
1,0.002183675765991211,1,1,1e-06,0.0
1,0.001985788345336914,1,1,1e-06,0.0
1,0.0023255348205566406,1,1,1e-06,0.0
1,0.002081155776977539,1,1,1e-06,0.0
1,0.0017547607421875,1,1,1e-06,0.0
1,0.0031490325927734375,1,1,1e-06,0.0
1,0.005042314529418945,1,1,1e-06,0.0
1,0.002107858657836914,1,1,1e-06,0.0
1,0.0017764568328857422,1,1,1e-06,0.0
1,0.001951456069946289,1,1,1e-06,0.0
1,0.0019109249114990234,1,1,1e-06,0.0
1,0.0027513504028320312,1,1,1e-06,0.0
1,0.0018956661224365234,1,1,1e-06,0.0
1,0.0015778541564941406,1,1,1e-06,0.0
1,0.0016207695007324219,1,1,1e-06,0.0
1,0.001790761947631836,1,1,1e-06,0.0
1,0.0019047260284423828,1,1,1e-06,0.0
1,0.0016510486602783203,1,1,1e-06,0.0
1,0.001430511474609375,1,1,1e-06,0.0
1,0.003322124481201172,1,1,1e-06,0.0
1,0.003432750701904297,1,1,1e-06,0.0
1,0.0020368099212646484,1,1,1e-06,0.0
1,0.0016088485717773438,1,1,1e-06,0.0
1,0.0014574527740478516,1,1,1e-06,0.0
1,0.0016009807586669922,1,1,1e-06,0.0
1,0.0016524791717529297,1,1,1e-06,0.0
1,0.0014998912811279297,1,1,1e-06,0.0
1,0.0016379356384277344,1,1,1e-06,0.0
1,0.0024712085723876953,1,1,1e-06,0.0
1,0.0038056373596191406,1,1,1e-06,0.0
1,0.0014884471893310547,1,1,1e-06,0.0
1,0.0020232200622558594,1,1,1e-06,0.0
1,0.0022962093353271484,1,1,1e-06,0.0
1,0.004809379577636719,1,1,1e-06,0.0
1,0.002791881561279297,1,1,1e-06,0.0
1,0.004097938537597656,1,1,1e-06,0.0
1,0.0015544891357421875,1,1,1e-06,0.0
1,0.0015478134155273438,1,1,1e-06,0.0
1,0.0014941692352294922,1,1,1e-06,0.0
1,0.0018725395202636719,1,1,1e-06,0.0
1,0.0016319751739501953,1,1,1e-06,0.0
1,0.0017054080963134766,1,1,1e-06,0.0
1,0.002688884735107422,1,1,1e-06,0.0
1,0.0022907257080078125,1,1,1e-06,0.0
1,0.00153350830078125,1,1,1e-06,0.0
1,0.006392717361450195,1,1,1e-06,0.0
1,0.027189254760742188,1,1,1e-06,0.0
1,0.0024383068084716797,1,1,1e-06,0.0
1,0.0017747879028320312,1,1,1e-06,0.0
1,0.002043485641479492,1,1,1e-06,0.0
1,0.0023610591888427734,1,1,1e-06,0.0
1,0.0020303726196289062,1,1,1e-06,0.0
1,0.002210855484008789,1,1,1e-06,0.0
1,0.001959085464477539,1,1,1e-06,0.0
1,0.0018491744995117188,1,1,1e-06,0.0
1,0.0017900466918945312,1,1,1e-06,0.0
1,0.002232789993286133,1,1,1e-06,0.0
1,0.0019032955169677734,1,1,1e-06,0.0
1,0.0018067359924316406,1,1,1e-06,0.0
1,0.0020329952239990234,1,1,1e-06,0.0
1,0.0025854110717773438,1,1,1e-06,0.0
1,0.0018732547760009766,1,1,1e-06,0.0
1,0.0019378662109375,1,1,1e-06,0.0
1,0.002384662628173828,1,1,1e-06,0.0
1,0.0018188953399658203,1,1,1e-06,0.0
1,0.00459599494934082,1,1,1e-06,0.0
1,0.0023262500762939453,1,1,1e-06,0.0
1,0.0016789436340332031,1,1,1e-06,0.0
1,0.00209808349609375,1,1,1e-06,0.0
1,0.002163410186767578,1,1,1e-06,0.0
1,0.0020432472229003906,1,1,1e-06,0.0
1,0.0015940666198730469,1,1,1e-06,0.0
1,0.001638174057006836,1,1,1e-06,0.0
1,0.0013875961303710938,1,1,1e-06,0.0
1,0.0017604827880859375,1,1,1e-06,0.0
1,0.002374410629272461,1,1,1e-06,0.0
1,0.0025539398193359375,1,1,1e-06,0.0
1,0.0022203922271728516,1,1,1e-06,0.0
1,0.001986980438232422,1,1,1e-06,0.0
1,0.0020499229431152344,1,1,1e-06,0.0
1,0.0032355785369873047,1,1,1e-06,0.0
1,0.0019817352294921875,1,1,1e-06,0.0
1,0.001500844955444336,1,1,1e-06,0.0
1,0.0020990371704101562,1,1,1e-06,0.0
1,0.0018646717071533203,1,1,1e-06,0.0
1,0.001699209213256836,1,1,1e-06,0.0
1,0.008415460586547852,1,1,1e-06,0.0
1,0.0018184185028076172,1,1,1e-06,0.0
1,0.002361774444580078,1,1,1e-06,0.0
1,0.0020995140075683594,1,1,1e-06,0.0
1,0.0017545223236083984,1,1,1e-06,0.0
1,0.0017094612121582031,1,1,1e-06,0.0
1,0.004287004470825195,1,1,1e-06,0.0
1,0.0024161338806152344,1,1,1e-06,0.0
1,0.0021729469299316406,1,1,1e-06,0.0
1,0.002187967300415039,1,1,1e-06,0.0
1,0.002688884735107422,1,1,1e-06,0.0
1,0.002727508544921875,1,1,1e-06,0.0
1,0.002054929733276367,1,1,1e-06,0.0
1,0.01184225082397461,1,1,1e-06,0.0
1,0.0022432804107666016,1,1,1e-06,0.0
1,0.004622220993041992,1,1,1e-06,0.0
1,0.0027112960815429688,1,1,1e-06,0.0
1,0.009730339050292969,1,1,1e-06,0.0
1,0.0020241737365722656,1,1,1e-06,0.0
1,0.0017254352569580078,1,1,1e-06,0.0
1,0.0019135475158691406,1,1,1e-06,0.0
1,0.0025033950805664062,1,1,1e-06,0.0
1,0.0023071765899658203,1,1,1e-06,0.0
1,0.0024242401123046875,1,1,1e-06,0.0
1,0.0020799636840820312,1,1,1e-06,0.0
1,0.0029191970825195312,1,1,1e-06,0.0
1,0.0029654502868652344,1,1,1e-06,0.0
1,0.0023093223571777344,1,1,1e-06,0.0
1,0.0017375946044921875,1,1,1e-06,0.0
1,0.002738475799560547,1,1,1e-06,0.0
1,0.002255678176879883,1,1,1e-06,0.0
1,0.0031328201293945312,1,1,1e-06,0.0
1,0.0021152496337890625,1,1,1e-06,0.0
1,0.002190113067626953,1,1,1e-06,0.0
1,0.0023305416107177734,1,1,1e-06,0.0
1,0.0018851757049560547,1,1,1e-06,0.0
1,0.002184152603149414,1,1,1e-06,0.0
1,0.002233266830444336,1,1,1e-06,0.0
1,0.0036270618438720703,1,1,1e-06,0.0
1,0.0018076896667480469,1,1,1e-06,0.0
1,0.010223627090454102,1,1,1e-06,0.0
1,0.002512216567993164,1,1,1e-06,0.0
1,0.0018312931060791016,1,1,1e-06,0.0
1,0.003176450729370117,1,1,1e-06,0.0
1,0.0019609928131103516,1,1,1e-06,0.0
1,0.0019690990447998047,1,1,1e-06,0.0
1,0.001829385757446289,1,1,1e-06,0.0
1,0.002676248550415039,1,1,1e-06,0.0
1,0.0018525123596191406,1,1,1e-06,0.0
1,0.006585836410522461,1,1,1e-06,0.0
1,0.002002239227294922,1,1,1e-06,0.0
1,0.001974344253540039,1,1,1e-06,0.0
1,0.0015933513641357422,1,1,1e-06,0.0
1,0.002431631088256836,1,1,1e-06,0.0
1,0.09947419166564941,1,1,1e-06,0.0
1,0.020514965057373047,1,1,1e-06,0.0
1,0.0018167495727539062,1,1,1e-06,0.0
1,0.0016717910766601562,1,1,1e-06,0.0
1,0.0016520023345947266,1,1,1e-06,0.0
1,0.001520395278930664,1,1,1e-06,0.0
1,0.0013194084167480469,1,1,1e-06,0.0
1,0.004165172576904297,1,1,1e-06,0.0
1,0.0020456314086914062,1,1,1e-06,0.0
1,0.002422809600830078,1,1,1e-06,0.0
1,0.0020551681518554688,1,1,1e-06,0.0
1,0.0016846656799316406,1,1,1e-06,0.0
1,0.00174713134765625,1,1,1e-06,0.0
1,0.002861499786376953,1,1,1e-06,0.0
1,0.0021474361419677734,1,1,1e-06,0.0
1,0.002054929733276367,1,1,1e-06,0.0
1,0.0013654232025146484,1,1,1e-06,0.0
1,0.0015118122100830078,1,1,1e-06,0.0
1,0.0021452903747558594,1,1,1e-06,0.0
1,0.0018954277038574219,1,1,1e-06,0.0
1,0.0016486644744873047,1,1,1e-06,0.0
1,0.0015392303466796875,1,1,1e-06,0.0
1,0.001428842544555664,1,1,1e-06,0.0
1,0.0018646717071533203,1,1,1e-06,0.0
1,0.0016710758209228516,1,1,1e-06,0.0
1,0.001682281494140625,1,1,1e-06,0.0
1,0.0026493072509765625,1,1,1e-06,0.0
1,0.002382040023803711,1,1,1e-06,0.0
1,0.0021784305572509766,1,1,1e-06,0.0
1,0.0015842914581298828,1,1,1e-06,0.0
1,0.0016095638275146484,1,1,1e-06,0.0
1,0.002266407012939453,1,1,1e-06,0.0
1,0.004063606262207031,1,1,1e-06,0.0
1,0.0027494430541992188,1,1,1e-06,0.0
1,0.0016498565673828125,1,1,1e-06,0.0
1,0.002324819564819336,1,1,1e-06,0.0
1,0.0016465187072753906,1,1,1e-06,0.0
1,0.0018379688262939453,1,1,1e-06,0.0
1,0.0015940666198730469,1,1,1e-06,0.0
1,0.001623392105102539,1,1,1e-06,0.0
1,0.0015342235565185547,1,1,1e-06,0.0
1,0.0022962093353271484,1,1,1e-06,0.0
1,0.0030105113983154297,1,1,1e-06,0.0
1,0.0029566287994384766,1,1,1e-06,0.0
1,0.002707958221435547,1,1,1e-06,0.0
1,0.0025627613067626953,1,1,1e-06,0.0
1,0.002973794937133789,1,1,1e-06,0.0
1,0.003084421157836914,1,1,1e-06,0.0
1,0.004295825958251953,1,1,1e-06,0.0
1,0.004241466522216797,1,1,1e-06,0.0
1,0.0068073272705078125,1,1,1e-06,0.0
1,0.0044708251953125,1,1,1e-06,0.0
1,0.0058269500732421875,1,1,1e-06,0.0
1,0.003191232681274414,1,1,1e-06,0.0
1,0.009238481521606445,1,1,1e-06,0.0
1,0.0037539005279541016,1,1,1e-06,0.0
1,0.003567934036254883,1,1,1e-06,0.0
1,0.011349916458129883,1,1,1e-06,0.0
1,0.0035295486450195312,1,1,1e-06,0.0
1,0.003958940505981445,1,1,1e-06,0.0
1,0.008958816528320312,1,1,1e-06,0.0
1,0.002904653549194336,1,1,1e-06,0.0
1,0.010950088500976562,1,1,1e-06,0.0
1,0.009050369262695312,1,1,1e-06,0.0
1,0.0525975227355957,1,1,1e-06,0.0
1,0.002317667007446289,1,1,1e-06,0.0
1,0.006301164627075195,1,1,1e-06,0.0
1,0.005196571350097656,1,1,1e-06,0.0
1,0.0028045177459716797,1,1,1e-06,0.0
1,0.002877473831176758,1,1,1e-06,0.0
1,0.005944967269897461,1,1,1e-06,0.0
1,0.0026235580444335938,1,1,1e-06,0.0
1,0.0574491024017334,1,1,1e-06,0.0
1,0.002711772918701172,1,1,1e-06,0.0
1,0.0030024051666259766,1,1,1e-06,0.0
1,0.0030493736267089844,1,1,1e-06,0.0
1,0.003950595855712891,1,1,1e-06,0.0
1,0.005525112152099609,1,1,1e-06,0.0
1,0.0033066272735595703,1,1,1e-06,0.0
1,0.0026259422302246094,1,1,1e-06,0.0
1,0.002246856689453125,1,1,1e-06,0.0
1,0.0033338069915771484,1,1,1e-06,0.0
1,0.0028350353240966797,1,1,1e-06,0.0
1,0.002899646759033203,1,1,1e-06,0.0
1,0.0030236244201660156,1,1,1e-06,0.0
1,0.003026247024536133,1,1,1e-06,0.0
1,0.006115436553955078,1,1,1e-06,0.0
1,0.003049612045288086,1,1,1e-06,0.0
1,0.00308990478515625,1,1,1e-06,0.0
1,0.005247831344604492,1,1,1e-06,0.0
1,0.003221750259399414,1,1,1e-06,0.0
1,0.003025531768798828,1,1,1e-06,0.0
1,0.003221750259399414,1,1,1e-06,0.0
1,0.002453327178955078,1,1,1e-06,0.0
1,0.0028002262115478516,1,1,1e-06,0.0
1,0.0022728443145751953,1,1,1e-06,0.0
1,0.009145736694335938,1,1,1e-06,0.0
1,0.003811359405517578,1,1,1e-06,0.0
1,0.004002094268798828,1,1,1e-06,0.0
1,0.0033469200134277344,1,1,1e-06,0.0
1,0.0025720596313476562,1,1,1e-06,0.0
1,0.002954721450805664,1,1,1e-06,0.0
1,0.0033195018768310547,1,1,1e-06,0.0
1,0.004569053649902344,1,1,1e-06,0.0
1,0.02001357078552246,1,1,1e-06,0.0
1,0.002119779586791992,1,1,1e-06,0.0
1,0.0020132064819335938,1,1,1e-06,0.0
1,0.11336541175842285,1,1,1e-06,0.0
1,0.03489255905151367,1,1,1e-06,0.0
1,0.0022797584533691406,1,1,1e-06,0.0
1,0.003092527389526367,1,1,1e-06,0.0
1,0.0025734901428222656,1,1,1e-06,0.0
1,0.00276947021484375,1,1,1e-06,0.0
1,0.0023462772369384766,1,1,1e-06,0.0
1,0.0026502609252929688,1,1,1e-06,0.0
1,0.0027725696563720703,1,1,1e-06,0.0
1,0.0027773380279541016,1,1,1e-06,0.0
1,0.0037016868591308594,1,1,1e-06,0.0
1,0.003740072250366211,1,1,1e-06,0.0
1,0.0026657581329345703,1,1,1e-06,0.0
1,0.0025403499603271484,1,1,1e-06,0.0
1,0.002587556838989258,1,1,1e-06,0.0
1,0.0025577545166015625,1,1,1e-06,0.0
1,0.002437591552734375,1,1,1e-06,0.0
1,0.0034885406494140625,1,1,1e-06,0.0
1,0.003221750259399414,1,1,1e-06,0.0
1,0.0022497177124023438,1,1,1e-06,0.0
1,0.038396596908569336,1,1,1e-06,0.0
1,0.002691507339477539,1,1,1e-06,0.0
1,0.002449512481689453,1,1,1e-06,0.0
1,0.002622365951538086,1,1,1e-06,0.0
1,0.0031871795654296875,1,1,1e-06,0.0
1,0.003661632537841797,1,1,1e-06,0.0
1,0.003771066665649414,1,1,1e-06,0.0
1,0.0046269893646240234,1,1,1e-06,0.0
1,0.003863811492919922,1,1,1e-06,0.0
1,0.010144472122192383,1,1,1e-06,0.0
1,0.0039937496185302734,1,1,1e-06,0.0
1,0.004854917526245117,1,1,1e-06,0.0
1,0.0031194686889648438,1,1,1e-06,0.0
1,0.009012222290039062,1,1,1e-06,0.0
1,0.003129720687866211,1,1,1e-06,0.0
1,0.06943607330322266,1,1,1e-06,0.0
1,0.0036585330963134766,1,1,1e-06,0.0
1,0.0038950443267822266,1,1,1e-06,0.0
1,0.004096508026123047,1,1,1e-06,0.0
1,0.005742073059082031,1,1,1e-06,0.0
1,0.0035288333892822266,1,1,1e-06,0.0
1,0.012189626693725586,1,1,1e-06,0.0
1,0.002959728240966797,1,1,1e-06,0.0
1,0.014780282974243164,1,1,1e-06,0.0
1,0.013117551803588867,1,1,1e-06,0.0
1,0.003198385238647461,1,1,1e-06,0.0
1,0.002590179443359375,1,1,1e-06,0.0
1,0.0030264854431152344,1,1,1e-06,0.0
1,0.1275782585144043,1,1,1e-06,0.0
1,0.004004478454589844,1,1,1e-06,0.0
1,0.005232095718383789,1,1,1e-06,0.0
1,0.009222030639648438,1,1,1e-06,0.0
1,0.005625009536743164,1,1,1e-06,0.0
1,0.004340648651123047,1,1,1e-06,0.0
1,0.005480051040649414,1,1,1e-06,0.0
1,0.006121635437011719,1,1,1e-06,0.0
1,0.007441282272338867,1,1,1e-06,0.0
1,0.012418985366821289,1,1,1e-06,0.0
1,0.02272343635559082,1,1,1e-06,0.0
1,0.0033431053161621094,1,1,1e-06,0.0
1,0.009135007858276367,1,1,1e-06,0.0
1,0.004404783248901367,1,1,1e-06,0.0
1,0.0034351348876953125,1,1,1e-06,0.0
1,0.003378629684448242,1,1,1e-06,0.0
1,0.008754491806030273,1,1,1e-06,0.0
1,0.004019498825073242,1,1,1e-06,0.0
1,0.003901243209838867,1,1,1e-06,0.0
1,0.006743192672729492,1,1,1e-06,0.0
1,0.003065824508666992,1,1,1e-06,0.0
1,0.003679990768432617,1,1,1e-06,0.0
1,0.006136894226074219,1,1,1e-06,0.0
1,0.0033197402954101562,1,1,1e-06,0.0
1,0.00394129753112793,1,1,1e-06,0.0
1,0.0038111209869384766,1,1,1e-06,0.0
1,0.006181955337524414,1,1,1e-06,0.0
1,0.0033109188079833984,1,1,1e-06,0.0
1,0.02474689483642578,1,1,1e-06,0.0
1,0.003381490707397461,1,1,1e-06,0.0
1,0.0029993057250976562,1,1,1e-06,0.0
1,0.007465839385986328,1,1,1e-06,0.0
1,0.003330707550048828,1,1,1e-06,0.0
1,0.002719879150390625,1,1,1e-06,0.0
1,0.0030395984649658203,1,1,1e-06,0.0
1,0.00312042236328125,1,1,1e-06,0.0
1,0.0028977394104003906,1,1,1e-06,0.0
1,0.0043697357177734375,1,1,1e-06,0.0
1,0.0048177242279052734,1,1,1e-06,0.0
1,0.0038747787475585938,1,1,1e-06,0.0
1,0.004073619842529297,1,1,1e-06,0.0
1,0.0032880306243896484,1,1,1e-06,0.0
1,0.003863096237182617,1,1,1e-06,0.0
1,0.0029778480529785156,1,1,1e-06,0.0
1,0.0036106109619140625,1,1,1e-06,0.0
1,0.007025718688964844,1,1,1e-06,0.0
1,0.003884553909301758,1,1,1e-06,0.0
1,0.0033762454986572266,1,1,1e-06,0.0
1,0.004228830337524414,1,1,1e-06,0.0
1,0.0028069019317626953,1,1,1e-06,0.0
1,0.0035626888275146484,1,1,1e-06,0.0
1,0.004018545150756836,1,1,1e-06,0.0
1,0.003620624542236328,1,1,1e-06,0.0
1,0.0027649402618408203,1,1,1e-06,0.0
1,0.002753019332885742,1,1,1e-06,0.0
1,0.00307464599609375,1,1,1e-06,0.0
1,0.0040090084075927734,1,1,1e-06,0.0
1,0.003969907760620117,1,1,1e-06,0.0
1,0.0042612552642822266,1,1,1e-06,0.0
1,0.00464177131652832,1,1,1e-06,0.0
1,0.0029735565185546875,1,1,1e-06,0.0
1,0.0025484561920166016,1,1,1e-06,0.0
1,0.0041730403900146484,1,1,1e-06,0.0
1,0.0023355484008789062,1,1,1e-06,0.0
1,0.0024652481079101562,1,1,1e-06,0.0
1,0.0025408267974853516,1,1,1e-06,0.0
1,0.004038572311401367,1,1,1e-06,0.0
1,0.0028121471405029297,1,1,1e-06,0.0
1,0.0022923946380615234,1,1,1e-06,0.0
1,0.002755403518676758,1,1,1e-06,0.0
1,0.03437995910644531,1,1,1e-06,0.0
1,0.003057718276977539,1,1,1e-06,0.0
1,0.003821849822998047,1,1,1e-06,0.0
1,0.002939939498901367,1,1,1e-06,0.0
1,0.0033118724822998047,1,1,1e-06,0.0
1,0.0025954246520996094,1,1,1e-06,0.0
1,0.002832651138305664,1,1,1e-06,0.0
1,0.003408193588256836,1,1,1e-06,0.0
1,0.0023250579833984375,1,1,1e-06,0.0
1,0.002000093460083008,1,1,1e-06,0.0
1,0.002694845199584961,1,1,1e-06,0.0
1,0.002719402313232422,1,1,1e-06,0.0
1,0.0027010440826416016,1,1,1e-06,0.0
1,0.0032842159271240234,1,1,1e-06,0.0
1,0.0032958984375,1,1,1e-06,0.0
1,0.0032110214233398438,1,1,1e-06,0.0
1,0.004343271255493164,1,1,1e-06,0.0
1,0.003982067108154297,1,1,1e-06,0.0
1,0.0036935806274414062,1,1,1e-06,0.0
0,1.0040552616119385,0,0,,0.0
1,0.0017426013946533203,1,1,1e-06,0.0
1,0.002315044403076172,1,1,1e-06,0.0
1,0.001852273941040039,1,1,1e-06,0.0
1,0.0017619132995605469,1,1,1e-06,0.0
1,0.002301454544067383,1,1,1e-06,0.0
1,0.002138853073120117,1,1,1e-06,0.0
1,0.0017852783203125,1,1,1e-06,0.0
1,0.0017549991607666016,1,1,1e-06,0.0
1,0.001642465591430664,1,1,1e-06,0.0
1,0.004168272018432617,1,1,1e-06,0.0
1,0.0030202865600585938,1,1,1e-06,0.0
1,0.0018193721771240234,1,1,1e-06,0.0
1,0.0014979839324951172,1,1,1e-06,0.0
1,0.0018618106842041016,1,1,1e-06,0.0
1,0.0021076202392578125,1,1,1e-06,0.0
1,0.0019047260284423828,1,1,1e-06,0.0
1,0.0019385814666748047,1,1,1e-06,0.0
1,0.002020597457885742,1,1,1e-06,0.0
1,0.002718687057495117,1,1,1e-06,0.0
1,0.002450227737426758,1,1,1e-06,0.0
1,0.002146482467651367,1,1,1e-06,0.0
1,0.002512216567993164,1,1,1e-06,0.0
1,0.0016720294952392578,1,1,1e-06,0.0
1,0.0019636154174804688,1,1,1e-06,0.0
1,0.0032532215118408203,1,1,1e-06,0.0
1,0.002130270004272461,1,1,1e-06,0.0
1,0.0017933845520019531,1,1,1e-06,0.0
1,0.0019600391387939453,1,1,1e-06,0.0
1,0.0020825862884521484,1,1,1e-06,0.0
1,0.0016434192657470703,1,1,1e-06,0.0
1,0.04533505439758301,1,1,1e-06,0.0
1,0.0022885799407958984,1,1,1e-06,0.0
1,0.0036118030548095703,1,1,1e-06,0.0
1,0.004273891448974609,1,1,1e-06,0.0
1,0.0018284320831298828,1,1,1e-06,0.0
1,0.0014903545379638672,1,1,1e-06,0.0
1,0.0016863346099853516,1,1,1e-06,0.0
1,0.001924753189086914,1,1,1e-06,0.0
1,0.0021626949310302734,1,1,1e-06,0.0
1,0.003313302993774414,1,1,1e-06,0.0
1,0.0020935535430908203,1,1,1e-06,0.0
1,0.0016520023345947266,1,1,1e-06,0.0
1,0.0017573833465576172,1,1,1e-06,0.0
1,0.001756429672241211,1,1,1e-06,0.0
1,0.0018303394317626953,1,1,1e-06,0.0
1,0.00532078742980957,1,1,1e-06,0.0
1,0.0030913352966308594,1,1,1e-06,0.0
1,0.0018496513366699219,1,1,1e-06,0.0
1,0.0020227432250976562,1,1,1e-06,0.0
1,0.001577615737915039,1,1,1e-06,0.0
1,0.001917123794555664,1,1,1e-06,0.0
1,0.0018634796142578125,1,1,1e-06,0.0
1,0.0019309520721435547,1,1,1e-06,0.0
1,0.002126932144165039,1,1,1e-06,0.0
1,0.002848386764526367,1,1,1e-06,0.0
1,0.0018742084503173828,1,1,1e-06,0.0
1,0.0017533302307128906,1,1,1e-06,0.0
1,0.0022089481353759766,1,1,1e-06,0.0
1,0.001986265182495117,1,1,1e-06,0.0
1,0.0021178722381591797,1,1,1e-06,0.0
1,0.008992195129394531,1,1,1e-06,0.0
1,0.0022623538970947266,1,1,1e-06,0.0
1,0.011049747467041016,1,1,1e-06,0.0
1,0.0019974708557128906,1,1,1e-06,0.0
1,0.0021104812622070312,1,1,1e-06,0.0
1,0.0016560554504394531,1,1,1e-06,0.0
1,0.0017199516296386719,1,1,1e-06,0.0
1,0.0018475055694580078,1,1,1e-06,0.0
1,0.003561735153198242,1,1,1e-06,0.0
1,0.002612590789794922,1,1,1e-06,0.0
1,0.0031218528747558594,1,1,1e-06,0.0
1,0.0018124580383300781,1,1,1e-06,0.0
1,0.001506805419921875,1,1,1e-06,0.0
1,0.0019423961639404297,1,1,1e-06,0.0
1,0.0029807090759277344,1,1,1e-06,0.0
1,0.010675191879272461,1,1,1e-06,0.0
1,0.0017359256744384766,1,1,1e-06,0.0
1,0.0035369396209716797,1,1,1e-06,0.0
1,0.0033538341522216797,1,1,1e-06,0.0
1,0.006520986557006836,1,1,1e-06,0.0
1,0.0016541481018066406,1,1,1e-06,0.0
1,0.0016019344329833984,1,1,1e-06,0.0
1,0.0016565322875976562,1,1,1e-06,0.0
1,0.0023941993713378906,1,1,1e-06,0.0
1,0.005336761474609375,1,1,1e-06,0.0
1,0.0021390914916992188,1,1,1e-06,0.0
1,0.06942367553710938,1,1,1e-06,0.0
1,0.0032846927642822266,1,1,1e-06,0.0
1,0.0019218921661376953,1,1,1e-06,0.0
1,0.01249074935913086,1,1,1e-06,0.0
1,0.0032062530517578125,1,1,1e-06,0.0
1,0.0025730133056640625,1,1,1e-06,0.0
1,0.004743814468383789,1,1,1e-06,0.0
1,0.03639554977416992,1,1,1e-06,0.0
1,0.0030198097229003906,1,1,1e-06,0.0
1,0.0024137496948242188,1,1,1e-06,0.0
1,0.002733945846557617,1,1,1e-06,0.0
1,0.002239704132080078,1,1,1e-06,0.0
1,0.001783132553100586,1,1,1e-06,0.0
1,0.002071380615234375,1,1,1e-06,0.0
1,0.0020482540130615234,1,1,1e-06,0.0
1,0.0021753311157226562,1,1,1e-06,0.0
1,0.0021409988403320312,1,1,1e-06,0.0
1,0.002372264862060547,1,1,1e-06,0.0
1,0.0022199153900146484,1,1,1e-06,0.0
1,0.003160715103149414,1,1,1e-06,0.0
1,0.0029265880584716797,1,1,1e-06,0.0
1,0.029832124710083008,1,1,1e-06,0.0
1,0.0029146671295166016,1,1,1e-06,0.0
1,0.0018310546875,1,1,1e-06,0.0
1,0.0030269622802734375,1,1,1e-06,0.0
1,0.0031938552856445312,1,1,1e-06,0.0
1,0.0023734569549560547,1,1,1e-06,0.0
1,0.0020477771759033203,1,1,1e-06,0.0
1,0.0022988319396972656,1,1,1e-06,0.0
1,0.002068758010864258,1,1,1e-06,0.0
1,0.011521339416503906,1,1,1e-06,0.0
1,0.0023643970489501953,1,1,1e-06,0.0
1,0.0026335716247558594,1,1,1e-06,0.0
1,0.003255605697631836,1,1,1e-06,0.0
1,0.0023262500762939453,1,1,1e-06,0.0
1,0.0015134811401367188,1,1,1e-06,0.0
1,0.0019867420196533203,1,1,1e-06,0.0
1,0.0023627281188964844,1,1,1e-06,0.0
1,0.0022346973419189453,1,1,1e-06,0.0
1,0.00238800048828125,1,1,1e-06,0.0
1,0.012099504470825195,1,1,1e-06,0.0
1,0.0029141902923583984,1,1,1e-06,0.0
1,0.0021953582763671875,1,1,1e-06,0.0
1,0.0032966136932373047,1,1,1e-06,0.0
1,0.0025861263275146484,1,1,1e-06,0.0
1,0.0017635822296142578,1,1,1e-06,0.0
1,0.0025899410247802734,1,1,1e-06,0.0
1,0.003409147262573242,1,1,1e-06,0.0
1,0.0031137466430664062,1,1,1e-06,0.0
1,0.0022492408752441406,1,1,1e-06,0.0
1,0.0020744800567626953,1,1,1e-06,0.0
1,0.002039194107055664,1,1,1e-06,0.0
1,0.002440929412841797,1,1,1e-06,0.0
1,0.0028028488159179688,1,1,1e-06,0.0
1,0.003306865692138672,1,1,1e-06,0.0
1,0.002509593963623047,1,1,1e-06,0.0
1,0.01633286476135254,1,1,1e-06,0.0
1,0.0026252269744873047,1,1,1e-06,0.0
1,0.004349231719970703,1,1,1e-06,0.0
1,0.003165721893310547,1,1,1e-06,0.0
1,0.0035610198974609375,1,1,1e-06,0.0
1,0.003547191619873047,1,1,1e-06,0.0
1,0.0031960010528564453,1,1,1e-06,0.0
1,0.003654956817626953,1,1,1e-06,0.0
1,0.011808633804321289,1,1,1e-06,0.0
1,0.0030350685119628906,1,1,1e-06,0.0
1,0.002952098846435547,1,1,1e-06,0.0
1,0.00458836555480957,1,1,1e-06,0.0
1,0.13414287567138672,1,1,1e-06,0.0
1,0.0018842220306396484,1,1,1e-06,0.0
1,0.0020685195922851562,1,1,1e-06,0.0
1,0.003682851791381836,1,1,1e-06,0.0
1,0.002198457717895508,1,1,1e-06,0.0
1,0.002450227737426758,1,1,1e-06,0.0
1,0.0019919872283935547,1,1,1e-06,0.0
1,0.002272367477416992,1,1,1e-06,0.0
1,0.002015352249145508,1,1,1e-06,0.0
1,0.003125905990600586,1,1,1e-06,0.0
1,0.0020983219146728516,1,1,1e-06,0.0
1,0.0017464160919189453,1,1,1e-06,0.0
1,0.0024077892303466797,1,1,1e-06,0.0
1,0.0031044483184814453,1,1,1e-06,0.0
1,0.10557126998901367,1,1,1e-06,0.0
1,0.0026395320892333984,1,1,1e-06,0.0
1,0.0020041465759277344,1,1,1e-06,0.0
1,0.00473332405090332,1,1,1e-06,0.0
1,0.002177000045776367,1,1,1e-06,0.0
1,0.0022780895233154297,1,1,1e-06,0.0
1,0.0021381378173828125,1,1,1e-06,0.0
1,0.004270076751708984,1,1,1e-06,0.0
1,0.0023431777954101562,1,1,1e-06,0.0
1,0.0222625732421875,1,1,1e-06,0.0
1,0.0028672218322753906,1,1,1e-06,0.0
1,0.0024614334106445312,1,1,1e-06,0.0
1,0.00223541259765625,1,1,1e-06,0.0
1,0.0022313594818115234,1,1,1e-06,0.0
1,0.0020585060119628906,1,1,1e-06,0.0
1,0.002749204635620117,1,1,1e-06,0.0
1,0.002175569534301758,1,1,1e-06,0.0
1,0.002925395965576172,1,1,1e-06,0.0
1,0.0025072097778320312,1,1,1e-06,0.0
1,0.0023238658905029297,1,1,1e-06,0.0
1,0.002643585205078125,1,1,1e-06,0.0
1,0.002893686294555664,1,1,1e-06,0.0
1,0.002426624298095703,1,1,1e-06,0.0
1,0.002467632293701172,1,1,1e-06,0.0
1,0.002327442169189453,1,1,1e-06,0.0
1,0.0038192272186279297,1,1,1e-06,0.0
1,0.0027098655700683594,1,1,1e-06,0.0
1,0.003947734832763672,1,1,1e-06,0.0
1,0.003025054931640625,1,1,1e-06,0.0
1,0.0030357837677001953,1,1,1e-06,0.0
1,0.0016064643859863281,1,1,1e-06,0.0
1,0.0020673274993896484,1,1,1e-06,0.0
1,0.0025675296783447266,1,1,1e-06,0.0
1,0.0032198429107666016,1,1,1e-06,0.0
1,0.0024313926696777344,1,1,1e-06,0.0
1,0.0021598339080810547,1,1,1e-06,0.0
1,0.1508328914642334,1,1,1e-06,0.0
1,0.002433300018310547,1,1,1e-06,0.0
1,0.03279280662536621,1,1,1e-06,0.0
1,0.0024101734161376953,1,1,1e-06,0.0
1,0.9155118465423584,1,1,1e-06,0.0
1,0.0024309158325195312,1,1,1e-06,0.0
1,0.0022776126861572266,1,1,1e-06,0.0
1,0.002574920654296875,1,1,1e-06,0.0
1,0.0022530555725097656,1,1,1e-06,0.0
1,0.023003101348876953,1,1,1e-06,0.0
1,0.0019266605377197266,1,1,1e-06,0.0
1,0.0025773048400878906,1,1,1e-06,0.0
1,0.002664804458618164,1,1,1e-06,0.0
1,0.0023822784423828125,1,1,1e-06,0.0
1,0.0020978450775146484,1,1,1e-06,0.0
1,0.0027887821197509766,1,1,1e-06,0.0
1,0.0041582584381103516,1,1,1e-06,0.0
1,0.015197038650512695,1,1,1e-06,0.0
1,0.0024106502532958984,1,1,1e-06,0.0
1,0.003851652145385742,1,1,1e-06,0.0
1,0.002454519271850586,1,1,1e-06,0.0
1,0.0023162364959716797,1,1,1e-06,0.0
1,0.0023345947265625,1,1,1e-06,0.0
1,0.0033407211303710938,1,1,1e-06,0.0
1,0.0027441978454589844,1,1,1e-06,0.0
1,0.002726316452026367,1,1,1e-06,0.0
1,0.003345966339111328,1,1,1e-06,0.0
1,0.0030698776245117188,1,1,1e-06,0.0
1,0.004064321517944336,1,1,1e-06,0.0
1,0.0030791759490966797,1,1,1e-06,0.0
1,0.0030379295349121094,1,1,1e-06,0.0
1,0.004498004913330078,1,1,1e-06,0.0
1,0.006102323532104492,1,1,1e-06,0.0
1,0.002170562744140625,1,1,1e-06,0.0
1,0.006261348724365234,1,1,1e-06,0.0
1,0.003131389617919922,1,1,1e-06,0.0
1,0.0031404495239257812,1,1,1e-06,0.0
1,0.005499839782714844,1,1,1e-06,0.0
1,0.002906322479248047,1,1,1e-06,0.0
1,0.00438690185546875,1,1,1e-06,0.0
1,0.003259420394897461,1,1,1e-06,0.0
1,0.0025260448455810547,1,1,1e-06,0.0
1,0.0020008087158203125,1,1,1e-06,0.0
1,0.0042438507080078125,1,1,1e-06,0.0
1,0.0023956298828125,1,1,1e-06,0.0
1,0.00301361083984375,1,1,1e-06,0.0
1,0.002530813217163086,1,1,1e-06,0.0
1,0.0023250579833984375,1,1,1e-06,0.0
1,0.002752065658569336,1,1,1e-06,0.0
1,0.0024166107177734375,1,1,1e-06,0.0
1,0.002531766891479492,1,1,1e-06,0.0
1,0.002675771713256836,1,1,1e-06,0.0
1,0.0028295516967773438,1,1,1e-06,0.0
1,0.0026230812072753906,1,1,1e-06,0.0
1,0.0035457611083984375,1,1,1e-06,0.0
1,0.0027730464935302734,1,1,1e-06,0.0
1,0.0041463375091552734,1,1,1e-06,0.0
1,0.0064733028411865234,1,1,1e-06,0.0
1,0.003016948699951172,1,1,1e-06,0.0
1,0.0034317970275878906,1,1,1e-06,0.0
1,0.004397869110107422,1,1,1e-06,0.0
1,0.0028162002563476562,1,1,1e-06,0.0
1,0.003490924835205078,1,1,1e-06,0.0
1,0.0034096240997314453,1,1,1e-06,0.0
1,0.004866600036621094,1,1,1e-06,0.0
1,0.003094196319580078,1,1,1e-06,0.0
1,0.0038712024688720703,1,1,1e-06,0.0
1,0.003267526626586914,1,1,1e-06,0.0
1,0.002767801284790039,1,1,1e-06,0.0
1,0.0038568973541259766,1,1,1e-06,0.0
1,0.005522727966308594,1,1,1e-06,0.0
1,0.0023012161254882812,1,1,1e-06,0.0
1,0.0027065277099609375,1,1,1e-06,0.0
1,0.004363298416137695,1,1,1e-06,0.0
1,0.004441261291503906,1,1,1e-06,0.0
1,0.003589630126953125,1,1,1e-06,0.0
1,0.002805948257446289,1,1,1e-06,0.0
1,0.004462242126464844,1,1,1e-06,0.0
1,0.002840280532836914,1,1,1e-06,0.0
1,0.0052030086517333984,1,1,1e-06,0.0
1,0.003548860549926758,1,1,1e-06,0.0
1,0.003912687301635742,1,1,1e-06,0.0
1,0.0038056373596191406,1,1,1e-06,0.0
1,0.0037376880645751953,1,1,1e-06,0.0
1,0.0024559497833251953,1,1,1e-06,0.0
1,0.002271413803100586,1,1,1e-06,0.0
1,0.004820823669433594,1,1,1e-06,0.0
1,0.0022013187408447266,1,1,1e-06,0.0
1,0.007878541946411133,1,1,1e-06,0.0
1,0.002783060073852539,1,1,1e-06,0.0
1,0.002500772476196289,1,1,1e-06,0.0
1,0.0034821033477783203,1,1,1e-06,0.0
1,0.22313785552978516,1,1,1e-06,0.0
1,0.001720428466796875,1,1,1e-06,0.0
1,0.0026962757110595703,1,1,1e-06,0.0
1,0.0023272037506103516,1,1,1e-06,0.0
1,0.0022859573364257812,1,1,1e-06,0.0
1,0.0021889209747314453,1,1,1e-06,0.0
1,0.0025544166564941406,1,1,1e-06,0.0
1,0.0019538402557373047,1,1,1e-06,0.0
1,0.0017478466033935547,1,1,1e-06,0.0
1,0.0022046566009521484,1,1,1e-06,0.0
1,0.0021414756774902344,1,1,1e-06,0.0
1,0.0021677017211914062,1,1,1e-06,0.0
1,0.005240440368652344,1,1,1e-06,0.0
1,0.003364086151123047,1,1,1e-06,0.0
1,0.0020999908447265625,1,1,1e-06,0.0
1,0.017747879028320312,1,1,1e-06,0.0
1,0.002498626708984375,1,1,1e-06,0.0
1,0.0016911029815673828,1,1,1e-06,0.0
1,0.012165546417236328,1,1,1e-06,0.0
1,0.004717350006103516,1,1,1e-06,0.0
1,0.0023851394653320312,1,1,1e-06,0.0
1,0.0024564266204833984,1,1,1e-06,0.0
1,0.0021533966064453125,1,1,1e-06,0.0
1,0.033437490463256836,1,1,1e-06,0.0
1,0.0027692317962646484,1,1,1e-06,0.0
1,0.0024170875549316406,1,1,1e-06,0.0
1,0.002341747283935547,1,1,1e-06,0.0
1,0.002187490463256836,1,1,1e-06,0.0
1,0.0022728443145751953,1,1,1e-06,0.0
1,0.0024547576904296875,1,1,1e-06,0.0
1,0.002136707305908203,1,1,1e-06,0.0
1,0.0019898414611816406,1,1,1e-06,0.0
1,0.002025604248046875,1,1,1e-06,0.0
1,0.002095460891723633,1,1,1e-06,0.0
1,0.0023200511932373047,1,1,1e-06,0.0
1,0.0023927688598632812,1,1,1e-06,0.0
1,0.002434253692626953,1,1,1e-06,0.0
1,0.0023691654205322266,1,1,1e-06,0.0
1,0.002208709716796875,1,1,1e-06,0.0
1,0.0019626617431640625,1,1,1e-06,0.0
1,0.009065389633178711,1,1,1e-06,0.0
1,0.0024275779724121094,1,1,1e-06,0.0
1,0.002259969711303711,1,1,1e-06,0.0
1,0.016537904739379883,1,1,1e-06,0.0
1,0.0021712779998779297,1,1,1e-06,0.0
1,0.0021893978118896484,1,1,1e-06,0.0
1,0.00426793098449707,1,1,1e-06,0.0
1,0.0028514862060546875,1,1,1e-06,0.0
1,0.0024728775024414062,1,1,1e-06,0.0
1,0.0021207332611083984,1,1,1e-06,0.0
1,0.002215862274169922,1,1,1e-06,0.0
1,0.016678333282470703,1,1,1e-06,0.0
1,0.0033769607543945312,1,1,1e-06,0.0
1,0.0022737979888916016,1,1,1e-06,0.0
1,0.002302885055541992,1,1,1e-06,0.0
1,0.0029189586639404297,1,1,1e-06,0.0
1,0.0026595592498779297,1,1,1e-06,0.0
1,0.002719879150390625,1,1,1e-06,0.0
1,0.0028595924377441406,1,1,1e-06,0.0
1,0.0027425289154052734,1,1,1e-06,0.0
1,0.0029904842376708984,1,1,1e-06,0.0
1,0.0028977394104003906,1,1,1e-06,0.0
1,0.0025229454040527344,1,1,1e-06,0.0
1,0.002606630325317383,1,1,1e-06,0.0
1,0.0023941993713378906,1,1,1e-06,0.0
1,0.004041194915771484,1,1,1e-06,0.0
1,0.007584333419799805,1,1,1e-06,0.0
1,0.002690553665161133,1,1,1e-06,0.0
1,0.002440214157104492,1,1,1e-06,0.0
1,0.003000497817993164,1,1,1e-06,0.0
1,0.002487659454345703,1,1,1e-06,0.0
1,0.0023300647735595703,1,1,1e-06,0.0
1,0.0069637298583984375,1,1,1e-06,0.0
1,0.0024127960205078125,1,1,1e-06,0.0
1,0.0024771690368652344,1,1,1e-06,0.0
1,0.002794027328491211,1,1,1e-06,0.0
1,0.003745555877685547,1,1,1e-06,0.0
1,0.0025587081909179688,1,1,1e-06,0.0
1,0.011364221572875977,1,1,1e-06,0.0
1,0.0023643970489501953,1,1,1e-06,0.0
1,0.002215862274169922,1,1,1e-06,0.0
1,0.0019457340240478516,1,1,1e-06,0.0
1,0.0021126270294189453,1,1,1e-06,0.0
1,0.0026204586029052734,1,1,1e-06,0.0
1,0.003920793533325195,1,1,1e-06,0.0
1,0.002044200897216797,1,1,1e-06,0.0
1,0.0026390552520751953,1,1,1e-06,0.0
1,0.0025076866149902344,1,1,1e-06,0.0
1,0.002168416976928711,1,1,1e-06,0.0
1,0.0064351558685302734,1,1,1e-06,0.0
1,0.002962827682495117,1,1,1e-06,0.0
1,0.012017250061035156,1,1,1e-06,0.0
1,0.0027348995208740234,1,1,1e-06,0.0
1,0.0028214454650878906,1,1,1e-06,0.0
1,0.0021262168884277344,1,1,1e-06,0.0
1,0.002168893814086914,1,1,1e-06,0.0
1,0.004379749298095703,1,1,1e-06,0.0
1,0.0016922950744628906,1,1,1e-06,0.0
1,0.002244710922241211,1,1,1e-06,0.0
1,0.0024192333221435547,1,1,1e-06,0.0
1,0.002398967742919922,1,1,1e-06,0.0
1,0.002006053924560547,1,1,1e-06,0.0
1,0.0020895004272460938,1,1,1e-06,0.0
1,0.002809286117553711,1,1,1e-06,0.0
1,0.0034673213958740234,1,1,1e-06,0.0
1,0.010498762130737305,1,1,1e-06,0.0
1,0.003891468048095703,1,1,1e-06,0.0
1,0.046683549880981445,1,1,1e-06,0.0
1,0.004441499710083008,1,1,1e-06,0.0
1,0.007031917572021484,1,1,1e-06,0.0
1,0.002730131149291992,1,1,1e-06,0.0
1,0.003100156784057617,1,1,1e-06,0.0
1,0.003420114517211914,1,1,1e-06,0.0
1,0.003336668014526367,1,1,1e-06,0.0
1,0.004073143005371094,1,1,1e-06,0.0
1,0.0033521652221679688,1,1,1e-06,0.0
1,0.0033617019653320312,1,1,1e-06,0.0
1,0.003586292266845703,1,1,1e-06,0.0
1,0.0030727386474609375,1,1,1e-06,0.0
1,0.11537384986877441,1,1,1e-06,0.0
1,0.6754896640777588,1,1,1e-06,0.0
1,0.0035305023193359375,1,1,1e-06,0.0
1,0.004350423812866211,1,1,1e-06,0.0
1,0.0027284622192382812,1,1,1e-06,0.0
1,0.002685070037841797,1,1,1e-06,0.0
1,0.004473686218261719,1,1,1e-06,0.0
1,0.004077434539794922,1,1,1e-06,0.0
1,0.003453493118286133,1,1,1e-06,0.0
1,0.0032362937927246094,1,1,1e-06,0.0
1,0.0032427310943603516,1,1,1e-06,0.0
1,0.0034720897674560547,1,1,1e-06,0.0
1,0.023113727569580078,1,1,1e-06,0.0
1,0.004483699798583984,1,1,1e-06,0.0
1,0.003464221954345703,1,1,1e-06,0.0
1,0.004061460494995117,1,1,1e-06,0.0
1,0.0032951831817626953,1,1,1e-06,0.0
1,0.003933906555175781,1,1,1e-06,0.0
1,0.0018758773803710938,1,1,1e-06,0.0
1,0.002711057662963867,1,1,1e-06,0.0
1,0.0032296180725097656,1,1,1e-06,0.0
1,0.002879619598388672,1,1,1e-06,0.0
1,0.0034325122833251953,1,1,1e-06,0.0
1,0.0026013851165771484,1,1,1e-06,0.0
1,0.002916574478149414,1,1,1e-06,0.0
1,0.005087375640869141,1,1,1e-06,0.0
1,0.003849506378173828,1,1,1e-06,0.0
1,0.003093719482421875,1,1,1e-06,0.0
1,0.002759218215942383,1,1,1e-06,0.0
1,0.003308534622192383,1,1,1e-06,0.0
1,0.0041353702545166016,1,1,1e-06,0.0
1,0.0030372142791748047,1,1,1e-06,0.0
1,0.0032792091369628906,1,1,1e-06,0.0
1,0.004994869232177734,1,1,1e-06,0.0
1,0.003790140151977539,1,1,1e-06,0.0
1,0.0028667449951171875,1,1,1e-06,0.0
1,0.003987312316894531,1,1,1e-06,0.0
1,0.0036575794219970703,1,1,1e-06,0.0
1,0.004521846771240234,1,1,1e-06,0.0
1,0.003347158432006836,1,1,1e-06,0.0
1,0.0037484169006347656,1,1,1e-06,0.0
1,0.0032684803009033203,1,1,1e-06,0.0
1,0.003464221954345703,1,1,1e-06,0.0
1,0.0028197765350341797,1,1,1e-06,0.0
1,0.002765655517578125,1,1,1e-06,0.0
1,0.003365755081176758,1,1,1e-06,0.0
1,0.0030069351196289062,1,1,1e-06,0.0
1,0.028672218322753906,1,1,1e-06,0.0
1,0.004214048385620117,1,1,1e-06,0.0
1,0.003219127655029297,1,1,1e-06,0.0
1,0.0030639171600341797,1,1,1e-06,0.0
1,0.004014253616333008,1,1,1e-06,0.0
1,0.003526926040649414,1,1,1e-06,0.0
1,0.0024957656860351562,1,1,1e-06,0.0
1,0.005113840103149414,1,1,1e-06,0.0
1,0.005254268646240234,1,1,1e-06,0.0
1,0.0025599002838134766,1,1,1e-06,0.0
1,0.002420186996459961,1,1,1e-06,0.0
1,0.002903461456298828,1,1,1e-06,0.0
1,0.031072378158569336,1,1,1e-06,0.0
1,0.004012346267700195,1,1,1e-06,0.0
1,0.0024285316467285156,1,1,1e-06,0.0
1,1.2766926288604736,1,1,1e-06,0.0
1,0.025055408477783203,1,1,1e-06,0.0
1,0.002893209457397461,1,1,1e-06,0.0
1,0.006649017333984375,1,1,1e-06,0.0
1,0.014163732528686523,1,1,1e-06,0.0
1,0.0031092166900634766,1,1,1e-06,0.0
1,0.003053426742553711,1,1,1e-06,0.0
1,0.0939640998840332,1,1,1e-06,0.0
1,0.002641439437866211,1,1,1e-06,0.0
1,0.0032160282135009766,1,1,1e-06,0.0
1,0.002969026565551758,1,1,1e-06,0.0
1,0.0027322769165039062,1,1,1e-06,0.0
1,0.003545522689819336,1,1,1e-06,0.0
1,0.002592802047729492,1,1,1e-06,0.0
1,0.003963470458984375,1,1,1e-06,0.0
1,0.0026099681854248047,1,1,1e-06,0.0
1,0.002141237258911133,1,1,1e-06,0.0
1,0.003252267837524414,1,1,1e-06,0.0
1,0.0024797916412353516,1,1,1e-06,0.0
1,0.002029895782470703,1,1,1e-06,0.0
1,0.4190218448638916,1,1,1e-06,0.0
1,0.0025932788848876953,1,1,1e-06,0.0
1,0.002496957778930664,1,1,1e-06,0.0
1,0.002340078353881836,1,1,1e-06,0.0
1,0.0025854110717773438,1,1,1e-06,0.0
1,0.002599000930786133,1,1,1e-06,0.0
1,0.03579545021057129,1,1,1e-06,0.0
1,0.0034973621368408203,1,1,1e-06,0.0
1,0.0032806396484375,1,1,1e-06,0.0
1,0.01443624496459961,1,1,1e-06,0.0
1,0.0033156871795654297,1,1,1e-06,0.0
1,0.002759218215942383,1,1,1e-06,0.0
1,0.023746013641357422,1,1,1e-06,0.0
1,0.0024061203002929688,1,1,1e-06,0.0
1,0.0023949146270751953,1,1,1e-06,0.0
1,0.002732515335083008,1,1,1e-06,0.0
1,0.013848066329956055,1,1,1e-06,0.0
1,0.0025823116302490234,1,1,1e-06,0.0
1,0.003412961959838867,1,1,1e-06,0.0
1,0.002259492874145508,1,1,1e-06,0.0
1,0.002293825149536133,1,1,1e-06,0.0
1,0.002513408660888672,1,1,1e-06,0.0
1,0.0024852752685546875,1,1,1e-06,0.0
1,0.003493785858154297,1,1,1e-06,0.0
1,0.0027894973754882812,1,1,1e-06,0.0
1,0.0036687850952148438,1,1,1e-06,0.0
1,0.003039121627807617,1,1,1e-06,0.0
1,0.003692626953125,1,1,1e-06,0.0
1,0.003895282745361328,1,1,1e-06,0.0
1,0.003955841064453125,1,1,1e-06,0.0
1,0.005692243576049805,1,1,1e-06,0.0
1,0.006338596343994141,1,1,1e-06,0.0
1,0.0090179443359375,1,1,1e-06,0.0
1,0.006793022155761719,1,1,1e-06,0.0
1,0.0034918785095214844,1,1,1e-06,0.0
1,0.011595726013183594,1,1,1e-06,0.0
1,0.0032770633697509766,1,1,1e-06,0.0
1,0.0040853023529052734,1,1,1e-06,0.0
1,0.006321430206298828,1,1,1e-06,0.0
1,0.0074617862701416016,1,1,1e-06,0.0
1,0.0033903121948242188,1,1,1e-06,0.0
1,0.01158452033996582,1,1,1e-06,0.0
1,0.00900125503540039,1,1,1e-06,0.0
1,0.0653085708618164,1,1,1e-06,0.0
1,0.0035729408264160156,1,1,1e-06,0.0
1,0.004689693450927734,1,1,1e-06,0.0
1,0.011573076248168945,1,1,1e-06,0.0
1,0.012039422988891602,1,1,1e-06,0.0
1,0.003602266311645508,1,1,1e-06,0.0
1,0.014610528945922852,1,1,1e-06,0.0
1,0.0035448074340820312,1,1,1e-06,0.0
1,0.003340482711791992,1,1,1e-06,0.0
1,0.051605939865112305,1,1,1e-06,0.0
1,0.003665924072265625,1,1,1e-06,0.0
1,0.008024930953979492,1,1,1e-06,0.0
1,0.005587577819824219,1,1,1e-06,0.0
1,0.0060024261474609375,1,1,1e-06,0.0
1,0.005380868911743164,1,1,1e-06,0.0
1,0.004989147186279297,1,1,1e-06,0.0
1,0.005208730697631836,1,1,1e-06,0.0
1,0.005198001861572266,1,1,1e-06,0.0
1,0.007082939147949219,1,1,1e-06,0.0
1,0.004145622253417969,1,1,1e-06,0.0
1,0.01284170150756836,1,1,1e-06,0.0
1,0.005354166030883789,1,1,1e-06,0.0
1,0.003920078277587891,1,1,1e-06,0.0
1,0.006328105926513672,1,1,1e-06,0.0
1,0.004086494445800781,1,1,1e-06,0.0
1,0.004712581634521484,1,1,1e-06,0.0
1,0.004630327224731445,1,1,1e-06,0.0
1,0.00867152214050293,1,1,1e-06,0.0
1,0.0046160221099853516,1,1,1e-06,0.0
1,0.0029506683349609375,1,1,1e-06,0.0
1,0.00410771369934082,1,1,1e-06,0.0
1,0.003790140151977539,1,1,1e-06,0.0
1,0.0038788318634033203,1,1,1e-06,0.0
1,0.0031783580780029297,1,1,1e-06,0.0
1,0.008269309997558594,1,1,1e-06,0.0
1,0.0028464794158935547,1,1,1e-06,0.0
1,0.004475831985473633,1,1,1e-06,0.0
1,0.004169464111328125,1,1,1e-06,0.0
1,0.004923582077026367,1,1,1e-06,0.0
1,0.002939939498901367,1,1,1e-06,0.0
1,0.003258943557739258,1,1,1e-06,0.0
1,0.003498554229736328,1,1,1e-06,0.0
1,0.00273895263671875,1,1,1e-06,0.0
1,0.002788066864013672,1,1,1e-06,0.0
1,0.0028030872344970703,1,1,1e-06,0.0
1,0.019319534301757812,1,1,1e-06,0.0
1,0.00283050537109375,1,1,1e-06,0.0
1,0.0023920536041259766,1,1,1e-06,0.0
1,0.0038471221923828125,1,1,1e-06,0.0
1,0.002971172332763672,1,1,1e-06,0.0
1,0.003053903579711914,1,1,1e-06,0.0
1,0.005723476409912109,1,1,1e-06,0.0
1,0.0031480789184570312,1,1,1e-06,0.0
1,0.0030379295349121094,1,1,1e-06,0.0
1,0.0031867027282714844,1,1,1e-06,0.0
1,0.003599882125854492,1,1,1e-06,0.0
1,0.002924680709838867,1,1,1e-06,0.0
1,0.0024557113647460938,1,1,1e-06,0.0
1,0.0030634403228759766,1,1,1e-06,0.0
1,0.003679037094116211,1,1,1e-06,0.0
1,0.0031058788299560547,1,1,1e-06,0.0
1,0.002271890640258789,1,1,1e-06,0.0
1,0.002827167510986328,1,1,1e-06,0.0
1,0.0032644271850585938,1,1,1e-06,0.0
1,0.0025479793548583984,1,1,1e-06,0.0
1,0.13066530227661133,1,1,1e-06,0.0
1,0.00504755973815918,1,1,1e-06,0.0
1,0.0039174556732177734,1,1,1e-06,0.0
1,0.0029397010803222656,1,1,1e-06,0.0
1,0.0038840770721435547,1,1,1e-06,0.0
1,0.003366231918334961,1,1,1e-06,0.0
1,0.0034406185150146484,1,1,1e-06,0.0
1,0.003091573715209961,1,1,1e-06,0.0
1,0.0023758411407470703,1,1,1e-06,0.0
1,0.0024847984313964844,1,1,1e-06,0.0
1,0.0041179656982421875,1,1,1e-06,0.0
1,0.0036001205444335938,1,1,1e-06,0.0
1,0.003650665283203125,1,1,1e-06,0.0
1,0.0053005218505859375,1,1,1e-06,0.0
1,0.003957271575927734,1,1,1e-06,0.0
1,0.0045511722564697266,1,1,1e-06,0.0
1,0.003742694854736328,1,1,1e-06,0.0
1,0.002862691879272461,1,1,1e-06,0.0
1,0.003249645233154297,1,1,1e-06,0.0
1,0.003133058547973633,1,1,1e-06,0.0
1,0.0028204917907714844,1,1,1e-06,0.0
1,0.0032601356506347656,1,1,1e-06,0.0
1,0.04728078842163086,1,1,1e-06,0.0
1,0.011255502700805664,1,1,1e-06,0.0
1,0.0023522377014160156,1,1,1e-06,0.0
1,0.0032439231872558594,1,1,1e-06,0.0
1,0.003259897232055664,1,1,1e-06,0.0
1,0.0026755332946777344,1,1,1e-06,0.0
1,0.0031299591064453125,1,1,1e-06,0.0
1,0.010077476501464844,1,1,1e-06,0.0
1,0.0031957626342773438,1,1,1e-06,0.0
1,0.004683494567871094,1,1,1e-06,0.0
1,0.0033910274505615234,1,1,1e-06,0.0
1,0.003480195999145508,1,1,1e-06,0.0
1,0.008386373519897461,1,1,1e-06,0.0
1,0.003665447235107422,1,1,1e-06,0.0
1,0.0029153823852539062,1,1,1e-06,0.0
1,0.648486852645874,1,1,1e-06,0.0
1,0.0026760101318359375,1,1,1e-06,0.0
1,0.0037839412689208984,1,1,1e-06,0.0
1,0.0022399425506591797,1,1,1e-06,0.0
1,0.0023376941680908203,1,1,1e-06,0.0
1,0.0026617050170898438,1,1,1e-06,0.0
1,0.002226591110229492,1,1,1e-06,0.0
1,0.0022051334381103516,1,1,1e-06,0.0
1,0.0026788711547851562,1,1,1e-06,0.0
1,0.0027167797088623047,1,1,1e-06,0.0
1,0.002518177032470703,1,1,1e-06,0.0
1,0.002306222915649414,1,1,1e-06,0.0
1,0.003214120864868164,1,1,1e-06,0.0
1,0.004126071929931641,1,1,1e-06,0.0
1,0.0028603076934814453,1,1,1e-06,0.0
1,0.0038111209869384766,1,1,1e-06,0.0
1,0.002409219741821289,1,1,1e-06,0.0
1,0.0024881362915039062,1,1,1e-06,0.0
1,0.03525733947753906,1,1,1e-06,0.0
1,0.002405405044555664,1,1,1e-06,0.0
1,0.0027828216552734375,1,1,1e-06,0.0
1,0.002420663833618164,1,1,1e-06,0.0
1,0.002058744430541992,1,1,1e-06,0.0
1,0.002510547637939453,1,1,1e-06,0.0
1,0.006047964096069336,1,1,1e-06,0.0
1,0.003980398178100586,1,1,1e-06,0.0
1,0.0029044151306152344,1,1,1e-06,0.0
1,0.009767770767211914,1,1,1e-06,0.0
1,0.003721475601196289,1,1,1e-06,0.0
1,0.002550363540649414,1,1,1e-06,0.0
1,0.002267122268676758,1,1,1e-06,0.0
1,0.002226114273071289,1,1,1e-06,0.0
1,0.002671957015991211,1,1,1e-06,0.0
1,0.0021712779998779297,1,1,1e-06,0.0
1,0.0052530765533447266,1,1,1e-06,0.0
1,0.0021622180938720703,1,1,1e-06,0.0
1,0.015344381332397461,1,1,1e-06,0.0
1,0.002159595489501953,1,1,1e-06,0.0
1,0.0025970935821533203,1,1,1e-06,0.0
1,0.0031080245971679688,1,1,1e-06,0.0
1,0.0032787322998046875,1,1,1e-06,0.0
1,0.003003358840942383,1,1,1e-06,0.0
1,0.0021238327026367188,1,1,1e-06,0.0
1,0.0019981861114501953,1,1,1e-06,0.0
1,0.0022525787353515625,1,1,1e-06,0.0
1,0.003679990768432617,1,1,1e-06,0.0
1,0.0034346580505371094,1,1,1e-06,0.0
1,0.018952369689941406,1,1,1e-06,0.0
1,0.0025763511657714844,1,1,1e-06,0.0
1,0.004026174545288086,1,1,1e-06,0.0
1,0.0023915767669677734,1,1,1e-06,0.0
1,0.0026521682739257812,1,1,1e-06,0.0
1,0.0021669864654541016,1,1,1e-06,0.0
1,0.0022504329681396484,1,1,1e-06,0.0
1,0.0023338794708251953,1,1,1e-06,0.0
1,0.002398967742919922,1,1,1e-06,0.0
1,0.0021648406982421875,1,1,1e-06,0.0
1,0.003297090530395508,1,1,1e-06,0.0
1,0.003218412399291992,1,1,1e-06,0.0
1,0.002087831497192383,1,1,1e-06,0.0
1,0.0024700164794921875,1,1,1e-06,0.0
1,0.002589702606201172,1,1,1e-06,0.0
1,0.00202178955078125,1,1,1e-06,0.0
1,0.0022792816162109375,1,1,1e-06,0.0
1,0.002237081527709961,1,1,1e-06,0.0
1,0.0034127235412597656,1,1,1e-06,0.0
1,0.0023479461669921875,1,1,1e-06,0.0
1,0.0030901432037353516,1,1,1e-06,0.0
1,0.004344940185546875,1,1,1e-06,0.0
1,0.00226593017578125,1,1,1e-06,0.0
1,0.002762317657470703,1,1,1e-06,0.0
1,0.0027141571044921875,1,1,1e-06,0.0
1,0.002493143081665039,1,1,1e-06,0.0
1,0.0028023719787597656,1,1,1e-06,0.0
1,0.0022208690643310547,1,1,1e-06,0.0
1,0.002050161361694336,1,1,1e-06,0.0
1,0.0033881664276123047,1,1,1e-06,0.0
1,0.004042148590087891,1,1,1e-06,0.0
1,0.002199888229370117,1,1,1e-06,0.0
1,0.002185821533203125,1,1,1e-06,0.0
1,0.002844095230102539,1,1,1e-06,0.0
1,0.0025687217712402344,1,1,1e-06,0.0
1,0.0023233890533447266,1,1,1e-06,0.0
1,0.004430532455444336,1,1,1e-06,0.0
1,0.0023338794708251953,1,1,1e-06,0.0
1,0.002490997314453125,1,1,1e-06,0.0
1,0.0030868053436279297,1,1,1e-06,0.0
1,0.0019783973693847656,1,1,1e-06,0.0
1,0.003425121307373047,1,1,1e-06,0.0
1,0.0034983158111572266,1,1,1e-06,0.0
1,0.002675771713256836,1,1,1e-06,0.0
1,0.003336191177368164,1,1,1e-06,0.0
1,0.003049135208129883,1,1,1e-06,0.0
1,0.003306865692138672,1,1,1e-06,0.0
1,0.0023984909057617188,1,1,1e-06,0.0
1,0.003259897232055664,1,1,1e-06,0.0
1,0.003196239471435547,1,1,1e-06,0.0
1,0.0029702186584472656,1,1,1e-06,0.0
1,0.0021147727966308594,1,1,1e-06,0.0
1,0.0020911693572998047,1,1,1e-06,0.0
1,0.002836942672729492,1,1,1e-06,0.0
1,0.0025713443756103516,1,1,1e-06,0.0
1,0.0034308433532714844,1,1,1e-06,0.0
1,0.0034704208374023438,1,1,1e-06,0.0
1,0.002922534942626953,1,1,1e-06,0.0
1,0.0022895336151123047,1,1,1e-06,0.0
1,0.002594470977783203,1,1,1e-06,0.0
1,0.0020751953125,1,1,1e-06,0.0
1,0.0021059513092041016,1,1,1e-06,0.0
1,0.00203704833984375,1,1,1e-06,0.0
1,0.0022003650665283203,1,1,1e-06,0.0
1,0.002059459686279297,1,1,1e-06,0.0
1,0.0020589828491210938,1,1,1e-06,0.0
1,0.00998377799987793,1,1,1e-06,0.0
1,0.002629995346069336,1,1,1e-06,0.0
1,0.021183013916015625,1,1,1e-06,0.0
1,0.0023212432861328125,1,1,1e-06,0.0
1,0.00228118896484375,1,1,1e-06,0.0
1,0.0032722949981689453,1,1,1e-06,0.0
1,0.0035381317138671875,1,1,1e-06,0.0
1,0.003772258758544922,1,1,1e-06,0.0
1,0.002585172653198242,1,1,1e-06,0.0
1,0.00222015380859375,1,1,1e-06,0.0
1,0.0025947093963623047,1,1,1e-06,0.0
1,0.0030014514923095703,1,1,1e-06,0.0
1,0.0057277679443359375,1,1,1e-06,0.0
1,0.0027132034301757812,1,1,1e-06,0.0
1,0.002384185791015625,1,1,1e-06,0.0
1,0.0024361610412597656,1,1,1e-06,0.0
1,0.006163358688354492,1,1,1e-06,0.0
1,0.002296924591064453,1,1,1e-06,0.0
1,0.002553224563598633,1,1,1e-06,0.0
1,0.002715587615966797,1,1,1e-06,0.0
1,0.002164602279663086,1,1,1e-06,0.0
1,0.002270221710205078,1,1,1e-06,0.0
1,0.0030460357666015625,1,1,1e-06,0.0
1,0.002712726593017578,1,1,1e-06,0.0
1,0.004005908966064453,1,1,1e-06,0.0
1,0.0033524036407470703,1,1,1e-06,0.0
1,0.002232074737548828,1,1,1e-06,0.0
1,0.002529621124267578,1,1,1e-06,0.0
1,0.0023355484008789062,1,1,1e-06,0.0
1,0.003493785858154297,1,1,1e-06,0.0
1,0.0026841163635253906,1,1,1e-06,0.0
1,0.002916097640991211,1,1,1e-06,0.0
1,0.002668142318725586,1,1,1e-06,0.0
1,0.0022690296173095703,1,1,1e-06,0.0
1,0.0033254623413085938,1,1,1e-06,0.0
1,0.002573251724243164,1,1,1e-06,0.0
1,0.0033178329467773438,1,1,1e-06,0.0
1,0.004945278167724609,1,1,1e-06,0.0
1,0.004139900207519531,1,1,1e-06,0.0
1,0.0030145645141601562,1,1,1e-06,0.0
1,0.0024559497833251953,1,1,1e-06,0.0
1,0.0059986114501953125,1,1,1e-06,0.0
1,0.0032455921173095703,1,1,1e-06,0.0
1,0.003103017807006836,1,1,1e-06,0.0
1,0.003079652786254883,1,1,1e-06,0.0
1,0.024017810821533203,1,1,1e-06,0.0
1,0.0023200511932373047,1,1,1e-06,0.0
1,0.0022368431091308594,1,1,1e-06,0.0
1,0.003362417221069336,1,1,1e-06,0.0
1,0.0025606155395507812,1,1,1e-06,0.0
1,0.0026886463165283203,1,1,1e-06,0.0
1,0.0024254322052001953,1,1,1e-06,0.0
1,0.003262758255004883,1,1,1e-06,0.0
1,0.0023758411407470703,1,1,1e-06,0.0
1,0.04226255416870117,1,1,1e-06,0.0
1,0.002096891403198242,1,1,1e-06,0.0
1,0.0017900466918945312,1,1,1e-06,0.0
1,0.013185262680053711,1,1,1e-06,0.0
1,0.0024166107177734375,1,1,1e-06,0.0
1,0.002153635025024414,1,1,1e-06,0.0
1,0.002579927444458008,1,1,1e-06,0.0
1,0.002611398696899414,1,1,1e-06,0.0
1,0.0019805431365966797,1,1,1e-06,0.0
1,0.0025200843811035156,1,1,1e-06,0.0
1,0.0025403499603271484,1,1,1e-06,0.0
1,0.002398967742919922,1,1,1e-06,0.0
1,0.003240346908569336,1,1,1e-06,0.0
1,0.00237274169921875,1,1,1e-06,0.0
1,0.0021436214447021484,1,1,1e-06,0.0
1,0.002862691879272461,1,1,1e-06,0.0
1,0.002221822738647461,1,1,1e-06,0.0
1,0.0021238327026367188,1,1,1e-06,0.0
1,0.0021517276763916016,1,1,1e-06,0.0
1,0.009398221969604492,1,1,1e-06,0.0
1,0.0034914016723632812,1,1,1e-06,0.0
1,0.002300262451171875,1,1,1e-06,0.0
1,0.002830982208251953,1,1,1e-06,0.0
1,0.00621795654296875,1,1,1e-06,0.0
1,0.0023818016052246094,1,1,1e-06,0.0
1,0.0024700164794921875,1,1,1e-06,0.0
1,0.0020987987518310547,1,1,1e-06,0.0
1,0.003912925720214844,1,1,1e-06,0.0
1,0.002269268035888672,1,1,1e-06,0.0
1,0.0024683475494384766,1,1,1e-06,0.0
1,0.002257108688354492,1,1,1e-06,0.0
1,0.002782106399536133,1,1,1e-06,0.0
1,0.0021047592163085938,1,1,1e-06,0.0
1,0.002342700958251953,1,1,1e-06,0.0
1,0.0027179718017578125,1,1,1e-06,0.0
1,0.00438380241394043,1,1,1e-06,0.0
1,0.0021581649780273438,1,1,1e-06,0.0
1,0.00407099723815918,1,1,1e-06,0.0
1,0.0032029151916503906,1,1,1e-06,0.0
1,0.004164695739746094,1,1,1e-06,0.0
1,0.003385782241821289,1,1,1e-06,0.0
1,0.002824068069458008,1,1,1e-06,0.0
1,0.0032591819763183594,1,1,1e-06,0.0
1,0.003628253936767578,1,1,1e-06,0.0
1,0.0026760101318359375,1,1,1e-06,0.0
1,0.002979755401611328,1,1,1e-06,0.0
1,0.0030384063720703125,1,1,1e-06,0.0
1,0.00403285026550293,1,1,1e-06,0.0
1,0.003199338912963867,1,1,1e-06,0.0
1,0.0030090808868408203,1,1,1e-06,0.0
1,0.003263235092163086,1,1,1e-06,0.0
1,0.0022516250610351562,1,1,1e-06,0.0
1,0.0033299922943115234,1,1,1e-06,0.0
1,0.005941629409790039,1,1,1e-06,0.0
1,0.0034723281860351562,1,1,1e-06,0.0
1,0.0025010108947753906,1,1,1e-06,0.0
1,0.003587007522583008,1,1,1e-06,0.0
1,0.004207134246826172,1,1,1e-06,0.0
1,0.002965688705444336,1,1,1e-06,0.0
1,0.003309965133666992,1,1,1e-06,0.0
1,0.0025987625122070312,1,1,1e-06,0.0
1,0.0017371177673339844,1,1,1e-06,0.0
1,0.002614736557006836,1,1,1e-06,0.0
1,0.01771068572998047,1,1,1e-06,0.0
1,0.0056841373443603516,1,1,1e-06,0.0
1,0.0031676292419433594,1,1,1e-06,0.0
1,0.0027875900268554688,1,1,1e-06,0.0
1,0.003777027130126953,1,1,1e-06,0.0
1,0.0025463104248046875,1,1,1e-06,0.0
1,0.00274658203125,1,1,1e-06,0.0
1,0.02396535873413086,1,1,1e-06,0.0
1,0.0022094249725341797,1,1,1e-06,0.0
1,0.0021944046020507812,1,1,1e-06,0.0
1,0.002487659454345703,1,1,1e-06,0.0
1,0.0021209716796875,1,1,1e-06,0.0
1,0.0023174285888671875,1,1,1e-06,0.0
1,0.0024805068969726562,1,1,1e-06,0.0
1,0.003025054931640625,1,1,1e-06,0.0
1,0.002434253692626953,1,1,1e-06,0.0
1,0.0020999908447265625,1,1,1e-06,0.0
1,0.0020945072174072266,1,1,1e-06,0.0
1,0.0019085407257080078,1,1,1e-06,0.0
1,0.002556324005126953,1,1,1e-06,0.0
1,0.0028238296508789062,1,1,1e-06,0.0
1,0.002232074737548828,1,1,1e-06,0.0
1,0.0020101070404052734,1,1,1e-06,0.0
1,0.0025675296783447266,1,1,1e-06,0.0
1,0.0020897388458251953,1,1,1e-06,0.0
1,0.0021088123321533203,1,1,1e-06,0.0
1,0.002791881561279297,1,1,1e-06,0.0
1,0.0026290416717529297,1,1,1e-06,0.0
1,0.002038717269897461,1,1,1e-06,0.0
1,0.0017659664154052734,1,1,1e-06,0.0
1,0.0035500526428222656,1,1,1e-06,0.0
1,0.05559706687927246,1,1,1e-06,0.0
1,0.00287628173828125,1,1,1e-06,0.0
1,0.004116058349609375,1,1,1e-06,0.0
1,0.002529144287109375,1,1,1e-06,0.0
1,0.002269268035888672,1,1,1e-06,0.0
1,0.004654884338378906,1,1,1e-06,0.0
1,0.013801813125610352,1,1,1e-06,0.0
1,0.002959728240966797,1,1,1e-06,0.0
1,0.0026624202728271484,1,1,1e-06,0.0
1,0.003490924835205078,1,1,1e-06,0.0
1,0.0021474361419677734,1,1,1e-06,0.0
1,0.0022590160369873047,1,1,1e-06,0.0
1,0.0021047592163085938,1,1,1e-06,0.0
1,0.002202272415161133,1,1,1e-06,0.0
1,0.0027039051055908203,1,1,1e-06,0.0
1,0.003048419952392578,1,1,1e-06,0.0
1,0.002476215362548828,1,1,1e-06,0.0
1,0.004583120346069336,1,1,1e-06,0.0
1,0.0028460025787353516,1,1,1e-06,0.0
1,0.002331256866455078,1,1,1e-06,0.0
1,0.0019011497497558594,1,1,1e-06,0.0
1,0.002652406692504883,1,1,1e-06,0.0
1,0.002476215362548828,1,1,1e-06,0.0
1,0.0037779808044433594,1,1,1e-06,0.0
1,0.0022499561309814453,1,1,1e-06,0.0
1,0.0018863677978515625,1,1,1e-06,0.0
1,0.002192258834838867,1,1,1e-06,0.0
1,0.0026350021362304688,1,1,1e-06,0.0
1,0.003735065460205078,1,1,1e-06,0.0
1,0.0033216476440429688,1,1,1e-06,0.0
1,0.04719829559326172,1,1,1e-06,0.0
1,0.002656698226928711,1,1,1e-06,0.0
1,0.003324270248413086,1,1,1e-06,0.0
1,0.003014802932739258,1,1,1e-06,0.0
1,0.002293825149536133,1,1,1e-06,0.0
1,0.002361774444580078,1,1,1e-06,0.0
1,0.002730131149291992,1,1,1e-06,0.0
1,0.0046100616455078125,1,1,1e-06,0.0
1,0.0021545886993408203,1,1,1e-06,0.0
1,0.002324342727661133,1,1,1e-06,0.0
1,0.002096891403198242,1,1,1e-06,0.0
1,0.0018894672393798828,1,1,1e-06,0.0
1,0.002376556396484375,1,1,1e-06,0.0
1,0.002086162567138672,1,1,1e-06,0.0
1,0.002218484878540039,1,1,1e-06,0.0
1,0.004064798355102539,1,1,1e-06,0.0
1,0.005353689193725586,1,1,1e-06,0.0
1,0.003238677978515625,1,1,1e-06,0.0
1,0.002241373062133789,1,1,1e-06,0.0
1,0.002447366714477539,1,1,1e-06,0.0
1,0.0023376941680908203,1,1,1e-06,0.0
1,0.002380847930908203,1,1,1e-06,0.0
1,0.0024123191833496094,1,1,1e-06,0.0
1,0.0022187232971191406,1,1,1e-06,0.0
1,0.002301454544067383,1,1,1e-06,0.0
1,0.002254486083984375,1,1,1e-06,0.0
1,0.002949953079223633,1,1,1e-06,0.0
1,0.0025191307067871094,1,1,1e-06,0.0
1,0.01541447639465332,1,1,1e-06,0.0
1,0.003050565719604492,1,1,1e-06,0.0
1,0.004220485687255859,1,1,1e-06,0.0
1,0.009046792984008789,1,1,1e-06,0.0
1,0.0024139881134033203,1,1,1e-06,0.0
1,0.003761768341064453,1,1,1e-06,0.0
1,0.0051500797271728516,1,1,1e-06,0.0
1,0.002802133560180664,1,1,1e-06,0.0
1,0.00924372673034668,1,1,1e-06,0.0
1,0.0031239986419677734,1,1,1e-06,0.0
1,0.002870798110961914,1,1,1e-06,0.0
1,0.003130197525024414,1,1,1e-06,0.0
1,0.054535865783691406,1,1,1e-06,0.0
1,0.002894878387451172,1,1,1e-06,0.0
1,0.0030357837677001953,1,1,1e-06,0.0
1,0.003305196762084961,1,1,1e-06,0.0
1,0.0032172203063964844,1,1,1e-06,0.0
1,0.01797795295715332,1,1,1e-06,0.0
1,0.07998228073120117,1,1,1e-06,0.0
1,0.0034265518188476562,1,1,1e-06,0.0
1,0.0034379959106445312,1,1,1e-06,0.0
1,0.004458427429199219,1,1,1e-06,0.0
1,0.003339052200317383,1,1,1e-06,0.0
1,0.008252382278442383,1,1,1e-06,0.0
1,0.002756357192993164,1,1,1e-06,0.0
1,0.003061056137084961,1,1,1e-06,0.0
1,0.1833972930908203,1,1,1e-06,0.0
1,0.0026268959045410156,1,1,1e-06,0.0
1,0.0027513504028320312,1,1,1e-06,0.0
1,0.002773284912109375,1,1,1e-06,0.0
1,0.0028536319732666016,1,1,1e-06,0.0
1,0.0033822059631347656,1,1,1e-06,0.0
1,0.002984762191772461,1,1,1e-06,0.0
1,0.0069963932037353516,1,1,1e-06,0.0
1,0.0024929046630859375,1,1,1e-06,0.0
0,1.0145001411437988,0,0,,0.0
1,0.0022580623626708984,1,1,1e-06,0.0
1,0.003023386001586914,1,1,1e-06,0.0
1,0.0029501914978027344,1,1,1e-06,0.0
1,0.0030748844146728516,1,1,1e-06,0.0
1,0.0036792755126953125,1,1,1e-06,0.0
1,0.0027115345001220703,1,1,1e-06,0.0
1,0.04526638984680176,1,1,1e-06,0.0
1,0.004059553146362305,1,1,1e-06,0.0
1,0.004307985305786133,1,1,1e-06,0.0
1,0.014043569564819336,1,1,1e-06,0.0
1,0.002496004104614258,1,1,1e-06,0.0
1,0.0022935867309570312,1,1,1e-06,0.0
1,0.002557039260864258,1,1,1e-06,0.0
1,0.0029561519622802734,1,1,1e-06,0.0
1,0.0030412673950195312,1,1,1e-06,0.0
1,0.005355358123779297,1,1,1e-06,0.0
1,0.013254165649414062,1,1,1e-06,0.0
1,0.002375364303588867,1,1,1e-06,0.0
1,0.002622842788696289,1,1,1e-06,0.0
1,0.0037698745727539062,1,1,1e-06,0.0
1,0.0028810501098632812,1,1,1e-06,0.0
1,0.003009319305419922,1,1,1e-06,0.0
1,0.003876209259033203,1,1,1e-06,0.0
1,0.0037844181060791016,1,1,1e-06,0.0
1,0.03834223747253418,1,1,1e-06,0.0
1,0.0028150081634521484,1,1,1e-06,0.0
1,0.015172958374023438,1,1,1e-06,0.0
1,0.0043866634368896484,1,1,1e-06,0.0
1,0.016343355178833008,1,1,1e-06,0.0
1,0.005696296691894531,1,1,1e-06,0.0
1,0.0031824111938476562,1,1,1e-06,0.0
1,0.002815723419189453,1,1,1e-06,0.0
1,0.02742624282836914,1,1,1e-06,0.0
1,0.002565145492553711,1,1,1e-06,0.0
1,0.0031447410583496094,1,1,1e-06,0.0
1,0.0024797916412353516,1,1,1e-06,0.0
1,0.0026197433471679688,1,1,1e-06,0.0
1,0.00290679931640625,1,1,1e-06,0.0
1,0.0028219223022460938,1,1,1e-06,0.0
1,0.0022182464599609375,1,1,1e-06,0.0
1,0.0022156238555908203,1,1,1e-06,0.0
1,0.0035021305084228516,1,1,1e-06,0.0
1,0.003294706344604492,1,1,1e-06,0.0
1,0.0029954910278320312,1,1,1e-06,0.0
1,0.0026092529296875,1,1,1e-06,0.0
1,0.0025985240936279297,1,1,1e-06,0.0
1,0.002634286880493164,1,1,1e-06,0.0
1,0.002231597900390625,1,1,1e-06,0.0
1,0.002863168716430664,1,1,1e-06,0.0
1,0.002132892608642578,1,1,1e-06,0.0
1,0.0028297901153564453,1,1,1e-06,0.0
1,0.005921840667724609,1,1,1e-06,0.0
1,0.002506732940673828,1,1,1e-06,0.0
1,0.0032851696014404297,1,1,1e-06,0.0
1,0.0031290054321289062,1,1,1e-06,0.0
1,0.003320455551147461,1,1,1e-06,0.0
1,0.004166841506958008,1,1,1e-06,0.0
1,0.003487825393676758,1,1,1e-06,0.0
1,0.002650737762451172,1,1,1e-06,0.0
1,0.0027747154235839844,1,1,1e-06,0.0
1,0.007324695587158203,1,1,1e-06,0.0
1,0.0032968521118164062,1,1,1e-06,0.0
1,0.0029234886169433594,1,1,1e-06,0.0
1,0.0036573410034179688,1,1,1e-06,0.0
1,0.002302885055541992,1,1,1e-06,0.0
1,0.0034711360931396484,1,1,1e-06,0.0
1,0.00489354133605957,1,1,1e-06,0.0
1,0.002310037612915039,1,1,1e-06,0.0
1,0.0023381710052490234,1,1,1e-06,0.0
1,0.002271890640258789,1,1,1e-06,0.0
1,0.0021674633026123047,1,1,1e-06,0.0
1,0.002447366714477539,1,1,1e-06,0.0
1,0.0030782222747802734,1,1,1e-06,0.0
1,0.00428462028503418,1,1,1e-06,0.0
1,0.0027053356170654297,1,1,1e-06,0.0
1,0.0025484561920166016,1,1,1e-06,0.0
1,0.002746105194091797,1,1,1e-06,0.0
1,0.0027115345001220703,1,1,1e-06,0.0
1,0.0025413036346435547,1,1,1e-06,0.0
1,0.0032167434692382812,1,1,1e-06,0.0
1,0.0042607784271240234,1,1,1e-06,0.0
1,0.0025186538696289062,1,1,1e-06,0.0
1,0.0020842552185058594,1,1,1e-06,0.0
1,0.0033800601959228516,1,1,1e-06,0.0
1,0.11338615417480469,1,1,1e-06,0.0
1,0.0061969757080078125,1,1,1e-06,0.0
1,0.002057313919067383,1,1,1e-06,0.0
1,0.002276182174682617,1,1,1e-06,0.0
1,0.0022690296173095703,1,1,1e-06,0.0
1,0.002173185348510742,1,1,1e-06,0.0
1,0.0026640892028808594,1,1,1e-06,0.0
1,0.004137754440307617,1,1,1e-06,0.0
1,0.002735137939453125,1,1,1e-06,0.0
1,0.0025115013122558594,1,1,1e-06,0.0
1,0.0026912689208984375,1,1,1e-06,0.0
1,0.0030565261840820312,1,1,1e-06,0.0
1,0.0032875537872314453,1,1,1e-06,0.0
1,0.014056205749511719,1,1,1e-06,0.0
1,0.002875804901123047,1,1,1e-06,0.0
1,0.0027997493743896484,1,1,1e-06,0.0
1,0.0020308494567871094,1,1,1e-06,0.0
1,0.0021169185638427734,1,1,1e-06,0.0
1,0.0025026798248291016,1,1,1e-06,0.0
1,0.002012968063354492,1,1,1e-06,0.0
1,0.0033249855041503906,1,1,1e-06,0.0
1,0.0023508071899414062,1,1,1e-06,0.0
1,0.002409696578979492,1,1,1e-06,0.0
1,0.002716541290283203,1,1,1e-06,0.0
1,0.0023963451385498047,1,1,1e-06,0.0
1,0.002193927764892578,1,1,1e-06,0.0
1,0.0037992000579833984,1,1,1e-06,0.0
1,0.0031409263610839844,1,1,1e-06,0.0
1,0.002351045608520508,1,1,1e-06,0.0
1,0.01937079429626465,1,1,1e-06,0.0
1,0.0025920867919921875,1,1,1e-06,0.0
1,0.003866910934448242,1,1,1e-06,0.0
1,0.004237174987792969,1,1,1e-06,0.0
1,0.003849029541015625,1,1,1e-06,0.0
1,0.0025701522827148438,1,1,1e-06,0.0
1,0.0031747817993164062,1,1,1e-06,0.0
1,0.0049343109130859375,1,1,1e-06,0.0
1,0.005702972412109375,1,1,1e-06,0.0
1,0.002087116241455078,1,1,1e-06,0.0
1,0.0022881031036376953,1,1,1e-06,0.0
1,0.0037970542907714844,1,1,1e-06,0.0
1,0.004059791564941406,1,1,1e-06,0.0
1,0.0037589073181152344,1,1,1e-06,0.0
1,0.003077268600463867,1,1,1e-06,0.0
1,0.0021772384643554688,1,1,1e-06,0.0
1,0.014268159866333008,1,1,1e-06,0.0
1,0.01747441291809082,1,1,1e-06,0.0
1,0.0021772384643554688,1,1,1e-06,0.0
1,0.0024487972259521484,1,1,1e-06,0.0
1,0.0022513866424560547,1,1,1e-06,0.0
1,0.003084421157836914,1,1,1e-06,0.0
1,0.0029311180114746094,1,1,1e-06,0.0
1,0.002296924591064453,1,1,1e-06,0.0
1,0.013627290725708008,1,1,1e-06,0.0
1,0.002625703811645508,1,1,1e-06,0.0
1,0.002577543258666992,1,1,1e-06,0.0
1,0.0028412342071533203,1,1,1e-06,0.0
1,0.0025031566619873047,1,1,1e-06,0.0
1,0.0033457279205322266,1,1,1e-06,0.0
1,0.002656221389770508,1,1,1e-06,0.0
1,0.0022177696228027344,1,1,1e-06,0.0
1,0.0039670467376708984,1,1,1e-06,0.0
1,0.0025136470794677734,1,1,1e-06,0.0
1,0.002424955368041992,1,1,1e-06,0.0
1,0.0032014846801757812,1,1,1e-06,0.0
1,0.0036957263946533203,1,1,1e-06,0.0
1,0.029001235961914062,1,1,1e-06,0.0
1,0.0026209354400634766,1,1,1e-06,0.0
1,0.002221345901489258,1,1,1e-06,0.0
1,0.001840353012084961,1,1,1e-06,0.0
1,0.0029642581939697266,1,1,1e-06,0.0
1,0.0024001598358154297,1,1,1e-06,0.0
1,0.0019373893737792969,1,1,1e-06,0.0
1,0.002218961715698242,1,1,1e-06,0.0
1,0.002604961395263672,1,1,1e-06,0.0
1,0.013874053955078125,1,1,1e-06,0.0
1,0.002356290817260742,1,1,1e-06,0.0
1,0.0024580955505371094,1,1,1e-06,0.0
1,0.0021622180938720703,1,1,1e-06,0.0
1,0.002051115036010742,1,1,1e-06,0.0
1,0.0015354156494140625,1,1,1e-06,0.0
1,0.0016772747039794922,1,1,1e-06,0.0
1,0.0016009807586669922,1,1,1e-06,0.0
1,0.001981496810913086,1,1,1e-06,0.0
1,0.0030379295349121094,1,1,1e-06,0.0
1,0.0036361217498779297,1,1,1e-06,0.0
1,0.0024242401123046875,1,1,1e-06,0.0
1,0.002370595932006836,1,1,1e-06,0.0
1,0.0016984939575195312,1,1,1e-06,0.0
1,0.0018305778503417969,1,1,1e-06,0.0
1,0.002805471420288086,1,1,1e-06,0.0
1,0.002426624298095703,1,1,1e-06,0.0
1,0.004060029983520508,1,1,1e-06,0.0
1,0.002326488494873047,1,1,1e-06,0.0
1,0.001897573471069336,1,1,1e-06,0.0
1,0.002657651901245117,1,1,1e-06,0.0
1,0.0032401084899902344,1,1,1e-06,0.0
1,0.0030493736267089844,1,1,1e-06,0.0
1,0.002902507781982422,1,1,1e-06,0.0
1,0.004700899124145508,1,1,1e-06,0.0
1,0.0032012462615966797,1,1,1e-06,0.0
1,0.0035114288330078125,1,1,1e-06,0.0
1,0.002706289291381836,1,1,1e-06,0.0
1,0.0032575130462646484,1,1,1e-06,0.0
1,0.003220796585083008,1,1,1e-06,0.0
1,0.005753040313720703,1,1,1e-06,0.0
1,0.0021753311157226562,1,1,1e-06,0.0
1,0.003560781478881836,1,1,1e-06,0.0
1,0.01385188102722168,1,1,1e-06,0.0
1,0.00319671630859375,1,1,1e-06,0.0
1,0.0021533966064453125,1,1,1e-06,0.0
1,0.002304553985595703,1,1,1e-06,0.0
1,0.0036423206329345703,1,1,1e-06,0.0
1,0.004157304763793945,1,1,1e-06,0.0
1,0.00335693359375,1,1,1e-06,0.0
1,0.0019927024841308594,1,1,1e-06,0.0
1,0.0017879009246826172,1,1,1e-06,0.0
1,0.005449056625366211,1,1,1e-06,0.0
1,0.004010677337646484,1,1,1e-06,0.0
1,0.0036182403564453125,1,1,1e-06,0.0
1,0.0025289058685302734,1,1,1e-06,0.0
1,0.002894163131713867,1,1,1e-06,0.0
1,0.0023162364959716797,1,1,1e-06,0.0
1,0.003206968307495117,1,1,1e-06,0.0
1,0.0041391849517822266,1,1,1e-06,0.0
1,0.004300117492675781,1,1,1e-06,0.0
1,0.0026810169219970703,1,1,1e-06,0.0
1,0.002283811569213867,1,1,1e-06,0.0
1,0.0021522045135498047,1,1,1e-06,0.0
1,0.002691507339477539,1,1,1e-06,0.0
1,0.005164146423339844,1,1,1e-06,0.0
1,0.002713918685913086,1,1,1e-06,0.0
1,0.0022542476654052734,1,1,1e-06,0.0
1,0.002070903778076172,1,1,1e-06,0.0
1,0.003240346908569336,1,1,1e-06,0.0
1,0.0036454200744628906,1,1,1e-06,0.0
1,0.003893613815307617,1,1,1e-06,0.0
1,0.0026259422302246094,1,1,1e-06,0.0
1,0.0018613338470458984,1,1,1e-06,0.0
1,0.0026216506958007812,1,1,1e-06,0.0
1,0.003440380096435547,1,1,1e-06,0.0
1,0.003229856491088867,1,1,1e-06,0.0
1,0.003476858139038086,1,1,1e-06,0.0
1,0.004467964172363281,1,1,1e-06,0.0
1,0.0034995079040527344,1,1,1e-06,0.0
1,0.0024199485778808594,1,1,1e-06,0.0
1,0.0028917789459228516,1,1,1e-06,0.0
1,0.00318145751953125,1,1,1e-06,0.0
1,0.0027811527252197266,1,1,1e-06,0.0
1,0.0039215087890625,1,1,1e-06,0.0
1,0.004279136657714844,1,1,1e-06,0.0
1,0.004459381103515625,1,1,1e-06,0.0
1,0.0018157958984375,1,1,1e-06,0.0
1,0.0024864673614501953,1,1,1e-06,0.0
1,0.002189159393310547,1,1,1e-06,0.0
1,0.001974821090698242,1,1,1e-06,0.0
1,0.004988193511962891,1,1,1e-06,0.0
1,0.0028274059295654297,1,1,1e-06,0.0
1,0.0031499862670898438,1,1,1e-06,0.0
1,0.002936840057373047,1,1,1e-06,0.0
1,0.0023484230041503906,1,1,1e-06,0.0
1,0.007873058319091797,1,1,1e-06,0.0
1,0.002364635467529297,1,1,1e-06,0.0
1,0.0019407272338867188,1,1,1e-06,0.0
1,0.0017018318176269531,1,1,1e-06,0.0
1,0.0016300678253173828,1,1,1e-06,0.0
1,0.0024061203002929688,1,1,1e-06,0.0
1,0.002660512924194336,1,1,1e-06,0.0
1,0.002009153366088867,1,1,1e-06,0.0
1,0.0017731189727783203,1,1,1e-06,0.0
1,0.002791881561279297,1,1,1e-06,0.0
1,0.001977205276489258,1,1,1e-06,0.0
1,0.0018038749694824219,1,1,1e-06,0.0
1,0.0026807785034179688,1,1,1e-06,0.0
1,0.0024635791778564453,1,1,1e-06,0.0
1,0.0023322105407714844,1,1,1e-06,0.0
1,0.0017158985137939453,1,1,1e-06,0.0
1,0.0023262500762939453,1,1,1e-06,0.0
1,0.001901865005493164,1,1,1e-06,0.0
1,0.0026001930236816406,1,1,1e-06,0.0
1,0.0022983551025390625,1,1,1e-06,0.0
1,0.0023469924926757812,1,1,1e-06,0.0
1,0.0019648075103759766,1,1,1e-06,0.0
1,0.002117156982421875,1,1,1e-06,0.0
1,0.0023021697998046875,1,1,1e-06,0.0
1,0.0019838809967041016,1,1,1e-06,0.0
1,0.0018603801727294922,1,1,1e-06,0.0
1,0.002360820770263672,1,1,1e-06,0.0
1,0.0016634464263916016,1,1,1e-06,0.0
1,0.002348661422729492,1,1,1e-06,0.0
1,0.002373218536376953,1,1,1e-06,0.0
1,0.002768278121948242,1,1,1e-06,0.0
1,0.002803325653076172,1,1,1e-06,0.0
1,0.0022923946380615234,1,1,1e-06,0.0
1,0.0032320022583007812,1,1,1e-06,0.0
1,0.005573749542236328,1,1,1e-06,0.0
1,0.0025224685668945312,1,1,1e-06,0.0
1,0.0019378662109375,1,1,1e-06,0.0
1,0.0017325878143310547,1,1,1e-06,0.0
1,0.001920938491821289,1,1,1e-06,0.0
1,0.002106904983520508,1,1,1e-06,0.0
1,0.0019366741180419922,1,1,1e-06,0.0
1,0.002603769302368164,1,1,1e-06,0.0
1,0.0034132003784179688,1,1,1e-06,0.0
1,0.0025196075439453125,1,1,1e-06,0.0
1,0.001924276351928711,1,1,1e-06,0.0
1,0.002489805221557617,1,1,1e-06,0.0
1,0.0020155906677246094,1,1,1e-06,0.0
1,0.0028946399688720703,1,1,1e-06,0.0
1,0.13747072219848633,1,1,1e-06,0.0
1,0.0021114349365234375,1,1,1e-06,0.0
1,0.002588033676147461,1,1,1e-06,0.0
1,0.0024678707122802734,1,1,1e-06,0.0
1,0.001932382583618164,1,1,1e-06,0.0
1,0.0019631385803222656,1,1,1e-06,0.0
1,0.0024416446685791016,1,1,1e-06,0.0
1,0.02733922004699707,1,1,1e-06,0.0
1,0.002118349075317383,1,1,1e-06,0.0
1,0.002749204635620117,1,1,1e-06,0.0
1,0.0024487972259521484,1,1,1e-06,0.0
1,0.002245187759399414,1,1,1e-06,0.0
1,0.0021588802337646484,1,1,1e-06,0.0
1,0.003298044204711914,1,1,1e-06,0.0
1,0.002037525177001953,1,1,1e-06,0.0
1,0.001912832260131836,1,1,1e-06,0.0
1,0.0022644996643066406,1,1,1e-06,0.0
1,0.0021533966064453125,1,1,1e-06,0.0
1,0.001926422119140625,1,1,1e-06,0.0
1,0.002164602279663086,1,1,1e-06,0.0
1,0.042905569076538086,1,1,1e-06,0.0
1,0.0021669864654541016,1,1,1e-06,0.0
1,0.0022783279418945312,1,1,1e-06,0.0
1,0.002434253692626953,1,1,1e-06,0.0
1,0.0020487308502197266,1,1,1e-06,0.0
1,0.002054929733276367,1,1,1e-06,0.0
1,0.002301931381225586,1,1,1e-06,0.0
1,0.002019166946411133,1,1,1e-06,0.0
1,0.0018177032470703125,1,1,1e-06,0.0
1,0.001964569091796875,1,1,1e-06,0.0
1,0.0015895366668701172,1,1,1e-06,0.0
1,0.001817941665649414,1,1,1e-06,0.0
1,0.0016980171203613281,1,1,1e-06,0.0
1,0.002695322036743164,1,1,1e-06,0.0
1,0.0024068355560302734,1,1,1e-06,0.0
1,0.0021631717681884766,1,1,1e-06,0.0
1,0.002650737762451172,1,1,1e-06,0.0
1,0.003643512725830078,1,1,1e-06,0.0
1,0.0023956298828125,1,1,1e-06,0.0
1,0.0022478103637695312,1,1,1e-06,0.0
1,0.06695866584777832,1,1,1e-06,0.0
1,0.0022482872009277344,1,1,1e-06,0.0
1,0.002862691879272461,1,1,1e-06,0.0
1,0.002444028854370117,1,1,1e-06,0.0
1,0.002187490463256836,1,1,1e-06,0.0
1,0.0019109249114990234,1,1,1e-06,0.0
1,0.00281524658203125,1,1,1e-06,0.0
1,0.0023810863494873047,1,1,1e-06,0.0
1,0.0019905567169189453,1,1,1e-06,0.0
1,0.0020737648010253906,1,1,1e-06,0.0
1,0.0028426647186279297,1,1,1e-06,0.0
1,0.0034215450286865234,1,1,1e-06,0.0
1,0.0023093223571777344,1,1,1e-06,0.0
1,0.0018045902252197266,1,1,1e-06,0.0
1,0.023325204849243164,1,1,1e-06,0.0
1,0.0031228065490722656,1,1,1e-06,0.0
1,0.0031969547271728516,1,1,1e-06,0.0
1,0.003261089324951172,1,1,1e-06,0.0
1,0.0040721893310546875,1,1,1e-06,0.0
1,0.004261970520019531,1,1,1e-06,0.0
1,0.006935834884643555,1,1,1e-06,0.0
1,0.034426212310791016,1,1,1e-06,0.0
1,0.0038368701934814453,1,1,1e-06,0.0
1,0.005089282989501953,1,1,1e-06,0.0
1,0.0058786869049072266,1,1,1e-06,0.0
1,0.005283832550048828,1,1,1e-06,0.0
1,0.004883527755737305,1,1,1e-06,0.0
1,0.00689387321472168,1,1,1e-06,0.0
1,0.00481104850769043,1,1,1e-06,0.0
1,0.0038182735443115234,1,1,1e-06,0.0
1,0.004113197326660156,1,1,1e-06,0.0
1,0.003141164779663086,1,1,1e-06,0.0
1,0.004485368728637695,1,1,1e-06,0.0
1,0.003685474395751953,1,1,1e-06,0.0
1,0.004095315933227539,1,1,1e-06,0.0
1,0.003973484039306641,1,1,1e-06,0.0
1,0.021373271942138672,1,1,1e-06,0.0
1,0.0025877952575683594,1,1,1e-06,0.0
1,0.004908561706542969,1,1,1e-06,0.0
1,0.00304412841796875,1,1,1e-06,0.0
1,0.0026416778564453125,1,1,1e-06,0.0
1,0.0033903121948242188,1,1,1e-06,0.0
1,0.0030727386474609375,1,1,1e-06,0.0
1,0.003040313720703125,1,1,1e-06,0.0
1,0.003866434097290039,1,1,1e-06,0.0
1,0.020949840545654297,1,1,1e-06,0.0
1,0.008275985717773438,1,1,1e-06,0.0
1,0.003988027572631836,1,1,1e-06,0.0
1,0.002958059310913086,1,1,1e-06,0.0
1,0.0027353763580322266,1,1,1e-06,0.0
1,0.002717733383178711,1,1,1e-06,0.0
1,0.002852916717529297,1,1,1e-06,0.0
1,0.0033233165740966797,1,1,1e-06,0.0
1,0.003080129623413086,1,1,1e-06,0.0
1,0.0030100345611572266,1,1,1e-06,0.0
1,0.003091573715209961,1,1,1e-06,0.0
1,0.0033173561096191406,1,1,1e-06,0.0
1,0.005003452301025391,1,1,1e-06,0.0
1,0.00838327407836914,1,1,1e-06,0.0
1,0.003920316696166992,1,1,1e-06,0.0
1,0.0029926300048828125,1,1,1e-06,0.0
1,0.004080533981323242,1,1,1e-06,0.0
1,0.0030069351196289062,1,1,1e-06,0.0
1,0.003354787826538086,1,1,1e-06,0.0
1,0.00417637825012207,1,1,1e-06,0.0
1,0.0030145645141601562,1,1,1e-06,0.0
1,0.003119230270385742,1,1,1e-06,0.0
1,0.0024695396423339844,1,1,1e-06,0.0
1,0.0030014514923095703,1,1,1e-06,0.0
1,0.00427699089050293,1,1,1e-06,0.0
1,0.004075050354003906,1,1,1e-06,0.0
1,0.004640340805053711,1,1,1e-06,0.0
1,0.0061321258544921875,1,1,1e-06,0.0
1,0.0029571056365966797,1,1,1e-06,0.0
1,0.0037648677825927734,1,1,1e-06,0.0
1,0.0030946731567382812,1,1,1e-06,0.0
1,0.0029888153076171875,1,1,1e-06,0.0
1,0.002766132354736328,1,1,1e-06,0.0
1,0.0027017593383789062,1,1,1e-06,0.0
1,0.003484010696411133,1,1,1e-06,0.0
1,0.010563850402832031,1,1,1e-06,0.0
1,0.002870321273803711,1,1,1e-06,0.0
1,0.003887653350830078,1,1,1e-06,0.0
1,0.0073964595794677734,1,1,1e-06,0.0
1,0.003044605255126953,1,1,1e-06,0.0
1,0.0031692981719970703,1,1,1e-06,0.0
1,0.0043756961822509766,1,1,1e-06,0.0
1,0.023784399032592773,1,1,1e-06,0.0
1,0.003386259078979492,1,1,1e-06,0.0
1,0.0028913021087646484,1,1,1e-06,0.0
1,0.0036683082580566406,1,1,1e-06,0.0
1,0.12857365608215332,1,1,1e-06,0.0
1,0.004806995391845703,1,1,1e-06,0.0
1,0.00509953498840332,1,1,1e-06,0.0
1,0.007513761520385742,1,1,1e-06,0.0
1,0.0036916732788085938,1,1,1e-06,0.0
1,0.004407405853271484,1,1,1e-06,0.0
1,0.003294706344604492,1,1,1e-06,0.0
1,0.0028553009033203125,1,1,1e-06,0.0
1,0.0023949146270751953,1,1,1e-06,0.0
1,0.0031256675720214844,1,1,1e-06,0.0
1,0.0025599002838134766,1,1,1e-06,0.0
1,0.0028488636016845703,1,1,1e-06,0.0
1,0.003907680511474609,1,1,1e-06,0.0
1,0.002857208251953125,1,1,1e-06,0.0
1,0.002338886260986328,1,1,1e-06,0.0
1,0.003840923309326172,1,1,1e-06,0.0
1,0.0033295154571533203,1,1,1e-06,0.0
1,0.0039920806884765625,1,1,1e-06,0.0
1,0.0021729469299316406,1,1,1e-06,0.0
1,0.003381490707397461,1,1,1e-06,0.0
1,0.0027942657470703125,1,1,1e-06,0.0
1,0.0023975372314453125,1,1,1e-06,0.0
1,0.0029764175415039062,1,1,1e-06,0.0
1,0.002388477325439453,1,1,1e-06,0.0
1,0.0021479129791259766,1,1,1e-06,0.0
1,0.0024280548095703125,1,1,1e-06,0.0
1,0.0030994415283203125,1,1,1e-06,0.0
1,0.016347169876098633,1,1,1e-06,0.0
1,0.0026149749755859375,1,1,1e-06,0.0
1,0.002820730209350586,1,1,1e-06,0.0
1,0.0021240711212158203,1,1,1e-06,0.0
1,0.004038095474243164,1,1,1e-06,0.0
1,0.0031366348266601562,1,1,1e-06,0.0
1,0.0026090145111083984,1,1,1e-06,0.0
1,0.003095865249633789,1,1,1e-06,0.0
1,0.0030508041381835938,1,1,1e-06,0.0
1,0.0039031505584716797,1,1,1e-06,0.0
1,0.002472400665283203,1,1,1e-06,0.0
1,0.0032262802124023438,1,1,1e-06,0.0
1,0.0029578208923339844,1,1,1e-06,0.0
1,0.0021681785583496094,1,1,1e-06,0.0
1,0.003275632858276367,1,1,1e-06,0.0
1,0.002650022506713867,1,1,1e-06,0.0
1,0.0025076866149902344,1,1,1e-06,0.0
1,0.0023391246795654297,1,1,1e-06,0.0
1,0.002685546875,1,1,1e-06,0.0
1,0.005503416061401367,1,1,1e-06,0.0
1,0.0037097930908203125,1,1,1e-06,0.0
1,0.002750396728515625,1,1,1e-06,0.0
1,0.002330780029296875,1,1,1e-06,0.0
1,0.002662181854248047,1,1,1e-06,0.0
1,0.0019872188568115234,1,1,1e-06,0.0
1,0.0027031898498535156,1,1,1e-06,0.0
1,0.0029206275939941406,1,1,1e-06,0.0
1,0.002284526824951172,1,1,1e-06,0.0
1,0.0051343441009521484,1,1,1e-06,0.0
1,0.0030694007873535156,1,1,1e-06,0.0
1,0.0033729076385498047,1,1,1e-06,0.0
1,0.002830982208251953,1,1,1e-06,0.0
1,0.0031082630157470703,1,1,1e-06,0.0
1,0.0041005611419677734,1,1,1e-06,0.0
1,0.0032956600189208984,1,1,1e-06,0.0
1,0.004167795181274414,1,1,1e-06,0.0
1,0.003742218017578125,1,1,1e-06,0.0
1,0.0031592845916748047,1,1,1e-06,0.0
1,0.004128694534301758,1,1,1e-06,0.0
1,0.003348827362060547,1,1,1e-06,0.0
1,0.002536773681640625,1,1,1e-06,0.0
1,0.0029664039611816406,1,1,1e-06,0.0
1,0.0042285919189453125,1,1,1e-06,0.0
1,0.004521369934082031,1,1,1e-06,0.0
1,0.004892587661743164,1,1,1e-06,0.0
1,0.003786802291870117,1,1,1e-06,0.0
1,0.003618478775024414,1,1,1e-06,0.0
1,0.004076242446899414,1,1,1e-06,0.0
1,0.00467371940612793,1,1,1e-06,0.0
1,0.0031719207763671875,1,1,1e-06,0.0
1,0.002289295196533203,1,1,1e-06,0.0
1,0.003443002700805664,1,1,1e-06,0.0
1,0.003408670425415039,1,1,1e-06,0.0
1,0.0029036998748779297,1,1,1e-06,0.0
1,0.0039751529693603516,1,1,1e-06,0.0
1,0.0033164024353027344,1,1,1e-06,0.0
1,0.024103879928588867,1,1,1e-06,0.0
1,0.0022220611572265625,1,1,1e-06,0.0
1,0.0021741390228271484,1,1,1e-06,0.0
1,0.002134561538696289,1,1,1e-06,0.0
1,0.0030138492584228516,1,1,1e-06,0.0
1,0.0029914379119873047,1,1,1e-06,0.0
1,0.005178213119506836,1,1,1e-06,0.0
1,0.0029997825622558594,1,1,1e-06,0.0
1,0.0036296844482421875,1,1,1e-06,0.0
1,0.0031270980834960938,1,1,1e-06,0.0
1,0.003448009490966797,1,1,1e-06,0.0
1,0.003019571304321289,1,1,1e-06,0.0
1,0.003251791000366211,1,1,1e-06,0.0
1,0.0028879642486572266,1,1,1e-06,0.0
1,0.003147602081298828,1,1,1e-06,0.0
1,0.003760814666748047,1,1,1e-06,0.0
1,0.0038824081420898438,1,1,1e-06,0.0
1,0.0021448135375976562,1,1,1e-06,0.0
1,0.003192901611328125,1,1,1e-06,0.0
1,0.002212047576904297,1,1,1e-06,0.0
1,0.0026400089263916016,1,1,1e-06,0.0
1,0.002398967742919922,1,1,1e-06,0.0
1,0.002852916717529297,1,1,1e-06,0.0
1,0.003102540969848633,1,1,1e-06,0.0
1,0.0027713775634765625,1,1,1e-06,0.0
1,0.003530263900756836,1,1,1e-06,0.0
1,0.0032346248626708984,1,1,1e-06,0.0
1,0.004050493240356445,1,1,1e-06,0.0
1,0.002630949020385742,1,1,1e-06,0.0
1,0.006977081298828125,1,1,1e-06,0.0
1,0.0044841766357421875,1,1,1e-06,0.0
1,0.007581472396850586,1,1,1e-06,0.0
1,0.006718158721923828,1,1,1e-06,0.0
1,0.003222942352294922,1,1,1e-06,0.0
1,0.002969980239868164,1,1,1e-06,0.0
1,0.016236305236816406,1,1,1e-06,0.0
1,0.0024025440216064453,1,1,1e-06,0.0
1,0.002208709716796875,1,1,1e-06,0.0
1,0.0039708614349365234,1,1,1e-06,0.0
1,0.002964496612548828,1,1,1e-06,0.0
1,0.002438068389892578,1,1,1e-06,0.0
1,0.0020542144775390625,1,1,1e-06,0.0
1,0.002112865447998047,1,1,1e-06,0.0
1,0.0021088123321533203,1,1,1e-06,0.0
1,0.0026116371154785156,1,1,1e-06,0.0
1,0.0027208328247070312,1,1,1e-06,0.0
1,0.0022313594818115234,1,1,1e-06,0.0
1,0.002587556838989258,1,1,1e-06,0.0
1,0.002828836441040039,1,1,1e-06,0.0
1,0.00214385986328125,1,1,1e-06,0.0
1,0.002849578857421875,1,1,1e-06,0.0
1,0.0030286312103271484,1,1,1e-06,0.0
1,0.0025331974029541016,1,1,1e-06,0.0
1,0.0017726421356201172,1,1,1e-06,0.0
1,0.0021409988403320312,1,1,1e-06,0.0
1,0.0022101402282714844,1,1,1e-06,0.0
1,0.0038368701934814453,1,1,1e-06,0.0
1,0.0027844905853271484,1,1,1e-06,0.0
1,0.002599000930786133,1,1,1e-06,0.0
1,0.0029087066650390625,1,1,1e-06,0.0
1,0.002195596694946289,1,1,1e-06,0.0
1,0.0023474693298339844,1,1,1e-06,0.0
1,0.002408266067504883,1,1,1e-06,0.0
1,0.00270843505859375,1,1,1e-06,0.0
1,0.003815174102783203,1,1,1e-06,0.0
1,0.004063606262207031,1,1,1e-06,0.0
1,0.0032830238342285156,1,1,1e-06,0.0
1,0.03201794624328613,1,1,1e-06,0.0
1,0.002384662628173828,1,1,1e-06,0.0
1,0.0031168460845947266,1,1,1e-06,0.0
1,0.002544879913330078,1,1,1e-06,0.0
1,0.0025098323822021484,1,1,1e-06,0.0
1,0.0027468204498291016,1,1,1e-06,0.0
1,0.003722667694091797,1,1,1e-06,0.0
1,0.0021610260009765625,1,1,1e-06,0.0
1,0.0028188228607177734,1,1,1e-06,0.0
1,0.005578041076660156,1,1,1e-06,0.0
1,0.0028035640716552734,1,1,1e-06,0.0
1,0.0032820701599121094,1,1,1e-06,0.0
1,0.003549337387084961,1,1,1e-06,0.0
1,0.01603412628173828,1,1,1e-06,0.0
1,0.0017006397247314453,1,1,1e-06,0.0
1,0.0015287399291992188,1,1,1e-06,0.0
1,0.0022945404052734375,1,1,1e-06,0.0
1,0.0023000240325927734,1,1,1e-06,0.0
1,0.0019817352294921875,1,1,1e-06,0.0
1,0.00189971923828125,1,1,1e-06,0.0
1,0.0063283443450927734,1,1,1e-06,0.0
1,0.002497434616088867,1,1,1e-06,0.0
1,0.002274036407470703,1,1,1e-06,0.0
1,0.0019958019256591797,1,1,1e-06,0.0
1,0.002302408218383789,1,1,1e-06,0.0
1,0.0024881362915039062,1,1,1e-06,0.0
1,0.0021820068359375,1,1,1e-06,0.0
1,0.0022890567779541016,1,1,1e-06,0.0
1,0.0028226375579833984,1,1,1e-06,0.0
1,0.003688812255859375,1,1,1e-06,0.0
1,0.0032672882080078125,1,1,1e-06,0.0
1,0.0059452056884765625,1,1,1e-06,0.0
1,0.003116130828857422,1,1,1e-06,0.0
1,0.0030798912048339844,1,1,1e-06,0.0
1,0.0024843215942382812,1,1,1e-06,0.0
1,0.0033788681030273438,1,1,1e-06,0.0
1,0.0038547515869140625,1,1,1e-06,0.0
1,0.0037012100219726562,1,1,1e-06,0.0
1,0.003500699996948242,1,1,1e-06,0.0
1,0.00319671630859375,1,1,1e-06,0.0
1,0.0033648014068603516,1,1,1e-06,0.0
1,0.0019443035125732422,1,1,1e-06,0.0
1,0.0026183128356933594,1,1,1e-06,0.0
1,0.00313568115234375,1,1,1e-06,0.0
1,0.0046939849853515625,1,1,1e-06,0.0
1,0.0026345252990722656,1,1,1e-06,0.0
1,0.0027167797088623047,1,1,1e-06,0.0
1,0.0033266544342041016,1,1,1e-06,0.0
1,0.0024919509887695312,1,1,1e-06,0.0
1,0.0020020008087158203,1,1,1e-06,0.0
1,0.022145509719848633,1,1,1e-06,0.0
1,0.0019762516021728516,1,1,1e-06,0.0
1,0.012234210968017578,1,1,1e-06,0.0
1,0.0019404888153076172,1,1,1e-06,0.0
1,0.001771688461303711,1,1,1e-06,0.0
1,0.003178119659423828,1,1,1e-06,0.0
1,0.0023965835571289062,1,1,1e-06,0.0
1,0.001634836196899414,1,1,1e-06,0.0
1,0.0025272369384765625,1,1,1e-06,0.0
1,0.002087831497192383,1,1,1e-06,0.0
1,0.0029463768005371094,1,1,1e-06,0.0
1,0.002480745315551758,1,1,1e-06,0.0
1,0.002524852752685547,1,1,1e-06,0.0
1,0.0024139881134033203,1,1,1e-06,0.0
1,0.0023992061614990234,1,1,1e-06,0.0
1,0.0023119449615478516,1,1,1e-06,0.0
1,0.0024805068969726562,1,1,1e-06,0.0
1,0.002450227737426758,1,1,1e-06,0.0
1,0.003663301467895508,1,1,1e-06,0.0
1,0.0021429061889648438,1,1,1e-06,0.0
1,0.0034639835357666016,1,1,1e-06,0.0
1,0.0022902488708496094,1,1,1e-06,0.0
1,0.002496957778930664,1,1,1e-06,0.0
1,0.003373384475708008,1,1,1e-06,0.0
1,0.002231597900390625,1,1,1e-06,0.0
1,0.0018944740295410156,1,1,1e-06,0.0
1,0.0026161670684814453,1,1,1e-06,0.0
1,0.0033550262451171875,1,1,1e-06,0.0
1,0.0031206607818603516,1,1,1e-06,0.0
1,0.0029921531677246094,1,1,1e-06,0.0
1,0.0019364356994628906,1,1,1e-06,0.0
1,0.0027256011962890625,1,1,1e-06,0.0
1,0.0030045509338378906,1,1,1e-06,0.0
1,0.005716800689697266,1,1,1e-06,0.0
1,0.00368499755859375,1,1,1e-06,0.0
1,0.0018813610076904297,1,1,1e-06,0.0
1,0.002746105194091797,1,1,1e-06,0.0
1,0.0028192996978759766,1,1,1e-06,0.0
1,0.0037031173706054688,1,1,1e-06,0.0
1,0.003856658935546875,1,1,1e-06,0.0
1,0.002897500991821289,1,1,1e-06,0.0
1,0.0024192333221435547,1,1,1e-06,0.0
1,0.002849102020263672,1,1,1e-06,0.0
1,0.016150236129760742,1,1,1e-06,0.0
1,0.0026183128356933594,1,1,1e-06,0.0
1,0.014000892639160156,1,1,1e-06,0.0
1,0.0024912357330322266,1,1,1e-06,0.0
1,0.0020520687103271484,1,1,1e-06,0.0
1,0.003699779510498047,1,1,1e-06,0.0
1,0.00413823127746582,1,1,1e-06,0.0
1,0.0023772716522216797,1,1,1e-06,0.0
1,0.002176046371459961,1,1,1e-06,0.0
1,0.0034897327423095703,1,1,1e-06,0.0
1,0.003334522247314453,1,1,1e-06,0.0
1,0.003913164138793945,1,1,1e-06,0.0
1,0.002054929733276367,1,1,1e-06,0.0
1,0.0016140937805175781,1,1,1e-06,0.0
1,0.00241851806640625,1,1,1e-06,0.0
1,0.00460362434387207,1,1,1e-06,0.0
1,0.0025479793548583984,1,1,1e-06,0.0
1,0.0024878978729248047,1,1,1e-06,0.0
1,0.002660512924194336,1,1,1e-06,0.0
1,0.0020208358764648438,1,1,1e-06,0.0
1,0.00226593017578125,1,1,1e-06,0.0
1,0.0032150745391845703,1,1,1e-06,0.0
1,0.002583026885986328,1,1,1e-06,0.0
1,0.002185821533203125,1,1,1e-06,0.0
1,0.002164602279663086,1,1,1e-06,0.0
1,0.0017652511596679688,1,1,1e-06,0.0
1,0.001905202865600586,1,1,1e-06,0.0
1,0.004384517669677734,1,1,1e-06,0.0
1,0.0043811798095703125,1,1,1e-06,0.0
1,0.0030286312103271484,1,1,1e-06,0.0
1,0.003489255905151367,1,1,1e-06,0.0
1,0.0020024776458740234,1,1,1e-06,0.0
1,0.0023956298828125,1,1,1e-06,0.0
1,0.0028247833251953125,1,1,1e-06,0.0
1,0.0023512840270996094,1,1,1e-06,0.0
1,0.0033080577850341797,1,1,1e-06,0.0
1,0.0028748512268066406,1,1,1e-06,0.0
1,0.0027348995208740234,1,1,1e-06,0.0
1,0.0032982826232910156,1,1,1e-06,0.0
1,0.0038917064666748047,1,1,1e-06,0.0
1,0.0039060115814208984,1,1,1e-06,0.0
1,0.002821683883666992,1,1,1e-06,0.0
1,0.0022346973419189453,1,1,1e-06,0.0
1,0.002991199493408203,1,1,1e-06,0.0
1,0.0037047863006591797,1,1,1e-06,0.0
1,0.0039975643157958984,1,1,1e-06,0.0
1,0.002242565155029297,1,1,1e-06,0.0
1,0.0030231475830078125,1,1,1e-06,0.0
1,0.002266407012939453,1,1,1e-06,0.0
1,0.003055572509765625,1,1,1e-06,0.0
1,0.0036954879760742188,1,1,1e-06,0.0
1,0.0037038326263427734,1,1,1e-06,0.0
1,0.002888917922973633,1,1,1e-06,0.0
1,0.002513885498046875,1,1,1e-06,0.0
1,0.002900362014770508,1,1,1e-06,0.0
1,0.003262758255004883,1,1,1e-06,0.0
1,0.0026471614837646484,1,1,1e-06,0.0
1,0.002996206283569336,1,1,1e-06,0.0
1,0.002454042434692383,1,1,1e-06,0.0
1,0.0019941329956054688,1,1,1e-06,0.0
1,0.0034499168395996094,1,1,1e-06,0.0
1,0.0036897659301757812,1,1,1e-06,0.0
1,0.025531530380249023,1,1,1e-06,0.0
1,0.0026192665100097656,1,1,1e-06,0.0
1,0.02362966537475586,1,1,1e-06,0.0
1,0.0021681785583496094,1,1,1e-06,0.0
1,0.0018405914306640625,1,1,1e-06,0.0
1,0.0022208690643310547,1,1,1e-06,0.0
1,0.0024204254150390625,1,1,1e-06,0.0
1,0.0032863616943359375,1,1,1e-06,0.0
1,0.005086660385131836,1,1,1e-06,0.0
1,0.0022444725036621094,1,1,1e-06,0.0
1,0.004189014434814453,1,1,1e-06,0.0
1,0.002096414566040039,1,1,1e-06,0.0
1,0.0033888816833496094,1,1,1e-06,0.0
1,0.002115011215209961,1,1,1e-06,0.0
1,0.002380847930908203,1,1,1e-06,0.0
1,0.0030913352966308594,1,1,1e-06,0.0
1,0.0028836727142333984,1,1,1e-06,0.0
1,0.0017473697662353516,1,1,1e-06,0.0
1,0.0016999244689941406,1,1,1e-06,0.0
1,0.0025835037231445312,1,1,1e-06,0.0
1,0.0022563934326171875,1,1,1e-06,0.0
1,0.0025238990783691406,1,1,1e-06,0.0
1,0.002961874008178711,1,1,1e-06,0.0
1,0.005512237548828125,1,1,1e-06,0.0
1,0.08652329444885254,1,1,1e-06,0.0
1,0.0019991397857666016,1,1,1e-06,0.0
1,0.003217458724975586,1,1,1e-06,0.0
1,0.002270221710205078,1,1,1e-06,0.0
1,0.0014472007751464844,1,1,1e-06,0.0
1,0.0017056465148925781,1,1,1e-06,0.0
1,0.0016007423400878906,1,1,1e-06,0.0
1,0.001764059066772461,1,1,1e-06,0.0
1,0.0017325878143310547,1,1,1e-06,0.0
1,0.0023517608642578125,1,1,1e-06,0.0
1,0.0028488636016845703,1,1,1e-06,0.0
1,0.0022656917572021484,1,1,1e-06,0.0
1,0.0018298625946044922,1,1,1e-06,0.0
1,0.002213001251220703,1,1,1e-06,0.0
1,0.001999378204345703,1,1,1e-06,0.0
1,0.012646198272705078,1,1,1e-06,0.0
1,0.0026345252990722656,1,1,1e-06,0.0
1,0.0019309520721435547,1,1,1e-06,0.0
1,0.002971649169921875,1,1,1e-06,0.0
1,0.003356456756591797,1,1,1e-06,0.0
1,0.0021638870239257812,1,1,1e-06,0.0
1,0.0031599998474121094,1,1,1e-06,0.0
1,0.004200458526611328,1,1,1e-06,0.0
1,0.0019054412841796875,1,1,1e-06,0.0
1,0.0026025772094726562,1,1,1e-06,0.0
1,0.0029859542846679688,1,1,1e-06,0.0
1,0.0021224021911621094,1,1,1e-06,0.0
1,0.002102375030517578,1,1,1e-06,0.0
1,0.0018897056579589844,1,1,1e-06,0.0
1,0.0017304420471191406,1,1,1e-06,0.0
1,0.0026693344116210938,1,1,1e-06,0.0
1,0.0033140182495117188,1,1,1e-06,0.0
1,0.003011465072631836,1,1,1e-06,0.0
1,0.0032689571380615234,1,1,1e-06,0.0
1,0.02176189422607422,1,1,1e-06,0.0
1,0.0023937225341796875,1,1,1e-06,0.0
1,0.0028150081634521484,1,1,1e-06,0.0
1,0.010793685913085938,1,1,1e-06,0.0
1,0.0018014907836914062,1,1,1e-06,0.0
1,0.0025055408477783203,1,1,1e-06,0.0
1,0.0026884078979492188,1,1,1e-06,0.0
1,0.002744913101196289,1,1,1e-06,0.0
1,0.002435445785522461,1,1,1e-06,0.0
1,0.013983726501464844,1,1,1e-06,0.0
1,0.002681732177734375,1,1,1e-06,0.0
1,0.0024852752685546875,1,1,1e-06,0.0
1,0.002515077590942383,1,1,1e-06,0.0
1,0.0025839805603027344,1,1,1e-06,0.0
1,0.004925727844238281,1,1,1e-06,0.0
1,0.003062725067138672,1,1,1e-06,0.0
1,0.005682468414306641,1,1,1e-06,0.0
1,0.002532958984375,1,1,1e-06,0.0
1,0.005033969879150391,1,1,1e-06,0.0
1,0.003021240234375,1,1,1e-06,0.0
1,0.002988576889038086,1,1,1e-06,0.0
1,0.0024170875549316406,1,1,1e-06,0.0
1,0.002215862274169922,1,1,1e-06,0.0
1,0.0037827491760253906,1,1,1e-06,0.0
1,0.0026192665100097656,1,1,1e-06,0.0
1,0.0034101009368896484,1,1,1e-06,0.0
1,0.017594337463378906,1,1,1e-06,0.0
1,0.05571627616882324,1,1,1e-06,0.0
1,0.0022461414337158203,1,1,1e-06,0.0
1,0.002346515655517578,1,1,1e-06,0.0
1,0.01587820053100586,1,1,1e-06,0.0
1,0.001901865005493164,1,1,1e-06,0.0
1,0.0022487640380859375,1,1,1e-06,0.0
1,0.0016551017761230469,1,1,1e-06,0.0
1,0.002331256866455078,1,1,1e-06,0.0
1,0.001844644546508789,1,1,1e-06,0.0
1,0.0017468929290771484,1,1,1e-06,0.0
1,0.002008676528930664,1,1,1e-06,0.0
1,0.0027093887329101562,1,1,1e-06,0.0
1,0.0030355453491210938,1,1,1e-06,0.0
1,0.0019330978393554688,1,1,1e-06,0.0
1,0.0021440982818603516,1,1,1e-06,0.0
1,0.003512144088745117,1,1,1e-06,0.0
1,0.002485036849975586,1,1,1e-06,0.0
1,0.002481698989868164,1,1,1e-06,0.0
1,0.0023193359375,1,1,1e-06,0.0
1,0.016251087188720703,1,1,1e-06,0.0
1,0.002426624298095703,1,1,1e-06,0.0
1,0.002710580825805664,1,1,1e-06,0.0
1,0.0022308826446533203,1,1,1e-06,0.0
1,0.0018813610076904297,1,1,1e-06,0.0
1,0.004548311233520508,1,1,1e-06,0.0
1,0.002756834030151367,1,1,1e-06,0.0
1,0.0019807815551757812,1,1,1e-06,0.0
1,0.0028731822967529297,1,1,1e-06,0.0
1,0.011735916137695312,1,1,1e-06,0.0
1,0.002470731735229492,1,1,1e-06,0.0
1,0.0021703243255615234,1,1,1e-06,0.0
1,0.002117633819580078,1,1,1e-06,0.0
1,0.0037298202514648438,1,1,1e-06,0.0
1,0.003003835678100586,1,1,1e-06,0.0
1,0.0027379989624023438,1,1,1e-06,0.0
1,0.003204345703125,1,1,1e-06,0.0
1,0.002969503402709961,1,1,1e-06,0.0
1,0.003403902053833008,1,1,1e-06,0.0
1,0.002744436264038086,1,1,1e-06,0.0
1,0.0031185150146484375,1,1,1e-06,0.0
1,0.0033321380615234375,1,1,1e-06,0.0
1,0.002444028854370117,1,1,1e-06,0.0
1,0.0028839111328125,1,1,1e-06,0.0
1,0.005238771438598633,1,1,1e-06,0.0
1,0.00444483757019043,1,1,1e-06,0.0
1,0.003567218780517578,1,1,1e-06,0.0
1,0.0022890567779541016,1,1,1e-06,0.0
1,0.003561258316040039,1,1,1e-06,0.0
1,0.0023174285888671875,1,1,1e-06,0.0
1,0.002841472625732422,1,1,1e-06,0.0
1,0.002727985382080078,1,1,1e-06,0.0
1,0.003055095672607422,1,1,1e-06,0.0
1,0.0028944015502929688,1,1,1e-06,0.0
1,0.0023326873779296875,1,1,1e-06,0.0
1,0.002354860305786133,1,1,1e-06,0.0
1,0.003705263137817383,1,1,1e-06,0.0
1,0.0029311180114746094,1,1,1e-06,0.0
1,0.3703646659851074,1,1,1e-06,0.0
1,0.002089977264404297,1,1,1e-06,0.0
1,0.0016832351684570312,1,1,1e-06,0.0
1,0.0016684532165527344,1,1,1e-06,0.0
1,0.06666254997253418,1,1,1e-06,0.0
1,0.0019268989562988281,1,1,1e-06,0.0
1,0.0023162364959716797,1,1,1e-06,0.0
1,0.0023581981658935547,1,1,1e-06,0.0
1,0.0018339157104492188,1,1,1e-06,0.0
1,0.0019025802612304688,1,1,1e-06,0.0
1,0.001940011978149414,1,1,1e-06,0.0
1,0.011214017868041992,1,1,1e-06,0.0
1,0.0014758110046386719,1,1,1e-06,0.0
1,0.0017821788787841797,1,1,1e-06,0.0
1,0.003930091857910156,1,1,1e-06,0.0
1,0.0014951229095458984,1,1,1e-06,0.0
1,0.002042531967163086,1,1,1e-06,0.0
1,0.0022766590118408203,1,1,1e-06,0.0
1,0.001934051513671875,1,1,1e-06,0.0
1,0.0022742748260498047,1,1,1e-06,0.0
1,0.0019903182983398438,1,1,1e-06,0.0
1,0.001592874526977539,1,1,1e-06,0.0
1,0.00167083740234375,1,1,1e-06,0.0
1,0.001669168472290039,1,1,1e-06,0.0
1,0.0016016960144042969,1,1,1e-06,0.0
1,0.0015740394592285156,1,1,1e-06,0.0
1,0.0035941600799560547,1,1,1e-06,0.0
1,0.002779245376586914,1,1,1e-06,0.0
1,0.0016753673553466797,1,1,1e-06,0.0
1,0.0014755725860595703,1,1,1e-06,0.0
1,0.0015406608581542969,1,1,1e-06,0.0
1,0.0019485950469970703,1,1,1e-06,0.0
1,0.0017588138580322266,1,1,1e-06,0.0
1,0.002637147903442383,1,1,1e-06,0.0
1,0.0018918514251708984,1,1,1e-06,0.0
1,0.002467632293701172,1,1,1e-06,0.0
1,0.0017080307006835938,1,1,1e-06,0.0
1,0.002025604248046875,1,1,1e-06,0.0
1,0.0016434192657470703,1,1,1e-06,0.0
1,0.0019061565399169922,1,1,1e-06,0.0
1,0.0015969276428222656,1,1,1e-06,0.0
1,0.002638578414916992,1,1,1e-06,0.0
1,0.0026268959045410156,1,1,1e-06,0.0
1,0.001978158950805664,1,1,1e-06,0.0
1,0.0015118122100830078,1,1,1e-06,0.0
1,0.0014765262603759766,1,1,1e-06,0.0
1,0.0012712478637695312,1,1,1e-06,0.0
1,0.012768268585205078,1,1,1e-06,0.0
1,0.0024061203002929688,1,1,1e-06,0.0
1,0.0034227371215820312,1,1,1e-06,0.0
1,0.0021715164184570312,1,1,1e-06,0.0
1,0.002681255340576172,1,1,1e-06,0.0
1,0.0024635791778564453,1,1,1e-06,0.0
1,0.0017862319946289062,1,1,1e-06,0.0
1,0.002268552780151367,1,1,1e-06,0.0
1,0.0014460086822509766,1,1,1e-06,0.0
1,0.0019762516021728516,1,1,1e-06,0.0
1,0.002013683319091797,1,1,1e-06,0.0
1,0.0018525123596191406,1,1,1e-06,0.0
1,0.0017852783203125,1,1,1e-06,0.0
1,0.0015518665313720703,1,1,1e-06,0.0
1,0.005694866180419922,1,1,1e-06,0.0
1,0.0020341873168945312,1,1,1e-06,0.0
1,0.002088308334350586,1,1,1e-06,0.0
1,0.002752065658569336,1,1,1e-06,0.0
1,0.002300262451171875,1,1,1e-06,0.0
1,0.0019030570983886719,1,1,1e-06,0.0
1,0.0017976760864257812,1,1,1e-06,0.0
1,0.0018649101257324219,1,1,1e-06,0.0
1,0.002007007598876953,1,1,1e-06,0.0
1,0.0021295547485351562,1,1,1e-06,0.0
1,0.019220352172851562,1,1,1e-06,0.0
1,0.002734661102294922,1,1,1e-06,0.0
1,0.21508383750915527,1,1,1e-06,0.0
1,0.0021219253540039062,1,1,1e-06,0.0
1,0.7714242935180664,1,1,1e-06,0.0
1,0.003970146179199219,1,1,1e-06,0.0
1,0.0037653446197509766,1,1,1e-06,0.0
1,0.0031142234802246094,1,1,1e-06,0.0
1,0.0029969215393066406,1,1,1e-06,0.0
1,0.0034017562866210938,1,1,1e-06,0.0
1,0.002825021743774414,1,1,1e-06,0.0
1,0.0030536651611328125,1,1,1e-06,0.0
1,0.0029172897338867188,1,1,1e-06,0.0
1,0.0024633407592773438,1,1,1e-06,0.0
1,0.003418445587158203,1,1,1e-06,0.0
1,0.003336668014526367,1,1,1e-06,0.0
1,0.003376483917236328,1,1,1e-06,0.0
1,0.003354787826538086,1,1,1e-06,0.0
1,0.006945133209228516,1,1,1e-06,0.0
1,0.003101825714111328,1,1,1e-06,0.0
1,0.002963542938232422,1,1,1e-06,0.0
1,0.0025415420532226562,1,1,1e-06,0.0
1,0.0022525787353515625,1,1,1e-06,0.0
1,0.07276391983032227,1,1,1e-06,0.0
1,0.002286672592163086,1,1,1e-06,0.0
1,0.0020751953125,1,1,1e-06,0.0
1,0.0016984939575195312,1,1,1e-06,0.0
1,0.0017976760864257812,1,1,1e-06,0.0
1,0.002081632614135742,1,1,1e-06,0.0
1,0.002196788787841797,1,1,1e-06,0.0
1,0.0015385150909423828,1,1,1e-06,0.0
1,0.002633810043334961,1,1,1e-06,0.0
1,0.002470254898071289,1,1,1e-06,0.0
1,0.0017824172973632812,1,1,1e-06,0.0
1,0.002074718475341797,1,1,1e-06,0.0
1,0.023457050323486328,1,1,1e-06,0.0
1,0.002483844757080078,1,1,1e-06,0.0
1,0.0028634071350097656,1,1,1e-06,0.0
1,0.0027017593383789062,1,1,1e-06,0.0
1,0.13019871711730957,1,1,1e-06,0.0
1,0.0029773712158203125,1,1,1e-06,0.0
1,0.003067493438720703,1,1,1e-06,0.0
1,0.00229644775390625,1,1,1e-06,0.0
1,0.0020339488983154297,1,1,1e-06,0.0
1,0.0032868385314941406,1,1,1e-06,0.0
1,0.0027925968170166016,1,1,1e-06,0.0
1,0.002333402633666992,1,1,1e-06,0.0
1,0.0019271373748779297,1,1,1e-06,0.0
1,0.0017497539520263672,1,1,1e-06,0.0
1,0.002628803253173828,1,1,1e-06,0.0
1,0.002172708511352539,1,1,1e-06,0.0
1,0.002233266830444336,1,1,1e-06,0.0
1,0.0024001598358154297,1,1,1e-06,0.0
0,1.0069775581359863,0,0,,0.0
1,0.002158641815185547,1,1,1e-06,0.0
1,0.0018739700317382812,1,1,1e-06,0.0
1,0.0018045902252197266,1,1,1e-06,0.0
1,0.0015037059783935547,1,1,1e-06,0.0
1,0.0033578872680664062,1,1,1e-06,0.0
1,0.0029954910278320312,1,1,1e-06,0.0
1,0.0019268989562988281,1,1,1e-06,0.0
1,0.0015482902526855469,1,1,1e-06,0.0
1,0.002098560333251953,1,1,1e-06,0.0
1,0.0022552013397216797,1,1,1e-06,0.0
1,0.0012559890747070312,1,1,1e-06,0.0
1,0.001735687255859375,1,1,1e-06,0.0
1,0.0018634796142578125,1,1,1e-06,0.0
1,0.001851797103881836,1,1,1e-06,0.0
1,0.0016987323760986328,1,1,1e-06,0.0
1,0.02994513511657715,1,1,1e-06,0.0
1,0.0019505023956298828,1,1,1e-06,0.0
1,0.0018227100372314453,1,1,1e-06,0.0
1,0.0017223358154296875,1,1,1e-06,0.0
1,0.012708902359008789,1,1,1e-06,0.0
1,0.0021343231201171875,1,1,1e-06,0.0
1,0.0017580986022949219,1,1,1e-06,0.0
1,0.0013859272003173828,1,1,1e-06,0.0
1,0.02985525131225586,1,1,1e-06,0.0
1,0.0014019012451171875,1,1,1e-06,0.0
1,0.0015790462493896484,1,1,1e-06,0.0
1,0.0013782978057861328,1,1,1e-06,0.0
1,0.001237630844116211,1,1,1e-06,0.0
1,0.0022034645080566406,1,1,1e-06,0.0
1,0.00194549560546875,1,1,1e-06,0.0
1,0.002018451690673828,1,1,1e-06,0.0
1,0.0019221305847167969,1,1,1e-06,0.0
1,0.001962900161743164,1,1,1e-06,0.0
1,0.001992464065551758,1,1,1e-06,0.0
1,0.0017876625061035156,1,1,1e-06,0.0
1,0.0014770030975341797,1,1,1e-06,0.0
1,0.001989603042602539,1,1,1e-06,0.0
1,0.0015528202056884766,1,1,1e-06,0.0
1,0.0029981136322021484,1,1,1e-06,0.0
1,0.0033957958221435547,1,1,1e-06,0.0
1,0.0015463829040527344,1,1,1e-06,0.0
1,0.0016939640045166016,1,1,1e-06,0.0
1,0.0015001296997070312,1,1,1e-06,0.0
1,0.0015752315521240234,1,1,1e-06,0.0
1,0.0015778541564941406,1,1,1e-06,0.0
1,0.0019876956939697266,1,1,1e-06,0.0
1,0.002179384231567383,1,1,1e-06,0.0
1,0.0018887519836425781,1,1,1e-06,0.0
1,0.0025093555450439453,1,1,1e-06,0.0
1,0.0018496513366699219,1,1,1e-06,0.0
1,0.016813278198242188,1,1,1e-06,0.0
1,0.0015327930450439453,1,1,1e-06,0.0
1,0.002012491226196289,1,1,1e-06,0.0
1,0.0023717880249023438,1,1,1e-06,0.0
1,0.001789093017578125,1,1,1e-06,0.0
1,0.013872623443603516,1,1,1e-06,0.0
1,0.001991748809814453,1,1,1e-06,0.0
0,1.0058069229125977,0,0,,0.0
1,0.0028014183044433594,1,1,1e-06,0.0
1,0.011584758758544922,1,1,1e-06,0.0
1,0.0031898021697998047,1,1,1e-06,0.0
1,0.0027420520782470703,1,1,1e-06,0.0
1,0.0036563873291015625,1,1,1e-06,0.0
0,1.0172038078308105,0,0,,0.0
1,0.004091024398803711,1,1,1e-06,0.0
1,0.0027506351470947266,1,1,1e-06,0.0
1,0.0035288333892822266,1,1,1e-06,0.0
1,0.002950906753540039,1,1,1e-06,0.0
1,0.004400491714477539,1,1,1e-06,0.0
1,0.004052162170410156,1,1,1e-06,0.0
1,0.026873111724853516,1,1,1e-06,0.0
1,0.0026886463165283203,1,1,1e-06,0.0
1,0.002615690231323242,1,1,1e-06,0.0
1,0.003908872604370117,1,1,1e-06,0.0
1,0.0023174285888671875,1,1,1e-06,0.0
1,0.0029404163360595703,1,1,1e-06,0.0
1,0.002629995346069336,1,1,1e-06,0.0
1,0.0028595924377441406,1,1,1e-06,0.0
1,0.0025587081909179688,1,1,1e-06,0.0
1,0.0025658607482910156,1,1,1e-06,0.0
1,0.0027055740356445312,1,1,1e-06,0.0
1,0.0030417442321777344,1,1,1e-06,0.0
1,0.004334688186645508,1,1,1e-06,0.0
1,0.003461599349975586,1,1,1e-06,0.0
1,0.0033457279205322266,1,1,1e-06,0.0
1,0.0035905838012695312,1,1,1e-06,0.0
1,0.003985881805419922,1,1,1e-06,0.0
1,0.003629446029663086,1,1,1e-06,0.0
1,0.0031490325927734375,1,1,1e-06,0.0
1,0.0037071704864501953,1,1,1e-06,0.0
1,0.0028226375579833984,1,1,1e-06,0.0
1,0.0042400360107421875,1,1,1e-06,0.0
1,0.0024874210357666016,1,1,1e-06,0.0
1,0.0029747486114501953,1,1,1e-06,0.0
1,0.014932394027709961,1,1,1e-06,0.0
1,0.004294157028198242,1,1,1e-06,0.0
1,0.009714365005493164,1,1,1e-06,0.0
1,0.003654956817626953,1,1,1e-06,0.0
1,0.0031557083129882812,1,1,1e-06,0.0
1,0.003432035446166992,1,1,1e-06,0.0
1,0.0028901100158691406,1,1,1e-06,0.0
1,0.0028417110443115234,1,1,1e-06,0.0
1,0.0036516189575195312,1,1,1e-06,0.0
1,0.003193378448486328,1,1,1e-06,0.0
1,0.0030982494354248047,1,1,1e-06,0.0
1,0.0027322769165039062,1,1,1e-06,0.0
1,0.004289865493774414,1,1,1e-06,0.0
1,0.01592421531677246,1,1,1e-06,0.0
1,0.005112409591674805,1,1,1e-06,0.0
1,0.0029773712158203125,1,1,1e-06,0.0
1,0.003424406051635742,1,1,1e-06,0.0
1,0.0036084651947021484,1,1,1e-06,0.0
1,0.0030975341796875,1,1,1e-06,0.0
1,0.010256767272949219,1,1,1e-06,0.0
1,0.0032358169555664062,1,1,1e-06,0.0
1,0.002789735794067383,1,1,1e-06,0.0
1,0.0038137435913085938,1,1,1e-06,0.0
1,0.0028095245361328125,1,1,1e-06,0.0
1,0.003924369812011719,1,1,1e-06,0.0
1,0.002413034439086914,1,1,1e-06,0.0
1,0.0032181739807128906,1,1,1e-06,0.0
1,0.00398707389831543,1,1,1e-06,0.0
1,0.007282733917236328,1,1,1e-06,0.0
1,0.003070831298828125,1,1,1e-06,0.0
1,0.0033006668090820312,1,1,1e-06,0.0
1,0.00347900390625,1,1,1e-06,0.0
1,0.020779848098754883,1,1,1e-06,0.0
1,0.002765655517578125,1,1,1e-06,0.0
1,0.0021600723266601562,1,1,1e-06,0.0
1,0.002397298812866211,1,1,1e-06,0.0
1,0.0033364295959472656,1,1,1e-06,0.0
1,0.0028808116912841797,1,1,1e-06,0.0
1,0.0039386749267578125,1,1,1e-06,0.0
1,0.002254486083984375,1,1,1e-06,0.0
1,0.002852916717529297,1,1,1e-06,0.0
1,0.0031442642211914062,1,1,1e-06,0.0
1,0.0026133060455322266,1,1,1e-06,0.0
1,0.0034668445587158203,1,1,1e-06,0.0
1,0.04151129722595215,1,1,1e-06,0.0
1,0.00691533088684082,1,1,1e-06,0.0
1,0.0032684803009033203,1,1,1e-06,0.0
1,0.0029022693634033203,1,1,1e-06,0.0
1,0.0033729076385498047,1,1,1e-06,0.0
1,0.0034341812133789062,1,1,1e-06,0.0
1,0.0045833587646484375,1,1,1e-06,0.0
1,0.00353240966796875,1,1,1e-06,0.0
1,0.003404378890991211,1,1,1e-06,0.0
1,0.001950979232788086,1,1,1e-06,0.0
1,0.0035347938537597656,1,1,1e-06,0.0
1,0.00403141975402832,1,1,1e-06,0.0
1,0.0038309097290039062,1,1,1e-06,0.0
1,0.0039975643157958984,1,1,1e-06,0.0
1,0.00397038459777832,1,1,1e-06,0.0
1,0.003282308578491211,1,1,1e-06,0.0
1,0.004525661468505859,1,1,1e-06,0.0
1,0.0032639503479003906,1,1,1e-06,0.0
1,0.0032739639282226562,1,1,1e-06,0.0
1,0.003131389617919922,1,1,1e-06,0.0
1,0.04337930679321289,1,1,1e-06,0.0
1,0.029732942581176758,1,1,1e-06,0.0
1,0.0031499862670898438,1,1,1e-06,0.0
1,0.003437519073486328,1,1,1e-06,0.0
1,0.002502918243408203,1,1,1e-06,0.0
1,0.002797365188598633,1,1,1e-06,0.0
1,0.0038788318634033203,1,1,1e-06,0.0
1,0.0033240318298339844,1,1,1e-06,0.0
1,0.0025300979614257812,1,1,1e-06,0.0
1,0.002668619155883789,1,1,1e-06,0.0
1,0.004202842712402344,1,1,1e-06,0.0
1,0.0035734176635742188,1,1,1e-06,0.0
1,0.0036933422088623047,1,1,1e-06,0.0
1,0.003300905227661133,1,1,1e-06,0.0
1,0.002353668212890625,1,1,1e-06,0.0
1,0.0030770301818847656,1,1,1e-06,0.0
1,0.0077266693115234375,1,1,1e-06,0.0
1,0.005563020706176758,1,1,1e-06,0.0
1,0.0024738311767578125,1,1,1e-06,0.0
1,0.0021708011627197266,1,1,1e-06,0.0
1,0.004216432571411133,1,1,1e-06,0.0
1,0.0027480125427246094,1,1,1e-06,0.0
1,0.0025992393493652344,1,1,1e-06,0.0
1,0.0022459030151367188,1,1,1e-06,0.0
1,0.0021910667419433594,1,1,1e-06,0.0
1,0.004197597503662109,1,1,1e-06,0.0
1,0.0028791427612304688,1,1,1e-06,0.0
1,0.007391452789306641,1,1,1e-06,0.0
1,0.003197193145751953,1,1,1e-06,0.0
1,0.0031180381774902344,1,1,1e-06,0.0
1,0.015280723571777344,1,1,1e-06,0.0
1,0.0029349327087402344,1,1,1e-06,0.0
1,0.0026137828826904297,1,1,1e-06,0.0
1,0.002584695816040039,1,1,1e-06,0.0
1,0.0019497871398925781,1,1,1e-06,0.0
1,0.039873361587524414,1,1,1e-06,0.0
1,0.003345012664794922,1,1,1e-06,0.0
1,0.0022792816162109375,1,1,1e-06,0.0
1,0.0027055740356445312,1,1,1e-06,0.0
1,0.003321409225463867,1,1,1e-06,0.0
1,0.0026650428771972656,1,1,1e-06,0.0
1,0.0021865367889404297,1,1,1e-06,0.0
1,0.0031774044036865234,1,1,1e-06,0.0
1,0.00473332405090332,1,1,1e-06,0.0
1,0.0025260448455810547,1,1,1e-06,0.0
1,0.0021750926971435547,1,1,1e-06,0.0
1,0.0018911361694335938,1,1,1e-06,0.0
1,0.0031480789184570312,1,1,1e-06,0.0
1,0.0026412010192871094,1,1,1e-06,0.0
1,0.002597332000732422,1,1,1e-06,0.0
1,0.004563331604003906,1,1,1e-06,0.0
1,0.003083467483520508,1,1,1e-06,0.0
1,0.0036232471466064453,1,1,1e-06,0.0
1,0.0034890174865722656,1,1,1e-06,0.0
1,0.0027763843536376953,1,1,1e-06,0.0
1,0.0034399032592773438,1,1,1e-06,0.0
1,0.0031576156616210938,1,1,1e-06,0.0
1,0.0026330947875976562,1,1,1e-06,0.0
1,0.00299835205078125,1,1,1e-06,0.0
1,0.002990245819091797,1,1,1e-06,0.0
1,0.01862788200378418,1,1,1e-06,0.0
1,0.002633333206176758,1,1,1e-06,0.0
1,0.002033233642578125,1,1,1e-06,0.0
1,0.0025892257690429688,1,1,1e-06,0.0
1,0.0029511451721191406,1,1,1e-06,0.0
1,0.0029518604278564453,1,1,1e-06,0.0
1,0.003456592559814453,1,1,1e-06,0.0
1,0.04954099655151367,1,1,1e-06,0.0
1,0.003233194351196289,1,1,1e-06,0.0
1,0.002553701400756836,1,1,1e-06,0.0
1,0.0023317337036132812,1,1,1e-06,0.0
1,0.0018680095672607422,1,1,1e-06,0.0
1,0.0024518966674804688,1,1,1e-06,0.0
1,0.0023877620697021484,1,1,1e-06,0.0
1,0.027754545211791992,1,1,1e-06,0.0
1,0.002969503402709961,1,1,1e-06,0.0
1,0.0021452903747558594,1,1,1e-06,0.0
1,0.002454519271850586,1,1,1e-06,0.0
1,0.002819061279296875,1,1,1e-06,0.0
1,0.002954721450805664,1,1,1e-06,0.0
1,0.004220485687255859,1,1,1e-06,0.0
1,0.002074003219604492,1,1,1e-06,0.0
1,0.004107475280761719,1,1,1e-06,0.0
1,0.002986907958984375,1,1,1e-06,0.0
1,0.002222776412963867,1,1,1e-06,0.0
1,0.003591299057006836,1,1,1e-06,0.0
1,0.0029020309448242188,1,1,1e-06,0.0
1,0.0028426647186279297,1,1,1e-06,0.0
1,0.0023446083068847656,1,1,1e-06,0.0
1,0.002326488494873047,1,1,1e-06,0.0
1,0.00400233268737793,1,1,1e-06,0.0
1,0.002603769302368164,1,1,1e-06,0.0
1,0.015362739562988281,1,1,1e-06,0.0
1,0.003384113311767578,1,1,1e-06,0.0
1,0.0025675296783447266,1,1,1e-06,0.0
1,0.02875494956970215,1,1,1e-06,0.0
1,0.0026657581329345703,1,1,1e-06,0.0
1,0.0022001266479492188,1,1,1e-06,0.0
1,0.0019593238830566406,1,1,1e-06,0.0
1,0.0021593570709228516,1,1,1e-06,0.0
1,0.002367734909057617,1,1,1e-06,0.0
1,0.0027549266815185547,1,1,1e-06,0.0
1,0.0025758743286132812,1,1,1e-06,0.0
1,0.0047953128814697266,1,1,1e-06,0.0
1,0.003371715545654297,1,1,1e-06,0.0
1,0.003242969512939453,1,1,1e-06,0.0
1,0.0026428699493408203,1,1,1e-06,0.0
1,0.0024988651275634766,1,1,1e-06,0.0
1,0.002350330352783203,1,1,1e-06,0.0
1,0.0026984214782714844,1,1,1e-06,0.0
1,0.0026199817657470703,1,1,1e-06,0.0
1,0.003316164016723633,1,1,1e-06,0.0
1,0.002741575241088867,1,1,1e-06,0.0
1,0.0031490325927734375,1,1,1e-06,0.0
1,0.0033445358276367188,1,1,1e-06,0.0
1,0.003232717514038086,1,1,1e-06,0.0
1,0.0029227733612060547,1,1,1e-06,0.0
1,0.002748727798461914,1,1,1e-06,0.0
1,0.003554821014404297,1,1,1e-06,0.0
1,0.003017902374267578,1,1,1e-06,0.0
1,0.0025033950805664062,1,1,1e-06,0.0
1,0.004314422607421875,1,1,1e-06,0.0
1,0.0033833980560302734,1,1,1e-06,0.0
1,0.003853321075439453,1,1,1e-06,0.0
1,0.003106355667114258,1,1,1e-06,0.0
1,0.002031087875366211,1,1,1e-06,0.0
1,0.00200653076171875,1,1,1e-06,0.0
1,0.0020279884338378906,1,1,1e-06,0.0
1,0.0019176006317138672,1,1,1e-06,0.0
1,0.0023038387298583984,1,1,1e-06,0.0
1,0.004647254943847656,1,1,1e-06,0.0
1,0.002445697784423828,1,1,1e-06,0.0
1,0.0032892227172851562,1,1,1e-06,0.0
1,0.003139495849609375,1,1,1e-06,0.0
1,0.001957416534423828,1,1,1e-06,0.0
1,0.0036923885345458984,1,1,1e-06,0.0
1,0.002933502197265625,1,1,1e-06,0.0
1,0.0020477771759033203,1,1,1e-06,0.0
1,0.0025186538696289062,1,1,1e-06,0.0
1,0.0031752586364746094,1,1,1e-06,0.0
1,0.0035092830657958984,1,1,1e-06,0.0
1,0.0030579566955566406,1,1,1e-06,0.0
1,0.0032689571380615234,1,1,1e-06,0.0
1,0.004481792449951172,1,1,1e-06,0.0
1,0.005329608917236328,1,1,1e-06,0.0
1,0.004068136215209961,1,1,1e-06,0.0
1,0.003019094467163086,1,1,1e-06,0.0
1,0.002740144729614258,1,1,1e-06,0.0
1,0.003153562545776367,1,1,1e-06,0.0
1,0.0030517578125,1,1,1e-06,0.0
1,0.00684809684753418,1,1,1e-06,0.0
1,0.0019576549530029297,1,1,1e-06,0.0
1,0.0024306774139404297,1,1,1e-06,0.0
1,0.002115011215209961,1,1,1e-06,0.0
1,0.0018434524536132812,1,1,1e-06,0.0
1,0.0066680908203125,1,1,1e-06,0.0
1,0.002103567123413086,1,1,1e-06,0.0
1,0.003017425537109375,1,1,1e-06,0.0
1,0.002640247344970703,1,1,1e-06,0.0
1,0.051483869552612305,1,1,1e-06,0.0
1,0.002536296844482422,1,1,1e-06,0.0
1,0.0028595924377441406,1,1,1e-06,0.0
1,0.002790212631225586,1,1,1e-06,0.0
1,0.002485513687133789,1,1,1e-06,0.0
1,0.0023598670959472656,1,1,1e-06,0.0
1,0.0028057098388671875,1,1,1e-06,0.0
1,0.003259897232055664,1,1,1e-06,0.0
1,0.0021271705627441406,1,1,1e-06,0.0
1,0.0028548240661621094,1,1,1e-06,0.0
1,0.0019290447235107422,1,1,1e-06,0.0
1,0.001834869384765625,1,1,1e-06,0.0
1,0.0025615692138671875,1,1,1e-06,0.0
1,0.0024008750915527344,1,1,1e-06,0.0
1,0.025612354278564453,1,1,1e-06,0.0
1,0.006699085235595703,1,1,1e-06,0.0
1,0.002295255661010742,1,1,1e-06,0.0
1,0.0022170543670654297,1,1,1e-06,0.0
1,0.003360271453857422,1,1,1e-06,0.0
1,0.0022792816162109375,1,1,1e-06,0.0
1,0.005086183547973633,1,1,1e-06,0.0
1,0.0019118785858154297,1,1,1e-06,0.0
1,0.002040386199951172,1,1,1e-06,0.0
1,0.002688884735107422,1,1,1e-06,0.0
1,0.0029311180114746094,1,1,1e-06,0.0
1,0.002310514450073242,1,1,1e-06,0.0
1,0.002391338348388672,1,1,1e-06,0.0
1,0.0019123554229736328,1,1,1e-06,0.0
1,0.0027022361755371094,1,1,1e-06,0.0
1,0.0028688907623291016,1,1,1e-06,0.0
1,0.0032472610473632812,1,1,1e-06,0.0
1,0.0026597976684570312,1,1,1e-06,0.0
1,0.002756357192993164,1,1,1e-06,0.0
1,0.003957509994506836,1,1,1e-06,0.0
1,0.0023217201232910156,1,1,1e-06,0.0
1,0.0026624202728271484,1,1,1e-06,0.0
1,0.0022590160369873047,1,1,1e-06,0.0
1,0.0025911331176757812,1,1,1e-06,0.0
1,0.0027670860290527344,1,1,1e-06,0.0
1,0.002046823501586914,1,1,1e-06,0.0
1,0.0018875598907470703,1,1,1e-06,0.0
1,0.002580404281616211,1,1,1e-06,0.0
1,0.003270387649536133,1,1,1e-06,0.0
1,0.0033833980560302734,1,1,1e-06,0.0
1,0.0021250247955322266,1,1,1e-06,0.0
1,0.002608060836791992,1,1,1e-06,0.0
1,0.09959936141967773,1,1,1e-06,0.0
1,0.0018732547760009766,1,1,1e-06,0.0
1,0.0020956993103027344,1,1,1e-06,0.0
1,0.0021712779998779297,1,1,1e-06,0.0
1,0.0029206275939941406,1,1,1e-06,0.0
1,0.002833127975463867,1,1,1e-06,0.0
1,0.003728628158569336,1,1,1e-06,0.0
1,0.0025522708892822266,1,1,1e-06,0.0
1,0.0025177001953125,1,1,1e-06,0.0
1,0.0017125606536865234,1,1,1e-06,0.0
1,0.0025482177734375,1,1,1e-06,0.0
1,0.0024001598358154297,1,1,1e-06,0.0
1,0.0019915103912353516,1,1,1e-06,0.0
1,0.0015592575073242188,1,1,1e-06,0.0
1,0.004593372344970703,1,1,1e-06,0.0
1,0.002315998077392578,1,1,1e-06,0.0
1,0.0022192001342773438,1,1,1e-06,0.0
1,0.0018684864044189453,1,1,1e-06,0.0
1,0.0022211074829101562,1,1,1e-06,0.0
1,0.0019326210021972656,1,1,1e-06,0.0
1,0.002163410186767578,1,1,1e-06,0.0
1,0.00308990478515625,1,1,1e-06,0.0
1,0.0029027462005615234,1,1,1e-06,0.0
1,0.001973867416381836,1,1,1e-06,0.0
1,0.002119302749633789,1,1,1e-06,0.0
1,0.0020875930786132812,1,1,1e-06,0.0
1,0.002265453338623047,1,1,1e-06,0.0
1,0.0017993450164794922,1,1,1e-06,0.0
1,0.002568960189819336,1,1,1e-06,0.0
1,0.002119302749633789,1,1,1e-06,0.0
1,0.002680540084838867,1,1,1e-06,0.0
1,0.025933265686035156,1,1,1e-06,0.0
1,0.0021448135375976562,1,1,1e-06,0.0
1,0.0018153190612792969,1,1,1e-06,0.0
1,0.0018684864044189453,1,1,1e-06,0.0
1,0.0017507076263427734,1,1,1e-06,0.0
1,0.0018451213836669922,1,1,1e-06,0.0
1,0.0024302005767822266,1,1,1e-06,0.0
1,0.0032269954681396484,1,1,1e-06,0.0
1,0.00238037109375,1,1,1e-06,0.0
1,0.002088308334350586,1,1,1e-06,0.0
1,0.0019066333770751953,1,1,1e-06,0.0
1,0.002716541290283203,1,1,1e-06,0.0
1,0.0021767616271972656,1,1,1e-06,0.0
1,0.002487659454345703,1,1,1e-06,0.0
1,0.003812551498413086,1,1,1e-06,0.0
1,0.0021893978118896484,1,1,1e-06,0.0
1,0.0018868446350097656,1,1,1e-06,0.0
1,0.001959562301635742,1,1,1e-06,0.0
1,0.0021233558654785156,1,1,1e-06,0.0
1,0.003161907196044922,1,1,1e-06,0.0
1,0.0023872852325439453,1,1,1e-06,0.0
1,0.0024628639221191406,1,1,1e-06,0.0
1,0.0022897720336914062,1,1,1e-06,0.0
1,0.003693819046020508,1,1,1e-06,0.0
1,0.0028791427612304688,1,1,1e-06,0.0
1,0.0019259452819824219,1,1,1e-06,0.0
1,0.0027112960815429688,1,1,1e-06,0.0
1,0.0023970603942871094,1,1,1e-06,0.0
1,0.021181583404541016,1,1,1e-06,0.0
1,0.0019309520721435547,1,1,1e-06,0.0
1,0.0312345027923584,1,1,1e-06,0.0
1,0.002053976058959961,1,1,1e-06,0.0
1,0.0019059181213378906,1,1,1e-06,0.0
1,0.001810312271118164,1,1,1e-06,0.0
1,0.0017936229705810547,1,1,1e-06,0.0
1,0.0021753311157226562,1,1,1e-06,0.0
1,0.002446413040161133,1,1,1e-06,0.0
1,0.0019941329956054688,1,1,1e-06,0.0
1,0.0018343925476074219,1,1,1e-06,0.0
1,0.0021560192108154297,1,1,1e-06,0.0
1,0.004111051559448242,1,1,1e-06,0.0
1,0.0022439956665039062,1,1,1e-06,0.0
1,0.0017423629760742188,1,1,1e-06,0.0
1,0.0014221668243408203,1,1,1e-06,0.0
1,0.0016758441925048828,1,1,1e-06,0.0
1,0.0020906925201416016,1,1,1e-06,0.0
1,0.0018177032470703125,1,1,1e-06,0.0
1,0.0019423961639404297,1,1,1e-06,0.0
1,0.002371549606323242,1,1,1e-06,0.0
1,0.0023033618927001953,1,1,1e-06,0.0
1,0.0030014514923095703,1,1,1e-06,0.0
1,0.0021865367889404297,1,1,1e-06,0.0
1,0.002174854278564453,1,1,1e-06,0.0
1,0.0020558834075927734,1,1,1e-06,0.0
1,0.0018515586853027344,1,1,1e-06,0.0
1,0.0016980171203613281,1,1,1e-06,0.0
1,0.0036118030548095703,1,1,1e-06,0.0
1,0.0021483898162841797,1,1,1e-06,0.0
1,0.010651588439941406,1,1,1e-06,0.0
1,0.0019142627716064453,1,1,1e-06,0.0
1,0.0019533634185791016,1,1,1e-06,0.0
1,0.0024423599243164062,1,1,1e-06,0.0
1,0.0028581619262695312,1,1,1e-06,0.0
1,0.0018074512481689453,1,1,1e-06,0.0
1,0.001692056655883789,1,1,1e-06,0.0
1,0.0036792755126953125,1,1,1e-06,0.0
1,0.001947641372680664,1,1,1e-06,0.0
1,0.0021224021911621094,1,1,1e-06,0.0
1,0.0019965171813964844,1,1,1e-06,0.0
1,0.0017707347869873047,1,1,1e-06,0.0
1,0.1555161476135254,1,1,1e-06,0.0
1,0.0017180442810058594,1,1,1e-06,0.0
1,0.0016887187957763672,1,1,1e-06,0.0
1,0.0017170906066894531,1,1,1e-06,0.0
1,0.0015435218811035156,1,1,1e-06,0.0
1,0.0031502246856689453,1,1,1e-06,0.0
1,0.001729726791381836,1,1,1e-06,0.0
1,0.0015239715576171875,1,1,1e-06,0.0
1,0.0017511844635009766,1,1,1e-06,0.0
1,0.0021021366119384766,1,1,1e-06,0.0
1,0.001796722412109375,1,1,1e-06,0.0
1,0.0017883777618408203,1,1,1e-06,0.0
1,0.0020780563354492188,1,1,1e-06,0.0
1,0.0018877983093261719,1,1,1e-06,0.0
1,0.0029134750366210938,1,1,1e-06,0.0
1,0.002171754837036133,1,1,1e-06,0.0
1,0.0015749931335449219,1,1,1e-06,0.0
1,0.0016667842864990234,1,1,1e-06,0.0
1,0.002380847930908203,1,1,1e-06,0.0
1,0.0015747547149658203,1,1,1e-06,0.0
1,0.0020401477813720703,1,1,1e-06,0.0
1,0.0019991397857666016,1,1,1e-06,0.0
1,0.001728057861328125,1,1,1e-06,0.0
1,0.0019884109497070312,1,1,1e-06,0.0
1,0.002126932144165039,1,1,1e-06,0.0
1,0.0018188953399658203,1,1,1e-06,0.0
1,0.0018684864044189453,1,1,1e-06,0.0
1,0.0017631053924560547,1,1,1e-06,0.0
1,0.002259492874145508,1,1,1e-06,0.0
1,0.0018315315246582031,1,1,1e-06,0.0
1,0.003201723098754883,1,1,1e-06,0.0
1,0.0022156238555908203,1,1,1e-06,0.0
1,0.0017495155334472656,1,1,1e-06,0.0
1,0.001443624496459961,1,1,1e-06,0.0
1,0.001575469970703125,1,1,1e-06,0.0
1,0.0013315677642822266,1,1,1e-06,0.0
1,0.001814126968383789,1,1,1e-06,0.0
1,0.002223491668701172,1,1,1e-06,0.0
1,0.0017368793487548828,1,1,1e-06,0.0
1,0.0020933151245117188,1,1,1e-06,0.0
1,0.01047372817993164,1,1,1e-06,0.0
1,0.002229928970336914,1,1,1e-06,0.0
1,0.002573251724243164,1,1,1e-06,0.0
1,0.0017862319946289062,1,1,1e-06,0.0
1,0.0019750595092773438,1,1,1e-06,0.0
1,0.0021817684173583984,1,1,1e-06,0.0
1,0.0015027523040771484,1,1,1e-06,0.0
1,0.0017845630645751953,1,1,1e-06,0.0
1,0.0018551349639892578,1,1,1e-06,0.0
1,0.0031998157501220703,1,1,1e-06,0.0
1,0.04568076133728027,1,1,1e-06,0.0
1,0.0030155181884765625,1,1,1e-06,0.0
1,0.002090930938720703,1,1,1e-06,0.0
1,0.0023992061614990234,1,1,1e-06,0.0
1,0.001848459243774414,1,1,1e-06,0.0
1,0.0015254020690917969,1,1,1e-06,0.0
1,0.0018358230590820312,1,1,1e-06,0.0
1,0.0025887489318847656,1,1,1e-06,0.0
1,0.0019593238830566406,1,1,1e-06,0.0
1,0.0016658306121826172,1,1,1e-06,0.0
1,0.041049957275390625,1,1,1e-06,0.0
1,0.0019855499267578125,1,1,1e-06,0.0
1,0.0019180774688720703,1,1,1e-06,0.0
1,0.0027208328247070312,1,1,1e-06,0.0
1,0.0031270980834960938,1,1,1e-06,0.0
1,0.0019729137420654297,1,1,1e-06,0.0
1,0.001844644546508789,1,1,1e-06,0.0
1,0.002183198928833008,1,1,1e-06,0.0
1,0.0022940635681152344,1,1,1e-06,0.0
1,0.003945589065551758,1,1,1e-06,0.0
1,0.0021550655364990234,1,1,1e-06,0.0
1,0.0017077922821044922,1,1,1e-06,0.0
1,0.0018084049224853516,1,1,1e-06,0.0
1,0.002917051315307617,1,1,1e-06,0.0
1,0.0024347305297851562,1,1,1e-06,0.0
1,0.0016803741455078125,1,1,1e-06,0.0
1,0.0017347335815429688,1,1,1e-06,0.0
1,0.0025072097778320312,1,1,1e-06,0.0
1,0.0021219253540039062,1,1,1e-06,0.0
1,0.0018260478973388672,1,1,1e-06,0.0
1,0.0016932487487792969,1,1,1e-06,0.0
1,0.00247955322265625,1,1,1e-06,0.0
1,0.0016367435455322266,1,1,1e-06,0.0
1,0.001969575881958008,1,1,1e-06,0.0
1,0.0016810894012451172,1,1,1e-06,0.0
1,0.002414703369140625,1,1,1e-06,0.0
1,0.0018939971923828125,1,1,1e-06,0.0
1,0.0019230842590332031,1,1,1e-06,0.0
1,0.001837015151977539,1,1,1e-06,0.0
1,0.002506256103515625,1,1,1e-06,0.0
1,0.0029993057250976562,1,1,1e-06,0.0
1,0.001973867416381836,1,1,1e-06,0.0
1,0.0052947998046875,1,1,1e-06,0.0
1,0.020299911499023438,1,1,1e-06,0.0
1,0.0019919872283935547,1,1,1e-06,0.0
1,0.002253293991088867,1,1,1e-06,0.0
1,0.0018351078033447266,1,1,1e-06,0.0
1,0.0019941329956054688,1,1,1e-06,0.0
1,0.002824544906616211,1,1,1e-06,0.0
1,0.0020380020141601562,1,1,1e-06,0.0
1,0.0021398067474365234,1,1,1e-06,0.0
1,0.011748075485229492,1,1,1e-06,0.0
1,0.0020072460174560547,1,1,1e-06,0.0
1,0.001985311508178711,1,1,1e-06,0.0
1,0.002076864242553711,1,1,1e-06,0.0
1,0.0019259452819824219,1,1,1e-06,0.0
1,0.0021097660064697266,1,1,1e-06,0.0
1,0.0017478466033935547,1,1,1e-06,0.0
1,0.002117633819580078,1,1,1e-06,0.0
1,0.018018722534179688,1,1,1e-06,0.0
1,0.0019638538360595703,1,1,1e-06,0.0
1,0.0021817684173583984,1,1,1e-06,0.0
1,0.0018188953399658203,1,1,1e-06,0.0
1,0.0019192695617675781,1,1,1e-06,0.0
1,0.0021910667419433594,1,1,1e-06,0.0
1,0.004801034927368164,1,1,1e-06,0.0
1,0.001840353012084961,1,1,1e-06,0.0
1,0.0015132427215576172,1,1,1e-06,0.0
1,0.0021712779998779297,1,1,1e-06,0.0
1,0.0013060569763183594,1,1,1e-06,0.0
1,0.0020008087158203125,1,1,1e-06,0.0
1,0.0024483203887939453,1,1,1e-06,0.0
1,0.0025627613067626953,1,1,1e-06,0.0
1,0.001867055892944336,1,1,1e-06,0.0
1,0.001733541488647461,1,1,1e-06,0.0
1,0.0017275810241699219,1,1,1e-06,0.0
1,0.0018901824951171875,1,1,1e-06,0.0
1,0.0018777847290039062,1,1,1e-06,0.0
1,0.0016543865203857422,1,1,1e-06,0.0
1,0.0014431476593017578,1,1,1e-06,0.0
1,0.002151966094970703,1,1,1e-06,0.0
1,0.0019683837890625,1,1,1e-06,0.0
1,0.0037479400634765625,1,1,1e-06,0.0
1,0.0024030208587646484,1,1,1e-06,0.0
1,0.001836538314819336,1,1,1e-06,0.0
1,0.0018010139465332031,1,1,1e-06,0.0
1,0.20739436149597168,1,1,1e-06,0.0
1,0.0023221969604492188,1,1,1e-06,0.0
1,0.0023241043090820312,1,1,1e-06,0.0
1,0.0021944046020507812,1,1,1e-06,0.0
1,0.0021669864654541016,1,1,1e-06,0.0
1,0.0030579566955566406,1,1,1e-06,0.0
1,0.001857757568359375,1,1,1e-06,0.0
1,0.0025441646575927734,1,1,1e-06,0.0
1,0.002034902572631836,1,1,1e-06,0.0
1,0.002335786819458008,1,1,1e-06,0.0
1,0.0024530887603759766,1,1,1e-06,0.0
1,0.0025675296783447266,1,1,1e-06,0.0
1,0.002429485321044922,1,1,1e-06,0.0
1,0.004319190979003906,1,1,1e-06,0.0
1,0.0025177001953125,1,1,1e-06,0.0
1,0.0031557083129882812,1,1,1e-06,0.0
1,0.003157377243041992,1,1,1e-06,0.0
1,0.0019822120666503906,1,1,1e-06,0.0
1,0.015628576278686523,1,1,1e-06,0.0
1,0.0026738643646240234,1,1,1e-06,0.0
1,0.003906726837158203,1,1,1e-06,0.0
1,0.002366781234741211,1,1,1e-06,0.0
1,0.0023674964904785156,1,1,1e-06,0.0
1,0.002345561981201172,1,1,1e-06,0.0
1,0.0018591880798339844,1,1,1e-06,0.0
1,0.0020134449005126953,1,1,1e-06,0.0
1,0.004485607147216797,1,1,1e-06,0.0
1,0.0025014877319335938,1,1,1e-06,0.0
1,0.0019969940185546875,1,1,1e-06,0.0
1,0.0028498172760009766,1,1,1e-06,0.0
1,0.0018949508666992188,1,1,1e-06,0.0
1,0.001514434814453125,1,1,1e-06,0.0
1,0.0023081302642822266,1,1,1e-06,0.0
1,0.001649618148803711,1,1,1e-06,0.0
1,0.002808094024658203,1,1,1e-06,0.0
1,0.002188444137573242,1,1,1e-06,0.0
1,0.0023856163024902344,1,1,1e-06,0.0
1,0.002080202102661133,1,1,1e-06,0.0
1,0.004349708557128906,1,1,1e-06,0.0
1,0.027609825134277344,1,1,1e-06,0.0
1,0.0018017292022705078,1,1,1e-06,0.0
1,0.002038240432739258,1,1,1e-06,0.0
1,0.0014996528625488281,1,1,1e-06,0.0
1,0.0014801025390625,1,1,1e-06,0.0
1,0.001954793930053711,1,1,1e-06,0.0
1,0.002624034881591797,1,1,1e-06,0.0
1,0.0023775100708007812,1,1,1e-06,0.0
1,0.002499818801879883,1,1,1e-06,0.0
1,0.0022094249725341797,1,1,1e-06,0.0
1,0.003732442855834961,1,1,1e-06,0.0
1,0.001787424087524414,1,1,1e-06,0.0
1,0.0016880035400390625,1,1,1e-06,0.0
1,0.005151033401489258,1,1,1e-06,0.0
1,0.001683950424194336,1,1,1e-06,0.0
1,0.0017201900482177734,1,1,1e-06,0.0
1,0.0014667510986328125,1,1,1e-06,0.0
1,0.0014791488647460938,1,1,1e-06,0.0
1,0.002796173095703125,1,1,1e-06,0.0
1,0.0029582977294921875,1,1,1e-06,0.0
1,0.002164125442504883,1,1,1e-06,0.0
1,0.0018854141235351562,1,1,1e-06,0.0
1,0.001692056655883789,1,1,1e-06,0.0
1,0.0019936561584472656,1,1,1e-06,0.0
1,0.019140243530273438,1,1,1e-06,0.0
1,0.004012584686279297,1,1,1e-06,0.0
1,0.010308027267456055,1,1,1e-06,0.0
1,0.002710103988647461,1,1,1e-06,0.0
1,0.0073549747467041016,1,1,1e-06,0.0
1,0.0021016597747802734,1,1,1e-06,0.0
1,0.002218961715698242,1,1,1e-06,0.0
1,0.0019245147705078125,1,1,1e-06,0.0
1,0.0018813610076904297,1,1,1e-06,0.0
1,0.0019307136535644531,1,1,1e-06,0.0
1,0.0025043487548828125,1,1,1e-06,0.0
1,0.003032684326171875,1,1,1e-06,0.0
1,0.002817392349243164,1,1,1e-06,0.0
1,0.004765748977661133,1,1,1e-06,0.0
1,0.002432107925415039,1,1,1e-06,0.0
1,0.0021011829376220703,1,1,1e-06,0.0
1,0.001967191696166992,1,1,1e-06,0.0
1,0.0014941692352294922,1,1,1e-06,0.0
1,0.0036835670471191406,1,1,1e-06,0.0
1,0.0025937557220458984,1,1,1e-06,0.0
1,0.0025453567504882812,1,1,1e-06,0.0
1,0.003464221954345703,1,1,1e-06,0.0
1,0.005219221115112305,1,1,1e-06,0.0
1,0.002641439437866211,1,1,1e-06,0.0
1,0.0021436214447021484,1,1,1e-06,0.0
1,0.0028803348541259766,1,1,1e-06,0.0
1,0.0024280548095703125,1,1,1e-06,0.0
1,0.0013957023620605469,1,1,1e-06,0.0
1,0.0018274784088134766,1,1,1e-06,0.0
1,0.005617618560791016,1,1,1e-06,0.0
1,0.002357006072998047,1,1,1e-06,0.0
1,0.002346038818359375,1,1,1e-06,0.0
1,0.002679109573364258,1,1,1e-06,0.0
1,0.002173900604248047,1,1,1e-06,0.0
1,0.0017008781433105469,1,1,1e-06,0.0
1,0.0025212764739990234,1,1,1e-06,0.0
1,0.0023779869079589844,1,1,1e-06,0.0
1,0.002603292465209961,1,1,1e-06,0.0
1,0.002888202667236328,1,1,1e-06,0.0
1,0.002462148666381836,1,1,1e-06,0.0
1,0.0018885135650634766,1,1,1e-06,0.0
1,0.002623319625854492,1,1,1e-06,0.0
1,0.003537416458129883,1,1,1e-06,0.0
1,0.002569437026977539,1,1,1e-06,0.0
1,0.0023941993713378906,1,1,1e-06,0.0
1,0.0028874874114990234,1,1,1e-06,0.0
1,0.0024063587188720703,1,1,1e-06,0.0
1,0.003096342086791992,1,1,1e-06,0.0
1,0.002048492431640625,1,1,1e-06,0.0
1,0.002968311309814453,1,1,1e-06,0.0
1,0.0031728744506835938,1,1,1e-06,0.0
1,0.003177642822265625,1,1,1e-06,0.0
1,0.0037927627563476562,1,1,1e-06,0.0
1,0.0031266212463378906,1,1,1e-06,0.0
1,0.0021064281463623047,1,1,1e-06,0.0
1,0.0027129650115966797,1,1,1e-06,0.0
1,0.003524303436279297,1,1,1e-06,0.0
1,0.0034520626068115234,1,1,1e-06,0.0
1,0.002659320831298828,1,1,1e-06,0.0
1,0.0028204917907714844,1,1,1e-06,0.0
1,0.0030355453491210938,1,1,1e-06,0.0
1,0.0025908946990966797,1,1,1e-06,0.0
1,0.0029947757720947266,1,1,1e-06,0.0
1,0.0032646656036376953,1,1,1e-06,0.0
1,0.002654552459716797,1,1,1e-06,0.0
1,0.002297639846801758,1,1,1e-06,0.0
1,0.00360870361328125,1,1,1e-06,0.0
1,0.00165557861328125,1,1,1e-06,0.0
1,0.0021903514862060547,1,1,1e-06,0.0
1,0.0030279159545898438,1,1,1e-06,0.0
1,0.002653837203979492,1,1,1e-06,0.0
1,0.0027914047241210938,1,1,1e-06,0.0
1,0.0025682449340820312,1,1,1e-06,0.0
1,0.0033257007598876953,1,1,1e-06,0.0
1,0.003267526626586914,1,1,1e-06,0.0
1,0.0030679702758789062,1,1,1e-06,0.0
1,0.002657175064086914,1,1,1e-06,0.0
1,0.0031900405883789062,1,1,1e-06,0.0
1,0.0027801990509033203,1,1,1e-06,0.0
1,0.0025758743286132812,1,1,1e-06,0.0
1,0.002476930618286133,1,1,1e-06,0.0
1,0.002119302749633789,1,1,1e-06,0.0
1,0.0018787384033203125,1,1,1e-06,0.0
1,0.0036623477935791016,1,1,1e-06,0.0
1,0.002606630325317383,1,1,1e-06,0.0
1,0.002483367919921875,1,1,1e-06,0.0
1,0.004124164581298828,1,1,1e-06,0.0
1,0.001672983169555664,1,1,1e-06,0.0
1,0.0015263557434082031,1,1,1e-06,0.0
1,0.001813650131225586,1,1,1e-06,0.0
1,0.001901865005493164,1,1,1e-06,0.0
1,0.0018181800842285156,1,1,1e-06,0.0
1,0.0017576217651367188,1,1,1e-06,0.0
1,0.0016248226165771484,1,1,1e-06,0.0
1,0.0025153160095214844,1,1,1e-06,0.0
1,0.0026466846466064453,1,1,1e-06,0.0
1,0.0859372615814209,1,1,1e-06,0.0
1,0.0075931549072265625,1,1,1e-06,0.0
1,0.0018994808197021484,1,1,1e-06,0.0
1,0.0017914772033691406,1,1,1e-06,0.0
1,0.001735687255859375,1,1,1e-06,0.0
1,0.0018467903137207031,1,1,1e-06,0.0
1,0.0015366077423095703,1,1,1e-06,0.0
1,0.0014464855194091797,1,1,1e-06,0.0
1,0.002767801284790039,1,1,1e-06,0.0
1,0.0021631717681884766,1,1,1e-06,0.0
1,0.001695871353149414,1,1,1e-06,0.0
1,0.002016782760620117,1,1,1e-06,0.0
1,0.001550436019897461,1,1,1e-06,0.0
1,0.0015871524810791016,1,1,1e-06,0.0
1,0.0016417503356933594,1,1,1e-06,0.0
1,0.0016889572143554688,1,1,1e-06,0.0
1,0.0018050670623779297,1,1,1e-06,0.0
1,0.0028727054595947266,1,1,1e-06,0.0
1,0.002044677734375,1,1,1e-06,0.0
1,0.0018630027770996094,1,1,1e-06,0.0
1,0.002206563949584961,1,1,1e-06,0.0
1,0.0019693374633789062,1,1,1e-06,0.0
1,0.0016446113586425781,1,1,1e-06,0.0
1,0.0016164779663085938,1,1,1e-06,0.0
1,0.0032465457916259766,1,1,1e-06,0.0
1,0.0025467872619628906,1,1,1e-06,0.0
1,0.002270221710205078,1,1,1e-06,0.0
1,0.0017330646514892578,1,1,1e-06,0.0
1,0.0014727115631103516,1,1,1e-06,0.0
1,0.0015308856964111328,1,1,1e-06,0.0
1,0.01832723617553711,1,1,1e-06,0.0
1,0.0032341480255126953,1,1,1e-06,0.0
1,0.0017173290252685547,1,1,1e-06,0.0
1,0.0019686222076416016,1,1,1e-06,0.0
1,0.0025849342346191406,1,1,1e-06,0.0
1,0.0015401840209960938,1,1,1e-06,0.0
1,0.0017650127410888672,1,1,1e-06,0.0
1,0.0015239715576171875,1,1,1e-06,0.0
1,0.0017011165618896484,1,1,1e-06,0.0
1,0.0021903514862060547,1,1,1e-06,0.0
1,0.00209808349609375,1,1,1e-06,0.0
1,0.0019392967224121094,1,1,1e-06,0.0
1,0.002271413803100586,1,1,1e-06,0.0
1,0.0021359920501708984,1,1,1e-06,0.0
1,0.002386808395385742,1,1,1e-06,0.0
1,0.0018069744110107422,1,1,1e-06,0.0
1,0.001771688461303711,1,1,1e-06,0.0
1,0.0019087791442871094,1,1,1e-06,0.0
1,0.0019021034240722656,1,1,1e-06,0.0
1,0.0029938220977783203,1,1,1e-06,0.0
1,0.0024416446685791016,1,1,1e-06,0.0
1,0.0018465518951416016,1,1,1e-06,0.0
1,0.0015435218811035156,1,1,1e-06,0.0
1,0.0015933513641357422,1,1,1e-06,0.0
1,0.0017266273498535156,1,1,1e-06,0.0
1,0.0014929771423339844,1,1,1e-06,0.0
1,0.0031142234802246094,1,1,1e-06,0.0
1,0.002038240432739258,1,1,1e-06,0.0
1,0.0026254653930664062,1,1,1e-06,0.0
1,0.0023627281188964844,1,1,1e-06,0.0
1,0.002077341079711914,1,1,1e-06,0.0
1,0.0019829273223876953,1,1,1e-06,0.0
1,0.0020902156829833984,1,1,1e-06,0.0
1,0.0017282962799072266,1,1,1e-06,0.0
1,0.001354217529296875,1,1,1e-06,0.0
1,0.0029053688049316406,1,1,1e-06,0.0
1,0.002080202102661133,1,1,1e-06,0.0
1,0.001978158950805664,1,1,1e-06,0.0
1,0.002154111862182617,1,1,1e-06,0.0
1,0.002050638198852539,1,1,1e-06,0.0
1,0.0017609596252441406,1,1,1e-06,0.0
1,0.0017321109771728516,1,1,1e-06,0.0
1,0.002001523971557617,1,1,1e-06,0.0
1,0.011237144470214844,1,1,1e-06,0.0
1,0.003269672393798828,1,1,1e-06,0.0
1,0.002250194549560547,1,1,1e-06,0.0
1,0.0018215179443359375,1,1,1e-06,0.0
1,0.001988649368286133,1,1,1e-06,0.0
1,0.0016112327575683594,1,1,1e-06,0.0
1,0.0019812583923339844,1,1,1e-06,0.0
1,0.001661062240600586,1,1,1e-06,0.0
1,0.0019102096557617188,1,1,1e-06,0.0
1,0.0023686885833740234,1,1,1e-06,0.0
1,0.001992464065551758,1,1,1e-06,0.0
1,0.002096414566040039,1,1,1e-06,0.0
1,0.0024869441986083984,1,1,1e-06,0.0
1,0.002907991409301758,1,1,1e-06,0.0
1,0.0022940635681152344,1,1,1e-06,0.0
1,0.001867532730102539,1,1,1e-06,0.0
1,0.002567291259765625,1,1,1e-06,0.0
1,0.003753185272216797,1,1,1e-06,0.0
1,0.0023353099822998047,1,1,1e-06,0.0
1,0.002851247787475586,1,1,1e-06,0.0
1,0.00293731689453125,1,1,1e-06,0.0
1,0.009492635726928711,1,1,1e-06,0.0
1,0.0026903152465820312,1,1,1e-06,0.0
1,0.0022797584533691406,1,1,1e-06,0.0
1,0.0016689300537109375,1,1,1e-06,0.0
1,0.0041391849517822266,1,1,1e-06,0.0
1,0.011217117309570312,1,1,1e-06,0.0
1,0.0021965503692626953,1,1,1e-06,0.0
1,0.0025191307067871094,1,1,1e-06,0.0
1,0.0018079280853271484,1,1,1e-06,0.0
1,0.0016970634460449219,1,1,1e-06,0.0
1,0.0017535686492919922,1,1,1e-06,0.0
1,0.001968860626220703,1,1,1e-06,0.0
1,0.0022394657135009766,1,1,1e-06,0.0
1,0.0019145011901855469,1,1,1e-06,0.0
1,0.0016562938690185547,1,1,1e-06,0.0
1,0.0031173229217529297,1,1,1e-06,0.0
1,0.0024509429931640625,1,1,1e-06,0.0
1,0.0016179084777832031,1,1,1e-06,0.0
1,0.001537322998046875,1,1,1e-06,0.0
1,0.001888275146484375,1,1,1e-06,0.0
1,0.0022623538970947266,1,1,1e-06,0.0
1,0.0019614696502685547,1,1,1e-06,0.0
1,0.001703023910522461,1,1,1e-06,0.0
1,0.0019834041595458984,1,1,1e-06,0.0
1,0.0019180774688720703,1,1,1e-06,0.0
1,0.0017137527465820312,1,1,1e-06,0.0
1,0.0015828609466552734,1,1,1e-06,0.0
1,0.0019164085388183594,1,1,1e-06,0.0
1,0.002757549285888672,1,1,1e-06,0.0
1,0.002495288848876953,1,1,1e-06,0.0
1,0.004247188568115234,1,1,1e-06,0.0
1,0.004095554351806641,1,1,1e-06,0.0
1,0.0019731521606445312,1,1,1e-06,0.0
1,0.0019156932830810547,1,1,1e-06,0.0
1,0.0016262531280517578,1,1,1e-06,0.0
1,0.0023391246795654297,1,1,1e-06,0.0
1,0.0019288063049316406,1,1,1e-06,0.0
1,0.002087116241455078,1,1,1e-06,0.0
1,0.0015747547149658203,1,1,1e-06,0.0
1,0.001651763916015625,1,1,1e-06,0.0
1,0.0020062923431396484,1,1,1e-06,0.0
1,0.002585172653198242,1,1,1e-06,0.0
1,0.0026900768280029297,1,1,1e-06,0.0
1,0.0018379688262939453,1,1,1e-06,0.0
1,0.003072023391723633,1,1,1e-06,0.0
1,0.002199411392211914,1,1,1e-06,0.0
1,0.0018494129180908203,1,1,1e-06,0.0
1,0.0019311904907226562,1,1,1e-06,0.0
1,0.0014886856079101562,1,1,1e-06,0.0
1,0.001764535903930664,1,1,1e-06,0.0
1,0.0016548633575439453,1,1,1e-06,0.0
1,0.002490997314453125,1,1,1e-06,0.0
1,0.0017669200897216797,1,1,1e-06,0.0
1,0.010294437408447266,1,1,1e-06,0.0
1,0.0019998550415039062,1,1,1e-06,0.0
1,0.0026259422302246094,1,1,1e-06,0.0
1,0.004414081573486328,1,1,1e-06,0.0
1,0.0018503665924072266,1,1,1e-06,0.0
1,0.0021562576293945312,1,1,1e-06,0.0
1,0.0015118122100830078,1,1,1e-06,0.0
1,0.0016627311706542969,1,1,1e-06,0.0
1,0.0017147064208984375,1,1,1e-06,0.0
1,0.004309892654418945,1,1,1e-06,0.0
1,0.0018050670623779297,1,1,1e-06,0.0
1,0.0017955303192138672,1,1,1e-06,0.0
1,0.001954793930053711,1,1,1e-06,0.0
1,0.001992464065551758,1,1,1e-06,0.0
1,0.0017757415771484375,1,1,1e-06,0.0
1,0.0016350746154785156,1,1,1e-06,0.0
1,0.0028641223907470703,1,1,1e-06,0.0
1,0.002095460891723633,1,1,1e-06,0.0
1,0.00287628173828125,1,1,1e-06,0.0
1,0.002634763717651367,1,1,1e-06,0.0
1,0.002215147018432617,1,1,1e-06,0.0
1,0.0016934871673583984,1,1,1e-06,0.0
1,0.0012235641479492188,1,1,1e-06,0.0
1,0.001712799072265625,1,1,1e-06,0.0
1,0.002223491668701172,1,1,1e-06,0.0
1,0.0029702186584472656,1,1,1e-06,0.0
1,0.003232240676879883,1,1,1e-06,0.0
1,0.02187323570251465,1,1,1e-06,0.0
1,0.002137422561645508,1,1,1e-06,0.0
1,0.0020325183868408203,1,1,1e-06,0.0
1,0.004574775695800781,1,1,1e-06,0.0
1,0.002508401870727539,1,1,1e-06,0.0
1,0.0019674301147460938,1,1,1e-06,0.0
1,0.0016286373138427734,1,1,1e-06,0.0
1,0.0022063255310058594,1,1,1e-06,0.0
1,0.002847909927368164,1,1,1e-06,0.0
1,0.0024788379669189453,1,1,1e-06,0.0
1,0.01952648162841797,1,1,1e-06,0.0
1,0.006784200668334961,1,1,1e-06,0.0
1,0.0014820098876953125,1,1,1e-06,0.0
1,0.002481698989868164,1,1,1e-06,0.0
1,0.002194643020629883,1,1,1e-06,0.0
1,0.001996755599975586,1,1,1e-06,0.0
1,0.0015287399291992188,1,1,1e-06,0.0
1,0.001714944839477539,1,1,1e-06,0.0
1,0.0013685226440429688,1,1,1e-06,0.0
1,0.0015964508056640625,1,1,1e-06,0.0
1,0.0019087791442871094,1,1,1e-06,0.0
1,0.0014302730560302734,1,1,1e-06,0.0
1,0.0018177032470703125,1,1,1e-06,0.0
1,0.0029850006103515625,1,1,1e-06,0.0
1,0.0029010772705078125,1,1,1e-06,0.0
1,0.002035379409790039,1,1,1e-06,0.0
1,0.001508474349975586,1,1,1e-06,0.0
1,0.0018677711486816406,1,1,1e-06,0.0
1,0.00167083740234375,1,1,1e-06,0.0
1,0.001767873764038086,1,1,1e-06,0.0
1,0.002629995346069336,1,1,1e-06,0.0
1,0.00179290771484375,1,1,1e-06,0.0
1,0.002016782760620117,1,1,1e-06,0.0
1,0.0015859603881835938,1,1,1e-06,0.0
1,0.001453399658203125,1,1,1e-06,0.0
1,0.001638650894165039,1,1,1e-06,0.0
1,0.0027799606323242188,1,1,1e-06,0.0
1,0.004994630813598633,1,1,1e-06,0.0
1,0.0021767616271972656,1,1,1e-06,0.0
1,0.002474546432495117,1,1,1e-06,0.0
1,0.0019850730895996094,1,1,1e-06,0.0
1,0.0017504692077636719,1,1,1e-06,0.0
1,0.001886129379272461,1,1,1e-06,0.0
1,0.0019075870513916016,1,1,1e-06,0.0
1,0.0030374526977539062,1,1,1e-06,0.0
1,0.0026416778564453125,1,1,1e-06,0.0
1,0.0019249916076660156,1,1,1e-06,0.0
1,0.0015561580657958984,1,1,1e-06,0.0
1,0.0014426708221435547,1,1,1e-06,0.0
1,0.0018203258514404297,1,1,1e-06,0.0
1,0.0018007755279541016,1,1,1e-06,0.0
1,0.041335344314575195,1,1,1e-06,0.0
1,0.0021088123321533203,1,1,1e-06,0.0
1,0.0022754669189453125,1,1,1e-06,0.0
1,0.0019648075103759766,1,1,1e-06,0.0
1,0.00150299072265625,1,1,1e-06,0.0
1,0.0034453868865966797,1,1,1e-06,0.0
1,0.002028942108154297,1,1,1e-06,0.0
1,0.001706838607788086,1,1,1e-06,0.0
1,0.0029833316802978516,1,1,1e-06,0.0
1,0.0018489360809326172,1,1,1e-06,0.0
1,0.002195596694946289,1,1,1e-06,0.0
1,0.010717630386352539,1,1,1e-06,0.0
1,0.0045871734619140625,1,1,1e-06,0.0
1,0.0022563934326171875,1,1,1e-06,0.0
1,0.002462625503540039,1,1,1e-06,0.0
1,0.0024368762969970703,1,1,1e-06,0.0
1,0.0015571117401123047,1,1,1e-06,0.0
1,0.0012867450714111328,1,1,1e-06,0.0
1,0.0014109611511230469,1,1,1e-06,0.0
1,0.002344369888305664,1,1,1e-06,0.0
1,0.01238250732421875,1,1,1e-06,0.0
1,0.0015969276428222656,1,1,1e-06,0.0
1,0.0017783641815185547,1,1,1e-06,0.0
1,0.006418704986572266,1,1,1e-06,0.0
1,0.0025043487548828125,1,1,1e-06,0.0
1,0.002079010009765625,1,1,1e-06,0.0
0,1.0083136558532715,0,0,,0.0
1,0.002171754837036133,1,1,1e-06,0.0
1,0.002330303192138672,1,1,1e-06,0.0
1,0.0021686553955078125,1,1,1e-06,0.0
1,0.003002643585205078,1,1,1e-06,0.0
1,0.002543926239013672,1,1,1e-06,0.0
1,0.011918306350708008,1,1,1e-06,0.0
1,0.002416849136352539,1,1,1e-06,0.0
1,0.0017590522766113281,1,1,1e-06,0.0
1,0.004663705825805664,1,1,1e-06,0.0
1,0.0020568370819091797,1,1,1e-06,0.0
1,0.002075672149658203,1,1,1e-06,0.0
1,0.5015175342559814,1,1,1e-06,0.0
1,0.0016236305236816406,1,1,1e-06,0.0
1,0.0018112659454345703,1,1,1e-06,0.0
1,0.012114524841308594,1,1,1e-06,0.0
1,0.0019462108612060547,1,1,1e-06,0.0
1,0.0014965534210205078,1,1,1e-06,0.0
1,0.002103567123413086,1,1,1e-06,0.0
1,0.001238107681274414,1,1,1e-06,0.0
1,0.0014739036560058594,1,1,1e-06,0.0
1,0.0015311241149902344,1,1,1e-06,0.0
1,0.002002716064453125,1,1,1e-06,0.0
1,0.0016236305236816406,1,1,1e-06,0.0
1,0.0013155937194824219,1,1,1e-06,0.0
1,0.0018680095672607422,1,1,1e-06,0.0
1,0.0019443035125732422,1,1,1e-06,0.0
1,0.0017919540405273438,1,1,1e-06,0.0
1,0.0022301673889160156,1,1,1e-06,0.0
1,0.0021126270294189453,1,1,1e-06,0.0
1,0.0021278858184814453,1,1,1e-06,0.0
1,0.0021102428436279297,1,1,1e-06,0.0
1,0.0031697750091552734,1,1,1e-06,0.0
1,0.0025300979614257812,1,1,1e-06,0.0
1,0.0016820430755615234,1,1,1e-06,0.0
1,0.001337289810180664,1,1,1e-06,0.0
1,0.0015382766723632812,1,1,1e-06,0.0
1,0.001588582992553711,1,1,1e-06,0.0
1,0.001322031021118164,1,1,1e-06,0.0
1,0.0017676353454589844,1,1,1e-06,0.0
1,0.022947311401367188,1,1,1e-06,0.0
1,0.0016705989837646484,1,1,1e-06,0.0
1,0.0012743473052978516,1,1,1e-06,0.0
1,0.0016074180603027344,1,1,1e-06,0.0
1,0.0015285015106201172,1,1,1e-06,0.0
1,0.0016560554504394531,1,1,1e-06,0.0
1,0.002288818359375,1,1,1e-06,0.0
1,0.002009868621826172,1,1,1e-06,0.0
1,0.0019161701202392578,1,1,1e-06,0.0
1,0.0018775463104248047,1,1,1e-06,0.0
1,0.0017457008361816406,1,1,1e-06,0.0
1,0.001749277114868164,1,1,1e-06,0.0
1,0.003127574920654297,1,1,1e-06,0.0
1,0.001851797103881836,1,1,1e-06,0.0
1,0.0029304027557373047,1,1,1e-06,0.0
1,0.003299713134765625,1,1,1e-06,0.0
1,0.0027925968170166016,1,1,1e-06,0.0
1,0.0015935897827148438,1,1,1e-06,0.0
1,0.0015964508056640625,1,1,1e-06,0.0
1,0.001512765884399414,1,1,1e-06,0.0
1,0.0013461112976074219,1,1,1e-06,0.0
1,0.0027425289154052734,1,1,1e-06,0.0
1,0.001749277114868164,1,1,1e-06,0.0
1,0.001978635787963867,1,1,1e-06,0.0
1,0.0017211437225341797,1,1,1e-06,0.0
1,0.0017666816711425781,1,1,1e-06,0.0
1,0.004612445831298828,1,1,1e-06,0.0
1,0.001984834671020508,1,1,1e-06,0.0
1,0.002653360366821289,1,1,1e-06,0.0
1,0.004683971405029297,1,1,1e-06,0.0
1,0.0018346309661865234,1,1,1e-06,0.0
1,0.001542806625366211,1,1,1e-06,0.0
1,0.0014286041259765625,1,1,1e-06,0.0
1,0.0014019012451171875,1,1,1e-06,0.0
1,0.001789093017578125,1,1,1e-06,0.0
1,0.010536432266235352,1,1,1e-06,0.0
1,0.0023720264434814453,1,1,1e-06,0.0
1,0.0017256736755371094,1,1,1e-06,0.0
1,0.0022940635681152344,1,1,1e-06,0.0
1,0.002136707305908203,1,1,1e-06,0.0
1,0.004992961883544922,1,1,1e-06,0.0
1,0.0036170482635498047,1,1,1e-06,0.0
1,0.004120588302612305,1,1,1e-06,0.0
1,0.0034706592559814453,1,1,1e-06,0.0
1,0.0045201778411865234,1,1,1e-06,0.0
1,0.008808612823486328,1,1,1e-06,0.0
1,0.003966569900512695,1,1,1e-06,0.0
1,0.010741710662841797,1,1,1e-06,0.0
1,0.004219770431518555,1,1,1e-06,0.0
1,0.004075050354003906,1,1,1e-06,0.0
1,0.012140274047851562,1,1,1e-06,0.0
1,0.004664421081542969,1,1,1e-06,0.0
1,0.0026254653930664062,1,1,1e-06,0.0
1,0.002551555633544922,1,1,1e-06,0.0
1,0.010023117065429688,1,1,1e-06,0.0
1,0.0025463104248046875,1,1,1e-06,0.0
1,0.0022034645080566406,1,1,1e-06,0.0
1,0.0029816627502441406,1,1,1e-06,0.0
1,0.002382040023803711,1,1,1e-06,0.0
1,0.12419509887695312,1,1,1e-06,0.0
1,0.002920866012573242,1,1,1e-06,0.0
1,0.0023834705352783203,1,1,1e-06,0.0
1,0.0037021636962890625,1,1,1e-06,0.0
1,0.009324789047241211,1,1,1e-06,0.0
1,0.03404879570007324,1,1,1e-06,0.0
1,0.009170770645141602,1,1,1e-06,0.0
1,0.003202199935913086,1,1,1e-06,0.0
1,0.002933979034423828,1,1,1e-06,0.0
1,0.002875089645385742,1,1,1e-06,0.0
1,0.0031104087829589844,1,1,1e-06,0.0
1,0.002634286880493164,1,1,1e-06,0.0
1,0.0030303001403808594,1,1,1e-06,0.0
1,0.002458333969116211,1,1,1e-06,0.0
1,0.0038297176361083984,1,1,1e-06,0.0
1,0.0026407241821289062,1,1,1e-06,0.0
1,0.014399528503417969,1,1,1e-06,0.0
1,0.0031185150146484375,1,1,1e-06,0.0
1,0.0030896663665771484,1,1,1e-06,0.0
1,0.002378225326538086,1,1,1e-06,0.0
1,0.002566814422607422,1,1,1e-06,0.0
1,0.002911806106567383,1,1,1e-06,0.0
1,0.0028541088104248047,1,1,1e-06,0.0
1,0.002317667007446289,1,1,1e-06,0.0
1,0.0021736621856689453,1,1,1e-06,0.0
1,0.001935720443725586,1,1,1e-06,0.0
1,0.05172371864318848,1,1,1e-06,0.0
1,0.0030045509338378906,1,1,1e-06,0.0
1,0.0044269561767578125,1,1,1e-06,0.0
1,0.0027680397033691406,1,1,1e-06,0.0
1,0.002697467803955078,1,1,1e-06,0.0
1,0.0023436546325683594,1,1,1e-06,0.0
1,0.0020499229431152344,1,1,1e-06,0.0
1,0.0035729408264160156,1,1,1e-06,0.0
1,0.002980470657348633,1,1,1e-06,0.0
1,0.0023794174194335938,1,1,1e-06,0.0
1,0.0021300315856933594,1,1,1e-06,0.0
1,0.0031130313873291016,1,1,1e-06,0.0
1,0.0029942989349365234,1,1,1e-06,0.0
1,0.0026683807373046875,1,1,1e-06,0.0
1,0.002327442169189453,1,1,1e-06,0.0
1,0.0023889541625976562,1,1,1e-06,0.0
1,0.0029075145721435547,1,1,1e-06,0.0
1,0.0018951892852783203,1,1,1e-06,0.0
1,0.011918783187866211,1,1,1e-06,0.0
1,0.0024461746215820312,1,1,1e-06,0.0
1,0.0025794506072998047,1,1,1e-06,0.0
1,0.0035152435302734375,1,1,1e-06,0.0
1,0.0023517608642578125,1,1,1e-06,0.0
1,0.002569913864135742,1,1,1e-06,0.0
1,0.002651691436767578,1,1,1e-06,0.0
1,0.002465963363647461,1,1,1e-06,0.0
1,0.002901315689086914,1,1,1e-06,0.0
1,0.0025298595428466797,1,1,1e-06,0.0
1,0.0019652843475341797,1,1,1e-06,0.0
1,0.0020897388458251953,1,1,1e-06,0.0
1,0.002568960189819336,1,1,1e-06,0.0
1,0.002297639846801758,1,1,1e-06,0.0
1,0.0020918846130371094,1,1,1e-06,0.0
1,0.0027856826782226562,1,1,1e-06,0.0
1,0.003168821334838867,1,1,1e-06,0.0
1,0.0030956268310546875,1,1,1e-06,0.0
1,0.0022716522216796875,1,1,1e-06,0.0
1,0.0021986961364746094,1,1,1e-06,0.0
1,0.0023686885833740234,1,1,1e-06,0.0
1,0.003048419952392578,1,1,1e-06,0.0
1,0.0028448104858398438,1,1,1e-06,0.0
1,0.0026617050170898438,1,1,1e-06,0.0
1,0.00266265869140625,1,1,1e-06,0.0
1,0.002228975296020508,1,1,1e-06,0.0
1,0.024564743041992188,1,1,1e-06,0.0
1,0.0019366741180419922,1,1,1e-06,0.0
1,0.0025758743286132812,1,1,1e-06,0.0
1,0.0028562545776367188,1,1,1e-06,0.0
1,0.002630472183227539,1,1,1e-06,0.0
1,0.0027251243591308594,1,1,1e-06,0.0
1,0.17661476135253906,1,1,1e-06,0.0
1,0.003170013427734375,1,1,1e-06,0.0
1,0.002960205078125,1,1,1e-06,0.0
1,0.002382516860961914,1,1,1e-06,0.0
1,0.003198385238647461,1,1,1e-06,0.0
1,0.002404928207397461,1,1,1e-06,0.0
1,0.0030956268310546875,1,1,1e-06,0.0
1,0.002840280532836914,1,1,1e-06,0.0
1,0.016585350036621094,1,1,1e-06,0.0
1,0.002555370330810547,1,1,1e-06,0.0
1,0.0027785301208496094,1,1,1e-06,0.0
1,0.002228260040283203,1,1,1e-06,0.0
1,0.002277851104736328,1,1,1e-06,0.0
1,0.0029382705688476562,1,1,1e-06,0.0
1,0.022605180740356445,1,1,1e-06,0.0
1,0.002193450927734375,1,1,1e-06,0.0
1,0.0022945404052734375,1,1,1e-06,0.0
1,0.0025610923767089844,1,1,1e-06,0.0
1,0.027229785919189453,1,1,1e-06,0.0
1,0.0021407604217529297,1,1,1e-06,0.0
1,0.0019769668579101562,1,1,1e-06,0.0
1,0.0023925304412841797,1,1,1e-06,0.0
1,0.003490447998046875,1,1,1e-06,0.0
1,0.002906322479248047,1,1,1e-06,0.0
1,0.0027379989624023438,1,1,1e-06,0.0
1,0.002363920211791992,1,1,1e-06,0.0
1,0.0022106170654296875,1,1,1e-06,0.0
1,0.0020198822021484375,1,1,1e-06,0.0
1,0.0040509700775146484,1,1,1e-06,0.0
1,0.0024242401123046875,1,1,1e-06,0.0
1,0.021135568618774414,1,1,1e-06,0.0
1,0.002302408218383789,1,1,1e-06,0.0
1,0.003143787384033203,1,1,1e-06,0.0
1,0.0018067359924316406,1,1,1e-06,0.0
1,0.0023479461669921875,1,1,1e-06,0.0
1,0.0022296905517578125,1,1,1e-06,0.0
1,0.001985311508178711,1,1,1e-06,0.0
1,0.002251863479614258,1,1,1e-06,0.0
1,0.002376079559326172,1,1,1e-06,0.0
1,0.0015614032745361328,1,1,1e-06,0.0
1,0.0020117759704589844,1,1,1e-06,0.0
1,0.0017066001892089844,1,1,1e-06,0.0
1,0.0026578903198242188,1,1,1e-06,0.0
1,0.0025527477264404297,1,1,1e-06,0.0
1,0.0017690658569335938,1,1,1e-06,0.0
1,0.003820180892944336,1,1,1e-06,0.0
1,0.0019066333770751953,1,1,1e-06,0.0
1,0.012155294418334961,1,1,1e-06,0.0
1,0.002312898635864258,1,1,1e-06,0.0
1,0.0020477771759033203,1,1,1e-06,0.0
1,0.0019562244415283203,1,1,1e-06,0.0
1,0.0157015323638916,1,1,1e-06,0.0
1,0.0023207664489746094,1,1,1e-06,0.0
1,0.0023949146270751953,1,1,1e-06,0.0
1,0.002023935317993164,1,1,1e-06,0.0
1,0.0019583702087402344,1,1,1e-06,0.0
1,0.0023069381713867188,1,1,1e-06,0.0
1,0.0028176307678222656,1,1,1e-06,0.0
1,0.0022504329681396484,1,1,1e-06,0.0
1,0.0021715164184570312,1,1,1e-06,0.0
1,0.004199504852294922,1,1,1e-06,0.0
1,0.0023708343505859375,1,1,1e-06,0.0
1,0.002109527587890625,1,1,1e-06,0.0
1,0.0024213790893554688,1,1,1e-06,0.0
1,0.0023956298828125,1,1,1e-06,0.0
1,0.0021898746490478516,1,1,1e-06,0.0
1,0.0016486644744873047,1,1,1e-06,0.0
1,0.0021224021911621094,1,1,1e-06,0.0
1,0.0025784969329833984,1,1,1e-06,0.0
1,0.0022695064544677734,1,1,1e-06,0.0
1,0.0021622180938720703,1,1,1e-06,0.0
1,0.0020983219146728516,1,1,1e-06,0.0
1,0.003804922103881836,1,1,1e-06,0.0
1,0.0019061565399169922,1,1,1e-06,0.0
1,0.002003908157348633,1,1,1e-06,0.0
1,0.002391815185546875,1,1,1e-06,0.0
1,0.0018568038940429688,1,1,1e-06,0.0
1,0.0020775794982910156,1,1,1e-06,0.0
1,0.0021915435791015625,1,1,1e-06,0.0
1,0.022057771682739258,1,1,1e-06,0.0
1,0.0030295848846435547,1,1,1e-06,0.0
1,0.002244234085083008,1,1,1e-06,0.0
1,0.002759695053100586,1,1,1e-06,0.0
1,0.002603769302368164,1,1,1e-06,0.0
1,0.0020842552185058594,1,1,1e-06,0.0
1,0.0018405914306640625,1,1,1e-06,0.0
1,0.002213001251220703,1,1,1e-06,0.0
1,0.0026276111602783203,1,1,1e-06,0.0
1,0.0022165775299072266,1,1,1e-06,0.0
1,0.0018305778503417969,1,1,1e-06,0.0
1,0.0040531158447265625,1,1,1e-06,0.0
1,0.0022459030151367188,1,1,1e-06,0.0
1,0.0025887489318847656,1,1,1e-06,0.0
1,0.022158145904541016,1,1,1e-06,0.0
1,0.0026988983154296875,1,1,1e-06,0.0
1,0.0017766952514648438,1,1,1e-06,0.0
1,0.005108833312988281,1,1,1e-06,0.0
1,0.0019550323486328125,1,1,1e-06,0.0
1,0.001980304718017578,1,1,1e-06,0.0
1,0.002218008041381836,1,1,1e-06,0.0
1,0.002066373825073242,1,1,1e-06,0.0
1,0.0017659664154052734,1,1,1e-06,0.0
1,0.002137899398803711,1,1,1e-06,0.0
1,0.0022122859954833984,1,1,1e-06,0.0
1,0.001986265182495117,1,1,1e-06,0.0
1,0.0020160675048828125,1,1,1e-06,0.0
1,0.0018417835235595703,1,1,1e-06,0.0
1,0.003390789031982422,1,1,1e-06,0.0
1,0.002443075180053711,1,1,1e-06,0.0
1,0.002721071243286133,1,1,1e-06,0.0
1,0.0017685890197753906,1,1,1e-06,0.0
1,0.0023810863494873047,1,1,1e-06,0.0
1,0.0020644664764404297,1,1,1e-06,0.0
1,0.0019032955169677734,1,1,1e-06,0.0
1,0.00251007080078125,1,1,1e-06,0.0
1,0.002454042434692383,1,1,1e-06,0.0
1,0.0017261505126953125,1,1,1e-06,0.0
1,0.0028829574584960938,1,1,1e-06,0.0
1,0.0025682449340820312,1,1,1e-06,0.0
1,0.0025272369384765625,1,1,1e-06,0.0
1,0.0019428730010986328,1,1,1e-06,0.0
1,0.002422332763671875,1,1,1e-06,0.0
1,0.004701375961303711,1,1,1e-06,0.0
1,0.0017616748809814453,1,1,1e-06,0.0
1,0.002196073532104492,1,1,1e-06,0.0
1,0.0021021366119384766,1,1,1e-06,0.0
1,0.04952597618103027,1,1,1e-06,0.0
1,0.0029985904693603516,1,1,1e-06,0.0
1,0.0025010108947753906,1,1,1e-06,0.0
1,0.0016427040100097656,1,1,1e-06,0.0
1,0.0026073455810546875,1,1,1e-06,0.0
1,0.0020487308502197266,1,1,1e-06,0.0
1,0.019432544708251953,1,1,1e-06,0.0
1,0.00231170654296875,1,1,1e-06,0.0
1,0.0019752979278564453,1,1,1e-06,0.0
1,0.0023005008697509766,1,1,1e-06,0.0
1,0.002007007598876953,1,1,1e-06,0.0
1,0.0019466876983642578,1,1,1e-06,0.0
1,0.0017616748809814453,1,1,1e-06,0.0
1,0.002003908157348633,1,1,1e-06,0.0
1,0.0023956298828125,1,1,1e-06,0.0
1,0.002191781997680664,1,1,1e-06,0.0
1,0.0022683143615722656,1,1,1e-06,0.0
1,0.0019371509552001953,1,1,1e-06,0.0
1,0.002961397171020508,1,1,1e-06,0.0
1,0.0026941299438476562,1,1,1e-06,0.0
1,0.0032422542572021484,1,1,1e-06,0.0
1,0.002892732620239258,1,1,1e-06,0.0
1,0.002470731735229492,1,1,1e-06,0.0
1,0.002218484878540039,1,1,1e-06,0.0
1,0.0022954940795898438,1,1,1e-06,0.0
1,0.002008676528930664,1,1,1e-06,0.0
1,0.001699209213256836,1,1,1e-06,0.0
1,0.0020873546600341797,1,1,1e-06,0.0
1,0.006273031234741211,1,1,1e-06,0.0
1,0.002182483673095703,1,1,1e-06,0.0
1,0.0030901432037353516,1,1,1e-06,0.0
1,0.0021185874938964844,1,1,1e-06,0.0
1,0.002226114273071289,1,1,1e-06,0.0
1,0.002532958984375,1,1,1e-06,0.0
1,0.001689910888671875,1,1,1e-06,0.0
1,0.001714944839477539,1,1,1e-06,0.0
1,0.004152536392211914,1,1,1e-06,0.0
1,0.0031545162200927734,1,1,1e-06,0.0
1,0.0019958019256591797,1,1,1e-06,0.0
1,0.011558055877685547,1,1,1e-06,0.0
1,0.002204418182373047,1,1,1e-06,0.0
1,0.002025604248046875,1,1,1e-06,0.0
1,0.0021750926971435547,1,1,1e-06,0.0
1,0.002060413360595703,1,1,1e-06,0.0
1,0.0028536319732666016,1,1,1e-06,0.0
1,0.002010345458984375,1,1,1e-06,0.0
1,0.0020918846130371094,1,1,1e-06,0.0
1,0.001973867416381836,1,1,1e-06,0.0
1,0.0018863677978515625,1,1,1e-06,0.0
1,0.002284526824951172,1,1,1e-06,0.0
1,0.001977682113647461,1,1,1e-06,0.0
1,0.0017266273498535156,1,1,1e-06,0.0
1,0.0014050006866455078,1,1,1e-06,0.0
1,0.0023937225341796875,1,1,1e-06,0.0
1,0.0020470619201660156,1,1,1e-06,0.0
1,0.0030655860900878906,1,1,1e-06,0.0
1,0.0039103031158447266,1,1,1e-06,0.0
1,0.002582073211669922,1,1,1e-06,0.0
1,0.0025222301483154297,1,1,1e-06,0.0
1,0.0022954940795898438,1,1,1e-06,0.0
1,0.001878976821899414,1,1,1e-06,0.0
1,0.0020029544830322266,1,1,1e-06,0.0
1,0.0028839111328125,1,1,1e-06,0.0
1,0.0024902820587158203,1,1,1e-06,0.0
1,0.0018773078918457031,1,1,1e-06,0.0
1,0.0017769336700439453,1,1,1e-06,0.0
1,0.002346038818359375,1,1,1e-06,0.0
1,0.0017838478088378906,1,1,1e-06,0.0
1,0.002674102783203125,1,1,1e-06,0.0
1,0.0024394989013671875,1,1,1e-06,0.0
1,0.0021436214447021484,1,1,1e-06,0.0
1,0.0016884803771972656,1,1,1e-06,0.0
1,0.0039560794830322266,1,1,1e-06,0.0
1,0.002402067184448242,1,1,1e-06,0.0
1,0.08231282234191895,1,1,1e-06,0.0
1,0.0021409988403320312,1,1,1e-06,0.0
1,0.0021708011627197266,1,1,1e-06,0.0
1,0.0019686222076416016,1,1,1e-06,0.0
1,0.0026280879974365234,1,1,1e-06,0.0
1,0.0018563270568847656,1,1,1e-06,0.0
1,0.0012023448944091797,1,1,1e-06,0.0
1,0.001936197280883789,1,1,1e-06,0.0
1,0.0018231868743896484,1,1,1e-06,0.0
1,0.0021092891693115234,1,1,1e-06,0.0
1,0.0018625259399414062,1,1,1e-06,0.0
1,0.0018117427825927734,1,1,1e-06,0.0
1,0.0031197071075439453,1,1,1e-06,0.0
1,0.002154827117919922,1,1,1e-06,0.0
1,0.0019919872283935547,1,1,1e-06,0.0
1,0.0023632049560546875,1,1,1e-06,0.0
1,0.0023412704467773438,1,1,1e-06,0.0
1,0.001897573471069336,1,1,1e-06,0.0
1,0.004779815673828125,1,1,1e-06,0.0
1,0.0018415451049804688,1,1,1e-06,0.0
1,0.0015311241149902344,1,1,1e-06,0.0
1,0.009976863861083984,1,1,1e-06,0.0
1,0.002323150634765625,1,1,1e-06,0.0
1,0.002283334732055664,1,1,1e-06,0.0
1,0.0018126964569091797,1,1,1e-06,0.0
1,0.0019221305847167969,1,1,1e-06,0.0
1,0.002198934555053711,1,1,1e-06,0.0
1,0.001928567886352539,1,1,1e-06,0.0
1,0.0019488334655761719,1,1,1e-06,0.0
1,0.003123044967651367,1,1,1e-06,0.0
1,0.002278566360473633,1,1,1e-06,0.0
1,0.0018680095672607422,1,1,1e-06,0.0
1,0.0019109249114990234,1,1,1e-06,0.0
1,0.0019369125366210938,1,1,1e-06,0.0
1,0.0020775794982910156,1,1,1e-06,0.0
1,0.0019516944885253906,1,1,1e-06,0.0
1,0.0017974376678466797,1,1,1e-06,0.0
1,0.002722024917602539,1,1,1e-06,0.0
1,0.013867616653442383,1,1,1e-06,0.0
1,0.004186153411865234,1,1,1e-06,0.0
1,0.001802206039428711,1,1,1e-06,0.0
1,0.0014433860778808594,1,1,1e-06,0.0
1,0.0016782283782958984,1,1,1e-06,0.0
1,0.0015330314636230469,1,1,1e-06,0.0
1,0.0015301704406738281,1,1,1e-06,0.0
1,0.001743316650390625,1,1,1e-06,0.0
1,0.002302408218383789,1,1,1e-06,0.0
1,0.002047300338745117,1,1,1e-06,0.0
1,0.0025141239166259766,1,1,1e-06,0.0
1,0.0026619434356689453,1,1,1e-06,0.0
1,0.002274036407470703,1,1,1e-06,0.0
1,0.0019230842590332031,1,1,1e-06,0.0
1,0.0020990371704101562,1,1,1e-06,0.0
1,0.002179861068725586,1,1,1e-06,0.0
1,0.004487514495849609,1,1,1e-06,0.0
1,0.0031974315643310547,1,1,1e-06,0.0
1,0.0027680397033691406,1,1,1e-06,0.0
1,0.0019540786743164062,1,1,1e-06,0.0
1,0.0027887821197509766,1,1,1e-06,0.0
1,0.001878976821899414,1,1,1e-06,0.0
1,0.0017943382263183594,1,1,1e-06,0.0
1,0.002896547317504883,1,1,1e-06,0.0
1,0.0024039745330810547,1,1,1e-06,0.0
1,0.0018994808197021484,1,1,1e-06,0.0
1,0.0016524791717529297,1,1,1e-06,0.0
1,0.0018427371978759766,1,1,1e-06,0.0
1,0.0021905899047851562,1,1,1e-06,0.0
1,0.002962827682495117,1,1,1e-06,0.0
1,0.0030405521392822266,1,1,1e-06,0.0
1,0.018644332885742188,1,1,1e-06,0.0
1,0.0020017623901367188,1,1,1e-06,0.0
1,0.0026352405548095703,1,1,1e-06,0.0
1,0.0023720264434814453,1,1,1e-06,0.0
1,0.003220081329345703,1,1,1e-06,0.0
1,0.004985809326171875,1,1,1e-06,0.0
1,0.002337932586669922,1,1,1e-06,0.0
1,0.010191202163696289,1,1,1e-06,0.0
1,0.0028324127197265625,1,1,1e-06,0.0
1,0.0026199817657470703,1,1,1e-06,0.0
1,0.0030596256256103516,1,1,1e-06,0.0
1,0.0022430419921875,1,1,1e-06,0.0
1,0.002651214599609375,1,1,1e-06,0.0
1,0.0021393299102783203,1,1,1e-06,0.0
1,0.002041339874267578,1,1,1e-06,0.0
1,0.0018014907836914062,1,1,1e-06,0.0
1,0.003197908401489258,1,1,1e-06,0.0
1,0.00189208984375,1,1,1e-06,0.0
1,0.0023119449615478516,1,1,1e-06,0.0
1,0.0018849372863769531,1,1,1e-06,0.0
1,0.0015549659729003906,1,1,1e-06,0.0
1,0.0018041133880615234,1,1,1e-06,0.0
1,0.003288745880126953,1,1,1e-06,0.0
1,0.0023179054260253906,1,1,1e-06,0.0
1,0.0018115043640136719,1,1,1e-06,0.0
1,0.001928567886352539,1,1,1e-06,0.0
1,0.002452373504638672,1,1,1e-06,0.0
1,0.009666681289672852,1,1,1e-06,0.0
1,0.002330303192138672,1,1,1e-06,0.0
1,0.0016875267028808594,1,1,1e-06,0.0
1,0.001558065414428711,1,1,1e-06,0.0
1,0.06207537651062012,1,1,1e-06,0.0
1,0.00199127197265625,1,1,1e-06,0.0
1,0.0016405582427978516,1,1,1e-06,0.0
1,0.004893779754638672,1,1,1e-06,0.0
1,0.0019829273223876953,1,1,1e-06,0.0
1,0.0016722679138183594,1,1,1e-06,0.0
1,0.0018758773803710938,1,1,1e-06,0.0
1,0.002338409423828125,1,1,1e-06,0.0
1,0.003350496292114258,1,1,1e-06,0.0
1,0.0022535324096679688,1,1,1e-06,0.0
1,0.0015721321105957031,1,1,1e-06,0.0
1,0.0015230178833007812,1,1,1e-06,0.0
1,0.0015621185302734375,1,1,1e-06,0.0
1,0.0020334720611572266,1,1,1e-06,0.0
1,0.0021538734436035156,1,1,1e-06,0.0
1,0.002544879913330078,1,1,1e-06,0.0
1,0.002431631088256836,1,1,1e-06,0.0
1,0.0021932125091552734,1,1,1e-06,0.0
1,0.002114534378051758,1,1,1e-06,0.0
1,0.002054452896118164,1,1,1e-06,0.0
1,0.002096891403198242,1,1,1e-06,0.0
1,0.001920938491821289,1,1,1e-06,0.0
1,0.0038497447967529297,1,1,1e-06,0.0
1,0.0029904842376708984,1,1,1e-06,0.0
1,0.002267122268676758,1,1,1e-06,0.0
1,0.0017757415771484375,1,1,1e-06,0.0
1,0.0016789436340332031,1,1,1e-06,0.0
1,0.002376556396484375,1,1,1e-06,0.0
1,0.0019352436065673828,1,1,1e-06,0.0
1,0.0028023719787597656,1,1,1e-06,0.0
1,0.0027282238006591797,1,1,1e-06,0.0
1,0.0025768280029296875,1,1,1e-06,0.0
1,0.0022399425506591797,1,1,1e-06,0.0
1,0.0029332637786865234,1,1,1e-06,0.0
1,0.0020728111267089844,1,1,1e-06,0.0
1,0.0018100738525390625,1,1,1e-06,0.0
1,0.030122756958007812,1,1,1e-06,0.0
1,0.0023581981658935547,1,1,1e-06,0.0
1,0.003110647201538086,1,1,1e-06,0.0
1,0.002119302749633789,1,1,1e-06,0.0
1,0.002178192138671875,1,1,1e-06,0.0
1,0.0016217231750488281,1,1,1e-06,0.0
1,0.0019140243530273438,1,1,1e-06,0.0
1,0.0016391277313232422,1,1,1e-06,0.0
1,0.0261995792388916,1,1,1e-06,0.0
1,0.0016741752624511719,1,1,1e-06,0.0
1,0.0016901493072509766,1,1,1e-06,0.0
1,0.0018525123596191406,1,1,1e-06,0.0
1,0.0017559528350830078,1,1,1e-06,0.0
1,0.0019350051879882812,1,1,1e-06,0.0
1,0.002017498016357422,1,1,1e-06,0.0
1,0.002403736114501953,1,1,1e-06,0.0
1,0.0017447471618652344,1,1,1e-06,0.0
1,0.0018727779388427734,1,1,1e-06,0.0
1,0.00179290771484375,1,1,1e-06,0.0
1,0.0019989013671875,1,1,1e-06,0.0
1,0.002301931381225586,1,1,1e-06,0.0
1,0.003003358840942383,1,1,1e-06,0.0
1,0.006217241287231445,1,1,1e-06,0.0
1,0.001636505126953125,1,1,1e-06,0.0
1,0.002394437789916992,1,1,1e-06,0.0
1,0.0021321773529052734,1,1,1e-06,0.0
1,0.0028839111328125,1,1,1e-06,0.0
1,0.0019214153289794922,1,1,1e-06,0.0
1,0.002249002456665039,1,1,1e-06,0.0
1,0.002327442169189453,1,1,1e-06,0.0
1,0.0028846263885498047,1,1,1e-06,0.0
1,0.0018320083618164062,1,1,1e-06,0.0
1,0.0020666122436523438,1,1,1e-06,0.0
1,0.004373311996459961,1,1,1e-06,0.0
1,0.002274036407470703,1,1,1e-06,0.0
1,0.0021064281463623047,1,1,1e-06,0.0
1,0.001898050308227539,1,1,1e-06,0.0
1,0.0018589496612548828,1,1,1e-06,0.0
1,0.0021474361419677734,1,1,1e-06,0.0
1,0.0028450489044189453,1,1,1e-06,0.0
1,0.0018796920776367188,1,1,1e-06,0.0
1,0.002120494842529297,1,1,1e-06,0.0
1,0.0020253658294677734,1,1,1e-06,0.0
1,0.002691507339477539,1,1,1e-06,0.0
1,0.0018773078918457031,1,1,1e-06,0.0
1,0.0023126602172851562,1,1,1e-06,0.0
1,0.0027914047241210938,1,1,1e-06,0.0
1,0.002688169479370117,1,1,1e-06,0.0
1,0.005178928375244141,1,1,1e-06,0.0
1,0.044527292251586914,1,1,1e-06,0.0
1,0.0018048286437988281,1,1,1e-06,0.0
1,0.0024406909942626953,1,1,1e-06,0.0
1,0.0019037723541259766,1,1,1e-06,0.0
1,0.001893758773803711,1,1,1e-06,0.0
1,0.0020394325256347656,1,1,1e-06,0.0
1,0.0019593238830566406,1,1,1e-06,0.0
1,0.004548549652099609,1,1,1e-06,0.0
1,0.0017621517181396484,1,1,1e-06,0.0
1,0.0017015933990478516,1,1,1e-06,0.0
1,0.002017974853515625,1,1,1e-06,0.0
1,0.0021827220916748047,1,1,1e-06,0.0
1,0.0027425289154052734,1,1,1e-06,0.0
1,0.002007722854614258,1,1,1e-06,0.0
1,0.001705169677734375,1,1,1e-06,0.0
1,0.002354145050048828,1,1,1e-06,0.0
1,0.01256561279296875,1,1,1e-06,0.0
1,0.002473592758178711,1,1,1e-06,0.0
1,0.002297639846801758,1,1,1e-06,0.0
1,0.0016825199127197266,1,1,1e-06,0.0
1,0.0020051002502441406,1,1,1e-06,0.0
1,0.0027625560760498047,1,1,1e-06,0.0
1,0.0020055770874023438,1,1,1e-06,0.0
1,0.09306454658508301,1,1,1e-06,0.0
0,1.004945993423462,0,0,,0.0
1,0.0031261444091796875,1,1,1e-06,0.0
1,0.0025544166564941406,1,1,1e-06,0.0
1,0.002526521682739258,1,1,1e-06,0.0
1,0.003185272216796875,1,1,1e-06,0.0
1,0.0020401477813720703,1,1,1e-06,0.0
1,0.003050565719604492,1,1,1e-06,0.0
1,0.0023717880249023438,1,1,1e-06,0.0
1,0.002315044403076172,1,1,1e-06,0.0
1,0.002925395965576172,1,1,1e-06,0.0
1,0.0029382705688476562,1,1,1e-06,0.0
1,0.004380941390991211,1,1,1e-06,0.0
1,0.0036339759826660156,1,1,1e-06,0.0
1,0.0032291412353515625,1,1,1e-06,0.0
1,0.012621641159057617,1,1,1e-06,0.0
1,0.002495288848876953,1,1,1e-06,0.0
1,0.01907181739807129,1,1,1e-06,0.0
1,0.003902912139892578,1,1,1e-06,0.0
1,0.0038161277770996094,1,1,1e-06,0.0
1,0.004943370819091797,1,1,1e-06,0.0
1,0.003672361373901367,1,1,1e-06,0.0
1,0.0042018890380859375,1,1,1e-06,0.0
1,0.0076487064361572266,1,1,1e-06,0.0
1,0.011490345001220703,1,1,1e-06,0.0
1,0.017180919647216797,1,1,1e-06,0.0
1,0.0037124156951904297,1,1,1e-06,0.0
1,0.009256601333618164,1,1,1e-06,0.0
1,0.004323244094848633,1,1,1e-06,0.0
1,0.0066564083099365234,1,1,1e-06,0.0
1,0.007574558258056641,1,1,1e-06,0.0
1,0.003553152084350586,1,1,1e-06,0.0
1,0.003034830093383789,1,1,1e-06,0.0
1,0.011694669723510742,1,1,1e-06,0.0
1,0.004244565963745117,1,1,1e-06,0.0
1,0.00477910041809082,1,1,1e-06,0.0
1,0.02853703498840332,1,1,1e-06,0.0
1,0.007616519927978516,1,1,1e-06,0.0
1,0.0032415390014648438,1,1,1e-06,0.0
1,0.012528181076049805,1,1,1e-06,0.0
1,0.0028228759765625,1,1,1e-06,0.0
1,0.0051097869873046875,1,1,1e-06,0.0
1,0.003108501434326172,1,1,1e-06,0.0
1,0.00999903678894043,1,1,1e-06,0.0
1,0.003234386444091797,1,1,1e-06,0.0
1,0.002623319625854492,1,1,1e-06,0.0
1,0.13120007514953613,1,1,1e-06,0.0
1,0.008348941802978516,1,1,1e-06,0.0
1,0.012548685073852539,1,1,1e-06,0.0
1,0.005509376525878906,1,1,1e-06,0.0
1,0.10428762435913086,1,1,1e-06,0.0
1,0.0047245025634765625,1,1,1e-06,0.0
1,0.0035538673400878906,1,1,1e-06,0.0
1,0.003624439239501953,1,1,1e-06,0.0
1,0.0026264190673828125,1,1,1e-06,0.0
1,0.002744436264038086,1,1,1e-06,0.0
1,0.0023200511932373047,1,1,1e-06,0.0
1,0.002166271209716797,1,1,1e-06,0.0
1,0.0026504993438720703,1,1,1e-06,0.0
1,0.002947568893432617,1,1,1e-06,0.0
1,0.003055572509765625,1,1,1e-06,0.0
1,0.002382040023803711,1,1,1e-06,0.0
1,0.003229379653930664,1,1,1e-06,0.0
1,0.005462169647216797,1,1,1e-06,0.0
1,0.0030786991119384766,1,1,1e-06,0.0
1,0.002300739288330078,1,1,1e-06,0.0
1,0.004337787628173828,1,1,1e-06,0.0
1,0.0039882659912109375,1,1,1e-06,0.0
1,0.0025205612182617188,1,1,1e-06,0.0
1,0.002427339553833008,1,1,1e-06,0.0
1,0.002515077590942383,1,1,1e-06,0.0
1,0.016908884048461914,1,1,1e-06,0.0
1,0.0029146671295166016,1,1,1e-06,0.0
1,0.0034596920013427734,1,1,1e-06,0.0
1,0.0032024383544921875,1,1,1e-06,0.0
1,0.002559185028076172,1,1,1e-06,0.0
1,0.0030078887939453125,1,1,1e-06,0.0
1,0.0023229122161865234,1,1,1e-06,0.0
1,0.0028657913208007812,1,1,1e-06,0.0
1,0.0039038658142089844,1,1,1e-06,0.0
1,0.002658843994140625,1,1,1e-06,0.0
1,0.003734111785888672,1,1,1e-06,0.0
1,0.003103971481323242,1,1,1e-06,0.0
1,0.002772092819213867,1,1,1e-06,0.0
1,0.0035333633422851562,1,1,1e-06,0.0
1,0.004656553268432617,1,1,1e-06,0.0
1,0.0025489330291748047,1,1,1e-06,0.0
1,0.0026144981384277344,1,1,1e-06,0.0
1,0.003062009811401367,1,1,1e-06,0.0
1,0.0039424896240234375,1,1,1e-06,0.0
1,0.002780437469482422,1,1,1e-06,0.0
1,0.0028998851776123047,1,1,1e-06,0.0
1,0.0027892589569091797,1,1,1e-06,0.0
1,0.0030167102813720703,1,1,1e-06,0.0
1,0.18109917640686035,1,1,1e-06,0.0
1,0.0025556087493896484,1,1,1e-06,0.0
1,0.003718137741088867,1,1,1e-06,0.0
1,0.002766132354736328,1,1,1e-06,0.0
1,0.013963699340820312,1,1,1e-06,0.0
1,0.003179311752319336,1,1,1e-06,0.0
1,0.24713802337646484,1,1,1e-06,0.0
1,0.0020084381103515625,1,1,1e-06,0.0
1,0.002438068389892578,1,1,1e-06,0.0
1,0.0021767616271972656,1,1,1e-06,0.0
1,0.006021022796630859,1,1,1e-06,0.0
1,0.0019593238830566406,1,1,1e-06,0.0
1,0.012565374374389648,1,1,1e-06,0.0
1,0.001729726791381836,1,1,1e-06,0.0
1,0.0029494762420654297,1,1,1e-06,0.0
1,0.0020477771759033203,1,1,1e-06,0.0
1,0.0017809867858886719,1,1,1e-06,0.0
1,0.0015940666198730469,1,1,1e-06,0.0
1,0.002362966537475586,1,1,1e-06,0.0
1,0.001672983169555664,1,1,1e-06,0.0
1,0.0031859874725341797,1,1,1e-06,0.0
1,0.0026454925537109375,1,1,1e-06,0.0
1,0.0023040771484375,1,1,1e-06,0.0
1,0.002168893814086914,1,1,1e-06,0.0
1,0.00252532958984375,1,1,1e-06,0.0
1,0.0020956993103027344,1,1,1e-06,0.0
1,0.0017457008361816406,1,1,1e-06,0.0
1,0.001880645751953125,1,1,1e-06,0.0
1,0.0021390914916992188,1,1,1e-06,0.0
1,0.002400636672973633,1,1,1e-06,0.0
1,0.0019266605377197266,1,1,1e-06,0.0
1,0.0018775463104248047,1,1,1e-06,0.0
1,0.02836012840270996,1,1,1e-06,0.0
1,0.0021266937255859375,1,1,1e-06,0.0
1,0.0019576549530029297,1,1,1e-06,0.0
1,0.0022118091583251953,1,1,1e-06,0.0
1,0.0026335716247558594,1,1,1e-06,0.0
1,0.0023691654205322266,1,1,1e-06,0.0
1,0.0029997825622558594,1,1,1e-06,0.0
1,0.0023310184478759766,1,1,1e-06,0.0
1,0.0023314952850341797,1,1,1e-06,0.0
1,0.002496480941772461,1,1,1e-06,0.0
1,0.0031418800354003906,1,1,1e-06,0.0
1,0.0024309158325195312,1,1,1e-06,0.0
1,0.0023436546325683594,1,1,1e-06,0.0
1,0.0018324851989746094,1,1,1e-06,0.0
1,0.0024814605712890625,1,1,1e-06,0.0
1,0.002176046371459961,1,1,1e-06,0.0
1,0.002113819122314453,1,1,1e-06,0.0
1,0.004681825637817383,1,1,1e-06,0.0
1,0.002823352813720703,1,1,1e-06,0.0
1,0.0023522377014160156,1,1,1e-06,0.0
1,0.0019452571868896484,1,1,1e-06,0.0
1,0.0026350021362304688,1,1,1e-06,0.0
1,0.002362489700317383,1,1,1e-06,0.0
1,0.0021469593048095703,1,1,1e-06,0.0
1,0.002070903778076172,1,1,1e-06,0.0
1,0.002042531967163086,1,1,1e-06,0.0
1,0.0019230842590332031,1,1,1e-06,0.0
1,0.0018193721771240234,1,1,1e-06,0.0
1,0.0032095909118652344,1,1,1e-06,0.0
1,0.0033159255981445312,1,1,1e-06,0.0
1,0.002534151077270508,1,1,1e-06,0.0
1,0.04246020317077637,1,1,1e-06,0.0
1,0.00246429443359375,1,1,1e-06,0.0
1,0.0018017292022705078,1,1,1e-06,0.0
1,0.002736330032348633,1,1,1e-06,0.0
1,0.005805253982543945,1,1,1e-06,0.0
1,0.0020596981048583984,1,1,1e-06,0.0
1,0.0021660327911376953,1,1,1e-06,0.0
1,0.001767873764038086,1,1,1e-06,0.0
1,0.0022475719451904297,1,1,1e-06,0.0
1,0.0021064281463623047,1,1,1e-06,0.0
1,0.002135753631591797,1,1,1e-06,0.0
1,0.0018603801727294922,1,1,1e-06,0.0
1,0.0020627975463867188,1,1,1e-06,0.0
1,0.0018918514251708984,1,1,1e-06,0.0
1,0.002893686294555664,1,1,1e-06,0.0
1,0.002168416976928711,1,1,1e-06,0.0
1,0.002434968948364258,1,1,1e-06,0.0
1,0.0048139095306396484,1,1,1e-06,0.0
1,0.01082921028137207,1,1,1e-06,0.0
1,0.002760648727416992,1,1,1e-06,0.0
1,0.002025604248046875,1,1,1e-06,0.0
1,0.0023560523986816406,1,1,1e-06,0.0
1,0.30928874015808105,1,1,1e-06,0.0
1,0.0017130374908447266,1,1,1e-06,0.0
1,0.0021009445190429688,1,1,1e-06,0.0
1,0.0018968582153320312,1,1,1e-06,0.0
1,0.0016148090362548828,1,1,1e-06,0.0
1,0.0016620159149169922,1,1,1e-06,0.0
1,0.0021071434020996094,1,1,1e-06,0.0
1,0.0018625259399414062,1,1,1e-06,0.0
1,0.001973390579223633,1,1,1e-06,0.0
1,0.001825094223022461,1,1,1e-06,0.0
1,0.00194549560546875,1,1,1e-06,0.0
1,0.0022351741790771484,1,1,1e-06,0.0
1,0.0036194324493408203,1,1,1e-06,0.0
1,0.0020477771759033203,1,1,1e-06,0.0
1,0.0019617080688476562,1,1,1e-06,0.0
1,0.023064851760864258,1,1,1e-06,0.0
1,0.0023446083068847656,1,1,1e-06,0.0
1,0.0020208358764648438,1,1,1e-06,0.0
1,0.0021812915802001953,1,1,1e-06,0.0
1,0.002456188201904297,1,1,1e-06,0.0
1,0.012307167053222656,1,1,1e-06,0.0
1,0.0032057762145996094,1,1,1e-06,0.0
1,0.0018723011016845703,1,1,1e-06,0.0
1,0.0021810531616210938,1,1,1e-06,0.0
1,0.0016601085662841797,1,1,1e-06,0.0
1,0.0028040409088134766,1,1,1e-06,0.0
1,0.002986907958984375,1,1,1e-06,0.0
1,0.002365589141845703,1,1,1e-06,0.0
1,0.0017826557159423828,1,1,1e-06,0.0
1,0.0021238327026367188,1,1,1e-06,0.0
1,0.0026769638061523438,1,1,1e-06,0.0
1,0.0021009445190429688,1,1,1e-06,0.0
1,0.0018358230590820312,1,1,1e-06,0.0
1,0.0017464160919189453,1,1,1e-06,0.0
1,0.002396106719970703,1,1,1e-06,0.0
1,0.0020134449005126953,1,1,1e-06,0.0
1,0.0018448829650878906,1,1,1e-06,0.0
1,0.0018982887268066406,1,1,1e-06,0.0
1,0.0022513866424560547,1,1,1e-06,0.0
1,0.0020554065704345703,1,1,1e-06,0.0
1,0.001527547836303711,1,1,1e-06,0.0
1,0.002717733383178711,1,1,1e-06,0.0
1,0.0027701854705810547,1,1,1e-06,0.0
1,0.002328634262084961,1,1,1e-06,0.0
1,0.0014047622680664062,1,1,1e-06,0.0
1,0.0029354095458984375,1,1,1e-06,0.0
1,0.002164602279663086,1,1,1e-06,0.0
1,0.002019643783569336,1,1,1e-06,0.0
1,0.0018672943115234375,1,1,1e-06,0.0
1,0.0020742416381835938,1,1,1e-06,0.0
1,0.0028061866760253906,1,1,1e-06,0.0
1,0.012929201126098633,1,1,1e-06,0.0
1,0.003493785858154297,1,1,1e-06,0.0
1,0.0018050670623779297,1,1,1e-06,0.0
1,0.0018503665924072266,1,1,1e-06,0.0
1,0.00238037109375,1,1,1e-06,0.0
1,0.0022461414337158203,1,1,1e-06,0.0
1,0.0021986961364746094,1,1,1e-06,0.0
1,0.002484560012817383,1,1,1e-06,0.0
1,0.0023345947265625,1,1,1e-06,0.0
1,0.0021321773529052734,1,1,1e-06,0.0
1,0.0018506050109863281,1,1,1e-06,0.0
1,0.002490997314453125,1,1,1e-06,0.0
1,0.006031036376953125,1,1,1e-06,0.0
1,0.0022835731506347656,1,1,1e-06,0.0
1,0.0018548965454101562,1,1,1e-06,0.0
1,0.0018699169158935547,1,1,1e-06,0.0
1,0.0015990734100341797,1,1,1e-06,0.0
1,0.0017859935760498047,1,1,1e-06,0.0
1,0.001981973648071289,1,1,1e-06,0.0
1,0.00222015380859375,1,1,1e-06,0.0
1,0.002437114715576172,1,1,1e-06,0.0
1,0.0019071102142333984,1,1,1e-06,0.0
1,0.0020406246185302734,1,1,1e-06,0.0
1,0.0016925334930419922,1,1,1e-06,0.0
1,0.0024750232696533203,1,1,1e-06,0.0
1,0.001809835433959961,1,1,1e-06,0.0
1,0.003985166549682617,1,1,1e-06,0.0
1,0.0029206275939941406,1,1,1e-06,0.0
1,0.0021545886993408203,1,1,1e-06,0.0
1,0.0017750263214111328,1,1,1e-06,0.0
1,0.002535581588745117,1,1,1e-06,0.0
1,0.0026013851165771484,1,1,1e-06,0.0
1,0.0017561912536621094,1,1,1e-06,0.0
1,0.003160238265991211,1,1,1e-06,0.0
1,0.0020079612731933594,1,1,1e-06,0.0
1,0.0018012523651123047,1,1,1e-06,0.0
1,0.001983165740966797,1,1,1e-06,0.0
1,0.002117633819580078,1,1,1e-06,0.0
1,0.0021610260009765625,1,1,1e-06,0.0
1,0.004282236099243164,1,1,1e-06,0.0
1,0.0021767616271972656,1,1,1e-06,0.0
1,0.0016040802001953125,1,1,1e-06,0.0
1,0.0017130374908447266,1,1,1e-06,0.0
1,0.0026917457580566406,1,1,1e-06,0.0
1,0.011311769485473633,1,1,1e-06,0.0
1,0.0020601749420166016,1,1,1e-06,0.0
1,0.0017902851104736328,1,1,1e-06,0.0
1,0.002147197723388672,1,1,1e-06,0.0
1,0.0016567707061767578,1,1,1e-06,0.0
1,0.0019023418426513672,1,1,1e-06,0.0
1,0.004084348678588867,1,1,1e-06,0.0
1,0.002430438995361328,1,1,1e-06,0.0
1,0.0018930435180664062,1,1,1e-06,0.0
1,0.0015435218811035156,1,1,1e-06,0.0
1,0.0018229484558105469,1,1,1e-06,0.0
1,0.0022478103637695312,1,1,1e-06,0.0
1,0.02591538429260254,1,1,1e-06,0.0
1,0.0018589496612548828,1,1,1e-06,0.0
1,0.0021233558654785156,1,1,1e-06,0.0
1,0.002444028854370117,1,1,1e-06,0.0
1,0.0036079883575439453,1,1,1e-06,0.0
1,0.0049173831939697266,1,1,1e-06,0.0
1,0.002069234848022461,1,1,1e-06,0.0
1,0.0022029876708984375,1,1,1e-06,0.0
1,0.002337217330932617,1,1,1e-06,0.0
1,0.002371072769165039,1,1,1e-06,0.0
1,0.0024521350860595703,1,1,1e-06,0.0
1,0.0034513473510742188,1,1,1e-06,0.0
1,0.0020956993103027344,1,1,1e-06,0.0
1,0.003160715103149414,1,1,1e-06,0.0
1,0.002871990203857422,1,1,1e-06,0.0
1,0.011515140533447266,1,1,1e-06,0.0
1,0.002405881881713867,1,1,1e-06,0.0
1,0.002141237258911133,1,1,1e-06,0.0
1,0.0035400390625,1,1,1e-06,0.0
1,0.002690553665161133,1,1,1e-06,0.0
1,0.002489805221557617,1,1,1e-06,0.0
1,0.002494335174560547,1,1,1e-06,0.0
1,0.0029783248901367188,1,1,1e-06,0.0
1,0.0021483898162841797,1,1,1e-06,0.0
1,0.0032393932342529297,1,1,1e-06,0.0
1,0.0024788379669189453,1,1,1e-06,0.0
1,0.002077341079711914,1,1,1e-06,0.0
1,0.0023446083068847656,1,1,1e-06,0.0
1,0.002424478530883789,1,1,1e-06,0.0
1,0.002207040786743164,1,1,1e-06,0.0
1,0.1034095287322998,1,1,1e-06,0.0
1,0.0021944046020507812,1,1,1e-06,0.0
1,0.0016050338745117188,1,1,1e-06,0.0
1,0.0016379356384277344,1,1,1e-06,0.0
1,0.0014636516571044922,1,1,1e-06,0.0
1,0.002562284469604492,1,1,1e-06,0.0
1,0.0020613670349121094,1,1,1e-06,0.0
1,0.0018818378448486328,1,1,1e-06,0.0
1,0.0020470619201660156,1,1,1e-06,0.0
1,0.0018849372863769531,1,1,1e-06,0.0
1,0.013022184371948242,1,1,1e-06,0.0
1,0.0024919509887695312,1,1,1e-06,0.0
1,0.00201416015625,1,1,1e-06,0.0
1,0.0018341541290283203,1,1,1e-06,0.0
1,0.0019297599792480469,1,1,1e-06,0.0
1,0.0023403167724609375,1,1,1e-06,0.0
1,0.012387752532958984,1,1,1e-06,0.0
1,0.0024530887603759766,1,1,1e-06,0.0
1,0.023845195770263672,1,1,1e-06,0.0
1,0.002280712127685547,1,1,1e-06,0.0
1,0.0018336772918701172,1,1,1e-06,0.0
1,0.0018019676208496094,1,1,1e-06,0.0
1,0.002120494842529297,1,1,1e-06,0.0
1,0.0017964839935302734,1,1,1e-06,0.0
1,0.0022499561309814453,1,1,1e-06,0.0
1,0.004369020462036133,1,1,1e-06,0.0
1,0.0018610954284667969,1,1,1e-06,0.0
1,0.001621246337890625,1,1,1e-06,0.0
1,0.002178668975830078,1,1,1e-06,0.0
1,0.0018880367279052734,1,1,1e-06,0.0
1,0.002199888229370117,1,1,1e-06,0.0
1,0.003366708755493164,1,1,1e-06,0.0
1,0.001978635787963867,1,1,1e-06,0.0
1,0.0029900074005126953,1,1,1e-06,0.0
1,0.0020766258239746094,1,1,1e-06,0.0
1,0.0017437934875488281,1,1,1e-06,0.0
1,0.0014941692352294922,1,1,1e-06,0.0
1,0.0025823116302490234,1,1,1e-06,0.0
1,0.0026388168334960938,1,1,1e-06,0.0
1,0.0028219223022460938,1,1,1e-06,0.0
1,0.004831552505493164,1,1,1e-06,0.0
1,0.003048419952392578,1,1,1e-06,0.0
1,0.002607107162475586,1,1,1e-06,0.0
1,0.0021283626556396484,1,1,1e-06,0.0
1,0.0032148361206054688,1,1,1e-06,0.0
1,0.002470731735229492,1,1,1e-06,0.0
1,0.0016887187957763672,1,1,1e-06,0.0
1,0.0018107891082763672,1,1,1e-06,0.0
1,0.0021805763244628906,1,1,1e-06,0.0
1,0.0023508071899414062,1,1,1e-06,0.0
1,0.0017361640930175781,1,1,1e-06,0.0
1,0.003584146499633789,1,1,1e-06,0.0
1,0.0035314559936523438,1,1,1e-06,0.0
1,0.004403352737426758,1,1,1e-06,0.0
1,0.002765655517578125,1,1,1e-06,0.0
1,0.004060268402099609,1,1,1e-06,0.0
1,0.0018815994262695312,1,1,1e-06,0.0
1,0.0022118091583251953,1,1,1e-06,0.0
1,0.0021371841430664062,1,1,1e-06,0.0
1,0.0024733543395996094,1,1,1e-06,0.0
1,0.002178668975830078,1,1,1e-06,0.0
1,0.003462076187133789,1,1,1e-06,0.0
1,0.00315093994140625,1,1,1e-06,0.0
1,0.0028116703033447266,1,1,1e-06,0.0
1,0.004149913787841797,1,1,1e-06,0.0
1,0.002129077911376953,1,1,1e-06,0.0
1,0.0040111541748046875,1,1,1e-06,0.0
1,0.0035469532012939453,1,1,1e-06,0.0
1,0.001728057861328125,1,1,1e-06,0.0
1,0.002694845199584961,1,1,1e-06,0.0
1,0.016315460205078125,1,1,1e-06,0.0
1,0.003100872039794922,1,1,1e-06,0.0
1,0.002018451690673828,1,1,1e-06,0.0
1,0.0020895004272460938,1,1,1e-06,0.0
1,0.0029587745666503906,1,1,1e-06,0.0
1,0.0033655166625976562,1,1,1e-06,0.0
1,0.0025680065155029297,1,1,1e-06,0.0
1,0.002479076385498047,1,1,1e-06,0.0
1,0.004044294357299805,1,1,1e-06,0.0
1,0.003087282180786133,1,1,1e-06,0.0
1,0.0035300254821777344,1,1,1e-06,0.0
1,0.0033826828002929688,1,1,1e-06,0.0
1,0.0021982192993164062,1,1,1e-06,0.0
1,0.0022597312927246094,1,1,1e-06,0.0
1,0.003927707672119141,1,1,1e-06,0.0
1,0.003526449203491211,1,1,1e-06,0.0
1,0.0024874210357666016,1,1,1e-06,0.0
1,0.019342422485351562,1,1,1e-06,0.0
1,0.002644777297973633,1,1,1e-06,0.0
1,0.001941680908203125,1,1,1e-06,0.0
1,0.0022368431091308594,1,1,1e-06,0.0
1,0.0018379688262939453,1,1,1e-06,0.0
1,0.0019989013671875,1,1,1e-06,0.0
1,0.002306222915649414,1,1,1e-06,0.0
1,0.0019483566284179688,1,1,1e-06,0.0
1,0.0017113685607910156,1,1,1e-06,0.0
1,0.0016396045684814453,1,1,1e-06,0.0
1,0.0492861270904541,1,1,1e-06,0.0
1,0.002234220504760742,1,1,1e-06,0.0
1,0.0016934871673583984,1,1,1e-06,0.0
1,0.0019080638885498047,1,1,1e-06,0.0
1,0.0017974376678466797,1,1,1e-06,0.0
1,0.0015187263488769531,1,1,1e-06,0.0
1,0.002283334732055664,1,1,1e-06,0.0
1,0.0019516944885253906,1,1,1e-06,0.0
1,0.002210855484008789,1,1,1e-06,0.0
1,0.0025320053100585938,1,1,1e-06,0.0
1,0.001590728759765625,1,1,1e-06,0.0
1,0.003896474838256836,1,1,1e-06,0.0
1,0.0017063617706298828,1,1,1e-06,0.0
1,0.002420186996459961,1,1,1e-06,0.0
1,0.00197601318359375,1,1,1e-06,0.0
1,0.006592273712158203,1,1,1e-06,0.0
1,0.0019860267639160156,1,1,1e-06,0.0
1,0.0017285346984863281,1,1,1e-06,0.0
1,0.0016222000122070312,1,1,1e-06,0.0
1,0.002585172653198242,1,1,1e-06,0.0
1,0.0021877288818359375,1,1,1e-06,0.0
1,0.00512385368347168,1,1,1e-06,0.0
1,0.0029413700103759766,1,1,1e-06,0.0
1,0.0016710758209228516,1,1,1e-06,0.0
1,0.0015685558319091797,1,1,1e-06,0.0
1,0.0026624202728271484,1,1,1e-06,0.0
1,0.0020291805267333984,1,1,1e-06,0.0
1,0.001936197280883789,1,1,1e-06,0.0
1,0.0018603801727294922,1,1,1e-06,0.0
1,0.0024068355560302734,1,1,1e-06,0.0
1,0.005368947982788086,1,1,1e-06,0.0
1,0.002058744430541992,1,1,1e-06,0.0
1,0.003895282745361328,1,1,1e-06,0.0
1,0.002198457717895508,1,1,1e-06,0.0
1,0.019452571868896484,1,1,1e-06,0.0
1,0.0021202564239501953,1,1,1e-06,0.0
1,0.003839254379272461,1,1,1e-06,0.0
1,0.002547025680541992,1,1,1e-06,0.0
1,0.003922939300537109,1,1,1e-06,0.0
1,0.003751993179321289,1,1,1e-06,0.0
1,0.0018668174743652344,1,1,1e-06,0.0
1,0.0020613670349121094,1,1,1e-06,0.0
1,0.0020606517791748047,1,1,1e-06,0.0
1,0.002559661865234375,1,1,1e-06,0.0
1,0.014186620712280273,1,1,1e-06,0.0
1,0.0021517276763916016,1,1,1e-06,0.0
1,0.0036945343017578125,1,1,1e-06,0.0
1,0.00241851806640625,1,1,1e-06,0.0
1,0.0021681785583496094,1,1,1e-06,0.0
1,0.0028197765350341797,1,1,1e-06,0.0
1,0.0021452903747558594,1,1,1e-06,0.0
1,0.002908945083618164,1,1,1e-06,0.0
1,0.002505064010620117,1,1,1e-06,0.0
1,0.0023763179779052734,1,1,1e-06,0.0
1,0.0019428730010986328,1,1,1e-06,0.0
1,0.0032444000244140625,1,1,1e-06,0.0
1,0.002988100051879883,1,1,1e-06,0.0
1,0.003805875778198242,1,1,1e-06,0.0
1,0.0020732879638671875,1,1,1e-06,0.0
1,0.0022623538970947266,1,1,1e-06,0.0
1,0.0018227100372314453,1,1,1e-06,0.0
1,0.002420186996459961,1,1,1e-06,0.0
1,0.00238037109375,1,1,1e-06,0.0
1,0.0021512508392333984,1,1,1e-06,0.0
1,0.0022575855255126953,1,1,1e-06,0.0
1,0.0026280879974365234,1,1,1e-06,0.0
1,0.0022101402282714844,1,1,1e-06,0.0
1,0.0017452239990234375,1,1,1e-06,0.0
1,0.002002716064453125,1,1,1e-06,0.0
1,0.002146482467651367,1,1,1e-06,0.0
1,0.0034313201904296875,1,1,1e-06,0.0
1,0.003702878952026367,1,1,1e-06,0.0
1,0.0023250579833984375,1,1,1e-06,0.0
1,0.0017583370208740234,1,1,1e-06,0.0
1,0.0016901493072509766,1,1,1e-06,0.0
1,0.0020694732666015625,1,1,1e-06,0.0
1,0.002202272415161133,1,1,1e-06,0.0
1,0.0016937255859375,1,1,1e-06,0.0
1,0.001786947250366211,1,1,1e-06,0.0
1,0.001961231231689453,1,1,1e-06,0.0
1,0.0028524398803710938,1,1,1e-06,0.0
1,0.0019364356994628906,1,1,1e-06,0.0
1,0.0020940303802490234,1,1,1e-06,0.0
1,0.001871347427368164,1,1,1e-06,0.0
1,0.03722119331359863,1,1,1e-06,0.0
1,0.001863718032836914,1,1,1e-06,0.0
1,0.0014765262603759766,1,1,1e-06,0.0
1,0.0019299983978271484,1,1,1e-06,0.0
1,0.0016939640045166016,1,1,1e-06,0.0
1,0.0016019344329833984,1,1,1e-06,0.0
1,0.0016870498657226562,1,1,1e-06,0.0
1,0.0018682479858398438,1,1,1e-06,0.0
1,0.001687765121459961,1,1,1e-06,0.0
1,0.001745462417602539,1,1,1e-06,0.0
1,0.0020449161529541016,1,1,1e-06,0.0
1,0.002150297164916992,1,1,1e-06,0.0
1,0.002443552017211914,1,1,1e-06,0.0
1,0.001773834228515625,1,1,1e-06,0.0
1,0.001653909683227539,1,1,1e-06,0.0
1,0.0019435882568359375,1,1,1e-06,0.0
1,0.002428770065307617,1,1,1e-06,0.0
1,0.00360870361328125,1,1,1e-06,0.0
1,0.01229548454284668,1,1,1e-06,0.0
1,0.0026459693908691406,1,1,1e-06,0.0
1,0.0022766590118408203,1,1,1e-06,0.0
1,0.0020325183868408203,1,1,1e-06,0.0
1,0.015942096710205078,1,1,1e-06,0.0
1,0.002190828323364258,1,1,1e-06,0.0
1,0.0015764236450195312,1,1,1e-06,0.0
1,0.0018181800842285156,1,1,1e-06,0.0
1,0.0026578903198242188,1,1,1e-06,0.0
1,0.002002716064453125,1,1,1e-06,0.0
1,0.0022192001342773438,1,1,1e-06,0.0
1,0.0022020339965820312,1,1,1e-06,0.0
1,0.0020084381103515625,1,1,1e-06,0.0
1,0.002388477325439453,1,1,1e-06,0.0
1,0.0018947124481201172,1,1,1e-06,0.0
1,0.0016622543334960938,1,1,1e-06,0.0
1,0.0018546581268310547,1,1,1e-06,0.0
1,0.018236398696899414,1,1,1e-06,0.0
1,0.0020596981048583984,1,1,1e-06,0.0
1,0.0022547245025634766,1,1,1e-06,0.0
1,0.03516221046447754,1,1,1e-06,0.0
1,0.0017545223236083984,1,1,1e-06,0.0
1,0.002245187759399414,1,1,1e-06,0.0
1,0.002004861831665039,1,1,1e-06,0.0
1,0.004227399826049805,1,1,1e-06,0.0
1,0.002307891845703125,1,1,1e-06,0.0
1,0.0020732879638671875,1,1,1e-06,0.0
1,0.0014891624450683594,1,1,1e-06,0.0
1,0.0015802383422851562,1,1,1e-06,0.0
1,0.0018968582153320312,1,1,1e-06,0.0
1,0.0014088153839111328,1,1,1e-06,0.0
1,0.0018901824951171875,1,1,1e-06,0.0
1,0.002146005630493164,1,1,1e-06,0.0
1,0.001936197280883789,1,1,1e-06,0.0
1,0.0029828548431396484,1,1,1e-06,0.0
1,0.0026464462280273438,1,1,1e-06,0.0
1,0.0030515193939208984,1,1,1e-06,0.0
1,0.003272533416748047,1,1,1e-06,0.0
1,0.0026397705078125,1,1,1e-06,0.0
1,0.0027120113372802734,1,1,1e-06,0.0
1,0.0023543834686279297,1,1,1e-06,0.0
1,0.00232696533203125,1,1,1e-06,0.0
1,0.003386974334716797,1,1,1e-06,0.0
1,0.0030694007873535156,1,1,1e-06,0.0
1,0.0030832290649414062,1,1,1e-06,0.0
1,0.003507375717163086,1,1,1e-06,0.0
1,0.002507925033569336,1,1,1e-06,0.0
1,0.0024003982543945312,1,1,1e-06,0.0
1,0.002682209014892578,1,1,1e-06,0.0
1,0.0020592212677001953,1,1,1e-06,0.0
1,0.0024003982543945312,1,1,1e-06,0.0
1,0.002085447311401367,1,1,1e-06,0.0
1,0.0016510486602783203,1,1,1e-06,0.0
1,0.0018045902252197266,1,1,1e-06,0.0
1,0.0017344951629638672,1,1,1e-06,0.0
1,0.0021855831146240234,1,1,1e-06,0.0
1,0.002529621124267578,1,1,1e-06,0.0
1,0.0018389225006103516,1,1,1e-06,0.0
1,0.0039865970611572266,1,1,1e-06,0.0
1,0.002045869827270508,1,1,1e-06,0.0
1,0.003539562225341797,1,1,1e-06,0.0
1,0.002521038055419922,1,1,1e-06,0.0
1,0.0032079219818115234,1,1,1e-06,0.0
1,0.0022573471069335938,1,1,1e-06,0.0
1,0.0018694400787353516,1,1,1e-06,0.0
1,0.0019071102142333984,1,1,1e-06,0.0
1,0.0018126964569091797,1,1,1e-06,0.0
1,0.004956245422363281,1,1,1e-06,0.0
1,0.003136157989501953,1,1,1e-06,0.0
1,0.0031337738037109375,1,1,1e-06,0.0
1,0.002413511276245117,1,1,1e-06,0.0
1,0.0020258426666259766,1,1,1e-06,0.0
1,0.0020003318786621094,1,1,1e-06,0.0
1,0.0022840499877929688,1,1,1e-06,0.0
1,0.019689321517944336,1,1,1e-06,0.0
1,0.002199411392211914,1,1,1e-06,0.0
1,0.0030319690704345703,1,1,1e-06,0.0
1,0.001986980438232422,1,1,1e-06,0.0
1,0.0022764205932617188,1,1,1e-06,0.0
1,0.005030632019042969,1,1,1e-06,0.0
1,0.0017774105072021484,1,1,1e-06,0.0
1,0.0027611255645751953,1,1,1e-06,0.0
1,0.04235410690307617,1,1,1e-06,0.0
1,0.0026319026947021484,1,1,1e-06,0.0
1,0.002363920211791992,1,1,1e-06,0.0
1,0.0023300647735595703,1,1,1e-06,0.0
1,0.1241142749786377,1,1,1e-06,0.0
1,0.0020895004272460938,1,1,1e-06,0.0
1,0.0019979476928710938,1,1,1e-06,0.0
1,0.002215147018432617,1,1,1e-06,0.0
1,0.0022344589233398438,1,1,1e-06,0.0
1,0.0024538040161132812,1,1,1e-06,0.0
1,0.0017290115356445312,1,1,1e-06,0.0
1,0.0014767646789550781,1,1,1e-06,0.0
1,0.005780696868896484,1,1,1e-06,0.0
1,0.0019073486328125,1,1,1e-06,0.0
1,0.0016727447509765625,1,1,1e-06,0.0
1,0.0012798309326171875,1,1,1e-06,0.0
1,0.002044677734375,1,1,1e-06,0.0
1,0.0014567375183105469,1,1,1e-06,0.0
1,0.0014243125915527344,1,1,1e-06,0.0
1,0.0023508071899414062,1,1,1e-06,0.0
1,0.0018000602722167969,1,1,1e-06,0.0
1,0.0016553401947021484,1,1,1e-06,0.0
1,0.0022068023681640625,1,1,1e-06,0.0
1,0.0019009113311767578,1,1,1e-06,0.0
1,0.003043651580810547,1,1,1e-06,0.0
1,0.00188446044921875,1,1,1e-06,0.0
1,0.002028942108154297,1,1,1e-06,0.0
1,0.003962993621826172,1,1,1e-06,0.0
1,0.0025398731231689453,1,1,1e-06,0.0
1,0.0016598701477050781,1,1,1e-06,0.0
1,0.0017414093017578125,1,1,1e-06,0.0
1,0.0020771026611328125,1,1,1e-06,0.0
1,0.0021893978118896484,1,1,1e-06,0.0
1,0.0018782615661621094,1,1,1e-06,0.0
1,0.004669904708862305,1,1,1e-06,0.0
1,0.0020308494567871094,1,1,1e-06,0.0
1,0.002203226089477539,1,1,1e-06,0.0
1,0.0017642974853515625,1,1,1e-06,0.0
1,0.0022459030151367188,1,1,1e-06,0.0
1,0.0035865306854248047,1,1,1e-06,0.0
1,0.003073453903198242,1,1,1e-06,0.0
1,0.002175569534301758,1,1,1e-06,0.0
1,0.0021047592163085938,1,1,1e-06,0.0
1,0.0018198490142822266,1,1,1e-06,0.0
1,0.002632617950439453,1,1,1e-06,0.0
1,0.0020515918731689453,1,1,1e-06,0.0
1,0.0026116371154785156,1,1,1e-06,0.0
1,0.001649618148803711,1,1,1e-06,0.0
1,0.0017745494842529297,1,1,1e-06,0.0
1,0.0017235279083251953,1,1,1e-06,0.0
1,0.001748800277709961,1,1,1e-06,0.0
1,0.002089262008666992,1,1,1e-06,0.0
1,0.0025644302368164062,1,1,1e-06,0.0
1,0.0033080577850341797,1,1,1e-06,0.0
1,0.0023374557495117188,1,1,1e-06,0.0
1,0.0023145675659179688,1,1,1e-06,0.0
1,0.0016551017761230469,1,1,1e-06,0.0
1,0.0014421939849853516,1,1,1e-06,0.0
1,0.0015959739685058594,1,1,1e-06,0.0
1,0.002005338668823242,1,1,1e-06,0.0
1,0.0024139881134033203,1,1,1e-06,0.0
1,0.001833200454711914,1,1,1e-06,0.0
1,0.0015707015991210938,1,1,1e-06,0.0
1,0.0018551349639892578,1,1,1e-06,0.0
1,0.0019614696502685547,1,1,1e-06,0.0
1,0.001894235610961914,1,1,1e-06,0.0
1,0.0015370845794677734,1,1,1e-06,0.0
1,0.0018100738525390625,1,1,1e-06,0.0
1,0.0026166439056396484,1,1,1e-06,0.0
1,0.00299072265625,1,1,1e-06,0.0
1,0.005107402801513672,1,1,1e-06,0.0
1,0.2326340675354004,1,1,1e-06,0.0
1,0.006364583969116211,1,1,1e-06,0.0
1,0.003077983856201172,1,1,1e-06,0.0
1,0.002206563949584961,1,1,1e-06,0.0
1,0.002020597457885742,1,1,1e-06,0.0
1,0.0019233226776123047,1,1,1e-06,0.0
1,0.0031890869140625,1,1,1e-06,0.0
1,0.0015826225280761719,1,1,1e-06,0.0
1,0.0017991065979003906,1,1,1e-06,0.0
1,0.002153158187866211,1,1,1e-06,0.0
1,0.0016052722930908203,1,1,1e-06,0.0
1,0.0021584033966064453,1,1,1e-06,0.0
1,0.002326488494873047,1,1,1e-06,0.0
1,0.0014908313751220703,1,1,1e-06,0.0
1,0.003292083740234375,1,1,1e-06,0.0
1,0.0014793872833251953,1,1,1e-06,0.0
1,0.001623392105102539,1,1,1e-06,0.0
1,0.0019338130950927734,1,1,1e-06,0.0
1,0.0016658306121826172,1,1,1e-06,0.0
1,0.0018270015716552734,1,1,1e-06,0.0
1,0.0021164417266845703,1,1,1e-06,0.0
1,0.0020072460174560547,1,1,1e-06,0.0
1,0.002832651138305664,1,1,1e-06,0.0
1,0.0017902851104736328,1,1,1e-06,0.0
1,0.0015926361083984375,1,1,1e-06,0.0
1,0.0015988349914550781,1,1,1e-06,0.0
1,0.011090517044067383,1,1,1e-06,0.0
1,0.0020008087158203125,1,1,1e-06,0.0
1,0.002000093460083008,1,1,1e-06,0.0
1,0.0024497509002685547,1,1,1e-06,0.0
1,0.003093719482421875,1,1,1e-06,0.0
1,0.002070903778076172,1,1,1e-06,0.0
1,0.0032312870025634766,1,1,1e-06,0.0
1,0.0024132728576660156,1,1,1e-06,0.0
1,0.0019795894622802734,1,1,1e-06,0.0
1,0.0016298294067382812,1,1,1e-06,0.0
1,0.0017876625061035156,1,1,1e-06,0.0
1,0.0018532276153564453,1,1,1e-06,0.0
1,0.001882314682006836,1,1,1e-06,0.0
1,0.0024967193603515625,1,1,1e-06,0.0
1,0.002405881881713867,1,1,1e-06,0.0
1,0.0024042129516601562,1,1,1e-06,0.0
1,0.001953601837158203,1,1,1e-06,0.0
1,0.0022962093353271484,1,1,1e-06,0.0
1,0.0016317367553710938,1,1,1e-06,0.0
1,0.002218484878540039,1,1,1e-06,0.0
1,0.003463268280029297,1,1,1e-06,0.0
1,0.0025904178619384766,1,1,1e-06,0.0
1,0.0022830963134765625,1,1,1e-06,0.0
1,0.0022084712982177734,1,1,1e-06,0.0
1,0.0018208026885986328,1,1,1e-06,0.0
1,0.0013813972473144531,1,1,1e-06,0.0
1,0.0013897418975830078,1,1,1e-06,0.0
1,0.002013683319091797,1,1,1e-06,0.0
1,0.0028531551361083984,1,1,1e-06,0.0
1,0.0022907257080078125,1,1,1e-06,0.0
1,0.0016863346099853516,1,1,1e-06,0.0
1,0.0029754638671875,1,1,1e-06,0.0
1,0.0022182464599609375,1,1,1e-06,0.0
1,0.0020253658294677734,1,1,1e-06,0.0
1,0.0015666484832763672,1,1,1e-06,0.0
1,0.0024099349975585938,1,1,1e-06,0.0
1,0.003164529800415039,1,1,1e-06,0.0
1,0.001821756362915039,1,1,1e-06,0.0
1,0.0017893314361572266,1,1,1e-06,0.0
1,0.0016274452209472656,1,1,1e-06,0.0
1,0.0013785362243652344,1,1,1e-06,0.0
1,0.0015714168548583984,1,1,1e-06,0.0
1,0.04261183738708496,1,1,1e-06,0.0
1,0.0018837451934814453,1,1,1e-06,0.0
1,0.002050161361694336,1,1,1e-06,0.0
1,0.0035495758056640625,1,1,1e-06,0.0
1,0.01344442367553711,1,1,1e-06,0.0
1,0.0019958019256591797,1,1,1e-06,0.0
1,0.0018146038055419922,1,1,1e-06,0.0
1,0.001905679702758789,1,1,1e-06,0.0
1,0.0022721290588378906,1,1,1e-06,0.0
1,0.002443552017211914,1,1,1e-06,0.0
1,0.0015859603881835938,1,1,1e-06,0.0
1,0.0016052722930908203,1,1,1e-06,0.0
1,0.002039670944213867,1,1,1e-06,0.0
1,0.0031735897064208984,1,1,1e-06,0.0
1,0.0020058155059814453,1,1,1e-06,0.0
1,0.0032820701599121094,1,1,1e-06,0.0
1,0.0024442672729492188,1,1,1e-06,0.0
1,0.0014679431915283203,1,1,1e-06,0.0
1,0.001703500747680664,1,1,1e-06,0.0
1,0.0017082691192626953,1,1,1e-06,0.0
1,0.002017974853515625,1,1,1e-06,0.0
1,0.0017242431640625,1,1,1e-06,0.0
1,0.00194549560546875,1,1,1e-06,0.0
1,0.0020291805267333984,1,1,1e-06,0.0
1,0.0026624202728271484,1,1,1e-06,0.0
1,0.0017242431640625,1,1,1e-06,0.0
1,0.0018467903137207031,1,1,1e-06,0.0
1,0.0019693374633789062,1,1,1e-06,0.0
1,0.0016210079193115234,1,1,1e-06,0.0
1,0.0019822120666503906,1,1,1e-06,0.0
1,0.002212047576904297,1,1,1e-06,0.0
1,0.00237274169921875,1,1,1e-06,0.0
1,0.0023336410522460938,1,1,1e-06,0.0
1,0.001844644546508789,1,1,1e-06,0.0
1,0.001733541488647461,1,1,1e-06,0.0
1,0.0026082992553710938,1,1,1e-06,0.0
1,0.0021462440490722656,1,1,1e-06,0.0
1,0.0016186237335205078,1,1,1e-06,0.0
1,0.0023107528686523438,1,1,1e-06,0.0
1,0.00186920166015625,1,1,1e-06,0.0
1,0.0025014877319335938,1,1,1e-06,0.0
1,0.0047605037689208984,1,1,1e-06,0.0
1,0.001886606216430664,1,1,1e-06,0.0
1,0.0020241737365722656,1,1,1e-06,0.0
1,0.0039048194885253906,1,1,1e-06,0.0
1,0.0025949478149414062,1,1,1e-06,0.0
1,0.0035588741302490234,1,1,1e-06,0.0
1,0.0019617080688476562,1,1,1e-06,0.0
1,0.0018720626831054688,1,1,1e-06,0.0
1,0.0019140243530273438,1,1,1e-06,0.0
1,0.01272439956665039,1,1,1e-06,0.0
1,0.002002239227294922,1,1,1e-06,0.0
1,0.00433659553527832,1,1,1e-06,0.0
1,0.0025177001953125,1,1,1e-06,0.0
1,0.0036346912384033203,1,1,1e-06,0.0
1,0.001615762710571289,1,1,1e-06,0.0
1,0.001672506332397461,1,1,1e-06,0.0
1,0.0014231204986572266,1,1,1e-06,0.0
1,0.0017976760864257812,1,1,1e-06,0.0
1,0.0017964839935302734,1,1,1e-06,0.0
1,0.0012276172637939453,1,1,1e-06,0.0
1,0.007540702819824219,1,1,1e-06,0.0
1,0.001957416534423828,1,1,1e-06,0.0
1,0.0017070770263671875,1,1,1e-06,0.0
1,0.0018312931060791016,1,1,1e-06,0.0
1,0.0014564990997314453,1,1,1e-06,0.0
1,0.0039598941802978516,1,1,1e-06,0.0
1,0.0037190914154052734,1,1,1e-06,0.0
1,0.001753091812133789,1,1,1e-06,0.0
1,0.0015900135040283203,1,1,1e-06,0.0
1,0.0017926692962646484,1,1,1e-06,0.0
1,0.002109527587890625,1,1,1e-06,0.0
1,0.0019121170043945312,1,1,1e-06,0.0
1,0.0015673637390136719,1,1,1e-06,0.0
1,0.0018088817596435547,1,1,1e-06,0.0
1,0.0022308826446533203,1,1,1e-06,0.0
1,0.0025179386138916016,1,1,1e-06,0.0
1,0.0019028186798095703,1,1,1e-06,0.0
1,0.002172708511352539,1,1,1e-06,0.0
1,0.012182474136352539,1,1,1e-06,0.0
1,0.0018832683563232422,1,1,1e-06,0.0
1,0.002895355224609375,1,1,1e-06,0.0
1,0.0020067691802978516,1,1,1e-06,0.0
1,0.0018191337585449219,1,1,1e-06,0.0
1,0.0020389556884765625,1,1,1e-06,0.0
1,0.0022847652435302734,1,1,1e-06,0.0
1,0.020891666412353516,1,1,1e-06,0.0
1,0.0017991065979003906,1,1,1e-06,0.0
1,0.0019190311431884766,1,1,1e-06,0.0
1,0.0022335052490234375,1,1,1e-06,0.0
1,0.0016930103302001953,1,1,1e-06,0.0
1,0.0018701553344726562,1,1,1e-06,0.0
1,0.0024652481079101562,1,1,1e-06,0.0
1,0.0027599334716796875,1,1,1e-06,0.0
1,0.013242721557617188,1,1,1e-06,0.0
1,0.002132892608642578,1,1,1e-06,0.0
1,0.0013685226440429688,1,1,1e-06,0.0
1,0.0016782283782958984,1,1,1e-06,0.0
1,0.0029213428497314453,1,1,1e-06,0.0
1,0.0019195079803466797,1,1,1e-06,0.0
1,0.0016131401062011719,1,1,1e-06,0.0
1,0.0015604496002197266,1,1,1e-06,0.0
1,0.002541065216064453,1,1,1e-06,0.0
1,0.001779317855834961,1,1,1e-06,0.0
1,0.0015115737915039062,1,1,1e-06,0.0
1,0.0014276504516601562,1,1,1e-06,0.0
1,0.0023860931396484375,1,1,1e-06,0.0
1,0.002256631851196289,1,1,1e-06,0.0
1,0.0017743110656738281,1,1,1e-06,0.0
1,0.003657102584838867,1,1,1e-06,0.0
1,0.0024394989013671875,1,1,1e-06,0.0
1,0.0020294189453125,1,1,1e-06,0.0
1,0.0015766620635986328,1,1,1e-06,0.0
1,0.0021507740020751953,1,1,1e-06,0.0
1,0.0020203590393066406,1,1,1e-06,0.0
1,0.001722097396850586,1,1,1e-06,0.0
1,0.002288341522216797,1,1,1e-06,0.0
1,0.002263307571411133,1,1,1e-06,0.0
1,0.0023126602172851562,1,1,1e-06,0.0
1,0.0050811767578125,1,1,1e-06,0.0
1,0.002254486083984375,1,1,1e-06,0.0
1,0.003264904022216797,1,1,1e-06,0.0
1,0.0023593902587890625,1,1,1e-06,0.0
1,0.001711130142211914,1,1,1e-06,0.0
1,0.0013539791107177734,1,1,1e-06,0.0
1,0.0015065670013427734,1,1,1e-06,0.0
1,0.0023345947265625,1,1,1e-06,0.0
1,0.0021038055419921875,1,1,1e-06,0.0
1,0.002132892608642578,1,1,1e-06,0.0
1,0.0019681453704833984,1,1,1e-06,0.0
1,0.0019719600677490234,1,1,1e-06,0.0
1,0.0021677017211914062,1,1,1e-06,0.0
1,0.0022077560424804688,1,1,1e-06,0.0
1,0.002390623092651367,1,1,1e-06,0.0
1,0.0020208358764648438,1,1,1e-06,0.0
1,0.004492044448852539,1,1,1e-06,0.0
1,0.0024442672729492188,1,1,1e-06,0.0
1,0.0014109611511230469,1,1,1e-06,0.0
1,0.022769927978515625,1,1,1e-06,0.0
1,0.0018074512481689453,1,1,1e-06,0.0
1,0.011858463287353516,1,1,1e-06,0.0
1,0.0024368762969970703,1,1,1e-06,0.0
1,0.0047762393951416016,1,1,1e-06,0.0
1,0.001954793930053711,1,1,1e-06,0.0
1,0.0016913414001464844,1,1,1e-06,0.0
1,0.0017275810241699219,1,1,1e-06,0.0
1,0.0016875267028808594,1,1,1e-06,0.0
1,0.0032660961151123047,1,1,1e-06,0.0
1,0.02830672264099121,1,1,1e-06,0.0
1,0.002198457717895508,1,1,1e-06,0.0
1,0.001695871353149414,1,1,1e-06,0.0
1,0.1827068328857422,1,1,1e-06,0.0
1,0.0021576881408691406,1,1,1e-06,0.0
1,0.002019643783569336,1,1,1e-06,0.0
1,0.002453327178955078,1,1,1e-06,0.0
1,0.0021448135375976562,1,1,1e-06,0.0
1,0.0019118785858154297,1,1,1e-06,0.0
1,0.0028235912322998047,1,1,1e-06,0.0
1,0.002486705780029297,1,1,1e-06,0.0
1,0.0016431808471679688,1,1,1e-06,0.0
1,0.0016679763793945312,1,1,1e-06,0.0
1,0.002001523971557617,1,1,1e-06,0.0
1,0.0015795230865478516,1,1,1e-06,0.0
1,0.0025131702423095703,1,1,1e-06,0.0
1,0.0016086101531982422,1,1,1e-06,0.0
1,0.0020341873168945312,1,1,1e-06,0.0
1,0.028592824935913086,1,1,1e-06,0.0
1,0.0020275115966796875,1,1,1e-06,0.0
1,0.002141714096069336,1,1,1e-06,0.0
1,0.0014643669128417969,1,1,1e-06,0.0
1,0.001737356185913086,1,1,1e-06,0.0
1,0.002135753631591797,1,1,1e-06,0.0
1,0.0017404556274414062,1,1,1e-06,0.0
1,0.0017514228820800781,1,1,1e-06,0.0
1,0.002685546875,1,1,1e-06,0.0
1,0.0018160343170166016,1,1,1e-06,0.0
1,0.0017478466033935547,1,1,1e-06,0.0
1,0.0034813880920410156,1,1,1e-06,0.0
1,0.002088308334350586,1,1,1e-06,0.0
1,0.0015370845794677734,1,1,1e-06,0.0
1,0.002075672149658203,1,1,1e-06,0.0
1,0.00456547737121582,1,1,1e-06,0.0
1,0.0020499229431152344,1,1,1e-06,0.0
1,0.001791238784790039,1,1,1e-06,0.0
1,0.0017001628875732422,1,1,1e-06,0.0
1,0.0038657188415527344,1,1,1e-06,0.0
1,0.00202178955078125,1,1,1e-06,0.0
1,0.0019268989562988281,1,1,1e-06,0.0
1,0.0020380020141601562,1,1,1e-06,0.0
1,0.0019562244415283203,1,1,1e-06,0.0
1,0.002967357635498047,1,1,1e-06,0.0
1,0.0025305747985839844,1,1,1e-06,0.0
1,0.0019197463989257812,1,1,1e-06,0.0
1,0.0018916130065917969,1,1,1e-06,0.0
1,0.0013349056243896484,1,1,1e-06,0.0
1,0.001976490020751953,1,1,1e-06,0.0
1,0.002531766891479492,1,1,1e-06,0.0
1,0.0023179054260253906,1,1,1e-06,0.0
1,0.0017087459564208984,1,1,1e-06,0.0
1,0.0019097328186035156,1,1,1e-06,0.0
1,0.0016007423400878906,1,1,1e-06,0.0
1,0.001598358154296875,1,1,1e-06,0.0
1,0.0018067359924316406,1,1,1e-06,0.0
1,0.001600503921508789,1,1,1e-06,0.0
1,0.002312898635864258,1,1,1e-06,0.0
1,0.004450798034667969,1,1,1e-06,0.0
1,0.0023288726806640625,1,1,1e-06,0.0
1,0.0019922256469726562,1,1,1e-06,0.0
1,0.0014848709106445312,1,1,1e-06,0.0
1,0.03215956687927246,1,1,1e-06,0.0
1,0.0018873214721679688,1,1,1e-06,0.0
1,0.0019040107727050781,1,1,1e-06,0.0
1,0.0019528865814208984,1,1,1e-06,0.0
1,0.0025720596313476562,1,1,1e-06,0.0
1,0.002568483352661133,1,1,1e-06,0.0
1,0.002002716064453125,1,1,1e-06,0.0
1,0.0015976428985595703,1,1,1e-06,0.0
1,0.0016596317291259766,1,1,1e-06,0.0
1,0.0017855167388916016,1,1,1e-06,0.0
1,0.002378225326538086,1,1,1e-06,0.0
1,0.001753091812133789,1,1,1e-06,0.0
1,0.0033597946166992188,1,1,1e-06,0.0
1,0.0030586719512939453,1,1,1e-06,0.0
1,0.001592397689819336,1,1,1e-06,0.0
1,0.0017194747924804688,1,1,1e-06,0.0
1,0.0014700889587402344,1,1,1e-06,0.0
1,0.0017399787902832031,1,1,1e-06,0.0
1,0.001957416534423828,1,1,1e-06,0.0
1,0.015555143356323242,1,1,1e-06,0.0
1,0.002184629440307617,1,1,1e-06,0.0
1,0.035387516021728516,1,1,1e-06,0.0
1,0.00189208984375,1,1,1e-06,0.0
1,0.0014469623565673828,1,1,1e-06,0.0
1,0.001531362533569336,1,1,1e-06,0.0
1,0.002161741256713867,1,1,1e-06,0.0
1,0.0020551681518554688,1,1,1e-06,0.0
1,0.0018036365509033203,1,1,1e-06,0.0
1,0.011422395706176758,1,1,1e-06,0.0
1,0.002017974853515625,1,1,1e-06,0.0
1,0.001561880111694336,1,1,1e-06,0.0
1,0.0027992725372314453,1,1,1e-06,0.0
1,0.0019843578338623047,1,1,1e-06,0.0
1,0.0018470287322998047,1,1,1e-06,0.0
1,0.0012967586517333984,1,1,1e-06,0.0
1,0.002320528030395508,1,1,1e-06,0.0
1,0.0017840862274169922,1,1,1e-06,0.0
1,0.0020885467529296875,1,1,1e-06,0.0
1,0.002358675003051758,1,1,1e-06,0.0
1,0.0024824142456054688,1,1,1e-06,0.0
1,0.0027022361755371094,1,1,1e-06,0.0
1,0.0023927688598632812,1,1,1e-06,0.0
1,0.02352595329284668,1,1,1e-06,0.0
1,0.002428293228149414,1,1,1e-06,0.0
1,0.0018193721771240234,1,1,1e-06,0.0
1,0.0016813278198242188,1,1,1e-06,0.0
1,0.0016770362854003906,1,1,1e-06,0.0
1,0.0016527175903320312,1,1,1e-06,0.0
1,0.0019104480743408203,1,1,1e-06,0.0
1,0.001962423324584961,1,1,1e-06,0.0
1,0.0021021366119384766,1,1,1e-06,0.0
1,0.0019876956939697266,1,1,1e-06,0.0
1,0.0019063949584960938,1,1,1e-06,0.0
1,0.002905607223510742,1,1,1e-06,0.0
1,0.002034902572631836,1,1,1e-06,0.0
1,0.002858877182006836,1,1,1e-06,0.0
1,0.0019307136535644531,1,1,1e-06,0.0
1,0.002497434616088867,1,1,1e-06,0.0
1,0.0018122196197509766,1,1,1e-06,0.0
1,0.002261638641357422,1,1,1e-06,0.0
1,0.001973390579223633,1,1,1e-06,0.0
1,0.0017459392547607422,1,1,1e-06,0.0
1,0.0013744831085205078,1,1,1e-06,0.0
1,0.002431631088256836,1,1,1e-06,0.0
1,0.002960681915283203,1,1,1e-06,0.0
1,0.002197265625,1,1,1e-06,0.0
1,0.0019507408142089844,1,1,1e-06,0.0
1,0.0021321773529052734,1,1,1e-06,0.0
1,0.0023179054260253906,1,1,1e-06,0.0
1,0.0031142234802246094,1,1,1e-06,0.0
1,0.002734661102294922,1,1,1e-06,0.0
1,0.0019712448120117188,1,1,1e-06,0.0
1,0.001840829849243164,1,1,1e-06,0.0
1,0.0020415782928466797,1,1,1e-06,0.0
1,0.00540614128112793,1,1,1e-06,0.0
1,0.0018382072448730469,1,1,1e-06,0.0
1,0.002800464630126953,1,1,1e-06,0.0
1,0.0018939971923828125,1,1,1e-06,0.0
1,0.0022628307342529297,1,1,1e-06,0.0
1,0.0019040107727050781,1,1,1e-06,0.0
1,0.0020475387573242188,1,1,1e-06,0.0
1,0.003267526626586914,1,1,1e-06,0.0
1,0.0024390220642089844,1,1,1e-06,0.0
1,0.0018739700317382812,1,1,1e-06,0.0
1,0.001819610595703125,1,1,1e-06,0.0
1,0.002261638641357422,1,1,1e-06,0.0
1,0.0021059513092041016,1,1,1e-06,0.0
1,0.0023298263549804688,1,1,1e-06,0.0
1,0.0024764537811279297,1,1,1e-06,0.0
1,0.010823249816894531,1,1,1e-06,0.0
1,0.0022559165954589844,1,1,1e-06,0.0
1,0.001638650894165039,1,1,1e-06,0.0
1,0.0034172534942626953,1,1,1e-06,0.0
1,0.0035562515258789062,1,1,1e-06,0.0
1,0.0018973350524902344,1,1,1e-06,0.0
1,0.002660512924194336,1,1,1e-06,0.0
1,0.002282381057739258,1,1,1e-06,0.0
1,0.0017094612121582031,1,1,1e-06,0.0
1,0.004088163375854492,1,1,1e-06,0.0
1,0.0017113685607910156,1,1,1e-06,0.0
1,0.0018754005432128906,1,1,1e-06,0.0
1,0.0016417503356933594,1,1,1e-06,0.0
1,0.002904653549194336,1,1,1e-06,0.0
1,0.0029954910278320312,1,1,1e-06,0.0
1,0.028005123138427734,1,1,1e-06,0.0
1,0.0031778812408447266,1,1,1e-06,0.0
1,0.001974821090698242,1,1,1e-06,0.0
1,0.010919570922851562,1,1,1e-06,0.0
1,0.002621173858642578,1,1,1e-06,0.0
1,0.0036115646362304688,1,1,1e-06,0.0
1,0.002129793167114258,1,1,1e-06,0.0
1,0.001661539077758789,1,1,1e-06,0.0
1,0.0017044544219970703,1,1,1e-06,0.0
1,0.012347936630249023,1,1,1e-06,0.0
1,0.001682281494140625,1,1,1e-06,0.0
1,0.0015137195587158203,1,1,1e-06,0.0
1,0.001495361328125,1,1,1e-06,0.0
1,0.0018444061279296875,1,1,1e-06,0.0
1,0.0014009475708007812,1,1,1e-06,0.0
1,0.0016379356384277344,1,1,1e-06,0.0
1,0.0022172927856445312,1,1,1e-06,0.0
1,0.002300739288330078,1,1,1e-06,0.0
1,0.001981973648071289,1,1,1e-06,0.0
1,0.012863636016845703,1,1,1e-06,0.0
1,0.002052783966064453,1,1,1e-06,0.0
1,0.001519918441772461,1,1,1e-06,0.0
1,0.0015614032745361328,1,1,1e-06,0.0
1,0.004523277282714844,1,1,1e-06,0.0
1,0.0019474029541015625,1,1,1e-06,0.0
1,0.0016605854034423828,1,1,1e-06,0.0
1,0.0021562576293945312,1,1,1e-06,0.0
1,0.002503633499145508,1,1,1e-06,0.0
1,0.020494461059570312,1,1,1e-06,0.0
1,0.001638174057006836,1,1,1e-06,0.0
1,0.0013267993927001953,1,1,1e-06,0.0
1,0.0021495819091796875,1,1,1e-06,0.0
1,0.0017895698547363281,1,1,1e-06,0.0
1,0.0022363662719726562,1,1,1e-06,0.0
1,0.0021941661834716797,1,1,1e-06,0.0
1,0.001989126205444336,1,1,1e-06,0.0
1,0.0024247169494628906,1,1,1e-06,0.0
1,0.001874685287475586,1,1,1e-06,0.0
1,0.026147842407226562,1,1,1e-06,0.0
1,0.002362966537475586,1,1,1e-06,0.0
1,0.002349376678466797,1,1,1e-06,0.0
1,0.0018901824951171875,1,1,1e-06,0.0
1,0.0017933845520019531,1,1,1e-06,0.0
1,0.002840757369995117,1,1,1e-06,0.0
1,0.0024480819702148438,1,1,1e-06,0.0
1,0.001821756362915039,1,1,1e-06,0.0
1,0.0018033981323242188,1,1,1e-06,0.0
1,0.0014729499816894531,1,1,1e-06,0.0
1,0.001703500747680664,1,1,1e-06,0.0
1,0.002355813980102539,1,1,1e-06,0.0
1,0.001981973648071289,1,1,1e-06,0.0
1,0.0019249916076660156,1,1,1e-06,0.0
1,0.00290679931640625,1,1,1e-06,0.0
1,0.0017316341400146484,1,1,1e-06,0.0
1,0.0021719932556152344,1,1,1e-06,0.0
1,0.004911661148071289,1,1,1e-06,0.0
1,0.0018324851989746094,1,1,1e-06,0.0
1,0.0016536712646484375,1,1,1e-06,0.0
1,0.003412961959838867,1,1,1e-06,0.0
1,0.001966238021850586,1,1,1e-06,0.0
1,0.0019812583923339844,1,1,1e-06,0.0
1,0.0020182132720947266,1,1,1e-06,0.0
1,0.0016617774963378906,1,1,1e-06,0.0
1,0.0020666122436523438,1,1,1e-06,0.0
1,0.0017056465148925781,1,1,1e-06,0.0
1,0.0016834735870361328,1,1,1e-06,0.0
1,0.0014984607696533203,1,1,1e-06,0.0
1,0.001653909683227539,1,1,1e-06,0.0
1,0.001573324203491211,1,1,1e-06,0.0
1,0.0023627281188964844,1,1,1e-06,0.0
1,0.001990795135498047,1,1,1e-06,0.0
1,0.0018117427825927734,1,1,1e-06,0.0
1,0.0018749237060546875,1,1,1e-06,0.0
1,0.0029053688049316406,1,1,1e-06,0.0
1,0.0029633045196533203,1,1,1e-06,0.0
1,0.003310680389404297,1,1,1e-06,0.0
1,0.020502328872680664,1,1,1e-06,0.0
1,0.002444744110107422,1,1,1e-06,0.0
1,0.0020437240600585938,1,1,1e-06,0.0
1,0.0030770301818847656,1,1,1e-06,0.0
1,0.0026645660400390625,1,1,1e-06,0.0
1,0.0018820762634277344,1,1,1e-06,0.0
1,0.0021224021911621094,1,1,1e-06,0.0
1,0.0023975372314453125,1,1,1e-06,0.0
1,0.0018274784088134766,1,1,1e-06,0.0
1,0.0023069381713867188,1,1,1e-06,0.0
1,0.00728607177734375,1,1,1e-06,0.0
1,0.0020334720611572266,1,1,1e-06,0.0
1,0.0018906593322753906,1,1,1e-06,0.0
1,0.004578590393066406,1,1,1e-06,0.0
1,0.0028829574584960938,1,1,1e-06,0.0
1,0.01103973388671875,1,1,1e-06,0.0
1,0.002333402633666992,1,1,1e-06,0.0
1,0.0016932487487792969,1,1,1e-06,0.0
1,0.0013802051544189453,1,1,1e-06,0.0
1,0.0021626949310302734,1,1,1e-06,0.0
1,0.0017096996307373047,1,1,1e-06,0.0
1,0.0017154216766357422,1,1,1e-06,0.0
1,0.001987934112548828,1,1,1e-06,0.0
1,0.0032532215118408203,1,1,1e-06,0.0
1,0.0031690597534179688,1,1,1e-06,0.0
1,0.01093602180480957,1,1,1e-06,0.0
1,0.002327442169189453,1,1,1e-06,0.0
1,0.001958608627319336,1,1,1e-06,0.0
1,0.0015664100646972656,1,1,1e-06,0.0
1,0.0015773773193359375,1,1,1e-06,0.0
1,0.0017032623291015625,1,1,1e-06,0.0
1,0.0019345283508300781,1,1,1e-06,0.0
1,0.0014004707336425781,1,1,1e-06,0.0
1,0.0018734931945800781,1,1,1e-06,0.0
1,0.0022230148315429688,1,1,1e-06,0.0
1,0.0027260780334472656,1,1,1e-06,0.0
1,0.0036597251892089844,1,1,1e-06,0.0
1,0.0020415782928466797,1,1,1e-06,0.0
1,0.0018773078918457031,1,1,1e-06,0.0
1,0.001384735107421875,1,1,1e-06,0.0
1,0.0014696121215820312,1,1,1e-06,0.0
1,0.002557516098022461,1,1,1e-06,0.0
1,0.003137350082397461,1,1,1e-06,0.0
1,0.002651691436767578,1,1,1e-06,0.0
1,0.001669168472290039,1,1,1e-06,0.0
1,0.0019614696502685547,1,1,1e-06,0.0
1,0.001943349838256836,1,1,1e-06,0.0
1,0.002073526382446289,1,1,1e-06,0.0
1,0.0021593570709228516,1,1,1e-06,0.0
1,0.003334522247314453,1,1,1e-06,0.0
1,0.0021376609802246094,1,1,1e-06,0.0
1,0.0032372474670410156,1,1,1e-06,0.0
1,0.0031425952911376953,1,1,1e-06,0.0
1,0.002227306365966797,1,1,1e-06,0.0
1,0.002135038375854492,1,1,1e-06,0.0
1,0.002973318099975586,1,1,1e-06,0.0
1,0.0024335384368896484,1,1,1e-06,0.0
1,0.0018932819366455078,1,1,1e-06,0.0
1,0.0017466545104980469,1,1,1e-06,0.0
1,0.0020248889923095703,1,1,1e-06,0.0
1,0.0018525123596191406,1,1,1e-06,0.0
1,0.0016989707946777344,1,1,1e-06,0.0
1,0.0024344921112060547,1,1,1e-06,0.0
1,0.0029985904693603516,1,1,1e-06,0.0
1,0.0026874542236328125,1,1,1e-06,0.0
1,0.0022530555725097656,1,1,1e-06,0.0
1,0.001741170883178711,1,1,1e-06,0.0
1,0.001224517822265625,1,1,1e-06,0.0
1,0.0014731884002685547,1,1,1e-06,0.0
1,0.0018656253814697266,1,1,1e-06,0.0
1,0.0019178390502929688,1,1,1e-06,0.0
1,0.001971006393432617,1,1,1e-06,0.0
1,0.0024785995483398438,1,1,1e-06,0.0
1,0.0017802715301513672,1,1,1e-06,0.0
1,0.002084493637084961,1,1,1e-06,0.0
1,0.0019307136535644531,1,1,1e-06,0.0
1,0.00206756591796875,1,1,1e-06,0.0
1,0.0016701221466064453,1,1,1e-06,0.0
1,0.0016129016876220703,1,1,1e-06,0.0
1,0.0029256343841552734,1,1,1e-06,0.0
1,0.0023779869079589844,1,1,1e-06,0.0
1,0.002115488052368164,1,1,1e-06,0.0
1,0.001653909683227539,1,1,1e-06,0.0
1,0.0014841556549072266,1,1,1e-06,0.0
1,0.0013580322265625,1,1,1e-06,0.0
1,0.010362863540649414,1,1,1e-06,0.0
1,0.026897907257080078,1,1,1e-06,0.0
1,0.0023207664489746094,1,1,1e-06,0.0
1,0.002416372299194336,1,1,1e-06,0.0
1,0.0018410682678222656,1,1,1e-06,0.0
1,0.0019011497497558594,1,1,1e-06,0.0
1,0.0015561580657958984,1,1,1e-06,0.0
1,0.00183868408203125,1,1,1e-06,0.0
1,0.0019378662109375,1,1,1e-06,0.0
1,0.0034189224243164062,1,1,1e-06,0.0
1,0.002488851547241211,1,1,1e-06,0.0
1,0.002402782440185547,1,1,1e-06,0.0
1,0.0017058849334716797,1,1,1e-06,0.0
1,0.0014159679412841797,1,1,1e-06,0.0
1,0.0020880699157714844,1,1,1e-06,0.0
1,0.0017063617706298828,1,1,1e-06,0.0
1,0.0014674663543701172,1,1,1e-06,0.0
1,0.0013604164123535156,1,1,1e-06,0.0
1,0.0014996528625488281,1,1,1e-06,0.0
1,0.001453399658203125,1,1,1e-06,0.0
1,0.0015411376953125,1,1,1e-06,0.0
1,0.0019888877868652344,1,1,1e-06,0.0
1,0.002081155776977539,1,1,1e-06,0.0
1,0.0019631385803222656,1,1,1e-06,0.0
1,0.002263784408569336,1,1,1e-06,0.0
1,0.0017261505126953125,1,1,1e-06,0.0
1,0.016740083694458008,1,1,1e-06,0.0
1,0.0018422603607177734,1,1,1e-06,0.0
1,0.0023963451385498047,1,1,1e-06,0.0
1,0.002347230911254883,1,1,1e-06,0.0
1,0.0027468204498291016,1,1,1e-06,0.0
1,0.0017447471618652344,1,1,1e-06,0.0
1,0.0019600391387939453,1,1,1e-06,0.0
1,0.0019655227661132812,1,1,1e-06,0.0
1,0.003749847412109375,1,1,1e-06,0.0
1,0.0023336410522460938,1,1,1e-06,0.0
1,0.0018231868743896484,1,1,1e-06,0.0
1,0.200575590133667,1,1,1e-06,0.0
1,0.0020079612731933594,1,1,1e-06,0.0
1,0.0024526119232177734,1,1,1e-06,0.0
1,0.0015292167663574219,1,1,1e-06,0.0
1,0.0018301010131835938,1,1,1e-06,0.0
1,0.0018687248229980469,1,1,1e-06,0.0
1,0.0015282630920410156,1,1,1e-06,0.0
1,0.0014667510986328125,1,1,1e-06,0.0
1,0.0017578601837158203,1,1,1e-06,0.0
1,0.0014753341674804688,1,1,1e-06,0.0
1,0.0035352706909179688,1,1,1e-06,0.0
1,0.0017955303192138672,1,1,1e-06,0.0
1,0.001863718032836914,1,1,1e-06,0.0
1,0.0018045902252197266,1,1,1e-06,0.0
1,0.0016660690307617188,1,1,1e-06,0.0
1,0.001708984375,1,1,1e-06,0.0
1,0.002045154571533203,1,1,1e-06,0.0
1,0.0017571449279785156,1,1,1e-06,0.0
1,0.002126455307006836,1,1,1e-06,0.0
1,0.001657247543334961,1,1,1e-06,0.0
0,1.463550090789795,0,0,,0.0
1,0.0028934478759765625,1,1,1e-06,0.0
1,0.0026688575744628906,1,1,1e-06,0.0
1,0.005446910858154297,1,1,1e-06,0.0
1,0.0023598670959472656,1,1,1e-06,0.0
1,0.002304553985595703,1,1,1e-06,0.0
1,0.00283050537109375,1,1,1e-06,0.0
1,0.004800081253051758,1,1,1e-06,0.0
1,0.003153562545776367,1,1,1e-06,0.0
1,0.002300739288330078,1,1,1e-06,0.0
1,0.003122568130493164,1,1,1e-06,0.0
1,0.002819538116455078,1,1,1e-06,0.0
1,0.0028955936431884766,1,1,1e-06,0.0
1,0.003019571304321289,1,1,1e-06,0.0
1,0.0027489662170410156,1,1,1e-06,0.0
1,0.00744175910949707,1,1,1e-06,0.0
1,0.0023543834686279297,1,1,1e-06,0.0
1,0.0025162696838378906,1,1,1e-06,0.0
1,0.0026302337646484375,1,1,1e-06,0.0
1,0.002549886703491211,1,1,1e-06,0.0
1,0.0023908615112304688,1,1,1e-06,0.0
1,0.0028836727142333984,1,1,1e-06,0.0
1,0.017606735229492188,1,1,1e-06,0.0
1,0.0025146007537841797,1,1,1e-06,0.0
1,0.0037894248962402344,1,1,1e-06,0.0
1,0.004776954650878906,1,1,1e-06,0.0
1,0.0027616024017333984,1,1,1e-06,0.0
1,0.0022385120391845703,1,1,1e-06,0.0
1,0.0044400691986083984,1,1,1e-06,0.0
1,0.002767324447631836,1,1,1e-06,0.0
1,0.001997709274291992,1,1,1e-06,0.0
1,0.0026001930236816406,1,1,1e-06,0.0
1,0.0021734237670898438,1,1,1e-06,0.0
1,0.0023336410522460938,1,1,1e-06,0.0
1,0.002888917922973633,1,1,1e-06,0.0
1,0.0031142234802246094,1,1,1e-06,0.0
1,0.013646125793457031,1,1,1e-06,0.0
1,0.002332925796508789,1,1,1e-06,0.0
1,0.0021364688873291016,1,1,1e-06,0.0
1,0.008584260940551758,1,1,1e-06,0.0
1,0.011673450469970703,1,1,1e-06,0.0
1,0.002201080322265625,1,1,1e-06,0.0
1,0.0016775131225585938,1,1,1e-06,0.0
1,0.0022661685943603516,1,1,1e-06,0.0
1,0.003239154815673828,1,1,1e-06,0.0
1,0.0029191970825195312,1,1,1e-06,0.0
1,0.007887601852416992,1,1,1e-06,0.0
1,0.0023474693298339844,1,1,1e-06,0.0
1,0.0023419857025146484,1,1,1e-06,0.0
1,0.0022974014282226562,1,1,1e-06,0.0
1,0.0026552677154541016,1,1,1e-06,0.0
1,0.0020029544830322266,1,1,1e-06,0.0
1,0.0017344951629638672,1,1,1e-06,0.0
1,0.0019648075103759766,1,1,1e-06,0.0
1,0.0033311843872070312,1,1,1e-06,0.0
1,0.003098011016845703,1,1,1e-06,0.0
1,0.0027344226837158203,1,1,1e-06,0.0
1,0.0022428035736083984,1,1,1e-06,0.0
1,0.0022802352905273438,1,1,1e-06,0.0
1,0.0018947124481201172,1,1,1e-06,0.0
1,0.0021877288818359375,1,1,1e-06,0.0
1,0.00194549560546875,1,1,1e-06,0.0
1,0.0024232864379882812,1,1,1e-06,0.0
1,0.003145456314086914,1,1,1e-06,0.0
1,0.002268075942993164,1,1,1e-06,0.0
1,0.0018756389617919922,1,1,1e-06,0.0
1,0.002058267593383789,1,1,1e-06,0.0
1,0.0022687911987304688,1,1,1e-06,0.0
1,0.002604246139526367,1,1,1e-06,0.0
1,0.003450155258178711,1,1,1e-06,0.0
1,0.015611648559570312,1,1,1e-06,0.0
1,0.0027475357055664062,1,1,1e-06,0.0
1,0.0025768280029296875,1,1,1e-06,0.0
1,0.001718759536743164,1,1,1e-06,0.0
1,0.0017664432525634766,1,1,1e-06,0.0
1,0.003564119338989258,1,1,1e-06,0.0
1,0.0025980472564697266,1,1,1e-06,0.0
1,0.0045833587646484375,1,1,1e-06,0.0
1,0.002240896224975586,1,1,1e-06,0.0
1,0.0017611980438232422,1,1,1e-06,0.0
1,0.002107858657836914,1,1,1e-06,0.0
1,0.03039097785949707,1,1,1e-06,0.0
1,0.002488851547241211,1,1,1e-06,0.0
1,0.0019567012786865234,1,1,1e-06,0.0
1,0.0017838478088378906,1,1,1e-06,0.0
1,0.0019464492797851562,1,1,1e-06,0.0
1,0.0018453598022460938,1,1,1e-06,0.0
1,0.0017328262329101562,1,1,1e-06,0.0
1,0.0019118785858154297,1,1,1e-06,0.0
1,0.002855539321899414,1,1,1e-06,0.0
1,0.002218484878540039,1,1,1e-06,0.0
1,0.019982337951660156,1,1,1e-06,0.0
1,0.002667665481567383,1,1,1e-06,0.0
1,0.0038826465606689453,1,1,1e-06,0.0
1,0.0023190975189208984,1,1,1e-06,0.0
1,0.0017745494842529297,1,1,1e-06,0.0
1,0.0019207000732421875,1,1,1e-06,0.0
1,0.0018088817596435547,1,1,1e-06,0.0
1,0.002115488052368164,1,1,1e-06,0.0
1,0.0019838809967041016,1,1,1e-06,0.0
1,0.0016207695007324219,1,1,1e-06,0.0
1,0.002138376235961914,1,1,1e-06,0.0
1,0.0024132728576660156,1,1,1e-06,0.0
1,0.0023932456970214844,1,1,1e-06,0.0
1,0.0021615028381347656,1,1,1e-06,0.0
1,0.0020711421966552734,1,1,1e-06,0.0
1,0.0023279190063476562,1,1,1e-06,0.0
1,0.003244638442993164,1,1,1e-06,0.0
1,0.002296924591064453,1,1,1e-06,0.0
1,0.002223968505859375,1,1,1e-06,0.0
1,0.002485036849975586,1,1,1e-06,0.0
1,0.0019860267639160156,1,1,1e-06,0.0
1,0.002938985824584961,1,1,1e-06,0.0
1,0.00213623046875,1,1,1e-06,0.0
1,0.0018672943115234375,1,1,1e-06,0.0
1,0.002166748046875,1,1,1e-06,0.0
1,0.0017902851104736328,1,1,1e-06,0.0
1,0.0022356510162353516,1,1,1e-06,0.0
1,0.0020990371704101562,1,1,1e-06,0.0
1,0.002285480499267578,1,1,1e-06,0.0
1,0.002421140670776367,1,1,1e-06,0.0
1,0.0027637481689453125,1,1,1e-06,0.0
1,0.0022127628326416016,1,1,1e-06,0.0
1,0.0023779869079589844,1,1,1e-06,0.0
1,0.0024094581604003906,1,1,1e-06,0.0
1,0.002681732177734375,1,1,1e-06,0.0
1,0.0022728443145751953,1,1,1e-06,0.0
1,0.0014505386352539062,1,1,1e-06,0.0
1,0.001672506332397461,1,1,1e-06,0.0
1,0.002145051956176758,1,1,1e-06,0.0
1,0.001781463623046875,1,1,1e-06,0.0
1,0.0020742416381835938,1,1,1e-06,0.0
1,0.002540111541748047,1,1,1e-06,0.0
1,0.0017085075378417969,1,1,1e-06,0.0
1,0.002028942108154297,1,1,1e-06,0.0
1,0.013913154602050781,1,1,1e-06,0.0
1,0.0018820762634277344,1,1,1e-06,0.0
1,0.0018930435180664062,1,1,1e-06,0.0
1,0.0016529560089111328,1,1,1e-06,0.0
1,0.0023360252380371094,1,1,1e-06,0.0
1,0.0023393630981445312,1,1,1e-06,0.0
1,0.0024781227111816406,1,1,1e-06,0.0
1,0.002956390380859375,1,1,1e-06,0.0
1,0.0038824081420898438,1,1,1e-06,0.0
1,0.0017123222351074219,1,1,1e-06,0.0
1,0.0019495487213134766,1,1,1e-06,0.0
1,0.002092599868774414,1,1,1e-06,0.0
1,0.0019249916076660156,1,1,1e-06,0.0
1,0.002645254135131836,1,1,1e-06,0.0
1,0.0028693675994873047,1,1,1e-06,0.0
1,0.0018701553344726562,1,1,1e-06,0.0
1,0.0017633438110351562,1,1,1e-06,0.0
1,0.0016736984252929688,1,1,1e-06,0.0
1,0.0015583038330078125,1,1,1e-06,0.0
1,0.0014863014221191406,1,1,1e-06,0.0
1,0.0016622543334960938,1,1,1e-06,0.0
1,0.0036475658416748047,1,1,1e-06,0.0
1,0.0019197463989257812,1,1,1e-06,0.0
1,0.002153635025024414,1,1,1e-06,0.0
1,0.002065896987915039,1,1,1e-06,0.0
1,0.002525806427001953,1,1,1e-06,0.0
1,0.0021686553955078125,1,1,1e-06,0.0
1,0.0020253658294677734,1,1,1e-06,0.0
1,0.0025284290313720703,1,1,1e-06,0.0
1,0.0024099349975585938,1,1,1e-06,0.0
1,0.0020825862884521484,1,1,1e-06,0.0
1,0.0017981529235839844,1,1,1e-06,0.0
1,0.0021059513092041016,1,1,1e-06,0.0
1,0.0020532608032226562,1,1,1e-06,0.0
1,0.0035104751586914062,1,1,1e-06,0.0
1,0.0027923583984375,1,1,1e-06,0.0
1,0.0019795894622802734,1,1,1e-06,0.0
1,0.0015881061553955078,1,1,1e-06,0.0
1,0.0018913745880126953,1,1,1e-06,0.0
1,0.0019998550415039062,1,1,1e-06,0.0
1,0.001718282699584961,1,1,1e-06,0.0
1,0.0015304088592529297,1,1,1e-06,0.0
1,0.0016732215881347656,1,1,1e-06,0.0
1,0.0027382373809814453,1,1,1e-06,0.0
1,0.0020301342010498047,1,1,1e-06,0.0
1,0.003995418548583984,1,1,1e-06,0.0
1,0.0019261837005615234,1,1,1e-06,0.0
1,0.0036928653717041016,1,1,1e-06,0.0
1,0.002415180206298828,1,1,1e-06,0.0
1,0.01105046272277832,1,1,1e-06,0.0
1,0.0022211074829101562,1,1,1e-06,0.0
1,0.002148866653442383,1,1,1e-06,0.0
1,0.001804351806640625,1,1,1e-06,0.0
1,0.025946378707885742,1,1,1e-06,0.0
1,0.002456188201904297,1,1,1e-06,0.0
1,0.010866641998291016,1,1,1e-06,0.0
1,0.0022699832916259766,1,1,1e-06,0.0
1,0.0019459724426269531,1,1,1e-06,0.0
1,0.0017752647399902344,1,1,1e-06,0.0
1,0.003643512725830078,1,1,1e-06,0.0
1,0.002660512924194336,1,1,1e-06,0.0
1,0.001745462417602539,1,1,1e-06,0.0
1,0.001806020736694336,1,1,1e-06,0.0
1,0.0019450187683105469,1,1,1e-06,0.0
1,0.0019083023071289062,1,1,1e-06,0.0
1,0.0019807815551757812,1,1,1e-06,0.0
1,0.002031564712524414,1,1,1e-06,0.0
1,0.0018651485443115234,1,1,1e-06,0.0
1,0.005009889602661133,1,1,1e-06,0.0
1,0.002477884292602539,1,1,1e-06,0.0
1,0.001995086669921875,1,1,1e-06,0.0
1,0.0015048980712890625,1,1,1e-06,0.0
1,0.0012924671173095703,1,1,1e-06,0.0
1,0.0025177001953125,1,1,1e-06,0.0
1,0.0020644664764404297,1,1,1e-06,0.0
1,0.001920461654663086,1,1,1e-06,0.0
1,0.002547025680541992,1,1,1e-06,0.0
1,0.0022890567779541016,1,1,1e-06,0.0
1,0.002032041549682617,1,1,1e-06,0.0
1,0.0020732879638671875,1,1,1e-06,0.0
1,0.002551555633544922,1,1,1e-06,0.0
1,0.0018382072448730469,1,1,1e-06,0.0
1,0.011887550354003906,1,1,1e-06,0.0
1,0.001890420913696289,1,1,1e-06,0.0
1,0.0025644302368164062,1,1,1e-06,0.0
1,0.0022454261779785156,1,1,1e-06,0.0
1,0.0019500255584716797,1,1,1e-06,0.0
1,0.0019526481628417969,1,1,1e-06,0.0
1,0.0023162364959716797,1,1,1e-06,0.0
1,0.0018749237060546875,1,1,1e-06,0.0
1,0.0029783248901367188,1,1,1e-06,0.0
1,0.0017321109771728516,1,1,1e-06,0.0
1,0.0016446113586425781,1,1,1e-06,0.0
1,0.0016701221466064453,1,1,1e-06,0.0
1,0.0017833709716796875,1,1,1e-06,0.0
1,0.0035681724548339844,1,1,1e-06,0.0
1,0.002410411834716797,1,1,1e-06,0.0
1,0.002048492431640625,1,1,1e-06,0.0
1,0.001985788345336914,1,1,1e-06,0.0
1,0.001878976821899414,1,1,1e-06,0.0
1,0.002649545669555664,1,1,1e-06,0.0
1,0.0020699501037597656,1,1,1e-06,0.0
1,0.0020363330841064453,1,1,1e-06,0.0
1,0.002533435821533203,1,1,1e-06,0.0
1,0.002326488494873047,1,1,1e-06,0.0
1,0.0019638538360595703,1,1,1e-06,0.0
1,0.0018606185913085938,1,1,1e-06,0.0
1,0.0017192363739013672,1,1,1e-06,0.0
1,0.0018739700317382812,1,1,1e-06,0.0
1,0.0018243789672851562,1,1,1e-06,0.0
1,0.004851341247558594,1,1,1e-06,0.0
1,0.003183603286743164,1,1,1e-06,0.0
1,0.0019631385803222656,1,1,1e-06,0.0
1,0.0016775131225585938,1,1,1e-06,0.0
1,0.0023140907287597656,1,1,1e-06,0.0
1,0.0019609928131103516,1,1,1e-06,0.0
1,0.0018508434295654297,1,1,1e-06,0.0
1,0.0027985572814941406,1,1,1e-06,0.0
1,0.0023109912872314453,1,1,1e-06,0.0
1,0.0018231868743896484,1,1,1e-06,0.0
1,0.002150297164916992,1,1,1e-06,0.0
1,0.0020368099212646484,1,1,1e-06,0.0
1,0.0024149417877197266,1,1,1e-06,0.0
1,0.0023736953735351562,1,1,1e-06,0.0
1,0.002306222915649414,1,1,1e-06,0.0
1,0.0017213821411132812,1,1,1e-06,0.0
1,0.0019462108612060547,1,1,1e-06,0.0
1,0.002017974853515625,1,1,1e-06,0.0
1,0.0020775794982910156,1,1,1e-06,0.0
1,0.0019741058349609375,1,1,1e-06,0.0
1,0.0016357898712158203,1,1,1e-06,0.0
1,0.0019006729125976562,1,1,1e-06,0.0
1,0.002710103988647461,1,1,1e-06,0.0
1,0.002702474594116211,1,1,1e-06,0.0
1,0.0023262500762939453,1,1,1e-06,0.0
1,0.0017540454864501953,1,1,1e-06,0.0
1,0.001567840576171875,1,1,1e-06,0.0
1,0.013198137283325195,1,1,1e-06,0.0
1,0.002147674560546875,1,1,1e-06,0.0
1,0.001962900161743164,1,1,1e-06,0.0
1,0.0017483234405517578,1,1,1e-06,0.0
1,0.002069711685180664,1,1,1e-06,0.0
1,0.0020036697387695312,1,1,1e-06,0.0
1,0.0019638538360595703,1,1,1e-06,0.0
1,0.012191295623779297,1,1,1e-06,0.0
1,0.002289295196533203,1,1,1e-06,0.0
1,0.0017731189727783203,1,1,1e-06,0.0
1,0.0019304752349853516,1,1,1e-06,0.0
1,0.0021448135375976562,1,1,1e-06,0.0
1,0.0021424293518066406,1,1,1e-06,0.0
1,0.001871347427368164,1,1,1e-06,0.0
1,0.0016200542449951172,1,1,1e-06,0.0
1,0.0016438961029052734,1,1,1e-06,0.0
1,0.0020873546600341797,1,1,1e-06,0.0
1,0.007371187210083008,1,1,1e-06,0.0
1,0.002412080764770508,1,1,1e-06,0.0
1,0.0027878284454345703,1,1,1e-06,0.0
1,0.018602609634399414,1,1,1e-06,0.0
1,0.0019440650939941406,1,1,1e-06,0.0
0,1.0065202713012695,0,0,,0.0
1,0.002235889434814453,1,1,1e-06,0.0
1,0.0019507408142089844,1,1,1e-06,0.0
1,0.007151603698730469,1,1,1e-06,0.0
1,0.0016734600067138672,1,1,1e-06,0.0
1,0.0015518665313720703,1,1,1e-06,0.0
1,0.0019154548645019531,1,1,1e-06,0.0
1,0.0017385482788085938,1,1,1e-06,0.0
1,0.0020503997802734375,1,1,1e-06,0.0
1,0.0017445087432861328,1,1,1e-06,0.0
1,0.0019528865814208984,1,1,1e-06,0.0
1,0.003798246383666992,1,1,1e-06,0.0
1,0.0021584033966064453,1,1,1e-06,0.0
1,0.0016307830810546875,1,1,1e-06,0.0
1,0.010270118713378906,1,1,1e-06,0.0
1,0.002002716064453125,1,1,1e-06,0.0
1,0.0020291805267333984,1,1,1e-06,0.0
1,0.0043451786041259766,1,1,1e-06,0.0
1,0.0017082691192626953,1,1,1e-06,0.0
1,0.0023674964904785156,1,1,1e-06,0.0
1,0.004978656768798828,1,1,1e-06,0.0
1,0.0019381046295166016,1,1,1e-06,0.0
1,0.001913309097290039,1,1,1e-06,0.0
1,0.0013265609741210938,1,1,1e-06,0.0
1,0.003739595413208008,1,1,1e-06,0.0
1,0.0018551349639892578,1,1,1e-06,0.0
1,0.0017514228820800781,1,1,1e-06,0.0
1,0.001895904541015625,1,1,1e-06,0.0
1,0.0015316009521484375,1,1,1e-06,0.0
1,0.0013434886932373047,1,1,1e-06,0.0
1,0.0018048286437988281,1,1,1e-06,0.0
1,0.0020699501037597656,1,1,1e-06,0.0
1,0.0019788742065429688,1,1,1e-06,0.0
1,0.019665956497192383,1,1,1e-06,0.0
1,0.0020918846130371094,1,1,1e-06,0.0
1,0.002228260040283203,1,1,1e-06,0.0
1,0.0016102790832519531,1,1,1e-06,0.0
1,0.0014264583587646484,1,1,1e-06,0.0
1,0.0016186237335205078,1,1,1e-06,0.0
1,0.012604475021362305,1,1,1e-06,0.0
1,0.0019004344940185547,1,1,1e-06,0.0
1,0.001398324966430664,1,1,1e-06,0.0
1,0.0012481212615966797,1,1,1e-06,0.0
1,0.001833200454711914,1,1,1e-06,0.0
1,0.01281118392944336,1,1,1e-06,0.0
1,0.0038437843322753906,1,1,1e-06,0.0
1,0.005191326141357422,1,1,1e-06,0.0
1,0.006272554397583008,1,1,1e-06,0.0
1,0.007106304168701172,1,1,1e-06,0.0
1,0.0034651756286621094,1,1,1e-06,0.0
1,0.0073931217193603516,1,1,1e-06,0.0
1,0.004716634750366211,1,1,1e-06,0.0
1,0.010484457015991211,1,1,1e-06,0.0
1,0.0035953521728515625,1,1,1e-06,0.0
1,0.00455021858215332,1,1,1e-06,0.0
1,0.0038983821868896484,1,1,1e-06,0.0
1,0.008566141128540039,1,1,1e-06,0.0
1,0.004705905914306641,1,1,1e-06,0.0
1,0.007334232330322266,1,1,1e-06,0.0
1,0.00655364990234375,1,1,1e-06,0.0
1,0.0028228759765625,1,1,1e-06,0.0
1,0.004120588302612305,1,1,1e-06,0.0
1,0.2783381938934326,1,1,1e-06,0.0
1,0.0023441314697265625,1,1,1e-06,0.0
1,0.019289493560791016,1,1,1e-06,0.0
1,0.002653837203979492,1,1,1e-06,0.0
1,0.0024518966674804688,1,1,1e-06,0.0
1,0.002113819122314453,1,1,1e-06,0.0
1,0.00231170654296875,1,1,1e-06,0.0
1,0.001964569091796875,1,1,1e-06,0.0
1,0.002298116683959961,1,1,1e-06,0.0
1,0.0024671554565429688,1,1,1e-06,0.0
1,0.002409696578979492,1,1,1e-06,0.0
1,0.00255584716796875,1,1,1e-06,0.0
1,0.0030295848846435547,1,1,1e-06,0.0
1,0.0040509700775146484,1,1,1e-06,0.0
1,0.0026242733001708984,1,1,1e-06,0.0
1,0.003183126449584961,1,1,1e-06,0.0
1,0.0030808448791503906,1,1,1e-06,0.0
1,0.0034422874450683594,1,1,1e-06,0.0
1,0.024824857711791992,1,1,1e-06,0.0
1,0.0035898685455322266,1,1,1e-06,0.0
1,0.002685070037841797,1,1,1e-06,0.0
1,0.00286102294921875,1,1,1e-06,0.0
1,0.002942323684692383,1,1,1e-06,0.0
1,0.002456188201904297,1,1,1e-06,0.0
1,0.002786397933959961,1,1,1e-06,0.0
1,0.0022590160369873047,1,1,1e-06,0.0
1,0.002004384994506836,1,1,1e-06,0.0
1,0.0022628307342529297,1,1,1e-06,0.0
1,0.003389596939086914,1,1,1e-06,0.0
1,0.0023055076599121094,1,1,1e-06,0.0
1,0.0030260086059570312,1,1,1e-06,0.0
1,0.0031785964965820312,1,1,1e-06,0.0
1,0.0024137496948242188,1,1,1e-06,0.0
1,0.0029523372650146484,1,1,1e-06,0.0
1,0.0028650760650634766,1,1,1e-06,0.0
1,0.0027074813842773438,1,1,1e-06,0.0
1,0.0027916431427001953,1,1,1e-06,0.0
1,0.0328981876373291,1,1,1e-06,0.0
1,0.0027544498443603516,1,1,1e-06,0.0
1,0.0025844573974609375,1,1,1e-06,0.0
1,0.006005048751831055,1,1,1e-06,0.0
1,0.002798318862915039,1,1,1e-06,0.0
1,0.0027327537536621094,1,1,1e-06,0.0
1,0.003216266632080078,1,1,1e-06,0.0
1,0.0029108524322509766,1,1,1e-06,0.0
1,0.003534078598022461,1,1,1e-06,0.0
1,0.0023856163024902344,1,1,1e-06,0.0
1,0.004223823547363281,1,1,1e-06,0.0
1,0.003802061080932617,1,1,1e-06,0.0
1,0.002520322799682617,1,1,1e-06,0.0
1,0.0032830238342285156,1,1,1e-06,0.0
1,0.0032782554626464844,1,1,1e-06,0.0
1,0.0032896995544433594,1,1,1e-06,0.0
1,0.005040884017944336,1,1,1e-06,0.0
1,0.0029807090759277344,1,1,1e-06,0.0
1,0.00735783576965332,1,1,1e-06,0.0
1,0.0029518604278564453,1,1,1e-06,0.0
1,0.0026292800903320312,1,1,1e-06,0.0
1,0.002293109893798828,1,1,1e-06,0.0
1,0.0031728744506835938,1,1,1e-06,0.0
1,0.0026884078979492188,1,1,1e-06,0.0
1,0.001993417739868164,1,1,1e-06,0.0
1,0.002048015594482422,1,1,1e-06,0.0
1,0.002794981002807617,1,1,1e-06,0.0
1,0.0025763511657714844,1,1,1e-06,0.0
1,0.0035552978515625,1,1,1e-06,0.0
1,0.003117799758911133,1,1,1e-06,0.0
1,0.002444028854370117,1,1,1e-06,0.0
1,0.0023179054260253906,1,1,1e-06,0.0
1,0.002590179443359375,1,1,1e-06,0.0
1,0.0028259754180908203,1,1,1e-06,0.0
1,0.0035512447357177734,1,1,1e-06,0.0
1,0.0034210681915283203,1,1,1e-06,0.0
1,0.0061838626861572266,1,1,1e-06,0.0
1,0.05431628227233887,1,1,1e-06,0.0
1,0.0030596256256103516,1,1,1e-06,0.0
1,0.012283563613891602,1,1,1e-06,0.0
1,0.0030884742736816406,1,1,1e-06,0.0
1,0.0029392242431640625,1,1,1e-06,0.0
1,0.014752388000488281,1,1,1e-06,0.0
1,0.004034996032714844,1,1,1e-06,0.0
1,0.01128387451171875,1,1,1e-06,0.0
1,0.005225419998168945,1,1,1e-06,0.0
1,0.0035142898559570312,1,1,1e-06,0.0
1,0.012144804000854492,1,1,1e-06,0.0
1,0.004005908966064453,1,1,1e-06,0.0
1,0.003075838088989258,1,1,1e-06,0.0
1,0.0032999515533447266,1,1,1e-06,0.0
1,0.011171340942382812,1,1,1e-06,0.0
1,0.0030906200408935547,1,1,1e-06,0.0
1,0.0028524398803710938,1,1,1e-06,0.0
1,0.011516332626342773,1,1,1e-06,0.0
1,0.006714820861816406,1,1,1e-06,0.0
1,0.216827392578125,1,1,1e-06,0.0
0,1.009324550628662,0,0,,0.0
1,0.0024836063385009766,1,1,1e-06,0.0
1,0.002413034439086914,1,1,1e-06,0.0
1,0.0030155181884765625,1,1,1e-06,0.0
1,0.0026679039001464844,1,1,1e-06,0.0
1,0.0027008056640625,1,1,1e-06,0.0
1,0.0040242671966552734,1,1,1e-06,0.0
1,0.002782106399536133,1,1,1e-06,0.0
1,0.0025954246520996094,1,1,1e-06,0.0
1,0.002164602279663086,1,1,1e-06,0.0
1,0.004126787185668945,1,1,1e-06,0.0
1,0.0019497871398925781,1,1,1e-06,0.0
1,0.002216339111328125,1,1,1e-06,0.0
1,0.0020389556884765625,1,1,1e-06,0.0
1,0.0032041072845458984,1,1,1e-06,0.0
1,0.002271890640258789,1,1,1e-06,0.0
1,0.0018465518951416016,1,1,1e-06,0.0
1,0.0020623207092285156,1,1,1e-06,0.0
1,0.0020356178283691406,1,1,1e-06,0.0
1,0.0019352436065673828,1,1,1e-06,0.0
1,0.002160787582397461,1,1,1e-06,0.0
1,0.002352476119995117,1,1,1e-06,0.0
1,0.002279520034790039,1,1,1e-06,0.0
1,0.002478361129760742,1,1,1e-06,0.0
1,0.02117919921875,1,1,1e-06,0.0
1,0.002174854278564453,1,1,1e-06,0.0
1,0.0025942325592041016,1,1,1e-06,0.0
1,0.0015761852264404297,1,1,1e-06,0.0
1,0.0018644332885742188,1,1,1e-06,0.0
1,0.004479408264160156,1,1,1e-06,0.0
1,0.004703044891357422,1,1,1e-06,0.0
1,0.0022199153900146484,1,1,1e-06,0.0
1,0.002152681350708008,1,1,1e-06,0.0
1,0.002259492874145508,1,1,1e-06,0.0
1,0.002130270004272461,1,1,1e-06,0.0
1,0.0020110607147216797,1,1,1e-06,0.0
1,0.002187490463256836,1,1,1e-06,0.0
1,0.0018677711486816406,1,1,1e-06,0.0
1,0.0023534297943115234,1,1,1e-06,0.0
1,0.001940011978149414,1,1,1e-06,0.0
1,0.0016369819641113281,1,1,1e-06,0.0
1,0.0015697479248046875,1,1,1e-06,0.0
1,0.002261638641357422,1,1,1e-06,0.0
1,0.0020418167114257812,1,1,1e-06,0.0
1,0.002697467803955078,1,1,1e-06,0.0
1,0.002153635025024414,1,1,1e-06,0.0
1,0.002145051956176758,1,1,1e-06,0.0
1,0.0017697811126708984,1,1,1e-06,0.0
1,0.0014734268188476562,1,1,1e-06,0.0
1,0.002008676528930664,1,1,1e-06,0.0
1,0.002038717269897461,1,1,1e-06,0.0
1,0.0023458003997802734,1,1,1e-06,0.0
1,0.002147197723388672,1,1,1e-06,0.0
1,0.002086162567138672,1,1,1e-06,0.0
1,0.0021810531616210938,1,1,1e-06,0.0
1,0.011500358581542969,1,1,1e-06,0.0
1,0.003110170364379883,1,1,1e-06,0.0
1,0.0020406246185302734,1,1,1e-06,0.0
1,0.0018281936645507812,1,1,1e-06,0.0
1,0.0018341541290283203,1,1,1e-06,0.0
1,0.001947164535522461,1,1,1e-06,0.0
1,0.0018951892852783203,1,1,1e-06,0.0
1,0.0024433135986328125,1,1,1e-06,0.0
1,0.009072542190551758,1,1,1e-06,0.0
1,0.002080202102661133,1,1,1e-06,0.0
1,0.002695798873901367,1,1,1e-06,0.0
1,0.003437519073486328,1,1,1e-06,0.0
1,0.0025320053100585938,1,1,1e-06,0.0
1,0.0020356178283691406,1,1,1e-06,0.0
1,0.0017242431640625,1,1,1e-06,0.0
1,0.0020711421966552734,1,1,1e-06,0.0
1,0.0015559196472167969,1,1,1e-06,0.0
1,0.001674652099609375,1,1,1e-06,0.0
1,0.0017507076263427734,1,1,1e-06,0.0
1,0.002329587936401367,1,1,1e-06,0.0
1,0.0023734569549560547,1,1,1e-06,0.0
1,0.0020008087158203125,1,1,1e-06,0.0
1,0.0019006729125976562,1,1,1e-06,0.0
1,0.002216339111328125,1,1,1e-06,0.0
1,0.0019314289093017578,1,1,1e-06,0.0
1,0.0017085075378417969,1,1,1e-06,0.0
1,0.003948688507080078,1,1,1e-06,0.0
1,0.0018086433410644531,1,1,1e-06,0.0
1,0.0021131038665771484,1,1,1e-06,0.0
1,0.001556396484375,1,1,1e-06,0.0
1,0.0014407634735107422,1,1,1e-06,0.0
1,0.0015218257904052734,1,1,1e-06,0.0
1,0.001708984375,1,1,1e-06,0.0
1,0.0016744136810302734,1,1,1e-06,0.0
1,0.05836057662963867,1,1,1e-06,0.0
1,0.002104043960571289,1,1,1e-06,0.0
1,0.001882791519165039,1,1,1e-06,0.0
1,0.001932382583618164,1,1,1e-06,0.0
1,0.0026662349700927734,1,1,1e-06,0.0
1,0.001992464065551758,1,1,1e-06,0.0
1,0.018654823303222656,1,1,1e-06,0.0
1,0.0017385482788085938,1,1,1e-06,0.0
1,0.0027370452880859375,1,1,1e-06,0.0
1,0.0018985271453857422,1,1,1e-06,0.0
1,0.001604318618774414,1,1,1e-06,0.0
1,0.002196073532104492,1,1,1e-06,0.0
1,0.0023496150970458984,1,1,1e-06,0.0
1,0.0018894672393798828,1,1,1e-06,0.0
1,0.0017511844635009766,1,1,1e-06,0.0
1,0.002073526382446289,1,1,1e-06,0.0
1,0.002041339874267578,1,1,1e-06,0.0
1,0.0016980171203613281,1,1,1e-06,0.0
1,0.001886606216430664,1,1,1e-06,0.0
1,0.0024826526641845703,1,1,1e-06,0.0
1,0.023180723190307617,1,1,1e-06,0.0
1,0.0023522377014160156,1,1,1e-06,0.0
1,0.002264738082885742,1,1,1e-06,0.0
1,0.0038237571716308594,1,1,1e-06,0.0
1,0.0024330615997314453,1,1,1e-06,0.0
1,0.0018763542175292969,1,1,1e-06,0.0
1,0.0019812583923339844,1,1,1e-06,0.0
1,0.0016329288482666016,1,1,1e-06,0.0
1,0.0013582706451416016,1,1,1e-06,0.0
1,0.004894733428955078,1,1,1e-06,0.0
1,0.002022981643676758,1,1,1e-06,0.0
1,0.0020186901092529297,1,1,1e-06,0.0
1,0.0030603408813476562,1,1,1e-06,0.0
1,0.0020105838775634766,1,1,1e-06,0.0
1,0.0016427040100097656,1,1,1e-06,0.0
1,0.11416959762573242,1,1,1e-06,0.0
1,0.0019443035125732422,1,1,1e-06,0.0
1,0.005356550216674805,1,1,1e-06,0.0
1,0.002027750015258789,1,1,1e-06,0.0
1,0.0020148754119873047,1,1,1e-06,0.0
1,0.0019237995147705078,1,1,1e-06,0.0
1,0.0020275115966796875,1,1,1e-06,0.0
1,0.001850128173828125,1,1,1e-06,0.0
1,0.023492813110351562,1,1,1e-06,0.0
1,0.014473199844360352,1,1,1e-06,0.0
1,0.002536773681640625,1,1,1e-06,0.0
1,0.002189159393310547,1,1,1e-06,0.0
1,0.002019643783569336,1,1,1e-06,0.0
1,0.002172231674194336,1,1,1e-06,0.0
1,0.0018057823181152344,1,1,1e-06,0.0
1,0.0017521381378173828,1,1,1e-06,0.0
1,0.0018105506896972656,1,1,1e-06,0.0
1,0.002269744873046875,1,1,1e-06,0.0
1,0.002128124237060547,1,1,1e-06,0.0
1,0.0017921924591064453,1,1,1e-06,0.0
1,0.0020732879638671875,1,1,1e-06,0.0
1,0.0024034976959228516,1,1,1e-06,0.0
1,0.0020589828491210938,1,1,1e-06,0.0
1,0.0021278858184814453,1,1,1e-06,0.0
1,0.027898073196411133,1,1,1e-06,0.0
1,0.0019719600677490234,1,1,1e-06,0.0
1,0.0026934146881103516,1,1,1e-06,0.0
1,0.002431154251098633,1,1,1e-06,0.0
1,0.002141714096069336,1,1,1e-06,0.0
1,0.0018558502197265625,1,1,1e-06,0.0
1,0.003856658935546875,1,1,1e-06,0.0
1,0.0022950172424316406,1,1,1e-06,0.0
1,0.002283334732055664,1,1,1e-06,0.0
1,0.011753320693969727,1,1,1e-06,0.0
1,0.0020384788513183594,1,1,1e-06,0.0
1,0.0022745132446289062,1,1,1e-06,0.0
1,0.0037412643432617188,1,1,1e-06,0.0
1,0.0021932125091552734,1,1,1e-06,0.0
1,0.0025086402893066406,1,1,1e-06,0.0
1,0.002115964889526367,1,1,1e-06,0.0
1,0.002107381820678711,1,1,1e-06,0.0
1,0.0019345283508300781,1,1,1e-06,0.0
1,0.0020630359649658203,1,1,1e-06,0.0
1,0.0025076866149902344,1,1,1e-06,0.0
1,0.002038240432739258,1,1,1e-06,0.0
1,0.0021207332611083984,1,1,1e-06,0.0
1,0.0034487247467041016,1,1,1e-06,0.0
1,0.002354145050048828,1,1,1e-06,0.0
1,0.0022439956665039062,1,1,1e-06,0.0
1,0.00279998779296875,1,1,1e-06,0.0
1,0.004831075668334961,1,1,1e-06,0.0
1,0.0032434463500976562,1,1,1e-06,0.0
1,0.002595186233520508,1,1,1e-06,0.0
1,0.002983570098876953,1,1,1e-06,0.0
1,0.0025382041931152344,1,1,1e-06,0.0
1,0.002033710479736328,1,1,1e-06,0.0
1,0.002054929733276367,1,1,1e-06,0.0
1,0.00347137451171875,1,1,1e-06,0.0
1,0.00307464599609375,1,1,1e-06,0.0
1,0.002836942672729492,1,1,1e-06,0.0
1,0.0028727054595947266,1,1,1e-06,0.0
1,0.009541034698486328,1,1,1e-06,0.0
1,0.002443075180053711,1,1,1e-06,0.0
1,0.002564668655395508,1,1,1e-06,0.0
1,0.0022394657135009766,1,1,1e-06,0.0
1,0.00238037109375,1,1,1e-06,0.0
1,0.0023233890533447266,1,1,1e-06,0.0
1,0.004307746887207031,1,1,1e-06,0.0
1,0.0023183822631835938,1,1,1e-06,0.0
1,0.016974449157714844,1,1,1e-06,0.0
1,0.0026731491088867188,1,1,1e-06,0.0
1,0.003175973892211914,1,1,1e-06,0.0
1,0.0020935535430908203,1,1,1e-06,0.0
1,0.0021877288818359375,1,1,1e-06,0.0
1,0.0032346248626708984,1,1,1e-06,0.0
1,0.0025811195373535156,1,1,1e-06,0.0
1,0.0022356510162353516,1,1,1e-06,0.0
1,0.0018544197082519531,1,1,1e-06,0.0
1,0.0025544166564941406,1,1,1e-06,0.0
1,0.0022635459899902344,1,1,1e-06,0.0
1,0.001993894577026367,1,1,1e-06,0.0
1,0.0035080909729003906,1,1,1e-06,0.0
1,0.002983570098876953,1,1,1e-06,0.0
1,0.0021448135375976562,1,1,1e-06,0.0
1,0.0018572807312011719,1,1,1e-06,0.0
1,0.01058650016784668,1,1,1e-06,0.0
1,0.0021517276763916016,1,1,1e-06,0.0
1,0.0021505355834960938,1,1,1e-06,0.0
1,0.09665250778198242,1,1,1e-06,0.0
1,0.001870870590209961,1,1,1e-06,0.0
1,0.001604318618774414,1,1,1e-06,0.0
1,0.0016255378723144531,1,1,1e-06,0.0
1,0.0016999244689941406,1,1,1e-06,0.0
1,0.0023560523986816406,1,1,1e-06,0.0
1,0.0021190643310546875,1,1,1e-06,0.0
1,0.0020356178283691406,1,1,1e-06,0.0
1,0.0017070770263671875,1,1,1e-06,0.0
1,0.0017278194427490234,1,1,1e-06,0.0
1,0.0015938282012939453,1,1,1e-06,0.0
1,0.0014085769653320312,1,1,1e-06,0.0
1,0.0031774044036865234,1,1,1e-06,0.0
1,0.0018956661224365234,1,1,1e-06,0.0
1,0.0024437904357910156,1,1,1e-06,0.0
1,0.00279998779296875,1,1,1e-06,0.0
1,0.002429485321044922,1,1,1e-06,0.0
1,0.0019259452819824219,1,1,1e-06,0.0
1,0.002428770065307617,1,1,1e-06,0.0
1,0.0023965835571289062,1,1,1e-06,0.0
1,0.0019609928131103516,1,1,1e-06,0.0
1,0.002240896224975586,1,1,1e-06,0.0
1,0.0020470619201660156,1,1,1e-06,0.0
1,0.002106904983520508,1,1,1e-06,0.0
1,0.0019669532775878906,1,1,1e-06,0.0
1,0.0017428398132324219,1,1,1e-06,0.0
1,0.002074003219604492,1,1,1e-06,0.0
1,0.0020880699157714844,1,1,1e-06,0.0
1,0.0018413066864013672,1,1,1e-06,0.0
1,0.003943920135498047,1,1,1e-06,0.0
1,0.002066373825073242,1,1,1e-06,0.0
1,0.0016901493072509766,1,1,1e-06,0.0
1,0.0015974044799804688,1,1,1e-06,0.0
1,0.0015568733215332031,1,1,1e-06,0.0
1,0.0023593902587890625,1,1,1e-06,0.0
1,0.001842498779296875,1,1,1e-06,0.0
1,0.011037588119506836,1,1,1e-06,0.0
1,0.0024635791778564453,1,1,1e-06,0.0
1,0.0022165775299072266,1,1,1e-06,0.0
1,0.0037322044372558594,1,1,1e-06,0.0
1,0.003203153610229492,1,1,1e-06,0.0
1,0.07457661628723145,1,1,1e-06,0.0
1,0.0019347667694091797,1,1,1e-06,0.0
1,0.002340555191040039,1,1,1e-06,0.0
1,0.003128528594970703,1,1,1e-06,0.0
1,0.0020859241485595703,1,1,1e-06,0.0
1,0.0020830631256103516,1,1,1e-06,0.0
1,0.001689910888671875,1,1,1e-06,0.0
1,0.003484010696411133,1,1,1e-06,0.0
1,0.001964092254638672,1,1,1e-06,0.0
1,0.00174713134765625,1,1,1e-06,0.0
1,0.0019981861114501953,1,1,1e-06,0.0
1,0.0015225410461425781,1,1,1e-06,0.0
1,0.0017328262329101562,1,1,1e-06,0.0
1,0.0017845630645751953,1,1,1e-06,0.0
1,0.0019693374633789062,1,1,1e-06,0.0
1,0.0019321441650390625,1,1,1e-06,0.0
1,0.0023565292358398438,1,1,1e-06,0.0
1,0.0018794536590576172,1,1,1e-06,0.0
1,0.0016810894012451172,1,1,1e-06,0.0
1,0.002608776092529297,1,1,1e-06,0.0
1,0.002175569534301758,1,1,1e-06,0.0
1,0.0017635822296142578,1,1,1e-06,0.0
1,0.0033702850341796875,1,1,1e-06,0.0
1,0.0025959014892578125,1,1,1e-06,0.0
1,0.0017478466033935547,1,1,1e-06,0.0
1,0.001621246337890625,1,1,1e-06,0.0
1,0.0016751289367675781,1,1,1e-06,0.0
1,0.0024340152740478516,1,1,1e-06,0.0
1,0.0019960403442382812,1,1,1e-06,0.0
1,0.0019135475158691406,1,1,1e-06,0.0
1,0.0017652511596679688,1,1,1e-06,0.0
1,0.0025415420532226562,1,1,1e-06,0.0
1,0.002589702606201172,1,1,1e-06,0.0
1,0.001581430435180664,1,1,1e-06,0.0
1,0.003326892852783203,1,1,1e-06,0.0
1,0.012873649597167969,1,1,1e-06,0.0
1,0.0020074844360351562,1,1,1e-06,0.0
1,0.0026443004608154297,1,1,1e-06,0.0
1,0.0027399063110351562,1,1,1e-06,0.0
1,0.007848501205444336,1,1,1e-06,0.0
1,0.0025479793548583984,1,1,1e-06,0.0
1,0.002420663833618164,1,1,1e-06,0.0
1,0.0027780532836914062,1,1,1e-06,0.0
1,0.0023005008697509766,1,1,1e-06,0.0
1,0.0028655529022216797,1,1,1e-06,0.0
1,0.002633333206176758,1,1,1e-06,0.0
1,0.0018122196197509766,1,1,1e-06,0.0
1,0.00144195556640625,1,1,1e-06,0.0
1,0.0019307136535644531,1,1,1e-06,0.0
1,0.01088714599609375,1,1,1e-06,0.0
1,0.002665281295776367,1,1,1e-06,0.0
1,0.0020904541015625,1,1,1e-06,0.0
1,0.0021555423736572266,1,1,1e-06,0.0
1,0.002110719680786133,1,1,1e-06,0.0
1,0.003690958023071289,1,1,1e-06,0.0
1,0.0020453929901123047,1,1,1e-06,0.0
1,0.0017390251159667969,1,1,1e-06,0.0
1,0.0020225048065185547,1,1,1e-06,0.0
1,0.05126595497131348,1,1,1e-06,0.0
1,0.002344846725463867,1,1,1e-06,0.0
1,0.003129720687866211,1,1,1e-06,0.0
1,0.00273895263671875,1,1,1e-06,0.0
1,0.0019741058349609375,1,1,1e-06,0.0
1,0.0016734600067138672,1,1,1e-06,0.0
1,0.001798868179321289,1,1,1e-06,0.0
1,0.0020294189453125,1,1,1e-06,0.0
1,0.003994464874267578,1,1,1e-06,0.0
1,0.0026772022247314453,1,1,1e-06,0.0
1,0.002215862274169922,1,1,1e-06,0.0
1,0.0022881031036376953,1,1,1e-06,0.0
1,0.0019342899322509766,1,1,1e-06,0.0
1,0.001650094985961914,1,1,1e-06,0.0
1,0.003004312515258789,1,1,1e-06,0.0
1,0.003561735153198242,1,1,1e-06,0.0
1,0.0026209354400634766,1,1,1e-06,0.0
1,0.003124237060546875,1,1,1e-06,0.0
1,0.001817941665649414,1,1,1e-06,0.0
1,0.002872943878173828,1,1,1e-06,0.0
1,0.002632617950439453,1,1,1e-06,0.0
1,0.0021054744720458984,1,1,1e-06,0.0
1,0.0021054744720458984,1,1,1e-06,0.0
1,0.0020465850830078125,1,1,1e-06,0.0
1,0.003744840621948242,1,1,1e-06,0.0
1,0.001956462860107422,1,1,1e-06,0.0
1,0.00217437744140625,1,1,1e-06,0.0
1,0.0022950172424316406,1,1,1e-06,0.0
1,0.002365589141845703,1,1,1e-06,0.0
1,0.00439000129699707,1,1,1e-06,0.0
1,0.0022296905517578125,1,1,1e-06,0.0
1,0.00167083740234375,1,1,1e-06,0.0
1,0.001833200454711914,1,1,1e-06,0.0
1,0.0019147396087646484,1,1,1e-06,0.0
1,0.0019164085388183594,1,1,1e-06,0.0
1,0.0016856193542480469,1,1,1e-06,0.0
1,0.0023293495178222656,1,1,1e-06,0.0
1,0.002549886703491211,1,1,1e-06,0.0
1,0.0017547607421875,1,1,1e-06,0.0
1,0.0017895698547363281,1,1,1e-06,0.0
1,0.0017857551574707031,1,1,1e-06,0.0
1,0.0019614696502685547,1,1,1e-06,0.0
1,0.0017352104187011719,1,1,1e-06,0.0
1,0.002863168716430664,1,1,1e-06,0.0
1,0.002521038055419922,1,1,1e-06,0.0
1,0.002383708953857422,1,1,1e-06,0.0
1,0.0026290416717529297,1,1,1e-06,0.0
1,0.002375364303588867,1,1,1e-06,0.0
1,0.002125978469848633,1,1,1e-06,0.0
1,0.0032825469970703125,1,1,1e-06,0.0
1,0.001880645751953125,1,1,1e-06,0.0
1,0.0022428035736083984,1,1,1e-06,0.0
1,0.0020017623901367188,1,1,1e-06,0.0
1,0.0025641918182373047,1,1,1e-06,0.0
1,0.0016908645629882812,1,1,1e-06,0.0
1,0.0024073123931884766,1,1,1e-06,0.0
1,0.005618095397949219,1,1,1e-06,0.0
1,0.0026044845581054688,1,1,1e-06,0.0
1,0.012137889862060547,1,1,1e-06,0.0
1,0.001905202865600586,1,1,1e-06,0.0
1,0.0020818710327148438,1,1,1e-06,0.0
1,0.0017609596252441406,1,1,1e-06,0.0
1,0.0018868446350097656,1,1,1e-06,0.0
1,0.0019519329071044922,1,1,1e-06,0.0
1,0.0016973018646240234,1,1,1e-06,0.0
1,0.0047321319580078125,1,1,1e-06,0.0
1,0.0018582344055175781,1,1,1e-06,0.0
1,0.0022149085998535156,1,1,1e-06,0.0
1,0.0016512870788574219,1,1,1e-06,0.0
1,0.0019311904907226562,1,1,1e-06,0.0
1,0.0020835399627685547,1,1,1e-06,0.0
1,0.0018138885498046875,1,1,1e-06,0.0
1,0.002009868621826172,1,1,1e-06,0.0
1,0.0015501976013183594,1,1,1e-06,0.0
1,0.001971721649169922,1,1,1e-06,0.0
1,0.0016057491302490234,1,1,1e-06,0.0
1,0.002622365951538086,1,1,1e-06,0.0
1,0.002722501754760742,1,1,1e-06,0.0
1,0.002308368682861328,1,1,1e-06,0.0
1,0.001909494400024414,1,1,1e-06,0.0
1,0.0016589164733886719,1,1,1e-06,0.0
1,0.009746551513671875,1,1,1e-06,0.0
1,0.0033249855041503906,1,1,1e-06,0.0
1,0.0027658939361572266,1,1,1e-06,0.0
1,0.006737232208251953,1,1,1e-06,0.0
1,0.003666400909423828,1,1,1e-06,0.0
1,0.0032508373260498047,1,1,1e-06,0.0
1,0.003674030303955078,1,1,1e-06,0.0
1,0.0025522708892822266,1,1,1e-06,0.0
1,0.0025191307067871094,1,1,1e-06,0.0
1,0.0028581619262695312,1,1,1e-06,0.0
1,0.0033562183380126953,1,1,1e-06,0.0
1,0.003117799758911133,1,1,1e-06,0.0
1,0.004023075103759766,1,1,1e-06,0.0
1,0.0023565292358398438,1,1,1e-06,0.0
1,0.0020825862884521484,1,1,1e-06,0.0
1,0.0026044845581054688,1,1,1e-06,0.0
1,0.0023267269134521484,1,1,1e-06,0.0
1,0.002818584442138672,1,1,1e-06,0.0
1,0.002354145050048828,1,1,1e-06,0.0
1,0.0021696090698242188,1,1,1e-06,0.0
1,0.0017824172973632812,1,1,1e-06,0.0
1,0.0027577877044677734,1,1,1e-06,0.0
1,0.0022416114807128906,1,1,1e-06,0.0
1,0.002253293991088867,1,1,1e-06,0.0
1,0.0021190643310546875,1,1,1e-06,0.0
1,0.003193378448486328,1,1,1e-06,0.0
1,0.002218961715698242,1,1,1e-06,0.0
1,0.001898050308227539,1,1,1e-06,0.0
1,0.2591898441314697,1,1,1e-06,0.0
1,0.0029439926147460938,1,1,1e-06,0.0
1,0.001847982406616211,1,1,1e-06,0.0
1,0.0022139549255371094,1,1,1e-06,0.0
1,0.0017170906066894531,1,1,1e-06,0.0
1,0.0018148422241210938,1,1,1e-06,0.0
1,0.0024538040161132812,1,1,1e-06,0.0
1,0.0018076896667480469,1,1,1e-06,0.0
1,0.001821756362915039,1,1,1e-06,0.0
1,0.04798746109008789,1,1,1e-06,0.0
1,0.003914833068847656,1,1,1e-06,0.0
1,0.0031456947326660156,1,1,1e-06,0.0
1,0.0015437602996826172,1,1,1e-06,0.0
1,0.0014352798461914062,1,1,1e-06,0.0
1,0.0012629032135009766,1,1,1e-06,0.0
1,0.001589059829711914,1,1,1e-06,0.0
1,0.014772415161132812,1,1,1e-06,0.0
1,0.002353191375732422,1,1,1e-06,0.0
1,0.002329111099243164,1,1,1e-06,0.0
1,0.001870870590209961,1,1,1e-06,0.0
1,0.001664876937866211,1,1,1e-06,0.0
1,0.0016925334930419922,1,1,1e-06,0.0
1,0.00384521484375,1,1,1e-06,0.0
1,0.002276182174682617,1,1,1e-06,0.0
1,0.002240896224975586,1,1,1e-06,0.0
1,0.0021033287048339844,1,1,1e-06,0.0
1,0.0025773048400878906,1,1,1e-06,0.0
1,0.0018532276153564453,1,1,1e-06,0.0
1,0.0020606517791748047,1,1,1e-06,0.0
1,0.0020303726196289062,1,1,1e-06,0.0
1,0.0023419857025146484,1,1,1e-06,0.0
1,0.001711130142211914,1,1,1e-06,0.0
1,0.0024292469024658203,1,1,1e-06,0.0
1,0.0018002986907958984,1,1,1e-06,0.0
1,0.003033161163330078,1,1,1e-06,0.0
1,0.002446889877319336,1,1,1e-06,0.0
1,0.0016448497772216797,1,1,1e-06,0.0
1,0.0016562938690185547,1,1,1e-06,0.0
1,0.0014338493347167969,1,1,1e-06,0.0
1,0.001373291015625,1,1,1e-06,0.0
1,0.0019524097442626953,1,1,1e-06,0.0
1,0.01803445816040039,1,1,1e-06,0.0
1,0.0018033981323242188,1,1,1e-06,0.0
1,0.0031807422637939453,1,1,1e-06,0.0
1,0.0021178722381591797,1,1,1e-06,0.0
1,0.0027205944061279297,1,1,1e-06,0.0
1,0.0014271736145019531,1,1,1e-06,0.0
1,0.0014774799346923828,1,1,1e-06,0.0
1,0.00515437126159668,1,1,1e-06,0.0
1,0.0018301010131835938,1,1,1e-06,0.0
1,0.001901865005493164,1,1,1e-06,0.0
1,0.0017156600952148438,1,1,1e-06,0.0
1,0.001728057861328125,1,1,1e-06,0.0
1,0.0018379688262939453,1,1,1e-06,0.0
1,0.0027108192443847656,1,1,1e-06,0.0
1,0.002121448516845703,1,1,1e-06,0.0
1,0.002113819122314453,1,1,1e-06,0.0
1,0.0041675567626953125,1,1,1e-06,0.0
1,0.0020990371704101562,1,1,1e-06,0.0
1,0.0018243789672851562,1,1,1e-06,0.0
1,0.0017828941345214844,1,1,1e-06,0.0
1,0.0017213821411132812,1,1,1e-06,0.0
1,0.0019078254699707031,1,1,1e-06,0.0
1,0.0019121170043945312,1,1,1e-06,0.0
1,0.0017180442810058594,1,1,1e-06,0.0
1,0.001728057861328125,1,1,1e-06,0.0
1,0.009495973587036133,1,1,1e-06,0.0
1,0.0018641948699951172,1,1,1e-06,0.0
1,0.0038444995880126953,1,1,1e-06,0.0
1,0.0021703243255615234,1,1,1e-06,0.0
1,0.0018503665924072266,1,1,1e-06,0.0
1,0.0020008087158203125,1,1,1e-06,0.0
1,0.001960277557373047,1,1,1e-06,0.0
1,0.0016224384307861328,1,1,1e-06,0.0
1,0.0016400814056396484,1,1,1e-06,0.0
1,0.0024785995483398438,1,1,1e-06,0.0
1,0.0027425289154052734,1,1,1e-06,0.0
1,0.0022287368774414062,1,1,1e-06,0.0
1,0.0016224384307861328,1,1,1e-06,0.0
1,0.001726388931274414,1,1,1e-06,0.0
1,0.014004707336425781,1,1,1e-06,0.0
1,0.0017652511596679688,1,1,1e-06,0.0
1,0.0014286041259765625,1,1,1e-06,0.0
1,0.00128173828125,1,1,1e-06,0.0
1,0.0018339157104492188,1,1,1e-06,0.0
1,0.001878499984741211,1,1,1e-06,0.0
1,0.0018582344055175781,1,1,1e-06,0.0
1,0.0020766258239746094,1,1,1e-06,0.0
1,0.0020825862884521484,1,1,1e-06,0.0
1,0.0016050338745117188,1,1,1e-06,0.0
1,0.001960277557373047,1,1,1e-06,0.0
1,0.0019571781158447266,1,1,1e-06,0.0
1,0.013327360153198242,1,1,1e-06,0.0
1,0.0014290809631347656,1,1,1e-06,0.0
1,0.0013241767883300781,1,1,1e-06,0.0
1,0.0019464492797851562,1,1,1e-06,0.0
1,0.0016231536865234375,1,1,1e-06,0.0
1,0.001561880111694336,1,1,1e-06,0.0
1,0.0022470951080322266,1,1,1e-06,0.0
1,0.01534581184387207,1,1,1e-06,0.0
1,0.0037949085235595703,1,1,1e-06,0.0
1,0.002421855926513672,1,1,1e-06,0.0
1,0.0017447471618652344,1,1,1e-06,0.0
1,0.0013408660888671875,1,1,1e-06,0.0
1,0.0018529891967773438,1,1,1e-06,0.0
1,0.0018916130065917969,1,1,1e-06,0.0
1,0.0015757083892822266,1,1,1e-06,0.0
1,0.0016105175018310547,1,1,1e-06,0.0
1,0.002199888229370117,1,1,1e-06,0.0
1,0.0020554065704345703,1,1,1e-06,0.0
1,0.0019936561584472656,1,1,1e-06,0.0
1,0.0017256736755371094,1,1,1e-06,0.0
1,0.018687725067138672,1,1,1e-06,0.0
1,0.0022428035736083984,1,1,1e-06,0.0
1,0.0017757415771484375,1,1,1e-06,0.0
1,0.001734018325805664,1,1,1e-06,0.0
1,0.001554727554321289,1,1,1e-06,0.0
1,0.002248525619506836,1,1,1e-06,0.0
1,0.002107381820678711,1,1,1e-06,0.0
1,0.0017833709716796875,1,1,1e-06,0.0
1,0.0017518997192382812,1,1,1e-06,0.0
1,0.0030095577239990234,1,1,1e-06,0.0
1,0.0039517879486083984,1,1,1e-06,0.0
1,0.0028603076934814453,1,1,1e-06,0.0
1,0.01264643669128418,1,1,1e-06,0.0
1,0.0019233226776123047,1,1,1e-06,0.0
1,0.0017192363739013672,1,1,1e-06,0.0
1,0.0023679733276367188,1,1,1e-06,0.0
1,0.002026081085205078,1,1,1e-06,0.0
1,0.0018889904022216797,1,1,1e-06,0.0
1,0.004313468933105469,1,1,1e-06,0.0
1,0.003161191940307617,1,1,1e-06,0.0
1,0.0022954940795898438,1,1,1e-06,0.0
1,0.04877877235412598,1,1,1e-06,0.0
1,0.001739501953125,1,1,1e-06,0.0
1,0.002583742141723633,1,1,1e-06,0.0
1,0.0022177696228027344,1,1,1e-06,0.0
1,0.002373933792114258,1,1,1e-06,0.0
1,0.003766775131225586,1,1,1e-06,0.0
1,0.001962423324584961,1,1,1e-06,0.0
1,0.001558065414428711,1,1,1e-06,0.0
1,0.0017247200012207031,1,1,1e-06,0.0
1,0.001653909683227539,1,1,1e-06,0.0
1,0.0021882057189941406,1,1,1e-06,0.0
1,0.0021076202392578125,1,1,1e-06,0.0
1,0.0018157958984375,1,1,1e-06,0.0
1,0.0015087127685546875,1,1,1e-06,0.0
1,0.002346515655517578,1,1,1e-06,0.0
1,0.002679109573364258,1,1,1e-06,0.0
1,0.0016467571258544922,1,1,1e-06,0.0
1,0.0023026466369628906,1,1,1e-06,0.0
1,0.002547740936279297,1,1,1e-06,0.0
1,0.0020782947540283203,1,1,1e-06,0.0
1,0.0021147727966308594,1,1,1e-06,0.0
1,0.0020706653594970703,1,1,1e-06,0.0
1,0.0019428730010986328,1,1,1e-06,0.0
1,0.0019736289978027344,1,1,1e-06,0.0
1,0.0013632774353027344,1,1,1e-06,0.0
1,0.0024955272674560547,1,1,1e-06,0.0
1,0.0030074119567871094,1,1,1e-06,0.0
1,0.001783609390258789,1,1,1e-06,0.0
1,0.0019028186798095703,1,1,1e-06,0.0
1,0.0018165111541748047,1,1,1e-06,0.0
1,0.0018262863159179688,1,1,1e-06,0.0
1,0.0020067691802978516,1,1,1e-06,0.0
1,0.0019087791442871094,1,1,1e-06,0.0
1,0.002156496047973633,1,1,1e-06,0.0
1,0.0039157867431640625,1,1,1e-06,0.0
1,0.0017580986022949219,1,1,1e-06,0.0
1,0.0021271705627441406,1,1,1e-06,0.0
1,0.002038240432739258,1,1,1e-06,0.0
1,0.0015828609466552734,1,1,1e-06,0.0
1,0.0014846324920654297,1,1,1e-06,0.0
1,0.0016987323760986328,1,1,1e-06,0.0
1,0.002195596694946289,1,1,1e-06,0.0
1,0.0023102760314941406,1,1,1e-06,0.0
1,0.0025806427001953125,1,1,1e-06,0.0
1,0.0021948814392089844,1,1,1e-06,0.0
1,0.0018830299377441406,1,1,1e-06,0.0
1,0.0019092559814453125,1,1,1e-06,0.0
1,0.002184152603149414,1,1,1e-06,0.0
1,0.0022928714752197266,1,1,1e-06,0.0
1,0.0026886463165283203,1,1,1e-06,0.0
1,0.0029649734497070312,1,1,1e-06,0.0
1,0.002788066864013672,1,1,1e-06,0.0
1,0.0017180442810058594,1,1,1e-06,0.0
1,0.0014407634735107422,1,1,1e-06,0.0
1,0.00251007080078125,1,1,1e-06,0.0
1,0.002156496047973633,1,1,1e-06,0.0
1,0.061470985412597656,1,1,1e-06,0.0
1,0.0013170242309570312,1,1,1e-06,0.0
1,0.0017230510711669922,1,1,1e-06,0.0
1,0.0027594566345214844,1,1,1e-06,0.0
1,0.0018587112426757812,1,1,1e-06,0.0
1,0.001722574234008789,1,1,1e-06,0.0
1,0.0015416145324707031,1,1,1e-06,0.0
1,0.0015757083892822266,1,1,1e-06,0.0
1,0.001600027084350586,1,1,1e-06,0.0
1,0.009200572967529297,1,1,1e-06,0.0
1,0.0037124156951904297,1,1,1e-06,0.0
1,0.0018754005432128906,1,1,1e-06,0.0
1,0.0025110244750976562,1,1,1e-06,0.0
1,0.0017795562744140625,1,1,1e-06,0.0
1,0.0016672611236572266,1,1,1e-06,0.0
1,0.0019063949584960938,1,1,1e-06,0.0
1,0.006894588470458984,1,1,1e-06,0.0
1,0.0024046897888183594,1,1,1e-06,0.0
1,0.002180337905883789,1,1,1e-06,0.0
1,0.0021469593048095703,1,1,1e-06,0.0
1,0.0017647743225097656,1,1,1e-06,0.0
1,0.002174854278564453,1,1,1e-06,0.0
1,0.003960132598876953,1,1,1e-06,0.0
1,0.002530336380004883,1,1,1e-06,0.0
1,0.002276897430419922,1,1,1e-06,0.0
1,0.0021352767944335938,1,1,1e-06,0.0
1,0.0017402172088623047,1,1,1e-06,0.0
1,0.0025441646575927734,1,1,1e-06,0.0
1,0.0020530223846435547,1,1,1e-06,0.0
1,0.0019829273223876953,1,1,1e-06,0.0
1,0.0017256736755371094,1,1,1e-06,0.0
1,0.0016741752624511719,1,1,1e-06,0.0
1,0.002239704132080078,1,1,1e-06,0.0
1,0.0018508434295654297,1,1,1e-06,0.0
1,0.8261728286743164,1,1,1e-06,0.0
1,0.0017819404602050781,1,1,1e-06,0.0
1,0.001768350601196289,1,1,1e-06,0.0
1,0.002126455307006836,1,1,1e-06,0.0
1,0.002857208251953125,1,1,1e-06,0.0
1,0.003223419189453125,1,1,1e-06,0.0
1,0.0022928714752197266,1,1,1e-06,0.0
1,0.0016505718231201172,1,1,1e-06,0.0
1,0.0018455982208251953,1,1,1e-06,0.0
1,0.0016219615936279297,1,1,1e-06,0.0
1,0.0025467872619628906,1,1,1e-06,0.0
1,0.0026330947875976562,1,1,1e-06,0.0
1,0.0018343925476074219,1,1,1e-06,0.0
1,0.0019631385803222656,1,1,1e-06,0.0
1,0.0021843910217285156,1,1,1e-06,0.0
1,0.002626180648803711,1,1,1e-06,0.0
1,0.0017652511596679688,1,1,1e-06,0.0
1,0.0016705989837646484,1,1,1e-06,0.0
1,0.0020699501037597656,1,1,1e-06,0.0
1,0.005020618438720703,1,1,1e-06,0.0
1,0.0022249221801757812,1,1,1e-06,0.0
1,0.001988649368286133,1,1,1e-06,0.0
1,0.0018582344055175781,1,1,1e-06,0.0
1,0.0017864704132080078,1,1,1e-06,0.0
1,0.027199983596801758,1,1,1e-06,0.0
1,0.020660877227783203,1,1,1e-06,0.0
1,0.0024518966674804688,1,1,1e-06,0.0
1,0.0017328262329101562,1,1,1e-06,0.0
1,0.0017731189727783203,1,1,1e-06,0.0
1,0.02292346954345703,1,1,1e-06,0.0
1,0.002187967300415039,1,1,1e-06,0.0
1,0.0024547576904296875,1,1,1e-06,0.0
1,0.0021550655364990234,1,1,1e-06,0.0
1,0.0018856525421142578,1,1,1e-06,0.0
1,0.0023469924926757812,1,1,1e-06,0.0
1,0.0027565956115722656,1,1,1e-06,0.0
1,0.0022826194763183594,1,1,1e-06,0.0
1,0.002307415008544922,1,1,1e-06,0.0
1,0.002156496047973633,1,1,1e-06,0.0
1,0.002273082733154297,1,1,1e-06,0.0
1,0.002101898193359375,1,1,1e-06,0.0
1,0.0022046566009521484,1,1,1e-06,0.0
1,0.0018315315246582031,1,1,1e-06,0.0
1,0.002079486846923828,1,1,1e-06,0.0
1,0.0019714832305908203,1,1,1e-06,0.0
1,0.0021991729736328125,1,1,1e-06,0.0
1,0.002596616744995117,1,1,1e-06,0.0
1,0.0021042823791503906,1,1,1e-06,0.0
1,0.0019800662994384766,1,1,1e-06,0.0
1,0.003974199295043945,1,1,1e-06,0.0
1,0.00201416015625,1,1,1e-06,0.0
1,0.0017628669738769531,1,1,1e-06,0.0
1,0.0015425682067871094,1,1,1e-06,0.0
1,0.0027692317962646484,1,1,1e-06,0.0
1,0.002157926559448242,1,1,1e-06,0.0
1,0.0017194747924804688,1,1,1e-06,0.0
1,0.0018320083618164062,1,1,1e-06,0.0
1,0.001840353012084961,1,1,1e-06,0.0
1,0.0017533302307128906,1,1,1e-06,0.0
1,0.001916646957397461,1,1,1e-06,0.0
1,0.0025277137756347656,1,1,1e-06,0.0
1,0.002429962158203125,1,1,1e-06,0.0
1,0.002935171127319336,1,1,1e-06,0.0
1,0.0022983551025390625,1,1,1e-06,0.0
1,0.0023190975189208984,1,1,1e-06,0.0
1,0.0017292499542236328,1,1,1e-06,0.0
1,0.001495361328125,1,1,1e-06,0.0
1,0.0015530586242675781,1,1,1e-06,0.0
1,0.0023298263549804688,1,1,1e-06,0.0
1,0.002404928207397461,1,1,1e-06,0.0
1,0.0021648406982421875,1,1,1e-06,0.0
1,0.0021686553955078125,1,1,1e-06,0.0
1,0.0032088756561279297,1,1,1e-06,0.0
1,0.0019254684448242188,1,1,1e-06,0.0
1,0.0015397071838378906,1,1,1e-06,0.0
1,0.0015802383422851562,1,1,1e-06,0.0
1,0.0021066665649414062,1,1,1e-06,0.0
1,0.0022885799407958984,1,1,1e-06,0.0
1,0.003389596939086914,1,1,1e-06,0.0
1,0.002553224563598633,1,1,1e-06,0.0
1,0.0025713443756103516,1,1,1e-06,0.0
1,0.0019071102142333984,1,1,1e-06,0.0
1,0.014217615127563477,1,1,1e-06,0.0
1,0.0028166770935058594,1,1,1e-06,0.0
1,0.0017170906066894531,1,1,1e-06,0.0
1,0.004102468490600586,1,1,1e-06,0.0
1,0.0033941268920898438,1,1,1e-06,0.0
1,0.0016508102416992188,1,1,1e-06,0.0
1,0.08204007148742676,1,1,1e-06,0.0
1,0.022696495056152344,1,1,1e-06,0.0
1,0.11855387687683105,1,1,1e-06,0.0
1,0.0020096302032470703,1,1,1e-06,0.0
1,0.0018513202667236328,1,1,1e-06,0.0
1,0.0016455650329589844,1,1,1e-06,0.0
1,0.001851797103881836,1,1,1e-06,0.0
1,0.001626729965209961,1,1,1e-06,0.0
1,0.012041807174682617,1,1,1e-06,0.0
1,0.0018818378448486328,1,1,1e-06,0.0
1,0.0022377967834472656,1,1,1e-06,0.0
1,0.0023832321166992188,1,1,1e-06,0.0
1,0.0013425350189208984,1,1,1e-06,0.0
1,0.00471043586730957,1,1,1e-06,0.0
1,0.0021390914916992188,1,1,1e-06,0.0
1,0.0023741722106933594,1,1,1e-06,0.0
1,0.002981901168823242,1,1,1e-06,0.0
1,0.002385854721069336,1,1,1e-06,0.0
1,0.0016148090362548828,1,1,1e-06,0.0
1,0.002937793731689453,1,1,1e-06,0.0
1,0.0022678375244140625,1,1,1e-06,0.0
1,0.0021185874938964844,1,1,1e-06,0.0
1,0.004630088806152344,1,1,1e-06,0.0
1,0.0033440589904785156,1,1,1e-06,0.0
1,0.002337217330932617,1,1,1e-06,0.0
1,0.009182929992675781,1,1,1e-06,0.0
1,0.002210855484008789,1,1,1e-06,0.0
1,0.010656595230102539,1,1,1e-06,0.0
1,0.0025386810302734375,1,1,1e-06,0.0
1,0.0024263858795166016,1,1,1e-06,0.0
1,0.0020623207092285156,1,1,1e-06,0.0
1,0.0017101764678955078,1,1,1e-06,0.0
1,0.0036745071411132812,1,1,1e-06,0.0
1,0.002298593521118164,1,1,1e-06,0.0
1,0.0025703907012939453,1,1,1e-06,0.0
1,0.002452373504638672,1,1,1e-06,0.0
1,0.005740165710449219,1,1,1e-06,0.0
1,0.0019822120666503906,1,1,1e-06,0.0
1,0.0017535686492919922,1,1,1e-06,0.0
1,0.0016705989837646484,1,1,1e-06,0.0
1,0.002086639404296875,1,1,1e-06,0.0
1,0.0026662349700927734,1,1,1e-06,0.0
1,0.002281665802001953,1,1,1e-06,0.0
1,0.0018215179443359375,1,1,1e-06,0.0
1,0.0035750865936279297,1,1,1e-06,0.0
1,0.012542247772216797,1,1,1e-06,0.0
1,0.0022475719451904297,1,1,1e-06,0.0
1,0.0015995502471923828,1,1,1e-06,0.0
1,0.0018656253814697266,1,1,1e-06,0.0
1,0.0017895698547363281,1,1,1e-06,0.0
1,0.0016684532165527344,1,1,1e-06,0.0
1,0.0025196075439453125,1,1,1e-06,0.0
1,0.002796649932861328,1,1,1e-06,0.0
1,0.03704190254211426,1,1,1e-06,0.0
1,0.0018432140350341797,1,1,1e-06,0.0
1,0.003658771514892578,1,1,1e-06,0.0
1,0.0017485618591308594,1,1,1e-06,0.0
1,0.002316713333129883,1,1,1e-06,0.0
1,0.002626657485961914,1,1,1e-06,0.0
1,0.0018532276153564453,1,1,1e-06,0.0
1,0.0020694732666015625,1,1,1e-06,0.0
1,0.001804351806640625,1,1,1e-06,0.0
1,0.0017108917236328125,1,1,1e-06,0.0
1,0.0018191337585449219,1,1,1e-06,0.0
1,0.0017311573028564453,1,1,1e-06,0.0
1,0.0035490989685058594,1,1,1e-06,0.0
1,0.003359556198120117,1,1,1e-06,0.0
1,0.0020818710327148438,1,1,1e-06,0.0
1,0.0019426345825195312,1,1,1e-06,0.0
1,0.002080678939819336,1,1,1e-06,0.0
1,0.002004861831665039,1,1,1e-06,0.0
1,0.0016391277313232422,1,1,1e-06,0.0
1,0.0017714500427246094,1,1,1e-06,0.0
1,0.002557516098022461,1,1,1e-06,0.0
1,0.0020864009857177734,1,1,1e-06,0.0
1,0.002479076385498047,1,1,1e-06,0.0
1,0.0015392303466796875,1,1,1e-06,0.0
1,0.0019571781158447266,1,1,1e-06,0.0
1,0.002096891403198242,1,1,1e-06,0.0
1,0.0018508434295654297,1,1,1e-06,0.0
1,0.049794912338256836,1,1,1e-06,0.0
1,0.002106189727783203,1,1,1e-06,0.0
1,0.002421140670776367,1,1,1e-06,0.0
1,0.0022034645080566406,1,1,1e-06,0.0
1,0.002240896224975586,1,1,1e-06,0.0
1,0.0018393993377685547,1,1,1e-06,0.0
1,0.004121541976928711,1,1,1e-06,0.0
1,0.020926475524902344,1,1,1e-06,0.0
1,0.0032455921173095703,1,1,1e-06,0.0
1,0.0018644332885742188,1,1,1e-06,0.0
1,0.0020155906677246094,1,1,1e-06,0.0
1,0.0015633106231689453,1,1,1e-06,0.0
1,0.002659320831298828,1,1,1e-06,0.0
1,0.002411365509033203,1,1,1e-06,0.0
1,0.0019922256469726562,1,1,1e-06,0.0
1,0.0021953582763671875,1,1,1e-06,0.0
1,0.001756429672241211,1,1,1e-06,0.0
1,0.002134084701538086,1,1,1e-06,0.0
1,0.0019042491912841797,1,1,1e-06,0.0
1,0.0021049976348876953,1,1,1e-06,0.0
1,0.002115011215209961,1,1,1e-06,0.0
1,0.0019936561584472656,1,1,1e-06,0.0
1,0.0017812252044677734,1,1,1e-06,0.0
1,0.015066146850585938,1,1,1e-06,0.0
1,0.004848957061767578,1,1,1e-06,0.0
1,0.0020799636840820312,1,1,1e-06,0.0
1,0.0019986629486083984,1,1,1e-06,0.0
1,0.001965045928955078,1,1,1e-06,0.0
1,0.0016827583312988281,1,1,1e-06,0.0
1,0.0014510154724121094,1,1,1e-06,0.0
1,0.0020771026611328125,1,1,1e-06,0.0
1,0.0019335746765136719,1,1,1e-06,0.0
1,0.0022957324981689453,1,1,1e-06,0.0
1,0.00199127197265625,1,1,1e-06,0.0
1,0.0018584728240966797,1,1,1e-06,0.0
1,0.003036022186279297,1,1,1e-06,0.0
1,0.002156972885131836,1,1,1e-06,0.0
1,0.0019190311431884766,1,1,1e-06,0.0
1,0.0015697479248046875,1,1,1e-06,0.0
1,0.0021219253540039062,1,1,1e-06,0.0
1,0.002118349075317383,1,1,1e-06,0.0
1,0.0018451213836669922,1,1,1e-06,0.0
1,0.0025043487548828125,1,1,1e-06,0.0
1,0.0030803680419921875,1,1,1e-06,0.0
1,0.0026810169219970703,1,1,1e-06,0.0
1,0.01080012321472168,1,1,1e-06,0.0
1,0.001817941665649414,1,1,1e-06,0.0
1,0.005933046340942383,1,1,1e-06,0.0
1,0.0020360946655273438,1,1,1e-06,0.0
1,0.0016579627990722656,1,1,1e-06,0.0
1,0.002072572708129883,1,1,1e-06,0.0
1,0.0030040740966796875,1,1,1e-06,0.0
1,0.0025691986083984375,1,1,1e-06,0.0
1,0.0016827583312988281,1,1,1e-06,0.0
1,0.001766204833984375,1,1,1e-06,0.0
1,0.002237081527709961,1,1,1e-06,0.0
1,0.0037691593170166016,1,1,1e-06,0.0
1,0.013897418975830078,1,1,1e-06,0.0
1,0.0020639896392822266,1,1,1e-06,0.0
1,0.0026695728302001953,1,1,1e-06,0.0
1,0.18373394012451172,1,1,1e-06,0.0
1,0.0013082027435302734,1,1,1e-06,0.0
1,0.0013604164123535156,1,1,1e-06,0.0
1,0.0019178390502929688,1,1,1e-06,0.0
1,0.0018074512481689453,1,1,1e-06,0.0
1,0.010770797729492188,1,1,1e-06,0.0
1,0.002456188201904297,1,1,1e-06,0.0
1,0.0021381378173828125,1,1,1e-06,0.0
1,0.001734018325805664,1,1,1e-06,0.0
1,0.004166603088378906,1,1,1e-06,0.0
1,0.002313852310180664,1,1,1e-06,0.0
1,0.0014967918395996094,1,1,1e-06,0.0
1,0.0014421939849853516,1,1,1e-06,0.0
1,0.0013859272003173828,1,1,1e-06,0.0
1,0.0016705989837646484,1,1,1e-06,0.0
1,0.0018279552459716797,1,1,1e-06,0.0
1,0.0012891292572021484,1,1,1e-06,0.0
1,0.0016067028045654297,1,1,1e-06,0.0
1,0.0016028881072998047,1,1,1e-06,0.0
1,0.001631021499633789,1,1,1e-06,0.0
1,0.04080057144165039,1,1,1e-06,0.0
1,0.027985811233520508,1,1,1e-06,0.0
1,0.0029144287109375,1,1,1e-06,0.0
1,0.0037717819213867188,1,1,1e-06,0.0
1,0.010121345520019531,1,1,1e-06,0.0
1,0.003773212432861328,1,1,1e-06,0.0
1,0.0030670166015625,1,1,1e-06,0.0
1,0.00496220588684082,1,1,1e-06,0.0
1,0.0967094898223877,1,1,1e-06,0.0
1,0.0038709640502929688,1,1,1e-06,0.0
1,0.004022121429443359,1,1,1e-06,0.0
1,0.0034122467041015625,1,1,1e-06,0.0
1,0.003204822540283203,1,1,1e-06,0.0
1,0.003826141357421875,1,1,1e-06,0.0
1,0.006926059722900391,1,1,1e-06,0.0
1,0.002869129180908203,1,1,1e-06,0.0
1,0.002780437469482422,1,1,1e-06,0.0
1,0.04517054557800293,1,1,1e-06,0.0
1,0.0029039382934570312,1,1,1e-06,0.0
1,0.0038797855377197266,1,1,1e-06,0.0
1,0.0028722286224365234,1,1,1e-06,0.0
1,0.003213167190551758,1,1,1e-06,0.0
1,0.00368499755859375,1,1,1e-06,0.0
1,0.0032258033752441406,1,1,1e-06,0.0
1,0.003324270248413086,1,1,1e-06,0.0
1,0.003895282745361328,1,1,1e-06,0.0
1,0.004033088684082031,1,1,1e-06,0.0
1,0.004014730453491211,1,1,1e-06,0.0
1,0.003694772720336914,1,1,1e-06,0.0
1,0.003357410430908203,1,1,1e-06,0.0
1,0.005435943603515625,1,1,1e-06,0.0
1,0.10457587242126465,1,1,1e-06,0.0
1,0.0032339096069335938,1,1,1e-06,0.0
1,0.002638578414916992,1,1,1e-06,0.0
1,0.005795001983642578,1,1,1e-06,0.0
1,0.0030202865600585938,1,1,1e-06,0.0
1,0.0026137828826904297,1,1,1e-06,0.0
1,0.0026047229766845703,1,1,1e-06,0.0
1,0.002168893814086914,1,1,1e-06,0.0
1,0.002199888229370117,1,1,1e-06,0.0
1,0.0029566287994384766,1,1,1e-06,0.0
1,0.0020132064819335938,1,1,1e-06,0.0
1,0.0036351680755615234,1,1,1e-06,0.0
1,0.004636287689208984,1,1,1e-06,0.0
1,0.0023670196533203125,1,1,1e-06,0.0
1,0.03882408142089844,1,1,1e-06,0.0
1,0.0027391910552978516,1,1,1e-06,0.0
1,0.002252817153930664,1,1,1e-06,0.0
1,0.002643108367919922,1,1,1e-06,0.0
1,0.002717256546020508,1,1,1e-06,0.0
1,0.003081798553466797,1,1,1e-06,0.0
1,0.002589702606201172,1,1,1e-06,0.0
1,0.0026619434356689453,1,1,1e-06,0.0
1,0.002714395523071289,1,1,1e-06,0.0
1,0.002610921859741211,1,1,1e-06,0.0
1,0.00311279296875,1,1,1e-06,0.0
1,0.002560138702392578,1,1,1e-06,0.0
1,0.004306793212890625,1,1,1e-06,0.0
1,0.002518177032470703,1,1,1e-06,0.0
1,0.0021686553955078125,1,1,1e-06,0.0
1,0.0039670467376708984,1,1,1e-06,0.0
1,0.019063472747802734,1,1,1e-06,0.0
1,0.002834320068359375,1,1,1e-06,0.0
1,0.0038497447967529297,1,1,1e-06,0.0
1,0.003231525421142578,1,1,1e-06,0.0
1,0.002895355224609375,1,1,1e-06,0.0
1,0.008677005767822266,1,1,1e-06,0.0
1,0.003276824951171875,1,1,1e-06,0.0
1,0.0025844573974609375,1,1,1e-06,0.0
1,0.013981819152832031,1,1,1e-06,0.0
1,0.0023708343505859375,1,1,1e-06,0.0
1,0.0030193328857421875,1,1,1e-06,0.0
1,0.0030794143676757812,1,1,1e-06,0.0
1,0.002825498580932617,1,1,1e-06,0.0
1,0.003856658935546875,1,1,1e-06,0.0
1,0.0022199153900146484,1,1,1e-06,0.0
1,0.003199338912963867,1,1,1e-06,0.0
1,0.002495288848876953,1,1,1e-06,0.0
1,0.0025124549865722656,1,1,1e-06,0.0
1,0.003018617630004883,1,1,1e-06,0.0
1,0.003867626190185547,1,1,1e-06,0.0
1,0.0023925304412841797,1,1,1e-06,0.0
1,0.0028672218322753906,1,1,1e-06,0.0
1,0.0028285980224609375,1,1,1e-06,0.0
1,0.0025262832641601562,1,1,1e-06,0.0
1,0.0027942657470703125,1,1,1e-06,0.0
1,0.0033979415893554688,1,1,1e-06,0.0
1,0.004748821258544922,1,1,1e-06,0.0
1,0.005841493606567383,1,1,1e-06,0.0
1,0.0027952194213867188,1,1,1e-06,0.0
1,0.002155780792236328,1,1,1e-06,0.0
1,0.0066890716552734375,1,1,1e-06,0.0
1,0.0032758712768554688,1,1,1e-06,0.0
1,0.0029239654541015625,1,1,1e-06,0.0
1,0.002713918685913086,1,1,1e-06,0.0
1,0.002811431884765625,1,1,1e-06,0.0
1,0.002562999725341797,1,1,1e-06,0.0
1,0.0025436878204345703,1,1,1e-06,0.0
1,0.0053937435150146484,1,1,1e-06,0.0
1,0.002920389175415039,1,1,1e-06,0.0
1,0.0025568008422851562,1,1,1e-06,0.0
1,0.01705622673034668,1,1,1e-06,0.0
1,0.00274658203125,1,1,1e-06,0.0
1,0.0033757686614990234,1,1,1e-06,0.0
1,0.003568410873413086,1,1,1e-06,0.0
1,0.002471923828125,1,1,1e-06,0.0
1,0.019468307495117188,1,1,1e-06,0.0
1,0.0076944828033447266,1,1,1e-06,0.0
1,0.003008127212524414,1,1,1e-06,0.0
1,0.0028510093688964844,1,1,1e-06,0.0
1,0.004392862319946289,1,1,1e-06,0.0
1,0.0032851696014404297,1,1,1e-06,0.0
1,0.0033721923828125,1,1,1e-06,0.0
1,0.0030641555786132812,1,1,1e-06,0.0
1,0.0030088424682617188,1,1,1e-06,0.0
1,0.003112316131591797,1,1,1e-06,0.0
1,0.002470731735229492,1,1,1e-06,0.0
1,0.0043849945068359375,1,1,1e-06,0.0
1,0.003730297088623047,1,1,1e-06,0.0
1,0.00463557243347168,1,1,1e-06,0.0
1,0.0027723312377929688,1,1,1e-06,0.0
1,0.004040241241455078,1,1,1e-06,0.0
1,0.0033311843872070312,1,1,1e-06,0.0
1,0.003765583038330078,1,1,1e-06,0.0
1,0.005553007125854492,1,1,1e-06,0.0
1,0.014922857284545898,1,1,1e-06,0.0
0,1.0036098957061768,0,0,,0.0
1,0.0017704963684082031,1,1,1e-06,0.0
1,0.002438068389892578,1,1,1e-06,0.0
1,0.0020406246185302734,1,1,1e-06,0.0
1,0.0017948150634765625,1,1,1e-06,0.0
1,0.0015406608581542969,1,1,1e-06,0.0
1,0.0014367103576660156,1,1,1e-06,0.0
0,1.005922555923462,0,0,,0.0
1,0.004160642623901367,1,1,1e-06,0.0
1,0.003772258758544922,1,1,1e-06,0.0
1,0.003634929656982422,1,1,1e-06,0.0
1,0.01027059555053711,1,1,1e-06,0.0
1,0.003265380859375,1,1,1e-06,0.0
1,0.01365518569946289,1,1,1e-06,0.0
1,0.0034074783325195312,1,1,1e-06,0.0
1,0.0034394264221191406,1,1,1e-06,0.0
1,0.0038690567016601562,1,1,1e-06,0.0
1,0.9900970458984375,1,1,1e-06,0.0
1,0.004665374755859375,1,1,1e-06,0.0
1,0.0031952857971191406,1,1,1e-06,0.0
1,0.0032138824462890625,1,1,1e-06,0.0
1,0.0036454200744628906,1,1,1e-06,0.0
1,0.0029900074005126953,1,1,1e-06,0.0
1,0.0033202171325683594,1,1,1e-06,0.0
1,0.02587580680847168,1,1,1e-06,0.0
1,0.003866910934448242,1,1,1e-06,0.0
1,0.003202676773071289,1,1,1e-06,0.0
1,0.0031845569610595703,1,1,1e-06,0.0
1,0.003170490264892578,1,1,1e-06,0.0
1,0.0027074813842773438,1,1,1e-06,0.0
1,0.0034520626068115234,1,1,1e-06,0.0
1,0.0024747848510742188,1,1,1e-06,0.0
1,0.002389192581176758,1,1,1e-06,0.0
1,0.0032401084899902344,1,1,1e-06,0.0
1,0.018444061279296875,1,1,1e-06,0.0
1,0.0031728744506835938,1,1,1e-06,0.0
1,0.0021817684173583984,1,1,1e-06,0.0
1,0.001859426498413086,1,1,1e-06,0.0
1,0.002543926239013672,1,1,1e-06,0.0
1,0.002859354019165039,1,1,1e-06,0.0
1,0.002670764923095703,1,1,1e-06,0.0
1,0.0025420188903808594,1,1,1e-06,0.0
1,0.0036399364471435547,1,1,1e-06,0.0
1,0.002326488494873047,1,1,1e-06,0.0
1,0.00241851806640625,1,1,1e-06,0.0
1,0.004110813140869141,1,1,1e-06,0.0
1,0.0033729076385498047,1,1,1e-06,0.0
1,0.0025391578674316406,1,1,1e-06,0.0
1,0.002714872360229492,1,1,1e-06,0.0
1,0.0023431777954101562,1,1,1e-06,0.0
1,0.0031147003173828125,1,1,1e-06,0.0
1,0.0023610591888427734,1,1,1e-06,0.0
1,0.0022797584533691406,1,1,1e-06,0.0
1,0.002239704132080078,1,1,1e-06,0.0
1,0.003095865249633789,1,1,1e-06,0.0
1,0.002192258834838867,1,1,1e-06,0.0
1,0.0023965835571289062,1,1,1e-06,0.0
1,0.0022144317626953125,1,1,1e-06,0.0
1,0.0028717517852783203,1,1,1e-06,0.0
1,0.005736589431762695,1,1,1e-06,0.0
1,0.002087116241455078,1,1,1e-06,0.0
1,0.002362966537475586,1,1,1e-06,0.0
1,0.004657745361328125,1,1,1e-06,0.0
1,0.003567218780517578,1,1,1e-06,0.0
1,0.005165815353393555,1,1,1e-06,0.0
1,0.003183603286743164,1,1,1e-06,0.0
1,0.0035169124603271484,1,1,1e-06,0.0
1,0.003259897232055664,1,1,1e-06,0.0
1,0.0033063888549804688,1,1,1e-06,0.0
1,0.0045163631439208984,1,1,1e-06,0.0
1,0.003645658493041992,1,1,1e-06,0.0
1,0.004703998565673828,1,1,1e-06,0.0
1,0.009752511978149414,1,1,1e-06,0.0
1,0.004137516021728516,1,1,1e-06,0.0
1,0.003806591033935547,1,1,1e-06,0.0
1,0.0029811859130859375,1,1,1e-06,0.0
1,0.002439737319946289,1,1,1e-06,0.0
1,0.0029668807983398438,1,1,1e-06,0.0
1,0.003133058547973633,1,1,1e-06,0.0
1,0.005831718444824219,1,1,1e-06,0.0
1,0.0025370121002197266,1,1,1e-06,0.0
1,0.0036003589630126953,1,1,1e-06,0.0
1,0.006161928176879883,1,1,1e-06,0.0
1,0.008316516876220703,1,1,1e-06,0.0
1,0.002408266067504883,1,1,1e-06,0.0
1,0.002855539321899414,1,1,1e-06,0.0
1,0.003266572952270508,1,1,1e-06,0.0
1,0.002600431442260742,1,1,1e-06,0.0
1,0.006125688552856445,1,1,1e-06,0.0
1,0.018973350524902344,1,1,1e-06,0.0
1,0.0031239986419677734,1,1,1e-06,0.0
1,0.003030061721801758,1,1,1e-06,0.0
1,0.0028412342071533203,1,1,1e-06,0.0
1,0.003346681594848633,1,1,1e-06,0.0
1,0.002786397933959961,1,1,1e-06,0.0
1,0.0025556087493896484,1,1,1e-06,0.0
1,0.004514455795288086,1,1,1e-06,0.0
1,0.003564596176147461,1,1,1e-06,0.0
1,0.0030012130737304688,1,1,1e-06,0.0
1,0.0033953189849853516,1,1,1e-06,0.0
1,0.005120277404785156,1,1,1e-06,0.0
1,0.00363922119140625,1,1,1e-06,0.0
1,0.0030226707458496094,1,1,1e-06,0.0
1,0.002532482147216797,1,1,1e-06,0.0
1,0.003047466278076172,1,1,1e-06,0.0
1,0.002808809280395508,1,1,1e-06,0.0
1,0.003208637237548828,1,1,1e-06,0.0
1,0.010874271392822266,1,1,1e-06,0.0
1,0.017558813095092773,1,1,1e-06,0.0
1,0.002750873565673828,1,1,1e-06,0.0
1,0.004198312759399414,1,1,1e-06,0.0
1,0.0020530223846435547,1,1,1e-06,0.0
1,0.005139350891113281,1,1,1e-06,0.0
1,0.003039836883544922,1,1,1e-06,0.0
1,0.004327058792114258,1,1,1e-06,0.0
1,0.003528594970703125,1,1,1e-06,0.0
1,0.003484010696411133,1,1,1e-06,0.0
1,0.0027565956115722656,1,1,1e-06,0.0
1,0.0027914047241210938,1,1,1e-06,0.0
1,0.005079507827758789,1,1,1e-06,0.0
1,0.004064321517944336,1,1,1e-06,0.0
1,0.0030527114868164062,1,1,1e-06,0.0
1,0.003080129623413086,1,1,1e-06,0.0
1,0.0026848316192626953,1,1,1e-06,0.0
1,0.004078865051269531,1,1,1e-06,0.0
1,0.0037946701049804688,1,1,1e-06,0.0
1,0.002254486083984375,1,1,1e-06,0.0
1,0.002315044403076172,1,1,1e-06,0.0
1,0.031528472900390625,1,1,1e-06,0.0
1,0.0018086433410644531,1,1,1e-06,0.0
1,0.001959085464477539,1,1,1e-06,0.0
1,0.0017483234405517578,1,1,1e-06,0.0
1,0.002251148223876953,1,1,1e-06,0.0
1,0.002292633056640625,1,1,1e-06,0.0
1,0.0019905567169189453,1,1,1e-06,0.0
1,0.0018396377563476562,1,1,1e-06,0.0
1,0.0018579959869384766,1,1,1e-06,0.0
1,0.0022017955780029297,1,1,1e-06,0.0
1,0.003077983856201172,1,1,1e-06,0.0
1,0.0023450851440429688,1,1,1e-06,0.0
1,0.002032041549682617,1,1,1e-06,0.0
1,0.002343893051147461,1,1,1e-06,0.0
1,0.001983165740966797,1,1,1e-06,0.0
1,0.0018074512481689453,1,1,1e-06,0.0
1,0.0014867782592773438,1,1,1e-06,0.0
1,0.002362489700317383,1,1,1e-06,0.0
1,0.0020592212677001953,1,1,1e-06,0.0
1,0.0022673606872558594,1,1,1e-06,0.0
1,0.0021986961364746094,1,1,1e-06,0.0
1,0.0025663375854492188,1,1,1e-06,0.0
1,0.0025522708892822266,1,1,1e-06,0.0
1,0.0021903514862060547,1,1,1e-06,0.0
1,0.003381967544555664,1,1,1e-06,0.0
1,0.00273895263671875,1,1,1e-06,0.0
1,0.0020749568939208984,1,1,1e-06,0.0
1,0.002260923385620117,1,1,1e-06,0.0
1,0.0020232200622558594,1,1,1e-06,0.0
1,0.0031914710998535156,1,1,1e-06,0.0
1,0.0018017292022705078,1,1,1e-06,0.0
1,0.0018851757049560547,1,1,1e-06,0.0
1,0.0019834041595458984,1,1,1e-06,0.0
1,0.0024254322052001953,1,1,1e-06,0.0
1,0.002541780471801758,1,1,1e-06,0.0
1,0.0019321441650390625,1,1,1e-06,0.0
1,0.0018429756164550781,1,1,1e-06,0.0
1,0.001956939697265625,1,1,1e-06,0.0
1,0.003155231475830078,1,1,1e-06,0.0
1,0.0020537376403808594,1,1,1e-06,0.0
1,0.002421140670776367,1,1,1e-06,0.0
1,0.0031270980834960938,1,1,1e-06,0.0
1,0.002111196517944336,1,1,1e-06,0.0
1,0.0022611618041992188,1,1,1e-06,0.0
1,0.0020389556884765625,1,1,1e-06,0.0
1,0.0019316673278808594,1,1,1e-06,0.0
1,0.0017671585083007812,1,1,1e-06,0.0
1,0.0018813610076904297,1,1,1e-06,0.0
1,0.0025119781494140625,1,1,1e-06,0.0
1,0.0023272037506103516,1,1,1e-06,0.0
1,0.0031151771545410156,1,1,1e-06,0.0
1,0.002069234848022461,1,1,1e-06,0.0
1,0.0019004344940185547,1,1,1e-06,0.0
1,0.0014755725860595703,1,1,1e-06,0.0
1,0.0014386177062988281,1,1,1e-06,0.0
1,0.002071380615234375,1,1,1e-06,0.0
1,0.0023658275604248047,1,1,1e-06,0.0
1,0.0024373531341552734,1,1,1e-06,0.0
1,0.0023767948150634766,1,1,1e-06,0.0
1,0.003100156784057617,1,1,1e-06,0.0
1,0.0017998218536376953,1,1,1e-06,0.0
1,0.0018551349639892578,1,1,1e-06,0.0
1,0.0019147396087646484,1,1,1e-06,0.0
1,0.002944469451904297,1,1,1e-06,0.0
1,0.0030705928802490234,1,1,1e-06,0.0
1,0.013752460479736328,1,1,1e-06,0.0
1,0.002765655517578125,1,1,1e-06,0.0
1,0.001844167709350586,1,1,1e-06,0.0
1,0.0017485618591308594,1,1,1e-06,0.0
1,0.0022788047790527344,1,1,1e-06,0.0
1,0.001844167709350586,1,1,1e-06,0.0
1,0.0022430419921875,1,1,1e-06,0.0
1,0.04546713829040527,1,1,1e-06,0.0
1,0.004474163055419922,1,1,1e-06,0.0
1,0.0024895668029785156,1,1,1e-06,0.0
1,0.0022993087768554688,1,1,1e-06,0.0
1,0.0025207996368408203,1,1,1e-06,0.0
1,0.001726388931274414,1,1,1e-06,0.0
1,0.04841876029968262,1,1,1e-06,0.0
1,0.002515554428100586,1,1,1e-06,0.0
1,0.009613752365112305,1,1,1e-06,0.0
1,0.0024356842041015625,1,1,1e-06,0.0
1,0.0027174949645996094,1,1,1e-06,0.0
1,0.0022377967834472656,1,1,1e-06,0.0
1,0.0016868114471435547,1,1,1e-06,0.0
1,0.002098560333251953,1,1,1e-06,0.0
1,0.001966714859008789,1,1,1e-06,0.0
1,0.0018584728240966797,1,1,1e-06,0.0
1,0.0022652149200439453,1,1,1e-06,0.0
1,0.0018582344055175781,1,1,1e-06,0.0
1,0.0018515586853027344,1,1,1e-06,0.0
1,0.0022907257080078125,1,1,1e-06,0.0
1,0.0022466182708740234,1,1,1e-06,0.0
1,0.0018475055694580078,1,1,1e-06,0.0
1,0.002281665802001953,1,1,1e-06,0.0
1,0.003554105758666992,1,1,1e-06,0.0
1,0.0022530555725097656,1,1,1e-06,0.0
1,0.002905130386352539,1,1,1e-06,0.0
1,0.0017247200012207031,1,1,1e-06,0.0
1,0.0019943714141845703,1,1,1e-06,0.0
1,0.0019884109497070312,1,1,1e-06,0.0
1,0.03605389595031738,1,1,1e-06,0.0
1,0.0020837783813476562,1,1,1e-06,0.0
1,0.0025610923767089844,1,1,1e-06,0.0
1,0.0020127296447753906,1,1,1e-06,0.0
1,0.003676891326904297,1,1,1e-06,0.0
1,0.0023043155670166016,1,1,1e-06,0.0
1,0.001781463623046875,1,1,1e-06,0.0
1,0.0032694339752197266,1,1,1e-06,0.0
1,0.0024595260620117188,1,1,1e-06,0.0
1,0.0017578601837158203,1,1,1e-06,0.0
1,0.0015518665313720703,1,1,1e-06,0.0
1,0.002611875534057617,1,1,1e-06,0.0
1,0.0020189285278320312,1,1,1e-06,0.0
1,0.0018799304962158203,1,1,1e-06,0.0
1,0.014774322509765625,1,1,1e-06,0.0
1,0.0022728443145751953,1,1,1e-06,0.0
1,0.0019528865814208984,1,1,1e-06,0.0
1,0.002508878707885742,1,1,1e-06,0.0
1,0.0024979114532470703,1,1,1e-06,0.0
1,0.0020890235900878906,1,1,1e-06,0.0
1,0.025409698486328125,1,1,1e-06,0.0
1,0.003249645233154297,1,1,1e-06,0.0
1,0.0017635822296142578,1,1,1e-06,0.0
1,0.001581430435180664,1,1,1e-06,0.0
1,0.001974344253540039,1,1,1e-06,0.0
1,0.0020058155059814453,1,1,1e-06,0.0
1,0.002380847930908203,1,1,1e-06,0.0
1,0.0020797252655029297,1,1,1e-06,0.0
1,0.001834869384765625,1,1,1e-06,0.0
1,0.002142667770385742,1,1,1e-06,0.0
1,0.0022897720336914062,1,1,1e-06,0.0
1,0.002337217330932617,1,1,1e-06,0.0
1,0.0017480850219726562,1,1,1e-06,0.0
1,0.0017635822296142578,1,1,1e-06,0.0
1,0.0017178058624267578,1,1,1e-06,0.0
1,0.001984834671020508,1,1,1e-06,0.0
1,0.002868175506591797,1,1,1e-06,0.0
1,0.0019598007202148438,1,1,1e-06,0.0
1,0.0023758411407470703,1,1,1e-06,0.0
1,0.001856088638305664,1,1,1e-06,0.0
1,0.002196788787841797,1,1,1e-06,0.0
1,0.001955747604370117,1,1,1e-06,0.0
1,0.0017936229705810547,1,1,1e-06,0.0
1,0.0021796226501464844,1,1,1e-06,0.0
1,0.0020928382873535156,1,1,1e-06,0.0
1,0.0023386478424072266,1,1,1e-06,0.0
1,0.005778074264526367,1,1,1e-06,0.0
1,0.0019042491912841797,1,1,1e-06,0.0
1,0.002232074737548828,1,1,1e-06,0.0
1,0.004738569259643555,1,1,1e-06,0.0
1,0.0019855499267578125,1,1,1e-06,0.0
1,0.0017833709716796875,1,1,1e-06,0.0
1,0.0018177032470703125,1,1,1e-06,0.0
1,0.002082347869873047,1,1,1e-06,0.0
1,0.0020112991333007812,1,1,1e-06,0.0
1,0.001848459243774414,1,1,1e-06,0.0
1,0.001806020736694336,1,1,1e-06,0.0
1,0.0018768310546875,1,1,1e-06,0.0
1,0.02601480484008789,1,1,1e-06,0.0
1,0.041921377182006836,1,1,1e-06,0.0
1,0.0020246505737304688,1,1,1e-06,0.0
1,0.0021817684173583984,1,1,1e-06,0.0
1,0.003368854522705078,1,1,1e-06,0.0
1,0.0021414756774902344,1,1,1e-06,0.0
1,0.002074718475341797,1,1,1e-06,0.0
1,0.0015447139739990234,1,1,1e-06,0.0
1,0.0015697479248046875,1,1,1e-06,0.0
1,0.0015416145324707031,1,1,1e-06,0.0
1,0.0020630359649658203,1,1,1e-06,0.0
1,0.002200603485107422,1,1,1e-06,0.0
1,0.0021851062774658203,1,1,1e-06,0.0
1,0.0015902519226074219,1,1,1e-06,0.0
1,0.0016372203826904297,1,1,1e-06,0.0
1,0.002466440200805664,1,1,1e-06,0.0
1,0.0023331642150878906,1,1,1e-06,0.0
1,0.0019154548645019531,1,1,1e-06,0.0
1,0.001912832260131836,1,1,1e-06,0.0
1,0.0026137828826904297,1,1,1e-06,0.0
1,0.002966165542602539,1,1,1e-06,0.0
1,0.001970052719116211,1,1,1e-06,0.0
1,0.0018157958984375,1,1,1e-06,0.0
1,0.00179290771484375,1,1,1e-06,0.0
1,0.0015752315521240234,1,1,1e-06,0.0
1,0.0023260116577148438,1,1,1e-06,0.0
1,0.0022025108337402344,1,1,1e-06,0.0
1,0.002070188522338867,1,1,1e-06,0.0
1,0.0024771690368652344,1,1,1e-06,0.0
1,0.0019085407257080078,1,1,1e-06,0.0
1,0.002223968505859375,1,1,1e-06,0.0
1,0.002096891403198242,1,1,1e-06,0.0
1,0.0020906925201416016,1,1,1e-06,0.0
1,0.0017023086547851562,1,1,1e-06,0.0
1,0.002053499221801758,1,1,1e-06,0.0
1,0.002737760543823242,1,1,1e-06,0.0
1,0.0019352436065673828,1,1,1e-06,0.0
1,0.0025849342346191406,1,1,1e-06,0.0
1,0.002460002899169922,1,1,1e-06,0.0
1,0.002038240432739258,1,1,1e-06,0.0
1,0.0021903514862060547,1,1,1e-06,0.0
1,0.0019583702087402344,1,1,1e-06,0.0
1,0.0024480819702148438,1,1,1e-06,0.0
1,0.002612590789794922,1,1,1e-06,0.0
1,0.023180007934570312,1,1,1e-06,0.0
1,0.001917123794555664,1,1,1e-06,0.0
1,0.001893758773803711,1,1,1e-06,0.0
1,0.0023794174194335938,1,1,1e-06,0.0
1,0.0022077560424804688,1,1,1e-06,0.0
1,0.0019197463989257812,1,1,1e-06,0.0
1,0.0019195079803466797,1,1,1e-06,0.0
1,0.0015552043914794922,1,1,1e-06,0.0
1,0.0030374526977539062,1,1,1e-06,0.0
1,0.0020551681518554688,1,1,1e-06,0.0
1,0.0018703937530517578,1,1,1e-06,0.0
1,0.001972675323486328,1,1,1e-06,0.0
1,0.003278493881225586,1,1,1e-06,0.0
1,0.0027780532836914062,1,1,1e-06,0.0
1,0.0021698474884033203,1,1,1e-06,0.0
1,0.0027837753295898438,1,1,1e-06,0.0
1,0.0018358230590820312,1,1,1e-06,0.0
1,0.009962797164916992,1,1,1e-06,0.0
1,0.0021860599517822266,1,1,1e-06,0.0
1,0.0017349720001220703,1,1,1e-06,0.0
1,0.0019867420196533203,1,1,1e-06,0.0
1,0.002013683319091797,1,1,1e-06,0.0
1,0.02260613441467285,1,1,1e-06,0.0
1,0.0019876956939697266,1,1,1e-06,0.0
1,0.0022368431091308594,1,1,1e-06,0.0
1,0.0019376277923583984,1,1,1e-06,0.0
1,0.0018703937530517578,1,1,1e-06,0.0
1,0.0018894672393798828,1,1,1e-06,0.0
1,0.0031185150146484375,1,1,1e-06,0.0
1,0.00228118896484375,1,1,1e-06,0.0
1,0.0017466545104980469,1,1,1e-06,0.0
1,0.0021452903747558594,1,1,1e-06,0.0
1,0.0018801689147949219,1,1,1e-06,0.0
1,0.0024635791778564453,1,1,1e-06,0.0
1,0.001790761947631836,1,1,1e-06,0.0
1,0.001619100570678711,1,1,1e-06,0.0
1,0.0021529197692871094,1,1,1e-06,0.0
1,0.0025522708892822266,1,1,1e-06,0.0
1,0.002048492431640625,1,1,1e-06,0.0
1,0.0023398399353027344,1,1,1e-06,0.0
1,0.0018756389617919922,1,1,1e-06,0.0
1,0.0026972293853759766,1,1,1e-06,0.0
1,0.0027587413787841797,1,1,1e-06,0.0
1,0.0019469261169433594,1,1,1e-06,0.0
1,0.001794576644897461,1,1,1e-06,0.0
1,0.0015757083892822266,1,1,1e-06,0.0
1,0.0019304752349853516,1,1,1e-06,0.0
1,0.0016057491302490234,1,1,1e-06,0.0
1,0.0016834735870361328,1,1,1e-06,0.0
1,0.0018219947814941406,1,1,1e-06,0.0
1,0.002347230911254883,1,1,1e-06,0.0
1,0.0019795894622802734,1,1,1e-06,0.0
1,0.0018208026885986328,1,1,1e-06,0.0
1,0.002290487289428711,1,1,1e-06,0.0
1,0.002812623977661133,1,1,1e-06,0.0
1,0.0020749568939208984,1,1,1e-06,0.0
1,0.0022983551025390625,1,1,1e-06,0.0
1,0.0079193115234375,1,1,1e-06,0.0
1,0.002661466598510742,1,1,1e-06,0.0
1,0.0019299983978271484,1,1,1e-06,0.0
1,0.001971721649169922,1,1,1e-06,0.0
1,0.0017817020416259766,1,1,1e-06,0.0
1,0.0027153491973876953,1,1,1e-06,0.0
1,0.0017447471618652344,1,1,1e-06,0.0
1,0.0016412734985351562,1,1,1e-06,0.0
1,0.002031087875366211,1,1,1e-06,0.0
1,0.002802133560180664,1,1,1e-06,0.0
1,0.002577543258666992,1,1,1e-06,0.0
1,0.001825571060180664,1,1,1e-06,0.0
1,0.0027778148651123047,1,1,1e-06,0.0
1,0.0020742416381835938,1,1,1e-06,0.0
1,0.004830121994018555,1,1,1e-06,0.0
1,0.002259492874145508,1,1,1e-06,0.0
1,0.002586841583251953,1,1,1e-06,0.0
1,0.0016372203826904297,1,1,1e-06,0.0
1,0.002512693405151367,1,1,1e-06,0.0
1,0.0020055770874023438,1,1,1e-06,0.0
1,0.0017139911651611328,1,1,1e-06,0.0
1,0.0015590190887451172,1,1,1e-06,0.0
1,0.002315998077392578,1,1,1e-06,0.0
1,0.002479076385498047,1,1,1e-06,0.0
1,0.0017426013946533203,1,1,1e-06,0.0
1,0.002490520477294922,1,1,1e-06,0.0
1,0.004656314849853516,1,1,1e-06,0.0
1,0.0030701160430908203,1,1,1e-06,0.0
1,0.001615285873413086,1,1,1e-06,0.0
1,0.0025205612182617188,1,1,1e-06,0.0
1,0.001728057861328125,1,1,1e-06,0.0
1,0.002032041549682617,1,1,1e-06,0.0
1,0.002063274383544922,1,1,1e-06,0.0
1,0.0020656585693359375,1,1,1e-06,0.0
1,0.001909017562866211,1,1,1e-06,0.0
1,0.002051115036010742,1,1,1e-06,0.0
1,0.002254009246826172,1,1,1e-06,0.0
1,0.0019199848175048828,1,1,1e-06,0.0
1,0.0019168853759765625,1,1,1e-06,0.0
1,0.0032122135162353516,1,1,1e-06,0.0
1,0.0022912025451660156,1,1,1e-06,0.0
1,0.0020160675048828125,1,1,1e-06,0.0
1,0.0018541812896728516,1,1,1e-06,0.0
1,0.0016553401947021484,1,1,1e-06,0.0
1,0.0018897056579589844,1,1,1e-06,0.0
1,0.0019505023956298828,1,1,1e-06,0.0
1,0.0018458366394042969,1,1,1e-06,0.0
1,0.0017027854919433594,1,1,1e-06,0.0
1,0.0017056465148925781,1,1,1e-06,0.0
1,0.0018739700317382812,1,1,1e-06,0.0
1,0.0020132064819335938,1,1,1e-06,0.0
1,0.0020363330841064453,1,1,1e-06,0.0
1,0.0022962093353271484,1,1,1e-06,0.0
1,0.0024552345275878906,1,1,1e-06,0.0
1,0.0018157958984375,1,1,1e-06,0.0
1,0.0021195411682128906,1,1,1e-06,0.0
1,0.0029036998748779297,1,1,1e-06,0.0
1,0.002571582794189453,1,1,1e-06,0.0
1,0.002850055694580078,1,1,1e-06,0.0
1,0.0016107559204101562,1,1,1e-06,0.0
1,0.002228975296020508,1,1,1e-06,0.0
1,0.001997709274291992,1,1,1e-06,0.0
1,0.002384662628173828,1,1,1e-06,0.0
1,0.002082347869873047,1,1,1e-06,0.0
1,0.0019443035125732422,1,1,1e-06,0.0
1,0.0021762847900390625,1,1,1e-06,0.0
1,0.011059761047363281,1,1,1e-06,0.0
1,0.003283977508544922,1,1,1e-06,0.0
1,0.003434419631958008,1,1,1e-06,0.0
1,0.002925395965576172,1,1,1e-06,0.0
1,0.003374814987182617,1,1,1e-06,0.0
1,0.0035881996154785156,1,1,1e-06,0.0
1,0.005102396011352539,1,1,1e-06,0.0
1,0.00347900390625,1,1,1e-06,0.0
1,0.0037534236907958984,1,1,1e-06,0.0
1,0.0036401748657226562,1,1,1e-06,0.0
1,0.0031228065490722656,1,1,1e-06,0.0
1,0.0027685165405273438,1,1,1e-06,0.0
1,0.002095937728881836,1,1,1e-06,0.0
1,0.0033986568450927734,1,1,1e-06,0.0
1,0.002468109130859375,1,1,1e-06,0.0
1,0.0045278072357177734,1,1,1e-06,0.0
1,0.003497600555419922,1,1,1e-06,0.0
1,0.0026543140411376953,1,1,1e-06,0.0
1,0.0035657882690429688,1,1,1e-06,0.0
1,0.0028541088104248047,1,1,1e-06,0.0
1,0.0033414363861083984,1,1,1e-06,0.0
1,0.0027692317962646484,1,1,1e-06,0.0
1,0.0033659934997558594,1,1,1e-06,0.0
1,0.003317117691040039,1,1,1e-06,0.0
1,0.0037436485290527344,1,1,1e-06,0.0
1,0.00273895263671875,1,1,1e-06,0.0
1,0.0025093555450439453,1,1,1e-06,0.0
1,0.003174304962158203,1,1,1e-06,0.0
1,0.003708362579345703,1,1,1e-06,0.0
1,0.0020618438720703125,1,1,1e-06,0.0
1,0.0033507347106933594,1,1,1e-06,0.0
1,0.002185344696044922,1,1,1e-06,0.0
1,0.019278526306152344,1,1,1e-06,0.0
1,0.13542485237121582,1,1,1e-06,0.0
1,0.0020220279693603516,1,1,1e-06,0.0
1,0.0017774105072021484,1,1,1e-06,0.0
1,0.001958131790161133,1,1,1e-06,0.0
1,0.0020627975463867188,1,1,1e-06,0.0
1,0.0016422271728515625,1,1,1e-06,0.0
1,0.001970052719116211,1,1,1e-06,0.0
1,0.0019366741180419922,1,1,1e-06,0.0
1,0.0021877288818359375,1,1,1e-06,0.0
1,0.0019373893737792969,1,1,1e-06,0.0
1,0.0020394325256347656,1,1,1e-06,0.0
1,0.0018241405487060547,1,1,1e-06,0.0
1,0.0024361610412597656,1,1,1e-06,0.0
1,0.014817237854003906,1,1,1e-06,0.0
1,0.0022039413452148438,1,1,1e-06,0.0
1,0.0019576549530029297,1,1,1e-06,0.0
1,0.0030279159545898438,1,1,1e-06,0.0
1,0.002287149429321289,1,1,1e-06,0.0
1,0.0018191337585449219,1,1,1e-06,0.0
1,0.014318704605102539,1,1,1e-06,0.0
1,0.003626585006713867,1,1,1e-06,0.0
1,0.0016298294067382812,1,1,1e-06,0.0
1,0.011951684951782227,1,1,1e-06,0.0
1,0.0021064281463623047,1,1,1e-06,0.0
1,0.001989126205444336,1,1,1e-06,0.0
1,0.002310514450073242,1,1,1e-06,0.0
1,0.002239227294921875,1,1,1e-06,0.0
1,0.0019788742065429688,1,1,1e-06,0.0
1,0.002046823501586914,1,1,1e-06,0.0
1,0.003582477569580078,1,1,1e-06,0.0
1,0.001821279525756836,1,1,1e-06,0.0
1,0.002146482467651367,1,1,1e-06,0.0
1,0.001897573471069336,1,1,1e-06,0.0
1,0.0024023056030273438,1,1,1e-06,0.0
1,0.0021398067474365234,1,1,1e-06,0.0
1,0.001950979232788086,1,1,1e-06,0.0
1,0.0019481182098388672,1,1,1e-06,0.0
1,0.0018529891967773438,1,1,1e-06,0.0
1,0.002204418182373047,1,1,1e-06,0.0
1,0.0019998550415039062,1,1,1e-06,0.0
1,0.001947164535522461,1,1,1e-06,0.0
1,0.18043971061706543,1,1,1e-06,0.0
1,0.0022079944610595703,1,1,1e-06,0.0
1,0.0020079612731933594,1,1,1e-06,0.0
1,0.003009319305419922,1,1,1e-06,0.0
1,0.0017628669738769531,1,1,1e-06,0.0
1,0.0018200874328613281,1,1,1e-06,0.0
1,0.0017735958099365234,1,1,1e-06,0.0
1,0.0016751289367675781,1,1,1e-06,0.0
1,0.0016040802001953125,1,1,1e-06,0.0
1,0.0022344589233398438,1,1,1e-06,0.0
1,0.00442194938659668,1,1,1e-06,0.0
1,0.001688241958618164,1,1,1e-06,0.0
1,0.0016179084777832031,1,1,1e-06,0.0
1,0.002313375473022461,1,1,1e-06,0.0
1,0.0019919872283935547,1,1,1e-06,0.0
1,0.002382040023803711,1,1,1e-06,0.0
1,0.001974821090698242,1,1,1e-06,0.0
1,0.0023720264434814453,1,1,1e-06,0.0
1,0.002337217330932617,1,1,1e-06,0.0
1,0.0020554065704345703,1,1,1e-06,0.0
1,0.0018069744110107422,1,1,1e-06,0.0
1,0.0017485618591308594,1,1,1e-06,0.0
1,0.0021677017211914062,1,1,1e-06,0.0
1,0.0032525062561035156,1,1,1e-06,0.0
1,0.0027382373809814453,1,1,1e-06,0.0
1,0.0020051002502441406,1,1,1e-06,0.0
1,0.0016713142395019531,1,1,1e-06,0.0
1,0.0016391277313232422,1,1,1e-06,0.0
1,0.0014014244079589844,1,1,1e-06,0.0
1,0.0027170181274414062,1,1,1e-06,0.0
1,0.001622915267944336,1,1,1e-06,0.0
1,0.0020232200622558594,1,1,1e-06,0.0
1,0.0018377304077148438,1,1,1e-06,0.0
1,0.0022759437561035156,1,1,1e-06,0.0
1,0.0020368099212646484,1,1,1e-06,0.0
1,0.0020215511322021484,1,1,1e-06,0.0
1,0.005553722381591797,1,1,1e-06,0.0
1,0.00244140625,1,1,1e-06,0.0
1,0.0025048255920410156,1,1,1e-06,0.0
1,0.002300262451171875,1,1,1e-06,0.0
1,0.0020225048065185547,1,1,1e-06,0.0
1,0.002056121826171875,1,1,1e-06,0.0
1,0.0018320083618164062,1,1,1e-06,0.0
1,0.001865386962890625,1,1,1e-06,0.0
1,0.0019383430480957031,1,1,1e-06,0.0
1,0.002070188522338867,1,1,1e-06,0.0
1,0.0019600391387939453,1,1,1e-06,0.0
1,0.001856088638305664,1,1,1e-06,0.0
1,0.0023772716522216797,1,1,1e-06,0.0
1,0.0026426315307617188,1,1,1e-06,0.0
1,0.001992464065551758,1,1,1e-06,0.0
1,0.0021009445190429688,1,1,1e-06,0.0
1,0.004549741744995117,1,1,1e-06,0.0
1,0.0027472972869873047,1,1,1e-06,0.0
1,0.0025358200073242188,1,1,1e-06,0.0
1,0.0021200180053710938,1,1,1e-06,0.0
1,0.0021088123321533203,1,1,1e-06,0.0
1,0.002072572708129883,1,1,1e-06,0.0
1,0.0015888214111328125,1,1,1e-06,0.0
1,0.003367900848388672,1,1,1e-06,0.0
1,0.0017201900482177734,1,1,1e-06,0.0
1,0.001832723617553711,1,1,1e-06,0.0
1,0.0023305416107177734,1,1,1e-06,0.0
1,0.0021708011627197266,1,1,1e-06,0.0
1,0.002473115921020508,1,1,1e-06,0.0
1,0.002513408660888672,1,1,1e-06,0.0
1,0.003659963607788086,1,1,1e-06,0.0
1,0.0023491382598876953,1,1,1e-06,0.0
1,0.002547740936279297,1,1,1e-06,0.0
1,0.0017910003662109375,1,1,1e-06,0.0
1,0.010480880737304688,1,1,1e-06,0.0
1,0.0020437240600585938,1,1,1e-06,0.0
1,0.0019104480743408203,1,1,1e-06,0.0
1,0.002420663833618164,1,1,1e-06,0.0
1,0.015032052993774414,1,1,1e-06,0.0
1,0.0022597312927246094,1,1,1e-06,0.0
1,0.0022749900817871094,1,1,1e-06,0.0
1,0.002234220504760742,1,1,1e-06,0.0
1,0.0015969276428222656,1,1,1e-06,0.0
1,0.0016503334045410156,1,1,1e-06,0.0
1,0.002179861068725586,1,1,1e-06,0.0
1,0.0021071434020996094,1,1,1e-06,0.0
1,0.002348661422729492,1,1,1e-06,0.0
1,0.0023305416107177734,1,1,1e-06,0.0
1,0.002166748046875,1,1,1e-06,0.0
1,0.0022225379943847656,1,1,1e-06,0.0
1,0.0018761157989501953,1,1,1e-06,0.0
1,0.0015821456909179688,1,1,1e-06,0.0
1,0.002753734588623047,1,1,1e-06,0.0
1,0.003305196762084961,1,1,1e-06,0.0
1,0.0027167797088623047,1,1,1e-06,0.0
1,0.0020232200622558594,1,1,1e-06,0.0
1,0.002606630325317383,1,1,1e-06,0.0
1,0.0018036365509033203,1,1,1e-06,0.0
1,0.011493921279907227,1,1,1e-06,0.0
1,0.0021038055419921875,1,1,1e-06,0.0
1,0.004352092742919922,1,1,1e-06,0.0
1,0.00200653076171875,1,1,1e-06,0.0
1,0.0018744468688964844,1,1,1e-06,0.0
1,0.003099203109741211,1,1,1e-06,0.0
1,0.024456501007080078,1,1,1e-06,0.0
1,0.0016512870788574219,1,1,1e-06,0.0
1,0.001653909683227539,1,1,1e-06,0.0
1,0.002557992935180664,1,1,1e-06,0.0
1,0.03040456771850586,1,1,1e-06,0.0
1,0.002384662628173828,1,1,1e-06,0.0
1,0.0024263858795166016,1,1,1e-06,0.0
1,0.0017747879028320312,1,1,1e-06,0.0
1,0.0019292831420898438,1,1,1e-06,0.0
1,0.0018727779388427734,1,1,1e-06,0.0
1,0.002051115036010742,1,1,1e-06,0.0
1,0.001646280288696289,1,1,1e-06,0.0
1,0.0016570091247558594,1,1,1e-06,0.0
1,0.0018389225006103516,1,1,1e-06,0.0
1,0.003509521484375,1,1,1e-06,0.0
1,0.002825021743774414,1,1,1e-06,0.0
1,0.0016047954559326172,1,1,1e-06,0.0
1,0.002073049545288086,1,1,1e-06,0.0
1,0.0014636516571044922,1,1,1e-06,0.0
1,0.0014591217041015625,1,1,1e-06,0.0
1,0.002175569534301758,1,1,1e-06,0.0
1,0.002863645553588867,1,1,1e-06,0.0
1,0.002613067626953125,1,1,1e-06,0.0
1,0.002321004867553711,1,1,1e-06,0.0
1,0.0020852088928222656,1,1,1e-06,0.0
1,0.0019605159759521484,1,1,1e-06,0.0
1,0.02094721794128418,1,1,1e-06,0.0
1,0.011193990707397461,1,1,1e-06,0.0
1,0.0019500255584716797,1,1,1e-06,0.0
1,0.002192258834838867,1,1,1e-06,0.0
1,0.00182342529296875,1,1,1e-06,0.0
1,0.0031003952026367188,1,1,1e-06,0.0
1,0.0024423599243164062,1,1,1e-06,0.0
1,0.002089262008666992,1,1,1e-06,0.0
1,0.0015804767608642578,1,1,1e-06,0.0
1,0.0016980171203613281,1,1,1e-06,0.0
1,0.0018992424011230469,1,1,1e-06,0.0
1,0.001978158950805664,1,1,1e-06,0.0
1,0.0016570091247558594,1,1,1e-06,0.0
1,0.0026438236236572266,1,1,1e-06,0.0
1,0.0019979476928710938,1,1,1e-06,0.0
1,0.0021135807037353516,1,1,1e-06,0.0
1,0.0022614002227783203,1,1,1e-06,0.0
1,0.0016486644744873047,1,1,1e-06,0.0
1,0.0017895698547363281,1,1,1e-06,0.0
1,0.0016410350799560547,1,1,1e-06,0.0
1,0.0014722347259521484,1,1,1e-06,0.0
1,0.0019228458404541016,1,1,1e-06,0.0
1,0.0029859542846679688,1,1,1e-06,0.0
1,0.003222942352294922,1,1,1e-06,0.0
1,0.0021936893463134766,1,1,1e-06,0.0
1,0.002506732940673828,1,1,1e-06,0.0
1,0.0022335052490234375,1,1,1e-06,0.0
1,0.0020818710327148438,1,1,1e-06,0.0
1,0.0016596317291259766,1,1,1e-06,0.0
1,0.001966714859008789,1,1,1e-06,0.0
1,0.0023584365844726562,1,1,1e-06,0.0
1,0.002687692642211914,1,1,1e-06,0.0
1,0.004182100296020508,1,1,1e-06,0.0
1,0.0018284320831298828,1,1,1e-06,0.0
1,0.0032951831817626953,1,1,1e-06,0.0
1,0.0028638839721679688,1,1,1e-06,0.0
1,0.002721071243286133,1,1,1e-06,0.0
1,0.0031087398529052734,1,1,1e-06,0.0
1,0.0026819705963134766,1,1,1e-06,0.0
1,0.0029022693634033203,1,1,1e-06,0.0
1,0.002574443817138672,1,1,1e-06,0.0
1,0.002122640609741211,1,1,1e-06,0.0
1,0.002062082290649414,1,1,1e-06,0.0
1,0.0022923946380615234,1,1,1e-06,0.0
1,0.0024988651275634766,1,1,1e-06,0.0
1,0.0018265247344970703,1,1,1e-06,0.0
1,0.0017457008361816406,1,1,1e-06,0.0
1,0.0016994476318359375,1,1,1e-06,0.0
1,0.0022513866424560547,1,1,1e-06,0.0
1,0.0026488304138183594,1,1,1e-06,0.0
1,0.004995107650756836,1,1,1e-06,0.0
1,0.0026535987854003906,1,1,1e-06,0.0
1,0.0017888545989990234,1,1,1e-06,0.0
1,0.0017650127410888672,1,1,1e-06,0.0
1,0.0016086101531982422,1,1,1e-06,0.0
1,0.0025191307067871094,1,1,1e-06,0.0
1,0.004208087921142578,1,1,1e-06,0.0
1,0.0020906925201416016,1,1,1e-06,0.0
1,0.0019330978393554688,1,1,1e-06,0.0
1,0.0017905235290527344,1,1,1e-06,0.0
1,0.0022296905517578125,1,1,1e-06,0.0
1,0.0018944740295410156,1,1,1e-06,0.0
1,0.004224061965942383,1,1,1e-06,0.0
1,0.0026865005493164062,1,1,1e-06,0.0
1,0.0017158985137939453,1,1,1e-06,0.0
1,0.0015985965728759766,1,1,1e-06,0.0
1,0.005782604217529297,1,1,1e-06,0.0
1,0.0018143653869628906,1,1,1e-06,0.0
1,0.002387523651123047,1,1,1e-06,0.0
1,0.002569913864135742,1,1,1e-06,0.0
0,3.341822862625122,0,0,,0.0
1,0.0022253990173339844,1,1,1e-06,0.0
1,0.0023300647735595703,1,1,1e-06,0.0
1,0.0021736621856689453,1,1,1e-06,0.0
1,0.0020864009857177734,1,1,1e-06,0.0
1,0.001870870590209961,1,1,1e-06,0.0
1,0.0016937255859375,1,1,1e-06,0.0
1,0.002498149871826172,1,1,1e-06,0.0
1,0.0035948753356933594,1,1,1e-06,0.0
1,0.0019283294677734375,1,1,1e-06,0.0
1,0.001508951187133789,1,1,1e-06,0.0
1,0.0019347667694091797,1,1,1e-06,0.0
1,0.0018336772918701172,1,1,1e-06,0.0
1,0.0016579627990722656,1,1,1e-06,0.0
1,0.001982450485229492,1,1,1e-06,0.0
1,0.0020470619201660156,1,1,1e-06,0.0
1,0.0017969608306884766,1,1,1e-06,0.0
1,0.0023517608642578125,1,1,1e-06,0.0
1,0.0016851425170898438,1,1,1e-06,0.0
1,0.002069711685180664,1,1,1e-06,0.0
1,0.05577564239501953,1,1,1e-06,0.0
1,0.003240346908569336,1,1,1e-06,0.0
1,0.004458427429199219,1,1,1e-06,0.0
1,0.002913951873779297,1,1,1e-06,0.0
1,0.0028438568115234375,1,1,1e-06,0.0
1,0.0018177032470703125,1,1,1e-06,0.0
1,0.002701997756958008,1,1,1e-06,0.0
1,0.002006053924560547,1,1,1e-06,0.0
1,0.0019273757934570312,1,1,1e-06,0.0
1,0.0014581680297851562,1,1,1e-06,0.0
1,0.0021996498107910156,1,1,1e-06,0.0
1,0.003086566925048828,1,1,1e-06,0.0
1,0.0019736289978027344,1,1,1e-06,0.0
1,0.0019083023071289062,1,1,1e-06,0.0
1,0.0016710758209228516,1,1,1e-06,0.0
1,0.0026590824127197266,1,1,1e-06,0.0
1,0.0020699501037597656,1,1,1e-06,0.0
1,0.0019745826721191406,1,1,1e-06,0.0
1,0.0020301342010498047,1,1,1e-06,0.0
1,0.1436917781829834,1,1,1e-06,0.0
1,0.017180681228637695,1,1,1e-06,0.0
1,0.0020630359649658203,1,1,1e-06,0.0
1,0.0022733211517333984,1,1,1e-06,0.0
1,0.002609729766845703,1,1,1e-06,0.0
1,0.0019168853759765625,1,1,1e-06,0.0
1,0.0014886856079101562,1,1,1e-06,0.0
1,0.0015506744384765625,1,1,1e-06,0.0
1,0.28923606872558594,1,1,1e-06,0.0
1,0.001832723617553711,1,1,1e-06,0.0
1,0.0015063285827636719,1,1,1e-06,0.0
1,0.002046346664428711,1,1,1e-06,0.0
1,0.0019025802612304688,1,1,1e-06,0.0
1,0.0017020702362060547,1,1,1e-06,0.0
1,0.001489400863647461,1,1,1e-06,0.0
1,0.002161264419555664,1,1,1e-06,0.0
1,0.0014719963073730469,1,1,1e-06,0.0
1,0.0016527175903320312,1,1,1e-06,0.0
1,0.001569509506225586,1,1,1e-06,0.0
1,0.001692056655883789,1,1,1e-06,0.0
1,0.0021135807037353516,1,1,1e-06,0.0
1,0.0021419525146484375,1,1,1e-06,0.0
1,0.0017697811126708984,1,1,1e-06,0.0
1,0.0014276504516601562,1,1,1e-06,0.0
1,0.0015671253204345703,1,1,1e-06,0.0
1,0.0018200874328613281,1,1,1e-06,0.0
1,0.0017163753509521484,1,1,1e-06,0.0
1,0.0016391277313232422,1,1,1e-06,0.0
1,0.00167083740234375,1,1,1e-06,0.0
1,0.0017070770263671875,1,1,1e-06,0.0
1,0.002208709716796875,1,1,1e-06,0.0
1,0.002071857452392578,1,1,1e-06,0.0
1,0.0016317367553710938,1,1,1e-06,0.0
1,0.002421855926513672,1,1,1e-06,0.0
1,0.0552210807800293,1,1,1e-06,0.0
1,0.0022928714752197266,1,1,1e-06,0.0
1,0.0021674633026123047,1,1,1e-06,0.0
1,0.001653909683227539,1,1,1e-06,0.0
1,0.001708984375,1,1,1e-06,0.0
1,0.0016760826110839844,1,1,1e-06,0.0
1,0.001932382583618164,1,1,1e-06,0.0
1,0.0021409988403320312,1,1,1e-06,0.0
1,0.0030379295349121094,1,1,1e-06,0.0
1,0.001506805419921875,1,1,1e-06,0.0
1,0.0014872550964355469,1,1,1e-06,0.0
1,0.0016171932220458984,1,1,1e-06,0.0
1,0.0012848377227783203,1,1,1e-06,0.0
1,0.0018723011016845703,1,1,1e-06,0.0
1,0.0016014575958251953,1,1,1e-06,0.0
1,0.0016460418701171875,1,1,1e-06,0.0
1,0.001940011978149414,1,1,1e-06,0.0
1,0.0016252994537353516,1,1,1e-06,0.0
1,0.002130270004272461,1,1,1e-06,0.0
1,0.002069711685180664,1,1,1e-06,0.0
1,0.001603841781616211,1,1,1e-06,0.0
1,0.0022192001342773438,1,1,1e-06,0.0
1,0.0018739700317382812,1,1,1e-06,0.0
1,0.0018665790557861328,1,1,1e-06,0.0
1,0.0017888545989990234,1,1,1e-06,0.0
1,0.002727031707763672,1,1,1e-06,0.0
1,0.003615140914916992,1,1,1e-06,0.0
1,0.0027916431427001953,1,1,1e-06,0.0
1,0.0029261112213134766,1,1,1e-06,0.0
1,0.0015599727630615234,1,1,1e-06,0.0
1,0.0024957656860351562,1,1,1e-06,0.0
1,0.002902507781982422,1,1,1e-06,0.0
1,0.0035266876220703125,1,1,1e-06,0.0
1,0.0019359588623046875,1,1,1e-06,0.0
1,0.002674579620361328,1,1,1e-06,0.0
1,0.002505779266357422,1,1,1e-06,0.0
1,0.0024862289428710938,1,1,1e-06,0.0
1,0.0034818649291992188,1,1,1e-06,0.0
1,0.002535581588745117,1,1,1e-06,0.0
1,0.0026848316192626953,1,1,1e-06,0.0
1,0.005842447280883789,1,1,1e-06,0.0
1,0.0027675628662109375,1,1,1e-06,0.0
1,0.0030431747436523438,1,1,1e-06,0.0
1,0.0026721954345703125,1,1,1e-06,0.0
1,0.0037126541137695312,1,1,1e-06,0.0
1,0.002371549606323242,1,1,1e-06,0.0
1,0.002310514450073242,1,1,1e-06,0.0
1,0.0017840862274169922,1,1,1e-06,0.0
1,0.002418994903564453,1,1,1e-06,0.0
1,0.002475738525390625,1,1,1e-06,0.0
1,0.0019297599792480469,1,1,1e-06,0.0
0,1.0027432441711426,0,0,,0.0
1,0.0019559860229492188,1,1,1e-06,0.0
1,0.002232074737548828,1,1,1e-06,0.0
1,0.0018470287322998047,1,1,1e-06,0.0
1,0.0015404224395751953,1,1,1e-06,0.0
1,0.002215147018432617,1,1,1e-06,0.0
1,0.0017442703247070312,1,1,1e-06,0.0
1,0.0013206005096435547,1,1,1e-06,0.0
1,0.0032198429107666016,1,1,1e-06,0.0
1,0.0020999908447265625,1,1,1e-06,0.0
1,0.0021820068359375,1,1,1e-06,0.0
1,0.0014982223510742188,1,1,1e-06,0.0
1,0.0014612674713134766,1,1,1e-06,0.0
1,0.04172015190124512,1,1,1e-06,0.0
1,0.002871274948120117,1,1,1e-06,0.0
1,0.0018770694732666016,1,1,1e-06,0.0
1,0.00179290771484375,1,1,1e-06,0.0
1,0.001798391342163086,1,1,1e-06,0.0
1,0.003009796142578125,1,1,1e-06,0.0
1,0.0027747154235839844,1,1,1e-06,0.0
1,0.0022704601287841797,1,1,1e-06,0.0
1,0.0016796588897705078,1,1,1e-06,0.0
1,0.0012881755828857422,1,1,1e-06,0.0
1,0.001501321792602539,1,1,1e-06,0.0
1,0.00935673713684082,1,1,1e-06,0.0
1,0.0020940303802490234,1,1,1e-06,0.0
1,0.002316713333129883,1,1,1e-06,0.0
1,0.0020706653594970703,1,1,1e-06,0.0
1,0.021752595901489258,1,1,1e-06,0.0
1,0.0024123191833496094,1,1,1e-06,0.0
1,0.0019259452819824219,1,1,1e-06,0.0
1,0.0018682479858398438,1,1,1e-06,0.0
1,0.0023055076599121094,1,1,1e-06,0.0
1,0.0017027854919433594,1,1,1e-06,0.0
1,0.003142833709716797,1,1,1e-06,0.0
1,0.0022313594818115234,1,1,1e-06,0.0
1,0.0030260086059570312,1,1,1e-06,0.0
1,0.0025064945220947266,1,1,1e-06,0.0
1,0.0024535655975341797,1,1,1e-06,0.0
1,0.0020227432250976562,1,1,1e-06,0.0
1,0.0013017654418945312,1,1,1e-06,0.0
1,0.001499176025390625,1,1,1e-06,0.0
1,0.002263307571411133,1,1,1e-06,0.0
0,1.0022609233856201,0,0,,0.0
1,0.006360530853271484,1,1,1e-06,0.0
1,0.007217884063720703,1,1,1e-06,0.0
1,0.0022077560424804688,1,1,1e-06,0.0
1,0.002373933792114258,1,1,1e-06,0.0
1,0.0029718875885009766,1,1,1e-06,0.0
1,0.0029103755950927734,1,1,1e-06,0.0
1,0.0055234432220458984,1,1,1e-06,0.0
1,0.0037109851837158203,1,1,1e-06,0.0
1,0.002969980239868164,1,1,1e-06,0.0
1,0.0031461715698242188,1,1,1e-06,0.0
1,0.0028057098388671875,1,1,1e-06,0.0
1,0.00488734245300293,1,1,1e-06,0.0
1,0.0027120113372802734,1,1,1e-06,0.0
1,0.0042951107025146484,1,1,1e-06,0.0
1,0.0035588741302490234,1,1,1e-06,0.0
1,0.003177642822265625,1,1,1e-06,0.0
1,0.0058858394622802734,1,1,1e-06,0.0
1,0.0030303001403808594,1,1,1e-06,0.0
1,0.002698659896850586,1,1,1e-06,0.0
1,0.002728700637817383,1,1,1e-06,0.0
1,0.002485513687133789,1,1,1e-06,0.0
1,0.0026047229766845703,1,1,1e-06,0.0
1,0.002810955047607422,1,1,1e-06,0.0
1,0.0029916763305664062,1,1,1e-06,0.0
1,0.018902063369750977,1,1,1e-06,0.0
1,0.0026323795318603516,1,1,1e-06,0.0
1,0.026169300079345703,1,1,1e-06,0.0
1,0.003706693649291992,1,1,1e-06,0.0
1,0.0023224353790283203,1,1,1e-06,0.0
1,0.0020456314086914062,1,1,1e-06,0.0
1,0.009454488754272461,1,1,1e-06,0.0
1,0.0026578903198242188,1,1,1e-06,0.0
1,0.002186298370361328,1,1,1e-06,0.0
1,0.002166271209716797,1,1,1e-06,0.0
1,0.002136707305908203,1,1,1e-06,0.0
1,0.00272369384765625,1,1,1e-06,0.0
1,0.002416372299194336,1,1,1e-06,0.0
1,0.0050237178802490234,1,1,1e-06,0.0
1,0.002669811248779297,1,1,1e-06,0.0
1,0.002181529998779297,1,1,1e-06,0.0
1,0.0019257068634033203,1,1,1e-06,0.0
1,0.0017728805541992188,1,1,1e-06,0.0
1,0.002071857452392578,1,1,1e-06,0.0
1,0.002771615982055664,1,1,1e-06,0.0
1,0.0027251243591308594,1,1,1e-06,0.0
1,0.11744928359985352,1,1,1e-06,0.0
1,0.002454042434692383,1,1,1e-06,0.0
1,0.0043942928314208984,1,1,1e-06,0.0
1,0.0030858516693115234,1,1,1e-06,0.0
1,0.002928495407104492,1,1,1e-06,0.0
1,0.0036149024963378906,1,1,1e-06,0.0
1,0.0024907588958740234,1,1,1e-06,0.0
1,0.003020763397216797,1,1,1e-06,0.0
1,0.002212047576904297,1,1,1e-06,0.0
1,0.00232696533203125,1,1,1e-06,0.0
1,0.0032806396484375,1,1,1e-06,0.0
1,0.0026187896728515625,1,1,1e-06,0.0
1,0.0023658275604248047,1,1,1e-06,0.0
1,0.002941131591796875,1,1,1e-06,0.0
1,0.0029325485229492188,1,1,1e-06,0.0
1,0.0030181407928466797,1,1,1e-06,0.0
1,0.0035102367401123047,1,1,1e-06,0.0
1,0.003495931625366211,1,1,1e-06,0.0
1,0.002820730209350586,1,1,1e-06,0.0
1,0.0026705265045166016,1,1,1e-06,0.0
1,0.002234220504760742,1,1,1e-06,0.0
1,0.0034737586975097656,1,1,1e-06,0.0
1,0.003986358642578125,1,1,1e-06,0.0
1,0.004212856292724609,1,1,1e-06,0.0
1,0.003671407699584961,1,1,1e-06,0.0
1,0.003648996353149414,1,1,1e-06,0.0
1,0.0035123825073242188,1,1,1e-06,0.0
1,0.0028824806213378906,1,1,1e-06,0.0
1,0.0027408599853515625,1,1,1e-06,0.0
1,0.02730417251586914,1,1,1e-06,0.0
1,0.003632783889770508,1,1,1e-06,0.0
1,0.002208232879638672,1,1,1e-06,0.0
1,0.003107786178588867,1,1,1e-06,0.0
1,0.003925323486328125,1,1,1e-06,0.0
1,0.0028760433197021484,1,1,1e-06,0.0
1,0.0025146007537841797,1,1,1e-06,0.0
1,0.002314329147338867,1,1,1e-06,0.0
1,0.005343198776245117,1,1,1e-06,0.0
1,0.002526998519897461,1,1,1e-06,0.0
1,0.002675771713256836,1,1,1e-06,0.0
1,0.0031385421752929688,1,1,1e-06,0.0
1,0.00225830078125,1,1,1e-06,0.0
1,0.002948760986328125,1,1,1e-06,0.0
1,0.0029828548431396484,1,1,1e-06,0.0
1,0.002958536148071289,1,1,1e-06,0.0
1,0.0037169456481933594,1,1,1e-06,0.0
1,0.0035543441772460938,1,1,1e-06,0.0
1,0.0028123855590820312,1,1,1e-06,0.0
1,0.0034689903259277344,1,1,1e-06,0.0
1,0.0028662681579589844,1,1,1e-06,0.0
1,0.0043065547943115234,1,1,1e-06,0.0
1,0.003031015396118164,1,1,1e-06,0.0
1,0.003901243209838867,1,1,1e-06,0.0
1,0.004270315170288086,1,1,1e-06,0.0
1,0.003014087677001953,1,1,1e-06,0.0
1,0.003595113754272461,1,1,1e-06,0.0
1,0.003726482391357422,1,1,1e-06,0.0
1,0.0026221275329589844,1,1,1e-06,0.0
1,0.003490447998046875,1,1,1e-06,0.0
1,0.0025713443756103516,1,1,1e-06,0.0
1,0.004189252853393555,1,1,1e-06,0.0
1,0.004003763198852539,1,1,1e-06,0.0
1,0.06869292259216309,1,1,1e-06,0.0
1,0.0018649101257324219,1,1,1e-06,0.0
1,0.004877805709838867,1,1,1e-06,0.0
1,0.002117156982421875,1,1,1e-06,0.0
1,0.0019073486328125,1,1,1e-06,0.0
1,0.005682229995727539,1,1,1e-06,0.0
1,0.002411365509033203,1,1,1e-06,0.0
1,0.0020232200622558594,1,1,1e-06,0.0
1,0.002833843231201172,1,1,1e-06,0.0
1,0.0021064281463623047,1,1,1e-06,0.0
1,0.0018587112426757812,1,1,1e-06,0.0
1,0.0020284652709960938,1,1,1e-06,0.0
1,0.002170562744140625,1,1,1e-06,0.0
1,0.001767873764038086,1,1,1e-06,0.0
1,0.0018591880798339844,1,1,1e-06,0.0
1,0.0019583702087402344,1,1,1e-06,0.0
1,0.0018453598022460938,1,1,1e-06,0.0
1,0.0019969940185546875,1,1,1e-06,0.0
1,0.002256155014038086,1,1,1e-06,0.0
1,0.0024518966674804688,1,1,1e-06,0.0
1,0.07296538352966309,1,1,1e-06,0.0
1,0.0026705265045166016,1,1,1e-06,0.0
1,0.002333402633666992,1,1,1e-06,0.0
1,0.0025970935821533203,1,1,1e-06,0.0
1,0.0017781257629394531,1,1,1e-06,0.0
1,0.0019526481628417969,1,1,1e-06,0.0
1,0.0018718242645263672,1,1,1e-06,0.0
1,0.0020515918731689453,1,1,1e-06,0.0
1,0.0019397735595703125,1,1,1e-06,0.0
1,0.0024330615997314453,1,1,1e-06,0.0
1,0.002809762954711914,1,1,1e-06,0.0
1,0.0028090476989746094,1,1,1e-06,0.0
1,0.0023005008697509766,1,1,1e-06,0.0
1,0.002461671829223633,1,1,1e-06,0.0
1,0.0015647411346435547,1,1,1e-06,0.0
1,0.0015039443969726562,1,1,1e-06,0.0
1,0.0022118091583251953,1,1,1e-06,0.0
1,0.0018839836120605469,1,1,1e-06,0.0
1,0.0027320384979248047,1,1,1e-06,0.0
1,0.0025644302368164062,1,1,1e-06,0.0
1,0.002368927001953125,1,1,1e-06,0.0
1,0.002529144287109375,1,1,1e-06,0.0
1,0.0018830299377441406,1,1,1e-06,0.0
1,0.0017960071563720703,1,1,1e-06,0.0
1,0.0020737648010253906,1,1,1e-06,0.0
1,0.002737760543823242,1,1,1e-06,0.0
1,0.002457857131958008,1,1,1e-06,0.0
1,0.001997709274291992,1,1,1e-06,0.0
1,0.002288341522216797,1,1,1e-06,0.0
1,0.004227399826049805,1,1,1e-06,0.0
1,0.0023255348205566406,1,1,1e-06,0.0
1,0.0021524429321289062,1,1,1e-06,0.0
1,0.002384662628173828,1,1,1e-06,0.0
1,0.002235889434814453,1,1,1e-06,0.0
1,0.002107381820678711,1,1,1e-06,0.0
1,0.0020444393157958984,1,1,1e-06,0.0
1,0.0020186901092529297,1,1,1e-06,0.0
1,0.00749659538269043,1,1,1e-06,0.0
1,0.0027189254760742188,1,1,1e-06,0.0
1,0.021515846252441406,1,1,1e-06,0.0
1,0.0019087791442871094,1,1,1e-06,0.0
1,0.002033710479736328,1,1,1e-06,0.0
1,0.0023114681243896484,1,1,1e-06,0.0
1,0.00448155403137207,1,1,1e-06,0.0
1,0.002503633499145508,1,1,1e-06,0.0
1,0.0022535324096679688,1,1,1e-06,0.0
1,0.0016396045684814453,1,1,1e-06,0.0
1,0.002516031265258789,1,1,1e-06,0.0
1,0.004695415496826172,1,1,1e-06,0.0
1,0.002492666244506836,1,1,1e-06,0.0
1,0.0021042823791503906,1,1,1e-06,0.0
1,0.002306699752807617,1,1,1e-06,0.0
1,0.0018830299377441406,1,1,1e-06,0.0
1,0.0020978450775146484,1,1,1e-06,0.0
1,0.0018095970153808594,1,1,1e-06,0.0
1,0.003603219985961914,1,1,1e-06,0.0
1,0.003007650375366211,1,1,1e-06,0.0
1,0.0018939971923828125,1,1,1e-06,0.0
1,0.0018658638000488281,1,1,1e-06,0.0
1,0.001903533935546875,1,1,1e-06,0.0
1,0.00189208984375,1,1,1e-06,0.0
1,0.0014743804931640625,1,1,1e-06,0.0
1,0.0016739368438720703,1,1,1e-06,0.0
1,0.0024063587188720703,1,1,1e-06,0.0
1,0.002155303955078125,1,1,1e-06,0.0
1,0.0018248558044433594,1,1,1e-06,0.0
1,0.0019674301147460938,1,1,1e-06,0.0
1,0.0018227100372314453,1,1,1e-06,0.0
1,0.0017838478088378906,1,1,1e-06,0.0
1,0.0017828941345214844,1,1,1e-06,0.0
1,0.0016078948974609375,1,1,1e-06,0.0
1,0.0042266845703125,1,1,1e-06,0.0
1,0.003083944320678711,1,1,1e-06,0.0
1,0.0020546913146972656,1,1,1e-06,0.0
1,0.0020906925201416016,1,1,1e-06,0.0
1,0.001989603042602539,1,1,1e-06,0.0
1,0.0018160343170166016,1,1,1e-06,0.0
1,0.0025873184204101562,1,1,1e-06,0.0
1,0.0026946067810058594,1,1,1e-06,0.0
1,0.0025861263275146484,1,1,1e-06,0.0
1,0.003074169158935547,1,1,1e-06,0.0
1,0.0018863677978515625,1,1,1e-06,0.0
1,0.001958608627319336,1,1,1e-06,0.0
1,0.010895252227783203,1,1,1e-06,0.0
1,0.0018084049224853516,1,1,1e-06,0.0
1,0.001707315444946289,1,1,1e-06,0.0
1,0.001821756362915039,1,1,1e-06,0.0
1,0.0018835067749023438,1,1,1e-06,0.0
1,0.002599954605102539,1,1,1e-06,0.0
0,1.0106759071350098,0,0,,0.0
1,0.003598451614379883,1,1,1e-06,0.0
1,0.00251007080078125,1,1,1e-06,0.0
1,0.0027627944946289062,1,1,1e-06,0.0
1,0.0023632049560546875,1,1,1e-06,0.0
1,0.002124309539794922,1,1,1e-06,0.0
1,0.0024967193603515625,1,1,1e-06,0.0
1,0.0037260055541992188,1,1,1e-06,0.0
1,0.002542734146118164,1,1,1e-06,0.0
1,0.0022978782653808594,1,1,1e-06,0.0
0,1.0281484127044678,0,0,,0.0
1,0.009609699249267578,1,1,1e-06,0.0
1,0.019933700561523438,1,1,1e-06,0.0
1,0.15741968154907227,1,1,1e-06,0.0
1,0.005572795867919922,1,1,1e-06,0.0
1,0.0038518905639648438,1,1,1e-06,0.0
1,0.004439115524291992,1,1,1e-06,0.0
1,0.13901376724243164,1,1,1e-06,0.0
1,0.003775358200073242,1,1,1e-06,0.0
1,0.005398273468017578,1,1,1e-06,0.0
1,0.010566234588623047,1,1,1e-06,0.0
1,0.004292726516723633,1,1,1e-06,0.0
1,0.011179447174072266,1,1,1e-06,0.0
1,0.020700693130493164,1,1,1e-06,0.0
1,0.0032613277435302734,1,1,1e-06,0.0
1,0.004251003265380859,1,1,1e-06,0.0
1,0.011797666549682617,1,1,1e-06,0.0
1,0.004364967346191406,1,1,1e-06,0.0
1,0.03980827331542969,1,1,1e-06,0.0
1,0.004028797149658203,1,1,1e-06,0.0
1,0.013888120651245117,1,1,1e-06,0.0
1,0.004405975341796875,1,1,1e-06,0.0
1,0.004782199859619141,1,1,1e-06,0.0
1,0.011765718460083008,1,1,1e-06,0.0
1,0.004693031311035156,1,1,1e-06,0.0
1,0.012285232543945312,1,1,1e-06,0.0
1,0.013358831405639648,1,1,1e-06,0.0
1,0.0049440860748291016,1,1,1e-06,0.0
1,0.0948488712310791,1,1,1e-06,0.0
1,0.004491090774536133,1,1,1e-06,0.0
1,0.004984140396118164,1,1,1e-06,0.0
1,0.011751890182495117,1,1,1e-06,0.0
1,0.007981300354003906,1,1,1e-06,0.0
1,0.004129886627197266,1,1,1e-06,0.0
1,0.01115107536315918,1,1,1e-06,0.0
1,0.003246307373046875,1,1,1e-06,0.0
1,0.0046482086181640625,1,1,1e-06,0.0
1,0.00568389892578125,1,1,1e-06,0.0
1,0.003007650375366211,1,1,1e-06,0.0
1,0.01171731948852539,1,1,1e-06,0.0
1,0.004697322845458984,1,1,1e-06,0.0
1,0.01687908172607422,1,1,1e-06,0.0
1,0.010756731033325195,1,1,1e-06,0.0
1,0.005106449127197266,1,1,1e-06,0.0
1,0.014128923416137695,1,1,1e-06,0.0
1,0.004479169845581055,1,1,1e-06,0.0
1,0.012521982192993164,1,1,1e-06,0.0
1,0.0137176513671875,1,1,1e-06,0.0
1,0.013972997665405273,1,1,1e-06,0.0
1,0.010912895202636719,1,1,1e-06,0.0
1,0.003953218460083008,1,1,1e-06,0.0
1,0.0035407543182373047,1,1,1e-06,0.0
1,0.003957271575927734,1,1,1e-06,0.0
1,0.008844852447509766,1,1,1e-06,0.0
1,0.0034151077270507812,1,1,1e-06,0.0
1,0.011745691299438477,1,1,1e-06,0.0
1,0.004845619201660156,1,1,1e-06,0.0
1,0.004773139953613281,1,1,1e-06,0.0
1,0.009268522262573242,1,1,1e-06,0.0
1,0.0027675628662109375,1,1,1e-06,0.0
1,0.010953903198242188,1,1,1e-06,0.0
1,0.005747079849243164,1,1,1e-06,0.0
1,0.0047261714935302734,1,1,1e-06,0.0
1,0.007092475891113281,1,1,1e-06,0.0
1,0.0044651031494140625,1,1,1e-06,0.0
1,0.003969430923461914,1,1,1e-06,0.0
1,0.004005908966064453,1,1,1e-06,0.0
1,0.008965730667114258,1,1,1e-06,0.0
1,0.007617473602294922,1,1,1e-06,0.0
1,0.0031812191009521484,1,1,1e-06,0.0
1,0.0074613094329833984,1,1,1e-06,0.0
1,0.006484508514404297,1,1,1e-06,0.0
1,0.003912925720214844,1,1,1e-06,0.0
1,0.0969235897064209,1,1,1e-06,0.0
1,0.003999948501586914,1,1,1e-06,0.0
1,0.004039287567138672,1,1,1e-06,0.0
1,0.0036318302154541016,1,1,1e-06,0.0
1,0.13209867477416992,1,1,1e-06,0.0
1,0.003587961196899414,1,1,1e-06,0.0
1,0.004089832305908203,1,1,1e-06,0.0
1,0.004018545150756836,1,1,1e-06,0.0
1,0.027175188064575195,1,1,1e-06,0.0
1,0.002685070037841797,1,1,1e-06,0.0
1,0.0029540061950683594,1,1,1e-06,0.0
1,0.0031273365020751953,1,1,1e-06,0.0
1,0.0026259422302246094,1,1,1e-06,0.0
1,0.006426095962524414,1,1,1e-06,0.0
1,0.006066322326660156,1,1,1e-06,0.0
1,0.009529352188110352,1,1,1e-06,0.0
