duration,joint_length,cart_length,efficiency,curvature,smoothness,jerk,energy,cost,deviation
2.4254978940000003,3.234954296670601,0.22679082639423676,1.4849858323533056,8.70658483429669e-13,505.31334382098106,126.02489491500903,5.743108941723509,3.4128026646129426,0.10999033770890293
2.015308312,2.5585297625092274,0.4724240477644583,0.4977628038784728,4.7472305400375e-10,3302.659826079772,455.3275266070043,4.320347092777112,2.6936046483591136,0.23726892912960396
1.981012936,2.8847310540563122,0.3194540263296939,0.997728898688435,2.7797228232008775e-14,178.2005625983558,34.455134372295575,5.586946392704505,3.063686874563426,0.0007255124581820871
2.359212569,3.3483811714183522,0.3636359014291439,0.713721310128406,8.820480428076056e-13,136.5682231436568,31.8766167070107,6.3253364052723136,3.5481047772218037,0.10410120945141144
2.418612663,3.644899205260962,0.3524612632136502,0.9468457744690342,9.682057695997884e-11,1722.2381573566377,292.7675586946915,7.311534114763751,3.887711570257135,0.018734805475787486
1.956577108,2.7294906396808343,0.3466189730487849,0.10952077908030192,1.274268607616412e-12,197.94748329970014,38.214980099732735,5.064207553681745,2.8872686098086824,0.3086569930764678
1.860400158,2.403717148656597,0.32814708175663426,1.0081812791502058,3.336014495627338e-13,188.65002942545192,39.491837914149436,4.129566409922068,2.531560204647053,0.002684662878176425
1.81683867,2.1653441282020705,0.08527150871982705,2.5974954485990684,1.019389048293759e-11,2633.422270328818,384.79578044810984,3.4306431097355707,2.2790017412279426,0.13622084707509952
1.874246333,2.307387928697212,0.23586172517731196,1.4536848591461136,7.072406005309473e-14,163.429235746395,38.53983145225753,3.7772909865150504,2.428111901981895,0.10700689356502813
2.235549245,3.2516071404435585,0.34458063692221663,0.9406026216153374,4.4490682097383415e-12,300.7021317356841,66.36318339070624,6.293652783071317,3.453593110791687,0.02046718647529694
1.880181092,2.480746090268968,0.3565745738249054,0.907800012353224,1.0112238810184335e-13,186.35840426296036,41.553879877225725,4.352486916950197,2.614868256297627,0.0328761713018107
2.475283146,4.038940193129215,0.26523703220111916,0.6569633554946477,1.0408870493435835e-13,164.5281578744739,38.746724347711364,8.773392863955605,4.360367908442807,0.09098602152482999
2.146315829,2.7623098717949612,0.5286091249881016,0.5671780469650791,3.3987317005235074e-12,170.08795517498942,33.40514275708576,4.73023212674722,2.909496705667429,0.22879363386943075
1.473499869,1.2849211254673811,0.22437499628238794,1.3560816384380305,2.2888639309782194e-13,132.71707787435378,34.67693474844639,1.4875485496820902,1.4008781077233705,0.0798958163007597
2.129503099,3.503747030212432,0.293353855249522,0.6587749552725913,1.6880296200443343e-11,682.9986230624768,125.152982908187,7.670213592889649,3.7873427702629026,0.10009968237847591
2.165880183,2.827272731559353,0.355251753546075,0.892710800452959,3.139815078368971e-13,129.13450294289532,30.92989293515728,4.910651873536061,2.9793915405309535,0.03811467627564108
1.881564573,2.659219274539589,0.33097808998724804,0.8654651833173302,2.653570151934702e-13,213.5474000405462,44.55742829659657,4.997617284294199,2.815836995874675,0.044528076662414595
2.389063058,3.3041041489714527,0.1464769098473619,1.3736267283487833,6.424645859405936e-14,108.32403184867498,25.54946443377652,6.082244259057825,3.4937157346001464,0.05472768860490951
1.908024142,2.637972292226998,0.40672631579047114,0.588822691189065,7.146362676427679e-09,34587.95064065641,2070.1862773758985,4.850115758538402,2.7884217253984795,0.1672366319493124
2.291817287,3.9600442118449166,0.6060063410643292,0.30931593316902795,4.755829319966882e-14,215.74651764366834,45.135814394862834,9.106742815804965,4.32209316269896,0.41855892417166796
2.107356875,3.2124617698981717,0.4095464629365289,0.7417039044025697,8.04208652319656e-09,45314.491312938975,2476.3872107039087,6.515314768999783,3.4309904117592254,0.10578425234224309
2.19703839,2.8406449473925863,0.3481401340354916,0.860688091151256,6.872058616606267e-14,110.90778619622228,24.226263654529298,4.886936847920604,2.9924607045411555,0.04850006661934192
2.245757056,3.5864191388723645,0.5039980775426157,0.3497684691367089,1.1227929935676192e-12,239.05119745214185,38.482126579032034,7.621918360537945,3.8572541500565354,0.3277154415126907
1.595609283,1.9608801683525339,0.36444837016471066,0.7829483724352845,2.6610271263088966e-14,190.13614117907628,32.13016608383142,3.2004750424576605,2.062690789032546,0.07910411190755834
2.2904806840000003,3.0572259202475034,0.5074310357653927,0.40723419594751376,3.619026418551906e-14,128.84095394518857,34.85877131473449,5.4308916539596215,3.225260972490926,0.3007877659166589
2.177320166,3.6218310845054416,0.37162301487258265,0.8560986929076477,1.5421728441251746e-13,195.03516038709176,36.70376904979508,8.016299191711168,3.9229203385444107,0.05347703758576533
1.990100286,2.641692849301553,0.1798243703966076,1.8791348800779744,1.2528932379244944e-13,143.55213726093857,29.19054362510764,4.663814191696354,2.785480092459892,0.15808987630371885
2.267986486,3.190883600839147,0.17343900241177274,0.8511055305765725,1.4634330026293564e-14,146.76276489949663,35.94899765065095,5.974632472552998,3.3784745292462586,0.025824108241429472
1.806363672,2.3877276975151975,0.3614077777349754,0.5355241091670317,1.4946991686712922e-08,73046.22235933757,3384.024813989574,4.195421222263293,2.5167207922587376,0.16786519951741607
1.727411793,2.5376172919632256,0.4013515023314851,0.6928417937804539,1.9119712376623666e-11,1008.5753409981955,164.3069665990736,4.954647956078397,2.6969412252009697,0.12327840751965896
2.023966717,2.5552278761348606,0.44186648717347266,0.7119063060712535,2.2015024715005222e-10,782.2274389517415,165.13526437053454,4.290935461208088,2.689864929495562,0.12729894851312484
2.014801875,2.237936653460543,0.4267758567721295,0.44805137881904206,9.465842393041896e-10,2819.6754033696798,428.7556115371492,3.3062940525422335,2.362354221892664,0.23555834569869885
1.7509042030000002,1.9780451683783915,0.0542207375655483,5.490107045785528,2.686421197453212e-13,177.36191577668856,35.36947343817814,2.9702552497183636,2.0856307984950293,0.2434569157707565
2.004369671,2.5022831115363178,0.3033974641584119,0.8907944735022858,9.807964981282234e-08,170209.71298626228,6238.916193444117,4.1548376397797115,2.6336286409704694,0.03313267981149076
2.240834992,3.0308770695169964,0.42168142802694936,0.8167338500095565,8.820567018569002e-12,200.73978543967428,42.833030951177086,5.455381212420017,3.199761067090802,0.07727993183697135
2.018944555,3.070706101197163,0.2663754547297631,0.5928400391516574,1.3755602645921336e-11,2379.1752560915074,340.2772569334831,6.212099152001207,3.2782800928791067,0.1084574197187298
2.208177858,3.483014525896059,0.3873898984703209,0.6944436319137205,4.500870718776336e-09,31627.816062542122,1961.4882274095612,7.310172716068805,3.738511496772185,0.11836945040990382
2.442732598,3.1313610477455684,0.5935219373315421,0.2807181616126606,4.285125090932535e-12,141.88869676534392,32.915491441996224,5.34344264964563,3.2983259882273535,0.42690955020704685
1.659026198,1.7940680344506603,0.17141363229706627,0.8270641842792544,4.283821326877671e-13,167.4868830400255,36.92107719261264,2.5779159213626004,1.8968208772527846,0.029643556326949094
1.701033712,1.7091078329782223,0.2271470118744568,0.9602522265286569,0.00016744272528589193,12374514.929154454,109411.2517272434,2.2820674613326686,1.8204701102578227,0.009028587972678387
1.59602579,1.9158447776979823,0.19189682484385273,1.247627096265771,4.2722540119212114e-14,181.25949228221683,31.255747716575872,3.054355827203035,2.0156193925198003,0.047518853518704524
2.412139108,3.5575581642069776,0.3452457221746637,0.8177118938148411,9.168995969516876e-10,6574.160131378838,729.1210407296397,6.983903334018772,3.7846595756865455,0.06293418886374696
2.4079859900000002,3.817786986827193,0.3857717887081666,0.7398956580362909,1.3212272839093977e-09,28965.679078298217,1899.8984257105851,8.0567797748252,4.101665145695918,0.10034091725010069
2.047030936,2.814380846583079,0.382952213237448,0.8187207368169341,3.47276996776601e-12,207.025156699433,36.5295193078432,5.147313820912856,2.9740274772158033,0.06942129505000888
2.308876236,3.1058031668040225,0.4574454559351811,0.7442021338528383,1.566742060449355e-08,16249.306908029053,1347.6489752752411,5.560318521378334,3.2779354653972765,0.11701357150693481
1.650043052,2.463880782648432,0.43880547309691476,0.7109419604031175,5.66283175340168e-13,354.97225563851805,49.78092858653239,4.888347565707875,2.623239047000948,0.12684024981777675
1.160303341,1.1934513141114278,0.22007931236276035,0.8705857281948166,6.600225448588918e-13,293.1414017419801,46.74038094804245,1.625291097047652,1.2665600814541016,0.02848140394881213
2.500619941,4.244093542510599,0.43298231143078164,0.16641517340591322,0.00048501605494068634,76381492.83785981,351009.1144541378,9.589298954413733,4.615745184286986,0.360927484992335
1.9611871010000002,2.540796628796156,0.2575368405902493,0.6919849964963649,2.836931379264817e-13,161.36713257661586,34.68881805351116,4.3779206862976885,2.6763776291780004,0.07932521085672076
1.914914848,2.448546585228643,0.2215450286288843,1.2038088749461007,2.4549606024857626e-10,4059.8789062080027,510.8058770090118,4.163642804453691,2.5781131341821957,0.045152843034754586
1.8396968,2.9369283776489192,0.3806151389226986,0.5563898904035156,1.6216688360535362e-12,434.35644952845803,66.41413300612909,6.233596452999537,3.157369361659475,0.16884472349157945
1.651620112,2.4008615103765316,0.263628565350195,0.8566139629242558,7.386590756385823e-13,327.8753690514635,48.68803789264133,4.63710479047603,2.548413607045819,0.03780065524552831
1.727823015,2.164726294651059,0.18566059394506917,0.6408116886832996,2.897114928876132e-12,703.7943278067413,135.21505701058805,3.604656214941676,2.277950966848759,0.066687115217185
2.434841808,3.4246183025965133,0.14932319537194488,0.8631754335170249,1.8721121095003452e-12,247.3898119993478,62.010974195428005,6.411738844677923,3.62613181317419,0.02043108147261896
2.093384907,3.3733366331438566,0.5345490948895754,0.5259262302758946,7.285571142804302e-14,224.9848631559973,46.11890484314917,7.231988409951226,3.6330862980477883,0.25341570451690953
2.3372995530000003,3.5926296751233044,0.5215921175955776,0.2323101360397004,5.3042237638787295e-12,288.68053627651784,59.27578229051168,7.34993309744517,3.841958310738356,0.4004209817997135
2.310683382,4.126754708781473,0.5281361166712033,0.6024287059949189,2.6413158675107945e-09,15859.625562462472,1209.686396772792,9.809140524437893,4.536803341200168,0.20997175931578876
2.300005766,3.147494349112188,0.5111898166992573,0.14875314415531943,15.846336122365097,73858518513618.78,3579010537.2736278,5.732509058491846,3.3255018577432445,0.4351487242050614
2.410385292,3.565204157294828,0.38615105440302655,0.5374843309700912,8.640026718535055e-10,10920.431574471666,1019.7262619762395,7.019028072739325,3.7940413942657965,0.17860091327382055
1.714649685,2.192214311466549,0.10624081555437143,2.3912534169596085,6.931601677431238e-11,5362.74201909207,593.076949896955,3.7249807121953564,2.307741741025691,0.14780789766059477
1.888021809,2.5025919357587654,0.33031758097163755,1.0032364338662747,6.126713808365211e-14,186.87150980455948,41.922355910518355,4.41114845589624,2.6384751890827545,0.001069051005682553
2.494001065,3.423738931001428,0.6394355479194216,0.40650710529382855,2.8213956029706174e-14,115.05455631661921,32.98660201573433,6.257033944720691,3.6185027873447093,0.37950045431272433
1.763506561,2.126974298832929,0.37588477975239626,0.4217381829588256,4.5069663896497545e-13,169.4011127956301,35.518589192084086,3.40987669937027,2.2381676838072257,0.2173598157377423
2.1644839080000002,2.814815492364558,0.15631428423779145,1.7562938240890773,6.610070891104483e-14,129.69694420042114,31.052098823509898,4.870609923796309,2.9658417449050853,0.11821952778594627
2.347248044,3.47244903761435,0.20533098764743835,0.8057541077614016,1.2720537080408542e-12,183.41129049439198,35.00126988527491,6.837385236391776,3.6953558799240955,0.039884700899809306
2.014732862,2.5202369396713395,0.38631431469155525,0.7297294294427096,1.1329568004539751e-09,3630.7835063001057,487.8025062790729,4.193178850325669,2.6526236907336695,0.10440939024613527
2.452904831,3.1888958908300475,0.5325126756521855,0.20378380533553778,1.587185904722031e-12,116.9265366300636,29.449297438083907,5.5187521344805,3.3604707156281193,0.42399521621837416
2.149607166,2.7428577889237835,0.3302550646228943,0.8628309214119182,7.749809715243221e-13,154.08452706608443,32.693630839058194,4.656722408183796,2.888330463606273,0.04530078291336981
2.209863039,3.6241966018931526,0.4803524806429686,0.6521487899569072,1.3563040719705457e-09,18832.448896217506,1375.2851577092003,7.908818385045171,3.915387533366295,0.16709119163885794
1.5456122780000001,2.0693650351095423,0.27945667000492136,0.614429227452739,6.304300774398807e-13,361.9119930549402,48.369449214922305,3.6794995809503828,2.181890841433894,0.1077503241472825
2.261358367,2.7472135625396077,0.45535922482034236,0.6744962165681873,1.8713033065852423e-13,112.34782580924185,30.629077647126618,4.441594039758558,2.891747579767555,0.14822115049959883
1.922544667,2.6115391573864786,0.297954642869349,0.4614236397136597,6.877299633600995e-12,1232.2219076898612,215.34641469572003,4.717732077471108,2.7571799452488133,0.16047132708699036
2.440657679,3.373927436623738,0.3057930903210091,0.8724890050984838,1.3787987371787886e-12,177.97406071375167,40.666012895533754,6.208593016173846,3.5675526494842646,0.03899198118084107
2.4895361400000002,3.8566983100893752,0.3301588269074356,0.7517351624824142,4.295689547088409e-14,146.87399332496582,37.199970139970304,7.95382448357679,4.129258676751109,0.08196682751717121
1.793794869,2.45417515641356,0.27776891872120973,1.1286037001424167,1.4789377720627353e-13,186.76586031382232,32.34235136709278,4.463078676262301,2.5918037454178844,0.035722110732105794
2.315059479,3.273478962119471,0.16826385371090563,1.5988572005820674,7.888244337064623e-11,3293.080357462396,457.52041315083517,6.1604839597335115,3.467512168394491,0.10076602039246346
1.909511608,2.6697519220793704,0.36376772187745543,0.8287872890474611,3.279869968915792e-09,20608.16742783639,1464.6761242874186,4.963836075615152,2.824472627154779,0.062281657819668323
2.259982137,3.911477254771357,0.3957246835134975,0.48386671449268065,1.5421862361126787e-13,229.90797918842284,43.49704288009942,9.009455867524418,4.270474930213426,0.2042466810581656
1.612078,1.861379858626575,0.2844465957112511,1.2063336861204266,2.3282964533841606e-10,9168.932859503451,863.3771458883983,2.8547276960201144,1.9603286826546529,0.058690914597509136
2.405474329,3.09460802437754,0.14208591548628835,2.190336136864416,1.6192439527350846e-08,62404.28299156567,3373.82341280041,5.299074617416592,3.2598478648343345,0.16912999974279236
1.857126244,2.2942092157019607,0.15066678099850825,1.8347347244833223,4.0759029958598635e-14,176.733785611079,37.4664703898611,3.7684467850608425,2.4142235408929533,0.12576679392557885
2.300294063,3.5224492132735112,0.5918957694804435,0.4444429131235572,0.0031959495760219476,693006702.8334357,1535141.714800922,7.178772338037755,3.764851778116956,0.3288318894270457
1.984386063,3.3924272131202837,0.41507116376718367,0.6809156564419364,3.4065596597038014e-14,242.3958749005105,39.420189029644106,7.713407363731067,3.6934067831943267,0.1324427098205333
2.290542417,3.303667007844515,0.6389351416284249,0.5063990657467857,6.155070405670395e-14,150.43607479991473,37.668155851783894,6.341571707784473,3.5059981114947005,0.3153789828350003
2.431849584,4.455373742319072,0.6684964912691416,0.46284544636100733,1.1755353138062214e-11,517.7598221474948,101.2283181854242,10.865518168977204,4.927992964323069,0.3590859343769085
2.313400126,4.279469649699433,0.41982348938387853,0.6683217964437126,3.8675801365693746e-10,8213.208000176188,771.2910664707798,10.536239241384,4.744395758556573,0.13924630076957695
2.041864596,3.159323063202237,0.41049549043220357,0.8024752966437086,2.1144404206180118e-12,304.6509648251224,50.27097199628317,6.502664601215884,3.3810079839240723,0.08108299997671636
2.295093195,3.516401410428796,0.34826580171348803,0.808008396686278,1.7800468594383305e-13,169.26907133060342,40.02217422390222,7.170346075578491,3.7586670572872167,0.06686410965031137
2.322377823,3.5882188966416884,0.5670153813251018,0.511289193994844,1.1978659062578562e-11,1117.5300401469672,206.24982284826754,7.378848288530852,3.840008345562846,0.27710654402471135
2.453214589,4.160007528865502,0.33310613292154406,0.8932301560362167,2.985145031852558e-13,198.14904432981444,38.44803992051418,9.39061169385038,4.523411185916277,0.03556568983541253
2.106459119,3.8851550396776244,0.4720936818542775,0.48064974551591566,1.1077612079751779e-08,99865.53336763552,3926.3373338373044,9.533669614823431,4.303379586435736,0.24518197381134738
2.194260444,3.2898128909312194,0.5021965884851305,0.47612756800823125,1.8175064863352088e-14,149.81765501768925,28.854161987974045,6.562883244291226,3.5062059828307333,0.2630869481476748
1.648190872,2.419580133405018,0.22323054442676005,1.2445230798117317,1.624127485422211e-12,355.44734165686975,48.659928133712064,4.719376107873567,2.570983623736721,0.05458502023128098
1.72061297,2.502114497350909,0.49773275168995973,0.6051623521331546,4.422278071085508e-11,2323.8534132613586,315.82001889124786,4.835886191221676,2.656268225184699,0.1965236289435563
1.459444875,1.604589116744841,0.2854983938980298,1.0334146360594516,8.908208767352276e-14,223.15022957533944,42.722204029955144,2.3418675480441102,1.6939871063067584,0.009539824927660645
1.561187494,1.413487621419591,0.282788335161842,0.6766419984978947,3.0664914608017886e-13,124.36952874108695,30.45371307889143,1.6996504950683975,1.529800145181516,0.09144187090604075
1.909349175,3.2733327094462337,0.35614521432847224,0.7451306867970553,9.822767044523553e-10,32733.744331284153,1862.4087530557545,7.46264194330528,3.56560114243955,0.09077048617641326
2.220039397,3.466035070101306,0.6082120214434975,0.53258758027359,1.319575284370994e-10,1733.8649905361603,280.0584280605203,7.200677059409096,3.714565198722341,0.2842858526495963
1.7931991680000001,2.273862220706509,0.28024787481335817,1.2276487229510207,6.279869929819168e-14,160.6481203321185,30.143538017163667,3.832621838923335,2.3933489232672707,0.06379807081099848
2.32857755,3.0927350409906786,0.2322753005492511,1.2084703441926683,4.751407017629398e-12,404.9978769116445,99.76454213190172,5.467169910553565,3.2619590185069844,0.04842251185295787
1.363751493,1.3096453540259396,0.07593204168573699,3.2966820967978494,9.558785330864327e-14,179.21821550934894,36.52655706560596,1.668322429534528,1.4030232247172816,0.17439176071294016
2.094334021,2.652356326095179,0.07781770346814804,2.9058878447101284,3.122003936249948e-14,138.8668089603468,36.243169797907925,4.468949485034039,2.7924660358448796,0.14831181514320055
2.216896586,2.8784497299408462,0.25744044658373677,0.9806961022127633,4.102096943637601e-11,2076.1718157224977,340.9721531174478,4.973194002464585,3.0327773268692555,0.004969604067153022
2.31124759,4.020856546610776,0.6440149006010846,0.4634055498580514,1.4942883359684767e-09,12760.113039026834,1056.129662796655,9.309905638372484,4.3948227823188075,0.3455748214712607
2.35290896,3.838817270913612,0.44978659135651333,0.29057223211971067,1.0436051360027056e-12,197.61180980084472,37.72183851340811,8.336215996609614,4.1439336916873675,0.3190910975285351
2.327980385,4.067006844445808,0.3883328628679382,0.3669709795270279,1.883069906616286e-11,742.2929131439461,138.0670570167345,9.456663436990574,4.449327579176438,0.24582597179875593
2.445548904,3.6888501400691442,0.44201673271972264,0.613630190970949,7.767194383940365e-13,180.77939727483948,33.350202949334594,7.406949417447765,3.935149501117211,0.17078192060856434
1.9262301530000001,2.818822870350438,0.49735069081656713,0.6453529860918584,5.238512163750813e-12,910.8979055270671,162.91423815325157,5.485907966349957,2.9952028026101667,0.17638393736324692
2.38463039,3.195263712757443,0.1745459154444365,1.0915005167993397,1.4351249066379445e-14,103.05413648552242,25.66506278395258,5.698706165129168,3.371698874128811,0.01597104146837977
1.7070260400000001,2.0224468441432175,0.28955356620993994,1.1075218810374414,4.890762798631376e-09,48205.30051942102,2614.37100705792,3.184424591904163,2.1286740720381196,0.031133344099992077
2.419977787,4.166820888547475,0.3715692434178568,0.5781072639739571,5.224526126122318e-11,1792.2402800749119,285.317329978678,9.550005586185824,4.544720587456156,0.15676236472868635
1.927208398,3.334798793180633,0.38442013686459825,0.7379710054022514,1.694848196157445e-11,1147.7249540131506,176.57048087529722,7.6741944609439114,3.6396417686610354,0.10072922196575962
2.33092022,3.720379535049158,0.5372790980224514,0.5562793624009844,1.501241394525313e-11,475.81342609683475,98.95288692468999,7.903443633608089,4.001208628741281,0.23840182394314613
1.943055572,2.822296224939073,0.3688151171208021,0.8461517990450279,2.103045381578009e-12,291.879093609807,45.92562521733482,5.452016401224662,2.996543999020562,0.05674154225403272
2.315347392,4.085308563518838,0.4484557470768439,0.6033976670230785,9.267902565042115e-11,4823.9868483042565,547.7647467598647,9.593822514596802,4.479026885126896,0.17785859552758454
2.385612951,3.486878735470413,0.1072328572493109,2.9817035242837493,2.7300791114727074e-14,122.22326347441276,27.77926062652781,6.783559535026633,3.705708581593492,0.21250373112997561
1.077760111,0.9132593338222906,0.2204127062133163,1.4870516003778307,3.3811465440769346e-13,233.922855230334,46.39608275489361,1.0237509388663721,1.0011579657021907,0.10735236130480433
2.421818133,4.017677810094599,0.44901287663008643,0.4268639837219743,2.5375208210262685e-11,1259.0058632553278,225.00553105389122,8.871889174685698,4.350176212174979,0.25734545136930437
1.657993485,1.7431334084293835,0.29182060171325064,1.1227979478098882,1.1620679949482496e-12,159.5845205748819,35.80890770691442,2.4351168423393372,1.847474125839621,0.035834971019033934
2.2820654559999998,3.4457813726632085,0.321205025476893,0.7001896570164924,2.75016150068268e-13,165.71582930444495,39.273712178835474,6.9244747235560276,3.6760336761764885,0.09630058885625359
1.9614267170000002,2.8776300765454432,0.385979521712652,0.4245625676098493,1.57539344106854e-13,206.41309418523588,39.23392618458002,5.614938815699606,3.0586104805580985,0.22210706492950688
1.960868815,2.369511417217547,0.3152506524694019,0.8836410931882266,5.552440114825891e-13,140.8705833821921,32.4087366892486,3.808167737059861,2.4937856402989906,0.03668222129303789
1.6102224930000002,2.1247256261491856,0.3478702352658634,0.8577486462855932,1.1387229517024737e-09,20483.31417454881,1408.0411681380017,3.7238636696848713,2.238751981596649,0.049485011883518226
1.9063090470000001,2.490211399780324,0.3579599032566668,0.9082344587019734,2.25907477528406e-08,65832.58716379425,3225.892978652173,4.32585338942265,2.62377885659666,0.03284838428533726
1.797037554,2.6439916979089784,0.31240357566065546,1.012260031003233,1.0032950885744088e-13,214.66926456727765,33.70482632766268,5.170817508922629,2.8105752025481174,0.0038300775231204787
2.353913613,3.083692890503123,0.15140802903093967,1.978196345004415,2.453038023648704e-13,125.25438028656018,30.15644927064337,5.37689135396222,3.2504208721936934,0.14810678060238755
2.142168806,2.9847115023999735,0.4439525832701844,0.7431065477058528,1.3052029930724369e-11,228.00776357315596,42.30626851600123,5.533247050021631,3.1574015333643155,0.11404851177118253
2.488908419,3.6495322216580495,0.34538535120867964,0.9463438552651502,4.978623835415356e-14,131.62694599218597,35.2035338201358,7.124074319221823,3.8801911201075843,0.018532046393749835
1.44435386,1.5422569186612185,0.2280911020093418,1.291362511359653,7.408604167348842e-13,268.1008777654232,41.82267841786472,2.1857228181618136,1.6317888750968503,0.06645719630023261
2.410705502,3.8378398110716416,0.46189552623602964,0.43226284960700617,1.6118842944397994e-09,11477.310291210659,1029.0569843014441,8.132508259407725,4.125919777110202,0.2622352498445158
2.225634722,3.156533636120962,0.12399864802700461,1.6406940342321155,1.5766935224463721e-12,668.0487073235533,144.2267413257885,5.957216576952108,3.3443106586388067,0.07944519404374972
2.415497606,3.5091888181497444,0.5684719985467857,0.1417279542138344,5.641856539257742e-10,2893.3511040398635,423.21739120313185,6.785895110495463,3.7270535917589904,0.4879036251648999
2.019676093,2.688826683254295,0.40354666183945387,0.6078923798949902,3.228565228475822e-11,1614.4078745115785,273.52477851848863,4.761366073160955,2.835674325133909,0.15823372117518944
2.416519462,3.4958573900079104,0.4755183754129127,0.7188560609914342,7.436072767731535e-10,2332.7582223864274,366.26611965494953,6.731603512139288,3.7112714432310216,0.13368910913454024
2.2969260780000003,3.857368578118456,0.5071999172946996,0.5555908692964769,6.212828653737892e-14,203.0934548238267,43.854261416405194,8.621423311490467,4.186002524745476,0.22540427433783622
1.881359555,2.10727109113143,0.29244481324236893,0.9977827634172187,2.4417994236728763e-13,134.15313281758324,35.307663092425976,3.1386484760496978,2.223181953662512,0.0006484193383656245
1.542540302,1.7890953793818405,0.12382173185199381,1.8712547440750187,3.8638806961251176e-13,300.6528991395,47.74776045954632,2.7557590913031507,1.8838060908133665,0.10788027129563445
2.290941717,3.4060219984183773,0.5840283417299702,0.3026546547385687,4.7303052815089007e-14,159.80850051708146,38.831248701683805,6.73943776257303,3.626673038681957,0.4072694456061473
2.366957624,3.164298138038988,0.2743116035553526,0.9939437229721556,6.51837820128178e-14,112.54583100712324,28.823487118053233,5.630496971181904,3.338601699051976,0.0016613070630834281
1.903343326,2.701347406674797,0.23835731758462644,1.196381307036229,1.9356975486297706e-07,556218.4068150998,12895.875811286549,5.098369481446613,2.8615501893592414,0.0468089215689185
2.403873008,4.104994992773568,0.2773649771874642,0.7178618707284706,1.6691809404694303e-07,321221.04435379506,9104.759704322112,9.330427944535218,4.469632789216472,0.07825523578911159
2.15891895,3.2818595869448433,0.2941189877611816,1.0827700562916032,1.3839070006105567e-13,187.69295751744966,37.358284034241066,6.638042268935737,3.503919868565085,0.024344245173422374
2.253908482,3.625340652134744,0.5288697292659024,0.36753798942399857,6.839202366456274e-13,209.54501214995045,39.786180441982104,7.760264481425038,3.9037525499389054,0.33449001230429815
1.795271732,2.14745276171106,0.39187578055042194,0.5496348513597267,1.7613792717226124e-13,142.33432820573512,27.881619621733588,3.4143909590731143,2.2599679892990467,0.17648719415611389
2.3177668750000002,3.7482563204696207,0.45254358654313165,0.41672756543714595,6.521374342464942e-11,2531.19386115521,363.5337318308919,8.067684564955211,4.039946191178891,0.26395619946881804
2.501610996,3.6175317124334603,0.28357545875581514,0.3175432790643783,5.864848381200677e-06,3094806.7074411036,43828.90542463815,6.964185724884786,3.8404942283503414,0.19352797772030822
1.841280495,2.545799362484171,0.20251120315186746,0.9157710083325136,2.0538912869096526e-13,305.50839831600877,51.74962048511116,4.679834991201702,2.6907989412340085,0.0170573144428513
2.20973173,3.2979848268091874,0.2935477953434459,0.5929264113476209,2.2143833427604266e-09,16279.342090966691,1287.5224212142525,6.549543698957405,3.512995362515156,0.11949555449145063
2.414480693,3.3510446413941444,0.6671901319493129,0.43459495635828677,5.227218745244852e-10,3290.5279437874838,468.86562551931587,6.190643946657647,3.5443389230891875,0.37723266567212166
1.691936742,1.8501668609170312,0.2713052531986763,0.9057129441610975,2.0079000000196657e-13,158.5484106009617,38.6947071840738,2.688660769567658,1.9545735950803445,0.02558057355773119
2.112341943,3.4337639749393283,0.36491642242909866,0.4990685494442731,3.428465128520731e-10,9906.250038454637,885.7212559581052,7.426430500767566,3.7037284673292445,0.18279811281901479
1.517693063,1.818244572298738,0.1747676667664721,1.1772924991198415,1.4022314183262512e-10,3283.0290457310293,415.09273534670984,2.892536982175948,1.9128824505546849,0.030984996406371507
2.13603659,3.1139431539734734,0.4143838161515324,0.7560561833599875,2.6414386103469374e-12,333.0952178123768,67.23073150697134,6.040012509276297,3.307994399444649,0.1010863696658581
2.413956648,3.7887630696128736,0.5532546553377826,0.10855776374901527,3.0326949216824876e-11,4741.979379128277,574.4124312834698,7.915237986308028,4.064135484306756,0.49319456717058074
1.8023827410000002,2.3614856161658557,0.29975332292422624,0.9560283484263932,3.3888953875323727e-06,1489070.0742232553,24997.379211301184,4.112682646850299,2.4880838722364023,0.013180648673654927
2.175028464,2.8917620124205907,0.49880010632842536,0.16818284077055332,2.7957746446219975e-13,126.05692300750422,29.793803525595234,5.11563745246847,3.0498436810619305,0.41491048746945675
2.433586333,3.2499405836834283,0.5998811159035554,0.3811152782199303,5.5134278560143004e-12,242.24192319310401,64.61664360277658,5.777299799750258,3.4288707266234226,0.3712572575170896
1.64577421,2.2182048445132536,0.26469739185944646,1.2952592366725104,2.2276012637423722e-12,316.92646904668305,44.32153062732361,3.9722561703785058,2.3400428558810025,0.07815434986962455
1.6579720770000002,1.7014284083343347,0.25092993886716336,1.098075526305173,8.435993710766072e-14,152.07033238008282,34.95083455246496,2.3200186993695198,1.807763934007638,0.02461008582012192
1.818739826,2.800790590285847,0.17512340916262628,1.618344314753274,1.2891346032210395e-10,3111.773863956413,391.8471045815398,5.733684355555693,2.9945490376254775,0.10828656443592136
1.854040049,2.7945961592761996,0.24949272927951116,0.9534546256084727,2.309979464011035e-13,271.5601218130316,45.344605584004626,5.6008049313178105,2.979615469574042,0.011612732492278816
2.409301948,3.6619771728369908,0.31444127153487494,0.9637255849248654,1.13957639609843e-09,16398.60587433176,1322.5542242304005,7.408554914143007,3.910222631163398,0.011406173200409153
1.963259115,2.578006653144868,0.26427984556242073,0.8836768701070767,1.3022717853670197e-13,162.35431781450245,34.77767516924671,4.5023398846785145,2.7169742841936504,0.03074185880343916
1.914807562,3.0465677427998523,0.3742851994352002,0.8591107886406707,3.6238610012010603e-10,6434.094062843158,645.6912521085445,6.446182271663505,3.2737865762526424,0.05273274657189464
2.452517652,4.357677414130124,0.5255671031919212,0.6306372146750796,6.063777665464499e-13,219.53508593801445,40.2026447753901,10.307148857051542,4.785507797862358,0.19412492911011786
1.964930802,2.8667446497400295,0.3251521191793285,0.9938197662197874,4.904879622610308e-13,197.38848520861694,38.2886653255789,5.562616257184697,3.045193432132951,0.0020095161106598036
1.583453881,2.3349069165645826,0.29523903464167955,1.047643843460061,2.94615737720456e-13,283.9299250310387,42.90215630655843,4.572694842817676,2.4818832875893686,0.01406632234976768
1.711617235,2.4443365495721823,0.1984879191066583,0.7354032262494606,6.249816053907691e-10,14136.812658373055,1092.79845996399,4.6391927589089565,2.5902200656106644,0.05251926302407983
2.391978867,4.079902311461526,0.4380048202908431,0.5543471513423935,6.268034766865559e-14,163.6035013231553,30.71861729191613,9.262457441022402,4.441243959589091,0.1951980958883772
2.093184564,3.914786036669335,0.5394662980740208,0.4572298208545861,1.0170927584044932e-13,303.1071683311155,53.52682563140992,9.740828634281119,4.351353967123958,0.29280621924854955
2.235984908,3.173883292578533,0.12436356057479907,2.26496739785121,2.7634990298516424e-12,279.14940436218626,62.766083997397885,5.995212243252645,3.3629897288819426,0.15731584960781492
2.185001778,3.44737670279471,0.46223610569544377,0.48431927043335704,3.810842341246016e-14,170.01969339984072,32.889988055428006,7.237123758601666,3.7003761440382177,0.23836625221707033
1.7280537200000001,1.8788413714261236,0.16843281125182044,1.463041303098104,4.043686881878888e-12,518.0803581312241,115.03587777561555,2.715066419405895,1.9857713204516285,0.07799134840651994
1.879767914,2.719949623555192,0.3591285308514887,0.76623855539324,2.9507614028714487e-13,224.21949769367043,45.55522452107843,5.233468401525898,2.8865806953272566,0.08395040417134736
2.2732337989999998,2.8295373920606233,0.4105796570661483,0.8241877887500496,5.01311235436223e-13,113.63246742366475,32.068753369730636,4.6872785167807685,2.978564179780403,0.07218491740304583
2.386662393,3.78017012571349,0.6198022397317275,0.47465863633364724,3.084393755545187e-13,143.05047429658003,29.849242348181274,7.969217161949887,4.060576439875374,0.32560775382412543
1.8220016440000002,2.867995470065803,0.3035233528839659,0.9798545937697611,2.8010779182914232e-11,1951.118344567395,278.41101713419823,6.00150256107739,3.0762993578417994,0.006114601244211648
2.426517576,3.572343720604981,0.34652493294207487,0.6772413084806278,2.43644953201568e-11,548.8502686905061,126.80384861648817,7.000609270883529,3.7996663728186983,0.1118439339352223
1.6009678360000001,1.7467226120449622,0.26625440797540073,1.0984937921646614,9.945400457649895e-06,20096863.519944277,144099.2264783077,2.5310883165317453,1.845293842524334,0.026224406322054084
1.67737069,2.1009524620589786,0.5003110735736502,0.5966457728340472,2.578388992247759e-13,211.01220431435428,44.038522039652975,3.4969286299247213,2.2107149868085356,0.20180258642386784
1.9995877430000002,2.8067910618980445,0.3359708286021977,0.511309778215335,7.142841133590994e-14,157.69378723879382,28.194607650916666,5.2400001234359035,2.9705515466463988,0.16418565874278568
1.323212569,1.3876647971111002,0.23597148121171047,0.5651510364275905,5.858474296481517e-11,1419.201830667057,225.89127500408932,1.9300055453317553,1.4703520555107914,0.1026119540375586
2.423092836,4.405513599315266,0.6606574675933042,0.4954622188605786,5.598970925438121e-11,1267.4225952137751,216.42084736049316,10.661834150664406,4.863809404258988,0.3333266527927149
2.460373627,4.172171645905025,0.392105496090612,0.7573052862414494,4.029225231294264e-13,185.82203088495473,39.18916946277252,9.418260596016513,4.536670228365312,0.09516193113686555
1.215019119,1.1091295568713044,0.12420974207289646,2.1172005673714307,6.244496198451673e-11,4996.08227331397,566.0809644259701,1.340967189549715,1.1978529082584648,0.138767194316899
2.08120232,2.7728100698013534,0.36378496120572956,0.9067668607833418,8.540570919046078e-14,155.10296507619168,37.95752400283342,4.9148227629438646,2.9245695085093146,0.03391681393302037
2.396330203,3.4872068161345586,0.19830326365508244,1.3654334861372421,5.682966428781332e-15,118.14688156278363,25.165609040656893,6.7544936793143115,3.704313543516686,0.07246665294986943
2.119146986,3.135169781067485,0.5458224759059177,0.5879190918547986,1.8134826753830925e-10,1998.7430405926145,307.93896185995555,6.171231472482867,3.3359730013235676,0.22492302155737287
2.319313372,2.865155121120365,0.39804141538263665,0.7916765669112611,2.0817014166953854e-10,1132.0877613742828,230.43305913456223,4.710837836174733,3.0159549644830927,0.08292135416401164
1.7818297630000002,2.145273014232576,0.15221759239943874,2.0627421640679575,1.649185736644708e-13,150.18987759822852,31.49216924571601,3.4331648254823874,2.2574740759895082,0.1617680535557938
1.761781901,2.1922458622144374,0.2657685863886472,1.1065625129047085,5.509120887363817e-13,183.43261457680975,36.98541106456024,3.625908515005646,2.3067928082869043,0.028320968416706338
2.199909829,3.063128424027441,0.2621078309373074,0.6423051924526443,6.643068467887419e-14,128.1919761686258,25.339647193095672,5.675001516264037,3.240215604463784,0.09375461014377501
2.354428008,3.9543133943017565,0.4541230141101811,0.7078151107699008,1.5254256058872993e-12,204.17395886958323,38.573955253485046,8.839677650263123,4.291432090973327,0.13268788257462205
2.333342469,2.9780005739894344,0.40871865017074593,0.833126709802841,3.412001425642763e-12,253.36969341463663,65.59212157570666,5.058733318000481,3.13628388079587,0.06820422591893399
1.510075719,1.3718262441303188,0.18432194462108864,0.580774578554359,2.338835485249492e-10,11581.391295464262,1065.7532316623274,1.6547605836415165,1.483712901980431,0.07727244491545598
2.471415232,3.943655920559845,0.29539562005252273,0.7760042394658163,2.3313862146972307e-13,158.23655378006356,37.68490758757927,8.377369873763321,4.241502435776603,0.0661673665721316
2.442754271,3.934969522569958,0.41028670214226737,0.7098008487159128,1.2082992889833144e-12,223.89463842208033,41.30438552194497,8.4378881940686,4.2386671562417035,0.11906485274483308
2.4215027,4.118997093117132,0.4279858223650195,0.5583193713460818,8.602002521293919e-12,1385.5695652863633,238.5176853897931,9.326207846603719,4.481441486567596,0.18903304707714597
2.2670713190000003,3.411140836165988,0.2599814036976965,0.6759301221983699,3.531503940853717e-13,168.29897042995756,38.38264822271351,6.830665551757471,3.63741797241789,0.08425214172700876
2.2707758829999998,3.267355072122123,0.684255297860247,0.469322799094582,1.4268685837907886e-12,152.50373846435167,36.93667795263079,6.256773778979143,3.466607137844678,0.3631186861731789
2.389163275,3.420076811386254,0.16849885861151323,1.8930776579995752,2.7598803501867344e-13,116.02114075818258,26.422547809725966,6.516432501486049,3.6269825348517117,0.1504825660243718
1.635870498,2.4103663669723234,0.21190668028300694,0.5775965666924492,5.74682297747767e-12,565.6399359408979,89.78392921525815,4.718314935460731,2.562157733081076,0.08951010929234761
1.850104562,2.4908370495425354,0.3110998405294292,0.49060187120158333,3.6177343292334073e-13,229.30162878532101,40.038956360456254,4.45879279145917,2.6281352029088483,0.15847367663517706
1.614374511,1.7869508870439421,0.20563868403712574,0.9544297651898783,1.0881810892360237e-10,4794.342023207423,568.2653000068726,2.6273029627293587,1.8859907517634487,0.009371003117616239
2.401302166,4.143718781244365,0.40235388358275137,0.8392448705123975,1.9047930167171422e-05,9113344.549954092,83656.90268363743,9.517415019445137,4.521491382786774,0.06468045065518496
1.8997732360000001,2.5835785136053695,0.26354327251865567,1.1800887304588719,4.516954831687109e-14,194.72366280645826,42.95050376058924,4.672219100344788,2.7277845199111055,0.04746117336886119
1.840398141,2.4920563493753347,0.22217761795503174,1.4396743394515144,9.216274006348349e-12,303.40308423860824,53.74049782998016,4.486461033835237,2.630274002917181,0.09768579741528952
2.334648034,2.994929494965319,0.36312404640603557,0.5710206051181871,1.3286581585577629e-11,234.64208482462556,59.824000892401656,5.113558607259386,3.1545427330380047,0.15577273369429648
2.127114803,3.4618513506510586,0.2940263348793081,0.9013357706314413,1.9086248236742637e-11,841.4596450175029,151.69915939378356,7.496251461202039,3.7348367537008316,0.02900988174492869
2.320070573,3.9476890229041017,0.6452653897094558,0.34937053166809956,4.004060105828774e-11,1901.9495407704844,291.0435998305473,8.94018563656704,4.295140965675049,0.4198286774396398
2.289475689,3.052035378435769,0.33373611313882556,0.9197531538443481,9.199791575283205e-14,128.59212707208067,34.80669459171997,5.414838711367208,3.2195721692477495,0.02678127052763657
2.2063587780000002,3.377683980863252,0.4172154470273867,0.732841387662415,7.732028049464088e-10,65830.55001365856,3213.7840824347027,6.880350480550236,3.6096871996553483,0.11146269987364182
1.9361350160000002,2.1880511529347686,0.29408653850133415,0.9897595365988361,2.744260651492235e-12,242.28358798542737,57.09824314734588,3.2885976825032714,2.307394004074562,0.003011582434297888
2.226176652,3.6769853402709085,0.32694677201566663,0.9590388427934825,8.331654278577948e-12,852.0323351326826,159.87054679461838,8.081674793850704,3.9775997556785043,0.013392118126697161
2.357982039,4.070975414608412,0.6568347785408333,0.36550390796591187,4.317521747173934e-13,205.14155229377482,39.00738470079821,9.354855586002516,4.4425540986438685,0.4167591000962344
1.904504548,2.2981257144418494,0.37227472737753825,0.8924921562737214,4.832614286354618e-08,160363.2356251877,5963.761500225376,3.6876961457336654,2.418591334123473,0.04002245321414738
2.195654693,2.593253494743804,0.3490687477019384,0.66302963304132,2.887456338734671e-13,92.74461407082266,22.431224220154522,4.075363740544857,2.7306360232064932,0.11762582400692906
1.617928956,2.0543068566570084,0.14248335427636125,0.9350118979797957,2.9913518181542254e-10,3080.1960436568406,400.7345004979467,3.4647641327690692,2.1618471516166173,0.009259722763893086
2.335151762,3.510765102482578,0.3573548763425943,0.16254830506105447,7.56686989939881e-12,312.2802939286829,67.57807894407809,7.025223567591905,3.7434114593114125,0.2992674468878029
1.7477128350000002,2.2565973835269144,0.3208392471365524,0.8806466085160324,7.809715364562256e-13,249.13801266320507,40.96274921465002,3.8727476742839237,2.3762736222675507,0.03829325226691038
2.4420075150000002,4.51259806010763,0.554243769070744,0.3201372565329662,9.938104405107058e-13,302.28983570245384,49.73712309158749,11.100341080464041,5.001910446135861,0.3768096893899452
2.058140042,2.837961918456958,0.4480338637434158,0.2638803215370829,6.054524024887897e-13,177.9654132474526,37.85059373907147,5.205891499554277,2.9996190840936388,0.3298065437193016
2.32878334,3.911745217842711,0.5264187914147178,0.608725186028804,1.2896032364259543e-11,635.355808121556,124.00578446290272,8.7454064602129,4.245292715179664,0.20597441468173555
1.425557739,1.5261960615532697,0.13798451949335452,1.594356457494374,3.965465457571089e-11,936.0905252047492,171.17712187429913,2.168156412808297,1.6143328027829675,0.08201199019513358
2.135711487,2.596720575583534,0.4644547852649491,0.3448047300041124,3.0532502610775017e-12,236.16185472524302,57.39681981457651,4.200807489543706,2.7331343229421554,0.3043085784325503
2.109547171,3.3492601803093804,0.3348056230637571,0.6029345969125653,2.3013187240076245e-09,21516.67480833083,1493.734328980186,7.07471134420539,3.5984652093648304,0.13293972967775042
2.133847862,2.6430245375711023,0.5210739740606738,0.26727432148067964,1.6079970871301034e-11,275.7596143598878,67.03257711489059,4.35574596387699,2.7818981526038393,0.381804281202366
2.350506513,3.2442451505546828,0.5824354002792759,0.4734947417433813,1.0457579312028515e-12,148.0429498930063,32.236427433869515,5.959973474388125,3.4298953602994984,0.30665530084183723
1.416482134,1.1547889527825508,0.11406362545171266,1.6363697392155068,8.334386107708932e-11,2171.962050619637,353.88576950691197,1.2491024097055274,1.2783289166541256,0.07258663958268162
2.281449651,3.005872991519847,0.31618355746307014,0.7134374979911363,2.1990809276780388e-13,126.22682477531447,34.2523663384566,5.270714996370943,3.1690720562821273,0.0906063513206807
1.942415906,2.89639099060933,0.372633387208506,0.6852151055408897,1.6760869162221246e-12,314.7886294742186,49.14148201287303,5.74392616869104,3.08430799238194,0.11729936146437031
2.182782609,2.847975952051805,0.3212364103656197,1.0487614062511008,9.064454150200644e-14,117.20499860665844,27.671727744115586,4.944272317090463,3.0011578878388145,0.01566393910848335
2.147705937,3.080372808831092,0.16752026333932185,1.6362830939978343,5.875182127256849e-13,203.60660864932515,37.02874755872574,5.878461814462433,3.2669238612249236,0.10659031146487569
1.557623913,1.8832113927904623,0.1429370984704951,1.041297872210134,4.981463286911118e-13,231.54016804173835,41.41690203266307,3.023872515168068,1.981108625349799,0.00590299802672184
2.060222917,2.530545628854396,0.2600396090586221,1.1419601476872752,1.9335039442917673e-13,139.15356793805915,33.88495157264959,4.134985523972523,2.6633045231362633,0.0369152613065033
2.494618596,3.608842174724248,0.6077141422946731,0.2480981004066807,8.95866187728565e-14,127.72103649386837,34.76094303982903,6.9501720424660265,3.831418716782905,0.45694141800108945
2.183087335,3.391600852031241,0.31312203231220126,0.38667944387517333,1.7615454205079178e-13,165.9826572301348,32.872502670760966,7.010977642001201,3.632070803212737,0.19204417899265522
1.813910888,2.331965062466898,0.06808271626416282,3.1811800707767297,4.9240660973031815e-11,5694.64141901397,630.6071871966877,3.9852767344969795,2.4554057270861556,0.14850066387973865
1.583123469,2.1229505839972997,0.20975776764770102,0.519793267024188,6.154302186308719e-14,235.1334305934413,39.117223511775144,3.7809719276685136,2.238624006732623,0.10072709231840196
2.417575634,3.6561402050013405,0.37470557810140964,0.3677684124299639,3.843435720577887e-11,2086.317028382124,333.8309047759825,7.359837137083162,3.901453763017169,0.23690070251440237
1.510325656,1.7300197128678172,0.22840046612846288,1.2795305005081252,3.0148162133352386e-09,17023.81117362743,1275.77159594987,2.6312854311106446,1.822395233769256,0.06384489661317833
2.347907575,3.954058478217467,0.6900163151479102,0.31966730730644727,9.38229695632019e-13,233.74285815552636,39.74327555821771,8.863040030253961,4.293394427337779,0.4694406576870608
2.096935443,2.7579968012244693,0.5054822894460473,0.5554660598645471,1.0343063406701031e-13,149.46833739382424,37.62174479808595,4.826034757223961,2.9071798491345797,0.2247040337961409
2.42419047,3.5127090286792466,0.5952538285383024,0.37907465757791436,5.992889104229754e-12,698.4292718791685,154.87241522212494,6.775288098443401,3.729817419160379,0.3696081873132029
1.700989751,2.432671626704644,0.37732623034427076,0.42285974201387616,0.00015975914395550058,28589567.721402973,169956.89161478152,4.623465276798374,2.5781576064415326,0.21777015792582402
1.715546354,2.5376712373896075,0.33188411565064035,0.20239887966827314,1.70103007382345e-10,5925.502123762857,602.5903605909324,4.988884990412866,2.6990640346384165,0.26471114246325517
2.360994253,3.450023712323772,0.42300941408149556,0.7616444819558031,1.295288399907002e-12,141.91479345859764,32.52965910869919,6.7101240474960955,3.666431995628728,0.10082662803096704
1.833260748,2.8131008790554164,0.2998065483301235,0.788499330512757,3.853355679197197e-12,576.3592750603086,100.99144325239344,5.738892867652296,3.0063232243526254,0.06340928568848059
1.923921612,3.162741958195057,0.26208407021654717,1.1541267615659319,3.427253236623904e-11,1507.345494284235,227.19555280982362,6.914463232312098,3.417558074540443,0.040394169000494695
1.7909962190000002,2.2865982695462868,0.33938572467575556,0.9269577793675293,8.325688072154907e-14,163.73126689682664,30.965559354075154,3.8804423912249884,2.4071262736635126,0.024789486981277475
1.616596447,1.4952510191947535,0.060069383693886924,3.663463700049372,1.624362630678219e-12,2099.108307922134,346.49368425474466,1.837063272911432,1.612151641060188,0.15999262295300548
1.691344855,2.756490684775961,0.39382025137791277,0.11852359452911564,1.259410166683056e-13,352.36559707347266,57.67107183380566,5.970062041805722,2.9731466242715294,0.34714325958624265
1.431989482,1.7227113915626047,0.24020363081854712,0.7581697537382877,3.610766322799514e-12,636.9741199433712,111.66701232052249,2.7502722484750004,1.811934799120042,0.05808850319380668
2.297624068,3.0441815572916293,0.21926991333431733,0.8727224892198924,7.038420236762635e-14,126.34531848492126,34.59251861421962,5.367918185748056,3.210305887266263,0.027908128758161843
2.412399689,3.581414060784746,0.27854919530719097,1.1015698237879301,3.189817946270171e-10,6219.913641327774,701.2459008307252,7.0771213964269135,3.8129497791992817,0.028292192683621098
1.9988642630000002,2.220364426491165,0.30585926544292125,0.6264183890009527,1.8964313543081765e-13,98.83563827159357,22.479705424727438,3.2803246114638127,2.343756398089229,0.11426339712315176
2.170314872,3.495115095397938,0.46956198883812034,0.6073811042613827,2.791313649178855e-13,190.216181152342,37.183456389188215,7.489265076484179,3.764025002256011,0.18435890953845174
1.6548897290000002,2.015835155446376,0.16683913232186803,1.9384550024146874,7.15251904218583e-13,220.66476369103827,41.16842135252337,3.2626733258478455,2.1208246189481197,0.15657101832598302
2.359720667,3.730825433666113,0.5324093592821317,0.5819857756335963,2.2712982932491957e-12,168.4790822241324,35.42119707837189,7.851095676388774,4.006437575544201,0.22255468536573425
1.637159418,2.170777339858631,0.24533308020760236,0.3668143358813281,3.0453149864355447e-12,426.2438751544253,73.71674772503597,3.82396559245123,2.287967821633699,0.1553413893215301
2.267436831,3.0412934789668555,0.08016549775748105,4.183216600936544,8.198749189666221e-14,133.59504829538795,34.238319368812455,5.428885769335543,3.209269277853851,0.255184143283955
2.389524767,3.969901876401508,0.5686487986888669,0.5455511949612009,2.0059276406542662e-13,156.12882443188894,30.571142314580634,8.778736518482042,4.299517961057012,0.2584217670509042
1.82929666,2.6137628017659877,0.3497522705434242,0.7078015132588532,1.1602721542798115e-11,689.5423501765774,128.68619049716852,4.965003000686609,2.770224384843717,0.10219708418706874
1.6529873529999999,2.0569454203127915,0.2867209256036436,1.0686806407301193,1.6261156724130147e-12,235.66156524586532,41.840910720550006,3.4009717258769125,2.1641674545004994,0.01969217688119107
1.9614348380000002,3.305365938234125,0.30955628020199344,0.6927240323919027,4.1487219076929256e-13,272.31075710909374,45.06350624795975,7.4081948226952195,3.5883592750326945,0.0951192055282308
2.025981678,2.834594468674638,0.2222077585108546,1.4179330942599335,1.5077262292455978e-11,754.3674997167423,151.44502297853694,5.275290427956214,2.999288544261098,0.09286797608300557
2.446796142,4.324624615222537,0.581827505678655,0.48138700252799094,1.2322085332816594e-12,240.72271802009075,39.252294876116714,10.174990549429856,4.743566412774986,0.30174330673166966
1.8830176230000002,2.6767476499940415,0.3204448870721536,0.4822707243147647,1.6233624506169925e-14,215.76688709225186,44.85962044499795,5.059825689841729,2.8358712471659624,0.1659036992809031
2.340204615,3.421249553677476,0.4209768403898365,0.4579801671041805,1.5296928670376795e-12,227.22627216516935,46.21928258054942,6.657174991010873,3.636016665673165,0.22817779668110927
1.63784992,1.6776333862431105,0.20293877632118754,0.980666177580371,2.616525944115399e-12,245.43588369678577,54.261380630380216,2.2829527194316785,1.7827838663835802,0.003923582263450659
2.017966828,3.1468835462881617,0.45397664606551263,0.2254429176007403,1.9382775535081587e-10,2966.5326771970895,392.76221911247643,6.527271043900541,3.3713943584953725,0.3516308264539048
1.8304084710000001,2.5828584732359405,0.36941108222050706,0.8745823634772111,4.429215274725508e-12,609.109608150362,116.03849994869744,4.845375588148047,2.7343818953239856,0.04633066483742165
1.640462625,1.7604624245397094,0.31506005847944923,0.8477425097125327,6.708506561517532e-13,239.23627894201212,47.5779667535989,2.5099976683583023,1.8623695534875442,0.04797025379390363
2.299253654,3.822752922092343,0.47620754781824465,0.7229599896273652,1.0430053821342951e-13,198.6932533816096,43.38558752898344,8.4588111548972,4.140564861416377,0.13192854398709347
2.446615618,3.511270494205061,0.28898698620590163,0.8198915199307953,1.044259341141191e-12,159.3842531288393,31.851983322612583,6.708070612600885,3.7247685674022013,0.05204900684532515
1.733172786,1.7674403499898952,0.19039544941434758,1.0192807176668388,1.970351893692373e-12,296.6458343104429,71.4629136649607,2.3955905250347027,1.8793633594028987,0.0036709609052089365
1.622477216,1.7416378906057026,0.09382844875605095,3.378517421675363,5.969319833330237e-11,1070.855255980142,203.0370054032986,2.483458137129404,1.842337670068162,0.22317260001504124
2.4822728080000003,4.074114096551968,0.6931457347461052,0.29773444552549355,4.212042537919107e-13,165.49569507114336,39.25660980539882,8.901797580902056,4.402914278001198,0.4867723737431128
2.342748401,3.5465029429632065,0.3397134618376437,0.9288179545520279,2.6340245315749963e-13,220.42148454122665,40.48807986501092,7.145793018945812,3.7848591413744455,0.024181499079815094
1.927973973,2.8310318696845194,0.2534962488800763,0.817822777505177,1.507089413625738e-11,765.0664659278871,140.2018959124218,5.528552790804351,3.009312895234678,0.046181242533828715
2.351904364,4.085248922450476,0.415870705355872,0.7567301803407503,8.841115673019428e-13,228.10558414884906,40.33318680842883,9.444876432474441,4.463836601075079,0.10116879149348795
2.299651555,3.5183021621014934,0.33315189796293393,1.001310351528539,3.1720244316642926e-14,168.19009410676813,39.917052308968636,7.1638749789655165,3.759956482633701,0.00043654609873144956
1.721606186,1.951403894392466,0.20684440351654784,1.3848908883144795,1.585334655439703e-11,1218.7967147063503,221.12375603457585,2.9397286385332806,2.0571497598636426,0.07961252621236273
1.7313475930000002,2.884271939076564,0.2490277959470126,0.7219876462799611,4.751535043367637e-12,908.0600929433396,134.44527391217562,6.386316875201944,3.1235111878710144,0.06923280369294252
1.671814249,1.8138398880402669,0.13406134190079103,1.9750232401915544,8.18831735088267e-14,159.79849697534206,37.906992697197516,2.6150718678750327,1.9172760283911134,0.13071292396453707
1.7768720070000001,2.3452153552346267,0.29247278705061747,1.0942713515779805,3.911213954167413e-13,184.6972850129859,35.7886638972602,4.1143801772229,2.4717109803384307,0.027571804935040578
2.103999402,2.9989172045066246,0.3866870154734233,0.7128753128226633,7.286252431516951e-08,264640.27997653175,8131.81281116351,5.686913998132765,3.178549442229203,0.11102738835334464
2.455769456,3.3572582553653603,0.2452738828728919,0.911812734610206,5.365322233364464e-13,125.17901630077577,31.223120910688607,6.109777767683881,3.5471666380829205,0.021630033002096982
2.426119043,3.9148001779574804,0.49524855904838044,0.40761725667752163,4.613813588957216e-12,689.0599022033791,144.05674190034657,8.408517777913309,4.218071243965654,0.293376700035584
1.489012114,1.8428995488747855,0.3136740031017219,0.7054036082526892,1.7903517034466276e-14,262.01711966686565,49.6712601288932,3.028319429454476,1.9384285510408095,0.09240722949870203
1.280779332,1.4990343038234013,0.19749560965294757,1.4295735176386097,1.0013184959238489e-13,316.0364725443667,54.15437335085386,2.326134756772276,1.5771524056838158,0.08483888375679846
1.7740858,2.0356899744181614,0.2172433933569834,0.8941007118420691,8.872151184028045e-14,141.73844251490343,31.706939782253873,3.104868808668494,2.1448840715009636,0.023005920713517924
2.168547152,2.65329588325113,0.36329879470820375,0.7141162124241913,1.5693814412346995e-13,111.1485429238415,28.550702308642663,4.319576625309579,2.7926525391623676,0.10386123545290743
2.373116015,3.515765775477705,0.3052188464316764,0.8373236951584054,1.2973950479431202e-13,132.66055949527228,30.781913822540094,6.932727154844223,3.742098147159927,0.049651874105519245
2.006485687,2.966412597767387,0.3350778783730198,0.7211208643929132,1.1830698501285847e-09,69783.5976195961,3276.0899487292913,5.832970530539347,3.1557534200148245,0.09344622908172431
2.500560605,4.756657316428256,0.35373064837314094,0.47512709553826965,0.0009945212824491899,129915758.73490344,481395.54407823656,12.045668984810117,5.312020965533327,0.18566363280874154
2.1891345700000002,3.4869561955024753,0.5610289495320993,0.417039304710957,8.333678208194561e-14,171.10951221406813,32.094662700815995,7.390280382401974,3.748492382681385,0.327057826496514
2.466619413,3.3709946390927983,0.40583439018954975,0.7627356956481952,4.1360963934760345e-13,117.40353284839789,32.00873355025221,6.1329042659640995,3.5616264740299393,0.09629001427036243
1.8501156170000002,2.4267747807316407,0.4265737120269059,0.3409954142933984,1.745887597603955e-12,217.61414510152292,39.01027669961472,4.232364045174618,2.55722896812758,0.28111403236761834
2.368877241,3.210571314097578,0.5907735613706133,0.42621216029490167,4.9607498257856806e-14,114.05404815853788,28.899257056504524,5.791683188035065,3.3901160596460445,0.33897868553373156
2.045428732,3.0853936283387045,0.5027629771816394,0.29945287628063894,1.419745951642864e-12,259.2252835198226,39.85589932791764,6.1911786575364705,3.290564675642776,0.3522091575771803
2.379615519,3.2569094572862194,0.4456353023539674,0.4596702538036697,2.1990389652809222e-13,109.6106041269597,27.21808493597055,5.933190600206611,3.4412481105558097,0.24079000981704413
2.113297909,2.4720176897189305,0.1460628976391287,1.8022571656214756,4.92588452204605e-11,4033.464826276137,542.7790576441391,3.8472198602034675,2.603570211528266,0.11718000626242711
1.812176559,2.113880398508735,0.25359274158314504,0.860876145102256,5.170623479171529e-10,7214.430304843368,762.5545416634101,3.277828024196073,2.225988387842709,0.03528079978313456
2.221278191,3.0443018051680375,0.37516039237937227,0.8637925805894955,2.8616573826079266e-11,1104.6347473164953,214.55451698276337,5.551910016674199,3.216614001802055,0.051099628911026596
1.906770533,2.6036347637541906,0.4876195260678452,0.40941579787577237,2.5100894492026494e-08,57641.25428419525,2912.8691560129096,4.727756699817512,2.7497134586651786,0.2879803887429724
1.728211068,1.7182337949537982,0.2726445409517366,0.8153726365625434,1.0040194398455036e-11,426.6044617348789,103.78565918260273,2.2705205377650644,1.8326820527345324,0.050337642751534795
1.375411425,1.3756174131225711,0.09994656471657525,1.8141800416378477,2.893220423337239e-15,178.08870168909996,35.358973881595304,1.8250616018935422,1.465423855627737,0.08137449822250108
2.425103022,3.184535929782611,0.5315239731701116,0.16148516390858703,2.8013390796974495e-11,513.1108865603502,128.71472933905807,5.566385881225127,3.3571327569580705,0.4456907372413927
1.7867012130000002,2.152372217704464,0.20156191716723107,1.0692651933393225,1.4054410199261963e-13,147.64554286677415,30.31727315075167,3.446504721902536,2.264930316662293,0.013961225162432755
1.6445976240000002,2.240416509342357,0.33717090554440865,0.7866126074519025,2.33830810842554e-12,334.3164433969419,46.14712683730031,4.055068020117115,2.365019257360366,0.07194802037720222
2.156227344,2.956824634542251,0.4998561893214213,0.47339043522613194,7.587035910442463e-13,158.21244464029115,34.13673604965873,5.395007749770658,3.1242223413710324,0.26322905030807786
2.487606206,3.9889834915887166,0.42935729622350394,0.4197507651241335,1.1997153665397518e-13,157.51970500907092,38.47881130349217,8.51540751976449,4.293717382988385,0.2491342426220589
1.8186511520000002,1.7451069791053786,0.12214047063246147,2.548523653996274,1.5798463623204233e-11,1226.7704089779315,246.77065625632238,2.22606371217273,1.8707159948766976,0.18913740788460381
2.07507666,3.12754417534351,0.5508273119400039,0.5810719968143426,6.608425729753564e-13,199.7595372948213,42.67764663759798,6.271187193624876,3.3352857728623793,0.230756985891149
1.848767899,2.3869369465451,0.30112571899188867,1.059815252947705,1.6195555520916872e-12,216.1279828561546,38.235569968287926,4.097504192110376,2.5137827766401153,0.018011911050559326
2.261992919,3.1107197722814766,0.25206161886708417,1.2075126786402346,2.310184701002617e-13,143.4762791334954,34.72153657794852,5.693175957613801,3.2877202680353506,0.052305981713502536
2.315338641,3.4042968920086043,0.32273489910846864,0.45885343523614364,2.742242485554407e-10,3355.9300218993503,457.0251652910026,6.661904890029762,3.620235191209394,0.17464688198195757
2.3914051880000002,3.244149495183774,0.7000375716142966,0.3828668551440542,2.2195515730844434e-13,103.62359956442582,24.55722079306673,5.857773785037033,3.4257766302809163,0.4320163880876502
2.176451305,2.972114613323757,0.2571403451615717,0.39582492429326266,9.391125503700826e-14,132.00733740556686,30.311340357348218,5.400350267577567,3.1394964208450165,0.15535778750524915
2.188696627,2.5558926625935054,0.36277013515341394,0.6651381336190709,1.3195357803044474e-13,92.07997725863153,23.617644974494347,3.9713675891298834,2.692109233663379,0.1214778845247341
2.313809159,3.214846843297651,0.2943618500423389,0.5214039508202715,2.6450075292243645e-11,4205.240323932632,542.8278002054486,5.944972899668527,3.4004569808527663,0.1408804184594991
1.71408396,2.698522215943021,0.45294003864095156,0.6693695469698768,8.322136868352833e-11,9234.336307563113,795.6406257356757,5.646146946670017,2.8942718597112123,0.1497557701713393
2.309255608,3.655210854333869,0.6531450695400698,0.4328832087415009,2.412579383443138e-09,19695.444678678192,1452.1397662311203,7.700265027499482,3.925839590433444,0.37040953606387367
1.9495276920000002,3.012255318453749,0.3549666744211561,0.7715202515059978,1.9866382495794586e-13,275.16001942357184,43.665116335571135,6.190072141352909,3.2227276324520817,0.08110269649549812
2.234396158,3.846878535723899,0.5207831025821724,0.5414141396231579,5.365198522967727e-12,452.7160275770525,85.45311500876724,8.813451253646717,4.195200128218903,0.23882376716736675
2.033669481,3.0956049327043864,0.31545784471783556,0.8096680465192169,1.8461561808087766e-12,448.13212695488755,87.5902332289773,6.267951686437232,3.305300102769201,0.06004170782598317
2.485151661,3.8358839552571085,0.42507727733342987,0.4669125504901263,1.2339407218689008e-13,146.13140630837486,36.992033548199565,7.88206314624467,4.104826875751778,0.22660336161827938
1.5893512090000002,1.8520645879952438,0.09983826366452833,3.1343060665266425,5.874136895023401e-14,173.67426175655498,32.28400965110361,2.8663633381669413,1.949838986431486,0.21308541181068927
2.193017674,3.067594054937593,0.15685307428702913,1.1306299679063887,1.0026280961852138e-14,130.73160652910056,27.23262912285879,5.709447600303052,3.2461342116356473,0.02048971206013303
1.64006236,1.9402504688291617,0.053823523773444966,4.489908589537471,5.389298070089871e-13,295.6065962740118,53.87580855944972,3.049579549856939,2.0420410415030528,0.18783917793611987
2.213887036,3.542628226087044,0.5275190223734999,0.5403561009718773,8.821115382180982e-10,5955.537904266654,645.4972531385475,7.54318686580229,3.8112434779952755,0.24247090025525903
2.374037179,3.798517954859051,0.5893692821889387,0.48131896397676727,1.6150799296680093e-13,153.9358285582933,33.0490054107571,8.089546159043543,4.086931285352329,0.3056946698860277
1.798110995,1.8560965427326093,0.24357696679057408,1.0027111823639792,1.0188379476935504e-13,105.4919358464379,23.392413114249,2.5467179023630107,1.9710265955656459,0.000660381576634117
1.320614118,1.0000800254494457,0.21228814056332565,1.3657553275435328,3.1389844124883885e-11,1069.5894411028817,214.2529171694168,1.0043907787149964,1.1291558131227775,0.0776455183853467
1.6371855370000001,2.353387082232194,0.2182559189440839,0.6377125152876993,2.038018846874231e-12,500.2625796784538,79.76998677449684,4.494312933565986,2.495091634406075,0.07907138789782392
2.491200346,4.585481711678144,0.7378180092480988,0.38648469196149576,1.5272893832931126e-13,207.17042697428238,44.217794621426115,11.23633555693594,5.0779399344584455,0.45266264322020333
1.645026626,2.1770769905642284,0.2600093755714833,1.1238524815596365,1.7548890629599981e-12,311.7276500710988,43.628649660270895,3.8280393056077386,2.2944493077472394,0.0322028063932997
2.468641039,3.87667952084268,0.5604416450547524,0.34254306040604443,4.027485679390913e-13,154.15175164226534,36.916656206368216,8.104298994166578,4.158988022770387,0.3684662487786994
2.457831163,3.616711045910994,0.4074346763222543,0.7386821956680134,6.979944102276518e-13,142.4218689754298,33.792959764426705,7.084690737008013,3.8467550309660004,0.10646993502524515
2.373379655,3.3998286292506603,0.2144492056582721,0.5253586429168631,4.5544730627557386e-14,123.8412933702103,29.713646372466098,6.48231411444863,3.6057461365899903,0.101786461999043
1.866034295,3.002511514974809,0.2746620796097218,1.058806722397363,1.1728189624116916e-13,284.75361034311845,49.747135091080445,6.4239727166253875,3.2322128673150012,0.016151976668691337
2.269847568,3.3353938122154405,0.31725342864029527,0.8633401202857208,1.2959525260682967e-13,159.3628075844162,37.66529826064833,6.5227213752337345,3.5466408271329235,0.0433558153969254
1.930011134,1.973013935163979,0.3535160847812993,0.8821553689330007,8.862888183282899e-12,307.0881463854674,82.3198903358033,2.6824144154734557,2.0976929107602826,0.04165997258730225
1.5573633550000001,1.9960853929555662,0.3582417831295781,0.1961372912363643,7.359891003093439e-13,261.13114474089195,43.96343284965575,3.3977861387878248,2.100936726939792,0.2879772101788576
1.948491057,2.13965045287526,0.34943800348306503,0.9354885880541424,5.811887704517764e-12,142.34442543817627,31.16355831462314,3.124842731395887,2.2602251502292816,0.022542738992234024
2.016426043,2.510307434793239,0.45989191563978304,0.4430611926297911,2.2074228686850558e-11,2526.913215611506,382.47013532697565,4.156740114205301,2.6420414139583563,0.2561316550156215
2.100381117,3.118160723779757,0.2939364967338388,0.8321916644622397,0.0007402439359664224,358239787.7890083,969521.9228518883,6.15867694505746,3.3191521253233947,0.0493249942707058
2.430165925,3.436524717757021,0.2605392896481931,0.9469553038775459,9.984007241699472e-12,354.3117110641681,89.31242682664545,6.468744387878364,3.6404251346784813,0.013820227447348454
2.035928085,2.5839233758306963,0.3173145016222786,0.8972585188386701,7.385162559518557e-12,270.0514287246551,61.88487134659604,4.362305630602004,2.720401710452679,0.03260136189064211
2.330813047,3.330632866896979,0.24456380633105257,0.9353031597100588,5.0464902698188e-12,384.74308944017264,89.35050629914507,6.33454351744578,3.531487069047947,0.015822505518900215
1.960148319,2.709541022149817,0.1535500741521749,1.6706132137962046,1.4624253275044597e-13,185.81404983044058,37.20964071180664,4.981375005737283,2.8641507376073836,0.10297270870583555
2.385564871,3.895876868612782,0.5767940326840151,0.5116146130066941,2.876752628736543e-13,152.60734104862263,31.05005792901663,8.468434922042466,4.206263680253606,0.2816977768678122
1.463274787,1.3380186741415874,0.22766035617359384,1.2071998160828292,3.013870848375715e-13,150.8121803847596,35.80839758605578,1.6241834634614978,1.4453540771489346,0.047171183928520016
2.371205173,4.185189617614812,0.7150892691591111,0.4421593319816177,4.392160108800207e-13,190.46602009184454,37.11251169742472,9.832051360207075,4.58896818828734,0.3989058756004953
2.026456016,3.1563168441531464,0.3592794552005994,0.32834857797428946,9.892653793606228e-12,886.7468320408188,161.52315990146795,6.539204852635877,3.380950114588434,0.24131055699010515
2.048053997,3.197101567612515,0.3867344118840135,0.8232568220628883,7.817261728277487e-13,261.0024437964961,41.619354825520915,6.639150498674772,3.4258923255799605,0.06835266897402043
2.415161553,3.9629249209796478,0.31638182478972504,0.7505121689199221,2.567469681313011e-10,3962.838681571402,501.48637849218505,8.655365072266902,4.28230760404524,0.07893341525994571
1.831379829,2.1000155918887873,0.27266742202422517,1.0177758926281528,7.86139547246135e-12,371.0092137312683,87.26629086761648,3.2014258934112045,2.212843347037756,0.0048469068170978735
1.824859044,2.8379709438628695,0.375026850067075,0.8065301523989857,3.7088552301323844e-11,1308.3926739017356,207.24663837881096,5.867404350982666,3.038612865341681,0.07255638752876542
2.354527667,3.031244135740301,0.4675362364076514,0.6787821226250891,9.35353295509448e-13,119.77896997510057,29.55529142745891,5.194189064125123,3.193146533921145,0.15018099745472036
2.346594255,2.893711563936108,0.4797240167391925,0.5602475017355011,4.1374015456787496e-13,129.6719905684371,29.248581593716814,4.749518002410455,3.0460259280565345,0.2109598348385402
1.554596177,1.8292983642356218,0.28216835750088737,0.9714097574091427,7.121374054259629e-14,229.30312752334828,40.90255270710953,2.8587540323771043,1.9253086229696699,0.008067261792414127
2.202337679,3.518422877339399,0.5265802039949603,0.4316832778602402,1.4653071363821777e-06,1571690.359001754,25927.926181949937,7.479206632690487,3.784145549073857,0.2992643354781019
2.4643845730000002,4.276813642461963,0.4232856726140088,0.6778470998312767,4.778173533366237e-13,190.8057494584337,40.46635602334319,9.880586848653087,4.672596655915402,0.13636270703247166
1.661071243,2.0586944410317,0.3676623492188335,0.7871242512171684,1.6214975201577125e-13,217.01015287429473,42.50664473504738,3.3903541163180666,2.1659770968762935,0.07826639788921408
2.070822691,2.461714065394203,0.454606297742412,0.2903250757949028,1.3308348747791703e-12,125.15986306491011,33.465850104199426,3.8931858800944004,2.5916518785765614,0.32262268989350606
1.924903198,2.7116215646414408,0.39891139113750307,0.1441058764866665,1.3975691870689113e-11,981.9337238847259,177.23633073209783,5.080059407392134,2.870621786535003,0.34142591547711776
1.816609014,2.4224357436382786,0.27711138155433235,0.8719066810818713,9.338383576423629e-11,3446.7689976616834,443.803754323479,4.294182946273142,2.55445449230994,0.03549611657328233
2.049196784,3.2304406681852162,0.3470628433561891,0.9157417930932725,1.1641479520592593e-12,260.2405498707135,42.187123731357794,6.774587223659689,3.4667724256060244,0.029242892865142922
1.995463623,2.7763053543382674,0.2855825157298015,0.5409484199183233,2.385253155862477e-13,155.83924448297128,29.125397660313606,5.1373864687111865,2.9361848846775445,0.13109710508946565
3.001832897,5.117807769821822,0.5858975773867368,0.057141220684665595,0.5061165673466647,3835545.2681562207,45741.87969838924,12.539238465494478,5.755703959827625,0.5524186746186703
2.346432791,3.474925670967579,0.15407846129926447,1.8501585662306386,7.714077013862748e-13,187.84635275869385,35.14698913470994,6.84951592656434,3.6984465700998994,0.13099112374520563
2.491394488,3.9390890424493326,0.24408230170565687,1.276476734502108,1.5884104980636013e-13,152.83973182479392,37.9829594744403,8.29110775673572,4.2304149635268775,0.06748307772533829
2.298400127,2.7328441450898455,0.08245264051650804,2.604826615061392,1.5041626646934156e-14,101.69229948721718,31.036868641505727,4.32461921573197,2.8774215519823323,0.1323221919829814
1.5473693000000002,2.1327083046426725,0.3225696911793845,0.41826902489225404,1.947509409450221e-12,365.22655730116264,49.44592676320204,3.9037890685371828,2.2527888555645057,0.18764878098998783
2.33817619,3.146306568270576,0.2855094917259332,1.1932421205980517,1.130976421665632e-12,211.49573476230472,48.82557735265137,5.6350548582383695,3.3208040749559045,0.055172459631991244
2.499405162,4.478232127212724,0.6073845759150969,0.5352978947581798,1.1202366435060815e-13,195.2748718624605,43.01095745090686,10.681708009527195,4.9273965175905285,0.2822528911191557
1.7142913929999999,2.2498382439101223,0.22549157082535612,0.8924719005925178,6.274923203613545e-10,6121.261663002351,642.521428806024,3.924195783528826,2.3704910114698143,0.024246680043258195
1.9333173760000002,2.195938595088084,0.1562255776011217,1.4818853848661966,4.1484592514307757e-13,292.81743452393255,70.58545557352498,3.3171567458311735,2.3151337376014682,0.07528282258826038
2.329878188,3.324005140258805,0.2682787715596713,1.0778522576282143,2.2747964738000993e-12,415.1483784219133,96.19889843430481,6.311881264346743,3.523929584172871,0.020886108039644413
2.252925239,3.3153434308731966,0.6110352705794002,0.4908917568348447,1.2818864781885212e-12,177.54867873957693,36.29619798424948,6.492684093156321,3.5258442865805426,0.31108309311662374
2.109297975,3.6210114799295,0.4752431699110744,0.10092493545125653,3.4921235736975334e-09,27367.771410672394,1707.751359134954,8.270309477523577,3.9461856774765156,0.4272792836641487
1.873624992,2.6823336159528433,0.30115203208977087,0.9655041902449228,1.4111808398202144e-13,221.22649377340417,44.782744283654466,5.106319751536591,2.843647393488456,0.010388483206323629
1.906780028,2.591142917969825,0.42922469315923395,0.6584683302861344,5.411285213091799e-09,56838.07871417136,2890.4563182876996,4.6824764787960005,2.7356644741471303,0.14659382613709482
1.6567658060000001,1.6650780092035429,0.1662697444549499,1.3391209713725527,1.4045520985061232e-13,147.39121897332862,34.12913459399045,2.223545567569362,1.7734466395952897,0.05638555724942873
2.057617889,3.021854931464343,0.3689299561040339,0.8892575319827287,8.397865291373665e-13,202.72665247359035,40.26087619263813,5.903895045619533,3.2125681373096437,0.04085621386446425
2.490961767,4.268515048739384,0.37635924361706236,0.6118598345731042,9.763378490961779e-14,179.57632175923388,41.16328456562727,9.73755586988129,4.651301900272012,0.14608013907746795
2.387955063,4.082798526114415,0.5111800606526558,0.604150605170172,1.8736098443891917e-14,166.05739555710198,31.88071895466929,9.291241195878364,4.446549674821439,0.20235031765842854
1.765507854,2.160041256241402,0.2076591105468523,0.7428065451419291,4.573561442088656e-13,171.1912021148936,35.63113728791511,3.512744224661933,2.2727684890289472,0.053408564074299
1.340238513,1.2034258377165175,0.1626574149073474,1.725782512153582,1.9756524802959485e-12,260.97181502301265,49.45644425040911,1.4332679849133458,1.3041193372692763,0.11805390721186207
2.2343503350000002,3.464219662423053,0.3727509489605419,0.6763199461677576,4.788563015089461e-12,368.2419306435525,77.21535429877827,7.147410719897091,3.7089101429486395,0.12065204722556766
2.268142265,3.704503615657052,0.5724139590938391,0.4711383394075522,1.7009643553958825e-13,197.70232384757082,41.74413016863768,8.05229371666223,3.9995170955952672,0.3027277969526652
1.858977646,2.089931608878765,0.1925426921556541,1.4972864752490729,1.3567361774615086e-13,144.21627542471538,34.250316784775016,3.1241464284676534,2.2043929876450368,0.09574887671705254
2.504668135,3.8223211520570004,0.35667338658130177,0.2919984452855101,2.9561389639151084e-07,132807.10838526936,5330.99572688564,7.765545589423426,4.083904832707486,0.2525253122248439
1.864190041,1.857996621992287,0.37552861306400054,0.675005964017314,2.960904865524509e-13,110.0478701551217,30.70747860016768,2.4623543700878625,1.9813455392144874,0.12204455958664995
1.615185999,1.9873152336984687,0.2570883393931938,0.4738867388289244,3.489806403122104e-10,4956.136059954296,560.315743873597,3.247903975440984,2.0905812881675843,0.1352575846472095
2.000797828,2.295798253896161,0.1499665374690284,1.8881227284374495,8.763584806195654e-05,25493613.439504616,178755.80932345692,3.5036211152839787,2.4193626558152603,0.1331886904313105
2.017623586,2.5961012719089887,0.10278657417240276,2.0832030982090997,5.109947675012677e-12,2149.4817880163873,338.2873852859244,4.443107132005961,2.734111369564788,0.11133873559784611
2.089068863,3.0196725584371173,0.4322556487527679,0.764623784740071,1.0601743761492575e-13,181.56651291674308,41.34974513018937,5.807016956192386,3.204899959813324,0.10174269862815177
2.24845044,3.5288975018742503,0.6413135996022976,0.40880474342043566,5.6092814684401946e-12,217.21660590117176,38.17209585993146,7.370606454870541,3.7850604677238087,0.37914155806484434
2.278359757,3.1037897820066016,0.17430132985556307,1.7105700753816182,3.501709057090715e-13,135.2860478573491,35.31563165406487,5.627295616189396,3.27831893884052,0.12385330909458375
2.074547087,3.039698401120503,0.43596207996707825,0.3741436993227495,1.893959742167773e-13,188.93018541196207,41.46243423826845,5.925352951613832,3.2307687855709677,0.27284961460375523
1.6898385280000001,1.9837652424119674,0.2206129130424411,1.2295947267535807,1.9632702919428164e-14,183.07328679768938,41.538806846134335,3.0947991967589443,2.088401347516576,0.050651561488290725
2.36237125,4.059441080728986,0.45263178902028833,0.43977067986262375,1.1980200728111757e-13,193.5131189419306,37.98387162419225,9.284658349899045,4.4256566022714035,0.2535775994354005
2.084558612,2.5855642595419033,0.303032658433343,0.6202790937185606,4.923656618935808e-14,134.09346727604185,35.41712964921999,4.266586796031638,2.721366507823089,0.11506783569318288
1.904262997,2.6861036037525556,0.4087099437525642,0.7164619836054266,1.8357312931468096e-07,259873.1237234505,7804.56988219112,5.03857547903284,2.8438617361075904,0.11588480673233975
2.363943765,4.070958634888358,0.5254672249966608,0.2151947877183536,7.722767303683905e-13,191.50252265183804,37.75155855340499,9.331213918611219,4.440203743677587,0.412389417060552
2.387987009,3.107350519131585,0.43829027962525685,0.7324236441865147,8.816198723671283e-13,96.17725727802343,24.25741034984034,5.381861777226323,3.2745073666978985,0.11727611581059966
2.2513259469999998,3.198133407080444,0.3017771415966562,0.5996192816559665,7.502271155580361e-13,169.2217917066382,34.86954001713511,6.04598177422931,3.38898009647804,0.12082574873227833
2.11900578,3.1137090828337692,0.313395855252137,0.9568560773845677,7.569586327025066e-11,2018.6563192468172,310.97590646818645,6.087438120434093,3.3105735692203266,0.013521126526995442
1.693433616,2.3138660684352628,0.18892197099639624,0.8073617542219454,1.0230641120537282e-13,247.19434230101277,48.34243085548776,4.201527646270261,2.4432254030281575,0.036393597081678275
2.058867771,2.8287547734501097,0.37460610728775423,0.8705950388285839,4.90096478668017e-13,175.720743155369,37.78173717657483,5.170351806047706,2.989119378989585,0.04847588876814718
2.377492886,4.194764281223892,0.4102328518152861,0.6200770180342116,1.1968482754825512e-13,183.90388038685134,35.613303379478566,9.850980939075786,4.599099054704714,0.1558568883619929
2.092765147,2.3110241886634673,0.12518376550089608,2.309801767735057,4.648408850398048e-14,105.7046326852064,31.605039366062073,3.395281797399366,2.4405720937452604,0.1639659173448045
1.5895586110000002,1.993640989007448,0.3057908945161215,1.0960300361134705,8.753822731581758e-14,201.06293278082373,34.68429133852534,3.3209034616391966,2.097460532330819,0.029365110643553627
2.194431941,3.0379469902285794,0.5483934184540619,0.39640222882660275,2.1638497350141664e-14,127.69505440073266,26.60016859845826,5.596013162962671,3.2121542050839658,0.33100904510503193
1.562398703,2.1144589402132112,0.276927602736592,0.9144030512214463,6.417947640083541e-13,274.343800952625,45.22609006705209,3.8004765940724425,2.230838376099773,0.023704157826811734
2.425469926,3.519439938714449,0.564690819716462,0.13645617087568557,7.902610061080722e-11,600.0592586020124,137.46375277241827,6.797713243481476,3.737506594582075,0.48763527272930146
1.480053942,1.6375633406100802,0.23780488109602702,1.3407185892783606,1.904018037771518e-13,211.4772076001318,44.25852567834181,2.4054810735431795,1.728143127752668,0.08102454361054659
1.994468597,3.0167326411815876,0.31368107233386655,0.9051397808677909,6.532926088362561e-14,184.52370440372812,31.965896527627894,6.068733047352459,3.218227104743127,0.029755855259216923
2.163755142,2.8724337383323997,0.18195426621452096,0.9701376441511728,9.882557070498247e-14,136.04105962806008,31.823710778144008,5.073756279267677,3.029226807986495,0.005433583045910267
2.273687425,3.7221642565321473,0.33642811831760533,0.8630034665188756,3.8707324094681737e-13,196.42422829363582,42.20332292013137,8.10950974117808,4.0202426208484745,0.046089485975089495
2.454904632,3.8974234517149924,0.40021108386341764,0.4268402624344623,1.098915876998351e-12,170.3150043695816,36.17242484831225,8.236890472373439,4.188309327960685,0.22938487979797584
2.227177182,3.073562682055182,0.5611761038282571,0.5337138493755158,3.4897512600035817e-11,533.6831434519531,122.18599401915058,5.644273657197312,3.249150677061535,0.2616686452765239
2.010405545,3.0762170858840925,0.3855555204002848,0.7653505588298383,3.8123066841063653e-10,16695.993737921835,1259.5965793777498,6.260660914952739,3.2867812353441845,0.0904703874019977
1.69594582,2.3366690516744537,0.21567465777168174,0.5343825126622361,3.4870798448679605e-14,250.72020047355218,48.71764150715005,4.278407261040139,2.4687274008778095,0.10042189223408257
1.9961062920000001,2.6219053769125815,0.22115820192511365,1.1206793479532882,8.733308882536314e-14,138.7444018812374,27.32590872632365,4.580384533158537,2.76328157419674,0.02668922760284434
2.357037578,3.581528626315241,0.5983602682873413,0.5298811291273882,7.175864586273193e-13,160.87583239573223,34.4851570539954,7.243537888132803,3.824134059352657,0.281300453702278
1.677030349,1.7496554456699283,0.29104786490363993,1.1930306771826602,5.414441233476263e-13,146.47158971272276,36.670467698383284,2.425755364170458,1.855825390702063,0.056181166454917
2.24288143,2.9442127190908827,0.13448209095974542,1.6375841988675166,1.0225940336537606e-13,175.63485320696165,36.3601390363566,5.143197493565288,3.1034771583494107,0.08574365622659777
2.180678724,3.5778036520771277,0.5078355527491384,0.28764109658460735,3.005050119014595e-13,186.88858050966388,35.34739356974007,7.8105464839815175,3.8655022472271545,0.361761177471726
1.489387403,1.951992359652729,0.18570848309211307,0.7843154030262615,1.917901145993727e-13,293.6926709839105,52.59937324593325,3.396608557134917,2.055873616488075,0.04005445933032675
2.34116181,3.3278609202637535,0.44418316607145136,0.7218297944662136,2.7769563077128374e-12,206.4212244139096,42.169942849994676,6.296129211318327,3.526834934369167,0.12355852260074357
1.774124362,1.904923605579375,0.2618164830271503,0.9678197049018459,1.5704687957211556e-13,124.08088799469084,29.662099643915607,2.718727658530757,2.0153647187379016,0.00842533168537457
1.856589176,2.890417092810607,0.5219382851727467,0.5512993157885628,2.1428692857758352e-13,282.0500721929082,47.15277548710152,5.983315190788536,3.09546554568195,0.23419406567315565
2.4832253460000002,4.519292423417266,0.46377842376818845,0.4557403816162037,1.0171896231907705e-13,203.36885171068425,43.5609687217937,10.94929041398744,4.990865190564395,0.2524158679347128
1.42469273,1.6862178826784142,0.18513339708688678,1.6082995125008295,8.151027674542182e-12,1268.454642864544,205.2108098309876,2.6482323448403173,1.7740107140394294,0.1126165551955757
1.480407772,1.5742798696014344,0.3090245038355825,0.7027317780753436,2.1707954304203213e-13,195.26790029392515,42.54792203732309,2.2226264845477726,1.6664003535501284,0.09186316478635279
2.294290161,3.402549150833736,0.45706774785798787,0.6630190919614557,6.008794219463054e-14,158.68294820003027,38.742431690227065,6.715895461026192,3.621914816938733,0.15402310470831715
2.309682643,3.434698897635079,0.44756840047758195,0.3507482352495304,6.834826913672794e-10,15057.164248320601,1240.5025890714326,6.7979541957601395,3.6573434554060595,0.29058457385661496
2.158047034,3.4628586460677644,0.27715469262580694,0.7409911827573384,2.779335873131418e-13,211.40308070828357,39.602123536026795,7.393408475775883,3.727043967182283,0.07178550913026366
2.223811709,3.1337669128613452,0.4356603413393139,0.706953929045742,4.5007317409231327e-11,823.3052947393112,170.29735922995397,5.87636928190571,3.31830530512568,0.12766855130007687
1.617707701,2.262002395585332,0.12777302706240862,2.449723449591188,1.906424675744861e-11,3888.5860611863313,453.68882121806024,4.201338985147896,2.392151835663712,0.18523555355762322
2.037218034,2.9318141030618015,0.43036132141016414,0.7387841285373131,1.6136563638283514e-12,323.2923123817212,64.03534775740978,5.612508450748847,3.1101145449744902,0.1124172076159895
1.67708477,2.4112368674199143,0.20520819101150772,1.4190396904418274,1.1566040208160654e-13,278.14344301700794,50.53743524042553,4.6068879186533405,2.5567062386986343,0.08599037683758959
1.858363368,2.5295215620143656,0.39578503035845713,0.790686062743613,8.623360911457955e-13,212.3831551904518,41.40751249383708,4.578111216436083,2.670776215292963,0.08284332301146735
1.92584052,2.3451219163743247,0.1750286408986612,1.8954702230645997,1.5984706187232682e-11,658.5587048528885,140.44918127171465,3.7977921663357623,2.4679434078168825,0.15673293610821784
2.223983076,2.873444918125571,0.5972060829333976,0.4315364388643031,1.4302058552916898e-10,677.1275817554546,153.5573138614416,4.940242486627092,3.027019694975647,0.33948989663621953
1.912599643,2.665164070434255,0.4567205508663342,0.5904348130015393,7.935286454659509e-10,8309.647391525214,802.237295422865,4.938858336549172,2.8188771526835366,0.18705683782161014
1.615447406,1.9257941709034452,0.25758377826042383,1.2829955262700596,1.9837429241420434e-10,4401.61681380259,522.9620872095263,3.0494401327696377,2.026384657315306,0.07289505688743897
1.840162008,2.5277621794606904,0.40089894229024936,0.7165598821059328,6.0685234236973905e-12,315.29988082619525,55.386081798143586,4.616530656268724,2.670475806238021,0.1136308434663551
1.954015472,2.657943755787382,0.2576441538776821,0.5900948025444537,2.5345483905154306e-12,195.66195271128097,37.70530748471449,4.808477335975037,2.80647915830996,0.10560967776849844
2.248711248,3.2101180649541377,0.4811611622238597,0.6442046468942804,1.0485973468027796e-12,178.78108603732377,34.749800607286964,6.09841709111791,3.4032151434052373,0.1711949056141966
1.950257369,3.145425980230681,0.29702842981370803,0.7761750678211222,2.8914037137337125e-12,295.09112451474704,45.44084416922446,6.746972974439995,3.387667934580272,0.06648236815825176
2.506552991,3.966082149477866,0.3671406410825997,0.598934893014567,9.91686135001485e-09,49615.12755610481,2747.4159961890255,8.354409631213791,4.259935982433905,0.1472473004944933
1.991225865,2.8830086146236122,0.29610894446741426,0.32435663680651755,4.612011163839131e-14,170.2912079892351,31.52419581446459,5.551660594906262,3.0600259108306975,0.2000640431116359
1.652604215,1.7205916289395187,0.39671752693306045,0.7429951581860172,2.288682041123819e-12,165.8241143556573,34.969634478816396,2.3801955221151343,1.8253174419988345,0.10195832525426562
1.945223358,2.2671850621373237,0.26982389003403845,0.3720964959573376,1.0756812591250945e-12,175.0967281187326,33.49907468325967,3.514335585851248,2.3878304852251793,0.16942336602679475
1.9155563930000001,2.511339556275465,0.29173236802540287,0.4365012063528071,9.630370824287832e-11,3725.5926554033394,477.63354370395245,4.3784768242124805,2.646453744552682,0.16439083745015343
1.938161328,2.5641560705095614,0.2911322876204969,0.9824688836655269,2.195998882257471e-12,297.7513252467029,57.97062657421118,4.511617234533629,2.7032504063105507,0.005103874002996223
2.350393443,3.594566857163849,0.39919489577958955,0.8037374229478609,1.3543562679479795e-12,182.18467178461077,35.73556569614533,7.316965003167441,3.841377120699028,0.07834701899176233
2.286247745,3.384710992771428,0.5714978493496001,0.2701630502067496,2.5290947293765098e-14,158.89520946708464,38.60827262412223,6.6690081340222935,3.60218512191303,0.4171002471827147
2.412409747,4.030550841481096,0.5221538084283992,0.23032316243773682,2.476897327095091e-10,7857.124335343901,787.8117357561785,8.9634372869355,4.3698716927795385,0.4018896919922621
2.339822662,3.8683904855054694,0.5926718121496928,0.47337657460379046,4.267123315267143e-12,295.4867136320011,53.62497627286706,8.512395370166484,4.185764333035485,0.31211485985005005
2.486187394,3.9170897328609127,0.6573762053945195,0.23237490319709037,2.1000305390407636e-13,152.1754426592694,37.78130028943061,8.215904705580547,4.204491791860475,0.5046184733018975
2.170898599,3.0676088168306057,0.24543850373562404,0.7476471182127533,2.56640542139578e-13,145.893207497959,32.51056873429031,5.767657853735772,3.248934537079397,0.06193711371923463
2.148414292,3.4639736435958692,0.3752474296179544,0.845076173975812,1.6158272354888444e-12,252.86619121920722,41.51027644447252,7.431276658268886,3.731210505892125,0.05813476750215568
2.193989869,2.8478042515640745,0.3543505719146705,0.7912436528669176,1.4785932320401982e-13,112.34967703799586,25.043907669058736,4.918425716208141,3.000402791467258,0.07397293099742525
2.489829233,3.4038706726126517,0.5163981684292286,0.38864376885155855,9.38150323660178e-14,114.36466426385529,32.83108813876553,6.194977087245334,3.596475379694128,0.3157032380228513
2.475878474,4.157851461908432,0.44395028768398714,0.7029471302316943,3.3842643905568936e-13,174.1578379781825,39.907728170732774,9.295367111424897,4.512565396648352,0.1318767069909933
2.34677483,2.928204193480437,0.1278523955445874,2.4576172419965983,1.6719206664464068e-13,132.1156691722688,29.57476747213796,4.863046533727101,3.0826009161375953,0.18635985617635967
2.289356168,3.4419069982438537,0.4582394648037916,0.7186709986048809,5.81124862089007e-14,163.57195392132374,39.253729116502036,6.8869555580166075,3.669896378100863,0.1289160510330845
1.955201699,2.7789269469919406,0.5606710802305251,0.5534994806120058,7.792163948095274e-13,209.64224708537134,39.185447199238666,5.252998796823229,2.9442512177614217,0.25033992852875725
1.289356408,1.1513427438858865,0.11937371046507841,2.221330966506285,2.449564330343442e-14,181.92027364178705,41.396826196075764,1.3631408815300978,1.2489078370603743,0.14579480917775564
1.575533517,1.735257040933058,0.2813558594973333,0.9991957076854996,3.1630575488737627e-13,164.49733325890188,33.9661381419955,2.5382661077311726,1.8319694447194577,0.00022629235543336623
1.8435528410000002,2.0172481817579477,0.02901346871910495,9.402257609222884,2.8381814552781496e-14,176.89437985718374,35.325430608093775,2.9347477603396577,2.131269961171111,0.24377863831504967
2.413005725,3.406108857186882,0.5469221955308441,0.11521249668449285,1.2330387932675341e-09,4819.645616952022,601.7188978841042,6.399649625894129,3.6075757580535788,0.48390992389157117
1.826114285,2.956306121010258,0.3184702226907068,0.8457070550920778,1.4208356835659482e-11,1224.9064222830675,192.10027221491117,6.362585839939847,3.1854853303920727,0.049137708524430945
1.84961252,2.6339409346440905,0.4347422479153677,0.38258205548589036,4.80717428912602e-13,258.78464603320725,42.28587084192247,4.987158055889307,2.790852993035498,0.2684176651013498
2.322656905,3.87921633831812,0.5329412046210156,0.20242132765987036,3.196941846351786e-11,1257.1566809135088,216.68287662194413,8.623165753628854,4.205382448053019,0.42506253841697894
1.457244148,1.523853374162064,0.12908591009386455,1.4656209318950097,2.5924138472000056e-13,205.48728139222607,40.43214137536379,2.115278810983517,1.615494771061529,0.06010510175242065
1.837930395,2.383759472917027,0.24822691869120356,0.6203363836452024,2.00961434192306e-12,311.2696251745692,60.88898767655598,4.110451934827571,2.510766334132325,0.09424272962691066
1.632264854,2.36510591195311,0.35164044900459374,0.8410921170523005,4.161015519745333e-12,696.5811242507411,115.5192380619764,4.552679500983346,2.5094842065779135,0.055878439310098504
2.380892833,3.1660462514865872,0.5320581765303847,0.37736794135021745,1.1092302596062981e-13,102.91791842000731,26.20137826630541,5.603746017091721,3.339524837212979,0.3312764777745628
1.605867912,1.5818685489095268,0.18487263852606672,0.6298527934300743,1.752318152106454e-08,66127.15264094359,3353.909975712509,2.069614515181515,1.6890174874001138,0.06843009072163524
1.765486316,2.329158688987358,0.36413523668162184,0.49820895626872974,3.76343701204078e-13,199.08827308499434,38.42587593449192,4.084377350438338,2.454733472082611,0.18271980047380415
2.3748769100000002,3.744932273558971,0.696042731493355,0.3211300380790793,3.301768809101734e-13,148.83942589709892,32.393670793214675,7.860138652993763,4.019951404022342,0.47252250262422757
2.504130941,4.018694755620808,0.5318183307487849,0.5864220376180801,8.233010924266334e-08,214352.47529937487,7200.815375998264,8.585793046397393,4.326288887927802,0.2199483415884364
1.912299074,2.8755059819457314,0.41048211637823284,0.5544258776790201,7.005655418491592e-10,10458.698062284613,911.7848641834662,5.750094704815428,3.065140963341378,0.18290020873368942
2.064512124,2.5958444939611756,0.3681647047739553,0.21379559229777298,4.991451581495168e-13,142.65927096404806,35.00831995799834,4.342156131790046,2.7325738735424796,0.2894527136536728
1.728070688,2.7955623860530827,0.41110466073418567,0.7716262464960472,1.8288774904824608e-11,1145.047434291068,170.91351512274346,6.0108279934172435,3.011618828304682,0.09388551445483506
2.285615567,3.1071551400920727,0.4133748816116441,0.7794543859429226,4.9178532094717813e-14,134.0274785081898,35.44071632732352,5.621649739671741,3.2814382307711774,0.09116801710081174
1.765336228,2.285320082094743,0.45994005161494966,0.6866008031718989,1.7520480945212412e-13,191.94542800384332,37.737914479015544,3.9324087927217932,2.406744282582256,0.14414484276520062
2.1021807,2.9515062566560055,0.3967275886946043,0.33539701412137607,7.198404381200554e-06,1646545.5292682454,27476.825627497143,5.513257918051363,3.124126366272675,0.2636663400268606
2.049617635,3.1408464606787967,0.24713292937910722,0.5600819555108917,6.658043764799706e-13,244.01351759850763,41.06391073637694,6.402715522487896,3.356728742769098,0.10871823502132175
2.114645196,3.402696695385505,0.46517332412569123,0.6246010610458512,1.0479250530369188e-09,5590.4499628269705,605.6422933095381,7.284755998205078,3.663887956195218,0.17462557230655884
2.461021515,3.4372126709726083,0.7614302810571496,0.3266982384161401,1.0438668739698508e-12,125.57549573449961,32.32643876425803,6.390654743732375,3.6374246231355185,0.5126723495590724
1.497198692,1.835847367806337,0.19743985736855735,1.3422622585493749,2.7660775819404487e-14,254.8414753391837,49.12643337122729,2.9887864254459853,1.930975709011732,0.06757621151062887
2.383066131,3.9142048785433716,0.37999324400861345,0.8748297472729331,5.118740447211406e-14,155.70647126193037,31.842539463777015,8.557262852649751,4.230360974347299,0.047563850387136175
1.772285459,2.3802487564398964,0.476191603356491,0.647461524890842,3.1112132621455145e-13,196.28965866741237,37.54839753247216,4.249180880512041,2.5108498622783673,0.16787586170708235
1.284714929,1.321319105967526,0.21461164042255032,0.5066820617261195,3.299897721269505e-14,242.75040357885624,47.659612856830684,1.8017919788150762,1.4027720097500256,0.10587177198282792
1.673865375,2.4553780390311672,0.24811110915503803,0.8374195308330004,2.876172126469429e-13,290.96264457975536,51.38398035867814,4.7862319598263285,2.6089437575777326,0.04033802053197075
2.054372116,3.250715407442612,0.4951064698454799,0.554068895691586,1.5538482396240202e-12,242.89468042467632,43.00705060694681,6.842740070656566,3.490583023508359,0.2207833748484353
2.178641541,3.163659432813075,0.4476766247042618,0.5856141685506507,4.298037649841464e-14,147.709667387707,31.747102094886046,6.112707798498552,3.359461949224941,0.18551085034851383
1.976776485,2.5444303596791515,0.20426801280747053,1.1734162950696634,2.701241730171312e-13,141.9834172012961,31.391710782450748,4.35586413254285,2.679655564380231,0.035423401982314084
1.983903078,2.8727488585777836,0.36734549478239914,0.936202246968296,1.748965950727843e-13,174.2111831646812,33.516486389731895,5.532561237547255,3.0491730221405646,0.023435817153436622
1.745318668,2.268159227305949,0.15837813002322276,1.4668787361097086,3.1401502524825386e-13,269.66728486450484,41.61740607452282,3.917881290703325,2.3889674162630445,0.07394338117266133
2.3524890750000003,3.9013162549121754,0.34070020951655045,0.9350748582744569,6.934754188458557e-13,205.70096084810325,38.41203092598312,8.61140038962353,4.223802209889577,0.02212000938878428
1.995488855,2.812236012212288,0.368704197858615,0.7895625779722122,3.593863738528665e-14,159.88768950409275,29.494805515015624,5.271155324450533,2.977321011775022,0.07758916088819034
2.096035307,2.8530528755353735,0.17776141282588975,1.4300388894292433,1.214489817047615e-14,160.20446959819046,38.94362552838387,5.166648862948803,3.0129650456039103,0.07644432055501887
2.298295473,2.8745130415412974,0.44585118485888997,0.5452843874840965,2.5776448980027898e-14,112.52853457469189,32.6483838001072,4.784829585280393,3.026089322872598,0.20273549461405146
2.006637252,2.606604134409173,0.30856377250691,0.9007578030443139,2.034595179591176e-08,50105.44166304487,2743.8764790452374,4.503439192700338,2.745984393103737,0.030622546684520302
1.8025309360000001,2.3320468354622923,0.2770686568950295,0.7269982683988884,7.839895681626032e-07,1207685.128984097,21842.71507399566,4.010456266493224,2.455922361883562,0.07564022310473734
2.491502966,4.060306355472426,0.48266773513763034,0.5579913329628686,7.749148093309753e-14,162.36773465356325,39.15085058299948,8.808859461802543,4.382495620949479,0.21334332223001518
2.3412966600000003,3.0762658702676853,0.2979615851399122,0.7189042577834917,8.425718951197519e-13,175.41963978996958,38.63439103158174,5.3797994473780655,3.2429849015826875,0.08375573292691096
2.311324907,3.478968559685341,0.3797982046915189,0.8539657098372947,1.255072879557159e-09,9344.190721673025,900.515479876772,6.969388557330204,3.709995098140177,0.05546356122719581
2.233931925,2.6173493390840883,0.1380934176995659,2.2895546121804027,5.415112341119778e-13,216.19446411715995,60.190318597196416,4.080769294329033,2.7566663644994422,0.17807900370623003
2.484051,3.7241932551733594,0.6268990956890191,0.49555610646043785,5.292525133547812e-14,137.94894541031118,35.90584935514489,7.433022147612835,3.969902131591911,0.31623542068579935
2.259925536,2.891158372253578,0.254139442560631,1.200317859692864,9.459787691679184e-14,125.65931767240252,32.147109560037336,4.922339394097827,3.044901442120997,0.05090866919728315
2.502804661,3.990082594476182,0.29033054396450314,0.9869828961831943,2.6917698995223334e-07,695124.3233817918,15741.383393018272,8.46843569587532,4.290842041365537,0.003779262831975605
2.35612739,3.8546041375900657,0.299767339123342,0.39497481647506905,9.729670130667168e-14,188.84684443174422,37.286198277375625,8.393458629229439,4.162984336881914,0.18136678936788023
2.115241684,3.4506906941201,0.4553495417100341,0.5962006265023768,3.196771558648417e-10,5051.622388174207,562.7724620047607,7.489602436602274,3.7242934385684947,0.18386985966494163
2.3104845320000003,3.3922794243189696,0.43201474889203306,0.227186598022571,1.3098469357046006e-09,11382.933046895876,1034.9412359268345,6.628787537412716,3.6068630900101315,0.3338667877956768
2.435997682,4.093787241545769,0.4271324714051051,0.3113686652488591,1.4962032869671245e-12,329.4260230590475,68.14726015258356,9.157926360287423,4.443499241475792,0.294136803899251
2.447744887,4.169499643001508,0.4508725084289808,0.34075210145724116,5.935209564143631e-13,218.92844249235208,37.954276771149246,9.454479913839064,4.537793794768416,0.2972367536925079
2.025658578,2.924753531591766,0.34413735283337665,0.7851197572074776,2.0574593872580357e-11,833.5514692112217,160.97290985376597,5.617094103490652,3.1035836645348374,0.07394831793081191
1.6955833280000001,2.2780536762782906,0.20205391448788984,1.0072285423868166,4.1336001180872046e-14,238.48966235114025,47.511031626537395,4.067320171130505,2.4029188359374176,0.0014605552852979264
1.479617462,1.5724215933279564,0.2435441819747574,0.6371341048015526,1.1246524480428893e-13,195.21082625364872,42.49771345022686,2.2185589288886343,1.6645274079089094,0.08837387761264393
2.15156787,2.912642850764555,0.4520892449012255,0.7330842459440606,3.4903623700329224e-12,166.56360297021726,34.404492848561596,5.246300175008711,3.074944323307564,0.12066974170339084
2.134368,3.1099642207413067,0.4875297810608626,0.6794963219420623,1.6597718435383433e-11,368.69980490201533,75.86722776906096,6.029280316100638,3.3035889515166503,0.15625508799278753
2.463298433,3.6961269844577544,0.5960192856021654,0.14955023067002432,4.599677431997173e-13,143.286294270422,34.9071812727828,7.382891299621232,3.9403484269073483,0.5068844639565785
1.724926618,2.522676090448687,0.2543939835865854,1.1213426357918186,1.2694549398161574e-12,1314.3343851523146,204.88482734145484,4.90348399951529,2.6797378832825327,0.030868836497976893
2.48142311,4.513777373110112,0.40903557073448776,0.7768901704546685,2.6049818596491072e-14,203.38970363926947,43.47762513652001,10.930497824744046,4.984179758192854,0.09125985646454898
1.846764275,2.2985035899990507,0.13577467097868987,1.9306554506993454,2.811598634959325e-13,209.68446876303443,36.61682154455615,3.803594421162108,2.418826030232042,0.12635943761322796
1.294437588,1.2121532808291229,0.1567068285191419,1.408431763637452,3.142630285366508e-14,198.75505463844075,43.360911340246105,1.5050247440578555,1.3036412963432202,0.06400404634610488
1.97373061,3.1421030029434784,0.38781101047046335,0.6220835654743874,1.7002092725523448e-13,220.7893336567253,39.62458007638824,6.652781408492139,3.3768897268758193,0.14656015434677253
2.22758697,3.3902504899681203,0.429659723686716,0.37086705515066015,9.943719975961702e-12,622.0552621498845,130.0173927970386,6.866069678567038,3.620348919700656,0.2703130872461773
1.817318786,2.504079040251702,0.22481214586261214,0.8289889704987622,2.5672782456164394e-10,3213.5849856714335,418.01139549757863,4.5867417123938745,2.645907472979456,0.03844535650834774
1.952533849,2.9604515384960197,0.21801535168699873,1.1662804622839182,8.624190694425448e-13,249.4092269299854,42.30550429901359,5.969810967136329,3.159156348425674,0.03625169346350518
2.347369825,4.087829951506723,0.3092790475059355,0.7555231168388659,2.480559536075332e-12,253.35442228515993,41.18264951136424,9.47504848162719,4.469089606928128,0.07561157756129544
2.022097635,2.776610418733593,0.1690514217806167,0.9162082456609151,6.075495944539603e-11,1189.2363193781096,216.6706263000162,5.07131052779878,2.9337453270531935,0.014165115204514467
2.332999955,3.742075714371965,0.583844990857658,0.2839276418764472,8.505205147491086e-12,409.9532611627778,84.59832354595072,7.98878833513944,4.027787934776674,0.41807525938206724
2.350538289,3.270788369631449,0.538635946986807,0.6288868198655259,2.6610156286931908e-12,150.37255875717275,32.49541587185695,6.057815085325667,3.460093680517713,0.19989489922101794
1.844831112,2.936983996395995,0.3497795664787831,0.7207420454112999,2.9222127223938123e-12,360.5455135846394,47.37551668825666,6.216662803377387,3.156058604033876,0.0976787262917872
1.681625884,2.4951192620296543,0.2690951208933214,1.0131136623989898,1.3162818646590226e-13,294.6668894752282,52.344301862283515,4.919744278021734,2.6546469140162086,0.003528822568610368
2.353376754,3.3518785513127622,0.6142031669731641,0.40182501611848803,8.822037400139468e-13,149.3883433515477,32.86373682452324,6.354252186170728,3.552952559359251,0.367400969504146
2.11847578,3.0556001636405647,0.24324100975049645,1.0266716471078585,1.7677577452067788e-12,2128.2834717994883,325.2077976344659,5.8638066141277205,3.24239170028177,0.006487638374224419
1.9077272920000001,2.8052940389755197,0.43669086892099185,0.712841121723531,4.021147658159747e-09,44080.14604331792,2382.291419317913,5.48574339813265,2.982357212016738,0.12539966007292858
2.129752677,3.122402986203395,0.2987957589212579,1.0737673637243976,1.7516524555265123e-12,530.4029966735026,109.25431476590924,6.090727756645355,3.319007816610429,0.022041375427651888
2.390892179,4.175779444548766,0.36903285119428686,0.7644968396173343,1.658372859292859e-14,171.9627024292701,31.759454597236168,9.707315443658786,4.568131738151264,0.08690840274128053
1.7358670850000002,1.7405864287451436,0.08075332438928448,4.090954066848694,8.610887091685921e-13,240.95298272797652,57.59457358827051,2.3197607509613336,1.8545335556903242,0.2496048164326107
1.577501435,2.5022920205122725,0.3302695885912622,0.8931200035462679,1.6489801740389045e-13,337.6246622244625,48.251949404016585,5.27161620451978,2.686240623108865,0.03529921245740969
1.8254143530000002,1.9978291597129134,0.2209448437740321,1.5374226426792348,1.0675857194749864e-11,606.5880094914747,138.47224502250114,2.906807046678831,2.110658814420932,0.11874076182739099
2.431414842,3.9606989734870557,0.522878279815022,0.373393766607841,1.399167097104166e-12,423.598603368157,93.12028619167387,8.58821663795314,4.274488853785451,0.3276387894374623
1.951866265,2.45684507400555,0.30959734446086185,0.8701601277708485,9.65565169985039e-13,174.03244657704101,35.22291730051204,4.112902308165756,2.5860649972353715,0.04019807964728289
2.063433153,2.731972425887382,0.38131769725375325,0.8323901731149502,6.289891216823848e-13,158.91285694121007,36.782948238784435,4.812008269660747,2.8805638854871027,0.06391259322490739
2.091705616,2.5955821377133854,0.18873180739257014,0.482766736957282,4.6891249658296334e-14,133.5728268526424,35.513050764494075,4.285051379728258,2.731925377431006,0.09761836857760882
2.276215936,3.7282154728799743,0.31519118533765017,0.8858938382250439,3.3385921378876315e-13,195.98899450286686,42.360313048153245,8.126894236717423,4.027151410895474,0.03596525638417808
2.014201806,3.0262851684546805,0.35621371229448734,0.8250849784891944,1.5022862074791558e-10,5900.354062381819,634.636709011964,6.047749625106938,3.22574471480326,0.06230712914843417
1.526287077,2.008607820632249,0.3006757199474598,0.33409692941955305,2.0668267776277113e-11,1166.0961837822147,183.95521037793017,3.510218595354758,2.116001678123851,0.200220885162
1.605731562,1.5239796608291516,0.1796357893755524,0.8578896552232678,1.5040824704032963e-08,66065.95762895008,3392.2180267070107,1.92107103403734,1.6360986959391288,0.02552810396240021
2.478748574,4.216471327202813,0.4969279786908577,0.5470714315859863,3.3476161272580754e-14,178.20624509159646,40.55543356152303,9.54828078443583,4.587744117368292,0.2250728779933197
1.7114716790000002,1.874547740502303,0.19543160486555972,0.8616567889960992,2.8084561902648085e-10,8659.674932681442,861.0247888077812,2.7286640247869567,1.9801405727583128,0.027036635748747095
2.495124505,4.562987597300483,0.586455386916278,0.27205603909312986,6.854556322887328e-14,204.03959693261172,43.94124028827815,11.108881517900855,5.045021144500365,0.42690665724700644
2.122909411,2.8186032719811145,0.49959590198819626,0.1816240594243297,3.358486538611939e-11,919.5648845934335,183.72776729649632,4.979100700573954,2.9724252133072366,0.40885726619734053
2.204299507,3.047663893924075,0.3403893157430352,0.3873022531498019,7.735935835735537e-08,181462.3096021564,6494.309535547103,5.606727575986867,3.2221308755670037,0.20855576680763835
1.5157427,1.6993532979357657,0.2037581241395474,0.5630966047404867,1.8567510960009222e-10,4188.306670687434,502.9350863680987,2.5298494441041752,1.7920082879951416,0.08902261624827763
1.552828512,1.6443651789785687,0.20076576397317902,1.1937743106473027,1.9109884990710734e-12,191.39286345945277,37.11024062883912,2.312579267178075,1.7413933298270428,0.038903247515481826
2.027816329,2.7295951050223493,0.46648933019913413,0.6732472182711153,1.8163636890443377e-11,573.7680944801964,123.85418162439443,4.887327616258527,2.8804300968606453,0.1524266862894113
2.322664992,3.631933124587399,0.6092501869998848,0.5464830238431875,1.7877478525040506e-10,1100.7788060226292,202.7029094719193,7.558801477621463,3.8935995421592526,0.2763053025311603
2.415087943,3.5459062085789603,0.4924199597956789,0.19177002657634,9.27597317505315e-10,3223.3525746703267,453.5245850373186,6.929810476225063,3.770359755876597,0.39798857101894125
1.423930205,1.3879728929689379,0.07491660438671695,3.5662774153922046,8.296776195429924e-12,946.4488690910871,181.86672050599483,1.7952251056113178,1.4838062603098388,0.19225678987550426
1.9249267470000002,2.8634125455575745,0.4580781211505567,0.6267978270398784,1.3479988824184102e-11,1091.8671658855444,186.74104724262278,5.664651481035882,3.0482660132302066,0.1709557501988776
2.205891804,3.560059794163162,0.426011091947929,0.18655024297526557,4.35763766475072e-08,92886.38176371172,3966.8893848101143,7.645016156927546,3.8353838706507744,0.34653861923488466
1.9829654470000002,3.200474591740201,0.5316804836205402,0.6018404073722903,2.8518363992786106e-14,217.19784530125793,37.62988295377731,6.870129010014721,3.447401817499025,0.211693684766458
1.874222755,1.9506211532259947,0.15920463358886333,1.4142802194838244,1.9333037500237047e-14,116.80515252623898,32.58032971468329,2.6995446267196432,2.069846488634327,0.06595533054603614
1.974469607,2.507727833705656,0.27042145382633337,0.988513734078355,1.4148981453180282e-13,139.94358963076712,31.46012074972446,4.236047196616935,2.64008841560565,0.0031061327295671126
1.6171182910000002,1.351156400425352,0.18617019887420214,1.867300805059648,2.229463547019302e-11,1549.3099163707852,292.27388064539275,1.499577629743552,1.4872254025188512,0.16146556336171028
1.950779596,2.693118815341287,0.2996625738496258,0.977247220865197,9.450062310678909e-13,213.8751410069715,38.81112904109854,4.944758784741254,2.846511121484766,0.006818156357767113
1.927791942,2.352829029323926,0.16240249944249865,1.5231486889696304,7.369980378981267e-12,538.1535710748688,118.37176569691732,3.818945857252528,2.4760375599800764,0.08496065466873429
1.953984171,2.787192768855157,0.5113618191663377,0.4986084914666807,5.919285687254222e-13,215.27180533873872,39.54504313825497,5.287580130519297,2.9539868020459226,0.2563924739181525
2.268898118,3.2131066992382795,0.37089202310775926,0.7962431911837062,3.2845354842645207e-13,148.344077573396,36.242103564086285,6.055720469917144,3.403946020878741,0.0755717750438561
1.859320703,2.6868878047712634,0.47025509265816035,0.5898536793463434,1.1083057555605938e-12,237.69596121691535,44.06075740745711,5.162818061355644,2.8510470153796343,0.19287339602238884
1.746399325,1.5742024731474238,0.07304673861080911,3.570504601799734,9.960713652266641e-14,125.74176202832045,28.74631755212514,1.8860690257018615,1.705454524399342,0.18776697774554713
1.814941037,2.322720450890287,0.3803311791158531,0.8092338734104857,4.2994313827347817e-10,4475.605436489399,537.354109021661,3.951522482699131,2.445369091695941,0.07255430586115408
2.429430934,3.60286383054512,0.23013786233793898,0.8844045879629716,4.8070792127489895e-12,416.0514217497229,99.46613259515838,7.1122543869099975,3.8353687832000474,0.026602881022274982
2.072270719,3.3835073661275943,0.3522684471287351,0.5110624228916074,5.851375182623954e-14,235.45297167134268,46.06279035553844,7.349572460530454,3.6522257261571287,0.17223728103085964
1.862414022,2.597160775940176,0.5454322271249555,0.5511861172237119,3.155480510911454e-13,217.2453764356145,42.810586689828476,4.815808263724001,2.746991571920871,0.24479755564726952
2.213344761,3.333266537498992,0.3757267211795594,0.8639638415507029,3.776961755916277e-10,6001.294899685463,662.1789665468327,6.679583950440084,3.554561309487614,0.05111241977601738
2.244817193,3.313438009387682,0.476582563506517,0.3426548142059632,1.2504593744486116e-12,209.4013028358736,36.12947434364639,6.508493325364505,3.525000746027974,0.31327925375438975
2.466704992,3.820703973523055,0.7523072535658185,0.31431063499395434,1.903390744429368e-13,150.76772880945435,36.28358818571738,7.878106064853699,4.090584799179962,0.5158490829869883
1.805606888,2.2055625446250025,0.27841938983661174,0.8534475405286541,9.71235906606507e-09,92685.04790215296,4062.559607787187,3.5811695897556968,2.3207016910011404,0.0408030463450669
2.2553835380000002,2.865222525468589,0.38214574258665085,0.8665104176729331,1.2637952510210299e-12,128.6112389473338,31.553897323933572,4.8441010393677955,3.017062633260995,0.05101247556595884
2.044248976,2.1469730204677497,0.06196535429763987,4.676975814434204,2.0184162487651296e-13,129.86239703231743,29.257386440026234,2.999534672385533,2.2763957330642066,0.2278451090852684
1.821279136,2.8753731892052534,0.31956847661967,0.7220869084722848,1.852450475949307e-11,2180.105847148954,301.40713762166604,6.03478488147433,3.0856179063769678,0.08881226329217484
1.709107494,1.68130648070654,0.26489927891873916,1.1484809598778147,2.2915985754786818e-09,14617.821301962415,1261.445733337689,2.1980927789459646,1.795784145671809,0.03933249920479537
2.294194802,3.048534095355761,0.09196545249587362,3.221170240789773,2.725800378259087e-14,127.39946048576132,34.71313786244078,5.391321923612085,3.215355943664722,0.20427092626460003
2.409800664,3.00200745755843,0.04730631974622906,5.681567728494527,1.054581111363965e-10,9324.530233868347,970.8943288320309,4.977788426793365,3.1602809339820452,0.22146773987778934
2.282070637,2.893080408772139,0.16734470482441777,1.5996652839476144,1.382959087504435e-14,116.81702107418515,32.97428755839377,4.8812541036315,3.046311239035156,0.1003508099356642
2.455171514,3.193665656423259,0.2108648468496207,1.2907823550417592,8.310788543206092e-14,114.01551917411935,29.659664358638246,5.530189905028929,3.3655728491750896,0.06131577676245259
2.172192403,3.254004680081894,0.2145817164178868,1.2851305246970006,7.310300603985178e-14,162.6442184519894,34.189569490183814,6.486005778340861,3.4676799889009295,0.061183797392615064
1.663520901,1.7674621363687986,0.1330881836427466,1.8620639715046599,6.205696000623857e-14,157.4054139769155,36.621940357699756,2.495328107101914,1.8714588363679023,0.11473052815140763
2.426724539,3.4084398087405963,0.354084276382731,0.6728689263453371,1.2046531483400919e-11,488.4499406946737,118.76349784403433,6.37241169061935,3.608548077220109,0.11583196949731717
1.964432238,2.7994594399940333,0.3841916001206787,0.6303635675552333,3.6372011339634597e-13,189.1581661221186,37.50259814494595,5.305905289049403,2.966737729007494,0.1420112124438541
2.431566123,4.478178543101894,0.5597259680712589,0.4084368810979897,1.056624531286254e-11,534.9669509410833,104.03711197098588,10.978304508105625,4.959558768061882,0.3311132394026809
2.127436533,3.0718431415191705,0.30490011112800675,0.5572201406089353,5.217817322116776e-12,640.8066846412091,130.8505434067213,5.901467010152498,3.2600052718381676,0.13500362833357882
2.485778541,4.155046284024234,0.42199419332049104,0.2621640125290779,9.834141364643485e-14,171.31811466228262,40.07421433701852,9.245946435959766,4.5055192172016465,0.3113625023356197
2.1352096879999998,3.463042247044575,0.39993265252899146,0.8245525462544743,2.8308895291612254e-12,433.1427129108033,79.39492595473705,7.473079872877628,3.733916748593356,0.07016716555590563
1.552072769,2.044985156480532,0.21577519625309016,1.2905625735583315,5.235997075416896e-13,300.4752508943025,46.331013468778046,3.5784177230047587,2.1545067147931647,0.06269619633335194
1.558801769,2.0538497978341566,0.4626004962436595,0.6650756027370964,4.1340453473297774e-13,270.8292968576718,44.86969577396491,3.593977623719134,2.163856151477489,0.15493619237792777
1.6414625649999999,1.9989124625636547,0.3211089035796903,1.016636233307863,4.274321166906882e-12,296.22506446047487,50.522347494571406,3.2340457523530044,2.102959161496063,0.005342042637183797
1.794105432,2.4313600870084415,0.35432270522806825,0.5876730993166912,4.195784418540852e-14,183.12430398599759,31.942414973103713,4.379724707588456,2.566131149121068,0.146096782888415
1.6208013810000002,2.0290755932152473,0.38440719959527253,0.5937184758521106,2.931201422150389e-11,1858.8990155952474,282.74966387282063,3.3742713416549455,2.134805058017088,0.15617754294498926
1.8844876940000002,2.744021465263322,0.3204275603470308,0.8791597127540748,2.746308220614392e-13,226.12430979547972,45.98916008735358,5.313221773391589,2.914048018383647,0.03872055843384625
2.415567767,3.718123260723658,0.3877282750909722,0.7039060017975032,9.610428843865424e-11,3200.7431667927353,443.98797700347234,7.617784612088205,3.977033333507104,0.1148040151878435
2.176742978,3.504572763223254,0.41662426968565247,0.7660556117732956,2.4645288511470523e-13,183.22563931828319,35.665781492739924,7.507628636395364,3.7740520237683746,0.09746690989200746
1.739845966,2.1360092607553227,0.20376638682405543,1.6440890691541878,2.2133344840129074e-12,294.3965827347821,53.46971155626944,3.485528817837063,2.2474478542695415,0.13124370241441805
2.119152506,2.7559395215340308,0.08546282494365894,3.8815619854603787,1.0790935730118945e-10,1543.029881559307,270.51472006244046,4.768567601265422,2.903750331266697,0.2462664275277026
2.365763795,4.317249962602961,0.5499695615318214,0.23501244197910207,3.215041226353299e-13,211.71025643003128,39.60964887825987,10.486371444699994,4.770479791981184,0.42071987186205206
1.5628427230000002,1.9698163032618126,0.27760488879441875,0.9567135917608176,8.072911857393798e-14,236.8928269143447,42.018708177613135,3.2973717930068625,2.0725379691060977,0.012016518545548027
2.098131602,3.226375004636736,0.5435371586653781,0.5492731563770179,1.6359038919787902e-13,204.1038667174917,43.96935760256905,6.600624211783983,3.449927485011491,0.24498678791704986
2.12111984,2.8165453351096423,0.18506013677664268,1.2423591121717277,7.331909524011532e-12,1182.2425468723525,221.41297308462575,4.976007557805486,2.970267581604954,0.04485101044756562
1.997518564,3.2921542795199232,0.20368372780254548,1.20100271609022,2.035012691787875e-14,217.96063430705274,33.8117159013588,7.216408844193968,3.5591509062467632,0.040940982511692675
2.499273208,4.199753841532095,0.6118616970477245,0.16598827195872146,3.9071765239062204e-14,171.77944174165935,40.34036241230277,9.395028173654373,4.558616454543713,0.510299831277042
2.392163589,3.072665462320142,0.15846638230020332,1.52469940456951,4.076818230647098e-14,92.74336017873298,23.094878562909383,5.253197604135773,3.2365711413552116,0.08314721643720102
2.293803551,3.4437320591860403,0.5084282899921357,0.6697977412482063,3.8865548993369527e-13,162.66886645379168,39.22040662184391,6.880909996322585,3.671196243338933,0.16788416976871517
2.206120535,3.404196732707875,0.576160593296696,0.39601948368556394,5.95697897673313e-08,75379.14180839884,3505.728268319941,6.98953699151021,3.6420343053851925,0.34798977261937025
2.135884514,3.342129463993748,0.5660817917309041,0.5004773631703517,7.847303076266916e-12,387.17307188158236,72.95361839319844,6.958150651359064,3.582835721469312,0.282770669266673
2.111760758,3.4990106348846903,0.37697487557513676,0.8286769160750858,3.8018966020474937e-10,12019.554494364558,1001.0995238348661,7.713448590794645,3.786998275312805,0.06458449824574325
2.415660793,3.610351101618392,0.34004030686993353,0.5907990594418445,8.069517525410092e-10,2959.9298839971,425.5100351105265,7.182297214948744,3.8468642008371057,0.13914481339886062
1.482117967,1.5312800275433824,0.339266193930147,0.9192190976934078,1.8966146314992383e-13,183.94308994254794,41.37966481575917,2.1004558052372313,1.6254503588647993,0.027406229267800564
2.087098245,2.590690971731486,0.2195517166804357,1.1885777003333522,5.152038997182303e-14,134.0693320122761,35.48663220795567,4.278323795031369,2.7267804456988682,0.04140255783583627
1.984335598,2.6282695527107256,0.4435156296958942,0.09221340187524626,3.875707449491841e-13,145.52762821288727,30.553593617049458,4.629947532731521,2.7710315668305947,0.4026175446967938
2.103280548,2.8967390422940764,0.3761795816034523,0.5948747245039723,7.959513203298856e-09,454605.15809730836,11769.720951788308,5.3077924903509315,3.061566334187817,0.15239985663307903
2.382152647,4.535174059375317,0.39351013499185367,0.7490245326023085,1.0093050664197034e-13,209.9065543807705,37.16360651480465,11.492172612828565,5.065365205115841,0.09876139005530915
2.080244508,2.9238704370878716,0.47251814302587536,0.10513580715222974,3.3406467735876803e-13,172.76028547308573,40.01237802761189,5.467428264306347,3.095131630896418,0.42283956666477723
1.7693975210000001,2.7873112566920724,0.20894631777859468,0.8244780480842474,9.019905988198338e-14,275.30338591000805,44.841790385422115,5.836317461192172,2.9899470033152635,0.03667466554210805
2.41343319,3.765857612717578,0.2922626873699429,0.9083052100834085,1.1361181640252918e-10,5304.41363037683,620.3214823932875,7.82150758438908,4.036017837964847,0.02679896571884538
1.612859248,1.7657523135352746,0.20378436121265467,1.144535477764512,1.4420386710774972e-09,6730.62116960907,715.4136183146933,2.567714221847217,1.8649874689835535,0.029454070008806954
1.6363422810000001,1.826685533346716,0.40981512895823635,0.7430356368173382,7.894249952429902e-12,315.9738063382166,65.76161705029666,2.709099121139746,1.9270309499666358,0.10530788363537363
1.750576154,1.8053497310789262,0.1575278273323253,1.634784209775588,1.388696655461699e-13,148.80178256711304,32.33288111393471,2.474715029245768,1.9173133598807242,0.0999961773908154
2.460726528,4.067242510813879,0.7250003184634832,0.312732941076826,9.452326067985374e-13,176.170913100126,38.22994062942803,8.949205806410408,4.4010287768076335,0.49826883658876264
2.093612422,3.0117251813077064,0.288049974706904,0.7812585406509288,1.6087223509127038e-13,179.2660914736886,41.17022207565158,5.763972617268984,3.1949295647768796,0.06300847183285124
1.544477497,1.500692808420132,0.3034340290252917,0.82329498456281,4.434071420082648e-12,197.39783746940782,35.314021215075805,1.9364914467428027,1.6053664115166133,0.053618314783082904
1.940364999,2.8422794460573035,0.31091419631449,0.985097642120574,8.317937461718825e-13,329.59383995974736,55.26136743295404,5.537136245739787,3.0204850271708787,0.004633354623272634
2.387823405,4.021104355564753,0.5365123928092675,0.5048475842798569,7.988230523467663e-14,161.15503516623656,31.435084708108036,9.013064244782376,4.366183953182377,0.2656554073633032
1.939720839,2.8820200220649577,0.3062631382689227,0.5016937885264957,2.3043843165148063e-12,348.7981295569331,58.530087256298934,5.694942034323098,3.067684751290603,0.1526128241447729
2.4162910650000002,3.647610970131745,0.36831881891101104,0.3202526989075435,3.147966152979015e-10,2657.3217003212167,394.10606894329845,7.329408509891303,3.891442516030959,0.250363723096321
1.677500245,2.2806649870819733,0.2989762215547614,0.7103582439772314,1.3757324254195938e-13,248.57517273901001,47.80765407846655,4.12044340253147,2.4073547733390837,0.08659599782017341
1.851345228,2.299924240274764,0.2636644881878923,0.7351663406415573,5.59045163726518e-13,191.32602434262384,37.08466537107688,3.7989652427209326,2.4203008358540923,0.06982723124967041
1.437239197,1.60462809200619,0.15240931620541026,2.046540748855613,3.4248198022584933e-12,390.5085055900608,70.31282033808588,2.377598223817366,1.6922665603659492,0.15950255991418194
1.712025009,2.193881656247672,0.22342804949931877,0.8695723844313901,8.114196496915295e-10,10186.837234952078,910.7762527568419,3.7363216108628747,2.309626988271644,0.029141187747341507
2.405582608,4.3723951622200286,0.424555853418613,0.4261160749327176,1.1380353881138522e-08,117189.87153721273,4578.1176465249555,10.578110499729883,4.826813208033988,0.24364577957016345
2.199019945,3.3882789424175592,0.29258830589461643,0.805415563170268,8.414747192996538e-14,157.11860831696316,28.30016173699961,6.946556940024457,3.6242309429719155,0.056933130725469294
2.02685823,2.9490012385363538,0.5500877331603263,0.5738970406738302,2.5540623394106317e-11,740.7167209163468,145.5690956270404,5.707268219070924,3.1317974312287267,0.2343940109886395
1.882623165,2.3334753674547533,0.27560212424291064,0.5126878848251398,1.1090981923357903e-13,164.09779210881703,39.10525931093998,3.846075305274852,2.455654474036872,0.1343042541114974
1.716732005,2.0632128592248145,0.2872455489378151,1.1626093363613763,4.983445295990221e-10,3086.3016951917934,416.43914245765274,3.295513865303104,2.1710807187505465,0.046708808085537346
1.772138913,2.521145284607625,0.1904173360528355,1.6398955796794161,1.2695204616475503e-13,220.45458870472874,39.811485701002034,4.767515551063802,2.6708167892558103,0.12184721163453938
2.248504824,3.176302427143703,0.6319392806471724,0.4529064300850062,4.3113088754364035e-12,175.7787677426503,34.363352559706,5.9711557438137035,3.3641540492202218,0.3457299170187747
1.4605065320000001,1.607305089407836,0.2689872743266271,1.085371409363516,7.498413515231348e-14,221.9509869499313,42.86035540065404,2.34811608393209,1.6967478653495527,0.02296382271011488
2.136722944,3.246565527615246,0.3058152272339047,0.5547726101379361,4.983591809679293e-12,348.0467578824846,66.73126399563114,6.563352938080764,3.4659859762622514,0.13615731540142534
2.454434947,3.2496810842457795,0.09762551615069803,2.9804596206843064,2.92080352187617e-13,119.0605952193991,30.12622263752434,5.727594490590502,3.427165310616413,0.19334339268492107
2.279148964,4.019458571703369,0.3244259337028623,0.29803991337124697,1.648344473601687e-13,226.5690496785123,45.75460791423615,9.434096165233315,4.40626224732801,0.22773405652667533
2.192368629,2.984578440216701,0.5258195893432834,0.5241512641520352,2.2471430190009376e-14,123.99706779345166,26.660772158591545,5.406209405407652,3.1520207087682106,0.25021058687309744
2.098005809,2.851719346018007,0.5422601745227212,0.48565986909254655,5.493756389429347e-14,159.49064168322948,38.867547848942166,5.156973738479253,3.011284809703053,0.278906169149915
2.08197354,3.2633796157032346,0.39055098213146056,0.3632953543674563,2.13878718722463e-13,214.5497197945943,44.68270649068809,6.805223825866248,3.4991860274545434,0.2486656246794535
2.256889076,3.0364380340937616,0.41112379016119127,0.40724167974083114,1.4513791915650917e-13,142.20332435825884,33.552270558792195,5.4367233500579975,3.2046755140491046,0.24369704727453076
2.49294046,3.596206332457309,0.5643758129756645,0.33599682606379544,1.879745959947935e-13,127.12382000840957,34.661721034251045,6.906229729203758,3.8169046628236756,0.37474733110866704
1.946137266,2.007414889866701,0.11345565990784207,2.2578102952091545,3.6791484345091934e-14,133.53088427684241,29.54449621895245,2.753849649256471,2.1321907921979744,0.14270569708183228
1.936788128,2.99225048592423,0.28298767717157775,0.33033785161948187,2.1094766207628147e-12,436.4302394694058,74.515629813089,6.1481692099556655,3.2012492875608256,0.18950613585993126
2.138683481,3.316284012087522,0.32018275108513944,0.8285353978613876,6.201317874848898e-12,327.5929751897861,59.41762511596323,6.842012112101134,3.550389419655236,0.05490000802645978
2.492023832,3.222342963100733,0.59053095840539,0.32499707076827594,2.2056295948423125e-13,102.19312637630956,31.06682540680663,5.546958614903084,3.3951384410209107,0.39861012672565566
2.304541117,4.210567459844839,0.3225377994389952,0.6129486049437585,1.1449221224601845e-07,244890.66913243613,7339.948559321133,10.238707836544584,4.653784998046852,0.12483870523123333
2.365795957,3.2365728429919307,0.5720507823899862,0.46519345841350757,2.8499954705325165e-13,118.95245959157756,29.68915007795438,5.893533016276269,3.4196541232520263,0.3059365005418357
1.995252916,3.0820924573198467,0.39076705171397585,0.27671581531457917,8.307447797386525e-14,192.17130413362497,32.40237647641283,6.332058864441466,3.297349922216232,0.2826356284008687
2.358784118,3.2762799398309523,0.3874211374908695,0.3402559094748058,7.511164966766713e-13,131.46713273472326,31.26121572883059,6.056959200844785,3.465417463301338,0.2555988060041499
2.412581322,3.585357392500111,0.3217099885061889,1.0525749963920141,3.190880138310522e-10,5946.7627843921255,680.3782729341734,7.092183867139325,3.81761225922791,0.01691390148498778
2.311701548,3.4470340078464825,0.5831599130479268,0.28831124520286683,3.5209730144772773e-09,8255.859184359502,831.9147550205578,6.840917751135063,3.6716777725656056,0.4150283523646835
1.996706894,2.3016999980298194,0.2529198746854917,0.5907520753360739,2.619231186136687e-14,106.75691642997053,23.8406968549189,3.528862349881784,2.4251352267882846,0.10350693382129775
1.910103586,2.8674276909087553,0.3811610101789478,0.3803155676827039,9.912705799139297e-10,19592.65037972661,1384.2042962624796,5.72435936787812,3.055884384339126,0.2361995442142284
1.7171805500000001,1.5944322690213886,0.10789605403870409,2.191965431937292,2.6902126667813164e-11,1691.9220916720076,303.43276816128207,1.9675903542385789,1.7181631984562713,0.12860836665657333
2.361503187,3.6200867618652803,0.3536922779987751,0.5127934521370935,1.2969429581021929e-13,155.354848484274,34.03748614113241,7.386366465153815,3.869909272576875,0.17232119376955066
2.489500915,4.9604536140852975,0.7431597717651481,0.32197113665185745,1.4368088298318613e-13,242.98334927747644,47.846496265702974,13.158111509675868,5.6116041135692925,0.5038837753359884
1.805687902,2.611700191945847,0.3016153191032124,0.2663830811503074,3.3952620370754114e-08,124260.99337141047,4670.156603784156,5.0212687282546895,2.7712089832292772,0.22127010107836548
2.055656701,3.085502795160646,0.2880205734899259,0.8133911750800826,3.467553596015524e-13,215.57686592335114,40.9389050318465,6.161047472355841,3.2886732929354268,0.05374718077171578
1.594781704,1.703236532085877,0.25081805056007356,0.9976105107987953,5.917933206299302e-14,143.84937776694863,28.148603387292248,2.415948061584417,1.8023969067512344,0.000599327023280527
2.127361224,2.6016786072316234,0.4638765902830722,0.5809939117963868,1.2168105494567517e-11,463.2360819888711,111.55751938674311,4.2333533820309395,2.7382866088988376,0.1943671155037403
2.464018017,3.755492862331707,0.09161919756771977,3.1891058417282325,2.263247909963519e-13,147.3855749824757,35.51181665243287,7.6197423333296905,4.011752818398621,0.2005641206099484
1.867692161,3.0797466327358127,0.2507669697101214,0.7467722479432232,9.764408405798409e-14,297.44413351525986,51.13022009217945,6.752759559327078,3.329527429359741,0.0635011560297839
2.037556938,2.489578814787981,0.2168137178637844,0.7917189298113183,7.500968925979918e-12,228.9706601277589,53.09338652997848,4.046358095964266,2.6201259203080456,0.045158193188255896
1.438009366,1.6490090695880482,0.24501964993415598,1.1647058390482368,6.449020366570438e-12,395.96650523093695,68.43444157954397,2.509615529262962,1.7367304800878118,0.04035616702571043
2.161697993,2.8721042195705873,0.4549751105596504,0.731774003237426,3.893873574672592e-13,139.016462882305,32.19791249726858,5.077413486762627,3.029003582380761,0.12203615253202454
1.8981492590000002,2.6772357001982137,0.21119938421314788,1.0932662155539776,2.1566163005528914e-14,209.79955404807555,44.5786916966875,5.021396086366167,2.8344332009525193,0.0196977672928908
2.212875747,3.021848657302723,0.30682514183852144,0.9320541340156417,8.374122258373558e-11,5539.9375711558705,648.6092590334233,5.490932492139637,3.1920762601490167,0.0208474999679919
1.978866478,2.7628169883450533,0.16520516423038115,1.7722734302812313,3.6047864002240644e-14,165.3698479813386,33.55503605550816,5.130252375247286,2.9227238615874787,0.12758355888037062
2.165140887,2.5348563435105267,0.12228987622010079,2.5637999013253525,1.9443435208934738e-13,104.51968578141827,27.854690263740423,3.9487402070467326,2.6697469336135575,0.1912368963660832
2.079340622,2.7722052589324075,0.2744557303331023,1.0915126864039766,7.32082267125831e-14,155.5630163781349,37.923026425194195,4.917061910785151,2.9240307345299934,0.025116181181747577
1.97925159,3.06399871889313,0.4108620074552863,0.40252835159565215,1.9871401363590978e-13,202.951944288451,37.10306523922948,6.308515079865361,3.2790031395303245,0.24547840086102934
2.486246608,3.3619738419000096,0.38751365141396,0.7132600968660804,3.6532995876316407e-13,112.09139851080322,32.42728683089509,6.052108495205534,3.549709879001111,0.11111562686951038
2.099557748,2.9524670936239463,0.3677844821822243,0.8593662407271887,3.211741600145032e-13,170.46709587442007,40.18627951050447,5.523703388877403,3.1255506144250593,0.05172291433149051
1.485535276,1.3421555345537761,0.13772525442047237,2.1982076284899024,6.623654169126291e-14,140.13427128924678,36.23671565335908,1.6099602986954646,1.4530683839606033,0.16502345048232261
1.7646751630000002,1.7028931212086227,0.3092129709695197,0.9913232311792801,1.1129938754099428e-12,107.27817722368181,28.235399648303773,2.1842471815477467,1.8238767499929986,0.002682969465470475
1.8728826770000002,2.5852461059230984,0.28818895665105454,0.9653816656541822,3.4404372366636467e-13,205.92700510628273,43.13750133910644,4.7452306769730335,2.732297648563846,0.009976621656118623
2.444030124,3.831331827956016,0.6694678725089078,0.46126588818624764,8.813215520674014e-12,203.68669087320532,37.035778730905974,7.99512253428533,4.109169287639473,0.36066517968392886
1.448699751,1.4883675842843322,0.24991898262735943,1.372280744533695,5.638448519618051e-13,223.15858358396565,38.8179665301442,2.0296360290075115,1.5807541399152352,0.093040024925617
2.107873737,3.1208249475513754,0.4125184655025061,0.2476736076727292,1.3339009664230572e-08,34499.06054114406,2087.5277504179803,6.147413025816632,3.320962078983877,0.3103485289198821
2.232068769,3.4947800995752023,0.5338653220565321,0.37419635934509704,3.5752202519249647e-12,441.4179297653254,92.67016343838787,7.281452043976798,3.7470299562254406,0.33409486216238005
2.285612051,3.995279987495846,0.3969075149440367,0.8292394858309386,1.6012049394888717e-14,221.59752074120289,45.57082669909597,9.294649109101991,4.371286637218737,0.06777613132940813
1.7775619260000002,2.2391527760526624,0.18882834704787418,0.9300817698874144,1.185033281320197e-13,167.65073807253253,33.99255947427176,3.749194131358843,2.356524707092834,0.01320254382067243
1.748933739,2.396134407751172,0.22380044348269437,1.488887041029151,2.6406875984512686e-13,272.2986946312789,43.2501653617783,4.363461670729069,2.5307195928462827,0.10941313659526622
2.097543212,2.606526426929002,0.44758898293137783,0.6193159706496096,7.255124020563181e-14,133.3554624169678,35.5389023864742,4.309246807828503,2.7434772171373014,0.17038997751516
1.3430312660000001,1.4188670161365946,0.18241775264283172,1.7320466692261014,1.102397377183027e-12,323.47418900068476,48.40253056940699,1.9882656827998895,1.5024124494146158,0.13353830822989582
1.716876649,2.181865585965839,0.3032117663817015,0.31578244138767053,2.585354490799171e-10,3356.6249078073442,432.04679771845286,3.685146429568081,2.296526179899952,0.2074628145362198
2.069921692,2.531275882874383,0.4234615098356001,0.8074656715601476,7.194262762795829e-13,132.70890615182063,34.378418417872844,4.118100150178075,2.664099059985368,0.0815308774163232
2.3428071360000002,3.261108156895881,0.46699394303986985,0.6952336952616249,3.943824930737485e-12,185.97289498140125,37.08786716399793,6.041841815104066,3.4499344801791656,0.14232401835546432
2.389780678,3.0542876625763453,0.412976497404017,0.8094935061052192,3.213421907276259e-13,92.33493144009776,23.466306415982203,5.195721583615448,3.2167716529536277,0.07867470458138631
1.724954704,1.9892384140232942,0.21036783391291364,1.4657217326785728,3.345665451177269e-11,814.5135490655402,161.13145839316866,3.048937135678427,2.095464674345003,0.09797287210976036
1.385372007,1.5489152345048323,0.13403970256547357,1.2464673612264991,4.862991560608078e-14,212.1888915261967,36.65800750814948,2.2972373474809196,1.633162366098117,0.033036411790897086
1.566636066,1.857586605012021,0.34089995381372307,0.7912702733038998,5.92052272053037e-13,202.54821825514742,38.689552870460425,2.925255969914982,1.954740262387805,0.07115595419025161
1.78713482,1.9337355525441124,0.31342955814199974,0.849783984420154,1.2288369853414419e-13,118.94603056676492,27.13331996626451,2.7812046428955033,2.0445890775967457,0.047082139389042876
1.9881674660000002,2.840931342113768,0.49807332482603733,0.5721713694867513,1.9486977375310482e-13,167.2527657683499,31.94840676150089,5.399083416824569,3.011456206610421,0.213090028455504
2.227292205,3.4123130541929205,0.46363425279135984,0.688427330173492,2.258741340056446e-11,649.8603971893059,134.28531271179799,6.956637843728011,3.6471696724227707,0.14445576196522208
2.345890859,3.1114688268790403,0.5386131602395456,0.1882112855769398,6.313368068206316e-12,152.98244408119547,31.54198997488472,5.492877017942463,3.2815192779401086,0.43724008492220245
1.946247266,3.294724027865145,0.2670608683613445,0.660418477439289,2.0637778000785097e-12,358.55112417357026,48.467323936888356,7.417875076933699,3.579963532932798,0.09068893629453098
1.631003109,2.244882094099212,0.3110683837981106,0.7827243877190185,4.171700407432991e-12,694.6796644512308,121.15273957148075,4.104725682371887,2.3712992177140624,0.06758757355098982
2.486697895,3.8456507732839773,0.42098929899773385,0.5814337590630454,2.848881208597878e-15,146.57711796050555,37.09425002684709,7.917334812694915,4.116406429852574,0.17621190835616507
1.666213696,2.103820401109831,0.37166309790504537,0.5800950299352312,5.820566863108868e-13,219.82742845305725,43.73734917205759,3.529788095057419,2.2139712578554165,0.1560631819999973
1.988968346,2.7982968583377414,0.2738176919128368,0.7752152916974048,1.0810298819228117e-13,161.76284699563138,31.24296627954789,5.236139923253581,2.962134066385813,0.0615500300047169
2.455017783,3.4892197070430884,0.40315612355124547,0.7038510268419569,4.872996953600807e-13,136.33069871973828,32.39260405782934,6.601533308490323,3.6980016577153005,0.11939427201207853
1.866041319,2.6291066658233304,0.4224871999470704,0.7990461336927928,4.174345473837268e-13,218.3242237911899,43.560722603949316,4.925486191358951,2.7831564322011224,0.08490043629466992
2.398377095,4.119903137933921,0.6146035297311152,0.433522176166212,6.253243578215425e-14,164.19233401973753,29.109682287518215,9.419776239667875,4.491267341107144,0.34815927004264696
1.854552837,3.1670573229204653,0.41389789406099486,0.5689977946824437,5.129348037705107e-13,346.51495207831766,51.44607260376326,7.191262152331522,3.4468964944344904,0.17839090511658107
2.284108328,2.7649416975278243,0.14009973444469254,1.2819577528872703,4.591124182621598e-14,106.36711136839415,31.530649899820634,4.454466833593099,2.9105133769297495,0.03950220630412882
1.904929266,2.5331212519525774,0.44915148576506997,0.5935302932859433,3.800364735029899e-08,147282.09962277344,5462.744399848271,4.479436894024343,2.6711075859859,0.1825664726891108
1.5359810820000002,1.8060547341313693,0.1556590017740225,1.0562500256697192,5.058020695574408e-12,420.4145681101407,75.70930322281342,2.8201742944069403,1.9008491853339358,0.00875582284551163
1.897446152,2.923097061458629,0.3968145920629668,0.360104219457907,3.248772343842134e-14,250.45792125525645,48.70360119804183,5.988232191704401,3.125863723724332,0.2539199831186244
1.830683338,2.4436684730343887,0.32581245903664113,0.24058244065009138,9.997138503584544e-12,532.460446427847,107.36890290775686,4.336569504031012,2.577054625219958,0.2474277024473981
1.185264788,1.165348166939282,0.14942181413096853,1.4313254626415859,6.820885125849518e-14,224.23103811875376,37.7092393794703,1.5170783622790127,1.2436608544315155,0.06444943310878506
1.635483575,1.6726058009941873,0.34130143373829314,0.4927799528639072,2.4469298015065878e-12,278.8433816968819,64.08359561307745,2.272528806412539,1.777741511680183,0.1731149293083531
2.144653176,2.8602157017539476,0.5452603527355057,0.553861795908773,4.657594861797738e-12,191.83165477777732,34.8308844551811,5.075407476097347,3.0170290463210483,0.24326147453156743
1.100646064,1.0733859874655687,0.09202922379664472,3.1492834178779447,0.0006248755607427666,114954639.01343262,421817.81378553127,1.3850047234141143,1.1466137652690502,0.19779688466630682
1.7326349470000002,2.4256712933134614,0.20937687698730617,0.8062347324805451,6.7969631934405724e-12,581.1652068302924,102.21554204168248,4.513578360845544,2.5660381682944937,0.04056996658183337
1.443447009,1.663677870877705,0.31625708793559243,0.9725993814987929,1.252647018834348e-12,321.1796818933673,47.84468001857854,2.545003244042398,1.7518506007595618,0.008665639814825876
2.375691282,3.3172966147531646,0.4113913902594259,0.48382658848512416,1.6633103085195666e-13,116.21329936918596,28.530842820935934,6.165411275595504,3.5102774138203667,0.21234929737805552
1.9982051250000001,2.7519573913023945,0.2676561706972247,0.82108735293088,1.2938309034008933e-13,152.052663770387,28.058857343318195,5.040747159598823,2.908214438440723,0.04788707400382472
1.890156031,2.6887684352923373,0.41489639792763633,0.788322505130538,1.6264922457111344e-13,214.87256480072136,45.009516155272976,5.086146094394757,2.848799005395887,0.08782423014368551
1.668444637,2.1414168895601513,0.14024348451877072,2.195594260934925,3.2673335465425084e-13,225.50599105816735,44.62418437836309,3.6522255283112486,2.2543897162863105,0.16767430522415827
2.381847144,3.673098821450677,0.4239114315811887,0.23717178370354738,1.0387844355190455e-13,137.88830187639726,30.171991914622673,7.539371668293869,3.9298527198390447,0.3233716012207539
2.3973231200000003,4.478226172415802,0.35887494610155535,0.6270625102531359,1.296065069552589e-14,194.4124376348791,31.990672626981823,11.13446947443964,4.977113611854249,0.13383792153215524
2.146518583,3.00533087834601,0.382709063092727,0.8842068642324559,6.822733904176963e-12,200.17083676699747,36.31259835361186,5.598624179736135,3.1804646204856315,0.04431508250216576
1.893568442,2.676357372413266,0.3911830526117225,0.2625773980386356,1.3206403961000082e-13,211.5496029857535,44.72333227327831,5.030233586582491,2.8340170430818046,0.2884672245001257
2.260713165,2.759958224260749,0.182315803239711,1.6246799764400501,1.303672131850087e-13,113.87792129149074,30.734430887318755,4.484172351633844,2.9051030260310684,0.1138890316724315
2.495725648,4.461826845607582,0.6526715245907417,0.20605167476340916,1.663158410906014e-13,194.92450183886737,42.954218023632606,10.619219704966186,4.90686493843627,0.5181874638784318
1.379594304,1.4041962277495943,0.151907714955639,0.8961639751444548,5.840848413598686e-14,180.36419194896604,34.918342313223015,1.8959212766406244,1.4927004680279625,0.015773493265882815
1.665997553,1.9675556616535497,0.18095499134186746,0.8519456447990427,2.6923621895241717e-13,192.4748749690927,40.894279808160235,3.0877434926606044,2.0709699843935407,0.026791174563515013
2.422993162,3.256783422420592,0.29818951640447705,0.606526315851124,1.521741904985912e-11,702.0027449335869,161.60193677210006,5.826857014738129,3.437282036715863,0.11732972759424126
2.110485403,3.23856079552476,0.2941871741436177,0.7698184361672838,3.016632713532614e-10,14898.51291769149,1183.9714770381727,6.61185121345799,3.461988722101502,0.06771646380390553
2.478108577,3.5990096719077154,0.21522483199245832,1.469504382342417,3.1032676838293024e-14,129.97146140671398,34.60199338969319,6.95832565004636,3.8225124295723587,0.10104900180936963
2.292135827,3.498665500695773,0.3324722722033263,0.3712816398630019,7.186491131895691e-14,168.322682724147,39.872810936097004,7.107347975105971,3.7377901260995037,0.209031421770697
2.442153764,3.892344406800073,0.6130366032031472,0.345553515942622,7.896978544011043e-13,223.71807978324742,42.49108795839918,8.258091660780405,4.185417600476111,0.40119964956477766
1.606901724,2.1869253215550466,0.2582965935314337,0.7093919969302169,6.3484037326226175e-09,75875.5712829093,3310.640950602131,3.9531259968926507,2.308156017600549,0.0750630572458974
2.05137507,3.263518445948174,0.5142703521398878,0.5865644437133074,6.315834443745453e-13,255.44911488529567,42.86456440339273,6.906747701619298,3.5073069467031295,0.21261764911870779
2.360960304,3.5936929601286773,0.4021425382579619,0.3698779402544831,1.699732605730233e-13,154.04022780398327,33.89058065572185,7.28072409297268,3.8380061242460073,0.2533988845183973
2.360877542,3.092923693553608,0.11470938383895322,2.3538738140362394,2.9733799814376656e-14,114.20993147972818,29.181300842039988,5.3931965334889735,3.2601598009192383,0.15530203100379053
1.9411445170000001,2.528836105403385,0.4519770263094568,0.7117968790307029,4.774029079088659e-12,252.38054447293226,46.66573432280114,4.381464043902721,2.6642850577418984,0.13026118958880756
2.35863437,3.112249091420297,0.22457935625384556,0.5665736833766478,1.566684678457084e-14,118.86312349860415,29.719472503121285,5.465990462161183,3.2815514770003555,0.09733860317074788
1.6026050280000002,1.774660678879693,0.09513446636291191,2.8044744828120343,7.500813919455653e-07,1024910.1754517122,19833.726315363663,2.6100662569217103,1.8729195341362195,0.17166771698781436
2.007489963,3.045696573663006,0.29222235895302734,0.3943760707140059,1.8132715809076878e-08,46716.26682504552,2492.5258649081866,6.1458847762835624,3.250451569921915,0.17697685325435464
2.172876116,2.874020356497206,0.3110656173730307,0.27659813809449735,2.1589273700634545e-13,126.27923862809396,30.05731703995166,5.05806113825771,3.0303708166504246,0.22502544678243508
1.836013786,2.1867853455710167,0.20252880447605653,1.4061858203768043,2.323968610193171e-12,291.02203508006613,64.00787266019486,3.4627827156505875,2.3016761957585246,0.08226432859604044
2.214866944,3.420034942820689,0.4187761066637071,0.6894512955075619,2.1572441365259108e-10,4445.819365763435,537.0570896047518,7.027065663316559,3.6593738873915873,0.1300503773968013
1.728565962,2.29182656808118,0.2986122294717753,0.9675768395708102,2.723335732155131e-11,733.2002230936615,134.29123403989763,4.038645882414546,2.4158861885153815,0.00968195222228141
2.05829384,2.3585770787078078,0.13486805575345784,2.2575837600802404,3.336437158677367e-14,122.75459408365302,31.466409078506597,3.5954224470592018,2.4858328568949637,0.169607876669145
2.362482801,3.6313214594866725,0.5300160478409723,0.2491567299452933,4.004996857027373e-13,154.66535074074625,33.95673756758147,7.429205428509313,3.8833627898965317,0.39795898254238754
1.708470833,2.64797270549871,0.32428787900115164,0.8417138791338242,6.27662760151609e-09,45685.094171385004,2314.387052877903,5.454306945889986,2.833438804577481,0.05133027041101207
1.76524934,2.157187961651586,0.15740707781541066,1.2382477875906497,2.2769204416229206e-13,171.17116547588915,35.64135370063644,3.5039822733113177,2.269771375322898,0.03750188804063084
2.125571097,2.9375495539941583,0.35876021963310994,0.3099788672226037,4.448887510642212e-12,717.6562863017796,148.0154531127788,5.401466289028853,3.105541518203434,0.24755213314670602
1.923193506,2.674712250037464,0.4510531918429631,0.6733440013818087,2.604108716687689e-11,1184.4892900673299,206.50308236921921,4.947076149339712,2.8285775322829285,0.14733923081138572
1.740370675,2.307047105421116,0.2751580963025485,1.1812349812341703,2.4357415413223034e-12,335.4461868992378,55.735406806273225,4.064854281166609,2.431937968401768,0.04986827241982239
1.543087839,1.7548614652554586,0.2677165111362473,1.19126938974321,1.3313732120249076e-12,283.3891877267616,45.184283852341274,2.650370721979564,1.8492538660980964,0.051205973709211317
2.482167099,3.6745848450052665,0.27091971003276893,1.0680462596678586,2.6820204539288846e-13,134.64862204140647,35.40543397299711,7.241797360041609,3.9110602496104283,0.01843507293803076
2.363003992,3.399362391793341,0.3345323882696461,0.41832734471532307,7.525802650364832e-13,134.8005652516133,31.694009066068762,6.508969091797203,3.606740371876777,0.19458834256352955
1.6000890440000002,2.0201586742843625,0.20021715278906385,1.3589693267140766,0.01845110290966901,35210104076.02552,19885262.239577573,3.3873960288984875,2.125578293093443,0.07187181653329963
2.397690539,3.915883751433487,0.44095233656749894,0.7057176406534976,4.505403707820478e-14,148.5378339724237,27.86756336072643,8.51237028040705,4.227903772254805,0.12976449396443657
2.083737346,3.3937873471476587,0.23183138715558063,1.2684197098976835,1.9801799558567918e-13,231.34436256149215,46.48419030396178,7.3537658499868925,3.661763047256442,0.06222811368547851
2.042947324,2.509761029096755,0.1660519231725694,0.8702255346616568,1.0186270271609926e-12,185.01998123001366,37.20078396367161,4.101471872756367,2.641377715789975,0.021549299548123846
2.193852206,3.1012857133235268,0.27174686500962547,1.2602594873680937,7.115290769962822e-14,133.29255977948125,27.309797285597007,5.833331355086816,3.2847214387467742,0.0707246997812917
1.918570553,2.14838905333306,0.13428721507834707,1.5680117384243464,3.871120168290359e-11,1538.8575072846036,275.6255330001274,3.199333110356517,2.2666504646045276,0.07627671448481602
2.038919522,2.74254623368109,0.2228621476344897,0.805461914354264,1.2270641776081508e-12,259.70563257409657,53.20489272568704,4.907187556594991,2.8940238135914345,0.04335517556371102
2.391342999,3.384342859854756,0.25159926899234936,0.8931004793386662,5.208347746591664e-14,112.7950087419567,25.63315685259855,6.375156900495325,3.5853057236409676,0.02689584125402414
2.068142458,2.6602236350858655,0.1768665287921869,1.8074737969855283,3.629585342173908e-13,147.48462620366573,36.05478239390495,4.552246148238292,2.801795666882005,0.14281508756347744
2.207548985,2.988844299091523,0.17618694232122545,1.7966590633761779,4.092417728710655e-09,30014.800639657886,1989.97402301241,5.384513830040407,3.1554600796446906,0.14036092444874015
2.482929413,3.357741638468386,0.6893691141692144,0.3299192342440036,4.2047545956443476e-13,112.30928795877823,32.361696414623495,6.044930239275304,3.5452544684424154,0.4619329839110401
2.08383602,3.4776016956273708,0.46998573211163047,0.6415721230381911,1.4458351891233507e-13,242.87227715239945,47.632807889769964,7.721109636238261,3.7687970134986006,0.16845598816311314
2.440515182,3.970303872697319,0.2601561244006283,1.1398052484713528,5.650362231443692e-12,247.89017145509297,48.31272956425676,8.597940081367307,4.28391563815239,0.03637119161317398
1.8121601489999999,2.618580214769741,0.42513452154172904,0.7556455331296777,9.239704884668159e-10,11119.175345595408,947.3640289753068,5.029918899434616,2.77827992539482,0.10388351935949874
2.464943987,3.3224953317434065,0.22195945141276024,0.3871557939402955,8.074991868270335e-14,114.85551300048692,31.465751234406277,5.961735312945366,3.5073227900864357,0.13602656377850061
2.319813142,3.131633048900939,0.42019702617335053,0.8237658829775594,3.845781710514663e-10,1246.9061379827278,237.73414423717736,5.626656683600049,3.305909813080386,0.07405305188311578
2.307460258,3.3872795003110783,0.2796710531755526,0.4226328035695295,2.072657158993997e-09,33543.85626827259,2115.599347072185,6.617881437585085,3.6014721908414487,0.16147289189472583
1.968128719,2.7643071439306652,0.3353409911965813,0.4312962093186718,5.821237008301852e-14,178.2873919014315,36.19340466864288,5.16378670164648,2.925731685501562,0.19070969286432968
2.07234797,2.9163594549535476,0.2490480365377161,0.6091829816254538,4.306473082250052e-14,174.8879609126239,39.70593650893787,5.460014590352023,3.087485888051824,0.09733221107170525
1.914937042,2.7534399194568007,0.3396225070540575,0.5779694111504101,2.2434203662918982e-10,5109.201879948829,572.5431725655865,5.265055221288458,2.920361828840412,0.1433310866385979
2.473005918,4.158156440446221,0.3877545181730078,0.660096499699716,1.89215158147786e-13,175.23306164138762,39.80379097884207,9.307495053908875,4.513963954160263,0.13179911798425548
1.7339467960000001,2.1332580439699473,0.27044135274220704,0.21353281687657472,8.589603681055512e-12,409.33671288776804,81.33893878793069,3.4883250769471754,2.2445469513774143,0.21269324889125218
1.611849871,1.9190030098023045,0.2347830837829419,0.6447468683152188,3.954032316571649e-10,10367.255005919824,927.3689082891678,3.034635985148805,2.019268349350683,0.08340742578050048
1.856547004,2.6821351736855954,0.2750793371092207,1.027206949004511,6.678459837287389e-13,242.97179494285172,43.75119858798664,5.152191312425379,2.845911133559314,0.007484069496925261
1.593955131,1.9190244952769446,0.5327936749889315,0.5762066842627365,2.301760286276923e-13,183.13102466086272,31.983265373617407,3.0684838831692183,2.0188886271446216,0.2257943981274012
2.006309415,3.2683401979975684,0.3216206360152532,0.9267790690510137,1.2520646682202471e-08,92372.77400764544,3821.902057120484,7.081397905950945,3.5261394263892165,0.023549362381441896
2.003551616,2.7595905113627714,0.340666120805242,0.9114322139386136,2.607689607501741e-07,392669.36799770733,10512.760896039952,5.055292959317463,2.9163154428086013,0.030172044105841067
2.20858412,3.4319628159349627,0.46574956734162143,0.4903232924516278,2.9356146569668412e-09,26319.68642188541,1745.7213679824083,7.096151708087616,3.6754491159915084,0.23738170602475647
2.448799433,3.673647852029718,0.20714875610567476,1.5439057848497981,6.24815598736587e-13,166.22165614479343,33.54543331813807,7.336328770911315,3.9162446681941505,0.11266940677031642
1.9795244630000002,3.242253585782417,0.47084016238412085,0.28915944880539424,1.7489605567656786e-13,226.91086096620785,39.179103964993196,7.0629172949256915,3.5012946784981054,0.33469228055368616
2.206904003,3.0909122900204524,0.5204614627350923,0.5954167134979731,1.0455153508254779e-08,42557.96978490146,2479.0150717873566,5.76022322247867,3.271171161703915,0.21057000909101586
2.484912439,3.846179243010849,0.3550952158239161,0.8463891446398991,2.1018210047550202e-13,146.9636527420591,37.08953418284432,7.925191378517307,4.117474948507802,0.0545464798369914
1.67436603,1.9167935992122092,0.31797072420137484,1.0657360330378154,6.09351006370164e-13,177.05957139594838,40.12439732205795,2.9159408889030787,2.0196520294654996,0.020902134031159647
2.450024938,3.1467522630957645,0.15166643441117064,2.185408437060316,4.174102567886585e-13,119.15342491547102,28.835363311120187,5.3801300416917375,3.314736888776653,0.17978667096985676
2.23545056,3.0945269216350177,0.5830641147172467,0.441944718992241,4.696026301534509e-12,273.99030672659444,63.61222442092482,5.700516659109396,3.272094324475886,0.32538200838407333
2.196655735,3.6019314759093333,0.3697930635787237,0.2816737931869749,8.756648913055853e-14,178.48070030291046,30.840017898834933,7.858675355469466,3.891169955457627,0.26563204866627244
2.48394436,4.722621517043174,0.6049227296173171,0.32387279014055015,4.4289684706613245e-14,221.86202422131817,45.53063541088152,11.953246682099966,5.273275687237263,0.40900471735671895
1.723644026,2.3432035760110295,0.19262919405505527,0.6111360293873107,1.0368918659150354e-11,1329.843521495331,215.44945168735774,4.2337256314044645,2.4734841670853047,0.07490655325617103
1.70730045,2.4501893779787465,0.22967966296884607,0.9192526811150881,1.2401454374161926e-08,62688.45200743053,2924.074755351784,4.673119160748933,2.597619763341285,0.01854601698712452
2.04802756,3.224944663520421,0.46216755266838555,0.3331339676060974,4.913211306296401e-13,265.72110963049005,41.97863432224515,6.755379324814818,3.4602647543711322,0.3082038421491663
2.227042117,3.217916445376737,0.4786901726977814,0.23726252298055955,7.547650988210327e-12,593.4613747116415,129.46101181954975,6.187277255989111,3.4154388761485173,0.36511493459750605
2.455914157,3.6711781255574585,0.15491001585196496,1.144746015532548,6.125387150528418e-13,149.4558565740544,34.15417830650045,7.305355306271866,3.911907974277357,0.022422607560655755
2.027571461,2.913178845130258,0.34003654801419037,0.37776756435311193,2.213813186716358e-11,670.2216166898481,135.03156405600032,5.56751318300746,3.0898027590535952,0.21158176947982968
1.385478698,1.4875803083102577,0.2518777852817305,1.2909367174624142,4.53707060281884e-14,195.60600891123445,35.17273108130096,2.118741495035293,1.5729719015311618,0.07328049605156944
2.157882438,2.8503154233920696,0.41406749304356866,0.23073040429877592,1.5766043620554305e-13,143.55124304854488,32.62540057738718,5.009497018174568,3.0051785481917417,0.3185295329666455
1.324389678,1.2463829669313613,0.21806269305111362,1.1475691113146085,5.963216156473244e-11,984.253375671047,180.6421549696879,1.5556454937473296,1.3394381567220106,0.0321793178244231
1.568790274,1.649238298582319,0.32046059914954417,0.729262444135377,1.2968996314645687e-13,156.5516800255994,33.864921621004,2.3026970625598158,1.747750841544891,0.08676071936466026
2.21502051,2.95840656500084,0.3899907872506236,0.804021283830203,1.438630292439532e-10,3217.158752591293,454.231639857934,5.257735750626772,3.1209179801256903,0.07642989380342563
2.400602781,3.1798796553080177,0.40621649610028143,0.3712714191077612,0.0014904532750561062,54937784.108166575,301894.6430239766,5.606420941192667,3.3534771627617403,0.2553999211281476
1.9397537360000001,2.4868768172757876,0.1546175840501972,0.9062254823575563,1.066227373950876e-12,259.3192272823208,50.392454727627616,4.240299779076386,2.6187121771255923,0.014499189363347237
2.494129127,4.443290424928029,0.4077068519910568,0.5924702446354494,3.684529190397074e-14,193.7467101549714,42.80742196659598,10.537906192972844,4.882549059365781,0.1661526736523664
2.293010741,2.748842263622138,0.0841567040859707,3.2954208615336964,2.2292789465982477e-14,103.76907538678113,31.317075668538884,4.38567871387321,2.8938769446234973,0.1931750541968552
1.561709074,1.7588855485040682,0.2735253400370705,0.29660090673503003,4.010368489325635e-13,191.37120660814915,37.77755084702356,2.6309102616267364,1.8544199013269747,0.19239747616706798
1.743310841,2.3721370130210016,0.21782640529486047,1.4605890389815648,1.5719556505406882e-12,315.4728043272854,47.17665883985012,4.2902407121151915,2.504227284031439,0.10032845467956863
2.349526777,3.9539643102173416,0.5453042056162469,0.5567993950072747,6.437608916563222e-12,224.73515867513447,39.46148772686177,8.856521737577673,4.292700782402471,0.24167915383419813
2.145472019,3.0947468329935486,0.3741040845658935,0.7132924326896646,3.816835958416283e-13,218.88882266543766,37.559017474842236,5.9396144074401205,3.2840104222854434,0.10725847200674732
2.251640621,3.587863196413474,0.3906417879567628,0.7445010881354311,4.12107180670478e-13,211.91736812218602,39.15106725718707,7.608256312555713,3.8574527894765325,0.09980855175178255
2.171517513,3.0593658013232075,0.41084415047755213,0.5769406974315759,2.096707068673666e-13,144.45833202535908,32.29033768358213,5.7350690007262175,3.2393671258745265,0.17381143976534988
1.9261305480000002,2.4378984505591377,0.19191015326698707,1.3578781821424017,4.755908458322868e-13,688.9106405426016,142.18122868533877,4.103613887747206,2.5663343769730966,0.06868045678585905
2.405471415,4.189561326617022,0.5801733968867676,0.554791691763277,2.534097597142764e-08,114567.67913315904,4572.590980971951,9.712395374323206,4.58049217151145,0.25829801651191064
1.6939490720000001,2.0836194616772077,0.4158339558168284,0.6058447712495019,1.6881672887788825e-13,200.22583960902963,43.51500491830228,3.4059292335189926,2.1922132601746815,0.16390312797720652
1.585673843,2.15870285219125,0.310328923522843,0.9410340635809251,1.9250607343278133e-13,239.96485762473523,38.9089357867958,3.903107830360074,2.278372244148515,0.018298835573447914
2.185579737,3.5819248456880457,0.4809660974671686,0.2294423133737431,2.4828575889580304e-13,183.09684010978384,34.007510236629756,7.810999395837701,3.8692017122427584,0.37061212340996025
2.50260573,4.807087590774948,0.6871709180787887,0.4682346579401638,1.5851043343527536e-06,1263602.6876095696,22019.22853080987,12.292432511447378,5.382363830599456,0.3654136783057388
2.396072832,4.057608706090764,0.5236666545470258,0.558735685219935,8.812410194582156e-14,160.05391682464864,29.358099978560137,9.145856064663885,4.410643828169083,0.23107540749186234
1.961754478,2.4495256999761112,0.18863393453700758,1.3629833926809494,1.7575306913258321e-13,149.00577238597668,33.33458133620139,4.0678661588499585,2.578085302960436,0.0684709855329991
1.680239909,2.0735501250198305,0.3590091803453177,0.41010429946629096,9.032871477166343e-14,204.14006245525678,43.49442928134175,3.4005200654153693,2.181620026691006,0.21177797193783388
2.442889629,4.125125077948929,0.6028263375114222,0.29291912136143056,3.8288331107671836e-12,244.93048442990735,42.921025903202036,9.272596331062488,4.481725148992069,0.42624697639404724
2.274438749,3.683250611687833,0.37278543081675275,0.7659696216024603,1.1824119303718391e-13,192.00882134708837,41.78997393157865,7.938220315100917,3.9707198072953167,0.08724311543513452
1.582054094,2.118043468730988,0.38189827736072646,0.08256157039595942,1.633952201325117e-13,235.4128811230733,39.37849156918839,3.7660557057688737,2.23325016624617,0.3503681558503132
2.262190195,3.877417467868111,0.603878133790945,0.2852776201837359,1.7801132323511532e-13,222.6529615581665,43.29452406685507,8.844641945164703,4.2247714541801855,0.43160521690206854
2.49636073,3.955910027273113,0.6484835639224827,0.3849242859747344,3.0127070325276006e-14,153.08507141003602,38.070722392709456,8.345445880089096,4.249997478927065,0.39886649111327005
2.155877854,3.445538610106715,0.4798214473662724,0.6256379080196337,4.0055655941053534e-13,215.9850101739318,39.84983213621269,7.326987604792529,3.705964106601192,0.17962696081308493
2.063142554,2.7380495213681253,0.3072282883908395,0.6071668896318589,5.755679170666706e-13,159.87969932736564,36.847755289392914,4.834116511036936,2.8873001323546377,0.12068944412165372
2.060118614,2.7677937544970006,0.28556406594733397,0.6420020271036496,7.578731554782299e-13,166.59680234856523,37.05480505698886,4.946920498244671,2.9205490470477344,0.10223135674118528
1.3052544,1.4852753427888354,0.22514533607899703,0.5548561810402858,8.467200146894796e-09,188411.94275954322,5983.562376302285,2.2410809992318916,1.5644280969619124,0.10022205472317308
1.741819092,2.9552061520370256,0.3358846612055062,0.20521717023315164,1.013091622722707e-12,518.0177824009952,64.8102017441976,6.664198074667704,3.2116497125483514,0.2669553615081914
1.63764196,1.7060243312550303,0.18091042230408771,1.5218472172590505,4.393279164410605e-12,256.57258827186564,55.991943311412676,2.3611720730754002,1.8097009311170924,0.09440760045254781
2.035945795,2.4436736100798924,0.15935477862990755,2.141758320009114,9.744898063437956e-13,241.27891273893948,58.45106274982427,3.901570626825013,2.57216188739696,0.18194464433390756
1.8396983630000001,2.7187298125835744,0.3372644849471069,0.9805122228787654,2.352604681007922e-12,372.187264494298,61.47337246993426,5.341751504467906,2.891721571127011,0.00657253511355721
2.503367844,3.8970341346168214,0.7708165560128677,0.3150563210761566,4.207414457194873e-07,378256.6222666884,10595.780272593236,8.07626497966173,4.175413787379075,0.5279659276508604
1.404196812,1.7487684922417777,0.2190870002336425,0.6943901404326696,6.248528805010416e-08,390926.0360981998,9648.226725281462,2.8891796385073247,1.8390220493981762,0.06695514737443117
1.798705284,2.3209546295122725,0.16534023799325445,1.5611856993569597,3.290432967017409e-14,164.70466148675143,29.063625676114288,3.9807918467248387,2.4440223347498766,0.09278657709009067
2.308667566,3.696383291496966,0.4150463121500718,0.7291554526855001,1.896351147250889e-09,24827.270903454053,1686.2240968559368,7.876709828937569,3.9773623087863004,0.11241303052883883
1.699853837,2.5179718278019725,0.31376245986578144,0.26146672341273786,2.088351878282655e-14,288.56173667129946,52.28518189931982,4.956670077473976,2.678464281415584,0.2317240175547549
1.671114554,1.6260615604358892,0.059072437996975334,3.825773407774044,9.182460051446544e-15,128.7279799788444,33.96460244488875,2.1025200597188394,1.7393744577181238,0.1669253244242339
1.779354949,2.2468523255596344,0.2855059734147426,0.8162161755373052,1.4105308574528159e-13,167.0171163116348,33.64133907216734,3.771220514143353,2.3647270126525246,0.05247137970110585
2.305546861,3.987197476329883,0.5281234756635615,0.5569994327305472,3.906385545801361e-08,117863.46057153872,4605.449953853383,9.177213919393973,4.3525405188107475,0.23395899930727282
2.341773787,2.872465703725836,0.1932176145806307,0.9939519571788763,5.430291814885807e-13,150.0551936184995,34.95473035488554,4.689643075358089,3.0236244113619524,0.0011685884067790253
1.182479929,1.0635328309257266,0.19004486452623787,1.5716300365799645,7.901309518724545e-14,189.94353891470402,35.28770082420409,1.2665419616161877,1.1517134962935283,0.10863535286096776
1.4290830570000002,1.5373029106980436,0.18681668431527435,0.6895749901458987,7.764069545995043e-12,653.0889009995097,126.22476630382651,2.194501454080046,1.6254546778952268,0.057992571069479554
2.47340323,3.263550715503455,0.6052475666032519,0.3598468863120215,3.285732857115435e-14,107.84542037031967,31.252832919595473,5.732477864582852,3.4412771511179527,0.38745111431314383
1.8242503220000001,2.9032217147320596,0.5015601526169522,0.6163573283883697,1.800708886197427e-11,1476.7143766224883,224.74370601335397,6.1423397083024485,3.1194567563533138,0.1924198769239046
1.723267842,1.9310795569713401,0.290043607847664,0.3747823101003911,5.340693719913728e-11,948.5737075707523,184.3274702167644,2.8760550518269277,2.0369499699539215,0.18134039446866457
2.5023291260000002,4.319530593806041,0.41420292528119207,0.7312502498059048,5.770579034058109e-06,1437347.1743397058,24840.31115724578,9.926466620246451,4.714037211971707,0.11131693269898385
1.773713424,2.0526912435025766,0.3142828811869827,1.0029762064524406,1.6235327732030075e-13,144.48995509095204,32.05698438061875,3.157608826955786,2.162083632392188,0.0009353707388802812
1.915989484,2.789930398346448,0.31076578903247076,0.5538460273689952,2.4085303261568805e-10,4206.500723326996,499.46172769542653,5.402582006296345,2.9628843541978487,0.13864939133464554
2.274100384,2.9911833965694585,0.5452599794849958,0.35829992441262604,3.0645011569448185e-13,126.7287632772865,33.92773535942773,5.236137845174804,3.1533410812627443,0.3498933700502918
2.175746061,2.8896053692031103,0.3363117333372397,0.8448256353536466,1.740505684652986e-13,125.31138836309464,29.6200338692127,5.1063264896186835,3.0474058700049813,0.05218695954371999
2.388955038,3.73559196250908,0.253907731426986,0.5199302557557005,4.099152015941733e-14,138.51602734526338,28.913659225794714,7.774901185160177,4.004799037235667,0.12189341968780346
2.483946961,4.021031767926322,0.34031140716637703,0.4521603778943149,5.974137335680491e-14,160.83843784729433,38.76662476666054,8.665510688288833,4.335093629228296,0.18643607270028192
1.915795261,3.235547686814366,0.2648287207444866,0.41072848944653856,2.781634514405241e-10,5886.116176008661,595.0630076317449,7.266980706387621,3.5139333204032708,0.15605602031104443
1.871707959,2.592123577291451,0.21463896376093708,1.4656484810378951,4.872954428616763e-14,207.74382367359354,43.210232419282484,4.773488026016348,2.7402302197198503,0.09994630744682817
1.195441749,1.4750970692575216,0.12950288959840156,1.375350765323543,3.735052328281945e-14,341.54749481537505,43.12622398154534,2.4100440931360976,1.5502243459302283,0.04860900872237034
2.391447516,3.4028062562022683,0.24301534262667052,0.9864209738600547,8.320894343236939e-14,113.99189355205202,25.74793485034675,6.444624607597698,3.606626430400447,0.00329991168993532
2.076509589,2.69439442070886,0.21885185724659148,1.384371292042861,2.588587358409615e-14,147.78854533264771,36.802977448274326,4.6512178629605065,2.8386051764756455,0.08412037113585216
2.010504039,3.157081083662031,0.4083250271587193,0.7756837429175208,1.4050851616367347e-09,17060.252163969802,1267.0591196617534,6.593812349117108,3.3857965188882346,0.09159394176534558
2.30870583,3.956982228486403,0.5284847471605396,0.5580296008256347,5.450967857837424e-10,28055.380996364576,1788.4624984760185,9.026344148711821,4.311544053136926,0.2335746146601072
2.330303141,3.621191484345875,0.44924038759853097,0.5860607914894322,6.225278986808084e-12,474.81607547565056,101.22662461197164,7.489614861314806,3.8785208224013115,0.18595821047351657
1.260805809,0.9848224936402257,0.1142450140785258,1.953377034507847,3.3993825746097436e-13,149.80852557456365,35.26834476639419,1.0196858752684927,1.1021884961097888,0.10891857272949215
1.969298734,3.071465276837726,0.3901473195106887,0.3476069607021509,2.7233634696103187e-13,217.99444813979702,39.91241389211827,6.37131498937226,3.290568602209542,0.2545293955494872
1.7084126190000002,2.1264509887492173,0.3659011273511613,0.4052298801769634,3.918906569434542e-09,30115.483529718644,1885.7029008602583,3.5175317610917065,2.2374517953180284,0.2176270573580344
1.893419082,2.8580864387760205,0.16548517306233937,1.518638154700711,4.941734596268197e-14,241.3223322217997,47.76458109185457,5.737000538625912,3.048002316035591,0.0858269247873795
2.2897640360000002,3.23536237753774,0.4986134211592744,0.2629245988728017,7.363118752436212e-14,144.44388893398067,36.89553783410338,6.084118128347091,3.4268741910845146,0.3675156874083768
2.322440447,3.0748518960981057,0.2787954907468983,0.8767839365181893,2.2962785524989074e-11,813.5821549693682,175.60526071681502,5.418355156601184,3.242587968559479,0.03435208288631239
2.325689167,3.8288550726306108,0.3378321487210538,0.8479705281736354,3.1972436110426563e-12,839.4818670092194,159.42189735607965,8.389810183276303,4.139779732507505,0.05136044313602767
2.289641101,3.904674887970482,0.4688040009611693,0.24461397534694954,3.7436639879371936e-14,210.4266127623512,44.52927967155802,8.86226657801099,4.250179711190391,0.35412799062750255
1.842990382,3.078658002890565,0.2725983306666606,0.7760388411805496,1.3744824994808131e-12,419.7761520819579,55.91793434862894,6.837638746630055,3.336187103282237,0.061051438028353056
1.82916577,2.4987236717942567,0.29076040835981937,0.6620980905295637,3.4877558570887025e-12,637.9627081649983,124.37659702401056,4.537894196627293,2.6387346160431613,0.09824849718318679
1.499311816,1.52462387041369,0.3624401054316075,0.9252409932301217,4.8212216895046356e-14,174.79798659715965,40.69329816204875,2.0584232708114505,1.6212589287277661,0.02709566229563698
1.639347367,1.9122113716982319,0.13588444236599265,1.1711176111964845,1.8067504002563084e-12,296.4395377228685,55.749690868258774,2.9633503157285914,2.013293558625011,0.02325222117643505
1.467047598,1.7939795483267527,0.2387164830321376,1.1546841141959376,3.229253728770367e-13,265.47445597011097,48.20267016925552,2.912327181976628,1.8868762949260267,0.036925647721795796
2.473672908,3.600549600565528,0.18383449070775293,0.8731033902852032,3.5895389567134465e-13,131.18930213811285,34.48933605764424,6.976732097913587,3.8250354230089285,0.02332797361946015
2.312301368,3.5351145876317345,0.5220464807750692,0.6226402336013324,1.7454219830116324e-09,7389.95062925646,766.356536276332,7.193132588656354,3.777592899983965,0.19699933803452668
