success,solve_time,solution_count,iterations,residual,diversity
1,0.007873058319091797,1,1,1e-06,0.0
1,0.0054454803466796875,1,1,1e-06,0.0
1,0.003791332244873047,1,1,1e-06,0.0
1,0.026552677154541016,1,1,1e-06,0.0
1,0.004590034484863281,1,1,1e-06,0.0
1,0.01461935043334961,1,1,1e-06,0.0
1,0.006933927536010742,1,1,1e-06,0.0
1,0.002923250198364258,1,1,1e-06,0.0
1,0.004105567932128906,1,1,1e-06,0.0
1,0.0024814605712890625,1,1,1e-06,0.0
1,0.005669355392456055,1,1,1e-06,0.0
1,0.0695180892944336,1,1,1e-06,0.0
1,0.011474609375,1,1,1e-06,0.0
1,0.002646207809448242,1,1,1e-06,0.0
1,0.03515481948852539,1,1,1e-06,0.0
1,0.015554428100585938,1,1,1e-06,0.0
1,0.007997512817382812,1,1,1e-06,0.0
1,0.002634286880493164,1,1,1e-06,0.0
1,0.025781631469726562,1,1,1e-06,0.0
1,0.019752979278564453,1,1,1e-06,0.0
1,0.0037169456481933594,1,1,1e-06,0.0
1,0.0045528411865234375,1,1,1e-06,0.0
1,0.004525661468505859,1,1,1e-06,0.0
1,0.017978906631469727,1,1,1e-06,0.0
1,0.0026597976684570312,1,1,1e-06,0.0
1,0.003920793533325195,1,1,1e-06,0.0
1,0.0024785995483398438,1,1,1e-06,0.0
1,0.006121397018432617,1,1,1e-06,0.0
1,0.005787849426269531,1,1,1e-06,0.0
1,0.0039827823638916016,1,1,1e-06,0.0
1,0.002833843231201172,1,1,1e-06,0.0
1,0.0069732666015625,1,1,1e-06,0.0
1,0.028214216232299805,1,1,1e-06,0.0
1,0.0042264461517333984,1,1,1e-06,0.0
1,0.007835865020751953,1,1,1e-06,0.0
1,0.005635738372802734,1,1,1e-06,0.0
1,0.037865400314331055,1,1,1e-06,0.0
1,0.0062351226806640625,1,1,1e-06,0.0
1,0.0033774375915527344,1,1,1e-06,0.0
1,0.003794431686401367,1,1,1e-06,0.0
1,0.006080150604248047,1,1,1e-06,0.0
1,0.0025250911712646484,1,1,1e-06,0.0
1,0.003307819366455078,1,1,1e-06,0.0
1,0.002977609634399414,1,1,1e-06,0.0
1,0.0043451786041259766,1,1,1e-06,0.0
1,0.03925967216491699,1,1,1e-06,0.0
1,0.003501415252685547,1,1,1e-06,0.0
1,0.0027697086334228516,1,1,1e-06,0.0
1,0.011782407760620117,1,1,1e-06,0.0
1,0.01571965217590332,1,1,1e-06,0.0
1,0.0027115345001220703,1,1,1e-06,0.0
1,0.00740814208984375,1,1,1e-06,0.0
1,0.003139019012451172,1,1,1e-06,0.0
1,0.006760358810424805,1,1,1e-06,0.0
1,0.005348920822143555,1,1,1e-06,0.0
1,0.00654149055480957,1,1,1e-06,0.0
1,0.008646965026855469,1,1,1e-06,0.0
1,0.08410525321960449,1,1,1e-06,0.0
1,0.0072972774505615234,1,1,1e-06,0.0
1,0.005276918411254883,1,1,1e-06,0.0
1,0.026034116744995117,1,1,1e-06,0.0
1,0.0024361610412597656,1,1,1e-06,0.0
1,0.004659175872802734,1,1,1e-06,0.0
1,0.010074377059936523,1,1,1e-06,0.0
1,0.0194699764251709,1,1,1e-06,0.0
1,0.0027933120727539062,1,1,1e-06,0.0
1,0.004488945007324219,1,1,1e-06,0.0
1,0.003310680389404297,1,1,1e-06,0.0
1,0.00460052490234375,1,1,1e-06,0.0
1,0.0032300949096679688,1,1,1e-06,0.0
1,0.0030434131622314453,1,1,1e-06,0.0
1,0.0030214786529541016,1,1,1e-06,0.0
1,0.00603938102722168,1,1,1e-06,0.0
1,0.03210115432739258,1,1,1e-06,0.0
1,0.0027437210083007812,1,1,1e-06,0.0
1,0.02217698097229004,1,1,1e-06,0.0
1,0.0034475326538085938,1,1,1e-06,0.0
1,0.004242420196533203,1,1,1e-06,0.0
1,0.005633831024169922,1,1,1e-06,0.0
1,0.005175113677978516,1,1,1e-06,0.0
1,0.006286144256591797,1,1,1e-06,0.0
1,0.0031414031982421875,1,1,1e-06,0.0
1,0.004252433776855469,1,1,1e-06,0.0
1,0.003551959991455078,1,1,1e-06,0.0
1,0.009558677673339844,1,1,1e-06,0.0
1,0.014456033706665039,1,1,1e-06,0.0
1,0.01819777488708496,1,1,1e-06,0.0
1,0.005216121673583984,1,1,1e-06,0.0
1,0.007144451141357422,1,1,1e-06,0.0
1,0.03496050834655762,1,1,1e-06,0.0
1,0.0057299137115478516,1,1,1e-06,0.0
1,0.00442051887512207,1,1,1e-06,0.0
1,0.03864002227783203,1,1,1e-06,0.0
1,0.005721330642700195,1,1,1e-06,0.0
1,0.007459878921508789,1,1,1e-06,0.0
1,0.005131244659423828,1,1,1e-06,0.0
1,0.006542682647705078,1,1,1e-06,0.0
1,0.04673361778259277,1,1,1e-06,0.0
1,0.004263639450073242,1,1,1e-06,0.0
1,0.12963461875915527,1,1,1e-06,0.0
1,0.03142189979553223,1,1,1e-06,0.0
1,0.00703883171081543,1,1,1e-06,0.0
1,0.006888866424560547,1,1,1e-06,0.0
1,0.0043337345123291016,1,1,1e-06,0.0
1,0.024977922439575195,1,1,1e-06,0.0
1,0.004422187805175781,1,1,1e-06,0.0
1,0.002630472183227539,1,1,1e-06,0.0
1,0.010116100311279297,1,1,1e-06,0.0
1,0.10166072845458984,1,1,1e-06,0.0
1,0.013153791427612305,1,1,1e-06,0.0
1,0.0026879310607910156,1,1,1e-06,0.0
1,0.002870321273803711,1,1,1e-06,0.0
1,0.002117633819580078,1,1,1e-06,0.0
1,0.0023314952850341797,1,1,1e-06,0.0
1,0.002744913101196289,1,1,1e-06,0.0
1,0.002601146697998047,1,1,1e-06,0.0
1,0.00211334228515625,1,1,1e-06,0.0
1,0.0022170543670654297,1,1,1e-06,0.0
1,0.003426790237426758,1,1,1e-06,0.0
1,0.02344226837158203,1,1,1e-06,0.0
1,0.003759145736694336,1,1,1e-06,0.0
1,0.0031223297119140625,1,1,1e-06,0.0
1,0.003342866897583008,1,1,1e-06,0.0
1,0.003126382827758789,1,1,1e-06,0.0
1,0.002556324005126953,1,1,1e-06,0.0
1,0.026841402053833008,1,1,1e-06,0.0
1,0.003099203109741211,1,1,1e-06,0.0
1,0.004442691802978516,1,1,1e-06,0.0
1,0.004571437835693359,1,1,1e-06,0.0
1,0.0028519630432128906,1,1,1e-06,0.0
1,0.002593517303466797,1,1,1e-06,0.0
1,0.003158092498779297,1,1,1e-06,0.0
1,0.007542848587036133,1,1,1e-06,0.0
1,0.013121366500854492,1,1,1e-06,0.0
1,0.0037419795989990234,1,1,1e-06,0.0
1,0.004380464553833008,1,1,1e-06,0.0
1,0.009851455688476562,1,1,1e-06,0.0
1,0.007756233215332031,1,1,1e-06,0.0
1,0.004258871078491211,1,1,1e-06,0.0
1,0.0046863555908203125,1,1,1e-06,0.0
1,0.02203369140625,1,1,1e-06,0.0
1,0.04863595962524414,1,1,1e-06,0.0
1,0.006317138671875,1,1,1e-06,0.0
1,0.04075050354003906,1,1,1e-06,0.0
1,0.0023984909057617188,1,1,1e-06,0.0
1,0.002009868621826172,1,1,1e-06,0.0
1,0.0029146671295166016,1,1,1e-06,0.0
1,0.0027408599853515625,1,1,1e-06,0.0
1,0.0026311874389648438,1,1,1e-06,0.0
1,0.005350589752197266,1,1,1e-06,0.0
1,0.0031976699829101562,1,1,1e-06,0.0
1,0.0019571781158447266,1,1,1e-06,0.0
1,0.002850770950317383,1,1,1e-06,0.0
1,0.002543926239013672,1,1,1e-06,0.0
1,0.0032761096954345703,1,1,1e-06,0.0
1,0.002799510955810547,1,1,1e-06,0.0
1,0.004293203353881836,1,1,1e-06,0.0
1,0.0036656856536865234,1,1,1e-06,0.0
1,0.005083560943603516,1,1,1e-06,0.0
1,0.007335662841796875,1,1,1e-06,0.0
1,0.003203153610229492,1,1,1e-06,0.0
1,0.0025072097778320312,1,1,1e-06,0.0
1,0.002216339111328125,1,1,1e-06,0.0
1,0.030410051345825195,1,1,1e-06,0.0
1,0.004656314849853516,1,1,1e-06,0.0
1,0.002634286880493164,1,1,1e-06,0.0
1,0.00577855110168457,1,1,1e-06,0.0
1,0.003340482711791992,1,1,1e-06,0.0
1,0.005803346633911133,1,1,1e-06,0.0
1,0.00278472900390625,1,1,1e-06,0.0
1,0.0029191970825195312,1,1,1e-06,0.0
1,0.0022618770599365234,1,1,1e-06,0.0
1,0.0027625560760498047,1,1,1e-06,0.0
1,0.006274223327636719,1,1,1e-06,0.0
1,0.002605438232421875,1,1,1e-06,0.0
1,0.06301760673522949,1,1,1e-06,0.0
1,0.003110647201538086,1,1,1e-06,0.0
1,0.003072977066040039,1,1,1e-06,0.0
1,0.003570079803466797,1,1,1e-06,0.0
1,0.004740476608276367,1,1,1e-06,0.0
1,0.002454519271850586,1,1,1e-06,0.0
1,0.002574920654296875,1,1,1e-06,0.0
1,0.005548715591430664,1,1,1e-06,0.0
1,0.0024590492248535156,1,1,1e-06,0.0
1,0.0029730796813964844,1,1,1e-06,0.0
1,0.0026772022247314453,1,1,1e-06,0.0
1,0.001953125,1,1,1e-06,0.0
1,0.12283086776733398,1,1,1e-06,0.0
1,0.002683877944946289,1,1,1e-06,0.0
1,0.003353595733642578,1,1,1e-06,0.0
1,0.030197620391845703,1,1,1e-06,0.0
1,0.018079042434692383,1,1,1e-06,0.0
1,0.0036029815673828125,1,1,1e-06,0.0
1,0.0025403499603271484,1,1,1e-06,0.0
1,0.003193378448486328,1,1,1e-06,0.0
1,0.010862588882446289,1,1,1e-06,0.0
1,0.004347085952758789,1,1,1e-06,0.0
1,0.003312349319458008,1,1,1e-06,0.0
1,0.0027933120727539062,1,1,1e-06,0.0
1,0.007692813873291016,1,1,1e-06,0.0
1,0.0031595230102539062,1,1,1e-06,0.0
1,0.0036165714263916016,1,1,1e-06,0.0
1,0.0023734569549560547,1,1,1e-06,0.0
1,0.003265380859375,1,1,1e-06,0.0
1,0.0036153793334960938,1,1,1e-06,0.0
1,0.0049762725830078125,1,1,1e-06,0.0
1,0.0034110546112060547,1,1,1e-06,0.0
1,0.004097700119018555,1,1,1e-06,0.0
1,0.0034050941467285156,1,1,1e-06,0.0
1,0.006394386291503906,1,1,1e-06,0.0
1,0.03712725639343262,1,1,1e-06,0.0
1,0.0033066272735595703,1,1,1e-06,0.0
1,0.0033202171325683594,1,1,1e-06,0.0
1,0.0036466121673583984,1,1,1e-06,0.0
1,0.004068851470947266,1,1,1e-06,0.0
1,0.003805875778198242,1,1,1e-06,0.0
1,0.0031249523162841797,1,1,1e-06,0.0
1,0.003692150115966797,1,1,1e-06,0.0
1,0.004251003265380859,1,1,1e-06,0.0
1,0.004622936248779297,1,1,1e-06,0.0
1,0.002194643020629883,1,1,1e-06,0.0
1,0.0025348663330078125,1,1,1e-06,0.0
1,0.004060268402099609,1,1,1e-06,0.0
1,0.00530242919921875,1,1,1e-06,0.0
1,0.004498958587646484,1,1,1e-06,0.0
1,0.018397808074951172,1,1,1e-06,0.0
1,0.0781412124633789,1,1,1e-06,0.0
1,0.008737802505493164,1,1,1e-06,0.0
1,0.04665827751159668,1,1,1e-06,0.0
1,0.0025687217712402344,1,1,1e-06,0.0
1,0.03210043907165527,1,1,1e-06,0.0
1,0.015578031539916992,1,1,1e-06,0.0
1,0.002000093460083008,1,1,1e-06,0.0
1,0.0023505687713623047,1,1,1e-06,0.0
1,0.0030121803283691406,1,1,1e-06,0.0
1,0.019683837890625,1,1,1e-06,0.0
1,0.0028710365295410156,1,1,1e-06,0.0
1,0.07095146179199219,1,1,1e-06,0.0
1,0.0028219223022460938,1,1,1e-06,0.0
1,0.003175497055053711,1,1,1e-06,0.0
1,0.012140512466430664,1,1,1e-06,0.0
1,0.016631603240966797,1,1,1e-06,0.0
1,0.002765178680419922,1,1,1e-06,0.0
1,0.0033483505249023438,1,1,1e-06,0.0
1,0.028789043426513672,1,1,1e-06,0.0
1,0.0066831111907958984,1,1,1e-06,0.0
1,0.002434968948364258,1,1,1e-06,0.0
1,0.06846904754638672,1,1,1e-06,0.0
1,0.004369020462036133,1,1,1e-06,0.0
1,0.01212167739868164,1,1,1e-06,0.0
1,0.0031883716583251953,1,1,1e-06,0.0
1,0.0038127899169921875,1,1,1e-06,0.0
1,0.0032825469970703125,1,1,1e-06,0.0
1,0.008433103561401367,1,1,1e-06,0.0
1,0.003281116485595703,1,1,1e-06,0.0
1,0.0033538341522216797,1,1,1e-06,0.0
1,0.0038399696350097656,1,1,1e-06,0.0
1,0.011252403259277344,1,1,1e-06,0.0
1,0.005450248718261719,1,1,1e-06,0.0
1,0.009583711624145508,1,1,1e-06,0.0
1,0.0034835338592529297,1,1,1e-06,0.0
1,0.010674238204956055,1,1,1e-06,0.0
1,0.003939390182495117,1,1,1e-06,0.0
1,0.0043714046478271484,1,1,1e-06,0.0
1,0.012984514236450195,1,1,1e-06,0.0
1,0.005994319915771484,1,1,1e-06,0.0
1,0.0044062137603759766,1,1,1e-06,0.0
1,0.004408597946166992,1,1,1e-06,0.0
1,0.010784149169921875,1,1,1e-06,0.0
1,0.3361475467681885,1,1,1e-06,0.0
1,0.0038166046142578125,1,1,1e-06,0.0
1,0.0030858516693115234,1,1,1e-06,0.0
1,0.08367037773132324,1,1,1e-06,0.0
1,0.0036563873291015625,1,1,1e-06,0.0
1,0.06540775299072266,1,1,1e-06,0.0
1,0.006047964096069336,1,1,1e-06,0.0
1,0.009861946105957031,1,1,1e-06,0.0
1,0.004090309143066406,1,1,1e-06,0.0
1,0.004387617111206055,1,1,1e-06,0.0
1,0.0052754878997802734,1,1,1e-06,0.0
1,0.007959365844726562,1,1,1e-06,0.0
1,0.008401632308959961,1,1,1e-06,0.0
1,0.004865884780883789,1,1,1e-06,0.0
1,0.006006956100463867,1,1,1e-06,0.0
1,0.0030062198638916016,1,1,1e-06,0.0
1,0.004651546478271484,1,1,1e-06,0.0
1,0.005408763885498047,1,1,1e-06,0.0
1,0.006121397018432617,1,1,1e-06,0.0
1,0.05206012725830078,1,1,1e-06,0.0
1,0.03020787239074707,1,1,1e-06,0.0
1,0.0030670166015625,1,1,1e-06,0.0
1,0.002822399139404297,1,1,1e-06,0.0
1,0.006308794021606445,1,1,1e-06,0.0
1,0.0038900375366210938,1,1,1e-06,0.0
1,0.03003382682800293,1,1,1e-06,0.0
1,0.004336833953857422,1,1,1e-06,0.0
1,0.005861043930053711,1,1,1e-06,0.0
1,0.003478527069091797,1,1,1e-06,0.0
1,0.003095388412475586,1,1,1e-06,0.0
1,0.0052492618560791016,1,1,1e-06,0.0
1,0.004307985305786133,1,1,1e-06,0.0
1,0.004654645919799805,1,1,1e-06,0.0
1,0.005530118942260742,1,1,1e-06,0.0
1,0.04007744789123535,1,1,1e-06,0.0
1,0.003748655319213867,1,1,1e-06,0.0
1,0.020429611206054688,1,1,1e-06,0.0
1,0.004026651382446289,1,1,1e-06,0.0
1,0.0037615299224853516,1,1,1e-06,0.0
1,0.0026781558990478516,1,1,1e-06,0.0
1,0.00519871711730957,1,1,1e-06,0.0
1,0.004769802093505859,1,1,1e-06,0.0
1,0.08478522300720215,1,1,1e-06,0.0
1,0.0048062801361083984,1,1,1e-06,0.0
1,0.5143120288848877,1,1,1e-06,0.0
1,0.005249500274658203,1,1,1e-06,0.0
1,0.013042926788330078,1,1,1e-06,0.0
1,0.012204647064208984,1,1,1e-06,0.0
1,0.0031104087829589844,1,1,1e-06,0.0
1,0.007405757904052734,1,1,1e-06,0.0
1,0.01400303840637207,1,1,1e-06,0.0
1,0.004359245300292969,1,1,1e-06,0.0
1,0.003035306930541992,1,1,1e-06,0.0
1,0.0041120052337646484,1,1,1e-06,0.0
1,0.0026786327362060547,1,1,1e-06,0.0
1,0.01710963249206543,1,1,1e-06,0.0
1,0.002330303192138672,1,1,1e-06,0.0
1,0.008146524429321289,1,1,1e-06,0.0
1,0.014696359634399414,1,1,1e-06,0.0
1,0.0029735565185546875,1,1,1e-06,0.0
1,0.1177053451538086,1,1,1e-06,0.0
1,0.05706191062927246,1,1,1e-06,0.0
1,0.0038645267486572266,1,1,1e-06,0.0
1,0.010636568069458008,1,1,1e-06,0.0
1,0.009624242782592773,1,1,1e-06,0.0
1,0.00586247444152832,1,1,1e-06,0.0
1,0.004141569137573242,1,1,1e-06,0.0
1,0.009930133819580078,1,1,1e-06,0.0
1,0.006738901138305664,1,1,1e-06,0.0
1,0.022478103637695312,1,1,1e-06,0.0
1,0.0029931068420410156,1,1,1e-06,0.0
1,0.0860295295715332,1,1,1e-06,0.0
1,0.0023276805877685547,1,1,1e-06,0.0
1,0.12379693984985352,1,1,1e-06,0.0
1,0.004725933074951172,1,1,1e-06,0.0
1,0.004018545150756836,1,1,1e-06,0.0
1,0.005425691604614258,1,1,1e-06,0.0
1,0.006295442581176758,1,1,1e-06,0.0
1,0.004082202911376953,1,1,1e-06,0.0
1,0.006974935531616211,1,1,1e-06,0.0
1,0.0032744407653808594,1,1,1e-06,0.0
1,0.003509044647216797,1,1,1e-06,0.0
1,0.005042552947998047,1,1,1e-06,0.0
1,0.004817008972167969,1,1,1e-06,0.0
1,0.0032143592834472656,1,1,1e-06,0.0
1,0.0032634735107421875,1,1,1e-06,0.0
1,0.005071401596069336,1,1,1e-06,0.0
1,0.0027434825897216797,1,1,1e-06,0.0
1,0.0030922889709472656,1,1,1e-06,0.0
1,0.002928495407104492,1,1,1e-06,0.0
1,0.0029878616333007812,1,1,1e-06,0.0
1,0.0033118724822998047,1,1,1e-06,0.0
1,0.004315853118896484,1,1,1e-06,0.0
1,0.003426074981689453,1,1,1e-06,0.0
1,0.004042863845825195,1,1,1e-06,0.0
1,0.029634475708007812,1,1,1e-06,0.0
1,0.007784843444824219,1,1,1e-06,0.0
1,0.03977656364440918,1,1,1e-06,0.0
1,0.002906322479248047,1,1,1e-06,0.0
1,0.012043476104736328,1,1,1e-06,0.0
1,0.026504039764404297,1,1,1e-06,0.0
1,0.07256507873535156,1,1,1e-06,0.0
1,0.0029420852661132812,1,1,1e-06,0.0
1,0.0026259422302246094,1,1,1e-06,0.0
1,0.0151824951171875,1,1,1e-06,0.0
1,0.015792131423950195,1,1,1e-06,0.0
1,0.0036487579345703125,1,1,1e-06,0.0
1,0.011229515075683594,1,1,1e-06,0.0
1,0.004625558853149414,1,1,1e-06,0.0
1,0.011342287063598633,1,1,1e-06,0.0
1,0.0036249160766601562,1,1,1e-06,0.0
1,0.04962301254272461,1,1,1e-06,0.0
1,0.0034859180450439453,1,1,1e-06,0.0
1,0.019978046417236328,1,1,1e-06,0.0
1,0.01912069320678711,1,1,1e-06,0.0
1,0.02135014533996582,1,1,1e-06,0.0
1,0.003585338592529297,1,1,1e-06,0.0
1,0.09022212028503418,1,1,1e-06,0.0
1,0.003931522369384766,1,1,1e-06,0.0
1,0.011566877365112305,1,1,1e-06,0.0
1,0.006662845611572266,1,1,1e-06,0.0
1,0.0036764144897460938,1,1,1e-06,0.0
1,0.002688169479370117,1,1,1e-06,0.0
1,0.004038095474243164,1,1,1e-06,0.0
1,0.03705286979675293,1,1,1e-06,0.0
1,0.004770994186401367,1,1,1e-06,0.0
1,0.020412206649780273,1,1,1e-06,0.0
1,0.004052162170410156,1,1,1e-06,0.0
1,0.012317657470703125,1,1,1e-06,0.0
1,0.003581523895263672,1,1,1e-06,0.0
1,0.004110097885131836,1,1,1e-06,0.0
1,0.008746623992919922,1,1,1e-06,0.0
1,0.09750008583068848,1,1,1e-06,0.0
1,0.10003066062927246,1,1,1e-06,0.0
1,0.06321144104003906,1,1,1e-06,0.0
1,0.0033903121948242188,1,1,1e-06,0.0
1,0.012595653533935547,1,1,1e-06,0.0
1,0.031499624252319336,1,1,1e-06,0.0
1,0.005309343338012695,1,1,1e-06,0.0
1,0.0046503543853759766,1,1,1e-06,0.0
1,0.01102590560913086,1,1,1e-06,0.0
1,0.0043487548828125,1,1,1e-06,0.0
1,0.007589578628540039,1,1,1e-06,0.0
1,0.0036406517028808594,1,1,1e-06,0.0
1,0.03662419319152832,1,1,1e-06,0.0
1,0.004339694976806641,1,1,1e-06,0.0
1,0.05896615982055664,1,1,1e-06,0.0
1,0.016108274459838867,1,1,1e-06,0.0
1,0.005666971206665039,1,1,1e-06,0.0
1,0.003298044204711914,1,1,1e-06,0.0
1,0.01247096061706543,1,1,1e-06,0.0
1,0.055380821228027344,1,1,1e-06,0.0
1,0.0035545825958251953,1,1,1e-06,0.0
1,0.007008790969848633,1,1,1e-06,0.0
1,0.003112316131591797,1,1,1e-06,0.0
1,0.0055773258209228516,1,1,1e-06,0.0
1,0.006299018859863281,1,1,1e-06,0.0
1,0.004281044006347656,1,1,1e-06,0.0
1,0.01073765754699707,1,1,1e-06,0.0
1,0.003843069076538086,1,1,1e-06,0.0
1,0.0035009384155273438,1,1,1e-06,0.0
1,0.006445646286010742,1,1,1e-06,0.0
1,0.005542755126953125,1,1,1e-06,0.0
1,0.017575740814208984,1,1,1e-06,0.0
1,0.006000995635986328,1,1,1e-06,0.0
1,0.007343292236328125,1,1,1e-06,0.0
1,0.004034519195556641,1,1,1e-06,0.0
1,0.005805015563964844,1,1,1e-06,0.0
1,0.004508018493652344,1,1,1e-06,0.0
1,0.00472259521484375,1,1,1e-06,0.0
1,0.006781578063964844,1,1,1e-06,0.0
1,0.004014015197753906,1,1,1e-06,0.0
1,0.0032384395599365234,1,1,1e-06,0.0
1,0.03361201286315918,1,1,1e-06,0.0
1,0.0038459300994873047,1,1,1e-06,0.0
1,0.004027366638183594,1,1,1e-06,0.0
1,0.11388611793518066,1,1,1e-06,0.0
1,0.0023453235626220703,1,1,1e-06,0.0
1,0.08477020263671875,1,1,1e-06,0.0
1,0.004222393035888672,1,1,1e-06,0.0
1,0.009333372116088867,1,1,1e-06,0.0
1,0.012171030044555664,1,1,1e-06,0.0
1,0.0027158260345458984,1,1,1e-06,0.0
1,0.03277420997619629,1,1,1e-06,0.0
1,0.027362346649169922,1,1,1e-06,0.0
1,0.006084442138671875,1,1,1e-06,0.0
1,0.004855155944824219,1,1,1e-06,0.0
1,0.005291938781738281,1,1,1e-06,0.0
1,0.003020763397216797,1,1,1e-06,0.0
1,0.004012107849121094,1,1,1e-06,0.0
1,0.02799081802368164,1,1,1e-06,0.0
1,0.0058896541595458984,1,1,1e-06,0.0
1,0.0037195682525634766,1,1,1e-06,0.0
1,0.0037660598754882812,1,1,1e-06,0.0
1,0.011395692825317383,1,1,1e-06,0.0
1,0.007458209991455078,1,1,1e-06,0.0
1,0.08985590934753418,1,1,1e-06,0.0
1,0.004602193832397461,1,1,1e-06,0.0
1,0.003576993942260742,1,1,1e-06,0.0
1,0.0042724609375,1,1,1e-06,0.0
1,0.0029463768005371094,1,1,1e-06,0.0
1,0.004071950912475586,1,1,1e-06,0.0
1,0.0178220272064209,1,1,1e-06,0.0
1,0.004461050033569336,1,1,1e-06,0.0
1,0.007786273956298828,1,1,1e-06,0.0
1,0.021221637725830078,1,1,1e-06,0.0
1,0.04662680625915527,1,1,1e-06,0.0
1,0.003320932388305664,1,1,1e-06,0.0
1,0.041288137435913086,1,1,1e-06,0.0
1,0.004155158996582031,1,1,1e-06,0.0
1,0.0043218135833740234,1,1,1e-06,0.0
1,0.003797769546508789,1,1,1e-06,0.0
1,0.0025725364685058594,1,1,1e-06,0.0
1,0.0019996166229248047,1,1,1e-06,0.0
1,0.0022597312927246094,1,1,1e-06,0.0
1,0.0021882057189941406,1,1,1e-06,0.0
1,0.019109249114990234,1,1,1e-06,0.0
1,0.007684230804443359,1,1,1e-06,0.0
1,0.009437799453735352,1,1,1e-06,0.0
1,0.00429224967956543,1,1,1e-06,0.0
1,0.010146856307983398,1,1,1e-06,0.0
1,0.005534648895263672,1,1,1e-06,0.0
1,0.0038597583770751953,1,1,1e-06,0.0
1,0.0036385059356689453,1,1,1e-06,0.0
1,0.004239320755004883,1,1,1e-06,0.0
1,0.04657292366027832,1,1,1e-06,0.0
1,0.004640102386474609,1,1,1e-06,0.0
1,0.003178119659423828,1,1,1e-06,0.0
1,0.004150867462158203,1,1,1e-06,0.0
1,0.0036118030548095703,1,1,1e-06,0.0
1,0.0029816627502441406,1,1,1e-06,0.0
1,0.004211902618408203,1,1,1e-06,0.0
1,0.0031113624572753906,1,1,1e-06,0.0
1,0.0029256343841552734,1,1,1e-06,0.0
1,0.002941131591796875,1,1,1e-06,0.0
1,0.054692983627319336,1,1,1e-06,0.0
1,0.005125522613525391,1,1,1e-06,0.0
1,0.004022359848022461,1,1,1e-06,0.0
1,0.006152629852294922,1,1,1e-06,0.0
1,0.026727676391601562,1,1,1e-06,0.0
1,0.0026035308837890625,1,1,1e-06,0.0
1,0.003728151321411133,1,1,1e-06,0.0
1,0.0066492557525634766,1,1,1e-06,0.0
1,0.004738569259643555,1,1,1e-06,0.0
1,0.0045604705810546875,1,1,1e-06,0.0
1,0.0048274993896484375,1,1,1e-06,0.0
1,0.0041277408599853516,1,1,1e-06,0.0
1,0.003306150436401367,1,1,1e-06,0.0
1,0.014734983444213867,1,1,1e-06,0.0
1,0.002544403076171875,1,1,1e-06,0.0
1,0.002732515335083008,1,1,1e-06,0.0
1,0.0032339096069335938,1,1,1e-06,0.0
1,0.003306150436401367,1,1,1e-06,0.0
1,0.004562854766845703,1,1,1e-06,0.0
1,0.0025026798248291016,1,1,1e-06,0.0
1,0.004182100296020508,1,1,1e-06,0.0
1,0.010331392288208008,1,1,1e-06,0.0
1,0.0028519630432128906,1,1,1e-06,0.0
1,0.0048427581787109375,1,1,1e-06,0.0
1,0.0039288997650146484,1,1,1e-06,0.0
1,0.0029709339141845703,1,1,1e-06,0.0
1,0.00397491455078125,1,1,1e-06,0.0
1,0.0038018226623535156,1,1,1e-06,0.0
1,0.00301361083984375,1,1,1e-06,0.0
1,0.045063018798828125,1,1,1e-06,0.0
1,0.02634143829345703,1,1,1e-06,0.0
1,0.003352642059326172,1,1,1e-06,0.0
1,0.0027768611907958984,1,1,1e-06,0.0
1,0.002021312713623047,1,1,1e-06,0.0
1,0.002808094024658203,1,1,1e-06,0.0
1,0.0040740966796875,1,1,1e-06,0.0
1,0.003505229949951172,1,1,1e-06,0.0
1,0.002782583236694336,1,1,1e-06,0.0
1,0.003867626190185547,1,1,1e-06,0.0
1,0.0029556751251220703,1,1,1e-06,0.0
1,0.002690553665161133,1,1,1e-06,0.0
1,0.016247987747192383,1,1,1e-06,0.0
1,0.0026361942291259766,1,1,1e-06,0.0
1,0.003596782684326172,1,1,1e-06,0.0
1,0.0030324459075927734,1,1,1e-06,0.0
1,0.016550064086914062,1,1,1e-06,0.0
1,0.005689382553100586,1,1,1e-06,0.0
1,0.004090070724487305,1,1,1e-06,0.0
1,0.0031881332397460938,1,1,1e-06,0.0
1,0.0026023387908935547,1,1,1e-06,0.0
1,0.0027010440826416016,1,1,1e-06,0.0
1,0.005376100540161133,1,1,1e-06,0.0
1,0.0038721561431884766,1,1,1e-06,0.0
1,0.002308368682861328,1,1,1e-06,0.0
1,0.006181001663208008,1,1,1e-06,0.0
1,0.004260063171386719,1,1,1e-06,0.0
1,0.0020666122436523438,1,1,1e-06,0.0
1,0.004736661911010742,1,1,1e-06,0.0
1,0.0029151439666748047,1,1,1e-06,0.0
1,0.06103396415710449,1,1,1e-06,0.0
1,0.019680261611938477,1,1,1e-06,0.0
1,0.019487380981445312,1,1,1e-06,0.0
1,0.00402522087097168,1,1,1e-06,0.0
1,0.0067708492279052734,1,1,1e-06,0.0
1,0.0035982131958007812,1,1,1e-06,0.0
1,0.0027582645416259766,1,1,1e-06,0.0
1,0.00622248649597168,1,1,1e-06,0.0
1,0.08729982376098633,1,1,1e-06,0.0
1,0.0028154850006103516,1,1,1e-06,0.0
1,0.0029916763305664062,1,1,1e-06,0.0
1,0.004750728607177734,1,1,1e-06,0.0
1,0.003544330596923828,1,1,1e-06,0.0
1,0.003110647201538086,1,1,1e-06,0.0
1,0.0028069019317626953,1,1,1e-06,0.0
1,0.0028929710388183594,1,1,1e-06,0.0
1,0.02571702003479004,1,1,1e-06,0.0
1,0.04303097724914551,1,1,1e-06,0.0
1,0.01265573501586914,1,1,1e-06,0.0
1,0.0030698776245117188,1,1,1e-06,0.0
1,0.012189388275146484,1,1,1e-06,0.0
1,0.003625631332397461,1,1,1e-06,0.0
1,0.0029954910278320312,1,1,1e-06,0.0
1,0.004171609878540039,1,1,1e-06,0.0
1,0.03744149208068848,1,1,1e-06,0.0
1,0.037886619567871094,1,1,1e-06,0.0
1,0.003385782241821289,1,1,1e-06,0.0
1,0.0025849342346191406,1,1,1e-06,0.0
1,0.05187702178955078,1,1,1e-06,0.0
1,0.003988027572631836,1,1,1e-06,0.0
1,0.0032110214233398438,1,1,1e-06,0.0
1,0.0122528076171875,1,1,1e-06,0.0
1,0.08454060554504395,1,1,1e-06,0.0
1,0.002132415771484375,1,1,1e-06,0.0
1,0.0019659996032714844,1,1,1e-06,0.0
1,0.0017631053924560547,1,1,1e-06,0.0
1,0.004267692565917969,1,1,1e-06,0.0
1,0.0021834373474121094,1,1,1e-06,0.0
1,0.0020601749420166016,1,1,1e-06,0.0
1,0.002643108367919922,1,1,1e-06,0.0
1,0.0022559165954589844,1,1,1e-06,0.0
1,0.014957666397094727,1,1,1e-06,0.0
1,0.0031006336212158203,1,1,1e-06,0.0
1,0.0034487247467041016,1,1,1e-06,0.0
1,0.010065078735351562,1,1,1e-06,0.0
1,0.0029296875,1,1,1e-06,0.0
1,0.004517078399658203,1,1,1e-06,0.0
1,0.0037004947662353516,1,1,1e-06,0.0
1,0.0036857128143310547,1,1,1e-06,0.0
1,0.002602100372314453,1,1,1e-06,0.0
1,0.003053426742553711,1,1,1e-06,0.0
1,0.004056453704833984,1,1,1e-06,0.0
1,0.0033445358276367188,1,1,1e-06,0.0
1,0.024614810943603516,1,1,1e-06,0.0
1,0.0032846927642822266,1,1,1e-06,0.0
1,0.0032432079315185547,1,1,1e-06,0.0
1,0.0023651123046875,1,1,1e-06,0.0
1,0.023473501205444336,1,1,1e-06,0.0
1,0.0071489810943603516,1,1,1e-06,0.0
1,0.0020499229431152344,1,1,1e-06,0.0
1,0.003612518310546875,1,1,1e-06,0.0
1,0.004063129425048828,1,1,1e-06,0.0
1,0.0035555362701416016,1,1,1e-06,0.0
1,0.0034003257751464844,1,1,1e-06,0.0
1,0.004364490509033203,1,1,1e-06,0.0
1,0.1665027141571045,1,1,1e-06,0.0
1,0.002894878387451172,1,1,1e-06,0.0
1,0.002378225326538086,1,1,1e-06,0.0
1,0.002101898193359375,1,1,1e-06,0.0
1,0.0026772022247314453,1,1,1e-06,0.0
1,0.002820730209350586,1,1,1e-06,0.0
1,0.0022809505462646484,1,1,1e-06,0.0
1,0.002666950225830078,1,1,1e-06,0.0
1,0.002945423126220703,1,1,1e-06,0.0
1,0.002638101577758789,1,1,1e-06,0.0
1,0.004333972930908203,1,1,1e-06,0.0
1,0.06093478202819824,1,1,1e-06,0.0
1,0.003038644790649414,1,1,1e-06,0.0
1,0.0027709007263183594,1,1,1e-06,0.0
1,0.003043651580810547,1,1,1e-06,0.0
1,0.00244903564453125,1,1,1e-06,0.0
1,0.018750429153442383,1,1,1e-06,0.0
1,0.004731655120849609,1,1,1e-06,0.0
1,0.016460418701171875,1,1,1e-06,0.0
1,0.0043239593505859375,1,1,1e-06,0.0
1,0.0027532577514648438,1,1,1e-06,0.0
1,0.004520893096923828,1,1,1e-06,0.0
1,0.006589651107788086,1,1,1e-06,0.0
1,0.002875804901123047,1,1,1e-06,0.0
1,0.0028421878814697266,1,1,1e-06,0.0
1,0.0028901100158691406,1,1,1e-06,0.0
1,0.0032587051391601562,1,1,1e-06,0.0
1,0.004701137542724609,1,1,1e-06,0.0
1,0.0038917064666748047,1,1,1e-06,0.0
1,0.003027200698852539,1,1,1e-06,0.0
1,0.0031087398529052734,1,1,1e-06,0.0
1,0.005027294158935547,1,1,1e-06,0.0
1,0.01945638656616211,1,1,1e-06,0.0
1,0.0023221969604492188,1,1,1e-06,0.0
1,0.0021026134490966797,1,1,1e-06,0.0
1,0.0031404495239257812,1,1,1e-06,0.0
1,0.0036177635192871094,1,1,1e-06,0.0
1,0.002790689468383789,1,1,1e-06,0.0
1,0.003130674362182617,1,1,1e-06,0.0
1,0.00659489631652832,1,1,1e-06,0.0
1,0.03377580642700195,1,1,1e-06,0.0
1,0.0027310848236083984,1,1,1e-06,0.0
1,0.0021855831146240234,1,1,1e-06,0.0
1,0.0030841827392578125,1,1,1e-06,0.0
1,0.048360347747802734,1,1,1e-06,0.0
1,0.0033135414123535156,1,1,1e-06,0.0
1,0.0028285980224609375,1,1,1e-06,0.0
1,0.003916025161743164,1,1,1e-06,0.0
1,0.002537965774536133,1,1,1e-06,0.0
1,0.0039904117584228516,1,1,1e-06,0.0
1,0.0046138763427734375,1,1,1e-06,0.0
1,0.006212949752807617,1,1,1e-06,0.0
1,0.012652873992919922,1,1,1e-06,0.0
1,0.002498626708984375,1,1,1e-06,0.0
1,0.00276947021484375,1,1,1e-06,0.0
1,0.0027751922607421875,1,1,1e-06,0.0
1,0.0027420520782470703,1,1,1e-06,0.0
1,0.0038056373596191406,1,1,1e-06,0.0
1,0.0036821365356445312,1,1,1e-06,0.0
1,0.0033423900604248047,1,1,1e-06,0.0
1,0.007414579391479492,1,1,1e-06,0.0
1,0.005503416061401367,1,1,1e-06,0.0
1,0.002743244171142578,1,1,1e-06,0.0
1,0.007694244384765625,1,1,1e-06,0.0
1,0.0044782161712646484,1,1,1e-06,0.0
1,0.0024461746215820312,1,1,1e-06,0.0
1,0.2576272487640381,1,1,1e-06,0.0
1,0.002619028091430664,1,1,1e-06,0.0
1,0.002716541290283203,1,1,1e-06,0.0
1,0.007482767105102539,1,1,1e-06,0.0
1,0.002254962921142578,1,1,1e-06,0.0
1,0.015816926956176758,1,1,1e-06,0.0
1,0.002847909927368164,1,1,1e-06,0.0
1,0.0031561851501464844,1,1,1e-06,0.0
1,0.0025467872619628906,1,1,1e-06,0.0
1,0.0024433135986328125,1,1,1e-06,0.0
1,0.002437591552734375,1,1,1e-06,0.0
1,0.002006053924560547,1,1,1e-06,0.0
1,0.001981496810913086,1,1,1e-06,0.0
1,0.007036685943603516,1,1,1e-06,0.0
1,0.002926349639892578,1,1,1e-06,0.0
1,0.003286600112915039,1,1,1e-06,0.0
1,0.0025675296783447266,1,1,1e-06,0.0
1,0.002792835235595703,1,1,1e-06,0.0
1,0.0035059452056884766,1,1,1e-06,0.0
1,0.007829427719116211,1,1,1e-06,0.0
1,0.003061056137084961,1,1,1e-06,0.0
1,0.0033981800079345703,1,1,1e-06,0.0
1,0.0032520294189453125,1,1,1e-06,0.0
1,0.0033884048461914062,1,1,1e-06,0.0
1,0.0054242610931396484,1,1,1e-06,0.0
1,0.0034732818603515625,1,1,1e-06,0.0
1,0.003620147705078125,1,1,1e-06,0.0
1,0.004525423049926758,1,1,1e-06,0.0
1,0.005534648895263672,1,1,1e-06,0.0
1,0.02255415916442871,1,1,1e-06,0.0
1,0.0035943984985351562,1,1,1e-06,0.0
1,0.005742788314819336,1,1,1e-06,0.0
1,0.007525205612182617,1,1,1e-06,0.0
1,0.004596710205078125,1,1,1e-06,0.0
1,0.0036563873291015625,1,1,1e-06,0.0
1,0.004212379455566406,1,1,1e-06,0.0
1,0.0026743412017822266,1,1,1e-06,0.0
1,0.0036411285400390625,1,1,1e-06,0.0
1,0.002593517303466797,1,1,1e-06,0.0
1,0.0020682811737060547,1,1,1e-06,0.0
1,0.003084897994995117,1,1,1e-06,0.0
1,0.0027434825897216797,1,1,1e-06,0.0
1,0.0029675960540771484,1,1,1e-06,0.0
1,0.004591941833496094,1,1,1e-06,0.0
1,0.032994747161865234,1,1,1e-06,0.0
1,0.0025026798248291016,1,1,1e-06,0.0
1,0.0046727657318115234,1,1,1e-06,0.0
1,0.01247262954711914,1,1,1e-06,0.0
1,0.0026183128356933594,1,1,1e-06,0.0
1,0.0026013851165771484,1,1,1e-06,0.0
1,0.015751123428344727,1,1,1e-06,0.0
1,0.004006147384643555,1,1,1e-06,0.0
1,0.039736032485961914,1,1,1e-06,0.0
1,0.003220796585083008,1,1,1e-06,0.0
1,0.0027053356170654297,1,1,1e-06,0.0
1,0.024197816848754883,1,1,1e-06,0.0
1,0.002682924270629883,1,1,1e-06,0.0
1,0.0026679039001464844,1,1,1e-06,0.0
1,0.002510547637939453,1,1,1e-06,0.0
1,0.0035746097564697266,1,1,1e-06,0.0
1,0.005124568939208984,1,1,1e-06,0.0
1,0.003407001495361328,1,1,1e-06,0.0
1,0.0029134750366210938,1,1,1e-06,0.0
1,0.0037484169006347656,1,1,1e-06,0.0
1,0.0028524398803710938,1,1,1e-06,0.0
1,0.004139900207519531,1,1,1e-06,0.0
1,0.004864215850830078,1,1,1e-06,0.0
1,0.003274679183959961,1,1,1e-06,0.0
1,0.0030298233032226562,1,1,1e-06,0.0
1,0.007781267166137695,1,1,1e-06,0.0
1,0.003952741622924805,1,1,1e-06,0.0
1,0.005398750305175781,1,1,1e-06,0.0
1,0.01304483413696289,1,1,1e-06,0.0
1,0.003580808639526367,1,1,1e-06,0.0
1,0.0027589797973632812,1,1,1e-06,0.0
1,0.002706766128540039,1,1,1e-06,0.0
1,0.008890151977539062,1,1,1e-06,0.0
1,0.006698131561279297,1,1,1e-06,0.0
1,0.002168893814086914,1,1,1e-06,0.0
1,0.0032529830932617188,1,1,1e-06,0.0
1,0.002809762954711914,1,1,1e-06,0.0
1,0.002554655075073242,1,1,1e-06,0.0
1,0.004066944122314453,1,1,1e-06,0.0
1,0.0025053024291992188,1,1,1e-06,0.0
1,0.0027527809143066406,1,1,1e-06,0.0
1,0.01345682144165039,1,1,1e-06,0.0
1,0.003507852554321289,1,1,1e-06,0.0
1,0.004617214202880859,1,1,1e-06,0.0
1,0.0049664974212646484,1,1,1e-06,0.0
1,0.0033292770385742188,1,1,1e-06,0.0
1,0.023337602615356445,1,1,1e-06,0.0
1,0.05272936820983887,1,1,1e-06,0.0
1,0.007952690124511719,1,1,1e-06,0.0
1,0.003379344940185547,1,1,1e-06,0.0
1,0.004351139068603516,1,1,1e-06,0.0
1,0.004256010055541992,1,1,1e-06,0.0
1,0.002940654754638672,1,1,1e-06,0.0
1,0.0029091835021972656,1,1,1e-06,0.0
1,0.0030608177185058594,1,1,1e-06,0.0
1,0.002969980239868164,1,1,1e-06,0.0
1,0.0022902488708496094,1,1,1e-06,0.0
1,0.003806591033935547,1,1,1e-06,0.0
1,0.004253387451171875,1,1,1e-06,0.0
1,0.00312042236328125,1,1,1e-06,0.0
1,0.002774953842163086,1,1,1e-06,0.0
1,0.005664825439453125,1,1,1e-06,0.0
1,0.0034644603729248047,1,1,1e-06,0.0
1,0.0036535263061523438,1,1,1e-06,0.0
1,0.004362821578979492,1,1,1e-06,0.0
1,0.0055065155029296875,1,1,1e-06,0.0
1,0.004218101501464844,1,1,1e-06,0.0
1,0.004221439361572266,1,1,1e-06,0.0
1,0.002119779586791992,1,1,1e-06,0.0
1,0.002557516098022461,1,1,1e-06,0.0
1,0.024712562561035156,1,1,1e-06,0.0
1,0.03305935859680176,1,1,1e-06,0.0
1,0.0026235580444335938,1,1,1e-06,0.0
1,0.00476527214050293,1,1,1e-06,0.0
1,0.0025589466094970703,1,1,1e-06,0.0
1,0.0031142234802246094,1,1,1e-06,0.0
1,0.0024666786193847656,1,1,1e-06,0.0
1,0.002458810806274414,1,1,1e-06,0.0
1,0.0022678375244140625,1,1,1e-06,0.0
1,0.003939390182495117,1,1,1e-06,0.0
1,0.00399017333984375,1,1,1e-06,0.0
1,0.003746509552001953,1,1,1e-06,0.0
1,0.04084157943725586,1,1,1e-06,0.0
1,0.0024635791778564453,1,1,1e-06,0.0
1,0.022502660751342773,1,1,1e-06,0.0
1,0.00436091423034668,1,1,1e-06,0.0
1,0.003770589828491211,1,1,1e-06,0.0
1,0.0046384334564208984,1,1,1e-06,0.0
1,0.003299713134765625,1,1,1e-06,0.0
1,0.0037317276000976562,1,1,1e-06,0.0
1,0.006643533706665039,1,1,1e-06,0.0
1,0.002682209014892578,1,1,1e-06,0.0
1,0.00278472900390625,1,1,1e-06,0.0
1,0.0025262832641601562,1,1,1e-06,0.0
1,0.014666080474853516,1,1,1e-06,0.0
1,0.055190086364746094,1,1,1e-06,0.0
1,0.006069660186767578,1,1,1e-06,0.0
1,0.0039055347442626953,1,1,1e-06,0.0
1,0.0029592514038085938,1,1,1e-06,0.0
1,0.0054781436920166016,1,1,1e-06,0.0
1,0.002430438995361328,1,1,1e-06,0.0
1,0.0025115013122558594,1,1,1e-06,0.0
1,0.004566192626953125,1,1,1e-06,0.0
1,0.010617971420288086,1,1,1e-06,0.0
1,0.002527475357055664,1,1,1e-06,0.0
1,0.00403594970703125,1,1,1e-06,0.0
1,0.004115104675292969,1,1,1e-06,0.0
1,0.001996755599975586,1,1,1e-06,0.0
1,0.002827882766723633,1,1,1e-06,0.0
1,0.0035622119903564453,1,1,1e-06,0.0
1,0.006819486618041992,1,1,1e-06,0.0
1,0.004927873611450195,1,1,1e-06,0.0
1,0.023133277893066406,1,1,1e-06,0.0
1,0.0022656917572021484,1,1,1e-06,0.0
1,0.04279017448425293,1,1,1e-06,0.0
1,0.0022783279418945312,1,1,1e-06,0.0
1,0.0034127235412597656,1,1,1e-06,0.0
1,0.003514528274536133,1,1,1e-06,0.0
1,0.002920389175415039,1,1,1e-06,0.0
1,0.002472400665283203,1,1,1e-06,0.0
1,0.0029723644256591797,1,1,1e-06,0.0
1,0.00465703010559082,1,1,1e-06,0.0
1,0.01584029197692871,1,1,1e-06,0.0
1,0.0027129650115966797,1,1,1e-06,0.0
1,0.04027867317199707,1,1,1e-06,0.0
1,0.002657651901245117,1,1,1e-06,0.0
1,0.0026412010192871094,1,1,1e-06,0.0
1,0.004752397537231445,1,1,1e-06,0.0
1,0.006840229034423828,1,1,1e-06,0.0
1,0.003244161605834961,1,1,1e-06,0.0
1,0.003384113311767578,1,1,1e-06,0.0
1,0.0220339298248291,1,1,1e-06,0.0
1,0.025847911834716797,1,1,1e-06,0.0
1,0.0032243728637695312,1,1,1e-06,0.0
1,0.0024538040161132812,1,1,1e-06,0.0
1,0.023804187774658203,1,1,1e-06,0.0
1,0.007538795471191406,1,1,1e-06,0.0
1,0.0030863285064697266,1,1,1e-06,0.0
1,0.0033202171325683594,1,1,1e-06,0.0
1,0.0035483837127685547,1,1,1e-06,0.0
1,0.00415349006652832,1,1,1e-06,0.0
1,0.0026655197143554688,1,1,1e-06,0.0
1,0.03846430778503418,1,1,1e-06,0.0
1,0.11520028114318848,1,1,1e-06,0.0
1,0.002221822738647461,1,1,1e-06,0.0
1,0.0021245479583740234,1,1,1e-06,0.0
1,0.0029091835021972656,1,1,1e-06,0.0
1,0.003705263137817383,1,1,1e-06,0.0
1,0.0025451183319091797,1,1,1e-06,0.0
1,0.003214120864868164,1,1,1e-06,0.0
1,0.0031456947326660156,1,1,1e-06,0.0
1,0.003523588180541992,1,1,1e-06,0.0
1,0.009793281555175781,1,1,1e-06,0.0
1,0.012021780014038086,1,1,1e-06,0.0
1,0.010781288146972656,1,1,1e-06,0.0
1,0.024337291717529297,1,1,1e-06,0.0
1,0.0035326480865478516,1,1,1e-06,0.0
1,0.2598288059234619,1,1,1e-06,0.0
1,0.0054013729095458984,1,1,1e-06,0.0
1,0.002335786819458008,1,1,1e-06,0.0
1,0.0018572807312011719,1,1,1e-06,0.0
1,0.0018978118896484375,1,1,1e-06,0.0
1,0.0021848678588867188,1,1,1e-06,0.0
1,0.0032529830932617188,1,1,1e-06,0.0
1,0.003785371780395508,1,1,1e-06,0.0
1,0.0029320716857910156,1,1,1e-06,0.0
1,0.0024957656860351562,1,1,1e-06,0.0
1,0.0019032955169677734,1,1,1e-06,0.0
1,0.0024182796478271484,1,1,1e-06,0.0
1,0.008153200149536133,1,1,1e-06,0.0
1,0.0025644302368164062,1,1,1e-06,0.0
1,0.0026912689208984375,1,1,1e-06,0.0
1,0.014692068099975586,1,1,1e-06,0.0
1,0.0038106441497802734,1,1,1e-06,0.0
1,0.005475044250488281,1,1,1e-06,0.0
1,0.0026099681854248047,1,1,1e-06,0.0
1,0.008263349533081055,1,1,1e-06,0.0
1,0.002527475357055664,1,1,1e-06,0.0
1,0.0034661293029785156,1,1,1e-06,0.0
1,0.0033414363861083984,1,1,1e-06,0.0
1,0.003287792205810547,1,1,1e-06,0.0
1,0.002825498580932617,1,1,1e-06,0.0
1,0.0037000179290771484,1,1,1e-06,0.0
1,0.0098114013671875,1,1,1e-06,0.0
1,0.004122257232666016,1,1,1e-06,0.0
1,0.00240325927734375,1,1,1e-06,0.0
1,0.0033774375915527344,1,1,1e-06,0.0
1,0.009771347045898438,1,1,1e-06,0.0
1,0.0023071765899658203,1,1,1e-06,0.0
1,0.00482487678527832,1,1,1e-06,0.0
1,0.0066568851470947266,1,1,1e-06,0.0
1,0.008777379989624023,1,1,1e-06,0.0
1,0.02559351921081543,1,1,1e-06,0.0
1,0.0031375885009765625,1,1,1e-06,0.0
1,0.03131532669067383,1,1,1e-06,0.0
1,0.005735874176025391,1,1,1e-06,0.0
1,0.004694938659667969,1,1,1e-06,0.0
1,0.002913951873779297,1,1,1e-06,0.0
1,0.048525094985961914,1,1,1e-06,0.0
1,0.0025916099548339844,1,1,1e-06,0.0
1,0.004691600799560547,1,1,1e-06,0.0
1,0.002756834030151367,1,1,1e-06,0.0
1,0.003640413284301758,1,1,1e-06,0.0
1,0.0032339096069335938,1,1,1e-06,0.0
1,0.003363370895385742,1,1,1e-06,0.0
1,0.006053924560546875,1,1,1e-06,0.0
1,0.051656484603881836,1,1,1e-06,0.0
1,0.003345012664794922,1,1,1e-06,0.0
1,0.003032684326171875,1,1,1e-06,0.0
1,0.0025713443756103516,1,1,1e-06,0.0
1,0.0033211708068847656,1,1,1e-06,0.0
1,0.0022385120391845703,1,1,1e-06,0.0
1,0.001995086669921875,1,1,1e-06,0.0
1,0.007067441940307617,1,1,1e-06,0.0
1,0.0019440650939941406,1,1,1e-06,0.0
1,0.0028259754180908203,1,1,1e-06,0.0
1,0.05316615104675293,1,1,1e-06,0.0
1,0.0027642250061035156,1,1,1e-06,0.0
1,0.002848386764526367,1,1,1e-06,0.0
1,0.0027222633361816406,1,1,1e-06,0.0
1,0.004423379898071289,1,1,1e-06,0.0
1,0.004862546920776367,1,1,1e-06,0.0
1,0.002146005630493164,1,1,1e-06,0.0
1,0.011531829833984375,1,1,1e-06,0.0
1,0.002733945846557617,1,1,1e-06,0.0
1,0.0020799636840820312,1,1,1e-06,0.0
1,0.0031061172485351562,1,1,1e-06,0.0
1,0.004492759704589844,1,1,1e-06,0.0
1,0.005819559097290039,1,1,1e-06,0.0
1,0.008682966232299805,1,1,1e-06,0.0
1,0.0028731822967529297,1,1,1e-06,0.0
1,0.0030965805053710938,1,1,1e-06,0.0
1,0.008375883102416992,1,1,1e-06,0.0
1,0.06979036331176758,1,1,1e-06,0.0
1,0.003857851028442383,1,1,1e-06,0.0
1,0.0050220489501953125,1,1,1e-06,0.0
1,0.0021867752075195312,1,1,1e-06,0.0
1,0.0021398067474365234,1,1,1e-06,0.0
1,0.026501893997192383,1,1,1e-06,0.0
1,0.03022146224975586,1,1,1e-06,0.0
1,0.0026047229766845703,1,1,1e-06,0.0
1,0.0028443336486816406,1,1,1e-06,0.0
1,0.0024209022521972656,1,1,1e-06,0.0
1,0.0026683807373046875,1,1,1e-06,0.0
1,0.0035049915313720703,1,1,1e-06,0.0
1,0.0038728713989257812,1,1,1e-06,0.0
1,0.002290487289428711,1,1,1e-06,0.0
1,0.002803802490234375,1,1,1e-06,0.0
1,0.0031082630157470703,1,1,1e-06,0.0
1,0.0026068687438964844,1,1,1e-06,0.0
1,0.003637075424194336,1,1,1e-06,0.0
1,0.002448558807373047,1,1,1e-06,0.0
1,0.004008054733276367,1,1,1e-06,0.0
1,0.0028579235076904297,1,1,1e-06,0.0
1,0.0034139156341552734,1,1,1e-06,0.0
1,0.0033147335052490234,1,1,1e-06,0.0
1,0.005329608917236328,1,1,1e-06,0.0
1,0.024079322814941406,1,1,1e-06,0.0
1,0.003003835678100586,1,1,1e-06,0.0
1,0.0022592544555664062,1,1,1e-06,0.0
1,0.002412557601928711,1,1,1e-06,0.0
1,0.0022735595703125,1,1,1e-06,0.0
1,0.002404451370239258,1,1,1e-06,0.0
1,0.0025963783264160156,1,1,1e-06,0.0
1,0.0024178028106689453,1,1,1e-06,0.0
1,0.004537105560302734,1,1,1e-06,0.0
1,0.004687309265136719,1,1,1e-06,0.0
1,0.005552053451538086,1,1,1e-06,0.0
1,0.003165721893310547,1,1,1e-06,0.0
1,0.003108501434326172,1,1,1e-06,0.0
1,0.0025725364685058594,1,1,1e-06,0.0
1,0.0062940120697021484,1,1,1e-06,0.0
1,0.0029103755950927734,1,1,1e-06,0.0
1,0.014995813369750977,1,1,1e-06,0.0
1,0.002969503402709961,1,1,1e-06,0.0
1,0.0024156570434570312,1,1,1e-06,0.0
1,0.020208120346069336,1,1,1e-06,0.0
1,0.0031175613403320312,1,1,1e-06,0.0
1,0.0032911300659179688,1,1,1e-06,0.0
1,0.0039980411529541016,1,1,1e-06,0.0
1,0.0031731128692626953,1,1,1e-06,0.0
1,0.020562171936035156,1,1,1e-06,0.0
1,0.0048449039459228516,1,1,1e-06,0.0
1,0.0038328170776367188,1,1,1e-06,0.0
1,0.027083873748779297,1,1,1e-06,0.0
1,0.0031824111938476562,1,1,1e-06,0.0
1,0.0039179325103759766,1,1,1e-06,0.0
1,0.003377199172973633,1,1,1e-06,0.0
1,0.03006911277770996,1,1,1e-06,0.0
1,0.006688594818115234,1,1,1e-06,0.0
1,0.006632566452026367,1,1,1e-06,0.0
1,0.002847909927368164,1,1,1e-06,0.0
1,0.0030362606048583984,1,1,1e-06,0.0
1,0.0027022361755371094,1,1,1e-06,0.0
1,0.004153013229370117,1,1,1e-06,0.0
1,0.005228996276855469,1,1,1e-06,0.0
1,0.017183780670166016,1,1,1e-06,0.0
1,0.003280162811279297,1,1,1e-06,0.0
1,0.0036194324493408203,1,1,1e-06,0.0
1,0.002938985824584961,1,1,1e-06,0.0
1,0.003731250762939453,1,1,1e-06,0.0
1,0.002179861068725586,1,1,1e-06,0.0
1,0.003195524215698242,1,1,1e-06,0.0
1,0.003063201904296875,1,1,1e-06,0.0
1,0.16040515899658203,1,1,1e-06,0.0
1,0.0021162033081054688,1,1,1e-06,0.0
1,0.002569913864135742,1,1,1e-06,0.0
1,0.003256559371948242,1,1,1e-06,0.0
1,0.003337383270263672,1,1,1e-06,0.0
1,0.005315542221069336,1,1,1e-06,0.0
1,0.0021822452545166016,1,1,1e-06,0.0
1,0.0026302337646484375,1,1,1e-06,0.0
1,0.0028693675994873047,1,1,1e-06,0.0
1,0.002552509307861328,1,1,1e-06,0.0
1,0.01500844955444336,1,1,1e-06,0.0
1,0.003435850143432617,1,1,1e-06,0.0
1,0.002227306365966797,1,1,1e-06,0.0
1,0.0024538040161132812,1,1,1e-06,0.0
1,0.008499622344970703,1,1,1e-06,0.0
1,0.05480599403381348,1,1,1e-06,0.0
1,0.0025496482849121094,1,1,1e-06,0.0
1,0.0032377243041992188,1,1,1e-06,0.0
1,0.002095937728881836,1,1,1e-06,0.0
1,0.0030126571655273438,1,1,1e-06,0.0
1,0.002567768096923828,1,1,1e-06,0.0
1,0.001992940902709961,1,1,1e-06,0.0
1,0.0021483898162841797,1,1,1e-06,0.0
1,0.0022127628326416016,1,1,1e-06,0.0
1,0.004677772521972656,1,1,1e-06,0.0
1,0.9967057704925537,1,1,1e-06,0.0
1,0.013840675354003906,1,1,1e-06,0.0
1,0.0031747817993164062,1,1,1e-06,0.0
1,0.002989530563354492,1,1,1e-06,0.0
1,0.0022177696228027344,1,1,1e-06,0.0
1,0.0035164356231689453,1,1,1e-06,0.0
1,0.002003192901611328,1,1,1e-06,0.0
1,0.002137422561645508,1,1,1e-06,0.0
1,0.0023779869079589844,1,1,1e-06,0.0
1,0.0020904541015625,1,1,1e-06,0.0
1,0.0024232864379882812,1,1,1e-06,0.0
1,0.0033669471740722656,1,1,1e-06,0.0
1,0.003570556640625,1,1,1e-06,0.0
1,0.002198457717895508,1,1,1e-06,0.0
1,0.002313375473022461,1,1,1e-06,0.0
1,0.0028400421142578125,1,1,1e-06,0.0
1,0.002269744873046875,1,1,1e-06,0.0
1,0.0027599334716796875,1,1,1e-06,0.0
1,0.0024034976959228516,1,1,1e-06,0.0
1,0.0027608871459960938,1,1,1e-06,0.0
1,0.013088226318359375,1,1,1e-06,0.0
1,0.0030031204223632812,1,1,1e-06,0.0
1,0.002712726593017578,1,1,1e-06,0.0
1,0.026867151260375977,1,1,1e-06,0.0
1,0.002643585205078125,1,1,1e-06,0.0
1,0.001943349838256836,1,1,1e-06,0.0
1,0.0024709701538085938,1,1,1e-06,0.0
1,0.026389360427856445,1,1,1e-06,0.0
1,0.0019953250885009766,1,1,1e-06,0.0
1,0.0020661354064941406,1,1,1e-06,0.0
1,0.0037717819213867188,1,1,1e-06,0.0
1,0.0027091503143310547,1,1,1e-06,0.0
1,0.0021424293518066406,1,1,1e-06,0.0
1,0.6571311950683594,1,1,1e-06,0.0
1,0.003474712371826172,1,1,1e-06,0.0
1,0.0026726722717285156,1,1,1e-06,0.0
1,0.003016948699951172,1,1,1e-06,0.0
1,0.002838611602783203,1,1,1e-06,0.0
1,0.0027489662170410156,1,1,1e-06,0.0
1,0.0028929710388183594,1,1,1e-06,0.0
1,0.002356290817260742,1,1,1e-06,0.0
1,0.0029578208923339844,1,1,1e-06,0.0
1,0.0023183822631835938,1,1,1e-06,0.0
1,0.03211236000061035,1,1,1e-06,0.0
1,0.002916097640991211,1,1,1e-06,0.0
1,0.017514944076538086,1,1,1e-06,0.0
1,0.003949403762817383,1,1,1e-06,0.0
1,0.003699779510498047,1,1,1e-06,0.0
1,0.0026569366455078125,1,1,1e-06,0.0
1,0.009537220001220703,1,1,1e-06,0.0
1,0.0036313533782958984,1,1,1e-06,0.0
1,0.0030939579010009766,1,1,1e-06,0.0
1,0.00551295280456543,1,1,1e-06,0.0
1,0.005635261535644531,1,1,1e-06,0.0
1,0.004199504852294922,1,1,1e-06,0.0
1,0.04888772964477539,1,1,1e-06,0.0
1,0.041106462478637695,1,1,1e-06,0.0
1,0.07155299186706543,1,1,1e-06,0.0
1,0.0030088424682617188,1,1,1e-06,0.0
1,0.0037338733673095703,1,1,1e-06,0.0
1,0.003282308578491211,1,1,1e-06,0.0
1,0.021251678466796875,1,1,1e-06,0.0
1,0.002879619598388672,1,1,1e-06,0.0
1,0.0024635791778564453,1,1,1e-06,0.0
1,0.004155874252319336,1,1,1e-06,0.0
1,0.004535675048828125,1,1,1e-06,0.0
1,0.004866123199462891,1,1,1e-06,0.0
1,0.00425410270690918,1,1,1e-06,0.0
1,0.004877328872680664,1,1,1e-06,0.0
1,0.029505491256713867,1,1,1e-06,0.0
1,0.004859209060668945,1,1,1e-06,0.0
1,0.003931760787963867,1,1,1e-06,0.0
1,0.0034439563751220703,1,1,1e-06,0.0
1,0.00295257568359375,1,1,1e-06,0.0
1,0.021470308303833008,1,1,1e-06,0.0
1,0.002176523208618164,1,1,1e-06,0.0
1,0.0034089088439941406,1,1,1e-06,0.0
1,0.002851724624633789,1,1,1e-06,0.0
1,0.003943681716918945,1,1,1e-06,0.0
1,0.0026886463165283203,1,1,1e-06,0.0
1,0.0030395984649658203,1,1,1e-06,0.0
1,0.0023717880249023438,1,1,1e-06,0.0
1,0.0031027793884277344,1,1,1e-06,0.0
1,0.015845298767089844,1,1,1e-06,0.0
1,0.023606300354003906,1,1,1e-06,0.0
1,0.003824472427368164,1,1,1e-06,0.0
1,0.003879070281982422,1,1,1e-06,0.0
1,0.02081584930419922,1,1,1e-06,0.0
1,0.0035355091094970703,1,1,1e-06,0.0
1,0.0034711360931396484,1,1,1e-06,0.0
1,0.01561737060546875,1,1,1e-06,0.0
1,0.001909494400024414,1,1,1e-06,0.0
1,0.00222015380859375,1,1,1e-06,0.0
1,0.0028769969940185547,1,1,1e-06,0.0
1,0.0031375885009765625,1,1,1e-06,0.0
1,0.006005525588989258,1,1,1e-06,0.0
1,0.0021026134490966797,1,1,1e-06,0.0
1,0.003392934799194336,1,1,1e-06,0.0
1,0.018637657165527344,1,1,1e-06,0.0
1,0.004403829574584961,1,1,1e-06,0.0
1,0.002256631851196289,1,1,1e-06,0.0
1,0.002532482147216797,1,1,1e-06,0.0
1,0.005536317825317383,1,1,1e-06,0.0
1,0.28443217277526855,1,1,1e-06,0.0
1,0.0033750534057617188,1,1,1e-06,0.0
1,0.006331920623779297,1,1,1e-06,0.0
1,0.003043651580810547,1,1,1e-06,0.0
1,0.004849672317504883,1,1,1e-06,0.0
1,0.00276947021484375,1,1,1e-06,0.0
1,0.009976863861083984,1,1,1e-06,0.0
1,0.0035376548767089844,1,1,1e-06,0.0
1,0.005930900573730469,1,1,1e-06,0.0
1,0.0043337345123291016,1,1,1e-06,0.0
1,0.008297204971313477,1,1,1e-06,0.0
1,0.0025005340576171875,1,1,1e-06,0.0
1,0.002695798873901367,1,1,1e-06,0.0
1,0.01327204704284668,1,1,1e-06,0.0
1,0.004098415374755859,1,1,1e-06,0.0
1,0.003133058547973633,1,1,1e-06,0.0
1,0.0027425289154052734,1,1,1e-06,0.0
1,0.03489565849304199,1,1,1e-06,0.0
1,0.003216981887817383,1,1,1e-06,0.0
1,0.006087303161621094,1,1,1e-06,0.0
1,0.009183168411254883,1,1,1e-06,0.0
1,0.06766557693481445,1,1,1e-06,0.0
1,0.0032770633697509766,1,1,1e-06,0.0
1,0.016573429107666016,1,1,1e-06,0.0
1,0.0031235218048095703,1,1,1e-06,0.0
1,0.0039021968841552734,1,1,1e-06,0.0
1,0.009850502014160156,1,1,1e-06,0.0
1,0.008240938186645508,1,1,1e-06,0.0
1,0.00799703598022461,1,1,1e-06,0.0
1,0.031201839447021484,1,1,1e-06,0.0
1,0.003297090530395508,1,1,1e-06,0.0
1,0.0029981136322021484,1,1,1e-06,0.0
1,0.004387378692626953,1,1,1e-06,0.0
1,0.003317117691040039,1,1,1e-06,0.0
1,0.008639812469482422,1,1,1e-06,0.0
1,0.0033550262451171875,1,1,1e-06,0.0
1,0.0039293766021728516,1,1,1e-06,0.0
1,0.003557920455932617,1,1,1e-06,0.0
1,0.005477428436279297,1,1,1e-06,0.0
1,0.0030596256256103516,1,1,1e-06,0.0
1,0.0047109127044677734,1,1,1e-06,0.0
1,0.004034519195556641,1,1,1e-06,0.0
1,0.0035657882690429688,1,1,1e-06,0.0
1,0.0027282238006591797,1,1,1e-06,0.0
1,0.0040013790130615234,1,1,1e-06,0.0
1,0.003812074661254883,1,1,1e-06,0.0
1,0.06089019775390625,1,1,1e-06,0.0
1,0.003565073013305664,1,1,1e-06,0.0
1,0.0031213760375976562,1,1,1e-06,0.0
1,0.0031206607818603516,1,1,1e-06,0.0
1,0.003335714340209961,1,1,1e-06,0.0
1,0.0031898021697998047,1,1,1e-06,0.0
1,0.05413389205932617,1,1,1e-06,0.0
1,0.0036313533782958984,1,1,1e-06,0.0
1,0.009499311447143555,1,1,1e-06,0.0
1,0.00319671630859375,1,1,1e-06,0.0
1,0.003432035446166992,1,1,1e-06,0.0
1,0.0034902095794677734,1,1,1e-06,0.0
1,0.003401041030883789,1,1,1e-06,0.0
1,0.021035432815551758,1,1,1e-06,0.0
1,0.012682199478149414,1,1,1e-06,0.0
1,0.0028839111328125,1,1,1e-06,0.0
1,0.021259307861328125,1,1,1e-06,0.0
1,0.004277229309082031,1,1,1e-06,0.0
1,0.004152774810791016,1,1,1e-06,0.0
1,0.0056378841400146484,1,1,1e-06,0.0
1,0.0033822059631347656,1,1,1e-06,0.0
1,0.003412961959838867,1,1,1e-06,0.0
1,0.005289793014526367,1,1,1e-06,0.0
1,0.0029077529907226562,1,1,1e-06,0.0
1,0.02145242691040039,1,1,1e-06,0.0
1,0.00225067138671875,1,1,1e-06,0.0
1,0.002424478530883789,1,1,1e-06,0.0
1,0.0565946102142334,1,1,1e-06,0.0
1,0.00321197509765625,1,1,1e-06,0.0
1,0.003252744674682617,1,1,1e-06,0.0
1,0.002396821975708008,1,1,1e-06,0.0
1,0.003323793411254883,1,1,1e-06,0.0
1,0.010680198669433594,1,1,1e-06,0.0
1,0.002487659454345703,1,1,1e-06,0.0
1,0.0033516883850097656,1,1,1e-06,0.0
1,0.0025696754455566406,1,1,1e-06,0.0
1,0.007871866226196289,1,1,1e-06,0.0
1,0.004022121429443359,1,1,1e-06,0.0
1,0.024060487747192383,1,1,1e-06,0.0
1,0.004602193832397461,1,1,1e-06,0.0
1,0.004416704177856445,1,1,1e-06,0.0
1,0.010161876678466797,1,1,1e-06,0.0
1,0.003799915313720703,1,1,1e-06,0.0
1,0.0033926963806152344,1,1,1e-06,0.0
1,0.15271401405334473,1,1,1e-06,0.0
1,0.002007722854614258,1,1,1e-06,0.0
1,0.0028600692749023438,1,1,1e-06,0.0
1,0.0021822452545166016,1,1,1e-06,0.0
1,0.012915611267089844,1,1,1e-06,0.0
1,0.0032918453216552734,1,1,1e-06,0.0
1,0.0037126541137695312,1,1,1e-06,0.0
1,0.002588987350463867,1,1,1e-06,0.0
1,0.004137516021728516,1,1,1e-06,0.0
1,0.08545231819152832,1,1,1e-06,0.0
1,0.004815340042114258,1,1,1e-06,0.0
1,0.002858877182006836,1,1,1e-06,0.0
1,0.0025038719177246094,1,1,1e-06,0.0
1,0.015378713607788086,1,1,1e-06,0.0
1,0.0025963783264160156,1,1,1e-06,0.0
1,0.002569437026977539,1,1,1e-06,0.0
1,0.039643287658691406,1,1,1e-06,0.0
1,0.0029134750366210938,1,1,1e-06,0.0
1,0.0030069351196289062,1,1,1e-06,0.0
1,0.021458864212036133,1,1,1e-06,0.0
1,0.0032112598419189453,1,1,1e-06,0.0
1,0.002990245819091797,1,1,1e-06,0.0
1,0.0062716007232666016,1,1,1e-06,0.0
1,0.003083944320678711,1,1,1e-06,0.0
1,0.030124664306640625,1,1,1e-06,0.0
1,0.0028684139251708984,1,1,1e-06,0.0
1,0.007590532302856445,1,1,1e-06,0.0
1,0.00487065315246582,1,1,1e-06,0.0
1,0.0052683353424072266,1,1,1e-06,0.0
1,0.017943859100341797,1,1,1e-06,0.0
1,0.002420186996459961,1,1,1e-06,0.0
1,0.003281116485595703,1,1,1e-06,0.0
1,0.0037271976470947266,1,1,1e-06,0.0
1,0.06728458404541016,1,1,1e-06,0.0
1,0.003123044967651367,1,1,1e-06,0.0
1,0.0028078556060791016,1,1,1e-06,0.0
1,0.0022017955780029297,1,1,1e-06,0.0
1,0.0023202896118164062,1,1,1e-06,0.0
1,0.0035195350646972656,1,1,1e-06,0.0
1,0.0023865699768066406,1,1,1e-06,0.0
1,0.0020241737365722656,1,1,1e-06,0.0
1,0.0019483566284179688,1,1,1e-06,0.0
1,0.006898164749145508,1,1,1e-06,0.0
1,0.0024323463439941406,1,1,1e-06,0.0
1,0.001974344253540039,1,1,1e-06,0.0
1,0.0018510818481445312,1,1,1e-06,0.0
1,0.01786351203918457,1,1,1e-06,0.0
1,0.00789952278137207,1,1,1e-06,0.0
1,0.035193443298339844,1,1,1e-06,0.0
1,0.003112316131591797,1,1,1e-06,0.0
1,0.006246328353881836,1,1,1e-06,0.0
1,0.0024394989013671875,1,1,1e-06,0.0
1,0.003226757049560547,1,1,1e-06,0.0
1,0.0030493736267089844,1,1,1e-06,0.0
1,0.00348663330078125,1,1,1e-06,0.0
1,0.1398024559020996,1,1,1e-06,0.0
1,0.002428770065307617,1,1,1e-06,0.0
1,0.0050716400146484375,1,1,1e-06,0.0
1,0.013197898864746094,1,1,1e-06,0.0
1,0.0029654502868652344,1,1,1e-06,0.0
1,0.002212047576904297,1,1,1e-06,0.0
1,0.0019664764404296875,1,1,1e-06,0.0
1,0.0025620460510253906,1,1,1e-06,0.0
1,0.003421306610107422,1,1,1e-06,0.0
1,0.0053751468658447266,1,1,1e-06,0.0
1,0.0024521350860595703,1,1,1e-06,0.0
1,0.0161592960357666,1,1,1e-06,0.0
1,0.002124309539794922,1,1,1e-06,0.0
1,0.024646520614624023,1,1,1e-06,0.0
1,0.07210683822631836,1,1,1e-06,0.0
1,0.04319572448730469,1,1,1e-06,0.0
1,0.0059947967529296875,1,1,1e-06,0.0
1,0.003812551498413086,1,1,1e-06,0.0
1,0.002971649169921875,1,1,1e-06,0.0
1,0.002626657485961914,1,1,1e-06,0.0
1,0.002895355224609375,1,1,1e-06,0.0
1,0.0024955272674560547,1,1,1e-06,0.0
1,0.011813640594482422,1,1,1e-06,0.0
1,0.024865388870239258,1,1,1e-06,0.0
1,0.002282857894897461,1,1,1e-06,0.0
1,0.00363922119140625,1,1,1e-06,0.0
1,0.019823074340820312,1,1,1e-06,0.0
1,0.05189871788024902,1,1,1e-06,0.0
1,0.07500386238098145,1,1,1e-06,0.0
1,0.0049152374267578125,1,1,1e-06,0.0
1,0.0038466453552246094,1,1,1e-06,0.0
1,0.0029070377349853516,1,1,1e-06,0.0
1,0.021253108978271484,1,1,1e-06,0.0
1,0.002889394760131836,1,1,1e-06,0.0
1,0.0025527477264404297,1,1,1e-06,0.0
1,0.0021407604217529297,1,1,1e-06,0.0
1,0.004256725311279297,1,1,1e-06,0.0
1,0.004011869430541992,1,1,1e-06,0.0
1,0.002713441848754883,1,1,1e-06,0.0
1,0.003670215606689453,1,1,1e-06,0.0
1,0.014231681823730469,1,1,1e-06,0.0
1,0.0023152828216552734,1,1,1e-06,0.0
1,0.002618551254272461,1,1,1e-06,0.0
1,0.0029799938201904297,1,1,1e-06,0.0
1,0.03215813636779785,1,1,1e-06,0.0
1,0.0028944015502929688,1,1,1e-06,0.0
1,0.013460397720336914,1,1,1e-06,0.0
1,0.002399921417236328,1,1,1e-06,0.0
1,0.002124309539794922,1,1,1e-06,0.0
1,0.0019707679748535156,1,1,1e-06,0.0
1,0.006591320037841797,1,1,1e-06,0.0
1,0.014336109161376953,1,1,1e-06,0.0
1,0.021956205368041992,1,1,1e-06,0.0
1,0.0028498172760009766,1,1,1e-06,0.0
1,0.003102540969848633,1,1,1e-06,0.0
1,0.9775328636169434,1,1,1e-06,0.0
1,0.004456996917724609,1,1,1e-06,0.0
1,0.004893064498901367,1,1,1e-06,0.0
1,0.005609035491943359,1,1,1e-06,0.0
1,0.0031003952026367188,1,1,1e-06,0.0
1,0.018204450607299805,1,1,1e-06,0.0
1,0.005619525909423828,1,1,1e-06,0.0
1,0.004208564758300781,1,1,1e-06,0.0
1,0.0024635791778564453,1,1,1e-06,0.0
1,0.0022373199462890625,1,1,1e-06,0.0
1,0.002683877944946289,1,1,1e-06,0.0
1,0.009414911270141602,1,1,1e-06,0.0
1,0.004302024841308594,1,1,1e-06,0.0
1,0.0036423206329345703,1,1,1e-06,0.0
1,0.0065724849700927734,1,1,1e-06,0.0
1,0.006848812103271484,1,1,1e-06,0.0
1,0.006042003631591797,1,1,1e-06,0.0
1,0.00606536865234375,1,1,1e-06,0.0
1,0.0046269893646240234,1,1,1e-06,0.0
1,0.009426116943359375,1,1,1e-06,0.0
1,0.006089448928833008,1,1,1e-06,0.0
1,0.004971504211425781,1,1,1e-06,0.0
1,0.007848501205444336,1,1,1e-06,0.0
1,0.0038149356842041016,1,1,1e-06,0.0
1,0.0023560523986816406,1,1,1e-06,0.0
1,0.003856182098388672,1,1,1e-06,0.0
1,0.0049877166748046875,1,1,1e-06,0.0
1,0.004330635070800781,1,1,1e-06,0.0
1,0.007323265075683594,1,1,1e-06,0.0
1,0.011336565017700195,1,1,1e-06,0.0
1,0.0026934146881103516,1,1,1e-06,0.0
1,0.0023093223571777344,1,1,1e-06,0.0
1,0.002778768539428711,1,1,1e-06,0.0
1,0.002625703811645508,1,1,1e-06,0.0
1,0.008503913879394531,1,1,1e-06,0.0
1,0.03399801254272461,1,1,1e-06,0.0
1,0.009040594100952148,1,1,1e-06,0.0
1,0.005715131759643555,1,1,1e-06,0.0
1,0.0030851364135742188,1,1,1e-06,0.0
1,0.02508831024169922,1,1,1e-06,0.0
1,0.003081798553466797,1,1,1e-06,0.0
1,0.0021610260009765625,1,1,1e-06,0.0
1,0.0025818347930908203,1,1,1e-06,0.0
0,1.438410758972168,0,0,,0.0
1,0.004755973815917969,1,1,1e-06,0.0
1,0.002634763717651367,1,1,1e-06,0.0
1,0.002731800079345703,1,1,1e-06,0.0
1,0.005784749984741211,1,1,1e-06,0.0
1,0.0025758743286132812,1,1,1e-06,0.0
1,0.003238677978515625,1,1,1e-06,0.0
1,0.012105464935302734,1,1,1e-06,0.0
1,0.0023920536041259766,1,1,1e-06,0.0
1,0.002274751663208008,1,1,1e-06,0.0
1,0.002681732177734375,1,1,1e-06,0.0
1,0.002917051315307617,1,1,1e-06,0.0
1,0.0023169517517089844,1,1,1e-06,0.0
1,0.002567768096923828,1,1,1e-06,0.0
1,0.0024247169494628906,1,1,1e-06,0.0
1,0.004568815231323242,1,1,1e-06,0.0
1,0.0024003982543945312,1,1,1e-06,0.0
1,0.024254798889160156,1,1,1e-06,0.0
1,0.0024595260620117188,1,1,1e-06,0.0
1,0.0038118362426757812,1,1,1e-06,0.0
1,0.04011392593383789,1,1,1e-06,0.0
1,0.0021152496337890625,1,1,1e-06,0.0
1,0.0027925968170166016,1,1,1e-06,0.0
1,0.0025916099548339844,1,1,1e-06,0.0
1,0.0023348331451416016,1,1,1e-06,0.0
1,0.0025780200958251953,1,1,1e-06,0.0
1,0.0027959346771240234,1,1,1e-06,0.0
1,0.0037603378295898438,1,1,1e-06,0.0
1,0.0021276473999023438,1,1,1e-06,0.0
1,0.002523183822631836,1,1,1e-06,0.0
1,0.0025680065155029297,1,1,1e-06,0.0
1,0.001972198486328125,1,1,1e-06,0.0
1,0.0022094249725341797,1,1,1e-06,0.0
1,0.002920866012573242,1,1,1e-06,0.0
1,0.017896413803100586,1,1,1e-06,0.0
1,0.013836860656738281,1,1,1e-06,0.0
1,0.003061532974243164,1,1,1e-06,0.0
1,0.003387928009033203,1,1,1e-06,0.0
1,0.008666276931762695,1,1,1e-06,0.0
1,0.003256082534790039,1,1,1e-06,0.0
1,0.0027637481689453125,1,1,1e-06,0.0
1,0.0031654834747314453,1,1,1e-06,0.0
1,0.005513668060302734,1,1,1e-06,0.0
1,0.0022246837615966797,1,1,1e-06,0.0
1,0.002376556396484375,1,1,1e-06,0.0
1,0.0021162033081054688,1,1,1e-06,0.0
1,0.00405573844909668,1,1,1e-06,0.0
1,0.004511833190917969,1,1,1e-06,0.0
1,0.0025675296783447266,1,1,1e-06,0.0
1,0.004799842834472656,1,1,1e-06,0.0
1,0.0045528411865234375,1,1,1e-06,0.0
1,0.002727508544921875,1,1,1e-06,0.0
1,0.0033833980560302734,1,1,1e-06,0.0
1,0.0022330284118652344,1,1,1e-06,0.0
1,0.0021712779998779297,1,1,1e-06,0.0
1,0.008231878280639648,1,1,1e-06,0.0
1,0.0023345947265625,1,1,1e-06,0.0
1,0.002318859100341797,1,1,1e-06,0.0
1,0.0018172264099121094,1,1,1e-06,0.0
1,0.020538806915283203,1,1,1e-06,0.0
1,0.0028121471405029297,1,1,1e-06,0.0
1,0.0032806396484375,1,1,1e-06,0.0
1,0.014745712280273438,1,1,1e-06,0.0
1,0.0032379627227783203,1,1,1e-06,0.0
1,0.01943039894104004,1,1,1e-06,0.0
1,0.0037200450897216797,1,1,1e-06,0.0
1,0.002552032470703125,1,1,1e-06,0.0
1,0.00274658203125,1,1,1e-06,0.0
1,0.003278970718383789,1,1,1e-06,0.0
1,0.006104707717895508,1,1,1e-06,0.0
1,0.0037009716033935547,1,1,1e-06,0.0
1,0.00416874885559082,1,1,1e-06,0.0
1,0.004099845886230469,1,1,1e-06,0.0
1,0.004072666168212891,1,1,1e-06,0.0
1,0.04312539100646973,1,1,1e-06,0.0
1,0.014777898788452148,1,1,1e-06,0.0
1,0.015559911727905273,1,1,1e-06,0.0
1,0.0024979114532470703,1,1,1e-06,0.0
1,0.0034499168395996094,1,1,1e-06,0.0
1,0.0032830238342285156,1,1,1e-06,0.0
1,0.024295568466186523,1,1,1e-06,0.0
1,0.002705097198486328,1,1,1e-06,0.0
1,0.0029654502868652344,1,1,1e-06,0.0
1,0.016088008880615234,1,1,1e-06,0.0
1,0.04119396209716797,1,1,1e-06,0.0
1,0.0026700496673583984,1,1,1e-06,0.0
1,0.01383519172668457,1,1,1e-06,0.0
1,0.03454422950744629,1,1,1e-06,0.0
1,0.046681880950927734,1,1,1e-06,0.0
1,0.002446413040161133,1,1,1e-06,0.0
1,0.002405405044555664,1,1,1e-06,0.0
1,0.0030164718627929688,1,1,1e-06,0.0
1,0.002421140670776367,1,1,1e-06,0.0
1,0.032928466796875,1,1,1e-06,0.0
1,0.002308368682861328,1,1,1e-06,0.0
1,0.01909351348876953,1,1,1e-06,0.0
1,0.017761707305908203,1,1,1e-06,0.0
1,0.0031387805938720703,1,1,1e-06,0.0
1,0.0029478073120117188,1,1,1e-06,0.0
1,0.0018846988677978516,1,1,1e-06,0.0
1,0.004182100296020508,1,1,1e-06,0.0
1,0.002858877182006836,1,1,1e-06,0.0
1,0.003278970718383789,1,1,1e-06,0.0
1,0.0041468143463134766,1,1,1e-06,0.0
1,0.0042765140533447266,1,1,1e-06,0.0
1,0.0072803497314453125,1,1,1e-06,0.0
1,0.020843029022216797,1,1,1e-06,0.0
1,0.002060413360595703,1,1,1e-06,0.0
1,0.004560708999633789,1,1,1e-06,0.0
1,0.0021522045135498047,1,1,1e-06,0.0
1,0.0017445087432861328,1,1,1e-06,0.0
1,0.022955656051635742,1,1,1e-06,0.0
1,0.02028179168701172,1,1,1e-06,0.0
1,0.012782096862792969,1,1,1e-06,0.0
1,0.0034110546112060547,1,1,1e-06,0.0
1,0.001779794692993164,1,1,1e-06,0.0
1,0.0020956993103027344,1,1,1e-06,0.0
1,0.0025718212127685547,1,1,1e-06,0.0
1,0.004591226577758789,1,1,1e-06,0.0
1,0.0026912689208984375,1,1,1e-06,0.0
1,0.003763437271118164,1,1,1e-06,0.0
1,0.003078460693359375,1,1,1e-06,0.0
1,0.0021009445190429688,1,1,1e-06,0.0
1,0.003923892974853516,1,1,1e-06,0.0
1,0.0022008419036865234,1,1,1e-06,0.0
1,0.0031435489654541016,1,1,1e-06,0.0
1,0.014075517654418945,1,1,1e-06,0.0
1,0.003813028335571289,1,1,1e-06,0.0
1,0.04623293876647949,1,1,1e-06,0.0
1,0.0029108524322509766,1,1,1e-06,0.0
1,0.0027115345001220703,1,1,1e-06,0.0
1,0.002910137176513672,1,1,1e-06,0.0
1,0.002105236053466797,1,1,1e-06,0.0
1,0.001953601837158203,1,1,1e-06,0.0
1,0.0024442672729492188,1,1,1e-06,0.0
1,0.0036764144897460938,1,1,1e-06,0.0
1,0.0034608840942382812,1,1,1e-06,0.0
1,0.008268117904663086,1,1,1e-06,0.0
1,0.0021207332611083984,1,1,1e-06,0.0
1,0.0018453598022460938,1,1,1e-06,0.0
1,0.002440214157104492,1,1,1e-06,0.0
1,0.005949258804321289,1,1,1e-06,0.0
1,0.0022051334381103516,1,1,1e-06,0.0
1,0.0033419132232666016,1,1,1e-06,0.0
1,0.0037620067596435547,1,1,1e-06,0.0
1,0.002345561981201172,1,1,1e-06,0.0
1,0.004175662994384766,1,1,1e-06,0.0
1,0.02684307098388672,1,1,1e-06,0.0
1,0.0028815269470214844,1,1,1e-06,0.0
1,0.00436711311340332,1,1,1e-06,0.0
1,0.0033326148986816406,1,1,1e-06,0.0
1,0.002561330795288086,1,1,1e-06,0.0
1,0.002675771713256836,1,1,1e-06,0.0
1,0.012851476669311523,1,1,1e-06,0.0
1,0.002483844757080078,1,1,1e-06,0.0
1,0.0026502609252929688,1,1,1e-06,0.0
1,0.04124021530151367,1,1,1e-06,0.0
1,0.0025954246520996094,1,1,1e-06,0.0
1,0.0023741722106933594,1,1,1e-06,0.0
1,0.010585784912109375,1,1,1e-06,0.0
1,0.018855571746826172,1,1,1e-06,0.0
1,0.0020821094512939453,1,1,1e-06,0.0
1,0.0019652843475341797,1,1,1e-06,0.0
1,0.00176239013671875,1,1,1e-06,0.0
1,0.002437114715576172,1,1,1e-06,0.0
1,0.004490375518798828,1,1,1e-06,0.0
1,0.0025992393493652344,1,1,1e-06,0.0
1,0.0019063949584960938,1,1,1e-06,0.0
1,0.002317667007446289,1,1,1e-06,0.0
1,0.002912759780883789,1,1,1e-06,0.0
1,0.0061266422271728516,1,1,1e-06,0.0
1,0.004571676254272461,1,1,1e-06,0.0
1,0.0041201114654541016,1,1,1e-06,0.0
1,0.005421638488769531,1,1,1e-06,0.0
1,0.003448486328125,1,1,1e-06,0.0
1,0.004338979721069336,1,1,1e-06,0.0
1,0.01798081398010254,1,1,1e-06,0.0
1,0.02699756622314453,1,1,1e-06,0.0
1,0.02277660369873047,1,1,1e-06,0.0
1,0.002180337905883789,1,1,1e-06,0.0
1,0.0028269290924072266,1,1,1e-06,0.0
1,0.0029010772705078125,1,1,1e-06,0.0
1,0.003086566925048828,1,1,1e-06,0.0
1,0.0027923583984375,1,1,1e-06,0.0
1,0.002341747283935547,1,1,1e-06,0.0
1,0.0149688720703125,1,1,1e-06,0.0
1,0.0022916793823242188,1,1,1e-06,0.0
1,0.0020399093627929688,1,1,1e-06,0.0
1,0.0031480789184570312,1,1,1e-06,0.0
1,0.0024404525756835938,1,1,1e-06,0.0
1,0.0025289058685302734,1,1,1e-06,0.0
1,0.0020918846130371094,1,1,1e-06,0.0
1,0.0016665458679199219,1,1,1e-06,0.0
1,0.004643678665161133,1,1,1e-06,0.0
1,0.004580020904541016,1,1,1e-06,0.0
1,0.006878852844238281,1,1,1e-06,0.0
1,0.0021910667419433594,1,1,1e-06,0.0
1,0.003043651580810547,1,1,1e-06,0.0
1,0.004110097885131836,1,1,1e-06,0.0
1,0.006058216094970703,1,1,1e-06,0.0
1,0.002605438232421875,1,1,1e-06,0.0
1,0.002640962600708008,1,1,1e-06,0.0
1,0.005418062210083008,1,1,1e-06,0.0
1,0.0036077499389648438,1,1,1e-06,0.0
1,0.0026798248291015625,1,1,1e-06,0.0
1,0.0019762516021728516,1,1,1e-06,0.0
1,0.0021321773529052734,1,1,1e-06,0.0
1,0.0036563873291015625,1,1,1e-06,0.0
1,0.0026378631591796875,1,1,1e-06,0.0
1,0.002630949020385742,1,1,1e-06,0.0
1,0.00257110595703125,1,1,1e-06,0.0
1,0.016623497009277344,1,1,1e-06,0.0
1,0.0023975372314453125,1,1,1e-06,0.0
1,0.005308389663696289,1,1,1e-06,0.0
1,0.003462553024291992,1,1,1e-06,0.0
1,0.004204750061035156,1,1,1e-06,0.0
1,0.002879619598388672,1,1,1e-06,0.0
1,0.0034453868865966797,1,1,1e-06,0.0
1,0.0022916793823242188,1,1,1e-06,0.0
1,0.009668111801147461,1,1,1e-06,0.0
1,0.004106044769287109,1,1,1e-06,0.0
1,0.0036711692810058594,1,1,1e-06,0.0
1,0.003817319869995117,1,1,1e-06,0.0
1,0.003325223922729492,1,1,1e-06,0.0
1,0.009259939193725586,1,1,1e-06,0.0
1,0.0061757564544677734,1,1,1e-06,0.0
1,0.003720521926879883,1,1,1e-06,0.0
1,0.0033969879150390625,1,1,1e-06,0.0
1,0.0026764869689941406,1,1,1e-06,0.0
1,0.003192424774169922,1,1,1e-06,0.0
1,0.0026748180389404297,1,1,1e-06,0.0
1,0.0034012794494628906,1,1,1e-06,0.0
1,0.0022706985473632812,1,1,1e-06,0.0
1,0.0018777847290039062,1,1,1e-06,0.0
1,0.0015757083892822266,1,1,1e-06,0.0
1,0.014019489288330078,1,1,1e-06,0.0
1,0.004422903060913086,1,1,1e-06,0.0
1,0.004683732986450195,1,1,1e-06,0.0
1,0.0025260448455810547,1,1,1e-06,0.0
1,0.015514612197875977,1,1,1e-06,0.0
1,0.0026755332946777344,1,1,1e-06,0.0
1,0.002757549285888672,1,1,1e-06,0.0
1,0.0027098655700683594,1,1,1e-06,0.0
1,0.0030374526977539062,1,1,1e-06,0.0
1,0.004921674728393555,1,1,1e-06,0.0
1,0.00477290153503418,1,1,1e-06,0.0
1,0.002972126007080078,1,1,1e-06,0.0
1,0.002955198287963867,1,1,1e-06,0.0
1,0.0045053958892822266,1,1,1e-06,0.0
1,0.008640527725219727,1,1,1e-06,0.0
1,0.0030515193939208984,1,1,1e-06,0.0
1,0.004875659942626953,1,1,1e-06,0.0
1,0.002695798873901367,1,1,1e-06,0.0
1,0.0027942657470703125,1,1,1e-06,0.0
1,0.003949880599975586,1,1,1e-06,0.0
1,0.004446268081665039,1,1,1e-06,0.0
1,0.006418704986572266,1,1,1e-06,0.0
1,0.008158206939697266,1,1,1e-06,0.0
1,0.002103090286254883,1,1,1e-06,0.0
1,0.0339512825012207,1,1,1e-06,0.0
1,0.011583566665649414,1,1,1e-06,0.0
1,0.0022957324981689453,1,1,1e-06,0.0
1,0.003618478775024414,1,1,1e-06,0.0
1,0.004460811614990234,1,1,1e-06,0.0
1,0.005770206451416016,1,1,1e-06,0.0
1,0.0033652782440185547,1,1,1e-06,0.0
1,0.007245302200317383,1,1,1e-06,0.0
1,0.0020835399627685547,1,1,1e-06,0.0
1,0.004158973693847656,1,1,1e-06,0.0
1,0.007534503936767578,1,1,1e-06,0.0
1,0.0048732757568359375,1,1,1e-06,0.0
1,0.002454519271850586,1,1,1e-06,0.0
1,0.005570888519287109,1,1,1e-06,0.0
1,0.0024144649505615234,1,1,1e-06,0.0
1,0.0023193359375,1,1,1e-06,0.0
1,0.0023534297943115234,1,1,1e-06,0.0
1,0.0021495819091796875,1,1,1e-06,0.0
1,0.002415180206298828,1,1,1e-06,0.0
1,0.004433631896972656,1,1,1e-06,0.0
1,0.0034265518188476562,1,1,1e-06,0.0
1,0.01625823974609375,1,1,1e-06,0.0
1,0.006746530532836914,1,1,1e-06,0.0
1,0.003008127212524414,1,1,1e-06,0.0
1,0.0022499561309814453,1,1,1e-06,0.0
1,0.002376556396484375,1,1,1e-06,0.0
1,0.0023229122161865234,1,1,1e-06,0.0
1,0.002249002456665039,1,1,1e-06,0.0
1,0.002690553665161133,1,1,1e-06,0.0
1,0.0026814937591552734,1,1,1e-06,0.0
1,0.003576993942260742,1,1,1e-06,0.0
1,0.013132572174072266,1,1,1e-06,0.0
1,0.0024802684783935547,1,1,1e-06,0.0
1,0.0024809837341308594,1,1,1e-06,0.0
1,0.002103090286254883,1,1,1e-06,0.0
1,0.0032012462615966797,1,1,1e-06,0.0
1,0.0023784637451171875,1,1,1e-06,0.0
1,0.005579471588134766,1,1,1e-06,0.0
1,0.011562824249267578,1,1,1e-06,0.0
1,0.011037826538085938,1,1,1e-06,0.0
1,0.003317117691040039,1,1,1e-06,0.0
1,0.015078306198120117,1,1,1e-06,0.0
1,0.006109952926635742,1,1,1e-06,0.0
1,0.0030434131622314453,1,1,1e-06,0.0
1,0.002290964126586914,1,1,1e-06,0.0
1,0.003759622573852539,1,1,1e-06,0.0
1,0.047419071197509766,1,1,1e-06,0.0
1,0.002716064453125,1,1,1e-06,0.0
1,0.00909113883972168,1,1,1e-06,0.0
1,0.0025093555450439453,1,1,1e-06,0.0
1,0.003949165344238281,1,1,1e-06,0.0
1,0.00374603271484375,1,1,1e-06,0.0
1,0.002819061279296875,1,1,1e-06,0.0
1,0.003061532974243164,1,1,1e-06,0.0
1,0.00674891471862793,1,1,1e-06,0.0
1,0.007500410079956055,1,1,1e-06,0.0
1,0.0029227733612060547,1,1,1e-06,0.0
1,0.0024566650390625,1,1,1e-06,0.0
1,0.002807140350341797,1,1,1e-06,0.0
1,0.003113269805908203,1,1,1e-06,0.0
1,0.02945876121520996,1,1,1e-06,0.0
1,0.0030143260955810547,1,1,1e-06,0.0
1,0.0021142959594726562,1,1,1e-06,0.0
1,0.021921634674072266,1,1,1e-06,0.0
1,0.002397775650024414,1,1,1e-06,0.0
1,0.00334930419921875,1,1,1e-06,0.0
1,0.04368925094604492,1,1,1e-06,0.0
1,0.003770589828491211,1,1,1e-06,0.0
1,0.002933502197265625,1,1,1e-06,0.0
1,0.002826690673828125,1,1,1e-06,0.0
1,0.0048868656158447266,1,1,1e-06,0.0
1,0.0028693675994873047,1,1,1e-06,0.0
1,0.0017278194427490234,1,1,1e-06,0.0
1,0.002065420150756836,1,1,1e-06,0.0
1,0.05072951316833496,1,1,1e-06,0.0
1,0.0041081905364990234,1,1,1e-06,0.0
1,0.002905607223510742,1,1,1e-06,0.0
1,0.03647875785827637,1,1,1e-06,0.0
1,0.0032160282135009766,1,1,1e-06,0.0
1,0.002537250518798828,1,1,1e-06,0.0
1,0.0020744800567626953,1,1,1e-06,0.0
1,0.00396275520324707,1,1,1e-06,0.0
1,0.014598846435546875,1,1,1e-06,0.0
1,0.002796173095703125,1,1,1e-06,0.0
1,0.0025892257690429688,1,1,1e-06,0.0
1,0.0029549598693847656,1,1,1e-06,0.0
1,0.0031533241271972656,1,1,1e-06,0.0
1,0.003614664077758789,1,1,1e-06,0.0
1,0.0038199424743652344,1,1,1e-06,0.0
1,0.002983570098876953,1,1,1e-06,0.0
1,0.007062673568725586,1,1,1e-06,0.0
1,0.0020062923431396484,1,1,1e-06,0.0
1,0.02439594268798828,1,1,1e-06,0.0
1,0.0031304359436035156,1,1,1e-06,0.0
1,0.0030155181884765625,1,1,1e-06,0.0
1,0.003071308135986328,1,1,1e-06,0.0
1,0.0031528472900390625,1,1,1e-06,0.0
1,0.003789663314819336,1,1,1e-06,0.0
1,0.0037088394165039062,1,1,1e-06,0.0
1,0.0027451515197753906,1,1,1e-06,0.0
1,0.002925872802734375,1,1,1e-06,0.0
1,0.0030138492584228516,1,1,1e-06,0.0
1,0.0034508705139160156,1,1,1e-06,0.0
1,0.0045816898345947266,1,1,1e-06,0.0
1,0.006139516830444336,1,1,1e-06,0.0
1,0.002443075180053711,1,1,1e-06,0.0
1,0.0028514862060546875,1,1,1e-06,0.0
1,0.0022516250610351562,1,1,1e-06,0.0
1,0.0019850730895996094,1,1,1e-06,0.0
1,0.0019478797912597656,1,1,1e-06,0.0
1,0.01421356201171875,1,1,1e-06,0.0
1,0.002386331558227539,1,1,1e-06,0.0
1,0.0034570693969726562,1,1,1e-06,0.0
1,0.0026879310607910156,1,1,1e-06,0.0
1,0.002872943878173828,1,1,1e-06,0.0
1,0.003388643264770508,1,1,1e-06,0.0
1,0.002651214599609375,1,1,1e-06,0.0
1,0.006246089935302734,1,1,1e-06,0.0
1,0.003689289093017578,1,1,1e-06,0.0
1,0.0038962364196777344,1,1,1e-06,0.0
1,0.017998695373535156,1,1,1e-06,0.0
1,0.003436565399169922,1,1,1e-06,0.0
1,0.005380153656005859,1,1,1e-06,0.0
1,0.021210908889770508,1,1,1e-06,0.0
1,0.004418134689331055,1,1,1e-06,0.0
1,0.01676487922668457,1,1,1e-06,0.0
1,0.003575563430786133,1,1,1e-06,0.0
1,0.0038404464721679688,1,1,1e-06,0.0
1,0.0037686824798583984,1,1,1e-06,0.0
1,0.020038604736328125,1,1,1e-06,0.0
1,0.005594730377197266,1,1,1e-06,0.0
1,0.002119779586791992,1,1,1e-06,0.0
1,0.20165181159973145,1,1,1e-06,0.0
1,0.002225160598754883,1,1,1e-06,0.0
1,0.001979827880859375,1,1,1e-06,0.0
1,0.0018117427825927734,1,1,1e-06,0.0
1,0.0017673969268798828,1,1,1e-06,0.0
1,0.001913309097290039,1,1,1e-06,0.0
1,0.012373924255371094,1,1,1e-06,0.0
1,0.0022535324096679688,1,1,1e-06,0.0
1,0.0018024444580078125,1,1,1e-06,0.0
1,0.002168416976928711,1,1,1e-06,0.0
1,0.0017719268798828125,1,1,1e-06,0.0
1,0.001535177230834961,1,1,1e-06,0.0
1,0.002474069595336914,1,1,1e-06,0.0
1,0.0030298233032226562,1,1,1e-06,0.0
1,0.0023310184478759766,1,1,1e-06,0.0
1,0.0025658607482910156,1,1,1e-06,0.0
1,0.0038988590240478516,1,1,1e-06,0.0
1,0.002793550491333008,1,1,1e-06,0.0
1,0.004504680633544922,1,1,1e-06,0.0
1,0.0023250579833984375,1,1,1e-06,0.0
1,0.003298044204711914,1,1,1e-06,0.0
1,0.01253509521484375,1,1,1e-06,0.0
1,0.04439139366149902,1,1,1e-06,0.0
1,0.041057586669921875,1,1,1e-06,0.0
1,0.0021746158599853516,1,1,1e-06,0.0
1,0.00249481201171875,1,1,1e-06,0.0
1,0.016074419021606445,1,1,1e-06,0.0
1,0.00249481201171875,1,1,1e-06,0.0
1,0.0028066635131835938,1,1,1e-06,0.0
1,0.002500772476196289,1,1,1e-06,0.0
1,0.0017213821411132812,1,1,1e-06,0.0
1,0.0018038749694824219,1,1,1e-06,0.0
1,0.0026705265045166016,1,1,1e-06,0.0
1,0.017156124114990234,1,1,1e-06,0.0
1,0.003412485122680664,1,1,1e-06,0.0
1,0.09620308876037598,1,1,1e-06,0.0
1,0.003132343292236328,1,1,1e-06,0.0
1,0.0024034976959228516,1,1,1e-06,0.0
1,0.0021619796752929688,1,1,1e-06,0.0
1,0.05147886276245117,1,1,1e-06,0.0
1,0.0036079883575439453,1,1,1e-06,0.0
1,0.002960205078125,1,1,1e-06,0.0
1,0.0025932788848876953,1,1,1e-06,0.0
1,0.011844873428344727,1,1,1e-06,0.0
1,0.024684906005859375,1,1,1e-06,0.0
1,0.03735542297363281,1,1,1e-06,0.0
1,0.0022559165954589844,1,1,1e-06,0.0
1,0.002633333206176758,1,1,1e-06,0.0
1,0.004190921783447266,1,1,1e-06,0.0
1,0.0042514801025390625,1,1,1e-06,0.0
1,0.002572298049926758,1,1,1e-06,0.0
1,0.0024399757385253906,1,1,1e-06,0.0
1,0.024761199951171875,1,1,1e-06,0.0
1,0.0025110244750976562,1,1,1e-06,0.0
1,0.0030393600463867188,1,1,1e-06,0.0
1,0.0031511783599853516,1,1,1e-06,0.0
1,0.0028688907623291016,1,1,1e-06,0.0
1,0.0026776790618896484,1,1,1e-06,0.0
1,0.012015342712402344,1,1,1e-06,0.0
1,0.006873607635498047,1,1,1e-06,0.0
1,0.002278566360473633,1,1,1e-06,0.0
1,0.0017695426940917969,1,1,1e-06,0.0
1,0.02425980567932129,1,1,1e-06,0.0
1,0.0030546188354492188,1,1,1e-06,0.0
1,0.003318309783935547,1,1,1e-06,0.0
1,0.011477470397949219,1,1,1e-06,0.0
1,0.0026280879974365234,1,1,1e-06,0.0
1,0.0034694671630859375,1,1,1e-06,0.0
1,0.011979818344116211,1,1,1e-06,0.0
1,0.003132343292236328,1,1,1e-06,0.0
1,0.0025069713592529297,1,1,1e-06,0.0
1,0.002633810043334961,1,1,1e-06,0.0
1,0.002794027328491211,1,1,1e-06,0.0
1,0.005327939987182617,1,1,1e-06,0.0
1,0.015647411346435547,1,1,1e-06,0.0
1,0.12424707412719727,1,1,1e-06,0.0
1,0.002324819564819336,1,1,1e-06,0.0
1,0.0028290748596191406,1,1,1e-06,0.0
1,0.0020241737365722656,1,1,1e-06,0.0
1,0.0025930404663085938,1,1,1e-06,0.0
1,0.002274751663208008,1,1,1e-06,0.0
1,0.0026137828826904297,1,1,1e-06,0.0
1,0.004065990447998047,1,1,1e-06,0.0
1,0.004685401916503906,1,1,1e-06,0.0
1,0.0019011497497558594,1,1,1e-06,0.0
1,0.0029532909393310547,1,1,1e-06,0.0
1,0.001798391342163086,1,1,1e-06,0.0
1,0.023119449615478516,1,1,1e-06,0.0
1,0.011157035827636719,1,1,1e-06,0.0
1,0.002447366714477539,1,1,1e-06,0.0
1,0.002831697463989258,1,1,1e-06,0.0
1,0.0028510093688964844,1,1,1e-06,0.0
1,0.002256631851196289,1,1,1e-06,0.0
1,0.004323244094848633,1,1,1e-06,0.0
1,0.0027539730072021484,1,1,1e-06,0.0
1,0.02588796615600586,1,1,1e-06,0.0
1,0.001959085464477539,1,1,1e-06,0.0
1,0.002133607864379883,1,1,1e-06,0.0
1,0.0021469593048095703,1,1,1e-06,0.0
1,0.0018131732940673828,1,1,1e-06,0.0
1,0.012941360473632812,1,1,1e-06,0.0
1,0.0028073787689208984,1,1,1e-06,0.0
1,0.0026390552520751953,1,1,1e-06,0.0
1,0.011910438537597656,1,1,1e-06,0.0
1,0.0026259422302246094,1,1,1e-06,0.0
1,0.015640735626220703,1,1,1e-06,0.0
1,0.0028657913208007812,1,1,1e-06,0.0
1,0.004316806793212891,1,1,1e-06,0.0
1,0.0024366378784179688,1,1,1e-06,0.0
1,0.0031464099884033203,1,1,1e-06,0.0
1,0.00234222412109375,1,1,1e-06,0.0
1,0.002154111862182617,1,1,1e-06,0.0
1,0.05914759635925293,1,1,1e-06,0.0
1,0.003242015838623047,1,1,1e-06,0.0
1,0.01282191276550293,1,1,1e-06,0.0
1,0.0026264190673828125,1,1,1e-06,0.0
1,0.0031280517578125,1,1,1e-06,0.0
1,0.0028727054595947266,1,1,1e-06,0.0
1,0.007394552230834961,1,1,1e-06,0.0
1,0.002241373062133789,1,1,1e-06,0.0
1,0.002373218536376953,1,1,1e-06,0.0
1,0.002305746078491211,1,1,1e-06,0.0
1,0.0028929710388183594,1,1,1e-06,0.0
1,0.0035805702209472656,1,1,1e-06,0.0
1,0.02445244789123535,1,1,1e-06,0.0
1,0.0026519298553466797,1,1,1e-06,0.0
1,0.0036826133728027344,1,1,1e-06,0.0
1,0.10527706146240234,1,1,1e-06,0.0
1,0.0023229122161865234,1,1,1e-06,0.0
1,0.0021448135375976562,1,1,1e-06,0.0
1,0.017815589904785156,1,1,1e-06,0.0
1,0.023320674896240234,1,1,1e-06,0.0
1,0.0028443336486816406,1,1,1e-06,0.0
1,0.0021772384643554688,1,1,1e-06,0.0
1,0.0028281211853027344,1,1,1e-06,0.0
1,0.0029714107513427734,1,1,1e-06,0.0
1,0.0043032169342041016,1,1,1e-06,0.0
1,0.0034666061401367188,1,1,1e-06,0.0
1,0.003116607666015625,1,1,1e-06,0.0
1,0.04195380210876465,1,1,1e-06,0.0
1,0.0029811859130859375,1,1,1e-06,0.0
1,0.020439624786376953,1,1,1e-06,0.0
1,0.003004312515258789,1,1,1e-06,0.0
1,0.002213716506958008,1,1,1e-06,0.0
1,0.005014896392822266,1,1,1e-06,0.0
1,0.0036535263061523438,1,1,1e-06,0.0
1,0.0031557083129882812,1,1,1e-06,0.0
1,0.0029425621032714844,1,1,1e-06,0.0
1,0.003041505813598633,1,1,1e-06,0.0
1,0.003937244415283203,1,1,1e-06,0.0
1,0.0036416053771972656,1,1,1e-06,0.0
1,0.009696006774902344,1,1,1e-06,0.0
1,0.0031609535217285156,1,1,1e-06,0.0
1,0.004275798797607422,1,1,1e-06,0.0
1,0.0058138370513916016,1,1,1e-06,0.0
1,0.00252532958984375,1,1,1e-06,0.0
1,0.006726980209350586,1,1,1e-06,0.0
1,0.07664155960083008,1,1,1e-06,0.0
1,0.0027909278869628906,1,1,1e-06,0.0
1,0.0020682811737060547,1,1,1e-06,0.0
1,0.0036644935607910156,1,1,1e-06,0.0
1,0.0030524730682373047,1,1,1e-06,0.0
1,0.0027277469635009766,1,1,1e-06,0.0
1,0.00391387939453125,1,1,1e-06,0.0
1,0.002191305160522461,1,1,1e-06,0.0
1,0.003337860107421875,1,1,1e-06,0.0
1,0.0029964447021484375,1,1,1e-06,0.0
1,0.017912864685058594,1,1,1e-06,0.0
1,0.0032918453216552734,1,1,1e-06,0.0
1,0.004518032073974609,1,1,1e-06,0.0
1,0.014329195022583008,1,1,1e-06,0.0
1,0.017171621322631836,1,1,1e-06,0.0
1,0.003368377685546875,1,1,1e-06,0.0
1,0.0034482479095458984,1,1,1e-06,0.0
1,0.014179706573486328,1,1,1e-06,0.0
1,0.002682209014892578,1,1,1e-06,0.0
1,0.0029382705688476562,1,1,1e-06,0.0
1,0.0022721290588378906,1,1,1e-06,0.0
1,0.020631074905395508,1,1,1e-06,0.0
1,0.003145456314086914,1,1,1e-06,0.0
1,0.002550840377807617,1,1,1e-06,0.0
1,0.0025238990783691406,1,1,1e-06,0.0
1,0.003375530242919922,1,1,1e-06,0.0
1,0.012809276580810547,1,1,1e-06,0.0
1,0.002572774887084961,1,1,1e-06,0.0
1,0.036177635192871094,1,1,1e-06,0.0
1,0.002501964569091797,1,1,1e-06,0.0
1,0.013860702514648438,1,1,1e-06,0.0
1,0.002476215362548828,1,1,1e-06,0.0
1,0.0025696754455566406,1,1,1e-06,0.0
1,0.004875659942626953,1,1,1e-06,0.0
1,0.0025734901428222656,1,1,1e-06,0.0
1,0.015195846557617188,1,1,1e-06,0.0
1,0.0024607181549072266,1,1,1e-06,0.0
1,0.0020453929901123047,1,1,1e-06,0.0
1,0.0023636817932128906,1,1,1e-06,0.0
1,0.002593517303466797,1,1,1e-06,0.0
1,0.001909017562866211,1,1,1e-06,0.0
1,0.0028510093688964844,1,1,1e-06,0.0
1,0.02458786964416504,1,1,1e-06,0.0
1,0.012184858322143555,1,1,1e-06,0.0
1,0.002501964569091797,1,1,1e-06,0.0
1,0.0022563934326171875,1,1,1e-06,0.0
1,0.003122568130493164,1,1,1e-06,0.0
1,0.003441333770751953,1,1,1e-06,0.0
1,0.003377676010131836,1,1,1e-06,0.0
1,0.017338275909423828,1,1,1e-06,0.0
1,0.002285003662109375,1,1,1e-06,0.0
1,0.0028057098388671875,1,1,1e-06,0.0
1,0.03759145736694336,1,1,1e-06,0.0
1,0.0046002864837646484,1,1,1e-06,0.0
1,0.0029959678649902344,1,1,1e-06,0.0
1,0.003050088882446289,1,1,1e-06,0.0
1,0.0029959678649902344,1,1,1e-06,0.0
1,0.005132913589477539,1,1,1e-06,0.0
1,0.003200531005859375,1,1,1e-06,0.0
1,0.1274876594543457,1,1,1e-06,0.0
1,0.006473541259765625,1,1,1e-06,0.0
1,0.6579058170318604,1,1,1e-06,0.0
1,0.004852294921875,1,1,1e-06,0.0
1,0.0026092529296875,1,1,1e-06,0.0
1,0.0028557777404785156,1,1,1e-06,0.0
1,0.0019991397857666016,1,1,1e-06,0.0
1,0.00462651252746582,1,1,1e-06,0.0
1,0.002726316452026367,1,1,1e-06,0.0
1,0.004031658172607422,1,1,1e-06,0.0
1,0.02271294593811035,1,1,1e-06,0.0
1,0.0022525787353515625,1,1,1e-06,0.0
1,0.11906981468200684,1,1,1e-06,0.0
1,0.002398967742919922,1,1,1e-06,0.0
1,0.0023801326751708984,1,1,1e-06,0.0
1,0.013030529022216797,1,1,1e-06,0.0
1,0.002565145492553711,1,1,1e-06,0.0
1,0.002652883529663086,1,1,1e-06,0.0
1,0.0027158260345458984,1,1,1e-06,0.0
1,0.0017690658569335938,1,1,1e-06,0.0
1,0.0020933151245117188,1,1,1e-06,0.0
1,0.0251920223236084,1,1,1e-06,0.0
1,0.002674102783203125,1,1,1e-06,0.0
1,0.0019562244415283203,1,1,1e-06,0.0
1,0.002294301986694336,1,1,1e-06,0.0
1,0.003341197967529297,1,1,1e-06,0.0
1,0.0027196407318115234,1,1,1e-06,0.0
1,0.003078937530517578,1,1,1e-06,0.0
1,0.0027303695678710938,1,1,1e-06,0.0
1,0.003381013870239258,1,1,1e-06,0.0
1,0.003236055374145508,1,1,1e-06,0.0
1,0.003626585006713867,1,1,1e-06,0.0
1,0.003298521041870117,1,1,1e-06,0.0
1,0.003928661346435547,1,1,1e-06,0.0
1,0.0029876232147216797,1,1,1e-06,0.0
1,0.002670764923095703,1,1,1e-06,0.0
1,0.003477811813354492,1,1,1e-06,0.0
1,0.04218864440917969,1,1,1e-06,0.0
1,0.00483250617980957,1,1,1e-06,0.0
1,0.7146553993225098,1,1,1e-06,0.0
1,0.003326892852783203,1,1,1e-06,0.0
1,0.0029234886169433594,1,1,1e-06,0.0
1,0.004809856414794922,1,1,1e-06,0.0
1,0.001901388168334961,1,1,1e-06,0.0
1,0.0021314620971679688,1,1,1e-06,0.0
1,0.0026903152465820312,1,1,1e-06,0.0
1,0.012607812881469727,1,1,1e-06,0.0
1,0.0065882205963134766,1,1,1e-06,0.0
1,0.0030541419982910156,1,1,1e-06,0.0
1,0.007452726364135742,1,1,1e-06,0.0
1,0.005005359649658203,1,1,1e-06,0.0
1,0.002521038055419922,1,1,1e-06,0.0
1,0.003711223602294922,1,1,1e-06,0.0
1,0.013074636459350586,1,1,1e-06,0.0
1,0.0028045177459716797,1,1,1e-06,0.0
1,0.00539851188659668,1,1,1e-06,0.0
1,0.003741025924682617,1,1,1e-06,0.0
1,0.04248785972595215,1,1,1e-06,0.0
1,0.006052732467651367,1,1,1e-06,0.0
1,0.005429744720458984,1,1,1e-06,0.0
1,0.0021376609802246094,1,1,1e-06,0.0
1,0.005478620529174805,1,1,1e-06,0.0
1,0.0025005340576171875,1,1,1e-06,0.0
1,0.0027799606323242188,1,1,1e-06,0.0
1,0.003017902374267578,1,1,1e-06,0.0
1,0.0025212764739990234,1,1,1e-06,0.0
1,0.0033042430877685547,1,1,1e-06,0.0
1,0.0037140846252441406,1,1,1e-06,0.0
1,0.002424001693725586,1,1,1e-06,0.0
1,0.0030465126037597656,1,1,1e-06,0.0
1,0.003628969192504883,1,1,1e-06,0.0
1,0.00444483757019043,1,1,1e-06,0.0
1,0.004037380218505859,1,1,1e-06,0.0
1,0.004716157913208008,1,1,1e-06,0.0
1,0.004149198532104492,1,1,1e-06,0.0
1,0.012321949005126953,1,1,1e-06,0.0
1,0.006693124771118164,1,1,1e-06,0.0
1,0.007709503173828125,1,1,1e-06,0.0
1,0.04842567443847656,1,1,1e-06,0.0
1,0.0018625259399414062,1,1,1e-06,0.0
1,0.0032532215118408203,1,1,1e-06,0.0
1,0.024584531784057617,1,1,1e-06,0.0
1,0.002357959747314453,1,1,1e-06,0.0
1,0.002546548843383789,1,1,1e-06,0.0
1,0.005156040191650391,1,1,1e-06,0.0
1,0.003812074661254883,1,1,1e-06,0.0
1,0.0026035308837890625,1,1,1e-06,0.0
1,0.0035266876220703125,1,1,1e-06,0.0
1,0.0036139488220214844,1,1,1e-06,0.0
1,0.002074003219604492,1,1,1e-06,0.0
1,0.0040471553802490234,1,1,1e-06,0.0
1,0.0033299922943115234,1,1,1e-06,0.0
1,0.0026679039001464844,1,1,1e-06,0.0
1,0.003347635269165039,1,1,1e-06,0.0
1,0.0025184154510498047,1,1,1e-06,0.0
1,0.002972841262817383,1,1,1e-06,0.0
1,0.0037026405334472656,1,1,1e-06,0.0
1,0.013361692428588867,1,1,1e-06,0.0
1,0.002878904342651367,1,1,1e-06,0.0
1,0.05163908004760742,1,1,1e-06,0.0
1,0.0020329952239990234,1,1,1e-06,0.0
1,0.001867055892944336,1,1,1e-06,0.0
1,0.008494853973388672,1,1,1e-06,0.0
1,0.005845785140991211,1,1,1e-06,0.0
1,0.023371458053588867,1,1,1e-06,0.0
1,0.0020003318786621094,1,1,1e-06,0.0
1,0.020935773849487305,1,1,1e-06,0.0
1,0.0020520687103271484,1,1,1e-06,0.0
1,0.0017614364624023438,1,1,1e-06,0.0
1,0.002650022506713867,1,1,1e-06,0.0
1,0.01846599578857422,1,1,1e-06,0.0
1,0.0022552013397216797,1,1,1e-06,0.0
1,0.0023560523986816406,1,1,1e-06,0.0
1,0.002840280532836914,1,1,1e-06,0.0
1,0.0023920536041259766,1,1,1e-06,0.0
1,0.0018563270568847656,1,1,1e-06,0.0
1,0.044097900390625,1,1,1e-06,0.0
1,0.003832578659057617,1,1,1e-06,0.0
1,0.0034666061401367188,1,1,1e-06,0.0
1,0.0028510093688964844,1,1,1e-06,0.0
1,0.3900444507598877,1,1,1e-06,0.0
1,0.0037779808044433594,1,1,1e-06,0.0
1,0.004994630813598633,1,1,1e-06,0.0
1,0.0035142898559570312,1,1,1e-06,0.0
1,0.01870250701904297,1,1,1e-06,0.0
1,0.002746105194091797,1,1,1e-06,0.0
1,0.005864858627319336,1,1,1e-06,0.0
1,0.01454782485961914,1,1,1e-06,0.0
1,0.0036487579345703125,1,1,1e-06,0.0
1,0.002962827682495117,1,1,1e-06,0.0
1,0.002722501754760742,1,1,1e-06,0.0
1,0.0027120113372802734,1,1,1e-06,0.0
1,0.019237518310546875,1,1,1e-06,0.0
1,0.003445148468017578,1,1,1e-06,0.0
1,0.03231978416442871,1,1,1e-06,0.0
1,0.018207311630249023,1,1,1e-06,0.0
1,0.31066465377807617,1,1,1e-06,0.0
1,0.002655029296875,1,1,1e-06,0.0
1,0.0026502609252929688,1,1,1e-06,0.0
1,0.0028755664825439453,1,1,1e-06,0.0
1,0.012893199920654297,1,1,1e-06,0.0
1,0.002797365188598633,1,1,1e-06,0.0
1,0.0032455921173095703,1,1,1e-06,0.0
1,0.002043485641479492,1,1,1e-06,0.0
1,0.0058765411376953125,1,1,1e-06,0.0
1,0.004682779312133789,1,1,1e-06,0.0
1,0.0021779537200927734,1,1,1e-06,0.0
1,0.04887843132019043,1,1,1e-06,0.0
1,0.003164052963256836,1,1,1e-06,0.0
1,0.003803730010986328,1,1,1e-06,0.0
1,0.0027861595153808594,1,1,1e-06,0.0
1,0.0020978450775146484,1,1,1e-06,0.0
1,0.0017933845520019531,1,1,1e-06,0.0
1,0.0018188953399658203,1,1,1e-06,0.0
1,0.0029783248901367188,1,1,1e-06,0.0
1,0.0020880699157714844,1,1,1e-06,0.0
1,0.002398252487182617,1,1,1e-06,0.0
1,0.002615213394165039,1,1,1e-06,0.0
1,0.003090381622314453,1,1,1e-06,0.0
1,0.03404664993286133,1,1,1e-06,0.0
1,0.00252532958984375,1,1,1e-06,0.0
1,0.002449512481689453,1,1,1e-06,0.0
1,0.0033121109008789062,1,1,1e-06,0.0
1,0.003118276596069336,1,1,1e-06,0.0
1,0.0034084320068359375,1,1,1e-06,0.0
1,0.002206087112426758,1,1,1e-06,0.0
1,0.0036263465881347656,1,1,1e-06,0.0
1,0.0034270286560058594,1,1,1e-06,0.0
1,0.002391338348388672,1,1,1e-06,0.0
1,0.0025658607482910156,1,1,1e-06,0.0
1,0.004688739776611328,1,1,1e-06,0.0
1,0.0030431747436523438,1,1,1e-06,0.0
1,0.002704620361328125,1,1,1e-06,0.0
1,0.00994729995727539,1,1,1e-06,0.0
1,0.0029001235961914062,1,1,1e-06,0.0
1,0.0025970935821533203,1,1,1e-06,0.0
1,0.0035512447357177734,1,1,1e-06,0.0
1,0.005391836166381836,1,1,1e-06,0.0
1,0.0047800540924072266,1,1,1e-06,0.0
1,0.00541377067565918,1,1,1e-06,0.0
1,0.003466367721557617,1,1,1e-06,0.0
1,0.0031294822692871094,1,1,1e-06,0.0
1,0.016367673873901367,1,1,1e-06,0.0
1,0.0029816627502441406,1,1,1e-06,0.0
1,0.03697085380554199,1,1,1e-06,0.0
1,0.0034666061401367188,1,1,1e-06,0.0
1,0.004870414733886719,1,1,1e-06,0.0
1,0.0025827884674072266,1,1,1e-06,0.0
1,0.004270315170288086,1,1,1e-06,0.0
1,0.011051416397094727,1,1,1e-06,0.0
1,0.0020999908447265625,1,1,1e-06,0.0
1,0.005995035171508789,1,1,1e-06,0.0
1,0.004437923431396484,1,1,1e-06,0.0
1,0.003276824951171875,1,1,1e-06,0.0
1,0.052716970443725586,1,1,1e-06,0.0
1,0.0024483203887939453,1,1,1e-06,0.0
1,0.05343961715698242,1,1,1e-06,0.0
1,0.003425121307373047,1,1,1e-06,0.0
1,0.037250518798828125,1,1,1e-06,0.0
1,0.003107309341430664,1,1,1e-06,0.0
1,0.0027725696563720703,1,1,1e-06,0.0
1,0.0027489662170410156,1,1,1e-06,0.0
1,0.0033638477325439453,1,1,1e-06,0.0
1,0.0032558441162109375,1,1,1e-06,0.0
1,0.0031278133392333984,1,1,1e-06,0.0
1,0.001968860626220703,1,1,1e-06,0.0
1,0.002451181411743164,1,1,1e-06,0.0
1,0.003916740417480469,1,1,1e-06,0.0
1,0.020497798919677734,1,1,1e-06,0.0
1,0.015888452529907227,1,1,1e-06,0.0
1,0.002968311309814453,1,1,1e-06,0.0
1,0.0051975250244140625,1,1,1e-06,0.0
1,0.0036067962646484375,1,1,1e-06,0.0
1,0.0031774044036865234,1,1,1e-06,0.0
1,0.003783702850341797,1,1,1e-06,0.0
1,0.003042459487915039,1,1,1e-06,0.0
1,0.01581597328186035,1,1,1e-06,0.0
1,0.003635406494140625,1,1,1e-06,0.0
1,0.004379987716674805,1,1,1e-06,0.0
1,0.005218505859375,1,1,1e-06,0.0
1,0.027217864990234375,1,1,1e-06,0.0
1,0.02359938621520996,1,1,1e-06,0.0
1,0.003715038299560547,1,1,1e-06,0.0
1,0.01806163787841797,1,1,1e-06,0.0
1,0.0021598339080810547,1,1,1e-06,0.0
1,0.025075435638427734,1,1,1e-06,0.0
1,0.1587822437286377,1,1,1e-06,0.0
1,0.012586355209350586,1,1,1e-06,0.0
1,0.002267599105834961,1,1,1e-06,0.0
1,0.002347230911254883,1,1,1e-06,0.0
1,0.002131223678588867,1,1,1e-06,0.0
1,0.0020761489868164062,1,1,1e-06,0.0
1,0.002197265625,1,1,1e-06,0.0
1,0.016724348068237305,1,1,1e-06,0.0
1,0.003186464309692383,1,1,1e-06,0.0
1,0.0029571056365966797,1,1,1e-06,0.0
1,0.003338336944580078,1,1,1e-06,0.0
1,0.003142118453979492,1,1,1e-06,0.0
1,0.004866123199462891,1,1,1e-06,0.0
1,0.002703428268432617,1,1,1e-06,0.0
1,0.0030715465545654297,1,1,1e-06,0.0
1,0.007008790969848633,1,1,1e-06,0.0
1,0.01302957534790039,1,1,1e-06,0.0
1,0.00506138801574707,1,1,1e-06,0.0
1,0.0016865730285644531,1,1,1e-06,0.0
1,0.0052645206451416016,1,1,1e-06,0.0
1,0.0029611587524414062,1,1,1e-06,0.0
1,0.002557516098022461,1,1,1e-06,0.0
1,0.0022499561309814453,1,1,1e-06,0.0
1,0.24656939506530762,1,1,1e-06,0.0
1,0.0115966796875,1,1,1e-06,0.0
1,0.0018267631530761719,1,1,1e-06,0.0
1,0.0016713142395019531,1,1,1e-06,0.0
1,0.001973867416381836,1,1,1e-06,0.0
1,0.01047205924987793,1,1,1e-06,0.0
1,0.0036575794219970703,1,1,1e-06,0.0
1,0.0027298927307128906,1,1,1e-06,0.0
1,0.0032432079315185547,1,1,1e-06,0.0
1,0.006125926971435547,1,1,1e-06,0.0
1,0.02193450927734375,1,1,1e-06,0.0
1,0.0022940635681152344,1,1,1e-06,0.0
1,0.0020563602447509766,1,1,1e-06,0.0
1,0.004323720932006836,1,1,1e-06,0.0
1,0.003422975540161133,1,1,1e-06,0.0
1,0.003072500228881836,1,1,1e-06,0.0
1,0.0026543140411376953,1,1,1e-06,0.0
1,0.1506187915802002,1,1,1e-06,0.0
1,0.010262012481689453,1,1,1e-06,0.0
1,0.0020513534545898438,1,1,1e-06,0.0
1,0.0019464492797851562,1,1,1e-06,0.0
1,0.0017795562744140625,1,1,1e-06,0.0
1,0.0016922950744628906,1,1,1e-06,0.0
1,0.015293598175048828,1,1,1e-06,0.0
1,0.0036139488220214844,1,1,1e-06,0.0
1,0.0022079944610595703,1,1,1e-06,0.0
1,0.009333133697509766,1,1,1e-06,0.0
1,0.0057909488677978516,1,1,1e-06,0.0
1,0.0023932456970214844,1,1,1e-06,0.0
1,0.004433393478393555,1,1,1e-06,0.0
1,0.0020720958709716797,1,1,1e-06,0.0
1,0.002616405487060547,1,1,1e-06,0.0
1,0.0032088756561279297,1,1,1e-06,0.0
1,0.002092123031616211,1,1,1e-06,0.0
1,0.002567291259765625,1,1,1e-06,0.0
1,0.003515005111694336,1,1,1e-06,0.0
1,0.05034518241882324,1,1,1e-06,0.0
1,0.00442814826965332,1,1,1e-06,0.0
1,0.002951383590698242,1,1,1e-06,0.0
1,0.005046367645263672,1,1,1e-06,0.0
1,0.0025510787963867188,1,1,1e-06,0.0
1,0.0026471614837646484,1,1,1e-06,0.0
1,0.0031981468200683594,1,1,1e-06,0.0
1,0.004991769790649414,1,1,1e-06,0.0
1,0.0024428367614746094,1,1,1e-06,0.0
1,0.0048825740814208984,1,1,1e-06,0.0
1,0.015032768249511719,1,1,1e-06,0.0
1,0.012341022491455078,1,1,1e-06,0.0
1,0.002669811248779297,1,1,1e-06,0.0
1,0.06970024108886719,1,1,1e-06,0.0
1,0.005705595016479492,1,1,1e-06,0.0
1,0.002168416976928711,1,1,1e-06,0.0
1,0.009557723999023438,1,1,1e-06,0.0
1,0.05226635932922363,1,1,1e-06,0.0
1,0.010523557662963867,1,1,1e-06,0.0
1,0.017462730407714844,1,1,1e-06,0.0
1,0.05250430107116699,1,1,1e-06,0.0
1,0.024278879165649414,1,1,1e-06,0.0
1,0.0031709671020507812,1,1,1e-06,0.0
1,0.002374887466430664,1,1,1e-06,0.0
1,0.0024802684783935547,1,1,1e-06,0.0
1,0.0148773193359375,1,1,1e-06,0.0
1,0.05694150924682617,1,1,1e-06,0.0
1,0.005478382110595703,1,1,1e-06,0.0
1,0.005575656890869141,1,1,1e-06,0.0
1,0.0028748512268066406,1,1,1e-06,0.0
1,0.0021169185638427734,1,1,1e-06,0.0
1,0.004727840423583984,1,1,1e-06,0.0
1,0.00380706787109375,1,1,1e-06,0.0
1,0.0023975372314453125,1,1,1e-06,0.0
1,0.004381656646728516,1,1,1e-06,0.0
1,0.0031633377075195312,1,1,1e-06,0.0
1,0.0032536983489990234,1,1,1e-06,0.0
1,0.00510859489440918,1,1,1e-06,0.0
1,0.004052162170410156,1,1,1e-06,0.0
1,0.0036826133728027344,1,1,1e-06,0.0
1,0.002589702606201172,1,1,1e-06,0.0
1,0.040572404861450195,1,1,1e-06,0.0
1,0.007905960083007812,1,1,1e-06,0.0
1,0.005025148391723633,1,1,1e-06,0.0
1,0.005846500396728516,1,1,1e-06,0.0
1,0.008819580078125,1,1,1e-06,0.0
1,0.003875255584716797,1,1,1e-06,0.0
1,0.0040836334228515625,1,1,1e-06,0.0
1,0.0032889842987060547,1,1,1e-06,0.0
1,0.03091120719909668,1,1,1e-06,0.0
1,0.002627134323120117,1,1,1e-06,0.0
1,0.0232999324798584,1,1,1e-06,0.0
1,0.01268911361694336,1,1,1e-06,0.0
1,0.0024843215942382812,1,1,1e-06,0.0
1,0.0058269500732421875,1,1,1e-06,0.0
1,0.0033228397369384766,1,1,1e-06,0.0
1,0.003522634506225586,1,1,1e-06,0.0
1,0.021224498748779297,1,1,1e-06,0.0
1,0.004470109939575195,1,1,1e-06,0.0
1,0.003298044204711914,1,1,1e-06,0.0
1,0.0032548904418945312,1,1,1e-06,0.0
1,0.003780364990234375,1,1,1e-06,0.0
1,0.006333589553833008,1,1,1e-06,0.0
1,0.0036308765411376953,1,1,1e-06,0.0
1,0.05426979064941406,1,1,1e-06,0.0
1,0.0028717517852783203,1,1,1e-06,0.0
1,0.0027217864990234375,1,1,1e-06,0.0
1,0.002333402633666992,1,1,1e-06,0.0
1,0.0031249523162841797,1,1,1e-06,0.0
1,0.002801656723022461,1,1,1e-06,0.0
1,0.0032100677490234375,1,1,1e-06,0.0
1,0.002751588821411133,1,1,1e-06,0.0
1,0.003869771957397461,1,1,1e-06,0.0
1,0.004575252532958984,1,1,1e-06,0.0
1,0.015040159225463867,1,1,1e-06,0.0
1,0.006021976470947266,1,1,1e-06,0.0
1,0.002984285354614258,1,1,1e-06,0.0
1,0.0062923431396484375,1,1,1e-06,0.0
1,0.003005504608154297,1,1,1e-06,0.0
1,0.0026209354400634766,1,1,1e-06,0.0
1,0.010049581527709961,1,1,1e-06,0.0
1,0.002719402313232422,1,1,1e-06,0.0
1,0.003957033157348633,1,1,1e-06,0.0
1,0.003338336944580078,1,1,1e-06,0.0
1,0.005476951599121094,1,1,1e-06,0.0
1,0.0028350353240966797,1,1,1e-06,0.0
1,0.019451141357421875,1,1,1e-06,0.0
1,0.013054609298706055,1,1,1e-06,0.0
1,0.1462383270263672,1,1,1e-06,0.0
1,0.002083301544189453,1,1,1e-06,0.0
1,0.0037183761596679688,1,1,1e-06,0.0
1,0.0032656192779541016,1,1,1e-06,0.0
1,0.002424955368041992,1,1,1e-06,0.0
1,0.11988115310668945,1,1,1e-06,0.0
1,0.00914764404296875,1,1,1e-06,0.0
1,0.0023288726806640625,1,1,1e-06,0.0
1,0.0018870830535888672,1,1,1e-06,0.0
1,0.035134315490722656,1,1,1e-06,0.0
1,0.002490997314453125,1,1,1e-06,0.0
1,0.0031282901763916016,1,1,1e-06,0.0
1,0.012473344802856445,1,1,1e-06,0.0
1,0.19424915313720703,1,1,1e-06,0.0
1,0.003979206085205078,1,1,1e-06,0.0
1,0.0029404163360595703,1,1,1e-06,0.0
1,0.0019207000732421875,1,1,1e-06,0.0
1,0.014471054077148438,1,1,1e-06,0.0
1,0.002694845199584961,1,1,1e-06,0.0
1,0.0029375553131103516,1,1,1e-06,0.0
1,0.0019412040710449219,1,1,1e-06,0.0
1,0.002046823501586914,1,1,1e-06,0.0
1,0.0017151832580566406,1,1,1e-06,0.0
1,0.0022912025451660156,1,1,1e-06,0.0
1,0.002504110336303711,1,1,1e-06,0.0
1,0.10178709030151367,1,1,1e-06,0.0
1,0.001947641372680664,1,1,1e-06,0.0
1,0.00472259521484375,1,1,1e-06,0.0
1,0.0032613277435302734,1,1,1e-06,0.0
1,0.014041662216186523,1,1,1e-06,0.0
1,0.005447864532470703,1,1,1e-06,0.0
1,0.0018711090087890625,1,1,1e-06,0.0
1,0.0027043819427490234,1,1,1e-06,0.0
1,0.002704620361328125,1,1,1e-06,0.0
1,0.003538846969604492,1,1,1e-06,0.0
1,0.044237375259399414,1,1,1e-06,0.0
1,0.0029718875885009766,1,1,1e-06,0.0
1,0.021275758743286133,1,1,1e-06,0.0
1,0.0024280548095703125,1,1,1e-06,0.0
1,0.0035028457641601562,1,1,1e-06,0.0
1,0.0023152828216552734,1,1,1e-06,0.0
1,0.019631624221801758,1,1,1e-06,0.0
1,0.0030143260955810547,1,1,1e-06,0.0
1,0.06536293029785156,1,1,1e-06,0.0
1,0.004221439361572266,1,1,1e-06,0.0
1,0.002950906753540039,1,1,1e-06,0.0
1,0.0026602745056152344,1,1,1e-06,0.0
1,0.003786802291870117,1,1,1e-06,0.0
1,0.003173828125,1,1,1e-06,0.0
1,0.0029027462005615234,1,1,1e-06,0.0
1,0.003137826919555664,1,1,1e-06,0.0
1,0.005076169967651367,1,1,1e-06,0.0
1,0.03772759437561035,1,1,1e-06,0.0
1,0.004368782043457031,1,1,1e-06,0.0
1,0.003657817840576172,1,1,1e-06,0.0
1,0.00489044189453125,1,1,1e-06,0.0
1,0.005086421966552734,1,1,1e-06,0.0
1,0.003716707229614258,1,1,1e-06,0.0
1,0.0657508373260498,1,1,1e-06,0.0
1,0.004908084869384766,1,1,1e-06,0.0
1,0.05845451354980469,1,1,1e-06,0.0
1,0.0019135475158691406,1,1,1e-06,0.0
1,0.03862595558166504,1,1,1e-06,0.0
1,0.002007007598876953,1,1,1e-06,0.0
1,0.0018341541290283203,1,1,1e-06,0.0
1,0.0026276111602783203,1,1,1e-06,0.0
1,0.0036160945892333984,1,1,1e-06,0.0
1,0.004141807556152344,1,1,1e-06,0.0
1,0.004408121109008789,1,1,1e-06,0.0
1,0.0025663375854492188,1,1,1e-06,0.0
1,0.0032439231872558594,1,1,1e-06,0.0
1,0.002194643020629883,1,1,1e-06,0.0
1,0.00507664680480957,1,1,1e-06,0.0
1,0.0023653507232666016,1,1,1e-06,0.0
1,0.0021584033966064453,1,1,1e-06,0.0
1,0.008381366729736328,1,1,1e-06,0.0
1,0.0021698474884033203,1,1,1e-06,0.0
1,0.001878976821899414,1,1,1e-06,0.0
1,0.004611015319824219,1,1,1e-06,0.0
1,0.003258943557739258,1,1,1e-06,0.0
1,0.004986763000488281,1,1,1e-06,0.0
1,0.0026407241821289062,1,1,1e-06,0.0
1,0.0021963119506835938,1,1,1e-06,0.0
1,0.003123044967651367,1,1,1e-06,0.0
1,0.0040361881256103516,1,1,1e-06,0.0
1,0.002618551254272461,1,1,1e-06,0.0
1,0.0050160884857177734,1,1,1e-06,0.0
1,0.0048370361328125,1,1,1e-06,0.0
1,0.004146099090576172,1,1,1e-06,0.0
1,0.005297183990478516,1,1,1e-06,0.0
1,0.004691362380981445,1,1,1e-06,0.0
1,0.007741451263427734,1,1,1e-06,0.0
1,0.0029480457305908203,1,1,1e-06,0.0
1,0.002418041229248047,1,1,1e-06,0.0
1,0.001977205276489258,1,1,1e-06,0.0
1,0.0027992725372314453,1,1,1e-06,0.0
1,0.0036420822143554688,1,1,1e-06,0.0
1,0.002992391586303711,1,1,1e-06,0.0
1,0.009169816970825195,1,1,1e-06,0.0
1,0.002381563186645508,1,1,1e-06,0.0
1,0.019456863403320312,1,1,1e-06,0.0
1,0.0036916732788085938,1,1,1e-06,0.0
1,0.019138336181640625,1,1,1e-06,0.0
1,0.0052416324615478516,1,1,1e-06,0.0
1,0.004094600677490234,1,1,1e-06,0.0
1,0.004335880279541016,1,1,1e-06,0.0
1,0.018105030059814453,1,1,1e-06,0.0
1,0.0031266212463378906,1,1,1e-06,0.0
1,0.0033888816833496094,1,1,1e-06,0.0
1,0.004384279251098633,1,1,1e-06,0.0
1,0.0031654834747314453,1,1,1e-06,0.0
1,0.016741514205932617,1,1,1e-06,0.0
1,0.0022232532501220703,1,1,1e-06,0.0
1,0.0026695728302001953,1,1,1e-06,0.0
1,0.003548145294189453,1,1,1e-06,0.0
1,0.0033173561096191406,1,1,1e-06,0.0
1,0.005438327789306641,1,1,1e-06,0.0
1,0.011992931365966797,1,1,1e-06,0.0
1,0.031132936477661133,1,1,1e-06,0.0
1,0.0048677921295166016,1,1,1e-06,0.0
1,0.00484466552734375,1,1,1e-06,0.0
1,0.0028553009033203125,1,1,1e-06,0.0
1,0.0347437858581543,1,1,1e-06,0.0
1,0.005011081695556641,1,1,1e-06,0.0
1,0.015619516372680664,1,1,1e-06,0.0
1,0.028710365295410156,1,1,1e-06,0.0
1,0.0032536983489990234,1,1,1e-06,0.0
1,0.002526998519897461,1,1,1e-06,0.0
1,0.008868217468261719,1,1,1e-06,0.0
1,0.002602100372314453,1,1,1e-06,0.0
1,0.03573441505432129,1,1,1e-06,0.0
1,0.0030028820037841797,1,1,1e-06,0.0
1,0.0027992725372314453,1,1,1e-06,0.0
1,0.03539919853210449,1,1,1e-06,0.0
1,0.0019583702087402344,1,1,1e-06,0.0
1,0.002110004425048828,1,1,1e-06,0.0
1,0.00258636474609375,1,1,1e-06,0.0
1,0.00734257698059082,1,1,1e-06,0.0
1,0.014957904815673828,1,1,1e-06,0.0
1,0.003517627716064453,1,1,1e-06,0.0
1,0.003168344497680664,1,1,1e-06,0.0
1,0.002992391586303711,1,1,1e-06,0.0
1,0.0033235549926757812,1,1,1e-06,0.0
1,0.0023763179779052734,1,1,1e-06,0.0
1,0.01240849494934082,1,1,1e-06,0.0
1,0.0029594898223876953,1,1,1e-06,0.0
1,0.026467323303222656,1,1,1e-06,0.0
1,0.037297725677490234,1,1,1e-06,0.0
1,0.007982254028320312,1,1,1e-06,0.0
1,0.002073526382446289,1,1,1e-06,0.0
1,0.0657811164855957,1,1,1e-06,0.0
1,0.005092144012451172,1,1,1e-06,0.0
1,0.002435445785522461,1,1,1e-06,0.0
1,0.01755809783935547,1,1,1e-06,0.0
1,0.016619443893432617,1,1,1e-06,0.0
1,0.0021033287048339844,1,1,1e-06,0.0
1,0.0032515525817871094,1,1,1e-06,0.0
1,0.0035958290100097656,1,1,1e-06,0.0
1,0.0023775100708007812,1,1,1e-06,0.0
1,0.003109455108642578,1,1,1e-06,0.0
1,0.002424001693725586,1,1,1e-06,0.0
1,0.002817869186401367,1,1,1e-06,0.0
1,0.007846832275390625,1,1,1e-06,0.0
1,0.042055368423461914,1,1,1e-06,0.0
1,0.0025093555450439453,1,1,1e-06,0.0
1,0.05374407768249512,1,1,1e-06,0.0
1,0.002496480941772461,1,1,1e-06,0.0
1,0.0025086402893066406,1,1,1e-06,0.0
1,0.0015711784362792969,1,1,1e-06,0.0
1,0.05390191078186035,1,1,1e-06,0.0
1,0.0021812915802001953,1,1,1e-06,0.0
1,0.006603240966796875,1,1,1e-06,0.0
1,0.002228975296020508,1,1,1e-06,0.0
1,0.002743959426879883,1,1,1e-06,0.0
1,0.0020532608032226562,1,1,1e-06,0.0
1,0.0019626617431640625,1,1,1e-06,0.0
1,0.003046274185180664,1,1,1e-06,0.0
1,0.0020749568939208984,1,1,1e-06,0.0
1,0.004411935806274414,1,1,1e-06,0.0
1,0.0024161338806152344,1,1,1e-06,0.0
1,0.002183675765991211,1,1,1e-06,0.0
1,0.0026564598083496094,1,1,1e-06,0.0
1,0.0037522315979003906,1,1,1e-06,0.0
1,0.003779172897338867,1,1,1e-06,0.0
1,0.015779495239257812,1,1,1e-06,0.0
1,0.002345561981201172,1,1,1e-06,0.0
1,0.0022687911987304688,1,1,1e-06,0.0
1,0.002040863037109375,1,1,1e-06,0.0
1,0.13794183731079102,1,1,1e-06,0.0
1,0.013478517532348633,1,1,1e-06,0.0
1,0.030792236328125,1,1,1e-06,0.0
1,0.002772092819213867,1,1,1e-06,0.0
1,0.0037317276000976562,1,1,1e-06,0.0
1,0.0032317638397216797,1,1,1e-06,0.0
1,0.0037033557891845703,1,1,1e-06,0.0
1,0.0027391910552978516,1,1,1e-06,0.0
1,0.0019216537475585938,1,1,1e-06,0.0
1,0.0026357173919677734,1,1,1e-06,0.0
1,0.0022161006927490234,1,1,1e-06,0.0
1,0.0019462108612060547,1,1,1e-06,0.0
1,0.002098560333251953,1,1,1e-06,0.0
1,0.07123374938964844,1,1,1e-06,0.0
1,0.004392147064208984,1,1,1e-06,0.0
1,0.0023832321166992188,1,1,1e-06,0.0
1,0.004563093185424805,1,1,1e-06,0.0
1,0.0019385814666748047,1,1,1e-06,0.0
1,0.0022499561309814453,1,1,1e-06,0.0
1,0.04396557807922363,1,1,1e-06,0.0
1,0.011982202529907227,1,1,1e-06,0.0
1,0.0026025772094726562,1,1,1e-06,0.0
1,0.012525081634521484,1,1,1e-06,0.0
1,0.002080202102661133,1,1,1e-06,0.0
1,0.04484200477600098,1,1,1e-06,0.0
1,0.001961946487426758,1,1,1e-06,0.0
1,0.0024802684783935547,1,1,1e-06,0.0
1,0.0023255348205566406,1,1,1e-06,0.0
1,0.0017781257629394531,1,1,1e-06,0.0
1,0.002070903778076172,1,1,1e-06,0.0
1,0.0021219253540039062,1,1,1e-06,0.0
1,0.00193023681640625,1,1,1e-06,0.0
1,0.0014405250549316406,1,1,1e-06,0.0
1,0.002040863037109375,1,1,1e-06,0.0
1,0.004524707794189453,1,1,1e-06,0.0
1,0.09098505973815918,1,1,1e-06,0.0
1,0.004896402359008789,1,1,1e-06,0.0
1,0.0018320083618164062,1,1,1e-06,0.0
1,0.001692056655883789,1,1,1e-06,0.0
1,0.013112545013427734,1,1,1e-06,0.0
1,0.05895066261291504,1,1,1e-06,0.0
1,0.016486406326293945,1,1,1e-06,0.0
1,0.0029091835021972656,1,1,1e-06,0.0
1,0.0028307437896728516,1,1,1e-06,0.0
1,0.027187824249267578,1,1,1e-06,0.0
1,0.005974769592285156,1,1,1e-06,0.0
1,0.007852554321289062,1,1,1e-06,0.0
1,0.002563953399658203,1,1,1e-06,0.0
1,0.0024538040161132812,1,1,1e-06,0.0
1,0.0024297237396240234,1,1,1e-06,0.0
1,0.0037994384765625,1,1,1e-06,0.0
1,0.008892059326171875,1,1,1e-06,0.0
1,0.004312753677368164,1,1,1e-06,0.0
1,0.0050945281982421875,1,1,1e-06,0.0
1,0.002466440200805664,1,1,1e-06,0.0
1,0.004034519195556641,1,1,1e-06,0.0
1,0.029810428619384766,1,1,1e-06,0.0
1,0.013371467590332031,1,1,1e-06,0.0
1,0.0020966529846191406,1,1,1e-06,0.0
1,0.001590728759765625,1,1,1e-06,0.0
1,0.001529693603515625,1,1,1e-06,0.0
1,0.001714468002319336,1,1,1e-06,0.0
1,0.0019121170043945312,1,1,1e-06,0.0
1,0.0015730857849121094,1,1,1e-06,0.0
1,0.0019550323486328125,1,1,1e-06,0.0
1,0.0018339157104492188,1,1,1e-06,0.0
1,0.003705739974975586,1,1,1e-06,0.0
1,0.0026693344116210938,1,1,1e-06,0.0
1,0.0018665790557861328,1,1,1e-06,0.0
1,0.01877117156982422,1,1,1e-06,0.0
1,0.001966238021850586,1,1,1e-06,0.0
1,0.016314268112182617,1,1,1e-06,0.0
1,0.003204345703125,1,1,1e-06,0.0
1,0.003033876419067383,1,1,1e-06,0.0
1,0.002540111541748047,1,1,1e-06,0.0
1,0.003005504608154297,1,1,1e-06,0.0
1,0.004050016403198242,1,1,1e-06,0.0
1,0.005420207977294922,1,1,1e-06,0.0
1,0.0031664371490478516,1,1,1e-06,0.0
1,0.004137992858886719,1,1,1e-06,0.0
1,0.013768911361694336,1,1,1e-06,0.0
1,0.0028200149536132812,1,1,1e-06,0.0
1,0.0024955272674560547,1,1,1e-06,0.0
1,0.004622459411621094,1,1,1e-06,0.0
1,0.00528264045715332,1,1,1e-06,0.0
1,0.002159595489501953,1,1,1e-06,0.0
1,0.0026445388793945312,1,1,1e-06,0.0
1,0.017174959182739258,1,1,1e-06,0.0
1,0.0027785301208496094,1,1,1e-06,0.0
1,0.002216815948486328,1,1,1e-06,0.0
1,0.0211334228515625,1,1,1e-06,0.0
1,0.0029795169830322266,1,1,1e-06,0.0
1,0.0023164749145507812,1,1,1e-06,0.0
1,0.019043922424316406,1,1,1e-06,0.0
1,0.0032186508178710938,1,1,1e-06,0.0
1,0.002064943313598633,1,1,1e-06,0.0
1,0.02328634262084961,1,1,1e-06,0.0
1,0.0027184486389160156,1,1,1e-06,0.0
1,0.0047702789306640625,1,1,1e-06,0.0
1,0.0020368099212646484,1,1,1e-06,0.0
1,0.0023546218872070312,1,1,1e-06,0.0
1,0.0036134719848632812,1,1,1e-06,0.0
1,0.0047419071197509766,1,1,1e-06,0.0
1,0.002314329147338867,1,1,1e-06,0.0
1,0.0029211044311523438,1,1,1e-06,0.0
1,0.0019345283508300781,1,1,1e-06,0.0
1,0.002687215805053711,1,1,1e-06,0.0
1,0.0024046897888183594,1,1,1e-06,0.0
1,0.059496402740478516,1,1,1e-06,0.0
1,0.0031621456146240234,1,1,1e-06,0.0
1,0.0029120445251464844,1,1,1e-06,0.0
1,0.0031273365020751953,1,1,1e-06,0.0
1,0.0040624141693115234,1,1,1e-06,0.0
1,0.002302408218383789,1,1,1e-06,0.0
1,0.0026273727416992188,1,1,1e-06,0.0
1,0.034867048263549805,1,1,1e-06,0.0
1,0.003360748291015625,1,1,1e-06,0.0
1,0.003017902374267578,1,1,1e-06,0.0
1,0.0027878284454345703,1,1,1e-06,0.0
1,0.01275324821472168,1,1,1e-06,0.0
1,0.004419088363647461,1,1,1e-06,0.0
1,0.002246856689453125,1,1,1e-06,0.0
1,0.0044252872467041016,1,1,1e-06,0.0
1,0.005349636077880859,1,1,1e-06,0.0
1,0.005059957504272461,1,1,1e-06,0.0
1,0.0026917457580566406,1,1,1e-06,0.0
1,0.02662038803100586,1,1,1e-06,0.0
1,0.002368450164794922,1,1,1e-06,0.0
1,0.0025017261505126953,1,1,1e-06,0.0
1,0.0027458667755126953,1,1,1e-06,0.0
1,0.0030257701873779297,1,1,1e-06,0.0
1,0.007722616195678711,1,1,1e-06,0.0
1,0.004513978958129883,1,1,1e-06,0.0
1,0.005142927169799805,1,1,1e-06,0.0
1,0.0036821365356445312,1,1,1e-06,0.0
1,0.0025250911712646484,1,1,1e-06,0.0
1,0.00427699089050293,1,1,1e-06,0.0
1,0.0038809776306152344,1,1,1e-06,0.0
1,0.004282951354980469,1,1,1e-06,0.0
1,0.004278898239135742,1,1,1e-06,0.0
1,0.0077092647552490234,1,1,1e-06,0.0
1,0.002942800521850586,1,1,1e-06,0.0
1,0.004889488220214844,1,1,1e-06,0.0
1,0.005329608917236328,1,1,1e-06,0.0
1,0.0032570362091064453,1,1,1e-06,0.0
1,0.0025365352630615234,1,1,1e-06,0.0
1,0.003280162811279297,1,1,1e-06,0.0
1,0.01612710952758789,1,1,1e-06,0.0
1,0.028315305709838867,1,1,1e-06,0.0
1,0.0021584033966064453,1,1,1e-06,0.0
1,0.007540464401245117,1,1,1e-06,0.0
1,0.003100872039794922,1,1,1e-06,0.0
1,0.0024368762969970703,1,1,1e-06,0.0
1,0.003416299819946289,1,1,1e-06,0.0
1,0.11444282531738281,1,1,1e-06,0.0
1,0.001773834228515625,1,1,1e-06,0.0
1,0.002401113510131836,1,1,1e-06,0.0
1,0.002153635025024414,1,1,1e-06,0.0
1,0.002215147018432617,1,1,1e-06,0.0
1,0.00549626350402832,1,1,1e-06,0.0
1,0.005789756774902344,1,1,1e-06,0.0
1,0.0024192333221435547,1,1,1e-06,0.0
1,0.002235889434814453,1,1,1e-06,0.0
1,0.0024101734161376953,1,1,1e-06,0.0
1,0.002490520477294922,1,1,1e-06,0.0
1,0.00658106803894043,1,1,1e-06,0.0
1,0.013436317443847656,1,1,1e-06,0.0
1,0.008090496063232422,1,1,1e-06,0.0
1,0.003484487533569336,1,1,1e-06,0.0
1,0.0031328201293945312,1,1,1e-06,0.0
1,0.0025136470794677734,1,1,1e-06,0.0
1,0.0022864341735839844,1,1,1e-06,0.0
1,0.003378629684448242,1,1,1e-06,0.0
1,0.004210948944091797,1,1,1e-06,0.0
1,0.003335714340209961,1,1,1e-06,0.0
1,0.0038547515869140625,1,1,1e-06,0.0
1,0.002058744430541992,1,1,1e-06,0.0
1,0.019460678100585938,1,1,1e-06,0.0
1,0.0045588016510009766,1,1,1e-06,0.0
1,0.0027768611907958984,1,1,1e-06,0.0
1,0.006205558776855469,1,1,1e-06,0.0
1,0.0031397342681884766,1,1,1e-06,0.0
1,0.003116130828857422,1,1,1e-06,0.0
1,0.023552656173706055,1,1,1e-06,0.0
1,0.003758668899536133,1,1,1e-06,0.0
1,0.0033769607543945312,1,1,1e-06,0.0
1,0.0024976730346679688,1,1,1e-06,0.0
1,0.0030994415283203125,1,1,1e-06,0.0
1,0.002093076705932617,1,1,1e-06,0.0
1,0.004030942916870117,1,1,1e-06,0.0
1,0.0031599998474121094,1,1,1e-06,0.0
1,0.0034513473510742188,1,1,1e-06,0.0
1,0.0071258544921875,1,1,1e-06,0.0
1,0.005585432052612305,1,1,1e-06,0.0
1,0.0031409263610839844,1,1,1e-06,0.0
1,0.0028200149536132812,1,1,1e-06,0.0
1,0.0037164688110351562,1,1,1e-06,0.0
1,0.0025539398193359375,1,1,1e-06,0.0
1,0.0021028518676757812,1,1,1e-06,0.0
1,0.0027587413787841797,1,1,1e-06,0.0
1,0.027836084365844727,1,1,1e-06,0.0
1,0.002681732177734375,1,1,1e-06,0.0
1,0.16046500205993652,1,1,1e-06,0.0
1,0.0024704933166503906,1,1,1e-06,0.0
1,0.004899740219116211,1,1,1e-06,0.0
1,0.002220630645751953,1,1,1e-06,0.0
1,0.00884699821472168,1,1,1e-06,0.0
1,0.0028858184814453125,1,1,1e-06,0.0
1,0.003210783004760742,1,1,1e-06,0.0
1,0.004107236862182617,1,1,1e-06,0.0
1,0.06048870086669922,1,1,1e-06,0.0
1,0.0038917064666748047,1,1,1e-06,0.0
1,0.002818584442138672,1,1,1e-06,0.0
1,0.0021600723266601562,1,1,1e-06,0.0
1,0.007392406463623047,1,1,1e-06,0.0
1,0.05914735794067383,1,1,1e-06,0.0
1,0.01790928840637207,1,1,1e-06,0.0
1,0.0037665367126464844,1,1,1e-06,0.0
1,0.002735137939453125,1,1,1e-06,0.0
1,0.0021576881408691406,1,1,1e-06,0.0
1,0.0036318302154541016,1,1,1e-06,0.0
1,0.0351252555847168,1,1,1e-06,0.0
1,0.005555629730224609,1,1,1e-06,0.0
1,0.012241840362548828,1,1,1e-06,0.0
1,0.011234283447265625,1,1,1e-06,0.0
1,0.0041353702545166016,1,1,1e-06,0.0
1,0.0028913021087646484,1,1,1e-06,0.0
1,0.011330604553222656,1,1,1e-06,0.0
1,0.003937244415283203,1,1,1e-06,0.0
1,0.158111572265625,1,1,1e-06,0.0
1,0.0047032833099365234,1,1,1e-06,0.0
1,0.018617630004882812,1,1,1e-06,0.0
1,0.0046803951263427734,1,1,1e-06,0.0
1,0.009563207626342773,1,1,1e-06,0.0
1,0.0036208629608154297,1,1,1e-06,0.0
1,0.004054069519042969,1,1,1e-06,0.0
1,0.008426427841186523,1,1,1e-06,0.0
1,0.00532221794128418,1,1,1e-06,0.0
1,0.0063931941986083984,1,1,1e-06,0.0
1,0.00415802001953125,1,1,1e-06,0.0
1,0.0039217472076416016,1,1,1e-06,0.0
1,0.0022115707397460938,1,1,1e-06,0.0
1,0.05052495002746582,1,1,1e-06,0.0
1,0.007064104080200195,1,1,1e-06,0.0
1,0.005815982818603516,1,1,1e-06,0.0
1,0.007146120071411133,1,1,1e-06,0.0
1,0.005985260009765625,1,1,1e-06,0.0
1,0.004778623580932617,1,1,1e-06,0.0
1,0.0042722225189208984,1,1,1e-06,0.0
1,0.007598400115966797,1,1,1e-06,0.0
1,0.0033669471740722656,1,1,1e-06,0.0
1,0.00429081916809082,1,1,1e-06,0.0
1,0.005983829498291016,1,1,1e-06,0.0
1,0.0032172203063964844,1,1,1e-06,0.0
1,0.06081676483154297,1,1,1e-06,0.0
1,0.004613637924194336,1,1,1e-06,0.0
1,0.00617527961730957,1,1,1e-06,0.0
1,0.0030210018157958984,1,1,1e-06,0.0
1,0.003973484039306641,1,1,1e-06,0.0
1,0.003134012222290039,1,1,1e-06,0.0
1,0.006001472473144531,1,1,1e-06,0.0
1,0.0075244903564453125,1,1,1e-06,0.0
1,0.005217313766479492,1,1,1e-06,0.0
1,0.04308819770812988,1,1,1e-06,0.0
1,0.0036118030548095703,1,1,1e-06,0.0
1,0.0021054744720458984,1,1,1e-06,0.0
1,0.002598285675048828,1,1,1e-06,0.0
1,0.003530740737915039,1,1,1e-06,0.0
1,0.004169940948486328,1,1,1e-06,0.0
1,0.0027327537536621094,1,1,1e-06,0.0
1,0.0025348663330078125,1,1,1e-06,0.0
1,0.004285097122192383,1,1,1e-06,0.0
1,0.04370832443237305,1,1,1e-06,0.0
1,0.05657458305358887,1,1,1e-06,0.0
1,0.004311800003051758,1,1,1e-06,0.0
1,0.005106925964355469,1,1,1e-06,0.0
1,0.003568887710571289,1,1,1e-06,0.0
1,0.005059480667114258,1,1,1e-06,0.0
1,0.005568265914916992,1,1,1e-06,0.0
1,0.004779338836669922,1,1,1e-06,0.0
1,0.0030443668365478516,1,1,1e-06,0.0
1,0.0031425952911376953,1,1,1e-06,0.0
1,0.006045818328857422,1,1,1e-06,0.0
1,0.019617795944213867,1,1,1e-06,0.0
1,0.014191627502441406,1,1,1e-06,0.0
1,0.002984285354614258,1,1,1e-06,0.0
1,0.003704547882080078,1,1,1e-06,0.0
1,0.012343645095825195,1,1,1e-06,0.0
1,0.0033445358276367188,1,1,1e-06,0.0
1,0.012924671173095703,1,1,1e-06,0.0
1,0.33780789375305176,1,1,1e-06,0.0
1,0.023973941802978516,1,1,1e-06,0.0
1,0.003843545913696289,1,1,1e-06,0.0
1,0.0032105445861816406,1,1,1e-06,0.0
1,0.009984970092773438,1,1,1e-06,0.0
1,0.004849433898925781,1,1,1e-06,0.0
1,0.011171340942382812,1,1,1e-06,0.0
1,0.0032165050506591797,1,1,1e-06,0.0
1,0.0031659603118896484,1,1,1e-06,0.0
1,0.010619640350341797,1,1,1e-06,0.0
1,0.003831624984741211,1,1,1e-06,0.0
1,0.0027627944946289062,1,1,1e-06,0.0
1,0.0032358169555664062,1,1,1e-06,0.0
1,0.015666961669921875,1,1,1e-06,0.0
1,0.01214456558227539,1,1,1e-06,0.0
1,0.0056078433990478516,1,1,1e-06,0.0
1,0.012964963912963867,1,1,1e-06,0.0
1,0.012187004089355469,1,1,1e-06,0.0
1,0.0030350685119628906,1,1,1e-06,0.0
1,0.05225729942321777,1,1,1e-06,0.0
1,0.07375717163085938,1,1,1e-06,0.0
1,0.0048253536224365234,1,1,1e-06,0.0
1,0.0030975341796875,1,1,1e-06,0.0
1,0.003142118453979492,1,1,1e-06,0.0
1,0.004204511642456055,1,1,1e-06,0.0
1,0.005180835723876953,1,1,1e-06,0.0
1,0.005322694778442383,1,1,1e-06,0.0
1,0.0036163330078125,1,1,1e-06,0.0
1,0.0027434825897216797,1,1,1e-06,0.0
1,0.0058977603912353516,1,1,1e-06,0.0
1,0.004004716873168945,1,1,1e-06,0.0
1,0.0048143863677978516,1,1,1e-06,0.0
1,0.002441883087158203,1,1,1e-06,0.0
1,0.00662541389465332,1,1,1e-06,0.0
1,0.2670280933380127,1,1,1e-06,0.0
1,0.0027475357055664062,1,1,1e-06,0.0
1,0.0034525394439697266,1,1,1e-06,0.0
1,0.003826141357421875,1,1,1e-06,0.0
1,0.0022649765014648438,1,1,1e-06,0.0
1,0.0030183792114257812,1,1,1e-06,0.0
1,0.002037525177001953,1,1,1e-06,0.0
1,0.0019218921661376953,1,1,1e-06,0.0
1,0.04395461082458496,1,1,1e-06,0.0
1,0.0023119449615478516,1,1,1e-06,0.0
1,0.0030088424682617188,1,1,1e-06,0.0
1,0.0024437904357910156,1,1,1e-06,0.0
1,0.0030333995819091797,1,1,1e-06,0.0
1,0.002885580062866211,1,1,1e-06,0.0
1,0.03343820571899414,1,1,1e-06,0.0
1,0.006669521331787109,1,1,1e-06,0.0
1,0.0067632198333740234,1,1,1e-06,0.0
1,0.02506232261657715,1,1,1e-06,0.0
1,0.002493143081665039,1,1,1e-06,0.0
1,0.0028634071350097656,1,1,1e-06,0.0
1,0.001789093017578125,1,1,1e-06,0.0
1,0.019895315170288086,1,1,1e-06,0.0
1,0.003484964370727539,1,1,1e-06,0.0
1,0.0037958621978759766,1,1,1e-06,0.0
1,0.004126071929931641,1,1,1e-06,0.0
1,0.0031723976135253906,1,1,1e-06,0.0
1,0.01796269416809082,1,1,1e-06,0.0
1,0.002274036407470703,1,1,1e-06,0.0
1,0.002154827117919922,1,1,1e-06,0.0
1,0.49551963806152344,1,1,1e-06,0.0
1,0.003709077835083008,1,1,1e-06,0.0
1,0.002421140670776367,1,1,1e-06,0.0
1,0.003099203109741211,1,1,1e-06,0.0
1,0.0024213790893554688,1,1,1e-06,0.0
1,0.001911163330078125,1,1,1e-06,0.0
1,0.005117654800415039,1,1,1e-06,0.0
1,0.09507226943969727,1,1,1e-06,0.0
1,0.0023560523986816406,1,1,1e-06,0.0
1,0.009776115417480469,1,1,1e-06,0.0
1,0.02304363250732422,1,1,1e-06,0.0
1,0.03359103202819824,1,1,1e-06,0.0
1,0.015400171279907227,1,1,1e-06,0.0
1,0.002413034439086914,1,1,1e-06,0.0
1,0.003252267837524414,1,1,1e-06,0.0
1,0.0026445388793945312,1,1,1e-06,0.0
1,0.0027205944061279297,1,1,1e-06,0.0
1,0.004449129104614258,1,1,1e-06,0.0
1,0.0029480457305908203,1,1,1e-06,0.0
1,0.003248453140258789,1,1,1e-06,0.0
1,0.002140522003173828,1,1,1e-06,0.0
1,0.06723451614379883,1,1,1e-06,0.0
1,0.0049364566802978516,1,1,1e-06,0.0
1,0.015376091003417969,1,1,1e-06,0.0
1,0.042723894119262695,1,1,1e-06,0.0
1,0.0044612884521484375,1,1,1e-06,0.0
1,0.005095481872558594,1,1,1e-06,0.0
1,0.02751755714416504,1,1,1e-06,0.0
1,0.005010128021240234,1,1,1e-06,0.0
1,0.006459474563598633,1,1,1e-06,0.0
1,0.008661270141601562,1,1,1e-06,0.0
1,0.005175113677978516,1,1,1e-06,0.0
1,0.003622293472290039,1,1,1e-06,0.0
1,0.005706787109375,1,1,1e-06,0.0
1,0.005779743194580078,1,1,1e-06,0.0
1,0.0029098987579345703,1,1,1e-06,0.0
1,0.008926630020141602,1,1,1e-06,0.0
1,0.003798961639404297,1,1,1e-06,0.0
1,0.002256155014038086,1,1,1e-06,0.0
1,0.0062408447265625,1,1,1e-06,0.0
1,0.003902912139892578,1,1,1e-06,0.0
1,0.09055948257446289,1,1,1e-06,0.0
1,0.003980875015258789,1,1,1e-06,0.0
1,0.01832103729248047,1,1,1e-06,0.0
1,0.0027663707733154297,1,1,1e-06,0.0
1,0.003553152084350586,1,1,1e-06,0.0
1,0.0022220611572265625,1,1,1e-06,0.0
1,0.0021431446075439453,1,1,1e-06,0.0
1,0.0019223690032958984,1,1,1e-06,0.0
1,0.006757497787475586,1,1,1e-06,0.0
1,0.0035238265991210938,1,1,1e-06,0.0
1,0.0027594566345214844,1,1,1e-06,0.0
1,0.014551877975463867,1,1,1e-06,0.0
1,0.001903533935546875,1,1,1e-06,0.0
1,0.0016505718231201172,1,1,1e-06,0.0
1,0.002012491226196289,1,1,1e-06,0.0
1,0.003856658935546875,1,1,1e-06,0.0
1,0.0026328563690185547,1,1,1e-06,0.0
1,0.0021371841430664062,1,1,1e-06,0.0
1,0.05524921417236328,1,1,1e-06,0.0
1,0.0020918846130371094,1,1,1e-06,0.0
0,1.0117900371551514,0,0,,0.0
1,0.0022363662719726562,1,1,1e-06,0.0
1,0.027459383010864258,1,1,1e-06,0.0
1,0.002427339553833008,1,1,1e-06,0.0
1,0.005682945251464844,1,1,1e-06,0.0
1,0.0027506351470947266,1,1,1e-06,0.0
1,0.009817838668823242,1,1,1e-06,0.0
1,0.002713918685913086,1,1,1e-06,0.0
1,0.002249002456665039,1,1,1e-06,0.0
1,0.002229452133178711,1,1,1e-06,0.0
1,0.003461599349975586,1,1,1e-06,0.0
1,0.0041065216064453125,1,1,1e-06,0.0
1,0.002630949020385742,1,1,1e-06,0.0
1,0.0019404888153076172,1,1,1e-06,0.0
1,0.0018515586853027344,1,1,1e-06,0.0
1,0.005307674407958984,1,1,1e-06,0.0
1,0.0033299922943115234,1,1,1e-06,0.0
1,0.005731344223022461,1,1,1e-06,0.0
1,0.0024127960205078125,1,1,1e-06,0.0
1,0.003811359405517578,1,1,1e-06,0.0
1,0.0143280029296875,1,1,1e-06,0.0
1,0.015578508377075195,1,1,1e-06,0.0
1,0.0024466514587402344,1,1,1e-06,0.0
1,0.002045154571533203,1,1,1e-06,0.0
1,0.0028214454650878906,1,1,1e-06,0.0
1,0.0033435821533203125,1,1,1e-06,0.0
1,0.0034856796264648438,1,1,1e-06,0.0
1,0.003688812255859375,1,1,1e-06,0.0
1,0.006509304046630859,1,1,1e-06,0.0
1,0.0031926631927490234,1,1,1e-06,0.0
1,0.0030946731567382812,1,1,1e-06,0.0
1,0.002742767333984375,1,1,1e-06,0.0
1,0.0031294822692871094,1,1,1e-06,0.0
1,0.0035123825073242188,1,1,1e-06,0.0
1,0.004300594329833984,1,1,1e-06,0.0
1,0.004566192626953125,1,1,1e-06,0.0
1,0.003911256790161133,1,1,1e-06,0.0
1,0.003760099411010742,1,1,1e-06,0.0
1,0.0041234493255615234,1,1,1e-06,0.0
1,0.007651090621948242,1,1,1e-06,0.0
1,0.003953218460083008,1,1,1e-06,0.0
1,0.0037772655487060547,1,1,1e-06,0.0
1,0.018362045288085938,1,1,1e-06,0.0
1,0.0034995079040527344,1,1,1e-06,0.0
1,0.02700638771057129,1,1,1e-06,0.0
1,0.003457307815551758,1,1,1e-06,0.0
1,0.0034093856811523438,1,1,1e-06,0.0
1,0.002656221389770508,1,1,1e-06,0.0
1,0.003130197525024414,1,1,1e-06,0.0
1,0.004554271697998047,1,1,1e-06,0.0
1,0.009709596633911133,1,1,1e-06,0.0
1,0.024631738662719727,1,1,1e-06,0.0
1,0.00827789306640625,1,1,1e-06,0.0
1,0.0018568038940429688,1,1,1e-06,0.0
1,0.002234935760498047,1,1,1e-06,0.0
1,0.017957687377929688,1,1,1e-06,0.0
1,0.009347200393676758,1,1,1e-06,0.0
1,0.03236198425292969,1,1,1e-06,0.0
1,0.0020706653594970703,1,1,1e-06,0.0
1,0.0017464160919189453,1,1,1e-06,0.0
1,0.00973200798034668,1,1,1e-06,0.0
1,0.011119604110717773,1,1,1e-06,0.0
1,0.002390623092651367,1,1,1e-06,0.0
1,0.0017971992492675781,1,1,1e-06,0.0
1,0.0037772655487060547,1,1,1e-06,0.0
1,0.03963637351989746,1,1,1e-06,0.0
1,0.0021033287048339844,1,1,1e-06,0.0
1,0.0021729469299316406,1,1,1e-06,0.0
1,0.0018134117126464844,1,1,1e-06,0.0
1,0.029311656951904297,1,1,1e-06,0.0
1,0.0031108856201171875,1,1,1e-06,0.0
1,0.0016961097717285156,1,1,1e-06,0.0
1,0.0016694068908691406,1,1,1e-06,0.0
1,0.0025060176849365234,1,1,1e-06,0.0
1,0.0025229454040527344,1,1,1e-06,0.0
1,0.0037224292755126953,1,1,1e-06,0.0
1,0.004571676254272461,1,1,1e-06,0.0
1,0.0029735565185546875,1,1,1e-06,0.0
1,0.002876758575439453,1,1,1e-06,0.0
1,0.002329111099243164,1,1,1e-06,0.0
1,0.0019698143005371094,1,1,1e-06,0.0
1,0.005769014358520508,1,1,1e-06,0.0
1,0.0023164749145507812,1,1,1e-06,0.0
1,0.002502918243408203,1,1,1e-06,0.0
1,0.0026984214782714844,1,1,1e-06,0.0
1,0.015529394149780273,1,1,1e-06,0.0
1,0.0025758743286132812,1,1,1e-06,0.0
1,0.0028524398803710938,1,1,1e-06,0.0
1,0.003408193588256836,1,1,1e-06,0.0
1,0.04034590721130371,1,1,1e-06,0.0
1,0.0033953189849853516,1,1,1e-06,0.0
1,0.002623319625854492,1,1,1e-06,0.0
1,0.003164052963256836,1,1,1e-06,0.0
1,0.002329587936401367,1,1,1e-06,0.0
1,0.0028030872344970703,1,1,1e-06,0.0
1,0.001856088638305664,1,1,1e-06,0.0
1,0.002471446990966797,1,1,1e-06,0.0
1,0.011751651763916016,1,1,1e-06,0.0
1,0.002435445785522461,1,1,1e-06,0.0
1,0.003367185592651367,1,1,1e-06,0.0
1,0.004799842834472656,1,1,1e-06,0.0
1,0.0029790401458740234,1,1,1e-06,0.0
1,0.0032269954681396484,1,1,1e-06,0.0
1,0.0042514801025390625,1,1,1e-06,0.0
1,0.006730318069458008,1,1,1e-06,0.0
1,0.027621030807495117,1,1,1e-06,0.0
1,0.002982616424560547,1,1,1e-06,0.0
1,0.007132291793823242,1,1,1e-06,0.0
1,0.0026640892028808594,1,1,1e-06,0.0
1,0.002701282501220703,1,1,1e-06,0.0
1,0.00614166259765625,1,1,1e-06,0.0
1,0.0034303665161132812,1,1,1e-06,0.0
1,0.0023708343505859375,1,1,1e-06,0.0
1,0.0019230842590332031,1,1,1e-06,0.0
1,0.03322935104370117,1,1,1e-06,0.0
1,0.01079249382019043,1,1,1e-06,0.0
1,0.022690296173095703,1,1,1e-06,0.0
1,0.0034186840057373047,1,1,1e-06,0.0
1,0.0019025802612304688,1,1,1e-06,0.0
1,0.002607583999633789,1,1,1e-06,0.0
1,0.0029342174530029297,1,1,1e-06,0.0
1,0.002211332321166992,1,1,1e-06,0.0
1,0.004053592681884766,1,1,1e-06,0.0
1,0.0026483535766601562,1,1,1e-06,0.0
1,0.002513408660888672,1,1,1e-06,0.0
1,0.004323005676269531,1,1,1e-06,0.0
1,0.0058939456939697266,1,1,1e-06,0.0
1,0.002197742462158203,1,1,1e-06,0.0
1,0.0022728443145751953,1,1,1e-06,0.0
1,0.003828763961791992,1,1,1e-06,0.0
1,0.03560161590576172,1,1,1e-06,0.0
1,0.002614736557006836,1,1,1e-06,0.0
1,0.0019245147705078125,1,1,1e-06,0.0
1,0.002306222915649414,1,1,1e-06,0.0
1,0.003992319107055664,1,1,1e-06,0.0
1,0.0030698776245117188,1,1,1e-06,0.0
1,0.004989147186279297,1,1,1e-06,0.0
1,0.020418167114257812,1,1,1e-06,0.0
1,0.003962278366088867,1,1,1e-06,0.0
1,0.0019061565399169922,1,1,1e-06,0.0
1,0.006040096282958984,1,1,1e-06,0.0
1,0.0052297115325927734,1,1,1e-06,0.0
1,0.0027239322662353516,1,1,1e-06,0.0
1,0.004910945892333984,1,1,1e-06,0.0
1,0.0029239654541015625,1,1,1e-06,0.0
1,0.002415895462036133,1,1,1e-06,0.0
1,0.0021131038665771484,1,1,1e-06,0.0
1,0.04760384559631348,1,1,1e-06,0.0
1,0.0026810169219970703,1,1,1e-06,0.0
1,0.015996217727661133,1,1,1e-06,0.0
1,0.0038542747497558594,1,1,1e-06,0.0
1,0.002666473388671875,1,1,1e-06,0.0
1,0.002315521240234375,1,1,1e-06,0.0
1,0.0021653175354003906,1,1,1e-06,0.0
1,0.00769805908203125,1,1,1e-06,0.0
1,0.0033714771270751953,1,1,1e-06,0.0
1,0.0033655166625976562,1,1,1e-06,0.0
1,0.002804279327392578,1,1,1e-06,0.0
1,0.002516508102416992,1,1,1e-06,0.0
1,0.002527475357055664,1,1,1e-06,0.0
1,0.0075495243072509766,1,1,1e-06,0.0
1,0.002621889114379883,1,1,1e-06,0.0
1,0.0021164417266845703,1,1,1e-06,0.0
1,0.0017583370208740234,1,1,1e-06,0.0
1,0.002292633056640625,1,1,1e-06,0.0
1,0.002552032470703125,1,1,1e-06,0.0
1,0.00229644775390625,1,1,1e-06,0.0
1,0.002118825912475586,1,1,1e-06,0.0
1,0.0023839473724365234,1,1,1e-06,0.0
1,0.0031037330627441406,1,1,1e-06,0.0
1,0.0022530555725097656,1,1,1e-06,0.0
1,0.012775182723999023,1,1,1e-06,0.0
1,0.08423447608947754,1,1,1e-06,0.0
1,0.0024645328521728516,1,1,1e-06,0.0
1,0.0021948814392089844,1,1,1e-06,0.0
1,0.002874135971069336,1,1,1e-06,0.0
1,0.0019292831420898438,1,1,1e-06,0.0
1,0.0021491050720214844,1,1,1e-06,0.0
1,0.0023059844970703125,1,1,1e-06,0.0
1,0.0020830631256103516,1,1,1e-06,0.0
1,0.0019290447235107422,1,1,1e-06,0.0
1,0.0019311904907226562,1,1,1e-06,0.0
1,0.002669095993041992,1,1,1e-06,0.0
1,0.002086162567138672,1,1,1e-06,0.0
1,0.07484102249145508,1,1,1e-06,0.0
1,0.0023860931396484375,1,1,1e-06,0.0
1,0.0022470951080322266,1,1,1e-06,0.0
1,0.002847433090209961,1,1,1e-06,0.0
1,0.002524852752685547,1,1,1e-06,0.0
1,0.002408266067504883,1,1,1e-06,0.0
1,0.022320270538330078,1,1,1e-06,0.0
1,0.002109527587890625,1,1,1e-06,0.0
1,0.01827096939086914,1,1,1e-06,0.0
1,0.0029311180114746094,1,1,1e-06,0.0
1,0.013114690780639648,1,1,1e-06,0.0
1,0.0025627613067626953,1,1,1e-06,0.0
1,0.012853145599365234,1,1,1e-06,0.0
1,0.0027866363525390625,1,1,1e-06,0.0
1,0.0021219253540039062,1,1,1e-06,0.0
1,0.002131938934326172,1,1,1e-06,0.0
1,0.023221492767333984,1,1,1e-06,0.0
1,0.01717066764831543,1,1,1e-06,0.0
1,0.003363370895385742,1,1,1e-06,0.0
1,0.012853145599365234,1,1,1e-06,0.0
1,0.0020911693572998047,1,1,1e-06,0.0
1,0.002101421356201172,1,1,1e-06,0.0
1,0.002321004867553711,1,1,1e-06,0.0
1,0.008442163467407227,1,1,1e-06,0.0
1,0.0025713443756103516,1,1,1e-06,0.0
1,0.0028548240661621094,1,1,1e-06,0.0
1,0.01237344741821289,1,1,1e-06,0.0
1,0.0029785633087158203,1,1,1e-06,0.0
1,0.0021975040435791016,1,1,1e-06,0.0
1,0.003560781478881836,1,1,1e-06,0.0
1,0.006486654281616211,1,1,1e-06,0.0
1,0.006254911422729492,1,1,1e-06,0.0
1,0.014593124389648438,1,1,1e-06,0.0
1,0.006371974945068359,1,1,1e-06,0.0
1,0.0039000511169433594,1,1,1e-06,0.0
1,0.0024123191833496094,1,1,1e-06,0.0
1,0.002245664596557617,1,1,1e-06,0.0
1,0.002716541290283203,1,1,1e-06,0.0
1,0.0026006698608398438,1,1,1e-06,0.0
1,0.0021610260009765625,1,1,1e-06,0.0
1,0.005339622497558594,1,1,1e-06,0.0
1,0.003294706344604492,1,1,1e-06,0.0
1,0.003602743148803711,1,1,1e-06,0.0
1,0.002444028854370117,1,1,1e-06,0.0
1,0.0023946762084960938,1,1,1e-06,0.0
1,0.0027616024017333984,1,1,1e-06,0.0
1,0.002162456512451172,1,1,1e-06,0.0
1,0.0032036304473876953,1,1,1e-06,0.0
1,0.005953788757324219,1,1,1e-06,0.0
1,0.003877401351928711,1,1,1e-06,0.0
1,0.03274989128112793,1,1,1e-06,0.0
1,0.021879911422729492,1,1,1e-06,0.0
1,0.012721538543701172,1,1,1e-06,0.0
1,0.002643585205078125,1,1,1e-06,0.0
1,0.0032520294189453125,1,1,1e-06,0.0
1,0.002410888671875,1,1,1e-06,0.0
1,0.002005338668823242,1,1,1e-06,0.0
1,0.003054380416870117,1,1,1e-06,0.0
1,0.004830360412597656,1,1,1e-06,0.0
1,0.002712726593017578,1,1,1e-06,0.0
1,0.03936600685119629,1,1,1e-06,0.0
1,0.003008604049682617,1,1,1e-06,0.0
1,0.0027413368225097656,1,1,1e-06,0.0
1,0.002238035202026367,1,1,1e-06,0.0
1,0.0021381378173828125,1,1,1e-06,0.0
1,0.001897573471069336,1,1,1e-06,0.0
1,0.0021026134490966797,1,1,1e-06,0.0
1,0.002187013626098633,1,1,1e-06,0.0
1,0.006064414978027344,1,1,1e-06,0.0
1,0.00211334228515625,1,1,1e-06,0.0
1,0.028249502182006836,1,1,1e-06,0.0
1,0.0023369789123535156,1,1,1e-06,0.0
1,0.0022008419036865234,1,1,1e-06,0.0
1,0.003057718276977539,1,1,1e-06,0.0
1,0.0046231746673583984,1,1,1e-06,0.0
1,0.0020885467529296875,1,1,1e-06,0.0
1,0.0018374919891357422,1,1,1e-06,0.0
1,0.005764961242675781,1,1,1e-06,0.0
1,0.003205537796020508,1,1,1e-06,0.0
1,0.0036468505859375,1,1,1e-06,0.0
1,0.0031805038452148438,1,1,1e-06,0.0
1,0.18688654899597168,1,1,1e-06,0.0
1,0.008061408996582031,1,1,1e-06,0.0
1,0.002382040023803711,1,1,1e-06,0.0
1,0.0020842552185058594,1,1,1e-06,0.0
1,0.0023016929626464844,1,1,1e-06,0.0
1,0.004860877990722656,1,1,1e-06,0.0
1,0.0046770572662353516,1,1,1e-06,0.0
1,0.02253437042236328,1,1,1e-06,0.0
1,0.0060765743255615234,1,1,1e-06,0.0
1,0.014871597290039062,1,1,1e-06,0.0
1,0.0052874088287353516,1,1,1e-06,0.0
1,0.0026934146881103516,1,1,1e-06,0.0
1,0.0045816898345947266,1,1,1e-06,0.0
1,0.0032837390899658203,1,1,1e-06,0.0
1,0.0020678043365478516,1,1,1e-06,0.0
1,0.0032896995544433594,1,1,1e-06,0.0
1,0.003512144088745117,1,1,1e-06,0.0
1,0.003621339797973633,1,1,1e-06,0.0
1,0.0025005340576171875,1,1,1e-06,0.0
1,0.0029790401458740234,1,1,1e-06,0.0
1,0.003069162368774414,1,1,1e-06,0.0
1,0.03743147850036621,1,1,1e-06,0.0
1,0.0030667781829833984,1,1,1e-06,0.0
1,0.0029180049896240234,1,1,1e-06,0.0
1,0.02656245231628418,1,1,1e-06,0.0
1,0.002168416976928711,1,1,1e-06,0.0
1,0.0018532276153564453,1,1,1e-06,0.0
1,0.0020530223846435547,1,1,1e-06,0.0
1,0.007230043411254883,1,1,1e-06,0.0
1,0.002232789993286133,1,1,1e-06,0.0
1,0.0025713443756103516,1,1,1e-06,0.0
1,0.002338886260986328,1,1,1e-06,0.0
1,0.0018699169158935547,1,1,1e-06,0.0
1,0.006842851638793945,1,1,1e-06,0.0
1,0.002441883087158203,1,1,1e-06,0.0
1,0.0019483566284179688,1,1,1e-06,0.0
1,0.002897500991821289,1,1,1e-06,0.0
1,0.0030035972595214844,1,1,1e-06,0.0
1,0.0025186538696289062,1,1,1e-06,0.0
1,0.002018451690673828,1,1,1e-06,0.0
1,0.0021238327026367188,1,1,1e-06,0.0
1,0.0031473636627197266,1,1,1e-06,0.0
1,0.0021038055419921875,1,1,1e-06,0.0
1,0.004204273223876953,1,1,1e-06,0.0
1,0.0024671554565429688,1,1,1e-06,0.0
1,0.0024683475494384766,1,1,1e-06,0.0
1,0.004285335540771484,1,1,1e-06,0.0
1,0.0033636093139648438,1,1,1e-06,0.0
1,0.019268274307250977,1,1,1e-06,0.0
1,0.0028717517852783203,1,1,1e-06,0.0
1,0.0042264461517333984,1,1,1e-06,0.0
1,0.0031397342681884766,1,1,1e-06,0.0
1,0.003828287124633789,1,1,1e-06,0.0
1,0.006124019622802734,1,1,1e-06,0.0
1,0.0034410953521728516,1,1,1e-06,0.0
1,0.003982067108154297,1,1,1e-06,0.0
1,0.006437063217163086,1,1,1e-06,0.0
1,0.0036039352416992188,1,1,1e-06,0.0
1,0.008193731307983398,1,1,1e-06,0.0
1,0.005697011947631836,1,1,1e-06,0.0
1,0.021036386489868164,1,1,1e-06,0.0
1,0.005164384841918945,1,1,1e-06,0.0
1,0.002685070037841797,1,1,1e-06,0.0
1,0.00404667854309082,1,1,1e-06,0.0
1,0.004492759704589844,1,1,1e-06,0.0
1,0.0023415088653564453,1,1,1e-06,0.0
1,0.011361122131347656,1,1,1e-06,0.0
1,0.0027604103088378906,1,1,1e-06,0.0
1,0.0018258094787597656,1,1,1e-06,0.0
1,0.002499818801879883,1,1,1e-06,0.0
1,0.043093204498291016,1,1,1e-06,0.0
1,0.0022726058959960938,1,1,1e-06,0.0
1,0.0020971298217773438,1,1,1e-06,0.0
1,0.002177000045776367,1,1,1e-06,0.0
1,0.002241373062133789,1,1,1e-06,0.0
1,0.0031790733337402344,1,1,1e-06,0.0
1,0.01685333251953125,1,1,1e-06,0.0
1,0.0019507408142089844,1,1,1e-06,0.0
1,0.0021469593048095703,1,1,1e-06,0.0
1,0.0026483535766601562,1,1,1e-06,0.0
1,0.002172708511352539,1,1,1e-06,0.0
1,0.0018770694732666016,1,1,1e-06,0.0
1,0.002207517623901367,1,1,1e-06,0.0
1,0.03751873970031738,1,1,1e-06,0.0
1,0.007490396499633789,1,1,1e-06,0.0
1,0.026546001434326172,1,1,1e-06,0.0
1,0.0019872188568115234,1,1,1e-06,0.0
1,0.002067089080810547,1,1,1e-06,0.0
1,0.0021598339080810547,1,1,1e-06,0.0
1,0.0024039745330810547,1,1,1e-06,0.0
1,0.0023908615112304688,1,1,1e-06,0.0
1,0.009238719940185547,1,1,1e-06,0.0
1,0.015585899353027344,1,1,1e-06,0.0
1,0.0020422935485839844,1,1,1e-06,0.0
1,0.002855062484741211,1,1,1e-06,0.0
1,0.005913257598876953,1,1,1e-06,0.0
1,0.003210306167602539,1,1,1e-06,0.0
1,0.002334117889404297,1,1,1e-06,0.0
1,0.002830982208251953,1,1,1e-06,0.0
1,0.002825498580932617,1,1,1e-06,0.0
1,0.003893613815307617,1,1,1e-06,0.0
1,0.003576993942260742,1,1,1e-06,0.0
1,0.002668142318725586,1,1,1e-06,0.0
1,0.002530336380004883,1,1,1e-06,0.0
1,0.016824722290039062,1,1,1e-06,0.0
1,0.002363443374633789,1,1,1e-06,0.0
1,0.0030803680419921875,1,1,1e-06,0.0
1,0.035437822341918945,1,1,1e-06,0.0
1,0.0028586387634277344,1,1,1e-06,0.0
1,0.0028290748596191406,1,1,1e-06,0.0
1,0.002858877182006836,1,1,1e-06,0.0
1,0.002470731735229492,1,1,1e-06,0.0
1,0.0458376407623291,1,1,1e-06,0.0
1,0.012695074081420898,1,1,1e-06,0.0
1,0.00186920166015625,1,1,1e-06,0.0
1,0.0015876293182373047,1,1,1e-06,0.0
1,0.037125587463378906,1,1,1e-06,0.0
1,0.0028524398803710938,1,1,1e-06,0.0
1,0.0027742385864257812,1,1,1e-06,0.0
1,0.011567354202270508,1,1,1e-06,0.0
1,0.003920555114746094,1,1,1e-06,0.0
1,0.0033249855041503906,1,1,1e-06,0.0
1,0.0024759769439697266,1,1,1e-06,0.0
1,0.005192279815673828,1,1,1e-06,0.0
1,0.002398967742919922,1,1,1e-06,0.0
1,0.0029456615447998047,1,1,1e-06,0.0
1,0.0019407272338867188,1,1,1e-06,0.0
1,0.00284576416015625,1,1,1e-06,0.0
1,0.002050161361694336,1,1,1e-06,0.0
1,0.0017862319946289062,1,1,1e-06,0.0
1,0.028025388717651367,1,1,1e-06,0.0
1,0.005819797515869141,1,1,1e-06,0.0
1,0.0026197433471679688,1,1,1e-06,0.0
1,0.0047109127044677734,1,1,1e-06,0.0
1,0.002521991729736328,1,1,1e-06,0.0
1,0.004331827163696289,1,1,1e-06,0.0
1,0.017819643020629883,1,1,1e-06,0.0
1,0.009437799453735352,1,1,1e-06,0.0
1,0.0029973983764648438,1,1,1e-06,0.0
1,0.0026443004608154297,1,1,1e-06,0.0
1,0.0023326873779296875,1,1,1e-06,0.0
1,0.0019199848175048828,1,1,1e-06,0.0
1,0.0019245147705078125,1,1,1e-06,0.0
1,0.0019342899322509766,1,1,1e-06,0.0
1,0.002019166946411133,1,1,1e-06,0.0
1,0.028345823287963867,1,1,1e-06,0.0
1,0.0074880123138427734,1,1,1e-06,0.0
1,0.0024700164794921875,1,1,1e-06,0.0
1,0.004003047943115234,1,1,1e-06,0.0
1,0.015138864517211914,1,1,1e-06,0.0
1,0.0023179054260253906,1,1,1e-06,0.0
1,0.015087127685546875,1,1,1e-06,0.0
1,0.002418041229248047,1,1,1e-06,0.0
1,0.002689838409423828,1,1,1e-06,0.0
1,0.0027239322662353516,1,1,1e-06,0.0
1,0.002201557159423828,1,1,1e-06,0.0
1,0.030379772186279297,1,1,1e-06,0.0
1,0.0022401809692382812,1,1,1e-06,0.0
1,0.06565237045288086,1,1,1e-06,0.0
1,0.0016396045684814453,1,1,1e-06,0.0
1,0.06896305084228516,1,1,1e-06,0.0
1,0.002508401870727539,1,1,1e-06,0.0
1,0.003772258758544922,1,1,1e-06,0.0
1,0.008919954299926758,1,1,1e-06,0.0
1,0.002582550048828125,1,1,1e-06,0.0
1,0.15398502349853516,1,1,1e-06,0.0
1,0.0032088756561279297,1,1,1e-06,0.0
1,0.0019123554229736328,1,1,1e-06,0.0
1,0.002499103546142578,1,1,1e-06,0.0
1,0.0018849372863769531,1,1,1e-06,0.0
1,0.0030791759490966797,1,1,1e-06,0.0
1,0.0025539398193359375,1,1,1e-06,0.0
1,0.0017037391662597656,1,1,1e-06,0.0
1,0.0019683837890625,1,1,1e-06,0.0
1,0.0020058155059814453,1,1,1e-06,0.0
1,0.0022547245025634766,1,1,1e-06,0.0
1,0.002132415771484375,1,1,1e-06,0.0
1,0.0016832351684570312,1,1,1e-06,0.0
1,0.0019943714141845703,1,1,1e-06,0.0
1,0.0029714107513427734,1,1,1e-06,0.0
1,0.002523660659790039,1,1,1e-06,0.0
1,0.0017621517181396484,1,1,1e-06,0.0
1,0.003117084503173828,1,1,1e-06,0.0
1,0.0026171207427978516,1,1,1e-06,0.0
1,0.0023713111877441406,1,1,1e-06,0.0
1,0.001955270767211914,1,1,1e-06,0.0
1,0.0019288063049316406,1,1,1e-06,0.0
1,0.0018992424011230469,1,1,1e-06,0.0
1,0.001817941665649414,1,1,1e-06,0.0
1,0.002000570297241211,1,1,1e-06,0.0
1,0.007434368133544922,1,1,1e-06,0.0
1,0.002837657928466797,1,1,1e-06,0.0
1,0.001859903335571289,1,1,1e-06,0.0
1,0.00275421142578125,1,1,1e-06,0.0
1,0.0027773380279541016,1,1,1e-06,0.0
1,0.005753517150878906,1,1,1e-06,0.0
1,0.0032472610473632812,1,1,1e-06,0.0
1,0.014921188354492188,1,1,1e-06,0.0
1,0.0031113624572753906,1,1,1e-06,0.0
1,0.0023097991943359375,1,1,1e-06,0.0
1,0.01253199577331543,1,1,1e-06,0.0
1,0.0031890869140625,1,1,1e-06,0.0
1,0.0029332637786865234,1,1,1e-06,0.0
1,0.00898289680480957,1,1,1e-06,0.0
1,0.0049397945404052734,1,1,1e-06,0.0
1,0.030703306198120117,1,1,1e-06,0.0
1,0.004158973693847656,1,1,1e-06,0.0
1,0.004473447799682617,1,1,1e-06,0.0
1,0.0715949535369873,1,1,1e-06,0.0
1,0.0017116069793701172,1,1,1e-06,0.0
1,0.013651132583618164,1,1,1e-06,0.0
1,0.0022449493408203125,1,1,1e-06,0.0
1,0.0015761852264404297,1,1,1e-06,0.0
1,0.0034148693084716797,1,1,1e-06,0.0
1,0.0039234161376953125,1,1,1e-06,0.0
1,0.0027980804443359375,1,1,1e-06,0.0
1,0.0021495819091796875,1,1,1e-06,0.0
1,0.001676797866821289,1,1,1e-06,0.0
1,0.001718759536743164,1,1,1e-06,0.0
1,0.0021202564239501953,1,1,1e-06,0.0
1,0.003422975540161133,1,1,1e-06,0.0
1,0.003893136978149414,1,1,1e-06,0.0
1,0.003871917724609375,1,1,1e-06,0.0
1,0.0035774707794189453,1,1,1e-06,0.0
1,0.0034046173095703125,1,1,1e-06,0.0
1,0.013990640640258789,1,1,1e-06,0.0
1,0.006792545318603516,1,1,1e-06,0.0
1,0.006039619445800781,1,1,1e-06,0.0
1,0.0037004947662353516,1,1,1e-06,0.0
1,0.0032889842987060547,1,1,1e-06,0.0
1,0.006247997283935547,1,1,1e-06,0.0
1,0.008516788482666016,1,1,1e-06,0.0
1,0.00475621223449707,1,1,1e-06,0.0
1,0.033876657485961914,1,1,1e-06,0.0
1,0.0038309097290039062,1,1,1e-06,0.0
1,0.003733396530151367,1,1,1e-06,0.0
1,0.0037403106689453125,1,1,1e-06,0.0
1,0.006087541580200195,1,1,1e-06,0.0
1,0.002775907516479492,1,1,1e-06,0.0
1,0.0026025772094726562,1,1,1e-06,0.0
1,0.0035321712493896484,1,1,1e-06,0.0
1,0.0024747848510742188,1,1,1e-06,0.0
1,0.0028083324432373047,1,1,1e-06,0.0
1,0.006717681884765625,1,1,1e-06,0.0
1,0.015175580978393555,1,1,1e-06,0.0
1,0.0032122135162353516,1,1,1e-06,0.0
1,0.038924217224121094,1,1,1e-06,0.0
1,0.0378420352935791,1,1,1e-06,0.0
1,0.002644062042236328,1,1,1e-06,0.0
1,0.01242685317993164,1,1,1e-06,0.0
1,0.0041201114654541016,1,1,1e-06,0.0
1,0.0024566650390625,1,1,1e-06,0.0
1,0.04126620292663574,1,1,1e-06,0.0
1,0.0034270286560058594,1,1,1e-06,0.0
1,0.0031778812408447266,1,1,1e-06,0.0
1,0.013556957244873047,1,1,1e-06,0.0
1,0.003874540328979492,1,1,1e-06,0.0
1,0.01504969596862793,1,1,1e-06,0.0
1,0.0025322437286376953,1,1,1e-06,0.0
1,0.009327173233032227,1,1,1e-06,0.0
1,0.0025856494903564453,1,1,1e-06,0.0
1,0.05444502830505371,1,1,1e-06,0.0
1,0.0031518936157226562,1,1,1e-06,0.0
1,0.0022373199462890625,1,1,1e-06,0.0
1,0.0027647018432617188,1,1,1e-06,0.0
1,0.019483566284179688,1,1,1e-06,0.0
1,0.0027697086334228516,1,1,1e-06,0.0
1,0.0022568702697753906,1,1,1e-06,0.0
1,0.0016889572143554688,1,1,1e-06,0.0
1,0.001859426498413086,1,1,1e-06,0.0
1,0.003243684768676758,1,1,1e-06,0.0
1,0.0024106502532958984,1,1,1e-06,0.0
1,0.0028214454650878906,1,1,1e-06,0.0
1,0.00546574592590332,1,1,1e-06,0.0
1,0.0026144981384277344,1,1,1e-06,0.0
1,0.006310939788818359,1,1,1e-06,0.0
1,0.0027740001678466797,1,1,1e-06,0.0
1,0.0025048255920410156,1,1,1e-06,0.0
1,0.002000093460083008,1,1,1e-06,0.0
1,0.0024487972259521484,1,1,1e-06,0.0
1,0.0031223297119140625,1,1,1e-06,0.0
1,0.013517618179321289,1,1,1e-06,0.0
1,0.026750802993774414,1,1,1e-06,0.0
1,0.002453327178955078,1,1,1e-06,0.0
1,0.005987882614135742,1,1,1e-06,0.0
1,0.0031137466430664062,1,1,1e-06,0.0
1,0.0027489662170410156,1,1,1e-06,0.0
1,0.013442039489746094,1,1,1e-06,0.0
1,0.001981496810913086,1,1,1e-06,0.0
1,0.002079486846923828,1,1,1e-06,0.0
1,0.00947117805480957,1,1,1e-06,0.0
1,0.006135225296020508,1,1,1e-06,0.0
1,0.00430607795715332,1,1,1e-06,0.0
1,0.0025262832641601562,1,1,1e-06,0.0
1,0.0032939910888671875,1,1,1e-06,0.0
1,0.0036745071411132812,1,1,1e-06,0.0
1,0.0034303665161132812,1,1,1e-06,0.0
1,0.0022568702697753906,1,1,1e-06,0.0
1,0.0021295547485351562,1,1,1e-06,0.0
1,0.003904581069946289,1,1,1e-06,0.0
1,0.002576112747192383,1,1,1e-06,0.0
1,0.0027458667755126953,1,1,1e-06,0.0
1,0.0028917789459228516,1,1,1e-06,0.0
1,0.003005504608154297,1,1,1e-06,0.0
1,0.0016942024230957031,1,1,1e-06,0.0
1,0.0036940574645996094,1,1,1e-06,0.0
1,0.0026421546936035156,1,1,1e-06,0.0
1,0.0022859573364257812,1,1,1e-06,0.0
1,0.0016732215881347656,1,1,1e-06,0.0
1,0.002794027328491211,1,1,1e-06,0.0
1,0.0033674240112304688,1,1,1e-06,0.0
1,0.0032062530517578125,1,1,1e-06,0.0
1,0.003917694091796875,1,1,1e-06,0.0
1,0.007437467575073242,1,1,1e-06,0.0
1,0.005502223968505859,1,1,1e-06,0.0
1,0.01095128059387207,1,1,1e-06,0.0
1,0.004332780838012695,1,1,1e-06,0.0
1,0.00675201416015625,1,1,1e-06,0.0
1,0.0021271705627441406,1,1,1e-06,0.0
1,0.002368927001953125,1,1,1e-06,0.0
1,0.007827520370483398,1,1,1e-06,0.0
1,0.0187835693359375,1,1,1e-06,0.0
1,0.0024209022521972656,1,1,1e-06,0.0
1,0.0018033981323242188,1,1,1e-06,0.0
1,0.0020771026611328125,1,1,1e-06,0.0
1,0.002222299575805664,1,1,1e-06,0.0
1,0.002437591552734375,1,1,1e-06,0.0
1,0.0031108856201171875,1,1,1e-06,0.0
1,0.003824949264526367,1,1,1e-06,0.0
1,0.08416461944580078,1,1,1e-06,0.0
1,0.0029289722442626953,1,1,1e-06,0.0
1,0.034020185470581055,1,1,1e-06,0.0
1,0.014111995697021484,1,1,1e-06,0.0
1,0.0025920867919921875,1,1,1e-06,0.0
1,0.004948854446411133,1,1,1e-06,0.0
1,0.002816438674926758,1,1,1e-06,0.0
1,0.0027549266815185547,1,1,1e-06,0.0
1,0.0025374889373779297,1,1,1e-06,0.0
1,0.001978158950805664,1,1,1e-06,0.0
1,0.0032253265380859375,1,1,1e-06,0.0
1,0.002845287322998047,1,1,1e-06,0.0
1,0.0021839141845703125,1,1,1e-06,0.0
1,0.0017371177673339844,1,1,1e-06,0.0
1,0.002522706985473633,1,1,1e-06,0.0
1,0.002347707748413086,1,1,1e-06,0.0
1,0.026083707809448242,1,1,1e-06,0.0
1,0.039826154708862305,1,1,1e-06,0.0
1,0.0048694610595703125,1,1,1e-06,0.0
1,0.002633810043334961,1,1,1e-06,0.0
1,0.0033783912658691406,1,1,1e-06,0.0
1,0.0023605823516845703,1,1,1e-06,0.0
1,0.003114938735961914,1,1,1e-06,0.0
1,0.02470993995666504,1,1,1e-06,0.0
1,0.00247955322265625,1,1,1e-06,0.0
1,0.002434968948364258,1,1,1e-06,0.0
1,0.0026121139526367188,1,1,1e-06,0.0
1,0.0026285648345947266,1,1,1e-06,0.0
1,0.004313945770263672,1,1,1e-06,0.0
1,0.002856016159057617,1,1,1e-06,0.0
1,0.0021970272064208984,1,1,1e-06,0.0
1,0.00299835205078125,1,1,1e-06,0.0
1,0.002363443374633789,1,1,1e-06,0.0
1,0.01085662841796875,1,1,1e-06,0.0
1,0.0029764175415039062,1,1,1e-06,0.0
1,0.004018068313598633,1,1,1e-06,0.0
1,0.0023703575134277344,1,1,1e-06,0.0
1,0.002950906753540039,1,1,1e-06,0.0
1,0.0035915374755859375,1,1,1e-06,0.0
1,0.003054380416870117,1,1,1e-06,0.0
1,0.013267278671264648,1,1,1e-06,0.0
1,0.003621816635131836,1,1,1e-06,0.0
1,0.002216339111328125,1,1,1e-06,0.0
1,0.0035867691040039062,1,1,1e-06,0.0
1,0.00802302360534668,1,1,1e-06,0.0
1,0.00396728515625,1,1,1e-06,0.0
1,0.008532047271728516,1,1,1e-06,0.0
1,0.0033016204833984375,1,1,1e-06,0.0
1,0.003942728042602539,1,1,1e-06,0.0
1,0.006989717483520508,1,1,1e-06,0.0
1,0.14081192016601562,1,1,1e-06,0.0
1,0.0019941329956054688,1,1,1e-06,0.0
1,0.001986980438232422,1,1,1e-06,0.0
1,0.00240325927734375,1,1,1e-06,0.0
1,0.011589288711547852,1,1,1e-06,0.0
1,0.011099576950073242,1,1,1e-06,0.0
1,0.0021202564239501953,1,1,1e-06,0.0
1,0.0021648406982421875,1,1,1e-06,0.0
1,0.004895210266113281,1,1,1e-06,0.0
1,0.0025920867919921875,1,1,1e-06,0.0
1,0.004206418991088867,1,1,1e-06,0.0
1,0.002692699432373047,1,1,1e-06,0.0
1,0.0030670166015625,1,1,1e-06,0.0
1,0.0026328563690185547,1,1,1e-06,0.0
1,0.007039070129394531,1,1,1e-06,0.0
1,0.012680530548095703,1,1,1e-06,0.0
1,0.002668619155883789,1,1,1e-06,0.0
1,0.0025255680084228516,1,1,1e-06,0.0
1,0.011136770248413086,1,1,1e-06,0.0
1,0.0038013458251953125,1,1,1e-06,0.0
1,0.0035598278045654297,1,1,1e-06,0.0
1,0.0036165714263916016,1,1,1e-06,0.0
1,0.04245805740356445,1,1,1e-06,0.0
1,0.14690327644348145,1,1,1e-06,0.0
1,0.003802776336669922,1,1,1e-06,0.0
1,0.01565718650817871,1,1,1e-06,0.0
1,0.05866193771362305,1,1,1e-06,0.0
1,0.00641632080078125,1,1,1e-06,0.0
1,0.003685474395751953,1,1,1e-06,0.0
1,0.002725839614868164,1,1,1e-06,0.0
1,0.008746862411499023,1,1,1e-06,0.0
1,0.003366231918334961,1,1,1e-06,0.0
1,0.004293680191040039,1,1,1e-06,0.0
1,0.03183555603027344,1,1,1e-06,0.0
1,0.003006458282470703,1,1,1e-06,0.0
1,0.01779770851135254,1,1,1e-06,0.0
1,0.0029714107513427734,1,1,1e-06,0.0
1,0.004437685012817383,1,1,1e-06,0.0
1,0.004128694534301758,1,1,1e-06,0.0
1,0.030421018600463867,1,1,1e-06,0.0
1,0.003885030746459961,1,1,1e-06,0.0
1,0.01410055160522461,1,1,1e-06,0.0
1,0.003722667694091797,1,1,1e-06,0.0
1,0.0041544437408447266,1,1,1e-06,0.0
1,0.010519027709960938,1,1,1e-06,0.0
1,0.006917238235473633,1,1,1e-06,0.0
1,0.003622293472290039,1,1,1e-06,0.0
1,0.0057070255279541016,1,1,1e-06,0.0
1,0.05625271797180176,1,1,1e-06,0.0
1,0.03597116470336914,1,1,1e-06,0.0
1,0.006055593490600586,1,1,1e-06,0.0
1,0.00441431999206543,1,1,1e-06,0.0
1,0.00775599479675293,1,1,1e-06,0.0
1,0.0031528472900390625,1,1,1e-06,0.0
1,0.004300594329833984,1,1,1e-06,0.0
1,0.0046460628509521484,1,1,1e-06,0.0
1,0.00723719596862793,1,1,1e-06,0.0
1,0.0030450820922851562,1,1,1e-06,0.0
1,0.05875396728515625,1,1,1e-06,0.0
1,0.002462148666381836,1,1,1e-06,0.0
1,0.017769336700439453,1,1,1e-06,0.0
1,0.0184934139251709,1,1,1e-06,0.0
1,0.0031256675720214844,1,1,1e-06,0.0
1,0.0039598941802978516,1,1,1e-06,0.0
1,0.0036880970001220703,1,1,1e-06,0.0
1,0.005182027816772461,1,1,1e-06,0.0
1,0.0042552947998046875,1,1,1e-06,0.0
1,0.0024890899658203125,1,1,1e-06,0.0
1,0.002442598342895508,1,1,1e-06,0.0
1,0.003322124481201172,1,1,1e-06,0.0
1,0.004538297653198242,1,1,1e-06,0.0
1,0.002900838851928711,1,1,1e-06,0.0
1,0.0031800270080566406,1,1,1e-06,0.0
1,0.002981901168823242,1,1,1e-06,0.0
1,0.0024907588958740234,1,1,1e-06,0.0
1,0.007853984832763672,1,1,1e-06,0.0
1,0.02275681495666504,1,1,1e-06,0.0
1,0.050864219665527344,1,1,1e-06,0.0
1,0.00286865234375,1,1,1e-06,0.0
1,0.005936145782470703,1,1,1e-06,0.0
1,0.0020334720611572266,1,1,1e-06,0.0
1,0.0031206607818603516,1,1,1e-06,0.0
1,0.0033113956451416016,1,1,1e-06,0.0
1,0.005936861038208008,1,1,1e-06,0.0
1,0.0043756961822509766,1,1,1e-06,0.0
1,0.019181251525878906,1,1,1e-06,0.0
1,0.0020220279693603516,1,1,1e-06,0.0
1,0.0025043487548828125,1,1,1e-06,0.0
1,0.0031821727752685547,1,1,1e-06,0.0
1,0.0034122467041015625,1,1,1e-06,0.0
1,0.00402069091796875,1,1,1e-06,0.0
1,0.003110647201538086,1,1,1e-06,0.0
1,0.006264925003051758,1,1,1e-06,0.0
1,0.003343343734741211,1,1,1e-06,0.0
1,0.002244234085083008,1,1,1e-06,0.0
1,0.0019681453704833984,1,1,1e-06,0.0
1,0.00867462158203125,1,1,1e-06,0.0
1,0.0043888092041015625,1,1,1e-06,0.0
1,0.003380298614501953,1,1,1e-06,0.0
1,0.0023899078369140625,1,1,1e-06,0.0
1,0.03222346305847168,1,1,1e-06,0.0
1,0.0038673877716064453,1,1,1e-06,0.0
1,0.007269144058227539,1,1,1e-06,0.0
1,0.005698680877685547,1,1,1e-06,0.0
1,0.003742694854736328,1,1,1e-06,0.0
1,0.005435943603515625,1,1,1e-06,0.0
1,0.003926277160644531,1,1,1e-06,0.0
1,0.0028536319732666016,1,1,1e-06,0.0
1,0.0032842159271240234,1,1,1e-06,0.0
1,0.00331878662109375,1,1,1e-06,0.0
1,0.020464181900024414,1,1,1e-06,0.0
1,0.003700733184814453,1,1,1e-06,0.0
1,0.00409245491027832,1,1,1e-06,0.0
1,0.004001140594482422,1,1,1e-06,0.0
1,0.006652355194091797,1,1,1e-06,0.0
1,0.041153669357299805,1,1,1e-06,0.0
1,0.002608060836791992,1,1,1e-06,0.0
1,0.0031557083129882812,1,1,1e-06,0.0
1,0.0030143260955810547,1,1,1e-06,0.0
1,0.0076236724853515625,1,1,1e-06,0.0
1,0.004535675048828125,1,1,1e-06,0.0
1,0.0026497840881347656,1,1,1e-06,0.0
1,0.005781888961791992,1,1,1e-06,0.0
1,0.0024187564849853516,1,1,1e-06,0.0
1,0.002142667770385742,1,1,1e-06,0.0
1,0.006720066070556641,1,1,1e-06,0.0
1,0.0038139820098876953,1,1,1e-06,0.0
1,0.003683805465698242,1,1,1e-06,0.0
1,0.004549503326416016,1,1,1e-06,0.0
1,0.003596067428588867,1,1,1e-06,0.0
1,0.004920244216918945,1,1,1e-06,0.0
1,0.003896951675415039,1,1,1e-06,0.0
1,0.006734609603881836,1,1,1e-06,0.0
1,0.07118964195251465,1,1,1e-06,0.0
1,0.0026655197143554688,1,1,1e-06,0.0
1,0.003737926483154297,1,1,1e-06,0.0
1,0.007230043411254883,1,1,1e-06,0.0
1,0.04854893684387207,1,1,1e-06,0.0
1,0.0030546188354492188,1,1,1e-06,0.0
1,0.002511262893676758,1,1,1e-06,0.0
1,0.0862131118774414,1,1,1e-06,0.0
1,0.0028662681579589844,1,1,1e-06,0.0
1,0.0025556087493896484,1,1,1e-06,0.0
1,0.004213809967041016,1,1,1e-06,0.0
1,0.003796100616455078,1,1,1e-06,0.0
1,0.012450695037841797,1,1,1e-06,0.0
1,0.0035762786865234375,1,1,1e-06,0.0
1,0.002471923828125,1,1,1e-06,0.0
1,0.11394333839416504,1,1,1e-06,0.0
1,0.004160165786743164,1,1,1e-06,0.0
1,0.003224611282348633,1,1,1e-06,0.0
1,0.1261434555053711,1,1,1e-06,0.0
1,0.0033502578735351562,1,1,1e-06,0.0
1,0.003844738006591797,1,1,1e-06,0.0
1,0.002663850784301758,1,1,1e-06,0.0
1,0.002698183059692383,1,1,1e-06,0.0
1,0.003115415573120117,1,1,1e-06,0.0
1,0.004396915435791016,1,1,1e-06,0.0
1,0.003507852554321289,1,1,1e-06,0.0
1,0.0028030872344970703,1,1,1e-06,0.0
1,0.003601551055908203,1,1,1e-06,0.0
1,0.0032711029052734375,1,1,1e-06,0.0
1,0.005142927169799805,1,1,1e-06,0.0
1,0.007109165191650391,1,1,1e-06,0.0
1,0.0033881664276123047,1,1,1e-06,0.0
1,0.006424427032470703,1,1,1e-06,0.0
1,0.005124092102050781,1,1,1e-06,0.0
1,0.0523834228515625,1,1,1e-06,0.0
1,0.0029439926147460938,1,1,1e-06,0.0
1,0.004388570785522461,1,1,1e-06,0.0
1,0.0035414695739746094,1,1,1e-06,0.0
1,0.008030414581298828,1,1,1e-06,0.0
1,0.06846332550048828,1,1,1e-06,0.0
1,0.0036139488220214844,1,1,1e-06,0.0
1,0.0033631324768066406,1,1,1e-06,0.0
1,0.0019998550415039062,1,1,1e-06,0.0
1,0.0032529830932617188,1,1,1e-06,0.0
1,0.0036547183990478516,1,1,1e-06,0.0
1,0.00869131088256836,1,1,1e-06,0.0
1,0.00462794303894043,1,1,1e-06,0.0
1,0.003313779830932617,1,1,1e-06,0.0
1,0.0025527477264404297,1,1,1e-06,0.0
1,0.004037141799926758,1,1,1e-06,0.0
1,0.01981949806213379,1,1,1e-06,0.0
1,0.004304170608520508,1,1,1e-06,0.0
1,0.00452113151550293,1,1,1e-06,0.0
1,0.003821849822998047,1,1,1e-06,0.0
1,0.003196239471435547,1,1,1e-06,0.0
1,0.0034017562866210938,1,1,1e-06,0.0
1,0.0031349658966064453,1,1,1e-06,0.0
1,0.002642393112182617,1,1,1e-06,0.0
1,0.0024726390838623047,1,1,1e-06,0.0
1,0.00376129150390625,1,1,1e-06,0.0
1,0.005104541778564453,1,1,1e-06,0.0
1,0.0038547515869140625,1,1,1e-06,0.0
1,0.025147676467895508,1,1,1e-06,0.0
1,0.003182649612426758,1,1,1e-06,0.0
1,0.04834103584289551,1,1,1e-06,0.0
1,0.03409695625305176,1,1,1e-06,0.0
1,0.002868175506591797,1,1,1e-06,0.0
1,0.004368305206298828,1,1,1e-06,0.0
1,0.02200794219970703,1,1,1e-06,0.0
1,0.003695964813232422,1,1,1e-06,0.0
1,0.006791114807128906,1,1,1e-06,0.0
1,0.004900455474853516,1,1,1e-06,0.0
1,0.09993743896484375,1,1,1e-06,0.0
1,0.0030517578125,1,1,1e-06,0.0
1,0.004160642623901367,1,1,1e-06,0.0
1,0.00750732421875,1,1,1e-06,0.0
1,0.007584333419799805,1,1,1e-06,0.0
1,0.028430461883544922,1,1,1e-06,0.0
1,0.0034067630767822266,1,1,1e-06,0.0
1,0.0027036666870117188,1,1,1e-06,0.0
1,0.003986358642578125,1,1,1e-06,0.0
1,0.0027577877044677734,1,1,1e-06,0.0
1,0.0031914710998535156,1,1,1e-06,0.0
1,0.0595703125,1,1,1e-06,0.0
1,0.024028301239013672,1,1,1e-06,0.0
1,0.0030984878540039062,1,1,1e-06,0.0
1,0.0038673877716064453,1,1,1e-06,0.0
1,0.002201080322265625,1,1,1e-06,0.0
1,0.001722574234008789,1,1,1e-06,0.0
1,0.1393115520477295,1,1,1e-06,0.0
1,0.004407167434692383,1,1,1e-06,0.0
1,0.06240344047546387,1,1,1e-06,0.0
1,0.004484653472900391,1,1,1e-06,0.0
1,0.0031507015228271484,1,1,1e-06,0.0
1,0.002699136734008789,1,1,1e-06,0.0
1,0.0032999515533447266,1,1,1e-06,0.0
1,0.0025055408477783203,1,1,1e-06,0.0
1,0.003208160400390625,1,1,1e-06,0.0
1,0.19085049629211426,1,1,1e-06,0.0
1,0.003081798553466797,1,1,1e-06,0.0
1,0.003729581832885742,1,1,1e-06,0.0
1,0.005006313323974609,1,1,1e-06,0.0
1,0.0044476985931396484,1,1,1e-06,0.0
1,0.004034757614135742,1,1,1e-06,0.0
1,0.00296783447265625,1,1,1e-06,0.0
1,0.008795499801635742,1,1,1e-06,0.0
1,0.00725555419921875,1,1,1e-06,0.0
1,0.00823664665222168,1,1,1e-06,0.0
1,0.003734588623046875,1,1,1e-06,0.0
1,0.04971814155578613,1,1,1e-06,0.0
1,0.004334449768066406,1,1,1e-06,0.0
1,0.009042978286743164,1,1,1e-06,0.0
1,0.0038602352142333984,1,1,1e-06,0.0
1,0.006364107131958008,1,1,1e-06,0.0
1,0.004183053970336914,1,1,1e-06,0.0
1,0.005667448043823242,1,1,1e-06,0.0
1,0.0030524730682373047,1,1,1e-06,0.0
1,0.004788875579833984,1,1,1e-06,0.0
1,0.004996776580810547,1,1,1e-06,0.0
1,0.004997968673706055,1,1,1e-06,0.0
1,0.003186464309692383,1,1,1e-06,0.0
1,0.0038442611694335938,1,1,1e-06,0.0
1,0.0034990310668945312,1,1,1e-06,0.0
1,0.004772186279296875,1,1,1e-06,0.0
1,0.003396272659301758,1,1,1e-06,0.0
1,0.0034208297729492188,1,1,1e-06,0.0
1,0.044768571853637695,1,1,1e-06,0.0
1,0.025632143020629883,1,1,1e-06,0.0
1,0.003713369369506836,1,1,1e-06,0.0
1,0.0029532909393310547,1,1,1e-06,0.0
1,0.003202676773071289,1,1,1e-06,0.0
1,0.0069773197174072266,1,1,1e-06,0.0
1,0.029520750045776367,1,1,1e-06,0.0
1,0.0045413970947265625,1,1,1e-06,0.0
1,0.003332376480102539,1,1,1e-06,0.0
1,0.025623559951782227,1,1,1e-06,0.0
1,0.003612995147705078,1,1,1e-06,0.0
1,0.005026102066040039,1,1,1e-06,0.0
1,0.002800464630126953,1,1,1e-06,0.0
1,0.002593994140625,1,1,1e-06,0.0
1,0.003996610641479492,1,1,1e-06,0.0
1,0.0033266544342041016,1,1,1e-06,0.0
1,0.0037271976470947266,1,1,1e-06,0.0
1,0.005043983459472656,1,1,1e-06,0.0
1,0.04423689842224121,1,1,1e-06,0.0
1,0.0036172866821289062,1,1,1e-06,0.0
1,0.004267692565917969,1,1,1e-06,0.0
1,0.0023450851440429688,1,1,1e-06,0.0
1,0.0018916130065917969,1,1,1e-06,0.0
1,0.002395153045654297,1,1,1e-06,0.0
1,0.003427743911743164,1,1,1e-06,0.0
1,0.009383916854858398,1,1,1e-06,0.0
1,0.005510568618774414,1,1,1e-06,0.0
1,0.004518270492553711,1,1,1e-06,0.0
1,0.004076480865478516,1,1,1e-06,0.0
1,0.002203702926635742,1,1,1e-06,0.0
1,0.005676984786987305,1,1,1e-06,0.0
1,0.003306865692138672,1,1,1e-06,0.0
1,0.002819061279296875,1,1,1e-06,0.0
1,0.00464630126953125,1,1,1e-06,0.0
1,0.003909111022949219,1,1,1e-06,0.0
1,0.007122993469238281,1,1,1e-06,0.0
1,0.00763249397277832,1,1,1e-06,0.0
1,0.004281044006347656,1,1,1e-06,0.0
1,0.018912076950073242,1,1,1e-06,0.0
1,0.004013538360595703,1,1,1e-06,0.0
1,0.006299257278442383,1,1,1e-06,0.0
1,0.0038733482360839844,1,1,1e-06,0.0
1,0.00677180290222168,1,1,1e-06,0.0
1,0.02595233917236328,1,1,1e-06,0.0
1,0.005171298980712891,1,1,1e-06,0.0
1,0.005179166793823242,1,1,1e-06,0.0
1,0.004908561706542969,1,1,1e-06,0.0
1,0.001969575881958008,1,1,1e-06,0.0
1,0.0022220611572265625,1,1,1e-06,0.0
1,0.004976034164428711,1,1,1e-06,0.0
1,0.003523588180541992,1,1,1e-06,0.0
1,0.020825624465942383,1,1,1e-06,0.0
1,0.004085540771484375,1,1,1e-06,0.0
1,0.005409717559814453,1,1,1e-06,0.0
1,0.02765202522277832,1,1,1e-06,0.0
1,0.05784344673156738,1,1,1e-06,0.0
1,0.005186557769775391,1,1,1e-06,0.0
1,0.008447408676147461,1,1,1e-06,0.0
1,0.005821704864501953,1,1,1e-06,0.0
1,0.0028176307678222656,1,1,1e-06,0.0
1,0.0028839111328125,1,1,1e-06,0.0
1,0.00998687744140625,1,1,1e-06,0.0
1,0.0021779537200927734,1,1,1e-06,0.0
1,0.0016031265258789062,1,1,1e-06,0.0
1,0.0017883777618408203,1,1,1e-06,0.0
1,0.002376079559326172,1,1,1e-06,0.0
1,0.001621246337890625,1,1,1e-06,0.0
1,0.0071909427642822266,1,1,1e-06,0.0
1,0.00597834587097168,1,1,1e-06,0.0
1,0.0024797916412353516,1,1,1e-06,0.0
1,0.0029103755950927734,1,1,1e-06,0.0
1,0.003548145294189453,1,1,1e-06,0.0
1,0.003101825714111328,1,1,1e-06,0.0
1,0.002820730209350586,1,1,1e-06,0.0
1,0.005511283874511719,1,1,1e-06,0.0
1,0.005111217498779297,1,1,1e-06,0.0
1,0.0030281543731689453,1,1,1e-06,0.0
1,0.0037102699279785156,1,1,1e-06,0.0
1,0.03594493865966797,1,1,1e-06,0.0
1,0.020595550537109375,1,1,1e-06,0.0
1,0.002742290496826172,1,1,1e-06,0.0
1,0.0028831958770751953,1,1,1e-06,0.0
1,0.002260923385620117,1,1,1e-06,0.0
1,0.0037682056427001953,1,1,1e-06,0.0
1,0.010023117065429688,1,1,1e-06,0.0
1,0.0025556087493896484,1,1,1e-06,0.0
1,0.05027008056640625,1,1,1e-06,0.0
1,0.036905765533447266,1,1,1e-06,0.0
1,0.002299785614013672,1,1,1e-06,0.0
1,0.0023250579833984375,1,1,1e-06,0.0
1,0.004981040954589844,1,1,1e-06,0.0
1,0.0027244091033935547,1,1,1e-06,0.0
1,0.003032207489013672,1,1,1e-06,0.0
1,0.0024869441986083984,1,1,1e-06,0.0
1,0.0017626285552978516,1,1,1e-06,0.0
1,0.0020704269409179688,1,1,1e-06,0.0
1,0.0019571781158447266,1,1,1e-06,0.0
1,0.002331972122192383,1,1,1e-06,0.0
1,0.002340555191040039,1,1,1e-06,0.0
1,0.0018773078918457031,1,1,1e-06,0.0
1,0.002454519271850586,1,1,1e-06,0.0
1,0.03217458724975586,1,1,1e-06,0.0
1,0.018272876739501953,1,1,1e-06,0.0
1,0.0030493736267089844,1,1,1e-06,0.0
1,0.002683401107788086,1,1,1e-06,0.0
1,0.003068685531616211,1,1,1e-06,0.0
1,0.0055501461029052734,1,1,1e-06,0.0
1,0.007932662963867188,1,1,1e-06,0.0
1,0.028107404708862305,1,1,1e-06,0.0
1,0.0022361278533935547,1,1,1e-06,0.0
1,0.0028645992279052734,1,1,1e-06,0.0
1,0.0037508010864257812,1,1,1e-06,0.0
1,0.0026619434356689453,1,1,1e-06,0.0
1,0.0044786930084228516,1,1,1e-06,0.0
1,0.014868497848510742,1,1,1e-06,0.0
1,0.002887725830078125,1,1,1e-06,0.0
1,0.0025072097778320312,1,1,1e-06,0.0
1,0.001956939697265625,1,1,1e-06,0.0
1,0.0184783935546875,1,1,1e-06,0.0
1,0.004992246627807617,1,1,1e-06,0.0
1,0.017271757125854492,1,1,1e-06,0.0
1,0.026662588119506836,1,1,1e-06,0.0
1,0.0027298927307128906,1,1,1e-06,0.0
1,0.014405488967895508,1,1,1e-06,0.0
1,0.0027856826782226562,1,1,1e-06,0.0
1,0.003488302230834961,1,1,1e-06,0.0
1,0.0027871131896972656,1,1,1e-06,0.0
1,0.0019283294677734375,1,1,1e-06,0.0
1,0.0021228790283203125,1,1,1e-06,0.0
1,0.08500266075134277,1,1,1e-06,0.0
1,0.015103340148925781,1,1,1e-06,0.0
1,0.013681411743164062,1,1,1e-06,0.0
1,0.005147218704223633,1,1,1e-06,0.0
1,0.01616525650024414,1,1,1e-06,0.0
1,0.002603769302368164,1,1,1e-06,0.0
1,0.015847444534301758,1,1,1e-06,0.0
1,0.006921052932739258,1,1,1e-06,0.0
1,0.002356290817260742,1,1,1e-06,0.0
1,0.002226591110229492,1,1,1e-06,0.0
1,0.07525515556335449,1,1,1e-06,0.0
1,0.002312183380126953,1,1,1e-06,0.0
1,0.002935171127319336,1,1,1e-06,0.0
1,0.002521991729736328,1,1,1e-06,0.0
1,0.023787260055541992,1,1,1e-06,0.0
1,0.00251007080078125,1,1,1e-06,0.0
1,0.0021181106567382812,1,1,1e-06,0.0
1,0.002444744110107422,1,1,1e-06,0.0
1,0.0022907257080078125,1,1,1e-06,0.0
1,0.002884387969970703,1,1,1e-06,0.0
1,0.0821542739868164,1,1,1e-06,0.0
1,0.0029251575469970703,1,1,1e-06,0.0
1,0.007013082504272461,1,1,1e-06,0.0
1,0.0020449161529541016,1,1,1e-06,0.0
1,0.002608776092529297,1,1,1e-06,0.0
1,0.002223491668701172,1,1,1e-06,0.0
1,0.001957416534423828,1,1,1e-06,0.0
1,0.0018627643585205078,1,1,1e-06,0.0
1,0.0025250911712646484,1,1,1e-06,0.0
1,0.003481149673461914,1,1,1e-06,0.0
1,0.001994609832763672,1,1,1e-06,0.0
1,0.0020418167114257812,1,1,1e-06,0.0
1,0.0024421215057373047,1,1,1e-06,0.0
1,0.016017436981201172,1,1,1e-06,0.0
1,0.002869844436645508,1,1,1e-06,0.0
1,0.0020902156829833984,1,1,1e-06,0.0
1,0.013896703720092773,1,1,1e-06,0.0
1,0.0033257007598876953,1,1,1e-06,0.0
1,0.007829666137695312,1,1,1e-06,0.0
1,0.0033931732177734375,1,1,1e-06,0.0
1,0.004131793975830078,1,1,1e-06,0.0
1,0.0028586387634277344,1,1,1e-06,0.0
1,0.0036306381225585938,1,1,1e-06,0.0
1,0.002913236618041992,1,1,1e-06,0.0
1,0.002666473388671875,1,1,1e-06,0.0
1,0.0024590492248535156,1,1,1e-06,0.0
1,0.0030362606048583984,1,1,1e-06,0.0
1,0.003276348114013672,1,1,1e-06,0.0
1,0.004194498062133789,1,1,1e-06,0.0
1,0.002599477767944336,1,1,1e-06,0.0
1,0.0029087066650390625,1,1,1e-06,0.0
1,0.010390281677246094,1,1,1e-06,0.0
1,0.00478672981262207,1,1,1e-06,0.0
1,0.003901958465576172,1,1,1e-06,0.0
1,0.013536691665649414,1,1,1e-06,0.0
1,0.0026667118072509766,1,1,1e-06,0.0
1,0.0017504692077636719,1,1,1e-06,0.0
1,0.02394413948059082,1,1,1e-06,0.0
1,0.003098011016845703,1,1,1e-06,0.0
1,0.002714395523071289,1,1,1e-06,0.0
1,0.0035331249237060547,1,1,1e-06,0.0
1,0.0035619735717773438,1,1,1e-06,0.0
1,0.0022063255310058594,1,1,1e-06,0.0
1,0.0028007030487060547,1,1,1e-06,0.0
1,0.006300687789916992,1,1,1e-06,0.0
1,0.002785205841064453,1,1,1e-06,0.0
1,0.0037844181060791016,1,1,1e-06,0.0
1,0.0024797916412353516,1,1,1e-06,0.0
1,0.0020134449005126953,1,1,1e-06,0.0
1,0.007474422454833984,1,1,1e-06,0.0
1,0.006529569625854492,1,1,1e-06,0.0
1,0.008659601211547852,1,1,1e-06,0.0
1,0.01397705078125,1,1,1e-06,0.0
1,0.005568027496337891,1,1,1e-06,0.0
1,0.0036122798919677734,1,1,1e-06,0.0
1,0.004073619842529297,1,1,1e-06,0.0
1,0.003884553909301758,1,1,1e-06,0.0
1,0.0034279823303222656,1,1,1e-06,0.0
1,0.004404544830322266,1,1,1e-06,0.0
1,0.0024378299713134766,1,1,1e-06,0.0
1,0.005053043365478516,1,1,1e-06,0.0
1,0.0029048919677734375,1,1,1e-06,0.0
1,0.023499488830566406,1,1,1e-06,0.0
1,0.003003835678100586,1,1,1e-06,0.0
1,0.0018169879913330078,1,1,1e-06,0.0
1,0.002251148223876953,1,1,1e-06,0.0
1,0.02044057846069336,1,1,1e-06,0.0
1,0.00410914421081543,1,1,1e-06,0.0
1,0.0019464492797851562,1,1,1e-06,0.0
1,0.004355669021606445,1,1,1e-06,0.0
1,0.0035715103149414062,1,1,1e-06,0.0
1,0.003252267837524414,1,1,1e-06,0.0
1,0.0027551651000976562,1,1,1e-06,0.0
1,0.0022461414337158203,1,1,1e-06,0.0
1,0.002391338348388672,1,1,1e-06,0.0
1,0.003309965133666992,1,1,1e-06,0.0
1,0.021764039993286133,1,1,1e-06,0.0
1,0.017854928970336914,1,1,1e-06,0.0
1,0.0027751922607421875,1,1,1e-06,0.0
1,0.002460479736328125,1,1,1e-06,0.0
1,0.014005661010742188,1,1,1e-06,0.0
1,0.001983642578125,1,1,1e-06,0.0
1,0.002065896987915039,1,1,1e-06,0.0
1,0.0026082992553710938,1,1,1e-06,0.0
1,0.0022230148315429688,1,1,1e-06,0.0
1,0.003147125244140625,1,1,1e-06,0.0
1,0.003263711929321289,1,1,1e-06,0.0
1,0.005427360534667969,1,1,1e-06,0.0
1,0.002365589141845703,1,1,1e-06,0.0
1,0.0028295516967773438,1,1,1e-06,0.0
1,0.0024309158325195312,1,1,1e-06,0.0
1,0.016060590744018555,1,1,1e-06,0.0
1,0.0026259422302246094,1,1,1e-06,0.0
1,0.003174304962158203,1,1,1e-06,0.0
1,0.002659320831298828,1,1,1e-06,0.0
1,0.0028574466705322266,1,1,1e-06,0.0
1,0.0050983428955078125,1,1,1e-06,0.0
1,0.01618814468383789,1,1,1e-06,0.0
1,0.002992391586303711,1,1,1e-06,0.0
1,0.007701873779296875,1,1,1e-06,0.0
1,0.002349376678466797,1,1,1e-06,0.0
1,0.002498149871826172,1,1,1e-06,0.0
1,0.022345304489135742,1,1,1e-06,0.0
1,0.002428293228149414,1,1,1e-06,0.0
1,0.004391670227050781,1,1,1e-06,0.0
1,0.0023462772369384766,1,1,1e-06,0.0
1,0.02284073829650879,1,1,1e-06,0.0
1,0.0020678043365478516,1,1,1e-06,0.0
1,0.01604747772216797,1,1,1e-06,0.0
1,0.002378225326538086,1,1,1e-06,0.0
1,0.0015802383422851562,1,1,1e-06,0.0
1,0.002081632614135742,1,1,1e-06,0.0
1,0.0017421245574951172,1,1,1e-06,0.0
1,0.002027750015258789,1,1,1e-06,0.0
1,0.030962228775024414,1,1,1e-06,0.0
1,0.002718210220336914,1,1,1e-06,0.0
1,0.20211267471313477,1,1,1e-06,0.0
1,0.0022449493408203125,1,1,1e-06,0.0
1,0.0020275115966796875,1,1,1e-06,0.0
1,0.002992391586303711,1,1,1e-06,0.0
1,0.011456489562988281,1,1,1e-06,0.0
1,0.0021262168884277344,1,1,1e-06,0.0
1,0.01053476333618164,1,1,1e-06,0.0
1,0.003049135208129883,1,1,1e-06,0.0
1,0.003468036651611328,1,1,1e-06,0.0
1,0.024311542510986328,1,1,1e-06,0.0
1,0.0025589466094970703,1,1,1e-06,0.0
1,0.002486705780029297,1,1,1e-06,0.0
1,0.004479646682739258,1,1,1e-06,0.0
1,0.0030579566955566406,1,1,1e-06,0.0
1,0.011942863464355469,1,1,1e-06,0.0
1,0.002026081085205078,1,1,1e-06,0.0
1,0.0023272037506103516,1,1,1e-06,0.0
1,0.003025054931640625,1,1,1e-06,0.0
1,0.0028443336486816406,1,1,1e-06,0.0
1,0.0026862621307373047,1,1,1e-06,0.0
1,0.0027582645416259766,1,1,1e-06,0.0
1,0.0024766921997070312,1,1,1e-06,0.0
1,0.007725954055786133,1,1,1e-06,0.0
1,0.0030663013458251953,1,1,1e-06,0.0
1,0.003021717071533203,1,1,1e-06,0.0
1,0.09051179885864258,1,1,1e-06,0.0
1,0.0018641948699951172,1,1,1e-06,0.0
1,0.001897573471069336,1,1,1e-06,0.0
1,0.005373477935791016,1,1,1e-06,0.0
1,0.0018787384033203125,1,1,1e-06,0.0
1,0.00213623046875,1,1,1e-06,0.0
1,0.0019214153289794922,1,1,1e-06,0.0
1,0.023110389709472656,1,1,1e-06,0.0
1,0.003673076629638672,1,1,1e-06,0.0
1,0.0029032230377197266,1,1,1e-06,0.0
1,0.0030472278594970703,1,1,1e-06,0.0
1,0.002216815948486328,1,1,1e-06,0.0
1,0.0022344589233398438,1,1,1e-06,0.0
1,0.023164987564086914,1,1,1e-06,0.0
1,0.0024971961975097656,1,1,1e-06,0.0
1,0.004569292068481445,1,1,1e-06,0.0
1,0.0031599998474121094,1,1,1e-06,0.0
1,0.0024399757385253906,1,1,1e-06,0.0
1,0.0017604827880859375,1,1,1e-06,0.0
1,0.06924557685852051,1,1,1e-06,0.0
1,0.0020847320556640625,1,1,1e-06,0.0
1,0.008722066879272461,1,1,1e-06,0.0
1,0.01278233528137207,1,1,1e-06,0.0
1,0.004280567169189453,1,1,1e-06,0.0
1,0.0031032562255859375,1,1,1e-06,0.0
1,0.004588603973388672,1,1,1e-06,0.0
1,0.0031392574310302734,1,1,1e-06,0.0
1,0.0032019615173339844,1,1,1e-06,0.0
1,0.0041735172271728516,1,1,1e-06,0.0
1,0.00799250602722168,1,1,1e-06,0.0
1,0.0052509307861328125,1,1,1e-06,0.0
1,0.0028352737426757812,1,1,1e-06,0.0
1,0.0020875930786132812,1,1,1e-06,0.0
1,0.0025167465209960938,1,1,1e-06,0.0
1,0.002985239028930664,1,1,1e-06,0.0
1,0.003106355667114258,1,1,1e-06,0.0
1,0.0021462440490722656,1,1,1e-06,0.0
1,0.0051076412200927734,1,1,1e-06,0.0
1,0.004251241683959961,1,1,1e-06,0.0
1,0.004456996917724609,1,1,1e-06,0.0
1,0.0027701854705810547,1,1,1e-06,0.0
1,0.002853870391845703,1,1,1e-06,0.0
1,0.003327608108520508,1,1,1e-06,0.0
1,0.002785205841064453,1,1,1e-06,0.0
1,0.002755403518676758,1,1,1e-06,0.0
1,0.002984762191772461,1,1,1e-06,0.0
1,0.04062843322753906,1,1,1e-06,0.0
1,0.0025305747985839844,1,1,1e-06,0.0
1,0.0024170875549316406,1,1,1e-06,0.0
1,0.003596067428588867,1,1,1e-06,0.0
1,0.020740270614624023,1,1,1e-06,0.0
1,0.0028831958770751953,1,1,1e-06,0.0
1,0.0018389225006103516,1,1,1e-06,0.0
1,0.0027899742126464844,1,1,1e-06,0.0
1,0.0053212642669677734,1,1,1e-06,0.0
1,0.0028989315032958984,1,1,1e-06,0.0
1,0.002645730972290039,1,1,1e-06,0.0
1,0.0023086071014404297,1,1,1e-06,0.0
1,0.0018191337585449219,1,1,1e-06,0.0
1,0.002811431884765625,1,1,1e-06,0.0
1,0.005117893218994141,1,1,1e-06,0.0
1,0.0032520294189453125,1,1,1e-06,0.0
1,0.002700328826904297,1,1,1e-06,0.0
1,0.003274679183959961,1,1,1e-06,0.0
1,0.003987789154052734,1,1,1e-06,0.0
1,0.0033800601959228516,1,1,1e-06,0.0
1,0.0021452903747558594,1,1,1e-06,0.0
1,0.0026543140411376953,1,1,1e-06,0.0
1,0.004142284393310547,1,1,1e-06,0.0
1,0.029256343841552734,1,1,1e-06,0.0
1,0.003285646438598633,1,1,1e-06,0.0
1,0.010689496994018555,1,1,1e-06,0.0
1,0.0051174163818359375,1,1,1e-06,0.0
1,0.00360107421875,1,1,1e-06,0.0
1,0.0164945125579834,1,1,1e-06,0.0
1,0.0018718242645263672,1,1,1e-06,0.0
1,0.0023877620697021484,1,1,1e-06,0.0
1,0.0024170875549316406,1,1,1e-06,0.0
1,0.022983074188232422,1,1,1e-06,0.0
1,0.0023941993713378906,1,1,1e-06,0.0
1,0.010521411895751953,1,1,1e-06,0.0
1,0.0025453567504882812,1,1,1e-06,0.0
1,0.002593994140625,1,1,1e-06,0.0
1,0.005224704742431641,1,1,1e-06,0.0
1,0.01167154312133789,1,1,1e-06,0.0
1,0.0025179386138916016,1,1,1e-06,0.0
1,0.0025572776794433594,1,1,1e-06,0.0
1,0.010547876358032227,1,1,1e-06,0.0
1,0.0023937225341796875,1,1,1e-06,0.0
1,0.1534590721130371,1,1,1e-06,0.0
1,0.0028533935546875,1,1,1e-06,0.0
1,0.00396418571472168,1,1,1e-06,0.0
1,0.004697322845458984,1,1,1e-06,0.0
1,0.0045664310455322266,1,1,1e-06,0.0
1,0.0022687911987304688,1,1,1e-06,0.0
1,0.7412664890289307,1,1,1e-06,0.0
1,0.0018916130065917969,1,1,1e-06,0.0
1,0.012525796890258789,1,1,1e-06,0.0
1,0.001961231231689453,1,1,1e-06,0.0
1,0.0017552375793457031,1,1,1e-06,0.0
1,0.002802610397338867,1,1,1e-06,0.0
1,0.0014798641204833984,1,1,1e-06,0.0
1,0.0016911029815673828,1,1,1e-06,0.0
1,0.0016858577728271484,1,1,1e-06,0.0
1,0.002791881561279297,1,1,1e-06,0.0
1,0.030524253845214844,1,1,1e-06,0.0
1,0.0029625892639160156,1,1,1e-06,0.0
1,0.004013538360595703,1,1,1e-06,0.0
1,0.0022001266479492188,1,1,1e-06,0.0
1,0.00247955322265625,1,1,1e-06,0.0
1,0.010205507278442383,1,1,1e-06,0.0
1,0.002737283706665039,1,1,1e-06,0.0
1,0.06548404693603516,1,1,1e-06,0.0
1,0.0016036033630371094,1,1,1e-06,0.0
1,0.002370595932006836,1,1,1e-06,0.0
1,0.003161191940307617,1,1,1e-06,0.0
1,0.003156900405883789,1,1,1e-06,0.0
1,0.002236604690551758,1,1,1e-06,0.0
1,0.0021398067474365234,1,1,1e-06,0.0
1,0.002285480499267578,1,1,1e-06,0.0
1,0.0021042823791503906,1,1,1e-06,0.0
1,0.0018451213836669922,1,1,1e-06,0.0
1,0.0019631385803222656,1,1,1e-06,0.0
1,0.0018467903137207031,1,1,1e-06,0.0
1,0.004713535308837891,1,1,1e-06,0.0
1,0.002304553985595703,1,1,1e-06,0.0
1,0.01912093162536621,1,1,1e-06,0.0
1,0.0022306442260742188,1,1,1e-06,0.0
1,0.0025954246520996094,1,1,1e-06,0.0
1,0.0024657249450683594,1,1,1e-06,0.0
1,0.7179760932922363,1,1,1e-06,0.0
1,0.002107381820678711,1,1,1e-06,0.0
1,0.007347822189331055,1,1,1e-06,0.0
1,0.0027129650115966797,1,1,1e-06,0.0
1,0.01541280746459961,1,1,1e-06,0.0
1,0.001985311508178711,1,1,1e-06,0.0
1,0.0033423900604248047,1,1,1e-06,0.0
1,0.03836798667907715,1,1,1e-06,0.0
1,0.0028188228607177734,1,1,1e-06,0.0
1,0.0026235580444335938,1,1,1e-06,0.0
1,0.00252532958984375,1,1,1e-06,0.0
1,0.003214120864868164,1,1,1e-06,0.0
1,0.06208372116088867,1,1,1e-06,0.0
1,0.002867460250854492,1,1,1e-06,0.0
1,0.002326488494873047,1,1,1e-06,0.0
1,0.0023851394653320312,1,1,1e-06,0.0
1,0.002112150192260742,1,1,1e-06,0.0
1,0.002213716506958008,1,1,1e-06,0.0
1,0.002606630325317383,1,1,1e-06,0.0
1,0.0030181407928466797,1,1,1e-06,0.0
1,0.0022945404052734375,1,1,1e-06,0.0
1,0.00186920166015625,1,1,1e-06,0.0
1,0.0016558170318603516,1,1,1e-06,0.0
1,0.0023703575134277344,1,1,1e-06,0.0
1,0.009836435317993164,1,1,1e-06,0.0
1,0.0017552375793457031,1,1,1e-06,0.0
1,0.014294862747192383,1,1,1e-06,0.0
1,0.0017323493957519531,1,1,1e-06,0.0
1,0.003025054931640625,1,1,1e-06,0.0
1,0.0025963783264160156,1,1,1e-06,0.0
1,0.0022835731506347656,1,1,1e-06,0.0
1,0.0030918121337890625,1,1,1e-06,0.0
1,0.0023660659790039062,1,1,1e-06,0.0
1,0.0025293827056884766,1,1,1e-06,0.0
1,0.0022735595703125,1,1,1e-06,0.0
1,0.0037109851837158203,1,1,1e-06,0.0
1,0.0027315616607666016,1,1,1e-06,0.0
1,0.0022118091583251953,1,1,1e-06,0.0
1,0.0038428306579589844,1,1,1e-06,0.0
1,0.0034198760986328125,1,1,1e-06,0.0
1,0.003770589828491211,1,1,1e-06,0.0
1,0.0023260116577148438,1,1,1e-06,0.0
1,0.014671087265014648,1,1,1e-06,0.0
1,0.003718852996826172,1,1,1e-06,0.0
1,0.003339529037475586,1,1,1e-06,0.0
1,0.062448740005493164,1,1,1e-06,0.0
1,0.014241218566894531,1,1,1e-06,0.0
1,0.001928091049194336,1,1,1e-06,0.0
1,0.0016951560974121094,1,1,1e-06,0.0
1,0.0022673606872558594,1,1,1e-06,0.0
1,0.03552985191345215,1,1,1e-06,0.0
1,0.11055636405944824,1,1,1e-06,0.0
1,0.0040149688720703125,1,1,1e-06,0.0
1,0.04113197326660156,1,1,1e-06,0.0
1,0.002826690673828125,1,1,1e-06,0.0
1,0.002355813980102539,1,1,1e-06,0.0
1,0.01417231559753418,1,1,1e-06,0.0
1,0.0021545886993408203,1,1,1e-06,0.0
1,0.002320528030395508,1,1,1e-06,0.0
1,0.0021295547485351562,1,1,1e-06,0.0
1,0.002984285354614258,1,1,1e-06,0.0
1,0.04329037666320801,1,1,1e-06,0.0
1,0.003009796142578125,1,1,1e-06,0.0
1,0.0020051002502441406,1,1,1e-06,0.0
1,0.0021991729736328125,1,1,1e-06,0.0
1,0.0020148754119873047,1,1,1e-06,0.0
1,0.0020830631256103516,1,1,1e-06,0.0
1,0.0024557113647460938,1,1,1e-06,0.0
1,0.0019023418426513672,1,1,1e-06,0.0
1,0.0016129016876220703,1,1,1e-06,0.0
1,0.0023598670959472656,1,1,1e-06,0.0
1,0.0022237300872802734,1,1,1e-06,0.0
1,0.0018274784088134766,1,1,1e-06,0.0
1,0.005003452301025391,1,1,1e-06,0.0
1,0.002690553665161133,1,1,1e-06,0.0
1,0.016322851181030273,1,1,1e-06,0.0
1,0.002331972122192383,1,1,1e-06,0.0
1,0.002354145050048828,1,1,1e-06,0.0
1,0.0026912689208984375,1,1,1e-06,0.0
1,0.0020139217376708984,1,1,1e-06,0.0
1,0.0021486282348632812,1,1,1e-06,0.0
1,0.00695037841796875,1,1,1e-06,0.0
1,0.0032002925872802734,1,1,1e-06,0.0
1,0.004178285598754883,1,1,1e-06,0.0
1,0.003248929977416992,1,1,1e-06,0.0
1,0.003371715545654297,1,1,1e-06,0.0
1,0.0023941993713378906,1,1,1e-06,0.0
1,0.010505199432373047,1,1,1e-06,0.0
1,0.0019338130950927734,1,1,1e-06,0.0
1,0.0023865699768066406,1,1,1e-06,0.0
1,0.01702141761779785,1,1,1e-06,0.0
1,0.010569572448730469,1,1,1e-06,0.0
1,0.0018887519836425781,1,1,1e-06,0.0
1,0.0027840137481689453,1,1,1e-06,0.0
1,0.017002344131469727,1,1,1e-06,0.0
1,0.013056755065917969,1,1,1e-06,0.0
1,0.0035562515258789062,1,1,1e-06,0.0
1,0.003081798553466797,1,1,1e-06,0.0
1,0.0028204917907714844,1,1,1e-06,0.0
1,0.04263734817504883,1,1,1e-06,0.0
1,0.012188196182250977,1,1,1e-06,0.0
1,0.0024094581604003906,1,1,1e-06,0.0
1,0.002148151397705078,1,1,1e-06,0.0
1,0.003627777099609375,1,1,1e-06,0.0
1,0.0029866695404052734,1,1,1e-06,0.0
1,0.06902551651000977,1,1,1e-06,0.0
1,0.007189035415649414,1,1,1e-06,0.0
1,0.0022974014282226562,1,1,1e-06,0.0
1,0.02396106719970703,1,1,1e-06,0.0
1,0.0022132396697998047,1,1,1e-06,0.0
1,0.021979093551635742,1,1,1e-06,0.0
1,0.027317523956298828,1,1,1e-06,0.0
1,0.00551915168762207,1,1,1e-06,0.0
1,0.0026597976684570312,1,1,1e-06,0.0
1,0.002816438674926758,1,1,1e-06,0.0
1,0.002048015594482422,1,1,1e-06,0.0
1,0.0023822784423828125,1,1,1e-06,0.0
1,0.004080772399902344,1,1,1e-06,0.0
1,0.03419232368469238,1,1,1e-06,0.0
1,0.022782087326049805,1,1,1e-06,0.0
1,0.002166271209716797,1,1,1e-06,0.0
1,0.0025169849395751953,1,1,1e-06,0.0
1,0.0023872852325439453,1,1,1e-06,0.0
1,0.010863065719604492,1,1,1e-06,0.0
1,0.0018644332885742188,1,1,1e-06,0.0
1,0.001756906509399414,1,1,1e-06,0.0
1,0.001847982406616211,1,1,1e-06,0.0
1,0.002003908157348633,1,1,1e-06,0.0
1,0.002340078353881836,1,1,1e-06,0.0
1,0.009414434432983398,1,1,1e-06,0.0
1,0.0025818347930908203,1,1,1e-06,0.0
1,0.0022084712982177734,1,1,1e-06,0.0
1,0.026003122329711914,1,1,1e-06,0.0
1,0.003445863723754883,1,1,1e-06,0.0
1,0.0025413036346435547,1,1,1e-06,0.0
1,0.002283334732055664,1,1,1e-06,0.0
1,0.003168344497680664,1,1,1e-06,0.0
1,0.0031440258026123047,1,1,1e-06,0.0
1,0.002105236053466797,1,1,1e-06,0.0
1,0.0019998550415039062,1,1,1e-06,0.0
1,0.0022644996643066406,1,1,1e-06,0.0
1,0.005928754806518555,1,1,1e-06,0.0
1,0.0029680728912353516,1,1,1e-06,0.0
1,0.0026154518127441406,1,1,1e-06,0.0
1,0.0023326873779296875,1,1,1e-06,0.0
1,0.003166675567626953,1,1,1e-06,0.0
1,0.0028543472290039062,1,1,1e-06,0.0
1,0.0040988922119140625,1,1,1e-06,0.0
1,0.005307435989379883,1,1,1e-06,0.0
1,0.0024652481079101562,1,1,1e-06,0.0
1,0.0025103092193603516,1,1,1e-06,0.0
1,0.01187896728515625,1,1,1e-06,0.0
1,0.0023818016052246094,1,1,1e-06,0.0
1,0.005323648452758789,1,1,1e-06,0.0
1,0.003471851348876953,1,1,1e-06,0.0
1,0.002117156982421875,1,1,1e-06,0.0
1,0.0030066967010498047,1,1,1e-06,0.0
1,0.003888845443725586,1,1,1e-06,0.0
1,0.012467622756958008,1,1,1e-06,0.0
1,0.0019512176513671875,1,1,1e-06,0.0
1,0.002206563949584961,1,1,1e-06,0.0
1,0.0032689571380615234,1,1,1e-06,0.0
1,0.0026102066040039062,1,1,1e-06,0.0
1,0.012505769729614258,1,1,1e-06,0.0
1,0.005738973617553711,1,1,1e-06,0.0
1,0.002725362777709961,1,1,1e-06,0.0
1,0.0022552013397216797,1,1,1e-06,0.0
1,0.00372314453125,1,1,1e-06,0.0
1,0.003864765167236328,1,1,1e-06,0.0
1,0.00439763069152832,1,1,1e-06,0.0
1,0.014708995819091797,1,1,1e-06,0.0
1,0.020279884338378906,1,1,1e-06,0.0
1,0.0017058849334716797,1,1,1e-06,0.0
1,0.0020291805267333984,1,1,1e-06,0.0
1,0.0017848014831542969,1,1,1e-06,0.0
1,0.0015537738800048828,1,1,1e-06,0.0
1,0.0018849372863769531,1,1,1e-06,0.0
1,0.002858400344848633,1,1,1e-06,0.0
1,0.0036377906799316406,1,1,1e-06,0.0
1,0.004190206527709961,1,1,1e-06,0.0
1,0.0020096302032470703,1,1,1e-06,0.0
1,0.002420186996459961,1,1,1e-06,0.0
1,0.0044329166412353516,1,1,1e-06,0.0
1,0.003002643585205078,1,1,1e-06,0.0
1,0.0024886131286621094,1,1,1e-06,0.0
1,0.0019028186798095703,1,1,1e-06,0.0
1,0.00550389289855957,1,1,1e-06,0.0
1,0.006714344024658203,1,1,1e-06,0.0
1,0.003062009811401367,1,1,1e-06,0.0
1,0.0018208026885986328,1,1,1e-06,0.0
1,0.023752450942993164,1,1,1e-06,0.0
1,0.0032095909118652344,1,1,1e-06,0.0
1,0.0019526481628417969,1,1,1e-06,0.0
1,0.0024156570434570312,1,1,1e-06,0.0
1,0.002692699432373047,1,1,1e-06,0.0
1,0.024903535842895508,1,1,1e-06,0.0
1,0.0024404525756835938,1,1,1e-06,0.0
1,0.0019736289978027344,1,1,1e-06,0.0
1,0.002613067626953125,1,1,1e-06,0.0
1,0.025849580764770508,1,1,1e-06,0.0
1,0.003675222396850586,1,1,1e-06,0.0
1,0.0029027462005615234,1,1,1e-06,0.0
1,0.0018091201782226562,1,1,1e-06,0.0
1,0.001983165740966797,1,1,1e-06,0.0
1,0.0029425621032714844,1,1,1e-06,0.0
1,0.0021698474884033203,1,1,1e-06,0.0
1,0.0030243396759033203,1,1,1e-06,0.0
1,0.0023615360260009766,1,1,1e-06,0.0
1,0.002820730209350586,1,1,1e-06,0.0
1,0.003010988235473633,1,1,1e-06,0.0
1,0.0037636756896972656,1,1,1e-06,0.0
1,0.0025200843811035156,1,1,1e-06,0.0
1,0.0033283233642578125,1,1,1e-06,0.0
1,0.0028285980224609375,1,1,1e-06,0.0
1,0.0033576488494873047,1,1,1e-06,0.0
1,0.002635955810546875,1,1,1e-06,0.0
1,0.001989126205444336,1,1,1e-06,0.0
1,0.001999378204345703,1,1,1e-06,0.0
1,0.002544403076171875,1,1,1e-06,0.0
1,0.01587963104248047,1,1,1e-06,0.0
1,0.012097358703613281,1,1,1e-06,0.0
1,0.007352352142333984,1,1,1e-06,0.0
1,0.0027816295623779297,1,1,1e-06,0.0
1,0.015738248825073242,1,1,1e-06,0.0
1,0.0020744800567626953,1,1,1e-06,0.0
1,0.0019600391387939453,1,1,1e-06,0.0
1,0.0021698474884033203,1,1,1e-06,0.0
1,0.002861499786376953,1,1,1e-06,0.0
1,0.004488706588745117,1,1,1e-06,0.0
1,0.004002571105957031,1,1,1e-06,0.0
1,0.014907360076904297,1,1,1e-06,0.0
1,0.003100156784057617,1,1,1e-06,0.0
1,0.002108335494995117,1,1,1e-06,0.0
1,0.03701615333557129,1,1,1e-06,0.0
1,0.0028333663940429688,1,1,1e-06,0.0
1,0.002877473831176758,1,1,1e-06,0.0
1,0.0032720565795898438,1,1,1e-06,0.0
1,0.0019526481628417969,1,1,1e-06,0.0
1,0.001975536346435547,1,1,1e-06,0.0
1,0.0021114349365234375,1,1,1e-06,0.0
1,0.001972675323486328,1,1,1e-06,0.0
1,0.005595684051513672,1,1,1e-06,0.0
1,0.011919975280761719,1,1,1e-06,0.0
1,0.006930351257324219,1,1,1e-06,0.0
1,0.006476402282714844,1,1,1e-06,0.0
1,0.0024640560150146484,1,1,1e-06,0.0
1,0.0028009414672851562,1,1,1e-06,0.0
1,0.0026154518127441406,1,1,1e-06,0.0
1,0.006245136260986328,1,1,1e-06,0.0
1,0.015932083129882812,1,1,1e-06,0.0
1,0.0029740333557128906,1,1,1e-06,0.0
1,0.00246429443359375,1,1,1e-06,0.0
1,0.002700328826904297,1,1,1e-06,0.0
1,0.0028014183044433594,1,1,1e-06,0.0
1,0.03365731239318848,1,1,1e-06,0.0
1,0.002302408218383789,1,1,1e-06,0.0
1,0.0023484230041503906,1,1,1e-06,0.0
1,0.0022673606872558594,1,1,1e-06,0.0
1,0.026189088821411133,1,1,1e-06,0.0
1,0.001961946487426758,1,1,1e-06,0.0
1,0.0016894340515136719,1,1,1e-06,0.0
1,0.0023229122161865234,1,1,1e-06,0.0
1,0.3517637252807617,1,1,1e-06,0.0
1,0.002295970916748047,1,1,1e-06,0.0
1,0.012505769729614258,1,1,1e-06,0.0
1,0.0018165111541748047,1,1,1e-06,0.0
1,0.0019428730010986328,1,1,1e-06,0.0
1,0.0019350051879882812,1,1,1e-06,0.0
1,0.002290964126586914,1,1,1e-06,0.0
1,0.002429485321044922,1,1,1e-06,0.0
1,0.0026252269744873047,1,1,1e-06,0.0
1,0.0019371509552001953,1,1,1e-06,0.0
1,0.0021848678588867188,1,1,1e-06,0.0
1,0.015254497528076172,1,1,1e-06,0.0
1,0.0021588802337646484,1,1,1e-06,0.0
1,0.001722097396850586,1,1,1e-06,0.0
1,0.002796649932861328,1,1,1e-06,0.0
1,0.005554676055908203,1,1,1e-06,0.0
1,0.006923675537109375,1,1,1e-06,0.0
1,0.003609895706176758,1,1,1e-06,0.0
1,0.003656148910522461,1,1,1e-06,0.0
1,0.002559661865234375,1,1,1e-06,0.0
1,0.002549886703491211,1,1,1e-06,0.0
1,0.002883434295654297,1,1,1e-06,0.0
1,0.0025069713592529297,1,1,1e-06,0.0
1,0.013045787811279297,1,1,1e-06,0.0
1,0.006114482879638672,1,1,1e-06,0.0
1,0.0031511783599853516,1,1,1e-06,0.0
1,0.00636744499206543,1,1,1e-06,0.0
1,0.002778768539428711,1,1,1e-06,0.0
1,0.003128528594970703,1,1,1e-06,0.0
1,0.0034689903259277344,1,1,1e-06,0.0
1,0.0410459041595459,1,1,1e-06,0.0
1,0.002464771270751953,1,1,1e-06,0.0
1,0.0052013397216796875,1,1,1e-06,0.0
1,0.0022840499877929688,1,1,1e-06,0.0
1,0.010673046112060547,1,1,1e-06,0.0
1,0.002141237258911133,1,1,1e-06,0.0
1,0.0016770362854003906,1,1,1e-06,0.0
1,0.002096891403198242,1,1,1e-06,0.0
1,0.0024940967559814453,1,1,1e-06,0.0
1,0.0016660690307617188,1,1,1e-06,0.0
1,0.017151832580566406,1,1,1e-06,0.0
1,0.0035123825073242188,1,1,1e-06,0.0
1,0.002040386199951172,1,1,1e-06,0.0
1,0.0031118392944335938,1,1,1e-06,0.0
1,0.004576444625854492,1,1,1e-06,0.0
1,0.0026803016662597656,1,1,1e-06,0.0
1,0.002515077590942383,1,1,1e-06,0.0
1,0.0029256343841552734,1,1,1e-06,0.0
1,0.0029544830322265625,1,1,1e-06,0.0
1,0.003683328628540039,1,1,1e-06,0.0
1,0.0033507347106933594,1,1,1e-06,0.0
1,0.0036611557006835938,1,1,1e-06,0.0
1,0.08753013610839844,1,1,1e-06,0.0
1,0.03187108039855957,1,1,1e-06,0.0
1,0.0027170181274414062,1,1,1e-06,0.0
1,0.002175569534301758,1,1,1e-06,0.0
1,0.022581815719604492,1,1,1e-06,0.0
1,0.002329111099243164,1,1,1e-06,0.0
1,0.0021386146545410156,1,1,1e-06,0.0
1,0.004271984100341797,1,1,1e-06,0.0
1,0.0027086734771728516,1,1,1e-06,0.0
1,0.0029921531677246094,1,1,1e-06,0.0
1,0.002408742904663086,1,1,1e-06,0.0
1,0.002371549606323242,1,1,1e-06,0.0
1,0.007444620132446289,1,1,1e-06,0.0
1,0.0037500858306884766,1,1,1e-06,0.0
1,0.002666473388671875,1,1,1e-06,0.0
1,0.002736806869506836,1,1,1e-06,0.0
1,0.0031075477600097656,1,1,1e-06,0.0
1,0.021625995635986328,1,1,1e-06,0.0
1,0.0026938915252685547,1,1,1e-06,0.0
1,0.002218484878540039,1,1,1e-06,0.0
1,0.004134178161621094,1,1,1e-06,0.0
1,0.003477334976196289,1,1,1e-06,0.0
1,0.002534151077270508,1,1,1e-06,0.0
1,0.002182483673095703,1,1,1e-06,0.0
1,0.0022041797637939453,1,1,1e-06,0.0
1,0.005198240280151367,1,1,1e-06,0.0
1,0.0023376941680908203,1,1,1e-06,0.0
1,0.0018620491027832031,1,1,1e-06,0.0
1,0.0017621517181396484,1,1,1e-06,0.0
1,0.004416704177856445,1,1,1e-06,0.0
1,0.00579524040222168,1,1,1e-06,0.0
1,0.003580808639526367,1,1,1e-06,0.0
1,0.0032308101654052734,1,1,1e-06,0.0
1,0.0043680667877197266,1,1,1e-06,0.0
1,0.0033926963806152344,1,1,1e-06,0.0
1,0.002871274948120117,1,1,1e-06,0.0
1,0.0027849674224853516,1,1,1e-06,0.0
1,0.04575157165527344,1,1,1e-06,0.0
1,0.020407915115356445,1,1,1e-06,0.0
1,0.0038161277770996094,1,1,1e-06,0.0
1,0.002699136734008789,1,1,1e-06,0.0
1,0.006653308868408203,1,1,1e-06,0.0
1,0.003208160400390625,1,1,1e-06,0.0
1,0.0064890384674072266,1,1,1e-06,0.0
1,0.012849807739257812,1,1,1e-06,0.0
1,0.0031642913818359375,1,1,1e-06,0.0
1,0.0033369064331054688,1,1,1e-06,0.0
1,0.002213716506958008,1,1,1e-06,0.0
1,0.035875797271728516,1,1,1e-06,0.0
1,0.005713462829589844,1,1,1e-06,0.0
1,0.004108905792236328,1,1,1e-06,0.0
1,0.0036444664001464844,1,1,1e-06,0.0
1,0.008489131927490234,1,1,1e-06,0.0
1,0.0031785964965820312,1,1,1e-06,0.0
1,0.003220081329345703,1,1,1e-06,0.0
1,0.002815723419189453,1,1,1e-06,0.0
1,0.004803895950317383,1,1,1e-06,0.0
1,0.0030794143676757812,1,1,1e-06,0.0
1,0.0023560523986816406,1,1,1e-06,0.0
1,0.0025234222412109375,1,1,1e-06,0.0
1,0.011413097381591797,1,1,1e-06,0.0
1,0.003223419189453125,1,1,1e-06,0.0
1,0.07737612724304199,1,1,1e-06,0.0
1,0.0046939849853515625,1,1,1e-06,0.0
1,0.0027866363525390625,1,1,1e-06,0.0
1,0.009317398071289062,1,1,1e-06,0.0
1,0.00359344482421875,1,1,1e-06,0.0
1,0.004196882247924805,1,1,1e-06,0.0
1,0.13425731658935547,1,1,1e-06,0.0
1,0.0036923885345458984,1,1,1e-06,0.0
1,0.004795074462890625,1,1,1e-06,0.0
1,0.0059299468994140625,1,1,1e-06,0.0
1,0.0174560546875,1,1,1e-06,0.0
1,0.009568214416503906,1,1,1e-06,0.0
1,0.0027222633361816406,1,1,1e-06,0.0
1,0.0050525665283203125,1,1,1e-06,0.0
1,0.007321596145629883,1,1,1e-06,0.0
1,0.008000373840332031,1,1,1e-06,0.0
1,0.009423255920410156,1,1,1e-06,0.0
1,0.004624843597412109,1,1,1e-06,0.0
1,0.012587547302246094,1,1,1e-06,0.0
1,0.11411118507385254,1,1,1e-06,0.0
1,0.011875629425048828,1,1,1e-06,0.0
1,0.004209756851196289,1,1,1e-06,0.0
1,0.0034570693969726562,1,1,1e-06,0.0
1,0.0054149627685546875,1,1,1e-06,0.0
1,0.0033986568450927734,1,1,1e-06,0.0
1,0.0027658939361572266,1,1,1e-06,0.0
1,0.002662181854248047,1,1,1e-06,0.0
1,0.002426624298095703,1,1,1e-06,0.0
1,0.0021293163299560547,1,1,1e-06,0.0
1,0.004580497741699219,1,1,1e-06,0.0
1,0.005594730377197266,1,1,1e-06,0.0
1,0.002912759780883789,1,1,1e-06,0.0
1,0.003743886947631836,1,1,1e-06,0.0
1,0.003234386444091797,1,1,1e-06,0.0
1,0.0063397884368896484,1,1,1e-06,0.0
1,0.0037262439727783203,1,1,1e-06,0.0
1,0.003996372222900391,1,1,1e-06,0.0
1,0.005189180374145508,1,1,1e-06,0.0
1,0.0033273696899414062,1,1,1e-06,0.0
1,0.004112958908081055,1,1,1e-06,0.0
1,0.003608226776123047,1,1,1e-06,0.0
1,0.003019571304321289,1,1,1e-06,0.0
1,0.002635478973388672,1,1,1e-06,0.0
1,0.0035300254821777344,1,1,1e-06,0.0
1,0.0026924610137939453,1,1,1e-06,0.0
1,0.0034093856811523438,1,1,1e-06,0.0
1,0.0027399063110351562,1,1,1e-06,0.0
1,0.002888202667236328,1,1,1e-06,0.0
1,0.004945039749145508,1,1,1e-06,0.0
1,0.003924131393432617,1,1,1e-06,0.0
1,0.024709701538085938,1,1,1e-06,0.0
1,0.003257274627685547,1,1,1e-06,0.0
1,0.002658843994140625,1,1,1e-06,0.0
1,0.0020279884338378906,1,1,1e-06,0.0
1,0.023864030838012695,1,1,1e-06,0.0
1,0.0032830238342285156,1,1,1e-06,0.0
1,0.013445377349853516,1,1,1e-06,0.0
1,0.004914283752441406,1,1,1e-06,0.0
1,0.012365579605102539,1,1,1e-06,0.0
1,0.004436969757080078,1,1,1e-06,0.0
1,0.0033416748046875,1,1,1e-06,0.0
1,0.0024504661560058594,1,1,1e-06,0.0
1,0.003595590591430664,1,1,1e-06,0.0
1,0.004473686218261719,1,1,1e-06,0.0
1,0.016936063766479492,1,1,1e-06,0.0
1,0.003239154815673828,1,1,1e-06,0.0
1,0.002470731735229492,1,1,1e-06,0.0
1,0.002525806427001953,1,1,1e-06,0.0
1,0.002687692642211914,1,1,1e-06,0.0
1,0.0032100677490234375,1,1,1e-06,0.0
1,0.006841182708740234,1,1,1e-06,0.0
1,0.002593994140625,1,1,1e-06,0.0
1,0.0036940574645996094,1,1,1e-06,0.0
1,0.05838418006896973,1,1,1e-06,0.0
1,0.0032618045806884766,1,1,1e-06,0.0
1,0.002950429916381836,1,1,1e-06,0.0
1,0.0032231807708740234,1,1,1e-06,0.0
1,0.0034880638122558594,1,1,1e-06,0.0
1,0.003875255584716797,1,1,1e-06,0.0
1,0.006375551223754883,1,1,1e-06,0.0
1,0.005095005035400391,1,1,1e-06,0.0
1,0.0038712024688720703,1,1,1e-06,0.0
1,0.005489826202392578,1,1,1e-06,0.0
1,0.00516200065612793,1,1,1e-06,0.0
1,0.0038716793060302734,1,1,1e-06,0.0
1,0.005360126495361328,1,1,1e-06,0.0
1,0.02393960952758789,1,1,1e-06,0.0
1,0.005631208419799805,1,1,1e-06,0.0
1,0.003188610076904297,1,1,1e-06,0.0
1,0.004113435745239258,1,1,1e-06,0.0
1,0.0029375553131103516,1,1,1e-06,0.0
1,0.0030155181884765625,1,1,1e-06,0.0
1,0.003377676010131836,1,1,1e-06,0.0
1,0.0041429996490478516,1,1,1e-06,0.0
1,0.00587916374206543,1,1,1e-06,0.0
1,0.003708362579345703,1,1,1e-06,0.0
1,0.005018949508666992,1,1,1e-06,0.0
1,0.002607583999633789,1,1,1e-06,0.0
1,0.0026412010192871094,1,1,1e-06,0.0
1,0.0061490535736083984,1,1,1e-06,0.0
1,0.0031516551971435547,1,1,1e-06,0.0
1,0.0031037330627441406,1,1,1e-06,0.0
1,0.005142688751220703,1,1,1e-06,0.0
1,0.0036690235137939453,1,1,1e-06,0.0
1,0.0024535655975341797,1,1,1e-06,0.0
1,0.0028188228607177734,1,1,1e-06,0.0
1,0.0019059181213378906,1,1,1e-06,0.0
1,0.002894878387451172,1,1,1e-06,0.0
1,0.0030870437622070312,1,1,1e-06,0.0
1,0.006229877471923828,1,1,1e-06,0.0
1,0.025168895721435547,1,1,1e-06,0.0
1,0.003511190414428711,1,1,1e-06,0.0
1,0.0036468505859375,1,1,1e-06,0.0
1,0.004350900650024414,1,1,1e-06,0.0
1,0.003613710403442383,1,1,1e-06,0.0
1,0.007643699645996094,1,1,1e-06,0.0
1,0.0031447410583496094,1,1,1e-06,0.0
1,0.0023856163024902344,1,1,1e-06,0.0
1,0.0020194053649902344,1,1,1e-06,0.0
1,0.005498409271240234,1,1,1e-06,0.0
1,0.0032711029052734375,1,1,1e-06,0.0
1,0.003130197525024414,1,1,1e-06,0.0
1,0.0021729469299316406,1,1,1e-06,0.0
1,0.0029976367950439453,1,1,1e-06,0.0
1,0.0076563358306884766,1,1,1e-06,0.0
1,0.002697467803955078,1,1,1e-06,0.0
1,0.002207517623901367,1,1,1e-06,0.0
1,0.0034220218658447266,1,1,1e-06,0.0
1,0.004677534103393555,1,1,1e-06,0.0
1,0.00389862060546875,1,1,1e-06,0.0
1,0.0034379959106445312,1,1,1e-06,0.0
1,0.010439395904541016,1,1,1e-06,0.0
1,0.0032482147216796875,1,1,1e-06,0.0
1,0.0034749507904052734,1,1,1e-06,0.0
1,0.003294706344604492,1,1,1e-06,0.0
1,0.04283499717712402,1,1,1e-06,0.0
1,0.00711369514465332,1,1,1e-06,0.0
1,0.03723788261413574,1,1,1e-06,0.0
1,0.02034783363342285,1,1,1e-06,0.0
1,0.0022242069244384766,1,1,1e-06,0.0
1,0.004642963409423828,1,1,1e-06,0.0
1,0.003773927688598633,1,1,1e-06,0.0
1,0.0034873485565185547,1,1,1e-06,0.0
1,0.0027337074279785156,1,1,1e-06,0.0
1,0.0028662681579589844,1,1,1e-06,0.0
1,0.01115870475769043,1,1,1e-06,0.0
1,0.0036699771881103516,1,1,1e-06,0.0
1,0.0030541419982910156,1,1,1e-06,0.0
1,0.0023000240325927734,1,1,1e-06,0.0
1,0.004687786102294922,1,1,1e-06,0.0
1,0.011379241943359375,1,1,1e-06,0.0
1,0.040558576583862305,1,1,1e-06,0.0
1,0.23759794235229492,1,1,1e-06,0.0
1,0.0035469532012939453,1,1,1e-06,0.0
1,0.003673553466796875,1,1,1e-06,0.0
1,0.00353240966796875,1,1,1e-06,0.0
1,0.0037178993225097656,1,1,1e-06,0.0
1,0.009234905242919922,1,1,1e-06,0.0
1,0.0034596920013427734,1,1,1e-06,0.0
1,0.001867532730102539,1,1,1e-06,0.0
1,0.0025479793548583984,1,1,1e-06,0.0
1,0.029870986938476562,1,1,1e-06,0.0
1,0.0025882720947265625,1,1,1e-06,0.0
1,0.0036513805389404297,1,1,1e-06,0.0
1,0.020181894302368164,1,1,1e-06,0.0
1,0.0027582645416259766,1,1,1e-06,0.0
1,0.0029184818267822266,1,1,1e-06,0.0
1,0.001972198486328125,1,1,1e-06,0.0
1,0.0020585060119628906,1,1,1e-06,0.0
1,0.0028536319732666016,1,1,1e-06,0.0
1,0.003843069076538086,1,1,1e-06,0.0
1,0.0050885677337646484,1,1,1e-06,0.0
1,0.09743380546569824,1,1,1e-06,0.0
1,0.0026443004608154297,1,1,1e-06,0.0
1,0.002652406692504883,1,1,1e-06,0.0
1,0.0037238597869873047,1,1,1e-06,0.0
1,0.0023615360260009766,1,1,1e-06,0.0
1,0.04551339149475098,1,1,1e-06,0.0
1,0.0031325817108154297,1,1,1e-06,0.0
1,0.003911256790161133,1,1,1e-06,0.0
1,0.004570484161376953,1,1,1e-06,0.0
1,0.005780696868896484,1,1,1e-06,0.0
1,0.0023114681243896484,1,1,1e-06,0.0
1,0.0582270622253418,1,1,1e-06,0.0
1,0.003885507583618164,1,1,1e-06,0.0
1,0.005411863327026367,1,1,1e-06,0.0
1,0.01678776741027832,1,1,1e-06,0.0
1,0.05546069145202637,1,1,1e-06,0.0
1,0.0035555362701416016,1,1,1e-06,0.0
1,0.015009164810180664,1,1,1e-06,0.0
1,0.003666400909423828,1,1,1e-06,0.0
1,0.005404949188232422,1,1,1e-06,0.0
1,0.0026273727416992188,1,1,1e-06,0.0
1,0.0023987293243408203,1,1,1e-06,0.0
1,0.007791042327880859,1,1,1e-06,0.0
1,0.0032820701599121094,1,1,1e-06,0.0
1,0.0034787654876708984,1,1,1e-06,0.0
1,0.003416776657104492,1,1,1e-06,0.0
1,0.006268978118896484,1,1,1e-06,0.0
1,0.005910158157348633,1,1,1e-06,0.0
1,0.004940032958984375,1,1,1e-06,0.0
1,0.0033054351806640625,1,1,1e-06,0.0
1,0.004213571548461914,1,1,1e-06,0.0
1,0.014254331588745117,1,1,1e-06,0.0
1,0.00452113151550293,1,1,1e-06,0.0
1,0.005919933319091797,1,1,1e-06,0.0
1,0.005111217498779297,1,1,1e-06,0.0
1,0.0038025379180908203,1,1,1e-06,0.0
1,0.0036187171936035156,1,1,1e-06,0.0
1,0.0018663406372070312,1,1,1e-06,0.0
1,0.0023796558380126953,1,1,1e-06,0.0
1,0.003031492233276367,1,1,1e-06,0.0
1,0.004109621047973633,1,1,1e-06,0.0
1,0.0033960342407226562,1,1,1e-06,0.0
1,0.0024847984313964844,1,1,1e-06,0.0
1,0.0018663406372070312,1,1,1e-06,0.0
1,0.00472259521484375,1,1,1e-06,0.0
1,0.004059314727783203,1,1,1e-06,0.0
1,0.019423723220825195,1,1,1e-06,0.0
1,0.003618955612182617,1,1,1e-06,0.0
1,0.002729177474975586,1,1,1e-06,0.0
1,0.0019817352294921875,1,1,1e-06,0.0
1,0.002574443817138672,1,1,1e-06,0.0
1,0.01829814910888672,1,1,1e-06,0.0
1,0.005783557891845703,1,1,1e-06,0.0
1,0.0038449764251708984,1,1,1e-06,0.0
1,0.0026540756225585938,1,1,1e-06,0.0
1,0.0038025379180908203,1,1,1e-06,0.0
1,0.0022020339965820312,1,1,1e-06,0.0
1,0.001859903335571289,1,1,1e-06,0.0
1,0.003148794174194336,1,1,1e-06,0.0
1,0.00406336784362793,1,1,1e-06,0.0
1,0.0037162303924560547,1,1,1e-06,0.0
1,0.002494335174560547,1,1,1e-06,0.0
1,0.0032486915588378906,1,1,1e-06,0.0
1,0.0031249523162841797,1,1,1e-06,0.0
1,0.0026726722717285156,1,1,1e-06,0.0
1,0.002727031707763672,1,1,1e-06,0.0
1,0.003114461898803711,1,1,1e-06,0.0
1,0.003728151321411133,1,1,1e-06,0.0
1,0.0035805702209472656,1,1,1e-06,0.0
1,0.003747224807739258,1,1,1e-06,0.0
1,0.004287242889404297,1,1,1e-06,0.0
1,0.00415802001953125,1,1,1e-06,0.0
1,0.014563560485839844,1,1,1e-06,0.0
1,0.003376483917236328,1,1,1e-06,0.0
1,0.014155149459838867,1,1,1e-06,0.0
1,0.013204097747802734,1,1,1e-06,0.0
1,0.004789829254150391,1,1,1e-06,0.0
1,0.003859996795654297,1,1,1e-06,0.0
1,0.0020275115966796875,1,1,1e-06,0.0
1,0.005720615386962891,1,1,1e-06,0.0
1,0.003376483917236328,1,1,1e-06,0.0
1,0.002048969268798828,1,1,1e-06,0.0
1,0.0054242610931396484,1,1,1e-06,0.0
1,0.00732421875,1,1,1e-06,0.0
1,0.018313884735107422,1,1,1e-06,0.0
1,0.05833292007446289,1,1,1e-06,0.0
1,0.08590531349182129,1,1,1e-06,0.0
1,0.002532482147216797,1,1,1e-06,0.0
1,0.009312629699707031,1,1,1e-06,0.0
1,0.06403088569641113,1,1,1e-06,0.0
1,0.0030646324157714844,1,1,1e-06,0.0
1,0.00897073745727539,1,1,1e-06,0.0
1,0.0030553340911865234,1,1,1e-06,0.0
1,0.00324249267578125,1,1,1e-06,0.0
1,0.02239394187927246,1,1,1e-06,0.0
1,0.0029304027557373047,1,1,1e-06,0.0
1,0.0027785301208496094,1,1,1e-06,0.0
1,0.06391549110412598,1,1,1e-06,0.0
1,0.0021932125091552734,1,1,1e-06,0.0
1,0.00496363639831543,1,1,1e-06,0.0
1,0.00460052490234375,1,1,1e-06,0.0
1,0.07388854026794434,1,1,1e-06,0.0
1,0.039890289306640625,1,1,1e-06,0.0
1,0.0032088756561279297,1,1,1e-06,0.0
1,0.005112886428833008,1,1,1e-06,0.0
1,0.02187967300415039,1,1,1e-06,0.0
1,0.002683401107788086,1,1,1e-06,0.0
1,0.0029807090759277344,1,1,1e-06,0.0
1,0.003201007843017578,1,1,1e-06,0.0
1,0.015839576721191406,1,1,1e-06,0.0
1,0.007012605667114258,1,1,1e-06,0.0
1,0.008973836898803711,1,1,1e-06,0.0
1,0.021172046661376953,1,1,1e-06,0.0
1,0.047621965408325195,1,1,1e-06,0.0
1,0.005690097808837891,1,1,1e-06,0.0
1,0.0036101341247558594,1,1,1e-06,0.0
1,0.002651214599609375,1,1,1e-06,0.0
1,0.0018916130065917969,1,1,1e-06,0.0
1,0.01918649673461914,1,1,1e-06,0.0
1,0.006415367126464844,1,1,1e-06,0.0
1,0.00632023811340332,1,1,1e-06,0.0
1,0.006016254425048828,1,1,1e-06,0.0
1,0.004202842712402344,1,1,1e-06,0.0
1,0.004096031188964844,1,1,1e-06,0.0
1,0.002775430679321289,1,1,1e-06,0.0
1,0.002335786819458008,1,1,1e-06,0.0
1,0.046343326568603516,1,1,1e-06,0.0
1,0.002070188522338867,1,1,1e-06,0.0
1,0.002657651901245117,1,1,1e-06,0.0
1,0.0026226043701171875,1,1,1e-06,0.0
1,0.0028715133666992188,1,1,1e-06,0.0
1,0.002871990203857422,1,1,1e-06,0.0
1,0.0034575462341308594,1,1,1e-06,0.0
1,0.006203413009643555,1,1,1e-06,0.0
1,0.0040950775146484375,1,1,1e-06,0.0
1,0.003560304641723633,1,1,1e-06,0.0
1,0.005121469497680664,1,1,1e-06,0.0
1,0.004243135452270508,1,1,1e-06,0.0
1,0.004125118255615234,1,1,1e-06,0.0
1,0.003531217575073242,1,1,1e-06,0.0
1,0.0030028820037841797,1,1,1e-06,0.0
1,0.01716136932373047,1,1,1e-06,0.0
1,0.0021581649780273438,1,1,1e-06,0.0
1,0.0035016536712646484,1,1,1e-06,0.0
1,0.10841989517211914,1,1,1e-06,0.0
1,0.004662036895751953,1,1,1e-06,0.0
1,0.03939533233642578,1,1,1e-06,0.0
1,0.006010293960571289,1,1,1e-06,0.0
1,0.024595260620117188,1,1,1e-06,0.0
1,0.0042417049407958984,1,1,1e-06,0.0
1,0.0027604103088378906,1,1,1e-06,0.0
1,0.0026922225952148438,1,1,1e-06,0.0
1,0.002711772918701172,1,1,1e-06,0.0
1,0.004306316375732422,1,1,1e-06,0.0
1,0.005288124084472656,1,1,1e-06,0.0
1,0.05828356742858887,1,1,1e-06,0.0
1,0.002767324447631836,1,1,1e-06,0.0
1,0.002517223358154297,1,1,1e-06,0.0
1,0.0020809173583984375,1,1,1e-06,0.0
1,0.0020530223846435547,1,1,1e-06,0.0
1,0.0021762847900390625,1,1,1e-06,0.0
1,0.0023679733276367188,1,1,1e-06,0.0
1,0.005192756652832031,1,1,1e-06,0.0
1,0.005116462707519531,1,1,1e-06,0.0
1,0.0026619434356689453,1,1,1e-06,0.0
1,0.002748250961303711,1,1,1e-06,0.0
1,0.0026476383209228516,1,1,1e-06,0.0
1,0.00969386100769043,1,1,1e-06,0.0
1,0.009152412414550781,1,1,1e-06,0.0
1,0.003302335739135742,1,1,1e-06,0.0
1,0.003974437713623047,1,1,1e-06,0.0
1,0.03769636154174805,1,1,1e-06,0.0
1,0.002550363540649414,1,1,1e-06,0.0
1,0.002156496047973633,1,1,1e-06,0.0
1,0.002611398696899414,1,1,1e-06,0.0
1,0.004224538803100586,1,1,1e-06,0.0
1,0.002485513687133789,1,1,1e-06,0.0
1,0.00463104248046875,1,1,1e-06,0.0
1,0.015353679656982422,1,1,1e-06,0.0
1,0.0022776126861572266,1,1,1e-06,0.0
1,0.014673471450805664,1,1,1e-06,0.0
1,0.015958786010742188,1,1,1e-06,0.0
1,0.002057313919067383,1,1,1e-06,0.0
1,0.0031900405883789062,1,1,1e-06,0.0
1,0.04140949249267578,1,1,1e-06,0.0
1,0.0036153793334960938,1,1,1e-06,0.0
1,0.0037772655487060547,1,1,1e-06,0.0
1,0.05902457237243652,1,1,1e-06,0.0
1,0.00497126579284668,1,1,1e-06,0.0
1,0.0035066604614257812,1,1,1e-06,0.0
1,0.004732608795166016,1,1,1e-06,0.0
1,0.0029609203338623047,1,1,1e-06,0.0
1,0.002465486526489258,1,1,1e-06,0.0
1,0.005331754684448242,1,1,1e-06,0.0
1,0.0021424293518066406,1,1,1e-06,0.0
1,0.0019855499267578125,1,1,1e-06,0.0
1,0.0026030540466308594,1,1,1e-06,0.0
1,0.0022716522216796875,1,1,1e-06,0.0
1,0.014170169830322266,1,1,1e-06,0.0
1,0.001940011978149414,1,1,1e-06,0.0
1,0.005917072296142578,1,1,1e-06,0.0
1,0.002989053726196289,1,1,1e-06,0.0
1,0.00415802001953125,1,1,1e-06,0.0
1,0.026401042938232422,1,1,1e-06,0.0
1,0.002656698226928711,1,1,1e-06,0.0
1,0.006972551345825195,1,1,1e-06,0.0
1,0.0025985240936279297,1,1,1e-06,0.0
1,0.002336263656616211,1,1,1e-06,0.0
1,0.0025887489318847656,1,1,1e-06,0.0
1,0.0028853416442871094,1,1,1e-06,0.0
1,0.006319761276245117,1,1,1e-06,0.0
1,0.014903068542480469,1,1,1e-06,0.0
1,0.02646923065185547,1,1,1e-06,0.0
1,0.0034151077270507812,1,1,1e-06,0.0
1,0.002881288528442383,1,1,1e-06,0.0
1,0.0058209896087646484,1,1,1e-06,0.0
1,0.003290891647338867,1,1,1e-06,0.0
1,0.02217388153076172,1,1,1e-06,0.0
1,0.0026993751525878906,1,1,1e-06,0.0
1,0.0022687911987304688,1,1,1e-06,0.0
1,0.0028939247131347656,1,1,1e-06,0.0
1,0.006625652313232422,1,1,1e-06,0.0
1,0.004061222076416016,1,1,1e-06,0.0
1,0.0035812854766845703,1,1,1e-06,0.0
1,0.0021953582763671875,1,1,1e-06,0.0
1,0.003376483917236328,1,1,1e-06,0.0
1,0.036545753479003906,1,1,1e-06,0.0
1,0.0027549266815185547,1,1,1e-06,0.0
1,0.0065462589263916016,1,1,1e-06,0.0
1,0.0036284923553466797,1,1,1e-06,0.0
1,0.005356311798095703,1,1,1e-06,0.0
1,0.005796909332275391,1,1,1e-06,0.0
1,0.0025093555450439453,1,1,1e-06,0.0
1,0.002879619598388672,1,1,1e-06,0.0
1,0.002905130386352539,1,1,1e-06,0.0
1,0.0021729469299316406,1,1,1e-06,0.0
1,0.0027036666870117188,1,1,1e-06,0.0
1,0.002712726593017578,1,1,1e-06,0.0
1,0.002744436264038086,1,1,1e-06,0.0
1,0.014084100723266602,1,1,1e-06,0.0
1,0.03078603744506836,1,1,1e-06,0.0
1,0.0035386085510253906,1,1,1e-06,0.0
1,0.002710580825805664,1,1,1e-06,0.0
1,0.08127212524414062,1,1,1e-06,0.0
1,0.002049684524536133,1,1,1e-06,0.0
1,0.002552032470703125,1,1,1e-06,0.0
1,0.0024950504302978516,1,1,1e-06,0.0
1,0.0030870437622070312,1,1,1e-06,0.0
1,0.003360748291015625,1,1,1e-06,0.0
1,0.014205217361450195,1,1,1e-06,0.0
1,0.002680540084838867,1,1,1e-06,0.0
1,0.0031430721282958984,1,1,1e-06,0.0
1,0.0026335716247558594,1,1,1e-06,0.0
1,0.04152965545654297,1,1,1e-06,0.0
1,0.0028030872344970703,1,1,1e-06,0.0
1,0.0019130706787109375,1,1,1e-06,0.0
1,0.012953042984008789,1,1,1e-06,0.0
1,0.002588033676147461,1,1,1e-06,0.0
1,0.003123044967651367,1,1,1e-06,0.0
1,0.0023310184478759766,1,1,1e-06,0.0
1,0.003595113754272461,1,1,1e-06,0.0
1,0.002624988555908203,1,1,1e-06,0.0
1,0.0022187232971191406,1,1,1e-06,0.0
1,0.0022308826446533203,1,1,1e-06,0.0
1,0.0018680095672607422,1,1,1e-06,0.0
1,0.0022525787353515625,1,1,1e-06,0.0
1,0.0028619766235351562,1,1,1e-06,0.0
1,0.06638336181640625,1,1,1e-06,0.0
1,0.005615711212158203,1,1,1e-06,0.0
1,0.0028123855590820312,1,1,1e-06,0.0
1,0.0018949508666992188,1,1,1e-06,0.0
1,0.0022978782653808594,1,1,1e-06,0.0
1,0.0031371116638183594,1,1,1e-06,0.0
1,0.0023055076599121094,1,1,1e-06,0.0
1,0.002078533172607422,1,1,1e-06,0.0
1,0.0031774044036865234,1,1,1e-06,0.0
1,0.002721548080444336,1,1,1e-06,0.0
1,0.004550933837890625,1,1,1e-06,0.0
1,0.0023872852325439453,1,1,1e-06,0.0
1,0.0018603801727294922,1,1,1e-06,0.0
1,0.008695840835571289,1,1,1e-06,0.0
1,0.0057849884033203125,1,1,1e-06,0.0
1,0.003688812255859375,1,1,1e-06,0.0
1,0.003184795379638672,1,1,1e-06,0.0
1,0.014099359512329102,1,1,1e-06,0.0
1,0.0031380653381347656,1,1,1e-06,0.0
1,0.002528667449951172,1,1,1e-06,0.0
1,0.0025339126586914062,1,1,1e-06,0.0
1,0.002656221389770508,1,1,1e-06,0.0
1,0.013580083847045898,1,1,1e-06,0.0
1,0.03592944145202637,1,1,1e-06,0.0
1,0.0027320384979248047,1,1,1e-06,0.0
1,0.0036711692810058594,1,1,1e-06,0.0
1,0.0033609867095947266,1,1,1e-06,0.0
1,0.0027723312377929688,1,1,1e-06,0.0
1,0.002215862274169922,1,1,1e-06,0.0
1,0.0026352405548095703,1,1,1e-06,0.0
1,0.002472400665283203,1,1,1e-06,0.0
1,0.0020797252655029297,1,1,1e-06,0.0
1,0.0021581649780273438,1,1,1e-06,0.0
1,0.0026569366455078125,1,1,1e-06,0.0
1,0.002288341522216797,1,1,1e-06,0.0
1,0.0021975040435791016,1,1,1e-06,0.0
1,0.0022935867309570312,1,1,1e-06,0.0
1,0.01710963249206543,1,1,1e-06,0.0
1,0.0023963451385498047,1,1,1e-06,0.0
1,0.0025305747985839844,1,1,1e-06,0.0
1,0.008056640625,1,1,1e-06,0.0
1,0.002337217330932617,1,1,1e-06,0.0
1,0.002755880355834961,1,1,1e-06,0.0
1,0.005693674087524414,1,1,1e-06,0.0
1,0.0051386356353759766,1,1,1e-06,0.0
1,0.00519108772277832,1,1,1e-06,0.0
1,0.02217698097229004,1,1,1e-06,0.0
1,0.002789020538330078,1,1,1e-06,0.0
1,0.0025246143341064453,1,1,1e-06,0.0
1,0.005937099456787109,1,1,1e-06,0.0
1,0.016870737075805664,1,1,1e-06,0.0
1,0.0021924972534179688,1,1,1e-06,0.0
1,0.002464771270751953,1,1,1e-06,0.0
1,0.002608776092529297,1,1,1e-06,0.0
1,0.003349781036376953,1,1,1e-06,0.0
1,0.0030214786529541016,1,1,1e-06,0.0
1,0.003446817398071289,1,1,1e-06,0.0
1,0.004068613052368164,1,1,1e-06,0.0
1,0.004054546356201172,1,1,1e-06,0.0
1,0.006055355072021484,1,1,1e-06,0.0
1,0.004101991653442383,1,1,1e-06,0.0
1,0.0049479007720947266,1,1,1e-06,0.0
1,0.009272098541259766,1,1,1e-06,0.0
1,0.003083944320678711,1,1,1e-06,0.0
1,0.0040531158447265625,1,1,1e-06,0.0
1,0.005299568176269531,1,1,1e-06,0.0
1,0.004973411560058594,1,1,1e-06,0.0
1,0.004014253616333008,1,1,1e-06,0.0
1,0.0070819854736328125,1,1,1e-06,0.0
1,0.016947031021118164,1,1,1e-06,0.0
1,0.0024242401123046875,1,1,1e-06,0.0
1,0.005927324295043945,1,1,1e-06,0.0
1,0.0270993709564209,1,1,1e-06,0.0
1,0.004144191741943359,1,1,1e-06,0.0
1,0.005217552185058594,1,1,1e-06,0.0
1,0.0028619766235351562,1,1,1e-06,0.0
1,0.00790262222290039,1,1,1e-06,0.0
1,0.0021445751190185547,1,1,1e-06,0.0
1,0.002279520034790039,1,1,1e-06,0.0
1,0.012187004089355469,1,1,1e-06,0.0
1,0.002502918243408203,1,1,1e-06,0.0
1,0.0026979446411132812,1,1,1e-06,0.0
1,0.0019998550415039062,1,1,1e-06,0.0
1,0.036962032318115234,1,1,1e-06,0.0
1,0.002064943313598633,1,1,1e-06,0.0
1,0.004547834396362305,1,1,1e-06,0.0
1,0.002649068832397461,1,1,1e-06,0.0
1,0.0023305416107177734,1,1,1e-06,0.0
1,0.0026879310607910156,1,1,1e-06,0.0
1,0.003386974334716797,1,1,1e-06,0.0
1,0.04204082489013672,1,1,1e-06,0.0
1,0.0066564083099365234,1,1,1e-06,0.0
1,0.0022401809692382812,1,1,1e-06,0.0
1,0.0038008689880371094,1,1,1e-06,0.0
1,0.0035746097564697266,1,1,1e-06,0.0
1,0.004282236099243164,1,1,1e-06,0.0
1,0.002236604690551758,1,1,1e-06,0.0
1,0.0018007755279541016,1,1,1e-06,0.0
1,0.0018839836120605469,1,1,1e-06,0.0
1,0.002053499221801758,1,1,1e-06,0.0
1,0.0021202564239501953,1,1,1e-06,0.0
1,0.024179458618164062,1,1,1e-06,0.0
1,0.013552665710449219,1,1,1e-06,0.0
1,0.002695322036743164,1,1,1e-06,0.0
1,0.0020580291748046875,1,1,1e-06,0.0
1,0.004077911376953125,1,1,1e-06,0.0
1,0.002466917037963867,1,1,1e-06,0.0
1,0.002122163772583008,1,1,1e-06,0.0
1,0.0020134449005126953,1,1,1e-06,0.0
1,0.0016930103302001953,1,1,1e-06,0.0
1,0.0018537044525146484,1,1,1e-06,0.0
1,0.0020346641540527344,1,1,1e-06,0.0
1,0.1513218879699707,1,1,1e-06,0.0
1,0.003448963165283203,1,1,1e-06,0.0
1,0.0024306774139404297,1,1,1e-06,0.0
1,0.002100229263305664,1,1,1e-06,0.0
1,0.004792213439941406,1,1,1e-06,0.0
1,0.00529170036315918,1,1,1e-06,0.0
1,0.002197265625,1,1,1e-06,0.0
1,0.0020852088928222656,1,1,1e-06,0.0
1,0.001983165740966797,1,1,1e-06,0.0
1,0.004186391830444336,1,1,1e-06,0.0
1,0.002622365951538086,1,1,1e-06,0.0
1,0.002349853515625,1,1,1e-06,0.0
1,0.013934135437011719,1,1,1e-06,0.0
1,0.013041496276855469,1,1,1e-06,0.0
1,0.0035660266876220703,1,1,1e-06,0.0
1,0.0023338794708251953,1,1,1e-06,0.0
1,0.00226593017578125,1,1,1e-06,0.0
1,0.0021855831146240234,1,1,1e-06,0.0
1,0.0021784305572509766,1,1,1e-06,0.0
1,0.0031239986419677734,1,1,1e-06,0.0
1,0.003421783447265625,1,1,1e-06,0.0
1,0.0026636123657226562,1,1,1e-06,0.0
1,0.04055500030517578,1,1,1e-06,0.0
1,0.002494335174560547,1,1,1e-06,0.0
1,0.0018379688262939453,1,1,1e-06,0.0
1,0.002315998077392578,1,1,1e-06,0.0
1,0.012917041778564453,1,1,1e-06,0.0
1,0.00770258903503418,1,1,1e-06,0.0
1,0.0032706260681152344,1,1,1e-06,0.0
1,0.0031621456146240234,1,1,1e-06,0.0
1,0.004148721694946289,1,1,1e-06,0.0
1,0.0033724308013916016,1,1,1e-06,0.0
1,0.002117156982421875,1,1,1e-06,0.0
1,0.0026612281799316406,1,1,1e-06,0.0
1,0.0026023387908935547,1,1,1e-06,0.0
1,0.004561901092529297,1,1,1e-06,0.0
1,0.003966331481933594,1,1,1e-06,0.0
1,0.0040438175201416016,1,1,1e-06,0.0
1,0.003307342529296875,1,1,1e-06,0.0
1,0.00415349006652832,1,1,1e-06,0.0
1,0.004652976989746094,1,1,1e-06,0.0
1,0.004698753356933594,1,1,1e-06,0.0
1,0.00423431396484375,1,1,1e-06,0.0
1,0.005548238754272461,1,1,1e-06,0.0
1,0.009249210357666016,1,1,1e-06,0.0
1,0.004374980926513672,1,1,1e-06,0.0
1,0.004220008850097656,1,1,1e-06,0.0
1,0.006744861602783203,1,1,1e-06,0.0
1,0.044219017028808594,1,1,1e-06,0.0
1,0.0045282840728759766,1,1,1e-06,0.0
1,0.051906585693359375,1,1,1e-06,0.0
1,0.0022559165954589844,1,1,1e-06,0.0
1,0.0019385814666748047,1,1,1e-06,0.0
1,0.006592750549316406,1,1,1e-06,0.0
1,0.0022211074829101562,1,1,1e-06,0.0
1,0.002335786819458008,1,1,1e-06,0.0
1,0.0019271373748779297,1,1,1e-06,0.0
1,0.0019567012786865234,1,1,1e-06,0.0
1,0.002140045166015625,1,1,1e-06,0.0
1,0.0023643970489501953,1,1,1e-06,0.0
1,0.0020949840545654297,1,1,1e-06,0.0
1,0.0019497871398925781,1,1,1e-06,0.0
1,0.02122187614440918,1,1,1e-06,0.0
1,0.003011941909790039,1,1,1e-06,0.0
1,0.003056764602661133,1,1,1e-06,0.0
1,0.0029630661010742188,1,1,1e-06,0.0
1,0.002140045166015625,1,1,1e-06,0.0
1,0.0021753311157226562,1,1,1e-06,0.0
1,0.012835502624511719,1,1,1e-06,0.0
1,0.002245664596557617,1,1,1e-06,0.0
1,0.002742290496826172,1,1,1e-06,0.0
1,0.002524852752685547,1,1,1e-06,0.0
1,0.0022912025451660156,1,1,1e-06,0.0
1,0.0029969215393066406,1,1,1e-06,0.0
1,0.009200096130371094,1,1,1e-06,0.0
1,0.004412651062011719,1,1,1e-06,0.0
1,0.004184722900390625,1,1,1e-06,0.0
1,0.006048679351806641,1,1,1e-06,0.0
1,0.007340669631958008,1,1,1e-06,0.0
1,0.004219770431518555,1,1,1e-06,0.0
1,0.00499272346496582,1,1,1e-06,0.0
1,0.0026171207427978516,1,1,1e-06,0.0
1,0.02528238296508789,1,1,1e-06,0.0
1,0.0027632713317871094,1,1,1e-06,0.0
1,0.002965211868286133,1,1,1e-06,0.0
1,0.0027916431427001953,1,1,1e-06,0.0
1,0.005995750427246094,1,1,1e-06,0.0
1,0.0028853416442871094,1,1,1e-06,0.0
1,0.013167381286621094,1,1,1e-06,0.0
1,0.0049707889556884766,1,1,1e-06,0.0
1,0.002217531204223633,1,1,1e-06,0.0
1,0.005919456481933594,1,1,1e-06,0.0
1,0.007888317108154297,1,1,1e-06,0.0
1,0.0024123191833496094,1,1,1e-06,0.0
1,0.0021927356719970703,1,1,1e-06,0.0
1,0.0025739669799804688,1,1,1e-06,0.0
1,0.003630399703979492,1,1,1e-06,0.0
1,0.002812623977661133,1,1,1e-06,0.0
1,0.002556324005126953,1,1,1e-06,0.0
1,0.013359546661376953,1,1,1e-06,0.0
1,0.037996768951416016,1,1,1e-06,0.0
1,0.002543210983276367,1,1,1e-06,0.0
1,0.01859760284423828,1,1,1e-06,0.0
1,0.00254058837890625,1,1,1e-06,0.0
1,0.002523660659790039,1,1,1e-06,0.0
1,0.04898786544799805,1,1,1e-06,0.0
1,0.0022954940795898438,1,1,1e-06,0.0
1,0.0061397552490234375,1,1,1e-06,0.0
1,0.0024213790893554688,1,1,1e-06,0.0
1,0.005199909210205078,1,1,1e-06,0.0
1,0.0027844905853271484,1,1,1e-06,0.0
1,0.004282951354980469,1,1,1e-06,0.0
1,0.004705667495727539,1,1,1e-06,0.0
1,0.002869844436645508,1,1,1e-06,0.0
1,0.0020804405212402344,1,1,1e-06,0.0
1,0.02024054527282715,1,1,1e-06,0.0
1,0.004219770431518555,1,1,1e-06,0.0
1,0.004340410232543945,1,1,1e-06,0.0
1,0.08239078521728516,1,1,1e-06,0.0
1,0.0040438175201416016,1,1,1e-06,0.0
1,0.004119157791137695,1,1,1e-06,0.0
1,0.0032880306243896484,1,1,1e-06,0.0
1,0.009479045867919922,1,1,1e-06,0.0
1,0.003715991973876953,1,1,1e-06,0.0
1,0.008893966674804688,1,1,1e-06,0.0
1,0.0029680728912353516,1,1,1e-06,0.0
1,0.006316661834716797,1,1,1e-06,0.0
1,0.006830930709838867,1,1,1e-06,0.0
1,0.005072355270385742,1,1,1e-06,0.0
1,0.003823518753051758,1,1,1e-06,0.0
1,0.005883693695068359,1,1,1e-06,0.0
1,0.004389762878417969,1,1,1e-06,0.0
1,0.015460968017578125,1,1,1e-06,0.0
1,0.025957345962524414,1,1,1e-06,0.0
1,0.009936809539794922,1,1,1e-06,0.0
1,0.002784252166748047,1,1,1e-06,0.0
1,0.015350103378295898,1,1,1e-06,0.0
1,0.0037009716033935547,1,1,1e-06,0.0
1,0.010893583297729492,1,1,1e-06,0.0
1,0.004925966262817383,1,1,1e-06,0.0
1,0.006411075592041016,1,1,1e-06,0.0
1,0.005877971649169922,1,1,1e-06,0.0
1,0.04599785804748535,1,1,1e-06,0.0
1,0.13787436485290527,1,1,1e-06,0.0
1,0.004205942153930664,1,1,1e-06,0.0
1,0.0036792755126953125,1,1,1e-06,0.0
1,0.010601282119750977,1,1,1e-06,0.0
1,0.08641624450683594,1,1,1e-06,0.0
1,0.011239767074584961,1,1,1e-06,0.0
1,0.009424686431884766,1,1,1e-06,0.0
1,0.009076356887817383,1,1,1e-06,0.0
1,0.05836009979248047,1,1,1e-06,0.0
1,0.023892879486083984,1,1,1e-06,0.0
1,0.0030336380004882812,1,1,1e-06,0.0
1,0.0039958953857421875,1,1,1e-06,0.0
1,0.006788969039916992,1,1,1e-06,0.0
1,0.009603738784790039,1,1,1e-06,0.0
1,0.003907918930053711,1,1,1e-06,0.0
1,0.0038034915924072266,1,1,1e-06,0.0
1,0.0032546520233154297,1,1,1e-06,0.0
1,0.008497476577758789,1,1,1e-06,0.0
1,0.007055521011352539,1,1,1e-06,0.0
1,0.005263328552246094,1,1,1e-06,0.0
1,0.004522800445556641,1,1,1e-06,0.0
1,0.003704071044921875,1,1,1e-06,0.0
1,0.00439906120300293,1,1,1e-06,0.0
1,0.00389862060546875,1,1,1e-06,0.0
1,0.009122610092163086,1,1,1e-06,0.0
1,0.0045223236083984375,1,1,1e-06,0.0
1,0.003872394561767578,1,1,1e-06,0.0
1,0.005787372589111328,1,1,1e-06,0.0
1,0.003950357437133789,1,1,1e-06,0.0
1,0.004172801971435547,1,1,1e-06,0.0
1,0.003694772720336914,1,1,1e-06,0.0
1,0.0035865306854248047,1,1,1e-06,0.0
1,0.007975101470947266,1,1,1e-06,0.0
1,0.0053501129150390625,1,1,1e-06,0.0
1,0.0059947967529296875,1,1,1e-06,0.0
1,0.007440805435180664,1,1,1e-06,0.0
1,0.006137371063232422,1,1,1e-06,0.0
1,0.0036513805389404297,1,1,1e-06,0.0
1,0.004339933395385742,1,1,1e-06,0.0
1,0.004506111145019531,1,1,1e-06,0.0
1,0.0663149356842041,1,1,1e-06,0.0
1,0.003549814224243164,1,1,1e-06,0.0
1,0.010550737380981445,1,1,1e-06,0.0
1,0.006264448165893555,1,1,1e-06,0.0
1,0.0036416053771972656,1,1,1e-06,0.0
1,0.1276397705078125,1,1,1e-06,0.0
1,0.006582021713256836,1,1,1e-06,0.0
1,0.003938198089599609,1,1,1e-06,0.0
1,0.0026531219482421875,1,1,1e-06,0.0
1,0.0037724971771240234,1,1,1e-06,0.0
1,0.005280256271362305,1,1,1e-06,0.0
1,0.007170915603637695,1,1,1e-06,0.0
1,0.04055476188659668,1,1,1e-06,0.0
1,0.002632617950439453,1,1,1e-06,0.0
1,0.005960226058959961,1,1,1e-06,0.0
1,0.007742881774902344,1,1,1e-06,0.0
1,0.004834413528442383,1,1,1e-06,0.0
1,0.11442947387695312,1,1,1e-06,0.0
1,0.0028929710388183594,1,1,1e-06,0.0
1,0.01446223258972168,1,1,1e-06,0.0
1,0.0029566287994384766,1,1,1e-06,0.0
1,0.005356788635253906,1,1,1e-06,0.0
1,0.009253263473510742,1,1,1e-06,0.0
1,0.007838249206542969,1,1,1e-06,0.0
1,0.011188268661499023,1,1,1e-06,0.0
1,0.006841421127319336,1,1,1e-06,0.0
1,0.0637972354888916,1,1,1e-06,0.0
1,0.003391265869140625,1,1,1e-06,0.0
1,0.0058896541595458984,1,1,1e-06,0.0
1,0.0046269893646240234,1,1,1e-06,0.0
1,0.0045928955078125,1,1,1e-06,0.0
1,0.005219221115112305,1,1,1e-06,0.0
1,0.03668618202209473,1,1,1e-06,0.0
1,0.007356166839599609,1,1,1e-06,0.0
1,0.005976676940917969,1,1,1e-06,0.0
1,0.048006296157836914,1,1,1e-06,0.0
1,0.024201631546020508,1,1,1e-06,0.0
1,0.0043103694915771484,1,1,1e-06,0.0
1,0.009130239486694336,1,1,1e-06,0.0
1,0.005686283111572266,1,1,1e-06,0.0
1,0.011960506439208984,1,1,1e-06,0.0
1,0.004858255386352539,1,1,1e-06,0.0
1,0.012392282485961914,1,1,1e-06,0.0
1,0.003978729248046875,1,1,1e-06,0.0
1,0.014863729476928711,1,1,1e-06,0.0
1,0.03163433074951172,1,1,1e-06,0.0
1,0.010872602462768555,1,1,1e-06,0.0
1,0.1495671272277832,1,1,1e-06,0.0
1,0.01295328140258789,1,1,1e-06,0.0
1,0.05921339988708496,1,1,1e-06,0.0
1,0.11043715476989746,1,1,1e-06,0.0
1,0.005877256393432617,1,1,1e-06,0.0
1,0.055116891860961914,1,1,1e-06,0.0
1,0.7290778160095215,1,1,1e-06,0.0
1,0.0031986236572265625,1,1,1e-06,0.0
1,0.003957271575927734,1,1,1e-06,0.0
1,0.004031658172607422,1,1,1e-06,0.0
1,0.004046440124511719,1,1,1e-06,0.0
1,0.003072023391723633,1,1,1e-06,0.0
1,0.002889394760131836,1,1,1e-06,0.0
1,0.008156776428222656,1,1,1e-06,0.0
1,0.006508588790893555,1,1,1e-06,0.0
1,0.08062958717346191,1,1,1e-06,0.0
1,0.009103775024414062,1,1,1e-06,0.0
1,0.009682893753051758,1,1,1e-06,0.0
1,0.0038461685180664062,1,1,1e-06,0.0
1,0.012238025665283203,1,1,1e-06,0.0
1,0.003612995147705078,1,1,1e-06,0.0
1,0.012316226959228516,1,1,1e-06,0.0
1,0.010132551193237305,1,1,1e-06,0.0
1,0.012050867080688477,1,1,1e-06,0.0
1,0.005861759185791016,1,1,1e-06,0.0
1,0.004889965057373047,1,1,1e-06,0.0
1,0.011998176574707031,1,1,1e-06,0.0
1,0.004136562347412109,1,1,1e-06,0.0
1,0.047025442123413086,1,1,1e-06,0.0
1,0.004140138626098633,1,1,1e-06,0.0
1,0.005942821502685547,1,1,1e-06,0.0
1,0.00585627555847168,1,1,1e-06,0.0
1,0.005450725555419922,1,1,1e-06,0.0
1,0.004278421401977539,1,1,1e-06,0.0
1,0.003702402114868164,1,1,1e-06,0.0
1,0.03899121284484863,1,1,1e-06,0.0
1,0.004764556884765625,1,1,1e-06,0.0
1,0.0041620731353759766,1,1,1e-06,0.0
1,0.006994724273681641,1,1,1e-06,0.0
1,0.03998088836669922,1,1,1e-06,0.0
1,0.00626826286315918,1,1,1e-06,0.0
1,0.006943941116333008,1,1,1e-06,0.0
1,0.0038716793060302734,1,1,1e-06,0.0
1,0.004395961761474609,1,1,1e-06,0.0
1,0.009326696395874023,1,1,1e-06,0.0
1,0.005341768264770508,1,1,1e-06,0.0
1,0.010593891143798828,1,1,1e-06,0.0
1,0.0044403076171875,1,1,1e-06,0.0
1,0.002624034881591797,1,1,1e-06,0.0
1,0.0036933422088623047,1,1,1e-06,0.0
1,0.003488302230834961,1,1,1e-06,0.0
1,0.0040895938873291016,1,1,1e-06,0.0
1,0.02122211456298828,1,1,1e-06,0.0
1,0.008265495300292969,1,1,1e-06,0.0
1,0.0062656402587890625,1,1,1e-06,0.0
1,0.004360198974609375,1,1,1e-06,0.0
1,0.04566049575805664,1,1,1e-06,0.0
1,0.05941963195800781,1,1,1e-06,0.0
1,0.01205754280090332,1,1,1e-06,0.0
1,0.09240365028381348,1,1,1e-06,0.0
1,0.0043828487396240234,1,1,1e-06,0.0
1,0.0035822391510009766,1,1,1e-06,0.0
1,0.0035049915313720703,1,1,1e-06,0.0
1,0.008199691772460938,1,1,1e-06,0.0
1,0.004194974899291992,1,1,1e-06,0.0
1,0.011481046676635742,1,1,1e-06,0.0
1,0.10569357872009277,1,1,1e-06,0.0
1,0.0041234493255615234,1,1,1e-06,0.0
1,0.008356809616088867,1,1,1e-06,0.0
1,0.008797407150268555,1,1,1e-06,0.0
1,0.00848531723022461,1,1,1e-06,0.0
1,0.3531506061553955,1,1,1e-06,0.0
1,0.2885010242462158,1,1,1e-06,0.0
1,0.0037670135498046875,1,1,1e-06,0.0
1,0.014561653137207031,1,1,1e-06,0.0
1,0.19243812561035156,1,1,1e-06,0.0
1,0.00798177719116211,1,1,1e-06,0.0
1,0.003131866455078125,1,1,1e-06,0.0
1,0.007681369781494141,1,1,1e-06,0.0
1,0.014127016067504883,1,1,1e-06,0.0
1,0.004771232604980469,1,1,1e-06,0.0
1,0.01441812515258789,1,1,1e-06,0.0
1,0.004441499710083008,1,1,1e-06,0.0
1,0.010386466979980469,1,1,1e-06,0.0
1,0.005761623382568359,1,1,1e-06,0.0
1,0.01310586929321289,1,1,1e-06,0.0
1,0.003022909164428711,1,1,1e-06,0.0
1,0.0066070556640625,1,1,1e-06,0.0
1,0.003408670425415039,1,1,1e-06,0.0
1,0.00724339485168457,1,1,1e-06,0.0
1,0.06442952156066895,1,1,1e-06,0.0
1,0.006613254547119141,1,1,1e-06,0.0
1,0.003896951675415039,1,1,1e-06,0.0
1,0.010363101959228516,1,1,1e-06,0.0
1,0.08295750617980957,1,1,1e-06,0.0
1,0.08465409278869629,1,1,1e-06,0.0
1,0.006369590759277344,1,1,1e-06,0.0
1,0.3902089595794678,1,1,1e-06,0.0
1,0.12620830535888672,1,1,1e-06,0.0
1,0.015187263488769531,1,1,1e-06,0.0
1,0.015226364135742188,1,1,1e-06,0.0
1,0.03326082229614258,1,1,1e-06,0.0
1,0.00451350212097168,1,1,1e-06,0.0
1,0.008857250213623047,1,1,1e-06,0.0
1,0.003768444061279297,1,1,1e-06,0.0
1,0.014157295227050781,1,1,1e-06,0.0
1,0.005305290222167969,1,1,1e-06,0.0
1,0.21595430374145508,1,1,1e-06,0.0
1,0.005083799362182617,1,1,1e-06,0.0
1,0.008625984191894531,1,1,1e-06,0.0
1,0.005003690719604492,1,1,1e-06,0.0
1,0.012952804565429688,1,1,1e-06,0.0
1,0.007277727127075195,1,1,1e-06,0.0
1,0.3326389789581299,1,1,1e-06,0.0
1,0.003965616226196289,1,1,1e-06,0.0
1,0.08793783187866211,1,1,1e-06,0.0
1,0.013715982437133789,1,1,1e-06,0.0
1,0.014382600784301758,1,1,1e-06,0.0
1,0.015368938446044922,1,1,1e-06,0.0
1,0.014373779296875,1,1,1e-06,0.0
1,0.0036249160766601562,1,1,1e-06,0.0
1,0.011493921279907227,1,1,1e-06,0.0
1,0.018892765045166016,1,1,1e-06,0.0
1,0.0033330917358398438,1,1,1e-06,0.0
1,0.12094855308532715,1,1,1e-06,0.0
1,0.02900862693786621,1,1,1e-06,0.0
1,0.028924942016601562,1,1,1e-06,0.0
1,0.004373311996459961,1,1,1e-06,0.0
1,0.01405191421508789,1,1,1e-06,0.0
1,0.008062124252319336,1,1,1e-06,0.0
1,0.03637504577636719,1,1,1e-06,0.0
1,0.004727840423583984,1,1,1e-06,0.0
1,0.014607667922973633,1,1,1e-06,0.0
1,0.04238629341125488,1,1,1e-06,0.0
1,0.0135498046875,1,1,1e-06,0.0
1,0.12978911399841309,1,1,1e-06,0.0
1,0.09406256675720215,1,1,1e-06,0.0
1,0.010096549987792969,1,1,1e-06,0.0
1,0.004518032073974609,1,1,1e-06,0.0
1,0.012091398239135742,1,1,1e-06,0.0
1,0.022954940795898438,1,1,1e-06,0.0
1,0.021706819534301758,1,1,1e-06,0.0
1,0.007582426071166992,1,1,1e-06,0.0
1,0.01290273666381836,1,1,1e-06,0.0
1,0.06945633888244629,1,1,1e-06,0.0
1,0.010210990905761719,1,1,1e-06,0.0
1,0.0076177120208740234,1,1,1e-06,0.0
1,0.006367921829223633,1,1,1e-06,0.0
1,0.012629270553588867,1,1,1e-06,0.0
1,0.01728343963623047,1,1,1e-06,0.0
1,0.07711458206176758,1,1,1e-06,0.0
1,0.003546476364135742,1,1,1e-06,0.0
1,0.002671957015991211,1,1,1e-06,0.0
1,0.0056095123291015625,1,1,1e-06,0.0
1,0.01356649398803711,1,1,1e-06,0.0
1,0.0037078857421875,1,1,1e-06,0.0
1,0.003473997116088867,1,1,1e-06,0.0
1,0.0047910213470458984,1,1,1e-06,0.0
1,0.009665250778198242,1,1,1e-06,0.0
1,0.015610933303833008,1,1,1e-06,0.0
1,0.0069904327392578125,1,1,1e-06,0.0
1,0.021500110626220703,1,1,1e-06,0.0
1,0.012094974517822266,1,1,1e-06,0.0
1,0.0042743682861328125,1,1,1e-06,0.0
1,0.005964517593383789,1,1,1e-06,0.0
1,0.006148338317871094,1,1,1e-06,0.0
1,0.0028471946716308594,1,1,1e-06,0.0
1,0.004349231719970703,1,1,1e-06,0.0
1,0.03161120414733887,1,1,1e-06,0.0
1,0.006659269332885742,1,1,1e-06,0.0
1,0.008038520812988281,1,1,1e-06,0.0
1,0.008526086807250977,1,1,1e-06,0.0
1,0.02401876449584961,1,1,1e-06,0.0
1,0.011205911636352539,1,1,1e-06,0.0
1,0.004754304885864258,1,1,1e-06,0.0
1,0.0038466453552246094,1,1,1e-06,0.0
1,0.010775089263916016,1,1,1e-06,0.0
1,0.07087039947509766,1,1,1e-06,0.0
1,0.003288745880126953,1,1,1e-06,0.0
1,0.00719904899597168,1,1,1e-06,0.0
1,0.0034210681915283203,1,1,1e-06,0.0
1,0.00784444808959961,1,1,1e-06,0.0
1,0.005981922149658203,1,1,1e-06,0.0
1,0.0039942264556884766,1,1,1e-06,0.0
1,0.0038318634033203125,1,1,1e-06,0.0
1,0.2031111717224121,1,1,1e-06,0.0
1,0.0032510757446289062,1,1,1e-06,0.0
1,0.021981477737426758,1,1,1e-06,0.0
1,0.005409717559814453,1,1,1e-06,0.0
1,0.009468793869018555,1,1,1e-06,0.0
1,0.004312992095947266,1,1,1e-06,0.0
1,0.2567415237426758,1,1,1e-06,0.0
1,0.0065615177154541016,1,1,1e-06,0.0
1,0.00415802001953125,1,1,1e-06,0.0
1,0.016820192337036133,1,1,1e-06,0.0
1,0.028746604919433594,1,1,1e-06,0.0
1,0.01699090003967285,1,1,1e-06,0.0
1,0.005468130111694336,1,1,1e-06,0.0
1,0.012785196304321289,1,1,1e-06,0.0
1,0.0037162303924560547,1,1,1e-06,0.0
1,0.018271923065185547,1,1,1e-06,0.0
1,0.00927877426147461,1,1,1e-06,0.0
1,0.0046117305755615234,1,1,1e-06,0.0
1,0.005597352981567383,1,1,1e-06,0.0
1,0.0110626220703125,1,1,1e-06,0.0
1,0.003386974334716797,1,1,1e-06,0.0
1,0.012494802474975586,1,1,1e-06,0.0
1,0.037728071212768555,1,1,1e-06,0.0
1,0.004532814025878906,1,1,1e-06,0.0
1,0.005446195602416992,1,1,1e-06,0.0
1,0.00661921501159668,1,1,1e-06,0.0
1,0.004753828048706055,1,1,1e-06,0.0
1,0.004845380783081055,1,1,1e-06,0.0
1,0.02014923095703125,1,1,1e-06,0.0
1,0.1701200008392334,1,1,1e-06,0.0
1,0.0020046234130859375,1,1,1e-06,0.0
1,0.007183551788330078,1,1,1e-06,0.0
1,0.0036079883575439453,1,1,1e-06,0.0
1,0.0030388832092285156,1,1,1e-06,0.0
1,0.005639553070068359,1,1,1e-06,0.0
1,0.0045909881591796875,1,1,1e-06,0.0
1,0.0036542415618896484,1,1,1e-06,0.0
1,0.0030410289764404297,1,1,1e-06,0.0
1,0.002723217010498047,1,1,1e-06,0.0
1,0.004778146743774414,1,1,1e-06,0.0
1,0.0047740936279296875,1,1,1e-06,0.0
1,0.0033843517303466797,1,1,1e-06,0.0
1,0.007401466369628906,1,1,1e-06,0.0
1,0.06692337989807129,1,1,1e-06,0.0
1,0.003463268280029297,1,1,1e-06,0.0
1,0.0031723976135253906,1,1,1e-06,0.0
1,0.005210161209106445,1,1,1e-06,0.0
1,0.005495309829711914,1,1,1e-06,0.0
1,0.0043408870697021484,1,1,1e-06,0.0
1,0.0042705535888671875,1,1,1e-06,0.0
1,0.0039861202239990234,1,1,1e-06,0.0
1,0.0034487247467041016,1,1,1e-06,0.0
1,0.0050542354583740234,1,1,1e-06,0.0
1,0.060832977294921875,1,1,1e-06,0.0
1,0.004321098327636719,1,1,1e-06,0.0
1,0.004203081130981445,1,1,1e-06,0.0
1,0.0028388500213623047,1,1,1e-06,0.0
1,0.003841400146484375,1,1,1e-06,0.0
1,0.004927635192871094,1,1,1e-06,0.0
1,0.004018068313598633,1,1,1e-06,0.0
1,0.004508018493652344,1,1,1e-06,0.0
1,0.059932708740234375,1,1,1e-06,0.0
1,0.004617452621459961,1,1,1e-06,0.0
1,0.0031626224517822266,1,1,1e-06,0.0
1,0.005073070526123047,1,1,1e-06,0.0
1,0.0044476985931396484,1,1,1e-06,0.0
1,0.004642486572265625,1,1,1e-06,0.0
1,0.0025010108947753906,1,1,1e-06,0.0
1,0.007561206817626953,1,1,1e-06,0.0
1,0.003596067428588867,1,1,1e-06,0.0
1,0.003236532211303711,1,1,1e-06,0.0
1,0.009298086166381836,1,1,1e-06,0.0
1,0.007432460784912109,1,1,1e-06,0.0
1,0.006745100021362305,1,1,1e-06,0.0
1,0.005618095397949219,1,1,1e-06,0.0
1,0.020131826400756836,1,1,1e-06,0.0
1,0.004786968231201172,1,1,1e-06,0.0
1,0.0050389766693115234,1,1,1e-06,0.0
1,0.035002946853637695,1,1,1e-06,0.0
1,0.01263117790222168,1,1,1e-06,0.0
1,0.00403285026550293,1,1,1e-06,0.0
1,0.003216266632080078,1,1,1e-06,0.0
1,0.0033566951751708984,1,1,1e-06,0.0
1,0.0389556884765625,1,1,1e-06,0.0
1,0.003899812698364258,1,1,1e-06,0.0
1,0.004115581512451172,1,1,1e-06,0.0
1,0.005197763442993164,1,1,1e-06,0.0
1,0.004938364028930664,1,1,1e-06,0.0
1,0.003438711166381836,1,1,1e-06,0.0
1,0.003508329391479492,1,1,1e-06,0.0
1,0.005294084548950195,1,1,1e-06,0.0
1,0.004915952682495117,1,1,1e-06,0.0
1,0.0042552947998046875,1,1,1e-06,0.0
1,0.0026810169219970703,1,1,1e-06,0.0
1,0.003474712371826172,1,1,1e-06,0.0
1,0.02912116050720215,1,1,1e-06,0.0
1,0.004990339279174805,1,1,1e-06,0.0
1,0.017976999282836914,1,1,1e-06,0.0
1,0.003980398178100586,1,1,1e-06,0.0
1,0.007688999176025391,1,1,1e-06,0.0
1,0.11198115348815918,1,1,1e-06,0.0
1,0.00411534309387207,1,1,1e-06,0.0
1,0.0037462711334228516,1,1,1e-06,0.0
1,0.0033257007598876953,1,1,1e-06,0.0
1,0.007541656494140625,1,1,1e-06,0.0
1,0.005019664764404297,1,1,1e-06,0.0
1,0.12321758270263672,1,1,1e-06,0.0
1,0.11338925361633301,1,1,1e-06,0.0
1,0.0044057369232177734,1,1,1e-06,0.0
1,0.01723313331604004,1,1,1e-06,0.0
1,0.0040721893310546875,1,1,1e-06,0.0
1,0.009465217590332031,1,1,1e-06,0.0
1,0.023413896560668945,1,1,1e-06,0.0
1,0.008048057556152344,1,1,1e-06,0.0
1,0.003487110137939453,1,1,1e-06,0.0
1,0.00735020637512207,1,1,1e-06,0.0
1,0.004890918731689453,1,1,1e-06,0.0
1,0.005912065505981445,1,1,1e-06,0.0
1,0.07895064353942871,1,1,1e-06,0.0
1,0.18658804893493652,1,1,1e-06,0.0
1,0.022442102432250977,1,1,1e-06,0.0
1,0.0036725997924804688,1,1,1e-06,0.0
1,0.007216691970825195,1,1,1e-06,0.0
1,0.007008552551269531,1,1,1e-06,0.0
1,0.02281332015991211,1,1,1e-06,0.0
1,0.002487659454345703,1,1,1e-06,0.0
1,0.0038161277770996094,1,1,1e-06,0.0
1,0.015475749969482422,1,1,1e-06,0.0
1,0.004277467727661133,1,1,1e-06,0.0
1,0.0034868717193603516,1,1,1e-06,0.0
1,0.014291763305664062,1,1,1e-06,0.0
1,0.020674943923950195,1,1,1e-06,0.0
1,0.003869295120239258,1,1,1e-06,0.0
1,0.0024750232696533203,1,1,1e-06,0.0
1,0.0038039684295654297,1,1,1e-06,0.0
1,0.003405332565307617,1,1,1e-06,0.0
1,0.05663633346557617,1,1,1e-06,0.0
1,0.024173974990844727,1,1,1e-06,0.0
1,0.0047702789306640625,1,1,1e-06,0.0
1,0.0268862247467041,1,1,1e-06,0.0
1,0.09485602378845215,1,1,1e-06,0.0
1,0.035312652587890625,1,1,1e-06,0.0
0,1.0035912990570068,0,0,,0.0
1,0.003493785858154297,1,1,1e-06,0.0
1,0.04999566078186035,1,1,1e-06,0.0
1,0.0038297176361083984,1,1,1e-06,0.0
1,0.009475469589233398,1,1,1e-06,0.0
1,0.0025827884674072266,1,1,1e-06,0.0
1,0.003991842269897461,1,1,1e-06,0.0
1,0.47542667388916016,1,1,1e-06,0.0
1,0.0038471221923828125,1,1,1e-06,0.0
1,0.003903627395629883,1,1,1e-06,0.0
1,0.004101753234863281,1,1,1e-06,0.0
1,0.003137350082397461,1,1,1e-06,0.0
1,0.0391080379486084,1,1,1e-06,0.0
1,0.002802133560180664,1,1,1e-06,0.0
1,0.004494667053222656,1,1,1e-06,0.0
1,0.003891468048095703,1,1,1e-06,0.0
1,0.004274606704711914,1,1,1e-06,0.0
1,0.004823446273803711,1,1,1e-06,0.0
1,0.004166364669799805,1,1,1e-06,0.0
1,0.0033905506134033203,1,1,1e-06,0.0
1,0.0045032501220703125,1,1,1e-06,0.0
1,0.0041882991790771484,1,1,1e-06,0.0
1,0.04343271255493164,1,1,1e-06,0.0
1,0.021212339401245117,1,1,1e-06,0.0
1,0.004784345626831055,1,1,1e-06,0.0
1,0.02625131607055664,1,1,1e-06,0.0
1,0.0040264129638671875,1,1,1e-06,0.0
1,0.0034084320068359375,1,1,1e-06,0.0
1,0.0032329559326171875,1,1,1e-06,0.0
1,0.022217988967895508,1,1,1e-06,0.0
1,0.00667881965637207,1,1,1e-06,0.0
1,0.005057811737060547,1,1,1e-06,0.0
1,0.00836491584777832,1,1,1e-06,0.0
1,0.005751132965087891,1,1,1e-06,0.0
0,1.3380093574523926,0,0,,0.0
1,0.006220102310180664,1,1,1e-06,0.0
1,0.003579378128051758,1,1,1e-06,0.0
1,0.006283283233642578,1,1,1e-06,0.0
1,0.0040972232818603516,1,1,1e-06,0.0
1,0.0031104087829589844,1,1,1e-06,0.0
1,0.0041234493255615234,1,1,1e-06,0.0
1,0.0029752254486083984,1,1,1e-06,0.0
1,0.005507707595825195,1,1,1e-06,0.0
1,0.008465290069580078,1,1,1e-06,0.0
1,0.02461695671081543,1,1,1e-06,0.0
1,0.002868175506591797,1,1,1e-06,0.0
1,0.13087844848632812,1,1,1e-06,0.0
1,0.005410909652709961,1,1,1e-06,0.0
1,0.004238605499267578,1,1,1e-06,0.0
1,0.02013707160949707,1,1,1e-06,0.0
1,0.023494482040405273,1,1,1e-06,0.0
1,0.009574413299560547,1,1,1e-06,0.0
1,0.004463911056518555,1,1,1e-06,0.0
1,0.004221439361572266,1,1,1e-06,0.0
1,0.004575490951538086,1,1,1e-06,0.0
1,0.002704620361328125,1,1,1e-06,0.0
1,0.02856278419494629,1,1,1e-06,0.0
1,0.004408597946166992,1,1,1e-06,0.0
1,0.011924505233764648,1,1,1e-06,0.0
1,0.0046274662017822266,1,1,1e-06,0.0
1,0.003701925277709961,1,1,1e-06,0.0
1,0.01105046272277832,1,1,1e-06,0.0
1,0.004795551300048828,1,1,1e-06,0.0
1,0.004886150360107422,1,1,1e-06,0.0
1,0.00366973876953125,1,1,1e-06,0.0
1,0.005661725997924805,1,1,1e-06,0.0
1,0.008414268493652344,1,1,1e-06,0.0
1,0.052182912826538086,1,1,1e-06,0.0
1,0.005301713943481445,1,1,1e-06,0.0
1,0.0059049129486083984,1,1,1e-06,0.0
1,0.005540370941162109,1,1,1e-06,0.0
1,0.0032737255096435547,1,1,1e-06,0.0
1,0.004257678985595703,1,1,1e-06,0.0
1,0.0045397281646728516,1,1,1e-06,0.0
1,0.005870342254638672,1,1,1e-06,0.0
1,0.004870176315307617,1,1,1e-06,0.0
1,0.005758523941040039,1,1,1e-06,0.0
1,0.007119417190551758,1,1,1e-06,0.0
1,0.0039031505584716797,1,1,1e-06,0.0
1,0.06389808654785156,1,1,1e-06,0.0
1,0.06458520889282227,1,1,1e-06,0.0
1,0.003126382827758789,1,1,1e-06,0.0
1,0.0041675567626953125,1,1,1e-06,0.0
1,0.00530242919921875,1,1,1e-06,0.0
1,0.0025436878204345703,1,1,1e-06,0.0
1,0.008360862731933594,1,1,1e-06,0.0
1,0.003450632095336914,1,1,1e-06,0.0
1,0.0029201507568359375,1,1,1e-06,0.0
1,0.01345682144165039,1,1,1e-06,0.0
1,0.004317283630371094,1,1,1e-06,0.0
1,0.025863170623779297,1,1,1e-06,0.0
1,0.004766225814819336,1,1,1e-06,0.0
1,0.0055043697357177734,1,1,1e-06,0.0
1,0.01058650016784668,1,1,1e-06,0.0
1,0.007073163986206055,1,1,1e-06,0.0
1,0.003527402877807617,1,1,1e-06,0.0
1,0.0070269107818603516,1,1,1e-06,0.0
1,0.0061495304107666016,1,1,1e-06,0.0
1,0.05449700355529785,1,1,1e-06,0.0
1,0.05080819129943848,1,1,1e-06,0.0
1,0.003355741500854492,1,1,1e-06,0.0
1,0.0028488636016845703,1,1,1e-06,0.0
1,0.03537774085998535,1,1,1e-06,0.0
1,0.0030982494354248047,1,1,1e-06,0.0
1,0.0067446231842041016,1,1,1e-06,0.0
1,0.0054552555084228516,1,1,1e-06,0.0
1,0.00984644889831543,1,1,1e-06,0.0
1,0.0058019161224365234,1,1,1e-06,0.0
1,0.006119489669799805,1,1,1e-06,0.0
1,0.0033872127532958984,1,1,1e-06,0.0
1,0.006766796112060547,1,1,1e-06,0.0
1,0.007196664810180664,1,1,1e-06,0.0
1,0.006927013397216797,1,1,1e-06,0.0
1,0.004469394683837891,1,1,1e-06,0.0
1,0.003570079803466797,1,1,1e-06,0.0
1,0.012323617935180664,1,1,1e-06,0.0
1,0.007201433181762695,1,1,1e-06,0.0
1,0.0071375370025634766,1,1,1e-06,0.0
1,0.06448841094970703,1,1,1e-06,0.0
1,0.003049135208129883,1,1,1e-06,0.0
1,0.019658565521240234,1,1,1e-06,0.0
1,0.003813505172729492,1,1,1e-06,0.0
1,0.21541547775268555,1,1,1e-06,0.0
1,0.007525920867919922,1,1,1e-06,0.0
1,0.003324747085571289,1,1,1e-06,0.0
1,0.07409429550170898,1,1,1e-06,0.0
1,0.003345012664794922,1,1,1e-06,0.0
1,0.005593061447143555,1,1,1e-06,0.0
1,0.0038115978240966797,1,1,1e-06,0.0
1,0.00960397720336914,1,1,1e-06,0.0
1,0.004876852035522461,1,1,1e-06,0.0
1,0.005749702453613281,1,1,1e-06,0.0
1,0.0038383007049560547,1,1,1e-06,0.0
1,0.003062725067138672,1,1,1e-06,0.0
1,0.16014504432678223,1,1,1e-06,0.0
1,0.004068613052368164,1,1,1e-06,0.0
1,0.011282682418823242,1,1,1e-06,0.0
1,0.0052165985107421875,1,1,1e-06,0.0
1,0.006526947021484375,1,1,1e-06,0.0
1,0.006852149963378906,1,1,1e-06,0.0
1,0.003194570541381836,1,1,1e-06,0.0
1,0.014280080795288086,1,1,1e-06,0.0
1,0.004309892654418945,1,1,1e-06,0.0
1,0.11845660209655762,1,1,1e-06,0.0
1,0.00581669807434082,1,1,1e-06,0.0
1,0.007767438888549805,1,1,1e-06,0.0
1,0.003750324249267578,1,1,1e-06,0.0
1,0.00577235221862793,1,1,1e-06,0.0
1,0.08302640914916992,1,1,1e-06,0.0
1,0.007871150970458984,1,1,1e-06,0.0
1,0.004468679428100586,1,1,1e-06,0.0
1,0.013190031051635742,1,1,1e-06,0.0
1,0.004089832305908203,1,1,1e-06,0.0
1,0.003071308135986328,1,1,1e-06,0.0
1,0.004007577896118164,1,1,1e-06,0.0
1,0.0033795833587646484,1,1,1e-06,0.0
1,0.0045986175537109375,1,1,1e-06,0.0
1,0.0423884391784668,1,1,1e-06,0.0
1,0.03182268142700195,1,1,1e-06,0.0
1,0.004617214202880859,1,1,1e-06,0.0
1,0.003821134567260742,1,1,1e-06,0.0
1,0.046860694885253906,1,1,1e-06,0.0
1,0.0036818981170654297,1,1,1e-06,0.0
1,0.005239725112915039,1,1,1e-06,0.0
1,0.005330562591552734,1,1,1e-06,0.0
1,0.007277727127075195,1,1,1e-06,0.0
1,0.003359079360961914,1,1,1e-06,0.0
1,0.005225658416748047,1,1,1e-06,0.0
1,0.007039785385131836,1,1,1e-06,0.0
1,0.0034706592559814453,1,1,1e-06,0.0
1,0.005774021148681641,1,1,1e-06,0.0
1,0.0053272247314453125,1,1,1e-06,0.0
1,0.003951549530029297,1,1,1e-06,0.0
1,0.04182577133178711,1,1,1e-06,0.0
1,0.004402637481689453,1,1,1e-06,0.0
1,0.006794929504394531,1,1,1e-06,0.0
1,0.019419193267822266,1,1,1e-06,0.0
1,0.02692127227783203,1,1,1e-06,0.0
1,0.005259275436401367,1,1,1e-06,0.0
1,0.010325431823730469,1,1,1e-06,0.0
1,0.06589937210083008,1,1,1e-06,0.0
1,0.0031888484954833984,1,1,1e-06,0.0
1,0.005796194076538086,1,1,1e-06,0.0
1,0.008603334426879883,1,1,1e-06,0.0
1,0.005573272705078125,1,1,1e-06,0.0
1,0.0041158199310302734,1,1,1e-06,0.0
1,0.0050182342529296875,1,1,1e-06,0.0
1,0.006060361862182617,1,1,1e-06,0.0
1,0.005769491195678711,1,1,1e-06,0.0
1,0.00629734992980957,1,1,1e-06,0.0
1,0.0053615570068359375,1,1,1e-06,0.0
1,0.045885324478149414,1,1,1e-06,0.0
1,0.017214536666870117,1,1,1e-06,0.0
1,0.014202117919921875,1,1,1e-06,0.0
1,0.049247026443481445,1,1,1e-06,0.0
1,0.00462794303894043,1,1,1e-06,0.0
1,0.005633831024169922,1,1,1e-06,0.0
1,0.003353595733642578,1,1,1e-06,0.0
1,0.003087759017944336,1,1,1e-06,0.0
1,0.008411407470703125,1,1,1e-06,0.0
1,0.003885030746459961,1,1,1e-06,0.0
1,0.0024590492248535156,1,1,1e-06,0.0
1,0.010054349899291992,1,1,1e-06,0.0
1,0.04010748863220215,1,1,1e-06,0.0
1,0.004848003387451172,1,1,1e-06,0.0
1,0.003675699234008789,1,1,1e-06,0.0
1,0.009157896041870117,1,1,1e-06,0.0
1,0.003299236297607422,1,1,1e-06,0.0
1,0.003667116165161133,1,1,1e-06,0.0
1,0.08743596076965332,1,1,1e-06,0.0
1,0.0031189918518066406,1,1,1e-06,0.0
1,0.004247188568115234,1,1,1e-06,0.0
1,0.005635738372802734,1,1,1e-06,0.0
1,0.030102014541625977,1,1,1e-06,0.0
1,0.004143953323364258,1,1,1e-06,0.0
1,0.04760122299194336,1,1,1e-06,0.0
1,0.006144285202026367,1,1,1e-06,0.0
1,0.005694150924682617,1,1,1e-06,0.0
1,0.022556304931640625,1,1,1e-06,0.0
1,0.0032198429107666016,1,1,1e-06,0.0
1,0.031275272369384766,1,1,1e-06,0.0
1,0.005448341369628906,1,1,1e-06,0.0
1,0.005242347717285156,1,1,1e-06,0.0
1,0.0043256282806396484,1,1,1e-06,0.0
1,0.004971981048583984,1,1,1e-06,0.0
1,0.030163288116455078,1,1,1e-06,0.0
1,0.005095243453979492,1,1,1e-06,0.0
1,0.005317211151123047,1,1,1e-06,0.0
1,0.00538945198059082,1,1,1e-06,0.0
1,0.006239175796508789,1,1,1e-06,0.0
1,0.006565093994140625,1,1,1e-06,0.0
1,0.04839944839477539,1,1,1e-06,0.0
1,0.010742425918579102,1,1,1e-06,0.0
1,0.006507158279418945,1,1,1e-06,0.0
1,0.004513978958129883,1,1,1e-06,0.0
1,0.0032608509063720703,1,1,1e-06,0.0
1,0.005162954330444336,1,1,1e-06,0.0
1,0.007701873779296875,1,1,1e-06,0.0
1,0.003635406494140625,1,1,1e-06,0.0
1,0.0887000560760498,1,1,1e-06,0.0
1,0.0029604434967041016,1,1,1e-06,0.0
1,0.003835916519165039,1,1,1e-06,0.0
1,0.0038628578186035156,1,1,1e-06,0.0
1,0.005258083343505859,1,1,1e-06,0.0
1,0.021048545837402344,1,1,1e-06,0.0
1,0.004134178161621094,1,1,1e-06,0.0
1,0.004050493240356445,1,1,1e-06,0.0
1,0.07730793952941895,1,1,1e-06,0.0
1,0.0038461685180664062,1,1,1e-06,0.0
1,0.062462568283081055,1,1,1e-06,0.0
1,0.003789186477661133,1,1,1e-06,0.0
1,0.007023811340332031,1,1,1e-06,0.0
1,0.003498077392578125,1,1,1e-06,0.0
1,0.004439592361450195,1,1,1e-06,0.0
1,0.006508588790893555,1,1,1e-06,0.0
1,0.016750335693359375,1,1,1e-06,0.0
1,0.0029768943786621094,1,1,1e-06,0.0
1,0.005423784255981445,1,1,1e-06,0.0
1,0.002955913543701172,1,1,1e-06,0.0
1,0.22405409812927246,1,1,1e-06,0.0
1,0.0027637481689453125,1,1,1e-06,0.0
1,0.006461620330810547,1,1,1e-06,0.0
1,0.004002094268798828,1,1,1e-06,0.0
1,0.0031523704528808594,1,1,1e-06,0.0
1,0.0028808116912841797,1,1,1e-06,0.0
1,0.0036067962646484375,1,1,1e-06,0.0
1,0.00580143928527832,1,1,1e-06,0.0
1,0.0294191837310791,1,1,1e-06,0.0
1,0.007018566131591797,1,1,1e-06,0.0
1,0.00394749641418457,1,1,1e-06,0.0
1,0.003065347671508789,1,1,1e-06,0.0
1,0.0031061172485351562,1,1,1e-06,0.0
1,0.004368782043457031,1,1,1e-06,0.0
1,0.00567173957824707,1,1,1e-06,0.0
1,0.003930330276489258,1,1,1e-06,0.0
1,0.004032135009765625,1,1,1e-06,0.0
1,0.003223896026611328,1,1,1e-06,0.0
1,0.023532390594482422,1,1,1e-06,0.0
1,0.004655361175537109,1,1,1e-06,0.0
1,0.002441883087158203,1,1,1e-06,0.0
1,0.018635272979736328,1,1,1e-06,0.0
1,0.004044532775878906,1,1,1e-06,0.0
1,0.003790616989135742,1,1,1e-06,0.0
1,0.006666660308837891,1,1,1e-06,0.0
1,0.005489349365234375,1,1,1e-06,0.0
1,0.005759000778198242,1,1,1e-06,0.0
1,0.0044438838958740234,1,1,1e-06,0.0
1,0.0032279491424560547,1,1,1e-06,0.0
1,0.00500798225402832,1,1,1e-06,0.0
1,0.01011800765991211,1,1,1e-06,0.0
1,0.005265474319458008,1,1,1e-06,0.0
1,0.009824991226196289,1,1,1e-06,0.0
1,0.012717485427856445,1,1,1e-06,0.0
1,0.003545045852661133,1,1,1e-06,0.0
1,0.00397944450378418,1,1,1e-06,0.0
1,0.0035207271575927734,1,1,1e-06,0.0
1,0.003034830093383789,1,1,1e-06,0.0
1,0.004777193069458008,1,1,1e-06,0.0
1,0.007334232330322266,1,1,1e-06,0.0
1,0.004868507385253906,1,1,1e-06,0.0
1,0.05149269104003906,1,1,1e-06,0.0
1,0.004620790481567383,1,1,1e-06,0.0
1,0.0043354034423828125,1,1,1e-06,0.0
1,0.02681136131286621,1,1,1e-06,0.0
1,0.005173206329345703,1,1,1e-06,0.0
1,0.004628658294677734,1,1,1e-06,0.0
1,0.006224393844604492,1,1,1e-06,0.0
1,0.007237911224365234,1,1,1e-06,0.0
1,0.005133628845214844,1,1,1e-06,0.0
1,0.03625226020812988,1,1,1e-06,0.0
1,0.03806018829345703,1,1,1e-06,0.0
1,0.03091597557067871,1,1,1e-06,0.0
1,0.004044294357299805,1,1,1e-06,0.0
1,0.0063533782958984375,1,1,1e-06,0.0
1,0.004142284393310547,1,1,1e-06,0.0
1,0.0056416988372802734,1,1,1e-06,0.0
1,0.007306575775146484,1,1,1e-06,0.0
1,0.004898786544799805,1,1,1e-06,0.0
1,0.004142045974731445,1,1,1e-06,0.0
1,0.004235982894897461,1,1,1e-06,0.0
1,0.006375789642333984,1,1,1e-06,0.0
1,0.00435328483581543,1,1,1e-06,0.0
1,0.00496363639831543,1,1,1e-06,0.0
1,0.019272804260253906,1,1,1e-06,0.0
1,0.0031147003173828125,1,1,1e-06,0.0
1,0.022290945053100586,1,1,1e-06,0.0
1,0.00650787353515625,1,1,1e-06,0.0
1,0.013228893280029297,1,1,1e-06,0.0
1,0.003087759017944336,1,1,1e-06,0.0
1,0.021452903747558594,1,1,1e-06,0.0
1,0.006631374359130859,1,1,1e-06,0.0
1,0.03793525695800781,1,1,1e-06,0.0
1,0.005753278732299805,1,1,1e-06,0.0
1,0.002782583236694336,1,1,1e-06,0.0
1,0.007055997848510742,1,1,1e-06,0.0
1,0.004694461822509766,1,1,1e-06,0.0
1,0.0031003952026367188,1,1,1e-06,0.0
1,0.009895563125610352,1,1,1e-06,0.0
1,0.009939908981323242,1,1,1e-06,0.0
1,0.02317500114440918,1,1,1e-06,0.0
1,0.0072896480560302734,1,1,1e-06,0.0
1,0.010625839233398438,1,1,1e-06,0.0
1,0.0037310123443603516,1,1,1e-06,0.0
1,0.005346536636352539,1,1,1e-06,0.0
1,0.00803828239440918,1,1,1e-06,0.0
1,0.004500627517700195,1,1,1e-06,0.0
1,0.09682703018188477,1,1,1e-06,0.0
1,0.0040585994720458984,1,1,1e-06,0.0
1,0.054642438888549805,1,1,1e-06,0.0
1,0.08330559730529785,1,1,1e-06,0.0
1,0.003626108169555664,1,1,1e-06,0.0
1,0.0374455451965332,1,1,1e-06,0.0
1,0.05026531219482422,1,1,1e-06,0.0
1,0.021790742874145508,1,1,1e-06,0.0
1,0.0037152767181396484,1,1,1e-06,0.0
1,0.04387950897216797,1,1,1e-06,0.0
1,0.004450559616088867,1,1,1e-06,0.0
1,0.04010176658630371,1,1,1e-06,0.0
1,0.0028607845306396484,1,1,1e-06,0.0
1,0.07447052001953125,1,1,1e-06,0.0
1,0.004031658172607422,1,1,1e-06,0.0
1,0.005166769027709961,1,1,1e-06,0.0
1,0.007016897201538086,1,1,1e-06,0.0
1,0.003399372100830078,1,1,1e-06,0.0
1,0.015064239501953125,1,1,1e-06,0.0
1,0.015231847763061523,1,1,1e-06,0.0
1,0.016325950622558594,1,1,1e-06,0.0
1,0.02383732795715332,1,1,1e-06,0.0
1,0.008841753005981445,1,1,1e-06,0.0
1,0.009610891342163086,1,1,1e-06,0.0
1,0.008075237274169922,1,1,1e-06,0.0
1,0.009023189544677734,1,1,1e-06,0.0
1,0.008489608764648438,1,1,1e-06,0.0
1,0.008976221084594727,1,1,1e-06,0.0
1,0.0062482357025146484,1,1,1e-06,0.0
1,0.013193368911743164,1,1,1e-06,0.0
1,0.023535966873168945,1,1,1e-06,0.0
1,0.004298210144042969,1,1,1e-06,0.0
1,0.003488779067993164,1,1,1e-06,0.0
1,0.009765148162841797,1,1,1e-06,0.0
1,0.003520488739013672,1,1,1e-06,0.0
1,0.003053426742553711,1,1,1e-06,0.0
1,0.011194229125976562,1,1,1e-06,0.0
1,0.007407426834106445,1,1,1e-06,0.0
1,0.0043430328369140625,1,1,1e-06,0.0
1,0.0027627944946289062,1,1,1e-06,0.0
1,0.04746603965759277,1,1,1e-06,0.0
1,0.02094125747680664,1,1,1e-06,0.0
1,0.0037224292755126953,1,1,1e-06,0.0
1,0.015063285827636719,1,1,1e-06,0.0
1,0.003079652786254883,1,1,1e-06,0.0
1,0.005224943161010742,1,1,1e-06,0.0
1,0.048769235610961914,1,1,1e-06,0.0
1,0.01192927360534668,1,1,1e-06,0.0
1,0.0043048858642578125,1,1,1e-06,0.0
1,0.0040493011474609375,1,1,1e-06,0.0
1,0.0031538009643554688,1,1,1e-06,0.0
1,0.04082536697387695,1,1,1e-06,0.0
1,0.006484270095825195,1,1,1e-06,0.0
1,0.01686263084411621,1,1,1e-06,0.0
1,0.006077766418457031,1,1,1e-06,0.0
1,0.008183956146240234,1,1,1e-06,0.0
1,0.009305477142333984,1,1,1e-06,0.0
1,0.014047622680664062,1,1,1e-06,0.0
1,0.008214950561523438,1,1,1e-06,0.0
1,0.005449056625366211,1,1,1e-06,0.0
1,0.032460689544677734,1,1,1e-06,0.0
1,0.009044408798217773,1,1,1e-06,0.0
1,0.045415639877319336,1,1,1e-06,0.0
1,0.014925479888916016,1,1,1e-06,0.0
1,0.01636958122253418,1,1,1e-06,0.0
1,0.008842945098876953,1,1,1e-06,0.0
1,0.028779268264770508,1,1,1e-06,0.0
1,0.013383865356445312,1,1,1e-06,0.0
1,0.02345418930053711,1,1,1e-06,0.0
1,0.022010326385498047,1,1,1e-06,0.0
1,0.014066219329833984,1,1,1e-06,0.0
1,0.0036766529083251953,1,1,1e-06,0.0
1,0.013048648834228516,1,1,1e-06,0.0
1,0.00402522087097168,1,1,1e-06,0.0
1,0.01208353042602539,1,1,1e-06,0.0
1,0.00435638427734375,1,1,1e-06,0.0
1,0.012092113494873047,1,1,1e-06,0.0
1,0.00500798225402832,1,1,1e-06,0.0
1,0.010669708251953125,1,1,1e-06,0.0
1,0.002798318862915039,1,1,1e-06,0.0
1,0.05782794952392578,1,1,1e-06,0.0
1,0.00414586067199707,1,1,1e-06,0.0
1,0.0043599605560302734,1,1,1e-06,0.0
1,0.011381864547729492,1,1,1e-06,0.0
1,0.0037522315979003906,1,1,1e-06,0.0
1,0.004881381988525391,1,1,1e-06,0.0
1,0.0047986507415771484,1,1,1e-06,0.0
1,0.012532711029052734,1,1,1e-06,0.0
1,0.007965087890625,1,1,1e-06,0.0
1,0.003429889678955078,1,1,1e-06,0.0
1,0.011898517608642578,1,1,1e-06,0.0
1,0.003682851791381836,1,1,1e-06,0.0
1,0.0034742355346679688,1,1,1e-06,0.0
1,0.012699604034423828,1,1,1e-06,0.0
1,0.003582000732421875,1,1,1e-06,0.0
1,0.10017156600952148,1,1,1e-06,0.0
1,0.003545522689819336,1,1,1e-06,0.0
1,0.0032906532287597656,1,1,1e-06,0.0
1,0.0031974315643310547,1,1,1e-06,0.0
1,0.14330029487609863,1,1,1e-06,0.0
1,0.021338701248168945,1,1,1e-06,0.0
1,0.1718151569366455,1,1,1e-06,0.0
1,0.0042765140533447266,1,1,1e-06,0.0
1,0.012172698974609375,1,1,1e-06,0.0
1,0.03054046630859375,1,1,1e-06,0.0
1,0.04600667953491211,1,1,1e-06,0.0
1,0.003974199295043945,1,1,1e-06,0.0
1,0.0033435821533203125,1,1,1e-06,0.0
1,0.0068972110748291016,1,1,1e-06,0.0
1,0.027225017547607422,1,1,1e-06,0.0
1,0.007292509078979492,1,1,1e-06,0.0
1,0.007662773132324219,1,1,1e-06,0.0
1,0.02485942840576172,1,1,1e-06,0.0
1,0.005402088165283203,1,1,1e-06,0.0
1,0.004286766052246094,1,1,1e-06,0.0
1,0.004296064376831055,1,1,1e-06,0.0
1,0.0043985843658447266,1,1,1e-06,0.0
1,0.04038286209106445,1,1,1e-06,0.0
1,0.004763364791870117,1,1,1e-06,0.0
1,0.03042292594909668,1,1,1e-06,0.0
1,0.004726886749267578,1,1,1e-06,0.0
1,0.004356861114501953,1,1,1e-06,0.0
1,0.00406336784362793,1,1,1e-06,0.0
1,0.007910490036010742,1,1,1e-06,0.0
1,0.0044209957122802734,1,1,1e-06,0.0
1,0.0032606124877929688,1,1,1e-06,0.0
1,0.012493133544921875,1,1,1e-06,0.0
1,0.034265756607055664,1,1,1e-06,0.0
1,0.006395101547241211,1,1,1e-06,0.0
1,0.004868745803833008,1,1,1e-06,0.0
1,0.005015373229980469,1,1,1e-06,0.0
1,0.004294872283935547,1,1,1e-06,0.0
1,0.004847049713134766,1,1,1e-06,0.0
1,0.005097866058349609,1,1,1e-06,0.0
1,0.1143045425415039,1,1,1e-06,0.0
1,0.0032227039337158203,1,1,1e-06,0.0
1,0.007060527801513672,1,1,1e-06,0.0
1,0.005493640899658203,1,1,1e-06,0.0
1,0.0034360885620117188,1,1,1e-06,0.0
1,0.0060405731201171875,1,1,1e-06,0.0
1,0.015489816665649414,1,1,1e-06,0.0
1,0.03239607810974121,1,1,1e-06,0.0
1,0.028514862060546875,1,1,1e-06,0.0
1,0.009898662567138672,1,1,1e-06,0.0
1,0.0041768550872802734,1,1,1e-06,0.0
1,0.006148099899291992,1,1,1e-06,0.0
1,0.004399299621582031,1,1,1e-06,0.0
1,0.06587600708007812,1,1,1e-06,0.0
1,0.0031180381774902344,1,1,1e-06,0.0
1,0.008996009826660156,1,1,1e-06,0.0
1,0.003200531005859375,1,1,1e-06,0.0
1,0.10973548889160156,1,1,1e-06,0.0
1,0.003496885299682617,1,1,1e-06,0.0
1,0.0031807422637939453,1,1,1e-06,0.0
1,0.0028650760650634766,1,1,1e-06,0.0
1,0.002795696258544922,1,1,1e-06,0.0
1,0.0028634071350097656,1,1,1e-06,0.0
1,0.0025343894958496094,1,1,1e-06,0.0
1,0.002682924270629883,1,1,1e-06,0.0
1,0.009535551071166992,1,1,1e-06,0.0
1,0.00451970100402832,1,1,1e-06,0.0
1,0.03435969352722168,1,1,1e-06,0.0
1,0.0029685497283935547,1,1,1e-06,0.0
1,0.0042803287506103516,1,1,1e-06,0.0
1,0.005911827087402344,1,1,1e-06,0.0
1,0.004693746566772461,1,1,1e-06,0.0
1,0.002939939498901367,1,1,1e-06,0.0
1,0.011784076690673828,1,1,1e-06,0.0
1,0.005536317825317383,1,1,1e-06,0.0
1,0.0030853748321533203,1,1,1e-06,0.0
1,0.009107589721679688,1,1,1e-06,0.0
1,0.005734682083129883,1,1,1e-06,0.0
1,0.02683281898498535,1,1,1e-06,0.0
1,0.03394436836242676,1,1,1e-06,0.0
1,0.022832393646240234,1,1,1e-06,0.0
1,0.0034301280975341797,1,1,1e-06,0.0
1,0.01298213005065918,1,1,1e-06,0.0
1,0.0026557445526123047,1,1,1e-06,0.0
1,0.03233671188354492,1,1,1e-06,0.0
1,0.021682262420654297,1,1,1e-06,0.0
1,0.0024759769439697266,1,1,1e-06,0.0
1,0.003943920135498047,1,1,1e-06,0.0
1,0.01833367347717285,1,1,1e-06,0.0
1,0.0058040618896484375,1,1,1e-06,0.0
1,0.0028274059295654297,1,1,1e-06,0.0
1,0.1450796127319336,1,1,1e-06,0.0
1,0.0028076171875,1,1,1e-06,0.0
1,0.003184795379638672,1,1,1e-06,0.0
1,0.0030596256256103516,1,1,1e-06,0.0
1,0.0023648738861083984,1,1,1e-06,0.0
1,0.0030364990234375,1,1,1e-06,0.0
1,0.0033788681030273438,1,1,1e-06,0.0
1,0.004898786544799805,1,1,1e-06,0.0
1,0.003992557525634766,1,1,1e-06,0.0
1,0.03440976142883301,1,1,1e-06,0.0
1,0.01809549331665039,1,1,1e-06,0.0
1,0.057878732681274414,1,1,1e-06,0.0
1,0.0025882720947265625,1,1,1e-06,0.0
1,0.0035524368286132812,1,1,1e-06,0.0
1,0.003981351852416992,1,1,1e-06,0.0
1,0.0033414363861083984,1,1,1e-06,0.0
1,0.062206268310546875,1,1,1e-06,0.0
1,0.0039560794830322266,1,1,1e-06,0.0
1,0.01799774169921875,1,1,1e-06,0.0
1,0.0033702850341796875,1,1,1e-06,0.0
1,0.004105567932128906,1,1,1e-06,0.0
1,0.003972053527832031,1,1,1e-06,0.0
1,0.006853342056274414,1,1,1e-06,0.0
1,0.022609233856201172,1,1,1e-06,0.0
1,0.01678156852722168,1,1,1e-06,0.0
1,0.09168577194213867,1,1,1e-06,0.0
1,0.003387928009033203,1,1,1e-06,0.0
1,0.0033109188079833984,1,1,1e-06,0.0
1,0.0030286312103271484,1,1,1e-06,0.0
1,0.002554178237915039,1,1,1e-06,0.0
1,0.0030486583709716797,1,1,1e-06,0.0
1,0.06477904319763184,1,1,1e-06,0.0
1,0.0033540725708007812,1,1,1e-06,0.0
1,0.016438007354736328,1,1,1e-06,0.0
1,0.016376495361328125,1,1,1e-06,0.0
1,0.003010272979736328,1,1,1e-06,0.0
1,0.0062601566314697266,1,1,1e-06,0.0
1,0.06792020797729492,1,1,1e-06,0.0
1,0.005296230316162109,1,1,1e-06,0.0
1,0.014871835708618164,1,1,1e-06,0.0
1,0.002801656723022461,1,1,1e-06,0.0
1,0.0022542476654052734,1,1,1e-06,0.0
1,0.0026509761810302734,1,1,1e-06,0.0
1,0.0029447078704833984,1,1,1e-06,0.0
1,0.0027098655700683594,1,1,1e-06,0.0
1,0.0048105716705322266,1,1,1e-06,0.0
1,0.0028276443481445312,1,1,1e-06,0.0
1,0.003172159194946289,1,1,1e-06,0.0
1,0.004072904586791992,1,1,1e-06,0.0
1,0.003941535949707031,1,1,1e-06,0.0
1,0.0035805702209472656,1,1,1e-06,0.0
1,0.005407810211181641,1,1,1e-06,0.0
1,0.09572267532348633,1,1,1e-06,0.0
1,0.028918981552124023,1,1,1e-06,0.0
1,0.0027425289154052734,1,1,1e-06,0.0
1,0.009904146194458008,1,1,1e-06,0.0
1,0.0026183128356933594,1,1,1e-06,0.0
1,0.004243612289428711,1,1,1e-06,0.0
1,0.002703428268432617,1,1,1e-06,0.0
1,0.003594636917114258,1,1,1e-06,0.0
1,0.0022068023681640625,1,1,1e-06,0.0
1,0.0034046173095703125,1,1,1e-06,0.0
1,0.0028748512268066406,1,1,1e-06,0.0
1,0.03146505355834961,1,1,1e-06,0.0
1,0.003888368606567383,1,1,1e-06,0.0
1,0.017783641815185547,1,1,1e-06,0.0
1,0.0031800270080566406,1,1,1e-06,0.0
1,0.0033202171325683594,1,1,1e-06,0.0
1,0.00437164306640625,1,1,1e-06,0.0
1,0.004869699478149414,1,1,1e-06,0.0
1,0.005543231964111328,1,1,1e-06,0.0
1,0.003931522369384766,1,1,1e-06,0.0
1,0.005004405975341797,1,1,1e-06,0.0
1,0.0034034252166748047,1,1,1e-06,0.0
1,0.08161115646362305,1,1,1e-06,0.0
1,0.0038843154907226562,1,1,1e-06,0.0
1,0.033884525299072266,1,1,1e-06,0.0
1,0.0035746097564697266,1,1,1e-06,0.0
1,0.0034224987030029297,1,1,1e-06,0.0
1,0.003893613815307617,1,1,1e-06,0.0
1,0.02243971824645996,1,1,1e-06,0.0
1,0.005685567855834961,1,1,1e-06,0.0
1,0.0027129650115966797,1,1,1e-06,0.0
1,0.005106210708618164,1,1,1e-06,0.0
1,0.004385709762573242,1,1,1e-06,0.0
1,0.004938602447509766,1,1,1e-06,0.0
1,0.004297494888305664,1,1,1e-06,0.0
1,0.006312370300292969,1,1,1e-06,0.0
1,0.0034513473510742188,1,1,1e-06,0.0
1,0.005428314208984375,1,1,1e-06,0.0
1,0.034871578216552734,1,1,1e-06,0.0
1,0.004076242446899414,1,1,1e-06,0.0
1,0.005431175231933594,1,1,1e-06,0.0
1,0.0642542839050293,1,1,1e-06,0.0
1,0.00439000129699707,1,1,1e-06,0.0
1,0.003513813018798828,1,1,1e-06,0.0
1,0.002562999725341797,1,1,1e-06,0.0
1,0.016217947006225586,1,1,1e-06,0.0
1,0.0039136409759521484,1,1,1e-06,0.0
1,0.007436513900756836,1,1,1e-06,0.0
1,0.0025310516357421875,1,1,1e-06,0.0
1,0.0033130645751953125,1,1,1e-06,0.0
1,0.023403406143188477,1,1,1e-06,0.0
1,0.04528164863586426,1,1,1e-06,0.0
1,0.011757612228393555,1,1,1e-06,0.0
1,0.0036001205444335938,1,1,1e-06,0.0
1,0.01102137565612793,1,1,1e-06,0.0
1,0.009706258773803711,1,1,1e-06,0.0
1,0.005948305130004883,1,1,1e-06,0.0
1,0.004774808883666992,1,1,1e-06,0.0
1,0.006390094757080078,1,1,1e-06,0.0
1,0.006262779235839844,1,1,1e-06,0.0
1,0.005003690719604492,1,1,1e-06,0.0
1,0.0058939456939697266,1,1,1e-06,0.0
1,0.00509953498840332,1,1,1e-06,0.0
1,0.0052127838134765625,1,1,1e-06,0.0
1,0.007132053375244141,1,1,1e-06,0.0
1,0.011513710021972656,1,1,1e-06,0.0
1,0.007307767868041992,1,1,1e-06,0.0
1,0.0034418106079101562,1,1,1e-06,0.0
1,0.005716085433959961,1,1,1e-06,0.0
1,0.004736900329589844,1,1,1e-06,0.0
1,0.0050814151763916016,1,1,1e-06,0.0
1,0.0037436485290527344,1,1,1e-06,0.0
1,0.004046201705932617,1,1,1e-06,0.0
1,0.0026493072509765625,1,1,1e-06,0.0
1,0.005991697311401367,1,1,1e-06,0.0
1,0.02098822593688965,1,1,1e-06,0.0
1,0.0044460296630859375,1,1,1e-06,0.0
1,0.003004789352416992,1,1,1e-06,0.0
1,0.003613710403442383,1,1,1e-06,0.0
1,0.003391265869140625,1,1,1e-06,0.0
1,0.0033309459686279297,1,1,1e-06,0.0
1,0.0048749446868896484,1,1,1e-06,0.0
1,0.003504037857055664,1,1,1e-06,0.0
1,0.004229545593261719,1,1,1e-06,0.0
1,0.003223896026611328,1,1,1e-06,0.0
1,0.0034284591674804688,1,1,1e-06,0.0
1,0.006037473678588867,1,1,1e-06,0.0
1,0.004304409027099609,1,1,1e-06,0.0
1,0.0037369728088378906,1,1,1e-06,0.0
1,0.0030062198638916016,1,1,1e-06,0.0
1,0.0065991878509521484,1,1,1e-06,0.0
1,0.0046689510345458984,1,1,1e-06,0.0
1,0.002835512161254883,1,1,1e-06,0.0
1,0.0038063526153564453,1,1,1e-06,0.0
1,0.005276918411254883,1,1,1e-06,0.0
1,0.003621816635131836,1,1,1e-06,0.0
1,0.05651688575744629,1,1,1e-06,0.0
1,0.005036354064941406,1,1,1e-06,0.0
1,0.003915309906005859,1,1,1e-06,0.0
1,0.010861635208129883,1,1,1e-06,0.0
1,0.01571369171142578,1,1,1e-06,0.0
1,0.0031366348266601562,1,1,1e-06,0.0
1,0.002885103225708008,1,1,1e-06,0.0
1,0.0033867359161376953,1,1,1e-06,0.0
1,-0.14993906021118164,1,1,1e-06,0.0
1,0.0032978057861328125,1,1,1e-06,0.0
1,0.008638143539428711,1,1,1e-06,0.0
1,0.023954391479492188,1,1,1e-06,0.0
1,0.0022809505462646484,1,1,1e-06,0.0
1,0.0023984909057617188,1,1,1e-06,0.0
1,0.003122568130493164,1,1,1e-06,0.0
1,0.0033125877380371094,1,1,1e-06,0.0
1,0.0032203197479248047,1,1,1e-06,0.0
1,0.002481222152709961,1,1,1e-06,0.0
1,0.0022668838500976562,1,1,1e-06,0.0
1,0.0034754276275634766,1,1,1e-06,0.0
1,0.0028924942016601562,1,1,1e-06,0.0
1,0.0037603378295898438,1,1,1e-06,0.0
1,0.0036003589630126953,1,1,1e-06,0.0
1,0.0051577091217041016,1,1,1e-06,0.0
1,0.0030426979064941406,1,1,1e-06,0.0
1,0.002966165542602539,1,1,1e-06,0.0
1,0.004050016403198242,1,1,1e-06,0.0
1,0.0033257007598876953,1,1,1e-06,0.0
1,0.0034444332122802734,1,1,1e-06,0.0
1,0.003053903579711914,1,1,1e-06,0.0
1,0.004920482635498047,1,1,1e-06,0.0
1,0.003043651580810547,1,1,1e-06,0.0
1,0.004554271697998047,1,1,1e-06,0.0
1,0.0048732757568359375,1,1,1e-06,0.0
1,0.02385425567626953,1,1,1e-06,0.0
1,0.002161741256713867,1,1,1e-06,0.0
1,0.013714790344238281,1,1,1e-06,0.0
1,0.0030601024627685547,1,1,1e-06,0.0
1,0.00644373893737793,1,1,1e-06,0.0
1,0.0023665428161621094,1,1,1e-06,0.0
1,0.003445148468017578,1,1,1e-06,0.0
1,0.0026366710662841797,1,1,1e-06,0.0
1,0.0022826194763183594,1,1,1e-06,0.0
1,0.0035202503204345703,1,1,1e-06,0.0
1,0.003233194351196289,1,1,1e-06,0.0
1,0.003081798553466797,1,1,1e-06,0.0
1,0.0030078887939453125,1,1,1e-06,0.0
1,0.7306323051452637,1,1,1e-06,0.0
1,0.008231639862060547,1,1,1e-06,0.0
1,0.008104324340820312,1,1,1e-06,0.0
1,0.004613399505615234,1,1,1e-06,0.0
1,0.0036957263946533203,1,1,1e-06,0.0
1,0.0030269622802734375,1,1,1e-06,0.0
1,0.0038394927978515625,1,1,1e-06,0.0
1,0.004517555236816406,1,1,1e-06,0.0
1,0.004049062728881836,1,1,1e-06,0.0
1,0.0034050941467285156,1,1,1e-06,0.0
1,0.0028951168060302734,1,1,1e-06,0.0
1,0.003602266311645508,1,1,1e-06,0.0
1,0.003098726272583008,1,1,1e-06,0.0
1,0.004274129867553711,1,1,1e-06,0.0
1,0.0034279823303222656,1,1,1e-06,0.0
1,0.004247426986694336,1,1,1e-06,0.0
1,0.02825474739074707,1,1,1e-06,0.0
1,0.14454126358032227,1,1,1e-06,0.0
1,0.0029189586639404297,1,1,1e-06,0.0
1,0.006609916687011719,1,1,1e-06,0.0
1,0.004799365997314453,1,1,1e-06,0.0
1,0.0037338733673095703,1,1,1e-06,0.0
1,0.004649639129638672,1,1,1e-06,0.0
1,0.0040149688720703125,1,1,1e-06,0.0
1,0.003093242645263672,1,1,1e-06,0.0
1,0.004101991653442383,1,1,1e-06,0.0
1,0.0036728382110595703,1,1,1e-06,0.0
1,0.0047299861907958984,1,1,1e-06,0.0
1,0.009842634201049805,1,1,1e-06,0.0
1,0.007695674896240234,1,1,1e-06,0.0
1,0.005333662033081055,1,1,1e-06,0.0
1,0.0035614967346191406,1,1,1e-06,0.0
1,0.00944972038269043,1,1,1e-06,0.0
1,0.004368782043457031,1,1,1e-06,0.0
1,0.007226228713989258,1,1,1e-06,0.0
1,0.03521728515625,1,1,1e-06,0.0
1,0.0020847320556640625,1,1,1e-06,0.0
1,0.004944562911987305,1,1,1e-06,0.0
1,0.027382612228393555,1,1,1e-06,0.0
1,0.003578662872314453,1,1,1e-06,0.0
1,0.002449512481689453,1,1,1e-06,0.0
1,0.003656148910522461,1,1,1e-06,0.0
1,0.0037572383880615234,1,1,1e-06,0.0
1,0.003551006317138672,1,1,1e-06,0.0
1,0.004929304122924805,1,1,1e-06,0.0
1,0.004334449768066406,1,1,1e-06,0.0
1,0.004014492034912109,1,1,1e-06,0.0
1,0.09014248847961426,1,1,1e-06,0.0
1,0.00263214111328125,1,1,1e-06,0.0
1,0.0032634735107421875,1,1,1e-06,0.0
1,0.003351926803588867,1,1,1e-06,0.0
1,0.0028738975524902344,1,1,1e-06,0.0
1,0.003322124481201172,1,1,1e-06,0.0
1,0.0035583972930908203,1,1,1e-06,0.0
1,0.0036673545837402344,1,1,1e-06,0.0
1,0.0040471553802490234,1,1,1e-06,0.0
1,0.1835322380065918,1,1,1e-06,0.0
1,0.0020809173583984375,1,1,1e-06,0.0
1,0.002712726593017578,1,1,1e-06,0.0
1,0.003142833709716797,1,1,1e-06,0.0
1,0.0072784423828125,1,1,1e-06,0.0
1,0.00690460205078125,1,1,1e-06,0.0
1,0.002644062042236328,1,1,1e-06,0.0
1,0.053548574447631836,1,1,1e-06,0.0
1,0.003651857376098633,1,1,1e-06,0.0
1,0.0028634071350097656,1,1,1e-06,0.0
1,0.004114866256713867,1,1,1e-06,0.0
1,0.039507150650024414,1,1,1e-06,0.0
1,0.08848047256469727,1,1,1e-06,0.0
1,0.003668546676635742,1,1,1e-06,0.0
1,0.003310680389404297,1,1,1e-06,0.0
1,0.003917217254638672,1,1,1e-06,0.0
1,0.0038444995880126953,1,1,1e-06,0.0
1,0.003963947296142578,1,1,1e-06,0.0
1,0.00447845458984375,1,1,1e-06,0.0
1,0.04740405082702637,1,1,1e-06,0.0
1,0.0030443668365478516,1,1,1e-06,0.0
1,0.003075838088989258,1,1,1e-06,0.0
1,0.03419065475463867,1,1,1e-06,0.0
1,0.034914493560791016,1,1,1e-06,0.0
1,0.00412297248840332,1,1,1e-06,0.0
1,0.00415492057800293,1,1,1e-06,0.0
1,0.014105081558227539,1,1,1e-06,0.0
1,0.006880998611450195,1,1,1e-06,0.0
1,0.0038285255432128906,1,1,1e-06,0.0
1,0.07190680503845215,1,1,1e-06,0.0
1,0.0030684471130371094,1,1,1e-06,0.0
1,0.007220745086669922,1,1,1e-06,0.0
1,0.0030481815338134766,1,1,1e-06,0.0
1,0.08484578132629395,1,1,1e-06,0.0
1,0.0061130523681640625,1,1,1e-06,0.0
1,0.009231328964233398,1,1,1e-06,0.0
1,0.002980470657348633,1,1,1e-06,0.0
1,0.021268844604492188,1,1,1e-06,0.0
1,0.0020914077758789062,1,1,1e-06,0.0
1,0.002408266067504883,1,1,1e-06,0.0
1,0.10048937797546387,1,1,1e-06,0.0
1,0.004034280776977539,1,1,1e-06,0.0
1,0.030417203903198242,1,1,1e-06,0.0
1,0.006906270980834961,1,1,1e-06,0.0
1,0.023993730545043945,1,1,1e-06,0.0
1,0.003885984420776367,1,1,1e-06,0.0
1,0.0051174163818359375,1,1,1e-06,0.0
1,0.09157252311706543,1,1,1e-06,0.0
1,0.0573427677154541,1,1,1e-06,0.0
1,0.0043756961822509766,1,1,1e-06,0.0
1,0.012020111083984375,1,1,1e-06,0.0
1,0.027555227279663086,1,1,1e-06,0.0
1,0.004110097885131836,1,1,1e-06,0.0
1,0.012668371200561523,1,1,1e-06,0.0
1,0.004843950271606445,1,1,1e-06,0.0
1,0.01210927963256836,1,1,1e-06,0.0
1,0.003132343292236328,1,1,1e-06,0.0
1,0.0031249523162841797,1,1,1e-06,0.0
1,0.0032002925872802734,1,1,1e-06,0.0
1,0.005975484848022461,1,1,1e-06,0.0
1,0.0040509700775146484,1,1,1e-06,0.0
1,0.003750324249267578,1,1,1e-06,0.0
1,0.02109360694885254,1,1,1e-06,0.0
1,0.011045217514038086,1,1,1e-06,0.0
1,0.002931833267211914,1,1,1e-06,0.0
1,0.005560398101806641,1,1,1e-06,0.0
1,0.009007453918457031,1,1,1e-06,0.0
1,0.005656719207763672,1,1,1e-06,0.0
1,0.004340171813964844,1,1,1e-06,0.0
1,0.0058176517486572266,1,1,1e-06,0.0
1,0.00396275520324707,1,1,1e-06,0.0
1,0.005342960357666016,1,1,1e-06,0.0
1,0.004906415939331055,1,1,1e-06,0.0
1,0.009280920028686523,1,1,1e-06,0.0
1,0.0046694278717041016,1,1,1e-06,0.0
1,0.13313961029052734,1,1,1e-06,0.0
1,0.006219625473022461,1,1,1e-06,0.0
1,0.020970821380615234,1,1,1e-06,0.0
1,0.003484010696411133,1,1,1e-06,0.0
1,0.021500825881958008,1,1,1e-06,0.0
1,0.004881620407104492,1,1,1e-06,0.0
1,0.0037026405334472656,1,1,1e-06,0.0
1,0.010916471481323242,1,1,1e-06,0.0
1,0.010349035263061523,1,1,1e-06,0.0
1,0.0054166316986083984,1,1,1e-06,0.0
1,0.004404306411743164,1,1,1e-06,0.0
1,0.007071495056152344,1,1,1e-06,0.0
1,0.08486747741699219,1,1,1e-06,0.0
1,0.3050107955932617,1,1,1e-06,0.0
1,0.0029103755950927734,1,1,1e-06,0.0
1,0.002938985824584961,1,1,1e-06,0.0
1,0.04139137268066406,1,1,1e-06,0.0
1,0.004606008529663086,1,1,1e-06,0.0
1,0.0037620067596435547,1,1,1e-06,0.0
1,0.0034630298614501953,1,1,1e-06,0.0
1,0.0028886795043945312,1,1,1e-06,0.0
1,0.0034046173095703125,1,1,1e-06,0.0
1,0.002979278564453125,1,1,1e-06,0.0
1,0.010439395904541016,1,1,1e-06,0.0
1,0.004746675491333008,1,1,1e-06,0.0
1,0.004179716110229492,1,1,1e-06,0.0
1,0.004119396209716797,1,1,1e-06,0.0
1,0.004671335220336914,1,1,1e-06,0.0
1,0.02038860321044922,1,1,1e-06,0.0
1,0.012514114379882812,1,1,1e-06,0.0
1,0.003200531005859375,1,1,1e-06,0.0
1,0.002858400344848633,1,1,1e-06,0.0
1,0.025340795516967773,1,1,1e-06,0.0
1,0.020686864852905273,1,1,1e-06,0.0
1,0.009288549423217773,1,1,1e-06,0.0
1,0.002819061279296875,1,1,1e-06,0.0
1,0.013893604278564453,1,1,1e-06,0.0
1,0.007374286651611328,1,1,1e-06,0.0
1,0.007892131805419922,1,1,1e-06,0.0
1,0.060312747955322266,1,1,1e-06,0.0
1,0.0024242401123046875,1,1,1e-06,0.0
1,0.005528688430786133,1,1,1e-06,0.0
1,0.005091667175292969,1,1,1e-06,0.0
1,0.004330873489379883,1,1,1e-06,0.0
1,0.0050084590911865234,1,1,1e-06,0.0
1,0.0030062198638916016,1,1,1e-06,0.0
1,0.006696462631225586,1,1,1e-06,0.0
1,0.0031740665435791016,1,1,1e-06,0.0
1,0.0034685134887695312,1,1,1e-06,0.0
1,0.0036458969116210938,1,1,1e-06,0.0
1,0.004027366638183594,1,1,1e-06,0.0
1,0.05339622497558594,1,1,1e-06,0.0
1,0.003989458084106445,1,1,1e-06,0.0
1,0.004912376403808594,1,1,1e-06,0.0
1,0.004182100296020508,1,1,1e-06,0.0
1,0.02248692512512207,1,1,1e-06,0.0
1,0.005312204360961914,1,1,1e-06,0.0
1,0.003256082534790039,1,1,1e-06,0.0
1,0.009155750274658203,1,1,1e-06,0.0
1,0.004586458206176758,1,1,1e-06,0.0
1,0.029865264892578125,1,1,1e-06,0.0
1,0.0036835670471191406,1,1,1e-06,0.0
1,0.004183292388916016,1,1,1e-06,0.0
1,0.004422664642333984,1,1,1e-06,0.0
1,0.0026657581329345703,1,1,1e-06,0.0
1,0.0034868717193603516,1,1,1e-06,0.0
1,0.0036706924438476562,1,1,1e-06,0.0
1,0.006807088851928711,1,1,1e-06,0.0
1,0.005819082260131836,1,1,1e-06,0.0
1,0.003368377685546875,1,1,1e-06,0.0
1,0.003094911575317383,1,1,1e-06,0.0
1,0.008371829986572266,1,1,1e-06,0.0
1,0.007296562194824219,1,1,1e-06,0.0
1,0.0041887760162353516,1,1,1e-06,0.0
1,0.04854726791381836,1,1,1e-06,0.0
1,0.004251241683959961,1,1,1e-06,0.0
1,0.003846406936645508,1,1,1e-06,0.0
1,0.0030660629272460938,1,1,1e-06,0.0
1,0.002836942672729492,1,1,1e-06,0.0
1,0.0036859512329101562,1,1,1e-06,0.0
1,0.003248453140258789,1,1,1e-06,0.0
1,0.0036270618438720703,1,1,1e-06,0.0
1,0.0071179866790771484,1,1,1e-06,0.0
1,0.0062923431396484375,1,1,1e-06,0.0
1,0.008917570114135742,1,1,1e-06,0.0
1,0.004103899002075195,1,1,1e-06,0.0
1,0.0041043758392333984,1,1,1e-06,0.0
1,0.003909111022949219,1,1,1e-06,0.0
1,0.004610776901245117,1,1,1e-06,0.0
1,0.006788015365600586,1,1,1e-06,0.0
1,0.0029549598693847656,1,1,1e-06,0.0
1,0.0029993057250976562,1,1,1e-06,0.0
1,0.003997087478637695,1,1,1e-06,0.0
1,0.005243778228759766,1,1,1e-06,0.0
1,0.0034101009368896484,1,1,1e-06,0.0
1,0.004031181335449219,1,1,1e-06,0.0
1,0.003139972686767578,1,1,1e-06,0.0
1,0.003801107406616211,1,1,1e-06,0.0
1,0.003648042678833008,1,1,1e-06,0.0
1,0.005682706832885742,1,1,1e-06,0.0
1,0.03299117088317871,1,1,1e-06,0.0
1,0.0042612552642822266,1,1,1e-06,0.0
1,0.005056619644165039,1,1,1e-06,0.0
1,0.007814407348632812,1,1,1e-06,0.0
1,0.004206657409667969,1,1,1e-06,0.0
1,0.0049669742584228516,1,1,1e-06,0.0
1,0.008496761322021484,1,1,1e-06,0.0
1,0.0034837722778320312,1,1,1e-06,0.0
1,0.004125356674194336,1,1,1e-06,0.0
1,0.002797842025756836,1,1,1e-06,0.0
1,0.03064107894897461,1,1,1e-06,0.0
1,0.0033855438232421875,1,1,1e-06,0.0
1,0.0030977725982666016,1,1,1e-06,0.0
1,0.003789186477661133,1,1,1e-06,0.0
1,0.008875608444213867,1,1,1e-06,0.0
1,0.0028133392333984375,1,1,1e-06,0.0
1,0.0046617984771728516,1,1,1e-06,0.0
1,0.0036737918853759766,1,1,1e-06,0.0
1,0.07214212417602539,1,1,1e-06,0.0
1,0.004235267639160156,1,1,1e-06,0.0
1,0.004157066345214844,1,1,1e-06,0.0
1,0.003103971481323242,1,1,1e-06,0.0
1,0.003676176071166992,1,1,1e-06,0.0
1,0.0033659934997558594,1,1,1e-06,0.0
1,0.0025310516357421875,1,1,1e-06,0.0
1,0.0035474300384521484,1,1,1e-06,0.0
1,0.0032684803009033203,1,1,1e-06,0.0
1,0.0074977874755859375,1,1,1e-06,0.0
1,0.0035207271575927734,1,1,1e-06,0.0
1,0.024654626846313477,1,1,1e-06,0.0
1,0.009975194931030273,1,1,1e-06,0.0
1,0.0077860355377197266,1,1,1e-06,0.0
1,0.0032091140747070312,1,1,1e-06,0.0
1,0.0031969547271728516,1,1,1e-06,0.0
1,0.06988835334777832,1,1,1e-06,0.0
1,0.013821125030517578,1,1,1e-06,0.0
1,0.0037233829498291016,1,1,1e-06,0.0
1,0.0026977062225341797,1,1,1e-06,0.0
1,0.005063533782958984,1,1,1e-06,0.0
1,0.0028634071350097656,1,1,1e-06,0.0
1,0.010277032852172852,1,1,1e-06,0.0
1,0.0028951168060302734,1,1,1e-06,0.0
1,0.021550893783569336,1,1,1e-06,0.0
1,0.004172086715698242,1,1,1e-06,0.0
1,0.00307464599609375,1,1,1e-06,0.0
1,0.0031778812408447266,1,1,1e-06,0.0
1,0.024295568466186523,1,1,1e-06,0.0
1,0.004362344741821289,1,1,1e-06,0.0
1,0.0038285255432128906,1,1,1e-06,0.0
1,0.003795623779296875,1,1,1e-06,0.0
1,0.04888582229614258,1,1,1e-06,0.0
1,0.003882884979248047,1,1,1e-06,0.0
1,0.0033266544342041016,1,1,1e-06,0.0
1,0.0041501522064208984,1,1,1e-06,0.0
1,0.0052487850189208984,1,1,1e-06,0.0
1,0.004229068756103516,1,1,1e-06,0.0
1,0.0031409263610839844,1,1,1e-06,0.0
1,0.007802486419677734,1,1,1e-06,0.0
1,0.0769648551940918,1,1,1e-06,0.0
1,0.010013341903686523,1,1,1e-06,0.0
1,0.0028166770935058594,1,1,1e-06,0.0
1,0.0034186840057373047,1,1,1e-06,0.0
1,0.023206472396850586,1,1,1e-06,0.0
1,0.0033736228942871094,1,1,1e-06,0.0
1,0.0031735897064208984,1,1,1e-06,0.0
1,0.0027120113372802734,1,1,1e-06,0.0
1,0.0029430389404296875,1,1,1e-06,0.0
1,0.006234407424926758,1,1,1e-06,0.0
1,0.0030558109283447266,1,1,1e-06,0.0
1,0.02718067169189453,1,1,1e-06,0.0
1,0.0028505325317382812,1,1,1e-06,0.0
1,0.0214536190032959,1,1,1e-06,0.0
1,0.002275228500366211,1,1,1e-06,0.0
1,0.005738258361816406,1,1,1e-06,0.0
1,0.0029251575469970703,1,1,1e-06,0.0
1,0.006425380706787109,1,1,1e-06,0.0
1,0.002071380615234375,1,1,1e-06,0.0
1,0.005884647369384766,1,1,1e-06,0.0
1,0.0035829544067382812,1,1,1e-06,0.0
1,0.004075050354003906,1,1,1e-06,0.0
1,0.03558707237243652,1,1,1e-06,0.0
1,0.016429901123046875,1,1,1e-06,0.0
1,0.0025124549865722656,1,1,1e-06,0.0
1,0.002431154251098633,1,1,1e-06,0.0
1,0.0027856826782226562,1,1,1e-06,0.0
1,0.004107952117919922,1,1,1e-06,0.0
1,0.004014492034912109,1,1,1e-06,0.0
1,0.003591775894165039,1,1,1e-06,0.0
1,0.003142118453979492,1,1,1e-06,0.0
1,0.0029218196868896484,1,1,1e-06,0.0
1,0.006183147430419922,1,1,1e-06,0.0
1,0.0067539215087890625,1,1,1e-06,0.0
1,0.003833293914794922,1,1,1e-06,0.0
1,0.014201164245605469,1,1,1e-06,0.0
1,0.0036776065826416016,1,1,1e-06,0.0
1,0.0029549598693847656,1,1,1e-06,0.0
1,0.0036606788635253906,1,1,1e-06,0.0
1,0.002749919891357422,1,1,1e-06,0.0
1,0.002613067626953125,1,1,1e-06,0.0
1,0.005458831787109375,1,1,1e-06,0.0
1,0.004563093185424805,1,1,1e-06,0.0
1,0.06143808364868164,1,1,1e-06,0.0
1,0.002879619598388672,1,1,1e-06,0.0
1,0.11982893943786621,1,1,1e-06,0.0
1,0.03157830238342285,1,1,1e-06,0.0
1,0.006737947463989258,1,1,1e-06,0.0
1,0.11285281181335449,1,1,1e-06,0.0
1,0.0036427974700927734,1,1,1e-06,0.0
1,0.003142833709716797,1,1,1e-06,0.0
1,0.010284423828125,1,1,1e-06,0.0
1,0.007853269577026367,1,1,1e-06,0.0
1,0.0037355422973632812,1,1,1e-06,0.0
1,0.022866487503051758,1,1,1e-06,0.0
1,0.002661466598510742,1,1,1e-06,0.0
1,0.19466423988342285,1,1,1e-06,0.0
1,0.004763364791870117,1,1,1e-06,0.0
1,0.06872177124023438,1,1,1e-06,0.0
1,0.0029044151306152344,1,1,1e-06,0.0
1,0.0036783218383789062,1,1,1e-06,0.0
1,0.0025849342346191406,1,1,1e-06,0.0
1,0.0030503273010253906,1,1,1e-06,0.0
1,0.0026683807373046875,1,1,1e-06,0.0
1,0.03136277198791504,1,1,1e-06,0.0
1,0.024330854415893555,1,1,1e-06,0.0
1,0.004383563995361328,1,1,1e-06,0.0
1,0.006654500961303711,1,1,1e-06,0.0
1,0.004374265670776367,1,1,1e-06,0.0
1,0.00518488883972168,1,1,1e-06,0.0
1,0.003904104232788086,1,1,1e-06,0.0
1,0.0043108463287353516,1,1,1e-06,0.0
1,0.00408625602722168,1,1,1e-06,0.0
1,0.004597187042236328,1,1,1e-06,0.0
1,0.004449367523193359,1,1,1e-06,0.0
1,0.008214712142944336,1,1,1e-06,0.0
1,0.02619004249572754,1,1,1e-06,0.0
1,0.008813142776489258,1,1,1e-06,0.0
1,0.004638671875,1,1,1e-06,0.0
1,0.0042383670806884766,1,1,1e-06,0.0
1,0.002566814422607422,1,1,1e-06,0.0
1,0.0033111572265625,1,1,1e-06,0.0
1,0.003983497619628906,1,1,1e-06,0.0
1,0.010113000869750977,1,1,1e-06,0.0
1,0.004000425338745117,1,1,1e-06,0.0
1,0.003470897674560547,1,1,1e-06,0.0
1,0.05127429962158203,1,1,1e-06,0.0
1,0.011594057083129883,1,1,1e-06,0.0
1,0.005806446075439453,1,1,1e-06,0.0
1,0.013140201568603516,1,1,1e-06,0.0
1,0.008665084838867188,1,1,1e-06,0.0
1,0.003831624984741211,1,1,1e-06,0.0
1,0.006783723831176758,1,1,1e-06,0.0
1,0.00466156005859375,1,1,1e-06,0.0
1,0.0035958290100097656,1,1,1e-06,0.0
1,0.02851557731628418,1,1,1e-06,0.0
1,0.002579212188720703,1,1,1e-06,0.0
1,0.007552146911621094,1,1,1e-06,0.0
1,0.006161928176879883,1,1,1e-06,0.0
1,0.008722066879272461,1,1,1e-06,0.0
1,0.00749659538269043,1,1,1e-06,0.0
1,0.006542205810546875,1,1,1e-06,0.0
1,0.004538297653198242,1,1,1e-06,0.0
1,0.004452705383300781,1,1,1e-06,0.0
1,0.0034422874450683594,1,1,1e-06,0.0
1,0.006126880645751953,1,1,1e-06,0.0
1,0.00412750244140625,1,1,1e-06,0.0
1,0.003361940383911133,1,1,1e-06,0.0
1,0.03800177574157715,1,1,1e-06,0.0
1,0.0037267208099365234,1,1,1e-06,0.0
1,0.0032117366790771484,1,1,1e-06,0.0
1,0.005261659622192383,1,1,1e-06,0.0
1,0.05963325500488281,1,1,1e-06,0.0
1,0.0850679874420166,1,1,1e-06,0.0
1,0.0026085376739501953,1,1,1e-06,0.0
1,0.019536495208740234,1,1,1e-06,0.0
1,0.007714271545410156,1,1,1e-06,0.0
1,0.003040790557861328,1,1,1e-06,0.0
1,0.10319852828979492,1,1,1e-06,0.0
1,0.002241849899291992,1,1,1e-06,0.0
1,0.003999233245849609,1,1,1e-06,0.0
1,0.06427812576293945,1,1,1e-06,0.0
1,0.009400606155395508,1,1,1e-06,0.0
1,0.019966602325439453,1,1,1e-06,0.0
1,0.09546279907226562,1,1,1e-06,0.0
1,0.006218671798706055,1,1,1e-06,0.0
1,0.0029587745666503906,1,1,1e-06,0.0
1,0.004163980484008789,1,1,1e-06,0.0
0,1.0061533451080322,0,0,,0.0
1,0.004209041595458984,1,1,1e-06,0.0
1,0.004244565963745117,1,1,1e-06,0.0
1,0.004921674728393555,1,1,1e-06,0.0
1,0.018225431442260742,1,1,1e-06,0.0
1,0.005904674530029297,1,1,1e-06,0.0
1,0.006279706954956055,1,1,1e-06,0.0
1,0.0040509700775146484,1,1,1e-06,0.0
1,0.0034782886505126953,1,1,1e-06,0.0
1,0.0041768550872802734,1,1,1e-06,0.0
1,0.0050432682037353516,1,1,1e-06,0.0
1,0.002428293228149414,1,1,1e-06,0.0
1,0.0031616687774658203,1,1,1e-06,0.0
1,0.027614593505859375,1,1,1e-06,0.0
1,0.006913661956787109,1,1,1e-06,0.0
1,0.0048182010650634766,1,1,1e-06,0.0
1,0.004216670989990234,1,1,1e-06,0.0
1,0.003663778305053711,1,1,1e-06,0.0
1,0.002996683120727539,1,1,1e-06,0.0
1,0.002839326858520508,1,1,1e-06,0.0
1,0.006505489349365234,1,1,1e-06,0.0
1,0.05233335494995117,1,1,1e-06,0.0
1,0.005996227264404297,1,1,1e-06,0.0
1,0.004628896713256836,1,1,1e-06,0.0
1,0.004193782806396484,1,1,1e-06,0.0
1,0.004738807678222656,1,1,1e-06,0.0
1,0.003759622573852539,1,1,1e-06,0.0
1,0.0041692256927490234,1,1,1e-06,0.0
1,0.0032219886779785156,1,1,1e-06,0.0
1,0.0034983158111572266,1,1,1e-06,0.0
1,0.003465414047241211,1,1,1e-06,0.0
1,0.00667572021484375,1,1,1e-06,0.0
1,0.004212141036987305,1,1,1e-06,0.0
1,0.006732463836669922,1,1,1e-06,0.0
1,0.0034966468811035156,1,1,1e-06,0.0
1,0.00474095344543457,1,1,1e-06,0.0
1,0.005170583724975586,1,1,1e-06,0.0
1,0.0036363601684570312,1,1,1e-06,0.0
1,0.0038776397705078125,1,1,1e-06,0.0
1,0.011992216110229492,1,1,1e-06,0.0
1,0.003119230270385742,1,1,1e-06,0.0
1,0.006159067153930664,1,1,1e-06,0.0
1,0.004678487777709961,1,1,1e-06,0.0
1,0.0066547393798828125,1,1,1e-06,0.0
1,0.004575490951538086,1,1,1e-06,0.0
1,0.0037937164306640625,1,1,1e-06,0.0
1,0.0052449703216552734,1,1,1e-06,0.0
1,0.0038094520568847656,1,1,1e-06,0.0
1,0.005942106246948242,1,1,1e-06,0.0
1,0.006540536880493164,1,1,1e-06,0.0
1,0.005551338195800781,1,1,1e-06,0.0
1,0.005430459976196289,1,1,1e-06,0.0
1,0.02871870994567871,1,1,1e-06,0.0
1,0.0036246776580810547,1,1,1e-06,0.0
1,0.0027124881744384766,1,1,1e-06,0.0
1,0.006256580352783203,1,1,1e-06,0.0
1,0.004733562469482422,1,1,1e-06,0.0
1,0.005021333694458008,1,1,1e-06,0.0
1,0.0061724185943603516,1,1,1e-06,0.0
1,0.0037932395935058594,1,1,1e-06,0.0
1,0.0058002471923828125,1,1,1e-06,0.0
1,0.022828102111816406,1,1,1e-06,0.0
1,0.004568576812744141,1,1,1e-06,0.0
1,0.0042154788970947266,1,1,1e-06,0.0
1,0.0028314590454101562,1,1,1e-06,0.0
1,0.06867837905883789,1,1,1e-06,0.0
1,0.003509044647216797,1,1,1e-06,0.0
1,0.0029251575469970703,1,1,1e-06,0.0
1,0.002735614776611328,1,1,1e-06,0.0
1,0.003967761993408203,1,1,1e-06,0.0
1,0.0037696361541748047,1,1,1e-06,0.0
1,0.004179239273071289,1,1,1e-06,0.0
1,0.005005359649658203,1,1,1e-06,0.0
1,0.003495931625366211,1,1,1e-06,0.0
1,0.002293825149536133,1,1,1e-06,0.0
1,0.023186206817626953,1,1,1e-06,0.0
1,0.004064083099365234,1,1,1e-06,0.0
1,0.006116628646850586,1,1,1e-06,0.0
1,0.004164934158325195,1,1,1e-06,0.0
1,0.003022432327270508,1,1,1e-06,0.0
1,0.004872798919677734,1,1,1e-06,0.0
1,0.003131866455078125,1,1,1e-06,0.0
1,0.003880023956298828,1,1,1e-06,0.0
1,0.002802610397338867,1,1,1e-06,0.0
1,0.021277666091918945,1,1,1e-06,0.0
1,0.0029265880584716797,1,1,1e-06,0.0
1,0.00398707389831543,1,1,1e-06,0.0
1,0.030308961868286133,1,1,1e-06,0.0
1,0.04715299606323242,1,1,1e-06,0.0
1,0.003753185272216797,1,1,1e-06,0.0
1,0.00460505485534668,1,1,1e-06,0.0
1,0.018805980682373047,1,1,1e-06,0.0
1,0.005007028579711914,1,1,1e-06,0.0
1,0.003742694854736328,1,1,1e-06,0.0
1,0.0036950111389160156,1,1,1e-06,0.0
1,0.02970147132873535,1,1,1e-06,0.0
1,0.003378629684448242,1,1,1e-06,0.0
1,0.0040740966796875,1,1,1e-06,0.0
1,0.12593555450439453,1,1,1e-06,0.0
1,0.02788543701171875,1,1,1e-06,0.0
1,0.0062830448150634766,1,1,1e-06,0.0
1,0.02924370765686035,1,1,1e-06,0.0
1,0.0035257339477539062,1,1,1e-06,0.0
1,0.01725912094116211,1,1,1e-06,0.0
1,0.0034363269805908203,1,1,1e-06,0.0
1,0.0044558048248291016,1,1,1e-06,0.0
1,0.0054433345794677734,1,1,1e-06,0.0
1,0.005956888198852539,1,1,1e-06,0.0
1,0.005457878112792969,1,1,1e-06,0.0
1,0.004724979400634766,1,1,1e-06,0.0
1,0.004045248031616211,1,1,1e-06,0.0
1,0.0033483505249023438,1,1,1e-06,0.0
1,0.004235506057739258,1,1,1e-06,0.0
1,0.00480341911315918,1,1,1e-06,0.0
1,0.004804849624633789,1,1,1e-06,0.0
1,0.003927469253540039,1,1,1e-06,0.0
1,0.007953405380249023,1,1,1e-06,0.0
1,0.006581306457519531,1,1,1e-06,0.0
1,0.03960609436035156,1,1,1e-06,0.0
1,0.004435062408447266,1,1,1e-06,0.0
1,0.009391546249389648,1,1,1e-06,0.0
1,0.004505634307861328,1,1,1e-06,0.0
1,0.0038442611694335938,1,1,1e-06,0.0
1,0.00356292724609375,1,1,1e-06,0.0
1,0.003241300582885742,1,1,1e-06,0.0
1,0.03797125816345215,1,1,1e-06,0.0
1,0.0031731128692626953,1,1,1e-06,0.0
1,0.0030667781829833984,1,1,1e-06,0.0
1,0.0031096935272216797,1,1,1e-06,0.0
1,0.0031151771545410156,1,1,1e-06,0.0
1,0.026342391967773438,1,1,1e-06,0.0
1,0.00305938720703125,1,1,1e-06,0.0
1,0.0027425289154052734,1,1,1e-06,0.0
1,0.0035500526428222656,1,1,1e-06,0.0
1,0.0070879459381103516,1,1,1e-06,0.0
1,0.0032711029052734375,1,1,1e-06,0.0
1,0.004854440689086914,1,1,1e-06,0.0
1,0.003969430923461914,1,1,1e-06,0.0
1,0.02585315704345703,1,1,1e-06,0.0
1,0.003996133804321289,1,1,1e-06,0.0
1,0.0032205581665039062,1,1,1e-06,0.0
1,0.004445075988769531,1,1,1e-06,0.0
1,0.022456645965576172,1,1,1e-06,0.0
1,0.0029718875885009766,1,1,1e-06,0.0
1,0.0038166046142578125,1,1,1e-06,0.0
1,0.003564119338989258,1,1,1e-06,0.0
1,0.004830837249755859,1,1,1e-06,0.0
1,0.0039141178131103516,1,1,1e-06,0.0
1,0.0048639774322509766,1,1,1e-06,0.0
1,0.004850149154663086,1,1,1e-06,0.0
1,0.011643409729003906,1,1,1e-06,0.0
1,0.0039331912994384766,1,1,1e-06,0.0
1,0.005085468292236328,1,1,1e-06,0.0
1,0.037775278091430664,1,1,1e-06,0.0
1,0.0032122135162353516,1,1,1e-06,0.0
1,0.030446767807006836,1,1,1e-06,0.0
1,0.004492044448852539,1,1,1e-06,0.0
1,0.0030968189239501953,1,1,1e-06,0.0
1,0.005007266998291016,1,1,1e-06,0.0
1,0.004729270935058594,1,1,1e-06,0.0
1,0.0034532546997070312,1,1,1e-06,0.0
1,0.0033049583435058594,1,1,1e-06,0.0
1,0.004433870315551758,1,1,1e-06,0.0
1,0.0038390159606933594,1,1,1e-06,0.0
1,0.003539562225341797,1,1,1e-06,0.0
1,0.004204988479614258,1,1,1e-06,0.0
1,0.004561901092529297,1,1,1e-06,0.0
1,0.003983736038208008,1,1,1e-06,0.0
1,0.00886988639831543,1,1,1e-06,0.0
1,0.002989530563354492,1,1,1e-06,0.0
1,0.0023431777954101562,1,1,1e-06,0.0
1,0.002839326858520508,1,1,1e-06,0.0
1,0.036390066146850586,1,1,1e-06,0.0
1,0.006705522537231445,1,1,1e-06,0.0
1,0.00473785400390625,1,1,1e-06,0.0
1,0.004480838775634766,1,1,1e-06,0.0
1,0.004788637161254883,1,1,1e-06,0.0
1,0.00609588623046875,1,1,1e-06,0.0
1,0.014072418212890625,1,1,1e-06,0.0
1,0.003556966781616211,1,1,1e-06,0.0
1,0.005758047103881836,1,1,1e-06,0.0
1,0.0030279159545898438,1,1,1e-06,0.0
1,0.0032761096954345703,1,1,1e-06,0.0
1,0.01563858985900879,1,1,1e-06,0.0
1,0.004914045333862305,1,1,1e-06,0.0
1,0.12426471710205078,1,1,1e-06,0.0
1,0.003287076950073242,1,1,1e-06,0.0
1,0.0035262107849121094,1,1,1e-06,0.0
1,0.0030455589294433594,1,1,1e-06,0.0
1,0.0021588802337646484,1,1,1e-06,0.0
1,0.0024650096893310547,1,1,1e-06,0.0
1,0.007453203201293945,1,1,1e-06,0.0
1,0.0032813549041748047,1,1,1e-06,0.0
1,0.01183462142944336,1,1,1e-06,0.0
1,0.004877805709838867,1,1,1e-06,0.0
1,0.003071308135986328,1,1,1e-06,0.0
1,0.003748655319213867,1,1,1e-06,0.0
1,0.0036628246307373047,1,1,1e-06,0.0
1,0.0025017261505126953,1,1,1e-06,0.0
1,0.005131244659423828,1,1,1e-06,0.0
1,0.0036399364471435547,1,1,1e-06,0.0
1,0.0030090808868408203,1,1,1e-06,0.0
1,0.004204273223876953,1,1,1e-06,0.0
1,0.003677845001220703,1,1,1e-06,0.0
1,0.00482487678527832,1,1,1e-06,0.0
1,0.014909982681274414,1,1,1e-06,0.0
1,0.031916141510009766,1,1,1e-06,0.0
1,0.05719494819641113,1,1,1e-06,0.0
1,0.003339052200317383,1,1,1e-06,0.0
1,0.03999447822570801,1,1,1e-06,0.0
1,0.002670764923095703,1,1,1e-06,0.0
1,0.0028448104858398438,1,1,1e-06,0.0
1,0.002676248550415039,1,1,1e-06,0.0
1,0.008107185363769531,1,1,1e-06,0.0
1,0.003091573715209961,1,1,1e-06,0.0
1,0.002737283706665039,1,1,1e-06,0.0
1,0.004307746887207031,1,1,1e-06,0.0
1,0.017826080322265625,1,1,1e-06,0.0
1,0.0027837753295898438,1,1,1e-06,0.0
1,0.003685474395751953,1,1,1e-06,0.0
1,0.006744861602783203,1,1,1e-06,0.0
1,0.005638837814331055,1,1,1e-06,0.0
1,0.01794910430908203,1,1,1e-06,0.0
1,0.004450082778930664,1,1,1e-06,0.0
1,0.0035123825073242188,1,1,1e-06,0.0
1,0.007043600082397461,1,1,1e-06,0.0
1,0.0063283443450927734,1,1,1e-06,0.0
1,0.015105485916137695,1,1,1e-06,0.0
1,0.003916025161743164,1,1,1e-06,0.0
1,0.0030117034912109375,1,1,1e-06,0.0
1,0.0030515193939208984,1,1,1e-06,0.0
1,0.0042226314544677734,1,1,1e-06,0.0
1,0.0025322437286376953,1,1,1e-06,0.0
1,0.004523754119873047,1,1,1e-06,0.0
1,0.003996610641479492,1,1,1e-06,0.0
1,0.006134033203125,1,1,1e-06,0.0
1,0.003333568572998047,1,1,1e-06,0.0
1,0.024775028228759766,1,1,1e-06,0.0
1,0.003862142562866211,1,1,1e-06,0.0
1,0.0041065216064453125,1,1,1e-06,0.0
1,0.01759171485900879,1,1,1e-06,0.0
1,0.0036292076110839844,1,1,1e-06,0.0
1,0.0030846595764160156,1,1,1e-06,0.0
1,0.0039365291595458984,1,1,1e-06,0.0
1,0.016480684280395508,1,1,1e-06,0.0
1,0.0030243396759033203,1,1,1e-06,0.0
1,0.003832101821899414,1,1,1e-06,0.0
1,0.01775956153869629,1,1,1e-06,0.0
1,0.004995107650756836,1,1,1e-06,0.0
1,0.014888525009155273,1,1,1e-06,0.0
1,0.0034182071685791016,1,1,1e-06,0.0
1,0.007169961929321289,1,1,1e-06,0.0
1,0.0035753250122070312,1,1,1e-06,0.0
1,0.0171353816986084,1,1,1e-06,0.0
1,0.00482487678527832,1,1,1e-06,0.0
1,0.0032563209533691406,1,1,1e-06,0.0
1,0.030833959579467773,1,1,1e-06,0.0
1,0.003890514373779297,1,1,1e-06,0.0
1,0.0036411285400390625,1,1,1e-06,0.0
1,0.012766122817993164,1,1,1e-06,0.0
1,0.0033974647521972656,1,1,1e-06,0.0
1,0.0036132335662841797,1,1,1e-06,0.0
1,0.0048177242279052734,1,1,1e-06,0.0
1,0.0032320022583007812,1,1,1e-06,0.0
1,0.00318145751953125,1,1,1e-06,0.0
1,0.0037987232208251953,1,1,1e-06,0.0
1,0.004184246063232422,1,1,1e-06,0.0
1,0.024402141571044922,1,1,1e-06,0.0
1,0.0038177967071533203,1,1,1e-06,0.0
1,0.0047647953033447266,1,1,1e-06,0.0
1,0.005630016326904297,1,1,1e-06,0.0
1,0.0069239139556884766,1,1,1e-06,0.0
1,0.003077268600463867,1,1,1e-06,0.0
1,0.0307464599609375,1,1,1e-06,0.0
1,0.003256082534790039,1,1,1e-06,0.0
1,0.002964496612548828,1,1,1e-06,0.0
1,0.005105257034301758,1,1,1e-06,0.0
1,0.0031976699829101562,1,1,1e-06,0.0
1,0.004511356353759766,1,1,1e-06,0.0
1,0.02101755142211914,1,1,1e-06,0.0
0,1.016655445098877,0,0,,0.0
1,0.007569789886474609,1,1,1e-06,0.0
1,0.002764463424682617,1,1,1e-06,0.0
1,0.04496908187866211,1,1,1e-06,0.0
1,0.013524532318115234,1,1,1e-06,0.0
1,0.002866983413696289,1,1,1e-06,0.0
1,0.002312898635864258,1,1,1e-06,0.0
1,0.002537250518798828,1,1,1e-06,0.0
1,0.005628347396850586,1,1,1e-06,0.0
1,0.0037851333618164062,1,1,1e-06,0.0
1,0.04131674766540527,1,1,1e-06,0.0
1,0.004083871841430664,1,1,1e-06,0.0
1,0.005064964294433594,1,1,1e-06,0.0
1,0.004243135452270508,1,1,1e-06,0.0
1,0.003632068634033203,1,1,1e-06,0.0
1,0.033507585525512695,1,1,1e-06,0.0
1,0.0035142898559570312,1,1,1e-06,0.0
1,0.005832195281982422,1,1,1e-06,0.0
1,0.004421234130859375,1,1,1e-06,0.0
1,0.1450357437133789,1,1,1e-06,0.0
1,0.0777289867401123,1,1,1e-06,0.0
1,0.012682676315307617,1,1,1e-06,0.0
1,0.002875089645385742,1,1,1e-06,0.0
1,0.002966165542602539,1,1,1e-06,0.0
1,0.009918928146362305,1,1,1e-06,0.0
1,0.008043766021728516,1,1,1e-06,0.0
1,0.003463268280029297,1,1,1e-06,0.0
1,0.00503849983215332,1,1,1e-06,0.0
1,0.05823850631713867,1,1,1e-06,0.0
1,0.06131148338317871,1,1,1e-06,0.0
1,0.0035393238067626953,1,1,1e-06,0.0
1,0.04129958152770996,1,1,1e-06,0.0
1,0.003732442855834961,1,1,1e-06,0.0
1,0.06792616844177246,1,1,1e-06,0.0
1,0.003016233444213867,1,1,1e-06,0.0
1,0.00907135009765625,1,1,1e-06,0.0
1,0.019062042236328125,1,1,1e-06,0.0
1,0.01761627197265625,1,1,1e-06,0.0
1,0.011132955551147461,1,1,1e-06,0.0
1,0.0027976036071777344,1,1,1e-06,0.0
1,0.002336740493774414,1,1,1e-06,0.0
1,0.18645668029785156,1,1,1e-06,0.0
1,0.0035011768341064453,1,1,1e-06,0.0
1,0.0063817501068115234,1,1,1e-06,0.0
1,0.005675792694091797,1,1,1e-06,0.0
1,0.04545331001281738,1,1,1e-06,0.0
1,0.004069328308105469,1,1,1e-06,0.0
1,0.005179643630981445,1,1,1e-06,0.0
1,0.009732961654663086,1,1,1e-06,0.0
1,0.0027430057525634766,1,1,1e-06,0.0
1,0.0032892227172851562,1,1,1e-06,0.0
1,0.003484487533569336,1,1,1e-06,0.0
1,0.006796836853027344,1,1,1e-06,0.0
1,0.010087728500366211,1,1,1e-06,0.0
1,0.0069272518157958984,1,1,1e-06,0.0
1,0.004149913787841797,1,1,1e-06,0.0
1,0.005438804626464844,1,1,1e-06,0.0
1,0.00529026985168457,1,1,1e-06,0.0
1,0.023367643356323242,1,1,1e-06,0.0
1,0.004446268081665039,1,1,1e-06,0.0
1,0.005783557891845703,1,1,1e-06,0.0
1,0.006716251373291016,1,1,1e-06,0.0
1,0.0051422119140625,1,1,1e-06,0.0
1,0.005683422088623047,1,1,1e-06,0.0
1,0.004536867141723633,1,1,1e-06,0.0
1,0.006174564361572266,1,1,1e-06,0.0
1,0.007632732391357422,1,1,1e-06,0.0
1,0.0061604976654052734,1,1,1e-06,0.0
1,0.004015445709228516,1,1,1e-06,0.0
1,0.061206817626953125,1,1,1e-06,0.0
1,0.05190300941467285,1,1,1e-06,0.0
1,0.0420384407043457,1,1,1e-06,0.0
1,0.004755973815917969,1,1,1e-06,0.0
1,0.0034880638122558594,1,1,1e-06,0.0
1,0.004492998123168945,1,1,1e-06,0.0
1,0.42438721656799316,1,1,1e-06,0.0
1,0.06320667266845703,1,1,1e-06,0.0
1,0.013927936553955078,1,1,1e-06,0.0
1,0.003205537796020508,1,1,1e-06,0.0
1,0.0037267208099365234,1,1,1e-06,0.0
1,0.056406497955322266,1,1,1e-06,0.0
1,0.003322124481201172,1,1,1e-06,0.0
1,0.0029230117797851562,1,1,1e-06,0.0
1,0.004733562469482422,1,1,1e-06,0.0
1,0.004968404769897461,1,1,1e-06,0.0
1,0.004586696624755859,1,1,1e-06,0.0
1,0.0044825077056884766,1,1,1e-06,0.0
1,0.006549835205078125,1,1,1e-06,0.0
1,0.003240346908569336,1,1,1e-06,0.0
1,0.0031747817993164062,1,1,1e-06,0.0
1,0.006927967071533203,1,1,1e-06,0.0
1,0.005342960357666016,1,1,1e-06,0.0
1,0.005772590637207031,1,1,1e-06,0.0
1,0.005529165267944336,1,1,1e-06,0.0
1,0.0037789344787597656,1,1,1e-06,0.0
1,0.0042836666107177734,1,1,1e-06,0.0
1,0.003809213638305664,1,1,1e-06,0.0
1,0.03565859794616699,1,1,1e-06,0.0
1,0.030090808868408203,1,1,1e-06,0.0
1,0.025063037872314453,1,1,1e-06,0.0
1,0.010401725769042969,1,1,1e-06,0.0
1,0.004277467727661133,1,1,1e-06,0.0
1,0.012177467346191406,1,1,1e-06,0.0
1,0.004866123199462891,1,1,1e-06,0.0
1,0.0040471553802490234,1,1,1e-06,0.0
1,0.0037462711334228516,1,1,1e-06,0.0
1,0.005631685256958008,1,1,1e-06,0.0
1,0.0029828548431396484,1,1,1e-06,0.0
1,0.00385284423828125,1,1,1e-06,0.0
1,0.005051851272583008,1,1,1e-06,0.0
1,0.006161928176879883,1,1,1e-06,0.0
1,0.0058248043060302734,1,1,1e-06,0.0
1,0.005197048187255859,1,1,1e-06,0.0
1,0.0048694610595703125,1,1,1e-06,0.0
1,0.008661270141601562,1,1,1e-06,0.0
1,0.008790254592895508,1,1,1e-06,0.0
1,0.0034804344177246094,1,1,1e-06,0.0
1,0.0076448917388916016,1,1,1e-06,0.0
1,0.06571173667907715,1,1,1e-06,0.0
1,0.005425691604614258,1,1,1e-06,0.0
1,0.007503032684326172,1,1,1e-06,0.0
1,0.003699064254760742,1,1,1e-06,0.0
1,0.0040323734283447266,1,1,1e-06,0.0
1,0.034711599349975586,1,1,1e-06,0.0
1,0.06835722923278809,1,1,1e-06,0.0
1,0.0036351680755615234,1,1,1e-06,0.0
1,0.23547625541687012,1,1,1e-06,0.0
1,0.005187511444091797,1,1,1e-06,0.0
1,0.0028810501098632812,1,1,1e-06,0.0
1,0.005086421966552734,1,1,1e-06,0.0
1,0.0021409988403320312,1,1,1e-06,0.0
1,0.006469011306762695,1,1,1e-06,0.0
1,0.003169536590576172,1,1,1e-06,0.0
1,0.004549503326416016,1,1,1e-06,0.0
1,0.002706289291381836,1,1,1e-06,0.0
1,0.004544496536254883,1,1,1e-06,0.0
1,0.0032389163970947266,1,1,1e-06,0.0
1,0.0050623416900634766,1,1,1e-06,0.0
1,0.021447181701660156,1,1,1e-06,0.0
1,0.007535457611083984,1,1,1e-06,0.0
1,0.0032231807708740234,1,1,1e-06,0.0
1,0.0021240711212158203,1,1,1e-06,0.0
1,0.002668142318725586,1,1,1e-06,0.0
1,0.005251884460449219,1,1,1e-06,0.0
1,0.0025396347045898438,1,1,1e-06,0.0
1,0.004669666290283203,1,1,1e-06,0.0
1,0.0032868385314941406,1,1,1e-06,0.0
1,0.0065784454345703125,1,1,1e-06,0.0
1,0.0031664371490478516,1,1,1e-06,0.0
1,0.013147830963134766,1,1,1e-06,0.0
1,0.022382259368896484,1,1,1e-06,0.0
1,0.0035696029663085938,1,1,1e-06,0.0
1,0.00853872299194336,1,1,1e-06,0.0
1,0.007481575012207031,1,1,1e-06,0.0
1,0.003299236297607422,1,1,1e-06,0.0
1,0.023317575454711914,1,1,1e-06,0.0
1,0.005315065383911133,1,1,1e-06,0.0
1,0.003251314163208008,1,1,1e-06,0.0
1,0.003946065902709961,1,1,1e-06,0.0
1,0.01644587516784668,1,1,1e-06,0.0
1,0.007425546646118164,1,1,1e-06,0.0
1,0.004676103591918945,1,1,1e-06,0.0
1,0.004488229751586914,1,1,1e-06,0.0
1,0.003253459930419922,1,1,1e-06,0.0
1,0.005476713180541992,1,1,1e-06,0.0
1,0.004666328430175781,1,1,1e-06,0.0
1,0.00442814826965332,1,1,1e-06,0.0
1,0.005484819412231445,1,1,1e-06,0.0
1,0.00445866584777832,1,1,1e-06,0.0
1,0.004945039749145508,1,1,1e-06,0.0
1,0.0050525665283203125,1,1,1e-06,0.0
1,0.005975961685180664,1,1,1e-06,0.0
1,0.01648879051208496,1,1,1e-06,0.0
1,0.08990812301635742,1,1,1e-06,0.0
1,0.0031485557556152344,1,1,1e-06,0.0
1,0.005345344543457031,1,1,1e-06,0.0
1,0.0026731491088867188,1,1,1e-06,0.0
1,0.009482383728027344,1,1,1e-06,0.0
1,0.0026895999908447266,1,1,1e-06,0.0
1,0.0039141178131103516,1,1,1e-06,0.0
1,0.0037336349487304688,1,1,1e-06,0.0
1,0.003782987594604492,1,1,1e-06,0.0
1,0.0027458667755126953,1,1,1e-06,0.0
1,0.0031995773315429688,1,1,1e-06,0.0
1,0.0035097599029541016,1,1,1e-06,0.0
1,0.0032799243927001953,1,1,1e-06,0.0
1,0.017780780792236328,1,1,1e-06,0.0
1,0.0025420188903808594,1,1,1e-06,0.0
1,0.00808262825012207,1,1,1e-06,0.0
1,0.003029346466064453,1,1,1e-06,0.0
1,0.0058782100677490234,1,1,1e-06,0.0
1,0.004913806915283203,1,1,1e-06,0.0
1,0.0030586719512939453,1,1,1e-06,0.0
1,0.002563953399658203,1,1,1e-06,0.0
1,0.00231170654296875,1,1,1e-06,0.0
1,0.003759622573852539,1,1,1e-06,0.0
1,0.003177642822265625,1,1,1e-06,0.0
1,0.006555318832397461,1,1,1e-06,0.0
1,0.0034017562866210938,1,1,1e-06,0.0
1,0.0034873485565185547,1,1,1e-06,0.0
1,0.0030193328857421875,1,1,1e-06,0.0
1,0.03226327896118164,1,1,1e-06,0.0
1,0.003725290298461914,1,1,1e-06,0.0
1,0.0038406848907470703,1,1,1e-06,0.0
1,0.004349946975708008,1,1,1e-06,0.0
1,0.20850682258605957,1,1,1e-06,0.0
1,0.004960536956787109,1,1,1e-06,0.0
1,0.0052394866943359375,1,1,1e-06,0.0
1,0.003757953643798828,1,1,1e-06,0.0
1,0.0031380653381347656,1,1,1e-06,0.0
1,0.002489328384399414,1,1,1e-06,0.0
1,0.01353001594543457,1,1,1e-06,0.0
1,0.0037360191345214844,1,1,1e-06,0.0
1,0.0041887760162353516,1,1,1e-06,0.0
1,0.006746768951416016,1,1,1e-06,0.0
1,0.003007173538208008,1,1,1e-06,0.0
1,0.15404009819030762,1,1,1e-06,0.0
1,0.08553171157836914,1,1,1e-06,0.0
1,0.003103494644165039,1,1,1e-06,0.0
1,0.003056764602661133,1,1,1e-06,0.0
1,0.05990338325500488,1,1,1e-06,0.0
1,0.003212451934814453,1,1,1e-06,0.0
1,0.016327857971191406,1,1,1e-06,0.0
1,0.002480745315551758,1,1,1e-06,0.0
1,0.17479467391967773,1,1,1e-06,0.0
1,0.0029556751251220703,1,1,1e-06,0.0
1,0.032125234603881836,1,1,1e-06,0.0
1,0.0030517578125,1,1,1e-06,0.0
1,0.003707408905029297,1,1,1e-06,0.0
1,0.004329204559326172,1,1,1e-06,0.0
1,0.003390789031982422,1,1,1e-06,0.0
1,0.004390239715576172,1,1,1e-06,0.0
1,0.012576580047607422,1,1,1e-06,0.0
1,0.010243892669677734,1,1,1e-06,0.0
1,0.004836082458496094,1,1,1e-06,0.0
1,0.005322933197021484,1,1,1e-06,0.0
1,0.008599519729614258,1,1,1e-06,0.0
1,0.0044476985931396484,1,1,1e-06,0.0
1,0.01438450813293457,1,1,1e-06,0.0
1,0.004281759262084961,1,1,1e-06,0.0
1,0.0046844482421875,1,1,1e-06,0.0
1,0.007741212844848633,1,1,1e-06,0.0
1,0.004534482955932617,1,1,1e-06,0.0
1,0.00447392463684082,1,1,1e-06,0.0
1,0.0031883716583251953,1,1,1e-06,0.0
1,0.01069784164428711,1,1,1e-06,0.0
1,0.0078125,1,1,1e-06,0.0
1,0.006077766418457031,1,1,1e-06,0.0
1,0.004357814788818359,1,1,1e-06,0.0
1,0.0042040348052978516,1,1,1e-06,0.0
1,0.0031075477600097656,1,1,1e-06,0.0
1,0.025190114974975586,1,1,1e-06,0.0
1,0.0036551952362060547,1,1,1e-06,0.0
1,0.008108854293823242,1,1,1e-06,0.0
1,0.09364461898803711,1,1,1e-06,0.0
1,0.0034983158111572266,1,1,1e-06,0.0
1,0.02584552764892578,1,1,1e-06,0.0
1,0.0051708221435546875,1,1,1e-06,0.0
1,0.0061490535736083984,1,1,1e-06,0.0
1,0.014618635177612305,1,1,1e-06,0.0
1,0.004114389419555664,1,1,1e-06,0.0
1,0.0040585994720458984,1,1,1e-06,0.0
1,0.003518342971801758,1,1,1e-06,0.0
1,0.004170894622802734,1,1,1e-06,0.0
1,0.007208108901977539,1,1,1e-06,0.0
1,0.003606557846069336,1,1,1e-06,0.0
1,0.0037949085235595703,1,1,1e-06,0.0
1,0.01595306396484375,1,1,1e-06,0.0
1,0.11970639228820801,1,1,1e-06,0.0
1,0.003694772720336914,1,1,1e-06,0.0
1,0.0038259029388427734,1,1,1e-06,0.0
1,0.003771543502807617,1,1,1e-06,0.0
1,0.0032210350036621094,1,1,1e-06,0.0
1,0.0036911964416503906,1,1,1e-06,0.0
1,0.008095264434814453,1,1,1e-06,0.0
1,0.006174564361572266,1,1,1e-06,0.0
1,0.009089469909667969,1,1,1e-06,0.0
1,0.031369924545288086,1,1,1e-06,0.0
1,0.03589320182800293,1,1,1e-06,0.0
1,0.004781007766723633,1,1,1e-06,0.0
1,0.0032427310943603516,1,1,1e-06,0.0
1,0.06706762313842773,1,1,1e-06,0.0
1,0.005527496337890625,1,1,1e-06,0.0
1,0.0066335201263427734,1,1,1e-06,0.0
1,0.010845422744750977,1,1,1e-06,0.0
1,0.009256601333618164,1,1,1e-06,0.0
1,0.0038917064666748047,1,1,1e-06,0.0
1,0.01331329345703125,1,1,1e-06,0.0
1,0.013882875442504883,1,1,1e-06,0.0
1,0.04320573806762695,1,1,1e-06,0.0
1,0.0066530704498291016,1,1,1e-06,0.0
1,0.004140615463256836,1,1,1e-06,0.0
1,0.3356821537017822,1,1,1e-06,0.0
1,0.002754688262939453,1,1,1e-06,0.0
1,0.0033805370330810547,1,1,1e-06,0.0
1,0.003264904022216797,1,1,1e-06,0.0
1,0.007229328155517578,1,1,1e-06,0.0
1,0.009307861328125,1,1,1e-06,0.0
1,0.0036737918853759766,1,1,1e-06,0.0
1,0.0019218921661376953,1,1,1e-06,0.0
1,0.004171133041381836,1,1,1e-06,0.0
1,0.0030918121337890625,1,1,1e-06,0.0
1,0.012414216995239258,1,1,1e-06,0.0
1,0.0032753944396972656,1,1,1e-06,0.0
1,0.002476930618286133,1,1,1e-06,0.0
1,0.004030466079711914,1,1,1e-06,0.0
1,0.05515909194946289,1,1,1e-06,0.0
1,0.003908634185791016,1,1,1e-06,0.0
1,0.005993843078613281,1,1,1e-06,0.0
1,0.024289608001708984,1,1,1e-06,0.0
0,1.0128223896026611,0,0,,0.0
1,0.0025734901428222656,1,1,1e-06,0.0
1,0.016955852508544922,1,1,1e-06,0.0
1,0.0048370361328125,1,1,1e-06,0.0
1,0.0028696060180664062,1,1,1e-06,0.0
1,0.0030808448791503906,1,1,1e-06,0.0
1,0.009593486785888672,1,1,1e-06,0.0
1,0.0034542083740234375,1,1,1e-06,0.0
1,0.04015350341796875,1,1,1e-06,0.0
1,0.011195659637451172,1,1,1e-06,0.0
1,0.009781599044799805,1,1,1e-06,0.0
1,0.004172801971435547,1,1,1e-06,0.0
1,0.0055582523345947266,1,1,1e-06,0.0
1,0.0034661293029785156,1,1,1e-06,0.0
1,0.18337678909301758,1,1,1e-06,0.0
1,0.0026702880859375,1,1,1e-06,0.0
1,0.0021941661834716797,1,1,1e-06,0.0
1,0.0026845932006835938,1,1,1e-06,0.0
1,0.003323793411254883,1,1,1e-06,0.0
1,0.003325223922729492,1,1,1e-06,0.0
1,0.028102874755859375,1,1,1e-06,0.0
1,0.0027799606323242188,1,1,1e-06,0.0
1,0.004716396331787109,1,1,1e-06,0.0
1,0.004075288772583008,1,1,1e-06,0.0
1,0.03795218467712402,1,1,1e-06,0.0
1,0.0062711238861083984,1,1,1e-06,0.0
1,0.0035343170166015625,1,1,1e-06,0.0
1,0.09309148788452148,1,1,1e-06,0.0
1,0.08504462242126465,1,1,1e-06,0.0
1,0.0027313232421875,1,1,1e-06,0.0
1,0.002863645553588867,1,1,1e-06,0.0
1,0.00299072265625,1,1,1e-06,0.0
1,0.004194021224975586,1,1,1e-06,0.0
1,0.002596139907836914,1,1,1e-06,0.0
1,0.007050514221191406,1,1,1e-06,0.0
1,0.004683256149291992,1,1,1e-06,0.0
1,0.003155946731567383,1,1,1e-06,0.0
1,0.002827167510986328,1,1,1e-06,0.0
1,0.0022001266479492188,1,1,1e-06,0.0
1,0.002965211868286133,1,1,1e-06,0.0
1,0.020484209060668945,1,1,1e-06,0.0
1,0.0040967464447021484,1,1,1e-06,0.0
1,0.005884408950805664,1,1,1e-06,0.0
1,0.007266998291015625,1,1,1e-06,0.0
1,0.014297962188720703,1,1,1e-06,0.0
1,0.0053441524505615234,1,1,1e-06,0.0
1,0.0035996437072753906,1,1,1e-06,0.0
1,0.0037560462951660156,1,1,1e-06,0.0
1,0.004775285720825195,1,1,1e-06,0.0
1,0.004697561264038086,1,1,1e-06,0.0
1,0.005492448806762695,1,1,1e-06,0.0
1,0.0028350353240966797,1,1,1e-06,0.0
1,0.003790140151977539,1,1,1e-06,0.0
1,0.005712985992431641,1,1,1e-06,0.0
1,0.002705097198486328,1,1,1e-06,0.0
1,0.003231525421142578,1,1,1e-06,0.0
1,0.0039365291595458984,1,1,1e-06,0.0
1,0.00734710693359375,1,1,1e-06,0.0
1,0.00974416732788086,1,1,1e-06,0.0
1,0.008898735046386719,1,1,1e-06,0.0
1,0.0050506591796875,1,1,1e-06,0.0
1,0.0035440921783447266,1,1,1e-06,0.0
1,0.02974724769592285,1,1,1e-06,0.0
1,0.002947092056274414,1,1,1e-06,0.0
1,0.002061128616333008,1,1,1e-06,0.0
1,0.0029861927032470703,1,1,1e-06,0.0
1,0.02136707305908203,1,1,1e-06,0.0
1,0.0066335201263427734,1,1,1e-06,0.0
1,0.002797842025756836,1,1,1e-06,0.0
1,0.003714323043823242,1,1,1e-06,0.0
1,0.0026640892028808594,1,1,1e-06,0.0
1,0.0020787715911865234,1,1,1e-06,0.0
1,0.04809260368347168,1,1,1e-06,0.0
1,0.003377199172973633,1,1,1e-06,0.0
1,0.003612518310546875,1,1,1e-06,0.0
1,0.011049747467041016,1,1,1e-06,0.0
1,0.003918170928955078,1,1,1e-06,0.0
1,0.006928920745849609,1,1,1e-06,0.0
1,0.004020214080810547,1,1,1e-06,0.0
1,0.0037376880645751953,1,1,1e-06,0.0
1,0.005954265594482422,1,1,1e-06,0.0
1,0.003814697265625,1,1,1e-06,0.0
1,0.005818843841552734,1,1,1e-06,0.0
1,0.00635528564453125,1,1,1e-06,0.0
1,0.015404939651489258,1,1,1e-06,0.0
1,0.007937192916870117,1,1,1e-06,0.0
1,0.005378007888793945,1,1,1e-06,0.0
1,0.01098775863647461,1,1,1e-06,0.0
1,0.0035605430603027344,1,1,1e-06,0.0
1,0.003022909164428711,1,1,1e-06,0.0
1,0.06020784378051758,1,1,1e-06,0.0
1,0.0030202865600585938,1,1,1e-06,0.0
1,0.017267704010009766,1,1,1e-06,0.0
1,0.004304170608520508,1,1,1e-06,0.0
1,0.003297567367553711,1,1,1e-06,0.0
1,0.009409666061401367,1,1,1e-06,0.0
1,0.005992412567138672,1,1,1e-06,0.0
1,0.005977153778076172,1,1,1e-06,0.0
1,0.05086874961853027,1,1,1e-06,0.0
1,0.01883077621459961,1,1,1e-06,0.0
1,0.0042035579681396484,1,1,1e-06,0.0
1,0.002437591552734375,1,1,1e-06,0.0
1,0.018888235092163086,1,1,1e-06,0.0
1,0.03356480598449707,1,1,1e-06,0.0
1,0.003955364227294922,1,1,1e-06,0.0
1,0.0031807422637939453,1,1,1e-06,0.0
1,0.018579483032226562,1,1,1e-06,0.0
1,0.00569462776184082,1,1,1e-06,0.0
1,0.0055506229400634766,1,1,1e-06,0.0
1,0.0036962032318115234,1,1,1e-06,0.0
1,0.006612062454223633,1,1,1e-06,0.0
1,0.0030426979064941406,1,1,1e-06,0.0
1,0.003225564956665039,1,1,1e-06,0.0
1,0.003004789352416992,1,1,1e-06,0.0
1,0.003284931182861328,1,1,1e-06,0.0
1,0.011068344116210938,1,1,1e-06,0.0
1,0.002445697784423828,1,1,1e-06,0.0
1,0.0035076141357421875,1,1,1e-06,0.0
1,0.006745338439941406,1,1,1e-06,0.0
1,0.049588918685913086,1,1,1e-06,0.0
1,0.0028045177459716797,1,1,1e-06,0.0
1,0.005145072937011719,1,1,1e-06,0.0
1,0.007456064224243164,1,1,1e-06,0.0
1,0.003083944320678711,1,1,1e-06,0.0
1,0.0031290054321289062,1,1,1e-06,0.0
1,0.0032367706298828125,1,1,1e-06,0.0
1,0.004767179489135742,1,1,1e-06,0.0
1,0.040552377700805664,1,1,1e-06,0.0
1,0.031064271926879883,1,1,1e-06,0.0
1,0.04723191261291504,1,1,1e-06,0.0
1,0.0027992725372314453,1,1,1e-06,0.0
1,0.004055976867675781,1,1,1e-06,0.0
1,0.004992485046386719,1,1,1e-06,0.0
1,0.03459906578063965,1,1,1e-06,0.0
1,0.0036804676055908203,1,1,1e-06,0.0
1,0.035413265228271484,1,1,1e-06,0.0
1,0.005522489547729492,1,1,1e-06,0.0
1,0.003701448440551758,1,1,1e-06,0.0
1,0.004338502883911133,1,1,1e-06,0.0
1,0.06613922119140625,1,1,1e-06,0.0
1,0.008159399032592773,1,1,1e-06,0.0
1,0.0066034793853759766,1,1,1e-06,0.0
1,0.029836416244506836,1,1,1e-06,0.0
1,0.003144979476928711,1,1,1e-06,0.0
1,0.0038077831268310547,1,1,1e-06,0.0
1,0.002952098846435547,1,1,1e-06,0.0
1,0.029002666473388672,1,1,1e-06,0.0
1,0.0029544830322265625,1,1,1e-06,0.0
1,0.0034492015838623047,1,1,1e-06,0.0
1,0.003470897674560547,1,1,1e-06,0.0
1,0.004031181335449219,1,1,1e-06,0.0
1,0.0029370784759521484,1,1,1e-06,0.0
1,0.0039463043212890625,1,1,1e-06,0.0
1,0.004463911056518555,1,1,1e-06,0.0
1,0.003435373306274414,1,1,1e-06,0.0
1,0.003968477249145508,1,1,1e-06,0.0
1,0.003841876983642578,1,1,1e-06,0.0
1,0.003481626510620117,1,1,1e-06,0.0
1,0.0024225711822509766,1,1,1e-06,0.0
1,0.010117292404174805,1,1,1e-06,0.0
1,0.010867834091186523,1,1,1e-06,0.0
1,0.03326272964477539,1,1,1e-06,0.0
1,0.003493785858154297,1,1,1e-06,0.0
1,0.004822969436645508,1,1,1e-06,0.0
1,0.00657343864440918,1,1,1e-06,0.0
1,0.006031513214111328,1,1,1e-06,0.0
1,0.002589702606201172,1,1,1e-06,0.0
1,0.005422115325927734,1,1,1e-06,0.0
1,0.07281184196472168,1,1,1e-06,0.0
1,0.0041790008544921875,1,1,1e-06,0.0
1,0.02045440673828125,1,1,1e-06,0.0
1,0.01880025863647461,1,1,1e-06,0.0
1,0.00394129753112793,1,1,1e-06,0.0
1,0.0046961307525634766,1,1,1e-06,0.0
1,0.0037004947662353516,1,1,1e-06,0.0
1,0.007184267044067383,1,1,1e-06,0.0
1,0.005022525787353516,1,1,1e-06,0.0
1,0.00495600700378418,1,1,1e-06,0.0
1,0.0037479400634765625,1,1,1e-06,0.0
1,0.005139350891113281,1,1,1e-06,0.0
1,0.0072934627532958984,1,1,1e-06,0.0
1,0.005806684494018555,1,1,1e-06,0.0
1,0.016561269760131836,1,1,1e-06,0.0
1,0.010519742965698242,1,1,1e-06,0.0
1,0.003679037094116211,1,1,1e-06,0.0
1,0.0034804344177246094,1,1,1e-06,0.0
1,0.017960309982299805,1,1,1e-06,0.0
1,0.0033032894134521484,1,1,1e-06,0.0
1,0.004775285720825195,1,1,1e-06,0.0
1,0.004308462142944336,1,1,1e-06,0.0
1,0.005791425704956055,1,1,1e-06,0.0
1,0.004487276077270508,1,1,1e-06,0.0
1,0.002553701400756836,1,1,1e-06,0.0
1,0.0023996829986572266,1,1,1e-06,0.0
1,0.003399372100830078,1,1,1e-06,0.0
1,0.01987457275390625,1,1,1e-06,0.0
1,0.004207134246826172,1,1,1e-06,0.0
1,0.03290605545043945,1,1,1e-06,0.0
1,0.028970003128051758,1,1,1e-06,0.0
1,0.0030748844146728516,1,1,1e-06,0.0
1,0.013310909271240234,1,1,1e-06,0.0
1,0.011012792587280273,1,1,1e-06,0.0
1,0.002593994140625,1,1,1e-06,0.0
1,0.0030443668365478516,1,1,1e-06,0.0
1,0.0031728744506835938,1,1,1e-06,0.0
1,0.0058345794677734375,1,1,1e-06,0.0
1,0.005187511444091797,1,1,1e-06,0.0
1,0.006144285202026367,1,1,1e-06,0.0
1,0.005704402923583984,1,1,1e-06,0.0
1,0.0048961639404296875,1,1,1e-06,0.0
1,0.0047609806060791016,1,1,1e-06,0.0
1,0.0041887760162353516,1,1,1e-06,0.0
1,0.005457639694213867,1,1,1e-06,0.0
1,0.004098653793334961,1,1,1e-06,0.0
1,0.005548715591430664,1,1,1e-06,0.0
1,0.0040705204010009766,1,1,1e-06,0.0
1,0.0025436878204345703,1,1,1e-06,0.0
1,0.003932476043701172,1,1,1e-06,0.0
1,0.004248380661010742,1,1,1e-06,0.0
1,0.00362396240234375,1,1,1e-06,0.0
1,0.0025892257690429688,1,1,1e-06,0.0
1,0.0031785964965820312,1,1,1e-06,0.0
0,1.012347936630249,0,0,,0.0
1,0.002703428268432617,1,1,1e-06,0.0
1,0.016394376754760742,1,1,1e-06,0.0
1,0.007460355758666992,1,1,1e-06,0.0
1,0.002511262893676758,1,1,1e-06,0.0
1,0.0026319026947021484,1,1,1e-06,0.0
1,0.015336275100708008,1,1,1e-06,0.0
1,0.0019371509552001953,1,1,1e-06,0.0
1,0.0040204524993896484,1,1,1e-06,0.0
1,0.00722193717956543,1,1,1e-06,0.0
1,0.04427814483642578,1,1,1e-06,0.0
1,0.004080533981323242,1,1,1e-06,0.0
1,0.006554126739501953,1,1,1e-06,0.0
1,0.00420689582824707,1,1,1e-06,0.0
1,0.003130674362182617,1,1,1e-06,0.0
1,0.004946470260620117,1,1,1e-06,0.0
1,0.0033979415893554688,1,1,1e-06,0.0
1,0.0026674270629882812,1,1,1e-06,0.0
1,0.005039691925048828,1,1,1e-06,0.0
1,0.0027611255645751953,1,1,1e-06,0.0
1,0.003935098648071289,1,1,1e-06,0.0
1,0.004396677017211914,1,1,1e-06,0.0
1,0.004059314727783203,1,1,1e-06,0.0
1,0.002894878387451172,1,1,1e-06,0.0
1,0.007482051849365234,1,1,1e-06,0.0
1,0.10864925384521484,1,1,1e-06,0.0
1,0.0023889541625976562,1,1,1e-06,0.0
1,0.004703521728515625,1,1,1e-06,0.0
1,0.0028333663940429688,1,1,1e-06,0.0
1,0.002796173095703125,1,1,1e-06,0.0
1,0.004805803298950195,1,1,1e-06,0.0
1,0.007580995559692383,1,1,1e-06,0.0
1,0.07307004928588867,1,1,1e-06,0.0
1,0.0033063888549804688,1,1,1e-06,0.0
1,0.03457927703857422,1,1,1e-06,0.0
1,0.003584623336791992,1,1,1e-06,0.0
1,0.5987391471862793,1,1,1e-06,0.0
1,0.048398494720458984,1,1,1e-06,0.0
1,0.005356788635253906,1,1,1e-06,0.0
1,0.008896350860595703,1,1,1e-06,0.0
1,0.04539847373962402,1,1,1e-06,0.0
1,0.0027832984924316406,1,1,1e-06,0.0
1,0.003050088882446289,1,1,1e-06,0.0
1,0.007266521453857422,1,1,1e-06,0.0
1,0.0035245418548583984,1,1,1e-06,0.0
1,0.0031938552856445312,1,1,1e-06,0.0
1,0.006670236587524414,1,1,1e-06,0.0
1,0.01291203498840332,1,1,1e-06,0.0
1,0.16232013702392578,1,1,1e-06,0.0
1,0.00458216667175293,1,1,1e-06,0.0
1,0.003348827362060547,1,1,1e-06,0.0
1,0.0032536983489990234,1,1,1e-06,0.0
1,0.0030722618103027344,1,1,1e-06,0.0
1,0.003625631332397461,1,1,1e-06,0.0
1,0.003779888153076172,1,1,1e-06,0.0
1,0.011358976364135742,1,1,1e-06,0.0
1,0.0030655860900878906,1,1,1e-06,0.0
1,0.005348920822143555,1,1,1e-06,0.0
1,0.006498575210571289,1,1,1e-06,0.0
1,0.018334388732910156,1,1,1e-06,0.0
1,0.006845712661743164,1,1,1e-06,0.0
1,0.03407120704650879,1,1,1e-06,0.0
1,0.0032873153686523438,1,1,1e-06,0.0
1,0.026583194732666016,1,1,1e-06,0.0
1,0.003448963165283203,1,1,1e-06,0.0
1,0.028687715530395508,1,1,1e-06,0.0
1,0.003942728042602539,1,1,1e-06,0.0
1,0.004319429397583008,1,1,1e-06,0.0
1,0.007454872131347656,1,1,1e-06,0.0
1,0.012025594711303711,1,1,1e-06,0.0
1,0.0039098262786865234,1,1,1e-06,0.0
1,0.010343074798583984,1,1,1e-06,0.0
1,0.003468036651611328,1,1,1e-06,0.0
1,0.002261638641357422,1,1,1e-06,0.0
1,0.0026009082794189453,1,1,1e-06,0.0
1,0.004276752471923828,1,1,1e-06,0.0
1,0.008709192276000977,1,1,1e-06,0.0
1,0.003192901611328125,1,1,1e-06,0.0
1,0.002263784408569336,1,1,1e-06,0.0
1,0.003247976303100586,1,1,1e-06,0.0
1,0.0058383941650390625,1,1,1e-06,0.0
1,0.003630399703979492,1,1,1e-06,0.0
1,0.006810188293457031,1,1,1e-06,0.0
1,0.032315731048583984,1,1,1e-06,0.0
1,0.005248546600341797,1,1,1e-06,0.0
1,0.004131317138671875,1,1,1e-06,0.0
1,0.04309201240539551,1,1,1e-06,0.0
1,0.0030820369720458984,1,1,1e-06,0.0
1,0.008742570877075195,1,1,1e-06,0.0
1,0.002514362335205078,1,1,1e-06,0.0
1,0.0027675628662109375,1,1,1e-06,0.0
1,0.011231422424316406,1,1,1e-06,0.0
1,0.0041391849517822266,1,1,1e-06,0.0
1,0.002618074417114258,1,1,1e-06,0.0
1,0.0018887519836425781,1,1,1e-06,0.0
1,0.002872943878173828,1,1,1e-06,0.0
1,0.004083395004272461,1,1,1e-06,0.0
1,0.0034809112548828125,1,1,1e-06,0.0
1,0.003715991973876953,1,1,1e-06,0.0
1,0.007656097412109375,1,1,1e-06,0.0
1,0.05897855758666992,1,1,1e-06,0.0
1,0.00470423698425293,1,1,1e-06,0.0
1,0.0034782886505126953,1,1,1e-06,0.0
1,0.003627777099609375,1,1,1e-06,0.0
1,0.0029675960540771484,1,1,1e-06,0.0
1,0.005247831344604492,1,1,1e-06,0.0
1,0.002642393112182617,1,1,1e-06,0.0
1,0.0032052993774414062,1,1,1e-06,0.0
1,0.046369314193725586,1,1,1e-06,0.0
1,0.0037431716918945312,1,1,1e-06,0.0
1,0.025986194610595703,1,1,1e-06,0.0
1,0.021503686904907227,1,1,1e-06,0.0
1,0.0035533905029296875,1,1,1e-06,0.0
1,0.020453453063964844,1,1,1e-06,0.0
1,0.017589330673217773,1,1,1e-06,0.0
1,0.003970623016357422,1,1,1e-06,0.0
1,0.003030061721801758,1,1,1e-06,0.0
1,0.0034422874450683594,1,1,1e-06,0.0
1,0.0028007030487060547,1,1,1e-06,0.0
1,0.004315614700317383,1,1,1e-06,0.0
1,0.0047948360443115234,1,1,1e-06,0.0
1,0.0027320384979248047,1,1,1e-06,0.0
1,0.004884243011474609,1,1,1e-06,0.0
1,0.004109382629394531,1,1,1e-06,0.0
1,0.004027605056762695,1,1,1e-06,0.0
1,0.0027871131896972656,1,1,1e-06,0.0
1,0.006009340286254883,1,1,1e-06,0.0
1,0.07761621475219727,1,1,1e-06,0.0
1,0.0027391910552978516,1,1,1e-06,0.0
1,0.0025603771209716797,1,1,1e-06,0.0
1,0.003316164016723633,1,1,1e-06,0.0
1,0.016531705856323242,1,1,1e-06,0.0
1,0.004967927932739258,1,1,1e-06,0.0
1,0.0027494430541992188,1,1,1e-06,0.0
1,0.0030350685119628906,1,1,1e-06,0.0
1,0.06769800186157227,1,1,1e-06,0.0
1,0.0047032833099365234,1,1,1e-06,0.0
1,0.02182459831237793,1,1,1e-06,0.0
1,0.0035729408264160156,1,1,1e-06,0.0
1,0.00870370864868164,1,1,1e-06,0.0
1,0.023310184478759766,1,1,1e-06,0.0
1,0.0039408206939697266,1,1,1e-06,0.0
1,0.005902767181396484,1,1,1e-06,0.0
1,0.0032515525817871094,1,1,1e-06,0.0
1,0.0031061172485351562,1,1,1e-06,0.0
1,0.003712892532348633,1,1,1e-06,0.0
1,0.003044605255126953,1,1,1e-06,0.0
1,0.004141569137573242,1,1,1e-06,0.0
1,0.004394054412841797,1,1,1e-06,0.0
1,0.0039784908294677734,1,1,1e-06,0.0
1,0.0050699710845947266,1,1,1e-06,0.0
1,0.0038466453552246094,1,1,1e-06,0.0
1,0.005244255065917969,1,1,1e-06,0.0
1,0.0036182403564453125,1,1,1e-06,0.0
1,0.04731321334838867,1,1,1e-06,0.0
1,0.004686594009399414,1,1,1e-06,0.0
1,0.04543042182922363,1,1,1e-06,0.0
1,0.022125720977783203,1,1,1e-06,0.0
1,0.13916802406311035,1,1,1e-06,0.0
1,0.003259897232055664,1,1,1e-06,0.0
1,0.004188060760498047,1,1,1e-06,0.0
1,0.0031375885009765625,1,1,1e-06,0.0
1,0.026088714599609375,1,1,1e-06,0.0
1,0.012618303298950195,1,1,1e-06,0.0
1,0.05187344551086426,1,1,1e-06,0.0
1,0.028321504592895508,1,1,1e-06,0.0
1,0.017090559005737305,1,1,1e-06,0.0
1,0.004987955093383789,1,1,1e-06,0.0
1,0.021892786026000977,1,1,1e-06,0.0
1,0.005494832992553711,1,1,1e-06,0.0
1,0.005571842193603516,1,1,1e-06,0.0
1,0.0031528472900390625,1,1,1e-06,0.0
1,0.005895137786865234,1,1,1e-06,0.0
1,0.0043125152587890625,1,1,1e-06,0.0
1,0.004831075668334961,1,1,1e-06,0.0
1,0.012025117874145508,1,1,1e-06,0.0
1,0.004469871520996094,1,1,1e-06,0.0
1,0.0050127506256103516,1,1,1e-06,0.0
1,0.007464408874511719,1,1,1e-06,0.0
1,0.004530191421508789,1,1,1e-06,0.0
1,0.01905369758605957,1,1,1e-06,0.0
1,0.0060825347900390625,1,1,1e-06,0.0
1,0.05813455581665039,1,1,1e-06,0.0
1,0.006765127182006836,1,1,1e-06,0.0
1,0.07555413246154785,1,1,1e-06,0.0
1,0.004934787750244141,1,1,1e-06,0.0
1,0.007207393646240234,1,1,1e-06,0.0
1,0.00458979606628418,1,1,1e-06,0.0
1,0.005099773406982422,1,1,1e-06,0.0
1,0.0038864612579345703,1,1,1e-06,0.0
1,0.004030704498291016,1,1,1e-06,0.0
1,0.004431486129760742,1,1,1e-06,0.0
1,0.0038805007934570312,1,1,1e-06,0.0
1,0.008535385131835938,1,1,1e-06,0.0
1,0.003972053527832031,1,1,1e-06,0.0
1,0.002857685089111328,1,1,1e-06,0.0
1,0.0064508914947509766,1,1,1e-06,0.0
1,0.0071370601654052734,1,1,1e-06,0.0
1,0.048227548599243164,1,1,1e-06,0.0
1,0.04858756065368652,1,1,1e-06,0.0
1,0.004518032073974609,1,1,1e-06,0.0
1,0.004382133483886719,1,1,1e-06,0.0
1,0.0032944679260253906,1,1,1e-06,0.0
1,0.0035431385040283203,1,1,1e-06,0.0
1,0.0034494400024414062,1,1,1e-06,0.0
1,0.009723186492919922,1,1,1e-06,0.0
1,0.0038743019104003906,1,1,1e-06,0.0
1,0.007709503173828125,1,1,1e-06,0.0
1,0.009890317916870117,1,1,1e-06,0.0
1,0.0039768218994140625,1,1,1e-06,0.0
1,0.004533529281616211,1,1,1e-06,0.0
1,0.013028144836425781,1,1,1e-06,0.0
1,0.04825329780578613,1,1,1e-06,0.0
1,0.0029571056365966797,1,1,1e-06,0.0
1,0.01268768310546875,1,1,1e-06,0.0
1,0.0444028377532959,1,1,1e-06,0.0
1,0.0030221939086914062,1,1,1e-06,0.0
1,0.003298044204711914,1,1,1e-06,0.0
1,0.011441230773925781,1,1,1e-06,0.0
1,0.0038416385650634766,1,1,1e-06,0.0
1,0.006867170333862305,1,1,1e-06,0.0
1,0.011951208114624023,1,1,1e-06,0.0
1,0.0035104751586914062,1,1,1e-06,0.0
1,0.003397703170776367,1,1,1e-06,0.0
1,0.008388996124267578,1,1,1e-06,0.0
1,0.010074615478515625,1,1,1e-06,0.0
1,0.0037183761596679688,1,1,1e-06,0.0
1,0.00347900390625,1,1,1e-06,0.0
1,0.00356292724609375,1,1,1e-06,0.0
1,0.003700733184814453,1,1,1e-06,0.0
1,0.023776531219482422,1,1,1e-06,0.0
1,0.0075571537017822266,1,1,1e-06,0.0
1,0.003041982650756836,1,1,1e-06,0.0
1,0.0029442310333251953,1,1,1e-06,0.0
1,0.012072086334228516,1,1,1e-06,0.0
1,0.002774953842163086,1,1,1e-06,0.0
1,0.006739377975463867,1,1,1e-06,0.0
1,0.011026859283447266,1,1,1e-06,0.0
1,0.007868289947509766,1,1,1e-06,0.0
1,0.004045248031616211,1,1,1e-06,0.0
1,0.012546062469482422,1,1,1e-06,0.0
1,0.04043936729431152,1,1,1e-06,0.0
1,0.0035088062286376953,1,1,1e-06,0.0
1,0.011273384094238281,1,1,1e-06,0.0
1,0.00404667854309082,1,1,1e-06,0.0
1,0.029904842376708984,1,1,1e-06,0.0
1,0.012600421905517578,1,1,1e-06,0.0
1,0.004304409027099609,1,1,1e-06,0.0
1,0.003477334976196289,1,1,1e-06,0.0
1,0.06019425392150879,1,1,1e-06,0.0
1,0.003259897232055664,1,1,1e-06,0.0
1,0.003936290740966797,1,1,1e-06,0.0
1,0.012340068817138672,1,1,1e-06,0.0
1,0.05382871627807617,1,1,1e-06,0.0
1,0.003843545913696289,1,1,1e-06,0.0
1,0.0034596920013427734,1,1,1e-06,0.0
1,0.00629115104675293,1,1,1e-06,0.0
1,0.05317282676696777,1,1,1e-06,0.0
1,0.04732203483581543,1,1,1e-06,0.0
1,0.0029878616333007812,1,1,1e-06,0.0
1,0.014307737350463867,1,1,1e-06,0.0
1,0.0033206939697265625,1,1,1e-06,0.0
1,0.004106283187866211,1,1,1e-06,0.0
1,0.011027812957763672,1,1,1e-06,0.0
1,0.0036351680755615234,1,1,1e-06,0.0
1,0.012392997741699219,1,1,1e-06,0.0
1,0.0034842491149902344,1,1,1e-06,0.0
1,0.007187604904174805,1,1,1e-06,0.0
1,0.006276607513427734,1,1,1e-06,0.0
1,0.004118442535400391,1,1,1e-06,0.0
1,0.003400564193725586,1,1,1e-06,0.0
1,0.01372218132019043,1,1,1e-06,0.0
1,0.003575563430786133,1,1,1e-06,0.0
1,0.2723708152770996,1,1,1e-06,0.0
1,0.0025942325592041016,1,1,1e-06,0.0
1,0.004732608795166016,1,1,1e-06,0.0
1,0.0038857460021972656,1,1,1e-06,0.0
1,0.0048007965087890625,1,1,1e-06,0.0
1,0.0032150745391845703,1,1,1e-06,0.0
1,0.0041811466217041016,1,1,1e-06,0.0
1,0.03797483444213867,1,1,1e-06,0.0
1,0.002952098846435547,1,1,1e-06,0.0
1,0.006212472915649414,1,1,1e-06,0.0
1,0.03306937217712402,1,1,1e-06,0.0
1,0.005500078201293945,1,1,1e-06,0.0
1,0.004202604293823242,1,1,1e-06,0.0
1,0.004020214080810547,1,1,1e-06,0.0
1,0.003334522247314453,1,1,1e-06,0.0
0,1.0332930088043213,0,0,,0.0
1,0.019766807556152344,1,1,1e-06,0.0
1,0.019189834594726562,1,1,1e-06,0.0
1,0.01118612289428711,1,1,1e-06,0.0
1,0.003827810287475586,1,1,1e-06,0.0
1,0.007346630096435547,1,1,1e-06,0.0
1,0.015446662902832031,1,1,1e-06,0.0
1,0.025284290313720703,1,1,1e-06,0.0
1,0.00476527214050293,1,1,1e-06,0.0
1,0.09637022018432617,1,1,1e-06,0.0
1,0.0033311843872070312,1,1,1e-06,0.0
1,0.009253501892089844,1,1,1e-06,0.0
1,0.07183337211608887,1,1,1e-06,0.0
1,0.003384113311767578,1,1,1e-06,0.0
1,0.004979372024536133,1,1,1e-06,0.0
1,0.00554656982421875,1,1,1e-06,0.0
1,0.0025238990783691406,1,1,1e-06,0.0
1,0.018735170364379883,1,1,1e-06,0.0
1,0.0044405460357666016,1,1,1e-06,0.0
1,0.03427553176879883,1,1,1e-06,0.0
1,0.004816532135009766,1,1,1e-06,0.0
1,0.049570322036743164,1,1,1e-06,0.0
1,0.003859996795654297,1,1,1e-06,0.0
1,0.0789496898651123,1,1,1e-06,0.0
1,0.005400896072387695,1,1,1e-06,0.0
1,0.0038747787475585938,1,1,1e-06,0.0
1,0.03783106803894043,1,1,1e-06,0.0
1,0.0038352012634277344,1,1,1e-06,0.0
1,0.005376338958740234,1,1,1e-06,0.0
1,0.006380558013916016,1,1,1e-06,0.0
1,0.13234734535217285,1,1,1e-06,0.0
1,0.004591941833496094,1,1,1e-06,0.0
1,0.005067348480224609,1,1,1e-06,0.0
1,0.007974863052368164,1,1,1e-06,0.0
1,0.0032587051391601562,1,1,1e-06,0.0
1,0.002461671829223633,1,1,1e-06,0.0
1,0.005040407180786133,1,1,1e-06,0.0
1,0.009673833847045898,1,1,1e-06,0.0
1,0.005486488342285156,1,1,1e-06,0.0
1,0.004058122634887695,1,1,1e-06,0.0
1,0.013102531433105469,1,1,1e-06,0.0
1,0.006169557571411133,1,1,1e-06,0.0
1,0.005388021469116211,1,1,1e-06,0.0
1,0.0042819976806640625,1,1,1e-06,0.0
1,0.004250288009643555,1,1,1e-06,0.0
1,0.00499725341796875,1,1,1e-06,0.0
1,0.0058290958404541016,1,1,1e-06,0.0
1,0.0052187442779541016,1,1,1e-06,0.0
1,0.007588624954223633,1,1,1e-06,0.0
1,0.004807472229003906,1,1,1e-06,0.0
1,0.008388042449951172,1,1,1e-06,0.0
1,0.005156040191650391,1,1,1e-06,0.0
1,0.009748697280883789,1,1,1e-06,0.0
1,0.06531524658203125,1,1,1e-06,0.0
1,0.010180950164794922,1,1,1e-06,0.0
1,0.009089469909667969,1,1,1e-06,0.0
1,0.006552457809448242,1,1,1e-06,0.0
1,0.005148649215698242,1,1,1e-06,0.0
1,0.002341747283935547,1,1,1e-06,0.0
1,0.0020546913146972656,1,1,1e-06,0.0
1,0.0035676956176757812,1,1,1e-06,0.0
1,0.003601551055908203,1,1,1e-06,0.0
1,0.011200904846191406,1,1,1e-06,0.0
1,0.0062236785888671875,1,1,1e-06,0.0
1,0.0036468505859375,1,1,1e-06,0.0
1,0.026439428329467773,1,1,1e-06,0.0
1,0.002260446548461914,1,1,1e-06,0.0
1,0.025054454803466797,1,1,1e-06,0.0
1,0.0058746337890625,1,1,1e-06,0.0
1,0.00472259521484375,1,1,1e-06,0.0
1,0.006860494613647461,1,1,1e-06,0.0
1,0.003643035888671875,1,1,1e-06,0.0
1,0.0038247108459472656,1,1,1e-06,0.0
1,0.0056610107421875,1,1,1e-06,0.0
1,0.0034461021423339844,1,1,1e-06,0.0
1,0.007524251937866211,1,1,1e-06,0.0
1,0.004578590393066406,1,1,1e-06,0.0
1,0.03211379051208496,1,1,1e-06,0.0
1,0.0029134750366210938,1,1,1e-06,0.0
1,0.0041866302490234375,1,1,1e-06,0.0
1,0.0037546157836914062,1,1,1e-06,0.0
1,0.0035135746002197266,1,1,1e-06,0.0
1,0.002506256103515625,1,1,1e-06,0.0
1,0.003675222396850586,1,1,1e-06,0.0
1,0.029646873474121094,1,1,1e-06,0.0
1,0.005869150161743164,1,1,1e-06,0.0
1,0.004599332809448242,1,1,1e-06,0.0
1,0.004054546356201172,1,1,1e-06,0.0
1,0.0024869441986083984,1,1,1e-06,0.0
1,0.008675575256347656,1,1,1e-06,0.0
1,0.06602668762207031,1,1,1e-06,0.0
1,0.002592802047729492,1,1,1e-06,0.0
1,0.002743244171142578,1,1,1e-06,0.0
1,0.0035524368286132812,1,1,1e-06,0.0
1,0.003964900970458984,1,1,1e-06,0.0
1,0.004121541976928711,1,1,1e-06,0.0
1,0.0035469532012939453,1,1,1e-06,0.0
1,0.002830028533935547,1,1,1e-06,0.0
1,0.002640247344970703,1,1,1e-06,0.0
1,0.031906843185424805,1,1,1e-06,0.0
1,0.004068613052368164,1,1,1e-06,0.0
1,0.0027914047241210938,1,1,1e-06,0.0
1,0.0027663707733154297,1,1,1e-06,0.0
1,0.0076694488525390625,1,1,1e-06,0.0
1,0.003198385238647461,1,1,1e-06,0.0
1,0.03635096549987793,1,1,1e-06,0.0
1,0.006047964096069336,1,1,1e-06,0.0
1,0.004087209701538086,1,1,1e-06,0.0
1,0.03346657752990723,1,1,1e-06,0.0
1,0.0035834312438964844,1,1,1e-06,0.0
1,0.0028107166290283203,1,1,1e-06,0.0
1,0.002537965774536133,1,1,1e-06,0.0
1,0.0023844242095947266,1,1,1e-06,0.0
1,0.02507805824279785,1,1,1e-06,0.0
1,0.005822896957397461,1,1,1e-06,0.0
1,0.004423618316650391,1,1,1e-06,0.0
1,0.03687763214111328,1,1,1e-06,0.0
1,0.003900766372680664,1,1,1e-06,0.0
1,0.005224704742431641,1,1,1e-06,0.0
1,0.02273106575012207,1,1,1e-06,0.0
1,0.004014015197753906,1,1,1e-06,0.0
1,0.02374124526977539,1,1,1e-06,0.0
1,0.0038483142852783203,1,1,1e-06,0.0
1,0.016680479049682617,1,1,1e-06,0.0
1,0.003342151641845703,1,1,1e-06,0.0
1,0.06425023078918457,1,1,1e-06,0.0
1,0.004258632659912109,1,1,1e-06,0.0
1,0.009645223617553711,1,1,1e-06,0.0
1,0.02016735076904297,1,1,1e-06,0.0
1,0.004700422286987305,1,1,1e-06,0.0
1,0.003167390823364258,1,1,1e-06,0.0
1,0.0034279823303222656,1,1,1e-06,0.0
1,0.004606008529663086,1,1,1e-06,0.0
1,0.0036215782165527344,1,1,1e-06,0.0
1,0.002880096435546875,1,1,1e-06,0.0
1,0.1871204376220703,1,1,1e-06,0.0
1,0.0023088455200195312,1,1,1e-06,0.0
1,0.002225160598754883,1,1,1e-06,0.0
1,0.0028121471405029297,1,1,1e-06,0.0
1,0.015425920486450195,1,1,1e-06,0.0
1,0.0034101009368896484,1,1,1e-06,0.0
1,0.0037353038787841797,1,1,1e-06,0.0
1,0.0046575069427490234,1,1,1e-06,0.0
1,0.0033311843872070312,1,1,1e-06,0.0
1,0.003876924514770508,1,1,1e-06,0.0
1,0.03804159164428711,1,1,1e-06,0.0
1,0.0033380985260009766,1,1,1e-06,0.0
1,0.0036182403564453125,1,1,1e-06,0.0
1,0.0029821395874023438,1,1,1e-06,0.0
1,0.00471806526184082,1,1,1e-06,0.0
1,0.003290414810180664,1,1,1e-06,0.0
1,0.013605356216430664,1,1,1e-06,0.0
1,0.02097344398498535,1,1,1e-06,0.0
1,0.003108501434326172,1,1,1e-06,0.0
1,0.002147674560546875,1,1,1e-06,0.0
1,0.00945901870727539,1,1,1e-06,0.0
1,0.005030155181884766,1,1,1e-06,0.0
1,0.0045969486236572266,1,1,1e-06,0.0
1,0.004509925842285156,1,1,1e-06,0.0
1,0.002839803695678711,1,1,1e-06,0.0
1,0.0029723644256591797,1,1,1e-06,0.0
1,0.0039212703704833984,1,1,1e-06,0.0
1,0.0034494400024414062,1,1,1e-06,0.0
1,0.003432750701904297,1,1,1e-06,0.0
1,0.015212535858154297,1,1,1e-06,0.0
1,0.0031280517578125,1,1,1e-06,0.0
1,0.0033309459686279297,1,1,1e-06,0.0
1,0.022654056549072266,1,1,1e-06,0.0
1,0.004112720489501953,1,1,1e-06,0.0
1,0.0066111087799072266,1,1,1e-06,0.0
1,0.0034334659576416016,1,1,1e-06,0.0
1,0.0046007633209228516,1,1,1e-06,0.0
1,0.03145408630371094,1,1,1e-06,0.0
1,0.004209041595458984,1,1,1e-06,0.0
1,0.00400996208190918,1,1,1e-06,0.0
1,0.0027582645416259766,1,1,1e-06,0.0
1,0.004251956939697266,1,1,1e-06,0.0
1,0.019012451171875,1,1,1e-06,0.0
1,0.0028336048126220703,1,1,1e-06,0.0
1,0.032645225524902344,1,1,1e-06,0.0
1,0.003640413284301758,1,1,1e-06,0.0
1,0.0033292770385742188,1,1,1e-06,0.0
1,0.004238605499267578,1,1,1e-06,0.0
1,0.007133007049560547,1,1,1e-06,0.0
1,0.006247043609619141,1,1,1e-06,0.0
1,0.003019094467163086,1,1,1e-06,0.0
1,0.005263090133666992,1,1,1e-06,0.0
1,0.0033266544342041016,1,1,1e-06,0.0
1,0.0019583702087402344,1,1,1e-06,0.0
1,0.002141714096069336,1,1,1e-06,0.0
1,0.019073963165283203,1,1,1e-06,0.0
1,0.004526853561401367,1,1,1e-06,0.0
1,0.003297090530395508,1,1,1e-06,0.0
1,0.006484270095825195,1,1,1e-06,0.0
1,0.002699136734008789,1,1,1e-06,0.0
1,0.009761333465576172,1,1,1e-06,0.0
1,0.003599405288696289,1,1,1e-06,0.0
1,0.0029878616333007812,1,1,1e-06,0.0
1,0.004174709320068359,1,1,1e-06,0.0
1,0.003036975860595703,1,1,1e-06,0.0
1,0.004479885101318359,1,1,1e-06,0.0
1,0.008768558502197266,1,1,1e-06,0.0
1,0.0035610198974609375,1,1,1e-06,0.0
1,0.005041837692260742,1,1,1e-06,0.0
1,0.002894878387451172,1,1,1e-06,0.0
1,0.002234220504760742,1,1,1e-06,0.0
1,0.01000213623046875,1,1,1e-06,0.0
1,0.0020318031311035156,1,1,1e-06,0.0
1,0.018010616302490234,1,1,1e-06,0.0
1,0.0057752132415771484,1,1,1e-06,0.0
1,0.003725767135620117,1,1,1e-06,0.0
1,0.0024251937866210938,1,1,1e-06,0.0
1,0.02920842170715332,1,1,1e-06,0.0
1,0.012893199920654297,1,1,1e-06,0.0
1,0.003711700439453125,1,1,1e-06,0.0
1,0.004048585891723633,1,1,1e-06,0.0
1,0.005408287048339844,1,1,1e-06,0.0
1,0.005972146987915039,1,1,1e-06,0.0
1,0.004698753356933594,1,1,1e-06,0.0
1,0.002904176712036133,1,1,1e-06,0.0
1,0.05939173698425293,1,1,1e-06,0.0
1,0.0038840770721435547,1,1,1e-06,0.0
1,0.0029947757720947266,1,1,1e-06,0.0
1,0.003309488296508789,1,1,1e-06,0.0
1,0.004853248596191406,1,1,1e-06,0.0
1,0.0027375221252441406,1,1,1e-06,0.0
1,0.002634286880493164,1,1,1e-06,0.0
1,0.0029108524322509766,1,1,1e-06,0.0
1,0.0044291019439697266,1,1,1e-06,0.0
1,0.006531476974487305,1,1,1e-06,0.0
1,0.03161311149597168,1,1,1e-06,0.0
1,0.0031311511993408203,1,1,1e-06,0.0
1,0.013114452362060547,1,1,1e-06,0.0
1,0.009458303451538086,1,1,1e-06,0.0
1,0.0040247440338134766,1,1,1e-06,0.0
1,0.04444694519042969,1,1,1e-06,0.0
1,0.003520488739013672,1,1,1e-06,0.0
1,0.004185914993286133,1,1,1e-06,0.0
1,0.01587820053100586,1,1,1e-06,0.0
1,0.02456974983215332,1,1,1e-06,0.0
1,0.02711963653564453,1,1,1e-06,0.0
1,0.002876758575439453,1,1,1e-06,0.0
1,0.027201175689697266,1,1,1e-06,0.0
1,0.002797365188598633,1,1,1e-06,0.0
1,0.0038557052612304688,1,1,1e-06,0.0
1,0.0025200843811035156,1,1,1e-06,0.0
1,0.003023862838745117,1,1,1e-06,0.0
1,0.005217075347900391,1,1,1e-06,0.0
1,0.006075143814086914,1,1,1e-06,0.0
1,0.007320404052734375,1,1,1e-06,0.0
1,0.004680633544921875,1,1,1e-06,0.0
1,0.008650064468383789,1,1,1e-06,0.0
1,0.026504993438720703,1,1,1e-06,0.0
1,0.005257844924926758,1,1,1e-06,0.0
1,0.022962570190429688,1,1,1e-06,0.0
1,0.005019187927246094,1,1,1e-06,0.0
1,0.004470109939575195,1,1,1e-06,0.0
1,0.009828329086303711,1,1,1e-06,0.0
1,0.019493818283081055,1,1,1e-06,0.0
1,0.003559589385986328,1,1,1e-06,0.0
1,0.0024764537811279297,1,1,1e-06,0.0
1,0.02190876007080078,1,1,1e-06,0.0
1,0.037832021713256836,1,1,1e-06,0.0
1,0.0033791065216064453,1,1,1e-06,0.0
1,0.0034122467041015625,1,1,1e-06,0.0
1,0.07379794120788574,1,1,1e-06,0.0
1,0.003868579864501953,1,1,1e-06,0.0
1,0.002970457077026367,1,1,1e-06,0.0
1,0.0025756359100341797,1,1,1e-06,0.0
1,0.00290679931640625,1,1,1e-06,0.0
1,0.00286102294921875,1,1,1e-06,0.0
1,0.015339374542236328,1,1,1e-06,0.0
1,0.005977153778076172,1,1,1e-06,0.0
1,0.012108564376831055,1,1,1e-06,0.0
1,0.005177974700927734,1,1,1e-06,0.0
1,0.0028200149536132812,1,1,1e-06,0.0
1,0.018153905868530273,1,1,1e-06,0.0
1,0.0028619766235351562,1,1,1e-06,0.0
1,0.011728048324584961,1,1,1e-06,0.0
1,0.0035707950592041016,1,1,1e-06,0.0
1,0.009126663208007812,1,1,1e-06,0.0
1,0.007250785827636719,1,1,1e-06,0.0
1,0.0031936168670654297,1,1,1e-06,0.0
1,0.006577491760253906,1,1,1e-06,0.0
1,0.007510662078857422,1,1,1e-06,0.0
1,0.0034029483795166016,1,1,1e-06,0.0
1,0.0025730133056640625,1,1,1e-06,0.0
1,0.0035126209259033203,1,1,1e-06,0.0
1,0.0037729740142822266,1,1,1e-06,0.0
1,0.003728628158569336,1,1,1e-06,0.0
1,0.007620096206665039,1,1,1e-06,0.0
1,0.045345306396484375,1,1,1e-06,0.0
1,0.0027284622192382812,1,1,1e-06,0.0
1,0.0030808448791503906,1,1,1e-06,0.0
1,0.003023862838745117,1,1,1e-06,0.0
1,0.03077220916748047,1,1,1e-06,0.0
1,0.005547046661376953,1,1,1e-06,0.0
1,0.0061757564544677734,1,1,1e-06,0.0
1,0.0032491683959960938,1,1,1e-06,0.0
1,0.0022666454315185547,1,1,1e-06,0.0
1,0.003434419631958008,1,1,1e-06,0.0
1,0.004315853118896484,1,1,1e-06,0.0
1,0.0032036304473876953,1,1,1e-06,0.0
1,0.0025327205657958984,1,1,1e-06,0.0
1,0.0033822059631347656,1,1,1e-06,0.0
1,0.0034646987915039062,1,1,1e-06,0.0
1,0.034255027770996094,1,1,1e-06,0.0
1,0.0032782554626464844,1,1,1e-06,0.0
1,0.005444049835205078,1,1,1e-06,0.0
1,0.003099203109741211,1,1,1e-06,0.0
1,0.00539398193359375,1,1,1e-06,0.0
1,0.002677440643310547,1,1,1e-06,0.0
1,0.032158613204956055,1,1,1e-06,0.0
1,0.0026226043701171875,1,1,1e-06,0.0
1,0.007997512817382812,1,1,1e-06,0.0
1,0.0041615962982177734,1,1,1e-06,0.0
1,0.0035300254821777344,1,1,1e-06,0.0
1,0.004670381546020508,1,1,1e-06,0.0
1,0.0038917064666748047,1,1,1e-06,0.0
1,0.004131317138671875,1,1,1e-06,0.0
1,0.014520645141601562,1,1,1e-06,0.0
1,0.0020904541015625,1,1,1e-06,0.0
1,0.007701396942138672,1,1,1e-06,0.0
1,0.0021300315856933594,1,1,1e-06,0.0
1,0.0031588077545166016,1,1,1e-06,0.0
1,0.004385709762573242,1,1,1e-06,0.0
1,0.005420207977294922,1,1,1e-06,0.0
1,0.004614591598510742,1,1,1e-06,0.0
1,0.0035414695739746094,1,1,1e-06,0.0
1,0.003476858139038086,1,1,1e-06,0.0
1,0.0060634613037109375,1,1,1e-06,0.0
1,0.0039234161376953125,1,1,1e-06,0.0
1,0.04735112190246582,1,1,1e-06,0.0
1,0.02343297004699707,1,1,1e-06,0.0
1,0.0027854442596435547,1,1,1e-06,0.0
1,0.0028514862060546875,1,1,1e-06,0.0
1,0.003558635711669922,1,1,1e-06,0.0
1,0.0037598609924316406,1,1,1e-06,0.0
1,0.002576112747192383,1,1,1e-06,0.0
1,0.06132984161376953,1,1,1e-06,0.0
1,0.005770206451416016,1,1,1e-06,0.0
1,0.017982006072998047,1,1,1e-06,0.0
1,0.003696918487548828,1,1,1e-06,0.0
1,0.03905844688415527,1,1,1e-06,0.0
1,0.0024538040161132812,1,1,1e-06,0.0
1,0.0027794837951660156,1,1,1e-06,0.0
1,0.0065000057220458984,1,1,1e-06,0.0
1,0.016297101974487305,1,1,1e-06,0.0
1,0.0025644302368164062,1,1,1e-06,0.0
1,0.0030679702758789062,1,1,1e-06,0.0
1,0.014684200286865234,1,1,1e-06,0.0
1,0.0023200511932373047,1,1,1e-06,0.0
1,0.002852201461791992,1,1,1e-06,0.0
1,0.0030214786529541016,1,1,1e-06,0.0
1,0.005162954330444336,1,1,1e-06,0.0
1,0.008056402206420898,1,1,1e-06,0.0
1,0.0028297901153564453,1,1,1e-06,0.0
1,0.0032532215118408203,1,1,1e-06,0.0
1,0.027780771255493164,1,1,1e-06,0.0
1,0.0028743743896484375,1,1,1e-06,0.0
1,0.002365589141845703,1,1,1e-06,0.0
1,0.0060575008392333984,1,1,1e-06,0.0
1,0.004636287689208984,1,1,1e-06,0.0
1,0.0036613941192626953,1,1,1e-06,0.0
1,0.008199453353881836,1,1,1e-06,0.0
1,0.10342788696289062,1,1,1e-06,0.0
1,0.004474639892578125,1,1,1e-06,0.0
1,0.0032176971435546875,1,1,1e-06,0.0
1,0.003832578659057617,1,1,1e-06,0.0
1,0.005504131317138672,1,1,1e-06,0.0
1,0.002713441848754883,1,1,1e-06,0.0
1,0.004357814788818359,1,1,1e-06,0.0
1,0.003507375717163086,1,1,1e-06,0.0
1,0.006108283996582031,1,1,1e-06,0.0
1,0.005881786346435547,1,1,1e-06,0.0
1,0.003557443618774414,1,1,1e-06,0.0
1,0.020941495895385742,1,1,1e-06,0.0
1,0.0039615631103515625,1,1,1e-06,0.0
1,0.005333900451660156,1,1,1e-06,0.0
1,0.0032896995544433594,1,1,1e-06,0.0
1,0.00376129150390625,1,1,1e-06,0.0
1,0.002918243408203125,1,1,1e-06,0.0
1,0.005719661712646484,1,1,1e-06,0.0
1,0.030470848083496094,1,1,1e-06,0.0
1,0.0029456615447998047,1,1,1e-06,0.0
1,0.034200429916381836,1,1,1e-06,0.0
1,0.007577180862426758,1,1,1e-06,0.0
1,0.004528522491455078,1,1,1e-06,0.0
1,0.0032796859741210938,1,1,1e-06,0.0
1,0.007922649383544922,1,1,1e-06,0.0
1,0.0033736228942871094,1,1,1e-06,0.0
1,0.0572052001953125,1,1,1e-06,0.0
1,0.002866983413696289,1,1,1e-06,0.0
1,0.003196239471435547,1,1,1e-06,0.0
1,0.0033998489379882812,1,1,1e-06,0.0
1,0.005915403366088867,1,1,1e-06,0.0
1,0.0026311874389648438,1,1,1e-06,0.0
1,0.0025949478149414062,1,1,1e-06,0.0
1,0.0035207271575927734,1,1,1e-06,0.0
1,0.0032842159271240234,1,1,1e-06,0.0
1,0.003191232681274414,1,1,1e-06,0.0
1,0.004221439361572266,1,1,1e-06,0.0
1,0.003048419952392578,1,1,1e-06,0.0
1,0.00359344482421875,1,1,1e-06,0.0
1,0.0021958351135253906,1,1,1e-06,0.0
1,0.0041811466217041016,1,1,1e-06,0.0
1,0.004292011260986328,1,1,1e-06,0.0
1,0.002508878707885742,1,1,1e-06,0.0
1,0.0028917789459228516,1,1,1e-06,0.0
1,0.004109621047973633,1,1,1e-06,0.0
1,0.002618074417114258,1,1,1e-06,0.0
1,0.002431631088256836,1,1,1e-06,0.0
1,0.0027768611907958984,1,1,1e-06,0.0
1,0.006405353546142578,1,1,1e-06,0.0
1,0.004283428192138672,1,1,1e-06,0.0
1,0.00395512580871582,1,1,1e-06,0.0
1,0.03960108757019043,1,1,1e-06,0.0
1,0.004730939865112305,1,1,1e-06,0.0
1,0.012370824813842773,1,1,1e-06,0.0
1,0.004344463348388672,1,1,1e-06,0.0
1,0.0032613277435302734,1,1,1e-06,0.0
1,0.003081083297729492,1,1,1e-06,0.0
1,0.005269765853881836,1,1,1e-06,0.0
1,0.17586779594421387,1,1,1e-06,0.0
1,0.003502368927001953,1,1,1e-06,0.0
1,0.007073879241943359,1,1,1e-06,0.0
1,0.0025298595428466797,1,1,1e-06,0.0
1,0.01120758056640625,1,1,1e-06,0.0
1,0.020325899124145508,1,1,1e-06,0.0
1,0.004140377044677734,1,1,1e-06,0.0
1,0.01206350326538086,1,1,1e-06,0.0
1,0.00408625602722168,1,1,1e-06,0.0
1,0.0028848648071289062,1,1,1e-06,0.0
1,0.003517627716064453,1,1,1e-06,0.0
1,0.008722543716430664,1,1,1e-06,0.0
1,0.027607440948486328,1,1,1e-06,0.0
1,0.01363825798034668,1,1,1e-06,0.0
1,0.008936882019042969,1,1,1e-06,0.0
1,0.008002519607543945,1,1,1e-06,0.0
1,0.004468441009521484,1,1,1e-06,0.0
1,0.004056215286254883,1,1,1e-06,0.0
0,1.0836961269378662,0,0,,0.0
1,0.012747049331665039,1,1,1e-06,0.0
1,0.004755496978759766,1,1,1e-06,0.0
1,0.004925727844238281,1,1,1e-06,0.0
1,0.011966705322265625,1,1,1e-06,0.0
1,0.9749629497528076,1,1,1e-06,0.0
1,0.011256694793701172,1,1,1e-06,0.0
1,0.004565238952636719,1,1,1e-06,0.0
1,0.013754606246948242,1,1,1e-06,0.0
1,0.017858266830444336,1,1,1e-06,0.0
1,0.00403904914855957,1,1,1e-06,0.0
1,0.01469874382019043,1,1,1e-06,0.0
1,0.39967846870422363,1,1,1e-06,0.0
1,0.004439830780029297,1,1,1e-06,0.0
1,0.037180423736572266,1,1,1e-06,0.0
1,0.0028684139251708984,1,1,1e-06,0.0
1,0.09783577919006348,1,1,1e-06,0.0
1,0.00782465934753418,1,1,1e-06,0.0
1,0.004961252212524414,1,1,1e-06,0.0
1,0.00406193733215332,1,1,1e-06,0.0
1,0.005637407302856445,1,1,1e-06,0.0
1,0.005116939544677734,1,1,1e-06,0.0
1,0.005858898162841797,1,1,1e-06,0.0
1,0.03895974159240723,1,1,1e-06,0.0
1,0.004731178283691406,1,1,1e-06,0.0
1,0.0053980350494384766,1,1,1e-06,0.0
1,0.0041768550872802734,1,1,1e-06,0.0
1,0.006560802459716797,1,1,1e-06,0.0
1,0.046838998794555664,1,1,1e-06,0.0
1,0.007291316986083984,1,1,1e-06,0.0
1,0.004785776138305664,1,1,1e-06,0.0
1,0.004713773727416992,1,1,1e-06,0.0
1,0.007788419723510742,1,1,1e-06,0.0
1,0.00458979606628418,1,1,1e-06,0.0
1,0.01843857765197754,1,1,1e-06,0.0
1,0.07508206367492676,1,1,1e-06,0.0
1,0.006196260452270508,1,1,1e-06,0.0
1,0.005649566650390625,1,1,1e-06,0.0
1,0.005245208740234375,1,1,1e-06,0.0
1,0.0027434825897216797,1,1,1e-06,0.0
1,0.03986334800720215,1,1,1e-06,0.0
1,0.004206418991088867,1,1,1e-06,0.0
1,0.0028142929077148438,1,1,1e-06,0.0
1,0.005301952362060547,1,1,1e-06,0.0
1,0.0029230117797851562,1,1,1e-06,0.0
1,0.0026743412017822266,1,1,1e-06,0.0
1,0.002961874008178711,1,1,1e-06,0.0
1,0.0024747848510742188,1,1,1e-06,0.0
1,0.002416372299194336,1,1,1e-06,0.0
1,0.0038454532623291016,1,1,1e-06,0.0
1,0.0022466182708740234,1,1,1e-06,0.0
1,0.0026645660400390625,1,1,1e-06,0.0
1,0.040700435638427734,1,1,1e-06,0.0
1,0.0027489662170410156,1,1,1e-06,0.0
1,0.003027200698852539,1,1,1e-06,0.0
1,0.0024755001068115234,1,1,1e-06,0.0
1,0.002711772918701172,1,1,1e-06,0.0
1,0.0029833316802978516,1,1,1e-06,0.0
1,0.004153728485107422,1,1,1e-06,0.0
1,0.0029151439666748047,1,1,1e-06,0.0
1,0.0064089298248291016,1,1,1e-06,0.0
1,0.0032896995544433594,1,1,1e-06,0.0
1,0.026776790618896484,1,1,1e-06,0.0
1,0.002297639846801758,1,1,1e-06,0.0
1,0.0017557144165039062,1,1,1e-06,0.0
1,0.0015571117401123047,1,1,1e-06,0.0
1,0.0018830299377441406,1,1,1e-06,0.0
1,0.002639293670654297,1,1,1e-06,0.0
1,0.0038940906524658203,1,1,1e-06,0.0
1,0.002866983413696289,1,1,1e-06,0.0
1,0.016306161880493164,1,1,1e-06,0.0
1,0.003161191940307617,1,1,1e-06,0.0
1,0.0021703243255615234,1,1,1e-06,0.0
1,0.004883766174316406,1,1,1e-06,0.0
1,0.002126932144165039,1,1,1e-06,0.0
1,0.026402711868286133,1,1,1e-06,0.0
1,0.002299785614013672,1,1,1e-06,0.0
1,0.002901792526245117,1,1,1e-06,0.0
1,0.0024580955505371094,1,1,1e-06,0.0
1,0.0021371841430664062,1,1,1e-06,0.0
1,0.0027358531951904297,1,1,1e-06,0.0
1,0.007746458053588867,1,1,1e-06,0.0
1,0.0036520957946777344,1,1,1e-06,0.0
1,0.002942800521850586,1,1,1e-06,0.0
1,0.004263639450073242,1,1,1e-06,0.0
1,0.002397775650024414,1,1,1e-06,0.0
1,0.01823592185974121,1,1,1e-06,0.0
1,0.0024695396423339844,1,1,1e-06,0.0
1,0.0026738643646240234,1,1,1e-06,0.0
1,0.002112150192260742,1,1,1e-06,0.0
1,0.003487825393676758,1,1,1e-06,0.0
1,0.0030066967010498047,1,1,1e-06,0.0
1,0.002993345260620117,1,1,1e-06,0.0
1,0.00318145751953125,1,1,1e-06,0.0
1,0.0017740726470947266,1,1,1e-06,0.0
1,0.0304720401763916,1,1,1e-06,0.0
1,0.0025484561920166016,1,1,1e-06,0.0
1,0.0028204917907714844,1,1,1e-06,0.0
1,0.002825021743774414,1,1,1e-06,0.0
1,0.0031969547271728516,1,1,1e-06,0.0
1,0.0025403499603271484,1,1,1e-06,0.0
1,0.0019457340240478516,1,1,1e-06,0.0
1,0.014619827270507812,1,1,1e-06,0.0
1,0.0029299259185791016,1,1,1e-06,0.0
1,0.022895336151123047,1,1,1e-06,0.0
1,0.014075279235839844,1,1,1e-06,0.0
1,0.002448558807373047,1,1,1e-06,0.0
1,0.002040386199951172,1,1,1e-06,0.0
1,0.0023653507232666016,1,1,1e-06,0.0
1,0.002847433090209961,1,1,1e-06,0.0
1,0.0032868385314941406,1,1,1e-06,0.0
1,0.0054895877838134766,1,1,1e-06,0.0
1,0.0035381317138671875,1,1,1e-06,0.0
1,0.019715070724487305,1,1,1e-06,0.0
1,0.003154277801513672,1,1,1e-06,0.0
1,0.019237756729125977,1,1,1e-06,0.0
1,0.0026102066040039062,1,1,1e-06,0.0
1,0.018059730529785156,1,1,1e-06,0.0
1,0.0032663345336914062,1,1,1e-06,0.0
1,0.02205514907836914,1,1,1e-06,0.0
1,0.003435850143432617,1,1,1e-06,0.0
1,0.0024373531341552734,1,1,1e-06,0.0
1,0.0032091140747070312,1,1,1e-06,0.0
1,0.0033392906188964844,1,1,1e-06,0.0
1,0.003156900405883789,1,1,1e-06,0.0
1,0.0034875869750976562,1,1,1e-06,0.0
1,0.0063555240631103516,1,1,1e-06,0.0
1,0.0026471614837646484,1,1,1e-06,0.0
1,0.006137371063232422,1,1,1e-06,0.0
1,0.03870368003845215,1,1,1e-06,0.0
1,0.0040247440338134766,1,1,1e-06,0.0
1,0.003035306930541992,1,1,1e-06,0.0
1,0.0046558380126953125,1,1,1e-06,0.0
1,0.003323793411254883,1,1,1e-06,0.0
1,0.004851102828979492,1,1,1e-06,0.0
1,0.004219532012939453,1,1,1e-06,0.0
1,0.002682209014892578,1,1,1e-06,0.0
1,0.003229379653930664,1,1,1e-06,0.0
1,0.002671480178833008,1,1,1e-06,0.0
1,0.005753755569458008,1,1,1e-06,0.0
1,0.01870107650756836,1,1,1e-06,0.0
1,0.003184080123901367,1,1,1e-06,0.0
1,0.002239227294921875,1,1,1e-06,0.0
1,0.002407073974609375,1,1,1e-06,0.0
1,0.004575490951538086,1,1,1e-06,0.0
1,0.003387451171875,1,1,1e-06,0.0
1,0.011950254440307617,1,1,1e-06,0.0
1,0.002351999282836914,1,1,1e-06,0.0
1,0.0033578872680664062,1,1,1e-06,0.0
1,0.006087064743041992,1,1,1e-06,0.0
1,0.020885944366455078,1,1,1e-06,0.0
1,0.0027167797088623047,1,1,1e-06,0.0
1,0.002544403076171875,1,1,1e-06,0.0
1,0.004693269729614258,1,1,1e-06,0.0
1,0.004115581512451172,1,1,1e-06,0.0
1,0.005837917327880859,1,1,1e-06,0.0
1,0.0060350894927978516,1,1,1e-06,0.0
1,0.015414953231811523,1,1,1e-06,0.0
1,0.006978750228881836,1,1,1e-06,0.0
1,0.008451461791992188,1,1,1e-06,0.0
1,0.019289493560791016,1,1,1e-06,0.0
1,0.003490447998046875,1,1,1e-06,0.0
1,0.002928495407104492,1,1,1e-06,0.0
1,0.0038368701934814453,1,1,1e-06,0.0
1,0.004727602005004883,1,1,1e-06,0.0
1,0.003976345062255859,1,1,1e-06,0.0
1,0.0055789947509765625,1,1,1e-06,0.0
1,0.013705015182495117,1,1,1e-06,0.0
1,0.015929222106933594,1,1,1e-06,0.0
1,0.0026502609252929688,1,1,1e-06,0.0
1,0.0032858848571777344,1,1,1e-06,0.0
1,0.003384113311767578,1,1,1e-06,0.0
1,0.22971582412719727,1,1,1e-06,0.0
1,0.0023059844970703125,1,1,1e-06,0.0
1,0.007188558578491211,1,1,1e-06,0.0
1,0.005593538284301758,1,1,1e-06,0.0
1,0.003699779510498047,1,1,1e-06,0.0
1,0.0034699440002441406,1,1,1e-06,0.0
1,0.03410172462463379,1,1,1e-06,0.0
1,0.0026230812072753906,1,1,1e-06,0.0
1,0.029455900192260742,1,1,1e-06,0.0
1,0.002932310104370117,1,1,1e-06,0.0
1,0.05805850028991699,1,1,1e-06,0.0
1,0.003519296646118164,1,1,1e-06,0.0
1,0.0027391910552978516,1,1,1e-06,0.0
1,0.03169441223144531,1,1,1e-06,0.0
1,0.014885187149047852,1,1,1e-06,0.0
1,0.008967876434326172,1,1,1e-06,0.0
1,0.02198934555053711,1,1,1e-06,0.0
1,0.002727031707763672,1,1,1e-06,0.0
1,0.03918790817260742,1,1,1e-06,0.0
1,0.0039615631103515625,1,1,1e-06,0.0
1,0.0037946701049804688,1,1,1e-06,0.0
1,0.004613161087036133,1,1,1e-06,0.0
1,0.04897570610046387,1,1,1e-06,0.0
1,0.01977849006652832,1,1,1e-06,0.0
1,0.0031366348266601562,1,1,1e-06,0.0
1,0.004029989242553711,1,1,1e-06,0.0
1,0.002379179000854492,1,1,1e-06,0.0
1,0.00247955322265625,1,1,1e-06,0.0
1,0.002309083938598633,1,1,1e-06,0.0
1,0.02187514305114746,1,1,1e-06,0.0
1,0.0035092830657958984,1,1,1e-06,0.0
1,0.04082441329956055,1,1,1e-06,0.0
1,0.002995729446411133,1,1,1e-06,0.0
1,0.003237485885620117,1,1,1e-06,0.0
1,0.0030052661895751953,1,1,1e-06,0.0
1,0.07086992263793945,1,1,1e-06,0.0
1,0.003989458084106445,1,1,1e-06,0.0
1,0.00386810302734375,1,1,1e-06,0.0
1,0.007859230041503906,1,1,1e-06,0.0
1,0.03963971138000488,1,1,1e-06,0.0
1,0.002422332763671875,1,1,1e-06,0.0
1,0.007307767868041992,1,1,1e-06,0.0
1,0.0027990341186523438,1,1,1e-06,0.0
1,0.011442899703979492,1,1,1e-06,0.0
1,0.00455784797668457,1,1,1e-06,0.0
1,0.010281562805175781,1,1,1e-06,0.0
1,0.0026595592498779297,1,1,1e-06,0.0
1,0.0037555694580078125,1,1,1e-06,0.0
1,0.002872943878173828,1,1,1e-06,0.0
1,0.012613058090209961,1,1,1e-06,0.0
1,0.0032792091369628906,1,1,1e-06,0.0
1,0.003707408905029297,1,1,1e-06,0.0
1,0.0035140514373779297,1,1,1e-06,0.0
1,0.008425712585449219,1,1,1e-06,0.0
1,0.4724748134613037,1,1,1e-06,0.0
1,0.0032401084899902344,1,1,1e-06,0.0
1,0.003078937530517578,1,1,1e-06,0.0
1,0.003312349319458008,1,1,1e-06,0.0
1,0.006633758544921875,1,1,1e-06,0.0
1,0.0034227371215820312,1,1,1e-06,0.0
1,0.023549318313598633,1,1,1e-06,0.0
1,0.002512216567993164,1,1,1e-06,0.0
1,0.004349708557128906,1,1,1e-06,0.0
1,0.0034494400024414062,1,1,1e-06,0.0
1,0.004418134689331055,1,1,1e-06,0.0
1,0.0036373138427734375,1,1,1e-06,0.0
1,0.0026216506958007812,1,1,1e-06,0.0
1,0.0031943321228027344,1,1,1e-06,0.0
1,0.003963470458984375,1,1,1e-06,0.0
1,0.0026743412017822266,1,1,1e-06,0.0
1,0.021116018295288086,1,1,1e-06,0.0
1,0.0038299560546875,1,1,1e-06,0.0
1,0.002986431121826172,1,1,1e-06,0.0
1,0.0035715103149414062,1,1,1e-06,0.0
1,0.00393366813659668,1,1,1e-06,0.0
1,0.0023453235626220703,1,1,1e-06,0.0
1,0.003615856170654297,1,1,1e-06,0.0
1,0.003038644790649414,1,1,1e-06,0.0
1,0.003440380096435547,1,1,1e-06,0.0
1,0.007565021514892578,1,1,1e-06,0.0
1,0.00475764274597168,1,1,1e-06,0.0
1,0.003909587860107422,1,1,1e-06,0.0
1,0.004715442657470703,1,1,1e-06,0.0
1,0.00429081916809082,1,1,1e-06,0.0
1,0.003743886947631836,1,1,1e-06,0.0
1,0.006028890609741211,1,1,1e-06,0.0
1,0.0032243728637695312,1,1,1e-06,0.0
1,0.10316586494445801,1,1,1e-06,0.0
1,0.0037336349487304688,1,1,1e-06,0.0
1,0.003289937973022461,1,1,1e-06,0.0
1,0.03459525108337402,1,1,1e-06,0.0
1,0.0031921863555908203,1,1,1e-06,0.0
1,0.00331878662109375,1,1,1e-06,0.0
1,0.0036711692810058594,1,1,1e-06,0.0
1,0.007582187652587891,1,1,1e-06,0.0
1,0.008113861083984375,1,1,1e-06,0.0
1,0.002828836441040039,1,1,1e-06,0.0
1,0.0032927989959716797,1,1,1e-06,0.0
1,0.003521442413330078,1,1,1e-06,0.0
1,0.0055658817291259766,1,1,1e-06,0.0
1,0.0036039352416992188,1,1,1e-06,0.0
1,0.003928661346435547,1,1,1e-06,0.0
1,0.003157377243041992,1,1,1e-06,0.0
1,0.09482359886169434,1,1,1e-06,0.0
1,0.0041425228118896484,1,1,1e-06,0.0
1,0.01360011100769043,1,1,1e-06,0.0
1,0.0037653446197509766,1,1,1e-06,0.0
1,0.03277897834777832,1,1,1e-06,0.0
1,0.0023353099822998047,1,1,1e-06,0.0
1,0.004229545593261719,1,1,1e-06,0.0
1,0.004968404769897461,1,1,1e-06,0.0
1,0.007579803466796875,1,1,1e-06,0.0
1,0.0034780502319335938,1,1,1e-06,0.0
1,0.005919456481933594,1,1,1e-06,0.0
1,0.003289937973022461,1,1,1e-06,0.0
1,0.003453969955444336,1,1,1e-06,0.0
1,0.0045299530029296875,1,1,1e-06,0.0
1,0.006161928176879883,1,1,1e-06,0.0
1,0.017209768295288086,1,1,1e-06,0.0
1,0.002639293670654297,1,1,1e-06,0.0
1,0.00543975830078125,1,1,1e-06,0.0
1,0.07734799385070801,1,1,1e-06,0.0
1,0.0056171417236328125,1,1,1e-06,0.0
1,0.0035409927368164062,1,1,1e-06,0.0
1,0.01460409164428711,1,1,1e-06,0.0
1,0.003731250762939453,1,1,1e-06,0.0
1,0.009674549102783203,1,1,1e-06,0.0
1,0.004182338714599609,1,1,1e-06,0.0
1,0.011048078536987305,1,1,1e-06,0.0
1,0.003811359405517578,1,1,1e-06,0.0
1,0.010601043701171875,1,1,1e-06,0.0
1,0.003284931182861328,1,1,1e-06,0.0
1,0.06300020217895508,1,1,1e-06,0.0
1,0.003881216049194336,1,1,1e-06,0.0
1,0.027753353118896484,1,1,1e-06,0.0
1,0.002452373504638672,1,1,1e-06,0.0
1,0.0038831233978271484,1,1,1e-06,0.0
1,0.0034356117248535156,1,1,1e-06,0.0
1,0.055437326431274414,1,1,1e-06,0.0
1,0.0026040077209472656,1,1,1e-06,0.0
1,0.003977537155151367,1,1,1e-06,0.0
1,0.0052416324615478516,1,1,1e-06,0.0
1,0.13270807266235352,1,1,1e-06,0.0
1,0.004638671875,1,1,1e-06,0.0
1,0.004622220993041992,1,1,1e-06,0.0
1,0.0034766197204589844,1,1,1e-06,0.0
1,0.011127471923828125,1,1,1e-06,0.0
1,0.0025293827056884766,1,1,1e-06,0.0
1,0.004063844680786133,1,1,1e-06,0.0
1,0.011579751968383789,1,1,1e-06,0.0
1,0.003932952880859375,1,1,1e-06,0.0
1,0.0028955936431884766,1,1,1e-06,0.0
1,0.003499746322631836,1,1,1e-06,0.0
1,0.012697219848632812,1,1,1e-06,0.0
1,0.023746728897094727,1,1,1e-06,0.0
1,0.027945518493652344,1,1,1e-06,0.0
1,0.003476858139038086,1,1,1e-06,0.0
1,0.004946231842041016,1,1,1e-06,0.0
1,0.06274533271789551,1,1,1e-06,0.0
1,0.0035467147827148438,1,1,1e-06,0.0
1,0.11121559143066406,1,1,1e-06,0.0
1,0.003626585006713867,1,1,1e-06,0.0
1,0.3641176223754883,1,1,1e-06,0.0
1,0.010106086730957031,1,1,1e-06,0.0
1,0.003376007080078125,1,1,1e-06,0.0
1,0.0045773983001708984,1,1,1e-06,0.0
1,0.005074024200439453,1,1,1e-06,0.0
1,0.005138397216796875,1,1,1e-06,0.0
1,0.03278851509094238,1,1,1e-06,0.0
1,0.004364728927612305,1,1,1e-06,0.0
1,0.03647732734680176,1,1,1e-06,0.0
1,0.006890058517456055,1,1,1e-06,0.0
1,0.0027854442596435547,1,1,1e-06,0.0
1,0.0034401416778564453,1,1,1e-06,0.0
1,0.003775358200073242,1,1,1e-06,0.0
1,0.002157926559448242,1,1,1e-06,0.0
1,0.002538442611694336,1,1,1e-06,0.0
1,0.003060579299926758,1,1,1e-06,0.0
1,0.006287097930908203,1,1,1e-06,0.0
1,0.008673667907714844,1,1,1e-06,0.0
1,0.002874612808227539,1,1,1e-06,0.0
1,0.0026226043701171875,1,1,1e-06,0.0
1,0.0028128623962402344,1,1,1e-06,0.0
1,0.0037937164306640625,1,1,1e-06,0.0
1,0.0026197433471679688,1,1,1e-06,0.0
1,0.0046002864837646484,1,1,1e-06,0.0
1,0.0023827552795410156,1,1,1e-06,0.0
1,0.016577959060668945,1,1,1e-06,0.0
1,0.0025839805603027344,1,1,1e-06,0.0
1,0.0029609203338623047,1,1,1e-06,0.0
1,0.018571138381958008,1,1,1e-06,0.0
1,0.018214702606201172,1,1,1e-06,0.0
1,0.0026290416717529297,1,1,1e-06,0.0
1,0.002168416976928711,1,1,1e-06,0.0
1,0.0023343563079833984,1,1,1e-06,0.0
1,0.002980947494506836,1,1,1e-06,0.0
1,0.0023212432861328125,1,1,1e-06,0.0
1,0.0019526481628417969,1,1,1e-06,0.0
1,0.002087116241455078,1,1,1e-06,0.0
1,0.0030295848846435547,1,1,1e-06,0.0
1,0.014199972152709961,1,1,1e-06,0.0
1,0.004129648208618164,1,1,1e-06,0.0
1,0.002826213836669922,1,1,1e-06,0.0
1,0.002371072769165039,1,1,1e-06,0.0
1,0.0021636486053466797,1,1,1e-06,0.0
1,0.0028829574584960938,1,1,1e-06,0.0
1,0.002960681915283203,1,1,1e-06,0.0
1,0.012139558792114258,1,1,1e-06,0.0
1,0.002580881118774414,1,1,1e-06,0.0
1,0.002822399139404297,1,1,1e-06,0.0
1,0.003162384033203125,1,1,1e-06,0.0
1,0.00254058837890625,1,1,1e-06,0.0
1,0.0035212039947509766,1,1,1e-06,0.0
1,0.004631757736206055,1,1,1e-06,0.0
1,0.0056073665618896484,1,1,1e-06,0.0
1,0.003027200698852539,1,1,1e-06,0.0
1,0.0027365684509277344,1,1,1e-06,0.0
1,0.0023441314697265625,1,1,1e-06,0.0
1,0.0025033950805664062,1,1,1e-06,0.0
1,0.0019183158874511719,1,1,1e-06,0.0
1,0.0026993751525878906,1,1,1e-06,0.0
1,0.002455472946166992,1,1,1e-06,0.0
1,0.015421390533447266,1,1,1e-06,0.0
1,0.0027348995208740234,1,1,1e-06,0.0
1,0.002286195755004883,1,1,1e-06,0.0
1,0.004305839538574219,1,1,1e-06,0.0
1,0.0023784637451171875,1,1,1e-06,0.0
1,0.002051115036010742,1,1,1e-06,0.0
1,0.0029578208923339844,1,1,1e-06,0.0
1,0.0025305747985839844,1,1,1e-06,0.0
1,0.003081083297729492,1,1,1e-06,0.0
1,0.01311349868774414,1,1,1e-06,0.0
1,0.027184724807739258,1,1,1e-06,0.0
1,0.002093076705932617,1,1,1e-06,0.0
1,0.0020024776458740234,1,1,1e-06,0.0
1,0.0019266605377197266,1,1,1e-06,0.0
1,0.0021271705627441406,1,1,1e-06,0.0
1,0.6289024353027344,1,1,1e-06,0.0
1,0.002172231674194336,1,1,1e-06,0.0
1,0.002595186233520508,1,1,1e-06,0.0
1,0.0020575523376464844,1,1,1e-06,0.0
1,0.002418041229248047,1,1,1e-06,0.0
1,0.002118825912475586,1,1,1e-06,0.0
1,0.001775979995727539,1,1,1e-06,0.0
1,0.002314329147338867,1,1,1e-06,0.0
1,0.015168905258178711,1,1,1e-06,0.0
1,0.051070451736450195,1,1,1e-06,0.0
1,0.004434108734130859,1,1,1e-06,0.0
1,0.0026543140411376953,1,1,1e-06,0.0
1,0.003940582275390625,1,1,1e-06,0.0
1,0.004735469818115234,1,1,1e-06,0.0
1,0.0027933120727539062,1,1,1e-06,0.0
1,0.004106998443603516,1,1,1e-06,0.0
1,0.0029108524322509766,1,1,1e-06,0.0
1,0.002469778060913086,1,1,1e-06,0.0
1,0.0017547607421875,1,1,1e-06,0.0
1,0.0022690296173095703,1,1,1e-06,0.0
1,0.0020394325256347656,1,1,1e-06,0.0
1,0.0026018619537353516,1,1,1e-06,0.0
1,0.005412101745605469,1,1,1e-06,0.0
1,0.003539562225341797,1,1,1e-06,0.0
1,0.0021257400512695312,1,1,1e-06,0.0
1,0.027783632278442383,1,1,1e-06,0.0
1,0.001973390579223633,1,1,1e-06,0.0
1,0.0019164085388183594,1,1,1e-06,0.0
1,0.0019185543060302734,1,1,1e-06,0.0
1,0.025064468383789062,1,1,1e-06,0.0
1,0.005442142486572266,1,1,1e-06,0.0
1,0.010408639907836914,1,1,1e-06,0.0
1,0.0027010440826416016,1,1,1e-06,0.0
1,0.0036230087280273438,1,1,1e-06,0.0
1,0.002829313278198242,1,1,1e-06,0.0
1,0.0027413368225097656,1,1,1e-06,0.0
1,0.004592180252075195,1,1,1e-06,0.0
1,0.019544601440429688,1,1,1e-06,0.0
1,0.003657102584838867,1,1,1e-06,0.0
1,0.004793643951416016,1,1,1e-06,0.0
1,0.027313709259033203,1,1,1e-06,0.0
1,0.0029418468475341797,1,1,1e-06,0.0
1,0.0029227733612060547,1,1,1e-06,0.0
1,0.0025131702423095703,1,1,1e-06,0.0
1,0.002575397491455078,1,1,1e-06,0.0
1,0.003222227096557617,1,1,1e-06,0.0
1,0.00215911865234375,1,1,1e-06,0.0
1,0.002571582794189453,1,1,1e-06,0.0
1,0.0030794143676757812,1,1,1e-06,0.0
1,0.009479284286499023,1,1,1e-06,0.0
1,0.0037107467651367188,1,1,1e-06,0.0
1,0.0037033557891845703,1,1,1e-06,0.0
1,0.016035079956054688,1,1,1e-06,0.0
1,0.004940032958984375,1,1,1e-06,0.0
1,0.04035210609436035,1,1,1e-06,0.0
1,0.003938198089599609,1,1,1e-06,0.0
1,0.0018351078033447266,1,1,1e-06,0.0
1,0.0017077922821044922,1,1,1e-06,0.0
1,0.0020067691802978516,1,1,1e-06,0.0
1,0.005209207534790039,1,1,1e-06,0.0
1,0.002576112747192383,1,1,1e-06,0.0
1,0.002628326416015625,1,1,1e-06,0.0
1,0.0038475990295410156,1,1,1e-06,0.0
1,0.002251148223876953,1,1,1e-06,0.0
1,0.003890514373779297,1,1,1e-06,0.0
1,0.0031557083129882812,1,1,1e-06,0.0
1,0.0028564929962158203,1,1,1e-06,0.0
1,0.003281116485595703,1,1,1e-06,0.0
1,0.0034389495849609375,1,1,1e-06,0.0
1,0.0057222843170166016,1,1,1e-06,0.0
1,0.0025975704193115234,1,1,1e-06,0.0
1,0.10692715644836426,1,1,1e-06,0.0
1,0.005681514739990234,1,1,1e-06,0.0
1,0.004943132400512695,1,1,1e-06,0.0
1,0.017000436782836914,1,1,1e-06,0.0
1,0.013193130493164062,1,1,1e-06,0.0
1,0.0028493404388427734,1,1,1e-06,0.0
1,0.003062009811401367,1,1,1e-06,0.0
1,0.018401145935058594,1,1,1e-06,0.0
1,0.00660395622253418,1,1,1e-06,0.0
1,0.0025277137756347656,1,1,1e-06,0.0
1,0.0023381710052490234,1,1,1e-06,0.0
1,0.010777473449707031,1,1,1e-06,0.0
1,0.0021882057189941406,1,1,1e-06,0.0
1,0.002138853073120117,1,1,1e-06,0.0
1,0.0027778148651123047,1,1,1e-06,0.0
1,0.002453327178955078,1,1,1e-06,0.0
1,0.006479978561401367,1,1,1e-06,0.0
1,0.0022644996643066406,1,1,1e-06,0.0
1,0.002424478530883789,1,1,1e-06,0.0
1,0.0023751258850097656,1,1,1e-06,0.0
1,0.003432035446166992,1,1,1e-06,0.0
1,0.0020461082458496094,1,1,1e-06,0.0
1,0.001875162124633789,1,1,1e-06,0.0
1,0.001943826675415039,1,1,1e-06,0.0
1,0.01182103157043457,1,1,1e-06,0.0
1,0.0019412040710449219,1,1,1e-06,0.0
1,0.0016407966613769531,1,1,1e-06,0.0
1,0.00267791748046875,1,1,1e-06,0.0
1,0.0025916099548339844,1,1,1e-06,0.0
1,0.002354860305786133,1,1,1e-06,0.0
1,0.34351658821105957,1,1,1e-06,0.0
1,0.0021462440490722656,1,1,1e-06,0.0
1,0.002676248550415039,1,1,1e-06,0.0
1,0.002046346664428711,1,1,1e-06,0.0
1,0.0018093585968017578,1,1,1e-06,0.0
1,0.0015952587127685547,1,1,1e-06,0.0
1,0.0017383098602294922,1,1,1e-06,0.0
1,0.0015392303466796875,1,1,1e-06,0.0
1,0.002341747283935547,1,1,1e-06,0.0
1,0.00345611572265625,1,1,1e-06,0.0
1,0.0059893131256103516,1,1,1e-06,0.0
1,0.0027618408203125,1,1,1e-06,0.0
1,0.003606557846069336,1,1,1e-06,0.0
1,0.0018801689147949219,1,1,1e-06,0.0
1,0.016459941864013672,1,1,1e-06,0.0
1,0.002249002456665039,1,1,1e-06,0.0
1,0.0022094249725341797,1,1,1e-06,0.0
1,0.005867958068847656,1,1,1e-06,0.0
1,0.0038347244262695312,1,1,1e-06,0.0
1,0.003391742706298828,1,1,1e-06,0.0
1,0.002499818801879883,1,1,1e-06,0.0
1,0.0018737316131591797,1,1,1e-06,0.0
1,0.0023446083068847656,1,1,1e-06,0.0
1,0.002519845962524414,1,1,1e-06,0.0
1,0.0021407604217529297,1,1,1e-06,0.0
1,0.0020682811737060547,1,1,1e-06,0.0
1,0.002840757369995117,1,1,1e-06,0.0
1,0.01246786117553711,1,1,1e-06,0.0
1,0.005991220474243164,1,1,1e-06,0.0
1,0.0025429725646972656,1,1,1e-06,0.0
1,0.025582313537597656,1,1,1e-06,0.0
1,0.004397869110107422,1,1,1e-06,0.0
1,0.006874799728393555,1,1,1e-06,0.0
1,0.01627516746520996,1,1,1e-06,0.0
1,0.010956764221191406,1,1,1e-06,0.0
1,0.02127814292907715,1,1,1e-06,0.0
1,0.0057830810546875,1,1,1e-06,0.0
1,0.009991645812988281,1,1,1e-06,0.0
1,0.003071308135986328,1,1,1e-06,0.0
1,0.003412961959838867,1,1,1e-06,0.0
1,0.00426030158996582,1,1,1e-06,0.0
1,0.0043621063232421875,1,1,1e-06,0.0
1,0.0032951831817626953,1,1,1e-06,0.0
1,0.003118753433227539,1,1,1e-06,0.0
1,0.007501125335693359,1,1,1e-06,0.0
1,0.003708362579345703,1,1,1e-06,0.0
1,0.003090381622314453,1,1,1e-06,0.0
1,0.026111125946044922,1,1,1e-06,0.0
1,0.0441594123840332,1,1,1e-06,0.0
1,0.0036520957946777344,1,1,1e-06,0.0
1,0.005234241485595703,1,1,1e-06,0.0
1,0.0053632259368896484,1,1,1e-06,0.0
1,0.005815029144287109,1,1,1e-06,0.0
1,0.05879068374633789,1,1,1e-06,0.0
1,0.003957271575927734,1,1,1e-06,0.0
1,0.005082130432128906,1,1,1e-06,0.0
1,0.0590207576751709,1,1,1e-06,0.0
1,0.021217823028564453,1,1,1e-06,0.0
1,0.004016399383544922,1,1,1e-06,0.0
1,0.002247333526611328,1,1,1e-06,0.0
1,0.002842426300048828,1,1,1e-06,0.0
1,0.005892276763916016,1,1,1e-06,0.0
1,0.002187967300415039,1,1,1e-06,0.0
1,0.012659788131713867,1,1,1e-06,0.0
1,0.002006053924560547,1,1,1e-06,0.0
1,0.044812917709350586,1,1,1e-06,0.0
1,0.00426173210144043,1,1,1e-06,0.0
1,0.002443552017211914,1,1,1e-06,0.0
1,0.003094911575317383,1,1,1e-06,0.0
1,0.002023935317993164,1,1,1e-06,0.0
1,0.002580404281616211,1,1,1e-06,0.0
1,0.0022013187408447266,1,1,1e-06,0.0
1,0.0019605159759521484,1,1,1e-06,0.0
1,0.007287263870239258,1,1,1e-06,0.0
1,0.014831781387329102,1,1,1e-06,0.0
1,0.0025565624237060547,1,1,1e-06,0.0
1,0.003462076187133789,1,1,1e-06,0.0
1,0.021175861358642578,1,1,1e-06,0.0
1,0.0022673606872558594,1,1,1e-06,0.0
1,0.0017385482788085938,1,1,1e-06,0.0
1,0.002774477005004883,1,1,1e-06,0.0
1,0.0021512508392333984,1,1,1e-06,0.0
1,0.0030059814453125,1,1,1e-06,0.0
1,0.002972126007080078,1,1,1e-06,0.0
1,0.00463104248046875,1,1,1e-06,0.0
1,0.00405573844909668,1,1,1e-06,0.0
1,0.04357290267944336,1,1,1e-06,0.0
1,0.0020334720611572266,1,1,1e-06,0.0
1,0.003195524215698242,1,1,1e-06,0.0
1,0.002638578414916992,1,1,1e-06,0.0
1,0.0027616024017333984,1,1,1e-06,0.0
1,0.002058267593383789,1,1,1e-06,0.0
1,0.0022046566009521484,1,1,1e-06,0.0
1,0.002404451370239258,1,1,1e-06,0.0
1,0.0024421215057373047,1,1,1e-06,0.0
1,0.01777195930480957,1,1,1e-06,0.0
1,0.008187532424926758,1,1,1e-06,0.0
1,0.0031931400299072266,1,1,1e-06,0.0
1,0.0052378177642822266,1,1,1e-06,0.0
1,0.0047991275787353516,1,1,1e-06,0.0
1,0.003192424774169922,1,1,1e-06,0.0
1,0.0032308101654052734,1,1,1e-06,0.0
1,0.0027899742126464844,1,1,1e-06,0.0
1,0.018065452575683594,1,1,1e-06,0.0
1,0.03917288780212402,1,1,1e-06,0.0
1,0.0028235912322998047,1,1,1e-06,0.0
1,0.002416372299194336,1,1,1e-06,0.0
1,0.002542734146118164,1,1,1e-06,0.0
1,0.0046231746673583984,1,1,1e-06,0.0
1,0.0025763511657714844,1,1,1e-06,0.0
1,0.0037240982055664062,1,1,1e-06,0.0
1,0.0024292469024658203,1,1,1e-06,0.0
1,0.012496232986450195,1,1,1e-06,0.0
1,0.0067577362060546875,1,1,1e-06,0.0
1,0.0029408931732177734,1,1,1e-06,0.0
1,0.0022513866424560547,1,1,1e-06,0.0
1,0.002394437789916992,1,1,1e-06,0.0
1,0.021374225616455078,1,1,1e-06,0.0
1,0.0022857189178466797,1,1,1e-06,0.0
1,0.019292593002319336,1,1,1e-06,0.0
1,0.0028531551361083984,1,1,1e-06,0.0
1,0.0030155181884765625,1,1,1e-06,0.0
1,0.013071298599243164,1,1,1e-06,0.0
1,0.005823373794555664,1,1,1e-06,0.0
1,0.013213634490966797,1,1,1e-06,0.0
1,0.003988742828369141,1,1,1e-06,0.0
1,0.002620697021484375,1,1,1e-06,0.0
1,0.014844894409179688,1,1,1e-06,0.0
1,0.030278921127319336,1,1,1e-06,0.0
1,0.0024976730346679688,1,1,1e-06,0.0
1,0.0032117366790771484,1,1,1e-06,0.0
1,0.0034432411193847656,1,1,1e-06,0.0
1,0.012413740158081055,1,1,1e-06,0.0
1,0.0026290416717529297,1,1,1e-06,0.0
1,0.0021238327026367188,1,1,1e-06,0.0
1,0.0018930435180664062,1,1,1e-06,0.0
1,0.0016853809356689453,1,1,1e-06,0.0
1,0.010564088821411133,1,1,1e-06,0.0
1,0.0025463104248046875,1,1,1e-06,0.0
1,0.013633251190185547,1,1,1e-06,0.0
1,0.0029268264770507812,1,1,1e-06,0.0
1,0.0020685195922851562,1,1,1e-06,0.0
1,0.002267599105834961,1,1,1e-06,0.0
1,0.008471488952636719,1,1,1e-06,0.0
1,0.01693415641784668,1,1,1e-06,0.0
1,0.002686023712158203,1,1,1e-06,0.0
1,0.0032606124877929688,1,1,1e-06,0.0
1,0.00435948371887207,1,1,1e-06,0.0
1,0.0027735233306884766,1,1,1e-06,0.0
1,0.002377748489379883,1,1,1e-06,0.0
1,0.003149271011352539,1,1,1e-06,0.0
1,0.0032770633697509766,1,1,1e-06,0.0
1,0.002710103988647461,1,1,1e-06,0.0
1,0.002202272415161133,1,1,1e-06,0.0
1,0.0034477710723876953,1,1,1e-06,0.0
1,0.003204822540283203,1,1,1e-06,0.0
1,0.0025856494903564453,1,1,1e-06,0.0
1,0.0025594234466552734,1,1,1e-06,0.0
1,0.002417325973510742,1,1,1e-06,0.0
1,0.002177715301513672,1,1,1e-06,0.0
1,0.0020644664764404297,1,1,1e-06,0.0
1,0.0025513172149658203,1,1,1e-06,0.0
1,0.001889944076538086,1,1,1e-06,0.0
1,0.007411956787109375,1,1,1e-06,0.0
1,0.0034246444702148438,1,1,1e-06,0.0
1,0.0031652450561523438,1,1,1e-06,0.0
1,0.0020987987518310547,1,1,1e-06,0.0
1,0.015627145767211914,1,1,1e-06,0.0
1,0.0025827884674072266,1,1,1e-06,0.0
1,0.0024924278259277344,1,1,1e-06,0.0
1,0.0025091171264648438,1,1,1e-06,0.0
1,0.004819154739379883,1,1,1e-06,0.0
1,0.002488851547241211,1,1,1e-06,0.0
1,0.002069711685180664,1,1,1e-06,0.0
1,0.0015878677368164062,1,1,1e-06,0.0
1,0.0025162696838378906,1,1,1e-06,0.0
1,0.0021827220916748047,1,1,1e-06,0.0
1,0.04000449180603027,1,1,1e-06,0.0
1,0.0024492740631103516,1,1,1e-06,0.0
1,0.0027780532836914062,1,1,1e-06,0.0
1,0.0343022346496582,1,1,1e-06,0.0
1,0.0016849040985107422,1,1,1e-06,0.0
1,0.013646364212036133,1,1,1e-06,0.0
1,0.005501270294189453,1,1,1e-06,0.0
1,0.002841472625732422,1,1,1e-06,0.0
1,0.003976583480834961,1,1,1e-06,0.0
1,0.0031049251556396484,1,1,1e-06,0.0
1,0.002098560333251953,1,1,1e-06,0.0
1,0.0022521018981933594,1,1,1e-06,0.0
1,0.002552032470703125,1,1,1e-06,0.0
1,0.011861801147460938,1,1,1e-06,0.0
1,0.002437114715576172,1,1,1e-06,0.0
1,0.0021500587463378906,1,1,1e-06,0.0
1,0.0017852783203125,1,1,1e-06,0.0
1,0.02991461753845215,1,1,1e-06,0.0
1,0.002125978469848633,1,1,1e-06,0.0
1,0.0024504661560058594,1,1,1e-06,0.0
1,0.22880983352661133,1,1,1e-06,0.0
1,0.002077817916870117,1,1,1e-06,0.0
1,0.0046575069427490234,1,1,1e-06,0.0
1,0.0022287368774414062,1,1,1e-06,0.0
1,0.002246379852294922,1,1,1e-06,0.0
1,0.0037446022033691406,1,1,1e-06,0.0
1,0.0026760101318359375,1,1,1e-06,0.0
1,0.004144906997680664,1,1,1e-06,0.0
1,0.003929853439331055,1,1,1e-06,0.0
1,0.0035772323608398438,1,1,1e-06,0.0
1,0.01861882209777832,1,1,1e-06,0.0
1,0.003082275390625,1,1,1e-06,0.0
1,0.0029211044311523438,1,1,1e-06,0.0
1,0.0045623779296875,1,1,1e-06,0.0
1,0.0032498836517333984,1,1,1e-06,0.0
1,0.003261566162109375,1,1,1e-06,0.0
1,0.01663684844970703,1,1,1e-06,0.0
1,0.02017998695373535,1,1,1e-06,0.0
1,0.015976428985595703,1,1,1e-06,0.0
1,0.017164230346679688,1,1,1e-06,0.0
1,0.0021827220916748047,1,1,1e-06,0.0
1,0.0034062862396240234,1,1,1e-06,0.0
1,0.0030694007873535156,1,1,1e-06,0.0
1,0.0021698474884033203,1,1,1e-06,0.0
1,0.0026884078979492188,1,1,1e-06,0.0
1,0.03406047821044922,1,1,1e-06,0.0
1,0.0021233558654785156,1,1,1e-06,0.0
1,0.0027048587799072266,1,1,1e-06,0.0
1,0.002862215042114258,1,1,1e-06,0.0
1,0.01879429817199707,1,1,1e-06,0.0
1,0.004076719284057617,1,1,1e-06,0.0
1,0.0025064945220947266,1,1,1e-06,0.0
1,0.0021588802337646484,1,1,1e-06,0.0
1,0.011552572250366211,1,1,1e-06,0.0
1,0.00267791748046875,1,1,1e-06,0.0
1,0.0034530162811279297,1,1,1e-06,0.0
1,0.0027632713317871094,1,1,1e-06,0.0
1,0.0028760433197021484,1,1,1e-06,0.0
1,0.002564668655395508,1,1,1e-06,0.0
1,0.003873109817504883,1,1,1e-06,0.0
1,0.0035119056701660156,1,1,1e-06,0.0
1,0.013599634170532227,1,1,1e-06,0.0
1,0.0036194324493408203,1,1,1e-06,0.0
1,0.0051648616790771484,1,1,1e-06,0.0
1,0.003535032272338867,1,1,1e-06,0.0
1,0.017160892486572266,1,1,1e-06,0.0
1,0.002821683883666992,1,1,1e-06,0.0
1,0.0021355152130126953,1,1,1e-06,0.0
1,0.0022568702697753906,1,1,1e-06,0.0
1,0.002244710922241211,1,1,1e-06,0.0
1,0.003350496292114258,1,1,1e-06,0.0
1,0.0029850006103515625,1,1,1e-06,0.0
1,0.00357818603515625,1,1,1e-06,0.0
1,0.01830458641052246,1,1,1e-06,0.0
1,0.0037376880645751953,1,1,1e-06,0.0
1,0.003019571304321289,1,1,1e-06,0.0
1,0.0019176006317138672,1,1,1e-06,0.0
1,0.0025000572204589844,1,1,1e-06,0.0
1,0.002566814422607422,1,1,1e-06,0.0
1,0.0027620792388916016,1,1,1e-06,0.0
1,0.002808809280395508,1,1,1e-06,0.0
1,0.003055095672607422,1,1,1e-06,0.0
1,0.0038542747497558594,1,1,1e-06,0.0
1,0.024818897247314453,1,1,1e-06,0.0
1,0.0027163028717041016,1,1,1e-06,0.0
1,0.004517078399658203,1,1,1e-06,0.0
1,0.002128124237060547,1,1,1e-06,0.0
1,0.002802610397338867,1,1,1e-06,0.0
1,0.0024688243865966797,1,1,1e-06,0.0
1,0.002132892608642578,1,1,1e-06,0.0
1,0.01769876480102539,1,1,1e-06,0.0
1,0.025674819946289062,1,1,1e-06,0.0
1,0.007327079772949219,1,1,1e-06,0.0
1,0.015850305557250977,1,1,1e-06,0.0
1,0.004389286041259766,1,1,1e-06,0.0
1,0.011153221130371094,1,1,1e-06,0.0
1,0.0027620792388916016,1,1,1e-06,0.0
1,0.011698007583618164,1,1,1e-06,0.0
1,0.0029282569885253906,1,1,1e-06,0.0
1,0.003666400909423828,1,1,1e-06,0.0
1,0.011655330657958984,1,1,1e-06,0.0
1,0.002317190170288086,1,1,1e-06,0.0
1,0.061348915100097656,1,1,1e-06,0.0
1,0.06863594055175781,1,1,1e-06,0.0
1,0.0044019222259521484,1,1,1e-06,0.0
1,0.006569623947143555,1,1,1e-06,0.0
1,0.0073511600494384766,1,1,1e-06,0.0
1,0.004280805587768555,1,1,1e-06,0.0
1,0.17636466026306152,1,1,1e-06,0.0
1,0.0032422542572021484,1,1,1e-06,0.0
1,0.005991458892822266,1,1,1e-06,0.0
1,0.004254579544067383,1,1,1e-06,0.0
1,0.00315093994140625,1,1,1e-06,0.0
1,0.009156465530395508,1,1,1e-06,0.0
1,0.006339311599731445,1,1,1e-06,0.0
1,0.003697633743286133,1,1,1e-06,0.0
1,0.013702869415283203,1,1,1e-06,0.0
1,0.004950284957885742,1,1,1e-06,0.0
1,0.008466482162475586,1,1,1e-06,0.0
1,0.004337787628173828,1,1,1e-06,0.0
1,0.039530277252197266,1,1,1e-06,0.0
1,0.003574848175048828,1,1,1e-06,0.0
1,0.004109382629394531,1,1,1e-06,0.0
1,0.0036857128143310547,1,1,1e-06,0.0
1,0.004113197326660156,1,1,1e-06,0.0
1,0.010210514068603516,1,1,1e-06,0.0
1,0.005475759506225586,1,1,1e-06,0.0
1,0.035835981369018555,1,1,1e-06,0.0
1,0.002588510513305664,1,1,1e-06,0.0
1,0.045717477798461914,1,1,1e-06,0.0
1,0.003551006317138672,1,1,1e-06,0.0
1,0.0035457611083984375,1,1,1e-06,0.0
1,0.0062503814697265625,1,1,1e-06,0.0
1,0.003668546676635742,1,1,1e-06,0.0
1,0.0032181739807128906,1,1,1e-06,0.0
1,0.008926868438720703,1,1,1e-06,0.0
1,0.0412449836730957,1,1,1e-06,0.0
1,0.004784584045410156,1,1,1e-06,0.0
1,0.003697633743286133,1,1,1e-06,0.0
1,0.0033731460571289062,1,1,1e-06,0.0
1,0.008297443389892578,1,1,1e-06,0.0
1,0.002324342727661133,1,1,1e-06,0.0
1,0.016643762588500977,1,1,1e-06,0.0
1,0.0031287670135498047,1,1,1e-06,0.0
1,0.003967761993408203,1,1,1e-06,0.0
1,0.0038483142852783203,1,1,1e-06,0.0
1,0.00458073616027832,1,1,1e-06,0.0
1,0.003615140914916992,1,1,1e-06,0.0
1,0.007024288177490234,1,1,1e-06,0.0
1,0.0032672882080078125,1,1,1e-06,0.0
1,0.004408597946166992,1,1,1e-06,0.0
1,0.0032722949981689453,1,1,1e-06,0.0
1,0.003405332565307617,1,1,1e-06,0.0
1,0.00406646728515625,1,1,1e-06,0.0
1,0.004838705062866211,1,1,1e-06,0.0
1,0.02223968505859375,1,1,1e-06,0.0
1,0.0038743019104003906,1,1,1e-06,0.0
1,0.003140687942504883,1,1,1e-06,0.0
1,0.0037012100219726562,1,1,1e-06,0.0
1,0.0038001537322998047,1,1,1e-06,0.0
1,0.0035376548767089844,1,1,1e-06,0.0
1,0.0034139156341552734,1,1,1e-06,0.0
1,0.0022513866424560547,1,1,1e-06,0.0
1,0.027930498123168945,1,1,1e-06,0.0
1,0.0033495426177978516,1,1,1e-06,0.0
1,0.0036618709564208984,1,1,1e-06,0.0
1,0.0034842491149902344,1,1,1e-06,0.0
1,0.022006511688232422,1,1,1e-06,0.0
1,0.020558595657348633,1,1,1e-06,0.0
1,0.0034215450286865234,1,1,1e-06,0.0
1,0.002337217330932617,1,1,1e-06,0.0
1,0.002577066421508789,1,1,1e-06,0.0
1,0.002657651901245117,1,1,1e-06,0.0
1,0.004384279251098633,1,1,1e-06,0.0
1,0.12886381149291992,1,1,1e-06,0.0
1,0.002730131149291992,1,1,1e-06,0.0
1,0.009431123733520508,1,1,1e-06,0.0
1,0.00456690788269043,1,1,1e-06,0.0
1,0.009739160537719727,1,1,1e-06,0.0
1,0.052904367446899414,1,1,1e-06,0.0
1,0.0031735897064208984,1,1,1e-06,0.0
1,0.0023734569549560547,1,1,1e-06,0.0
1,0.00506591796875,1,1,1e-06,0.0
1,0.003117799758911133,1,1,1e-06,0.0
1,0.015269041061401367,1,1,1e-06,0.0
1,0.05910301208496094,1,1,1e-06,0.0
1,0.002469301223754883,1,1,1e-06,0.0
1,0.002975940704345703,1,1,1e-06,0.0
1,0.002712249755859375,1,1,1e-06,0.0
1,0.022368907928466797,1,1,1e-06,0.0
1,0.003255605697631836,1,1,1e-06,0.0
1,0.0157468318939209,1,1,1e-06,0.0
1,0.004109621047973633,1,1,1e-06,0.0
1,0.025128602981567383,1,1,1e-06,0.0
1,0.0024182796478271484,1,1,1e-06,0.0
1,0.012278556823730469,1,1,1e-06,0.0
1,0.0029151439666748047,1,1,1e-06,0.0
1,0.002227306365966797,1,1,1e-06,0.0
1,0.0020842552185058594,1,1,1e-06,0.0
1,0.002022266387939453,1,1,1e-06,0.0
1,0.003945827484130859,1,1,1e-06,0.0
1,0.0029916763305664062,1,1,1e-06,0.0
1,0.002907991409301758,1,1,1e-06,0.0
1,0.004260540008544922,1,1,1e-06,0.0
1,0.0037240982055664062,1,1,1e-06,0.0
1,0.01299738883972168,1,1,1e-06,0.0
1,0.0031669139862060547,1,1,1e-06,0.0
1,0.002187490463256836,1,1,1e-06,0.0
1,0.003833293914794922,1,1,1e-06,0.0
1,0.0020885467529296875,1,1,1e-06,0.0
1,0.0028679370880126953,1,1,1e-06,0.0
1,0.002666950225830078,1,1,1e-06,0.0
1,0.023088455200195312,1,1,1e-06,0.0
1,0.003178834915161133,1,1,1e-06,0.0
1,0.002381563186645508,1,1,1e-06,0.0
1,0.0026929378509521484,1,1,1e-06,0.0
1,0.0024602413177490234,1,1,1e-06,0.0
1,0.003716707229614258,1,1,1e-06,0.0
1,0.00745701789855957,1,1,1e-06,0.0
1,0.002381563186645508,1,1,1e-06,0.0
1,0.0018012523651123047,1,1,1e-06,0.0
1,0.002421140670776367,1,1,1e-06,0.0
1,0.005443096160888672,1,1,1e-06,0.0
1,0.0031528472900390625,1,1,1e-06,0.0
1,0.0038466453552246094,1,1,1e-06,0.0
1,0.015261411666870117,1,1,1e-06,0.0
1,0.024724483489990234,1,1,1e-06,0.0
1,0.007357358932495117,1,1,1e-06,0.0
1,0.003349781036376953,1,1,1e-06,0.0
1,0.0028951168060302734,1,1,1e-06,0.0
1,0.0032958984375,1,1,1e-06,0.0
1,0.03564643859863281,1,1,1e-06,0.0
1,0.007440090179443359,1,1,1e-06,0.0
1,0.005896806716918945,1,1,1e-06,0.0
1,0.09699010848999023,1,1,1e-06,0.0
1,0.0029630661010742188,1,1,1e-06,0.0
1,0.003751516342163086,1,1,1e-06,0.0
1,0.0028002262115478516,1,1,1e-06,0.0
1,0.0033893585205078125,1,1,1e-06,0.0
1,0.003449678421020508,1,1,1e-06,0.0
1,0.002515554428100586,1,1,1e-06,0.0
1,0.005718708038330078,1,1,1e-06,0.0
1,0.0022497177124023438,1,1,1e-06,0.0
1,0.07819008827209473,1,1,1e-06,0.0
1,0.0035479068756103516,1,1,1e-06,0.0
1,0.012299537658691406,1,1,1e-06,0.0
1,0.013808012008666992,1,1,1e-06,0.0
1,0.00834035873413086,1,1,1e-06,0.0
1,0.052924156188964844,1,1,1e-06,0.0
1,0.003173828125,1,1,1e-06,0.0
1,0.020700454711914062,1,1,1e-06,0.0
1,0.005106210708618164,1,1,1e-06,0.0
1,0.00811147689819336,1,1,1e-06,0.0
1,0.003008127212524414,1,1,1e-06,0.0
1,0.0021257400512695312,1,1,1e-06,0.0
1,0.0034415721893310547,1,1,1e-06,0.0
1,0.002713918685913086,1,1,1e-06,0.0
1,0.005742073059082031,1,1,1e-06,0.0
1,0.0050089359283447266,1,1,1e-06,0.0
1,0.007519245147705078,1,1,1e-06,0.0
1,0.004505157470703125,1,1,1e-06,0.0
1,0.016466856002807617,1,1,1e-06,0.0
1,0.0039520263671875,1,1,1e-06,0.0
1,0.035918474197387695,1,1,1e-06,0.0
1,0.002670764923095703,1,1,1e-06,0.0
1,0.0027925968170166016,1,1,1e-06,0.0
1,0.031271934509277344,1,1,1e-06,0.0
1,0.0052530765533447266,1,1,1e-06,0.0
1,0.006745576858520508,1,1,1e-06,0.0
1,0.004993438720703125,1,1,1e-06,0.0
1,0.023298263549804688,1,1,1e-06,0.0
1,0.015500068664550781,1,1,1e-06,0.0
1,0.003993511199951172,1,1,1e-06,0.0
1,0.010567188262939453,1,1,1e-06,0.0
1,0.0022521018981933594,1,1,1e-06,0.0
1,0.003268003463745117,1,1,1e-06,0.0
1,0.0029854774475097656,1,1,1e-06,0.0
1,0.003384113311767578,1,1,1e-06,0.0
1,0.0060596466064453125,1,1,1e-06,0.0
1,0.004045248031616211,1,1,1e-06,0.0
1,0.0032618045806884766,1,1,1e-06,0.0
1,0.0037720203399658203,1,1,1e-06,0.0
1,0.0020246505737304688,1,1,1e-06,0.0
1,0.05568432807922363,1,1,1e-06,0.0
1,0.0028264522552490234,1,1,1e-06,0.0
1,0.004957914352416992,1,1,1e-06,0.0
1,0.003128528594970703,1,1,1e-06,0.0
1,0.00413060188293457,1,1,1e-06,0.0
1,0.006862163543701172,1,1,1e-06,0.0
1,0.003076314926147461,1,1,1e-06,0.0
1,0.0029387474060058594,1,1,1e-06,0.0
1,0.0027685165405273438,1,1,1e-06,0.0
1,0.0023152828216552734,1,1,1e-06,0.0
1,0.004332065582275391,1,1,1e-06,0.0
1,0.006957054138183594,1,1,1e-06,0.0
1,0.004867076873779297,1,1,1e-06,0.0
1,0.0025887489318847656,1,1,1e-06,0.0
1,0.0041027069091796875,1,1,1e-06,0.0
1,0.0024237632751464844,1,1,1e-06,0.0
1,0.002919435501098633,1,1,1e-06,0.0
1,0.0029637813568115234,1,1,1e-06,0.0
1,0.0019507408142089844,1,1,1e-06,0.0
1,0.0027158260345458984,1,1,1e-06,0.0
1,0.0041081905364990234,1,1,1e-06,0.0
1,0.019802570343017578,1,1,1e-06,0.0
1,0.002576589584350586,1,1,1e-06,0.0
1,0.0064830780029296875,1,1,1e-06,0.0
1,0.0027425289154052734,1,1,1e-06,0.0
1,0.0018954277038574219,1,1,1e-06,0.0
1,0.0027573108673095703,1,1,1e-06,0.0
1,0.00215911865234375,1,1,1e-06,0.0
1,0.0029060840606689453,1,1,1e-06,0.0
1,0.0021965503692626953,1,1,1e-06,0.0
1,0.0020363330841064453,1,1,1e-06,0.0
1,0.002677440643310547,1,1,1e-06,0.0
1,0.0024101734161376953,1,1,1e-06,0.0
1,0.002051830291748047,1,1,1e-06,0.0
1,0.004035234451293945,1,1,1e-06,0.0
1,0.0023005008697509766,1,1,1e-06,0.0
1,0.005990505218505859,1,1,1e-06,0.0
1,0.004323005676269531,1,1,1e-06,0.0
1,0.0030524730682373047,1,1,1e-06,0.0
1,0.0028362274169921875,1,1,1e-06,0.0
1,0.021664142608642578,1,1,1e-06,0.0
1,0.002287626266479492,1,1,1e-06,0.0
1,0.0025589466094970703,1,1,1e-06,0.0
1,0.0035011768341064453,1,1,1e-06,0.0
1,0.004012584686279297,1,1,1e-06,0.0
1,0.0048062801361083984,1,1,1e-06,0.0
1,0.003045320510864258,1,1,1e-06,0.0
1,0.0026826858520507812,1,1,1e-06,0.0
1,0.0019292831420898438,1,1,1e-06,0.0
1,0.0026216506958007812,1,1,1e-06,0.0
1,0.002384662628173828,1,1,1e-06,0.0
1,0.00284576416015625,1,1,1e-06,0.0
1,0.0028688907623291016,1,1,1e-06,0.0
1,0.0026159286499023438,1,1,1e-06,0.0
1,0.014311790466308594,1,1,1e-06,0.0
1,0.02602529525756836,1,1,1e-06,0.0
1,0.002671480178833008,1,1,1e-06,0.0
1,0.002038240432739258,1,1,1e-06,0.0
1,0.0024597644805908203,1,1,1e-06,0.0
1,0.004034280776977539,1,1,1e-06,0.0
1,0.002368450164794922,1,1,1e-06,0.0
1,0.002415895462036133,1,1,1e-06,0.0
1,0.003765583038330078,1,1,1e-06,0.0
1,0.0027840137481689453,1,1,1e-06,0.0
1,0.002560853958129883,1,1,1e-06,0.0
1,0.03522777557373047,1,1,1e-06,0.0
1,0.04819989204406738,1,1,1e-06,0.0
1,0.006089210510253906,1,1,1e-06,0.0
1,0.0024831295013427734,1,1,1e-06,0.0
1,0.0020325183868408203,1,1,1e-06,0.0
1,0.002765655517578125,1,1,1e-06,0.0
1,0.002221822738647461,1,1,1e-06,0.0
1,0.0022232532501220703,1,1,1e-06,0.0
1,0.0030333995819091797,1,1,1e-06,0.0
1,0.003546476364135742,1,1,1e-06,0.0
1,0.004131317138671875,1,1,1e-06,0.0
1,0.0025794506072998047,1,1,1e-06,0.0
1,0.08477210998535156,1,1,1e-06,0.0
1,0.005174160003662109,1,1,1e-06,0.0
1,0.08217930793762207,1,1,1e-06,0.0
1,0.004680156707763672,1,1,1e-06,0.0
1,0.008642911911010742,1,1,1e-06,0.0
1,0.003391742706298828,1,1,1e-06,0.0
1,0.003090381622314453,1,1,1e-06,0.0
1,0.044417619705200195,1,1,1e-06,0.0
1,0.0026099681854248047,1,1,1e-06,0.0
1,0.004811525344848633,1,1,1e-06,0.0
1,0.0035343170166015625,1,1,1e-06,0.0
1,0.0025932788848876953,1,1,1e-06,0.0
1,0.003725767135620117,1,1,1e-06,0.0
1,0.003105640411376953,1,1,1e-06,0.0
1,0.004685163497924805,1,1,1e-06,0.0
1,0.0026845932006835938,1,1,1e-06,0.0
1,0.004238605499267578,1,1,1e-06,0.0
1,0.0034971237182617188,1,1,1e-06,0.0
1,0.0038378238677978516,1,1,1e-06,0.0
1,0.0034513473510742188,1,1,1e-06,0.0
1,0.002872467041015625,1,1,1e-06,0.0
1,0.008146286010742188,1,1,1e-06,0.0
1,0.0030832290649414062,1,1,1e-06,0.0
1,0.004125356674194336,1,1,1e-06,0.0
1,0.008438825607299805,1,1,1e-06,0.0
1,0.0028896331787109375,1,1,1e-06,0.0
1,0.002899646759033203,1,1,1e-06,0.0
1,0.013728618621826172,1,1,1e-06,0.0
1,0.052751779556274414,1,1,1e-06,0.0
1,0.0036573410034179688,1,1,1e-06,0.0
1,0.004469633102416992,1,1,1e-06,0.0
1,0.008463621139526367,1,1,1e-06,0.0
1,0.26339077949523926,1,1,1e-06,0.0
1,0.503911018371582,1,1,1e-06,0.0
1,0.004156589508056641,1,1,1e-06,0.0
1,0.003958702087402344,1,1,1e-06,0.0
1,0.005024433135986328,1,1,1e-06,0.0
1,0.005621910095214844,1,1,1e-06,0.0
1,0.008397340774536133,1,1,1e-06,0.0
1,0.006136894226074219,1,1,1e-06,0.0
1,0.006657600402832031,1,1,1e-06,0.0
1,0.07903671264648438,1,1,1e-06,0.0
1,0.0028488636016845703,1,1,1e-06,0.0
1,0.003828763961791992,1,1,1e-06,0.0
1,0.24160408973693848,1,1,1e-06,0.0
1,0.06645011901855469,1,1,1e-06,0.0
1,0.00497889518737793,1,1,1e-06,0.0
1,0.03209185600280762,1,1,1e-06,0.0
1,0.051619529724121094,1,1,1e-06,0.0
1,0.0051190853118896484,1,1,1e-06,0.0
1,0.014799833297729492,1,1,1e-06,0.0
1,0.01607656478881836,1,1,1e-06,0.0
1,0.004036664962768555,1,1,1e-06,0.0
1,0.012251138687133789,1,1,1e-06,0.0
1,0.009119272232055664,1,1,1e-06,0.0
1,0.008994817733764648,1,1,1e-06,0.0
1,0.01740717887878418,1,1,1e-06,0.0
1,0.003234386444091797,1,1,1e-06,0.0
1,0.022350549697875977,1,1,1e-06,0.0
1,0.0798192024230957,1,1,1e-06,0.0
1,0.004233360290527344,1,1,1e-06,0.0
1,0.007603883743286133,1,1,1e-06,0.0
1,0.009919404983520508,1,1,1e-06,0.0
1,0.05000567436218262,1,1,1e-06,0.0
1,0.0033092498779296875,1,1,1e-06,0.0
1,0.007459163665771484,1,1,1e-06,0.0
1,0.006196737289428711,1,1,1e-06,0.0
1,0.003559112548828125,1,1,1e-06,0.0
1,0.011584281921386719,1,1,1e-06,0.0
1,0.007781505584716797,1,1,1e-06,0.0
1,0.004279613494873047,1,1,1e-06,0.0
1,0.0023665428161621094,1,1,1e-06,0.0
1,0.007390022277832031,1,1,1e-06,0.0
1,0.010629653930664062,1,1,1e-06,0.0
1,0.007651090621948242,1,1,1e-06,0.0
1,0.0040416717529296875,1,1,1e-06,0.0
1,0.0037674903869628906,1,1,1e-06,0.0
1,0.0033028125762939453,1,1,1e-06,0.0
1,0.01020193099975586,1,1,1e-06,0.0
1,0.008625268936157227,1,1,1e-06,0.0
1,0.008553266525268555,1,1,1e-06,0.0
1,0.002247333526611328,1,1,1e-06,0.0
1,0.008235692977905273,1,1,1e-06,0.0
1,0.011714935302734375,1,1,1e-06,0.0
1,0.0034873485565185547,1,1,1e-06,0.0
1,0.1264057159423828,1,1,1e-06,0.0
1,0.03386688232421875,1,1,1e-06,0.0
1,0.007112741470336914,1,1,1e-06,0.0
1,0.0078029632568359375,1,1,1e-06,0.0
1,0.0033190250396728516,1,1,1e-06,0.0
1,0.007663249969482422,1,1,1e-06,0.0
1,0.004045009613037109,1,1,1e-06,0.0
1,0.003190755844116211,1,1,1e-06,0.0
1,0.014568328857421875,1,1,1e-06,0.0
1,0.0068683624267578125,1,1,1e-06,0.0
1,0.014586210250854492,1,1,1e-06,0.0
1,0.0036804676055908203,1,1,1e-06,0.0
1,0.012298822402954102,1,1,1e-06,0.0
1,0.005080223083496094,1,1,1e-06,0.0
1,0.008949518203735352,1,1,1e-06,0.0
1,0.01937723159790039,1,1,1e-06,0.0
1,0.005021095275878906,1,1,1e-06,0.0
1,0.0028808116912841797,1,1,1e-06,0.0
1,0.0029401779174804688,1,1,1e-06,0.0
1,0.010675668716430664,1,1,1e-06,0.0
1,0.04238247871398926,1,1,1e-06,0.0
1,0.0040509700775146484,1,1,1e-06,0.0
1,0.004499673843383789,1,1,1e-06,0.0
1,0.011313676834106445,1,1,1e-06,0.0
1,0.004796504974365234,1,1,1e-06,0.0
1,0.0034203529357910156,1,1,1e-06,0.0
1,0.10199618339538574,1,1,1e-06,0.0
1,0.011413335800170898,1,1,1e-06,0.0
1,0.0042002201080322266,1,1,1e-06,0.0
1,0.002978801727294922,1,1,1e-06,0.0
1,0.004477977752685547,1,1,1e-06,0.0
1,0.002644777297973633,1,1,1e-06,0.0
1,0.0035712718963623047,1,1,1e-06,0.0
1,0.05537891387939453,1,1,1e-06,0.0
1,0.12749433517456055,1,1,1e-06,0.0
1,0.0025696754455566406,1,1,1e-06,0.0
1,0.003252267837524414,1,1,1e-06,0.0
1,0.0027425289154052734,1,1,1e-06,0.0
1,0.04362654685974121,1,1,1e-06,0.0
1,0.0031898021697998047,1,1,1e-06,0.0
1,0.004605531692504883,1,1,1e-06,0.0
1,0.0035429000854492188,1,1,1e-06,0.0
1,0.002371549606323242,1,1,1e-06,0.0
1,0.00311279296875,1,1,1e-06,0.0
1,0.018520832061767578,1,1,1e-06,0.0
1,0.0034253597259521484,1,1,1e-06,0.0
1,0.04601240158081055,1,1,1e-06,0.0
1,0.003879547119140625,1,1,1e-06,0.0
1,0.0057582855224609375,1,1,1e-06,0.0
1,0.008429527282714844,1,1,1e-06,0.0
1,0.007304191589355469,1,1,1e-06,0.0
1,0.06664228439331055,1,1,1e-06,0.0
1,0.002286195755004883,1,1,1e-06,0.0
1,0.044785261154174805,1,1,1e-06,0.0
1,0.003008604049682617,1,1,1e-06,0.0
1,0.037750959396362305,1,1,1e-06,0.0
1,0.0021169185638427734,1,1,1e-06,0.0
1,0.0408782958984375,1,1,1e-06,0.0
1,0.003804445266723633,1,1,1e-06,0.0
1,0.0030024051666259766,1,1,1e-06,0.0
1,0.0031528472900390625,1,1,1e-06,0.0
1,0.002267122268676758,1,1,1e-06,0.0
1,0.004793643951416016,1,1,1e-06,0.0
1,0.0028600692749023438,1,1,1e-06,0.0
1,0.002794504165649414,1,1,1e-06,0.0
1,0.024389266967773438,1,1,1e-06,0.0
1,0.0029115676879882812,1,1,1e-06,0.0
1,0.0024900436401367188,1,1,1e-06,0.0
1,0.0034220218658447266,1,1,1e-06,0.0
1,0.005698204040527344,1,1,1e-06,0.0
1,0.0027048587799072266,1,1,1e-06,0.0
1,0.004370212554931641,1,1,1e-06,0.0
1,0.002755403518676758,1,1,1e-06,0.0
1,0.03971529006958008,1,1,1e-06,0.0
1,0.0023818016052246094,1,1,1e-06,0.0
1,0.0033075809478759766,1,1,1e-06,0.0
1,0.0031633377075195312,1,1,1e-06,0.0
1,0.015494585037231445,1,1,1e-06,0.0
1,0.0027332305908203125,1,1,1e-06,0.0
1,0.0026416778564453125,1,1,1e-06,0.0
1,0.0022869110107421875,1,1,1e-06,0.0
1,0.0027408599853515625,1,1,1e-06,0.0
1,0.015628814697265625,1,1,1e-06,0.0
1,0.002454519271850586,1,1,1e-06,0.0
1,0.01177525520324707,1,1,1e-06,0.0
1,0.0024220943450927734,1,1,1e-06,0.0
1,0.002195596694946289,1,1,1e-06,0.0
1,0.0027861595153808594,1,1,1e-06,0.0
1,0.08863186836242676,1,1,1e-06,0.0
1,0.0017859935760498047,1,1,1e-06,0.0
1,0.0024743080139160156,1,1,1e-06,0.0
1,0.003472566604614258,1,1,1e-06,0.0
1,0.0036449432373046875,1,1,1e-06,0.0
1,0.015398263931274414,1,1,1e-06,0.0
1,0.002629995346069336,1,1,1e-06,0.0
1,0.01936030387878418,1,1,1e-06,0.0
1,0.03254842758178711,1,1,1e-06,0.0
1,0.002377748489379883,1,1,1e-06,0.0
1,0.00255584716796875,1,1,1e-06,0.0
1,0.002583742141723633,1,1,1e-06,0.0
1,0.02814769744873047,1,1,1e-06,0.0
1,0.002614259719848633,1,1,1e-06,0.0
1,0.002357006072998047,1,1,1e-06,0.0
1,0.002309083938598633,1,1,1e-06,0.0
1,0.0031723976135253906,1,1,1e-06,0.0
1,0.0020911693572998047,1,1,1e-06,0.0
1,0.0019495487213134766,1,1,1e-06,0.0
1,0.0022423267364501953,1,1,1e-06,0.0
1,0.002989530563354492,1,1,1e-06,0.0
1,0.0020515918731689453,1,1,1e-06,0.0
1,0.002041339874267578,1,1,1e-06,0.0
1,0.0021791458129882812,1,1,1e-06,0.0
1,0.002595186233520508,1,1,1e-06,0.0
1,0.004057168960571289,1,1,1e-06,0.0
1,0.002923250198364258,1,1,1e-06,0.0
1,0.004637002944946289,1,1,1e-06,0.0
1,0.002811908721923828,1,1,1e-06,0.0
1,0.014470577239990234,1,1,1e-06,0.0
1,0.03273963928222656,1,1,1e-06,0.0
1,0.003026723861694336,1,1,1e-06,0.0
1,0.0024886131286621094,1,1,1e-06,0.0
1,0.0023877620697021484,1,1,1e-06,0.0
1,0.0027074813842773438,1,1,1e-06,0.0
1,0.009036064147949219,1,1,1e-06,0.0
1,0.002959728240966797,1,1,1e-06,0.0
1,0.0022597312927246094,1,1,1e-06,0.0
1,0.002179384231567383,1,1,1e-06,0.0
1,0.0027794837951660156,1,1,1e-06,0.0
1,0.0026814937591552734,1,1,1e-06,0.0
1,0.0022096633911132812,1,1,1e-06,0.0
1,0.0032362937927246094,1,1,1e-06,0.0
1,0.0018961429595947266,1,1,1e-06,0.0
1,0.002755880355834961,1,1,1e-06,0.0
1,0.0023140907287597656,1,1,1e-06,0.0
1,0.002979755401611328,1,1,1e-06,0.0
1,0.005205392837524414,1,1,1e-06,0.0
1,0.0025072097778320312,1,1,1e-06,0.0
1,0.0020313262939453125,1,1,1e-06,0.0
1,0.0031578540802001953,1,1,1e-06,0.0
1,0.0025246143341064453,1,1,1e-06,0.0
1,0.0022814273834228516,1,1,1e-06,0.0
1,0.0032160282135009766,1,1,1e-06,0.0
1,0.0023584365844726562,1,1,1e-06,0.0
1,0.0026395320892333984,1,1,1e-06,0.0
1,0.002658367156982422,1,1,1e-06,0.0
1,0.0021076202392578125,1,1,1e-06,0.0
1,0.002246856689453125,1,1,1e-06,0.0
1,0.0033397674560546875,1,1,1e-06,0.0
1,0.0023169517517089844,1,1,1e-06,0.0
1,0.03383278846740723,1,1,1e-06,0.0
1,0.002165079116821289,1,1,1e-06,0.0
1,0.0028505325317382812,1,1,1e-06,0.0
1,0.0025415420532226562,1,1,1e-06,0.0
1,0.0026242733001708984,1,1,1e-06,0.0
1,0.002712249755859375,1,1,1e-06,0.0
1,0.002935171127319336,1,1,1e-06,0.0
1,0.029188871383666992,1,1,1e-06,0.0
1,0.0020148754119873047,1,1,1e-06,0.0
1,0.003156423568725586,1,1,1e-06,0.0
1,0.002146482467651367,1,1,1e-06,0.0
1,0.002501964569091797,1,1,1e-06,0.0
1,0.0035076141357421875,1,1,1e-06,0.0
1,0.0019593238830566406,1,1,1e-06,0.0
1,0.001989126205444336,1,1,1e-06,0.0
1,0.0035538673400878906,1,1,1e-06,0.0
1,0.005136966705322266,1,1,1e-06,0.0
1,0.0031888484954833984,1,1,1e-06,0.0
1,0.0031926631927490234,1,1,1e-06,0.0
1,0.003172636032104492,1,1,1e-06,0.0
1,0.003931283950805664,1,1,1e-06,0.0
1,0.003520488739013672,1,1,1e-06,0.0
1,0.003440380096435547,1,1,1e-06,0.0
1,0.0027005672454833984,1,1,1e-06,0.0
1,0.008695125579833984,1,1,1e-06,0.0
1,0.00404667854309082,1,1,1e-06,0.0
1,0.006637096405029297,1,1,1e-06,0.0
1,0.0040400028228759766,1,1,1e-06,0.0
1,0.005666494369506836,1,1,1e-06,0.0
1,0.006182670593261719,1,1,1e-06,0.0
1,0.011033296585083008,1,1,1e-06,0.0
1,0.0045318603515625,1,1,1e-06,0.0
1,0.005497932434082031,1,1,1e-06,0.0
1,0.0073070526123046875,1,1,1e-06,0.0
1,0.038201093673706055,1,1,1e-06,0.0
1,0.00591278076171875,1,1,1e-06,0.0
1,0.005831003189086914,1,1,1e-06,0.0
1,0.027792930603027344,1,1,1e-06,0.0
1,0.004276275634765625,1,1,1e-06,0.0
1,0.0024161338806152344,1,1,1e-06,0.0
1,0.0026717185974121094,1,1,1e-06,0.0
1,0.004311084747314453,1,1,1e-06,0.0
1,0.010598897933959961,1,1,1e-06,0.0
1,0.006220340728759766,1,1,1e-06,0.0
1,0.008248567581176758,1,1,1e-06,0.0
1,0.002979755401611328,1,1,1e-06,0.0
1,0.03539633750915527,1,1,1e-06,0.0
1,0.003134489059448242,1,1,1e-06,0.0
1,0.010275125503540039,1,1,1e-06,0.0
1,0.0019659996032714844,1,1,1e-06,0.0
1,0.038668155670166016,1,1,1e-06,0.0
1,0.020171642303466797,1,1,1e-06,0.0
1,0.0040416717529296875,1,1,1e-06,0.0
1,0.003053903579711914,1,1,1e-06,0.0
1,0.00250244140625,1,1,1e-06,0.0
1,0.0021047592163085938,1,1,1e-06,0.0
1,0.0023055076599121094,1,1,1e-06,0.0
1,0.0023794174194335938,1,1,1e-06,0.0
1,0.002349376678466797,1,1,1e-06,0.0
1,0.012024402618408203,1,1,1e-06,0.0
1,0.0029251575469970703,1,1,1e-06,0.0
1,0.002765178680419922,1,1,1e-06,0.0
1,0.00223541259765625,1,1,1e-06,0.0
1,0.002340078353881836,1,1,1e-06,0.0
1,0.002750873565673828,1,1,1e-06,0.0
1,0.002380847930908203,1,1,1e-06,0.0
1,0.0023462772369384766,1,1,1e-06,0.0
1,0.003688812255859375,1,1,1e-06,0.0
1,0.004934549331665039,1,1,1e-06,0.0
1,0.004393815994262695,1,1,1e-06,0.0
1,0.003568887710571289,1,1,1e-06,0.0
1,0.0028183460235595703,1,1,1e-06,0.0
1,0.003451108932495117,1,1,1e-06,0.0
1,0.004515171051025391,1,1,1e-06,0.0
1,0.003376007080078125,1,1,1e-06,0.0
1,0.010203123092651367,1,1,1e-06,0.0
1,0.0021975040435791016,1,1,1e-06,0.0
1,0.0027954578399658203,1,1,1e-06,0.0
1,0.002559185028076172,1,1,1e-06,0.0
1,0.003204822540283203,1,1,1e-06,0.0
1,0.0024518966674804688,1,1,1e-06,0.0
1,0.03754162788391113,1,1,1e-06,0.0
1,0.0035369396209716797,1,1,1e-06,0.0
1,0.002215147018432617,1,1,1e-06,0.0
1,0.0018069744110107422,1,1,1e-06,0.0
1,0.0017571449279785156,1,1,1e-06,0.0
1,0.0017561912536621094,1,1,1e-06,0.0
1,0.0019118785858154297,1,1,1e-06,0.0
1,0.002262115478515625,1,1,1e-06,0.0
1,0.012939214706420898,1,1,1e-06,0.0
1,0.005928516387939453,1,1,1e-06,0.0
1,0.002384662628173828,1,1,1e-06,0.0
1,0.03864407539367676,1,1,1e-06,0.0
1,0.01094961166381836,1,1,1e-06,0.0
1,0.015029430389404297,1,1,1e-06,0.0
1,0.0029251575469970703,1,1,1e-06,0.0
1,0.0022945404052734375,1,1,1e-06,0.0
1,0.013007402420043945,1,1,1e-06,0.0
1,0.002628326416015625,1,1,1e-06,0.0
1,0.0024344921112060547,1,1,1e-06,0.0
1,0.0027894973754882812,1,1,1e-06,0.0
1,0.002811908721923828,1,1,1e-06,0.0
1,0.0066680908203125,1,1,1e-06,0.0
1,0.0032024383544921875,1,1,1e-06,0.0
1,0.0023431777954101562,1,1,1e-06,0.0
1,0.0023267269134521484,1,1,1e-06,0.0
1,0.005585193634033203,1,1,1e-06,0.0
1,0.031064510345458984,1,1,1e-06,0.0
1,0.0018911361694335938,1,1,1e-06,0.0
1,0.002788066864013672,1,1,1e-06,0.0
1,0.004250288009643555,1,1,1e-06,0.0
1,0.004563331604003906,1,1,1e-06,0.0
1,0.006061077117919922,1,1,1e-06,0.0
1,0.014391899108886719,1,1,1e-06,0.0
1,0.00390934944152832,1,1,1e-06,0.0
1,0.0023331642150878906,1,1,1e-06,0.0
1,0.002959728240966797,1,1,1e-06,0.0
1,0.0017347335815429688,1,1,1e-06,0.0
1,0.0024232864379882812,1,1,1e-06,0.0
1,0.0019621849060058594,1,1,1e-06,0.0
1,0.002287626266479492,1,1,1e-06,0.0
1,0.003654956817626953,1,1,1e-06,0.0
1,0.0034704208374023438,1,1,1e-06,0.0
1,0.001867055892944336,1,1,1e-06,0.0
1,0.0019326210021972656,1,1,1e-06,0.0
1,0.0017547607421875,1,1,1e-06,0.0
1,0.0017247200012207031,1,1,1e-06,0.0
1,0.001890420913696289,1,1,1e-06,0.0
1,0.0034384727478027344,1,1,1e-06,0.0
1,0.0030031204223632812,1,1,1e-06,0.0
1,0.002156496047973633,1,1,1e-06,0.0
1,0.0028204917907714844,1,1,1e-06,0.0
1,0.0035088062286376953,1,1,1e-06,0.0
1,0.0018491744995117188,1,1,1e-06,0.0
1,0.0016872882843017578,1,1,1e-06,0.0
1,0.002997875213623047,1,1,1e-06,0.0
1,0.002824068069458008,1,1,1e-06,0.0
1,0.0023245811462402344,1,1,1e-06,0.0
1,0.0026710033416748047,1,1,1e-06,0.0
1,0.0029349327087402344,1,1,1e-06,0.0
1,0.0020656585693359375,1,1,1e-06,0.0
1,0.0018591880798339844,1,1,1e-06,0.0
1,0.015988588333129883,1,1,1e-06,0.0
1,0.0021772384643554688,1,1,1e-06,0.0
1,0.0022377967834472656,1,1,1e-06,0.0
1,0.00199127197265625,1,1,1e-06,0.0
1,0.002356290817260742,1,1,1e-06,0.0
1,0.0051767826080322266,1,1,1e-06,0.0
1,0.0022611618041992188,1,1,1e-06,0.0
1,0.005005836486816406,1,1,1e-06,0.0
1,0.0020902156829833984,1,1,1e-06,0.0
1,0.003694295883178711,1,1,1e-06,0.0
1,0.0022056102752685547,1,1,1e-06,0.0
1,0.0023648738861083984,1,1,1e-06,0.0
1,0.009366989135742188,1,1,1e-06,0.0
1,0.00222015380859375,1,1,1e-06,0.0
1,0.011987924575805664,1,1,1e-06,0.0
1,0.00220489501953125,1,1,1e-06,0.0
1,0.00250244140625,1,1,1e-06,0.0
1,0.0020377635955810547,1,1,1e-06,0.0
1,0.00492095947265625,1,1,1e-06,0.0
1,0.0044384002685546875,1,1,1e-06,0.0
1,0.012716531753540039,1,1,1e-06,0.0
1,0.003586292266845703,1,1,1e-06,0.0
1,0.002155303955078125,1,1,1e-06,0.0
1,0.0026857852935791016,1,1,1e-06,0.0
1,0.0026955604553222656,1,1,1e-06,0.0
1,0.0021216869354248047,1,1,1e-06,0.0
1,0.009276151657104492,1,1,1e-06,0.0
1,0.046984195709228516,1,1,1e-06,0.0
1,0.0033659934997558594,1,1,1e-06,0.0
1,0.030158042907714844,1,1,1e-06,0.0
1,0.0032558441162109375,1,1,1e-06,0.0
1,0.0020525455474853516,1,1,1e-06,0.0
1,0.0021715164184570312,1,1,1e-06,0.0
1,0.0022461414337158203,1,1,1e-06,0.0
1,0.04263567924499512,1,1,1e-06,0.0
1,0.0019321441650390625,1,1,1e-06,0.0
1,0.0020503997802734375,1,1,1e-06,0.0
1,0.0021936893463134766,1,1,1e-06,0.0
1,0.004549264907836914,1,1,1e-06,0.0
1,0.002851724624633789,1,1,1e-06,0.0
1,0.0020585060119628906,1,1,1e-06,0.0
1,0.0023565292358398438,1,1,1e-06,0.0
1,0.0031387805938720703,1,1,1e-06,0.0
1,0.0021266937255859375,1,1,1e-06,0.0
1,0.001993894577026367,1,1,1e-06,0.0
1,0.0033659934997558594,1,1,1e-06,0.0
1,0.0020711421966552734,1,1,1e-06,0.0
1,0.0022325515747070312,1,1,1e-06,0.0
1,0.0024819374084472656,1,1,1e-06,0.0
1,0.0033636093139648438,1,1,1e-06,0.0
1,0.008335590362548828,1,1,1e-06,0.0
1,0.001974821090698242,1,1,1e-06,0.0
1,0.003251314163208008,1,1,1e-06,0.0
1,0.002601146697998047,1,1,1e-06,0.0
1,0.011814594268798828,1,1,1e-06,0.0
1,0.013199329376220703,1,1,1e-06,0.0
1,0.02998208999633789,1,1,1e-06,0.0
1,0.11547613143920898,1,1,1e-06,0.0
1,0.002397775650024414,1,1,1e-06,0.0
1,0.0027289390563964844,1,1,1e-06,0.0
1,0.004260063171386719,1,1,1e-06,0.0
1,0.002648591995239258,1,1,1e-06,0.0
1,0.004691362380981445,1,1,1e-06,0.0
1,0.003253936767578125,1,1,1e-06,0.0
1,0.0026569366455078125,1,1,1e-06,0.0
1,0.015296697616577148,1,1,1e-06,0.0
1,0.002508878707885742,1,1,1e-06,0.0
1,0.0034737586975097656,1,1,1e-06,0.0
1,0.0029532909393310547,1,1,1e-06,0.0
1,0.001979351043701172,1,1,1e-06,0.0
1,0.0020074844360351562,1,1,1e-06,0.0
1,0.0055561065673828125,1,1,1e-06,0.0
1,0.002278566360473633,1,1,1e-06,0.0
1,0.0027391910552978516,1,1,1e-06,0.0
1,0.0017437934875488281,1,1,1e-06,0.0
1,0.004938364028930664,1,1,1e-06,0.0
1,0.00235748291015625,1,1,1e-06,0.0
1,0.0020177364349365234,1,1,1e-06,0.0
1,0.004459857940673828,1,1,1e-06,0.0
1,0.0024557113647460938,1,1,1e-06,0.0
1,0.0021462440490722656,1,1,1e-06,0.0
1,0.002092599868774414,1,1,1e-06,0.0
1,0.0027167797088623047,1,1,1e-06,0.0
1,0.004105329513549805,1,1,1e-06,0.0
1,0.002479076385498047,1,1,1e-06,0.0
1,0.00472712516784668,1,1,1e-06,0.0
1,0.002867460250854492,1,1,1e-06,0.0
1,0.0022156238555908203,1,1,1e-06,0.0
1,0.0032126903533935547,1,1,1e-06,0.0
1,0.0031690597534179688,1,1,1e-06,0.0
1,0.0022177696228027344,1,1,1e-06,0.0
