duration,joint_length,cart_length,efficiency,curvature,smoothness,jerk,energy,cost,deviation
1.80024508,2.159889815789964,0.343111407561669,0.8452644925327342,0.008673347207542615,1200998719.7193584,2213692.58673553,3.4445166901470254,2.272957296345391,0.05309151776686272
3.422638548,3.1674382839089823,0.35577309745875696,0.5705894192673089,0.5711271209087743,1497.5544787971135,205.85170702612115,3.4838534343893226,3.332801419641458,0.15277273238883315
1.694884977,1.59498888474908,0.23704128755111137,0.9201280020947806,1.3478895913079515e-13,117.08995337216433,33.28508205834829,1.99468602055931,1.714886748811494,0.018932961222732858
1.7233255060000001,1.7476466868055456,0.21255701955150913,1.3065162414834932,1.255471971871049e-11,771.052807583057,165.858592585977,2.3555357606101266,1.8594960292442437,0.06515217873386198
2.112201733,3.0925599041322673,0.3763242036083035,0.7711272148919891,7.203407073443938e-10,8337.47026437456,817.5620378714028,6.024266150332943,3.286757884919496,0.08613036858338657
2.351140868,2.1154063059105184,0.20469750117121852,1.2900317223971893,1.1653406980675707,356.6601611581972,36.90430415993021,2.5407506537254756,2.294769000309303,0.05936876883508921
1.65040505,1.8386755062405309,0.24669585061389607,0.9900913525548433,1.759189710090931e-12,196.36618229391107,37.181361369400356,2.721690636497311,1.9399703497956748,0.0024444222099161417
2.254390241,3.0146949689947236,0.4751066553444856,0.6327078697119769,4.666382939528145e-12,144.0338847394716,33.122975966086905,5.3650451890108855,3.180643121800067,0.17450293555549368
1.3804380950000001,1.1852929865782864,0.16608920798425444,1.7919739818246425,2.769020302287291e-13,127.83310198335491,29.270777311901238,1.3500527230465365,1.296302977240622,0.1315383313853912
1.662070508,1.526303581433872,0.20121695481898227,1.3534246099053642,4.787232705232966e-13,118.45766078733294,31.5611091088062,1.8624494336568038,1.6478395225049096,0.07111502376324408
1.915549922,1.8854923647130213,0.03673604263518327,7.329827417795453,1.4395536469052566e-11,2102.905015300443,358.93156312446706,2.4681026928792504,2.014037453261059,0.2325328098934858
2.933995409,3.3894133431452307,0.44064853914054697,0.6346479181091573,0.4168604737292743,737.7979201978764,87.60357956678709,4.937103023956839,3.5167841056494606,0.1609918611571573
1.9521625,2.6442166121528725,0.36451093382091737,0.4108912556799227,7.172307195276068e-13,200.409885967011,37.85483135950011,4.763444679817922,2.7912405808247334,0.21473657851417943
2.047754507,2.372232442463194,0.2857275085569944,0.9778259440284903,1.2786418162245753e-12,144.6491490666837,30.85498303628824,3.655755521915752,2.499145884168428,0.006335737767342808
1.60285468,1.7153630616381486,0.19670227178052985,1.053831902839065,3.8921422694928614e-07,723525.1052133632,15918.61365993795,2.438182091227687,1.814923514900797,0.01058885758271283
4.423123417,4.696868943312086,0.38782328208847916,0.40657862713155674,0.7977339066857252,1392.7187584173676,188.89127332417996,6.15400713874766,4.878798371874367,0.23014262448729084
1.657107982,1.654757951142952,0.0806691805851398,3.729622639188151,6.207933067885251e-13,145.05935892870286,33.93915899430302,2.1956195249547332,1.7638702782481275,0.22019642160995487
1.507602936,1.457076773122897,0.12315058276643565,2.5354350333782665,7.632193909738043e-10,32089.613349189898,2049.4349381956813,1.8698448133514085,1.5598408463194406,0.18908971916053507
1.7184226420000002,2.5176236118917306,0.3700966420814862,0.8242910628803617,3.8221667992969647e-10,3367.9163149675915,409.85220507661467,4.902215754716044,2.674861652499901,0.06502928761168514
1.925143416,2.2663300041326746,0.193479119959165,1.4171529450995857,2.921223859852817e-11,666.6273024323083,144.813367640441,3.5481585920505885,2.3862210864631876,0.0807103847062417
1.8355414680000002,2.5703290393026603,0.26196627399544514,1.1959199501804516,1.4108394580933383e-11,413.61492053632566,77.85747642708832,4.78520865245107,2.7193899334112785,0.051324419350146144
3.550846325,3.4203997268166257,0.3689462810970519,0.4877350689243966,0.9485451110628969,661.9780404319622,42.2150975481531,4.041057407906063,3.5967099023078632,0.1889982412567815
2.153548446,2.5486583213395764,0.40045563730656525,0.41828656511710693,1.83470012063977e-12,122.83284844696115,29.820869302802624,4.01331363364847,2.6835454336655244,0.23295042429582008
3.000321404,3.2108700048259267,0.34482802756328024,0.5221553676761684,0.31597993280907927,413381517.54310304,1134095.7317896402,4.3061168339532125,3.3456999303210133,0.1647742220459277
1.7122779220000002,1.8474836128341676,0.13009760935355638,2.2454476639746916,5.431138791626488e-10,6753.5783250122595,733.3673392340576,2.64920419852936,1.9537454536395393,0.16202976365807878
2.102898852,2.4113560186216874,0.26731350200776594,1.0570553176637683,6.945817237473987e-07,460454.7104794859,12601.642700469054,3.6787152125680413,2.5414449907622836,0.015251656772867439
1.697027848,2.2624291032535204,0.432304992869003,0.676027115838161,1.5900986849958195e-13,234.477250236644,47.12164551735349,4.008305457385505,2.3854438719785094,0.14005509537733413
1.533139376,1.55127533013819,0.09548577736042062,1.7407557896137795,3.4756272849680477e-12,374.09140446798807,80.3596005269129,2.0844467253036796,1.6506552275160118,0.07073164240550393
1.945475547,2.009356263676168,0.1577812896291752,1.781009574191414,5.197301894046617e-13,136.46824743543192,29.657541804475827,2.7601143206125913,2.1339555883929857,0.12322869782865431
3.667027097,4.184629449258401,0.34937875646383554,0.8670209026690687,0.8225645010940813,270.4645427286391,29.22476358023065,6.522548886201333,4.4451723957436275,0.046460071661164115
1.480378553,1.5970823306163975,0.17013932617945016,0.6229778955808194,2.0625914598610604e-13,200.98082325991487,43.16426020191059,2.2875242778219826,1.6884892090109556,0.06414628680063768
1.97781095,2.1181189872852864,0.27284291353963464,1.0189446782148923,2.2429170322872555e-14,97.78725029444277,25.93165732593152,3.016941005058129,2.2417601759257404,0.005168921200222054
3.315427662,3.5446717715766796,0.44047901915846227,0.36446625318909465,0.3644961943896095,3738.7134374949,461.4037271510097,4.731914414878121,3.6904226564062963,0.2799392814373701
2.481849133,3.194505308948005,0.5892672421588776,0.3410091384909986,2.44529486241976e-13,101.80974957002074,30.77578023445195,5.473845638387433,3.3653109044566887,0.3883217275693121
2.249678907,3.116734269235693,0.36247943500422836,0.8384686534822948,2.4657985315147128e-12,165.37802950191167,33.83101438501226,5.746309510610208,3.295827172616319,0.058551791221210014
2.6293624429999998,2.7112616111313037,0.27181877559489154,1.0118087262357618,0.4035052233107517,1279.0843817734553,140.28413029367127,3.3646157349312573,2.8091727686387733,0.003209833506740034
1.596152738,1.536407324359183,0.18435056967842067,1.3327534575972495,3.480636005780118e-14,116.52463576305682,25.032096078070694,1.964161447593054,1.645856314462284,0.06134328947051715
1.452203445,1.2046745666025642,0.04747210797066442,4.300427447708275,1.4640900274129163e-13,137.03392547144495,31.664240937047232,1.326490530485329,1.3280493107380917,0.15667824814695164
1.419251578,1.584072388004699,0.16122904567584054,0.8771122490292149,1.3428460015646096e-11,2463.0989167737725,342.6794559251962,2.3459027761528417,1.6705101416324482,0.019813074814270026
1.895051301,2.8568452779754954,0.32302124652105696,0.9646159488084308,1.4056526733191647e-13,240.36303380816648,47.69154332664676,5.727086605847187,3.046175952759636,0.011429800322865558
1.64330798,2.135043844012786,0.19310372491290786,1.60243413064731,6.663942456075635e-12,316.2311103032638,47.7953196986118,3.68545018750911,2.2484307671069366,0.11633227464266496
1.807190891,2.6038286781793594,0.23943369038672127,1.3092718758421107,1.8673686938113167e-08,59102.443193330306,2861.9368689226244,4.986937885924699,2.7617954048566835,0.07405010656570041
1.6767300870000001,2.0911865334961934,0.3730925299337944,0.7688660592536225,6.774782730790409e-13,209.3960868936572,43.82366554503099,3.4658099173360735,2.200328631665692,0.08623434670663371
1.683834671,1.701070503474181,0.4008934312124469,0.6850304818951337,2.247718993186289e-13,136.3071038087093,35.68417478532288,2.283689559372795,1.8106999816642317,0.12626921084039078
2.793359139,3.3989375279401366,0.5302517426821534,0.5481164525101654,0.6556115292625236,283.3312348966435,32.453073959268,5.745474523628535,3.626013571501762,0.23961203854587843
2.314881794,3.3035944769123446,0.3866082988650926,0.1763383755063504,3.6969212313135645e-10,3485.3601887672116,473.883221754323,6.274835655179371,3.5023576394008122,0.3184344194859486
1.7244369160000002,2.023556197546754,0.27273066050237227,0.8518570102930848,2.3100314745600724e-12,897.4843368136106,172.21371381536636,3.155984614808457,2.1303941683803935,0.040403135431563125
1.287083008,1.032192013241701,0.19078706438955995,1.4086829630017355,2.1076130046982013e-13,147.15093746757088,37.17722724669848,1.0975269630338755,1.1472154011034557,0.07797142277712826
2.781535498,3.0414502314557694,0.28980521784984264,0.8970635342734814,0.8587032556755105,253.69368656565493,31.018478168850592,4.755113219550131,3.280216935692334,0.029831524874566584
1.647596064,1.577456603332632,0.18856138307074607,1.1166977463265595,1.7711646193442155e-12,153.1227105894228,31.67491165534261,2.0066622676833865,1.69135352046973,0.022004688448575116
1.694850605,1.9624925678763165,0.3328917174757467,0.8276298052516406,1.6326399664954546e-13,177.27711486212837,40.95552552330833,3.0198408333390496,2.0669054358183367,0.05738061017141027
2.47350746,3.095227083456028,0.3911101458716811,0.7057876085074709,7.563347343025419e-14,96.98509491671965,29.64401075039438,5.156184358965511,3.258730689175514,0.11506945135389918
1.283004575,1.298914316179326,0.16615446065738718,1.8322153844698876,1.377045355439707e-13,235.73979903117,46.88928585414777,1.743511361675106,1.3814698288067517,0.1382762983573743
1.2049320350000001,1.1615517074713024,0.07959194474484839,3.543487520630206,4.44718888193074e-09,193080.95063321988,6253.537591506892,1.4827419031984956,1.2431418776282201,0.2024411182012108
1.805976097,1.8945947695498533,0.24204816998846995,1.266150487597723,2.9503008942849048e-08,56015.563475138035,3058.6197769573046,2.6419883288975976,2.008626012399461,0.06442123846456782
2.426732208,3.2269869178064763,0.38039314377728833,0.5822787540118148,1.178543312590434e-11,437.46275280994774,112.36399784955161,5.711966013200061,3.403880852962603,0.15889829798401175
2.150553906,2.5621485035541953,0.2633388507596504,0.9326415648321065,1.4043609191214128e-12,131.6456723808579,30.40769466874693,4.061547636700025,2.6973904911616833,0.0177380929060815
2.468277686,3.3546899178994547,0.28278140977308,0.7592441530722567,8.20397206251283e-14,115.57336111527903,31.930053333039737,6.069656235922829,3.5431182887443478,0.0680812778053391
1.1825176800000001,0.7790169328793257,0.10666315112611896,2.3232188723411324,1.5000063872282554e-13,101.8856886813384,25.838994353742528,0.6795129327669721,0.9205164317051249,0.14113869455345493
2.013062682,2.367626684047916,0.31567116630078623,0.3982975376952986,1.4163507238908685e-09,4740.370207594437,595.3473761058533,3.70377041349779,2.4930298291187247,0.18994011804177996
1.619521353,1.388740306908045,0.23422895317413653,1.0025699583841503,1.7319883665832992e-10,1068.1077375736343,223.63442170086495,1.5818450543737144,1.5196736748379611,0.0006019586620206463
1.67501488,1.6523485479313305,0.16866838189961283,1.0011208563807426,3.029699005116518e-13,131.333782186115,34.60063306761788,2.166028660633731,1.7641511032992783,0.00018905303208172075
3.177723235,3.062297164459318,0.45204351000646037,0.42704178706764295,1.2571099962382046,530.3965555666496,31.46388546637138,3.7006919731531056,3.2361465544143484,0.2590020416609716
1.416910567,1.2043932353447835,0.17586615515809528,1.014877754771746,3.185048351727656e-10,2172.38807880789,348.61261849371857,1.3583149207508916,1.3201845050880918,0.002616493529091962
2.131399548,2.893350777848141,0.4238770953254128,0.5260935005196409,2.3370050435420874e-12,396.2339281915892,88.63021114271383,5.225875446011331,3.055075219541523,0.2008781104555689
2.217821677,2.936905655074267,0.3867840782896876,0.47185469391860235,3.839267059174292e-11,1817.7250024506832,308.97771735727747,5.175094209642789,3.096909774758265,0.20427819541571832
1.423246548,1.4919464404753457,0.3064398618310291,0.9466630538247023,2.66005804036372e-11,1196.6660960793472,209.2204796353618,2.075239006149892,1.5811249966201166,0.01634456641644727
1.718617623,1.9418446591342022,0.11587021360012607,2.504929424769639,6.104847894809215e-11,1936.9162351360512,308.7224318452022,2.916022782941075,2.047389469441896,0.174376493901173
2.885441845,3.3567625570443966,0.48512278550301635,0.5940221180595314,0.3288040915332088,335.749928629293,34.61712597444812,5.223597217214668,3.541601204260693,0.19694912093957484
2.317143343,3.023524890520412,0.27829969364630003,0.655072409150075,3.4108680604773487e-10,1847.8013165608686,317.5224274463257,5.250900557751821,3.186447404958529,0.09599324286369043
0.998983049,0.6879935966917897,0.08066595770583077,3.540380915640881,1.17582100677494e-13,152.0982848364019,27.85447473433338,0.6254383478457571,0.7998783278458674,0.20492225949778695
1.682933325,1.5105447011590472,0.07412896701791762,3.1872942832847024,2.4756837567977556e-14,107.69068855097218,31.68940300208368,1.8017360234960673,1.6377384151628325,0.16214186578409145
3.520505446,3.8633721032385773,0.5172234208222052,0.1470991146489159,2.0304999255515717,2333.2983759251674,288.6320612899631,5.489724776921387,4.051495975079709,0.44114031354357514
1.6387006620000002,1.9276492398455836,0.1888731279158762,1.541087502504104,4.2922997957099555e-12,310.5644622513463,58.7594973850791,3.012563933287275,2.0290527473956885,0.10219688907413962
3.040508796,3.0804555714351682,0.4057803616598873,0.48397641761786825,0.609171480125622,392.14204931425746,44.49073656071168,3.893902395457876,3.2271662260656426,0.20939223588405206
3.254707335,3.757316882630721,0.599193633988937,0.42539560068440513,0.7565260132350053,392.06859478677745,34.78024811299096,5.587467392276645,3.9223031655076177,0.34429929813194154
1.4574428720000001,1.288537910379002,0.1668365461362052,0.6900072895905757,7.362515832431762e-13,146.62511972325197,34.199785892772596,1.5122278751187133,1.4008378879753436,0.05171811313210921
1.767052245,1.7273324933284275,0.13196550124757883,1.2239424759785578,1.9555119646417042e-13,107.89709968864365,28.217069471514208,2.244373532364716,1.8466286018043143,0.029552681093134248
2.332842838,3.349680735944259,0.2564748682864657,0.6307228009922706,9.436104659570102e-12,332.24693417255304,76.64322573641832,6.401647610467561,3.5533389516712157,0.09471032097670237
1.911433889,2.469726733378433,0.18444329201908585,1.2280277646770958,6.404433041301575e-10,9764.16573808705,915.8838603876396,4.243648985509899,2.6011940460533536,0.04205819158879698
1.095827099,0.6126608260138866,0.01683239368546232,15.174411803072719,3.4098359939423783e-15,98.87957912987747,30.593887955990244,0.4531894907895437,0.7740330681634635,0.23858927972918378
1.509344582,1.5665805632173682,0.17542736298328815,1.5416698139083802,2.9564653301737417e-09,19230.32076109895,1427.842524956564,2.158988766324613,1.66216781135187,0.09502370706159557
2.965384036,3.8808694638573398,0.5444643519338278,0.5441138448453665,0.2617938411975325,471.50987879655077,43.16311533985224,6.574820644043966,4.05346552875173,0.248213760021872
1.752012175,1.944438458031084,0.2592579377163906,1.1080154681158478,1.0014427980692221e-12,167.48776630951556,34.58011285702443,2.868374720188107,2.052255197250055,0.028003867505185243
2.331784582,2.585799907332209,0.3072597568028336,0.9822643001707556,0.41679116737988803,603.3930277038642,89.48599979570987,3.9078040867009953,2.7485946130730827,0.005449466816261683
1.705360105,2.066434990873774,0.46060012626253916,0.6057370903790975,5.00817798680599e-08,117645.84344879312,4681.09620145964,3.327670884244804,2.1742522151984707,0.18159754595202376
3.324202354,2.9283368183452687,0.5080420239798508,0.45397498696244404,1.2122545982656345,959.8948608579005,144.00972508482292,3.2898888880085755,3.158993446539823,0.27740365276722434
2.350016597,3.10949553342979,0.33774937193023064,0.9248925622375498,3.1589747253536845e-12,137.46311004113232,30.965743649079002,5.476299923722413,3.2790648369163993,0.025367489931556464
2.008747943,2.7636944638868974,0.28444733748551576,1.074279534177302,5.256014650479561e-09,23491.198087703862,1633.4287122833034,5.057331551460753,2.9204432730469096,0.021128615726397904
2.4168827950000003,2.6342768790536786,0.2510617143622235,1.1513109687356682,0.6849872906957032,2271.954278926647,331.5564589250524,3.870427717344291,2.79454941309033,0.03798839121258568
3.329662829,2.8882044176106634,0.2855208735962079,0.6522570794027356,1.1311790746453858,982.7701126158323,92.34434725745882,3.102652607531847,3.107677420150635,0.09928786247582772
2.349670917,2.134834546452988,0.21608121874110997,1.2300016107893035,0.4158107276891783,341.27800068495554,32.706922781887904,2.4539459461442505,2.2845913746100455,0.04969902837177115
1.735540053,2.546675518149768,0.3434563725142254,0.8974518079548756,7.079930449116244e-12,526.1514868478256,86.29558585252968,4.96684533025292,2.706255294510491,0.035220830047710594
3.145966262,3.137988031853286,0.34339282914985997,0.41474590697883795,0.4291002050282598,639.7427294367956,39.227622735376656,3.717014750191868,3.2569846675796885,0.20097205877407215
3.250924086,3.6419438943710656,0.4305805888105078,0.682676505304348,0.45041491131001893,360.51822521465016,34.593674246124024,5.084128720152692,3.7739729361789647,0.1366333371894619
1.680248326,1.9798554135463649,0.18225082197831735,0.7618358785483883,3.2518564489799695e-13,186.10527417248636,41.52925351910289,3.100137631021223,2.0840690220227907,0.04340560690030004
1.351331193,1.0936434223752616,0.13674509268545418,2.0464551210797355,8.398101422127078e-13,151.57628118131757,32.777648810913,1.1740387374443797,1.2127975936389808,0.1430976025232166
3.484021875,3.7795710715645483,0.5441508450264404,0.4490403635884908,0.6874682211197282,662.5622667965927,44.455033046630334,5.190749534248591,3.9435870854755377,0.2998051517287831
1.407090372,1.4388567960978955,0.1253992713913617,1.1735627008550835,6.666601357890511e-09,51328.640527378375,2686.127953238515,1.9519378502857299,1.5287664372963043,0.021764636227944334
1.677271078,2.008152311457918,0.20597381333984843,0.6343433365481066,5.846512673090219e-14,192.83108232016806,42.09187734634491,3.195017491938599,2.113172854170887,0.07531569734431207
1.397786915,1.0783820652936944,0.1741387471834326,1.1226288785706688,7.44355652718123e-14,97.52481514971372,22.56054998435424,1.103625104737955,1.2111926130650688,0.02135443928280556
1.586787814,1.407701102687585,0.20172069959095512,1.088704654584229,1.2842511710051823e-13,101.49777025816935,25.122394474553825,1.658596802991974,1.529514927273429,0.017893564979704707
1.437005986,1.6835014242925714,0.27060505466795165,0.8227132899055696,1.0326558537619998e-11,435.3758851867451,75.00358862673275,2.6174951310434,1.7717019903257087,0.04797467987700463
1.5126036900000002,1.5179751046130474,0.2007076051743366,1.5255146157980466,1.67691797589992e-10,6883.546829173538,730.0328985735632,2.0227752025736216,1.6167865583599434,0.10547478002093752
2.3291409720000003,3.0748556532735325,0.295638593991111,0.8058277930470459,1.2014024720227063e-11,379.68475548642084,94.59115775418798,5.402837460591179,3.2421661422276493,0.057404798255722395
1.7096420440000002,2.014110096186219,0.2299853176332028,1.2118287910141028,1.7837042126435992e-09,17479.34577064741,1339.465096890721,3.153435861491311,2.12018802837275,0.048717511785235756
1.76757162,1.786546942024465,0.17872258418563375,1.6911619692507966,6.679306742767925e-15,114.88435011127054,29.08730381824281,2.4001848485138475,1.9016843945125557,0.1235262532353339
1.8784969450000002,2.2210270778137633,0.2470453997981443,0.5518675016546405,3.098782903728005e-13,149.9068914927667,37.182558688238714,3.4919500820912823,2.338199625543762,0.11070907221627058
1.415557439,1.4789411796058574,0.21614462178232208,1.4316803245260976,1.6295578007470771e-10,4303.309164008271,515.0048903627867,2.0500905418812825,1.5678175558185994,0.09330538047556342
1.9602588600000002,2.320255115219299,0.23442837006109365,0.9260179927489113,1.9622924031006206e-12,136.0719582936574,31.843979845859504,3.652622664924406,2.442730123072601,0.017343481373720743
1.980694976,2.508821576864647,0.27671040238981237,0.8698227993258869,1.322857183533729e-13,135.00914364112975,30.040765133980557,4.226424321077355,2.64109148536133,0.03602138558051318
1.674332361,1.7614111284000233,0.11249762151964933,2.77334115611894,4.221017573510393e-14,149.5312799331368,36.87107050276424,2.462397515113504,1.8667768987827102,0.19949666220628587
1.348431179,1.1080105630733017,0.1991534769957126,1.1343412738350538,1.8133054461677935e-12,166.65517381849372,33.703862691754935,1.2076660563610566,1.224109908101532,0.02675453178828413
2.409253537,3.1227297854212823,0.5632724443239481,0.4520729888022593,4.590161221092182e-09,12125.08660661101,1140.2858791600768,5.387406243874265,3.290274577743366,0.30863218690846667
2.309217836,2.8293982180896204,0.31464361758867265,0.9314173909316221,1.1847101442178043e-08,11956.28197098341,1133.801671520369,4.613983320430032,2.978243085721855,0.021579080220944125
1.344268493,1.2793464725487977,0.20895808018755704,1.331558076586598,3.8627908279023976e-13,251.61389869736047,40.26777342584211,1.6149911091040785,1.372444208040335,0.06928173915421451
1.9016504570000001,2.4459127870762285,0.35874415878292876,0.8280636284402025,3.452755507036578e-06,3937052.417427865,48839.80307478231,4.183462030616854,2.5757177037538623,0.06168116897940862
2.483243394,3.2227776521792295,0.35409231246412043,0.7947542542478541,1.7968240333641568e-13,103.4172698617769,31.064164493707686,5.5680436732508625,3.396017153121864,0.07267594073680028
4.301615468,4.9243361116688344,0.610922864024183,0.3661601075434129,2.6886178860938004,2744607.497865603,41214.25017475454,7.179945241925644,5.126369680252663,0.3872272824323584
2.452572226,3.557612282825886,0.3390423319795587,0.4957330536235349,2.9845925798342765e-13,146.2090160653077,32.82624903562842,6.869671934884395,3.778008190507234,0.1709678414396878
2.458350009,2.6411809730453535,0.34970953532076593,0.8375210103813696,0.6130880396155568,400.2119322149637,42.01198533557569,3.8956999611464913,2.8189523850474396,0.05682045195891877
1.623651785,1.8960973910400325,0.18486420543719423,1.127588666214495,1.1386248158835416e-11,1082.5647612992295,196.32531585406943,2.941389559838474,1.9961775823837078,0.023586577402533976
1.716856935,2.520453269264612,0.2948022023015114,0.8806051922352522,2.9516138656343765e-10,4496.220883895472,500.39136923288197,4.91768840698156,2.678461763102157,0.03519785227241323
1.356096688,1.1397141455769504,0.13579107001323618,1.770238909540907,1.1906920532891375e-12,150.50588097530436,33.284174951394164,1.270576521913808,1.2524396378135418,0.10459156569238798
1.939732705,2.487713683622194,0.23876865092877128,0.7264464734264304,5.964689218658473e-12,259.7436594774839,50.48152354088041,4.243199642369198,2.619618483922717,0.06531600649677899
2.533444001,2.825717290310595,0.22677655811219125,0.8101265914762981,0.3703333516113771,521.3384459899495,66.40538341111191,4.125547907341386,2.9687740979925152,0.043058838062035115
1.639208278,1.4297572361148823,0.08971196398556257,3.461271642888216,3.978069570675752e-12,166.79322688810987,42.083624217845355,1.6568080502088973,1.5589478156877323,0.22080551298547402
1.425887494,1.4086143449499993,0.16681867123823915,0.7851675005159126,7.353612663093426e-11,767.3305898951799,153.236912607634,1.8465265953888854,1.5031060546577768,0.03583807210272516
3.157819235,3.3797395149785894,0.42435533042648144,0.5248538947308596,0.3247363244355613,303.003979202141,30.419000430287248,4.504158167066524,3.5158551334047403,0.2016307825023418
2.100546071,2.331190558835935,0.3766190676880646,0.693768324174122,0.0001650826703010774,67824158.52213927,352425.48892798385,3.442009864035996,2.4610966247415735,0.11533268824609577
1.817342681,2.290149131984296,0.27108876143809185,0.8207690839229598,9.895012721180747e-12,2675.909259517478,381.1264727606095,3.836454914506873,2.410287708095093,0.048587487050739425
3.254683866,3.8102476741672606,0.4370743487719382,0.6887816190952144,0.3695138679925254,371.2294846027257,31.80608025742244,5.59466078181924,3.9449047724307524,0.13602557115981617
1.721017839,1.8514180804658855,0.40986114109534605,0.6598731450984406,9.542045502633416e-11,1196.5272566706342,223.52029610204673,2.6470935403610665,1.9583930758585675,0.13940478086712432
1.6734840659999999,1.9464868751653686,0.2542292250394044,0.9581708313509407,1.3455119401920626e-12,183.06078167871254,40.72496404041802,3.0085570973402604,2.0496997959342,0.01063419712969288
2.407648903,3.2652458951182273,0.33325714090719605,0.6537421222938341,1.5282063117640427e-08,24290.304417885305,1778.2942475952195,5.8942744644913185,3.4480128121455547,0.1153929103409504
1.8152550650000001,2.4579047051018557,0.19540084107201888,1.160927943938539,1.900168195852513e-10,4682.906122698396,543.257593432256,4.424113801573378,2.594086668355418,0.03144545559758119
1.793848695,2.408757114473113,0.17532250762234633,0.8766043478916027,4.552693706453669e-14,179.88518701750837,31.72650082430351,4.299286581791219,2.5408996401474893,0.021634035157338888
1.966356473,2.306844866375145,0.19320438229297665,1.6098963040007386,4.580990277645631e-13,126.10877391054623,30.54260318805417,3.599343038909352,2.429149143531929,0.1178346386772322
1.589381095,1.7161564297663126,0.1809707860595537,1.462840712528532,3.3587638592270363e-14,149.10118075527402,29.906463963596643,2.46107331005675,1.8144296719178752,0.08376064756665236
2.69516794,2.692602364823712,0.3011937191591612,1.003136218193942,0.6601012334334734,315.519824086502,31.5753799971596,3.68456176273695,2.892020474476875,0.0009446092219280167
1.557632552,1.6990945079039386,0.19164823665568503,1.4423968678404304,1.5326090469982162e-12,188.45554071075765,37.36596131521292,2.461489786187429,1.7949887811990615,0.08478457962361663
1.7436360290000001,2.065985200065154,0.21646937083589915,0.35397325630891197,1.8295856781171667e-12,236.55244949515767,40.230650590799975,3.2536875654808797,2.174586004722238,0.13984500274997452
2.171307821,2.7254603424468327,0.4920094187854329,0.5026349843019134,3.0215946710931774e-13,114.81968265101436,28.806262404566827,4.551950015283006,2.8690972684353344,0.2447082722978233
1.9463391950000002,1.9644443609215314,0.10204561082923938,2.787314457051671,1.6364703460650315e-13,127.1266140740536,28.886677041564994,2.636941409257619,2.091701704220137,0.18238759551376812
3.039283991,3.5357417586295274,0.3841701659705258,0.3920262517201433,0.3007176546187449,562.8007392368622,58.914032725017876,5.1647936475599145,3.6629690293637944,0.2335653757823952
1.70748954,1.8748724656001832,0.4349852488546426,0.6510480045767785,1.6335508618540807e-08,33853.605485392145,2121.1255447568565,2.735919718639111,1.9801287459678956,0.15178897056749413
1.061322178,0.959397015477437,0.08944480248564843,2.247878288200289,3.891286497820834e-13,282.44814305952,48.55584697076034,1.1469757646453211,1.0376828303200392,0.1116162270142039
3.833224229,4.069680339585739,0.5888963773822488,0.4466977061879256,0.771945943410918,815.22295758635,79.16687812603118,5.656957006527626,4.292553228739822,0.32583771642321924
1.7160005,1.6404631558880514,0.27223663415151667,1.1407158369509223,7.745210206732233e-10,2255.333581476097,365.5708001203292,2.0842591054974218,1.7594372834547047,0.038308005823332714
1.324708474,1.3792456004545923,0.29583912389306605,1.002059262373644,7.51746358063646e-12,1158.926228975362,193.85879202090314,1.9045284017821986,1.4624873101382767,0.0006092103764848145
1.968755893,2.6394509196488682,0.38079738672710345,0.5472098641040463,1.0007788493997753e-13,161.69681420585863,34.41961588539094,4.706354516195837,2.784553628298715,0.17242130048498922
3.942654998,4.72585348275452,0.6286083956758381,0.4579821776243766,0.6317831693099248,328.7189851456572,32.92323101661574,7.7630047957592705,5.020004351453662,0.34071695375125205
2.112761071,2.548478313392454,0.4347319433416485,0.5158344556357178,7.808838221403846e-10,4898.306789249069,611.7113644023752,4.089925880747469,2.6824809299064754,0.2104822280005515
1.723225055,2.7331700910893195,0.37983711184060764,0.6719322825912928,3.768076751403633e-11,1910.9760787738621,262.01080534485726,5.761569511021746,2.934871960640077,0.12461229426866399
1.7733612220000001,2.2346486245953545,0.24680962805110337,1.1137196359855979,1.2004385606647952e-13,171.66771937840542,34.986167594844055,3.742964659964618,2.3517968706310657,0.0280671010597123
4.067328496,4.314897968036348,0.4703682625693638,0.4780083623952415,0.5515893162829943,738.8106040151913,38.19525483508547,5.796545554293722,4.512199696473284,0.24552829965588724
1.3624075150000001,1.5263716352236516,0.2130110344549598,1.2605135277722817,6.278957469291862e-13,247.24166974573745,42.93396425098567,2.2684025296346086,1.6091921660163824,0.0554922560402846
1.736034921,2.1907644444582166,0.23170314884264614,1.10272492625944,5.7696178834261656e-12,377.9027875366458,71.61516164566186,3.6745278531299905,2.3056253168092846,0.023801688878940908
2.435462913,3.256736510846154,0.3891221298688412,0.25237723662930783,1.5293512340901582e-11,215.24272723083374,56.35213187565253,5.797044711238852,3.436288711786232,0.2909165620212324
2.91379361,3.3153539199848683,0.22414551064794297,0.5611192637192902,0.35324923926720353,5042.78669130445,578.6984972151678,4.911944158112678,3.474047843616483,0.09837314674718489
1.6005412890000001,1.363275952049296,0.31044642657630284,0.8665100261188596,0.0005316214949596288,70657588.47081038,361297.1420554153,1.5422022182502007,1.4939673400697588,0.04144148537516401
1.545227774,1.764868696495396,0.2870189666954135,1.0737179838530164,3.59584054366634e-12,266.4285526567817,41.32434514174354,2.6769907482684046,1.8594367378518393,0.021158459552361952
1.758117351,1.8788201506251752,0.13961313054345575,1.5448444247334776,9.867686899754338e-13,141.15827204981935,32.364073176324986,2.668769806059982,1.988528961862067,0.07606743579618905
1.853442259,2.2919214802666232,0.28578294370001744,1.0779061544280417,1.5432069313955928e-13,184.11058374561605,37.13847675562153,3.7683445848233705,2.4118144126713235,0.022264250144793885
2.492242073,3.8420787533211698,0.6102335880301162,0.4789886515445734,3.5873859484474647e-13,145.23887837009906,37.0395278333727,7.88507639207917,4.1107436089443015,0.3179386245723641
2.4976627000000002,3.4780162938845813,0.3960637414113126,0.7931094176009968,9.886889252943268e-14,118.10373501078901,33.4453935922353,6.447532966169931,3.679778190787819,0.08194185812771465
2.293990855,3.00852044624539,0.402754868351317,0.32836148387575187,1.6208101096996414e-13,124.11584194729717,34.26083283072403,5.251189271343157,3.1712423747667877,0.27050568214129544
2.152940307,2.8666497532507615,0.39718783360337245,0.7797296864540799,1.3908422530029779e-12,157.12047561152178,33.64053949221765,5.078688151289157,3.0235736543581364,0.0874886886444396
2.171913763,2.5408321321885263,0.3738447133706598,0.7320694009588555,9.25440863480128e-13,99.35848601808958,26.746392511962796,3.9550190389025257,2.676102165855916,0.10016443800176583
1.3514714620000001,1.1054024242404457,0.14722638889190942,1.5628426789023446,7.081099182953005e-13,154.38648173394267,33.10571158190344,1.1992974551897975,1.2226090455341379,0.0828652951290407
1.982473882,2.2410908950162436,0.4042540727522211,0.6181677682160669,3.4260924181338713e-13,106.75632725481711,26.45583220929332,3.369478985153437,2.363321707837185,0.15435723480672503
3.9420559930000003,4.1086850044229735,0.30626504637826824,0.6076117088087825,0.3744626709736036,488.50526790283106,33.12764680466456,5.232043413229286,4.266705081615047,0.12017481819996767
1.6892331230000002,1.949909240082486,0.2316003115437638,0.9094904700824255,1.0021854090439197e-13,177.0997283667605,40.84181035768898,2.9911342040115025,2.053883786035295,0.020962035326589884
1.450860851,1.334303074531661,0.16461931750072747,1.3516416160320732,1.5173267350059797e-12,171.94283256675212,34.97147333632983,1.6288057217007192,1.4398267145528083,0.057887002836052776
2.416558587,3.257471286571452,0.30434286365463487,0.43673824084620816,6.408935309370159e-10,2009.939588346146,339.5090187942038,5.844741395043642,3.4385602284373094,0.17142469676801225
3.140825147,3.757212500270011,0.45436125469249095,0.5567804617772883,0.4505553104747031,434.92781378391,45.051053248240486,6.245949454019648,4.0084049497119345,0.2013817854910977
2.476134148,3.4752558551772212,0.354515349313382,0.47208957909521165,4.790916719025916e-13,121.61004538698535,33.3630825351407,6.493180263906813,3.679192054052251,0.18715234727323557
2.083928875,2.688580698520263,0.4371556355140173,0.6514600906532787,1.6927448469213444e-13,145.143214121678,36.825960508965814,4.614736504492852,2.8319511303066753,0.15236618557246395
1.644876847,2.2605065042473367,0.45036192757331384,0.6145787012153946,2.530929224949709e-12,337.54235772046957,45.736064362761724,4.12742642936744,2.3876386263724227,0.173579079048445
1.538746836,1.7324255936999937,0.21908684182578164,1.2810665404986157,1.4845269670787862e-12,332.6300126443098,59.704462880909794,2.59028046923837,1.8265250657276715,0.06157798070073989
1.7544628050000002,1.9253360411323652,0.354476676760095,0.5968017322967883,4.1983373572421874e-13,156.89537084093445,33.81834667471869,2.80837589707208,2.0335947178673623,0.1429243820108616
2.14725509,2.6979523668348833,0.3481681980492804,0.8773109260854174,1.6795037078790579e-12,158.06940545083984,32.49546174391415,4.510416623939228,2.8401663075217987,0.0427164337851752
3.314267542,4.243640694208784,0.5635560226479102,0.47750981932029507,0.60582422529084,5360.960365204177,590.1512930592371,7.213018470806107,4.465766988644734,0.2944524880964425
1.991177972,2.8238183634638676,0.35421640772021856,0.7409622205902231,5.652075582560395e-14,163.39770629975288,30.89085791783087,5.326169647815177,2.9912324637485823,0.09175543168635358
1.596701193,1.6961486765533653,0.32652272425404416,0.8389405255142149,9.886815534130012e-14,141.77202774505676,27.474816607718243,2.393001976480422,1.7957403431174306,0.05258957837602324
1.76991693,1.9863189693627663,0.22201489224140356,1.2872129081628056,3.1840845225811443e-13,139.21865966358288,31.845186781829184,2.9630478175885937,2.0951039232628252,0.06376554285610544
3.092205187,3.4092959802890563,0.28297165856009737,0.9097753262642742,0.7518615522719384,300.3559813064507,32.64845862666762,5.286976897715276,3.657995846458678,0.025531025570042
1.350519413,1.2724927220101698,0.21201564814412896,1.2778163800884075,8.12765027054623e-13,208.93055655670798,38.299062188570495,1.590381034888076,1.3672810609816832,0.0589014198894994
1.807791665,2.116127693917171,0.23722705501977898,1.267066457017201,9.159131702265823e-09,30278.679678706172,1966.9120730943307,3.2926840230095613,2.228104548168781,0.06335538909275695
1.310592784,1.294235301661338,0.2776065793333761,1.0774169528681092,7.899918083974165e-10,15488.213671629128,1200.7715632198735,1.6948221566371284,1.3808956655919609,0.021491455468129028
0.7771193500000001,0.4017776001736771,0.07368751986186145,3.749760655602451,1.3070644141692575e-13,148.01681971831857,32.00369828574918,0.2726343855743789,0.5260856571843466,0.20262304292507077
1.03066101,0.7776862386050054,0.12108053257887919,2.3972589250359735,1.3869234521941125e-11,537.7856710735645,107.99601894809116,0.7753824855704124,0.8784153965560848,0.1691808547939479
1.73122671,1.9202535366557785,0.2887304555176205,0.9939434531420124,2.35603118275794e-11,406.4644378043754,90.3749718777507,2.8309055688763403,2.0267732124375795,0.0017487095331705782
1.614212674,1.7197837792253574,0.09128209304788676,3.228065478845113,1.330222122112784e-10,4607.892885190496,560.6014001311726,2.433747578999702,1.8203480970900834,0.20338248035672396
1.6398817430000001,2.0098426299139134,0.2101297386081559,0.9900420134970916,1.1346980198040566e-12,319.7071169679325,56.49701777237016,3.2726204153850498,2.1144138322425756,0.002092469100919675
1.295827755,0.9278831827525669,0.099522084516134,1.5890390527842717,9.667586409194286e-14,115.99319130146009,33.13581729009184,0.8809467980637345,1.0656737347137737,0.0586223943944998
1.625460912,1.6888662336007223,0.15130109685109625,0.7571195135656937,1.0860638317577203e-10,685.7519782334284,146.99702883134162,2.33101464967635,1.7919337881755593,0.03674808400123834
1.859483816,1.7626184968505065,0.2556777821664569,0.8631099205138176,4.305850116388623e-13,102.15709093809124,28.912598737433232,2.2216038358759076,1.8931616923153842,0.03499975192361712
1.6206003,2.047961250834868,0.17359915875977233,0.9447934646093273,6.978012851568227e-11,1953.5115763047,291.79112757924946,3.4377964280240847,2.154983905938764,0.009583808101862379
2.28475745,2.9546113774793357,0.32703425926332214,0.9584898626076559,4.891619865546797e-13,121.34355090899678,33.69731613066645,5.0851218820041195,3.1127719073925584,0.013575237034023968
1.547821609,1.554951304213053,0.17072496105257895,1.2725098866536324,1.3356523803152686e-12,191.78813265757643,35.9739088455916,2.0745820985425825,1.6560255849937378,0.046524239785384086
3.217576446,3.209368712515108,0.5911371642529318,0.3818552444908405,0.9958590648983033,1819.7067905575086,294.0404380676095,4.088273841380408,3.388432831682125,0.36540833786950644
1.582146062,1.8278297040272484,0.20289953055127424,1.5195306092957543,1.8270335487959388e-13,175.23105315149124,33.95685941722362,2.804550415108226,1.924900389432545,0.10541251673312602
1.811175934,2.1760636927712107,0.24167886707218794,1.2683953895163633,9.227587208106312e-10,10090.802357931127,943.5038385312296,3.4754083307436403,2.2899775168572125,0.06486549366571326
3.763537067,3.970163743957884,0.6452611128632576,0.3443902116727064,0.8738854433260675,599.2437308709649,34.938095602533615,5.41750506260194,4.176981336903542,0.4230395016201142
1.734613296,2.141698505275269,0.28842815682213907,1.0695708911975528,1.0585425325936909e-11,394.6153390800442,77.69389817128844,3.514639861957176,2.253452692901543,0.020066203916583758
1.853838847,2.5576486614819274,0.2344500740357336,0.9380898058960913,1.223808037221688e-12,228.06090464136543,41.48135118890982,4.691814533447511,2.702957910082273,0.014514849591228035
3.1339979,3.451739329069139,0.3520723176367364,0.30761622241874753,0.4839376589403939,720.134264133254,84.28956272693001,4.778470766257986,3.5899890448792533,0.24376916126711018
2.347480807,2.819457383431951,0.31965897784584174,0.8720968559363683,2.432562613216912e-12,120.17088720763792,28.39116658714103,4.50719559914444,2.9682143960016685,0.04088538829464994
2.248839562,3.0879672736239416,0.40521118815130946,0.22976992073256233,4.930619008867723e-13,165.0049218261384,33.43984187716798,5.64281544777771,3.263285823805119,0.31210584556983567
1.91540403,1.9697113586197794,0.26740302766336616,0.8487458903036894,8.221876753940118e-11,2366.183394169626,382.8185305834305,2.6937154425291014,2.092789243953732,0.04044580687932037
1.681801787,1.8879057750568706,0.20000574907276442,0.7594316352429501,2.0500970855453312e-13,168.63239144960679,39.60605831132911,2.8162769355735584,1.99113841193746,0.04811505599644378
1.482874153,1.5284503685493258,0.13821769806790418,1.785359375075188,2.0104340559171206e-14,182.91887252285346,41.297866908921705,2.0916391216356844,1.6228576329468671,0.10855056497894025
2.292052129,2.830944300402013,0.35137374189450776,0.6356012808757652,4.0984292131944663e-14,110.2185608877937,32.26401613165901,4.6535162108498245,2.9799018139307702,0.12804014148024812
2.858640737,3.1310366979641957,0.3060798366280379,0.3847179124212357,0.4348001832229976,400.92039645981134,36.54459098928608,4.313329577562913,3.2585368894982607,0.1883254408462663
2.438652438,3.479774127358912,0.3364284469288069,0.8524610935644431,4.594804282790959e-12,206.80435411810623,48.05350702483713,6.609652460019998,3.689301118147564,0.04963628515368895
2.330134203,3.1910769565566097,0.34244857822730124,0.9134133373774553,4.174855965006163e-11,374.13548159917866,90.43798813524698,5.816509244588941,3.3717863127404324,0.029651479508537415
2.006843722,2.3255425339466496,0.303147652565417,0.9239338528175055,8.190456111053862e-09,36214.92567725612,2296.9673446083393,3.5842508882124653,2.449804680021153,0.023059273958068727
1.5794372380000001,1.9980341995043926,0.39737370906169156,0.7210117810678901,6.658692602050615e-14,212.6829856462169,37.947330342959866,3.3569233229957014,2.1023732396008974,0.11086258334156773
2.91617137,3.483618132428027,0.4190270573351235,0.6907622908248617,0.21638355242661003,3414.245825483933,430.8356158052629,5.392186973087652,3.638353195588741,0.1295789672927129
1.829533402,1.9154267960940758,0.2214143912202885,1.0920653251259973,4.952550675272908e-12,362.26727640421836,92.4637370172142,2.6660157965997335,2.0311872385575773,0.020384587915270647
1.646911941,2.202151090099539,0.1960087804352972,0.5681102470059044,4.817367769118608e-12,303.32323434908324,44.13834948338777,3.9122967932325863,2.3220845710863327,0.08465418376687442
2.276981193,3.319460861315174,0.46860770704120863,0.6051605655578359,6.229747237132839e-13,155.1363705403932,37.73653930948017,6.4403907588514455,3.5266549734963593,0.1850248020233901
2.094296906,2.8725534573433276,0.299779124015081,0.9128638926431686,2.3793883415823695e-13,162.89158780358872,39.25291625250095,5.241862473333432,3.0351126400040176,0.02612158593351499
1.817496186,2.141053788500409,0.25601850031137713,1.1494280024367816,1.0978750238213932e-10,2272.7027068683597,349.3801160940135,3.3529065871533485,2.2540013072308334,0.038256333088389605
2.354472601,3.1237377043657926,0.33374857090650145,0.9293407534937803,3.131584442657335e-12,127.31658957068535,30.465232856067637,5.51613863252272,3.294511848650861,0.023582422542781034
2.443023614,3.4234520406637787,0.4009074711601478,0.3831248501780922,4.73658506453739e-12,167.93740363577282,35.311837425768765,6.386044247544477,3.623799111374407,0.24730985633663835
1.690468771,2.0531214973797702,0.17829426827679748,1.1491575818426547,8.660316104989399e-14,195.84118787857113,42.97683715786875,3.313749513827978,2.1601860101175037,0.02659394191257264
2.357626282,2.973490930845566,0.33132678631840873,0.56570833755784,7.988052429835048e-13,109.9764684251754,28.544099644652107,4.991589058338208,3.130764696805868,0.14389246084184004
1.480980399,1.6553929265652414,0.21937656170575714,1.3555563613406296,9.462948273465904e-14,215.58989745032127,44.73898651739161,2.456619540523975,1.7458732383308915,0.0780007320435171
0.785467252,0.3933960810632198,0.06100636797779245,3.971084461150344,6.011132132836409e-14,132.4281266315106,28.942631270678078,0.2586027107876644,0.5232658753828208,0.1812550719300391
2.7994165,2.8104940302661983,0.2071360994454605,0.8819416872185465,0.5405132594478901,406.60532873029626,42.899505073736364,3.535366774494119,2.951037567005303,0.02445413841666244
3.120069779,3.502480917118274,0.3851534515725613,0.7694748448962926,0.16282147284662893,1514.4384836785282,243.10011413608183,4.970228796347816,3.643066037716873,0.08878755916249298
1.762125959,2.0976703576480302,0.17854963480036848,1.757465088747767,4.252269727726711e-13,167.28578562021465,35.318364982101556,3.3191597523563376,2.20775047713048,0.1352451149699425
1.9702856990000002,2.4233421446834886,0.29877637230779897,0.9630805814223166,4.301503829122309e-13,134.64804306625476,31.286792053715867,3.9641486769044914,2.550280872854294,0.01103064995035341
3.081882766,3.3346581532974615,0.20374494206063223,0.9126333184366058,0.3752062426070987,371.6933125191396,35.00454813816281,4.517135410224113,3.4700434497638075,0.017800519473163467
1.580658241,1.5823042744705855,0.1284850130631443,2.369356461213792,5.12393552691568e-13,132.4261379254686,29.757728416392883,2.1036823631985944,1.6859214788279533,0.1759417828071551
2.015328539,2.2838901313242057,0.3594044792900527,0.7569728439794011,2.565555480338388e-10,2620.3775667961163,405.27441731712906,3.4425780591737727,2.408203079964437,0.08734504846292573
1.777100605,1.784013152923675,0.16244258057954064,1.6487202652803956,8.386656293718646e-14,106.72623605394791,27.177848525045228,2.3805606631231946,1.900557635794109,0.10537979396639163
1.860701479,2.4555865449736882,0.4156131641578355,0.6856161808346879,8.69188316364898e-13,196.44750863713963,40.364777031102484,4.3090190772021,2.5883190250298953,0.13066205384332014
2.15404992,2.7540961722164767,0.2530983421528692,0.7716271473592842,1.5103937993284357e-12,142.1775726841553,32.14548066146801,4.6852971335641875,2.9003178635994282,0.05780079039608668
2.355677494,3.2628882570697213,0.4684410926198259,0.6233836298895326,7.167892074403898e-12,136.25029993546633,31.633617781101297,6.015456441639167,3.450517588755722,0.1764225839130601
3.124528248,3.4856042316451945,0.5700032863966586,0.33008565504106935,0.4845810146576761,1068.8505820082905,170.51605798400888,4.8992702194515125,3.6239070357483802,0.3818533782308553
1.618915361,1.5565390403724564,0.16041480841407857,0.6623980690985399,3.995797912992005e-11,1485.9726742331975,269.1852988150976,1.987934673473869,1.6677686952437565,0.05415634906578071
1.9457928290000002,2.1891542523942658,0.13334484934634766,1.557534382776127,4.894093772384909e-13,160.43251706969232,32.26723904145894,3.2756333598356853,2.309105504524844,0.0743443382766916
1.43653672,1.4888113192439674,0.11123389461916434,1.320602209983235,3.254187705865039e-13,349.6178026542924,68.59617680627635,2.0477532372009373,1.5796898631377747,0.035661832439946375
1.836374389,2.172241598349506,0.24076835943183925,0.9678543579706872,4.3677549490875857e-13,281.20342481531077,61.9521683316435,3.4162122053102717,2.286688836001857,0.007739653494280824
3.196037987,3.7604890739073804,0.4821932812135248,0.5138501911355114,0.7966925760203606,412.68551295949567,40.377391352200185,5.774770475538489,3.93756491947065,0.23441817149769564
3.609565847,3.4539527688739327,0.43167055402005555,0.5595231127155913,1.3003003569188403,18164.50124408786,1353.7512454615319,4.132674709152433,3.65194238818006,0.19014090196709027
1.700286788,1.9026829785378914,0.4101800861948182,0.6652528216890253,0.004477155694849832,730344039.4739009,1595817.443841783,2.8295100576609076,2.0070899181473383,0.1373066264530678
2.275709563,2.9756625176158225,0.34030560628105533,0.9150171604670126,8.591818120019118e-13,124.98086899693705,33.79680391014785,5.178288670524201,3.136206566351169,0.028920136730758883
1.208742386,1.1389457656174165,0.10153346323710469,1.9428634498707809,6.024871778976236e-09,30491.129455432587,1861.5520180656329,1.4211991574977072,1.2233150921465081,0.09573219142506462
1.811922735,2.3839297580805,0.3175723780579409,0.9805102260655406,8.15271433530022e-10,9823.909395590606,899.8219100959567,4.169388707275913,2.5122187386873827,0.006189413856177939
2.341940247,2.905088659576068,0.3290448717456234,0.5513448744396608,7.282453363522407e-12,152.48708837130692,34.96642190414664,4.796429409344373,3.0580974444993023,0.14762766824801837
1.812824594,2.035514599596634,0.18918544989328223,0.9462590109066156,5.348445823857237e-10,5653.04640319377,656.598214358405,3.03822671604932,2.146981020648518,0.010167013199341907
1.802684969,2.2838544878856797,0.23238725424440437,1.2573124060544485,2.549548633608945e-06,966787.6412780627,18974.065059861015,3.8460892035720824,2.403833623468689,0.059796123526014544
1.675890354,1.8589517894434748,0.20368705986428517,1.2993143719504299,8.732429154224045e-13,165.83418194974084,38.94318149523028,2.7401330992282578,1.9619634772230417,0.060966464397708114
3.248230067,3.4595078377879886,0.2568851550998655,0.9008820344556747,0.31252632999282653,550.2245689086975,40.08776219309607,4.7174417953367005,3.626583520982536,0.025461933952037136
2.780862676,3.0979204665931537,0.41326988884992544,0.7013884375942563,0.2659353612277731,399.5458216725953,38.88635697224032,4.304670766505444,3.21244741033835,0.12340716720472428
2.290086452,2.7231850527350394,0.3277470929896753,0.8007309908986637,1.6664546673683478e-13,102.28297800892338,31.05274443056739,4.309680105694042,2.8672446230328243,0.06530983845589611
1.780482319,2.291536267074301,0.1967852123587159,1.1990657117459653,7.073429214087144e-14,172.62321893010534,34.00644900333644,3.9202286743765185,2.4128531693050244,0.039173188359268724
1.5965686890000002,1.6590249591821227,0.23657122836186173,1.3250238721463377,3.447394440634965e-14,135.68932556153516,26.911405418365167,2.28958680889306,1.7601548210514613,0.0768912966805878
2.228791545,3.077894715351866,0.33404062421757624,0.9314434193155512,1.9098982307146848e-11,454.7052124056308,106.45029482302024,5.65612677572268,3.2538998592852826,0.02290068300605591
2.491685067,3.4223479390818805,0.42727321327568496,0.7195397093605939,4.8650363178140636e-14,115.32526915883193,32.99799069885249,6.257756911051776,3.617164584643107,0.11983316957773155
1.460706387,1.560060206526224,0.14151376513636035,1.9653891144410087,5.346746417000208e-13,208.7672803840283,41.612262453469164,2.211805571262017,1.650667751662893,0.1366158484062038
2.250167786,3.285532397644684,0.4953018734088402,0.5434678684823319,2.144196118034537e-12,182.14185180580606,35.711281358419285,6.384210919090838,3.4911222572760416,0.22612122001203205
3.006570818,3.4705624210848454,0.4075609471116678,0.5669502666003864,0.4993908635733286,77043.15231996513,3415.0200936651954,5.200950656733774,3.6310434269806935,0.17649415949080177
1.736078768,1.8051090275445607,0.1563654232194155,1.9780770187634698,4.84065179977379e-13,255.89832291318575,58.821565293862704,2.49463020827335,1.9154011598724945,0.15293742698013413
1.692677006,1.439284008076853,0.272746524160696,0.8763369714663495,3.6730756765523346e-14,95.79751523400277,30.08655840088493,1.6263633550552572,1.5780570766417925,0.033728661199738164
1.5052943600000002,1.8174930400620115,0.34949290944566647,0.8611926350027003,1.1968892298502813e-07,155780.4933969763,5420.12184556483,2.913694060972885,1.9118537722193816,0.04851218984539285
1.555556458,1.8038757027272565,0.30716518431308215,0.9923391610188285,2.465238013126336e-13,219.37867899125885,40.12653459208635,2.778136744447547,1.8994002131804124,0.002353143017644388
1.400632943,1.1884781967293163,0.12528506123331018,2.2656184812240716,0.0001778442470497478,57165978.82428526,300528.784836516,1.3377604001619308,1.3031965359241129,0.15856308891816684
1.8547448320000002,2.186988729180936,0.30076132893810686,0.9523440689668712,1.8945019011378563e-12,164.8468787447078,35.5404620186352,3.4287975459077025,2.3024529336539152,0.014333061149306603
3.669589243,3.9353132370295114,0.6578989453024542,0.357359210838324,0.8844388345406179,549.1644651266521,33.259234392941345,5.2434508310933685,4.090651158230479,0.42279269739780345
2.7372790890000003,3.2845697534800253,0.39998415803153897,0.746645924629353,0.678043229885684,472.49924047004174,56.22673752117414,5.589837348309592,3.526707006653929,0.10133761652098733
2.039771191,2.5391080184813464,0.3384711350910371,0.8912136481626767,1.5628514908758897e-11,214.15149993252908,46.47460537444605,4.204431704215536,2.672438024635646,0.03682103998879177
3.748819434,3.9265711485208183,0.5633503860680619,0.3913267908480257,0.6986282848806357,625.9731500746542,42.38916471046134,5.177551648167581,4.105666562641844,0.3428962873650509
2.678620742,2.5674384928684186,0.19914111596755063,1.2771936594607893,0.3843358327047763,315.5487130410242,32.784240447573495,3.014801440953161,2.7013839821379997,0.05520065468415081
1.7497576000000001,1.698674577270806,0.22070202140706388,0.7326983296406953,8.901919291622916e-13,134.1919924166373,30.541988487852734,2.1919232462185345,1.8177575201520295,0.0589940189737832
4.265287069,4.041825617513431,0.4428129797402981,0.5787941949982663,0.436366806364921,690.7002093244773,32.46901456207347,4.758474090176467,4.274539892640666,0.18651539759672864
1.365379989,1.1598051956500692,0.20645382633517814,1.2824097420210607,4.070347509360553e-13,138.1043050516403,32.00873848280868,1.3068500738393998,1.2714440886279077,0.05830457183457852
2.077359908,2.252191340126469,0.37620935412141543,0.627860999671364,9.07613881382545e-14,103.07568997311307,30.77865799408156,3.248462317076244,2.3815129626658367,0.14000217295702536
1.680838163,1.9971191814068296,0.3089972163181568,0.955673710002489,2.0335484656114972e-13,189.11215404370856,41.89444066817253,3.1533366477915488,2.101850267321042,0.01369670021894226
2.295361574,3.3577357802248806,0.6089221268504089,0.4051135934625803,2.04668684475221e-13,154.2734116796331,38.21063872602907,6.537105707443672,3.5686600831786865,0.3622394959031626
2.207182902,2.848856094082162,0.33933485967215876,0.8904976416624812,2.2377085920079553e-08,31908.161956130578,2104.031510677052,4.892743654595364,3.0009643293519375,0.03715796740023236
2.984771685,3.2724604655953518,0.5049099596839061,0.5058648523099385,0.4722646896430245,359.5266716262759,34.40883324562125,4.539152922173829,3.410723444672907,0.24949375749858993
3.002426796,3.1137138750485267,0.2516958367474379,1.2175698756174347,0.4523055053639546,727048.7063322768,17304.82663048673,4.069621915179028,3.2603806514552165,0.054761431894566226
1.134652451,0.7346417526426942,0.10431328521169829,2.4215886497535717,2.2122595229507855e-12,252.98651836764262,62.107128935302775,0.629659545215668,0.8736495905002113,0.14829058227545738
1.570848317,1.6315729972432707,0.14412820066988197,0.8610144793306996,5.336295801328731e-13,150.58795821302962,33.034346660149716,2.2506836933397825,1.731105264365265,0.020031733013232952
1.551507755,1.4964397335660895,0.10984103410622467,1.3884742382693462,3.9749558653541653e-13,162.7825991925931,34.00070648517624,1.9168437750760678,1.6025477504416494,0.04267041205513292
1.332384425,0.9320623756134775,0.16036736465372775,1.4329900822697335,9.94873750377998e-12,249.89120798782295,67.70025518221664,0.8647892230100616,1.0787365648474034,0.06943747841479792
1.5548887960000002,1.4540329273682622,0.08576785592161185,3.4614649847830767,1.6441589941456647e-12,144.1439049596569,32.4609735597845,1.8058211322972921,1.5647329158067635,0.2111145741709674
2.497909935,3.3151630846704454,0.4169576434325607,0.33230396524565586,4.4269400392430713e-14,107.26241759023674,31.874203909221308,5.857295997198647,3.496688407307907,0.27840096518043644
0.8187010140000001,0.4577741544981374,0.03976762045786696,5.6714277046069155,4.487178102745451e-12,2038.0230490196677,317.5306603189237,0.33635807524834754,0.5778616824489244,0.18577156395317246
3.228372726,3.3988192189833404,0.5207289425347051,0.48465399573268003,0.6700350264791595,843.1565536418368,116.95430994124608,4.5022097016790825,3.551318718329153,0.2683555798416072
2.4173245420000002,3.3580721829970703,0.35410904846763297,0.8874265071326674,7.374937703817636e-11,1844.1403452239856,316.5946031981473,6.209367956562245,3.552032281311277,0.039863292441929044
2.456254096,3.2381170847566088,0.3878751779949843,0.351700264830336,1.2437485959082502e-12,115.87007345816673,30.148963142216886,5.682713080500999,3.4142910884028437,0.2514593751730346
2.16150667,2.471385637110016,0.2782557070321078,1.0251316321587296,5.200156399980884e-13,103.15289153890174,27.7355108912619,3.759772436579508,2.605111410159908,0.006993020075198142
3.459309228,3.320179121850177,0.4727773327212253,0.5173469745530392,1.1460733191745214,770.7241273763493,34.00017250746861,3.9954846119975715,3.5108922623395857,0.2281874100006438
2.115659867,1.796428068730096,0.18996488536190004,0.5328007182790936,2.6664578736631563,3213.3616185954843,431.03964431384327,2.209283489118665,2.0066918721157716,0.08875145799327402
1.8142213790000001,1.8267314491578923,0.15153701538969983,1.0840422795570865,2.078794054288234e-10,3251.8266905318605,470.7822071855268,2.4450643740631066,1.9453940060757784,0.012735516210627684
3.231981604,3.2428146888540166,0.20221842218037392,1.057208327322679,1.3369323263803548,481.3430476727527,68.14062092165432,4.214442520223161,3.432807021186239,0.011568577686770554
2.847180337,3.7327513894105318,0.5736748407184635,0.5067460371836632,0.3760982938981562,442.5723002038883,39.197332177976755,6.667320420779787,3.9654367747201706,0.282967388552413
2.504643796,3.482855816291196,0.4639605328770759,0.6577784489710163,1.8563840540759103e-07,112067.57552041384,4909.9435604735345,6.447521734377286,3.6845041917919357,0.15877729317742667
1.726431448,2.1769736542537044,0.3989433258892502,0.6755860806163516,2.8631155997350664e-11,823.84964228088,153.82792416704228,3.648479533092303,2.2910579475199424,0.1294227679636798
2.46078236,3.3658981515235205,0.6122398840490535,0.3393341591261409,2.728700937477508e-13,120.60779939407847,31.641137295703206,6.128814866956603,3.5564351780007293,0.4044859778117819
1.442679906,1.2922906433754204,0.16252853638726247,1.7715377656671154,9.00075463600006e-12,198.9625059396032,39.07603379239758,1.536375231934705,1.4012632661371094,0.12539690382137494
2.182160652,2.9820713661535256,0.3465164693348061,0.8868188474041174,6.361905765734464e-13,128.88309007350955,29.119471967914066,5.422374754222078,3.150167758105826,0.03921913339276917
2.213942472,2.914894493761194,0.46086898551965116,0.44479331137997336,7.13798968171358e-10,3980.0412993002315,526.5380568829096,5.106679482984919,3.0728706829014616,0.25587754333803653
1.600456698,1.3759344035975918,0.15728591901962058,0.6612730053751218,0.001057597227044185,120065246.86880581,512736.14901179686,1.5710568089932957,1.504767802437696,0.053276986646328045
1.559532172,1.8103527740826397,0.282140391300552,0.936678244380075,1.082974228634421e-12,208.35217698859742,39.3843266358542,2.7910107432072753,1.906156127074511,0.017865624908443567
1.900301657,2.4250616027512257,0.3079721844912203,0.9944445525009779,0.000609902166761542,653208503.5227515,1471530.113973692,4.1153346015162775,2.553212224203746,0.0017109233021001535
1.987479095,2.7526751099237967,0.3050056692657335,1.0266549663082891,1.1497676854768195e-13,157.4592567040141,31.145758671622378,5.07059394723203,2.9101804714159245,0.008129915838115287
1.587186548,1.9260043436897523,0.33630715491722857,0.9073708103417925,2.282765977881365e-13,189.64405149960987,34.24883566933996,3.1040257574273715,2.026081508161375,0.031151859236240143
1.830714183,2.8488001827453644,0.2035370931984808,0.5392683725279411,1.8157185774490253e-11,721.7455810450393,124.85842744895699,5.8935704559890665,3.0505198374959592,0.09377597620026819
1.855800855,2.0007319008739803,0.3179082300892193,0.7394646859493681,5.041475450562932e-13,136.2833659382699,32.58635213211816,2.8680156991125885,2.11621624217211,0.08282632056557532
3.208196352,3.605551433964758,0.3775054178832434,0.4856351545271871,0.7468419852073527,41977.92587074902,2245.5843751648945,5.268029585594125,3.7791050315047285,0.19417551593466414
2.000989477,2.6494330483274156,0.3741495748717912,0.5665336898470973,7.279599374239131e-05,17722964.67607025,133833.1245186176,4.665673156560428,2.7933036414430523,0.16218123566495252
1.8372642240000001,2.2078998217127457,0.19982257402204268,1.1327614532427093,1.0658975396056334e-11,276.5095697728364,59.101380544219836,3.52759863115912,2.323585344516922,0.026528735317865232
1.5261909949999999,1.7873930316645708,0.386845730695363,0.7498878235407997,5.589610842781817e-11,933.2944288838045,165.1345632182102,2.779784244866539,1.8813904596391362,0.0967548276581669
1.744781589,1.962980089873358,0.3286174911088943,0.5567325973331823,6.931428035859134e-12,205.462148664375,36.10241939382407,2.9354123900933375,2.0701871495680106,0.14566542175472566
1.803182358,1.9655493611506476,0.26271607920120377,1.1469699795913473,1.0988661564890997e-06,425256.7866520175,11558.230346425384,2.8479461772279517,2.0770819231058493,0.03861137679851967
2.830992408,3.4228080767409073,0.3142581165279924,0.5730057537079655,0.20371235431485868,1053.731066574258,126.51176518618365,5.122454178904718,3.526011029677307,0.13418640760802447
3.774233923,3.589104045405314,0.45018015184839,0.4580012988237117,3.80723322403976,441.3526550322377,34.68791126257908,4.508849294754566,3.847105046313039,0.2439970575971716
2.828594487,3.329576999738263,0.30445361656004033,0.9354668518241417,0.32111985219383404,610.9730151363292,90.69279250227974,5.242199853849607,3.511708565465227,0.019647350350145032
2.050744699,2.611065516059193,0.3209957028481307,0.9748584679136992,2.1149761663808085e-12,165.24544277307717,34.23938299580983,4.422516424733673,2.749227370970412,0.008070323762720932
1.907034913,2.0075103780285763,0.2230842449057745,1.150703270145022,2.1580094855967704e-08,30371.159353812487,2073.8300962781896,2.8102881120290784,2.127875738817246,0.03361952522513317
1.113791966,0.699795338187583,0.05432190416570299,4.8119327421710825,2.38056839677665e-10,3726.016658578322,511.31499482831515,0.5818795207579682,0.841810825826627,0.20707144510632297
3.074108046,3.512469442754848,0.37128302836753374,0.6898577004205687,0.40599161082686186,342.8316133033143,29.470386923102453,5.470739491497419,3.7287788938014232,0.11515057221272212
1.94317728,2.3583085723897335,0.32250342303858415,0.7955507636341232,4.8966307616643395e-12,202.90372500149638,38.073039998050696,3.806502583775969,2.4818948577110875,0.06593557856561982
1.576157037,2.0742559349998473,0.16052742525235456,1.8119872741716123,5.536393901397259e-14,234.05447062531817,40.411268397470984,3.625454493237294,2.1852560874473976,0.1303462264604466
2.6029758110000003,2.792657449162882,0.2644817011772873,0.9773120378552461,0.8145889843742113,406595.6859137072,11683.613665420442,4.0493911942654295,2.9681315429182393,0.006000550824290407
3.238467866,4.095877660844778,0.41909948286267296,0.25315721652371215,0.5854806835689698,551.2499840439,61.785896592688225,6.806591014718223,4.295056413681556,0.31300142433463146
1.611530976,2.051905574288291,0.1690297315398648,0.7968677050430341,8.494015094368573e-10,12948.448373689094,1051.4038546318277,3.4702020584593454,2.1594150318071854,0.03433539728365259
2.4942379150000002,3.2718227538324283,0.3923067874920953,0.4073830532066548,1.0937309271694052e-13,105.03606289339103,31.519881692783905,5.713543578899334,3.449132983312839,0.23248765060987123
3.274707057,3.559531355832649,0.2760094382437944,0.5463785238661849,1.4643841493895797,439.8564236441808,27.542920064727323,5.0629366321055365,3.746282691554167,0.1252038088030151
2.446425387,3.117528290419187,0.4177678940550424,0.39784722030906505,3.785897097180844e-12,126.23223218042644,28.263417416273818,5.288389393831907,3.283259349734056,0.2515600986708718
2.084253644,2.8869496151296907,0.3478131915600052,0.8632659906487744,1.9578068191652904e-13,167.26110514670702,39.544495189575755,5.3200004000531935,3.0524813836625153,0.047557892187245376
1.738495681,1.821071120695899,0.1876278024778075,1.6220380249395627,1.3007420550257787e-12,228.27183563903347,50.01399675534187,2.5354314229113046,1.9309130052606207,0.11671162767704577
1.722993163,2.010164720345017,0.2306850266147595,1.2702727419716697,6.030771738071771e-11,1066.041057281072,197.25439825104257,3.1169432201215534,2.1166517973623176,0.06234787467497868
1.664825451,1.7877238796007564,0.16732459625773433,1.7795746500171943,3.0831161208819406e-13,159.85537946863883,37.10431011985399,2.5508855926177283,1.8911968507638486,0.13044201356689156
2.866725235,3.3663207701450686,0.27516664547024206,0.6911986736528676,0.19300728334223097,432.3502709129742,40.275116380874216,4.8802751163646505,3.4692734253309574,0.0849718250877019
2.779327061,2.8499005449990764,0.42244455115290425,0.6216318841452597,0.8610008346148943,411.32334020856615,40.60735089670359,3.761944784845241,3.004079999368679,0.1598395488728258
1.511443441,1.5298066230878666,0.2426887376629897,1.2113584609707662,1.095633585097088e-09,9556.943424811821,905.7129046910966,2.055990461229417,1.6276981178810301,0.05129431808738749
0.97013408,0.6972227250498629,0.11002775286096554,2.1793295915313324,1.1549672898381925e-13,189.7932662800581,37.160596164287,0.6614166040122761,0.7992260428224004,0.12975898483863285
1.632645283,1.4427794611552982,0.2774714970505727,1.1138597924522367,7.285406186464604e-12,251.81514170903483,68.41851362091695,1.693815198778409,1.5689329374178012,0.031592847065589624
1.105530646,1.0561337887964641,0.1619461095570759,0.9712617609800609,7.012802884219053e-08,157852.07617840078,5337.610828912108,1.3350486449520222,1.1316755029089902,0.004654046004800488
1.475454938,1.66870819732873,0.151509694089651,1.0621578559759342,1.0768139479752826e-13,222.45188651918988,45.06827859489698,2.505578579681914,1.758780970067875,0.009417517744182369
1.5946561479999999,1.47834142163276,0.2924815148912246,0.9033297682050885,8.761047570734661e-14,108.41595796937939,24.463375108261545,1.8202093952910596,1.593240906911316,0.028274255840261553
1.782880432,2.4702568450172944,0.30234483732920875,0.2652873537023967,1.9805069026977232e-13,198.0560953611649,35.95101135556393,4.549438660148164,2.6111426428365507,0.22213657552856136
1.4753309940000001,1.263775500962973,0.07466384483694823,4.025749024452419,4.2403476913761367e-13,127.6376557764037,34.130494216709366,1.4372201114242855,1.3830866202700463,0.22591405567726291
1.7204611490000001,1.8768085399445362,0.3943747251283822,0.7457698550097828,7.62388552510869e-11,1338.4473878098963,240.92387314917784,2.7210700404063983,1.9831218836590945,0.10026194354986567
3.165405963,3.6404428939428604,0.2908259215784199,0.5364595801083295,0.12777622754041496,359.01492837189664,36.56171008667125,5.206793672622035,3.7636982773015513,0.1348095698038428
1.306469906,1.0708104711740123,0.14711847225434693,1.934530543002469,1.608979034800234e-08,51000.07344791174,2803.493380433573,1.1637799171453764,1.1836681342986803,0.13748670576154853
1.417525434,1.2943648933308438,0.08697235460995302,3.174155660732187,1.296282973396055e-10,2232.744300367505,345.9456386449887,1.5681669229611805,1.3983895155245736,0.18909143710243648
1.659274053,1.736573084829538,0.21435743923325096,1.3179292228811637,1.723306856345674e-13,156.59397792054997,35.75279421914966,2.4149760782639205,1.8413340707845995,0.06815049407422374
1.719640105,2.009540992203971,0.18295491967096805,0.7957818536805205,3.8665018512517037e-10,1747.9147320255688,283.14168998811675,3.1210399241747266,2.1158804237165336,0.03736271455523438
2.267276029,2.954395671758698,0.3742140045062856,0.43783009100163417,3.577210560349656e-13,126.14694450517185,33.25272902038242,5.123444147426957,3.1133575097888704,0.21037185285921264
1.71567617,2.1583776503183056,0.29156268407550556,0.9230369654695781,1.491434149573493e-10,4172.4236549723755,503.21965239499036,3.6087352268499826,2.271368573497319,0.022439548922285613
1.5442371320000001,1.927354041628284,0.3292771090047016,0.8539897273842725,1.3219279751024612e-12,328.24235306040885,46.061188039431876,3.194641885707768,2.0275648465928673,0.048077840451895115
1.6822416420000001,1.8571823129095328,0.2678190929955279,1.0393474709976063,1.5824536662933763e-13,163.03151574444107,38.961931904923524,2.724650093922189,1.9606996007482511,0.010538003994246758
2.438915619,3.6118536988375483,0.5135190592856492,0.5685724883668544,6.128505483950583e-12,220.05137530447655,48.983445430091244,7.120167540160983,3.8443412351672155,0.22154624992380145
2.06730025,3.036116219438471,0.3700016277997285,0.14629029166534258,5.570878344831082e-13,192.73388808186678,41.10579154816971,5.932013408924548,3.2277692695602984,0.3158739817522547
2.914425381,2.4400192396495872,0.25711495226105474,0.383718711019325,2.1036247481275687,3461.749455134809,445.107814600355,2.6406574201584334,2.669909332291522,0.15845513419564755
2.189103456,2.6328839516016247,0.47789874209186567,0.5330586875035597,3.3806426839352985e-13,97.56496172659766,24.24036289579474,4.213447194562385,2.771484401953127,0.2231506658727736
1.665270515,1.7444147295955723,0.13283159453575283,2.0545166716318417,2.386086637102004e-13,151.84798712640932,36.22525874305408,2.42814450415826,1.8495029986698812,0.14007313095739238
2.15861039,3.2514514507508037,0.3297291778660453,0.9532767427939277,7.051358225438676e-13,184.97642205524855,37.07337275835367,6.5165320571313075,3.467331147726583,0.015406021185781993
3.114132272,2.968529984349388,0.29171721489300234,0.8068676389304553,1.9729970480367935,3488.6350565972057,476.82511261456926,3.9808988344797824,3.2292446694357118,0.056340034476917294
1.334601062,1.4072462895599311,0.15727259782151268,1.4527672395803202,3.3042066219170984e-12,486.5611504799603,86.31560674278616,1.9680900880775105,1.4903569582394747,0.07120787997727215
1.6900370310000001,1.7974534670879128,0.2694115498429278,1.1533414958457653,1.8473450059793699e-13,150.23812505918835,37.633721079670835,2.540483246353573,1.9030928485058798,0.04131197005104048
1.406415546,1.4937031717985612,0.12285917749017497,1.1920690480040705,1.290910304768097e-08,75838.66189081523,3434.0283268144417,2.1045741202738104,1.5809623111741868,0.02359744525910104
1.499600344,1.588478423017724,0.21776896247067784,1.4304133736283715,4.835207669514774e-14,189.6016812933234,42.381754617800446,2.2340262557343284,1.6820367579539555,0.09373067380855465
1.459081805,1.1068425025485091,0.03251636538841366,6.807303470705614,6.600351812945817e-14,106.51733411185194,29.453579089751067,1.1145843675090696,1.2492865965212177,0.18883240157486655
1.288319019,1.1441339792769258,0.1258986162087008,2.1202229064966716,8.631051591929823e-14,180.1729545683518,41.17199430602368,1.3472035449519548,1.2424219083011614,0.1410345137732198
2.402173819,3.3084626011328497,0.43912806890977907,0.7067902723947865,8.241414458962348e-06,1225103.2917881985,23738.649644071837,6.065047177472714,3.4972640035476834,0.1287566214688397
3.172768416,3.7687246399842653,0.28166001883306735,0.5806698573726962,0.5681827227347848,435.32197400997336,37.7667621206372,5.82202589995341,3.941002402384388,0.11810853586967923
2.384149266,3.211074337452584,0.6039371857140792,0.399250588587489,5.073030484056659e-13,104.29067492427863,25.89411645817836,5.756402755492598,3.389369992479553,0.3628149088478614
3.210570474,3.371589471744578,0.4524376272973745,0.2633167265477853,0.8294565096782065,13220.173396261325,1104.2870287213527,4.551953998472447,3.543254777992321,0.33330323231038295
1.355869853,1.4623250853637884,0.1107418341439099,2.693964772608725,3.997207802025326e-13,248.69591367483721,42.760255746454774,2.0920358072066354,1.5456851367868425,0.18759276589386145
2.08410785,2.831492649057611,0.29939967987412164,1.0408789551327082,2.589636525734371e-13,160.93576816930135,38.784265362282746,5.117931191614014,2.9898264379458475,0.01223914608032145
1.6008687940000002,1.957946483530213,0.357570360852713,0.8414421010053218,0.00015397397409042704,34987455.38796444,200676.543982396,3.1804424392064203,2.0596145988533694,0.05669560515957511
2.384177085,3.5908910322036074,0.2806726821089425,0.4765768153858483,3.5661708689990196e-13,130.405802314837,28.950254860448272,7.198629625547914,3.829753171991026,0.14691058910365812
2.747576042,2.6295803884070867,0.20769538635668272,1.2458461631926214,0.7666041092476881,381.26172221199084,41.13175692476275,3.2700941448852476,2.804881401139884,0.05106111384859957
1.3855362260000001,1.374490327563315,0.1464843094963342,1.507553991768817,8.292435268352667e-14,166.94446868213566,32.48197030436666,1.8087663331541661,1.4657638880561592,0.07434869601636324
3.201545995,3.5401960915678594,0.3227981579391852,0.8245453401068527,0.5768897147921757,3770292.464482414,49381.35724545263,4.964345958474015,3.689566026321947,0.0566364410153542
2.059249272,2.661614423882451,0.2830196231909519,1.08670531932601,3.9508177825491056e-13,155.0889957930888,35.57540324109066,4.576567026096679,2.803658883572316,0.024539306804298555
2.445431407,3.1463252642903954,0.34403736556679004,0.5319328262857095,9.756381671777164e-12,131.93165135636116,28.43465002152769,5.3887163460572625,3.3144459377276108,0.16103259735295758
1.813504827,1.9412270697071148,0.20526669256777924,1.4846976388078008,1.1588079700758466e-10,4345.877651474537,559.8644424405053,2.7622519602137108,2.0543431507255883,0.09949228121348935
1.030715653,0.6714624366653996,0.12353551305958588,2.363475943008344,1.279781847838718e-11,399.00313998541014,92.83032139295301,0.5780007835455148,0.7964713925752629,0.16843770016393844
2.103846182,2.7685655814262375,0.2998522546386755,1.0206525930138393,2.1727859299415833e-07,254455.4381114723,8131.377037657389,4.8471758105004215,2.9183998674705793,0.006192726579334673
1.66116617,2.047857477416531,0.12832502093395282,2.3537951364832446,2.2254124862498656e-14,214.58438459113103,42.28897749913049,3.3545646222470755,2.154522383416028,0.17372578922949589
2.2836198149999998,2.802513457791126,0.3204340354439264,0.9207807873906767,2.4916573488294226e-13,109.35767554327366,31.955860913874552,4.57732602000015,2.9499185131164807,0.02538453198109586
1.7565073070000001,2.52919753596751,0.494380798077019,0.5462421477036231,1.091339855864481e-12,261.89829397005985,43.949591622832195,4.840643676799552,2.6824106725469146,0.2243291691519969
1.689814255,1.6551969219138938,0.1905292330360676,1.3409956406373649,1.7776084382550706e-13,127.4575756740892,34.659214326638626,2.1545545020496224,1.7689153711754821,0.06496963787927967
1.460011919,1.4987123094526238,0.2470496516391514,1.1292847936973958,1.2491243888337501e-12,193.74552258505787,39.936521974352594,2.042229996587268,1.5919356906985032,0.03193976324518119
1.964413483,2.2514657248646373,0.3870206681424411,0.6644917674873484,4.984601767737948e-13,122.3738515863256,30.164874321356656,3.431989382299765,2.372749559605808,0.12984862031433592
1.667186502,1.678745533736552,0.19047828912860632,0.8889386869109199,1.3368691528321166e-13,139.33801908096777,34.937746961180075,2.246206872490905,1.7876141887928017,0.02115476890558446
2.45047636,3.6928704681721105,0.6515636404364484,0.43766402462674625,3.5872408927888192e-12,162.8024668092474,33.882640338411086,7.408260236412654,3.938990778551376,0.3663976752625782
0.634445257,0.2693073235291946,0.028850440183084098,9.079141521145567,2.3785729416292122e-12,340.25379614436906,73.93245268337543,0.14895976129103208,0.39129298446988425,0.23308678918648126
1.635826432,2.050344407880615,0.2346924463704989,1.3370692612265478,1.6363499889466317e-11,410.3693024296843,76.6181746967908,3.4141766813761514,2.1573036722274765,0.07910760951355528
1.764122782,1.8962912672168022,0.16353957978287934,0.6912320108763761,1.9634296596399998e-13,133.78114425347144,31.548403785159355,2.7093980600830476,2.0060452317033306,0.050495787191682115
1.5557038410000001,1.8388959717947442,0.15065829919450377,1.2990890902664944,8.26712439522097e-13,227.4290473588352,40.87288468527789,2.8867802665772415,1.9351959784333461,0.04506025364718147
2.228758539,2.9943349100840826,0.4167087402273051,0.7193935203569287,3.266411841072279e-11,431.71819825968583,103.8493581353939,5.353265050149716,3.1598903896635764,0.11693117263168318
1.3999978849999999,1.2947226526164757,0.15985589695343505,1.4195206954841528,9.42788583062342e-14,139.63474556780608,26.423028274806065,1.5883392762992012,1.3955560703064305,0.06706285706714812
1.890052451,2.2301990372331812,0.31973175024559025,0.5920776025407923,1.363776559483733e-13,147.85768525487813,37.334690723249224,3.499395539108341,2.347979703114941,0.13042574210400978
1.748601856,2.251767804954885,0.20895565274400277,1.455017897530115,1.6777100666666689e-12,242.45634682361117,40.70729347765863,3.8542345149358854,2.3709947673691314,0.09507856178860893
1.668568848,2.4727532793469096,0.18966660446017589,0.6046241038592461,4.886062056331507e-13,300.5369328423574,51.535157560209726,4.869502399578128,2.6304293308543896,0.07498960370641594
1.598619635,1.52743657343182,0.1533697796771647,0.7213121187176122,5.4784730262232e-14,114.33182466408908,24.234798594563134,1.938295997645234,1.6380816829017748,0.04274229895097564
1.654495322,1.6421620496896734,0.24951738080182748,1.2523822597778587,5.323795909390585e-13,147.16091164275545,33.510245973440576,2.165698244150292,1.751802597505928,0.06297376042061772
1.661225717,1.7409222442064012,0.1617468164476028,1.4402004979944316,2.91347947124514e-13,155.01462390171847,35.95393993175644,2.424264700656017,1.8457121246137638,0.07120102914924867
1.632362428,2.0601632448857465,0.27361935442793855,1.1362401433164737,1.9898451831008323e-12,524.5832063762869,99.86302912124833,3.4541686019032354,2.167843989534946,0.037277940061423376
1.285497442,1.0183500197954902,0.14889822466367467,1.6126672267119926,2.1243025546752163e-13,143.87178289767456,36.715633963308605,1.0695980440971038,1.135458593537617,0.09122506236703279
2.3052123939999998,3.2914526991688744,0.5529523794603338,0.4802006540770363,1.1572000328169772e-07,97506.351687085,4321.884993676856,6.2547979284025805,3.4896256229480658,0.28742428517002794
3.297215927,4.083140925468906,0.5437173581185164,0.5102846637201248,0.4455408991932966,392.8504961345219,36.46675460750207,6.482865776970848,4.248715896381732,0.2662667288722146
2.338367183,3.2968486115849993,0.34796082286856533,0.8647451171470025,6.74038631091186e-13,229.99687201272212,50.488920963234605,6.186695160224875,3.4914253498789747,0.04706340033452039
1.4028738440000001,1.2661467266392739,0.14208610519546902,1.1034369047665484,5.190595520357517e-07,658149.2690107176,15131.670541640562,1.515935331276397,1.3707952945109891,0.014696946931753496
1.5228648850000002,1.87194835276344,0.15642610672965557,1.013231492634688,3.9634441275674594e-11,1540.7836046222892,238.18560918511446,3.055612280610158,1.9690477512274078,0.002069750879066329
1.19523353,0.8596014256288286,0.09098530610545952,2.1670268031001125,4.729634785230885e-14,116.08596773267664,25.188304044155885,0.8185661506467337,0.9856472123808782,0.10618229091333958
1.7232975860000002,2.342434294383923,0.44330409424046374,0.6611067396930158,3.3485097847032475e-11,1390.2904588871309,222.92797023896097,4.2317908914665345,2.4726509304468762,0.15023276980458533
3.169804377,3.112318725041837,0.38544437039977064,0.7319241031305601,0.7987736877623673,916.6449391742393,47.429222353413664,4.339021544302721,3.3806535496772794,0.10332834528819512
1.416658144,1.3298467372864589,0.10986790855578098,2.8078655427564305,1.5469622818065437e-10,2782.026773121832,398.02618863901307,1.6563152776807648,1.4298650080507365,0.19862640613271082
1.722939832,1.9966138534108642,0.19544460797813987,0.6818920618599172,1.5199022157484837e-10,1059.2621719765182,196.98522412859705,3.0751556934259323,2.1028526128495324,0.06217248126452285
2.689182713,2.9098317854046565,0.3340627396390567,0.8831146608232375,0.16205744358442054,293.91347160778827,30.469053780050665,3.996877110454709,3.0389812214528047,0.03904703662902964
3.319604298,3.5018797391200747,0.3028046354160517,0.49047081376887486,0.4371332698481717,1750.0505164229955,241.10073949884392,4.428821824145864,3.614357979677203,0.15428779947055335
1.747033287,2.090910520831535,0.32111522623488703,0.9640962605194705,7.73991587695199e-12,217.87874537799567,38.07287355115219,3.3262141032030494,2.200420343773224,0.011529237425968675
1.595214982,1.5766633589669308,0.1503515833084657,1.9401805050966352,6.79167655889529e-14,123.0846027766418,25.940546021288267,2.0696534133270257,1.6826820190521776,0.14135762753703213
2.336747959,3.4209255906795626,0.3634391233105729,0.8653232377851788,5.9073108940921306e-12,269.793711539423,58.689225575268,6.665733687629993,3.636216157397824,0.04894680438966109
1.4172940120000002,1.7771207454105646,0.23491191325505145,1.1654139533569061,5.373123763580253e-11,4395.544803824715,489.29735534209766,2.9565300866946758,1.8690719203031612,0.03885770826215268
1.399015464,1.5136457097260974,0.19042537601620682,1.4735071204406944,5.942702476313581e-14,191.40063796401859,31.236778565103883,2.1724167138196866,1.5995478122543765,0.09016777145627056
1.308894051,0.9653394630382557,0.19512129199868808,1.5660348800194566,6.842389519669899e-09,15103.293920719529,1297.9225600869006,0.9440888195054845,1.0985111695163992,0.11044545710571876
1.8035106230000002,1.998076502670469,0.21685325427779603,0.8403586296610438,2.380134141139352e-07,324921.1349176417,9618.69372866617,2.942454772294629,2.1091258047271135,0.034618750675369486
3.810143439,4.090132330806735,0.41045922915908606,0.2294127666386733,1.1817527185423813,17457.51688927418,1287.897559085367,5.633101903098546,4.286730688542403,0.3162946418053229
2.369680046,2.832510296918797,0.476610942604066,0.4622914709983619,6.52981819999074e-13,88.22643265121904,25.36677691511256,4.5064660858816765,2.9821693543438546,0.2562777688537165
2.476594772,3.2303753459489832,0.3027997403533073,0.7887063183281231,2.217775360688282e-13,104.98642577411546,31.023584504053108,5.609308363174049,3.4046497198144037,0.06397967194853871
2.365679733,3.019738030479176,0.41336551128706656,0.33999138442579513,2.4347227737591013e-13,103.6567876679359,27.719335326591068,5.130560397745376,3.180279184940746,0.27282479883070015
2.173973108,2.925424389191492,0.29491873569895427,0.9886382732810601,4.63692605052386e-13,129.8830562788271,30.36453451382533,5.237970900694718,3.0873531790155404,0.003350786079306778
2.912595345,3.4498300665811144,0.2671303157535719,0.7543793242838733,0.6414682256721345,5057.819245554028,607.1009119322647,5.587273418878208,3.6624248484080875,0.06561272865965459
1.91033697,2.4284289509025165,0.3703968033546108,0.7967908945319826,1.81673300077393e-09,13059.648925157479,1116.7672221267164,4.105253912872192,2.556557150935445,0.0752680030779036
3.098375297,3.2023140424978043,0.28724513213004205,0.8908838075617944,2.0128038915021396,295.85228985690463,34.73603777108528,4.715204504326854,3.4633166366644925,0.031343095114439445
2.35676345,3.132935991235577,0.4526679397605287,0.4953273553193187,1.0849193361599073e-13,123.586289688336,30.208071547133276,5.543287220495063,3.3045372205932435,0.22844912632110134
1.534242473,1.6638576469159145,0.18632826685827308,1.337828937808918,2.933845643880129e-12,398.47865811858765,79.28182267560496,2.3962666179982506,1.758493371566016,0.06294708047650702
3.265812765,4.120444461354919,0.5395738395429953,0.4063526623574458,0.7672832983634641,455.48281119083885,42.298272100823176,7.012810554858625,4.357065001513693,0.3203165733062699
1.535507685,1.82425191587947,0.21396276503752057,1.1918760557884425,2.408858681359497e-12,441.46361742746615,79.154288088253,2.8781721872560246,1.9195382778029932,0.04105433144098872
1.6689319390000001,2.2025415452932307,0.22638742491081765,1.0026612523277576,8.519243993173076e-13,238.09534042247282,45.91952283235984,3.8625803118251625,2.321105456082325,0.0006024740615189761
3.2470187790000002,2.987892123558403,0.37736588500455215,0.6425086064006647,2.047726534567773,420.9930272833074,35.36470188704104,3.5871686777738945,3.2113980965781406,0.1349050561271239
1.889958111,2.9349751230683694,0.46431578128301465,0.624902028206702,3.18803612177174e-14,256.11842323038024,49.134850717495105,6.060888162867394,3.1421509262008267,0.17416390783087932
1.965653106,2.464745574509781,0.17698362682304863,1.3236249416132113,6.64784037491659e-13,144.90529244286355,32.774975421259526,4.11041680574642,2.5942428333531966,0.0572763158971035
2.592203836,2.755848242852011,0.2825749768352912,0.7496553032307562,0.48929031884639146,414.7830658524731,40.60327354431643,3.9114332774013043,2.921507487021065,0.07074114689040706
1.650927392,1.5492786516740726,0.18772135590464034,1.0210845726959785,2.0693470234583225e-12,138.13136415824619,31.367958097450035,1.9317541137475491,1.666433240219139,0.003958024575159036
2.3125243490000003,2.790068264726541,0.34104097512089004,0.47775474519820016,1.1812121270451992e-10,4343.783350214348,581.9011588997398,4.480217232955086,2.937080492081634,0.1781070309498635
1.167150236,0.8569309085001535,0.0607710406556113,4.66031284265631,3.069294796051666e-13,139.42835253147152,32.070404292681566,0.8330428376242447,0.9762410253249104,0.22244102057332282
1.676544757,2.2347742061247753,0.33875633367485625,0.8938437474908542,3.2447002711485565e-13,239.2529247288259,46.82924704843006,3.95853247970739,2.3562340811913884,0.03596110289666049
1.317519763,1.1961912094011118,0.17045778143076556,1.6241459992178326,3.6102961851809363e-10,2581.6989763957104,370.3482098572263,1.4402588075488494,1.2935361504702148,0.10639054231556011
1.336775455,1.2494316604080942,0.24359429026815427,1.2452255363274527,1.8858666286131257e-12,335.5341406085315,65.37257253261353,1.5489188514191434,1.3442666164470662,0.05973554047731333
1.187384929,1.0553767249020471,0.06937966853616095,4.032135600470806,6.580849061817219e-14,181.72036934398028,33.48093359867759,1.242040404765318,1.1455127425138825,0.21036856291735784
1.856794199,2.5062146400869802,0.3497294742463657,0.8837267507452,1.2438660281321791e-12,211.60762613653918,40.901926525764395,4.497900387433065,2.6447836131214055,0.04066418233079783
1.7399297530000002,1.6648014316625641,0.28640989421550384,0.7357747673481554,1.5278343631771286e-12,178.15378089899383,41.437683540654355,2.1172223933804655,1.785336952541119,0.07567672093288172
1.645859689,1.636750178236316,0.14393141002457385,1.6467490645899086,1.3677726584393337e-13,172.15448043983798,32.71133940476876,2.1626014203610167,1.7455642309667296,0.09308750479849973
3.163487815,3.00710259397417,0.32122634060650207,0.5075432844653587,0.8967227334441404,716.8903328621731,42.3073402336807,3.6157425089367705,3.191384665377022,0.15819006863829
1.6130746280000001,1.83051986610399,0.1413927335976228,2.220322842131255,1.1234970835170385e-10,6852.777313122257,715.4573519636613,2.759172235864329,1.929272244814462,0.1725447825205584
2.170264122,2.9104232878451026,0.40658201052924964,0.2692903324870159,1.8338440890966213e-13,131.94800273433125,30.973349763114886,5.193243528909868,3.0709236697200146,0.2970934057305886
2.440595629,3.59985869903092,0.6108571537544469,0.3789279037445632,5.699895278330983e-12,203.11999825042517,43.56963557167772,7.068114420113108,3.8298046152349894,0.379386332994904
2.008737391,2.4660005368098803,0.3358138060084375,0.9293784788792121,4.317577567149747e-09,18775.13265559185,1461.189604340736,4.026521039951745,2.595199379114301,0.023715681793677057
1.7447443599999999,1.8656114219691402,0.22125658618683472,1.3827176756149477,1.619510055296089e-12,185.8089438816917,34.31713711041217,2.651483528966997,1.9744390185810556,0.08467880637992373
1.556640964,2.305658884975217,0.289789192648804,0.9168612255450058,7.286548230287227e-13,352.24936426773525,50.98530665876745,4.535537068400904,2.4520273532702674,0.024092718327123785
1.987844916,2.623986775031793,0.32571413128920196,0.9222717014310792,3.009903129955347e-13,142.8684330741227,29.593559330065766,4.606725030992459,2.766077682611209,0.02531720524496378
1.9747182250000002,2.185172713632785,0.3465592411641814,0.5075121353557103,1.4953421558018402e-13,106.08536855771858,27.36512824354834,3.2160061992075293,2.30715761529462,0.17067622065369312
1.344147264,1.0535402623884949,0.05478093154584408,3.6407364288881308,7.582319760702632e-13,171.3447706833586,33.42139324267071,1.0953047233181685,1.1781359552190318,0.14466200154153747
1.537588924,1.7307414386246673,0.18621603077463578,0.8932364056562725,4.4440799621353084e-12,352.4256561433092,64.67314729917302,2.587182061212547,1.8247685572923764,0.01988109276992228
1.664458888,2.0794860239636623,0.35815890800944217,0.8285412045695663,5.431516624608976e-13,216.72272882201668,43.14009278249879,3.452207213477885,2.188019407481042,0.06140949493997849
1.747958544,2.4896234359766467,0.34292450276236436,0.8297349161181713,1.691307453728499e-12,301.29417222026166,45.14156343467151,4.713217516775632,2.637676295345785,0.05838806922796835
2.401274792,3.351059467992666,0.2987069291446096,0.791599585884117,1.8740712502790434e-05,6356276.177853515,70611.9202377829,6.224545541068279,3.545842812210722,0.06225064773302036
2.409822679,3.032092123100828,0.41063198700812303,0.721027312233374,0.3996063641767427,11758.239996275675,1080.107284356668,5.132541459387945,3.203274212717921,0.11455510909860633
2.170834113,2.6261818420218015,0.32963917095701817,0.8833835138951328,2.573652506763387e-13,106.97719937059662,27.844137531287625,4.22728991254192,2.7642643645171048,0.03844136179952906
1.64834581,2.055393410084007,0.17842888485823083,0.6169856113058164,3.027765152608135e-12,255.63244592679405,41.35232459295067,3.4052906045671514,2.1625538089470333,0.06834083025936015
1.56008337,1.6748636159139454,0.36123864736858735,0.7872027417993153,1.902169696213072e-12,177.05210417801283,36.32027755279635,2.388036270177068,1.7715860484009918,0.0768705937161594
1.756925518,2.5484428344331183,0.5354245348739525,0.5203349852496315,2.949761145452905e-13,264.2230042183206,44.18471160889338,4.913424557534225,2.7048322524800925,0.2568244174180236
2.427803619,3.2371021420464157,0.36859967620690376,0.7293842294806903,8.032683008206446e-11,393.2474756031569,102.58227049400568,5.745310970786655,3.4150244985758977,0.09974888538989934
3.191384854,3.8091005039608894,0.4443303436031868,0.5655509461481834,0.445714745103211,411.7044089079451,43.8424466289109,5.69216564836289,3.938627272856934,0.19303889737605712
1.735968197,1.7581546903823895,0.2117499460709494,0.914987219510621,3.581048086068967e-12,244.3583783288031,57.75137269747798,2.3666877411952867,1.8709867031920133,0.018001451683967468
3.35053964,3.88950669986201,0.5920689476286072,0.38154009155959717,0.4155080736955949,725.3855452172568,41.87840619878769,5.662554032559954,4.028529342456795,0.36617090714079403
2.380206151,3.6080172340923227,0.42810783931879465,0.6856348310278236,2.2817995108083306e-13,134.11349404505623,30.01688595254653,7.2795806258748,3.851205479211889,0.1345821932457662
2.070402857,3.065700875437449,0.45720769132677297,0.6599614288097647,6.807310703792422e-13,194.36327169253357,41.658523473241075,6.03916722875632,3.262274938726244,0.155468250095942
1.213565566,0.9526400403352425,0.13645607881670951,1.662778264158957,1.1605733923975336e-10,5144.198782200159,607.6361299497332,0.9904177817481734,1.0645657988837316,0.09044012305207655
1.618065906,2.4307976201308272,0.44401449278945226,0.648948699618306,1.5423444075155885e-10,4207.195577676338,466.15696992416986,4.85069963182458,2.589685336817247,0.15587186508205547
2.236481177,2.9422679041205333,0.37201643242276317,0.8226158058800188,8.359379692124686e-12,233.13260166885055,56.14961332910181,5.150998382148841,3.101699308877982,0.0659898350647023
1.833542751,1.9628360133960974,0.17989224452562505,1.60395391295201,3.6285640683658685e-12,275.0294309692326,68.97270581541571,2.793569557418222,2.0772654172420837,0.10864662499097102
1.695704016,1.9393799820581443,0.2540626205509754,1.2201732792052788,6.61505425952657e-14,172.80348422210932,40.44333041447441,2.9476465447399116,2.0435629081712405,0.05593780029019474
1.954557478,2.375226326505372,0.27769685540830075,0.9622321916589324,1.2331362327667592e-12,154.80220049382092,33.60291609843776,3.8388915330943334,2.4996918284210157,0.010488001611977882
1.6366911160000002,1.6824057487788027,0.17941515277612197,1.286762686621532,3.877982287530601e-12,262.7494643386581,59.07045751045147,2.2975633313978006,1.7871514121910814,0.05144957123069335
1.646529514,2.408266580005245,0.39233579377166,0.7668145265551551,3.856108879509451e-13,366.24042339633587,48.21958855465026,4.680004560463251,2.5579193496947483,0.09148700782000357
3.160506923,3.656490897920494,0.4679348582073175,0.31520353126188283,0.5801355477427955,440.97719554173375,41.93913286364352,5.393086974218532,3.805416523211904,0.3204401384998426
2.369949664,3.3770653417267793,0.35459147169474553,0.887361874110558,9.422879169914954e-13,125.15577705860812,30.19130076267047,6.405051844468142,3.5798163711843403,0.039940518828075255
2.066253413,2.5102819224750603,0.2518877232618466,1.0114383090890424,4.738158163530104e-13,132.32933158866314,33.93911737505068,4.057224884833842,2.642059111156793,0.002881169634404157
3.317383974,2.9703690706773007,0.45526992232467756,0.5015435403864319,0.5767116734114407,2597.258986443376,340.01901786410576,3.156889508011863,3.146479119473293,0.2269322336505029
2.31853276,3.1134879697469455,0.5993559497894602,0.39126959201257827,1.6361308539185883e-10,1525.2120729373385,274.76014737520376,5.564701171526988,3.285748526204176,0.36484619184502676
2.75487037,2.932658249614149,0.4518408716991909,0.5875316232899441,0.7027576106259105,422.7529287730383,38.479233926896875,4.038367261112772,3.0826849000682137,0.18637007088102192
1.581138218,1.6218873860748872,0.21370901970794726,1.4679456037160556,4.150798404586197e-13,138.75125290290305,30.382916497128548,2.209580271438499,1.7231262959176548,0.10000419624680179
2.971475862,3.2183753347157946,0.46335841671170924,0.593429619693774,0.5328697572553632,360.3989514608948,36.569688189797226,4.390806886349935,3.3541018559563054,0.1883878077005704
3.6547460860000003,3.9283781282326973,0.2624006392191934,0.7364729308498154,0.43034240331451434,1409.6764055008045,45.27866323931903,4.969830928072157,4.027215871307511,0.06914967139656902
1.51832083,1.3920228640130508,0.2370757100820425,1.0398581783661045,2.853680526786298e-10,1719.4016501931287,293.880394036906,1.6946858245443992,1.5030746425141004,0.009449405938720928
1.703531861,1.835377206237296,0.26572569559220827,0.9923407606848911,2.572733879907338e-07,338113.3707454365,9782.092624093579,2.627901128220894,1.9411438525390974,0.0020352566947144934
3.444445955,3.189382562030884,0.29506687688960376,0.6190484993270883,0.3193186505231651,788.7545598306771,36.091184628790366,3.5081757688507396,3.355166560582502,0.11240616954996385
3.302922659,3.4907397370571607,0.28909525768703,1.0115638037909953,1.0251247077083216,708719.9772505107,15566.109341587326,4.644341063463515,3.6463331711155673,0.0033430408368000375
2.281632769,2.961193205702911,0.5078368734254811,0.4483931453101919,2.2493136655649136e-13,122.46657495319741,33.74549613746953,5.114780699221603,3.1200865297254854,0.28012630044573583
2.26440066,3.233128342306017,0.3606543955092559,0.8387649870346487,1.0272587408771659e-13,152.96650275982498,36.23474425853024,6.14354493022811,3.427720586968029,0.058150116135945784
2.091988105,2.8741382616146733,0.28317885938660864,1.053850598281342,1.4953572943775698e-13,163.704823028931,39.31973228048503,5.253433195400524,3.037137185725974,0.015249350998596867
1.335946849,1.3491697794258104,0.12140315927431958,1.7538505263656647,2.7242327619828174e-12,410.7608156236202,74.9440828884065,1.8071906160788478,1.4354847745860937,0.09151983552140044
2.881735096,3.222901431553621,0.3842826135544866,0.7615498009420297,0.12802315687968316,340.3663921652276,33.15965566645121,4.461883955099782,3.334231402041405,0.09163226569658439
1.3712978900000001,1.033903074591999,0.10487516555198047,2.9143803252109137,2.324651191749497e-13,103.86733523629107,27.398883293361337,1.0340484594329546,1.1688900777233906,0.20077095353594882
3.463892333,3.4437683012748255,0.4977290059352761,0.4510793283166839,0.9546012850316641,477.09699059514685,30.142210007959687,4.284540977768284,3.619972449263587,0.273213740254261
1.9079762480000002,2.629336566328734,0.3394189376932202,0.8567546125393182,2.5206525498983415e-09,35020.77218962778,2089.456573017089,4.818532881449135,2.778631702021321,0.048620197241358354
1.323224863,1.4233681694286098,0.1324352970876959,2.2539723736224677,1.933803842117161e-11,1490.7332630229535,231.41655843060684,2.0305792850209317,1.5047530699756304,0.16607020384045473
1.793586945,1.6619622890222066,0.07586993095199827,2.793050388687017,1.9087346165173992e-14,85.70905788406512,21.947579843774392,2.0469918149824284,1.7916180566053683,0.13603860918313765
3.308267157,3.8781887602773706,0.32386444327858416,0.9124565138234301,0.44829971768370075,24209.31004215575,1699.092514025054,6.298278862922851,4.134238139495518,0.028352222413241257
2.166204878,2.8770014839597446,0.3370133982213689,0.9100015625335082,1.4651493569757239e-12,133.32392849707443,31.411865408054865,5.0841559325854915,3.0341137313009963,0.03033067924519578
1.448784019,1.5075904713991624,0.23877622699209664,1.0929471355615772,3.2049742398142872e-12,228.5497925738788,39.327199747484016,2.082282554794438,1.5990063071185527,0.022193566339116316
1.6500413059999999,2.022769668598933,0.46653240009656266,0.5931974490822304,2.0378294449942e-12,239.2553088975351,40.868402560650786,3.2947009251796553,2.1280645748755043,0.1897865704450712
2.212748094,3.0286077112286334,0.2519074613327399,0.4747125765200071,3.888848265550572e-09,5747.583791806331,664.1922969461264,5.515839327981263,3.199710187687706,0.1323238213188609
2.441556831,3.3747428018876975,0.5444511793150071,0.4864194851084934,5.931812606706371e-12,171.9060069474464,38.316536513251364,6.209319994288234,3.568383852012726,0.27961951700588933
1.7510190790000002,1.7321246566792934,0.22605322484061166,1.3280494402108876,1.8233040598381587e-12,135.6680581878133,30.954903762836814,2.277462624243371,1.8487500191203918,0.07415663386682855
1.6968020209999999,1.763263363755121,0.23897243192707107,0.9139604352172708,6.401597789109498e-14,142.49674613238042,36.73316338338053,2.4350227351330003,1.8710307009286484,0.020561084038075578
2.935200038,3.004305874840055,0.33432257201253285,0.696596328847678,0.7951826355408907,704.8143039238512,63.80489339839742,4.175788771683185,3.210960119472659,0.10143469569768901
1.794679195,2.0393232327864967,0.17726931327351556,1.4467327196388733,2.671905854494975e-14,128.59600680626954,26.637705509742705,3.0802184168690583,2.1496446544884105,0.07919200242719301
1.615084897,2.1006912695144093,0.4066966930798471,0.6995914014482681,1.1444050002396763e-10,5659.937884007446,601.038266141492,3.629283820362941,2.212167230678352,0.12217518360374069
2.344664351,3.036722976161084,0.3582534747966043,0.5923242394013193,1.86193228322037e-12,151.3180992740727,30.93912437016469,5.2348702740226205,3.199528985668958,0.14605125782482595
3.192344563,3.27903704748548,0.5374215397042892,0.4937279854323339,1.8410893987483354,362.1644586561941,41.03442669988351,4.397418946624093,3.4680364335190106,0.27208148557814743
1.778855448,1.6635001553378186,0.26487617788309625,0.7118857575783166,1.398797679521432e-13,91.81608215379964,25.00421527022651,2.067761571629607,1.790494555661049,0.07631459932633933
1.915591287,2.4628321009897296,0.3983906482391611,0.7657295921984714,1.1562010283622883e-09,3557.1303926818346,466.104028970384,4.210890395681673,2.5935474343322267,0.0933311396273036
2.285722872,2.974063951393619,0.2972371591826047,0.9572209457413849,1.0021156631532005e-13,122.77237702673939,33.92298558896821,5.150129867668787,3.1339407028912056,0.012715524560349245
1.59009608,1.3764276050409547,0.16451496130359128,1.90985436788242,7.343769689587731e-14,95.62277152812243,23.825027331032942,1.5824218568719632,1.5030938453907745,0.14968465612407983
3.063483194,3.46312844624096,0.5011066113224182,0.5341181218740615,0.48540702940367725,379.28169702156526,41.204868692084965,5.110728739328427,3.6327904039620695,0.23345648922421286
1.104848549,1.0102470531042576,0.08488402728228686,2.2079752115685194,2.8859314478636466e-08,217880.914036061,6699.530085950113,1.2222966756034968,1.0904975759624025,0.10253780081510844
3.4368438340000003,3.3882193294920713,0.37036513651927316,0.29957832477952806,2.1840249437210195,379.6907689521963,47.762585688858856,4.408221469447071,3.611669559286243,0.2594117693640881
1.816955756,1.758057948337241,0.07594157118512962,2.839114078679674,1.6318066350609342e-10,1697.1730123668726,307.64503391015904,2.261311553143133,1.882267792363523,0.13966521272362653
1.604580477,1.5743372092632004,0.2030396270762674,1.5465238237484653,7.734729443533942e-08,141814.13518359905,5561.870217022465,2.051578222269634,1.6818827189592072,0.11096599336218407
1.038215279,0.7509620046728694,0.10440602882516059,2.4381675006674928,1.453901689056496e-13,299.25562990530955,58.94953038790823,0.7179254160451877,0.8592559966781854,0.1501533575300994
1.378542387,1.2327965625272508,0.15742715932096737,1.872519599470895,8.840843516007676e-14,139.9690839720826,30.91864359024531,1.4624415009303948,1.3370238799969794,0.1373582819965712
1.30856346,0.9366525630768822,0.12985846931115091,2.0898283815728735,6.064573290599879e-09,16047.630178767247,1364.0817290299246,0.8890329638851633,1.0758930020077857,0.1415234454429023
3.082090331,3.4312260200001563,0.35496093301744136,0.8501495031370141,0.8393827818194475,408.5811172131784,40.315621918085164,4.899389850628114,3.585204510525686,0.053191072179612664
2.374851584,3.022187477362756,0.3338584951560709,0.9146970079165709,4.006245434504532e-13,96.94852212909112,26.146594062741915,5.11905381757496,3.1826263880600942,0.028479128569283862
1.701507516,2.0015897226174992,0.13124248554958426,0.9100379858294876,2.3280909805731225e-05,5413902.986412915,59926.2338506559,3.1291030566898876,2.1070595067849776,0.011806838344784965
3.169761807,3.452118342707291,0.3767710088619507,0.7808288007328633,0.20545396854947676,600.7033228609312,30.987109676413656,4.713949021647312,3.591541864212379,0.08257735386136272
2.432713813,3.2047404878077588,0.5260896093733258,0.4447678155364939,9.307916773712374e-12,250.79015352767817,68.09332581792428,5.619718435840003,3.3789254074911046,0.29210188303590434
1.589751764,2.1005996195355667,0.17443666740812142,0.6894380891727057,2.9593261026813557e-13,223.0326766003414,36.478284803999806,3.686346075642763,2.2134097685427796,0.0541733847486114
1.952994995,2.5533034055685793,0.2736527066696205,1.0998465166549045,8.830567735683137e-13,183.91511585908262,36.404918654080625,4.439634328909855,2.690446226009403,0.027323269534147987
2.310416852,2.9467453568709714,0.4404860609625165,0.3498596197212757,1.2667198597338662e-09,8769.618481994628,911.4766721165468,5.002058043287094,3.1032764922058074,0.2863777751816478
1.6329878660000001,1.9176831698569432,0.2892831516319015,1.0766241917186778,2.284508254194541e-11,433.6864968465815,88.56990921709723,2.9917821992025475,2.018624854183287,0.0221660876716262
2.210320042,1.8465569828731527,0.25464805676351676,1.1097291140758037,0.8966488822711333,13821.292159374898,1142.0573266578233,1.9578104639775153,2.0143129027447646,0.027942305669785672
1.6848040050000002,1.5215810640296157,0.20235658161139264,1.553413154431904,2.877750518492399e-13,108.83650626485114,31.914802675905303,1.8261384737860826,1.647781722369063,0.11198679414961782
1.758609367,1.9281810558359833,0.25781418477150286,1.034672270565012,2.429933660566868e-12,147.6663908444938,33.124112031501895,2.8100567751205205,2.036727524158498,0.008939003169895543
2.889329104,2.3746812024921127,0.1960632324087791,0.8208131081493879,0.8482192166747414,630.1219298594892,41.043073358004904,2.4004112000033437,2.5856863625975137,0.035131961221513325
1.862312173,1.9071201173286918,0.12730397326702217,1.2800779097764121,1.2839290804743203e-14,117.21552122044434,31.431206555491876,2.5968759185830472,2.0271480998480866,0.03565503073885981
2.127150123,2.80847278898674,0.24133685140583938,0.6497286332483476,3.707056809501068e-11,551.7632624523928,122.68444792928886,4.933561674901082,2.9609614997749123,0.08453338878946379
1.966279493,2.2005919356588572,0.10092773581876309,3.0220516705875258,1.7332729674504645e-13,114.84008814112302,29.149756895828492,3.2755370002447597,2.321855971512495,0.20408109682094638
1.621845411,1.9983110873175007,0.199293496691647,0.9944448941956285,5.906398054326217e-11,1542.558245932109,248.83334716913248,3.2706499975588676,2.1021925988387737,0.0011070964602452604
2.042982504,2.236438511344494,0.25393493171263287,1.0576232833269152,8.922734192065852e-13,146.74087482246216,33.073683272201464,3.25672808762347,2.363114023662492,0.014632564516677937
3.181698987,3.6575564354545413,0.40177220783959816,0.724636224929635,1.7543796342817743,457.1199550492982,37.52069414183892,5.418992656212069,3.8195007002242307,0.11063351186906706
2.329081037,3.024188279166472,0.5441605015534836,0.4815415300762745,1.620193758650634e-11,369.31704566134624,93.50018672480142,5.226382837819731,3.186584294030535,0.2821246210283462
1.552774619,1.2803238440935718,0.2426860869444491,1.04003977859334,1.1545945814902629e-12,116.15102777443968,28.90263858645725,1.4020218780717646,1.4136437608517816,0.009717097188939816
3.139943604,3.271797604357876,0.2890346989569964,0.5365731563908697,0.6429004763328113,826.6748780534782,43.92769160121017,4.133526995957632,3.391401882534677,0.13394643823115604
1.773607662,2.0107739383673335,0.22993999699960294,1.3435082222553199,6.703174335939042e-13,138.75207590488344,31.425980097458943,3.030145191183136,2.1197816783835606,0.0789862795947272
1.516855638,1.982648718719547,0.21839892346869944,1.231584191361975,3.129437358168475e-11,4567.1807864594075,504.34793894977656,3.44114694476601,2.0880311316410207,0.05057773808582461
1.660746829,1.8498618166792136,0.2191756688950083,1.4089985697370895,2.999818964058749e-13,175.6338491289284,38.175694011611824,2.7379396294694174,1.951831384165569,0.08964253509922829
2.466316599,3.1159533196150564,0.39252530445136274,0.7399377793437525,1.463858876011356e-12,100.43072582519038,29.57350503980838,5.240648614857616,3.281037690417546,0.10208100233939105
1.601421368,1.5648324716167916,0.19462153298611304,1.3698773628179275,7.639591402969479e-07,5039992.647198382,59546.54260971424,2.030830025887638,1.6726675410242442,0.0719860993684858
3.056885102,3.153541572503184,0.4521587571003729,0.5918349703747735,0.3162209835132117,314.9493808124291,30.794034389040014,4.00404014690146,3.2849786991815657,0.18455539248717928
1.623427365,1.3991660012164109,0.2631106589484624,1.1800587689885216,5.2942290834827307e-11,607.1796337702541,148.1359334085061,1.601876237352678,1.5294125939571,0.047375381358018887
1.558566585,1.4493323515441898,0.25318037246710745,1.0093760502941571,2.4948936622086076e-13,135.30371708647849,31.70554680390376,1.7899435156321601,1.561148277744108,0.0023738319057450274
1.481496876,1.7250553809682434,0.15025857296925876,0.9214144959247864,1.0355915475818202e-13,233.80845680265125,46.619632827847795,2.666805337138217,1.815981970214941,0.01180814569841146
1.6070691190000002,1.7031879870016535,0.18285754950616273,0.5043110085923026,8.25364514806639e-10,42667.335291618714,2452.749599256577,2.3974706809288002,1.8035969785864217,0.09064047428599291
1.013403268,0.8771020447196296,0.12626359079914404,2.280618519391019,1.0233958935891521e-10,9322.771147849391,823.3716320557029,1.0024950755303863,0.9567011401939292,0.16169549270219333
2.131340675,2.513468487617787,0.30033716207789485,0.9431235502635863,7.242521750034706e-12,300.4351793102436,77.35364833838297,3.943807680574181,2.6466852011619513,0.01708211150290051
2.016065862,2.716851211593554,0.2271555493372965,0.8074370168586887,7.210868534762291e-10,3181.5748761312207,434.72768266442046,4.869760748923596,2.867118979222141,0.04374175021749313
3.181537082,3.884329655961267,0.2501180024116945,0.8247519472659262,0.3013096843084883,429.64574576235975,41.95080334111853,5.99075252932001,4.02449720104851,0.04383269287638586
3.284304302,3.2478480584938803,0.5130100390365617,0.39926594307417956,0.6456607531006657,593.5431903451985,42.66386777638383,3.924466993661803,3.3977543429299133,0.30818260199410724
1.791662418,1.8818942401699916,0.3447965365236,0.6769394113689345,3.2064094130041213e-13,110.63107537189228,25.323376163915935,2.627425650150739,1.9949077932981445,0.11139017204726687
2.384143289,3.304103572468887,0.34263541954266596,0.8929570032868404,2.3702120200778264e-13,110.42385871000373,26.645568404177062,6.094791278997652,3.4942570003870856,0.03667672208791767
2.589538376,2.5347437927503993,0.24602728005063487,0.8517209869044695,0.35369088652939484,369.0044890455545,37.28733339057596,3.086230045587622,2.6669588766176844,0.03648068228048584
1.5057477750000001,1.628479606964539,0.19558316363273323,1.2778752410870702,5.304901397342738e-08,96734.2929828696,4098.267516925579,2.338480922520035,1.7213871372898228,0.05434771874701766
2.14687381,3.069673311038334,0.262851237365731,0.5496321019160467,1.2590841547933106e-12,206.76732682112527,37.033540530511736,5.839952883604718,3.2546094251362776,0.11837975928117056
1.808852344,2.440160445388697,0.24283918068671795,0.36946437189535775,1.5903486753676e-09,26823.04918412734,1734.8881733000176,4.375734772545901,2.574752070264659,0.1531187553227164
1.772588984,2.199917356606638,0.25267357577475363,1.1275572760758314,3.141872243374226e-13,167.30065714733152,34.63021595786579,3.629100197923504,2.3148225758273564,0.03223035306216776
1.736786295,2.3403019019275546,0.2875562892182734,1.078320511502347,1.6743101948022701e-12,412.9034667172901,72.48508169935728,4.191475653885814,2.469130409548185,0.022521555657292025
2.291340432,3.0213516887790024,0.3619806819016357,0.8322649952354597,2.688794297421069e-13,125.6761568789981,34.44187963470459,5.3021964188088795,3.1855161320733774,0.06071683140344242
2.886773419,2.9153206493194967,0.20913497046411,0.848531078328473,0.28420316930877076,338.31421642233147,35.38734957288896,3.6526021197834195,3.0513580512844825,0.03167744846000539
2.201114353,3.0505215107870893,0.41540349844383784,0.502390719015628,3.143621676772061e-05,11205761.845485466,100278.27215684646,5.625322325648529,3.225718810644542,0.20670863617903082
1.774429854,1.8758939591931927,0.18852781675199431,0.8276567412917807,2.054716653912067e-13,120.07548119341214,29.145827645512963,2.6360425535563765,1.9873380359885524,0.03249149829618472
2.434957482,3.0877266572328312,0.5734610807190631,0.35420920204446177,8.654489263475875e-12,199.64081650393658,55.43746502981116,5.212051149914755,3.251483885676084,0.37033588891400904
3.115117648,3.345615881184684,0.30000057637626565,0.73827091553027,0.16604889631910477,2751.4114261863424,402.7549949912911,4.476450197695964,3.479583451213067,0.0785188761953513
1.300246659,0.9605685017827151,0.1271511845621045,1.763108883751443,0.0036393275486808134,856205797.7397553,1863118.8843298194,0.9408982962408081,1.0925057235612479,0.09703019851886127
1.7116351810000001,2.3391748335489946,0.19807609463224982,0.6080399402165958,1.522509418817959e-09,12882.200462480436,1042.3265355760677,4.2485554960564675,2.4700351050308917,0.07763791789371986
1.462791194,1.5410765079923154,0.11920068464077015,1.162367863553476,1.5081344913271674e-13,200.689738252677,41.2185592442786,2.1552661190121096,1.632600304599348,0.01935436049923349
1.7031935850000002,1.9009518069606288,0.38172202415355655,0.7094832199737574,5.54120190445627e-07,494382.2121593209,12440.003879119538,2.819590117496478,2.0055761802835472,0.11089665332219084
2.112312035,2.9056454114128587,0.31656904214781995,0.9407429135649169,3.3052663778428094e-10,7149.208798941559,753.4198920231628,5.31778267865313,3.07073951429577,0.018758959093224836
3.519153285,4.04906108384954,0.6344385661971254,0.3215557017666841,0.8897067163103636,1896.7185028968931,286.5959443798521,6.026828346178627,4.232651416775541,0.4304312278157599
1.7495590280000002,1.5418511412697027,0.035851182337457155,7.323253826471386,6.832641398714023e-14,111.07130140110549,27.74848275441684,1.8060883322105987,1.677781734150001,0.2266961258988493
1.678448532,1.7298443151667844,0.4030633087444938,0.6813463484017863,2.1160137320495624e-13,142.67175920380143,36.27157828428743,2.36914150532002,1.8371454399307179,0.12843759515669118
1.428077056,1.6798105807530317,0.1833403465740802,1.4527124356739196,8.930661052507925e-12,860.8296929039402,150.2974948973233,2.6220312088230986,1.7675612964658325,0.08300045485485238
1.646950581,2.04810900902526,0.17365021004372433,0.9913369521640139,5.54597674120878e-13,262.12306814176293,41.055020248290475,3.3840255691711176,2.154828949844328,0.0015043400763378179
2.37709505,2.8852210619561927,0.4588743651882934,0.5296039710852055,3.7541114474301905e-14,87.1976518891084,24.566492317481476,4.661172860160956,3.0371610168146685,0.21585267915537043
1.6778755730000001,1.8657514872687213,0.1997231451911938,0.978180785496759,2.8470642699769713e-13,166.20267944140446,39.11486074909004,2.7569695402966485,1.9688447321668183,0.004357802146188611
1.8301993950000002,1.8028882513817825,0.293192170600914,0.7120016213097135,7.40644151451441e-12,302.2614641483235,82.3881632886984,2.3610921397039286,1.925453486493499,0.08443886977774914
1.716645239,1.7805862332633384,0.23694388426076463,0.5286617563703059,5.758268121003223e-11,2337.7032369954586,363.56546525470077,2.4546121188649184,1.889815012678319,0.11168071424626633
2.6105402890000002,2.433076013611539,0.29012429350012364,0.9275725798665977,0.6096006075733094,8282.829557173356,868.1526551249794,2.8771512538358586,2.5928767718117873,0.02101295409623999
4.004815519,4.818942666430681,0.31904708450374153,0.8539511479816841,0.6554227033237854,129531.33451975568,5172.828543586561,7.466513587189839,5.02280599161024,0.04659646043156207
1.68873445,1.9581515817624349,0.22565379181220513,1.3729872649888606,3.241063379292197e-13,178.78484768325293,41.02361746201378,3.0173633147469268,2.0622270756543593,0.08416599064240016
2.395084002,3.406830829729839,0.34276388850179534,0.9120450647978137,1.6833753820913257e-13,113.10132012522942,24.89430958028385,6.450070072366042,3.610779947165144,0.030147775602824833
2.387896636,3.0458364009305052,0.3580008557416966,0.39269931671799113,4.699264627503065e-14,92.43768085795584,23.79586972948275,5.171084513862663,3.2077101175447353,0.21741416430747623
1.72120392,2.1412339166125824,0.4121435058860569,0.6606716394482195,1.1403909008598074e-10,1556.6360836786382,253.3390375843768,3.540315016046886,2.2530381378544106,0.13985198016437878
1.6112223870000002,1.8820672695348835,0.32025794612349245,0.8393115901080462,1.1286896516095699e-09,11893.18197024333,1022.0860359254302,2.920064103684155,1.9813286833507844,0.05146174011784699
3.621353908,3.772419734386551,0.4747786754034909,0.2521847812358698,0.48714156387906116,1714.3418080006647,231.48480499126057,4.91341809122006,3.940193075198633,0.3550467190114055
1.58724171,2.0768808700804273,0.23618886002804604,1.3275377685697938,1.836166862862427e-13,220.46319999858795,36.91325782042892,3.609265924201868,2.1875022168725446,0.07736077217462958
1.5237952570000002,1.932675303906346,0.1483454206382107,1.1768332359285592,1.7332740095271815e-11,1453.1339164903256,224.0461278384239,3.2551075557671982,2.033609735515978,0.026232400766638075
2.45092089,3.252118472306938,0.3866824757742853,0.640141135873076,2.2722243681004783e-12,125.3150826558726,29.87523728494983,5.744370550654736,3.4300898550537227,0.1391511165099211
2.22665568,2.3287521313690416,0.21695286934499633,0.9561254550588673,0.3909987455525874,683.2503404333172,121.86159157393486,3.357257910600172,2.4936147066676515,0.00951870841618474
1.586196366,1.668286741369645,0.101907616196688,1.4482797479558454,4.6094059187589404e-14,142.9554471237806,29.9306773866977,2.3303608118022643,1.767865405308311,0.04568312050343232
2.0240113,2.403570529570656,0.29814035348795287,0.33088371345623135,3.1303049750950976e-11,688.1914863833734,154.66033780831975,3.7966186504076704,2.530356461909797,0.19949056619470557
1.677480126,2.017703819596579,0.4141286562172425,0.6958723923540389,4.041262262887583e-14,194.56775422627845,42.295109896870756,3.2250835689634076,2.1230902920313133,0.12594795747298665
1.601304901,1.642015225616036,0.09617114847384961,1.9542404668037583,2.0057127913516352e-05,7190935.8084301045,74233.50401857485,2.2362656511599344,1.7445811808784013,0.0917704016127398
2.132244542,3.021112481909445,0.32566819926390006,0.9650503200706687,3.022102554318981e-11,404.4288838579672,86.60741622971621,5.695333494289928,3.200409508421764,0.011381999327435
2.687719411,3.169613218309618,0.3574427682344295,0.8522943207952546,0.37157727267094953,364.023748983369,33.7340638791018,5.001838807511292,3.3433008132261053,0.052796326858890796
3.256126669,2.9938198274213423,0.48953015173868075,0.45212314631418693,1.3235992820858682,638.7915754561428,38.92936312287049,3.3255501643579715,3.165088631440131,0.26820223931892706
1.802815336,1.8450442510111518,0.2757720198167244,0.5879566123357205,1.2548536324990909e-06,545702.3767589116,13921.041974060501,2.509949456357887,1.9611337260760382,0.11363003726830395
1.811213907,2.1983773852584827,0.18648858297217552,1.6865592542487688,4.65673576167035e-11,10186.565499045391,946.2896601299584,3.546975072154891,2.3132315313343716,0.1280354624512865
1.6412626750000001,2.1808089134318416,0.1675605547451207,1.0889740797119156,2.410319376512679e-12,355.35614794105834,55.85876625443111,3.849869674480723,2.2988025702688817,0.014908546154465158
1.411258755,1.6092859483729793,0.165029080882863,1.6709419679254571,6.687611944455514e-10,14621.244680345773,1131.3451184678242,2.4346406542428083,1.6951460121977533,0.11072493629247754
2.425220842,3.359103177499766,0.5468414006182036,0.5203751658089546,8.137041235414207e-11,562.9392910196184,134.280344865881,6.193080103082825,3.5523456284164716,0.26227871610030495
1.486605368,1.2973857176198405,0.19600917676718208,1.2124408892884277,3.724526743275198e-13,130.6055768298495,35.012588996938696,1.5032678543332667,1.4142500051145894,0.041640363821112775
1.134040796,0.9790149541999684,0.10408107399158367,2.3463351335141076,3.460617478746205e-12,468.2912469264386,86.66392214068492,1.1188313487781507,1.0689885698356176,0.14012800664875052
1.5939608170000001,2.0830897793715417,0.4354815379960095,0.6598285668914808,2.908299236917443e-13,215.77830772234248,34.715335704081056,3.6155736089407364,2.1939349603367644,0.1481383788724046
1.570877171,1.6731617447192333,0.14972705350447096,0.8392140669127841,6.658380245278709e-13,158.32578659078965,33.86958227704907,2.3668423204328635,1.7709840303742663,0.024074004006115868
1.577140597,1.753539143559778,0.1985612894799407,1.4681354369960922,3.4942191838953407e-13,166.1889426040152,33.90795634070108,2.589393381551638,1.8501505725342389,0.09295357602119961
1.910637694,2.0568006505493406,0.2334535215284313,1.1766756897081472,6.980226239608084e-10,8543.800613026417,889.8670267931768,2.9444606637775115,2.1758674705752385,0.0412455619308314
3.097114693,3.2666953694897716,0.4855695723798434,0.5357231360215453,0.4695869990156721,304.0495954391938,29.043913186317564,4.262555104269345,3.398035045849778,0.22543871830787293
1.539632367,1.5315675972976117,0.2380418559464558,1.0569752799313468,5.356174554455749e-12,249.13118196708308,49.6633995056681,2.0233060206840454,1.6331411898558539,0.013562501377926667
1.781098909,1.7488495078079722,0.25213838273730144,1.0786814070136956,3.6092676601344683e-13,100.20331809445082,25.825243598755044,2.282509109872278,1.8684811886976447,0.019838602715928577
1.947296002,2.1588677703735333,0.21644091668428017,1.053819858787505,2.3272934223053653e-12,149.4833124823366,31.612389401281554,3.1831732318591395,2.2791001553212413,0.011648819571786068
2.541415524,2.449786961275005,0.243730064936136,1.2441471883621913,0.33610052678193897,435.21238330265504,47.20033300611661,3.0605311135150144,2.608587216813005,0.059506010073491905
2.371745032,3.0367726036290863,0.3848589418817959,0.7946480039936864,6.631008794660733e-14,99.89897789388351,26.833351522572602,5.1753484855507335,3.198476751361781,0.07903155189630462
1.828281059,2.2455265272394858,0.2558544071843327,0.9056949433222817,4.860524869024917e-12,561.2955487578158,120.47726478953051,3.6665871842807296,2.3628404713519404,0.024128364370762517
2.454002614,3.223411538403557,0.4137377865447753,0.5604277684527661,6.55914754312318e-13,117.76354223401908,29.850818007393343,5.636355828315097,3.3982368266244425,0.1818676421069
1.752043026,2.100811173527253,0.1963007458819531,1.5977023839540232,4.249291695244636e-13,195.38911643401912,37.3553520880457,3.3482192918015596,2.2107855381712134,0.11732942378559627
1.477692145,1.5348184506099223,0.1383942045597297,1.2479749765442845,4.1959196738198636e-13,186.96245155573257,41.474047472910826,2.1164520739158283,1.6282946530271347,0.03431829962956387
1.481641021,1.288897812054039,0.06469696996967059,4.603489844805436,3.771292649766738e-13,130.47662744830492,34.831923984499326,1.4886075597969197,1.4059370451809996,0.23313487427539023
1.313438493,1.0394630084546512,0.08990183992908812,3.3194266565825923,5.605043629901652e-10,4620.890868887594,577.621527907985,1.090905287470702,1.159341658076001,0.20852072400734828
1.5758634260000002,1.6126349324297622,0.15355570074028188,1.5932622316737048,1.4340442389506242e-14,141.75109434266474,31.487834164546843,2.1917489019324092,1.713749123758387,0.0910987977073992
1.701547178,1.657213934616753,0.2474322931416071,0.8963513103888123,2.239226586063603e-05,3429990.4719994185,47083.46700776613,2.144948620874446,1.7724941692215905,0.025646032951618825
1.753356026,2.569250131132194,0.3723820228809775,0.8198361756810769,1.0559549576420977e-12,284.95949467904666,45.384979621549974,5.004125493727173,2.7298675615983123,0.06708976934985361
1.678158979,1.5445626619846997,0.2768205115715537,0.8771876557917767,3.3206960348192353e-13,113.82558754631914,32.383959310039764,1.8891330284891166,1.6669152620917034,0.03399697595102211
2.340930156,3.1740203981998363,0.26050134601907854,0.7608800400187307,6.399295090655454e-12,189.5875041562656,40.845294749362026,5.728034369058941,3.351587095491723,0.062291071435148865
2.05159175,3.0229672813473,0.22421282347895918,0.9144896556664358,5.426321920304462e-13,218.41870167859378,39.726860505116555,5.925470363755611,3.2149176852900427,0.019172515739686452
2.631876015,2.553124454067104,0.18536668899004718,0.9390655535678049,0.6192456755015919,531.2443493742935,68.04989586480765,3.1922865346766325,2.7124574945621687,0.011295216580577416
2.208623633,2.527896152743364,0.33108138668027765,0.8766168051200737,3.7001655761539483e-09,14072.22928802507,1273.5011692392743,3.8498914806923286,2.664586210435812,0.04084987925388894
1.9668646500000002,2.6020076870882547,0.3564744488289498,0.8702163772331671,1.0706153427657376e-13,159.71028759697296,34.341594463624354,4.5781660694826805,2.7431821487318384,0.04626454539283109
1.275411884,1.264697154319647,0.11922430859310791,1.5750031942020204,4.08313351184472e-13,228.8529692539838,45.708467640385685,1.662612595322262,1.348566134392311,0.06855435826756444
1.43929018,1.5718565037046,0.25607811682273546,1.1405802848880873,1.3665818987547964e-12,337.9589852272827,59.68120415027616,2.2782790381099494,1.6601144811038298,0.03599953461654504
1.7000425250000002,1.894189244217892,0.20977469324491185,1.2522428163968757,0.02780527896821375,223236762002.58142,72453721.26133682,2.8047031356067316,1.9986333348085035,0.052914159432887214
3.697783686,3.3338277839587445,0.3768318628389753,0.4161650336862609,1.0629524591762216,561.0792673819448,40.69400536537924,3.71055282988276,3.55475515396005,0.2200076179465367
3.351218614,3.5636903111309057,0.3074856043931973,0.8481744060055642,0.3569839387196079,631.0640931986171,35.217017662037996,4.621338542007137,3.6902312784537896,0.046684184531735284
3.987087036,4.328215387546498,0.2431777568800626,0.5337580773811674,0.2571014021287723,618.7005294621466,42.57309742171481,5.67234522584714,4.4605900145880275,0.11337966490589543
2.327949948,2.8484806602235686,0.419681447706873,0.34132646685434487,3.37071931674275e-11,365.2282177117206,96.95462254670649,4.638957021110883,2.9983636475116042,0.27643306195676953
1.707794853,2.05705421726856,0.18473408103809805,0.6909134968427223,1.5190221911962705e-08,35907.39721531641,2140.641933560982,3.292868779082398,2.1645133839239037,0.05709881112203888
1.658480592,1.6581944887750948,0.19407170162312995,0.9940294370263641,8.030784623637015e-13,143.76642592432276,34.09309439968661,2.202942839140615,1.767258600138161,0.0011587173159415542
2.362095289,3.173517354402274,0.42754159087595894,0.7075132756655899,2.597267955457473e-12,118.61678233082505,29.740432619231328,5.675000539557265,3.3492451652723627,0.12505023943203175
1.217642626,0.7876852073134235,0.15161833943050865,1.3519014277044352,1.9855561935952972e-11,1486.517127888067,281.1377808977043,0.6749091505932977,0.937112963444029,0.053354710111771675
1.756506285,1.9977741486045186,0.27149286377332643,1.0922272181168582,6.083870586040027e-13,163.40596516065781,34.715433806070926,3.0201651512600622,2.10574520369382,0.02503903156439302
2.004585527,2.388173359388902,0.2723164116246843,0.8875012184050353,1.651377711357749e-07,133512.82487088616,5393.649000449827,3.7841338317242497,2.513930320900411,0.03063526451608986
2.702673131,2.5291868116317144,0.16826418344857222,1.2743082133943133,0.3097325787817817,865739.5854822855,17988.77309850702,2.7857460265366516,2.6498931823600165,0.04615624754003084
1.410805578,1.4855665849747577,0.16053606017479713,1.164249449556425,2.398156654158904e-10,14230.677983802314,1140.3281925614929,2.0753422421359446,1.573617313617092,0.026367959517667544
1.67501246,1.546156788257049,0.23055875049002544,1.0800985729707824,1.8514895471897548e-13,114.99607813831412,32.37689370736643,1.8965686759731681,1.6677814344974535,0.01846742690017769
1.290498796,1.0761119343348855,0.24163287474035808,1.1981394324608927,5.2397076780202525e-14,158.41331199512175,38.6531422881122,1.189770811932361,1.1845984545204264,0.047877000664948516
1.458324906,1.868342407401262,0.3439455440205479,0.8592027921206316,1.1205871704546657e-12,305.61444619599723,49.659429812317256,3.1774340649606376,1.9661537383526326,0.04842657226064356
2.77553204,2.6214560028348624,0.38622867298942565,0.6451535065860439,0.3342135488668653,547.7154251770346,37.61846144489747,2.951643215992354,2.749123860332416,0.13705189026622325
3.253646832,3.4571246750988345,0.47280054166018753,0.5012385218285618,0.5382987650435686,320.71243794605147,33.69374429690573,4.596067848355083,3.6035221725105506,0.23581469703869182
2.413103423,3.228896606721159,0.4298807784817866,0.6980437685579718,2.7025663946801994e-09,4227.273532879469,561.2620584733819,5.750822365588732,3.40696448500621,0.12980517983972562
1.145931136,0.9413451502919395,0.08255506576731673,3.2354121933713436,9.210155963493334e-13,245.65226789805763,39.986509839090694,1.02376226075252,1.0396629666672799,0.184544600640833
1.944773152,2.042448933815536,0.10211375917147522,2.079985622158125,6.541876860751461e-13,144.14551780977342,30.236192146585587,2.852803837224936,2.1654496017712015,0.11028139172971063
1.384062841,1.486484063270126,0.06531684009723793,4.486002598433281,3.0119602186885274e-14,196.8224603859541,35.59109722210891,2.117783245168738,1.571775410741798,0.2276946743004225
1.50779376,1.2848932918588531,0.20703628735119242,1.5077519081617923,8.241184371530394e-09,23067.104840878237,1715.850984169498,1.4538529385932717,1.4078454084621956,0.10512306996130108
2.421872668,2.2432814931593743,0.285396325382115,0.9629977169112843,0.468401526224649,1189.9512293885723,174.62300574568673,2.5457873296475113,2.375219130393252,0.010560315624268235
1.485329601,1.6058792773046238,0.35173277940957953,0.8218877231092337,1.3011455886269015e-13,200.71509994497822,43.360296611164095,2.305128061275171,1.697509163576884,0.06264792619775783
2.03405632,2.5902585930630564,0.24352553079050904,0.8125570632970491,4.8611611654448667e-11,305.5397267790125,71.1910250984082,4.387720558608909,2.7272700769470046,0.04564714065351791
2.092218836,2.3125497013044805,0.3158770094476828,0.8817934906513494,1.9355005803226168e-13,105.94051192585671,31.633759890817487,3.400652274282707,2.442037869778334,0.03733871867030131
2.654602396,2.822448721873844,0.22478505995287262,0.7557668677644802,0.39678390813000386,443.93447383515263,45.26388572517575,3.968169228040507,2.9844542927576394,0.054899959272039195
1.756063294,1.9144263418228242,0.15739173096967263,1.8109149214183866,1.8203441380998035e-13,151.08970520910145,33.345789539318865,2.7741152518672227,2.0230189047025746,0.12763130315117593
2.5179820250000002,2.422083209044449,0.23134568349107687,1.157443152254638,0.5368949971793865,2354.6744904872894,325.7506525273939,2.9272305497003708,2.561472203557854,0.0364237936693389
2.49052687,2.3781178604949287,0.31279010725225403,0.6329582739159351,0.89049992520803,429.6002517845579,45.75861096495945,3.0129104092609302,2.550039974050158,0.1148070208678871
2.318788471,3.4968872575612533,0.2747817969131756,0.8733644955638942,2.0656438463967294e-10,1841.4143605177971,299.24332127859026,7.018802076365892,3.73003070669768,0.03479713146195959
2.890488418,2.7543428072545573,0.358499930476505,0.7135542738252304,0.7935603441493537,600.6801311403859,44.00763767435919,3.263621595857983,2.9106568092734197,0.1026907729189469
3.590576656,3.439035616101187,0.5155348742537635,0.4047574105083005,1.2734871342346012,604.9509161500026,39.09319582784723,4.120154294310294,3.6358757677025335,0.3068683135240879
1.63071933,1.8985167915230745,0.2159246430375028,0.4519181463808969,6.039853101992822e-12,508.9425323807619,104.82747397510174,2.9363000663642542,1.998954461882081,0.1183443785980377
1.705514382,1.8667870391760457,0.28116391198104407,0.8539461335278309,4.007290589438308e-08,87870.50370202257,3988.2868102318666,2.715485636289864,1.9720176957283915,0.041065076457272115
1.018040973,0.6470999075760899,0.05299750416825308,4.874459484254988,5.738351058837009e-11,1911.1084261479473,314.447398710886,0.5432646445108286,0.7747092811326017,0.2053366826665314
3.617364529,3.849284428502806,0.4155706815867069,0.444850194405698,0.8860103056979598,3519.37714652041,406.9738359146011,5.132986153345177,4.013256813670158,0.23070398309355192
2.161879224,2.9157790139927444,0.48648539196113094,0.6065554577263573,5.477241326614674e-13,142.9875047201053,32.65404129829022,5.232569099311071,3.077577115059312,0.1914050223629608
2.1373569,2.6598509716432384,0.3674146548154712,0.7736852455263896,2.441809268827155e-11,225.61120892269594,52.27151860562365,4.404165365048931,2.7997162216670817,0.08315135739456969
1.2717361980000002,1.193500646692666,0.1647184612027983,1.5656183395984042,5.942350263452586e-13,206.6404798120642,43.09825660734685,1.484916876560569,1.2830781131891804,0.09316778252673094
1.595857582,1.661346737552838,0.3832004430884043,0.7383614120924332,1.9310453589572935e-13,136.37485144987892,27.151652081206397,2.2970228905763403,1.7622863059364031,0.10026002281520402
3.958047284,4.158924656111894,0.6735975659358624,0.3725304926255764,0.7123304592632858,528.1637300898293,34.53765576903683,5.590345799001201,4.364857935844999,0.42266193286638637
1.926308475,2.5630082390117126,0.24345741676034435,0.5202846113021021,2.8563485963100393e-11,746.5885338524222,147.08042047889896,4.535188658739049,2.702764417352495,0.11679026931257472
1.315723394,1.4513471439464667,0.10811295960096028,1.536858563297101,3.3692956824106566e-10,5402.163637060698,571.5931414651545,2.1230822473776487,1.5314446646541164,0.05804136816516907
1.698253786,2.621022380645273,0.4344754903184593,0.6766572486354006,2.90773085748194e-14,313.824199407424,54.52203591119388,5.375746148620327,2.802859696382175,0.140484500440054
1.903396152,2.342309791116518,0.33610444689678215,0.8300912031658146,4.775604857051703e-07,398504.540070479,10830.201564570722,3.833073522055903,2.4648970816577878,0.05710710218285159
1.7122671120000001,1.678860049927473,0.1270183407071377,2.331978946171491,6.055041173713939e-10,5592.932504657011,667.697165856054,2.187690895998102,1.7939890439706097,0.16918575559954463
1.66629504,1.9847807399192081,0.25164374060684963,1.2457607239430433,9.663964705521389e-14,195.57797408703343,41.26638743386525,3.141487846624343,2.0887278812925523,0.06184414786727477
1.39195659,1.6208273152427923,0.14422217785528338,1.0792988722794932,1.1250791748915604e-13,225.16754416586278,36.04436486610484,2.5036008561146454,1.7058337333200462,0.011436656061616451
2.231736755,2.70816986871586,0.38286964378478033,0.40443852935672325,6.4513051890382154e-12,272.06343622303393,73.70249024226402,4.373148451728901,2.850592339832124,0.2280224081171313
2.182419267,3.167300841639559,0.4003317738709443,0.7578112477682969,9.425985433015776e-13,145.21108465542082,30.86424569860332,6.116185468552365,3.363125137166297,0.09695585279250835
2.835056903,3.2630238743164868,0.30083755762589265,0.7798928490055232,0.3220666025466806,715.2498170212409,79.44452701656392,5.075882946185945,3.4544089001637834,0.06621649772117197
1.469448982,1.6958839637226668,0.2992910853057976,0.9465620116490236,1.7618671996308887e-13,234.6893001730424,45.65762777958457,2.598331900660147,1.7857995584210962,0.015993513530122294
1.8307352460000001,1.696338840126182,0.27072507074277535,0.8825389486427843,3.095457531781327e-12,255.44926605288725,74.22163525771464,2.0896560643104736,1.8287608473125678,0.031799651438202986
1.717714779,2.028602285488413,0.20409041036004016,0.5932487274763293,3.474822342351021e-10,2480.8367071071652,360.5583056102594,3.184067309775404,2.1353402877504464,0.08301403412382449
3.224084076,3.4108695210319158,0.42684897889825046,0.5341499756911262,0.22813853889529817,948.1998985749445,136.7827592509884,4.373170394207985,3.5286155176543637,0.19884760719596795
2.482141748,3.160670084360846,0.44936483663737503,0.5967481897946377,2.6784739359386913e-13,99.62298116283148,30.45344903955563,5.357874776369902,3.328699688218319,0.1812071838166584
3.193405338,3.9669761268728236,0.501080660894271,0.5715589060952365,0.16948931108978119,363.97426374301506,32.89526247855347,6.436970983125384,4.151546782574206,0.21468354648806326
2.209158414,2.8681965417765785,0.25672583699643237,0.9229306668030324,2.298355664009367e-09,14952.71710612977,1273.0035770362526,4.95499757919336,3.021941498149303,0.019785689071748436
2.1175618800000002,2.4918659686343205,0.3221319092349051,0.648609413525699,2.026293536277975e-10,1666.1432992404193,297.0768324660385,3.9014173092861975,2.624054601310968,0.1131941205081396
1.578747516,1.7033361206758193,0.1156090667365897,2.440416785788861,1.0250677860157411e-13,155.22233325284114,32.52780544605429,2.4407644732513294,1.8009863493205938,0.16652524031676846
1.155999669,0.8502055885247318,0.0791177591518592,2.3229199472213473,6.545777987772745e-13,158.82099239638262,34.18282014954987,0.8278957607158987,0.9680612551530725,0.10466646176144884
2.03585475,2.6003944767217844,0.35088262301226575,0.87823132287455,8.635051703338067e-12,274.69712461865254,62.61049100287298,4.418255170710125,2.738150724830739,0.0427265128305116
1.91847784,2.440376959647106,0.29337487466363454,0.8804426650964173,9.159661491067928e-11,2017.7325551887775,316.6262835294531,4.1282719599281545,2.5691963118444736,0.03507511814245673
1.679543275,1.5590838800888125,0.26733850352964594,0.8628625706531112,2.43597078555265e-13,115.59418331573995,32.69925659479442,1.9232437846275867,1.6800996189610422,0.036662115139499796
1.435898505,1.275298992235925,0.06437351202117575,4.412227939706131,4.784377314236159e-12,266.3184285036342,61.53330598790788,1.5031831446390307,1.3851156278221763,0.21965709629566438
2.115229519,2.6423535670341693,0.3041900110170348,1.0278014001464706,1.9316916590923891e-10,2969.7765771388113,431.696369137113,4.391683582946813,2.7813699510030307,0.008456908216843861
3.161284949,3.7130364330232637,0.32005497553153306,0.6296223894122934,0.5252558287943642,417.31972558968886,39.282003701605156,5.552875782608911,3.860303709331088,0.1185411970940761
1.687205595,1.5388422062753844,0.2394241954058536,1.3057410726004532,7.995472569223373e-14,110.76434740056341,32.25769181028943,1.865156681988815,1.663450456907917,0.07320181030988618
3.301255523,3.708842041645215,0.4944663929942888,0.393105937102094,0.48134945213787594,6631061.775100414,72672.15751115099,5.2807362109863965,3.860186268055365,0.3000887182107766
1.592035655,1.836603389321755,0.1788767721867025,1.6255131219377625,1.1194194395837652e-13,168.9308036079878,31.200864888345524,2.8139532979352477,1.9342462773157516,0.11188976821265423
2.135277708,2.5099700731103596,0.2840933018949308,0.5269412867697458,1.0921272844980863e-11,226.57671500667857,57.25892524666818,3.9256118017995534,2.6432214728040546,0.1343928118317501
2.346271401,3.4250309713338094,0.43960227134202023,0.704462958896432,3.129689890623494e-12,183.33178885467868,34.66560648738588,6.654687519157674,3.6394584527650586,0.12991875453482848
2.111735964,2.7668371902439364,0.3099819409232033,0.8827067101143068,4.0946031494260396e-10,7566.961164610902,795.2083429791473,4.823145276939388,2.9160583170854526,0.03635880165603511
1.63833198,2.24763321243639,0.45158588845539765,0.639254780402755,9.804880108782415e-12,429.92570137496904,70.28935825703752,4.096637472132271,2.3737135714010105,0.16290745049785943
2.395098981,3.450673955812674,0.460059940504456,0.6697219873087688,3.034120683747592e-13,116.02665824400131,25.210993609417333,6.617111235795532,3.661731421884176,0.15194768286865779
1.555125169,1.7652211115143492,0.24596794624842022,1.2712736638954383,4.3779784505066117e-13,211.59317387807394,39.35822411770561,2.661084527191517,1.860355417644043,0.06672462597964518
2.288937765,2.9177569447704648,0.3287527105578602,0.8055243375226625,3.4977373262445754e-13,117.61759715076182,33.278025651007205,4.950014883986311,3.0726808607054483,0.06393440117696025
1.549541449,1.8192131479695683,0.14882531584810754,1.2486584505024747,9.035110943791264e-13,251.38969972621933,41.7405762781608,2.836507936860758,1.9148034261599791,0.03700667243433181
2.819150251,3.1499220091505515,0.32620261492499697,0.6691583494388282,0.5235095013287849,2630.6559776372665,340.1558848412591,4.563966111074289,3.3004221262750786,0.10792141153915633
2.188950471,3.0011785166362626,0.4531714471990038,0.49291615467508076,1.8597635320661244e-13,126.84007468607406,27.669093679435495,5.475050553336062,3.1710617057217174,0.22979592003712945
2.253847999,2.7068210798002372,0.4937995531078267,0.5005574514311862,9.474656173135105e-13,116.90515257266546,29.701556104896493,4.326229658535098,2.8495135632271147,0.24662450728631427
1.870682956,2.3870077433955648,0.3064156190195808,0.8601662865589386,1.716337170610159e-13,176.7409210393164,39.754134401528624,4.050126092698717,2.51310149829797,0.04284723386384953
1.539840607,1.5536432582357056,0.14965541022668918,1.981305263132629,3.4765835576934475e-12,253.9045405982809,49.668578423896946,2.0817732597133976,1.6537481980369617,0.14685764171172275
2.295629121,2.9022774288095814,0.28509600444825145,0.539525297682433,1.0316679894365072e-13,115.21061165607739,33.02251389790122,4.883371259372744,3.0558368717983813,0.13127949778023634
1.8500099410000002,2.105175681524658,0.22602403237970198,1.204633661639102,7.697031019490477e-13,164.0781224667696,33.8314756580542,3.1851165619606268,2.2190975614019885,0.04625212536429335
0.8264480860000001,0.43593426158334037,0.050631747342360756,5.431932550477218,1.102470466821193e-11,611.9858216819605,134.2225606350967,0.30232560083024296,0.5654180591993847,0.224396489134147
2.300911186,3.091372251824842,0.326838327586243,0.7149456700937062,6.716604044794797e-05,17700881.618443232,139377.39404121245,5.527737894514458,3.2624609540328287,0.09316668045779022
1.631762373,1.4015494505044825,0.235228082695966,0.9558894920199095,2.4842902870602124e-11,254.45849573909754,71.20701151940644,1.599243588695051,1.5331734471408032,0.010376030218901794
1.729921701,1.6753065509440135,0.06857301617670922,4.322799876273587,3.5772541505101316e-12,345.6718765196107,87.63600789588375,2.1563657365825963,1.7933644480941247,0.22785440966767603
2.412574057,2.490906869527817,0.28357569532471216,0.9388104223447514,0.4033419300102015,6395.461410091497,697.5710802423275,3.5166927480130448,2.664730920213736,0.01735187703021257
1.709235953,2.5240188246011934,0.47569134210160474,0.6027262333069691,6.30477926195993e-09,31502.008938485942,1838.525140983015,4.953418637135587,2.683985638467595,0.18897969125996766
1.591534097,2.0516838766512153,0.20704660682042386,1.3281560322836967,1.341426374039113e-13,211.22507221368465,35.0257046431124,3.5127222657784474,2.159831642616176,0.06794359299199287
2.91023969,2.9538656479258045,0.4166291643306291,0.35980328820180785,0.48870091404229776,18896.335052565082,1332.8378568875098,3.5705742227648436,3.0597569797232906,0.2667246210436974
2.241568446,3.102731459705594,0.31827529764808027,0.9549955621457503,1.585210607961361e-12,204.44434783818338,41.76286336825935,5.7152562259734285,3.2807712074769233,0.014323800853545843
2.434303151,3.160628903924148,0.38702515439356727,0.36207286926518656,9.342631913831163e-12,218.2210272574897,59.55673998685763,5.462531863696499,3.3304791947089596,0.24689384626448654
1.707475158,2.0563951272885546,0.27238130982766784,1.069772637994486,1.684443630198869e-08,40974.79245166866,2335.854385685265,3.29136954107653,2.163822022330728,0.01900476252706984
3.481618662,3.9068446430157766,0.5364837134231835,0.14557582185635043,0.6962391801762938,542.5041464036976,34.42683077959742,5.688495514942777,4.093084424994866,0.45838465592905675
1.900177244,2.5387805250623523,0.1893768363975326,1.6405553119298628,0.034665377583998534,3538989441.622105,4468418.59761948,4.5106394479202985,2.677710997209001,0.1213063385109121
0.944870678,0.642967969117159,0.10984185549438469,1.7707795695420876,8.315688036033247e-13,255.61853723968892,40.31096009657059,0.5774154608266949,0.7506185510122027,0.08466385809566601
1.853594637,2.4068085229898926,0.27029477192775814,1.0958100395816963,1.2621572504672292e-12,202.6122768655241,39.01366039569623,4.1552657917983,2.535214422355617,0.025896952797124062
2.469538459,4.025702362461274,0.5631436054943458,0.530990630559084,2.2494500503279862e-13,165.76185062376405,38.38118614749311,8.736182533828142,4.345332835350138,0.2641196273175871
2.399290612,2.9846420466586316,0.3735308797872432,0.7945798535395988,1.418763481705742e-13,86.0244150606801,20.88525092662153,4.941806261392008,3.1419343157418544,0.07673076803337803
2.264746085,3.1778215565644294,0.5304202840117009,0.5589581996111085,1.2198907438317069e-12,147.53176195452667,35.634331667605274,5.934255543885875,3.363878165402947,0.23393751702330773
1.470540078,1.6185907357826335,0.3351927456315937,0.8628248799233159,2.188381089961438e-13,212.84745975501926,43.61004296866693,2.3651427241614034,1.708680870345334,0.04598010513084727
2.361450833,3.4518876269619083,0.5013891389037252,0.5936226208163349,1.6016721818765962e-12,141.33592766996858,32.46528833426943,6.7160787952621055,3.6685511430371847,0.20375320421885046
1.561380561,1.8416553712331913,0.22664027010835686,0.5185590795544682,5.116787556485603e-13,210.63356745834366,39.632841912553594,2.8849528500539474,1.9382049429040662,0.10911390025099127
1.957802948,2.3223145630582374,0.23265337090535998,0.6020948580505966,3.541858446176561e-13,140.7699949765662,32.303577452834446,3.663691485151239,2.444785301453543,0.09257397257510447
1.960860898,2.3892811581161886,0.28277648837244607,0.8633911916931007,3.831584149036955e-14,143.2446492523706,32.68060299646143,3.871994612795334,2.5144557450055425,0.03862975909376962
2.357956314,3.3764502137385466,0.4455728309121571,0.6706866378900294,7.956977780192456e-13,141.16545455599817,32.35685452618909,6.435251908020287,3.5808129926994763,0.1467330870125399
1.493660782,1.2983653731652474,0.16231985944551172,1.0970314625630848,2.903566292160737e-13,128.60044972514524,34.87080155209981,1.4984490715110943,1.4165002763683179,0.015750133365032365
3.328515385,4.1848958255657935,0.5203665879076175,0.4369027231544696,0.7842179824657584,769.0130193223639,107.818773990561,6.765239343309065,4.358412352888131,0.2930170086121797
2.279275322,2.6559220287690195,0.3898433514371874,0.5642399007466644,2.207414097296884e-14,98.90101624464289,30.23505929931478,4.118810877774267,2.7978411158624614,0.16987817751552176
2.107730325,2.6065918982010627,0.30338533788624683,0.7234743762456156,4.564152295983154e-09,25509.374592513617,1811.9102590998139,4.288733281620775,2.7434755456045803,0.08389381979692906
1.583993768,2.1448368462826184,0.24162535668055213,0.3227149939183937,2.0158879684237563e-13,238.90850612351682,39.228338416019106,3.857212962557477,2.262974838224543,0.16364923116885804
2.296761875,3.322133329984221,0.40833717920408363,0.6963614210102022,1.3940259107171368e-13,150.68243424848103,37.773259062053505,6.3953135608237,3.5266207941584287,0.1239869208422304
1.915993765,2.5055911712035055,0.34191774734370217,0.8365534608894267,4.5515366363007756e-10,3389.832895649568,448.2937006674266,4.357466616278366,2.6401272977370756,0.05588527246381153
3.190585183,3.667420872847415,0.5405847404447505,0.5069964584485406,0.30470206294833574,682.7771970447768,37.592169310453954,5.005138732569941,3.7442301688529547,0.2665101915479384
2.256664018,3.1893860154336657,0.2858759843353122,0.8636045572228254,1.2221751376125814e-13,157.23566822512956,35.225100170762126,5.998816866502315,3.3781833866739293,0.038992181462775555
2.948306251,2.5519509755623266,0.32447066447919126,0.6410307244083718,0.701149846475986,565.0778835360882,28.730644670781036,2.673528062966002,2.734808503218131,0.11647499937882952
3.6270359389999998,3.51075667256862,0.42331811031984845,0.6471209934184171,0.6916258791708731,1421.4129530015484,168.44473086729292,4.12709713611939,3.6805364718513265,0.14938007423766103
1.590528492,1.8422157118592977,0.20700371050427352,1.4928685699444546,6.860142796384201e-14,170.98570496195197,31.75627614640712,2.8338600743840896,1.939869696420537,0.10202562276943716
2.177124054,3.0045068199302243,0.39053242259509074,0.7872921940506826,5.311426766206412e-13,134.3677778740488,30.49151385705315,5.517000412468867,3.1760524320658634,0.08306929476227337
1.942669279,2.5405775537339044,0.21264401306043187,0.7307741779359324,5.492675099191809e-12,239.90077348976848,42.39571143743018,4.418785713030068,2.6770558756995753,0.057249259223197096
2.156453536,2.664305935926389,0.41319432002512757,0.7007664264231975,2.3372165167030412e-12,128.02097800708916,30.723924001332936,4.379894451629183,2.804282679096392,0.12364161296275589
3.268707277,3.8199423722994696,0.47498737302084565,0.510808766145451,0.5207812253935653,409.3000546392218,41.32210133369541,5.685681652817868,3.9725961902833618,0.23235965907339842
2.492572696,3.7322362649064034,0.5507046819300833,0.5425942867580774,2.5373707200524915e-13,136.99158485729265,35.97706314068482,7.439676903363039,3.977858965035169,0.2518954678238959
1.775951985,1.8794309665051339,0.15076396471793987,1.6553559963549276,1.383722272607303e-13,119.31476670069873,28.877994422020766,2.6437262668480863,1.9908984339716709,0.09880406831214464
1.832204941,2.300848149575897,0.25934190505590726,1.2003929726501343,4.943590786822397e-12,417.1204193582437,89.60315512318843,3.8413231316166443,2.4214858625536877,0.05197029528690217
1.298101296,0.9743150594726957,0.05065343718652737,5.249936111932159,3.572517302145538e-14,127.03276416897681,34.68814528011325,0.9696186409300261,1.1028902703750836,0.21527387189250996
1.788871859,2.0358406361704784,0.11465033806344088,1.4167782361656565,8.940175512460576e-14,130.87316553643115,28.12147788207267,3.079672126864271,2.1458194234410453,0.04778376567387713
2.017949838,3.2911412361937398,0.4452733147394829,0.6044298817394993,2.1093436379743818e-10,3254.727802186456,411.63729856088014,7.1394857261162885,3.5515335749007537,0.17613681776974238
2.083706565,3.0281464275076515,0.4406534912918919,0.41719963740010174,9.399071366154985e-14,184.1898825184327,41.475890055358185,5.8546466117288425,3.215670519348829,0.2568130145058257
1.700500329,2.4249980175195613,0.1846697167576298,1.5109121929461988,0.0018008413690411432,222358444.48097122,666651.275816173,4.595652247990669,2.5693297882059585,0.09435000995939405
1.5003077230000001,1.5302430742306303,0.3284699529648777,0.9158833288385552,0.009921263344198473,630526332.8649926,1431434.8126005866,2.072252758899389,1.6266708706721302,0.027629799019961876
3.432366138,3.0673861512193517,0.4306943983602945,0.6183019332591645,1.3025328154859936,795.5310092363096,72.62158259492338,3.3675090651235333,3.273402728712447,0.1643952192102317
1.4742280540000001,1.1647859924906783,0.08847916919374792,2.999100623074613,7.614553606661425e-14,108.8009672278335,31.444538369743228,1.2217934349985209,1.2999643055959758,0.17687876226434557
