success,solve_time,solution_count,iterations,residual,diversity
1,0.006494045257568359,1,1,1e-06,0.0
1,0.0018534660339355469,1,1,1e-06,0.0
1,0.0038299560546875,1,1,1e-06,0.0
1,0.01796126365661621,1,1,1e-06,0.0
1,0.013592004776000977,1,1,1e-06,0.0
1,0.006506204605102539,1,1,1e-06,0.0
1,0.002604246139526367,1,1,1e-06,0.0
1,0.0017883777618408203,1,1,1e-06,0.0
1,0.005140542984008789,1,1,1e-06,0.0
1,0.003266572952270508,1,1,1e-06,0.0
1,0.002788066864013672,1,1,1e-06,0.0
1,0.0023648738861083984,1,1,1e-06,0.0
1,0.02811574935913086,1,1,1e-06,0.0
1,0.012809514999389648,1,1,1e-06,0.0
1,0.003055572509765625,1,1,1e-06,0.0
1,0.0027740001678466797,1,1,1e-06,0.0
1,0.0027093887329101562,1,1,1e-06,0.0
1,0.011909723281860352,1,1,1e-06,0.0
1,0.06104564666748047,1,1,1e-06,0.0
1,0.0033457279205322266,1,1,1e-06,0.0
1,0.03058767318725586,1,1,1e-06,0.0
1,0.011866569519042969,1,1,1e-06,0.0
1,0.003869771957397461,1,1,1e-06,0.0
1,0.010934114456176758,1,1,1e-06,0.0
1,0.06598567962646484,1,1,1e-06,0.0
1,0.0019669532775878906,1,1,1e-06,0.0
1,0.0019235610961914062,1,1,1e-06,0.0
1,0.0014972686767578125,1,1,1e-06,0.0
1,0.0016446113586425781,1,1,1e-06,0.0
1,0.002534627914428711,1,1,1e-06,0.0
1,0.0029020309448242188,1,1,1e-06,0.0
1,0.0022058486938476562,1,1,1e-06,0.0
1,0.004656791687011719,1,1,1e-06,0.0
1,0.0017788410186767578,1,1,1e-06,0.0
1,0.0027396678924560547,1,1,1e-06,0.0
1,0.0016908645629882812,1,1,1e-06,0.0
1,0.0022077560424804688,1,1,1e-06,0.0
1,0.0017490386962890625,1,1,1e-06,0.0
1,0.0018613338470458984,1,1,1e-06,0.0
1,0.010165214538574219,1,1,1e-06,0.0
1,0.003317117691040039,1,1,1e-06,0.0
1,0.0035653114318847656,1,1,1e-06,0.0
1,0.009719610214233398,1,1,1e-06,0.0
1,0.012498855590820312,1,1,1e-06,0.0
1,0.04020428657531738,1,1,1e-06,0.0
1,0.002839326858520508,1,1,1e-06,0.0
1,0.0019686222076416016,1,1,1e-06,0.0
1,0.0023152828216552734,1,1,1e-06,0.0
1,0.0038557052612304688,1,1,1e-06,0.0
1,0.002040386199951172,1,1,1e-06,0.0
1,0.0018627643585205078,1,1,1e-06,0.0
1,0.0016987323760986328,1,1,1e-06,0.0
1,0.0063877105712890625,1,1,1e-06,0.0
1,0.015262842178344727,1,1,1e-06,0.0
1,0.00806427001953125,1,1,1e-06,0.0
1,0.0018200874328613281,1,1,1e-06,0.0
1,0.0022125244140625,1,1,1e-06,0.0
1,0.002776622772216797,1,1,1e-06,0.0
1,0.0019996166229248047,1,1,1e-06,0.0
1,0.0019507408142089844,1,1,1e-06,0.0
1,0.0039441585540771484,1,1,1e-06,0.0
1,0.004425048828125,1,1,1e-06,0.0
1,0.0025599002838134766,1,1,1e-06,0.0
1,0.005509853363037109,1,1,1e-06,0.0
1,0.012067556381225586,1,1,1e-06,0.0
1,0.0040283203125,1,1,1e-06,0.0
1,0.01591014862060547,1,1,1e-06,0.0
1,0.002164602279663086,1,1,1e-06,0.0
1,0.0024340152740478516,1,1,1e-06,0.0
1,0.0024666786193847656,1,1,1e-06,0.0
1,0.010865926742553711,1,1,1e-06,0.0
1,0.003421306610107422,1,1,1e-06,0.0
1,0.004189968109130859,1,1,1e-06,0.0
1,0.011018753051757812,1,1,1e-06,0.0
1,0.0028390884399414062,1,1,1e-06,0.0
1,0.0025305747985839844,1,1,1e-06,0.0
1,0.002262592315673828,1,1,1e-06,0.0
1,0.002254962921142578,1,1,1e-06,0.0
1,0.005011558532714844,1,1,1e-06,0.0
1,0.0020198822021484375,1,1,1e-06,0.0
1,0.0022296905517578125,1,1,1e-06,0.0
1,0.003488779067993164,1,1,1e-06,0.0
1,0.002240896224975586,1,1,1e-06,0.0
1,0.0017604827880859375,1,1,1e-06,0.0
1,0.0018095970153808594,1,1,1e-06,0.0
1,0.0016803741455078125,1,1,1e-06,0.0
1,0.0021424293518066406,1,1,1e-06,0.0
1,0.011155366897583008,1,1,1e-06,0.0
1,0.0033998489379882812,1,1,1e-06,0.0
1,0.0020291805267333984,1,1,1e-06,0.0
1,0.014288663864135742,1,1,1e-06,0.0
1,0.0041539669036865234,1,1,1e-06,0.0
1,0.0024514198303222656,1,1,1e-06,0.0
1,0.0024225711822509766,1,1,1e-06,0.0
1,0.0022411346435546875,1,1,1e-06,0.0
1,0.004429817199707031,1,1,1e-06,0.0
1,0.002290487289428711,1,1,1e-06,0.0
1,0.0018131732940673828,1,1,1e-06,0.0
1,0.002774477005004883,1,1,1e-06,0.0
1,0.005373239517211914,1,1,1e-06,0.0
1,0.0054857730865478516,1,1,1e-06,0.0
1,0.0021376609802246094,1,1,1e-06,0.0
1,0.019713163375854492,1,1,1e-06,0.0
1,0.002059459686279297,1,1,1e-06,0.0
1,0.0065004825592041016,1,1,1e-06,0.0
1,0.0050961971282958984,1,1,1e-06,0.0
1,0.004559516906738281,1,1,1e-06,0.0
1,0.02209615707397461,1,1,1e-06,0.0
1,0.00955963134765625,1,1,1e-06,0.0
1,0.005843162536621094,1,1,1e-06,0.0
1,0.0026667118072509766,1,1,1e-06,0.0
1,0.0019240379333496094,1,1,1e-06,0.0
1,0.0016756057739257812,1,1,1e-06,0.0
1,0.0016994476318359375,1,1,1e-06,0.0
1,0.028369903564453125,1,1,1e-06,0.0
1,0.0022220611572265625,1,1,1e-06,0.0
1,0.0024955272674560547,1,1,1e-06,0.0
1,0.011946916580200195,1,1,1e-06,0.0
1,0.0022466182708740234,1,1,1e-06,0.0
1,0.017716407775878906,1,1,1e-06,0.0
1,0.019866943359375,1,1,1e-06,0.0
1,0.002254486083984375,1,1,1e-06,0.0
1,0.001987934112548828,1,1,1e-06,0.0
1,0.002130746841430664,1,1,1e-06,0.0
1,0.00286102294921875,1,1,1e-06,0.0
1,0.002232789993286133,1,1,1e-06,0.0
1,0.0019648075103759766,1,1,1e-06,0.0
1,0.0024733543395996094,1,1,1e-06,0.0
1,0.0033111572265625,1,1,1e-06,0.0
1,0.002234935760498047,1,1,1e-06,0.0
1,0.02681255340576172,1,1,1e-06,0.0
1,0.002896547317504883,1,1,1e-06,0.0
1,0.0018916130065917969,1,1,1e-06,0.0
1,0.0019412040710449219,1,1,1e-06,0.0
1,0.002753019332885742,1,1,1e-06,0.0
1,0.0018906593322753906,1,1,1e-06,0.0
1,0.0020287036895751953,1,1,1e-06,0.0
1,0.002186298370361328,1,1,1e-06,0.0
1,0.01327061653137207,1,1,1e-06,0.0
1,0.0023207664489746094,1,1,1e-06,0.0
1,0.0021300315856933594,1,1,1e-06,0.0
1,0.003863096237182617,1,1,1e-06,0.0
1,0.0019466876983642578,1,1,1e-06,0.0
1,0.00223541259765625,1,1,1e-06,0.0
1,0.046811580657958984,1,1,1e-06,0.0
1,0.02599620819091797,1,1,1e-06,0.0
1,0.0019843578338623047,1,1,1e-06,0.0
1,0.0017447471618652344,1,1,1e-06,0.0
1,0.0023314952850341797,1,1,1e-06,0.0
1,0.021978139877319336,1,1,1e-06,0.0
1,0.002119302749633789,1,1,1e-06,0.0
1,0.0014281272888183594,1,1,1e-06,0.0
1,0.0018870830535888672,1,1,1e-06,0.0
1,0.03993487358093262,1,1,1e-06,0.0
1,0.001973867416381836,1,1,1e-06,0.0
1,0.005793094635009766,1,1,1e-06,0.0
1,0.0022373199462890625,1,1,1e-06,0.0
1,0.0023720264434814453,1,1,1e-06,0.0
1,0.022669315338134766,1,1,1e-06,0.0
1,0.002627134323120117,1,1,1e-06,0.0
1,0.0020699501037597656,1,1,1e-06,0.0
1,0.0023012161254882812,1,1,1e-06,0.0
1,0.0017287731170654297,1,1,1e-06,0.0
1,0.002300262451171875,1,1,1e-06,0.0
1,0.0042684078216552734,1,1,1e-06,0.0
1,0.002252817153930664,1,1,1e-06,0.0
1,0.002303600311279297,1,1,1e-06,0.0
1,0.0026273727416992188,1,1,1e-06,0.0
1,0.010350942611694336,1,1,1e-06,0.0
1,0.0020341873168945312,1,1,1e-06,0.0
1,0.0029027462005615234,1,1,1e-06,0.0
1,0.015040874481201172,1,1,1e-06,0.0
1,0.024988889694213867,1,1,1e-06,0.0
1,0.002653837203979492,1,1,1e-06,0.0
1,0.008025884628295898,1,1,1e-06,0.0
1,0.0023500919342041016,1,1,1e-06,0.0
1,0.002680063247680664,1,1,1e-06,0.0
1,0.0019233226776123047,1,1,1e-06,0.0
1,0.00177764892578125,1,1,1e-06,0.0
1,0.0019335746765136719,1,1,1e-06,0.0
1,0.0029556751251220703,1,1,1e-06,0.0
1,0.002462625503540039,1,1,1e-06,0.0
1,0.0026428699493408203,1,1,1e-06,0.0
1,0.0019965171813964844,1,1,1e-06,0.0
1,0.006953716278076172,1,1,1e-06,0.0
1,0.002608060836791992,1,1,1e-06,0.0
1,0.0018732547760009766,1,1,1e-06,0.0
1,0.005597591400146484,1,1,1e-06,0.0
1,0.0024280548095703125,1,1,1e-06,0.0
1,0.003683328628540039,1,1,1e-06,0.0
1,0.008773088455200195,1,1,1e-06,0.0
1,0.002186298370361328,1,1,1e-06,0.0
1,0.0019335746765136719,1,1,1e-06,0.0
1,0.002328157424926758,1,1,1e-06,0.0
1,0.0018157958984375,1,1,1e-06,0.0
1,0.002042531967163086,1,1,1e-06,0.0
1,0.002529144287109375,1,1,1e-06,0.0
1,0.0055789947509765625,1,1,1e-06,0.0
1,0.0018601417541503906,1,1,1e-06,0.0
1,0.0039048194885253906,1,1,1e-06,0.0
1,0.003908872604370117,1,1,1e-06,0.0
1,0.0020024776458740234,1,1,1e-06,0.0
1,0.0020818710327148438,1,1,1e-06,0.0
1,0.0022478103637695312,1,1,1e-06,0.0
1,0.013905525207519531,1,1,1e-06,0.0
1,0.0019512176513671875,1,1,1e-06,0.0
1,0.0018572807312011719,1,1,1e-06,0.0
1,0.0037534236907958984,1,1,1e-06,0.0
1,0.002172231674194336,1,1,1e-06,0.0
1,0.002003908157348633,1,1,1e-06,0.0
1,0.0026874542236328125,1,1,1e-06,0.0
1,0.0020265579223632812,1,1,1e-06,0.0
1,0.002599477767944336,1,1,1e-06,0.0
1,0.0018739700317382812,1,1,1e-06,0.0
1,0.0016968250274658203,1,1,1e-06,0.0
1,0.012237548828125,1,1,1e-06,0.0
1,0.0022258758544921875,1,1,1e-06,0.0
1,0.011565685272216797,1,1,1e-06,0.0
1,0.0019593238830566406,1,1,1e-06,0.0
1,0.0017018318176269531,1,1,1e-06,0.0
1,0.002034425735473633,1,1,1e-06,0.0
1,0.015874385833740234,1,1,1e-06,0.0
1,0.0041158199310302734,1,1,1e-06,0.0
1,0.002385377883911133,1,1,1e-06,0.0
1,0.002957582473754883,1,1,1e-06,0.0
1,0.012502431869506836,1,1,1e-06,0.0
1,0.002374410629272461,1,1,1e-06,0.0
1,0.002490520477294922,1,1,1e-06,0.0
1,0.005211353302001953,1,1,1e-06,0.0
1,0.003155946731567383,1,1,1e-06,0.0
1,0.0024700164794921875,1,1,1e-06,0.0
1,0.0021514892578125,1,1,1e-06,0.0
1,0.0016074180603027344,1,1,1e-06,0.0
1,0.025784969329833984,1,1,1e-06,0.0
1,0.003951311111450195,1,1,1e-06,0.0
1,0.0018727779388427734,1,1,1e-06,0.0
1,0.0051038265228271484,1,1,1e-06,0.0
1,0.029941558837890625,1,1,1e-06,0.0
1,0.011521339416503906,1,1,1e-06,0.0
1,0.005578041076660156,1,1,1e-06,0.0
1,0.002096891403198242,1,1,1e-06,0.0
1,0.0021295547485351562,1,1,1e-06,0.0
1,0.0031528472900390625,1,1,1e-06,0.0
1,0.0042231082916259766,1,1,1e-06,0.0
1,0.0025017261505126953,1,1,1e-06,0.0
1,0.0021657943725585938,1,1,1e-06,0.0
1,0.002000570297241211,1,1,1e-06,0.0
1,0.002485036849975586,1,1,1e-06,0.0
1,0.0020265579223632812,1,1,1e-06,0.0
1,0.0018215179443359375,1,1,1e-06,0.0
1,0.001734018325805664,1,1,1e-06,0.0
1,0.0016083717346191406,1,1,1e-06,0.0
1,0.0024352073669433594,1,1,1e-06,0.0
1,0.0025832653045654297,1,1,1e-06,0.0
1,0.0025572776794433594,1,1,1e-06,0.0
1,0.0024595260620117188,1,1,1e-06,0.0
1,0.0060575008392333984,1,1,1e-06,0.0
1,0.0027282238006591797,1,1,1e-06,0.0
1,0.002663850784301758,1,1,1e-06,0.0
1,0.0019154548645019531,1,1,1e-06,0.0
1,0.0035974979400634766,1,1,1e-06,0.0
1,0.0018310546875,1,1,1e-06,0.0
1,0.0028421878814697266,1,1,1e-06,0.0
1,0.0020728111267089844,1,1,1e-06,0.0
1,0.06149482727050781,1,1,1e-06,0.0
1,0.012935638427734375,1,1,1e-06,0.0
1,0.0035805702209472656,1,1,1e-06,0.0
1,0.001947164535522461,1,1,1e-06,0.0
1,0.002000093460083008,1,1,1e-06,0.0
1,0.002899169921875,1,1,1e-06,0.0
1,0.003532886505126953,1,1,1e-06,0.0
1,0.0017337799072265625,1,1,1e-06,0.0
1,0.025742769241333008,1,1,1e-06,0.0
1,0.0023331642150878906,1,1,1e-06,0.0
1,0.002300262451171875,1,1,1e-06,0.0
1,0.0022249221801757812,1,1,1e-06,0.0
1,0.03962230682373047,1,1,1e-06,0.0
1,0.0016932487487792969,1,1,1e-06,0.0
1,0.0017888545989990234,1,1,1e-06,0.0
1,0.0022020339965820312,1,1,1e-06,0.0
1,0.0025517940521240234,1,1,1e-06,0.0
1,0.003204345703125,1,1,1e-06,0.0
1,0.0020492076873779297,1,1,1e-06,0.0
1,0.0018651485443115234,1,1,1e-06,0.0
1,0.0015223026275634766,1,1,1e-06,0.0
1,0.011703729629516602,1,1,1e-06,0.0
1,0.001894235610961914,1,1,1e-06,0.0
1,0.011408805847167969,1,1,1e-06,0.0
1,0.0061414241790771484,1,1,1e-06,0.0
1,0.0042209625244140625,1,1,1e-06,0.0
1,0.1105341911315918,1,1,1e-06,0.0
1,0.03140735626220703,1,1,1e-06,0.0
1,0.011141061782836914,1,1,1e-06,0.0
1,0.010655403137207031,1,1,1e-06,0.0
1,0.007516145706176758,1,1,1e-06,0.0
1,0.014867544174194336,1,1,1e-06,0.0
1,0.003086090087890625,1,1,1e-06,0.0
1,0.0030803680419921875,1,1,1e-06,0.0
1,0.23660063743591309,1,1,1e-06,0.0
1,0.0035049915313720703,1,1,1e-06,0.0
1,0.0036745071411132812,1,1,1e-06,0.0
1,0.013228416442871094,1,1,1e-06,0.0
1,0.0030596256256103516,1,1,1e-06,0.0
1,0.003273487091064453,1,1,1e-06,0.0
1,0.002982616424560547,1,1,1e-06,0.0
1,0.014296531677246094,1,1,1e-06,0.0
1,0.0031151771545410156,1,1,1e-06,0.0
1,0.002507448196411133,1,1,1e-06,0.0
1,0.020101308822631836,1,1,1e-06,0.0
1,0.006139993667602539,1,1,1e-06,0.0
1,0.002084016799926758,1,1,1e-06,0.0
1,0.0020706653594970703,1,1,1e-06,0.0
1,0.002503633499145508,1,1,1e-06,0.0
1,0.023299455642700195,1,1,1e-06,0.0
1,0.007059812545776367,1,1,1e-06,0.0
1,0.05776572227478027,1,1,1e-06,0.0
1,0.003160238265991211,1,1,1e-06,0.0
1,0.005082368850708008,1,1,1e-06,0.0
1,0.0023179054260253906,1,1,1e-06,0.0
1,0.0021982192993164062,1,1,1e-06,0.0
1,0.003287792205810547,1,1,1e-06,0.0
1,0.010264158248901367,1,1,1e-06,0.0
1,0.0021033287048339844,1,1,1e-06,0.0
1,0.0018129348754882812,1,1,1e-06,0.0
1,0.002492666244506836,1,1,1e-06,0.0
1,0.0024509429931640625,1,1,1e-06,0.0
1,0.014833927154541016,1,1,1e-06,0.0
1,0.0027382373809814453,1,1,1e-06,0.0
1,0.004059791564941406,1,1,1e-06,0.0
1,0.0022673606872558594,1,1,1e-06,0.0
1,0.002567291259765625,1,1,1e-06,0.0
1,0.007280826568603516,1,1,1e-06,0.0
1,0.0029985904693603516,1,1,1e-06,0.0
1,0.0032601356506347656,1,1,1e-06,0.0
1,0.0029404163360595703,1,1,1e-06,0.0
1,0.003070831298828125,1,1,1e-06,0.0
1,0.005165815353393555,1,1,1e-06,0.0
1,0.006387472152709961,1,1,1e-06,0.0
1,0.004768848419189453,1,1,1e-06,0.0
1,0.004175662994384766,1,1,1e-06,0.0
1,0.003008127212524414,1,1,1e-06,0.0
1,0.005235195159912109,1,1,1e-06,0.0
1,0.0039637088775634766,1,1,1e-06,0.0
1,0.01176309585571289,1,1,1e-06,0.0
1,0.0039446353912353516,1,1,1e-06,0.0
1,0.004237174987792969,1,1,1e-06,0.0
1,0.0037012100219726562,1,1,1e-06,0.0
1,0.004892587661743164,1,1,1e-06,0.0
1,0.005665779113769531,1,1,1e-06,0.0
1,0.002703428268432617,1,1,1e-06,0.0
1,0.0028574466705322266,1,1,1e-06,0.0
1,0.002779722213745117,1,1,1e-06,0.0
1,0.0031020641326904297,1,1,1e-06,0.0
1,0.003503561019897461,1,1,1e-06,0.0
1,0.005773782730102539,1,1,1e-06,0.0
1,0.0031244754791259766,1,1,1e-06,0.0
1,0.07847285270690918,1,1,1e-06,0.0
1,0.004133462905883789,1,1,1e-06,0.0
1,0.004045248031616211,1,1,1e-06,0.0
1,0.0029685497283935547,1,1,1e-06,0.0
1,0.0027055740356445312,1,1,1e-06,0.0
1,0.00541234016418457,1,1,1e-06,0.0
1,0.00719904899597168,1,1,1e-06,0.0
1,0.00802302360534668,1,1,1e-06,0.0
1,0.03744173049926758,1,1,1e-06,0.0
1,0.007651805877685547,1,1,1e-06,0.0
1,0.05081534385681152,1,1,1e-06,0.0
1,0.004134654998779297,1,1,1e-06,0.0
1,0.013393878936767578,1,1,1e-06,0.0
1,0.0033593177795410156,1,1,1e-06,0.0
1,0.003686189651489258,1,1,1e-06,0.0
1,0.0041463375091552734,1,1,1e-06,0.0
1,0.03895425796508789,1,1,1e-06,0.0
1,0.006706714630126953,1,1,1e-06,0.0
1,0.00661468505859375,1,1,1e-06,0.0
1,0.0040700435638427734,1,1,1e-06,0.0
1,0.006121397018432617,1,1,1e-06,0.0
1,0.015234708786010742,1,1,1e-06,0.0
1,0.006815433502197266,1,1,1e-06,0.0
1,0.003644227981567383,1,1,1e-06,0.0
1,0.011499404907226562,1,1,1e-06,0.0
1,0.0038378238677978516,1,1,1e-06,0.0
1,0.009777307510375977,1,1,1e-06,0.0
1,0.0038862228393554688,1,1,1e-06,0.0
1,0.13398146629333496,1,1,1e-06,0.0
1,0.004216670989990234,1,1,1e-06,0.0
1,0.01372671127319336,1,1,1e-06,0.0
1,0.06805038452148438,1,1,1e-06,0.0
1,0.020675182342529297,1,1,1e-06,0.0
1,0.04179668426513672,1,1,1e-06,0.0
1,0.007288932800292969,1,1,1e-06,0.0
1,0.009044408798217773,1,1,1e-06,0.0
1,0.00666356086730957,1,1,1e-06,0.0
1,0.015274524688720703,1,1,1e-06,0.0
1,0.005363941192626953,1,1,1e-06,0.0
1,0.010550975799560547,1,1,1e-06,0.0
1,0.03562021255493164,1,1,1e-06,0.0
1,0.004608869552612305,1,1,1e-06,0.0
1,0.006237506866455078,1,1,1e-06,0.0
1,0.00457763671875,1,1,1e-06,0.0
1,0.006705045700073242,1,1,1e-06,0.0
1,0.04614400863647461,1,1,1e-06,0.0
1,0.006374835968017578,1,1,1e-06,0.0
1,0.005760669708251953,1,1,1e-06,0.0
1,0.0030422210693359375,1,1,1e-06,0.0
1,0.007050037384033203,1,1,1e-06,0.0
1,0.002922534942626953,1,1,1e-06,0.0
1,0.00616145133972168,1,1,1e-06,0.0
1,0.0033845901489257812,1,1,1e-06,0.0
1,0.004820346832275391,1,1,1e-06,0.0
1,0.09435892105102539,1,1,1e-06,0.0
1,0.00445103645324707,1,1,1e-06,0.0
1,0.004549741744995117,1,1,1e-06,0.0
1,0.0048980712890625,1,1,1e-06,0.0
1,0.0035486221313476562,1,1,1e-06,0.0
1,0.004111528396606445,1,1,1e-06,0.0
1,0.0042572021484375,1,1,1e-06,0.0
1,0.004755973815917969,1,1,1e-06,0.0
1,0.008462905883789062,1,1,1e-06,0.0
1,0.004085063934326172,1,1,1e-06,0.0
1,0.026729822158813477,1,1,1e-06,0.0
1,0.04008841514587402,1,1,1e-06,0.0
1,0.009787559509277344,1,1,1e-06,0.0
1,0.005499362945556641,1,1,1e-06,0.0
1,0.04962038993835449,1,1,1e-06,0.0
1,0.17650961875915527,1,1,1e-06,0.0
1,0.0037598609924316406,1,1,1e-06,0.0
1,0.004953861236572266,1,1,1e-06,0.0
1,0.0033829212188720703,1,1,1e-06,0.0
1,0.007077455520629883,1,1,1e-06,0.0
1,0.03496217727661133,1,1,1e-06,0.0
1,0.0041790008544921875,1,1,1e-06,0.0
1,0.07320952415466309,1,1,1e-06,0.0
1,0.0022580623626708984,1,1,1e-06,0.0
1,0.08694100379943848,1,1,1e-06,0.0
1,0.022118091583251953,1,1,1e-06,0.0
1,0.003014802932739258,1,1,1e-06,0.0
1,0.03153705596923828,1,1,1e-06,0.0
1,0.0031621456146240234,1,1,1e-06,0.0
1,0.022420167922973633,1,1,1e-06,0.0
1,0.010083913803100586,1,1,1e-06,0.0
1,0.004166841506958008,1,1,1e-06,0.0
1,0.02201533317565918,1,1,1e-06,0.0
1,0.026931285858154297,1,1,1e-06,0.0
1,0.0024929046630859375,1,1,1e-06,0.0
1,0.0029952526092529297,1,1,1e-06,0.0
1,0.003225564956665039,1,1,1e-06,0.0
1,0.0026884078979492188,1,1,1e-06,0.0
1,0.003182649612426758,1,1,1e-06,0.0
1,0.003556966781616211,1,1,1e-06,0.0
1,0.00433802604675293,1,1,1e-06,0.0
1,0.0030517578125,1,1,1e-06,0.0
1,0.007969379425048828,1,1,1e-06,0.0
1,0.0050542354583740234,1,1,1e-06,0.0
1,0.0024938583374023438,1,1,1e-06,0.0
1,0.0034618377685546875,1,1,1e-06,0.0
1,0.00414276123046875,1,1,1e-06,0.0
1,0.0033674240112304688,1,1,1e-06,0.0
1,0.003468036651611328,1,1,1e-06,0.0
1,0.0036449432373046875,1,1,1e-06,0.0
1,0.004591703414916992,1,1,1e-06,0.0
1,0.004162311553955078,1,1,1e-06,0.0
1,0.0041046142578125,1,1,1e-06,0.0
1,0.0032410621643066406,1,1,1e-06,0.0
1,0.016184091567993164,1,1,1e-06,0.0
1,0.002545595169067383,1,1,1e-06,0.0
1,0.003862142562866211,1,1,1e-06,0.0
1,0.003379344940185547,1,1,1e-06,0.0
1,0.01961064338684082,1,1,1e-06,0.0
1,0.06572675704956055,1,1,1e-06,0.0
1,0.003206014633178711,1,1,1e-06,0.0
1,0.003429412841796875,1,1,1e-06,0.0
1,0.014217853546142578,1,1,1e-06,0.0
1,0.003735780715942383,1,1,1e-06,0.0
1,0.004004478454589844,1,1,1e-06,0.0
1,0.002165555953979492,1,1,1e-06,0.0
1,0.004664897918701172,1,1,1e-06,0.0
1,0.005389213562011719,1,1,1e-06,0.0
1,0.009640693664550781,1,1,1e-06,0.0
1,0.0028476715087890625,1,1,1e-06,0.0
1,0.025846481323242188,1,1,1e-06,0.0
1,0.0051004886627197266,1,1,1e-06,0.0
1,0.005095958709716797,1,1,1e-06,0.0
1,0.003419637680053711,1,1,1e-06,0.0
1,0.005097150802612305,1,1,1e-06,0.0
1,0.011471748352050781,1,1,1e-06,0.0
1,0.0032396316528320312,1,1,1e-06,0.0
1,0.012192726135253906,1,1,1e-06,0.0
1,0.003808259963989258,1,1,1e-06,0.0
1,0.0034072399139404297,1,1,1e-06,0.0
1,0.0077419281005859375,1,1,1e-06,0.0
1,0.004407405853271484,1,1,1e-06,0.0
1,0.0034606456756591797,1,1,1e-06,0.0
1,0.07923078536987305,1,1,1e-06,0.0
1,0.0035462379455566406,1,1,1e-06,0.0
1,0.0036101341247558594,1,1,1e-06,0.0
1,0.005621433258056641,1,1,1e-06,0.0
1,0.043467044830322266,1,1,1e-06,0.0
1,0.00870966911315918,1,1,1e-06,0.0
1,0.012625455856323242,1,1,1e-06,0.0
1,0.003952980041503906,1,1,1e-06,0.0
1,0.013916254043579102,1,1,1e-06,0.0
1,0.0033721923828125,1,1,1e-06,0.0
1,0.002314329147338867,1,1,1e-06,0.0
1,0.002170085906982422,1,1,1e-06,0.0
1,0.0024216175079345703,1,1,1e-06,0.0
1,0.002709627151489258,1,1,1e-06,0.0
1,0.009289741516113281,1,1,1e-06,0.0
1,0.0049746036529541016,1,1,1e-06,0.0
1,0.017214298248291016,1,1,1e-06,0.0
1,0.002509593963623047,1,1,1e-06,0.0
1,0.0029249191284179688,1,1,1e-06,0.0
1,0.0225827693939209,1,1,1e-06,0.0
1,0.002871990203857422,1,1,1e-06,0.0
1,0.006455421447753906,1,1,1e-06,0.0
1,0.0021300315856933594,1,1,1e-06,0.0
1,0.021517038345336914,1,1,1e-06,0.0
1,0.0030248165130615234,1,1,1e-06,0.0
1,0.0031599998474121094,1,1,1e-06,0.0
1,0.008032798767089844,1,1,1e-06,0.0
1,0.0036144256591796875,1,1,1e-06,0.0
1,0.004217863082885742,1,1,1e-06,0.0
1,0.002444744110107422,1,1,1e-06,0.0
1,0.008630037307739258,1,1,1e-06,0.0
1,0.0026149749755859375,1,1,1e-06,0.0
1,0.008649826049804688,1,1,1e-06,0.0
1,0.009125947952270508,1,1,1e-06,0.0
1,0.005078554153442383,1,1,1e-06,0.0
1,0.004678487777709961,1,1,1e-06,0.0
1,0.002736330032348633,1,1,1e-06,0.0
1,0.0022325515747070312,1,1,1e-06,0.0
1,0.012969255447387695,1,1,1e-06,0.0
1,0.0023555755615234375,1,1,1e-06,0.0
1,0.0063440799713134766,1,1,1e-06,0.0
1,0.002488851547241211,1,1,1e-06,0.0
1,0.0025284290313720703,1,1,1e-06,0.0
1,0.003004312515258789,1,1,1e-06,0.0
1,0.0022971630096435547,1,1,1e-06,0.0
1,0.0022859573364257812,1,1,1e-06,0.0
1,0.001819610595703125,1,1,1e-06,0.0
1,0.0028276443481445312,1,1,1e-06,0.0
1,0.0022912025451660156,1,1,1e-06,0.0
1,0.0049250125885009766,1,1,1e-06,0.0
1,0.0023353099822998047,1,1,1e-06,0.0
1,0.00473785400390625,1,1,1e-06,0.0
1,0.009690999984741211,1,1,1e-06,0.0
1,0.0021681785583496094,1,1,1e-06,0.0
1,0.004942893981933594,1,1,1e-06,0.0
1,0.002410888671875,1,1,1e-06,0.0
1,0.022366046905517578,1,1,1e-06,0.0
1,0.014200210571289062,1,1,1e-06,0.0
1,0.09767365455627441,1,1,1e-06,0.0
1,0.0030930042266845703,1,1,1e-06,0.0
1,0.002496480941772461,1,1,1e-06,0.0
1,0.005225181579589844,1,1,1e-06,0.0
1,0.002053499221801758,1,1,1e-06,0.0
1,0.001949310302734375,1,1,1e-06,0.0
1,0.0024623870849609375,1,1,1e-06,0.0
1,0.003379344940185547,1,1,1e-06,0.0
1,0.0025482177734375,1,1,1e-06,0.0
1,0.0030481815338134766,1,1,1e-06,0.0
1,0.245438814163208,1,1,1e-06,0.0
1,0.0026998519897460938,1,1,1e-06,0.0
1,0.027005434036254883,1,1,1e-06,0.0
1,0.004548072814941406,1,1,1e-06,0.0
1,0.014037609100341797,1,1,1e-06,0.0
1,0.002118825912475586,1,1,1e-06,0.0
1,0.002993345260620117,1,1,1e-06,0.0
1,0.042749643325805664,1,1,1e-06,0.0
1,0.003464937210083008,1,1,1e-06,0.0
1,0.006577730178833008,1,1,1e-06,0.0
1,0.030305862426757812,1,1,1e-06,0.0
1,0.002141237258911133,1,1,1e-06,0.0
1,0.0022385120391845703,1,1,1e-06,0.0
1,0.11455368995666504,1,1,1e-06,0.0
1,0.0026230812072753906,1,1,1e-06,0.0
1,0.002228975296020508,1,1,1e-06,0.0
1,0.016402482986450195,1,1,1e-06,0.0
1,0.002693653106689453,1,1,1e-06,0.0
1,0.003626108169555664,1,1,1e-06,0.0
1,0.005593299865722656,1,1,1e-06,0.0
1,0.03406047821044922,1,1,1e-06,0.0
1,0.004036426544189453,1,1,1e-06,0.0
1,0.0023212432861328125,1,1,1e-06,0.0
1,0.0024671554565429688,1,1,1e-06,0.0
1,0.0029964447021484375,1,1,1e-06,0.0
1,0.0024242401123046875,1,1,1e-06,0.0
1,0.02210068702697754,1,1,1e-06,0.0
1,0.0023910999298095703,1,1,1e-06,0.0
1,0.0072901248931884766,1,1,1e-06,0.0
1,0.008000850677490234,1,1,1e-06,0.0
1,0.0033211708068847656,1,1,1e-06,0.0
1,0.007361888885498047,1,1,1e-06,0.0
1,0.012233257293701172,1,1,1e-06,0.0
1,0.0034394264221191406,1,1,1e-06,0.0
1,0.0033032894134521484,1,1,1e-06,0.0
1,0.007134914398193359,1,1,1e-06,0.0
1,0.0031752586364746094,1,1,1e-06,0.0
1,0.023332595825195312,1,1,1e-06,0.0
1,0.0023345947265625,1,1,1e-06,0.0
1,0.06345915794372559,1,1,1e-06,0.0
1,0.014745950698852539,1,1,1e-06,0.0
1,0.003165006637573242,1,1,1e-06,0.0
1,0.004411220550537109,1,1,1e-06,0.0
1,0.02464461326599121,1,1,1e-06,0.0
1,0.0019943714141845703,1,1,1e-06,0.0
1,0.012198686599731445,1,1,1e-06,0.0
1,0.002326488494873047,1,1,1e-06,0.0
1,0.002803325653076172,1,1,1e-06,0.0
1,0.002360820770263672,1,1,1e-06,0.0
1,0.003113269805908203,1,1,1e-06,0.0
1,0.0028581619262695312,1,1,1e-06,0.0
1,0.002927541732788086,1,1,1e-06,0.0
1,0.004190206527709961,1,1,1e-06,0.0
1,0.0028836727142333984,1,1,1e-06,0.0
1,0.020036935806274414,1,1,1e-06,0.0
1,0.018982887268066406,1,1,1e-06,0.0
1,0.002170562744140625,1,1,1e-06,0.0
1,0.012898445129394531,1,1,1e-06,0.0
1,0.015407323837280273,1,1,1e-06,0.0
1,0.005744218826293945,1,1,1e-06,0.0
1,0.0018124580383300781,1,1,1e-06,0.0
1,0.002483844757080078,1,1,1e-06,0.0
1,0.01621532440185547,1,1,1e-06,0.0
1,0.003101825714111328,1,1,1e-06,0.0
1,0.0029010772705078125,1,1,1e-06,0.0
1,0.0028672218322753906,1,1,1e-06,0.0
1,0.003537893295288086,1,1,1e-06,0.0
1,0.015153646469116211,1,1,1e-06,0.0
1,0.0030782222747802734,1,1,1e-06,0.0
1,0.002066373825073242,1,1,1e-06,0.0
1,0.0021216869354248047,1,1,1e-06,0.0
1,0.004075765609741211,1,1,1e-06,0.0
1,0.0024137496948242188,1,1,1e-06,0.0
1,0.005622148513793945,1,1,1e-06,0.0
1,0.003239870071411133,1,1,1e-06,0.0
1,0.0033142566680908203,1,1,1e-06,0.0
1,0.0027031898498535156,1,1,1e-06,0.0
1,0.0038263797760009766,1,1,1e-06,0.0
1,0.0022122859954833984,1,1,1e-06,0.0
1,0.002512216567993164,1,1,1e-06,0.0
1,0.002626657485961914,1,1,1e-06,0.0
1,0.007118940353393555,1,1,1e-06,0.0
1,0.005418539047241211,1,1,1e-06,0.0
1,0.0022461414337158203,1,1,1e-06,0.0
1,0.004233360290527344,1,1,1e-06,0.0
1,0.011339902877807617,1,1,1e-06,0.0
1,0.0025489330291748047,1,1,1e-06,0.0
1,0.0020351409912109375,1,1,1e-06,0.0
1,0.014034271240234375,1,1,1e-06,0.0
1,0.0022377967834472656,1,1,1e-06,0.0
1,0.002681255340576172,1,1,1e-06,0.0
1,0.0025501251220703125,1,1,1e-06,0.0
1,0.002911806106567383,1,1,1e-06,0.0
1,0.004622697830200195,1,1,1e-06,0.0
1,0.0029053688049316406,1,1,1e-06,0.0
1,0.002084970474243164,1,1,1e-06,0.0
1,0.011981725692749023,1,1,1e-06,0.0
1,0.002295970916748047,1,1,1e-06,0.0
1,0.0021791458129882812,1,1,1e-06,0.0
1,0.0025658607482910156,1,1,1e-06,0.0
1,0.0021855831146240234,1,1,1e-06,0.0
1,0.00470423698425293,1,1,1e-06,0.0
1,0.0025212764739990234,1,1,1e-06,0.0
1,0.056931257247924805,1,1,1e-06,0.0
1,0.003885507583618164,1,1,1e-06,0.0
1,0.002827167510986328,1,1,1e-06,0.0
1,0.004084110260009766,1,1,1e-06,0.0
1,0.002869129180908203,1,1,1e-06,0.0
1,0.002595186233520508,1,1,1e-06,0.0
1,0.0025794506072998047,1,1,1e-06,0.0
1,0.003428936004638672,1,1,1e-06,0.0
1,0.0028645992279052734,1,1,1e-06,0.0
1,0.029476404190063477,1,1,1e-06,0.0
1,0.004164695739746094,1,1,1e-06,0.0
1,0.0025992393493652344,1,1,1e-06,0.0
1,0.001971721649169922,1,1,1e-06,0.0
1,0.002232789993286133,1,1,1e-06,0.0
1,0.0023953914642333984,1,1,1e-06,0.0
1,0.0022962093353271484,1,1,1e-06,0.0
1,0.002560138702392578,1,1,1e-06,0.0
1,0.002239227294921875,1,1,1e-06,0.0
1,0.0027031898498535156,1,1,1e-06,0.0
1,0.002341032028198242,1,1,1e-06,0.0
1,0.002341747283935547,1,1,1e-06,0.0
1,0.03662276268005371,1,1,1e-06,0.0
1,0.002413034439086914,1,1,1e-06,0.0
1,0.002700328826904297,1,1,1e-06,0.0
1,0.0026302337646484375,1,1,1e-06,0.0
1,0.004546642303466797,1,1,1e-06,0.0
1,0.005371570587158203,1,1,1e-06,0.0
1,0.0025513172149658203,1,1,1e-06,0.0
1,0.022215843200683594,1,1,1e-06,0.0
1,0.002878427505493164,1,1,1e-06,0.0
1,0.0025794506072998047,1,1,1e-06,0.0
1,0.0021195411682128906,1,1,1e-06,0.0
1,0.0023300647735595703,1,1,1e-06,0.0
1,0.0045299530029296875,1,1,1e-06,0.0
1,0.002054452896118164,1,1,1e-06,0.0
1,0.0034623146057128906,1,1,1e-06,0.0
1,0.002589702606201172,1,1,1e-06,0.0
1,0.0022897720336914062,1,1,1e-06,0.0
1,0.002424955368041992,1,1,1e-06,0.0
1,0.002251148223876953,1,1,1e-06,0.0
1,0.0024559497833251953,1,1,1e-06,0.0
1,0.0026285648345947266,1,1,1e-06,0.0
1,0.0021686553955078125,1,1,1e-06,0.0
1,0.003992795944213867,1,1,1e-06,0.0
1,0.005647182464599609,1,1,1e-06,0.0
1,0.020587921142578125,1,1,1e-06,0.0
1,0.003847837448120117,1,1,1e-06,0.0
1,0.020151376724243164,1,1,1e-06,0.0
1,0.003945827484130859,1,1,1e-06,0.0
1,0.002712726593017578,1,1,1e-06,0.0
1,0.024320363998413086,1,1,1e-06,0.0
1,0.003991603851318359,1,1,1e-06,0.0
1,0.008325338363647461,1,1,1e-06,0.0
1,0.017400503158569336,1,1,1e-06,0.0
1,0.0021071434020996094,1,1,1e-06,0.0
1,0.003926753997802734,1,1,1e-06,0.0
1,0.0024216175079345703,1,1,1e-06,0.0
1,0.0048601627349853516,1,1,1e-06,0.0
1,0.0026764869689941406,1,1,1e-06,0.0
1,0.002376556396484375,1,1,1e-06,0.0
1,0.03511786460876465,1,1,1e-06,0.0
1,0.0030670166015625,1,1,1e-06,0.0
1,0.002891063690185547,1,1,1e-06,0.0
1,0.0023937225341796875,1,1,1e-06,0.0
1,0.09714746475219727,1,1,1e-06,0.0
1,0.020222902297973633,1,1,1e-06,0.0
1,0.007199764251708984,1,1,1e-06,0.0
1,0.0037794113159179688,1,1,1e-06,0.0
1,0.011208057403564453,1,1,1e-06,0.0
1,0.002974271774291992,1,1,1e-06,0.0
1,0.005263805389404297,1,1,1e-06,0.0
1,0.0030345916748046875,1,1,1e-06,0.0
1,0.007700443267822266,1,1,1e-06,0.0
1,0.003233671188354492,1,1,1e-06,0.0
1,0.0026352405548095703,1,1,1e-06,0.0
1,0.0026540756225585938,1,1,1e-06,0.0
1,0.0024874210357666016,1,1,1e-06,0.0
1,0.025354385375976562,1,1,1e-06,0.0
1,0.0030312538146972656,1,1,1e-06,0.0
1,0.00729060173034668,1,1,1e-06,0.0
1,0.02051711082458496,1,1,1e-06,0.0
1,0.02272796630859375,1,1,1e-06,0.0
1,0.002736806869506836,1,1,1e-06,0.0
1,0.0029172897338867188,1,1,1e-06,0.0
1,0.0028870105743408203,1,1,1e-06,0.0
1,0.00546574592590332,1,1,1e-06,0.0
1,0.004271745681762695,1,1,1e-06,0.0
1,0.009816169738769531,1,1,1e-06,0.0
1,0.002094745635986328,1,1,1e-06,0.0
1,0.011575698852539062,1,1,1e-06,0.0
1,0.014930248260498047,1,1,1e-06,0.0
1,0.0021238327026367188,1,1,1e-06,0.0
1,0.002175569534301758,1,1,1e-06,0.0
1,0.002798795700073242,1,1,1e-06,0.0
1,0.054601430892944336,1,1,1e-06,0.0
1,0.0029959678649902344,1,1,1e-06,0.0
1,0.0038514137268066406,1,1,1e-06,0.0
1,0.0036187171936035156,1,1,1e-06,0.0
1,0.011377573013305664,1,1,1e-06,0.0
1,0.004850149154663086,1,1,1e-06,0.0
1,0.018065929412841797,1,1,1e-06,0.0
1,0.002791881561279297,1,1,1e-06,0.0
1,0.10965466499328613,1,1,1e-06,0.0
1,0.0029649734497070312,1,1,1e-06,0.0
1,0.013297796249389648,1,1,1e-06,0.0
1,0.004403829574584961,1,1,1e-06,0.0
1,0.04440736770629883,1,1,1e-06,0.0
1,0.0036344528198242188,1,1,1e-06,0.0
1,0.0036432743072509766,1,1,1e-06,0.0
1,0.0034248828887939453,1,1,1e-06,0.0
1,0.004094600677490234,1,1,1e-06,0.0
1,0.005164384841918945,1,1,1e-06,0.0
1,0.0036716461181640625,1,1,1e-06,0.0
1,0.004000186920166016,1,1,1e-06,0.0
1,0.003590822219848633,1,1,1e-06,0.0
1,0.009269952774047852,1,1,1e-06,0.0
1,0.003563404083251953,1,1,1e-06,0.0
1,0.0028791427612304688,1,1,1e-06,0.0
1,0.015790700912475586,1,1,1e-06,0.0
1,0.007954597473144531,1,1,1e-06,0.0
1,0.004302024841308594,1,1,1e-06,0.0
1,0.0029518604278564453,1,1,1e-06,0.0
1,0.002259969711303711,1,1,1e-06,0.0
1,0.004087209701538086,1,1,1e-06,0.0
1,0.00917673110961914,1,1,1e-06,0.0
1,0.003068685531616211,1,1,1e-06,0.0
1,0.015410423278808594,1,1,1e-06,0.0
1,0.003365039825439453,1,1,1e-06,0.0
1,0.0025787353515625,1,1,1e-06,0.0
1,0.007217884063720703,1,1,1e-06,0.0
1,0.029861927032470703,1,1,1e-06,0.0
1,0.025155067443847656,1,1,1e-06,0.0
1,0.0034151077270507812,1,1,1e-06,0.0
1,0.0028884410858154297,1,1,1e-06,0.0
1,0.007137775421142578,1,1,1e-06,0.0
1,0.293426513671875,1,1,1e-06,0.0
1,0.0032308101654052734,1,1,1e-06,0.0
1,0.005206584930419922,1,1,1e-06,0.0
1,0.002760648727416992,1,1,1e-06,0.0
1,0.0022897720336914062,1,1,1e-06,0.0
1,0.002599477767944336,1,1,1e-06,0.0
1,0.002981901168823242,1,1,1e-06,0.0
1,0.002584218978881836,1,1,1e-06,0.0
1,0.004189491271972656,1,1,1e-06,0.0
1,0.0032868385314941406,1,1,1e-06,0.0
1,0.0037195682525634766,1,1,1e-06,0.0
1,0.0035228729248046875,1,1,1e-06,0.0
1,0.010846376419067383,1,1,1e-06,0.0
1,0.0028944015502929688,1,1,1e-06,0.0
1,0.056351423263549805,1,1,1e-06,0.0
1,0.003459453582763672,1,1,1e-06,0.0
1,0.002804279327392578,1,1,1e-06,0.0
1,0.0036933422088623047,1,1,1e-06,0.0
1,0.003478527069091797,1,1,1e-06,0.0
1,0.002657175064086914,1,1,1e-06,0.0
1,0.0033266544342041016,1,1,1e-06,0.0
1,0.004730939865112305,1,1,1e-06,0.0
1,0.002757549285888672,1,1,1e-06,0.0
1,0.01894998550415039,1,1,1e-06,0.0
1,0.0024170875549316406,1,1,1e-06,0.0
1,0.0026280879974365234,1,1,1e-06,0.0
1,0.003998517990112305,1,1,1e-06,0.0
1,0.12883400917053223,1,1,1e-06,0.0
1,0.006826162338256836,1,1,1e-06,0.0
1,0.0027103424072265625,1,1,1e-06,0.0
1,0.0038743019104003906,1,1,1e-06,0.0
1,0.004179477691650391,1,1,1e-06,0.0
1,0.014349699020385742,1,1,1e-06,0.0
1,0.003033161163330078,1,1,1e-06,0.0
1,0.002192974090576172,1,1,1e-06,0.0
1,0.0022804737091064453,1,1,1e-06,0.0
1,0.0028543472290039062,1,1,1e-06,0.0
1,0.0030684471130371094,1,1,1e-06,0.0
1,0.006803274154663086,1,1,1e-06,0.0
1,0.024820804595947266,1,1,1e-06,0.0
1,0.0034797191619873047,1,1,1e-06,0.0
1,0.002276182174682617,1,1,1e-06,0.0
1,0.002283334732055664,1,1,1e-06,0.0
1,0.002341747283935547,1,1,1e-06,0.0
1,0.0028069019317626953,1,1,1e-06,0.0
1,0.014144420623779297,1,1,1e-06,0.0
1,0.0023458003997802734,1,1,1e-06,0.0
1,0.0029633045196533203,1,1,1e-06,0.0
1,0.0028324127197265625,1,1,1e-06,0.0
1,0.05617666244506836,1,1,1e-06,0.0
1,0.002908945083618164,1,1,1e-06,0.0
1,0.08069300651550293,1,1,1e-06,0.0
1,0.002454042434692383,1,1,1e-06,0.0
1,0.013478279113769531,1,1,1e-06,0.0
1,0.0027675628662109375,1,1,1e-06,0.0
1,0.0023186206817626953,1,1,1e-06,0.0
1,0.005803823471069336,1,1,1e-06,0.0
1,0.027851343154907227,1,1,1e-06,0.0
1,0.0021576881408691406,1,1,1e-06,0.0
1,0.004442691802978516,1,1,1e-06,0.0
1,0.002540111541748047,1,1,1e-06,0.0
1,0.008941650390625,1,1,1e-06,0.0
1,0.004054546356201172,1,1,1e-06,0.0
1,0.004427433013916016,1,1,1e-06,0.0
1,0.0022933483123779297,1,1,1e-06,0.0
1,0.0027570724487304688,1,1,1e-06,0.0
1,0.0022993087768554688,1,1,1e-06,0.0
1,0.0028600692749023438,1,1,1e-06,0.0
1,0.002592325210571289,1,1,1e-06,0.0
1,0.004613399505615234,1,1,1e-06,0.0
1,0.0023314952850341797,1,1,1e-06,0.0
1,0.02230238914489746,1,1,1e-06,0.0
1,0.0315706729888916,1,1,1e-06,0.0
1,0.0135345458984375,1,1,1e-06,0.0
1,0.002864360809326172,1,1,1e-06,0.0
1,0.002534627914428711,1,1,1e-06,0.0
1,0.007843255996704102,1,1,1e-06,0.0
1,0.0035843849182128906,1,1,1e-06,0.0
1,0.0024557113647460938,1,1,1e-06,0.0
1,0.0022382736206054688,1,1,1e-06,0.0
1,0.00396275520324707,1,1,1e-06,0.0
1,0.002591371536254883,1,1,1e-06,0.0
1,0.08201837539672852,1,1,1e-06,0.0
1,0.002209186553955078,1,1,1e-06,0.0
1,0.006452322006225586,1,1,1e-06,0.0
1,0.0020051002502441406,1,1,1e-06,0.0
1,0.0036334991455078125,1,1,1e-06,0.0
1,0.002544403076171875,1,1,1e-06,0.0
1,0.002146482467651367,1,1,1e-06,0.0
1,0.0032286643981933594,1,1,1e-06,0.0
1,0.00292205810546875,1,1,1e-06,0.0
1,0.7609755992889404,1,1,1e-06,0.0
1,0.002385854721069336,1,1,1e-06,0.0
1,0.004107236862182617,1,1,1e-06,0.0
1,0.0029726028442382812,1,1,1e-06,0.0
1,0.007252931594848633,1,1,1e-06,0.0
1,0.012410879135131836,1,1,1e-06,0.0
1,0.0022237300872802734,1,1,1e-06,0.0
1,0.012177705764770508,1,1,1e-06,0.0
1,0.0020475387573242188,1,1,1e-06,0.0
1,0.0018482208251953125,1,1,1e-06,0.0
1,0.002783060073852539,1,1,1e-06,0.0
1,0.002339601516723633,1,1,1e-06,0.0
1,0.0026769638061523438,1,1,1e-06,0.0
1,0.0018503665924072266,1,1,1e-06,0.0
1,0.0052776336669921875,1,1,1e-06,0.0
1,0.023140907287597656,1,1,1e-06,0.0
1,0.0019326210021972656,1,1,1e-06,0.0
1,0.002231597900390625,1,1,1e-06,0.0
1,0.0025107860565185547,1,1,1e-06,0.0
1,0.0019505023956298828,1,1,1e-06,0.0
1,0.002482891082763672,1,1,1e-06,0.0
1,0.0033719539642333984,1,1,1e-06,0.0
1,0.0030832290649414062,1,1,1e-06,0.0
1,0.0025985240936279297,1,1,1e-06,0.0
1,0.002097606658935547,1,1,1e-06,0.0
1,0.0017933845520019531,1,1,1e-06,0.0
1,0.002145051956176758,1,1,1e-06,0.0
1,0.003944873809814453,1,1,1e-06,0.0
1,0.0029480457305908203,1,1,1e-06,0.0
1,0.0063724517822265625,1,1,1e-06,0.0
1,0.0028438568115234375,1,1,1e-06,0.0
1,0.002635955810546875,1,1,1e-06,0.0
1,0.0026407241821289062,1,1,1e-06,0.0
1,0.002116680145263672,1,1,1e-06,0.0
1,0.0028426647186279297,1,1,1e-06,0.0
1,0.003060579299926758,1,1,1e-06,0.0
1,0.020340919494628906,1,1,1e-06,0.0
1,0.005807638168334961,1,1,1e-06,0.0
1,0.0021402835845947266,1,1,1e-06,0.0
1,0.002980947494506836,1,1,1e-06,0.0
1,0.00454258918762207,1,1,1e-06,0.0
1,0.0024280548095703125,1,1,1e-06,0.0
1,0.0022084712982177734,1,1,1e-06,0.0
1,0.0036301612854003906,1,1,1e-06,0.0
1,0.002644062042236328,1,1,1e-06,0.0
1,0.0021903514862060547,1,1,1e-06,0.0
1,0.003257274627685547,1,1,1e-06,0.0
1,0.002267599105834961,1,1,1e-06,0.0
1,0.0027120113372802734,1,1,1e-06,0.0
1,0.0032224655151367188,1,1,1e-06,0.0
1,0.0028162002563476562,1,1,1e-06,0.0
1,0.003081083297729492,1,1,1e-06,0.0
1,0.002569913864135742,1,1,1e-06,0.0
1,0.002519845962524414,1,1,1e-06,0.0
1,0.0030851364135742188,1,1,1e-06,0.0
1,0.00299072265625,1,1,1e-06,0.0
1,0.07836365699768066,1,1,1e-06,0.0
1,0.010952234268188477,1,1,1e-06,0.0
1,0.0023767948150634766,1,1,1e-06,0.0
1,0.002019643783569336,1,1,1e-06,0.0
1,0.01308751106262207,1,1,1e-06,0.0
1,0.002294301986694336,1,1,1e-06,0.0
1,0.014412164688110352,1,1,1e-06,0.0
1,0.016361474990844727,1,1,1e-06,0.0
1,0.002492189407348633,1,1,1e-06,0.0
1,0.016669273376464844,1,1,1e-06,0.0
1,0.01607656478881836,1,1,1e-06,0.0
1,0.01331472396850586,1,1,1e-06,0.0
1,0.0030448436737060547,1,1,1e-06,0.0
1,0.013954401016235352,1,1,1e-06,0.0
1,0.0027947425842285156,1,1,1e-06,0.0
1,0.0025930404663085938,1,1,1e-06,0.0
1,0.016923904418945312,1,1,1e-06,0.0
1,0.002565145492553711,1,1,1e-06,0.0
1,0.003749847412109375,1,1,1e-06,0.0
1,0.0019741058349609375,1,1,1e-06,0.0
1,0.0038344860076904297,1,1,1e-06,0.0
1,0.002781391143798828,1,1,1e-06,0.0
1,0.08789324760437012,1,1,1e-06,0.0
1,0.013677358627319336,1,1,1e-06,0.0
1,0.002460956573486328,1,1,1e-06,0.0
1,0.002188444137573242,1,1,1e-06,0.0
1,0.0020151138305664062,1,1,1e-06,0.0
1,0.0021626949310302734,1,1,1e-06,0.0
1,0.002862691879272461,1,1,1e-06,0.0
1,0.002477407455444336,1,1,1e-06,0.0
1,0.0030984878540039062,1,1,1e-06,0.0
1,0.004607677459716797,1,1,1e-06,0.0
1,0.025159120559692383,1,1,1e-06,0.0
1,0.006231784820556641,1,1,1e-06,0.0
1,0.012381792068481445,1,1,1e-06,0.0
1,0.0028235912322998047,1,1,1e-06,0.0
1,0.0022115707397460938,1,1,1e-06,0.0
1,0.002122163772583008,1,1,1e-06,0.0
1,0.0022182464599609375,1,1,1e-06,0.0
1,0.004553556442260742,1,1,1e-06,0.0
1,0.0025522708892822266,1,1,1e-06,0.0
1,0.0025644302368164062,1,1,1e-06,0.0
1,0.0021829605102539062,1,1,1e-06,0.0
1,0.0021822452545166016,1,1,1e-06,0.0
1,0.00261688232421875,1,1,1e-06,0.0
1,0.0196230411529541,1,1,1e-06,0.0
1,0.0027856826782226562,1,1,1e-06,0.0
1,0.0021555423736572266,1,1,1e-06,0.0
1,0.002251863479614258,1,1,1e-06,0.0
1,0.0236361026763916,1,1,1e-06,0.0
1,0.0031790733337402344,1,1,1e-06,0.0
1,0.002033710479736328,1,1,1e-06,0.0
1,0.010195493698120117,1,1,1e-06,0.0
1,0.002863645553588867,1,1,1e-06,0.0
1,0.002431631088256836,1,1,1e-06,0.0
1,0.016579389572143555,1,1,1e-06,0.0
1,0.011871099472045898,1,1,1e-06,0.0
1,0.026452064514160156,1,1,1e-06,0.0
1,0.05427074432373047,1,1,1e-06,0.0
1,0.0031099319458007812,1,1,1e-06,0.0
1,0.0028519630432128906,1,1,1e-06,0.0
1,0.010309457778930664,1,1,1e-06,0.0
1,0.002282381057739258,1,1,1e-06,0.0
1,0.013139724731445312,1,1,1e-06,0.0
1,0.0023615360260009766,1,1,1e-06,0.0
1,0.004372358322143555,1,1,1e-06,0.0
1,0.0063364505767822266,1,1,1e-06,0.0
1,0.0053234100341796875,1,1,1e-06,0.0
1,0.002543210983276367,1,1,1e-06,0.0
1,0.0026273727416992188,1,1,1e-06,0.0
1,0.00450444221496582,1,1,1e-06,0.0
1,0.0021820068359375,1,1,1e-06,0.0
1,0.0023102760314941406,1,1,1e-06,0.0
1,0.002036571502685547,1,1,1e-06,0.0
1,0.002142667770385742,1,1,1e-06,0.0
1,0.0026106834411621094,1,1,1e-06,0.0
1,0.0026454925537109375,1,1,1e-06,0.0
1,0.003155946731567383,1,1,1e-06,0.0
1,0.0024569034576416016,1,1,1e-06,0.0
1,0.003627300262451172,1,1,1e-06,0.0
1,0.005255699157714844,1,1,1e-06,0.0
1,0.002490997314453125,1,1,1e-06,0.0
1,0.002328157424926758,1,1,1e-06,0.0
1,0.0025174617767333984,1,1,1e-06,0.0
1,0.003355264663696289,1,1,1e-06,0.0
1,0.0023598670959472656,1,1,1e-06,0.0
1,0.001779317855834961,1,1,1e-06,0.0
1,0.00354766845703125,1,1,1e-06,0.0
1,0.021906614303588867,1,1,1e-06,0.0
1,0.002640962600708008,1,1,1e-06,0.0
1,0.006192684173583984,1,1,1e-06,0.0
1,0.0037474632263183594,1,1,1e-06,0.0
1,0.002788543701171875,1,1,1e-06,0.0
1,0.002737760543823242,1,1,1e-06,0.0
1,0.002474546432495117,1,1,1e-06,0.0
1,0.002777099609375,1,1,1e-06,0.0
1,0.002928495407104492,1,1,1e-06,0.0
1,0.0028848648071289062,1,1,1e-06,0.0
1,0.0023317337036132812,1,1,1e-06,0.0
1,0.0333247184753418,1,1,1e-06,0.0
1,0.05221152305603027,1,1,1e-06,0.0
1,0.002547025680541992,1,1,1e-06,0.0
1,0.003507375717163086,1,1,1e-06,0.0
1,0.012765645980834961,1,1,1e-06,0.0
1,0.0025980472564697266,1,1,1e-06,0.0
1,0.0028448104858398438,1,1,1e-06,0.0
1,0.0029222965240478516,1,1,1e-06,0.0
1,0.0025589466094970703,1,1,1e-06,0.0
1,0.023496150970458984,1,1,1e-06,0.0
1,0.003209352493286133,1,1,1e-06,0.0
1,0.002489328384399414,1,1,1e-06,0.0
1,0.005416393280029297,1,1,1e-06,0.0
1,0.0024237632751464844,1,1,1e-06,0.0
1,0.0020666122436523438,1,1,1e-06,0.0
1,0.0035181045532226562,1,1,1e-06,0.0
1,0.007441997528076172,1,1,1e-06,0.0
1,0.0031354427337646484,1,1,1e-06,0.0
1,0.0717017650604248,1,1,1e-06,0.0
1,0.017441272735595703,1,1,1e-06,0.0
1,0.00310516357421875,1,1,1e-06,0.0
1,0.0032567977905273438,1,1,1e-06,0.0
1,0.009789228439331055,1,1,1e-06,0.0
1,0.0034029483795166016,1,1,1e-06,0.0
1,0.0060117244720458984,1,1,1e-06,0.0
1,0.0022428035736083984,1,1,1e-06,0.0
1,0.002516508102416992,1,1,1e-06,0.0
1,0.002359628677368164,1,1,1e-06,0.0
1,0.008538484573364258,1,1,1e-06,0.0
1,0.0024106502532958984,1,1,1e-06,0.0
1,0.0029594898223876953,1,1,1e-06,0.0
1,0.0026400089263916016,1,1,1e-06,0.0
1,0.0023174285888671875,1,1,1e-06,0.0
1,0.0035271644592285156,1,1,1e-06,0.0
1,0.01811695098876953,1,1,1e-06,0.0
1,0.0021142959594726562,1,1,1e-06,0.0
1,0.02542424201965332,1,1,1e-06,0.0
1,0.00893545150756836,1,1,1e-06,0.0
1,0.0024755001068115234,1,1,1e-06,0.0
1,0.005333662033081055,1,1,1e-06,0.0
1,0.002387523651123047,1,1,1e-06,0.0
1,0.03166627883911133,1,1,1e-06,0.0
1,0.0062749385833740234,1,1,1e-06,0.0
1,0.002258777618408203,1,1,1e-06,0.0
1,0.002888202667236328,1,1,1e-06,0.0
1,0.0026297569274902344,1,1,1e-06,0.0
1,0.0207061767578125,1,1,1e-06,0.0
1,0.0028553009033203125,1,1,1e-06,0.0
1,0.0021507740020751953,1,1,1e-06,0.0
1,0.0026412010192871094,1,1,1e-06,0.0
1,0.0021851062774658203,1,1,1e-06,0.0
1,0.002254486083984375,1,1,1e-06,0.0
1,0.002062559127807617,1,1,1e-06,0.0
1,0.14269518852233887,1,1,1e-06,0.0
1,0.0025300979614257812,1,1,1e-06,0.0
1,0.07422041893005371,1,1,1e-06,0.0
1,0.002733469009399414,1,1,1e-06,0.0
1,0.013008832931518555,1,1,1e-06,0.0
1,0.0030765533447265625,1,1,1e-06,0.0
1,0.002608060836791992,1,1,1e-06,0.0
1,0.0028007030487060547,1,1,1e-06,0.0
1,0.0043201446533203125,1,1,1e-06,0.0
1,0.0032358169555664062,1,1,1e-06,0.0
1,0.004555702209472656,1,1,1e-06,0.0
1,0.014208078384399414,1,1,1e-06,0.0
1,0.003069639205932617,1,1,1e-06,0.0
1,0.004311084747314453,1,1,1e-06,0.0
1,0.015395164489746094,1,1,1e-06,0.0
1,0.005142688751220703,1,1,1e-06,0.0
1,0.01789093017578125,1,1,1e-06,0.0
1,0.0036754608154296875,1,1,1e-06,0.0
1,0.0038177967071533203,1,1,1e-06,0.0
1,0.009862422943115234,1,1,1e-06,0.0
1,0.004311561584472656,1,1,1e-06,0.0
1,0.0031366348266601562,1,1,1e-06,0.0
1,0.002473592758178711,1,1,1e-06,0.0
1,0.003818035125732422,1,1,1e-06,0.0
1,0.002004861831665039,1,1,1e-06,0.0
1,0.1940305233001709,1,1,1e-06,0.0
1,0.07957959175109863,1,1,1e-06,0.0
1,0.003662109375,1,1,1e-06,0.0
1,0.003343343734741211,1,1,1e-06,0.0
1,0.11485648155212402,1,1,1e-06,0.0
1,0.0042002201080322266,1,1,1e-06,0.0
1,0.0032100677490234375,1,1,1e-06,0.0
1,0.009308338165283203,1,1,1e-06,0.0
1,0.0048410892486572266,1,1,1e-06,0.0
1,0.003734588623046875,1,1,1e-06,0.0
1,0.005948543548583984,1,1,1e-06,0.0
1,0.021004199981689453,1,1,1e-06,0.0
1,0.0033500194549560547,1,1,1e-06,0.0
1,0.005315065383911133,1,1,1e-06,0.0
1,0.07588672637939453,1,1,1e-06,0.0
1,0.0038025379180908203,1,1,1e-06,0.0
1,0.003098726272583008,1,1,1e-06,0.0
1,0.0351862907409668,1,1,1e-06,0.0
1,0.0034101009368896484,1,1,1e-06,0.0
1,0.0031003952026367188,1,1,1e-06,0.0
1,0.35991621017456055,1,1,1e-06,0.0
1,0.01591634750366211,1,1,1e-06,0.0
1,0.005077362060546875,1,1,1e-06,0.0
1,0.003247976303100586,1,1,1e-06,0.0
1,0.003854990005493164,1,1,1e-06,0.0
1,0.0058672428131103516,1,1,1e-06,0.0
1,0.003571033477783203,1,1,1e-06,0.0
1,0.013784646987915039,1,1,1e-06,0.0
1,0.02678704261779785,1,1,1e-06,0.0
1,0.0049593448638916016,1,1,1e-06,0.0
1,0.0032982826232910156,1,1,1e-06,0.0
1,0.003861665725708008,1,1,1e-06,0.0
1,0.0031218528747558594,1,1,1e-06,0.0
1,0.0033109188079833984,1,1,1e-06,0.0
1,0.003253936767578125,1,1,1e-06,0.0
1,0.002948284149169922,1,1,1e-06,0.0
1,0.004714012145996094,1,1,1e-06,0.0
1,0.12841033935546875,1,1,1e-06,0.0
1,0.003339052200317383,1,1,1e-06,0.0
1,0.003067493438720703,1,1,1e-06,0.0
1,0.1556713581085205,1,1,1e-06,0.0
1,0.00438380241394043,1,1,1e-06,0.0
1,0.0044100284576416016,1,1,1e-06,0.0
1,0.010661840438842773,1,1,1e-06,0.0
1,0.004422664642333984,1,1,1e-06,0.0
1,0.004103183746337891,1,1,1e-06,0.0
1,0.0055599212646484375,1,1,1e-06,0.0
1,0.008816957473754883,1,1,1e-06,0.0
1,0.0069653987884521484,1,1,1e-06,0.0
1,0.002909421920776367,1,1,1e-06,0.0
1,0.04665946960449219,1,1,1e-06,0.0
1,0.0038263797760009766,1,1,1e-06,0.0
1,0.005873680114746094,1,1,1e-06,0.0
1,0.006568193435668945,1,1,1e-06,0.0
1,0.005384206771850586,1,1,1e-06,0.0
1,0.004133939743041992,1,1,1e-06,0.0
1,0.010127782821655273,1,1,1e-06,0.0
1,0.008669376373291016,1,1,1e-06,0.0
1,0.0032799243927001953,1,1,1e-06,0.0
1,0.003114461898803711,1,1,1e-06,0.0
1,0.0052947998046875,1,1,1e-06,0.0
1,0.002706289291381836,1,1,1e-06,0.0
1,0.003850698471069336,1,1,1e-06,0.0
1,0.01060175895690918,1,1,1e-06,0.0
1,0.012987852096557617,1,1,1e-06,0.0
1,0.0030517578125,1,1,1e-06,0.0
1,0.03165078163146973,1,1,1e-06,0.0
1,0.0034661293029785156,1,1,1e-06,0.0
1,0.0030519962310791016,1,1,1e-06,0.0
1,0.004700422286987305,1,1,1e-06,0.0
1,0.004778146743774414,1,1,1e-06,0.0
1,0.0062885284423828125,1,1,1e-06,0.0
1,0.003195047378540039,1,1,1e-06,0.0
1,0.029375791549682617,1,1,1e-06,0.0
1,0.007756233215332031,1,1,1e-06,0.0
1,0.0036220550537109375,1,1,1e-06,0.0
1,0.003309011459350586,1,1,1e-06,0.0
1,0.002924203872680664,1,1,1e-06,0.0
1,0.029601573944091797,1,1,1e-06,0.0
1,0.003423452377319336,1,1,1e-06,0.0
1,0.0023751258850097656,1,1,1e-06,0.0
1,0.0041425228118896484,1,1,1e-06,0.0
1,0.002695798873901367,1,1,1e-06,0.0
1,0.0022513866424560547,1,1,1e-06,0.0
1,0.005669116973876953,1,1,1e-06,0.0
1,0.016233444213867188,1,1,1e-06,0.0
1,0.007781982421875,1,1,1e-06,0.0
1,0.0034024715423583984,1,1,1e-06,0.0
1,0.0028839111328125,1,1,1e-06,0.0
1,0.027051210403442383,1,1,1e-06,0.0
1,0.0050923824310302734,1,1,1e-06,0.0
1,0.002812623977661133,1,1,1e-06,0.0
1,0.0048999786376953125,1,1,1e-06,0.0
1,0.002215147018432617,1,1,1e-06,0.0
1,0.002688169479370117,1,1,1e-06,0.0
1,0.0025823116302490234,1,1,1e-06,0.0
1,0.003322601318359375,1,1,1e-06,0.0
1,0.0035240650177001953,1,1,1e-06,0.0
1,0.03682422637939453,1,1,1e-06,0.0
1,0.0030786991119384766,1,1,1e-06,0.0
1,0.0022933483123779297,1,1,1e-06,0.0
1,0.037436723709106445,1,1,1e-06,0.0
1,0.002995729446411133,1,1,1e-06,0.0
1,0.0035190582275390625,1,1,1e-06,0.0
1,0.02240753173828125,1,1,1e-06,0.0
1,0.0029604434967041016,1,1,1e-06,0.0
1,0.04054760932922363,1,1,1e-06,0.0
1,0.0037620067596435547,1,1,1e-06,0.0
1,0.03942704200744629,1,1,1e-06,0.0
1,0.0036690235137939453,1,1,1e-06,0.0
1,0.006943225860595703,1,1,1e-06,0.0
1,0.004841327667236328,1,1,1e-06,0.0
1,0.0035979747772216797,1,1,1e-06,0.0
1,0.014952421188354492,1,1,1e-06,0.0
1,0.005473613739013672,1,1,1e-06,0.0
1,0.01251220703125,1,1,1e-06,0.0
1,0.01611638069152832,1,1,1e-06,0.0
1,0.00359344482421875,1,1,1e-06,0.0
1,0.003710508346557617,1,1,1e-06,0.0
1,0.004801034927368164,1,1,1e-06,0.0
1,0.005578517913818359,1,1,1e-06,0.0
1,0.00519108772277832,1,1,1e-06,0.0
1,0.01120615005493164,1,1,1e-06,0.0
1,0.0039331912994384766,1,1,1e-06,0.0
1,0.015358448028564453,1,1,1e-06,0.0
1,0.007541656494140625,1,1,1e-06,0.0
1,0.0031719207763671875,1,1,1e-06,0.0
1,0.00866842269897461,1,1,1e-06,0.0
1,0.06608819961547852,1,1,1e-06,0.0
1,0.0038177967071533203,1,1,1e-06,0.0
1,0.0033464431762695312,1,1,1e-06,0.0
1,0.0029191970825195312,1,1,1e-06,0.0
1,0.004991054534912109,1,1,1e-06,0.0
1,0.003641843795776367,1,1,1e-06,0.0
1,0.0033998489379882812,1,1,1e-06,0.0
1,0.004158496856689453,1,1,1e-06,0.0
1,0.004319190979003906,1,1,1e-06,0.0
1,0.0059320926666259766,1,1,1e-06,0.0
1,0.007011890411376953,1,1,1e-06,0.0
1,0.004462003707885742,1,1,1e-06,0.0
1,0.003287792205810547,1,1,1e-06,0.0
1,0.003858804702758789,1,1,1e-06,0.0
1,0.002983570098876953,1,1,1e-06,0.0
1,0.002843141555786133,1,1,1e-06,0.0
1,0.0038840770721435547,1,1,1e-06,0.0
1,0.003400564193725586,1,1,1e-06,0.0
1,0.004247188568115234,1,1,1e-06,0.0
1,0.01014566421508789,1,1,1e-06,0.0
1,0.003686189651489258,1,1,1e-06,0.0
1,0.0063076019287109375,1,1,1e-06,0.0
1,0.0042917728424072266,1,1,1e-06,0.0
1,0.021627426147460938,1,1,1e-06,0.0
1,0.0029282569885253906,1,1,1e-06,0.0
1,0.003275632858276367,1,1,1e-06,0.0
1,0.0033218860626220703,1,1,1e-06,0.0
1,0.0030906200408935547,1,1,1e-06,0.0
1,0.01129007339477539,1,1,1e-06,0.0
1,0.0035080909729003906,1,1,1e-06,0.0
1,0.004342079162597656,1,1,1e-06,0.0
1,0.0033211708068847656,1,1,1e-06,0.0
1,0.0033140182495117188,1,1,1e-06,0.0
1,0.015460968017578125,1,1,1e-06,0.0
1,0.004523515701293945,1,1,1e-06,0.0
1,0.004274845123291016,1,1,1e-06,0.0
1,0.006100654602050781,1,1,1e-06,0.0
1,0.0101165771484375,1,1,1e-06,0.0
1,0.004006624221801758,1,1,1e-06,0.0
1,0.01924419403076172,1,1,1e-06,0.0
1,0.003291606903076172,1,1,1e-06,0.0
1,0.0036165714263916016,1,1,1e-06,0.0
1,0.02375054359436035,1,1,1e-06,0.0
1,0.0031921863555908203,1,1,1e-06,0.0
1,0.002655029296875,1,1,1e-06,0.0
1,0.010087013244628906,1,1,1e-06,0.0
1,0.05534982681274414,1,1,1e-06,0.0
1,0.0030829906463623047,1,1,1e-06,0.0
1,0.002724170684814453,1,1,1e-06,0.0
1,0.01577138900756836,1,1,1e-06,0.0
1,0.003810405731201172,1,1,1e-06,0.0
1,0.004508018493652344,1,1,1e-06,0.0
1,0.004181623458862305,1,1,1e-06,0.0
1,0.005691051483154297,1,1,1e-06,0.0
1,0.003623485565185547,1,1,1e-06,0.0
1,0.00231170654296875,1,1,1e-06,0.0
1,0.01423788070678711,1,1,1e-06,0.0
1,0.006951093673706055,1,1,1e-06,0.0
1,0.005100727081298828,1,1,1e-06,0.0
1,0.003430604934692383,1,1,1e-06,0.0
1,0.0038137435913085938,1,1,1e-06,0.0
1,0.0035521984100341797,1,1,1e-06,0.0
1,0.005220651626586914,1,1,1e-06,0.0
1,0.01326608657836914,1,1,1e-06,0.0
1,0.002887248992919922,1,1,1e-06,0.0
1,0.003499269485473633,1,1,1e-06,0.0
1,0.0025987625122070312,1,1,1e-06,0.0
1,0.010214090347290039,1,1,1e-06,0.0
1,0.00498509407043457,1,1,1e-06,0.0
1,0.03646540641784668,1,1,1e-06,0.0
1,0.002666950225830078,1,1,1e-06,0.0
1,0.0032491683959960938,1,1,1e-06,0.0
1,0.0024178028106689453,1,1,1e-06,0.0
1,0.0034890174865722656,1,1,1e-06,0.0
1,0.00508570671081543,1,1,1e-06,0.0
1,0.05733513832092285,1,1,1e-06,0.0
1,0.0034520626068115234,1,1,1e-06,0.0
1,0.003474712371826172,1,1,1e-06,0.0
1,0.0026514530181884766,1,1,1e-06,0.0
1,0.0021114349365234375,1,1,1e-06,0.0
1,0.028964757919311523,1,1,1e-06,0.0
1,0.0035004615783691406,1,1,1e-06,0.0
1,0.004400491714477539,1,1,1e-06,0.0
1,0.0028162002563476562,1,1,1e-06,0.0
1,0.0026733875274658203,1,1,1e-06,0.0
1,0.21194934844970703,1,1,1e-06,0.0
1,0.002829313278198242,1,1,1e-06,0.0
1,0.0032858848571777344,1,1,1e-06,0.0
1,0.0027642250061035156,1,1,1e-06,0.0
1,0.0034389495849609375,1,1,1e-06,0.0
1,0.0027217864990234375,1,1,1e-06,0.0
1,0.029041290283203125,1,1,1e-06,0.0
1,0.0028989315032958984,1,1,1e-06,0.0
1,0.0024597644805908203,1,1,1e-06,0.0
1,0.005730152130126953,1,1,1e-06,0.0
1,0.003308534622192383,1,1,1e-06,0.0
1,0.0032796859741210938,1,1,1e-06,0.0
1,0.007684230804443359,1,1,1e-06,0.0
1,0.018837451934814453,1,1,1e-06,0.0
1,0.004183530807495117,1,1,1e-06,0.0
1,0.0035135746002197266,1,1,1e-06,0.0
1,0.01305246353149414,1,1,1e-06,0.0
1,0.0258941650390625,1,1,1e-06,0.0
1,0.009941816329956055,1,1,1e-06,0.0
1,0.052556514739990234,1,1,1e-06,0.0
1,0.03414559364318848,1,1,1e-06,0.0
1,0.002722024917602539,1,1,1e-06,0.0
1,0.003295421600341797,1,1,1e-06,0.0
1,0.00353240966796875,1,1,1e-06,0.0
1,0.004185914993286133,1,1,1e-06,0.0
1,0.0024280548095703125,1,1,1e-06,0.0
1,0.0026557445526123047,1,1,1e-06,0.0
1,0.004003286361694336,1,1,1e-06,0.0
1,0.03220224380493164,1,1,1e-06,0.0
1,0.0346684455871582,1,1,1e-06,0.0
1,0.0029594898223876953,1,1,1e-06,0.0
1,0.002432107925415039,1,1,1e-06,0.0
1,0.0032088756561279297,1,1,1e-06,0.0
1,0.04935097694396973,1,1,1e-06,0.0
1,0.02222585678100586,1,1,1e-06,0.0
1,0.00279998779296875,1,1,1e-06,0.0
1,0.020905017852783203,1,1,1e-06,0.0
1,0.0024657249450683594,1,1,1e-06,0.0
1,0.17264986038208008,1,1,1e-06,0.0
1,0.003580331802368164,1,1,1e-06,0.0
1,0.0026285648345947266,1,1,1e-06,0.0
1,0.00215911865234375,1,1,1e-06,0.0
1,0.002188444137573242,1,1,1e-06,0.0
1,0.004025697708129883,1,1,1e-06,0.0
1,0.002360820770263672,1,1,1e-06,0.0
1,0.0029892921447753906,1,1,1e-06,0.0
1,0.0024662017822265625,1,1,1e-06,0.0
1,0.009890079498291016,1,1,1e-06,0.0
1,0.0038979053497314453,1,1,1e-06,0.0
1,0.0036416053771972656,1,1,1e-06,0.0
1,0.0022983551025390625,1,1,1e-06,0.0
1,0.003762960433959961,1,1,1e-06,0.0
1,0.004530906677246094,1,1,1e-06,0.0
1,0.07913494110107422,1,1,1e-06,0.0
1,0.004466056823730469,1,1,1e-06,0.0
1,0.003889322280883789,1,1,1e-06,0.0
1,0.002796649932861328,1,1,1e-06,0.0
1,0.022063255310058594,1,1,1e-06,0.0
1,0.0184175968170166,1,1,1e-06,0.0
1,0.0031130313873291016,1,1,1e-06,0.0
1,0.03226184844970703,1,1,1e-06,0.0
1,0.007700920104980469,1,1,1e-06,0.0
1,0.002877950668334961,1,1,1e-06,0.0
1,0.002807140350341797,1,1,1e-06,0.0
1,0.0027399063110351562,1,1,1e-06,0.0
1,0.01179814338684082,1,1,1e-06,0.0
1,0.003007173538208008,1,1,1e-06,0.0
1,0.002413034439086914,1,1,1e-06,0.0
1,0.0029859542846679688,1,1,1e-06,0.0
1,0.0029261112213134766,1,1,1e-06,0.0
1,0.002503633499145508,1,1,1e-06,0.0
1,0.003881216049194336,1,1,1e-06,0.0
1,0.13289928436279297,1,1,1e-06,0.0
1,0.0028793811798095703,1,1,1e-06,0.0
1,0.0048596858978271484,1,1,1e-06,0.0
1,0.00322723388671875,1,1,1e-06,0.0
1,0.0027055740356445312,1,1,1e-06,0.0
1,0.003021717071533203,1,1,1e-06,0.0
1,0.0022499561309814453,1,1,1e-06,0.0
1,0.0029191970825195312,1,1,1e-06,0.0
1,0.0048105716705322266,1,1,1e-06,0.0
1,0.008582592010498047,1,1,1e-06,0.0
1,0.0021424293518066406,1,1,1e-06,0.0
1,0.002885580062866211,1,1,1e-06,0.0
1,0.0159909725189209,1,1,1e-06,0.0
1,0.0031828880310058594,1,1,1e-06,0.0
1,0.0048525333404541016,1,1,1e-06,0.0
1,0.002373218536376953,1,1,1e-06,0.0
1,0.002060413360595703,1,1,1e-06,0.0
1,0.0034644603729248047,1,1,1e-06,0.0
1,0.03488421440124512,1,1,1e-06,0.0
1,0.0027337074279785156,1,1,1e-06,0.0
1,0.003015279769897461,1,1,1e-06,0.0
1,0.007645130157470703,1,1,1e-06,0.0
1,0.003818511962890625,1,1,1e-06,0.0
1,0.0025763511657714844,1,1,1e-06,0.0
1,0.005688667297363281,1,1,1e-06,0.0
1,0.011270761489868164,1,1,1e-06,0.0
1,0.031226634979248047,1,1,1e-06,0.0
1,0.09193825721740723,1,1,1e-06,0.0
1,0.02241826057434082,1,1,1e-06,0.0
1,0.003107786178588867,1,1,1e-06,0.0
1,0.0040814876556396484,1,1,1e-06,0.0
1,0.004662513732910156,1,1,1e-06,0.0
1,0.054883718490600586,1,1,1e-06,0.0
1,0.003381490707397461,1,1,1e-06,0.0
1,0.004365682601928711,1,1,1e-06,0.0
1,0.11729621887207031,1,1,1e-06,0.0
1,0.003395557403564453,1,1,1e-06,0.0
1,0.007573843002319336,1,1,1e-06,0.0
1,0.003070831298828125,1,1,1e-06,0.0
1,0.004034757614135742,1,1,1e-06,0.0
1,0.0036292076110839844,1,1,1e-06,0.0
1,0.004134654998779297,1,1,1e-06,0.0
1,0.00304412841796875,1,1,1e-06,0.0
1,0.019009828567504883,1,1,1e-06,0.0
1,0.003911733627319336,1,1,1e-06,0.0
1,0.006661415100097656,1,1,1e-06,0.0
1,0.0027751922607421875,1,1,1e-06,0.0
1,0.003056049346923828,1,1,1e-06,0.0
1,0.0023419857025146484,1,1,1e-06,0.0
1,0.04029440879821777,1,1,1e-06,0.0
1,0.0077228546142578125,1,1,1e-06,0.0
1,0.0031135082244873047,1,1,1e-06,0.0
1,0.0029845237731933594,1,1,1e-06,0.0
1,0.004545450210571289,1,1,1e-06,0.0
1,0.0030298233032226562,1,1,1e-06,0.0
1,0.003766775131225586,1,1,1e-06,0.0
1,0.004189014434814453,1,1,1e-06,0.0
1,0.02259206771850586,1,1,1e-06,0.0
1,0.007441520690917969,1,1,1e-06,0.0
1,0.025237321853637695,1,1,1e-06,0.0
1,0.003361225128173828,1,1,1e-06,0.0
1,0.0031280517578125,1,1,1e-06,0.0
1,0.003392934799194336,1,1,1e-06,0.0
1,0.011400938034057617,1,1,1e-06,0.0
1,0.006798744201660156,1,1,1e-06,0.0
1,0.0032129287719726562,1,1,1e-06,0.0
1,0.006894111633300781,1,1,1e-06,0.0
1,0.002959728240966797,1,1,1e-06,0.0
1,0.5613698959350586,1,1,1e-06,0.0
1,0.0041656494140625,1,1,1e-06,0.0
1,0.005292415618896484,1,1,1e-06,0.0
1,0.021044254302978516,1,1,1e-06,0.0
1,0.00310516357421875,1,1,1e-06,0.0
1,0.0023126602172851562,1,1,1e-06,0.0
1,0.003160715103149414,1,1,1e-06,0.0
1,0.002353191375732422,1,1,1e-06,0.0
1,0.0028009414672851562,1,1,1e-06,0.0
1,0.0484461784362793,1,1,1e-06,0.0
1,0.0035858154296875,1,1,1e-06,0.0
1,0.021697998046875,1,1,1e-06,0.0
1,0.002368927001953125,1,1,1e-06,0.0
1,0.0026569366455078125,1,1,1e-06,0.0
1,0.009837150573730469,1,1,1e-06,0.0
1,0.003483295440673828,1,1,1e-06,0.0
1,0.06782245635986328,1,1,1e-06,0.0
1,0.012196540832519531,1,1,1e-06,0.0
0,1.60321044921875,0,0,,0.0
1,0.0057828426361083984,1,1,1e-06,0.0
1,0.002378225326538086,1,1,1e-06,0.0
1,0.010154485702514648,1,1,1e-06,0.0
1,0.0034220218658447266,1,1,1e-06,0.0
1,0.003009319305419922,1,1,1e-06,0.0
1,0.003028392791748047,1,1,1e-06,0.0
1,0.6738250255584717,1,1,1e-06,0.0
1,0.0042307376861572266,1,1,1e-06,0.0
1,0.00927877426147461,1,1,1e-06,0.0
1,0.0037276744842529297,1,1,1e-06,0.0
1,0.003808259963989258,1,1,1e-06,0.0
1,0.0028066635131835938,1,1,1e-06,0.0
1,0.02251887321472168,1,1,1e-06,0.0
1,0.0031282901763916016,1,1,1e-06,0.0
1,0.0038361549377441406,1,1,1e-06,0.0
1,0.021357059478759766,1,1,1e-06,0.0
1,0.00461268424987793,1,1,1e-06,0.0
1,0.0034079551696777344,1,1,1e-06,0.0
1,0.002904653549194336,1,1,1e-06,0.0
1,0.0033042430877685547,1,1,1e-06,0.0
1,0.0030052661895751953,1,1,1e-06,0.0
1,0.0031554698944091797,1,1,1e-06,0.0
1,0.004932403564453125,1,1,1e-06,0.0
1,0.010527849197387695,1,1,1e-06,0.0
1,0.003160715103149414,1,1,1e-06,0.0
1,0.03788566589355469,1,1,1e-06,0.0
1,0.0027685165405273438,1,1,1e-06,0.0
1,0.0029854774475097656,1,1,1e-06,0.0
1,0.01106405258178711,1,1,1e-06,0.0
1,0.003421783447265625,1,1,1e-06,0.0
1,0.002694845199584961,1,1,1e-06,0.0
1,0.005500316619873047,1,1,1e-06,0.0
1,0.023797988891601562,1,1,1e-06,0.0
1,0.014696121215820312,1,1,1e-06,0.0
1,0.004076242446899414,1,1,1e-06,0.0
1,0.03686785697937012,1,1,1e-06,0.0
1,0.0034677982330322266,1,1,1e-06,0.0
1,0.0032134056091308594,1,1,1e-06,0.0
1,0.003170013427734375,1,1,1e-06,0.0
1,0.002932310104370117,1,1,1e-06,0.0
1,0.04543256759643555,1,1,1e-06,0.0
1,0.014615774154663086,1,1,1e-06,0.0
1,0.0035309791564941406,1,1,1e-06,0.0
1,0.035677433013916016,1,1,1e-06,0.0
1,0.0031685829162597656,1,1,1e-06,0.0
1,0.004138469696044922,1,1,1e-06,0.0
1,0.017110347747802734,1,1,1e-06,0.0
1,0.004571437835693359,1,1,1e-06,0.0
1,0.006560325622558594,1,1,1e-06,0.0
1,0.019289731979370117,1,1,1e-06,0.0
1,0.0036859512329101562,1,1,1e-06,0.0
1,0.0031659603118896484,1,1,1e-06,0.0
1,0.0032193660736083984,1,1,1e-06,0.0
1,0.026114225387573242,1,1,1e-06,0.0
1,0.0029571056365966797,1,1,1e-06,0.0
1,0.01802825927734375,1,1,1e-06,0.0
1,0.0037102699279785156,1,1,1e-06,0.0
1,0.004796504974365234,1,1,1e-06,0.0
1,0.0037615299224853516,1,1,1e-06,0.0
1,0.0034635066986083984,1,1,1e-06,0.0
1,0.003171205520629883,1,1,1e-06,0.0
1,0.003462076187133789,1,1,1e-06,0.0
1,0.0053484439849853516,1,1,1e-06,0.0
1,0.002894878387451172,1,1,1e-06,0.0
1,0.005939006805419922,1,1,1e-06,0.0
1,0.01452946662902832,1,1,1e-06,0.0
1,0.00540614128112793,1,1,1e-06,0.0
1,0.005299091339111328,1,1,1e-06,0.0
1,0.0035581588745117188,1,1,1e-06,0.0
1,0.004027843475341797,1,1,1e-06,0.0
1,0.0036835670471191406,1,1,1e-06,0.0
1,0.0557711124420166,1,1,1e-06,0.0
1,0.002934694290161133,1,1,1e-06,0.0
1,0.018471479415893555,1,1,1e-06,0.0
1,0.0036597251892089844,1,1,1e-06,0.0
1,0.004591464996337891,1,1,1e-06,0.0
1,0.0032486915588378906,1,1,1e-06,0.0
1,0.003336191177368164,1,1,1e-06,0.0
1,0.0037000179290771484,1,1,1e-06,0.0
1,0.003083944320678711,1,1,1e-06,0.0
1,0.0037343502044677734,1,1,1e-06,0.0
1,0.02006816864013672,1,1,1e-06,0.0
1,0.023795127868652344,1,1,1e-06,0.0
1,0.002573728561401367,1,1,1e-06,0.0
1,0.017729997634887695,1,1,1e-06,0.0
1,0.002710580825805664,1,1,1e-06,0.0
1,0.0022499561309814453,1,1,1e-06,0.0
1,0.005347013473510742,1,1,1e-06,0.0
1,0.004719972610473633,1,1,1e-06,0.0
1,0.003021717071533203,1,1,1e-06,0.0
1,0.007970571517944336,1,1,1e-06,0.0
1,0.005608797073364258,1,1,1e-06,0.0
1,0.05661916732788086,1,1,1e-06,0.0
1,0.004183769226074219,1,1,1e-06,0.0
1,0.003962516784667969,1,1,1e-06,0.0
1,0.04030752182006836,1,1,1e-06,0.0
1,0.0029463768005371094,1,1,1e-06,0.0
1,0.004930973052978516,1,1,1e-06,0.0
1,0.004145383834838867,1,1,1e-06,0.0
1,0.002681732177734375,1,1,1e-06,0.0
1,0.005433797836303711,1,1,1e-06,0.0
1,0.005651712417602539,1,1,1e-06,0.0
1,0.002406597137451172,1,1,1e-06,0.0
1,0.002656698226928711,1,1,1e-06,0.0
1,0.0032863616943359375,1,1,1e-06,0.0
1,0.002518892288208008,1,1,1e-06,0.0
1,0.0031783580780029297,1,1,1e-06,0.0
1,0.0030393600463867188,1,1,1e-06,0.0
1,0.008334159851074219,1,1,1e-06,0.0
1,0.003727436065673828,1,1,1e-06,0.0
1,0.002775430679321289,1,1,1e-06,0.0
1,0.17854785919189453,1,1,1e-06,0.0
1,0.003423929214477539,1,1,1e-06,0.0
1,0.031466007232666016,1,1,1e-06,0.0
1,0.003937721252441406,1,1,1e-06,0.0
1,0.003438711166381836,1,1,1e-06,0.0
1,0.0026781558990478516,1,1,1e-06,0.0
1,0.09270977973937988,1,1,1e-06,0.0
1,0.0027618408203125,1,1,1e-06,0.0
1,0.05927729606628418,1,1,1e-06,0.0
1,0.00798654556274414,1,1,1e-06,0.0
1,0.0027997493743896484,1,1,1e-06,0.0
1,0.06668710708618164,1,1,1e-06,0.0
1,0.0023910999298095703,1,1,1e-06,0.0
1,0.004320859909057617,1,1,1e-06,0.0
1,0.0026726722717285156,1,1,1e-06,0.0
1,0.002917766571044922,1,1,1e-06,0.0
1,0.00588536262512207,1,1,1e-06,0.0
1,0.010919570922851562,1,1,1e-06,0.0
1,0.0024094581604003906,1,1,1e-06,0.0
1,0.002784252166748047,1,1,1e-06,0.0
1,0.018894433975219727,1,1,1e-06,0.0
1,0.006302356719970703,1,1,1e-06,0.0
1,0.025422096252441406,1,1,1e-06,0.0
1,0.00189208984375,1,1,1e-06,0.0
1,0.001856088638305664,1,1,1e-06,0.0
1,0.03226161003112793,1,1,1e-06,0.0
1,0.001965761184692383,1,1,1e-06,0.0
1,0.011971235275268555,1,1,1e-06,0.0
1,0.0025048255920410156,1,1,1e-06,0.0
1,0.013561487197875977,1,1,1e-06,0.0
1,0.0021848678588867188,1,1,1e-06,0.0
1,0.002465963363647461,1,1,1e-06,0.0
1,0.0028765201568603516,1,1,1e-06,0.0
1,0.030358314514160156,1,1,1e-06,0.0
1,0.0020685195922851562,1,1,1e-06,0.0
1,0.004576921463012695,1,1,1e-06,0.0
1,0.0022039413452148438,1,1,1e-06,0.0
1,0.02408909797668457,1,1,1e-06,0.0
1,0.002717256546020508,1,1,1e-06,0.0
1,0.004831552505493164,1,1,1e-06,0.0
1,0.0043125152587890625,1,1,1e-06,0.0
1,0.0035059452056884766,1,1,1e-06,0.0
1,0.03332638740539551,1,1,1e-06,0.0
1,0.0023360252380371094,1,1,1e-06,0.0
1,0.0031452178955078125,1,1,1e-06,0.0
1,0.0020723342895507812,1,1,1e-06,0.0
1,0.009060382843017578,1,1,1e-06,0.0
1,0.0026183128356933594,1,1,1e-06,0.0
1,0.024359464645385742,1,1,1e-06,0.0
1,0.0025167465209960938,1,1,1e-06,0.0
1,0.0024797916412353516,1,1,1e-06,0.0
1,0.0021314620971679688,1,1,1e-06,0.0
1,0.013931512832641602,1,1,1e-06,0.0
1,0.0019402503967285156,1,1,1e-06,0.0
1,0.0027990341186523438,1,1,1e-06,0.0
1,0.004392147064208984,1,1,1e-06,0.0
1,0.005967617034912109,1,1,1e-06,0.0
1,0.0022704601287841797,1,1,1e-06,0.0
1,0.002730846405029297,1,1,1e-06,0.0
1,0.003975868225097656,1,1,1e-06,0.0
1,0.0025026798248291016,1,1,1e-06,0.0
1,0.0024900436401367188,1,1,1e-06,0.0
1,0.005089521408081055,1,1,1e-06,0.0
1,0.0023915767669677734,1,1,1e-06,0.0
1,0.0025751590728759766,1,1,1e-06,0.0
1,0.002574443817138672,1,1,1e-06,0.0
1,0.002305269241333008,1,1,1e-06,0.0
1,0.003355741500854492,1,1,1e-06,0.0
1,0.004017829895019531,1,1,1e-06,0.0
1,0.002237558364868164,1,1,1e-06,0.0
1,0.0029845237731933594,1,1,1e-06,0.0
1,0.002313375473022461,1,1,1e-06,0.0
1,0.002273082733154297,1,1,1e-06,0.0
1,0.015764474868774414,1,1,1e-06,0.0
1,0.03670167922973633,1,1,1e-06,0.0
1,0.0073528289794921875,1,1,1e-06,0.0
1,0.008374691009521484,1,1,1e-06,0.0
1,0.03699970245361328,1,1,1e-06,0.0
1,0.007419586181640625,1,1,1e-06,0.0
1,0.02456974983215332,1,1,1e-06,0.0
1,0.014807939529418945,1,1,1e-06,0.0
1,0.003214597702026367,1,1,1e-06,0.0
1,0.01728510856628418,1,1,1e-06,0.0
1,0.023418664932250977,1,1,1e-06,0.0
1,0.006248950958251953,1,1,1e-06,0.0
1,0.013741254806518555,1,1,1e-06,0.0
1,0.0026426315307617188,1,1,1e-06,0.0
1,0.002702951431274414,1,1,1e-06,0.0
1,0.001999378204345703,1,1,1e-06,0.0
1,0.0033130645751953125,1,1,1e-06,0.0
1,0.006005764007568359,1,1,1e-06,0.0
1,0.029052257537841797,1,1,1e-06,0.0
1,0.0020656585693359375,1,1,1e-06,0.0
1,0.0527644157409668,1,1,1e-06,0.0
1,0.013347148895263672,1,1,1e-06,0.0
1,0.003493785858154297,1,1,1e-06,0.0
1,0.002207517623901367,1,1,1e-06,0.0
1,0.0029175281524658203,1,1,1e-06,0.0
1,0.0029802322387695312,1,1,1e-06,0.0
1,0.002950429916381836,1,1,1e-06,0.0
1,0.0030617713928222656,1,1,1e-06,0.0
1,0.0034346580505371094,1,1,1e-06,0.0
1,0.04396462440490723,1,1,1e-06,0.0
1,0.0021610260009765625,1,1,1e-06,0.0
1,0.06941699981689453,1,1,1e-06,0.0
1,0.0023238658905029297,1,1,1e-06,0.0
1,0.015839338302612305,1,1,1e-06,0.0
1,0.012686491012573242,1,1,1e-06,0.0
1,0.04927992820739746,1,1,1e-06,0.0
1,0.01093602180480957,1,1,1e-06,0.0
1,0.004778623580932617,1,1,1e-06,0.0
1,0.0036067962646484375,1,1,1e-06,0.0
1,0.0022568702697753906,1,1,1e-06,0.0
1,0.003650188446044922,1,1,1e-06,0.0
1,0.003496408462524414,1,1,1e-06,0.0
1,0.003433704376220703,1,1,1e-06,0.0
1,0.01351022720336914,1,1,1e-06,0.0
1,0.02735590934753418,1,1,1e-06,0.0
1,0.002432584762573242,1,1,1e-06,0.0
1,0.002129793167114258,1,1,1e-06,0.0
1,0.004258871078491211,1,1,1e-06,0.0
1,0.013471603393554688,1,1,1e-06,0.0
1,0.013813972473144531,1,1,1e-06,0.0
1,0.03471493721008301,1,1,1e-06,0.0
1,0.011716127395629883,1,1,1e-06,0.0
1,0.002072572708129883,1,1,1e-06,0.0
1,0.002240896224975586,1,1,1e-06,0.0
1,0.0018661022186279297,1,1,1e-06,0.0
1,0.04323720932006836,1,1,1e-06,0.0
1,0.0025451183319091797,1,1,1e-06,0.0
1,0.0041387081146240234,1,1,1e-06,0.0
1,0.0025882720947265625,1,1,1e-06,0.0
1,0.0022132396697998047,1,1,1e-06,0.0
1,0.00480198860168457,1,1,1e-06,0.0
1,0.012476682662963867,1,1,1e-06,0.0
1,0.0023190975189208984,1,1,1e-06,0.0
1,0.002800464630126953,1,1,1e-06,0.0
1,0.007931709289550781,1,1,1e-06,0.0
1,0.004446506500244141,1,1,1e-06,0.0
1,0.008847951889038086,1,1,1e-06,0.0
1,0.003881216049194336,1,1,1e-06,0.0
1,0.0034151077270507812,1,1,1e-06,0.0
1,0.0045223236083984375,1,1,1e-06,0.0
1,0.004054546356201172,1,1,1e-06,0.0
1,0.008591890335083008,1,1,1e-06,0.0
1,0.0037703514099121094,1,1,1e-06,0.0
1,0.016042709350585938,1,1,1e-06,0.0
1,0.0030126571655273438,1,1,1e-06,0.0
1,0.004131793975830078,1,1,1e-06,0.0
1,0.0037708282470703125,1,1,1e-06,0.0
1,0.0035567283630371094,1,1,1e-06,0.0
1,0.007529258728027344,1,1,1e-06,0.0
1,0.005923032760620117,1,1,1e-06,0.0
1,0.01814889907836914,1,1,1e-06,0.0
1,0.004405498504638672,1,1,1e-06,0.0
1,0.010392189025878906,1,1,1e-06,0.0
1,0.005658864974975586,1,1,1e-06,0.0
1,0.005475044250488281,1,1,1e-06,0.0
1,0.004657268524169922,1,1,1e-06,0.0
1,0.0030775070190429688,1,1,1e-06,0.0
1,0.003178834915161133,1,1,1e-06,0.0
1,0.0028524398803710938,1,1,1e-06,0.0
1,0.008473634719848633,1,1,1e-06,0.0
1,0.0035920143127441406,1,1,1e-06,0.0
1,0.002027750015258789,1,1,1e-06,0.0
1,0.0027408599853515625,1,1,1e-06,0.0
1,0.0036237239837646484,1,1,1e-06,0.0
1,0.0035200119018554688,1,1,1e-06,0.0
1,0.008896350860595703,1,1,1e-06,0.0
1,0.00806283950805664,1,1,1e-06,0.0
1,0.006119251251220703,1,1,1e-06,0.0
1,0.015094995498657227,1,1,1e-06,0.0
1,0.00257110595703125,1,1,1e-06,0.0
1,0.005858898162841797,1,1,1e-06,0.0
1,0.013590335845947266,1,1,1e-06,0.0
1,0.006285905838012695,1,1,1e-06,0.0
1,0.00258636474609375,1,1,1e-06,0.0
1,0.003718852996826172,1,1,1e-06,0.0
1,0.002599477767944336,1,1,1e-06,0.0
1,0.014510631561279297,1,1,1e-06,0.0
1,0.01873636245727539,1,1,1e-06,0.0
1,0.007146120071411133,1,1,1e-06,0.0
1,0.0064029693603515625,1,1,1e-06,0.0
1,0.004010438919067383,1,1,1e-06,0.0
1,0.002841949462890625,1,1,1e-06,0.0
1,0.0030891895294189453,1,1,1e-06,0.0
1,0.0034401416778564453,1,1,1e-06,0.0
1,0.005495309829711914,1,1,1e-06,0.0
1,0.016524791717529297,1,1,1e-06,0.0
1,0.016065120697021484,1,1,1e-06,0.0
1,0.0475153923034668,1,1,1e-06,0.0
1,0.002135753631591797,1,1,1e-06,0.0
1,0.016258716583251953,1,1,1e-06,0.0
1,0.0022652149200439453,1,1,1e-06,0.0
1,0.0021190643310546875,1,1,1e-06,0.0
1,0.015554428100585938,1,1,1e-06,0.0
1,0.002522706985473633,1,1,1e-06,0.0
1,0.0052585601806640625,1,1,1e-06,0.0
1,0.0034151077270507812,1,1,1e-06,0.0
1,0.002604961395263672,1,1,1e-06,0.0
1,0.026953697204589844,1,1,1e-06,0.0
1,0.003245830535888672,1,1,1e-06,0.0
1,0.002129793167114258,1,1,1e-06,0.0
1,0.002046823501586914,1,1,1e-06,0.0
1,0.004360675811767578,1,1,1e-06,0.0
1,0.0040776729583740234,1,1,1e-06,0.0
1,0.008808612823486328,1,1,1e-06,0.0
1,0.018962860107421875,1,1,1e-06,0.0
1,0.005209922790527344,1,1,1e-06,0.0
1,0.006958484649658203,1,1,1e-06,0.0
1,0.003904581069946289,1,1,1e-06,0.0
1,0.029105186462402344,1,1,1e-06,0.0
1,0.01280832290649414,1,1,1e-06,0.0
1,0.003199338912963867,1,1,1e-06,0.0
1,0.0035636425018310547,1,1,1e-06,0.0
1,0.0028150081634521484,1,1,1e-06,0.0
1,0.003960609436035156,1,1,1e-06,0.0
1,0.027171850204467773,1,1,1e-06,0.0
1,0.03196287155151367,1,1,1e-06,0.0
1,0.004387378692626953,1,1,1e-06,0.0
1,0.0039615631103515625,1,1,1e-06,0.0
1,0.004122257232666016,1,1,1e-06,0.0
1,0.0027399063110351562,1,1,1e-06,0.0
1,0.010686397552490234,1,1,1e-06,0.0
1,0.00486302375793457,1,1,1e-06,0.0
1,0.0028693675994873047,1,1,1e-06,0.0
1,0.004006624221801758,1,1,1e-06,0.0
1,0.05154895782470703,1,1,1e-06,0.0
1,0.0029554367065429688,1,1,1e-06,0.0
1,0.0032973289489746094,1,1,1e-06,0.0
1,0.03466057777404785,1,1,1e-06,0.0
1,0.003756999969482422,1,1,1e-06,0.0
1,0.0031905174255371094,1,1,1e-06,0.0
1,0.003426790237426758,1,1,1e-06,0.0
1,0.003162384033203125,1,1,1e-06,0.0
1,0.003264904022216797,1,1,1e-06,0.0
1,0.003871917724609375,1,1,1e-06,0.0
1,0.00919651985168457,1,1,1e-06,0.0
1,0.07635831832885742,1,1,1e-06,0.0
1,0.006283283233642578,1,1,1e-06,0.0
1,0.0036895275115966797,1,1,1e-06,0.0
1,0.0035114288330078125,1,1,1e-06,0.0
1,0.006501674652099609,1,1,1e-06,0.0
1,0.0044705867767333984,1,1,1e-06,0.0
1,0.008736848831176758,1,1,1e-06,0.0
1,0.04398632049560547,1,1,1e-06,0.0
1,0.0075643062591552734,1,1,1e-06,0.0
1,0.0046291351318359375,1,1,1e-06,0.0
1,0.005237102508544922,1,1,1e-06,0.0
1,0.04498910903930664,1,1,1e-06,0.0
1,0.004151582717895508,1,1,1e-06,0.0
1,0.0030579566955566406,1,1,1e-06,0.0
1,0.0032312870025634766,1,1,1e-06,0.0
1,0.005246877670288086,1,1,1e-06,0.0
1,0.0031414031982421875,1,1,1e-06,0.0
1,0.0029752254486083984,1,1,1e-06,0.0
1,0.002905607223510742,1,1,1e-06,0.0
1,0.004488945007324219,1,1,1e-06,0.0
1,0.0056989192962646484,1,1,1e-06,0.0
1,0.0050373077392578125,1,1,1e-06,0.0
1,0.04495859146118164,1,1,1e-06,0.0
1,0.06981444358825684,1,1,1e-06,0.0
1,0.004311323165893555,1,1,1e-06,0.0
1,0.0052776336669921875,1,1,1e-06,0.0
1,0.004877328872680664,1,1,1e-06,0.0
1,0.004128456115722656,1,1,1e-06,0.0
1,0.004139423370361328,1,1,1e-06,0.0
1,0.005227088928222656,1,1,1e-06,0.0
1,0.0034744739532470703,1,1,1e-06,0.0
1,0.0034151077270507812,1,1,1e-06,0.0
1,0.00925755500793457,1,1,1e-06,0.0
1,0.0035517215728759766,1,1,1e-06,0.0
1,0.003984928131103516,1,1,1e-06,0.0
1,0.006346702575683594,1,1,1e-06,0.0
1,0.004712581634521484,1,1,1e-06,0.0
1,0.015073060989379883,1,1,1e-06,0.0
1,0.004848003387451172,1,1,1e-06,0.0
1,0.0030007362365722656,1,1,1e-06,0.0
1,0.008056163787841797,1,1,1e-06,0.0
1,0.012619495391845703,1,1,1e-06,0.0
1,0.0036101341247558594,1,1,1e-06,0.0
1,0.003679990768432617,1,1,1e-06,0.0
1,0.003669261932373047,1,1,1e-06,0.0
1,0.019252777099609375,1,1,1e-06,0.0
1,0.003927946090698242,1,1,1e-06,0.0
1,0.0043146610260009766,1,1,1e-06,0.0
1,0.004794597625732422,1,1,1e-06,0.0
1,0.003963470458984375,1,1,1e-06,0.0
1,0.004407644271850586,1,1,1e-06,0.0
1,0.005831003189086914,1,1,1e-06,0.0
1,0.04187488555908203,1,1,1e-06,0.0
1,0.013979434967041016,1,1,1e-06,0.0
1,0.004263401031494141,1,1,1e-06,0.0
1,0.0050504207611083984,1,1,1e-06,0.0
1,0.010606765747070312,1,1,1e-06,0.0
1,0.06435966491699219,1,1,1e-06,0.0
1,0.0036134719848632812,1,1,1e-06,0.0
1,0.1421222686767578,1,1,1e-06,0.0
1,0.1000680923461914,1,1,1e-06,0.0
1,0.18247771263122559,1,1,1e-06,0.0
1,0.004827260971069336,1,1,1e-06,0.0
1,0.004356861114501953,1,1,1e-06,0.0
1,0.008613109588623047,1,1,1e-06,0.0
1,0.006559848785400391,1,1,1e-06,0.0
1,0.009824037551879883,1,1,1e-06,0.0
1,0.01357269287109375,1,1,1e-06,0.0
1,0.0028858184814453125,1,1,1e-06,0.0
1,0.00603032112121582,1,1,1e-06,0.0
1,0.004026174545288086,1,1,1e-06,0.0
1,0.006549835205078125,1,1,1e-06,0.0
1,0.0048885345458984375,1,1,1e-06,0.0
1,0.020444154739379883,1,1,1e-06,0.0
1,0.005247831344604492,1,1,1e-06,0.0
1,0.002506256103515625,1,1,1e-06,0.0
1,0.0023469924926757812,1,1,1e-06,0.0
1,0.0021822452545166016,1,1,1e-06,0.0
1,0.03776121139526367,1,1,1e-06,0.0
1,0.0037317276000976562,1,1,1e-06,0.0
1,0.0061435699462890625,1,1,1e-06,0.0
1,0.002823352813720703,1,1,1e-06,0.0
1,0.043947696685791016,1,1,1e-06,0.0
1,0.04173421859741211,1,1,1e-06,0.0
1,0.003430604934692383,1,1,1e-06,0.0
1,0.01933431625366211,1,1,1e-06,0.0
1,0.0032546520233154297,1,1,1e-06,0.0
1,0.08242964744567871,1,1,1e-06,0.0
1,0.0031578540802001953,1,1,1e-06,0.0
1,0.006125211715698242,1,1,1e-06,0.0
1,0.04053759574890137,1,1,1e-06,0.0
1,0.0030379295349121094,1,1,1e-06,0.0
1,0.002850770950317383,1,1,1e-06,0.0
1,0.011904478073120117,1,1,1e-06,0.0
1,0.0037980079650878906,1,1,1e-06,0.0
1,0.01277923583984375,1,1,1e-06,0.0
1,0.06844067573547363,1,1,1e-06,0.0
1,0.004628181457519531,1,1,1e-06,0.0
1,0.051123619079589844,1,1,1e-06,0.0
1,0.15680956840515137,1,1,1e-06,0.0
1,0.01764988899230957,1,1,1e-06,0.0
1,0.012218236923217773,1,1,1e-06,0.0
1,0.007357597351074219,1,1,1e-06,0.0
1,0.008033514022827148,1,1,1e-06,0.0
1,0.018631458282470703,1,1,1e-06,0.0
1,0.0039713382720947266,1,1,1e-06,0.0
1,0.013769388198852539,1,1,1e-06,0.0
1,0.004785776138305664,1,1,1e-06,0.0
1,0.003102540969848633,1,1,1e-06,0.0
1,0.011349678039550781,1,1,1e-06,0.0
1,0.012347221374511719,1,1,1e-06,0.0
1,0.008765459060668945,1,1,1e-06,0.0
1,0.040994882583618164,1,1,1e-06,0.0
1,0.009278297424316406,1,1,1e-06,0.0
1,0.09843015670776367,1,1,1e-06,0.0
1,0.003381490707397461,1,1,1e-06,0.0
1,0.07145190238952637,1,1,1e-06,0.0
1,0.06698751449584961,1,1,1e-06,0.0
1,0.005003213882446289,1,1,1e-06,0.0
1,0.00272369384765625,1,1,1e-06,0.0
1,0.05243563652038574,1,1,1e-06,0.0
1,0.002660512924194336,1,1,1e-06,0.0
1,0.0035262107849121094,1,1,1e-06,0.0
1,0.003069639205932617,1,1,1e-06,0.0
1,0.003324747085571289,1,1,1e-06,0.0
1,0.003226041793823242,1,1,1e-06,0.0
1,0.007092952728271484,1,1,1e-06,0.0
1,0.017423391342163086,1,1,1e-06,0.0
1,0.0034494400024414062,1,1,1e-06,0.0
1,0.002167940139770508,1,1,1e-06,0.0
1,0.00263214111328125,1,1,1e-06,0.0
1,0.0027840137481689453,1,1,1e-06,0.0
1,0.003954648971557617,1,1,1e-06,0.0
1,0.01513528823852539,1,1,1e-06,0.0
1,0.0042841434478759766,1,1,1e-06,0.0
1,0.003089427947998047,1,1,1e-06,0.0
1,0.061432600021362305,1,1,1e-06,0.0
1,0.004415988922119141,1,1,1e-06,0.0
1,0.003754854202270508,1,1,1e-06,0.0
1,0.0070841312408447266,1,1,1e-06,0.0
1,0.002764463424682617,1,1,1e-06,0.0
1,0.0028297901153564453,1,1,1e-06,0.0
1,0.003710508346557617,1,1,1e-06,0.0
1,0.0031931400299072266,1,1,1e-06,0.0
1,0.003342151641845703,1,1,1e-06,0.0
1,0.0054967403411865234,1,1,1e-06,0.0
1,0.002245664596557617,1,1,1e-06,0.0
1,0.002421140670776367,1,1,1e-06,0.0
1,0.0020456314086914062,1,1,1e-06,0.0
1,0.0021517276763916016,1,1,1e-06,0.0
1,0.0036826133728027344,1,1,1e-06,0.0
1,0.021266698837280273,1,1,1e-06,0.0
1,0.003186941146850586,1,1,1e-06,0.0
1,0.0032541751861572266,1,1,1e-06,0.0
1,0.0037941932678222656,1,1,1e-06,0.0
1,0.006823539733886719,1,1,1e-06,0.0
1,0.003966569900512695,1,1,1e-06,0.0
1,0.24090170860290527,1,1,1e-06,0.0
1,0.0030317306518554688,1,1,1e-06,0.0
1,0.003665924072265625,1,1,1e-06,0.0
1,0.0021021366119384766,1,1,1e-06,0.0
1,0.009554386138916016,1,1,1e-06,0.0
1,0.002170562744140625,1,1,1e-06,0.0
1,0.0023593902587890625,1,1,1e-06,0.0
1,0.0021338462829589844,1,1,1e-06,0.0
1,0.005147695541381836,1,1,1e-06,0.0
1,0.011411428451538086,1,1,1e-06,0.0
1,0.11974239349365234,1,1,1e-06,0.0
1,0.002695322036743164,1,1,1e-06,0.0
1,0.002565145492553711,1,1,1e-06,0.0
1,0.012128829956054688,1,1,1e-06,0.0
1,0.002536296844482422,1,1,1e-06,0.0
1,0.002370119094848633,1,1,1e-06,0.0
1,0.002453327178955078,1,1,1e-06,0.0
1,0.01619434356689453,1,1,1e-06,0.0
1,0.011969566345214844,1,1,1e-06,0.0
1,0.002390623092651367,1,1,1e-06,0.0
1,0.002318859100341797,1,1,1e-06,0.0
1,0.03218674659729004,1,1,1e-06,0.0
1,0.004376888275146484,1,1,1e-06,0.0
1,0.010688543319702148,1,1,1e-06,0.0
1,0.002878427505493164,1,1,1e-06,0.0
1,0.003309488296508789,1,1,1e-06,0.0
1,0.0028667449951171875,1,1,1e-06,0.0
1,0.0020346641540527344,1,1,1e-06,0.0
1,0.03776121139526367,1,1,1e-06,0.0
1,0.00482940673828125,1,1,1e-06,0.0
1,0.002921581268310547,1,1,1e-06,0.0
1,0.0042264461517333984,1,1,1e-06,0.0
1,0.003286123275756836,1,1,1e-06,0.0
1,0.0022618770599365234,1,1,1e-06,0.0
1,0.02550506591796875,1,1,1e-06,0.0
1,0.0028133392333984375,1,1,1e-06,0.0
1,0.0029418468475341797,1,1,1e-06,0.0
1,0.0025815963745117188,1,1,1e-06,0.0
1,0.003325223922729492,1,1,1e-06,0.0
1,0.003969907760620117,1,1,1e-06,0.0
1,0.003618001937866211,1,1,1e-06,0.0
1,0.004222393035888672,1,1,1e-06,0.0
1,0.003276824951171875,1,1,1e-06,0.0
1,0.003393888473510742,1,1,1e-06,0.0
1,0.004691362380981445,1,1,1e-06,0.0
1,0.009920597076416016,1,1,1e-06,0.0
1,0.021127700805664062,1,1,1e-06,0.0
1,0.033574819564819336,1,1,1e-06,0.0
1,0.0026650428771972656,1,1,1e-06,0.0
1,0.0025293827056884766,1,1,1e-06,0.0
1,0.006326436996459961,1,1,1e-06,0.0
1,0.003233194351196289,1,1,1e-06,0.0
1,0.003053903579711914,1,1,1e-06,0.0
1,0.002995014190673828,1,1,1e-06,0.0
1,0.014489173889160156,1,1,1e-06,0.0
1,0.003345966339111328,1,1,1e-06,0.0
1,0.007313728332519531,1,1,1e-06,0.0
1,0.004930257797241211,1,1,1e-06,0.0
1,0.010872364044189453,1,1,1e-06,0.0
1,0.0021500587463378906,1,1,1e-06,0.0
1,0.01780557632446289,1,1,1e-06,0.0
1,0.07863163948059082,1,1,1e-06,0.0
1,0.002568483352661133,1,1,1e-06,0.0
1,0.07595944404602051,1,1,1e-06,0.0
1,0.0023632049560546875,1,1,1e-06,0.0
1,0.002084493637084961,1,1,1e-06,0.0
1,0.04154348373413086,1,1,1e-06,0.0
1,0.002078533172607422,1,1,1e-06,0.0
1,0.003010988235473633,1,1,1e-06,0.0
1,0.0037980079650878906,1,1,1e-06,0.0
1,0.003092050552368164,1,1,1e-06,0.0
1,0.017297029495239258,1,1,1e-06,0.0
1,0.0019180774688720703,1,1,1e-06,0.0
1,0.0026564598083496094,1,1,1e-06,0.0
1,0.02542424201965332,1,1,1e-06,0.0
1,0.004976749420166016,1,1,1e-06,0.0
1,0.008393287658691406,1,1,1e-06,0.0
1,0.0022516250610351562,1,1,1e-06,0.0
1,0.00296783447265625,1,1,1e-06,0.0
1,0.0023527145385742188,1,1,1e-06,0.0
1,0.002015352249145508,1,1,1e-06,0.0
1,0.004503965377807617,1,1,1e-06,0.0
1,0.0026848316192626953,1,1,1e-06,0.0
1,0.004336118698120117,1,1,1e-06,0.0
1,0.0053937435150146484,1,1,1e-06,0.0
1,0.002641916275024414,1,1,1e-06,0.0
1,0.002645254135131836,1,1,1e-06,0.0
1,0.0031075477600097656,1,1,1e-06,0.0
1,0.002619504928588867,1,1,1e-06,0.0
1,0.00211334228515625,1,1,1e-06,0.0
1,0.0022423267364501953,1,1,1e-06,0.0
1,0.002665281295776367,1,1,1e-06,0.0
1,0.0037267208099365234,1,1,1e-06,0.0
1,0.0022466182708740234,1,1,1e-06,0.0
1,0.0022017955780029297,1,1,1e-06,0.0
1,0.011885881423950195,1,1,1e-06,0.0
1,0.0022237300872802734,1,1,1e-06,0.0
1,0.0019538402557373047,1,1,1e-06,0.0
1,0.002349853515625,1,1,1e-06,0.0
1,0.0023567676544189453,1,1,1e-06,0.0
1,0.005073070526123047,1,1,1e-06,0.0
1,0.002111673355102539,1,1,1e-06,0.0
1,0.0032389163970947266,1,1,1e-06,0.0
1,0.0019183158874511719,1,1,1e-06,0.0
1,0.004651069641113281,1,1,1e-06,0.0
1,0.0019850730895996094,1,1,1e-06,0.0
1,0.002608060836791992,1,1,1e-06,0.0
1,0.0022797584533691406,1,1,1e-06,0.0
1,0.002077817916870117,1,1,1e-06,0.0
1,0.013921022415161133,1,1,1e-06,0.0
1,0.007985591888427734,1,1,1e-06,0.0
1,0.0024042129516601562,1,1,1e-06,0.0
1,0.002498149871826172,1,1,1e-06,0.0
1,0.0021452903747558594,1,1,1e-06,0.0
1,0.0017232894897460938,1,1,1e-06,0.0
1,0.001997232437133789,1,1,1e-06,0.0
1,0.0018227100372314453,1,1,1e-06,0.0
1,0.0018782615661621094,1,1,1e-06,0.0
1,0.00432276725769043,1,1,1e-06,0.0
1,0.004214763641357422,1,1,1e-06,0.0
1,0.0021965503692626953,1,1,1e-06,0.0
1,0.002380847930908203,1,1,1e-06,0.0
1,0.018683671951293945,1,1,1e-06,0.0
1,0.002109527587890625,1,1,1e-06,0.0
1,0.0394587516784668,1,1,1e-06,0.0
1,0.002256155014038086,1,1,1e-06,0.0
1,0.014065265655517578,1,1,1e-06,0.0
1,0.001979827880859375,1,1,1e-06,0.0
1,0.0018382072448730469,1,1,1e-06,0.0
1,0.0049664974212646484,1,1,1e-06,0.0
1,0.0017085075378417969,1,1,1e-06,0.0
1,0.0016791820526123047,1,1,1e-06,0.0
1,0.07296538352966309,1,1,1e-06,0.0
1,0.001962900161743164,1,1,1e-06,0.0
1,0.003778219223022461,1,1,1e-06,0.0
1,0.006929159164428711,1,1,1e-06,0.0
1,0.0021543502807617188,1,1,1e-06,0.0
1,0.0066564083099365234,1,1,1e-06,0.0
1,0.001966714859008789,1,1,1e-06,0.0
1,0.002229452133178711,1,1,1e-06,0.0
1,0.003545045852661133,1,1,1e-06,0.0
1,0.0033364295959472656,1,1,1e-06,0.0
1,0.0025284290313720703,1,1,1e-06,0.0
1,0.005373954772949219,1,1,1e-06,0.0
1,0.0038132667541503906,1,1,1e-06,0.0
1,0.0020880699157714844,1,1,1e-06,0.0
1,0.001821756362915039,1,1,1e-06,0.0
1,0.006223201751708984,1,1,1e-06,0.0
1,0.005772113800048828,1,1,1e-06,0.0
1,0.002140045166015625,1,1,1e-06,0.0
1,0.00415492057800293,1,1,1e-06,0.0
1,0.008384943008422852,1,1,1e-06,0.0
1,0.00474238395690918,1,1,1e-06,0.0
1,0.0025985240936279297,1,1,1e-06,0.0
1,0.020326614379882812,1,1,1e-06,0.0
1,0.014298439025878906,1,1,1e-06,0.0
1,0.00588226318359375,1,1,1e-06,0.0
1,0.004266262054443359,1,1,1e-06,0.0
1,0.00191497802734375,1,1,1e-06,0.0
1,0.0017123222351074219,1,1,1e-06,0.0
1,0.004503011703491211,1,1,1e-06,0.0
1,0.0030715465545654297,1,1,1e-06,0.0
1,0.0027666091918945312,1,1,1e-06,0.0
1,0.0018601417541503906,1,1,1e-06,0.0
1,0.026959896087646484,1,1,1e-06,0.0
1,0.002001047134399414,1,1,1e-06,0.0
1,0.0023686885833740234,1,1,1e-06,0.0
1,0.0020411014556884766,1,1,1e-06,0.0
1,0.0031156539916992188,1,1,1e-06,0.0
1,0.005118370056152344,1,1,1e-06,0.0
1,0.0045087337493896484,1,1,1e-06,0.0
1,0.0057299137115478516,1,1,1e-06,0.0
1,0.005764484405517578,1,1,1e-06,0.0
1,0.005347728729248047,1,1,1e-06,0.0
1,0.0030863285064697266,1,1,1e-06,0.0
1,0.0029687881469726562,1,1,1e-06,0.0
1,0.0025787353515625,1,1,1e-06,0.0
1,0.002849578857421875,1,1,1e-06,0.0
1,0.0019373893737792969,1,1,1e-06,0.0
1,0.0209195613861084,1,1,1e-06,0.0
1,0.002086162567138672,1,1,1e-06,0.0
1,0.0027358531951904297,1,1,1e-06,0.0
1,0.012362957000732422,1,1,1e-06,0.0
1,0.0018329620361328125,1,1,1e-06,0.0
1,0.002749919891357422,1,1,1e-06,0.0
1,0.002057313919067383,1,1,1e-06,0.0
1,0.011729001998901367,1,1,1e-06,0.0
1,0.012545347213745117,1,1,1e-06,0.0
1,0.022208213806152344,1,1,1e-06,0.0
1,0.0024881362915039062,1,1,1e-06,0.0
1,0.02969074249267578,1,1,1e-06,0.0
1,0.0020813941955566406,1,1,1e-06,0.0
1,0.0017533302307128906,1,1,1e-06,0.0
1,0.002736806869506836,1,1,1e-06,0.0
1,0.0025663375854492188,1,1,1e-06,0.0
1,0.008144855499267578,1,1,1e-06,0.0
1,0.003843545913696289,1,1,1e-06,0.0
1,0.011321306228637695,1,1,1e-06,0.0
1,0.002062082290649414,1,1,1e-06,0.0
1,0.0020303726196289062,1,1,1e-06,0.0
1,0.0024907588958740234,1,1,1e-06,0.0
1,0.002332448959350586,1,1,1e-06,0.0
1,0.0019307136535644531,1,1,1e-06,0.0
1,0.002498626708984375,1,1,1e-06,0.0
1,0.004141092300415039,1,1,1e-06,0.0
1,0.00618433952331543,1,1,1e-06,0.0
1,0.010665178298950195,1,1,1e-06,0.0
1,0.010354995727539062,1,1,1e-06,0.0
1,0.001932382583618164,1,1,1e-06,0.0
1,0.001956939697265625,1,1,1e-06,0.0
1,0.013255834579467773,1,1,1e-06,0.0
1,0.004459381103515625,1,1,1e-06,0.0
1,0.002437591552734375,1,1,1e-06,0.0
1,0.001692056655883789,1,1,1e-06,0.0
1,0.0024356842041015625,1,1,1e-06,0.0
1,0.12451004981994629,1,1,1e-06,0.0
1,0.0027904510498046875,1,1,1e-06,0.0
1,0.0031478404998779297,1,1,1e-06,0.0
1,0.05166053771972656,1,1,1e-06,0.0
1,0.003368854522705078,1,1,1e-06,0.0
1,0.003348112106323242,1,1,1e-06,0.0
1,0.0028295516967773438,1,1,1e-06,0.0
1,0.0027437210083007812,1,1,1e-06,0.0
1,0.0026085376739501953,1,1,1e-06,0.0
1,0.0027132034301757812,1,1,1e-06,0.0
1,0.0024585723876953125,1,1,1e-06,0.0
1,0.0031096935272216797,1,1,1e-06,0.0
1,0.004804134368896484,1,1,1e-06,0.0
1,0.0022971630096435547,1,1,1e-06,0.0
1,0.0030069351196289062,1,1,1e-06,0.0
1,0.002616405487060547,1,1,1e-06,0.0
1,0.0028548240661621094,1,1,1e-06,0.0
1,0.09206199645996094,1,1,1e-06,0.0
1,0.0050890445709228516,1,1,1e-06,0.0
1,0.002821207046508789,1,1,1e-06,0.0
1,0.025055885314941406,1,1,1e-06,0.0
1,0.002919912338256836,1,1,1e-06,0.0
1,0.003860950469970703,1,1,1e-06,0.0
1,0.006865024566650391,1,1,1e-06,0.0
1,0.0032341480255126953,1,1,1e-06,0.0
1,0.0028808116912841797,1,1,1e-06,0.0
1,0.003400564193725586,1,1,1e-06,0.0
1,0.0019996166229248047,1,1,1e-06,0.0
1,0.002364635467529297,1,1,1e-06,0.0
1,0.005565166473388672,1,1,1e-06,0.0
1,0.002391338348388672,1,1,1e-06,0.0
1,0.0023202896118164062,1,1,1e-06,0.0
1,0.002686738967895508,1,1,1e-06,0.0
1,0.0026307106018066406,1,1,1e-06,0.0
1,0.006095170974731445,1,1,1e-06,0.0
1,0.012139320373535156,1,1,1e-06,0.0
1,0.002597808837890625,1,1,1e-06,0.0
1,0.05678987503051758,1,1,1e-06,0.0
1,0.002547740936279297,1,1,1e-06,0.0
1,0.00405430793762207,1,1,1e-06,0.0
1,0.003222942352294922,1,1,1e-06,0.0
1,0.0022699832916259766,1,1,1e-06,0.0
1,0.0023965835571289062,1,1,1e-06,0.0
1,0.0031838417053222656,1,1,1e-06,0.0
1,0.003316640853881836,1,1,1e-06,0.0
1,0.019218921661376953,1,1,1e-06,0.0
1,0.010710477828979492,1,1,1e-06,0.0
1,0.0028803348541259766,1,1,1e-06,0.0
1,0.0031888484954833984,1,1,1e-06,0.0
1,0.0023374557495117188,1,1,1e-06,0.0
1,0.0023186206817626953,1,1,1e-06,0.0
1,0.002424955368041992,1,1,1e-06,0.0
1,0.0030753612518310547,1,1,1e-06,0.0
1,0.007455348968505859,1,1,1e-06,0.0
1,0.002739429473876953,1,1,1e-06,0.0
1,0.0072977542877197266,1,1,1e-06,0.0
1,0.006255626678466797,1,1,1e-06,0.0
1,0.04112052917480469,1,1,1e-06,0.0
1,0.0036818981170654297,1,1,1e-06,0.0
1,0.0031595230102539062,1,1,1e-06,0.0
1,0.005991697311401367,1,1,1e-06,0.0
1,0.004055023193359375,1,1,1e-06,0.0
1,0.02135467529296875,1,1,1e-06,0.0
1,0.04540896415710449,1,1,1e-06,0.0
1,0.0033316612243652344,1,1,1e-06,0.0
1,0.0032317638397216797,1,1,1e-06,0.0
1,0.0031175613403320312,1,1,1e-06,0.0
1,0.005580425262451172,1,1,1e-06,0.0
1,0.0037109851837158203,1,1,1e-06,0.0
1,0.0031256675720214844,1,1,1e-06,0.0
1,0.003451824188232422,1,1,1e-06,0.0
1,0.003432035446166992,1,1,1e-06,0.0
1,0.02964615821838379,1,1,1e-06,0.0
1,0.0029134750366210938,1,1,1e-06,0.0
1,0.003589153289794922,1,1,1e-06,0.0
1,0.003411531448364258,1,1,1e-06,0.0
1,0.002634286880493164,1,1,1e-06,0.0
1,0.0026633739471435547,1,1,1e-06,0.0
1,0.002649068832397461,1,1,1e-06,0.0
1,0.0028159618377685547,1,1,1e-06,0.0
1,0.01927638053894043,1,1,1e-06,0.0
1,0.0045452117919921875,1,1,1e-06,0.0
1,0.2881197929382324,1,1,1e-06,0.0
1,0.0024242401123046875,1,1,1e-06,0.0
1,0.0032372474670410156,1,1,1e-06,0.0
1,0.0026712417602539062,1,1,1e-06,0.0
1,0.02877330780029297,1,1,1e-06,0.0
1,0.002349376678466797,1,1,1e-06,0.0
1,0.0026633739471435547,1,1,1e-06,0.0
1,0.0028295516967773438,1,1,1e-06,0.0
1,0.003709554672241211,1,1,1e-06,0.0
1,0.002677440643310547,1,1,1e-06,0.0
1,0.005263328552246094,1,1,1e-06,0.0
1,0.04565763473510742,1,1,1e-06,0.0
1,0.0031402111053466797,1,1,1e-06,0.0
1,0.0029265880584716797,1,1,1e-06,0.0
1,0.0033032894134521484,1,1,1e-06,0.0
1,0.0027778148651123047,1,1,1e-06,0.0
1,0.03682255744934082,1,1,1e-06,0.0
1,0.002638101577758789,1,1,1e-06,0.0
1,0.002368450164794922,1,1,1e-06,0.0
1,0.002316713333129883,1,1,1e-06,0.0
1,0.03547549247741699,1,1,1e-06,0.0
1,0.0027570724487304688,1,1,1e-06,0.0
1,0.001977682113647461,1,1,1e-06,0.0
1,0.026528358459472656,1,1,1e-06,0.0
1,0.0042095184326171875,1,1,1e-06,0.0
1,0.002565145492553711,1,1,1e-06,0.0
1,0.0021622180938720703,1,1,1e-06,0.0
1,0.06618142127990723,1,1,1e-06,0.0
1,0.0034449100494384766,1,1,1e-06,0.0
1,0.01085352897644043,1,1,1e-06,0.0
1,0.003252744674682617,1,1,1e-06,0.0
1,0.008736610412597656,1,1,1e-06,0.0
1,0.0039899349212646484,1,1,1e-06,0.0
1,0.01134943962097168,1,1,1e-06,0.0
1,0.0032875537872314453,1,1,1e-06,0.0
1,0.010713338851928711,1,1,1e-06,0.0
1,0.0037374496459960938,1,1,1e-06,0.0
1,0.004047393798828125,1,1,1e-06,0.0
1,0.0032172203063964844,1,1,1e-06,0.0
1,0.007719993591308594,1,1,1e-06,0.0
1,0.006335020065307617,1,1,1e-06,0.0
1,0.0036211013793945312,1,1,1e-06,0.0
1,0.007898330688476562,1,1,1e-06,0.0
1,0.23849773406982422,1,1,1e-06,0.0
1,0.022002696990966797,1,1,1e-06,0.0
1,0.0036058425903320312,1,1,1e-06,0.0
1,0.003429412841796875,1,1,1e-06,0.0
1,0.03546786308288574,1,1,1e-06,0.0
1,0.00422215461730957,1,1,1e-06,0.0
1,0.012980461120605469,1,1,1e-06,0.0
1,0.07519650459289551,1,1,1e-06,0.0
1,0.003977537155151367,1,1,1e-06,0.0
1,0.028850317001342773,1,1,1e-06,0.0
1,0.002840280532836914,1,1,1e-06,0.0
1,0.008367300033569336,1,1,1e-06,0.0
1,0.0033614635467529297,1,1,1e-06,0.0
1,0.0029287338256835938,1,1,1e-06,0.0
1,0.0036962032318115234,1,1,1e-06,0.0
1,0.002091646194458008,1,1,1e-06,0.0
1,0.0031621456146240234,1,1,1e-06,0.0
1,0.0036139488220214844,1,1,1e-06,0.0
1,0.024277210235595703,1,1,1e-06,0.0
1,0.003252267837524414,1,1,1e-06,0.0
1,0.00652766227722168,1,1,1e-06,0.0
1,0.002935647964477539,1,1,1e-06,0.0
1,0.002934694290161133,1,1,1e-06,0.0
1,0.004158973693847656,1,1,1e-06,0.0
1,0.003084421157836914,1,1,1e-06,0.0
1,0.025681257247924805,1,1,1e-06,0.0
1,0.002822399139404297,1,1,1e-06,0.0
1,0.0034248828887939453,1,1,1e-06,0.0
1,0.002978801727294922,1,1,1e-06,0.0
1,0.05269145965576172,1,1,1e-06,0.0
1,0.016974687576293945,1,1,1e-06,0.0
1,0.05233597755432129,1,1,1e-06,0.0
1,0.028440475463867188,1,1,1e-06,0.0
1,0.013342142105102539,1,1,1e-06,0.0
1,0.010401725769042969,1,1,1e-06,0.0
1,0.005280971527099609,1,1,1e-06,0.0
1,0.026221275329589844,1,1,1e-06,0.0
1,0.0311734676361084,1,1,1e-06,0.0
1,0.020653963088989258,1,1,1e-06,0.0
1,0.013052940368652344,1,1,1e-06,0.0
1,0.004641294479370117,1,1,1e-06,0.0
1,0.00862884521484375,1,1,1e-06,0.0
1,0.15785741806030273,1,1,1e-06,0.0
1,0.04521012306213379,1,1,1e-06,0.0
1,0.01278233528137207,1,1,1e-06,0.0
1,0.006178617477416992,1,1,1e-06,0.0
1,0.0060536861419677734,1,1,1e-06,0.0
1,0.04236030578613281,1,1,1e-06,0.0
1,0.00398564338684082,1,1,1e-06,0.0
1,0.024380922317504883,1,1,1e-06,0.0
1,0.044927120208740234,1,1,1e-06,0.0
1,0.008010387420654297,1,1,1e-06,0.0
1,0.003738880157470703,1,1,1e-06,0.0
1,0.049420833587646484,1,1,1e-06,0.0
1,0.003439664840698242,1,1,1e-06,0.0
1,0.0025787353515625,1,1,1e-06,0.0
1,0.0032122135162353516,1,1,1e-06,0.0
1,0.0027353763580322266,1,1,1e-06,0.0
1,0.0025844573974609375,1,1,1e-06,0.0
1,0.003314971923828125,1,1,1e-06,0.0
1,0.006682634353637695,1,1,1e-06,0.0
1,0.021533966064453125,1,1,1e-06,0.0
1,0.002513885498046875,1,1,1e-06,0.0
1,0.003278493881225586,1,1,1e-06,0.0
1,0.0026636123657226562,1,1,1e-06,0.0
1,0.00260162353515625,1,1,1e-06,0.0
1,0.003691434860229492,1,1,1e-06,0.0
1,0.017590045928955078,1,1,1e-06,0.0
1,0.015047311782836914,1,1,1e-06,0.0
1,0.003606557846069336,1,1,1e-06,0.0
1,0.0034863948822021484,1,1,1e-06,0.0
1,0.03111863136291504,1,1,1e-06,0.0
1,0.01984262466430664,1,1,1e-06,0.0
1,0.006361484527587891,1,1,1e-06,0.0
1,0.002599954605102539,1,1,1e-06,0.0
1,0.002613067626953125,1,1,1e-06,0.0
1,0.021923542022705078,1,1,1e-06,0.0
1,0.07457399368286133,1,1,1e-06,0.0
1,0.0057141780853271484,1,1,1e-06,0.0
1,0.0029969215393066406,1,1,1e-06,0.0
1,0.002962350845336914,1,1,1e-06,0.0
1,0.00281524658203125,1,1,1e-06,0.0
1,0.07189464569091797,1,1,1e-06,0.0
1,0.0021643638610839844,1,1,1e-06,0.0
1,0.0025730133056640625,1,1,1e-06,0.0
1,0.0024569034576416016,1,1,1e-06,0.0
1,0.015187501907348633,1,1,1e-06,0.0
1,0.0028815269470214844,1,1,1e-06,0.0
1,0.016917943954467773,1,1,1e-06,0.0
1,0.0023245811462402344,1,1,1e-06,0.0
1,0.002770662307739258,1,1,1e-06,0.0
1,0.0027239322662353516,1,1,1e-06,0.0
1,0.019099712371826172,1,1,1e-06,0.0
1,0.018186569213867188,1,1,1e-06,0.0
1,0.01631927490234375,1,1,1e-06,0.0
1,0.0034596920013427734,1,1,1e-06,0.0
1,0.0036551952362060547,1,1,1e-06,0.0
1,0.002626180648803711,1,1,1e-06,0.0
1,0.002877950668334961,1,1,1e-06,0.0
1,0.028044700622558594,1,1,1e-06,0.0
1,0.0066411495208740234,1,1,1e-06,0.0
1,0.02184581756591797,1,1,1e-06,0.0
1,0.0027337074279785156,1,1,1e-06,0.0
1,0.003036022186279297,1,1,1e-06,0.0
1,0.002719402313232422,1,1,1e-06,0.0
1,0.0024933815002441406,1,1,1e-06,0.0
1,0.002390623092651367,1,1,1e-06,0.0
1,0.0030984878540039062,1,1,1e-06,0.0
1,0.003887653350830078,1,1,1e-06,0.0
1,0.0029163360595703125,1,1,1e-06,0.0
1,0.0030193328857421875,1,1,1e-06,0.0
1,0.002847909927368164,1,1,1e-06,0.0
1,0.016407012939453125,1,1,1e-06,0.0
1,0.0046808719635009766,1,1,1e-06,0.0
1,0.013862133026123047,1,1,1e-06,0.0
1,0.003121614456176758,1,1,1e-06,0.0
1,0.020602941513061523,1,1,1e-06,0.0
1,0.002767324447631836,1,1,1e-06,0.0
1,0.0026018619537353516,1,1,1e-06,0.0
1,0.003411531448364258,1,1,1e-06,0.0
1,0.0033845901489257812,1,1,1e-06,0.0
1,0.00742030143737793,1,1,1e-06,0.0
1,0.0029006004333496094,1,1,1e-06,0.0
1,0.0036003589630126953,1,1,1e-06,0.0
1,0.06579852104187012,1,1,1e-06,0.0
1,0.004729032516479492,1,1,1e-06,0.0
1,0.0023746490478515625,1,1,1e-06,0.0
1,0.0019168853759765625,1,1,1e-06,0.0
1,0.0023169517517089844,1,1,1e-06,0.0
1,0.0036284923553466797,1,1,1e-06,0.0
1,0.057762861251831055,1,1,1e-06,0.0
1,0.0025382041931152344,1,1,1e-06,0.0
1,0.002207517623901367,1,1,1e-06,0.0
1,0.0037097930908203125,1,1,1e-06,0.0
1,0.0027649402618408203,1,1,1e-06,0.0
1,0.002628326416015625,1,1,1e-06,0.0
1,0.004608154296875,1,1,1e-06,0.0
1,0.0021293163299560547,1,1,1e-06,0.0
1,0.002856016159057617,1,1,1e-06,0.0
1,0.0031888484954833984,1,1,1e-06,0.0
1,0.004664421081542969,1,1,1e-06,0.0
1,0.0029234886169433594,1,1,1e-06,0.0
1,0.003589153289794922,1,1,1e-06,0.0
1,0.08543586730957031,1,1,1e-06,0.0
1,0.005369424819946289,1,1,1e-06,0.0
1,0.02772378921508789,1,1,1e-06,0.0
1,0.004006624221801758,1,1,1e-06,0.0
1,0.037232160568237305,1,1,1e-06,0.0
1,0.05346870422363281,1,1,1e-06,0.0
1,0.006891012191772461,1,1,1e-06,0.0
1,0.007225751876831055,1,1,1e-06,0.0
1,0.005391359329223633,1,1,1e-06,0.0
1,0.007577419281005859,1,1,1e-06,0.0
1,0.0364837646484375,1,1,1e-06,0.0
1,0.006751060485839844,1,1,1e-06,0.0
1,0.009105920791625977,1,1,1e-06,0.0
1,0.005277156829833984,1,1,1e-06,0.0
1,0.02825021743774414,1,1,1e-06,0.0
1,0.03420257568359375,1,1,1e-06,0.0
1,0.004022836685180664,1,1,1e-06,0.0
1,0.01834869384765625,1,1,1e-06,0.0
1,0.008791685104370117,1,1,1e-06,0.0
1,0.00861501693725586,1,1,1e-06,0.0
1,0.03564047813415527,1,1,1e-06,0.0
1,0.0032613277435302734,1,1,1e-06,0.0
1,0.0025835037231445312,1,1,1e-06,0.0
1,0.003173351287841797,1,1,1e-06,0.0
1,0.003457784652709961,1,1,1e-06,0.0
1,0.003267049789428711,1,1,1e-06,0.0
1,0.0029196739196777344,1,1,1e-06,0.0
1,0.009491205215454102,1,1,1e-06,0.0
1,0.011648416519165039,1,1,1e-06,0.0
1,0.002480745315551758,1,1,1e-06,0.0
1,0.006293773651123047,1,1,1e-06,0.0
1,0.023080110549926758,1,1,1e-06,0.0
1,0.0031147003173828125,1,1,1e-06,0.0
1,0.003307342529296875,1,1,1e-06,0.0
1,0.01353311538696289,1,1,1e-06,0.0
1,0.0030591487884521484,1,1,1e-06,0.0
1,0.002674579620361328,1,1,1e-06,0.0
1,0.04157710075378418,1,1,1e-06,0.0
1,0.006231069564819336,1,1,1e-06,0.0
1,0.00603175163269043,1,1,1e-06,0.0
1,0.004618167877197266,1,1,1e-06,0.0
1,0.0031604766845703125,1,1,1e-06,0.0
1,0.08327889442443848,1,1,1e-06,0.0
1,0.0021703243255615234,1,1,1e-06,0.0
1,0.009198904037475586,1,1,1e-06,0.0
1,0.0028505325317382812,1,1,1e-06,0.0
1,0.010593652725219727,1,1,1e-06,0.0
1,0.053618431091308594,1,1,1e-06,0.0
1,0.0033490657806396484,1,1,1e-06,0.0
1,0.003922224044799805,1,1,1e-06,0.0
1,0.0035681724548339844,1,1,1e-06,0.0
1,0.005774736404418945,1,1,1e-06,0.0
1,0.0024683475494384766,1,1,1e-06,0.0
1,0.0024957656860351562,1,1,1e-06,0.0
1,0.04223132133483887,1,1,1e-06,0.0
1,0.0025300979614257812,1,1,1e-06,0.0
1,0.0039632320404052734,1,1,1e-06,0.0
1,0.02834177017211914,1,1,1e-06,0.0
1,0.0036742687225341797,1,1,1e-06,0.0
1,0.017746686935424805,1,1,1e-06,0.0
1,0.0040283203125,1,1,1e-06,0.0
1,0.018925189971923828,1,1,1e-06,0.0
1,0.0025043487548828125,1,1,1e-06,0.0
1,0.0024933815002441406,1,1,1e-06,0.0
1,0.014921188354492188,1,1,1e-06,0.0
1,0.0036330223083496094,1,1,1e-06,0.0
1,0.002155780792236328,1,1,1e-06,0.0
1,0.0023860931396484375,1,1,1e-06,0.0
1,0.011277914047241211,1,1,1e-06,0.0
1,0.003821134567260742,1,1,1e-06,0.0
1,0.0036602020263671875,1,1,1e-06,0.0
1,0.005360841751098633,1,1,1e-06,0.0
1,0.03565669059753418,1,1,1e-06,0.0
1,0.003133058547973633,1,1,1e-06,0.0
1,0.02953362464904785,1,1,1e-06,0.0
1,0.003194093704223633,1,1,1e-06,0.0
1,0.007060527801513672,1,1,1e-06,0.0
1,0.003297090530395508,1,1,1e-06,0.0
1,0.004335880279541016,1,1,1e-06,0.0
1,0.0028922557830810547,1,1,1e-06,0.0
1,0.002901792526245117,1,1,1e-06,0.0
1,0.003309011459350586,1,1,1e-06,0.0
1,0.003021717071533203,1,1,1e-06,0.0
1,0.006716251373291016,1,1,1e-06,0.0
1,0.015552282333374023,1,1,1e-06,0.0
1,0.005563020706176758,1,1,1e-06,0.0
1,0.003194570541381836,1,1,1e-06,0.0
1,0.0054018497467041016,1,1,1e-06,0.0
1,0.003059864044189453,1,1,1e-06,0.0
1,0.0027909278869628906,1,1,1e-06,0.0
1,0.003890514373779297,1,1,1e-06,0.0
1,0.003710031509399414,1,1,1e-06,0.0
1,0.007206439971923828,1,1,1e-06,0.0
1,0.004021406173706055,1,1,1e-06,0.0
1,0.0048639774322509766,1,1,1e-06,0.0
1,0.004279375076293945,1,1,1e-06,0.0
1,0.018338918685913086,1,1,1e-06,0.0
1,0.036597490310668945,1,1,1e-06,0.0
1,0.0020847320556640625,1,1,1e-06,0.0
1,0.002348661422729492,1,1,1e-06,0.0
1,0.0027472972869873047,1,1,1e-06,0.0
1,0.00417780876159668,1,1,1e-06,0.0
1,0.0020368099212646484,1,1,1e-06,0.0
1,0.030540943145751953,1,1,1e-06,0.0
1,0.002251863479614258,1,1,1e-06,0.0
1,0.002405405044555664,1,1,1e-06,0.0
1,0.08806133270263672,1,1,1e-06,0.0
1,0.003660440444946289,1,1,1e-06,0.0
1,0.0030002593994140625,1,1,1e-06,0.0
1,0.003305673599243164,1,1,1e-06,0.0
1,0.002855539321899414,1,1,1e-06,0.0
1,0.010190010070800781,1,1,1e-06,0.0
1,0.003252744674682617,1,1,1e-06,0.0
1,0.08000516891479492,1,1,1e-06,0.0
1,0.003123760223388672,1,1,1e-06,0.0
1,0.012621402740478516,1,1,1e-06,0.0
1,0.26525235176086426,1,1,1e-06,0.0
1,0.004721879959106445,1,1,1e-06,0.0
1,0.0034515857696533203,1,1,1e-06,0.0
1,0.0023658275604248047,1,1,1e-06,0.0
1,0.0023980140686035156,1,1,1e-06,0.0
1,0.004431486129760742,1,1,1e-06,0.0
1,0.003069639205932617,1,1,1e-06,0.0
1,0.0034432411193847656,1,1,1e-06,0.0
1,0.012883901596069336,1,1,1e-06,0.0
1,0.005677700042724609,1,1,1e-06,0.0
1,0.002152681350708008,1,1,1e-06,0.0
1,0.0024678707122802734,1,1,1e-06,0.0
1,0.023653268814086914,1,1,1e-06,0.0
1,0.01740741729736328,1,1,1e-06,0.0
1,0.0035076141357421875,1,1,1e-06,0.0
1,0.002833843231201172,1,1,1e-06,0.0
1,0.021843433380126953,1,1,1e-06,0.0
1,0.07661104202270508,1,1,1e-06,0.0
1,0.005236148834228516,1,1,1e-06,0.0
1,0.027240276336669922,1,1,1e-06,0.0
1,0.016617774963378906,1,1,1e-06,0.0
1,0.0030493736267089844,1,1,1e-06,0.0
1,0.0023698806762695312,1,1,1e-06,0.0
1,0.002363443374633789,1,1,1e-06,0.0
1,0.012089014053344727,1,1,1e-06,0.0
1,0.022706270217895508,1,1,1e-06,0.0
1,0.002130746841430664,1,1,1e-06,0.0
1,0.017260074615478516,1,1,1e-06,0.0
1,0.0027379989624023438,1,1,1e-06,0.0
1,0.002382993698120117,1,1,1e-06,0.0
1,0.002579927444458008,1,1,1e-06,0.0
1,0.00582122802734375,1,1,1e-06,0.0
1,0.002849578857421875,1,1,1e-06,0.0
1,0.02501964569091797,1,1,1e-06,0.0
1,0.024760961532592773,1,1,1e-06,0.0
1,0.02504706382751465,1,1,1e-06,0.0
1,0.020908355712890625,1,1,1e-06,0.0
1,0.05362844467163086,1,1,1e-06,0.0
1,0.0031833648681640625,1,1,1e-06,0.0
1,0.003709077835083008,1,1,1e-06,0.0
1,0.030993223190307617,1,1,1e-06,0.0
1,0.0027930736541748047,1,1,1e-06,0.0
1,0.00980997085571289,1,1,1e-06,0.0
1,0.0036602020263671875,1,1,1e-06,0.0
1,0.0035638809204101562,1,1,1e-06,0.0
1,0.012312173843383789,1,1,1e-06,0.0
1,0.008224725723266602,1,1,1e-06,0.0
1,0.0034761428833007812,1,1,1e-06,0.0
1,0.0036509037017822266,1,1,1e-06,0.0
1,0.04376721382141113,1,1,1e-06,0.0
1,0.010548591613769531,1,1,1e-06,0.0
1,0.0300137996673584,1,1,1e-06,0.0
1,0.32877230644226074,1,1,1e-06,0.0
1,0.0028755664825439453,1,1,1e-06,0.0
1,0.004937171936035156,1,1,1e-06,0.0
1,0.05569958686828613,1,1,1e-06,0.0
1,0.06491565704345703,1,1,1e-06,0.0
1,0.0032732486724853516,1,1,1e-06,0.0
1,0.0028417110443115234,1,1,1e-06,0.0
1,0.0035681724548339844,1,1,1e-06,0.0
1,0.0029039382934570312,1,1,1e-06,0.0
1,0.01714801788330078,1,1,1e-06,0.0
1,0.0033082962036132812,1,1,1e-06,0.0
1,0.003968954086303711,1,1,1e-06,0.0
1,0.0022966861724853516,1,1,1e-06,0.0
1,0.003126859664916992,1,1,1e-06,0.0
1,0.0034656524658203125,1,1,1e-06,0.0
1,0.0028378963470458984,1,1,1e-06,0.0
1,0.06418824195861816,1,1,1e-06,0.0
1,0.0024824142456054688,1,1,1e-06,0.0
1,0.0044057369232177734,1,1,1e-06,0.0
1,0.006379365921020508,1,1,1e-06,0.0
1,0.002629995346069336,1,1,1e-06,0.0
1,0.03803658485412598,1,1,1e-06,0.0
1,0.33506131172180176,1,1,1e-06,0.0
1,0.01415252685546875,1,1,1e-06,0.0
1,0.0039408206939697266,1,1,1e-06,0.0
1,0.002978086471557617,1,1,1e-06,0.0
1,0.0026879310607910156,1,1,1e-06,0.0
1,0.002936840057373047,1,1,1e-06,0.0
1,0.0038194656372070312,1,1,1e-06,0.0
1,0.003577709197998047,1,1,1e-06,0.0
1,0.042604684829711914,1,1,1e-06,0.0
1,0.004473447799682617,1,1,1e-06,0.0
1,0.0043027400970458984,1,1,1e-06,0.0
1,0.003921031951904297,1,1,1e-06,0.0
1,0.004853487014770508,1,1,1e-06,0.0
1,0.004443168640136719,1,1,1e-06,0.0
1,0.004242420196533203,1,1,1e-06,0.0
1,0.0047452449798583984,1,1,1e-06,0.0
1,0.003528118133544922,1,1,1e-06,0.0
1,0.010193347930908203,1,1,1e-06,0.0
1,0.005771636962890625,1,1,1e-06,0.0
1,0.018449783325195312,1,1,1e-06,0.0
1,0.009006977081298828,1,1,1e-06,0.0
1,0.004774570465087891,1,1,1e-06,0.0
1,0.0030035972595214844,1,1,1e-06,0.0
1,0.009279966354370117,1,1,1e-06,0.0
1,0.002941608428955078,1,1,1e-06,0.0
1,0.09056210517883301,1,1,1e-06,0.0
1,0.005707740783691406,1,1,1e-06,0.0
1,0.004596710205078125,1,1,1e-06,0.0
1,0.008385419845581055,1,1,1e-06,0.0
1,0.02359604835510254,1,1,1e-06,0.0
1,0.003911495208740234,1,1,1e-06,0.0
1,0.003589153289794922,1,1,1e-06,0.0
1,0.0629129409790039,1,1,1e-06,0.0
1,0.0025856494903564453,1,1,1e-06,0.0
1,0.0040225982666015625,1,1,1e-06,0.0
1,0.005377292633056641,1,1,1e-06,0.0
1,0.006102800369262695,1,1,1e-06,0.0
1,0.0032854080200195312,1,1,1e-06,0.0
1,0.002954721450805664,1,1,1e-06,0.0
1,0.0027205944061279297,1,1,1e-06,0.0
1,0.04292702674865723,1,1,1e-06,0.0
1,0.0026645660400390625,1,1,1e-06,0.0
1,0.0029146671295166016,1,1,1e-06,0.0
1,0.003056049346923828,1,1,1e-06,0.0
1,0.0025572776794433594,1,1,1e-06,0.0
1,0.0036094188690185547,1,1,1e-06,0.0
1,0.002983570098876953,1,1,1e-06,0.0
1,0.0029091835021972656,1,1,1e-06,0.0
1,0.0038559436798095703,1,1,1e-06,0.0
1,0.0035858154296875,1,1,1e-06,0.0
1,0.014925718307495117,1,1,1e-06,0.0
1,0.055454254150390625,1,1,1e-06,0.0
1,0.0031130313873291016,1,1,1e-06,0.0
1,0.015239238739013672,1,1,1e-06,0.0
1,0.0030083656311035156,1,1,1e-06,0.0
1,0.040812015533447266,1,1,1e-06,0.0
1,0.002821207046508789,1,1,1e-06,0.0
1,0.0026564598083496094,1,1,1e-06,0.0
1,0.009149789810180664,1,1,1e-06,0.0
1,0.031246185302734375,1,1,1e-06,0.0
1,0.0036482810974121094,1,1,1e-06,0.0
1,0.05098271369934082,1,1,1e-06,0.0
1,0.02314162254333496,1,1,1e-06,0.0
1,0.003942251205444336,1,1,1e-06,0.0
1,0.012224674224853516,1,1,1e-06,0.0
1,0.0036683082580566406,1,1,1e-06,0.0
1,0.0032455921173095703,1,1,1e-06,0.0
1,0.002912759780883789,1,1,1e-06,0.0
1,0.002588033676147461,1,1,1e-06,0.0
1,0.00213623046875,1,1,1e-06,0.0
1,0.004636049270629883,1,1,1e-06,0.0
1,0.002758502960205078,1,1,1e-06,0.0
1,0.002130746841430664,1,1,1e-06,0.0
1,0.002796649932861328,1,1,1e-06,0.0
1,0.003487825393676758,1,1,1e-06,0.0
1,0.003614664077758789,1,1,1e-06,0.0
1,0.0035445690155029297,1,1,1e-06,0.0
1,0.0029859542846679688,1,1,1e-06,0.0
1,0.003887176513671875,1,1,1e-06,0.0
1,0.0036194324493408203,1,1,1e-06,0.0
1,0.03294539451599121,1,1,1e-06,0.0
1,0.004385232925415039,1,1,1e-06,0.0
1,0.18223023414611816,1,1,1e-06,0.0
1,0.0026946067810058594,1,1,1e-06,0.0
1,0.0027053356170654297,1,1,1e-06,0.0
1,0.002356290817260742,1,1,1e-06,0.0
1,0.0033266544342041016,1,1,1e-06,0.0
1,0.002960681915283203,1,1,1e-06,0.0
1,0.0803070068359375,1,1,1e-06,0.0
1,0.009317636489868164,1,1,1e-06,0.0
1,0.23849940299987793,1,1,1e-06,0.0
1,0.0021724700927734375,1,1,1e-06,0.0
1,0.0021452903747558594,1,1,1e-06,0.0
1,0.003986835479736328,1,1,1e-06,0.0
1,0.004973173141479492,1,1,1e-06,0.0
1,0.005023479461669922,1,1,1e-06,0.0
1,0.002691030502319336,1,1,1e-06,0.0
1,0.0072553157806396484,1,1,1e-06,0.0
1,0.002713441848754883,1,1,1e-06,0.0
1,0.002489805221557617,1,1,1e-06,0.0
1,0.005705833435058594,1,1,1e-06,0.0
1,0.0029878616333007812,1,1,1e-06,0.0
1,0.0034389495849609375,1,1,1e-06,0.0
1,0.013751745223999023,1,1,1e-06,0.0
1,0.0025124549865722656,1,1,1e-06,0.0
1,0.0343172550201416,1,1,1e-06,0.0
1,0.003214120864868164,1,1,1e-06,0.0
1,0.002750396728515625,1,1,1e-06,0.0
1,0.11358118057250977,1,1,1e-06,0.0
1,0.11231589317321777,1,1,1e-06,0.0
1,0.0029218196868896484,1,1,1e-06,0.0
1,0.0026082992553710938,1,1,1e-06,0.0
1,0.0028183460235595703,1,1,1e-06,0.0
1,0.009900093078613281,1,1,1e-06,0.0
1,0.004206418991088867,1,1,1e-06,0.0
1,0.0030558109283447266,1,1,1e-06,0.0
1,0.0024051666259765625,1,1,1e-06,0.0
1,0.002611398696899414,1,1,1e-06,0.0
1,0.006453990936279297,1,1,1e-06,0.0
1,0.003557443618774414,1,1,1e-06,0.0
1,0.022580862045288086,1,1,1e-06,0.0
1,0.003367900848388672,1,1,1e-06,0.0
1,0.0029218196868896484,1,1,1e-06,0.0
1,0.0029692649841308594,1,1,1e-06,0.0
1,0.0024034976959228516,1,1,1e-06,0.0
1,0.002533435821533203,1,1,1e-06,0.0
1,0.002357959747314453,1,1,1e-06,0.0
1,0.009700298309326172,1,1,1e-06,0.0
1,0.0033850669860839844,1,1,1e-06,0.0
1,0.0031168460845947266,1,1,1e-06,0.0
1,0.00360870361328125,1,1,1e-06,0.0
1,0.003253936767578125,1,1,1e-06,0.0
1,0.005376100540161133,1,1,1e-06,0.0
1,0.0025005340576171875,1,1,1e-06,0.0
1,0.003262042999267578,1,1,1e-06,0.0
1,0.0025815963745117188,1,1,1e-06,0.0
1,0.0029349327087402344,1,1,1e-06,0.0
1,0.003183603286743164,1,1,1e-06,0.0
1,0.0029020309448242188,1,1,1e-06,0.0
1,0.03408956527709961,1,1,1e-06,0.0
1,0.003178119659423828,1,1,1e-06,0.0
1,0.003370046615600586,1,1,1e-06,0.0
1,0.0030515193939208984,1,1,1e-06,0.0
1,0.002827882766723633,1,1,1e-06,0.0
1,0.002934694290161133,1,1,1e-06,0.0
1,0.002491474151611328,1,1,1e-06,0.0
1,0.0032749176025390625,1,1,1e-06,0.0
1,0.0217897891998291,1,1,1e-06,0.0
1,0.0035293102264404297,1,1,1e-06,0.0
1,0.009923696517944336,1,1,1e-06,0.0
1,0.00807642936706543,1,1,1e-06,0.0
1,0.0024497509002685547,1,1,1e-06,0.0
1,0.014522314071655273,1,1,1e-06,0.0
1,0.00637507438659668,1,1,1e-06,0.0
1,0.0025031566619873047,1,1,1e-06,0.0
1,0.001882314682006836,1,1,1e-06,0.0
1,0.018939495086669922,1,1,1e-06,0.0
1,0.0031044483184814453,1,1,1e-06,0.0
1,0.011489391326904297,1,1,1e-06,0.0
1,0.0026962757110595703,1,1,1e-06,0.0
1,0.03588128089904785,1,1,1e-06,0.0
1,0.050424814224243164,1,1,1e-06,0.0
1,0.015075206756591797,1,1,1e-06,0.0
1,0.005128145217895508,1,1,1e-06,0.0
1,0.03229856491088867,1,1,1e-06,0.0
1,0.002761363983154297,1,1,1e-06,0.0
1,0.002328157424926758,1,1,1e-06,0.0
1,0.002834320068359375,1,1,1e-06,0.0
1,0.0024285316467285156,1,1,1e-06,0.0
1,0.011788368225097656,1,1,1e-06,0.0
1,0.0025091171264648438,1,1,1e-06,0.0
1,0.002476215362548828,1,1,1e-06,0.0
1,0.002274751663208008,1,1,1e-06,0.0
1,0.0052454471588134766,1,1,1e-06,0.0
1,0.19553279876708984,1,1,1e-06,0.0
1,0.0024344921112060547,1,1,1e-06,0.0
1,0.002579212188720703,1,1,1e-06,0.0
1,0.0029196739196777344,1,1,1e-06,0.0
1,0.005338907241821289,1,1,1e-06,0.0
1,0.0028150081634521484,1,1,1e-06,0.0
1,0.03945112228393555,1,1,1e-06,0.0
1,0.002552509307861328,1,1,1e-06,0.0
1,0.0251462459564209,1,1,1e-06,0.0
1,0.002641916275024414,1,1,1e-06,0.0
1,0.0033826828002929688,1,1,1e-06,0.0
1,0.019373655319213867,1,1,1e-06,0.0
1,0.003471851348876953,1,1,1e-06,0.0
1,0.28600025177001953,1,1,1e-06,0.0
1,0.004560947418212891,1,1,1e-06,0.0
1,0.04314923286437988,1,1,1e-06,0.0
1,0.002788066864013672,1,1,1e-06,0.0
1,0.0031156539916992188,1,1,1e-06,0.0
1,0.003292560577392578,1,1,1e-06,0.0
1,0.04212450981140137,1,1,1e-06,0.0
1,0.004955768585205078,1,1,1e-06,0.0
1,0.005422353744506836,1,1,1e-06,0.0
1,0.0030465126037597656,1,1,1e-06,0.0
1,0.0026140213012695312,1,1,1e-06,0.0
1,0.015438318252563477,1,1,1e-06,0.0
1,0.0030663013458251953,1,1,1e-06,0.0
1,0.006572246551513672,1,1,1e-06,0.0
1,0.003474712371826172,1,1,1e-06,0.0
1,0.02338409423828125,1,1,1e-06,0.0
1,0.0027785301208496094,1,1,1e-06,0.0
1,0.026193618774414062,1,1,1e-06,0.0
1,0.002993345260620117,1,1,1e-06,0.0
1,0.017775774002075195,1,1,1e-06,0.0
1,0.0043795108795166016,1,1,1e-06,0.0
1,0.00397944450378418,1,1,1e-06,0.0
1,0.0024657249450683594,1,1,1e-06,0.0
1,0.0034782886505126953,1,1,1e-06,0.0
1,0.0032684803009033203,1,1,1e-06,0.0
1,0.03339838981628418,1,1,1e-06,0.0
1,0.10158348083496094,1,1,1e-06,0.0
1,0.002429485321044922,1,1,1e-06,0.0
1,0.038751840591430664,1,1,1e-06,0.0
1,0.001984834671020508,1,1,1e-06,0.0
1,0.0028123855590820312,1,1,1e-06,0.0
1,0.004362583160400391,1,1,1e-06,0.0
1,0.007692813873291016,1,1,1e-06,0.0
1,0.002401590347290039,1,1,1e-06,0.0
1,0.008442878723144531,1,1,1e-06,0.0
1,0.006194114685058594,1,1,1e-06,0.0
1,0.002597332000732422,1,1,1e-06,0.0
1,0.018127918243408203,1,1,1e-06,0.0
1,0.0030236244201660156,1,1,1e-06,0.0
1,0.026765108108520508,1,1,1e-06,0.0
1,0.10713839530944824,1,1,1e-06,0.0
1,0.0025260448455810547,1,1,1e-06,0.0
1,0.002658367156982422,1,1,1e-06,0.0
1,0.05679678916931152,1,1,1e-06,0.0
1,0.0024340152740478516,1,1,1e-06,0.0
1,0.003167390823364258,1,1,1e-06,0.0
1,0.0024318695068359375,1,1,1e-06,0.0
1,0.002763986587524414,1,1,1e-06,0.0
1,0.05646347999572754,1,1,1e-06,0.0
1,0.0023365020751953125,1,1,1e-06,0.0
1,0.002641916275024414,1,1,1e-06,0.0
1,0.008641481399536133,1,1,1e-06,0.0
1,0.0025818347930908203,1,1,1e-06,0.0
1,0.05463099479675293,1,1,1e-06,0.0
1,0.002660036087036133,1,1,1e-06,0.0
1,0.0032074451446533203,1,1,1e-06,0.0
1,0.04370427131652832,1,1,1e-06,0.0
1,0.007385730743408203,1,1,1e-06,0.0
1,0.0040247440338134766,1,1,1e-06,0.0
1,0.0028700828552246094,1,1,1e-06,0.0
1,0.02266669273376465,1,1,1e-06,0.0
1,0.0026051998138427734,1,1,1e-06,0.0
1,0.002079010009765625,1,1,1e-06,0.0
1,0.0023500919342041016,1,1,1e-06,0.0
1,0.0022122859954833984,1,1,1e-06,0.0
1,0.10829019546508789,1,1,1e-06,0.0
1,0.050405025482177734,1,1,1e-06,0.0
1,0.0032160282135009766,1,1,1e-06,0.0
1,0.00541234016418457,1,1,1e-06,0.0
1,0.004859447479248047,1,1,1e-06,0.0
1,0.005791902542114258,1,1,1e-06,0.0
1,0.009464263916015625,1,1,1e-06,0.0
1,0.019864797592163086,1,1,1e-06,0.0
1,0.02583479881286621,1,1,1e-06,0.0
1,0.004666566848754883,1,1,1e-06,0.0
1,0.07089447975158691,1,1,1e-06,0.0
1,0.08375048637390137,1,1,1e-06,0.0
1,0.003732442855834961,1,1,1e-06,0.0
1,0.0043718814849853516,1,1,1e-06,0.0
1,0.004267454147338867,1,1,1e-06,0.0
1,0.004614353179931641,1,1,1e-06,0.0
1,0.009444475173950195,1,1,1e-06,0.0
1,0.004929780960083008,1,1,1e-06,0.0
1,0.0036687850952148438,1,1,1e-06,0.0
1,0.08152294158935547,1,1,1e-06,0.0
1,0.025429487228393555,1,1,1e-06,0.0
1,0.0025103092193603516,1,1,1e-06,0.0
1,0.0031952857971191406,1,1,1e-06,0.0
1,0.004270792007446289,1,1,1e-06,0.0
1,0.0021796226501464844,1,1,1e-06,0.0
1,0.002943754196166992,1,1,1e-06,0.0
1,0.0036749839782714844,1,1,1e-06,0.0
1,0.01121068000793457,1,1,1e-06,0.0
1,0.0032148361206054688,1,1,1e-06,0.0
1,0.015758991241455078,1,1,1e-06,0.0
1,0.006581544876098633,1,1,1e-06,0.0
1,0.0067288875579833984,1,1,1e-06,0.0
1,0.06396675109863281,1,1,1e-06,0.0
1,0.012811660766601562,1,1,1e-06,0.0
1,0.002879619598388672,1,1,1e-06,0.0
1,0.026825666427612305,1,1,1e-06,0.0
1,0.00421905517578125,1,1,1e-06,0.0
1,0.0032808780670166016,1,1,1e-06,0.0
1,0.0036895275115966797,1,1,1e-06,0.0
1,0.013193845748901367,1,1,1e-06,0.0
1,0.024065256118774414,1,1,1e-06,0.0
1,0.006366729736328125,1,1,1e-06,0.0
1,0.0034706592559814453,1,1,1e-06,0.0
1,0.024807214736938477,1,1,1e-06,0.0
1,0.005416393280029297,1,1,1e-06,0.0
1,0.0025937557220458984,1,1,1e-06,0.0
1,0.004219770431518555,1,1,1e-06,0.0
1,0.011930465698242188,1,1,1e-06,0.0
1,0.003004789352416992,1,1,1e-06,0.0
1,0.00854945182800293,1,1,1e-06,0.0
1,0.0027112960815429688,1,1,1e-06,0.0
1,0.033637046813964844,1,1,1e-06,0.0
1,0.03522467613220215,1,1,1e-06,0.0
1,0.014564275741577148,1,1,1e-06,0.0
1,0.0034668445587158203,1,1,1e-06,0.0
1,0.01546478271484375,1,1,1e-06,0.0
1,0.00295257568359375,1,1,1e-06,0.0
1,0.004480838775634766,1,1,1e-06,0.0
1,0.007424354553222656,1,1,1e-06,0.0
1,0.002489805221557617,1,1,1e-06,0.0
1,0.011200904846191406,1,1,1e-06,0.0
1,0.0032417774200439453,1,1,1e-06,0.0
1,0.03839111328125,1,1,1e-06,0.0
1,0.02678680419921875,1,1,1e-06,0.0
1,0.0040090084075927734,1,1,1e-06,0.0
1,0.00964212417602539,1,1,1e-06,0.0
1,0.019690275192260742,1,1,1e-06,0.0
1,0.004392147064208984,1,1,1e-06,0.0
1,0.010427236557006836,1,1,1e-06,0.0
1,0.13080716133117676,1,1,1e-06,0.0
1,0.018568992614746094,1,1,1e-06,0.0
1,0.002654552459716797,1,1,1e-06,0.0
1,0.0030295848846435547,1,1,1e-06,0.0
1,0.0036363601684570312,1,1,1e-06,0.0
1,0.0033769607543945312,1,1,1e-06,0.0
1,0.004077434539794922,1,1,1e-06,0.0
1,0.0029349327087402344,1,1,1e-06,0.0
1,0.09212422370910645,1,1,1e-06,0.0
1,0.01139211654663086,1,1,1e-06,0.0
1,0.003484487533569336,1,1,1e-06,0.0
1,0.0033102035522460938,1,1,1e-06,0.0
1,0.0031850337982177734,1,1,1e-06,0.0
1,0.0031402111053466797,1,1,1e-06,0.0
1,0.0026938915252685547,1,1,1e-06,0.0
1,0.00773930549621582,1,1,1e-06,0.0
1,0.006622791290283203,1,1,1e-06,0.0
1,0.0034406185150146484,1,1,1e-06,0.0
1,0.021317005157470703,1,1,1e-06,0.0
1,0.0029451847076416016,1,1,1e-06,0.0
1,0.0026979446411132812,1,1,1e-06,0.0
1,0.004888296127319336,1,1,1e-06,0.0
1,0.006419181823730469,1,1,1e-06,0.0
1,0.0034508705139160156,1,1,1e-06,0.0
1,0.010243892669677734,1,1,1e-06,0.0
1,0.003223896026611328,1,1,1e-06,0.0
1,0.0033054351806640625,1,1,1e-06,0.0
1,0.031045198440551758,1,1,1e-06,0.0
1,0.015209436416625977,1,1,1e-06,0.0
1,0.0041484832763671875,1,1,1e-06,0.0
1,0.028157711029052734,1,1,1e-06,0.0
1,0.0054225921630859375,1,1,1e-06,0.0
1,0.0030612945556640625,1,1,1e-06,0.0
1,0.0041201114654541016,1,1,1e-06,0.0
1,0.003225088119506836,1,1,1e-06,0.0
1,0.0032052993774414062,1,1,1e-06,0.0
1,0.003061532974243164,1,1,1e-06,0.0
1,0.014479398727416992,1,1,1e-06,0.0
1,0.00296783447265625,1,1,1e-06,0.0
1,0.004050731658935547,1,1,1e-06,0.0
1,0.0031495094299316406,1,1,1e-06,0.0
1,0.021149873733520508,1,1,1e-06,0.0
1,0.020451068878173828,1,1,1e-06,0.0
1,0.014673471450805664,1,1,1e-06,0.0
1,0.0024373531341552734,1,1,1e-06,0.0
1,0.0030150413513183594,1,1,1e-06,0.0
1,0.008845329284667969,1,1,1e-06,0.0
1,0.0049190521240234375,1,1,1e-06,0.0
1,0.0023283958435058594,1,1,1e-06,0.0
1,0.0027816295623779297,1,1,1e-06,0.0
1,0.002390146255493164,1,1,1e-06,0.0
1,0.014456987380981445,1,1,1e-06,0.0
1,0.0029065608978271484,1,1,1e-06,0.0
1,0.002833127975463867,1,1,1e-06,0.0
1,0.004943370819091797,1,1,1e-06,0.0
1,0.0032863616943359375,1,1,1e-06,0.0
1,0.0023229122161865234,1,1,1e-06,0.0
1,0.0034012794494628906,1,1,1e-06,0.0
1,0.0027174949645996094,1,1,1e-06,0.0
1,0.11475801467895508,1,1,1e-06,0.0
1,0.0024466514587402344,1,1,1e-06,0.0
1,0.003208160400390625,1,1,1e-06,0.0
1,0.0026695728302001953,1,1,1e-06,0.0
1,0.002755403518676758,1,1,1e-06,0.0
1,0.005951404571533203,1,1,1e-06,0.0
1,0.0036373138427734375,1,1,1e-06,0.0
1,0.003592967987060547,1,1,1e-06,0.0
1,0.004561424255371094,1,1,1e-06,0.0
1,0.0029523372650146484,1,1,1e-06,0.0
1,0.0032815933227539062,1,1,1e-06,0.0
1,0.0035233497619628906,1,1,1e-06,0.0
1,0.0026412010192871094,1,1,1e-06,0.0
1,0.0045986175537109375,1,1,1e-06,0.0
1,0.0024836063385009766,1,1,1e-06,0.0
1,0.002228975296020508,1,1,1e-06,0.0
1,0.002437591552734375,1,1,1e-06,0.0
1,0.005567312240600586,1,1,1e-06,0.0
1,0.0028913021087646484,1,1,1e-06,0.0
1,0.009051084518432617,1,1,1e-06,0.0
1,0.013226747512817383,1,1,1e-06,0.0
1,0.0041048526763916016,1,1,1e-06,0.0
1,0.025546789169311523,1,1,1e-06,0.0
1,0.015525341033935547,1,1,1e-06,0.0
1,0.002352476119995117,1,1,1e-06,0.0
1,0.0035195350646972656,1,1,1e-06,0.0
1,0.09819936752319336,1,1,1e-06,0.0
1,0.01744222640991211,1,1,1e-06,0.0
1,0.004727602005004883,1,1,1e-06,0.0
1,0.012597084045410156,1,1,1e-06,0.0
1,0.024037837982177734,1,1,1e-06,0.0
1,0.5298094749450684,1,1,1e-06,0.0
1,0.006895303726196289,1,1,1e-06,0.0
1,0.016686677932739258,1,1,1e-06,0.0
1,0.011083602905273438,1,1,1e-06,0.0
1,0.010993480682373047,1,1,1e-06,0.0
1,0.0069005489349365234,1,1,1e-06,0.0
1,0.04730677604675293,1,1,1e-06,0.0
1,0.03080153465270996,1,1,1e-06,0.0
1,0.003857851028442383,1,1,1e-06,0.0
1,0.006868839263916016,1,1,1e-06,0.0
1,0.037513017654418945,1,1,1e-06,0.0
1,0.028502941131591797,1,1,1e-06,0.0
1,0.006353616714477539,1,1,1e-06,0.0
1,0.007694244384765625,1,1,1e-06,0.0
1,0.008382558822631836,1,1,1e-06,0.0
1,0.008335590362548828,1,1,1e-06,0.0
1,0.008077859878540039,1,1,1e-06,0.0
1,0.1188511848449707,1,1,1e-06,0.0
1,0.005646944046020508,1,1,1e-06,0.0
1,0.033295392990112305,1,1,1e-06,0.0
1,0.006180524826049805,1,1,1e-06,0.0
1,0.004316806793212891,1,1,1e-06,0.0
1,0.012966394424438477,1,1,1e-06,0.0
1,0.006467103958129883,1,1,1e-06,0.0
1,0.009260177612304688,1,1,1e-06,0.0
1,0.006946563720703125,1,1,1e-06,0.0
1,0.010421514511108398,1,1,1e-06,0.0
1,0.008240461349487305,1,1,1e-06,0.0
1,0.009038209915161133,1,1,1e-06,0.0
1,0.009332418441772461,1,1,1e-06,0.0
1,0.0039048194885253906,1,1,1e-06,0.0
1,0.010029315948486328,1,1,1e-06,0.0
1,0.010097980499267578,1,1,1e-06,0.0
1,0.008935928344726562,1,1,1e-06,0.0
1,0.007676124572753906,1,1,1e-06,0.0
1,0.0063784122467041016,1,1,1e-06,0.0
1,0.004938364028930664,1,1,1e-06,0.0
1,0.009450674057006836,1,1,1e-06,0.0
1,0.010210752487182617,1,1,1e-06,0.0
1,0.25180602073669434,1,1,1e-06,0.0
1,0.01754617691040039,1,1,1e-06,0.0
1,0.015148401260375977,1,1,1e-06,0.0
1,0.0048563480377197266,1,1,1e-06,0.0
1,0.011249542236328125,1,1,1e-06,0.0
1,0.0034885406494140625,1,1,1e-06,0.0
1,0.002714395523071289,1,1,1e-06,0.0
1,0.003168344497680664,1,1,1e-06,0.0
1,0.0860292911529541,1,1,1e-06,0.0
1,0.025120019912719727,1,1,1e-06,0.0
1,0.002620220184326172,1,1,1e-06,0.0
1,0.0026671886444091797,1,1,1e-06,0.0
1,0.06671023368835449,1,1,1e-06,0.0
1,0.00448918342590332,1,1,1e-06,0.0
1,0.004961967468261719,1,1,1e-06,0.0
1,0.003931999206542969,1,1,1e-06,0.0
1,0.0075261592864990234,1,1,1e-06,0.0
1,0.0031309127807617188,1,1,1e-06,0.0
1,0.005223512649536133,1,1,1e-06,0.0
1,0.01519012451171875,1,1,1e-06,0.0
1,0.008333206176757812,1,1,1e-06,0.0
1,0.003748655319213867,1,1,1e-06,0.0
1,0.006047964096069336,1,1,1e-06,0.0
1,0.03268790245056152,1,1,1e-06,0.0
1,0.005975008010864258,1,1,1e-06,0.0
1,0.003190279006958008,1,1,1e-06,0.0
1,0.0044116973876953125,1,1,1e-06,0.0
1,0.04227733612060547,1,1,1e-06,0.0
1,0.004172563552856445,1,1,1e-06,0.0
1,0.0031239986419677734,1,1,1e-06,0.0
1,0.0044100284576416016,1,1,1e-06,0.0
1,0.0054285526275634766,1,1,1e-06,0.0
1,0.01487874984741211,1,1,1e-06,0.0
1,0.01537466049194336,1,1,1e-06,0.0
1,0.0024738311767578125,1,1,1e-06,0.0
1,0.002496480941772461,1,1,1e-06,0.0
1,0.00879359245300293,1,1,1e-06,0.0
1,0.0028357505798339844,1,1,1e-06,0.0
1,0.002710580825805664,1,1,1e-06,0.0
1,0.005899906158447266,1,1,1e-06,0.0
1,0.016299962997436523,1,1,1e-06,0.0
1,0.00356292724609375,1,1,1e-06,0.0
1,0.026391029357910156,1,1,1e-06,0.0
1,0.00403904914855957,1,1,1e-06,0.0
1,0.01784658432006836,1,1,1e-06,0.0
1,0.004413127899169922,1,1,1e-06,0.0
1,0.0036907196044921875,1,1,1e-06,0.0
1,0.0034101009368896484,1,1,1e-06,0.0
1,0.0030982494354248047,1,1,1e-06,0.0
1,0.021791934967041016,1,1,1e-06,0.0
1,0.0028297901153564453,1,1,1e-06,0.0
1,0.0028312206268310547,1,1,1e-06,0.0
1,0.0034127235412597656,1,1,1e-06,0.0
1,0.002701997756958008,1,1,1e-06,0.0
1,0.003344297409057617,1,1,1e-06,0.0
1,0.0026764869689941406,1,1,1e-06,0.0
1,0.004422426223754883,1,1,1e-06,0.0
1,0.002444028854370117,1,1,1e-06,0.0
1,0.026808500289916992,1,1,1e-06,0.0
1,0.0026140213012695312,1,1,1e-06,0.0
1,0.0035245418548583984,1,1,1e-06,0.0
1,0.002392292022705078,1,1,1e-06,0.0
1,0.002336263656616211,1,1,1e-06,0.0
1,0.0024862289428710938,1,1,1e-06,0.0
1,0.02370929718017578,1,1,1e-06,0.0
1,0.003132343292236328,1,1,1e-06,0.0
1,0.003621339797973633,1,1,1e-06,0.0
1,0.0032482147216796875,1,1,1e-06,0.0
1,0.003652811050415039,1,1,1e-06,0.0
1,0.002813577651977539,1,1,1e-06,0.0
1,0.0062563419342041016,1,1,1e-06,0.0
1,0.0029687881469726562,1,1,1e-06,0.0
1,0.0035598278045654297,1,1,1e-06,0.0
1,0.003128528594970703,1,1,1e-06,0.0
1,0.0018389225006103516,1,1,1e-06,0.0
1,0.002736806869506836,1,1,1e-06,0.0
1,0.002708911895751953,1,1,1e-06,0.0
1,0.0053253173828125,1,1,1e-06,0.0
1,0.002232074737548828,1,1,1e-06,0.0
1,0.0019505023956298828,1,1,1e-06,0.0
1,0.002151966094970703,1,1,1e-06,0.0
1,0.0022437572479248047,1,1,1e-06,0.0
1,0.002760171890258789,1,1,1e-06,0.0
1,0.0039052963256835938,1,1,1e-06,0.0
1,0.013472557067871094,1,1,1e-06,0.0
1,0.0028581619262695312,1,1,1e-06,0.0
1,0.002414226531982422,1,1,1e-06,0.0
1,0.002200603485107422,1,1,1e-06,0.0
1,0.038307905197143555,1,1,1e-06,0.0
1,0.007225513458251953,1,1,1e-06,0.0
1,0.0042150020599365234,1,1,1e-06,0.0
1,0.028377294540405273,1,1,1e-06,0.0
1,0.0033690929412841797,1,1,1e-06,0.0
1,0.004891157150268555,1,1,1e-06,0.0
1,0.0030562877655029297,1,1,1e-06,0.0
1,0.003355264663696289,1,1,1e-06,0.0
1,0.0038874149322509766,1,1,1e-06,0.0
1,0.0030558109283447266,1,1,1e-06,0.0
1,0.00582432746887207,1,1,1e-06,0.0
1,0.0034782886505126953,1,1,1e-06,0.0
1,0.003582477569580078,1,1,1e-06,0.0
1,0.0019943714141845703,1,1,1e-06,0.0
1,0.00405573844909668,1,1,1e-06,0.0
1,0.004289865493774414,1,1,1e-06,0.0
1,0.0029730796813964844,1,1,1e-06,0.0
1,0.003350973129272461,1,1,1e-06,0.0
1,0.0028123855590820312,1,1,1e-06,0.0
1,0.0039708614349365234,1,1,1e-06,0.0
1,0.006886482238769531,1,1,1e-06,0.0
1,0.003128528594970703,1,1,1e-06,0.0
1,0.0023148059844970703,1,1,1e-06,0.0
1,0.0049591064453125,1,1,1e-06,0.0
1,0.022221803665161133,1,1,1e-06,0.0
1,0.002549886703491211,1,1,1e-06,0.0
1,0.010051250457763672,1,1,1e-06,0.0
1,0.004133701324462891,1,1,1e-06,0.0
1,0.002536773681640625,1,1,1e-06,0.0
1,0.008231878280639648,1,1,1e-06,0.0
1,0.01701807975769043,1,1,1e-06,0.0
1,0.004766941070556641,1,1,1e-06,0.0
1,0.012571334838867188,1,1,1e-06,0.0
1,0.028708457946777344,1,1,1e-06,0.0
1,0.0030732154846191406,1,1,1e-06,0.0
1,0.0025620460510253906,1,1,1e-06,0.0
1,0.010793209075927734,1,1,1e-06,0.0
1,0.0043261051177978516,1,1,1e-06,0.0
1,0.0031709671020507812,1,1,1e-06,0.0
1,0.015117883682250977,1,1,1e-06,0.0
1,0.028344154357910156,1,1,1e-06,0.0
1,0.0067484378814697266,1,1,1e-06,0.0
1,0.06620931625366211,1,1,1e-06,0.0
1,0.002749204635620117,1,1,1e-06,0.0
1,0.012624025344848633,1,1,1e-06,0.0
1,0.0032711029052734375,1,1,1e-06,0.0
1,0.00493311882019043,1,1,1e-06,0.0
1,0.003572702407836914,1,1,1e-06,0.0
1,0.0067653656005859375,1,1,1e-06,0.0
1,0.07586836814880371,1,1,1e-06,0.0
1,0.003864765167236328,1,1,1e-06,0.0
1,0.013081073760986328,1,1,1e-06,0.0
1,0.05187869071960449,1,1,1e-06,0.0
1,0.012088537216186523,1,1,1e-06,0.0
1,0.008992433547973633,1,1,1e-06,0.0
1,0.004654645919799805,1,1,1e-06,0.0
1,0.004316091537475586,1,1,1e-06,0.0
1,0.0028612613677978516,1,1,1e-06,0.0
1,0.0056610107421875,1,1,1e-06,0.0
1,0.11084127426147461,1,1,1e-06,0.0
1,0.007534980773925781,1,1,1e-06,0.0
1,0.002795696258544922,1,1,1e-06,0.0
1,0.021836280822753906,1,1,1e-06,0.0
1,0.014550209045410156,1,1,1e-06,0.0
1,0.0033414363861083984,1,1,1e-06,0.0
1,0.005634307861328125,1,1,1e-06,0.0
1,0.003773212432861328,1,1,1e-06,0.0
1,0.03069305419921875,1,1,1e-06,0.0
1,0.007099151611328125,1,1,1e-06,0.0
1,0.003400564193725586,1,1,1e-06,0.0
1,0.03704333305358887,1,1,1e-06,0.0
1,0.05227255821228027,1,1,1e-06,0.0
1,0.0036149024963378906,1,1,1e-06,0.0
1,0.0031919479370117188,1,1,1e-06,0.0
1,0.0027654170989990234,1,1,1e-06,0.0
1,0.007811784744262695,1,1,1e-06,0.0
1,0.0030508041381835938,1,1,1e-06,0.0
1,0.0032892227172851562,1,1,1e-06,0.0
1,0.004229307174682617,1,1,1e-06,0.0
1,0.0031385421752929688,1,1,1e-06,0.0
1,0.012674331665039062,1,1,1e-06,0.0
1,0.0023767948150634766,1,1,1e-06,0.0
1,0.011505842208862305,1,1,1e-06,0.0
1,0.003516674041748047,1,1,1e-06,0.0
1,0.0069272518157958984,1,1,1e-06,0.0
1,0.003290891647338867,1,1,1e-06,0.0
1,0.0037550926208496094,1,1,1e-06,0.0
1,0.5061383247375488,1,1,1e-06,0.0
1,0.014789581298828125,1,1,1e-06,0.0
1,0.015794754028320312,1,1,1e-06,0.0
1,0.005333900451660156,1,1,1e-06,0.0
1,0.010912179946899414,1,1,1e-06,0.0
1,0.006577253341674805,1,1,1e-06,0.0
1,0.05087137222290039,1,1,1e-06,0.0
1,0.003423452377319336,1,1,1e-06,0.0
1,0.006338596343994141,1,1,1e-06,0.0
1,0.017084598541259766,1,1,1e-06,0.0
1,0.003223419189453125,1,1,1e-06,0.0
1,0.0060155391693115234,1,1,1e-06,0.0
1,0.0035681724548339844,1,1,1e-06,0.0
1,0.02463054656982422,1,1,1e-06,0.0
1,0.0030663013458251953,1,1,1e-06,0.0
1,0.027496337890625,1,1,1e-06,0.0
1,0.0037963390350341797,1,1,1e-06,0.0
1,0.002125978469848633,1,1,1e-06,0.0
1,0.005263566970825195,1,1,1e-06,0.0
1,0.01120758056640625,1,1,1e-06,0.0
1,0.003269672393798828,1,1,1e-06,0.0
1,0.0034530162811279297,1,1,1e-06,0.0
1,0.003256559371948242,1,1,1e-06,0.0
1,0.0357356071472168,1,1,1e-06,0.0
1,0.02175450325012207,1,1,1e-06,0.0
1,0.0034036636352539062,1,1,1e-06,0.0
1,0.004212856292724609,1,1,1e-06,0.0
1,0.005705118179321289,1,1,1e-06,0.0
1,0.005298137664794922,1,1,1e-06,0.0
1,0.025450468063354492,1,1,1e-06,0.0
1,0.08367204666137695,1,1,1e-06,0.0
1,0.0424342155456543,1,1,1e-06,0.0
1,0.10438370704650879,1,1,1e-06,0.0
1,0.002593517303466797,1,1,1e-06,0.0
1,0.00425267219543457,1,1,1e-06,0.0
1,0.0060694217681884766,1,1,1e-06,0.0
1,0.003727436065673828,1,1,1e-06,0.0
1,0.004367828369140625,1,1,1e-06,0.0
1,0.07444357872009277,1,1,1e-06,0.0
1,0.0030701160430908203,1,1,1e-06,0.0
1,0.005957841873168945,1,1,1e-06,0.0
1,0.0038280487060546875,1,1,1e-06,0.0
1,0.003220796585083008,1,1,1e-06,0.0
1,0.002624034881591797,1,1,1e-06,0.0
1,0.003965616226196289,1,1,1e-06,0.0
1,0.004589557647705078,1,1,1e-06,0.0
1,0.003306150436401367,1,1,1e-06,0.0
1,0.040814876556396484,1,1,1e-06,0.0
1,0.0037043094635009766,1,1,1e-06,0.0
1,0.049787282943725586,1,1,1e-06,0.0
1,0.0028913021087646484,1,1,1e-06,0.0
1,0.07842350006103516,1,1,1e-06,0.0
1,0.003227710723876953,1,1,1e-06,0.0
1,0.0039327144622802734,1,1,1e-06,0.0
1,0.006210803985595703,1,1,1e-06,0.0
1,0.0032868385314941406,1,1,1e-06,0.0
1,0.02133941650390625,1,1,1e-06,0.0
1,0.03627657890319824,1,1,1e-06,0.0
1,0.002512216567993164,1,1,1e-06,0.0
1,0.0033767223358154297,1,1,1e-06,0.0
1,0.020239591598510742,1,1,1e-06,0.0
1,0.0046329498291015625,1,1,1e-06,0.0
1,0.03341531753540039,1,1,1e-06,0.0
1,0.0030760765075683594,1,1,1e-06,0.0
1,0.0069425106048583984,1,1,1e-06,0.0
1,0.003171205520629883,1,1,1e-06,0.0
1,0.005091667175292969,1,1,1e-06,0.0
1,0.005515336990356445,1,1,1e-06,0.0
1,0.00396728515625,1,1,1e-06,0.0
1,0.002804994583129883,1,1,1e-06,0.0
1,0.0024924278259277344,1,1,1e-06,0.0
1,0.018372058868408203,1,1,1e-06,0.0
1,0.0036649703979492188,1,1,1e-06,0.0
1,0.002593517303466797,1,1,1e-06,0.0
1,0.002832174301147461,1,1,1e-06,0.0
1,0.02055048942565918,1,1,1e-06,0.0
1,0.0036363601684570312,1,1,1e-06,0.0
1,0.0038747787475585938,1,1,1e-06,0.0
1,0.027390241622924805,1,1,1e-06,0.0
1,0.0047986507415771484,1,1,1e-06,0.0
1,0.003223896026611328,1,1,1e-06,0.0
1,0.0034449100494384766,1,1,1e-06,0.0
1,0.0036749839782714844,1,1,1e-06,0.0
1,0.009879827499389648,1,1,1e-06,0.0
1,0.024968862533569336,1,1,1e-06,0.0
1,0.015520811080932617,1,1,1e-06,0.0
1,0.032239675521850586,1,1,1e-06,0.0
1,0.0046656131744384766,1,1,1e-06,0.0
1,0.015137910842895508,1,1,1e-06,0.0
1,0.004308462142944336,1,1,1e-06,0.0
1,0.010822296142578125,1,1,1e-06,0.0
1,0.006666660308837891,1,1,1e-06,0.0
1,0.0067501068115234375,1,1,1e-06,0.0
1,0.014245033264160156,1,1,1e-06,0.0
1,0.006800651550292969,1,1,1e-06,0.0
1,0.032073974609375,1,1,1e-06,0.0
1,0.0040166378021240234,1,1,1e-06,0.0
1,0.014143705368041992,1,1,1e-06,0.0
1,0.004854679107666016,1,1,1e-06,0.0
1,0.003898143768310547,1,1,1e-06,0.0
1,0.00819706916809082,1,1,1e-06,0.0
1,0.013560295104980469,1,1,1e-06,0.0
1,0.003117799758911133,1,1,1e-06,0.0
1,0.03556180000305176,1,1,1e-06,0.0
1,0.003955841064453125,1,1,1e-06,0.0
1,0.004956245422363281,1,1,1e-06,0.0
1,0.004290342330932617,1,1,1e-06,0.0
1,0.006202220916748047,1,1,1e-06,0.0
1,0.01853466033935547,1,1,1e-06,0.0
1,0.024582624435424805,1,1,1e-06,0.0
1,0.0022797584533691406,1,1,1e-06,0.0
1,0.003596782684326172,1,1,1e-06,0.0
1,0.0033943653106689453,1,1,1e-06,0.0
1,0.004131793975830078,1,1,1e-06,0.0
1,0.0042726993560791016,1,1,1e-06,0.0
1,0.01339578628540039,1,1,1e-06,0.0
1,0.0025146007537841797,1,1,1e-06,0.0
1,0.0021524429321289062,1,1,1e-06,0.0
1,0.0030508041381835938,1,1,1e-06,0.0
1,0.0031239986419677734,1,1,1e-06,0.0
1,0.0036993026733398438,1,1,1e-06,0.0
1,0.0023183822631835938,1,1,1e-06,0.0
1,0.0021147727966308594,1,1,1e-06,0.0
1,0.004743099212646484,1,1,1e-06,0.0
1,0.031142473220825195,1,1,1e-06,0.0
1,0.0028727054595947266,1,1,1e-06,0.0
1,0.009523868560791016,1,1,1e-06,0.0
1,0.014210224151611328,1,1,1e-06,0.0
1,0.00536036491394043,1,1,1e-06,0.0
1,0.002402067184448242,1,1,1e-06,0.0
1,0.015238285064697266,1,1,1e-06,0.0
1,0.0027816295623779297,1,1,1e-06,0.0
1,0.001956939697265625,1,1,1e-06,0.0
1,0.0026831626892089844,1,1,1e-06,0.0
1,0.0039000511169433594,1,1,1e-06,0.0
1,0.003315448760986328,1,1,1e-06,0.0
1,0.00428318977355957,1,1,1e-06,0.0
1,0.002782583236694336,1,1,1e-06,0.0
1,0.005727291107177734,1,1,1e-06,0.0
1,0.003859281539916992,1,1,1e-06,0.0
1,0.03900885581970215,1,1,1e-06,0.0
1,0.002605438232421875,1,1,1e-06,0.0
1,0.0029664039611816406,1,1,1e-06,0.0
1,0.006561994552612305,1,1,1e-06,0.0
1,0.004705905914306641,1,1,1e-06,0.0
1,0.028551101684570312,1,1,1e-06,0.0
1,0.003325939178466797,1,1,1e-06,0.0
1,0.0026073455810546875,1,1,1e-06,0.0
1,0.041709184646606445,1,1,1e-06,0.0
1,0.01363229751586914,1,1,1e-06,0.0
1,0.0024001598358154297,1,1,1e-06,0.0
1,0.002235889434814453,1,1,1e-06,0.0
1,0.0058329105377197266,1,1,1e-06,0.0
1,0.002498149871826172,1,1,1e-06,0.0
1,0.002618074417114258,1,1,1e-06,0.0
1,0.027283191680908203,1,1,1e-06,0.0
1,0.004564523696899414,1,1,1e-06,0.0
1,0.003082752227783203,1,1,1e-06,0.0
1,0.0042874813079833984,1,1,1e-06,0.0
1,0.0032720565795898438,1,1,1e-06,0.0
1,0.00524139404296875,1,1,1e-06,0.0
1,0.018270015716552734,1,1,1e-06,0.0
1,0.003130674362182617,1,1,1e-06,0.0
1,0.003098726272583008,1,1,1e-06,0.0
1,0.009976625442504883,1,1,1e-06,0.0
1,0.004547119140625,1,1,1e-06,0.0
1,0.0028798580169677734,1,1,1e-06,0.0
1,0.003431081771850586,1,1,1e-06,0.0
1,0.0858304500579834,1,1,1e-06,0.0
1,0.0026061534881591797,1,1,1e-06,0.0
1,0.0032911300659179688,1,1,1e-06,0.0
1,0.0030243396759033203,1,1,1e-06,0.0
1,0.0027823448181152344,1,1,1e-06,0.0
1,0.0028905868530273438,1,1,1e-06,0.0
1,0.048009634017944336,1,1,1e-06,0.0
1,0.002481698989868164,1,1,1e-06,0.0
1,0.003678560256958008,1,1,1e-06,0.0
1,0.0032339096069335938,1,1,1e-06,0.0
1,0.07642507553100586,1,1,1e-06,0.0
1,0.003711223602294922,1,1,1e-06,0.0
1,0.003243684768676758,1,1,1e-06,0.0
1,0.002107381820678711,1,1,1e-06,0.0
1,0.004780292510986328,1,1,1e-06,0.0
1,0.002187490463256836,1,1,1e-06,0.0
1,0.023581743240356445,1,1,1e-06,0.0
1,0.0027506351470947266,1,1,1e-06,0.0
1,0.0023109912872314453,1,1,1e-06,0.0
1,0.002797365188598633,1,1,1e-06,0.0
1,0.0019996166229248047,1,1,1e-06,0.0
1,0.014345884323120117,1,1,1e-06,0.0
1,0.003180980682373047,1,1,1e-06,0.0
1,0.006718158721923828,1,1,1e-06,0.0
1,0.015321969985961914,1,1,1e-06,0.0
1,0.0022172927856445312,1,1,1e-06,0.0
1,0.006443500518798828,1,1,1e-06,0.0
1,0.006766080856323242,1,1,1e-06,0.0
1,0.08529925346374512,1,1,1e-06,0.0
1,0.002365589141845703,1,1,1e-06,0.0
1,0.007775545120239258,1,1,1e-06,0.0
1,0.021263599395751953,1,1,1e-06,0.0
1,0.0028226375579833984,1,1,1e-06,0.0
1,0.014265775680541992,1,1,1e-06,0.0
1,0.004314422607421875,1,1,1e-06,0.0
1,0.0029256343841552734,1,1,1e-06,0.0
1,0.002635478973388672,1,1,1e-06,0.0
1,0.0019195079803466797,1,1,1e-06,0.0
1,0.0017936229705810547,1,1,1e-06,0.0
1,0.002535581588745117,1,1,1e-06,0.0
1,0.007902145385742188,1,1,1e-06,0.0
1,0.004986286163330078,1,1,1e-06,0.0
1,0.003472566604614258,1,1,1e-06,0.0
1,0.0029754638671875,1,1,1e-06,0.0
1,0.015469789505004883,1,1,1e-06,0.0
1,0.0140533447265625,1,1,1e-06,0.0
1,0.0071485042572021484,1,1,1e-06,0.0
1,0.0026950836181640625,1,1,1e-06,0.0
1,0.003306150436401367,1,1,1e-06,0.0
1,0.0047512054443359375,1,1,1e-06,0.0
1,0.015019655227661133,1,1,1e-06,0.0
1,0.0032660961151123047,1,1,1e-06,0.0
1,0.0030837059020996094,1,1,1e-06,0.0
1,0.015685319900512695,1,1,1e-06,0.0
1,0.0041043758392333984,1,1,1e-06,0.0
1,0.04582786560058594,1,1,1e-06,0.0
1,0.0033948421478271484,1,1,1e-06,0.0
1,0.003020763397216797,1,1,1e-06,0.0
1,0.003015756607055664,1,1,1e-06,0.0
1,0.005938529968261719,1,1,1e-06,0.0
1,0.0036613941192626953,1,1,1e-06,0.0
1,0.028526782989501953,1,1,1e-06,0.0
1,0.004266023635864258,1,1,1e-06,0.0
1,0.003351449966430664,1,1,1e-06,0.0
1,0.003542184829711914,1,1,1e-06,0.0
1,0.02275681495666504,1,1,1e-06,0.0
1,0.012735605239868164,1,1,1e-06,0.0
1,0.02956366539001465,1,1,1e-06,0.0
1,0.005780220031738281,1,1,1e-06,0.0
1,0.0033407211303710938,1,1,1e-06,0.0
1,0.00815272331237793,1,1,1e-06,0.0
1,0.0037093162536621094,1,1,1e-06,0.0
1,0.002603769302368164,1,1,1e-06,0.0
1,0.002127408981323242,1,1,1e-06,0.0
1,0.003197908401489258,1,1,1e-06,0.0
1,0.07743477821350098,1,1,1e-06,0.0
1,0.0026116371154785156,1,1,1e-06,0.0
1,0.0027964115142822266,1,1,1e-06,0.0
1,0.003756999969482422,1,1,1e-06,0.0
1,0.0025179386138916016,1,1,1e-06,0.0
1,0.003244638442993164,1,1,1e-06,0.0
1,0.007982730865478516,1,1,1e-06,0.0
1,0.011664628982543945,1,1,1e-06,0.0
1,0.003136157989501953,1,1,1e-06,0.0
1,0.004182338714599609,1,1,1e-06,0.0
1,0.0033011436462402344,1,1,1e-06,0.0
1,0.0030770301818847656,1,1,1e-06,0.0
1,0.019208669662475586,1,1,1e-06,0.0
1,0.002689361572265625,1,1,1e-06,0.0
1,0.002796649932861328,1,1,1e-06,0.0
1,0.017836570739746094,1,1,1e-06,0.0
1,0.008379697799682617,1,1,1e-06,0.0
1,0.002517223358154297,1,1,1e-06,0.0
1,0.0031888484954833984,1,1,1e-06,0.0
1,0.00750279426574707,1,1,1e-06,0.0
1,0.002919912338256836,1,1,1e-06,0.0
1,0.0023174285888671875,1,1,1e-06,0.0
1,0.013398170471191406,1,1,1e-06,0.0
1,0.0030052661895751953,1,1,1e-06,0.0
1,0.002620697021484375,1,1,1e-06,0.0
1,0.008921146392822266,1,1,1e-06,0.0
1,0.004450321197509766,1,1,1e-06,0.0
1,0.0036382675170898438,1,1,1e-06,0.0
1,0.009411096572875977,1,1,1e-06,0.0
1,0.007285594940185547,1,1,1e-06,0.0
1,0.005141735076904297,1,1,1e-06,0.0
1,0.003523111343383789,1,1,1e-06,0.0
1,0.003586292266845703,1,1,1e-06,0.0
1,0.0036563873291015625,1,1,1e-06,0.0
1,0.0052144527435302734,1,1,1e-06,0.0
1,0.004300594329833984,1,1,1e-06,0.0
1,0.003253459930419922,1,1,1e-06,0.0
1,0.0024700164794921875,1,1,1e-06,0.0
1,0.04231691360473633,1,1,1e-06,0.0
1,0.003459453582763672,1,1,1e-06,0.0
1,0.0030400753021240234,1,1,1e-06,0.0
1,0.0038001537322998047,1,1,1e-06,0.0
1,0.003590106964111328,1,1,1e-06,0.0
1,0.004965782165527344,1,1,1e-06,0.0
1,0.006096839904785156,1,1,1e-06,0.0
1,0.0029871463775634766,1,1,1e-06,0.0
1,0.003239870071411133,1,1,1e-06,0.0
1,0.02549886703491211,1,1,1e-06,0.0
1,0.0037720203399658203,1,1,1e-06,0.0
1,0.0036401748657226562,1,1,1e-06,0.0
1,0.012392997741699219,1,1,1e-06,0.0
1,0.004462242126464844,1,1,1e-06,0.0
1,0.0026786327362060547,1,1,1e-06,0.0
1,0.00433039665222168,1,1,1e-06,0.0
1,0.006227016448974609,1,1,1e-06,0.0
1,0.004024505615234375,1,1,1e-06,0.0
1,0.0027043819427490234,1,1,1e-06,0.0
1,0.006062507629394531,1,1,1e-06,0.0
1,0.002937793731689453,1,1,1e-06,0.0
1,0.03351640701293945,1,1,1e-06,0.0
1,0.003283262252807617,1,1,1e-06,0.0
1,0.031185388565063477,1,1,1e-06,0.0
1,0.005951404571533203,1,1,1e-06,0.0
1,0.022521257400512695,1,1,1e-06,0.0
1,0.003230571746826172,1,1,1e-06,0.0
1,0.00524592399597168,1,1,1e-06,0.0
1,0.007933378219604492,1,1,1e-06,0.0
1,0.0023097991943359375,1,1,1e-06,0.0
1,0.028931140899658203,1,1,1e-06,0.0
1,0.003801584243774414,1,1,1e-06,0.0
1,0.0031478404998779297,1,1,1e-06,0.0
1,0.0036377906799316406,1,1,1e-06,0.0
1,0.0331263542175293,1,1,1e-06,0.0
1,0.004334211349487305,1,1,1e-06,0.0
1,0.0037283897399902344,1,1,1e-06,0.0
1,0.002282857894897461,1,1,1e-06,0.0
1,0.002463102340698242,1,1,1e-06,0.0
1,0.0025620460510253906,1,1,1e-06,0.0
1,0.019947052001953125,1,1,1e-06,0.0
1,0.02266240119934082,1,1,1e-06,0.0
1,0.02478957176208496,1,1,1e-06,0.0
1,0.0024843215942382812,1,1,1e-06,0.0
1,0.00244903564453125,1,1,1e-06,0.0
1,0.002933979034423828,1,1,1e-06,0.0
1,0.008023977279663086,1,1,1e-06,0.0
1,0.00255584716796875,1,1,1e-06,0.0
1,0.015410423278808594,1,1,1e-06,0.0
1,0.007201671600341797,1,1,1e-06,0.0
1,0.0054569244384765625,1,1,1e-06,0.0
1,0.031135082244873047,1,1,1e-06,0.0
1,0.002716541290283203,1,1,1e-06,0.0
1,0.0027332305908203125,1,1,1e-06,0.0
1,0.0034003257751464844,1,1,1e-06,0.0
1,0.0026702880859375,1,1,1e-06,0.0
1,0.002272367477416992,1,1,1e-06,0.0
1,0.002205371856689453,1,1,1e-06,0.0
1,0.004808187484741211,1,1,1e-06,0.0
1,0.04296565055847168,1,1,1e-06,0.0
1,0.002496957778930664,1,1,1e-06,0.0
1,0.00915670394897461,1,1,1e-06,0.0
1,0.002867460250854492,1,1,1e-06,0.0
1,0.030405044555664062,1,1,1e-06,0.0
1,0.003477334976196289,1,1,1e-06,0.0
1,0.003027200698852539,1,1,1e-06,0.0
1,0.0028696060180664062,1,1,1e-06,0.0
1,0.003473520278930664,1,1,1e-06,0.0
1,0.0034575462341308594,1,1,1e-06,0.0
1,0.017725467681884766,1,1,1e-06,0.0
1,0.0037469863891601562,1,1,1e-06,0.0
1,0.007156848907470703,1,1,1e-06,0.0
1,0.00432586669921875,1,1,1e-06,0.0
1,0.007270336151123047,1,1,1e-06,0.0
1,0.01376199722290039,1,1,1e-06,0.0
1,0.007500410079956055,1,1,1e-06,0.0
1,0.007384300231933594,1,1,1e-06,0.0
1,0.03421616554260254,1,1,1e-06,0.0
1,0.039304494857788086,1,1,1e-06,0.0
1,0.030077219009399414,1,1,1e-06,0.0
1,0.00770258903503418,1,1,1e-06,0.0
1,0.008030414581298828,1,1,1e-06,0.0
1,0.007927179336547852,1,1,1e-06,0.0
1,0.01468658447265625,1,1,1e-06,0.0
1,0.009224176406860352,1,1,1e-06,0.0
1,0.006387472152709961,1,1,1e-06,0.0
1,0.008743047714233398,1,1,1e-06,0.0
1,0.016380786895751953,1,1,1e-06,0.0
1,0.00835561752319336,1,1,1e-06,0.0
1,0.6003315448760986,1,1,1e-06,0.0
1,0.049394845962524414,1,1,1e-06,0.0
1,0.020180225372314453,1,1,1e-06,0.0
1,0.005671262741088867,1,1,1e-06,0.0
1,0.005522251129150391,1,1,1e-06,0.0
1,0.027791738510131836,1,1,1e-06,0.0
1,0.009813308715820312,1,1,1e-06,0.0
1,0.0033006668090820312,1,1,1e-06,0.0
1,0.004570484161376953,1,1,1e-06,0.0
1,0.003025054931640625,1,1,1e-06,0.0
1,0.004046916961669922,1,1,1e-06,0.0
1,0.004258155822753906,1,1,1e-06,0.0
1,0.0400700569152832,1,1,1e-06,0.0
1,0.018958091735839844,1,1,1e-06,0.0
1,0.018049001693725586,1,1,1e-06,0.0
1,0.0032875537872314453,1,1,1e-06,0.0
1,0.032845258712768555,1,1,1e-06,0.0
1,0.0035676956176757812,1,1,1e-06,0.0
1,0.0031118392944335938,1,1,1e-06,0.0
1,0.0034606456756591797,1,1,1e-06,0.0
1,0.004621982574462891,1,1,1e-06,0.0
1,0.0032799243927001953,1,1,1e-06,0.0
1,0.003222227096557617,1,1,1e-06,0.0
1,0.004146575927734375,1,1,1e-06,0.0
1,0.002868175506591797,1,1,1e-06,0.0
1,0.013196229934692383,1,1,1e-06,0.0
1,0.015584707260131836,1,1,1e-06,0.0
1,0.003244638442993164,1,1,1e-06,0.0
1,0.0029311180114746094,1,1,1e-06,0.0
1,0.0025610923767089844,1,1,1e-06,0.0
1,0.006580352783203125,1,1,1e-06,0.0
1,0.0046198368072509766,1,1,1e-06,0.0
1,0.002653360366821289,1,1,1e-06,0.0
1,0.0024199485778808594,1,1,1e-06,0.0
1,0.002489328384399414,1,1,1e-06,0.0
1,0.002405881881713867,1,1,1e-06,0.0
1,0.0027518272399902344,1,1,1e-06,0.0
1,0.006563663482666016,1,1,1e-06,0.0
1,0.0032160282135009766,1,1,1e-06,0.0
1,0.002532958984375,1,1,1e-06,0.0
1,0.0029375553131103516,1,1,1e-06,0.0
1,0.004535198211669922,1,1,1e-06,0.0
1,0.003327608108520508,1,1,1e-06,0.0
1,0.0030260086059570312,1,1,1e-06,0.0
1,0.0701136589050293,1,1,1e-06,0.0
1,0.059632301330566406,1,1,1e-06,0.0
1,0.002664804458618164,1,1,1e-06,0.0
1,0.0034792423248291016,1,1,1e-06,0.0
1,0.0040280818939208984,1,1,1e-06,0.0
1,0.0029325485229492188,1,1,1e-06,0.0
1,0.0035560131072998047,1,1,1e-06,0.0
1,0.002894878387451172,1,1,1e-06,0.0
1,0.002880096435546875,1,1,1e-06,0.0
1,0.00917673110961914,1,1,1e-06,0.0
1,0.0033092498779296875,1,1,1e-06,0.0
1,0.003030538558959961,1,1,1e-06,0.0
1,0.0035932064056396484,1,1,1e-06,0.0
1,0.004696846008300781,1,1,1e-06,0.0
1,0.030000686645507812,1,1,1e-06,0.0
1,0.003986358642578125,1,1,1e-06,0.0
1,0.005460977554321289,1,1,1e-06,0.0
1,0.0076847076416015625,1,1,1e-06,0.0
1,0.004304647445678711,1,1,1e-06,0.0
1,0.003390789031982422,1,1,1e-06,0.0
1,0.0027246475219726562,1,1,1e-06,0.0
1,0.002536296844482422,1,1,1e-06,0.0
1,0.004747152328491211,1,1,1e-06,0.0
1,0.0028884410858154297,1,1,1e-06,0.0
1,0.05151653289794922,1,1,1e-06,0.0
1,0.024658918380737305,1,1,1e-06,0.0
1,0.003093242645263672,1,1,1e-06,0.0
1,0.002177715301513672,1,1,1e-06,0.0
1,0.002824544906616211,1,1,1e-06,0.0
1,0.002515077590942383,1,1,1e-06,0.0
1,0.004556179046630859,1,1,1e-06,0.0
1,0.0028228759765625,1,1,1e-06,0.0
1,0.002240896224975586,1,1,1e-06,0.0
1,0.002638578414916992,1,1,1e-06,0.0
1,0.003409862518310547,1,1,1e-06,0.0
1,0.002418041229248047,1,1,1e-06,0.0
1,0.002407073974609375,1,1,1e-06,0.0
1,0.0022797584533691406,1,1,1e-06,0.0
1,0.00474238395690918,1,1,1e-06,0.0
1,0.5373787879943848,1,1,1e-06,0.0
1,0.003139495849609375,1,1,1e-06,0.0
1,0.0032770633697509766,1,1,1e-06,0.0
1,0.0029480457305908203,1,1,1e-06,0.0
1,0.0035467147827148438,1,1,1e-06,0.0
1,0.0045926570892333984,1,1,1e-06,0.0
1,0.009492635726928711,1,1,1e-06,0.0
1,0.002683877944946289,1,1,1e-06,0.0
1,0.0035545825958251953,1,1,1e-06,0.0
1,0.01024007797241211,1,1,1e-06,0.0
1,0.004589557647705078,1,1,1e-06,0.0
1,0.0035371780395507812,1,1,1e-06,0.0
1,0.03894352912902832,1,1,1e-06,0.0
1,0.003233671188354492,1,1,1e-06,0.0
1,0.0032968521118164062,1,1,1e-06,0.0
1,0.00484013557434082,1,1,1e-06,0.0
1,0.003137350082397461,1,1,1e-06,0.0
1,0.002496957778930664,1,1,1e-06,0.0
1,0.040259599685668945,1,1,1e-06,0.0
1,0.003547191619873047,1,1,1e-06,0.0
1,0.0035469532012939453,1,1,1e-06,0.0
1,1.5732831954956055,1,1,1e-06,0.0
1,0.0073032379150390625,1,1,1e-06,0.0
1,0.0033142566680908203,1,1,1e-06,0.0
1,0.0908517837524414,1,1,1e-06,0.0
1,0.0023009777069091797,1,1,1e-06,0.0
1,0.002263784408569336,1,1,1e-06,0.0
1,0.006549358367919922,1,1,1e-06,0.0
1,0.05146932601928711,1,1,1e-06,0.0
1,0.004327535629272461,1,1,1e-06,0.0
1,0.0021047592163085938,1,1,1e-06,0.0
1,0.002411365509033203,1,1,1e-06,0.0
1,0.002378225326538086,1,1,1e-06,0.0
1,0.002426624298095703,1,1,1e-06,0.0
1,0.0060787200927734375,1,1,1e-06,0.0
1,0.03581118583679199,1,1,1e-06,0.0
1,0.0024042129516601562,1,1,1e-06,0.0
1,0.003644227981567383,1,1,1e-06,0.0
1,0.09198808670043945,1,1,1e-06,0.0
1,0.0022287368774414062,1,1,1e-06,0.0
1,0.0022306442260742188,1,1,1e-06,0.0
1,0.0021622180938720703,1,1,1e-06,0.0
1,0.0027747154235839844,1,1,1e-06,0.0
1,0.011104583740234375,1,1,1e-06,0.0
1,0.004350423812866211,1,1,1e-06,0.0
1,0.0023775100708007812,1,1,1e-06,0.0
1,0.003704071044921875,1,1,1e-06,0.0
1,0.12277483940124512,1,1,1e-06,0.0
1,0.0023865699768066406,1,1,1e-06,0.0
1,0.0067462921142578125,1,1,1e-06,0.0
1,0.015006065368652344,1,1,1e-06,0.0
1,0.01933741569519043,1,1,1e-06,0.0
1,0.003719329833984375,1,1,1e-06,0.0
1,0.002475738525390625,1,1,1e-06,0.0
1,0.004467487335205078,1,1,1e-06,0.0
1,0.002484560012817383,1,1,1e-06,0.0
1,0.0018053054809570312,1,1,1e-06,0.0
1,0.0021278858184814453,1,1,1e-06,0.0
1,0.00720667839050293,1,1,1e-06,0.0
1,0.004129171371459961,1,1,1e-06,0.0
1,0.0050067901611328125,1,1,1e-06,0.0
1,0.0027267932891845703,1,1,1e-06,0.0
1,0.0025086402893066406,1,1,1e-06,0.0
1,0.002782106399536133,1,1,1e-06,0.0
1,0.017553091049194336,1,1,1e-06,0.0
1,0.021213769912719727,1,1,1e-06,0.0
1,0.004098415374755859,1,1,1e-06,0.0
1,0.003426074981689453,1,1,1e-06,0.0
1,0.0028738975524902344,1,1,1e-06,0.0
1,0.034764766693115234,1,1,1e-06,0.0
1,0.013426542282104492,1,1,1e-06,0.0
1,0.006006956100463867,1,1,1e-06,0.0
1,0.002606630325317383,1,1,1e-06,0.0
1,0.0037605762481689453,1,1,1e-06,0.0
1,0.027342557907104492,1,1,1e-06,0.0
1,0.0026483535766601562,1,1,1e-06,0.0
1,0.004190206527709961,1,1,1e-06,0.0
1,0.0029048919677734375,1,1,1e-06,0.0
1,0.0058176517486572266,1,1,1e-06,0.0
1,0.0029714107513427734,1,1,1e-06,0.0
1,0.004621028900146484,1,1,1e-06,0.0
1,0.002103090286254883,1,1,1e-06,0.0
1,0.0022444725036621094,1,1,1e-06,0.0
1,0.0020284652709960938,1,1,1e-06,0.0
1,0.002323627471923828,1,1,1e-06,0.0
1,0.013858556747436523,1,1,1e-06,0.0
1,0.0019583702087402344,1,1,1e-06,0.0
1,0.002417325973510742,1,1,1e-06,0.0
1,0.0034058094024658203,1,1,1e-06,0.0
1,0.0039556026458740234,1,1,1e-06,0.0
1,0.030800819396972656,1,1,1e-06,0.0
1,0.002299785614013672,1,1,1e-06,0.0
1,0.051386356353759766,1,1,1e-06,0.0
1,0.002128124237060547,1,1,1e-06,0.0
1,0.0036220550537109375,1,1,1e-06,0.0
1,0.002540111541748047,1,1,1e-06,0.0
1,0.0023565292358398438,1,1,1e-06,0.0
1,0.005129575729370117,1,1,1e-06,0.0
1,0.002902984619140625,1,1,1e-06,0.0
1,0.0025649070739746094,1,1,1e-06,0.0
1,0.0917963981628418,1,1,1e-06,0.0
1,0.007699489593505859,1,1,1e-06,0.0
1,0.002604246139526367,1,1,1e-06,0.0
1,0.002276897430419922,1,1,1e-06,0.0
1,0.01913142204284668,1,1,1e-06,0.0
1,0.0025780200958251953,1,1,1e-06,0.0
1,0.002869129180908203,1,1,1e-06,0.0
1,0.0027506351470947266,1,1,1e-06,0.0
1,0.004187345504760742,1,1,1e-06,0.0
1,0.0021164417266845703,1,1,1e-06,0.0
1,0.02420353889465332,1,1,1e-06,0.0
1,0.0027642250061035156,1,1,1e-06,0.0
1,0.00554203987121582,1,1,1e-06,0.0
1,0.0029823780059814453,1,1,1e-06,0.0
1,0.011299610137939453,1,1,1e-06,0.0
1,0.05262923240661621,1,1,1e-06,0.0
1,0.002704620361328125,1,1,1e-06,0.0
1,0.5066542625427246,1,1,1e-06,0.0
1,0.0032989978790283203,1,1,1e-06,0.0
1,0.027400970458984375,1,1,1e-06,0.0
1,0.0027344226837158203,1,1,1e-06,0.0
1,0.04468059539794922,1,1,1e-06,0.0
1,0.003279447555541992,1,1,1e-06,0.0
1,0.038611650466918945,1,1,1e-06,0.0
1,0.003214120864868164,1,1,1e-06,0.0
1,0.01683497428894043,1,1,1e-06,0.0
1,0.0038580894470214844,1,1,1e-06,0.0
1,0.002431631088256836,1,1,1e-06,0.0
1,0.0028967857360839844,1,1,1e-06,0.0
1,0.03356146812438965,1,1,1e-06,0.0
1,0.0029506683349609375,1,1,1e-06,0.0
1,0.09118247032165527,1,1,1e-06,0.0
1,0.012357234954833984,1,1,1e-06,0.0
1,0.003266572952270508,1,1,1e-06,0.0
1,0.002443075180053711,1,1,1e-06,0.0
1,0.0031821727752685547,1,1,1e-06,0.0
1,0.002222776412963867,1,1,1e-06,0.0
1,0.022957801818847656,1,1,1e-06,0.0
1,0.0030069351196289062,1,1,1e-06,0.0
1,0.006931781768798828,1,1,1e-06,0.0
1,0.0035567283630371094,1,1,1e-06,0.0
1,0.0035386085510253906,1,1,1e-06,0.0
1,0.002743959426879883,1,1,1e-06,0.0
1,0.0037174224853515625,1,1,1e-06,0.0
1,0.002499818801879883,1,1,1e-06,0.0
1,0.004721641540527344,1,1,1e-06,0.0
1,0.00279998779296875,1,1,1e-06,0.0
1,0.004654884338378906,1,1,1e-06,0.0
1,0.008690357208251953,1,1,1e-06,0.0
1,0.024138212203979492,1,1,1e-06,0.0
1,0.0026929378509521484,1,1,1e-06,0.0
1,0.0024819374084472656,1,1,1e-06,0.0
1,0.014749526977539062,1,1,1e-06,0.0
1,0.002218484878540039,1,1,1e-06,0.0
1,0.002486705780029297,1,1,1e-06,0.0
1,0.0022573471069335938,1,1,1e-06,0.0
1,0.004015922546386719,1,1,1e-06,0.0
1,0.004886150360107422,1,1,1e-06,0.0
1,0.0026192665100097656,1,1,1e-06,0.0
1,0.00225067138671875,1,1,1e-06,0.0
1,0.002193927764892578,1,1,1e-06,0.0
1,0.002112865447998047,1,1,1e-06,0.0
1,0.0019009113311767578,1,1,1e-06,0.0
1,0.032839298248291016,1,1,1e-06,0.0
1,0.002482891082763672,1,1,1e-06,0.0
1,0.022944927215576172,1,1,1e-06,0.0
1,0.003258228302001953,1,1,1e-06,0.0
1,0.004248857498168945,1,1,1e-06,0.0
1,0.003019094467163086,1,1,1e-06,0.0
1,0.02817392349243164,1,1,1e-06,0.0
1,0.0023102760314941406,1,1,1e-06,0.0
1,0.0020275115966796875,1,1,1e-06,0.0
1,0.0025186538696289062,1,1,1e-06,0.0
1,0.002685546875,1,1,1e-06,0.0
1,0.018599271774291992,1,1,1e-06,0.0
1,0.0026769638061523438,1,1,1e-06,0.0
1,0.0024154186248779297,1,1,1e-06,0.0
1,0.002580881118774414,1,1,1e-06,0.0
1,0.002210855484008789,1,1,1e-06,0.0
1,0.04400300979614258,1,1,1e-06,0.0
1,0.005860328674316406,1,1,1e-06,0.0
1,0.0025260448455810547,1,1,1e-06,0.0
1,0.0027365684509277344,1,1,1e-06,0.0
1,0.0028645992279052734,1,1,1e-06,0.0
1,0.009160280227661133,1,1,1e-06,0.0
1,0.005696773529052734,1,1,1e-06,0.0
1,0.0052759647369384766,1,1,1e-06,0.0
1,0.0024750232696533203,1,1,1e-06,0.0
1,0.010039091110229492,1,1,1e-06,0.0
1,0.002498149871826172,1,1,1e-06,0.0
1,0.014499187469482422,1,1,1e-06,0.0
1,0.003430604934692383,1,1,1e-06,0.0
1,0.008210182189941406,1,1,1e-06,0.0
1,0.01933908462524414,1,1,1e-06,0.0
1,0.019479036331176758,1,1,1e-06,0.0
1,0.018439531326293945,1,1,1e-06,0.0
1,0.0026946067810058594,1,1,1e-06,0.0
1,0.003241300582885742,1,1,1e-06,0.0
1,0.003541231155395508,1,1,1e-06,0.0
1,0.03178858757019043,1,1,1e-06,0.0
1,0.011702299118041992,1,1,1e-06,0.0
1,0.002759218215942383,1,1,1e-06,0.0
1,0.0031499862670898438,1,1,1e-06,0.0
1,0.002922534942626953,1,1,1e-06,0.0
1,0.01766824722290039,1,1,1e-06,0.0
1,0.0620417594909668,1,1,1e-06,0.0
1,0.0035381317138671875,1,1,1e-06,0.0
1,0.006732463836669922,1,1,1e-06,0.0
1,0.004126071929931641,1,1,1e-06,0.0
1,0.0030651092529296875,1,1,1e-06,0.0
1,0.0069332122802734375,1,1,1e-06,0.0
1,0.00934457778930664,1,1,1e-06,0.0
1,0.015701770782470703,1,1,1e-06,0.0
1,0.013701438903808594,1,1,1e-06,0.0
1,0.013776540756225586,1,1,1e-06,0.0
1,0.00935053825378418,1,1,1e-06,0.0
1,0.004731416702270508,1,1,1e-06,0.0
1,0.007468223571777344,1,1,1e-06,0.0
1,0.004449605941772461,1,1,1e-06,0.0
1,0.013844728469848633,1,1,1e-06,0.0
1,0.00814509391784668,1,1,1e-06,0.0
1,0.04206395149230957,1,1,1e-06,0.0
1,0.004189491271972656,1,1,1e-06,0.0
1,0.008342266082763672,1,1,1e-06,0.0
1,0.006639957427978516,1,1,1e-06,0.0
1,0.0072629451751708984,1,1,1e-06,0.0
1,0.008425712585449219,1,1,1e-06,0.0
1,0.007139921188354492,1,1,1e-06,0.0
1,0.008484125137329102,1,1,1e-06,0.0
1,0.007062196731567383,1,1,1e-06,0.0
1,0.0067903995513916016,1,1,1e-06,0.0
1,0.012870073318481445,1,1,1e-06,0.0
1,0.0032553672790527344,1,1,1e-06,0.0
1,0.009798765182495117,1,1,1e-06,0.0
1,0.003518819808959961,1,1,1e-06,0.0
1,0.012041807174682617,1,1,1e-06,0.0
1,0.005438566207885742,1,1,1e-06,0.0
1,0.004561424255371094,1,1,1e-06,0.0
1,0.007433176040649414,1,1,1e-06,0.0
1,0.0062007904052734375,1,1,1e-06,0.0
1,0.005162954330444336,1,1,1e-06,0.0
1,0.054947853088378906,1,1,1e-06,0.0
1,0.004999399185180664,1,1,1e-06,0.0
1,0.008561372756958008,1,1,1e-06,0.0
1,0.0041730403900146484,1,1,1e-06,0.0
1,0.007961034774780273,1,1,1e-06,0.0
1,0.008789539337158203,1,1,1e-06,0.0
1,0.003529787063598633,1,1,1e-06,0.0
1,0.004186153411865234,1,1,1e-06,0.0
1,0.004541635513305664,1,1,1e-06,0.0
1,0.004314422607421875,1,1,1e-06,0.0
1,0.012419700622558594,1,1,1e-06,0.0
1,0.05643129348754883,1,1,1e-06,0.0
1,0.03872060775756836,1,1,1e-06,0.0
1,0.005320310592651367,1,1,1e-06,0.0
1,0.004831552505493164,1,1,1e-06,0.0
1,0.010460615158081055,1,1,1e-06,0.0
1,0.003481626510620117,1,1,1e-06,0.0
1,0.10032463073730469,1,1,1e-06,0.0
1,0.013037681579589844,1,1,1e-06,0.0
1,0.004886150360107422,1,1,1e-06,0.0
1,0.010539054870605469,1,1,1e-06,0.0
1,0.005116701126098633,1,1,1e-06,0.0
1,0.06612992286682129,1,1,1e-06,0.0
1,0.002907276153564453,1,1,1e-06,0.0
1,0.006646156311035156,1,1,1e-06,0.0
1,0.026784181594848633,1,1,1e-06,0.0
1,0.006492137908935547,1,1,1e-06,0.0
1,0.0026285648345947266,1,1,1e-06,0.0
1,0.0038826465606689453,1,1,1e-06,0.0
1,0.00336456298828125,1,1,1e-06,0.0
1,0.009101629257202148,1,1,1e-06,0.0
1,0.0025787353515625,1,1,1e-06,0.0
1,0.0024182796478271484,1,1,1e-06,0.0
1,0.0034422874450683594,1,1,1e-06,0.0
1,0.027718782424926758,1,1,1e-06,0.0
1,0.006048917770385742,1,1,1e-06,0.0
1,0.0036809444427490234,1,1,1e-06,0.0
1,0.04044795036315918,1,1,1e-06,0.0
1,0.045632123947143555,1,1,1e-06,0.0
1,0.024235248565673828,1,1,1e-06,0.0
1,0.0029892921447753906,1,1,1e-06,0.0
1,0.02984333038330078,1,1,1e-06,0.0
1,0.0036895275115966797,1,1,1e-06,0.0
1,0.004433393478393555,1,1,1e-06,0.0
1,0.003234386444091797,1,1,1e-06,0.0
1,0.0035037994384765625,1,1,1e-06,0.0
1,0.002964019775390625,1,1,1e-06,0.0
1,0.00577998161315918,1,1,1e-06,0.0
1,0.004815340042114258,1,1,1e-06,0.0
1,0.004710674285888672,1,1,1e-06,0.0
1,0.003126859664916992,1,1,1e-06,0.0
1,0.002336263656616211,1,1,1e-06,0.0
1,0.011085271835327148,1,1,1e-06,0.0
1,0.021006345748901367,1,1,1e-06,0.0
1,0.013848543167114258,1,1,1e-06,0.0
1,0.003248453140258789,1,1,1e-06,0.0
1,0.003264904022216797,1,1,1e-06,0.0
1,0.0062198638916015625,1,1,1e-06,0.0
1,0.0038030147552490234,1,1,1e-06,0.0
1,0.005776405334472656,1,1,1e-06,0.0
1,0.003795623779296875,1,1,1e-06,0.0
1,0.0036995410919189453,1,1,1e-06,0.0
1,0.005113363265991211,1,1,1e-06,0.0
1,0.003134489059448242,1,1,1e-06,0.0
1,0.2524433135986328,1,1,1e-06,0.0
1,0.12965154647827148,1,1,1e-06,0.0
1,0.026896238327026367,1,1,1e-06,0.0
1,0.015465021133422852,1,1,1e-06,0.0
1,0.005953550338745117,1,1,1e-06,0.0
1,0.007039308547973633,1,1,1e-06,0.0
1,0.008812427520751953,1,1,1e-06,0.0
1,0.006821393966674805,1,1,1e-06,0.0
1,0.03525686264038086,1,1,1e-06,0.0
1,0.0073239803314208984,1,1,1e-06,0.0
1,0.005228519439697266,1,1,1e-06,0.0
1,0.003225088119506836,1,1,1e-06,0.0
1,0.03136301040649414,1,1,1e-06,0.0
1,0.003684520721435547,1,1,1e-06,0.0
1,0.0551300048828125,1,1,1e-06,0.0
1,0.0034101009368896484,1,1,1e-06,0.0
1,0.004291057586669922,1,1,1e-06,0.0
1,0.003470182418823242,1,1,1e-06,0.0
1,0.0036249160766601562,1,1,1e-06,0.0
1,0.0030570030212402344,1,1,1e-06,0.0
1,0.01876997947692871,1,1,1e-06,0.0
1,0.033646345138549805,1,1,1e-06,0.0
1,0.01251530647277832,1,1,1e-06,0.0
1,0.005018472671508789,1,1,1e-06,0.0
1,0.011351346969604492,1,1,1e-06,0.0
1,0.00510859489440918,1,1,1e-06,0.0
1,0.0033495426177978516,1,1,1e-06,0.0
1,0.02654290199279785,1,1,1e-06,0.0
1,0.003229856491088867,1,1,1e-06,0.0
1,0.003869771957397461,1,1,1e-06,0.0
1,0.00736236572265625,1,1,1e-06,0.0
1,0.004250049591064453,1,1,1e-06,0.0
1,0.0030312538146972656,1,1,1e-06,0.0
1,0.0026061534881591797,1,1,1e-06,0.0
1,0.003465414047241211,1,1,1e-06,0.0
1,0.003624439239501953,1,1,1e-06,0.0
1,0.00392603874206543,1,1,1e-06,0.0
1,0.0039806365966796875,1,1,1e-06,0.0
1,0.00632929801940918,1,1,1e-06,0.0
1,0.003642559051513672,1,1,1e-06,0.0
1,0.0038361549377441406,1,1,1e-06,0.0
1,0.003770112991333008,1,1,1e-06,0.0
1,0.0032176971435546875,1,1,1e-06,0.0
1,0.0043277740478515625,1,1,1e-06,0.0
1,0.07335114479064941,1,1,1e-06,0.0
1,0.0029630661010742188,1,1,1e-06,0.0
1,0.003428220748901367,1,1,1e-06,0.0
1,0.0026950836181640625,1,1,1e-06,0.0
1,0.0029366016387939453,1,1,1e-06,0.0
1,0.005309104919433594,1,1,1e-06,0.0
1,0.0029077529907226562,1,1,1e-06,0.0
1,0.0038797855377197266,1,1,1e-06,0.0
1,0.0031423568725585938,1,1,1e-06,0.0
1,0.0032150745391845703,1,1,1e-06,0.0
1,0.0036487579345703125,1,1,1e-06,0.0
1,0.0036683082580566406,1,1,1e-06,0.0
1,0.2033097743988037,1,1,1e-06,0.0
1,0.023523330688476562,1,1,1e-06,0.0
1,0.0031816959381103516,1,1,1e-06,0.0
1,0.0031921863555908203,1,1,1e-06,0.0
1,0.004479885101318359,1,1,1e-06,0.0
1,0.0026683807373046875,1,1,1e-06,0.0
1,0.02343440055847168,1,1,1e-06,0.0
1,0.002595186233520508,1,1,1e-06,0.0
1,0.003179311752319336,1,1,1e-06,0.0
1,0.003009796142578125,1,1,1e-06,0.0
1,0.01946568489074707,1,1,1e-06,0.0
1,0.002647876739501953,1,1,1e-06,0.0
1,0.024515151977539062,1,1,1e-06,0.0
1,0.0043506622314453125,1,1,1e-06,0.0
1,0.003172159194946289,1,1,1e-06,0.0
1,0.0023736953735351562,1,1,1e-06,0.0
1,0.0022296905517578125,1,1,1e-06,0.0
1,0.1753826141357422,1,1,1e-06,0.0
1,0.006667137145996094,1,1,1e-06,0.0
1,0.00310516357421875,1,1,1e-06,0.0
1,0.023507356643676758,1,1,1e-06,0.0
1,0.005084037780761719,1,1,1e-06,0.0
1,0.006031036376953125,1,1,1e-06,0.0
1,0.002869844436645508,1,1,1e-06,0.0
1,0.012174367904663086,1,1,1e-06,0.0
1,0.002517223358154297,1,1,1e-06,0.0
1,0.002585172653198242,1,1,1e-06,0.0
1,0.0028028488159179688,1,1,1e-06,0.0
1,0.0033566951751708984,1,1,1e-06,0.0
1,0.0026857852935791016,1,1,1e-06,0.0
1,0.014342546463012695,1,1,1e-06,0.0
1,0.0025839805603027344,1,1,1e-06,0.0
1,0.0027570724487304688,1,1,1e-06,0.0
1,0.012561321258544922,1,1,1e-06,0.0
1,0.0026674270629882812,1,1,1e-06,0.0
1,0.022579431533813477,1,1,1e-06,0.0
1,0.028673648834228516,1,1,1e-06,0.0
1,0.0028421878814697266,1,1,1e-06,0.0
1,0.0028901100158691406,1,1,1e-06,0.0
1,0.003444671630859375,1,1,1e-06,0.0
1,0.03527712821960449,1,1,1e-06,0.0
1,0.004975795745849609,1,1,1e-06,0.0
1,0.01233530044555664,1,1,1e-06,0.0
1,0.002504587173461914,1,1,1e-06,0.0
1,0.0022377967834472656,1,1,1e-06,0.0
1,0.0033087730407714844,1,1,1e-06,0.0
1,0.002237558364868164,1,1,1e-06,0.0
1,0.0027899742126464844,1,1,1e-06,0.0
1,0.0023956298828125,1,1,1e-06,0.0
1,0.00273895263671875,1,1,1e-06,0.0
1,0.0038576126098632812,1,1,1e-06,0.0
1,0.019385099411010742,1,1,1e-06,0.0
1,0.003074169158935547,1,1,1e-06,0.0
1,0.0031366348266601562,1,1,1e-06,0.0
1,0.004014730453491211,1,1,1e-06,0.0
1,0.002685070037841797,1,1,1e-06,0.0
1,0.0031261444091796875,1,1,1e-06,0.0
1,0.002674579620361328,1,1,1e-06,0.0
1,0.0031702518463134766,1,1,1e-06,0.0
1,0.006766080856323242,1,1,1e-06,0.0
1,0.002969980239868164,1,1,1e-06,0.0
1,0.002421140670776367,1,1,1e-06,0.0
1,0.013364791870117188,1,1,1e-06,0.0
1,0.0032203197479248047,1,1,1e-06,0.0
1,0.014688491821289062,1,1,1e-06,0.0
1,0.011451005935668945,1,1,1e-06,0.0
1,0.0032165050506591797,1,1,1e-06,0.0
1,0.0026826858520507812,1,1,1e-06,0.0
1,0.0027871131896972656,1,1,1e-06,0.0
1,0.0032837390899658203,1,1,1e-06,0.0
1,0.0033545494079589844,1,1,1e-06,0.0
1,0.005021095275878906,1,1,1e-06,0.0
1,0.0029091835021972656,1,1,1e-06,0.0
1,0.0026335716247558594,1,1,1e-06,0.0
1,0.003115415573120117,1,1,1e-06,0.0
1,0.0021355152130126953,1,1,1e-06,0.0
1,0.00728607177734375,1,1,1e-06,0.0
1,0.002893209457397461,1,1,1e-06,0.0
1,0.04275703430175781,1,1,1e-06,0.0
1,0.00925135612487793,1,1,1e-06,0.0
1,0.004117250442504883,1,1,1e-06,0.0
1,0.002424955368041992,1,1,1e-06,0.0
1,0.0020744800567626953,1,1,1e-06,0.0
1,0.0038733482360839844,1,1,1e-06,0.0
1,0.0020253658294677734,1,1,1e-06,0.0
1,0.0024728775024414062,1,1,1e-06,0.0
1,0.0050885677337646484,1,1,1e-06,0.0
1,0.02976679801940918,1,1,1e-06,0.0
1,0.017468929290771484,1,1,1e-06,0.0
1,0.0023488998413085938,1,1,1e-06,0.0
1,0.024288415908813477,1,1,1e-06,0.0
1,0.005765676498413086,1,1,1e-06,0.0
1,0.01162099838256836,1,1,1e-06,0.0
1,0.0022118091583251953,1,1,1e-06,0.0
1,0.0034728050231933594,1,1,1e-06,0.0
1,0.0029554367065429688,1,1,1e-06,0.0
1,0.0030412673950195312,1,1,1e-06,0.0
1,0.03438234329223633,1,1,1e-06,0.0
1,0.0019307136535644531,1,1,1e-06,0.0
1,0.0020668506622314453,1,1,1e-06,0.0
1,0.0033240318298339844,1,1,1e-06,0.0
1,0.0030517578125,1,1,1e-06,0.0
1,0.004725217819213867,1,1,1e-06,0.0
1,0.019359111785888672,1,1,1e-06,0.0
1,0.0025794506072998047,1,1,1e-06,0.0
1,0.004948616027832031,1,1,1e-06,0.0
1,0.09972238540649414,1,1,1e-06,0.0
1,0.005345344543457031,1,1,1e-06,0.0
1,0.002148866653442383,1,1,1e-06,0.0
1,0.0019538402557373047,1,1,1e-06,0.0
1,0.0059850215911865234,1,1,1e-06,0.0
1,0.002558469772338867,1,1,1e-06,0.0
1,0.0023865699768066406,1,1,1e-06,0.0
1,0.01122426986694336,1,1,1e-06,0.0
1,0.008411645889282227,1,1,1e-06,0.0
1,0.009273529052734375,1,1,1e-06,0.0
1,0.004150390625,1,1,1e-06,0.0
1,0.0024738311767578125,1,1,1e-06,0.0
1,0.002527475357055664,1,1,1e-06,0.0
1,0.007354021072387695,1,1,1e-06,0.0
1,0.029028654098510742,1,1,1e-06,0.0
1,0.002264261245727539,1,1,1e-06,0.0
1,0.0022470951080322266,1,1,1e-06,0.0
1,0.003068208694458008,1,1,1e-06,0.0
1,0.005730628967285156,1,1,1e-06,0.0
1,0.0019192695617675781,1,1,1e-06,0.0
1,0.0019316673278808594,1,1,1e-06,0.0
1,0.0021467208862304688,1,1,1e-06,0.0
1,0.002254009246826172,1,1,1e-06,0.0
1,0.021656036376953125,1,1,1e-06,0.0
1,0.002315998077392578,1,1,1e-06,0.0
1,0.0017163753509521484,1,1,1e-06,0.0
1,0.0022416114807128906,1,1,1e-06,0.0
1,0.030887842178344727,1,1,1e-06,0.0
1,0.003971099853515625,1,1,1e-06,0.0
1,0.002204418182373047,1,1,1e-06,0.0
1,0.0026862621307373047,1,1,1e-06,0.0
1,0.0023097991943359375,1,1,1e-06,0.0
1,0.003901958465576172,1,1,1e-06,0.0
1,0.0022284984588623047,1,1,1e-06,0.0
1,0.0026853084564208984,1,1,1e-06,0.0
1,0.0027217864990234375,1,1,1e-06,0.0
1,0.005230903625488281,1,1,1e-06,0.0
1,0.0046308040618896484,1,1,1e-06,0.0
1,0.0020499229431152344,1,1,1e-06,0.0
1,0.002534627914428711,1,1,1e-06,0.0
1,0.0028128623962402344,1,1,1e-06,0.0
1,0.0031044483184814453,1,1,1e-06,0.0
1,0.0037696361541748047,1,1,1e-06,0.0
1,0.003031015396118164,1,1,1e-06,0.0
1,0.002936124801635742,1,1,1e-06,0.0
1,0.002741575241088867,1,1,1e-06,0.0
1,0.003953695297241211,1,1,1e-06,0.0
1,0.00257110595703125,1,1,1e-06,0.0
1,0.0019500255584716797,1,1,1e-06,0.0
1,0.004594087600708008,1,1,1e-06,0.0
1,0.0026700496673583984,1,1,1e-06,0.0
1,0.008841753005981445,1,1,1e-06,0.0
1,0.002297639846801758,1,1,1e-06,0.0
1,0.0025169849395751953,1,1,1e-06,0.0
1,0.00639653205871582,1,1,1e-06,0.0
1,0.0024399757385253906,1,1,1e-06,0.0
1,0.005177021026611328,1,1,1e-06,0.0
1,0.012911558151245117,1,1,1e-06,0.0
1,0.002300262451171875,1,1,1e-06,0.0
1,0.0022423267364501953,1,1,1e-06,0.0
1,0.005680084228515625,1,1,1e-06,0.0
1,0.0024149417877197266,1,1,1e-06,0.0
1,0.001971721649169922,1,1,1e-06,0.0
1,0.001954793930053711,1,1,1e-06,0.0
1,0.0027008056640625,1,1,1e-06,0.0
1,0.002031564712524414,1,1,1e-06,0.0
1,0.0021567344665527344,1,1,1e-06,0.0
1,0.00420832633972168,1,1,1e-06,0.0
1,0.0019388198852539062,1,1,1e-06,0.0
1,0.004319190979003906,1,1,1e-06,0.0
1,0.004076242446899414,1,1,1e-06,0.0
1,0.010525226593017578,1,1,1e-06,0.0
1,0.002452850341796875,1,1,1e-06,0.0
1,0.027127504348754883,1,1,1e-06,0.0
1,0.0028777122497558594,1,1,1e-06,0.0
1,0.0021698474884033203,1,1,1e-06,0.0
1,0.0017766952514648438,1,1,1e-06,0.0
1,0.002275228500366211,1,1,1e-06,0.0
1,0.0018415451049804688,1,1,1e-06,0.0
1,0.030181169509887695,1,1,1e-06,0.0
1,0.003279447555541992,1,1,1e-06,0.0
1,0.0020477771759033203,1,1,1e-06,0.0
1,0.0019805431365966797,1,1,1e-06,0.0
1,0.001981019973754883,1,1,1e-06,0.0
1,0.0025937557220458984,1,1,1e-06,0.0
1,0.0018856525421142578,1,1,1e-06,0.0
1,0.003677845001220703,1,1,1e-06,0.0
1,0.002754688262939453,1,1,1e-06,0.0
1,0.013078451156616211,1,1,1e-06,0.0
1,0.0021936893463134766,1,1,1e-06,0.0
1,0.0020036697387695312,1,1,1e-06,0.0
1,0.013302326202392578,1,1,1e-06,0.0
1,0.002093076705932617,1,1,1e-06,0.0
1,0.0017850399017333984,1,1,1e-06,0.0
1,0.002134561538696289,1,1,1e-06,0.0
1,0.002635478973388672,1,1,1e-06,0.0
1,0.0018112659454345703,1,1,1e-06,0.0
1,0.002023458480834961,1,1,1e-06,0.0
1,0.0019075870513916016,1,1,1e-06,0.0
1,0.0045206546783447266,1,1,1e-06,0.0
1,0.025339841842651367,1,1,1e-06,0.0
1,0.00191497802734375,1,1,1e-06,0.0
1,0.0031108856201171875,1,1,1e-06,0.0
1,0.021834611892700195,1,1,1e-06,0.0
1,0.012161016464233398,1,1,1e-06,0.0
1,0.019629478454589844,1,1,1e-06,0.0
1,0.002809762954711914,1,1,1e-06,0.0
1,0.0023603439331054688,1,1,1e-06,0.0
1,0.0015747547149658203,1,1,1e-06,0.0
1,0.002168893814086914,1,1,1e-06,0.0
1,0.0022292137145996094,1,1,1e-06,0.0
1,0.013154029846191406,1,1,1e-06,0.0
1,0.02230215072631836,1,1,1e-06,0.0
1,0.002003192901611328,1,1,1e-06,0.0
1,0.0018868446350097656,1,1,1e-06,0.0
1,0.0023598670959472656,1,1,1e-06,0.0
1,0.003156900405883789,1,1,1e-06,0.0
1,0.0025839805603027344,1,1,1e-06,0.0
1,0.005550384521484375,1,1,1e-06,0.0
1,0.0027074813842773438,1,1,1e-06,0.0
1,0.0034475326538085938,1,1,1e-06,0.0
1,0.002591848373413086,1,1,1e-06,0.0
1,0.002759218215942383,1,1,1e-06,0.0
1,0.0026311874389648438,1,1,1e-06,0.0
1,0.002960681915283203,1,1,1e-06,0.0
1,0.007704496383666992,1,1,1e-06,0.0
1,0.02884197235107422,1,1,1e-06,0.0
1,0.0024487972259521484,1,1,1e-06,0.0
1,0.0036432743072509766,1,1,1e-06,0.0
1,0.02313399314880371,1,1,1e-06,0.0
1,0.0024580955505371094,1,1,1e-06,0.0
1,0.0017592906951904297,1,1,1e-06,0.0
1,0.0025653839111328125,1,1,1e-06,0.0
1,0.0029535293579101562,1,1,1e-06,0.0
1,0.0029382705688476562,1,1,1e-06,0.0
1,0.0032765865325927734,1,1,1e-06,0.0
1,0.004225492477416992,1,1,1e-06,0.0
1,0.002982616424560547,1,1,1e-06,0.0
1,0.01701068878173828,1,1,1e-06,0.0
1,0.014564990997314453,1,1,1e-06,0.0
1,0.002844572067260742,1,1,1e-06,0.0
1,0.002240419387817383,1,1,1e-06,0.0
1,0.0024175643920898438,1,1,1e-06,0.0
1,0.0019898414611816406,1,1,1e-06,0.0
1,0.0025947093963623047,1,1,1e-06,0.0
1,0.012881994247436523,1,1,1e-06,0.0
1,0.004335165023803711,1,1,1e-06,0.0
1,0.0032949447631835938,1,1,1e-06,0.0
1,0.0029053688049316406,1,1,1e-06,0.0
1,0.008376598358154297,1,1,1e-06,0.0
1,0.0024073123931884766,1,1,1e-06,0.0
1,0.002364635467529297,1,1,1e-06,0.0
1,0.0032854080200195312,1,1,1e-06,0.0
1,0.0024323463439941406,1,1,1e-06,0.0
1,0.002165555953979492,1,1,1e-06,0.0
1,0.0025653839111328125,1,1,1e-06,0.0
1,0.0029392242431640625,1,1,1e-06,0.0
1,0.0027256011962890625,1,1,1e-06,0.0
1,0.011385440826416016,1,1,1e-06,0.0
1,0.0035371780395507812,1,1,1e-06,0.0
1,0.004736185073852539,1,1,1e-06,0.0
1,0.15325522422790527,1,1,1e-06,0.0
1,0.0031239986419677734,1,1,1e-06,0.0
1,0.005485057830810547,1,1,1e-06,0.0
1,0.0038573741912841797,1,1,1e-06,0.0
1,0.006800174713134766,1,1,1e-06,0.0
1,0.0032203197479248047,1,1,1e-06,0.0
1,0.0032956600189208984,1,1,1e-06,0.0
1,0.0031905174255371094,1,1,1e-06,0.0
1,0.012448787689208984,1,1,1e-06,0.0
1,0.0023012161254882812,1,1,1e-06,0.0
1,0.002666950225830078,1,1,1e-06,0.0
1,0.0027370452880859375,1,1,1e-06,0.0
1,0.038611412048339844,1,1,1e-06,0.0
1,0.003580808639526367,1,1,1e-06,0.0
1,0.041922569274902344,1,1,1e-06,0.0
1,0.02445530891418457,1,1,1e-06,0.0
1,0.00322723388671875,1,1,1e-06,0.0
1,0.023981332778930664,1,1,1e-06,0.0
1,0.0028676986694335938,1,1,1e-06,0.0
1,0.05211448669433594,1,1,1e-06,0.0
1,0.002506732940673828,1,1,1e-06,0.0
1,0.007392406463623047,1,1,1e-06,0.0
1,0.0025246143341064453,1,1,1e-06,0.0
1,0.002833127975463867,1,1,1e-06,0.0
1,0.002086162567138672,1,1,1e-06,0.0
1,0.004414081573486328,1,1,1e-06,0.0
1,0.008302450180053711,1,1,1e-06,0.0
1,0.002915620803833008,1,1,1e-06,0.0
1,0.11060786247253418,1,1,1e-06,0.0
1,0.0033905506134033203,1,1,1e-06,0.0
1,0.0066068172454833984,1,1,1e-06,0.0
1,0.023462772369384766,1,1,1e-06,0.0
1,0.005867481231689453,1,1,1e-06,0.0
1,0.0030050277709960938,1,1,1e-06,0.0
1,0.003471851348876953,1,1,1e-06,0.0
1,0.015872716903686523,1,1,1e-06,0.0
1,0.0032775402069091797,1,1,1e-06,0.0
1,0.015799999237060547,1,1,1e-06,0.0
1,0.01815032958984375,1,1,1e-06,0.0
1,0.00439000129699707,1,1,1e-06,0.0
1,0.002710580825805664,1,1,1e-06,0.0
1,0.0026955604553222656,1,1,1e-06,0.0
1,0.003882884979248047,1,1,1e-06,0.0
1,0.004328250885009766,1,1,1e-06,0.0
1,0.0028696060180664062,1,1,1e-06,0.0
1,0.005510568618774414,1,1,1e-06,0.0
1,0.003004789352416992,1,1,1e-06,0.0
1,0.0030188560485839844,1,1,1e-06,0.0
1,0.004781484603881836,1,1,1e-06,0.0
1,0.0030584335327148438,1,1,1e-06,0.0
1,0.0034627914428710938,1,1,1e-06,0.0
1,0.052713871002197266,1,1,1e-06,0.0
1,0.021178245544433594,1,1,1e-06,0.0
1,0.0030062198638916016,1,1,1e-06,0.0
1,0.002719402313232422,1,1,1e-06,0.0
1,0.0025184154510498047,1,1,1e-06,0.0
1,0.06421089172363281,1,1,1e-06,0.0
1,0.005644798278808594,1,1,1e-06,0.0
1,0.003052949905395508,1,1,1e-06,0.0
1,0.002864360809326172,1,1,1e-06,0.0
1,0.002420663833618164,1,1,1e-06,0.0
1,0.0028405189514160156,1,1,1e-06,0.0
1,0.003601551055908203,1,1,1e-06,0.0
1,0.003160715103149414,1,1,1e-06,0.0
1,0.003107309341430664,1,1,1e-06,0.0
1,0.002351999282836914,1,1,1e-06,0.0
1,0.0022907257080078125,1,1,1e-06,0.0
1,0.0028429031372070312,1,1,1e-06,0.0
1,0.019210338592529297,1,1,1e-06,0.0
1,0.005101203918457031,1,1,1e-06,0.0
1,0.007756710052490234,1,1,1e-06,0.0
1,0.003088235855102539,1,1,1e-06,0.0
1,0.002757549285888672,1,1,1e-06,0.0
1,0.0033910274505615234,1,1,1e-06,0.0
1,0.0037779808044433594,1,1,1e-06,0.0
1,0.002421855926513672,1,1,1e-06,0.0
1,0.0025539398193359375,1,1,1e-06,0.0
1,0.006047725677490234,1,1,1e-06,0.0
1,0.0030150413513183594,1,1,1e-06,0.0
1,0.01692032814025879,1,1,1e-06,0.0
1,0.0029058456420898438,1,1,1e-06,0.0
1,0.04795360565185547,1,1,1e-06,0.0
1,0.0025179386138916016,1,1,1e-06,0.0
1,0.0023784637451171875,1,1,1e-06,0.0
1,0.020053863525390625,1,1,1e-06,0.0
1,0.003370046615600586,1,1,1e-06,0.0
1,0.0023267269134521484,1,1,1e-06,0.0
1,0.002089977264404297,1,1,1e-06,0.0
1,0.0019464492797851562,1,1,1e-06,0.0
1,0.0023496150970458984,1,1,1e-06,0.0
1,0.16739869117736816,1,1,1e-06,0.0
1,0.003983497619628906,1,1,1e-06,0.0
1,0.009606361389160156,1,1,1e-06,0.0
1,0.015378952026367188,1,1,1e-06,0.0
1,0.011058330535888672,1,1,1e-06,0.0
1,0.21155643463134766,1,1,1e-06,0.0
1,0.014376640319824219,1,1,1e-06,0.0
1,0.015521764755249023,1,1,1e-06,0.0
1,0.016426563262939453,1,1,1e-06,0.0
1,0.14870119094848633,1,1,1e-06,0.0
1,0.007765293121337891,1,1,1e-06,0.0
1,0.009126901626586914,1,1,1e-06,0.0
1,0.009528398513793945,1,1,1e-06,0.0
1,0.006219387054443359,1,1,1e-06,0.0
1,0.02448272705078125,1,1,1e-06,0.0
1,0.003518342971801758,1,1,1e-06,0.0
1,0.09212779998779297,1,1,1e-06,0.0
1,0.018843412399291992,1,1,1e-06,0.0
1,0.00680994987487793,1,1,1e-06,0.0
1,0.00457763671875,1,1,1e-06,0.0
1,0.08693742752075195,1,1,1e-06,0.0
1,0.0037186145782470703,1,1,1e-06,0.0
1,0.021485090255737305,1,1,1e-06,0.0
1,0.007662773132324219,1,1,1e-06,0.0
1,0.022806406021118164,1,1,1e-06,0.0
1,0.00449824333190918,1,1,1e-06,0.0
1,0.059403181076049805,1,1,1e-06,0.0
1,0.0030617713928222656,1,1,1e-06,0.0
1,0.0032172203063964844,1,1,1e-06,0.0
1,0.0031833648681640625,1,1,1e-06,0.0
1,0.04575061798095703,1,1,1e-06,0.0
1,0.020028352737426758,1,1,1e-06,0.0
1,0.0025784969329833984,1,1,1e-06,0.0
1,0.04750394821166992,1,1,1e-06,0.0
1,0.0024445056915283203,1,1,1e-06,0.0
1,0.0024442672729492188,1,1,1e-06,0.0
1,0.0037336349487304688,1,1,1e-06,0.0
1,0.0035011768341064453,1,1,1e-06,0.0
1,0.06331038475036621,1,1,1e-06,0.0
1,0.003687143325805664,1,1,1e-06,0.0
1,0.0028543472290039062,1,1,1e-06,0.0
1,0.003151416778564453,1,1,1e-06,0.0
1,0.0042150020599365234,1,1,1e-06,0.0
1,0.0023040771484375,1,1,1e-06,0.0
1,0.0030999183654785156,1,1,1e-06,0.0
1,0.00782465934753418,1,1,1e-06,0.0
1,0.006903171539306641,1,1,1e-06,0.0
1,0.004168272018432617,1,1,1e-06,0.0
1,0.016644001007080078,1,1,1e-06,0.0
1,0.00445556640625,1,1,1e-06,0.0
1,0.027208566665649414,1,1,1e-06,0.0
1,0.07412433624267578,1,1,1e-06,0.0
1,0.0028219223022460938,1,1,1e-06,0.0
1,0.08274435997009277,1,1,1e-06,0.0
1,0.003936767578125,1,1,1e-06,0.0
1,0.0035974979400634766,1,1,1e-06,0.0
1,0.014300823211669922,1,1,1e-06,0.0
1,0.00711822509765625,1,1,1e-06,0.0
1,0.004271030426025391,1,1,1e-06,0.0
1,0.002460002899169922,1,1,1e-06,0.0
1,0.013990640640258789,1,1,1e-06,0.0
1,0.004141569137573242,1,1,1e-06,0.0
1,0.027959346771240234,1,1,1e-06,0.0
1,0.0048580169677734375,1,1,1e-06,0.0
1,0.008698463439941406,1,1,1e-06,0.0
1,0.01779651641845703,1,1,1e-06,0.0
1,0.00672459602355957,1,1,1e-06,0.0
1,0.019989013671875,1,1,1e-06,0.0
1,0.010010957717895508,1,1,1e-06,0.0
1,0.0044727325439453125,1,1,1e-06,0.0
1,0.06483101844787598,1,1,1e-06,0.0
1,0.008246183395385742,1,1,1e-06,0.0
1,0.003606557846069336,1,1,1e-06,0.0
1,0.007327556610107422,1,1,1e-06,0.0
1,0.006956577301025391,1,1,1e-06,0.0
1,0.007432699203491211,1,1,1e-06,0.0
1,0.007172584533691406,1,1,1e-06,0.0
1,0.003660440444946289,1,1,1e-06,0.0
1,0.029380321502685547,1,1,1e-06,0.0
1,0.014486074447631836,1,1,1e-06,0.0
1,0.00556492805480957,1,1,1e-06,0.0
1,0.009744644165039062,1,1,1e-06,0.0
1,0.007737159729003906,1,1,1e-06,0.0
1,0.003444671630859375,1,1,1e-06,0.0
1,0.00802755355834961,1,1,1e-06,0.0
1,0.008654594421386719,1,1,1e-06,0.0
1,0.0071108341217041016,1,1,1e-06,0.0
1,0.005818843841552734,1,1,1e-06,0.0
1,0.08600020408630371,1,1,1e-06,0.0
1,0.023365497589111328,1,1,1e-06,0.0
1,0.005318880081176758,1,1,1e-06,0.0
1,0.00888824462890625,1,1,1e-06,0.0
1,0.005364894866943359,1,1,1e-06,0.0
1,0.00733494758605957,1,1,1e-06,0.0
1,0.010125160217285156,1,1,1e-06,0.0
1,0.007387399673461914,1,1,1e-06,0.0
1,0.012837409973144531,1,1,1e-06,0.0
1,0.0033719539642333984,1,1,1e-06,0.0
1,0.004053592681884766,1,1,1e-06,0.0
1,0.02022409439086914,1,1,1e-06,0.0
1,0.0073049068450927734,1,1,1e-06,0.0
1,0.007975339889526367,1,1,1e-06,0.0
1,0.0032045841217041016,1,1,1e-06,0.0
1,0.0034418106079101562,1,1,1e-06,0.0
1,0.0059719085693359375,1,1,1e-06,0.0
1,0.0062410831451416016,1,1,1e-06,0.0
1,0.0024356842041015625,1,1,1e-06,0.0
1,0.0027518272399902344,1,1,1e-06,0.0
1,0.005906105041503906,1,1,1e-06,0.0
1,0.0025534629821777344,1,1,1e-06,0.0
1,0.003426790237426758,1,1,1e-06,0.0
1,0.002798318862915039,1,1,1e-06,0.0
1,0.0028171539306640625,1,1,1e-06,0.0
1,0.0026807785034179688,1,1,1e-06,0.0
1,0.018315792083740234,1,1,1e-06,0.0
1,0.0027551651000976562,1,1,1e-06,0.0
1,0.002527952194213867,1,1,1e-06,0.0
1,0.0027511119842529297,1,1,1e-06,0.0
1,0.004657268524169922,1,1,1e-06,0.0
1,0.0026328563690185547,1,1,1e-06,0.0
1,0.002740621566772461,1,1,1e-06,0.0
1,0.0030689239501953125,1,1,1e-06,0.0
1,0.07367587089538574,1,1,1e-06,0.0
1,0.0025908946990966797,1,1,1e-06,0.0
1,0.003319263458251953,1,1,1e-06,0.0
1,0.0057659149169921875,1,1,1e-06,0.0
1,0.0026848316192626953,1,1,1e-06,0.0
1,0.002990245819091797,1,1,1e-06,0.0
1,0.010349512100219727,1,1,1e-06,0.0
1,0.002481698989868164,1,1,1e-06,0.0
1,0.002771139144897461,1,1,1e-06,0.0
1,0.015263080596923828,1,1,1e-06,0.0
1,0.026049137115478516,1,1,1e-06,0.0
1,0.0022389888763427734,1,1,1e-06,0.0
1,0.0028395652770996094,1,1,1e-06,0.0
1,0.0028357505798339844,1,1,1e-06,0.0
1,0.002928018569946289,1,1,1e-06,0.0
1,0.003020763397216797,1,1,1e-06,0.0
1,0.002988100051879883,1,1,1e-06,0.0
1,0.003985881805419922,1,1,1e-06,0.0
1,0.06799697875976562,1,1,1e-06,0.0
1,0.014647245407104492,1,1,1e-06,0.0
1,0.002646923065185547,1,1,1e-06,0.0
1,0.0035893917083740234,1,1,1e-06,0.0
1,0.01854872703552246,1,1,1e-06,0.0
1,0.0031409263610839844,1,1,1e-06,0.0
1,0.0024933815002441406,1,1,1e-06,0.0
1,0.009406089782714844,1,1,1e-06,0.0
1,0.003564596176147461,1,1,1e-06,0.0
1,0.005661487579345703,1,1,1e-06,0.0
1,0.003145933151245117,1,1,1e-06,0.0
1,0.0029828548431396484,1,1,1e-06,0.0
1,0.0037975311279296875,1,1,1e-06,0.0
1,0.0033397674560546875,1,1,1e-06,0.0
1,0.0040547847747802734,1,1,1e-06,0.0
1,0.003306150436401367,1,1,1e-06,0.0
1,0.002271890640258789,1,1,1e-06,0.0
1,0.0037081241607666016,1,1,1e-06,0.0
1,0.003451108932495117,1,1,1e-06,0.0
1,0.003858327865600586,1,1,1e-06,0.0
1,0.030457735061645508,1,1,1e-06,0.0
1,0.010400056838989258,1,1,1e-06,0.0
1,0.004016876220703125,1,1,1e-06,0.0
1,0.0025777816772460938,1,1,1e-06,0.0
1,0.00403141975402832,1,1,1e-06,0.0
1,0.0027141571044921875,1,1,1e-06,0.0
1,0.029185771942138672,1,1,1e-06,0.0
1,0.0039501190185546875,1,1,1e-06,0.0
1,0.02009296417236328,1,1,1e-06,0.0
1,0.003037691116333008,1,1,1e-06,0.0
1,0.0033600330352783203,1,1,1e-06,0.0
1,0.003769397735595703,1,1,1e-06,0.0
1,0.005744218826293945,1,1,1e-06,0.0
1,0.003236532211303711,1,1,1e-06,0.0
1,0.0037336349487304688,1,1,1e-06,0.0
1,0.0050127506256103516,1,1,1e-06,0.0
1,0.0032939910888671875,1,1,1e-06,0.0
1,0.002774953842163086,1,1,1e-06,0.0
1,0.003309965133666992,1,1,1e-06,0.0
1,0.0023870468139648438,1,1,1e-06,0.0
1,0.0060160160064697266,1,1,1e-06,0.0
1,0.0023059844970703125,1,1,1e-06,0.0
1,0.003113269805908203,1,1,1e-06,0.0
1,0.0034284591674804688,1,1,1e-06,0.0
1,0.002942800521850586,1,1,1e-06,0.0
1,0.0030858516693115234,1,1,1e-06,0.0
1,0.0026488304138183594,1,1,1e-06,0.0
1,0.04872441291809082,1,1,1e-06,0.0
1,0.007858037948608398,1,1,1e-06,0.0
1,0.0022385120391845703,1,1,1e-06,0.0
1,0.0029709339141845703,1,1,1e-06,0.0
1,0.002651214599609375,1,1,1e-06,0.0
1,0.0030241012573242188,1,1,1e-06,0.0
1,0.00831151008605957,1,1,1e-06,0.0
1,0.004281520843505859,1,1,1e-06,0.0
1,0.004010200500488281,1,1,1e-06,0.0
1,0.00453495979309082,1,1,1e-06,0.0
1,0.06170225143432617,1,1,1e-06,0.0
1,0.010847806930541992,1,1,1e-06,0.0
1,0.0028841495513916016,1,1,1e-06,0.0
1,0.002737760543823242,1,1,1e-06,0.0
1,0.0023086071014404297,1,1,1e-06,0.0
1,0.0026063919067382812,1,1,1e-06,0.0
1,0.12557721138000488,1,1,1e-06,0.0
1,0.002833843231201172,1,1,1e-06,0.0
1,0.0028977394104003906,1,1,1e-06,0.0
1,0.002480030059814453,1,1,1e-06,0.0
1,0.03389167785644531,1,1,1e-06,0.0
1,0.012582063674926758,1,1,1e-06,0.0
1,0.003156900405883789,1,1,1e-06,0.0
1,0.003154754638671875,1,1,1e-06,0.0
1,0.0027375221252441406,1,1,1e-06,0.0
1,0.012193918228149414,1,1,1e-06,0.0
1,0.00247955322265625,1,1,1e-06,0.0
1,0.007087230682373047,1,1,1e-06,0.0
1,0.0051152706146240234,1,1,1e-06,0.0
1,0.0025701522827148438,1,1,1e-06,0.0
1,0.0028121471405029297,1,1,1e-06,0.0
1,0.002496957778930664,1,1,1e-06,0.0
1,0.0024504661560058594,1,1,1e-06,0.0
1,0.030427217483520508,1,1,1e-06,0.0
1,0.0022766590118408203,1,1,1e-06,0.0
1,0.009738445281982422,1,1,1e-06,0.0
1,0.003187894821166992,1,1,1e-06,0.0
1,0.00261688232421875,1,1,1e-06,0.0
1,0.0030012130737304688,1,1,1e-06,0.0
1,0.002969503402709961,1,1,1e-06,0.0
1,0.0032296180725097656,1,1,1e-06,0.0
1,0.02726149559020996,1,1,1e-06,0.0
1,0.008520126342773438,1,1,1e-06,0.0
1,0.0057163238525390625,1,1,1e-06,0.0
1,0.0035936832427978516,1,1,1e-06,0.0
1,0.019178390502929688,1,1,1e-06,0.0
1,0.0049817562103271484,1,1,1e-06,0.0
1,0.0075032711029052734,1,1,1e-06,0.0
1,0.013193368911743164,1,1,1e-06,0.0
1,0.02208113670349121,1,1,1e-06,0.0
1,0.0034151077270507812,1,1,1e-06,0.0
1,0.0030541419982910156,1,1,1e-06,0.0
1,0.002846240997314453,1,1,1e-06,0.0
1,0.002835988998413086,1,1,1e-06,0.0
1,0.006547451019287109,1,1,1e-06,0.0
1,0.003336191177368164,1,1,1e-06,0.0
1,0.00410008430480957,1,1,1e-06,0.0
1,0.029098033905029297,1,1,1e-06,0.0
1,0.0025811195373535156,1,1,1e-06,0.0
1,0.018912553787231445,1,1,1e-06,0.0
1,0.012244701385498047,1,1,1e-06,0.0
1,0.04832768440246582,1,1,1e-06,0.0
1,0.008549690246582031,1,1,1e-06,0.0
1,0.002408742904663086,1,1,1e-06,0.0
1,0.002373218536376953,1,1,1e-06,0.0
1,0.0025327205657958984,1,1,1e-06,0.0
1,0.004117250442504883,1,1,1e-06,0.0
1,0.008975982666015625,1,1,1e-06,0.0
1,0.005007028579711914,1,1,1e-06,0.0
1,0.0066852569580078125,1,1,1e-06,0.0
1,0.00350189208984375,1,1,1e-06,0.0
1,0.0035278797149658203,1,1,1e-06,0.0
1,0.004967927932739258,1,1,1e-06,0.0
1,0.0031311511993408203,1,1,1e-06,0.0
1,0.027681350708007812,1,1,1e-06,0.0
1,0.003051280975341797,1,1,1e-06,0.0
1,0.02946186065673828,1,1,1e-06,0.0
1,0.0420377254486084,1,1,1e-06,0.0
1,0.003801584243774414,1,1,1e-06,0.0
1,0.008280515670776367,1,1,1e-06,0.0
1,0.0026161670684814453,1,1,1e-06,0.0
1,0.00289154052734375,1,1,1e-06,0.0
1,0.0025696754455566406,1,1,1e-06,0.0
1,0.002154111862182617,1,1,1e-06,0.0
1,0.002937793731689453,1,1,1e-06,0.0
1,0.001863241195678711,1,1,1e-06,0.0
1,0.004329681396484375,1,1,1e-06,0.0
1,0.005417585372924805,1,1,1e-06,0.0
1,0.002696514129638672,1,1,1e-06,0.0
1,0.022531986236572266,1,1,1e-06,0.0
1,0.0026345252990722656,1,1,1e-06,0.0
1,0.0029172897338867188,1,1,1e-06,0.0
1,0.04734468460083008,1,1,1e-06,0.0
1,0.0025980472564697266,1,1,1e-06,0.0
1,0.0021626949310302734,1,1,1e-06,0.0
1,0.002573728561401367,1,1,1e-06,0.0
1,0.002558469772338867,1,1,1e-06,0.0
1,0.003604888916015625,1,1,1e-06,0.0
1,0.0021371841430664062,1,1,1e-06,0.0
1,0.01647639274597168,1,1,1e-06,0.0
1,0.006122112274169922,1,1,1e-06,0.0
1,0.00284576416015625,1,1,1e-06,0.0
1,0.00957942008972168,1,1,1e-06,0.0
1,0.0028390884399414062,1,1,1e-06,0.0
1,0.0026247501373291016,1,1,1e-06,0.0
1,0.026114463806152344,1,1,1e-06,0.0
1,0.0022034645080566406,1,1,1e-06,0.0
1,0.0018155574798583984,1,1,1e-06,0.0
1,0.003133058547973633,1,1,1e-06,0.0
1,0.06314206123352051,1,1,1e-06,0.0
1,0.013568878173828125,1,1,1e-06,0.0
1,0.002377033233642578,1,1,1e-06,0.0
1,0.004248142242431641,1,1,1e-06,0.0
1,0.0034286975860595703,1,1,1e-06,0.0
1,0.0054132938385009766,1,1,1e-06,0.0
1,0.022601842880249023,1,1,1e-06,0.0
1,0.0056874752044677734,1,1,1e-06,0.0
1,0.004866123199462891,1,1,1e-06,0.0
1,0.003002166748046875,1,1,1e-06,0.0
1,0.002003192901611328,1,1,1e-06,0.0
1,0.003046751022338867,1,1,1e-06,0.0
1,0.003480672836303711,1,1,1e-06,0.0
1,0.009432077407836914,1,1,1e-06,0.0
1,0.0032057762145996094,1,1,1e-06,0.0
1,0.00348663330078125,1,1,1e-06,0.0
1,0.0027930736541748047,1,1,1e-06,0.0
1,0.002263307571411133,1,1,1e-06,0.0
1,0.0028235912322998047,1,1,1e-06,0.0
1,0.002887725830078125,1,1,1e-06,0.0
1,0.005167484283447266,1,1,1e-06,0.0
1,0.0030164718627929688,1,1,1e-06,0.0
1,0.0027976036071777344,1,1,1e-06,0.0
1,0.0031599998474121094,1,1,1e-06,0.0
1,0.0159299373626709,1,1,1e-06,0.0
1,0.002245187759399414,1,1,1e-06,0.0
1,0.0018033981323242188,1,1,1e-06,0.0
1,0.014982461929321289,1,1,1e-06,0.0
1,0.002744436264038086,1,1,1e-06,0.0
1,0.0028705596923828125,1,1,1e-06,0.0
1,0.002335786819458008,1,1,1e-06,0.0
1,0.01681995391845703,1,1,1e-06,0.0
1,0.002901792526245117,1,1,1e-06,0.0
1,0.0023756027221679688,1,1,1e-06,0.0
1,0.0043985843658447266,1,1,1e-06,0.0
1,0.004158496856689453,1,1,1e-06,0.0
1,0.0022721290588378906,1,1,1e-06,0.0
1,0.002095460891723633,1,1,1e-06,0.0
1,0.0028798580169677734,1,1,1e-06,0.0
1,0.0020492076873779297,1,1,1e-06,0.0
1,0.013165950775146484,1,1,1e-06,0.0
1,0.002017974853515625,1,1,1e-06,0.0
1,0.0028944015502929688,1,1,1e-06,0.0
1,0.0025131702423095703,1,1,1e-06,0.0
1,0.005011558532714844,1,1,1e-06,0.0
1,0.00637364387512207,1,1,1e-06,0.0
1,0.0023522377014160156,1,1,1e-06,0.0
1,0.03451204299926758,1,1,1e-06,0.0
1,0.0025069713592529297,1,1,1e-06,0.0
1,0.015223264694213867,1,1,1e-06,0.0
1,0.003981828689575195,1,1,1e-06,0.0
1,0.0028772354125976562,1,1,1e-06,0.0
1,0.003061532974243164,1,1,1e-06,0.0
1,0.03612685203552246,1,1,1e-06,0.0
1,0.0026688575744628906,1,1,1e-06,0.0
1,0.009311914443969727,1,1,1e-06,0.0
1,0.018748044967651367,1,1,1e-06,0.0
1,0.04777860641479492,1,1,1e-06,0.0
1,0.015171051025390625,1,1,1e-06,0.0
1,0.002091646194458008,1,1,1e-06,0.0
1,0.0022041797637939453,1,1,1e-06,0.0
1,0.003019571304321289,1,1,1e-06,0.0
1,0.0024688243865966797,1,1,1e-06,0.0
1,0.0029942989349365234,1,1,1e-06,0.0
1,0.003292560577392578,1,1,1e-06,0.0
1,0.002229928970336914,1,1,1e-06,0.0
1,0.0028922557830810547,1,1,1e-06,0.0
1,0.002544403076171875,1,1,1e-06,0.0
1,0.004479169845581055,1,1,1e-06,0.0
1,0.005411863327026367,1,1,1e-06,0.0
1,0.005136251449584961,1,1,1e-06,0.0
1,0.0024526119232177734,1,1,1e-06,0.0
1,0.001978158950805664,1,1,1e-06,0.0
1,0.0020978450775146484,1,1,1e-06,0.0
1,0.016393423080444336,1,1,1e-06,0.0
1,0.003737926483154297,1,1,1e-06,0.0
1,0.002420663833618164,1,1,1e-06,0.0
1,0.04972219467163086,1,1,1e-06,0.0
1,0.0033147335052490234,1,1,1e-06,0.0
1,0.0033469200134277344,1,1,1e-06,0.0
1,0.003093242645263672,1,1,1e-06,0.0
1,0.0029866695404052734,1,1,1e-06,0.0
1,0.0035114288330078125,1,1,1e-06,0.0
1,0.013504981994628906,1,1,1e-06,0.0
1,0.0027108192443847656,1,1,1e-06,0.0
1,0.0023651123046875,1,1,1e-06,0.0
1,0.0157926082611084,1,1,1e-06,0.0
1,0.004595756530761719,1,1,1e-06,0.0
1,0.003179788589477539,1,1,1e-06,0.0
1,0.028693437576293945,1,1,1e-06,0.0
1,0.0024018287658691406,1,1,1e-06,0.0
1,0.0033392906188964844,1,1,1e-06,0.0
1,0.002894163131713867,1,1,1e-06,0.0
1,0.004977226257324219,1,1,1e-06,0.0
1,0.0024356842041015625,1,1,1e-06,0.0
1,0.002838611602783203,1,1,1e-06,0.0
1,0.0034160614013671875,1,1,1e-06,0.0
1,0.003055095672607422,1,1,1e-06,0.0
1,0.0025691986083984375,1,1,1e-06,0.0
1,0.00286865234375,1,1,1e-06,0.0
1,0.002790212631225586,1,1,1e-06,0.0
1,0.002853870391845703,1,1,1e-06,0.0
1,0.0914452075958252,1,1,1e-06,0.0
1,0.015320301055908203,1,1,1e-06,0.0
1,0.005975246429443359,1,1,1e-06,0.0
1,0.012414932250976562,1,1,1e-06,0.0
1,0.016712665557861328,1,1,1e-06,0.0
1,0.01463770866394043,1,1,1e-06,0.0
1,0.00757288932800293,1,1,1e-06,0.0
1,0.014227151870727539,1,1,1e-06,0.0
1,0.12594103813171387,1,1,1e-06,0.0
1,0.006987094879150391,1,1,1e-06,0.0
1,0.010079145431518555,1,1,1e-06,0.0
1,0.004619598388671875,1,1,1e-06,0.0
1,0.003008127212524414,1,1,1e-06,0.0
1,0.004732608795166016,1,1,1e-06,0.0
1,0.07956433296203613,1,1,1e-06,0.0
1,0.004513978958129883,1,1,1e-06,0.0
1,0.007906436920166016,1,1,1e-06,0.0
1,0.0035996437072753906,1,1,1e-06,0.0
1,0.008870363235473633,1,1,1e-06,0.0
1,0.007786750793457031,1,1,1e-06,0.0
1,0.02426004409790039,1,1,1e-06,0.0
1,0.016724586486816406,1,1,1e-06,0.0
1,0.006605863571166992,1,1,1e-06,0.0
1,0.015434503555297852,1,1,1e-06,0.0
1,0.0044345855712890625,1,1,1e-06,0.0
1,0.003955841064453125,1,1,1e-06,0.0
1,0.01292562484741211,1,1,1e-06,0.0
1,0.0033845901489257812,1,1,1e-06,0.0
1,0.020000696182250977,1,1,1e-06,0.0
1,0.019608497619628906,1,1,1e-06,0.0
1,0.271270751953125,1,1,1e-06,0.0
1,0.05687236785888672,1,1,1e-06,0.0
1,0.004175901412963867,1,1,1e-06,0.0
1,0.059494733810424805,1,1,1e-06,0.0
1,0.0045506954193115234,1,1,1e-06,0.0
1,0.012181520462036133,1,1,1e-06,0.0
1,0.0050046443939208984,1,1,1e-06,0.0
1,0.00775456428527832,1,1,1e-06,0.0
1,0.004385948181152344,1,1,1e-06,0.0
1,0.004514932632446289,1,1,1e-06,0.0
1,0.0034415721893310547,1,1,1e-06,0.0
1,0.006245851516723633,1,1,1e-06,0.0
1,0.004383087158203125,1,1,1e-06,0.0
1,0.10367870330810547,1,1,1e-06,0.0
1,0.1817610263824463,1,1,1e-06,0.0
1,0.00414586067199707,1,1,1e-06,0.0
1,0.004112958908081055,1,1,1e-06,0.0
1,0.008288860321044922,1,1,1e-06,0.0
1,0.08832025527954102,1,1,1e-06,0.0
1,0.0051593780517578125,1,1,1e-06,0.0
1,0.0049228668212890625,1,1,1e-06,0.0
1,0.01462244987487793,1,1,1e-06,0.0
1,0.18921589851379395,1,1,1e-06,0.0
1,0.04189491271972656,1,1,1e-06,0.0
1,0.014026880264282227,1,1,1e-06,0.0
1,0.008211374282836914,1,1,1e-06,0.0
1,0.050370216369628906,1,1,1e-06,0.0
1,0.008990049362182617,1,1,1e-06,0.0
1,0.0854341983795166,1,1,1e-06,0.0
1,0.005387067794799805,1,1,1e-06,0.0
1,0.004873514175415039,1,1,1e-06,0.0
1,0.007226228713989258,1,1,1e-06,0.0
1,0.11513280868530273,1,1,1e-06,0.0
1,0.004915475845336914,1,1,1e-06,0.0
1,0.0032799243927001953,1,1,1e-06,0.0
1,0.0023453235626220703,1,1,1e-06,0.0
1,0.006253242492675781,1,1,1e-06,0.0
1,0.07377123832702637,1,1,1e-06,0.0
1,0.057544708251953125,1,1,1e-06,0.0
1,0.009182214736938477,1,1,1e-06,0.0
1,0.003395557403564453,1,1,1e-06,0.0
1,0.002571582794189453,1,1,1e-06,0.0
1,0.00410008430480957,1,1,1e-06,0.0
1,0.005904674530029297,1,1,1e-06,0.0
1,0.020626068115234375,1,1,1e-06,0.0
1,0.004481315612792969,1,1,1e-06,0.0
1,0.010610818862915039,1,1,1e-06,0.0
1,0.0061092376708984375,1,1,1e-06,0.0
1,0.003930807113647461,1,1,1e-06,0.0
1,0.00708460807800293,1,1,1e-06,0.0
1,0.010624170303344727,1,1,1e-06,0.0
1,0.04168081283569336,1,1,1e-06,0.0
1,0.0059757232666015625,1,1,1e-06,0.0
1,0.003167390823364258,1,1,1e-06,0.0
1,0.008233070373535156,1,1,1e-06,0.0
1,0.003178119659423828,1,1,1e-06,0.0
1,0.002621173858642578,1,1,1e-06,0.0
1,0.0025856494903564453,1,1,1e-06,0.0
1,0.0038051605224609375,1,1,1e-06,0.0
1,0.003392457962036133,1,1,1e-06,0.0
1,0.014883995056152344,1,1,1e-06,0.0
1,0.003950834274291992,1,1,1e-06,0.0
1,0.0064580440521240234,1,1,1e-06,0.0
1,0.019164085388183594,1,1,1e-06,0.0
1,0.0035893917083740234,1,1,1e-06,0.0
1,0.005998373031616211,1,1,1e-06,0.0
1,0.0031685829162597656,1,1,1e-06,0.0
1,0.0043277740478515625,1,1,1e-06,0.0
1,0.005663394927978516,1,1,1e-06,0.0
1,0.0043795108795166016,1,1,1e-06,0.0
1,0.05711770057678223,1,1,1e-06,0.0
1,0.027179718017578125,1,1,1e-06,0.0
1,0.002340078353881836,1,1,1e-06,0.0
1,0.0027260780334472656,1,1,1e-06,0.0
1,0.002438783645629883,1,1,1e-06,0.0
1,0.002000093460083008,1,1,1e-06,0.0
1,0.031941890716552734,1,1,1e-06,0.0
1,0.002509593963623047,1,1,1e-06,0.0
1,0.013799428939819336,1,1,1e-06,0.0
1,0.0025866031646728516,1,1,1e-06,0.0
1,0.003156423568725586,1,1,1e-06,0.0
1,0.008811235427856445,1,1,1e-06,0.0
1,0.0022890567779541016,1,1,1e-06,0.0
1,0.0051381587982177734,1,1,1e-06,0.0
1,0.002789020538330078,1,1,1e-06,0.0
1,0.002226114273071289,1,1,1e-06,0.0
1,0.0025682449340820312,1,1,1e-06,0.0
1,0.0024547576904296875,1,1,1e-06,0.0
1,0.0033257007598876953,1,1,1e-06,0.0
1,0.0024161338806152344,1,1,1e-06,0.0
1,0.0039937496185302734,1,1,1e-06,0.0
1,0.0035102367401123047,1,1,1e-06,0.0
1,0.002168893814086914,1,1,1e-06,0.0
1,0.005197048187255859,1,1,1e-06,0.0
1,0.003948688507080078,1,1,1e-06,0.0
1,0.0024781227111816406,1,1,1e-06,0.0
1,0.002086639404296875,1,1,1e-06,0.0
1,0.003206491470336914,1,1,1e-06,0.0
1,0.0020933151245117188,1,1,1e-06,0.0
1,0.0021104812622070312,1,1,1e-06,0.0
1,0.0031664371490478516,1,1,1e-06,0.0
1,0.0023529529571533203,1,1,1e-06,0.0
1,0.006565570831298828,1,1,1e-06,0.0
1,0.003525972366333008,1,1,1e-06,0.0
1,0.007764577865600586,1,1,1e-06,0.0
1,0.003903627395629883,1,1,1e-06,0.0
1,0.004372835159301758,1,1,1e-06,0.0
1,0.006331920623779297,1,1,1e-06,0.0
1,0.0024335384368896484,1,1,1e-06,0.0
1,0.003384113311767578,1,1,1e-06,0.0
1,0.02188563346862793,1,1,1e-06,0.0
1,0.01252889633178711,1,1,1e-06,0.0
1,0.0020723342895507812,1,1,1e-06,0.0
1,0.0019495487213134766,1,1,1e-06,0.0
1,0.0021910667419433594,1,1,1e-06,0.0
1,0.002522706985473633,1,1,1e-06,0.0
1,0.002863168716430664,1,1,1e-06,0.0
1,0.004222393035888672,1,1,1e-06,0.0
1,0.004131793975830078,1,1,1e-06,0.0
1,0.005561351776123047,1,1,1e-06,0.0
1,0.03254842758178711,1,1,1e-06,0.0
1,0.013170003890991211,1,1,1e-06,0.0
1,0.008466482162475586,1,1,1e-06,0.0
1,0.008379220962524414,1,1,1e-06,0.0
1,0.0036003589630126953,1,1,1e-06,0.0
1,0.005131721496582031,1,1,1e-06,0.0
1,0.018082380294799805,1,1,1e-06,0.0
1,0.0045125484466552734,1,1,1e-06,0.0
1,0.006268024444580078,1,1,1e-06,0.0
1,0.0050983428955078125,1,1,1e-06,0.0
1,0.006751060485839844,1,1,1e-06,0.0
1,0.0038537979125976562,1,1,1e-06,0.0
1,0.004010200500488281,1,1,1e-06,0.0
1,0.015969514846801758,1,1,1e-06,0.0
1,0.008588790893554688,1,1,1e-06,0.0
1,0.006516218185424805,1,1,1e-06,0.0
1,0.007239580154418945,1,1,1e-06,0.0
1,0.00469660758972168,1,1,1e-06,0.0
1,0.005205392837524414,1,1,1e-06,0.0
1,0.010279417037963867,1,1,1e-06,0.0
1,0.015413999557495117,1,1,1e-06,0.0
1,0.0031273365020751953,1,1,1e-06,0.0
1,0.03366899490356445,1,1,1e-06,0.0
1,0.0065953731536865234,1,1,1e-06,0.0
1,0.0068051815032958984,1,1,1e-06,0.0
1,0.012707948684692383,1,1,1e-06,0.0
1,0.004567384719848633,1,1,1e-06,0.0
1,0.00628662109375,1,1,1e-06,0.0
1,0.0035626888275146484,1,1,1e-06,0.0
1,0.002831697463989258,1,1,1e-06,0.0
1,0.022437095642089844,1,1,1e-06,0.0
1,0.004614353179931641,1,1,1e-06,0.0
1,0.0028252601623535156,1,1,1e-06,0.0
1,0.003110170364379883,1,1,1e-06,0.0
1,0.0034694671630859375,1,1,1e-06,0.0
1,0.006964445114135742,1,1,1e-06,0.0
1,0.0032563209533691406,1,1,1e-06,0.0
1,0.002978086471557617,1,1,1e-06,0.0
1,0.04789423942565918,1,1,1e-06,0.0
1,0.0059587955474853516,1,1,1e-06,0.0
1,0.0071108341217041016,1,1,1e-06,0.0
1,0.014395475387573242,1,1,1e-06,0.0
1,0.003000020980834961,1,1,1e-06,0.0
1,0.009920835494995117,1,1,1e-06,0.0
1,0.0026683807373046875,1,1,1e-06,0.0
1,0.005478858947753906,1,1,1e-06,0.0
1,0.05606865882873535,1,1,1e-06,0.0
1,0.0050356388092041016,1,1,1e-06,0.0
1,0.006575584411621094,1,1,1e-06,0.0
1,0.002824068069458008,1,1,1e-06,0.0
1,0.0022802352905273438,1,1,1e-06,0.0
1,0.0026917457580566406,1,1,1e-06,0.0
1,0.0037317276000976562,1,1,1e-06,0.0
1,0.0029344558715820312,1,1,1e-06,0.0
1,0.0026655197143554688,1,1,1e-06,0.0
1,0.003335237503051758,1,1,1e-06,0.0
1,0.0330500602722168,1,1,1e-06,0.0
1,0.0027937889099121094,1,1,1e-06,0.0
1,0.002868175506591797,1,1,1e-06,0.0
1,0.0027060508728027344,1,1,1e-06,0.0
1,0.007893085479736328,1,1,1e-06,0.0
1,0.015134334564208984,1,1,1e-06,0.0
1,0.04242086410522461,1,1,1e-06,0.0
1,0.03198504447937012,1,1,1e-06,0.0
1,0.002878427505493164,1,1,1e-06,0.0
1,0.0020368099212646484,1,1,1e-06,0.0
1,0.037915706634521484,1,1,1e-06,0.0
1,0.0030260086059570312,1,1,1e-06,0.0
1,0.003477334976196289,1,1,1e-06,0.0
1,0.003435850143432617,1,1,1e-06,0.0
1,0.006199359893798828,1,1,1e-06,0.0
1,0.003436565399169922,1,1,1e-06,0.0
1,0.00462651252746582,1,1,1e-06,0.0
1,0.002181529998779297,1,1,1e-06,0.0
1,0.01865100860595703,1,1,1e-06,0.0
1,0.003401517868041992,1,1,1e-06,0.0
1,0.002593994140625,1,1,1e-06,0.0
1,0.003339529037475586,1,1,1e-06,0.0
1,0.001912832260131836,1,1,1e-06,0.0
1,0.002440929412841797,1,1,1e-06,0.0
1,0.0029184818267822266,1,1,1e-06,0.0
1,0.006445169448852539,1,1,1e-06,0.0
1,0.0034029483795166016,1,1,1e-06,0.0
1,0.0019385814666748047,1,1,1e-06,0.0
1,0.007053375244140625,1,1,1e-06,0.0
1,0.0024559497833251953,1,1,1e-06,0.0
1,0.0030035972595214844,1,1,1e-06,0.0
1,0.0024657249450683594,1,1,1e-06,0.0
1,0.0029485225677490234,1,1,1e-06,0.0
1,0.0024557113647460938,1,1,1e-06,0.0
1,0.0022258758544921875,1,1,1e-06,0.0
1,0.0033769607543945312,1,1,1e-06,0.0
1,0.0331270694732666,1,1,1e-06,0.0
1,0.021124601364135742,1,1,1e-06,0.0
1,0.0023200511932373047,1,1,1e-06,0.0
1,0.018877506256103516,1,1,1e-06,0.0
1,0.0024340152740478516,1,1,1e-06,0.0
1,0.0031218528747558594,1,1,1e-06,0.0
1,0.0028460025787353516,1,1,1e-06,0.0
1,0.006442070007324219,1,1,1e-06,0.0
1,0.0026907920837402344,1,1,1e-06,0.0
1,0.003145933151245117,1,1,1e-06,0.0
1,0.0202639102935791,1,1,1e-06,0.0
1,0.013969182968139648,1,1,1e-06,0.0
1,0.01039576530456543,1,1,1e-06,0.0
1,0.002215147018432617,1,1,1e-06,0.0
1,0.0020470619201660156,1,1,1e-06,0.0
1,0.018048524856567383,1,1,1e-06,0.0
1,0.003809690475463867,1,1,1e-06,0.0
1,0.002170562744140625,1,1,1e-06,0.0
1,0.0039789676666259766,1,1,1e-06,0.0
1,0.003894805908203125,1,1,1e-06,0.0
1,0.0036830902099609375,1,1,1e-06,0.0
1,0.0030345916748046875,1,1,1e-06,0.0
1,0.002138376235961914,1,1,1e-06,0.0
1,0.0021028518676757812,1,1,1e-06,0.0
1,0.002593994140625,1,1,1e-06,0.0
1,0.0045931339263916016,1,1,1e-06,0.0
1,0.0038254261016845703,1,1,1e-06,0.0
1,0.0022132396697998047,1,1,1e-06,0.0
1,0.002114534378051758,1,1,1e-06,0.0
1,0.002317667007446289,1,1,1e-06,0.0
1,0.010869264602661133,1,1,1e-06,0.0
1,0.003003835678100586,1,1,1e-06,0.0
1,0.0028879642486572266,1,1,1e-06,0.0
1,0.0030350685119628906,1,1,1e-06,0.0
1,0.0028476715087890625,1,1,1e-06,0.0
1,0.016180038452148438,1,1,1e-06,0.0
1,0.0020897388458251953,1,1,1e-06,0.0
1,0.002663850784301758,1,1,1e-06,0.0
1,0.003930091857910156,1,1,1e-06,0.0
1,0.00805807113647461,1,1,1e-06,0.0
1,0.011537551879882812,1,1,1e-06,0.0
1,0.0022192001342773438,1,1,1e-06,0.0
1,0.0022497177124023438,1,1,1e-06,0.0
1,0.002254962921142578,1,1,1e-06,0.0
1,0.05251431465148926,1,1,1e-06,0.0
1,0.0022592544555664062,1,1,1e-06,0.0
1,0.0021927356719970703,1,1,1e-06,0.0
1,0.010405778884887695,1,1,1e-06,0.0
1,0.004714488983154297,1,1,1e-06,0.0
1,0.012140989303588867,1,1,1e-06,0.0
1,0.002524852752685547,1,1,1e-06,0.0
1,0.002210378646850586,1,1,1e-06,0.0
1,0.004773855209350586,1,1,1e-06,0.0
1,0.0019910335540771484,1,1,1e-06,0.0
1,0.010915994644165039,1,1,1e-06,0.0
1,0.004835844039916992,1,1,1e-06,0.0
1,0.00431513786315918,1,1,1e-06,0.0
1,0.0021941661834716797,1,1,1e-06,0.0
1,0.010833263397216797,1,1,1e-06,0.0
1,0.0034775733947753906,1,1,1e-06,0.0
1,0.012188911437988281,1,1,1e-06,0.0
1,0.001920461654663086,1,1,1e-06,0.0
1,0.021893024444580078,1,1,1e-06,0.0
1,0.0024271011352539062,1,1,1e-06,0.0
1,0.002655029296875,1,1,1e-06,0.0
1,0.002289295196533203,1,1,1e-06,0.0
1,0.0019767284393310547,1,1,1e-06,0.0
1,0.0016937255859375,1,1,1e-06,0.0
1,0.015107870101928711,1,1,1e-06,0.0
1,0.0021584033966064453,1,1,1e-06,0.0
1,0.0018780231475830078,1,1,1e-06,0.0
1,0.01118016242980957,1,1,1e-06,0.0
1,0.03194928169250488,1,1,1e-06,0.0
1,0.01378178596496582,1,1,1e-06,0.0
1,0.033228158950805664,1,1,1e-06,0.0
1,0.0041615962982177734,1,1,1e-06,0.0
1,0.0021049976348876953,1,1,1e-06,0.0
1,0.018652915954589844,1,1,1e-06,0.0
1,0.003983497619628906,1,1,1e-06,0.0
1,0.002431631088256836,1,1,1e-06,0.0
1,0.003891468048095703,1,1,1e-06,0.0
1,0.005046844482421875,1,1,1e-06,0.0
1,0.002524137496948242,1,1,1e-06,0.0
1,0.0024700164794921875,1,1,1e-06,0.0
1,0.0022454261779785156,1,1,1e-06,0.0
1,0.011276483535766602,1,1,1e-06,0.0
1,0.003370523452758789,1,1,1e-06,0.0
1,0.0020067691802978516,1,1,1e-06,0.0
1,0.016515254974365234,1,1,1e-06,0.0
1,0.0027663707733154297,1,1,1e-06,0.0
1,0.006351947784423828,1,1,1e-06,0.0
1,0.002886533737182617,1,1,1e-06,0.0
1,0.08990979194641113,1,1,1e-06,0.0
1,0.03603982925415039,1,1,1e-06,0.0
1,0.0058972835540771484,1,1,1e-06,0.0
1,0.006056785583496094,1,1,1e-06,0.0
1,0.004509687423706055,1,1,1e-06,0.0
1,0.007531404495239258,1,1,1e-06,0.0
1,0.003163576126098633,1,1,1e-06,0.0
1,0.019886016845703125,1,1,1e-06,0.0
1,0.005742788314819336,1,1,1e-06,0.0
1,0.009477853775024414,1,1,1e-06,0.0
1,0.005101442337036133,1,1,1e-06,0.0
1,0.011277914047241211,1,1,1e-06,0.0
1,0.004728078842163086,1,1,1e-06,0.0
1,0.004118204116821289,1,1,1e-06,0.0
1,0.008867740631103516,1,1,1e-06,0.0
1,0.026336193084716797,1,1,1e-06,0.0
1,0.007838010787963867,1,1,1e-06,0.0
1,0.005410194396972656,1,1,1e-06,0.0
1,0.0234220027923584,1,1,1e-06,0.0
1,0.0071489810943603516,1,1,1e-06,0.0
1,0.0029010772705078125,1,1,1e-06,0.0
1,0.002839326858520508,1,1,1e-06,0.0
1,0.011233329772949219,1,1,1e-06,0.0
1,0.005064487457275391,1,1,1e-06,0.0
1,0.025821685791015625,1,1,1e-06,0.0
1,0.005464315414428711,1,1,1e-06,0.0
1,0.02487325668334961,1,1,1e-06,0.0
1,0.006216764450073242,1,1,1e-06,0.0
1,0.007895708084106445,1,1,1e-06,0.0
1,0.005796670913696289,1,1,1e-06,0.0
1,0.005903482437133789,1,1,1e-06,0.0
1,0.008659839630126953,1,1,1e-06,0.0
1,0.0072002410888671875,1,1,1e-06,0.0
1,0.003261566162109375,1,1,1e-06,0.0
1,0.0028533935546875,1,1,1e-06,0.0
1,0.006239652633666992,1,1,1e-06,0.0
1,0.002200603485107422,1,1,1e-06,0.0
1,0.003324747085571289,1,1,1e-06,0.0
1,0.004067659378051758,1,1,1e-06,0.0
1,0.0021843910217285156,1,1,1e-06,0.0
1,0.002496957778930664,1,1,1e-06,0.0
1,0.002579927444458008,1,1,1e-06,0.0
1,0.003215789794921875,1,1,1e-06,0.0
1,0.002951383590698242,1,1,1e-06,0.0
1,0.007639646530151367,1,1,1e-06,0.0
1,0.008613348007202148,1,1,1e-06,0.0
1,0.008361339569091797,1,1,1e-06,0.0
1,0.007062196731567383,1,1,1e-06,0.0
1,0.008006095886230469,1,1,1e-06,0.0
1,0.012781381607055664,1,1,1e-06,0.0
1,0.0024650096893310547,1,1,1e-06,0.0
1,0.0022728443145751953,1,1,1e-06,0.0
1,0.0026645660400390625,1,1,1e-06,0.0
1,0.0023097991943359375,1,1,1e-06,0.0
1,0.002613544464111328,1,1,1e-06,0.0
1,0.0035114288330078125,1,1,1e-06,0.0
1,0.004012584686279297,1,1,1e-06,0.0
1,0.013538360595703125,1,1,1e-06,0.0
1,0.0031714439392089844,1,1,1e-06,0.0
1,0.0026772022247314453,1,1,1e-06,0.0
1,0.005380153656005859,1,1,1e-06,0.0
1,0.00927114486694336,1,1,1e-06,0.0
1,0.003968715667724609,1,1,1e-06,0.0
1,0.002160310745239258,1,1,1e-06,0.0
1,0.0051615238189697266,1,1,1e-06,0.0
1,0.07221341133117676,1,1,1e-06,0.0
1,0.002483367919921875,1,1,1e-06,0.0
1,0.0026726722717285156,1,1,1e-06,0.0
1,0.008152961730957031,1,1,1e-06,0.0
1,0.009585142135620117,1,1,1e-06,0.0
1,0.0034661293029785156,1,1,1e-06,0.0
1,0.0033788681030273438,1,1,1e-06,0.0
1,0.003938913345336914,1,1,1e-06,0.0
1,0.006841421127319336,1,1,1e-06,0.0
1,0.0037512779235839844,1,1,1e-06,0.0
1,0.01028132438659668,1,1,1e-06,0.0
1,0.006069183349609375,1,1,1e-06,0.0
1,0.00748896598815918,1,1,1e-06,0.0
1,0.006212472915649414,1,1,1e-06,0.0
1,0.026067256927490234,1,1,1e-06,0.0
1,0.0028467178344726562,1,1,1e-06,0.0
1,0.0032863616943359375,1,1,1e-06,0.0
1,0.0020182132720947266,1,1,1e-06,0.0
1,0.002489805221557617,1,1,1e-06,0.0
1,0.0031173229217529297,1,1,1e-06,0.0
1,0.004829883575439453,1,1,1e-06,0.0
1,0.00250244140625,1,1,1e-06,0.0
1,0.003309011459350586,1,1,1e-06,0.0
1,0.003226041793823242,1,1,1e-06,0.0
1,0.05231833457946777,1,1,1e-06,0.0
1,0.02576470375061035,1,1,1e-06,0.0
1,0.007293224334716797,1,1,1e-06,0.0
1,0.009783029556274414,1,1,1e-06,0.0
1,0.004088878631591797,1,1,1e-06,0.0
1,0.02452564239501953,1,1,1e-06,0.0
1,0.007300376892089844,1,1,1e-06,0.0
1,0.00356292724609375,1,1,1e-06,0.0
1,0.0026488304138183594,1,1,1e-06,0.0
1,0.002697467803955078,1,1,1e-06,0.0
1,0.00731658935546875,1,1,1e-06,0.0
1,0.003918886184692383,1,1,1e-06,0.0
1,0.008725881576538086,1,1,1e-06,0.0
1,0.005337953567504883,1,1,1e-06,0.0
1,0.039058685302734375,1,1,1e-06,0.0
1,0.27663683891296387,1,1,1e-06,0.0
1,0.003627300262451172,1,1,1e-06,0.0
1,0.00868844985961914,1,1,1e-06,0.0
1,0.004912853240966797,1,1,1e-06,0.0
1,0.0029020309448242188,1,1,1e-06,0.0
1,0.006722211837768555,1,1,1e-06,0.0
1,0.05655384063720703,1,1,1e-06,0.0
1,0.0037353038787841797,1,1,1e-06,0.0
1,0.003917217254638672,1,1,1e-06,0.0
1,0.002846956253051758,1,1,1e-06,0.0
1,0.007691383361816406,1,1,1e-06,0.0
1,0.0032176971435546875,1,1,1e-06,0.0
1,0.009310483932495117,1,1,1e-06,0.0
1,0.003070354461669922,1,1,1e-06,0.0
1,0.0032422542572021484,1,1,1e-06,0.0
1,0.0035734176635742188,1,1,1e-06,0.0
1,0.00374603271484375,1,1,1e-06,0.0
1,0.002694845199584961,1,1,1e-06,0.0
1,0.0212094783782959,1,1,1e-06,0.0
1,0.002661466598510742,1,1,1e-06,0.0
1,0.016760826110839844,1,1,1e-06,0.0
1,0.005841255187988281,1,1,1e-06,0.0
1,0.005680084228515625,1,1,1e-06,0.0
1,0.025275230407714844,1,1,1e-06,0.0
1,0.0022797584533691406,1,1,1e-06,0.0
1,0.028860092163085938,1,1,1e-06,0.0
1,0.003229379653930664,1,1,1e-06,0.0
1,0.003672361373901367,1,1,1e-06,0.0
1,0.017772197723388672,1,1,1e-06,0.0
1,0.004499673843383789,1,1,1e-06,0.0
1,0.002454519271850586,1,1,1e-06,0.0
1,0.005761861801147461,1,1,1e-06,0.0
1,0.005570650100708008,1,1,1e-06,0.0
1,0.00388336181640625,1,1,1e-06,0.0
1,0.0024521350860595703,1,1,1e-06,0.0
1,0.006380319595336914,1,1,1e-06,0.0
1,0.0030608177185058594,1,1,1e-06,0.0
1,0.05148196220397949,1,1,1e-06,0.0
1,0.003033876419067383,1,1,1e-06,0.0
1,0.003170013427734375,1,1,1e-06,0.0
1,0.0026502609252929688,1,1,1e-06,0.0
1,0.003256559371948242,1,1,1e-06,0.0
1,0.002658367156982422,1,1,1e-06,0.0
1,0.0028066635131835938,1,1,1e-06,0.0
1,0.01724410057067871,1,1,1e-06,0.0
1,0.0034313201904296875,1,1,1e-06,0.0
1,0.0047893524169921875,1,1,1e-06,0.0
1,0.003182649612426758,1,1,1e-06,0.0
1,0.004489898681640625,1,1,1e-06,0.0
1,0.002627849578857422,1,1,1e-06,0.0
1,0.003629922866821289,1,1,1e-06,0.0
1,0.003127574920654297,1,1,1e-06,0.0
1,0.0029866695404052734,1,1,1e-06,0.0
1,0.004961967468261719,1,1,1e-06,0.0
1,0.002796649932861328,1,1,1e-06,0.0
1,0.002104043960571289,1,1,1e-06,0.0
1,0.02962207794189453,1,1,1e-06,0.0
1,0.002577543258666992,1,1,1e-06,0.0
1,0.16013765335083008,1,1,1e-06,0.0
1,0.0026378631591796875,1,1,1e-06,0.0
1,0.0025560855865478516,1,1,1e-06,0.0
1,0.0023958683013916016,1,1,1e-06,0.0
1,0.025509357452392578,1,1,1e-06,0.0
1,0.0021588802337646484,1,1,1e-06,0.0
1,0.014629125595092773,1,1,1e-06,0.0
1,0.00269317626953125,1,1,1e-06,0.0
1,0.0029098987579345703,1,1,1e-06,0.0
1,0.0035736560821533203,1,1,1e-06,0.0
1,0.015482902526855469,1,1,1e-06,0.0
1,0.002427816390991211,1,1,1e-06,0.0
1,0.0020253658294677734,1,1,1e-06,0.0
1,0.0025107860565185547,1,1,1e-06,0.0
1,0.0036292076110839844,1,1,1e-06,0.0
1,0.01217031478881836,1,1,1e-06,0.0
1,0.003597736358642578,1,1,1e-06,0.0
1,0.0024139881134033203,1,1,1e-06,0.0
1,0.0022974014282226562,1,1,1e-06,0.0
1,0.0020699501037597656,1,1,1e-06,0.0
1,0.0017406940460205078,1,1,1e-06,0.0
1,0.009291410446166992,1,1,1e-06,0.0
1,0.0022094249725341797,1,1,1e-06,0.0
1,0.001645803451538086,1,1,1e-06,0.0
1,0.002161264419555664,1,1,1e-06,0.0
1,0.003999233245849609,1,1,1e-06,0.0
1,0.0018665790557861328,1,1,1e-06,0.0
1,0.012901782989501953,1,1,1e-06,0.0
1,0.0020532608032226562,1,1,1e-06,0.0
1,0.04049277305603027,1,1,1e-06,0.0
1,0.0023779869079589844,1,1,1e-06,0.0
1,0.002397298812866211,1,1,1e-06,0.0
1,0.0021207332611083984,1,1,1e-06,0.0
1,0.002096891403198242,1,1,1e-06,0.0
1,0.001806020736694336,1,1,1e-06,0.0
1,0.004023551940917969,1,1,1e-06,0.0
1,0.0023572444915771484,1,1,1e-06,0.0
1,0.5934817790985107,1,1,1e-06,0.0
1,0.004534244537353516,1,1,1e-06,0.0
1,0.016809701919555664,1,1,1e-06,0.0
1,0.013157367706298828,1,1,1e-06,0.0
1,0.015729665756225586,1,1,1e-06,0.0
1,0.03727102279663086,1,1,1e-06,0.0
1,0.03463101387023926,1,1,1e-06,0.0
1,0.007106781005859375,1,1,1e-06,0.0
1,0.006021261215209961,1,1,1e-06,0.0
1,0.007269144058227539,1,1,1e-06,0.0
1,0.007788896560668945,1,1,1e-06,0.0
1,0.017549514770507812,1,1,1e-06,0.0
1,0.003769397735595703,1,1,1e-06,0.0
1,0.03366851806640625,1,1,1e-06,0.0
1,0.006460666656494141,1,1,1e-06,0.0
1,0.006960153579711914,1,1,1e-06,0.0
1,0.007573366165161133,1,1,1e-06,0.0
1,0.006653547286987305,1,1,1e-06,0.0
1,0.20018577575683594,1,1,1e-06,0.0
1,0.0063915252685546875,1,1,1e-06,0.0
1,0.01563119888305664,1,1,1e-06,0.0
1,0.007616996765136719,1,1,1e-06,0.0
1,0.008445978164672852,1,1,1e-06,0.0
1,0.006234407424926758,1,1,1e-06,0.0
1,0.016519546508789062,1,1,1e-06,0.0
1,0.008163213729858398,1,1,1e-06,0.0
1,0.007177829742431641,1,1,1e-06,0.0
1,0.005707979202270508,1,1,1e-06,0.0
1,0.008041620254516602,1,1,1e-06,0.0
1,0.05588030815124512,1,1,1e-06,0.0
1,0.013144969940185547,1,1,1e-06,0.0
1,0.0032062530517578125,1,1,1e-06,0.0
1,0.0028791427612304688,1,1,1e-06,0.0
1,0.0025396347045898438,1,1,1e-06,0.0
1,0.08429789543151855,1,1,1e-06,0.0
1,0.002460002899169922,1,1,1e-06,0.0
1,0.0028624534606933594,1,1,1e-06,0.0
1,0.00334930419921875,1,1,1e-06,0.0
1,0.003913402557373047,1,1,1e-06,0.0
1,0.006038665771484375,1,1,1e-06,0.0
1,0.004737138748168945,1,1,1e-06,0.0
1,0.004027366638183594,1,1,1e-06,0.0
1,0.015420913696289062,1,1,1e-06,0.0
1,0.0020537376403808594,1,1,1e-06,0.0
1,0.0023260116577148438,1,1,1e-06,0.0
1,0.0025849342346191406,1,1,1e-06,0.0
1,0.004759788513183594,1,1,1e-06,0.0
1,0.004167795181274414,1,1,1e-06,0.0
1,0.004252195358276367,1,1,1e-06,0.0
1,0.005295991897583008,1,1,1e-06,0.0
1,0.003565549850463867,1,1,1e-06,0.0
1,0.003324747085571289,1,1,1e-06,0.0
1,0.062311410903930664,1,1,1e-06,0.0
1,0.0020647048950195312,1,1,1e-06,0.0
1,0.002350330352783203,1,1,1e-06,0.0
1,0.003363370895385742,1,1,1e-06,0.0
1,0.019866466522216797,1,1,1e-06,0.0
1,0.03913140296936035,1,1,1e-06,0.0
1,0.0030379295349121094,1,1,1e-06,0.0
1,0.002669811248779297,1,1,1e-06,0.0
1,0.014679193496704102,1,1,1e-06,0.0
1,0.0036475658416748047,1,1,1e-06,0.0
1,0.0024361610412597656,1,1,1e-06,0.0
1,0.0040013790130615234,1,1,1e-06,0.0
1,0.002802610397338867,1,1,1e-06,0.0
1,0.003586292266845703,1,1,1e-06,0.0
1,0.04687142372131348,1,1,1e-06,0.0
1,0.002017974853515625,1,1,1e-06,0.0
1,0.004410266876220703,1,1,1e-06,0.0
1,0.002622842788696289,1,1,1e-06,0.0
1,0.005482673645019531,1,1,1e-06,0.0
1,0.0021054744720458984,1,1,1e-06,0.0
1,0.0020058155059814453,1,1,1e-06,0.0
1,0.0019028186798095703,1,1,1e-06,0.0
1,0.0017619132995605469,1,1,1e-06,0.0
1,0.0016779899597167969,1,1,1e-06,0.0
1,0.0017132759094238281,1,1,1e-06,0.0
1,0.0022623538970947266,1,1,1e-06,0.0
1,0.002866029739379883,1,1,1e-06,0.0
1,0.0158078670501709,1,1,1e-06,0.0
1,0.002841472625732422,1,1,1e-06,0.0
1,0.002043008804321289,1,1,1e-06,0.0
1,0.01654338836669922,1,1,1e-06,0.0
1,0.04676556587219238,1,1,1e-06,0.0
1,0.03558969497680664,1,1,1e-06,0.0
1,0.002515554428100586,1,1,1e-06,0.0
1,0.019675254821777344,1,1,1e-06,0.0
1,0.0046045780181884766,1,1,1e-06,0.0
1,0.001836538314819336,1,1,1e-06,0.0
1,0.0018799304962158203,1,1,1e-06,0.0
1,0.0056383609771728516,1,1,1e-06,0.0
1,0.0019905567169189453,1,1,1e-06,0.0
1,0.037009239196777344,1,1,1e-06,0.0
1,0.0033185482025146484,1,1,1e-06,0.0
1,0.004067182540893555,1,1,1e-06,0.0
1,0.002527475357055664,1,1,1e-06,0.0
1,0.0062901973724365234,1,1,1e-06,0.0
1,0.002488374710083008,1,1,1e-06,0.0
1,0.0021724700927734375,1,1,1e-06,0.0
1,0.0034143924713134766,1,1,1e-06,0.0
1,0.0059740543365478516,1,1,1e-06,0.0
1,0.002813577651977539,1,1,1e-06,0.0
1,0.002629995346069336,1,1,1e-06,0.0
1,0.002605915069580078,1,1,1e-06,0.0
1,0.035207271575927734,1,1,1e-06,0.0
1,0.002081155776977539,1,1,1e-06,0.0
1,0.17908620834350586,1,1,1e-06,0.0
1,0.002851724624633789,1,1,1e-06,0.0
1,0.0024416446685791016,1,1,1e-06,0.0
1,0.003171682357788086,1,1,1e-06,0.0
1,0.002372264862060547,1,1,1e-06,0.0
1,0.0031020641326904297,1,1,1e-06,0.0
1,0.002157449722290039,1,1,1e-06,0.0
1,0.10402345657348633,1,1,1e-06,0.0
1,0.013323307037353516,1,1,1e-06,0.0
1,0.0018506050109863281,1,1,1e-06,0.0
1,0.024811983108520508,1,1,1e-06,0.0
1,0.0019390583038330078,1,1,1e-06,0.0
1,0.002215147018432617,1,1,1e-06,0.0
1,0.0018417835235595703,1,1,1e-06,0.0
1,0.0017483234405517578,1,1,1e-06,0.0
1,0.0019381046295166016,1,1,1e-06,0.0
1,0.0015912055969238281,1,1,1e-06,0.0
1,0.002217531204223633,1,1,1e-06,0.0
1,0.0021791458129882812,1,1,1e-06,0.0
1,0.0039310455322265625,1,1,1e-06,0.0
1,0.0022819042205810547,1,1,1e-06,0.0
1,0.0019702911376953125,1,1,1e-06,0.0
1,0.027750492095947266,1,1,1e-06,0.0
1,0.0022096633911132812,1,1,1e-06,0.0
1,0.023805856704711914,1,1,1e-06,0.0
1,0.0019259452819824219,1,1,1e-06,0.0
1,0.0021038055419921875,1,1,1e-06,0.0
1,0.010297536849975586,1,1,1e-06,0.0
1,0.0035431385040283203,1,1,1e-06,0.0
1,0.010652780532836914,1,1,1e-06,0.0
1,0.001956939697265625,1,1,1e-06,0.0
1,0.002146482467651367,1,1,1e-06,0.0
1,0.051982879638671875,1,1,1e-06,0.0
1,0.002666950225830078,1,1,1e-06,0.0
1,0.0025606155395507812,1,1,1e-06,0.0
1,0.002867460250854492,1,1,1e-06,0.0
1,0.003577709197998047,1,1,1e-06,0.0
1,0.002730846405029297,1,1,1e-06,0.0
1,0.003317594528198242,1,1,1e-06,0.0
1,0.06806039810180664,1,1,1e-06,0.0
1,0.01534891128540039,1,1,1e-06,0.0
1,0.0021517276763916016,1,1,1e-06,0.0
1,0.0023691654205322266,1,1,1e-06,0.0
1,0.002421855926513672,1,1,1e-06,0.0
1,0.0049915313720703125,1,1,1e-06,0.0
1,0.01262211799621582,1,1,1e-06,0.0
1,0.004904985427856445,1,1,1e-06,0.0
1,0.01861858367919922,1,1,1e-06,0.0
1,0.003334522247314453,1,1,1e-06,0.0
1,0.0025205612182617188,1,1,1e-06,0.0
1,0.003530263900756836,1,1,1e-06,0.0
1,0.004934787750244141,1,1,1e-06,0.0
1,0.0022292137145996094,1,1,1e-06,0.0
1,0.02153325080871582,1,1,1e-06,0.0
1,0.0038166046142578125,1,1,1e-06,0.0
1,0.0022797584533691406,1,1,1e-06,0.0
1,0.005531787872314453,1,1,1e-06,0.0
1,0.0027933120727539062,1,1,1e-06,0.0
1,0.003096342086791992,1,1,1e-06,0.0
1,0.003495931625366211,1,1,1e-06,0.0
1,0.003084421157836914,1,1,1e-06,0.0
1,0.0029740333557128906,1,1,1e-06,0.0
1,0.002417325973510742,1,1,1e-06,0.0
1,0.001997232437133789,1,1,1e-06,0.0
1,0.003664731979370117,1,1,1e-06,0.0
1,0.0023708343505859375,1,1,1e-06,0.0
1,0.017465829849243164,1,1,1e-06,0.0
1,0.002983570098876953,1,1,1e-06,0.0
1,0.0028929710388183594,1,1,1e-06,0.0
1,0.0025234222412109375,1,1,1e-06,0.0
1,0.020321130752563477,1,1,1e-06,0.0
1,0.0023539066314697266,1,1,1e-06,0.0
1,0.005007266998291016,1,1,1e-06,0.0
1,0.0031442642211914062,1,1,1e-06,0.0
1,0.002749919891357422,1,1,1e-06,0.0
1,0.002668142318725586,1,1,1e-06,0.0
1,0.0038623809814453125,1,1,1e-06,0.0
1,0.46126270294189453,1,1,1e-06,0.0
1,0.0026862621307373047,1,1,1e-06,0.0
1,0.08225393295288086,1,1,1e-06,0.0
1,0.0029494762420654297,1,1,1e-06,0.0
1,0.003931283950805664,1,1,1e-06,0.0
1,0.012053251266479492,1,1,1e-06,0.0
1,0.0035860538482666016,1,1,1e-06,0.0
1,0.0041239261627197266,1,1,1e-06,0.0
1,0.012246131896972656,1,1,1e-06,0.0
1,0.004458189010620117,1,1,1e-06,0.0
1,0.003563404083251953,1,1,1e-06,0.0
1,0.004206418991088867,1,1,1e-06,0.0
1,0.016913175582885742,1,1,1e-06,0.0
1,0.017722606658935547,1,1,1e-06,0.0
1,0.0056798458099365234,1,1,1e-06,0.0
1,0.03325986862182617,1,1,1e-06,0.0
1,0.0036284923553466797,1,1,1e-06,0.0
1,0.08440375328063965,1,1,1e-06,0.0
1,0.018903255462646484,1,1,1e-06,0.0
1,0.014773130416870117,1,1,1e-06,0.0
1,0.01418304443359375,1,1,1e-06,0.0
1,0.003899812698364258,1,1,1e-06,0.0
1,0.005198478698730469,1,1,1e-06,0.0
1,0.010775566101074219,1,1,1e-06,0.0
1,0.02064681053161621,1,1,1e-06,0.0
1,0.0069446563720703125,1,1,1e-06,0.0
1,0.015205144882202148,1,1,1e-06,0.0
1,0.04408550262451172,1,1,1e-06,0.0
1,0.010776996612548828,1,1,1e-06,0.0
1,0.10604739189147949,1,1,1e-06,0.0
1,0.015446662902832031,1,1,1e-06,0.0
1,0.022719383239746094,1,1,1e-06,0.0
1,0.08405852317810059,1,1,1e-06,0.0
1,0.014262676239013672,1,1,1e-06,0.0
1,0.012595176696777344,1,1,1e-06,0.0
1,0.005338191986083984,1,1,1e-06,0.0
1,0.012798309326171875,1,1,1e-06,0.0
1,0.015079498291015625,1,1,1e-06,0.0
1,0.0064220428466796875,1,1,1e-06,0.0
1,0.010015487670898438,1,1,1e-06,0.0
1,0.006890773773193359,1,1,1e-06,0.0
1,0.008265018463134766,1,1,1e-06,0.0
1,0.10885453224182129,1,1,1e-06,0.0
1,0.008656501770019531,1,1,1e-06,0.0
1,0.003917217254638672,1,1,1e-06,0.0
1,0.00803995132446289,1,1,1e-06,0.0
1,0.004845619201660156,1,1,1e-06,0.0
1,0.01743626594543457,1,1,1e-06,0.0
1,0.02371072769165039,1,1,1e-06,0.0
1,0.3052845001220703,1,1,1e-06,0.0
1,0.018640756607055664,1,1,1e-06,0.0
1,0.05543065071105957,1,1,1e-06,0.0
1,0.07773971557617188,1,1,1e-06,0.0
1,0.003945112228393555,1,1,1e-06,0.0
1,0.010181665420532227,1,1,1e-06,0.0
1,0.005568265914916992,1,1,1e-06,0.0
1,0.03194308280944824,1,1,1e-06,0.0
1,0.004418134689331055,1,1,1e-06,0.0
1,0.0035088062286376953,1,1,1e-06,0.0
1,0.008240222930908203,1,1,1e-06,0.0
1,0.009145736694335938,1,1,1e-06,0.0
1,0.004085540771484375,1,1,1e-06,0.0
1,0.04693961143493652,1,1,1e-06,0.0
1,0.003138303756713867,1,1,1e-06,0.0
1,0.0042150020599365234,1,1,1e-06,0.0
1,0.006502389907836914,1,1,1e-06,0.0
1,0.004403591156005859,1,1,1e-06,0.0
1,0.00428462028503418,1,1,1e-06,0.0
1,0.011418819427490234,1,1,1e-06,0.0
1,0.017711639404296875,1,1,1e-06,0.0
1,0.003306150436401367,1,1,1e-06,0.0
1,0.003019571304321289,1,1,1e-06,0.0
1,0.00468897819519043,1,1,1e-06,0.0
1,0.0036513805389404297,1,1,1e-06,0.0
1,0.007184743881225586,1,1,1e-06,0.0
1,0.004306793212890625,1,1,1e-06,0.0
1,0.004519939422607422,1,1,1e-06,0.0
1,0.003030538558959961,1,1,1e-06,0.0
1,0.0031218528747558594,1,1,1e-06,0.0
1,0.002189159393310547,1,1,1e-06,0.0
1,0.00316619873046875,1,1,1e-06,0.0
1,0.006845712661743164,1,1,1e-06,0.0
1,0.006524801254272461,1,1,1e-06,0.0
1,0.003421783447265625,1,1,1e-06,0.0
1,0.009623527526855469,1,1,1e-06,0.0
1,0.003274679183959961,1,1,1e-06,0.0
1,0.0049173831939697266,1,1,1e-06,0.0
1,0.002931833267211914,1,1,1e-06,0.0
1,0.09025955200195312,1,1,1e-06,0.0
1,0.016142606735229492,1,1,1e-06,0.0
1,0.004057884216308594,1,1,1e-06,0.0
1,0.00249481201171875,1,1,1e-06,0.0
1,0.042318105697631836,1,1,1e-06,0.0
1,0.003910064697265625,1,1,1e-06,0.0
1,0.0037789344787597656,1,1,1e-06,0.0
1,0.01560831069946289,1,1,1e-06,0.0
1,0.011540889739990234,1,1,1e-06,0.0
1,0.018425941467285156,1,1,1e-06,0.0
1,0.003911018371582031,1,1,1e-06,0.0
1,0.014719486236572266,1,1,1e-06,0.0
1,0.00817418098449707,1,1,1e-06,0.0
1,0.005910396575927734,1,1,1e-06,0.0
1,0.10635733604431152,1,1,1e-06,0.0
1,0.008260488510131836,1,1,1e-06,0.0
1,0.035569190979003906,1,1,1e-06,0.0
1,0.007797718048095703,1,1,1e-06,0.0
1,0.009824752807617188,1,1,1e-06,0.0
1,0.02481675148010254,1,1,1e-06,0.0
1,0.00433802604675293,1,1,1e-06,0.0
1,0.002868175506591797,1,1,1e-06,0.0
1,0.004314899444580078,1,1,1e-06,0.0
1,0.020467519760131836,1,1,1e-06,0.0
1,0.003841876983642578,1,1,1e-06,0.0
1,0.008710384368896484,1,1,1e-06,0.0
1,0.003908634185791016,1,1,1e-06,0.0
1,0.011147737503051758,1,1,1e-06,0.0
1,0.0036287307739257812,1,1,1e-06,0.0
1,0.0054416656494140625,1,1,1e-06,0.0
1,0.002896547317504883,1,1,1e-06,0.0
1,0.057889699935913086,1,1,1e-06,0.0
1,0.022148847579956055,1,1,1e-06,0.0
1,0.0066089630126953125,1,1,1e-06,0.0
1,0.0032281875610351562,1,1,1e-06,0.0
1,0.010632514953613281,1,1,1e-06,0.0
1,0.047994375228881836,1,1,1e-06,0.0
1,0.0030794143676757812,1,1,1e-06,0.0
1,0.014687776565551758,1,1,1e-06,0.0
1,0.006456851959228516,1,1,1e-06,0.0
1,0.01571965217590332,1,1,1e-06,0.0
1,0.003461122512817383,1,1,1e-06,0.0
1,0.004503965377807617,1,1,1e-06,0.0
1,0.0035240650177001953,1,1,1e-06,0.0
1,0.0041656494140625,1,1,1e-06,0.0
1,0.0040073394775390625,1,1,1e-06,0.0
1,0.025774002075195312,1,1,1e-06,0.0
1,0.0279996395111084,1,1,1e-06,0.0
1,0.014875650405883789,1,1,1e-06,0.0
1,0.003973245620727539,1,1,1e-06,0.0
1,0.01828789710998535,1,1,1e-06,0.0
1,0.0058443546295166016,1,1,1e-06,0.0
1,0.0026679039001464844,1,1,1e-06,0.0
1,0.0024764537811279297,1,1,1e-06,0.0
1,0.01902008056640625,1,1,1e-06,0.0
1,0.0033206939697265625,1,1,1e-06,0.0
1,0.003408193588256836,1,1,1e-06,0.0
1,0.0036773681640625,1,1,1e-06,0.0
1,0.003154754638671875,1,1,1e-06,0.0
1,0.003527402877807617,1,1,1e-06,0.0
1,0.003794431686401367,1,1,1e-06,0.0
1,0.02310466766357422,1,1,1e-06,0.0
1,0.006750345230102539,1,1,1e-06,0.0
1,0.0035588741302490234,1,1,1e-06,0.0
1,0.025556087493896484,1,1,1e-06,0.0
1,0.002752542495727539,1,1,1e-06,0.0
1,0.003072023391723633,1,1,1e-06,0.0
1,0.0033621788024902344,1,1,1e-06,0.0
1,0.00351715087890625,1,1,1e-06,0.0
1,0.0032002925872802734,1,1,1e-06,0.0
1,0.002605438232421875,1,1,1e-06,0.0
1,0.002498626708984375,1,1,1e-06,0.0
1,0.01806926727294922,1,1,1e-06,0.0
1,0.004448890686035156,1,1,1e-06,0.0
1,0.0033757686614990234,1,1,1e-06,0.0
1,0.002967357635498047,1,1,1e-06,0.0
1,0.03287839889526367,1,1,1e-06,0.0
1,0.0034580230712890625,1,1,1e-06,0.0
1,0.0033893585205078125,1,1,1e-06,0.0
1,0.002842426300048828,1,1,1e-06,0.0
1,0.029803991317749023,1,1,1e-06,0.0
1,0.003638029098510742,1,1,1e-06,0.0
1,0.003106832504272461,1,1,1e-06,0.0
1,0.012296438217163086,1,1,1e-06,0.0
1,0.01421499252319336,1,1,1e-06,0.0
1,0.002809286117553711,1,1,1e-06,0.0
1,0.0023882389068603516,1,1,1e-06,0.0
1,0.007120847702026367,1,1,1e-06,0.0
1,0.011307001113891602,1,1,1e-06,0.0
1,0.004735231399536133,1,1,1e-06,0.0
1,0.0028493404388427734,1,1,1e-06,0.0
1,0.002019166946411133,1,1,1e-06,0.0
1,0.005015373229980469,1,1,1e-06,0.0
1,0.003535032272338867,1,1,1e-06,0.0
1,0.0031740665435791016,1,1,1e-06,0.0
1,0.002769947052001953,1,1,1e-06,0.0
1,0.0031957626342773438,1,1,1e-06,0.0
1,0.017250776290893555,1,1,1e-06,0.0
1,0.006057262420654297,1,1,1e-06,0.0
1,0.0031976699829101562,1,1,1e-06,0.0
1,0.006196022033691406,1,1,1e-06,0.0
1,0.003692150115966797,1,1,1e-06,0.0
1,0.035840749740600586,1,1,1e-06,0.0
1,0.0057373046875,1,1,1e-06,0.0
1,0.052102088928222656,1,1,1e-06,0.0
1,0.004380941390991211,1,1,1e-06,0.0
1,0.00399470329284668,1,1,1e-06,0.0
1,0.003429889678955078,1,1,1e-06,0.0
1,0.002251863479614258,1,1,1e-06,0.0
1,0.005322933197021484,1,1,1e-06,0.0
1,0.0037755966186523438,1,1,1e-06,0.0
1,0.027005672454833984,1,1,1e-06,0.0
1,0.0027420520782470703,1,1,1e-06,0.0
1,0.0025436878204345703,1,1,1e-06,0.0
1,0.03261232376098633,1,1,1e-06,0.0
1,0.006087064743041992,1,1,1e-06,0.0
1,0.0026204586029052734,1,1,1e-06,0.0
1,0.0031647682189941406,1,1,1e-06,0.0
1,0.0030851364135742188,1,1,1e-06,0.0
1,0.0031266212463378906,1,1,1e-06,0.0
1,0.00341796875,1,1,1e-06,0.0
1,0.002691030502319336,1,1,1e-06,0.0
1,0.0031151771545410156,1,1,1e-06,0.0
1,0.003571748733520508,1,1,1e-06,0.0
1,0.007511138916015625,1,1,1e-06,0.0
1,0.0842139720916748,1,1,1e-06,0.0
1,0.0038366317749023438,1,1,1e-06,0.0
1,0.04444479942321777,1,1,1e-06,0.0
1,0.0039827823638916016,1,1,1e-06,0.0
1,0.002901792526245117,1,1,1e-06,0.0
1,0.008828878402709961,1,1,1e-06,0.0
1,0.002572774887084961,1,1,1e-06,0.0
1,0.003415346145629883,1,1,1e-06,0.0
1,0.004879951477050781,1,1,1e-06,0.0
1,0.009915828704833984,1,1,1e-06,0.0
1,0.011694669723510742,1,1,1e-06,0.0
1,0.003333568572998047,1,1,1e-06,0.0
1,0.014765739440917969,1,1,1e-06,0.0
1,0.0033354759216308594,1,1,1e-06,0.0
1,0.0037157535552978516,1,1,1e-06,0.0
1,0.004111766815185547,1,1,1e-06,0.0
1,0.0033986568450927734,1,1,1e-06,0.0
1,0.004265546798706055,1,1,1e-06,0.0
1,0.012984752655029297,1,1,1e-06,0.0
1,0.003714323043823242,1,1,1e-06,0.0
1,0.002564668655395508,1,1,1e-06,0.0
1,0.002628803253173828,1,1,1e-06,0.0
1,0.02948451042175293,1,1,1e-06,0.0
1,0.0041501522064208984,1,1,1e-06,0.0
1,0.01504206657409668,1,1,1e-06,0.0
1,0.0028946399688720703,1,1,1e-06,0.0
1,0.0029065608978271484,1,1,1e-06,0.0
1,0.0021178722381591797,1,1,1e-06,0.0
1,0.002436399459838867,1,1,1e-06,0.0
1,0.0028569698333740234,1,1,1e-06,0.0
1,0.0028603076934814453,1,1,1e-06,0.0
1,0.0028047561645507812,1,1,1e-06,0.0
1,0.003280162811279297,1,1,1e-06,0.0
1,0.0046443939208984375,1,1,1e-06,0.0
1,0.004311323165893555,1,1,1e-06,0.0
1,0.0451200008392334,1,1,1e-06,0.0
1,0.002645730972290039,1,1,1e-06,0.0
1,0.0027976036071777344,1,1,1e-06,0.0
1,0.002908468246459961,1,1,1e-06,0.0
1,0.0024068355560302734,1,1,1e-06,0.0
1,0.003607511520385742,1,1,1e-06,0.0
1,0.0031783580780029297,1,1,1e-06,0.0
1,0.019739151000976562,1,1,1e-06,0.0
1,0.012894630432128906,1,1,1e-06,0.0
1,0.0028553009033203125,1,1,1e-06,0.0
1,0.003341197967529297,1,1,1e-06,0.0
1,0.01892852783203125,1,1,1e-06,0.0
1,0.0031549930572509766,1,1,1e-06,0.0
1,0.0031931400299072266,1,1,1e-06,0.0
1,0.0022585391998291016,1,1,1e-06,0.0
1,0.0027403831481933594,1,1,1e-06,0.0
1,0.0912177562713623,1,1,1e-06,0.0
1,0.0037043094635009766,1,1,1e-06,0.0
1,0.08174324035644531,1,1,1e-06,0.0
1,0.004685401916503906,1,1,1e-06,0.0
1,0.006197929382324219,1,1,1e-06,0.0
1,0.0032303333282470703,1,1,1e-06,0.0
1,0.004235506057739258,1,1,1e-06,0.0
1,0.042534828186035156,1,1,1e-06,0.0
1,0.0041544437408447266,1,1,1e-06,0.0
1,0.0028047561645507812,1,1,1e-06,0.0
1,0.0025284290313720703,1,1,1e-06,0.0
1,0.002775430679321289,1,1,1e-06,0.0
1,0.0026254653930664062,1,1,1e-06,0.0
1,0.0070116519927978516,1,1,1e-06,0.0
1,0.0033686161041259766,1,1,1e-06,0.0
1,0.0027480125427246094,1,1,1e-06,0.0
1,0.004109382629394531,1,1,1e-06,0.0
1,0.0031516551971435547,1,1,1e-06,0.0
1,0.0027420520782470703,1,1,1e-06,0.0
1,0.0029337406158447266,1,1,1e-06,0.0
1,0.013509273529052734,1,1,1e-06,0.0
1,0.0023314952850341797,1,1,1e-06,0.0
1,0.0024869441986083984,1,1,1e-06,0.0
1,0.0025115013122558594,1,1,1e-06,0.0
1,0.01342630386352539,1,1,1e-06,0.0
1,0.0024154186248779297,1,1,1e-06,0.0
1,0.0029180049896240234,1,1,1e-06,0.0
1,0.002105712890625,1,1,1e-06,0.0
1,0.001912832260131836,1,1,1e-06,0.0
1,0.01326751708984375,1,1,1e-06,0.0
1,0.018042325973510742,1,1,1e-06,0.0
1,0.003580808639526367,1,1,1e-06,0.0
1,0.04037737846374512,1,1,1e-06,0.0
1,0.005242109298706055,1,1,1e-06,0.0
1,0.0022487640380859375,1,1,1e-06,0.0
1,0.002177715301513672,1,1,1e-06,0.0
1,0.01895594596862793,1,1,1e-06,0.0
1,0.012364625930786133,1,1,1e-06,0.0
1,0.002434968948364258,1,1,1e-06,0.0
1,0.004277944564819336,1,1,1e-06,0.0
1,0.002260446548461914,1,1,1e-06,0.0
1,0.03229522705078125,1,1,1e-06,0.0
1,0.003505706787109375,1,1,1e-06,0.0
1,0.003026723861694336,1,1,1e-06,0.0
1,0.0023255348205566406,1,1,1e-06,0.0
1,0.0024881362915039062,1,1,1e-06,0.0
1,0.002346038818359375,1,1,1e-06,0.0
1,0.027058124542236328,1,1,1e-06,0.0
1,0.0023665428161621094,1,1,1e-06,0.0
1,0.002627134323120117,1,1,1e-06,0.0
1,0.002028942108154297,1,1,1e-06,0.0
1,0.015031814575195312,1,1,1e-06,0.0
1,0.0037622451782226562,1,1,1e-06,0.0
1,0.00397181510925293,1,1,1e-06,0.0
1,0.0034096240997314453,1,1,1e-06,0.0
1,0.0025687217712402344,1,1,1e-06,0.0
1,0.39854979515075684,1,1,1e-06,0.0
1,0.06299757957458496,1,1,1e-06,0.0
1,0.003721475601196289,1,1,1e-06,0.0
1,0.015566349029541016,1,1,1e-06,0.0
1,0.021426677703857422,1,1,1e-06,0.0
1,0.004008293151855469,1,1,1e-06,0.0
1,0.002599000930786133,1,1,1e-06,0.0
1,0.0028197765350341797,1,1,1e-06,0.0
1,0.004277706146240234,1,1,1e-06,0.0
1,0.003068685531616211,1,1,1e-06,0.0
1,0.005950927734375,1,1,1e-06,0.0
1,0.0030434131622314453,1,1,1e-06,0.0
1,0.0029671192169189453,1,1,1e-06,0.0
1,0.003486156463623047,1,1,1e-06,0.0
1,0.0028841495513916016,1,1,1e-06,0.0
1,0.06289124488830566,1,1,1e-06,0.0
1,0.0024347305297851562,1,1,1e-06,0.0
1,0.004038333892822266,1,1,1e-06,0.0
1,0.0026471614837646484,1,1,1e-06,0.0
1,0.002240896224975586,1,1,1e-06,0.0
1,0.01360011100769043,1,1,1e-06,0.0
1,0.002357006072998047,1,1,1e-06,0.0
1,0.0026869773864746094,1,1,1e-06,0.0
1,0.016419172286987305,1,1,1e-06,0.0
1,0.003064393997192383,1,1,1e-06,0.0
1,0.012417793273925781,1,1,1e-06,0.0
1,0.0028772354125976562,1,1,1e-06,0.0
1,0.002480030059814453,1,1,1e-06,0.0
1,0.005845308303833008,1,1,1e-06,0.0
1,0.0023300647735595703,1,1,1e-06,0.0
1,0.014584064483642578,1,1,1e-06,0.0
1,0.003561735153198242,1,1,1e-06,0.0
1,0.002900362014770508,1,1,1e-06,0.0
1,0.002659320831298828,1,1,1e-06,0.0
1,0.006257772445678711,1,1,1e-06,0.0
1,0.0033922195434570312,1,1,1e-06,0.0
1,0.002880573272705078,1,1,1e-06,0.0
1,0.0027091503143310547,1,1,1e-06,0.0
1,0.015453100204467773,1,1,1e-06,0.0
1,0.002969026565551758,1,1,1e-06,0.0
1,0.013236522674560547,1,1,1e-06,0.0
1,0.002634763717651367,1,1,1e-06,0.0
1,0.0030379295349121094,1,1,1e-06,0.0
1,0.0033016204833984375,1,1,1e-06,0.0
1,0.0031404495239257812,1,1,1e-06,0.0
1,0.003077983856201172,1,1,1e-06,0.0
1,0.002742290496826172,1,1,1e-06,0.0
1,0.002630472183227539,1,1,1e-06,0.0
1,0.005028486251831055,1,1,1e-06,0.0
1,0.006375312805175781,1,1,1e-06,0.0
1,0.0035305023193359375,1,1,1e-06,0.0
1,0.0029935836791992188,1,1,1e-06,0.0
1,0.002907276153564453,1,1,1e-06,0.0
1,0.0029196739196777344,1,1,1e-06,0.0
1,0.0028486251831054688,1,1,1e-06,0.0
1,0.005617618560791016,1,1,1e-06,0.0
1,0.002814054489135742,1,1,1e-06,0.0
1,0.0029578208923339844,1,1,1e-06,0.0
1,0.002692699432373047,1,1,1e-06,0.0
1,0.0026335716247558594,1,1,1e-06,0.0
1,0.0026540756225585938,1,1,1e-06,0.0
1,0.004973649978637695,1,1,1e-06,0.0
1,0.004622936248779297,1,1,1e-06,0.0
1,0.002775907516479492,1,1,1e-06,0.0
1,0.7985045909881592,1,1,1e-06,0.0
1,0.05907726287841797,1,1,1e-06,0.0
1,0.0028564929962158203,1,1,1e-06,0.0
1,0.0030858516693115234,1,1,1e-06,0.0
1,0.00632476806640625,1,1,1e-06,0.0
1,0.016480207443237305,1,1,1e-06,0.0
1,0.011374473571777344,1,1,1e-06,0.0
1,0.060942649841308594,1,1,1e-06,0.0
1,0.015489816665649414,1,1,1e-06,0.0
1,0.004073143005371094,1,1,1e-06,0.0
1,0.006643772125244141,1,1,1e-06,0.0
1,0.003783702850341797,1,1,1e-06,0.0
1,0.009362459182739258,1,1,1e-06,0.0
1,0.03327298164367676,1,1,1e-06,0.0
1,0.009225845336914062,1,1,1e-06,0.0
1,0.006118059158325195,1,1,1e-06,0.0
1,0.006200075149536133,1,1,1e-06,0.0
1,0.004764556884765625,1,1,1e-06,0.0
1,0.006124734878540039,1,1,1e-06,0.0
1,0.007724761962890625,1,1,1e-06,0.0
1,0.005608081817626953,1,1,1e-06,0.0
1,0.008368253707885742,1,1,1e-06,0.0
1,0.011810779571533203,1,1,1e-06,0.0
1,0.11060404777526855,1,1,1e-06,0.0
1,0.004796504974365234,1,1,1e-06,0.0
1,0.006764650344848633,1,1,1e-06,0.0
1,0.004475116729736328,1,1,1e-06,0.0
1,0.0156400203704834,1,1,1e-06,0.0
1,0.005186796188354492,1,1,1e-06,0.0
1,0.006975412368774414,1,1,1e-06,0.0
1,0.003663778305053711,1,1,1e-06,0.0
1,0.010971546173095703,1,1,1e-06,0.0
1,0.008535623550415039,1,1,1e-06,0.0
1,0.010920047760009766,1,1,1e-06,0.0
1,0.004561185836791992,1,1,1e-06,0.0
1,0.021582603454589844,1,1,1e-06,0.0
1,0.0036020278930664062,1,1,1e-06,0.0
1,0.008096694946289062,1,1,1e-06,0.0
1,0.01732802391052246,1,1,1e-06,0.0
1,0.019764184951782227,1,1,1e-06,0.0
1,0.007112264633178711,1,1,1e-06,0.0
1,0.018052339553833008,1,1,1e-06,0.0
1,0.0047149658203125,1,1,1e-06,0.0
1,0.010576486587524414,1,1,1e-06,0.0
1,0.010483264923095703,1,1,1e-06,0.0
1,0.007953882217407227,1,1,1e-06,0.0
1,0.014500617980957031,1,1,1e-06,0.0
1,0.027464866638183594,1,1,1e-06,0.0
1,0.014154434204101562,1,1,1e-06,0.0
1,0.012170791625976562,1,1,1e-06,0.0
1,0.010731935501098633,1,1,1e-06,0.0
1,0.06464028358459473,1,1,1e-06,0.0
1,0.0026924610137939453,1,1,1e-06,0.0
1,0.01613593101501465,1,1,1e-06,0.0
1,0.04265546798706055,1,1,1e-06,0.0
1,0.022884368896484375,1,1,1e-06,0.0
1,0.0030164718627929688,1,1,1e-06,0.0
1,0.002624988555908203,1,1,1e-06,0.0
1,0.002959728240966797,1,1,1e-06,0.0
1,0.00890207290649414,1,1,1e-06,0.0
1,0.0028421878814697266,1,1,1e-06,0.0
1,0.0033049583435058594,1,1,1e-06,0.0
1,0.0030488967895507812,1,1,1e-06,0.0
1,0.003931283950805664,1,1,1e-06,0.0
1,0.006844520568847656,1,1,1e-06,0.0
1,0.018892288208007812,1,1,1e-06,0.0
1,0.003095865249633789,1,1,1e-06,0.0
1,0.0030362606048583984,1,1,1e-06,0.0
1,0.002780437469482422,1,1,1e-06,0.0
1,0.006738424301147461,1,1,1e-06,0.0
1,0.002957582473754883,1,1,1e-06,0.0
1,0.04603695869445801,1,1,1e-06,0.0
1,0.005875587463378906,1,1,1e-06,0.0
1,0.003505706787109375,1,1,1e-06,0.0
1,0.002776622772216797,1,1,1e-06,0.0
1,0.00424647331237793,1,1,1e-06,0.0
1,0.002793550491333008,1,1,1e-06,0.0
1,0.0028934478759765625,1,1,1e-06,0.0
1,0.0032498836517333984,1,1,1e-06,0.0
1,0.0026357173919677734,1,1,1e-06,0.0
1,0.003134489059448242,1,1,1e-06,0.0
1,0.006592750549316406,1,1,1e-06,0.0
1,0.028559446334838867,1,1,1e-06,0.0
1,0.012967348098754883,1,1,1e-06,0.0
1,0.0025489330291748047,1,1,1e-06,0.0
1,0.002331972122192383,1,1,1e-06,0.0
1,0.006414890289306641,1,1,1e-06,0.0
1,0.0029380321502685547,1,1,1e-06,0.0
1,0.02449345588684082,1,1,1e-06,0.0
1,0.12798118591308594,1,1,1e-06,0.0
1,0.015449285507202148,1,1,1e-06,0.0
1,0.0026826858520507812,1,1,1e-06,0.0
1,0.007484912872314453,1,1,1e-06,0.0
1,0.002854585647583008,1,1,1e-06,0.0
1,0.004524946212768555,1,1,1e-06,0.0
1,0.017329692840576172,1,1,1e-06,0.0
1,0.002305269241333008,1,1,1e-06,0.0
1,0.002388477325439453,1,1,1e-06,0.0
1,0.0024607181549072266,1,1,1e-06,0.0
1,0.002638578414916992,1,1,1e-06,0.0
1,0.0020630359649658203,1,1,1e-06,0.0
1,0.0023131370544433594,1,1,1e-06,0.0
1,0.002314329147338867,1,1,1e-06,0.0
1,0.002330780029296875,1,1,1e-06,0.0
1,0.007153987884521484,1,1,1e-06,0.0
1,0.0027129650115966797,1,1,1e-06,0.0
1,0.018452167510986328,1,1,1e-06,0.0
1,0.0028221607208251953,1,1,1e-06,0.0
1,0.0023987293243408203,1,1,1e-06,0.0
1,0.0024836063385009766,1,1,1e-06,0.0
1,0.0038175582885742188,1,1,1e-06,0.0
1,0.007629871368408203,1,1,1e-06,0.0
1,0.0056972503662109375,1,1,1e-06,0.0
1,0.0032279491424560547,1,1,1e-06,0.0
1,0.0024094581604003906,1,1,1e-06,0.0
1,0.002987384796142578,1,1,1e-06,0.0
1,0.002038240432739258,1,1,1e-06,0.0
1,0.0024089813232421875,1,1,1e-06,0.0
1,0.005520343780517578,1,1,1e-06,0.0
1,0.004055500030517578,1,1,1e-06,0.0
1,0.0047838687896728516,1,1,1e-06,0.0
1,0.0027844905853271484,1,1,1e-06,0.0
1,0.0048787593841552734,1,1,1e-06,0.0
1,0.002466917037963867,1,1,1e-06,0.0
1,0.0019822120666503906,1,1,1e-06,0.0
1,0.013859748840332031,1,1,1e-06,0.0
1,0.0025424957275390625,1,1,1e-06,0.0
1,0.016145944595336914,1,1,1e-06,0.0
1,0.002794504165649414,1,1,1e-06,0.0
1,0.004231452941894531,1,1,1e-06,0.0
1,0.0029876232147216797,1,1,1e-06,0.0
1,0.018131017684936523,1,1,1e-06,0.0
1,0.002847433090209961,1,1,1e-06,0.0
1,0.016768217086791992,1,1,1e-06,0.0
1,0.026577472686767578,1,1,1e-06,0.0
1,0.002607583999633789,1,1,1e-06,0.0
1,0.006661891937255859,1,1,1e-06,0.0
1,0.002407073974609375,1,1,1e-06,0.0
1,0.002593994140625,1,1,1e-06,0.0
1,0.006574869155883789,1,1,1e-06,0.0
1,0.003061056137084961,1,1,1e-06,0.0
1,0.0024018287658691406,1,1,1e-06,0.0
1,0.00413823127746582,1,1,1e-06,0.0
1,0.0027947425842285156,1,1,1e-06,0.0
1,0.004535198211669922,1,1,1e-06,0.0
1,0.003745555877685547,1,1,1e-06,0.0
1,0.011068344116210938,1,1,1e-06,0.0
1,0.002916097640991211,1,1,1e-06,0.0
1,0.00494074821472168,1,1,1e-06,0.0
1,0.02962470054626465,1,1,1e-06,0.0
1,0.020023822784423828,1,1,1e-06,0.0
1,0.0027933120727539062,1,1,1e-06,0.0
1,0.002537965774536133,1,1,1e-06,0.0
1,0.0020949840545654297,1,1,1e-06,0.0
1,0.07916712760925293,1,1,1e-06,0.0
1,0.013338565826416016,1,1,1e-06,0.0
1,0.003556966781616211,1,1,1e-06,0.0
1,0.0052034854888916016,1,1,1e-06,0.0
1,0.0036542415618896484,1,1,1e-06,0.0
1,0.042730093002319336,1,1,1e-06,0.0
1,0.004852294921875,1,1,1e-06,0.0
1,0.003349781036376953,1,1,1e-06,0.0
1,0.0038263797760009766,1,1,1e-06,0.0
1,0.003465890884399414,1,1,1e-06,0.0
1,0.003237009048461914,1,1,1e-06,0.0
1,0.00351715087890625,1,1,1e-06,0.0
1,0.011409997940063477,1,1,1e-06,0.0
1,0.0030007362365722656,1,1,1e-06,0.0
1,0.0032835006713867188,1,1,1e-06,0.0
1,0.0030171871185302734,1,1,1e-06,0.0
1,0.03437376022338867,1,1,1e-06,0.0
1,0.0025479793548583984,1,1,1e-06,0.0
1,0.0032966136932373047,1,1,1e-06,0.0
1,0.0036003589630126953,1,1,1e-06,0.0
1,0.0030121803283691406,1,1,1e-06,0.0
1,0.003337383270263672,1,1,1e-06,0.0
1,0.03370976448059082,1,1,1e-06,0.0
1,0.004559516906738281,1,1,1e-06,0.0
1,0.004563331604003906,1,1,1e-06,0.0
1,0.008041858673095703,1,1,1e-06,0.0
1,0.0030372142791748047,1,1,1e-06,0.0
1,0.002295970916748047,1,1,1e-06,0.0
1,0.005873441696166992,1,1,1e-06,0.0
1,0.1223459243774414,1,1,1e-06,0.0
1,0.003309488296508789,1,1,1e-06,0.0
1,0.005563020706176758,1,1,1e-06,0.0
1,0.004602193832397461,1,1,1e-06,0.0
1,0.0041043758392333984,1,1,1e-06,0.0
1,0.0035076141357421875,1,1,1e-06,0.0
1,0.003359079360961914,1,1,1e-06,0.0
1,0.003769397735595703,1,1,1e-06,0.0
1,0.010897159576416016,1,1,1e-06,0.0
1,0.02867603302001953,1,1,1e-06,0.0
1,0.0033843517303466797,1,1,1e-06,0.0
1,0.002592325210571289,1,1,1e-06,0.0
1,0.020236968994140625,1,1,1e-06,0.0
1,0.007733345031738281,1,1,1e-06,0.0
1,0.0027878284454345703,1,1,1e-06,0.0
1,0.029993534088134766,1,1,1e-06,0.0
1,0.0041446685791015625,1,1,1e-06,0.0
1,0.004622936248779297,1,1,1e-06,0.0
1,0.0037457942962646484,1,1,1e-06,0.0
1,0.004324436187744141,1,1,1e-06,0.0
1,0.003871917724609375,1,1,1e-06,0.0
1,0.0032548904418945312,1,1,1e-06,0.0
1,0.008906364440917969,1,1,1e-06,0.0
1,0.0049343109130859375,1,1,1e-06,0.0
1,0.0034151077270507812,1,1,1e-06,0.0
1,0.030352354049682617,1,1,1e-06,0.0
1,0.0039632320404052734,1,1,1e-06,0.0
1,0.0027039051055908203,1,1,1e-06,0.0
1,0.06118631362915039,1,1,1e-06,0.0
1,0.003325223922729492,1,1,1e-06,0.0
1,0.00616908073425293,1,1,1e-06,0.0
1,0.004725933074951172,1,1,1e-06,0.0
1,0.0066432952880859375,1,1,1e-06,0.0
1,0.005923748016357422,1,1,1e-06,0.0
1,0.004920482635498047,1,1,1e-06,0.0
1,0.00409698486328125,1,1,1e-06,0.0
1,0.022895336151123047,1,1,1e-06,0.0
1,0.0044231414794921875,1,1,1e-06,0.0
1,0.004618406295776367,1,1,1e-06,0.0
1,0.0913538932800293,1,1,1e-06,0.0
1,0.004673957824707031,1,1,1e-06,0.0
1,0.004582405090332031,1,1,1e-06,0.0
1,0.0039632320404052734,1,1,1e-06,0.0
1,0.03678464889526367,1,1,1e-06,0.0
1,0.007453441619873047,1,1,1e-06,0.0
1,0.007039070129394531,1,1,1e-06,0.0
1,0.03457236289978027,1,1,1e-06,0.0
1,0.015298843383789062,1,1,1e-06,0.0
1,0.0036063194274902344,1,1,1e-06,0.0
1,0.037055015563964844,1,1,1e-06,0.0
1,0.010966062545776367,1,1,1e-06,0.0
1,0.004309892654418945,1,1,1e-06,0.0
1,0.00543212890625,1,1,1e-06,0.0
1,0.00807809829711914,1,1,1e-06,0.0
1,0.5485517978668213,1,1,1e-06,0.0
1,0.005263566970825195,1,1,1e-06,0.0
1,0.00861358642578125,1,1,1e-06,0.0
1,0.004152774810791016,1,1,1e-06,0.0
1,0.0056514739990234375,1,1,1e-06,0.0
1,0.003925800323486328,1,1,1e-06,0.0
1,0.012819528579711914,1,1,1e-06,0.0
1,0.009763002395629883,1,1,1e-06,0.0
1,0.006378173828125,1,1,1e-06,0.0
1,0.00564885139465332,1,1,1e-06,0.0
1,0.004823446273803711,1,1,1e-06,0.0
1,0.004503726959228516,1,1,1e-06,0.0
1,0.004302501678466797,1,1,1e-06,0.0
1,0.01726508140563965,1,1,1e-06,0.0
1,0.005532503128051758,1,1,1e-06,0.0
1,0.003906726837158203,1,1,1e-06,0.0
1,0.005098581314086914,1,1,1e-06,0.0
1,0.0038836002349853516,1,1,1e-06,0.0
1,0.0055043697357177734,1,1,1e-06,0.0
1,0.0037097930908203125,1,1,1e-06,0.0
1,0.014198780059814453,1,1,1e-06,0.0
1,0.006577014923095703,1,1,1e-06,0.0
1,0.009842157363891602,1,1,1e-06,0.0
1,0.027660131454467773,1,1,1e-06,0.0
0,1.627828598022461,0,0,,0.0
1,0.008744955062866211,1,1,1e-06,0.0
1,0.005326271057128906,1,1,1e-06,0.0
1,0.0040433406829833984,1,1,1e-06,0.0
1,0.01939845085144043,1,1,1e-06,0.0
1,0.003664731979370117,1,1,1e-06,0.0
1,0.004484891891479492,1,1,1e-06,0.0
1,0.004144906997680664,1,1,1e-06,0.0
1,0.003438711166381836,1,1,1e-06,0.0
1,0.0028951168060302734,1,1,1e-06,0.0
1,0.002933502197265625,1,1,1e-06,0.0
1,0.004364728927612305,1,1,1e-06,0.0
1,0.004588603973388672,1,1,1e-06,0.0
1,0.0030906200408935547,1,1,1e-06,0.0
1,0.040398597717285156,1,1,1e-06,0.0
1,0.00426030158996582,1,1,1e-06,0.0
1,0.005227327346801758,1,1,1e-06,0.0
1,0.0035271644592285156,1,1,1e-06,0.0
1,0.002986431121826172,1,1,1e-06,0.0
1,0.07692456245422363,1,1,1e-06,0.0
1,0.04726362228393555,1,1,1e-06,0.0
1,0.03849291801452637,1,1,1e-06,0.0
1,0.039568185806274414,1,1,1e-06,0.0
1,0.0044820308685302734,1,1,1e-06,0.0
1,0.006134510040283203,1,1,1e-06,0.0
1,0.013304471969604492,1,1,1e-06,0.0
1,0.005614042282104492,1,1,1e-06,0.0
1,0.003513336181640625,1,1,1e-06,0.0
1,0.006855964660644531,1,1,1e-06,0.0
1,0.005105733871459961,1,1,1e-06,0.0
1,0.0042018890380859375,1,1,1e-06,0.0
1,0.006475925445556641,1,1,1e-06,0.0
1,0.017877817153930664,1,1,1e-06,0.0
1,0.0034978389739990234,1,1,1e-06,0.0
1,0.0034182071685791016,1,1,1e-06,0.0
1,0.0057141780853271484,1,1,1e-06,0.0
1,0.004290342330932617,1,1,1e-06,0.0
1,0.06870794296264648,1,1,1e-06,0.0
1,0.005661725997924805,1,1,1e-06,0.0
1,0.0054285526275634766,1,1,1e-06,0.0
1,0.028995275497436523,1,1,1e-06,0.0
1,0.010052919387817383,1,1,1e-06,0.0
1,0.014054059982299805,1,1,1e-06,0.0
1,0.03708243370056152,1,1,1e-06,0.0
1,0.00638580322265625,1,1,1e-06,0.0
1,0.022727489471435547,1,1,1e-06,0.0
1,0.07599139213562012,1,1,1e-06,0.0
1,0.3634939193725586,1,1,1e-06,0.0
1,0.004548549652099609,1,1,1e-06,0.0
1,0.008428096771240234,1,1,1e-06,0.0
1,0.007596731185913086,1,1,1e-06,0.0
1,0.011514902114868164,1,1,1e-06,0.0
1,0.33441805839538574,1,1,1e-06,0.0
1,0.0041997432708740234,1,1,1e-06,0.0
1,0.024460554122924805,1,1,1e-06,0.0
1,0.0032196044921875,1,1,1e-06,0.0
1,0.030173540115356445,1,1,1e-06,0.0
1,0.003880023956298828,1,1,1e-06,0.0
1,0.01021265983581543,1,1,1e-06,0.0
1,0.003814697265625,1,1,1e-06,0.0
1,0.05102205276489258,1,1,1e-06,0.0
1,0.009911775588989258,1,1,1e-06,0.0
1,0.006298065185546875,1,1,1e-06,0.0
1,0.005389213562011719,1,1,1e-06,0.0
1,0.01094508171081543,1,1,1e-06,0.0
1,0.01306462287902832,1,1,1e-06,0.0
1,0.012920618057250977,1,1,1e-06,0.0
1,0.01221609115600586,1,1,1e-06,0.0
1,0.07099246978759766,1,1,1e-06,0.0
1,0.004002809524536133,1,1,1e-06,0.0
1,0.005158901214599609,1,1,1e-06,0.0
1,0.032744646072387695,1,1,1e-06,0.0
1,0.004270076751708984,1,1,1e-06,0.0
1,0.0056133270263671875,1,1,1e-06,0.0
1,0.006650686264038086,1,1,1e-06,0.0
1,0.004609346389770508,1,1,1e-06,0.0
1,0.0039010047912597656,1,1,1e-06,0.0
1,0.00546574592590332,1,1,1e-06,0.0
1,0.009290218353271484,1,1,1e-06,0.0
1,0.004042625427246094,1,1,1e-06,0.0
1,0.010246038436889648,1,1,1e-06,0.0
1,0.07429862022399902,1,1,1e-06,0.0
1,0.06215548515319824,1,1,1e-06,0.0
1,0.009022951126098633,1,1,1e-06,0.0
1,0.2594120502471924,1,1,1e-06,0.0
1,0.004187822341918945,1,1,1e-06,0.0
1,0.004536151885986328,1,1,1e-06,0.0
1,0.003439664840698242,1,1,1e-06,0.0
1,0.05922722816467285,1,1,1e-06,0.0
1,0.10416364669799805,1,1,1e-06,0.0
1,0.003599882125854492,1,1,1e-06,0.0
1,0.00639653205871582,1,1,1e-06,0.0
1,0.005135297775268555,1,1,1e-06,0.0
1,0.04824995994567871,1,1,1e-06,0.0
1,0.00407099723815918,1,1,1e-06,0.0
1,0.013347148895263672,1,1,1e-06,0.0
1,0.014321565628051758,1,1,1e-06,0.0
1,0.004857063293457031,1,1,1e-06,0.0
1,0.011415243148803711,1,1,1e-06,0.0
1,0.015066146850585938,1,1,1e-06,0.0
1,0.004050731658935547,1,1,1e-06,0.0
1,0.004319190979003906,1,1,1e-06,0.0
1,0.014823198318481445,1,1,1e-06,0.0
1,0.004659414291381836,1,1,1e-06,0.0
1,0.00392913818359375,1,1,1e-06,0.0
1,0.011350393295288086,1,1,1e-06,0.0
1,0.003998517990112305,1,1,1e-06,0.0
1,0.01332712173461914,1,1,1e-06,0.0
1,0.013889551162719727,1,1,1e-06,0.0
1,0.0045435428619384766,1,1,1e-06,0.0
1,0.005606889724731445,1,1,1e-06,0.0
1,0.04722738265991211,1,1,1e-06,0.0
1,0.008195877075195312,1,1,1e-06,0.0
1,0.012301206588745117,1,1,1e-06,0.0
1,0.012403249740600586,1,1,1e-06,0.0
1,0.002611398696899414,1,1,1e-06,0.0
1,0.023815155029296875,1,1,1e-06,0.0
1,0.014435529708862305,1,1,1e-06,0.0
1,0.261432409286499,1,1,1e-06,0.0
1,0.008262872695922852,1,1,1e-06,0.0
1,0.027795791625976562,1,1,1e-06,0.0
1,0.008322715759277344,1,1,1e-06,0.0
1,0.028172731399536133,1,1,1e-06,0.0
1,0.01651287078857422,1,1,1e-06,0.0
1,0.008821249008178711,1,1,1e-06,0.0
1,0.019987106323242188,1,1,1e-06,0.0
1,0.005913734436035156,1,1,1e-06,0.0
1,0.008007287979125977,1,1,1e-06,0.0
1,0.03462100028991699,1,1,1e-06,0.0
1,0.008071422576904297,1,1,1e-06,0.0
1,0.0047359466552734375,1,1,1e-06,0.0
1,0.004257678985595703,1,1,1e-06,0.0
1,0.006409645080566406,1,1,1e-06,0.0
1,0.004202842712402344,1,1,1e-06,0.0
1,0.007613420486450195,1,1,1e-06,0.0
1,0.008728742599487305,1,1,1e-06,0.0
1,0.008211612701416016,1,1,1e-06,0.0
1,0.006038188934326172,1,1,1e-06,0.0
1,0.009790897369384766,1,1,1e-06,0.0
1,0.0071866512298583984,1,1,1e-06,0.0
1,0.004923582077026367,1,1,1e-06,0.0
1,0.013509988784790039,1,1,1e-06,0.0
1,0.008574962615966797,1,1,1e-06,0.0
1,0.010512828826904297,1,1,1e-06,0.0
1,0.06358766555786133,1,1,1e-06,0.0
1,0.01682734489440918,1,1,1e-06,0.0
1,0.01189732551574707,1,1,1e-06,0.0
1,0.014164209365844727,1,1,1e-06,0.0
1,0.012387752532958984,1,1,1e-06,0.0
1,0.007710456848144531,1,1,1e-06,0.0
1,0.0071256160736083984,1,1,1e-06,0.0
1,0.01510000228881836,1,1,1e-06,0.0
1,0.022728681564331055,1,1,1e-06,0.0
1,0.0041997432708740234,1,1,1e-06,0.0
1,0.016086101531982422,1,1,1e-06,0.0
1,0.16936993598937988,1,1,1e-06,0.0
1,0.026710987091064453,1,1,1e-06,0.0
1,0.007961273193359375,1,1,1e-06,0.0
1,0.006631374359130859,1,1,1e-06,0.0
1,0.014290571212768555,1,1,1e-06,0.0
1,0.0047681331634521484,1,1,1e-06,0.0
1,0.004443645477294922,1,1,1e-06,0.0
1,0.005179882049560547,1,1,1e-06,0.0
1,0.0033881664276123047,1,1,1e-06,0.0
1,0.006486415863037109,1,1,1e-06,0.0
1,0.026250123977661133,1,1,1e-06,0.0
1,0.024688243865966797,1,1,1e-06,0.0
1,0.004858970642089844,1,1,1e-06,0.0
1,0.007796764373779297,1,1,1e-06,0.0
1,0.011321544647216797,1,1,1e-06,0.0
1,0.007678985595703125,1,1,1e-06,0.0
1,0.030256271362304688,1,1,1e-06,0.0
1,0.004121303558349609,1,1,1e-06,0.0
1,0.025685787200927734,1,1,1e-06,0.0
1,0.05837273597717285,1,1,1e-06,0.0
1,0.004183053970336914,1,1,1e-06,0.0
1,0.004635810852050781,1,1,1e-06,0.0
1,0.018702983856201172,1,1,1e-06,0.0
1,0.026823997497558594,1,1,1e-06,0.0
1,0.0031654834747314453,1,1,1e-06,0.0
1,0.004911661148071289,1,1,1e-06,0.0
1,0.0065860748291015625,1,1,1e-06,0.0
1,0.01464080810546875,1,1,1e-06,0.0
1,0.0046291351318359375,1,1,1e-06,0.0
1,0.0032346248626708984,1,1,1e-06,0.0
1,0.0031058788299560547,1,1,1e-06,0.0
1,0.0031516551971435547,1,1,1e-06,0.0
1,0.019274473190307617,1,1,1e-06,0.0
1,0.007979869842529297,1,1,1e-06,0.0
1,0.00631260871887207,1,1,1e-06,0.0
1,0.006427288055419922,1,1,1e-06,0.0
1,0.0040242671966552734,1,1,1e-06,0.0
1,0.002549409866333008,1,1,1e-06,0.0
1,0.00379180908203125,1,1,1e-06,0.0
1,0.020390748977661133,1,1,1e-06,0.0
1,0.005430459976196289,1,1,1e-06,0.0
1,0.0024814605712890625,1,1,1e-06,0.0
1,0.002768278121948242,1,1,1e-06,0.0
1,0.005295753479003906,1,1,1e-06,0.0
1,0.0031321048736572266,1,1,1e-06,0.0
1,0.013184309005737305,1,1,1e-06,0.0
1,0.003756284713745117,1,1,1e-06,0.0
1,0.04801177978515625,1,1,1e-06,0.0
1,0.0068836212158203125,1,1,1e-06,0.0
1,0.02433919906616211,1,1,1e-06,0.0
1,0.01775979995727539,1,1,1e-06,0.0
1,0.0047817230224609375,1,1,1e-06,0.0
1,0.003933429718017578,1,1,1e-06,0.0
1,0.004167795181274414,1,1,1e-06,0.0
1,0.0565180778503418,1,1,1e-06,0.0
1,0.004205226898193359,1,1,1e-06,0.0
1,0.022597551345825195,1,1,1e-06,0.0
1,0.0038483142852783203,1,1,1e-06,0.0
1,0.0030412673950195312,1,1,1e-06,0.0
1,0.01491403579711914,1,1,1e-06,0.0
1,0.009588003158569336,1,1,1e-06,0.0
1,0.0033216476440429688,1,1,1e-06,0.0
1,0.004492998123168945,1,1,1e-06,0.0
1,0.08300995826721191,1,1,1e-06,0.0
1,0.003648042678833008,1,1,1e-06,0.0
1,0.041512489318847656,1,1,1e-06,0.0
1,0.006530284881591797,1,1,1e-06,0.0
1,0.0028002262115478516,1,1,1e-06,0.0
1,0.002938985824584961,1,1,1e-06,0.0
1,0.0038461685180664062,1,1,1e-06,0.0
1,0.009300947189331055,1,1,1e-06,0.0
1,0.0040318965911865234,1,1,1e-06,0.0
1,0.003615856170654297,1,1,1e-06,0.0
1,0.004027128219604492,1,1,1e-06,0.0
1,0.010480165481567383,1,1,1e-06,0.0
1,0.0023136138916015625,1,1,1e-06,0.0
1,0.005655527114868164,1,1,1e-06,0.0
1,0.06617903709411621,1,1,1e-06,0.0
1,0.0028336048126220703,1,1,1e-06,0.0
1,0.0036857128143310547,1,1,1e-06,0.0
1,0.06715130805969238,1,1,1e-06,0.0
1,0.00287628173828125,1,1,1e-06,0.0
1,0.005267143249511719,1,1,1e-06,0.0
1,0.037793874740600586,1,1,1e-06,0.0
1,0.004938602447509766,1,1,1e-06,0.0
1,0.009579181671142578,1,1,1e-06,0.0
1,0.0032444000244140625,1,1,1e-06,0.0
1,0.003828763961791992,1,1,1e-06,0.0
1,0.0038604736328125,1,1,1e-06,0.0
1,0.004270315170288086,1,1,1e-06,0.0
1,0.006981372833251953,1,1,1e-06,0.0
1,0.003549337387084961,1,1,1e-06,0.0
1,0.0035963058471679688,1,1,1e-06,0.0
1,0.01974010467529297,1,1,1e-06,0.0
1,0.0033948421478271484,1,1,1e-06,0.0
1,0.02406454086303711,1,1,1e-06,0.0
1,0.005758047103881836,1,1,1e-06,0.0
1,0.014539003372192383,1,1,1e-06,0.0
1,0.002868175506591797,1,1,1e-06,0.0
1,0.003299713134765625,1,1,1e-06,0.0
1,0.003287076950073242,1,1,1e-06,0.0
1,0.003567218780517578,1,1,1e-06,0.0
1,0.0038216114044189453,1,1,1e-06,0.0
1,0.00972747802734375,1,1,1e-06,0.0
1,0.03641200065612793,1,1,1e-06,0.0
1,0.0047855377197265625,1,1,1e-06,0.0
1,0.003238201141357422,1,1,1e-06,0.0
1,0.0044095516204833984,1,1,1e-06,0.0
1,0.006459236145019531,1,1,1e-06,0.0
1,0.025979042053222656,1,1,1e-06,0.0
1,0.014303922653198242,1,1,1e-06,0.0
1,0.006532430648803711,1,1,1e-06,0.0
1,0.00677037239074707,1,1,1e-06,0.0
1,0.0036668777465820312,1,1,1e-06,0.0
1,0.00905466079711914,1,1,1e-06,0.0
1,0.0034279823303222656,1,1,1e-06,0.0
1,0.0028667449951171875,1,1,1e-06,0.0
1,0.0027534961700439453,1,1,1e-06,0.0
1,0.002705812454223633,1,1,1e-06,0.0
1,0.0025186538696289062,1,1,1e-06,0.0
1,0.013708114624023438,1,1,1e-06,0.0
1,0.0024509429931640625,1,1,1e-06,0.0
1,0.004576683044433594,1,1,1e-06,0.0
1,0.002895355224609375,1,1,1e-06,0.0
1,0.028935909271240234,1,1,1e-06,0.0
1,0.0039463043212890625,1,1,1e-06,0.0
1,0.005295276641845703,1,1,1e-06,0.0
1,0.004009723663330078,1,1,1e-06,0.0
1,0.0025644302368164062,1,1,1e-06,0.0
1,0.006643533706665039,1,1,1e-06,0.0
1,0.0033578872680664062,1,1,1e-06,0.0
1,0.021303653717041016,1,1,1e-06,0.0
1,0.0024843215942382812,1,1,1e-06,0.0
1,0.0028281211853027344,1,1,1e-06,0.0
1,0.058916330337524414,1,1,1e-06,0.0
1,0.004849672317504883,1,1,1e-06,0.0
1,0.0034532546997070312,1,1,1e-06,0.0
1,0.019032001495361328,1,1,1e-06,0.0
1,0.004395246505737305,1,1,1e-06,0.0
1,0.0035185813903808594,1,1,1e-06,0.0
1,0.004045724868774414,1,1,1e-06,0.0
1,0.047627925872802734,1,1,1e-06,0.0
1,0.006571531295776367,1,1,1e-06,0.0
1,0.0033135414123535156,1,1,1e-06,0.0
1,0.005235910415649414,1,1,1e-06,0.0
1,0.027985095977783203,1,1,1e-06,0.0
1,0.05234932899475098,1,1,1e-06,0.0
1,0.003947257995605469,1,1,1e-06,0.0
1,0.003922939300537109,1,1,1e-06,0.0
1,0.0034677982330322266,1,1,1e-06,0.0
1,0.0037724971771240234,1,1,1e-06,0.0
1,0.003810405731201172,1,1,1e-06,0.0
1,0.006704568862915039,1,1,1e-06,0.0
1,0.0029840469360351562,1,1,1e-06,0.0
1,0.012109994888305664,1,1,1e-06,0.0
1,0.0050356388092041016,1,1,1e-06,0.0
1,0.002301931381225586,1,1,1e-06,0.0
1,0.0029783248901367188,1,1,1e-06,0.0
1,0.01842498779296875,1,1,1e-06,0.0
1,0.003547191619873047,1,1,1e-06,0.0
1,0.006918430328369141,1,1,1e-06,0.0
1,0.0300443172454834,1,1,1e-06,0.0
1,0.049668312072753906,1,1,1e-06,0.0
1,0.002833127975463867,1,1,1e-06,0.0
1,0.0033750534057617188,1,1,1e-06,0.0
1,0.005234479904174805,1,1,1e-06,0.0
1,0.003389120101928711,1,1,1e-06,0.0
1,0.003086090087890625,1,1,1e-06,0.0
1,0.0031652450561523438,1,1,1e-06,0.0
1,0.014293909072875977,1,1,1e-06,0.0
1,0.012022733688354492,1,1,1e-06,0.0
1,0.027907848358154297,1,1,1e-06,0.0
1,0.029000282287597656,1,1,1e-06,0.0
1,0.0039255619049072266,1,1,1e-06,0.0
1,0.00579833984375,1,1,1e-06,0.0
1,0.009944915771484375,1,1,1e-06,0.0
1,0.006736278533935547,1,1,1e-06,0.0
1,0.003670215606689453,1,1,1e-06,0.0
1,0.020430803298950195,1,1,1e-06,0.0
1,0.013411283493041992,1,1,1e-06,0.0
1,0.006571769714355469,1,1,1e-06,0.0
1,0.0036787986755371094,1,1,1e-06,0.0
1,0.005612611770629883,1,1,1e-06,0.0
1,0.003498554229736328,1,1,1e-06,0.0
1,0.005181074142456055,1,1,1e-06,0.0
1,0.01077580451965332,1,1,1e-06,0.0
1,0.0034301280975341797,1,1,1e-06,0.0
1,0.003313302993774414,1,1,1e-06,0.0
1,0.0056285858154296875,1,1,1e-06,0.0
1,0.004503726959228516,1,1,1e-06,0.0
1,0.02673053741455078,1,1,1e-06,0.0
1,0.003765106201171875,1,1,1e-06,0.0
1,0.033026933670043945,1,1,1e-06,0.0
1,0.0032753944396972656,1,1,1e-06,0.0
1,0.007917165756225586,1,1,1e-06,0.0
1,0.0051422119140625,1,1,1e-06,0.0
1,0.004440784454345703,1,1,1e-06,0.0
1,0.0038595199584960938,1,1,1e-06,0.0
1,0.07653069496154785,1,1,1e-06,0.0
1,0.004717588424682617,1,1,1e-06,0.0
1,0.003362894058227539,1,1,1e-06,0.0
1,0.12755537033081055,1,1,1e-06,0.0
1,0.20763611793518066,1,1,1e-06,0.0
1,0.10667657852172852,1,1,1e-06,0.0
1,0.005630016326904297,1,1,1e-06,0.0
1,0.0034825801849365234,1,1,1e-06,0.0
1,0.004508256912231445,1,1,1e-06,0.0
1,0.003998517990112305,1,1,1e-06,0.0
1,0.13869690895080566,1,1,1e-06,0.0
1,0.034445762634277344,1,1,1e-06,0.0
1,0.028937101364135742,1,1,1e-06,0.0
1,0.008331060409545898,1,1,1e-06,0.0
1,0.006787538528442383,1,1,1e-06,0.0
1,0.11487603187561035,1,1,1e-06,0.0
1,0.46266865730285645,1,1,1e-06,0.0
1,0.003924846649169922,1,1,1e-06,0.0
1,0.00264739990234375,1,1,1e-06,0.0
1,0.05665755271911621,1,1,1e-06,0.0
1,0.0032525062561035156,1,1,1e-06,0.0
1,0.025120973587036133,1,1,1e-06,0.0
1,0.013950347900390625,1,1,1e-06,0.0
1,0.003317117691040039,1,1,1e-06,0.0
1,0.0066258907318115234,1,1,1e-06,0.0
1,0.003149271011352539,1,1,1e-06,0.0
1,0.003899812698364258,1,1,1e-06,0.0
1,0.04027438163757324,1,1,1e-06,0.0
1,0.03457045555114746,1,1,1e-06,0.0
1,0.0032372474670410156,1,1,1e-06,0.0
1,0.007816076278686523,1,1,1e-06,0.0
1,0.0851433277130127,1,1,1e-06,0.0
1,0.0029578208923339844,1,1,1e-06,0.0
1,0.002797365188598633,1,1,1e-06,0.0
1,0.030765771865844727,1,1,1e-06,0.0
1,0.0030007362365722656,1,1,1e-06,0.0
1,0.013463497161865234,1,1,1e-06,0.0
1,0.0034520626068115234,1,1,1e-06,0.0
1,0.004259586334228516,1,1,1e-06,0.0
1,0.016870737075805664,1,1,1e-06,0.0
1,0.0030825138092041016,1,1,1e-06,0.0
1,0.003120899200439453,1,1,1e-06,0.0
1,0.004234790802001953,1,1,1e-06,0.0
1,0.004021167755126953,1,1,1e-06,0.0
1,0.003451108932495117,1,1,1e-06,0.0
1,0.005141258239746094,1,1,1e-06,0.0
1,0.07011961936950684,1,1,1e-06,0.0
1,0.008201122283935547,1,1,1e-06,0.0
1,0.02882862091064453,1,1,1e-06,0.0
1,0.006844520568847656,1,1,1e-06,0.0
1,0.0030972957611083984,1,1,1e-06,0.0
1,0.002915620803833008,1,1,1e-06,0.0
1,0.0027217864990234375,1,1,1e-06,0.0
1,0.003412485122680664,1,1,1e-06,0.0
1,0.003945112228393555,1,1,1e-06,0.0
1,0.03156924247741699,1,1,1e-06,0.0
1,0.002934694290161133,1,1,1e-06,0.0
1,0.0034456253051757812,1,1,1e-06,0.0
1,0.0038003921508789062,1,1,1e-06,0.0
1,0.0050847530364990234,1,1,1e-06,0.0
1,0.004472017288208008,1,1,1e-06,0.0
1,0.0036983489990234375,1,1,1e-06,0.0
1,0.003582477569580078,1,1,1e-06,0.0
1,0.0038373470306396484,1,1,1e-06,0.0
1,0.005295276641845703,1,1,1e-06,0.0
1,0.005213022232055664,1,1,1e-06,0.0
1,0.04816389083862305,1,1,1e-06,0.0
1,0.02130866050720215,1,1,1e-06,0.0
1,0.002771615982055664,1,1,1e-06,0.0
1,0.0028107166290283203,1,1,1e-06,0.0
1,0.026419878005981445,1,1,1e-06,0.0
1,0.0036377906799316406,1,1,1e-06,0.0
1,0.0038177967071533203,1,1,1e-06,0.0
1,0.03802037239074707,1,1,1e-06,0.0
1,0.003751039505004883,1,1,1e-06,0.0
1,0.002638578414916992,1,1,1e-06,0.0
1,0.0047512054443359375,1,1,1e-06,0.0
1,0.002812623977661133,1,1,1e-06,0.0
1,0.0034384727478027344,1,1,1e-06,0.0
1,0.007428407669067383,1,1,1e-06,0.0
1,0.0181884765625,1,1,1e-06,0.0
1,0.0035791397094726562,1,1,1e-06,0.0
1,0.003530740737915039,1,1,1e-06,0.0
1,0.0037000179290771484,1,1,1e-06,0.0
1,0.0032224655151367188,1,1,1e-06,0.0
1,0.0034923553466796875,1,1,1e-06,0.0
1,0.0022842884063720703,1,1,1e-06,0.0
1,0.0022869110107421875,1,1,1e-06,0.0
1,0.0027625560760498047,1,1,1e-06,0.0
1,0.0026810169219970703,1,1,1e-06,0.0
1,0.0032253265380859375,1,1,1e-06,0.0
1,0.004934787750244141,1,1,1e-06,0.0
1,0.007002830505371094,1,1,1e-06,0.0
1,0.0027768611907958984,1,1,1e-06,0.0
1,0.00420689582824707,1,1,1e-06,0.0
1,0.002723217010498047,1,1,1e-06,0.0
1,0.038185834884643555,1,1,1e-06,0.0
1,0.004204750061035156,1,1,1e-06,0.0
1,0.003622293472290039,1,1,1e-06,0.0
1,0.003719329833984375,1,1,1e-06,0.0
1,0.010541439056396484,1,1,1e-06,0.0
1,0.005067586898803711,1,1,1e-06,0.0
1,0.02426433563232422,1,1,1e-06,0.0
1,0.004557609558105469,1,1,1e-06,0.0
1,0.03803205490112305,1,1,1e-06,0.0
1,0.003045320510864258,1,1,1e-06,0.0
1,0.005799055099487305,1,1,1e-06,0.0
1,0.011404037475585938,1,1,1e-06,0.0
1,0.0038902759552001953,1,1,1e-06,0.0
1,0.003500699996948242,1,1,1e-06,0.0
1,0.022878646850585938,1,1,1e-06,0.0
1,0.005202770233154297,1,1,1e-06,0.0
1,0.00336456298828125,1,1,1e-06,0.0
1,0.0033864974975585938,1,1,1e-06,0.0
1,0.010053634643554688,1,1,1e-06,0.0
1,0.07804989814758301,1,1,1e-06,0.0
1,0.003506898880004883,1,1,1e-06,0.0
1,0.021913766860961914,1,1,1e-06,0.0
1,0.002559661865234375,1,1,1e-06,0.0
1,0.0025076866149902344,1,1,1e-06,0.0
1,0.0035834312438964844,1,1,1e-06,0.0
1,0.002840280532836914,1,1,1e-06,0.0
1,0.02917027473449707,1,1,1e-06,0.0
1,0.0057218074798583984,1,1,1e-06,0.0
1,0.003162384033203125,1,1,1e-06,0.0
1,0.007901668548583984,1,1,1e-06,0.0
1,0.004435539245605469,1,1,1e-06,0.0
1,0.07622981071472168,1,1,1e-06,0.0
1,0.004850625991821289,1,1,1e-06,0.0
1,0.0034978389739990234,1,1,1e-06,0.0
1,0.0035588741302490234,1,1,1e-06,0.0
1,0.002626180648803711,1,1,1e-06,0.0
1,0.0029265880584716797,1,1,1e-06,0.0
1,0.003110647201538086,1,1,1e-06,0.0
1,0.0028662681579589844,1,1,1e-06,0.0
1,0.005408525466918945,1,1,1e-06,0.0
1,0.003179311752319336,1,1,1e-06,0.0
1,0.004701852798461914,1,1,1e-06,0.0
1,0.021155595779418945,1,1,1e-06,0.0
1,0.0028018951416015625,1,1,1e-06,0.0
1,0.004119157791137695,1,1,1e-06,0.0
1,0.015153646469116211,1,1,1e-06,0.0
1,0.014431476593017578,1,1,1e-06,0.0
1,0.0038449764251708984,1,1,1e-06,0.0
1,0.022144794464111328,1,1,1e-06,0.0
1,0.026832103729248047,1,1,1e-06,0.0
1,0.008290290832519531,1,1,1e-06,0.0
1,0.0031015872955322266,1,1,1e-06,0.0
1,0.0031981468200683594,1,1,1e-06,0.0
1,0.018190622329711914,1,1,1e-06,0.0
1,0.016117334365844727,1,1,1e-06,0.0
1,0.0039141178131103516,1,1,1e-06,0.0
1,0.002572774887084961,1,1,1e-06,0.0
1,0.015523910522460938,1,1,1e-06,0.0
1,0.005070924758911133,1,1,1e-06,0.0
1,0.0032231807708740234,1,1,1e-06,0.0
1,0.003036022186279297,1,1,1e-06,0.0
1,0.02459883689880371,1,1,1e-06,0.0
1,0.0029709339141845703,1,1,1e-06,0.0
1,0.0028684139251708984,1,1,1e-06,0.0
1,0.003092527389526367,1,1,1e-06,0.0
1,0.0028765201568603516,1,1,1e-06,0.0
1,0.0039272308349609375,1,1,1e-06,0.0
1,0.004656553268432617,1,1,1e-06,0.0
1,0.020372867584228516,1,1,1e-06,0.0
1,0.003549814224243164,1,1,1e-06,0.0
1,0.026650190353393555,1,1,1e-06,0.0
1,0.015402078628540039,1,1,1e-06,0.0
1,0.005204916000366211,1,1,1e-06,0.0
1,0.0030603408813476562,1,1,1e-06,0.0
1,0.051309823989868164,1,1,1e-06,0.0
1,0.011249303817749023,1,1,1e-06,0.0
1,0.002987384796142578,1,1,1e-06,0.0
1,0.007264137268066406,1,1,1e-06,0.0
1,0.004136800765991211,1,1,1e-06,0.0
1,0.005074501037597656,1,1,1e-06,0.0
1,0.003293275833129883,1,1,1e-06,0.0
1,0.0032057762145996094,1,1,1e-06,0.0
1,0.003877401351928711,1,1,1e-06,0.0
1,0.0042302608489990234,1,1,1e-06,0.0
1,0.0034608840942382812,1,1,1e-06,0.0
1,0.057372093200683594,1,1,1e-06,0.0
1,0.006337642669677734,1,1,1e-06,0.0
1,0.022478342056274414,1,1,1e-06,0.0
1,0.0026216506958007812,1,1,1e-06,0.0
1,0.002482175827026367,1,1,1e-06,0.0
1,0.0034673213958740234,1,1,1e-06,0.0
1,0.0035359859466552734,1,1,1e-06,0.0
1,0.005438566207885742,1,1,1e-06,0.0
1,0.0033111572265625,1,1,1e-06,0.0
1,0.0036058425903320312,1,1,1e-06,0.0
1,0.003161907196044922,1,1,1e-06,0.0
1,0.0040569305419921875,1,1,1e-06,0.0
1,0.0025281906127929688,1,1,1e-06,0.0
1,0.0025064945220947266,1,1,1e-06,0.0
1,0.026023149490356445,1,1,1e-06,0.0
1,0.004075288772583008,1,1,1e-06,0.0
1,0.0030515193939208984,1,1,1e-06,0.0
1,0.0028862953186035156,1,1,1e-06,0.0
1,0.004965066909790039,1,1,1e-06,0.0
1,0.008344888687133789,1,1,1e-06,0.0
1,0.0035598278045654297,1,1,1e-06,0.0
1,0.0032858848571777344,1,1,1e-06,0.0
1,0.003991603851318359,1,1,1e-06,0.0
1,0.0033006668090820312,1,1,1e-06,0.0
1,0.0053594112396240234,1,1,1e-06,0.0
1,0.003317117691040039,1,1,1e-06,0.0
1,0.003475189208984375,1,1,1e-06,0.0
1,0.03097367286682129,1,1,1e-06,0.0
1,0.03719449043273926,1,1,1e-06,0.0
1,0.0030570030212402344,1,1,1e-06,0.0
1,0.0033991336822509766,1,1,1e-06,0.0
1,0.003620147705078125,1,1,1e-06,0.0
1,0.027817249298095703,1,1,1e-06,0.0
1,0.003136873245239258,1,1,1e-06,0.0
1,0.003330707550048828,1,1,1e-06,0.0
1,0.002416849136352539,1,1,1e-06,0.0
1,0.002838134765625,1,1,1e-06,0.0
1,0.013730764389038086,1,1,1e-06,0.0
1,0.003164529800415039,1,1,1e-06,0.0
1,0.006654500961303711,1,1,1e-06,0.0
1,0.002996206283569336,1,1,1e-06,0.0
1,0.002765655517578125,1,1,1e-06,0.0
1,0.01306605339050293,1,1,1e-06,0.0
1,0.009668111801147461,1,1,1e-06,0.0
1,0.003965616226196289,1,1,1e-06,0.0
1,0.004282712936401367,1,1,1e-06,0.0
1,0.0037009716033935547,1,1,1e-06,0.0
1,0.006120920181274414,1,1,1e-06,0.0
1,0.0029058456420898438,1,1,1e-06,0.0
1,0.0027468204498291016,1,1,1e-06,0.0
1,0.0035905838012695312,1,1,1e-06,0.0
1,0.004970550537109375,1,1,1e-06,0.0
1,0.0024280548095703125,1,1,1e-06,0.0
1,0.002820730209350586,1,1,1e-06,0.0
1,0.003318309783935547,1,1,1e-06,0.0
1,0.003637075424194336,1,1,1e-06,0.0
1,0.019478559494018555,1,1,1e-06,0.0
1,0.0038938522338867188,1,1,1e-06,0.0
1,0.0036606788635253906,1,1,1e-06,0.0
1,0.003228902816772461,1,1,1e-06,0.0
1,0.004041194915771484,1,1,1e-06,0.0
1,0.003943920135498047,1,1,1e-06,0.0
1,0.003186941146850586,1,1,1e-06,0.0
1,0.0025696754455566406,1,1,1e-06,0.0
1,0.002493143081665039,1,1,1e-06,0.0
1,0.00417780876159668,1,1,1e-06,0.0
1,0.21208572387695312,1,1,1e-06,0.0
1,0.0044100284576416016,1,1,1e-06,0.0
1,0.007834911346435547,1,1,1e-06,0.0
1,0.0051975250244140625,1,1,1e-06,0.0
1,0.005971670150756836,1,1,1e-06,0.0
1,0.01739954948425293,1,1,1e-06,0.0
1,0.0029175281524658203,1,1,1e-06,0.0
1,0.0034635066986083984,1,1,1e-06,0.0
1,0.00414276123046875,1,1,1e-06,0.0
1,0.0034983158111572266,1,1,1e-06,0.0
1,0.003679513931274414,1,1,1e-06,0.0
1,0.04213404655456543,1,1,1e-06,0.0
1,0.0037915706634521484,1,1,1e-06,0.0
1,0.004072427749633789,1,1,1e-06,0.0
1,0.007089138031005859,1,1,1e-06,0.0
1,0.003210783004760742,1,1,1e-06,0.0
1,0.004235029220581055,1,1,1e-06,0.0
1,0.0037927627563476562,1,1,1e-06,0.0
1,0.005609750747680664,1,1,1e-06,0.0
1,0.016844511032104492,1,1,1e-06,0.0
1,0.029363155364990234,1,1,1e-06,0.0
1,0.007886886596679688,1,1,1e-06,0.0
1,0.0048749446868896484,1,1,1e-06,0.0
1,0.03556227684020996,1,1,1e-06,0.0
1,0.0031478404998779297,1,1,1e-06,0.0
1,0.0035614967346191406,1,1,1e-06,0.0
1,0.0030448436737060547,1,1,1e-06,0.0
1,0.0038111209869384766,1,1,1e-06,0.0
1,0.005085945129394531,1,1,1e-06,0.0
1,0.004282474517822266,1,1,1e-06,0.0
1,0.003977298736572266,1,1,1e-06,0.0
1,0.0062444210052490234,1,1,1e-06,0.0
1,0.0043294429779052734,1,1,1e-06,0.0
1,0.0037832260131835938,1,1,1e-06,0.0
1,0.003633737564086914,1,1,1e-06,0.0
1,0.002529144287109375,1,1,1e-06,0.0
1,0.005415678024291992,1,1,1e-06,0.0
1,0.004557371139526367,1,1,1e-06,0.0
1,0.003806591033935547,1,1,1e-06,0.0
1,0.027832746505737305,1,1,1e-06,0.0
1,0.002554178237915039,1,1,1e-06,0.0
1,0.0036962032318115234,1,1,1e-06,0.0
1,0.009185552597045898,1,1,1e-06,0.0
1,0.0027637481689453125,1,1,1e-06,0.0
1,0.0023276805877685547,1,1,1e-06,0.0
1,0.0028853416442871094,1,1,1e-06,0.0
1,0.0053501129150390625,1,1,1e-06,0.0
1,0.003198862075805664,1,1,1e-06,0.0
1,0.028095722198486328,1,1,1e-06,0.0
1,0.0026950836181640625,1,1,1e-06,0.0
1,0.002650022506713867,1,1,1e-06,0.0
1,0.002371072769165039,1,1,1e-06,0.0
1,0.006090402603149414,1,1,1e-06,0.0
1,0.0036246776580810547,1,1,1e-06,0.0
1,0.08328104019165039,1,1,1e-06,0.0
1,0.010710716247558594,1,1,1e-06,0.0
1,0.003330707550048828,1,1,1e-06,0.0
1,0.006129264831542969,1,1,1e-06,0.0
1,0.002487659454345703,1,1,1e-06,0.0
1,0.0036389827728271484,1,1,1e-06,0.0
1,0.017424821853637695,1,1,1e-06,0.0
1,0.006099224090576172,1,1,1e-06,0.0
1,0.004378557205200195,1,1,1e-06,0.0
1,0.00310516357421875,1,1,1e-06,0.0
1,0.002568483352661133,1,1,1e-06,0.0
1,0.0038194656372070312,1,1,1e-06,0.0
1,0.003297567367553711,1,1,1e-06,0.0
1,0.004744052886962891,1,1,1e-06,0.0
1,0.004375934600830078,1,1,1e-06,0.0
1,0.004801273345947266,1,1,1e-06,0.0
1,0.0034859180450439453,1,1,1e-06,0.0
1,0.003165721893310547,1,1,1e-06,0.0
1,0.007042884826660156,1,1,1e-06,0.0
1,0.013059377670288086,1,1,1e-06,0.0
1,0.02710747718811035,1,1,1e-06,0.0
1,0.04727911949157715,1,1,1e-06,0.0
1,0.00310516357421875,1,1,1e-06,0.0
1,0.03679227828979492,1,1,1e-06,0.0
1,0.0028901100158691406,1,1,1e-06,0.0
1,0.003052234649658203,1,1,1e-06,0.0
1,0.007372140884399414,1,1,1e-06,0.0
1,0.004685878753662109,1,1,1e-06,0.0
1,0.0031838417053222656,1,1,1e-06,0.0
1,0.010575056076049805,1,1,1e-06,0.0
1,0.00328826904296875,1,1,1e-06,0.0
1,0.007184743881225586,1,1,1e-06,0.0
1,0.006989955902099609,1,1,1e-06,0.0
1,0.003380298614501953,1,1,1e-06,0.0
1,0.0031888484954833984,1,1,1e-06,0.0
1,0.004971027374267578,1,1,1e-06,0.0
1,0.003795623779296875,1,1,1e-06,0.0
1,0.10700488090515137,1,1,1e-06,0.0
1,0.003996610641479492,1,1,1e-06,0.0
1,0.0036461353302001953,1,1,1e-06,0.0
1,0.23953819274902344,1,1,1e-06,0.0
1,0.00455021858215332,1,1,1e-06,0.0
1,0.0032727718353271484,1,1,1e-06,0.0
1,0.005145549774169922,1,1,1e-06,0.0
1,0.011337757110595703,1,1,1e-06,0.0
1,0.010694742202758789,1,1,1e-06,0.0
1,0.026065587997436523,1,1,1e-06,0.0
1,0.0035810470581054688,1,1,1e-06,0.0
1,0.0044820308685302734,1,1,1e-06,0.0
1,0.007767438888549805,1,1,1e-06,0.0
1,0.03371095657348633,1,1,1e-06,0.0
1,0.004937171936035156,1,1,1e-06,0.0
1,0.003751516342163086,1,1,1e-06,0.0
1,0.024956226348876953,1,1,1e-06,0.0
1,0.002959728240966797,1,1,1e-06,0.0
1,0.0035195350646972656,1,1,1e-06,0.0
1,0.005423069000244141,1,1,1e-06,0.0
1,0.0031905174255371094,1,1,1e-06,0.0
1,0.007775306701660156,1,1,1e-06,0.0
1,0.003154754638671875,1,1,1e-06,0.0
1,0.043501853942871094,1,1,1e-06,0.0
1,0.003137350082397461,1,1,1e-06,0.0
1,0.00407862663269043,1,1,1e-06,0.0
1,0.0033555030822753906,1,1,1e-06,0.0
1,0.03476858139038086,1,1,1e-06,0.0
1,0.003648996353149414,1,1,1e-06,0.0
1,0.060502052307128906,1,1,1e-06,0.0
1,0.004929065704345703,1,1,1e-06,0.0
1,0.004538774490356445,1,1,1e-06,0.0
1,0.0025589466094970703,1,1,1e-06,0.0
1,0.0026547908782958984,1,1,1e-06,0.0
1,0.022423267364501953,1,1,1e-06,0.0
1,0.4188716411590576,1,1,1e-06,0.0
1,0.0044367313385009766,1,1,1e-06,0.0
1,0.012089729309082031,1,1,1e-06,0.0
1,0.004411220550537109,1,1,1e-06,0.0
1,0.08454251289367676,1,1,1e-06,0.0
1,0.011370658874511719,1,1,1e-06,0.0
1,0.0033745765686035156,1,1,1e-06,0.0
1,0.0029489994049072266,1,1,1e-06,0.0
1,0.06813406944274902,1,1,1e-06,0.0
1,0.004236459732055664,1,1,1e-06,0.0
1,0.0032320022583007812,1,1,1e-06,0.0
1,0.013275384902954102,1,1,1e-06,0.0
1,0.030085325241088867,1,1,1e-06,0.0
1,0.011987447738647461,1,1,1e-06,0.0
1,0.009006500244140625,1,1,1e-06,0.0
1,0.037802696228027344,1,1,1e-06,0.0
1,0.008128643035888672,1,1,1e-06,0.0
1,0.0054738521575927734,1,1,1e-06,0.0
1,0.029029130935668945,1,1,1e-06,0.0
1,0.005308866500854492,1,1,1e-06,0.0
1,0.005532503128051758,1,1,1e-06,0.0
1,0.004633426666259766,1,1,1e-06,0.0
1,0.007794380187988281,1,1,1e-06,0.0
1,0.007201433181762695,1,1,1e-06,0.0
1,0.00538945198059082,1,1,1e-06,0.0
1,0.003320932388305664,1,1,1e-06,0.0
1,0.027453184127807617,1,1,1e-06,0.0
1,0.002806425094604492,1,1,1e-06,0.0
1,0.0042591094970703125,1,1,1e-06,0.0
1,0.004267215728759766,1,1,1e-06,0.0
1,0.0036818981170654297,1,1,1e-06,0.0
1,0.0046274662017822266,1,1,1e-06,0.0
1,0.015191078186035156,1,1,1e-06,0.0
1,0.0038089752197265625,1,1,1e-06,0.0
1,0.003390789031982422,1,1,1e-06,0.0
1,0.0038492679595947266,1,1,1e-06,0.0
1,0.003136157989501953,1,1,1e-06,0.0
1,0.0034973621368408203,1,1,1e-06,0.0
1,0.009944677352905273,1,1,1e-06,0.0
1,0.006134986877441406,1,1,1e-06,0.0
1,0.0035028457641601562,1,1,1e-06,0.0
1,0.004835605621337891,1,1,1e-06,0.0
1,0.012591361999511719,1,1,1e-06,0.0
1,0.003568887710571289,1,1,1e-06,0.0
1,0.003738880157470703,1,1,1e-06,0.0
1,0.006485939025878906,1,1,1e-06,0.0
1,0.0033698081970214844,1,1,1e-06,0.0
1,0.0035245418548583984,1,1,1e-06,0.0
1,0.005127668380737305,1,1,1e-06,0.0
1,0.010761499404907227,1,1,1e-06,0.0
1,0.0039060115814208984,1,1,1e-06,0.0
1,0.005041599273681641,1,1,1e-06,0.0
1,0.004418134689331055,1,1,1e-06,0.0
1,0.004215717315673828,1,1,1e-06,0.0
1,0.08508849143981934,1,1,1e-06,0.0
1,0.0049703121185302734,1,1,1e-06,0.0
1,0.009253263473510742,1,1,1e-06,0.0
1,0.0039441585540771484,1,1,1e-06,0.0
1,0.005669593811035156,1,1,1e-06,0.0
1,0.004656553268432617,1,1,1e-06,0.0
1,0.0036857128143310547,1,1,1e-06,0.0
1,0.0038864612579345703,1,1,1e-06,0.0
1,0.0032024383544921875,1,1,1e-06,0.0
1,0.0028374195098876953,1,1,1e-06,0.0
1,0.004270076751708984,1,1,1e-06,0.0
1,0.12728261947631836,1,1,1e-06,0.0
1,0.00423741340637207,1,1,1e-06,0.0
1,0.0040340423583984375,1,1,1e-06,0.0
1,0.13202857971191406,1,1,1e-06,0.0
1,0.01148223876953125,1,1,1e-06,0.0
1,0.007196664810180664,1,1,1e-06,0.0
1,0.15367388725280762,1,1,1e-06,0.0
1,0.007828950881958008,1,1,1e-06,0.0
1,0.12578678131103516,1,1,1e-06,0.0
1,0.016775846481323242,1,1,1e-06,0.0
1,0.05665278434753418,1,1,1e-06,0.0
1,0.005962371826171875,1,1,1e-06,0.0
1,0.015945911407470703,1,1,1e-06,0.0
1,0.0027348995208740234,1,1,1e-06,0.0
1,0.0030264854431152344,1,1,1e-06,0.0
1,0.0035958290100097656,1,1,1e-06,0.0
1,0.025818586349487305,1,1,1e-06,0.0
1,0.0036606788635253906,1,1,1e-06,0.0
1,0.005161762237548828,1,1,1e-06,0.0
1,0.021660327911376953,1,1,1e-06,0.0
1,0.049227237701416016,1,1,1e-06,0.0
1,0.004237651824951172,1,1,1e-06,0.0
1,0.004431009292602539,1,1,1e-06,0.0
1,0.0040547847747802734,1,1,1e-06,0.0
1,0.0031003952026367188,1,1,1e-06,0.0
1,0.005030155181884766,1,1,1e-06,0.0
1,0.004334688186645508,1,1,1e-06,0.0
1,0.0053102970123291016,1,1,1e-06,0.0
1,0.02965569496154785,1,1,1e-06,0.0
1,0.014412164688110352,1,1,1e-06,0.0
1,0.0076961517333984375,1,1,1e-06,0.0
1,0.012787342071533203,1,1,1e-06,0.0
1,0.007517099380493164,1,1,1e-06,0.0
1,0.008445978164672852,1,1,1e-06,0.0
1,0.004512786865234375,1,1,1e-06,0.0
1,0.03607916831970215,1,1,1e-06,0.0
1,0.003876209259033203,1,1,1e-06,0.0
1,0.0039522647857666016,1,1,1e-06,0.0
1,0.003715991973876953,1,1,1e-06,0.0
1,0.05271553993225098,1,1,1e-06,0.0
1,0.002265453338623047,1,1,1e-06,0.0
1,0.00478363037109375,1,1,1e-06,0.0
1,0.0037724971771240234,1,1,1e-06,0.0
1,0.005905628204345703,1,1,1e-06,0.0
1,0.0032041072845458984,1,1,1e-06,0.0
1,0.004199028015136719,1,1,1e-06,0.0
1,0.004481792449951172,1,1,1e-06,0.0
1,0.007095813751220703,1,1,1e-06,0.0
1,0.0057163238525390625,1,1,1e-06,0.0
1,0.0040187835693359375,1,1,1e-06,0.0
1,0.0030777454376220703,1,1,1e-06,0.0
1,0.008837699890136719,1,1,1e-06,0.0
1,0.019665956497192383,1,1,1e-06,0.0
1,0.009541034698486328,1,1,1e-06,0.0
1,0.008177042007446289,1,1,1e-06,0.0
1,0.003862142562866211,1,1,1e-06,0.0
1,0.00362396240234375,1,1,1e-06,0.0
1,0.09350228309631348,1,1,1e-06,0.0
1,0.0032279491424560547,1,1,1e-06,0.0
1,0.0049097537994384766,1,1,1e-06,0.0
1,0.003010272979736328,1,1,1e-06,0.0
1,0.003727436065673828,1,1,1e-06,0.0
1,0.003697633743286133,1,1,1e-06,0.0
1,0.003735780715942383,1,1,1e-06,0.0
1,0.018776893615722656,1,1,1e-06,0.0
1,0.006016731262207031,1,1,1e-06,0.0
1,0.018349885940551758,1,1,1e-06,0.0
1,0.005426645278930664,1,1,1e-06,0.0
1,0.08031773567199707,1,1,1e-06,0.0
1,0.0019085407257080078,1,1,1e-06,0.0
1,0.0029249191284179688,1,1,1e-06,0.0
1,0.002572774887084961,1,1,1e-06,0.0
1,0.002323627471923828,1,1,1e-06,0.0
1,0.07665538787841797,1,1,1e-06,0.0
1,0.0028188228607177734,1,1,1e-06,0.0
1,0.10052919387817383,1,1,1e-06,0.0
1,0.002382993698120117,1,1,1e-06,0.0
1,0.0044727325439453125,1,1,1e-06,0.0
1,0.002674579620361328,1,1,1e-06,0.0
1,0.015780925750732422,1,1,1e-06,0.0
1,0.0022156238555908203,1,1,1e-06,0.0
1,0.002679586410522461,1,1,1e-06,0.0
1,0.10901260375976562,1,1,1e-06,0.0
1,0.0026314258575439453,1,1,1e-06,0.0
1,0.004675626754760742,1,1,1e-06,0.0
1,0.0021543502807617188,1,1,1e-06,0.0
1,0.03508567810058594,1,1,1e-06,0.0
1,0.0042459964752197266,1,1,1e-06,0.0
1,0.0022308826446533203,1,1,1e-06,0.0
1,0.0029871463775634766,1,1,1e-06,0.0
1,0.002948284149169922,1,1,1e-06,0.0
1,0.1299607753753662,1,1,1e-06,0.0
1,0.002246856689453125,1,1,1e-06,0.0
1,0.013715267181396484,1,1,1e-06,0.0
1,0.003789186477661133,1,1,1e-06,0.0
1,0.011667728424072266,1,1,1e-06,0.0
1,0.004868030548095703,1,1,1e-06,0.0
1,0.0024805068969726562,1,1,1e-06,0.0
1,0.0021903514862060547,1,1,1e-06,0.0
1,0.0021910667419433594,1,1,1e-06,0.0
1,0.0022368431091308594,1,1,1e-06,0.0
1,0.0019867420196533203,1,1,1e-06,0.0
1,0.001852273941040039,1,1,1e-06,0.0
1,0.003984928131103516,1,1,1e-06,0.0
1,0.0023708343505859375,1,1,1e-06,0.0
1,0.003768444061279297,1,1,1e-06,0.0
1,0.011151552200317383,1,1,1e-06,0.0
1,0.002309560775756836,1,1,1e-06,0.0
1,0.004372596740722656,1,1,1e-06,0.0
1,0.0023479461669921875,1,1,1e-06,0.0
1,0.0031282901763916016,1,1,1e-06,0.0
1,0.002094268798828125,1,1,1e-06,0.0
1,0.0022432804107666016,1,1,1e-06,0.0
1,0.0021600723266601562,1,1,1e-06,0.0
1,0.0020613670349121094,1,1,1e-06,0.0
1,0.0019154548645019531,1,1,1e-06,0.0
1,0.00203704833984375,1,1,1e-06,0.0
1,0.0021440982818603516,1,1,1e-06,0.0
1,0.0019426345825195312,1,1,1e-06,0.0
1,0.001986980438232422,1,1,1e-06,0.0
1,0.002339601516723633,1,1,1e-06,0.0
1,0.030309200286865234,1,1,1e-06,0.0
1,0.0068476200103759766,1,1,1e-06,0.0
1,0.021578073501586914,1,1,1e-06,0.0
1,0.0017976760864257812,1,1,1e-06,0.0
1,0.01165461540222168,1,1,1e-06,0.0
1,0.0020804405212402344,1,1,1e-06,0.0
1,0.004560708999633789,1,1,1e-06,0.0
1,0.0042209625244140625,1,1,1e-06,0.0
1,0.009150266647338867,1,1,1e-06,0.0
1,0.0019533634185791016,1,1,1e-06,0.0
1,0.001965045928955078,1,1,1e-06,0.0
1,0.0017981529235839844,1,1,1e-06,0.0
1,0.0024406909942626953,1,1,1e-06,0.0
1,0.028538227081298828,1,1,1e-06,0.0
1,0.002133607864379883,1,1,1e-06,0.0
1,0.002305746078491211,1,1,1e-06,0.0
1,0.002214193344116211,1,1,1e-06,0.0
1,0.002044200897216797,1,1,1e-06,0.0
1,0.015948057174682617,1,1,1e-06,0.0
1,0.0019397735595703125,1,1,1e-06,0.0
1,0.053209543228149414,1,1,1e-06,0.0
1,0.007623195648193359,1,1,1e-06,0.0
1,0.0031325817108154297,1,1,1e-06,0.0
1,0.027289867401123047,1,1,1e-06,0.0
1,0.003882884979248047,1,1,1e-06,0.0
1,0.0025696754455566406,1,1,1e-06,0.0
1,0.01569962501525879,1,1,1e-06,0.0
1,0.0024213790893554688,1,1,1e-06,0.0
1,0.0029087066650390625,1,1,1e-06,0.0
1,0.002585172653198242,1,1,1e-06,0.0
1,0.04781317710876465,1,1,1e-06,0.0
1,0.0034995079040527344,1,1,1e-06,0.0
1,0.0036263465881347656,1,1,1e-06,0.0
1,0.027891874313354492,1,1,1e-06,0.0
1,0.0027222633361816406,1,1,1e-06,0.0
1,0.0035254955291748047,1,1,1e-06,0.0
1,0.059325456619262695,1,1,1e-06,0.0
1,0.0036237239837646484,1,1,1e-06,0.0
1,0.005312204360961914,1,1,1e-06,0.0
1,0.003600597381591797,1,1,1e-06,0.0
1,0.006563663482666016,1,1,1e-06,0.0
1,0.0036978721618652344,1,1,1e-06,0.0
1,0.012018680572509766,1,1,1e-06,0.0
1,0.004868745803833008,1,1,1e-06,0.0
1,0.004652261734008789,1,1,1e-06,0.0
1,0.0022618770599365234,1,1,1e-06,0.0
1,0.002652406692504883,1,1,1e-06,0.0
1,0.05704450607299805,1,1,1e-06,0.0
1,0.024916887283325195,1,1,1e-06,0.0
1,0.012758731842041016,1,1,1e-06,0.0
1,0.0036606788635253906,1,1,1e-06,0.0
1,0.04946017265319824,1,1,1e-06,0.0
1,0.013087272644042969,1,1,1e-06,0.0
1,0.005335092544555664,1,1,1e-06,0.0
1,0.0035600662231445312,1,1,1e-06,0.0
1,0.022886037826538086,1,1,1e-06,0.0
1,0.004862308502197266,1,1,1e-06,0.0
1,0.004101276397705078,1,1,1e-06,0.0
1,0.00431370735168457,1,1,1e-06,0.0
1,0.003364086151123047,1,1,1e-06,0.0
1,0.003060579299926758,1,1,1e-06,0.0
1,0.003133058547973633,1,1,1e-06,0.0
1,0.06958460807800293,1,1,1e-06,0.0
1,0.0025718212127685547,1,1,1e-06,0.0
1,0.0037055015563964844,1,1,1e-06,0.0
1,0.0029397010803222656,1,1,1e-06,0.0
1,0.003631114959716797,1,1,1e-06,0.0
1,0.01462411880493164,1,1,1e-06,0.0
1,0.004943132400512695,1,1,1e-06,0.0
1,0.0068585872650146484,1,1,1e-06,0.0
1,0.0051310062408447266,1,1,1e-06,0.0
1,0.0032529830932617188,1,1,1e-06,0.0
1,0.025513648986816406,1,1,1e-06,0.0
1,0.0026175975799560547,1,1,1e-06,0.0
1,0.002757549285888672,1,1,1e-06,0.0
1,0.002620697021484375,1,1,1e-06,0.0
1,0.0198056697845459,1,1,1e-06,0.0
1,0.018280029296875,1,1,1e-06,0.0
1,0.004067182540893555,1,1,1e-06,0.0
1,0.002781391143798828,1,1,1e-06,0.0
1,0.002603292465209961,1,1,1e-06,0.0
1,0.002336263656616211,1,1,1e-06,0.0
1,0.02219414710998535,1,1,1e-06,0.0
1,0.002431154251098633,1,1,1e-06,0.0
1,0.003534555435180664,1,1,1e-06,0.0
1,0.0028357505798339844,1,1,1e-06,0.0
1,0.002531766891479492,1,1,1e-06,0.0
1,0.007735252380371094,1,1,1e-06,0.0
1,0.0035097599029541016,1,1,1e-06,0.0
1,0.0056209564208984375,1,1,1e-06,0.0
1,0.023196697235107422,1,1,1e-06,0.0
1,0.05787181854248047,1,1,1e-06,0.0
1,0.003205537796020508,1,1,1e-06,0.0
1,0.009374856948852539,1,1,1e-06,0.0
1,0.010765314102172852,1,1,1e-06,0.0
1,0.2613818645477295,1,1,1e-06,0.0
1,0.010780096054077148,1,1,1e-06,0.0
1,0.06275820732116699,1,1,1e-06,0.0
1,0.0182497501373291,1,1,1e-06,0.0
1,0.011101961135864258,1,1,1e-06,0.0
1,0.013982772827148438,1,1,1e-06,0.0
1,0.01802992820739746,1,1,1e-06,0.0
1,0.025836706161499023,1,1,1e-06,0.0
1,0.03979992866516113,1,1,1e-06,0.0
1,0.01430654525756836,1,1,1e-06,0.0
1,0.03809165954589844,1,1,1e-06,0.0
1,0.015308141708374023,1,1,1e-06,0.0
1,0.012238740921020508,1,1,1e-06,0.0
1,0.00911855697631836,1,1,1e-06,0.0
1,0.022543668746948242,1,1,1e-06,0.0
1,0.026781797409057617,1,1,1e-06,0.0
1,0.02030801773071289,1,1,1e-06,0.0
1,0.016399145126342773,1,1,1e-06,0.0
1,0.17278361320495605,1,1,1e-06,0.0
1,0.009138107299804688,1,1,1e-06,0.0
1,0.14855432510375977,1,1,1e-06,0.0
1,0.010904073715209961,1,1,1e-06,0.0
1,0.008682489395141602,1,1,1e-06,0.0
1,0.006150007247924805,1,1,1e-06,0.0
1,0.008736371994018555,1,1,1e-06,0.0
1,0.007352113723754883,1,1,1e-06,0.0
1,0.009369373321533203,1,1,1e-06,0.0
1,0.01212000846862793,1,1,1e-06,0.0
1,0.04939389228820801,1,1,1e-06,0.0
1,0.00672459602355957,1,1,1e-06,0.0
1,0.09506797790527344,1,1,1e-06,0.0
1,0.008681058883666992,1,1,1e-06,0.0
1,0.010029077529907227,1,1,1e-06,0.0
1,0.00665593147277832,1,1,1e-06,0.0
1,0.02246713638305664,1,1,1e-06,0.0
1,0.00872182846069336,1,1,1e-06,0.0
1,0.010266542434692383,1,1,1e-06,0.0
1,0.008761167526245117,1,1,1e-06,0.0
1,0.00930476188659668,1,1,1e-06,0.0
1,0.01418614387512207,1,1,1e-06,0.0
1,0.008145332336425781,1,1,1e-06,0.0
1,0.008430957794189453,1,1,1e-06,0.0
1,0.012008905410766602,1,1,1e-06,0.0
1,0.00610804557800293,1,1,1e-06,0.0
1,0.007045745849609375,1,1,1e-06,0.0
1,0.08895635604858398,1,1,1e-06,0.0
1,0.00701141357421875,1,1,1e-06,0.0
1,0.0710139274597168,1,1,1e-06,0.0
1,0.011879682540893555,1,1,1e-06,0.0
1,0.010782241821289062,1,1,1e-06,0.0
1,0.013499259948730469,1,1,1e-06,0.0
1,0.13846755027770996,1,1,1e-06,0.0
1,0.006396055221557617,1,1,1e-06,0.0
1,0.009725093841552734,1,1,1e-06,0.0
1,0.01330423355102539,1,1,1e-06,0.0
1,0.010947942733764648,1,1,1e-06,0.0
1,0.010995149612426758,1,1,1e-06,0.0
1,0.00661158561706543,1,1,1e-06,0.0
1,0.046559810638427734,1,1,1e-06,0.0
1,0.006449699401855469,1,1,1e-06,0.0
1,0.00635528564453125,1,1,1e-06,0.0
1,0.00966501235961914,1,1,1e-06,0.0
1,0.011915922164916992,1,1,1e-06,0.0
1,0.011776447296142578,1,1,1e-06,0.0
1,0.02393651008605957,1,1,1e-06,0.0
1,0.008455276489257812,1,1,1e-06,0.0
1,0.017007827758789062,1,1,1e-06,0.0
1,0.05300402641296387,1,1,1e-06,0.0
1,0.00988149642944336,1,1,1e-06,0.0
1,0.05590248107910156,1,1,1e-06,0.0
1,0.0227658748626709,1,1,1e-06,0.0
1,0.005407094955444336,1,1,1e-06,0.0
1,0.35474538803100586,1,1,1e-06,0.0
1,0.004323244094848633,1,1,1e-06,0.0
1,0.04006385803222656,1,1,1e-06,0.0
1,0.02905893325805664,1,1,1e-06,0.0
1,0.008521318435668945,1,1,1e-06,0.0
1,0.01017618179321289,1,1,1e-06,0.0
1,0.012852907180786133,1,1,1e-06,0.0
1,0.010784149169921875,1,1,1e-06,0.0
1,0.011686325073242188,1,1,1e-06,0.0
1,0.01872849464416504,1,1,1e-06,0.0
1,0.03422117233276367,1,1,1e-06,0.0
1,0.006023406982421875,1,1,1e-06,0.0
1,0.004468202590942383,1,1,1e-06,0.0
1,0.0270082950592041,1,1,1e-06,0.0
1,0.03149104118347168,1,1,1e-06,0.0
1,0.008970022201538086,1,1,1e-06,0.0
1,0.0044956207275390625,1,1,1e-06,0.0
1,0.10177111625671387,1,1,1e-06,0.0
1,0.02978682518005371,1,1,1e-06,0.0
1,0.014505386352539062,1,1,1e-06,0.0
1,0.008529186248779297,1,1,1e-06,0.0
1,0.007215738296508789,1,1,1e-06,0.0
1,0.009497642517089844,1,1,1e-06,0.0
1,0.007470369338989258,1,1,1e-06,0.0
1,0.008859395980834961,1,1,1e-06,0.0
1,0.007026195526123047,1,1,1e-06,0.0
1,0.008391380310058594,1,1,1e-06,0.0
1,0.006254673004150391,1,1,1e-06,0.0
1,0.03380751609802246,1,1,1e-06,0.0
1,0.012401580810546875,1,1,1e-06,0.0
1,0.006342172622680664,1,1,1e-06,0.0
1,0.008791208267211914,1,1,1e-06,0.0
1,0.009294986724853516,1,1,1e-06,0.0
1,0.012222528457641602,1,1,1e-06,0.0
1,0.02671217918395996,1,1,1e-06,0.0
1,0.016559123992919922,1,1,1e-06,0.0
1,0.009219884872436523,1,1,1e-06,0.0
1,0.23954081535339355,1,1,1e-06,0.0
1,0.009396076202392578,1,1,1e-06,0.0
1,0.0057735443115234375,1,1,1e-06,0.0
1,0.007125139236450195,1,1,1e-06,0.0
1,0.00789332389831543,1,1,1e-06,0.0
1,0.019794702529907227,1,1,1e-06,0.0
1,0.038717031478881836,1,1,1e-06,0.0
1,0.005277395248413086,1,1,1e-06,0.0
1,0.007397890090942383,1,1,1e-06,0.0
1,0.00931692123413086,1,1,1e-06,0.0
1,0.007131814956665039,1,1,1e-06,0.0
1,0.007882356643676758,1,1,1e-06,0.0
1,0.00889444351196289,1,1,1e-06,0.0
1,0.014058589935302734,1,1,1e-06,0.0
1,0.00861358642578125,1,1,1e-06,0.0
1,0.0062808990478515625,1,1,1e-06,0.0
1,0.0042226314544677734,1,1,1e-06,0.0
1,0.007414579391479492,1,1,1e-06,0.0
1,0.0789802074432373,1,1,1e-06,0.0
1,0.018104076385498047,1,1,1e-06,0.0
1,0.005929470062255859,1,1,1e-06,0.0
1,0.008569002151489258,1,1,1e-06,0.0
1,0.006884574890136719,1,1,1e-06,0.0
1,0.008389949798583984,1,1,1e-06,0.0
1,0.0066928863525390625,1,1,1e-06,0.0
1,0.007147550582885742,1,1,1e-06,0.0
1,0.006255626678466797,1,1,1e-06,0.0
1,0.007009029388427734,1,1,1e-06,0.0
1,0.008121013641357422,1,1,1e-06,0.0
1,0.004551887512207031,1,1,1e-06,0.0
1,0.06070208549499512,1,1,1e-06,0.0
1,0.00630640983581543,1,1,1e-06,0.0
1,0.00745701789855957,1,1,1e-06,0.0
1,0.0045354366302490234,1,1,1e-06,0.0
1,0.0060214996337890625,1,1,1e-06,0.0
1,0.007385969161987305,1,1,1e-06,0.0
1,0.06509113311767578,1,1,1e-06,0.0
1,0.009245157241821289,1,1,1e-06,0.0
1,0.005370378494262695,1,1,1e-06,0.0
1,0.010783672332763672,1,1,1e-06,0.0
1,0.13599705696105957,1,1,1e-06,0.0
1,0.04452705383300781,1,1,1e-06,0.0
1,0.011661767959594727,1,1,1e-06,0.0
1,0.010513067245483398,1,1,1e-06,0.0
1,0.007049083709716797,1,1,1e-06,0.0
1,0.016813278198242188,1,1,1e-06,0.0
1,0.00871133804321289,1,1,1e-06,0.0
1,0.009820222854614258,1,1,1e-06,0.0
1,0.009543418884277344,1,1,1e-06,0.0
1,0.007486104965209961,1,1,1e-06,0.0
1,0.010497570037841797,1,1,1e-06,0.0
1,0.008061647415161133,1,1,1e-06,0.0
1,0.029368162155151367,1,1,1e-06,0.0
1,0.011876583099365234,1,1,1e-06,0.0
1,0.007019758224487305,1,1,1e-06,0.0
1,0.008176803588867188,1,1,1e-06,0.0
1,0.00734710693359375,1,1,1e-06,0.0
1,0.03407859802246094,1,1,1e-06,0.0
1,0.02406167984008789,1,1,1e-06,0.0
1,0.023072004318237305,1,1,1e-06,0.0
1,0.005497455596923828,1,1,1e-06,0.0
1,0.0403289794921875,1,1,1e-06,0.0
1,0.009258747100830078,1,1,1e-06,0.0
1,0.008932352066040039,1,1,1e-06,0.0
1,0.006046772003173828,1,1,1e-06,0.0
1,0.008538961410522461,1,1,1e-06,0.0
1,0.030928373336791992,1,1,1e-06,0.0
1,0.049662113189697266,1,1,1e-06,0.0
1,0.011188030242919922,1,1,1e-06,0.0
1,0.008321046829223633,1,1,1e-06,0.0
1,0.009747743606567383,1,1,1e-06,0.0
1,0.07673215866088867,1,1,1e-06,0.0
1,0.014432191848754883,1,1,1e-06,0.0
1,0.00463557243347168,1,1,1e-06,0.0
1,0.011416196823120117,1,1,1e-06,0.0
1,0.003511667251586914,1,1,1e-06,0.0
1,0.012236833572387695,1,1,1e-06,0.0
1,0.008141517639160156,1,1,1e-06,0.0
1,0.014528751373291016,1,1,1e-06,0.0
1,0.01142120361328125,1,1,1e-06,0.0
1,0.09153509140014648,1,1,1e-06,0.0
1,0.006203651428222656,1,1,1e-06,0.0
1,0.00706934928894043,1,1,1e-06,0.0
1,0.014414548873901367,1,1,1e-06,0.0
1,0.01070261001586914,1,1,1e-06,0.0
1,0.009941577911376953,1,1,1e-06,0.0
1,0.026160001754760742,1,1,1e-06,0.0
1,0.00836038589477539,1,1,1e-06,0.0
1,0.030671119689941406,1,1,1e-06,0.0
1,0.01822495460510254,1,1,1e-06,0.0
1,0.01381063461303711,1,1,1e-06,0.0
1,0.17427396774291992,1,1,1e-06,0.0
1,0.056130409240722656,1,1,1e-06,0.0
1,0.003533601760864258,1,1,1e-06,0.0
1,0.00460505485534668,1,1,1e-06,0.0
1,0.011100292205810547,1,1,1e-06,0.0
1,0.005287885665893555,1,1,1e-06,0.0
1,0.015157938003540039,1,1,1e-06,0.0
1,0.005200624465942383,1,1,1e-06,0.0
1,0.17442893981933594,1,1,1e-06,0.0
1,0.004491090774536133,1,1,1e-06,0.0
1,0.07195186614990234,1,1,1e-06,0.0
1,0.003950595855712891,1,1,1e-06,0.0
1,0.06871724128723145,1,1,1e-06,0.0
1,0.0045816898345947266,1,1,1e-06,0.0
1,0.004483222961425781,1,1,1e-06,0.0
1,0.14999079704284668,1,1,1e-06,0.0
1,0.250607967376709,1,1,1e-06,0.0
1,0.02132868766784668,1,1,1e-06,0.0
1,0.005785226821899414,1,1,1e-06,0.0
1,0.10157513618469238,1,1,1e-06,0.0
1,0.016000986099243164,1,1,1e-06,0.0
1,0.006134986877441406,1,1,1e-06,0.0
1,0.016438007354736328,1,1,1e-06,0.0
1,0.02759718894958496,1,1,1e-06,0.0
1,0.6065182685852051,1,1,1e-06,0.0
1,0.16884160041809082,1,1,1e-06,0.0
1,0.05035257339477539,1,1,1e-06,0.0
1,0.0034711360931396484,1,1,1e-06,0.0
1,0.017309188842773438,1,1,1e-06,0.0
1,0.0328679084777832,1,1,1e-06,0.0
1,0.004285573959350586,1,1,1e-06,0.0
1,0.006987333297729492,1,1,1e-06,0.0
1,0.005442380905151367,1,1,1e-06,0.0
1,0.009525299072265625,1,1,1e-06,0.0
1,0.0150604248046875,1,1,1e-06,0.0
1,0.005883455276489258,1,1,1e-06,0.0
1,0.0073642730712890625,1,1,1e-06,0.0
1,0.008934974670410156,1,1,1e-06,0.0
1,0.0059356689453125,1,1,1e-06,0.0
1,0.0067577362060546875,1,1,1e-06,0.0
1,0.008372068405151367,1,1,1e-06,0.0
1,0.01106119155883789,1,1,1e-06,0.0
1,0.007880687713623047,1,1,1e-06,0.0
1,0.056752920150756836,1,1,1e-06,0.0
1,0.008747577667236328,1,1,1e-06,0.0
1,0.005171537399291992,1,1,1e-06,0.0
1,0.0047762393951416016,1,1,1e-06,0.0
1,0.00994873046875,1,1,1e-06,0.0
1,0.005720376968383789,1,1,1e-06,0.0
1,0.004255056381225586,1,1,1e-06,0.0
1,0.008287429809570312,1,1,1e-06,0.0
1,0.018860578536987305,1,1,1e-06,0.0
1,0.005396842956542969,1,1,1e-06,0.0
1,0.09220099449157715,1,1,1e-06,0.0
1,0.039400339126586914,1,1,1e-06,0.0
1,0.02040386199951172,1,1,1e-06,0.0
1,0.015929460525512695,1,1,1e-06,0.0
1,0.006074428558349609,1,1,1e-06,0.0
1,0.023533344268798828,1,1,1e-06,0.0
1,0.07692670822143555,1,1,1e-06,0.0
1,0.04783511161804199,1,1,1e-06,0.0
0,1.0144596099853516,0,0,,0.0
1,0.003385305404663086,1,1,1e-06,0.0
1,0.0208282470703125,1,1,1e-06,0.0
1,0.0033452510833740234,1,1,1e-06,0.0
1,0.003941535949707031,1,1,1e-06,0.0
1,0.0026323795318603516,1,1,1e-06,0.0
1,0.0027916431427001953,1,1,1e-06,0.0
1,0.009763240814208984,1,1,1e-06,0.0
1,0.0028543472290039062,1,1,1e-06,0.0
1,0.1740267276763916,1,1,1e-06,0.0
1,0.004981279373168945,1,1,1e-06,0.0
1,0.002279996871948242,1,1,1e-06,0.0
1,0.0019230842590332031,1,1,1e-06,0.0
1,0.0018849372863769531,1,1,1e-06,0.0
1,0.0021185874938964844,1,1,1e-06,0.0
1,0.029471158981323242,1,1,1e-06,0.0
1,0.002978086471557617,1,1,1e-06,0.0
1,0.07206225395202637,1,1,1e-06,0.0
1,0.002765178680419922,1,1,1e-06,0.0
1,0.0028569698333740234,1,1,1e-06,0.0
1,0.002289295196533203,1,1,1e-06,0.0
1,0.002397775650024414,1,1,1e-06,0.0
1,0.0024971961975097656,1,1,1e-06,0.0
1,0.004735469818115234,1,1,1e-06,0.0
1,0.005052328109741211,1,1,1e-06,0.0
1,0.00220489501953125,1,1,1e-06,0.0
1,0.001819610595703125,1,1,1e-06,0.0
1,0.002462148666381836,1,1,1e-06,0.0
1,0.002020597457885742,1,1,1e-06,0.0
1,0.011481285095214844,1,1,1e-06,0.0
1,0.03383803367614746,1,1,1e-06,0.0
1,0.004257917404174805,1,1,1e-06,0.0
1,0.002161264419555664,1,1,1e-06,0.0
1,0.0031583309173583984,1,1,1e-06,0.0
1,0.002834796905517578,1,1,1e-06,0.0
1,0.0025479793548583984,1,1,1e-06,0.0
1,0.0021882057189941406,1,1,1e-06,0.0
1,0.0037810802459716797,1,1,1e-06,0.0
1,0.0032835006713867188,1,1,1e-06,0.0
1,0.00223541259765625,1,1,1e-06,0.0
1,0.004356861114501953,1,1,1e-06,0.0
1,0.002323627471923828,1,1,1e-06,0.0
1,0.00863790512084961,1,1,1e-06,0.0
1,0.002860546112060547,1,1,1e-06,0.0
1,0.0026221275329589844,1,1,1e-06,0.0
1,0.003996372222900391,1,1,1e-06,0.0
1,0.003880739212036133,1,1,1e-06,0.0
1,0.0018656253814697266,1,1,1e-06,0.0
1,0.002299070358276367,1,1,1e-06,0.0
1,0.004711151123046875,1,1,1e-06,0.0
1,0.002028942108154297,1,1,1e-06,0.0
1,0.002170562744140625,1,1,1e-06,0.0
1,0.008051395416259766,1,1,1e-06,0.0
1,0.0033011436462402344,1,1,1e-06,0.0
1,0.0037567615509033203,1,1,1e-06,0.0
1,0.012994050979614258,1,1,1e-06,0.0
1,0.15128350257873535,1,1,1e-06,0.0
1,0.014546871185302734,1,1,1e-06,0.0
1,0.05550432205200195,1,1,1e-06,0.0
1,0.006907224655151367,1,1,1e-06,0.0
1,0.0027794837951660156,1,1,1e-06,0.0
1,0.005867958068847656,1,1,1e-06,0.0
1,0.08029747009277344,1,1,1e-06,0.0
1,0.0041599273681640625,1,1,1e-06,0.0
1,0.004384279251098633,1,1,1e-06,0.0
1,0.008105993270874023,1,1,1e-06,0.0
1,0.028636932373046875,1,1,1e-06,0.0
1,0.005521535873413086,1,1,1e-06,0.0
1,0.00889134407043457,1,1,1e-06,0.0
1,0.016950130462646484,1,1,1e-06,0.0
1,0.007755279541015625,1,1,1e-06,0.0
1,0.004480123519897461,1,1,1e-06,0.0
1,0.009304046630859375,1,1,1e-06,0.0
1,0.010259866714477539,1,1,1e-06,0.0
1,0.028939008712768555,1,1,1e-06,0.0
1,0.005261421203613281,1,1,1e-06,0.0
1,0.0667872428894043,1,1,1e-06,0.0
1,0.0043239593505859375,1,1,1e-06,0.0
1,0.16450023651123047,1,1,1e-06,0.0
1,0.020163536071777344,1,1,1e-06,0.0
1,0.003198385238647461,1,1,1e-06,0.0
1,0.003427267074584961,1,1,1e-06,0.0
1,0.005326747894287109,1,1,1e-06,0.0
1,0.0072536468505859375,1,1,1e-06,0.0
1,0.003960132598876953,1,1,1e-06,0.0
1,0.008700847625732422,1,1,1e-06,0.0
1,0.015487194061279297,1,1,1e-06,0.0
1,0.08364439010620117,1,1,1e-06,0.0
1,0.011780023574829102,1,1,1e-06,0.0
1,0.07151556015014648,1,1,1e-06,0.0
1,0.07492709159851074,1,1,1e-06,0.0
1,0.004363536834716797,1,1,1e-06,0.0
1,0.0044782161712646484,1,1,1e-06,0.0
1,0.06694865226745605,1,1,1e-06,0.0
1,0.004900932312011719,1,1,1e-06,0.0
1,0.004031181335449219,1,1,1e-06,0.0
1,0.003728628158569336,1,1,1e-06,0.0
1,0.0037186145782470703,1,1,1e-06,0.0
1,0.006005287170410156,1,1,1e-06,0.0
1,0.003353595733642578,1,1,1e-06,0.0
1,0.003450155258178711,1,1,1e-06,0.0
1,0.03671550750732422,1,1,1e-06,0.0
1,0.05312752723693848,1,1,1e-06,0.0
1,0.004060983657836914,1,1,1e-06,0.0
1,0.01731705665588379,1,1,1e-06,0.0
1,0.005953788757324219,1,1,1e-06,0.0
1,0.0045320987701416016,1,1,1e-06,0.0
1,0.04180192947387695,1,1,1e-06,0.0
1,0.09290695190429688,1,1,1e-06,0.0
1,0.004724740982055664,1,1,1e-06,0.0
1,0.07504606246948242,1,1,1e-06,0.0
1,0.003556489944458008,1,1,1e-06,0.0
1,0.0063512325286865234,1,1,1e-06,0.0
1,0.0037217140197753906,1,1,1e-06,0.0
1,0.0032105445861816406,1,1,1e-06,0.0
1,0.04797029495239258,1,1,1e-06,0.0
1,0.0034942626953125,1,1,1e-06,0.0
1,0.00491642951965332,1,1,1e-06,0.0
1,0.017436504364013672,1,1,1e-06,0.0
1,0.004277944564819336,1,1,1e-06,0.0
1,0.004460334777832031,1,1,1e-06,0.0
1,0.03475475311279297,1,1,1e-06,0.0
1,0.0028874874114990234,1,1,1e-06,0.0
1,0.06893730163574219,1,1,1e-06,0.0
1,0.0065653324127197266,1,1,1e-06,0.0
1,0.00412750244140625,1,1,1e-06,0.0
1,0.00796055793762207,1,1,1e-06,0.0
1,0.007278919219970703,1,1,1e-06,0.0
1,0.027027368545532227,1,1,1e-06,0.0
1,0.004830360412597656,1,1,1e-06,0.0
1,0.003403186798095703,1,1,1e-06,0.0
1,0.06877684593200684,1,1,1e-06,0.0
1,0.02294325828552246,1,1,1e-06,0.0
1,0.004827022552490234,1,1,1e-06,0.0
1,0.016484498977661133,1,1,1e-06,0.0
1,0.013885021209716797,1,1,1e-06,0.0
1,0.00325775146484375,1,1,1e-06,0.0
1,0.0028574466705322266,1,1,1e-06,0.0
1,0.002995729446411133,1,1,1e-06,0.0
1,0.015315055847167969,1,1,1e-06,0.0
1,0.013684988021850586,1,1,1e-06,0.0
1,0.002849578857421875,1,1,1e-06,0.0
1,0.0030128955841064453,1,1,1e-06,0.0
1,0.003705739974975586,1,1,1e-06,0.0
1,0.0041730403900146484,1,1,1e-06,0.0
1,0.029747962951660156,1,1,1e-06,0.0
1,0.002951383590698242,1,1,1e-06,0.0
1,0.0027227401733398438,1,1,1e-06,0.0
1,0.004701375961303711,1,1,1e-06,0.0
1,0.022205829620361328,1,1,1e-06,0.0
1,0.07457613945007324,1,1,1e-06,0.0
1,0.003133058547973633,1,1,1e-06,0.0
1,0.0185854434967041,1,1,1e-06,0.0
1,0.05269122123718262,1,1,1e-06,0.0
1,0.0029239654541015625,1,1,1e-06,0.0
1,0.002753019332885742,1,1,1e-06,0.0
1,0.003046751022338867,1,1,1e-06,0.0
1,0.0034482479095458984,1,1,1e-06,0.0
1,0.0035822391510009766,1,1,1e-06,0.0
1,0.004929065704345703,1,1,1e-06,0.0
1,0.0042934417724609375,1,1,1e-06,0.0
1,0.003905057907104492,1,1,1e-06,0.0
1,0.005988597869873047,1,1,1e-06,0.0
1,0.09537935256958008,1,1,1e-06,0.0
1,0.0036437511444091797,1,1,1e-06,0.0
1,0.005703449249267578,1,1,1e-06,0.0
1,0.002812623977661133,1,1,1e-06,0.0
1,0.002675771713256836,1,1,1e-06,0.0
1,0.0026340484619140625,1,1,1e-06,0.0
1,0.03430891036987305,1,1,1e-06,0.0
1,0.002391815185546875,1,1,1e-06,0.0
1,0.0032460689544677734,1,1,1e-06,0.0
1,0.003580331802368164,1,1,1e-06,0.0
1,0.003009319305419922,1,1,1e-06,0.0
1,0.02745819091796875,1,1,1e-06,0.0
1,0.002562999725341797,1,1,1e-06,0.0
1,0.002107858657836914,1,1,1e-06,0.0
1,0.00402379035949707,1,1,1e-06,0.0
1,0.0036780834197998047,1,1,1e-06,0.0
1,0.015830039978027344,1,1,1e-06,0.0
1,0.003632068634033203,1,1,1e-06,0.0
1,0.0052988529205322266,1,1,1e-06,0.0
1,0.0028591156005859375,1,1,1e-06,0.0
1,0.004288911819458008,1,1,1e-06,0.0
1,0.0025827884674072266,1,1,1e-06,0.0
1,0.002901792526245117,1,1,1e-06,0.0
1,0.003397226333618164,1,1,1e-06,0.0
1,0.0033729076385498047,1,1,1e-06,0.0
1,0.002886056900024414,1,1,1e-06,0.0
1,0.014800310134887695,1,1,1e-06,0.0
1,0.003361940383911133,1,1,1e-06,0.0
1,0.0034110546112060547,1,1,1e-06,0.0
1,0.007786989212036133,1,1,1e-06,0.0
1,0.003637552261352539,1,1,1e-06,0.0
1,0.002991199493408203,1,1,1e-06,0.0
1,0.01694488525390625,1,1,1e-06,0.0
1,0.0029730796813964844,1,1,1e-06,0.0
1,0.017990589141845703,1,1,1e-06,0.0
1,0.04024624824523926,1,1,1e-06,0.0
1,0.028826236724853516,1,1,1e-06,0.0
1,0.0026891231536865234,1,1,1e-06,0.0
1,0.0031371116638183594,1,1,1e-06,0.0
1,0.02137923240661621,1,1,1e-06,0.0
1,0.0029001235961914062,1,1,1e-06,0.0
1,0.0073642730712890625,1,1,1e-06,0.0
1,0.0046617984771728516,1,1,1e-06,0.0
1,0.006136178970336914,1,1,1e-06,0.0
1,0.003176450729370117,1,1,1e-06,0.0
1,0.003037691116333008,1,1,1e-06,0.0
1,0.006566286087036133,1,1,1e-06,0.0
1,0.007792949676513672,1,1,1e-06,0.0
1,0.0026335716247558594,1,1,1e-06,0.0
1,0.0031549930572509766,1,1,1e-06,0.0
1,0.006470680236816406,1,1,1e-06,0.0
1,0.03489851951599121,1,1,1e-06,0.0
1,0.003273487091064453,1,1,1e-06,0.0
1,0.006654024124145508,1,1,1e-06,0.0
1,0.0022268295288085938,1,1,1e-06,0.0
1,0.039758920669555664,1,1,1e-06,0.0
1,0.0026705265045166016,1,1,1e-06,0.0
1,0.002619028091430664,1,1,1e-06,0.0
1,0.0025365352630615234,1,1,1e-06,0.0
1,0.015387773513793945,1,1,1e-06,0.0
1,0.01806163787841797,1,1,1e-06,0.0
1,0.0029611587524414062,1,1,1e-06,0.0
1,0.003586292266845703,1,1,1e-06,0.0
1,0.0032672882080078125,1,1,1e-06,0.0
1,0.0023012161254882812,1,1,1e-06,0.0
1,0.0165555477142334,1,1,1e-06,0.0
1,0.004660844802856445,1,1,1e-06,0.0
1,0.04667210578918457,1,1,1e-06,0.0
1,0.0025148391723632812,1,1,1e-06,0.0
1,0.00789332389831543,1,1,1e-06,0.0
1,0.03671407699584961,1,1,1e-06,0.0
1,0.003195047378540039,1,1,1e-06,0.0
1,0.0023179054260253906,1,1,1e-06,0.0
1,0.01034688949584961,1,1,1e-06,0.0
1,0.021006345748901367,1,1,1e-06,0.0
1,0.0024781227111816406,1,1,1e-06,0.0
1,0.003006458282470703,1,1,1e-06,0.0
1,0.02539682388305664,1,1,1e-06,0.0
1,0.026847124099731445,1,1,1e-06,0.0
1,0.0056917667388916016,1,1,1e-06,0.0
1,0.0018310546875,1,1,1e-06,0.0
1,0.002683401107788086,1,1,1e-06,0.0
1,0.019171476364135742,1,1,1e-06,0.0
1,0.0058612823486328125,1,1,1e-06,0.0
1,0.002703428268432617,1,1,1e-06,0.0
1,0.0020766258239746094,1,1,1e-06,0.0
1,0.0037317276000976562,1,1,1e-06,0.0
1,0.0023097991943359375,1,1,1e-06,0.0
1,0.002283334732055664,1,1,1e-06,0.0
1,0.003728151321411133,1,1,1e-06,0.0
1,0.013682126998901367,1,1,1e-06,0.0
1,0.0027434825897216797,1,1,1e-06,0.0
1,0.002410411834716797,1,1,1e-06,0.0
1,0.0024645328521728516,1,1,1e-06,0.0
1,0.03726673126220703,1,1,1e-06,0.0
1,0.0038247108459472656,1,1,1e-06,0.0
1,0.008247613906860352,1,1,1e-06,0.0
1,0.0034208297729492188,1,1,1e-06,0.0
1,0.02766251564025879,1,1,1e-06,0.0
1,0.01254415512084961,1,1,1e-06,0.0
1,0.0036363601684570312,1,1,1e-06,0.0
1,0.002712726593017578,1,1,1e-06,0.0
1,0.002600431442260742,1,1,1e-06,0.0
1,0.0025396347045898438,1,1,1e-06,0.0
1,0.07563090324401855,1,1,1e-06,0.0
1,0.0024094581604003906,1,1,1e-06,0.0
1,0.05391979217529297,1,1,1e-06,0.0
1,0.0028924942016601562,1,1,1e-06,0.0
1,0.03255438804626465,1,1,1e-06,0.0
1,0.006726264953613281,1,1,1e-06,0.0
1,0.004137754440307617,1,1,1e-06,0.0
1,0.006425142288208008,1,1,1e-06,0.0
1,0.021537303924560547,1,1,1e-06,0.0
1,0.005060434341430664,1,1,1e-06,0.0
1,0.012837648391723633,1,1,1e-06,0.0
1,0.0620729923248291,1,1,1e-06,0.0
1,0.024789094924926758,1,1,1e-06,0.0
1,0.003237009048461914,1,1,1e-06,0.0
1,0.0025751590728759766,1,1,1e-06,0.0
1,0.004151582717895508,1,1,1e-06,0.0
1,0.017745018005371094,1,1,1e-06,0.0
1,0.0072784423828125,1,1,1e-06,0.0
1,0.019722461700439453,1,1,1e-06,0.0
1,0.0026738643646240234,1,1,1e-06,0.0
1,0.021009206771850586,1,1,1e-06,0.0
1,0.04315471649169922,1,1,1e-06,0.0
1,0.0035948753356933594,1,1,1e-06,0.0
1,0.0033843517303466797,1,1,1e-06,0.0
1,0.01814866065979004,1,1,1e-06,0.0
1,0.0030336380004882812,1,1,1e-06,0.0
1,0.005342006683349609,1,1,1e-06,0.0
1,0.04353785514831543,1,1,1e-06,0.0
1,0.0023212432861328125,1,1,1e-06,0.0
1,0.0028769969940185547,1,1,1e-06,0.0
1,0.003872394561767578,1,1,1e-06,0.0
1,0.04884791374206543,1,1,1e-06,0.0
1,0.006928920745849609,1,1,1e-06,0.0
1,0.003382444381713867,1,1,1e-06,0.0
1,0.003191709518432617,1,1,1e-06,0.0
1,0.039198875427246094,1,1,1e-06,0.0
1,0.006021738052368164,1,1,1e-06,0.0
1,0.006106376647949219,1,1,1e-06,0.0
1,0.018172502517700195,1,1,1e-06,0.0
1,0.002946138381958008,1,1,1e-06,0.0
1,0.019505977630615234,1,1,1e-06,0.0
1,0.003016948699951172,1,1,1e-06,0.0
1,0.0028002262115478516,1,1,1e-06,0.0
1,0.02797675132751465,1,1,1e-06,0.0
1,0.002501249313354492,1,1,1e-06,0.0
1,0.004360675811767578,1,1,1e-06,0.0
1,0.002699136734008789,1,1,1e-06,0.0
1,0.002759218215942383,1,1,1e-06,0.0
1,0.04279923439025879,1,1,1e-06,0.0
1,0.0024068355560302734,1,1,1e-06,0.0
1,0.006240129470825195,1,1,1e-06,0.0
1,0.0023040771484375,1,1,1e-06,0.0
1,0.0025072097778320312,1,1,1e-06,0.0
1,0.023958683013916016,1,1,1e-06,0.0
1,0.006567478179931641,1,1,1e-06,0.0
1,0.003509998321533203,1,1,1e-06,0.0
1,0.0030372142791748047,1,1,1e-06,0.0
1,0.0035386085510253906,1,1,1e-06,0.0
1,0.0026726722717285156,1,1,1e-06,0.0
1,0.003274202346801758,1,1,1e-06,0.0
1,0.0036826133728027344,1,1,1e-06,0.0
1,0.015566587448120117,1,1,1e-06,0.0
1,0.04739809036254883,1,1,1e-06,0.0
1,0.008593082427978516,1,1,1e-06,0.0
1,0.003314495086669922,1,1,1e-06,0.0
1,0.002208709716796875,1,1,1e-06,0.0
1,0.0031676292419433594,1,1,1e-06,0.0
1,0.004093170166015625,1,1,1e-06,0.0
1,0.002748727798461914,1,1,1e-06,0.0
1,0.013556957244873047,1,1,1e-06,0.0
1,0.002913951873779297,1,1,1e-06,0.0
1,0.004107475280761719,1,1,1e-06,0.0
1,0.2537806034088135,1,1,1e-06,0.0
1,0.0025413036346435547,1,1,1e-06,0.0
1,0.0025353431701660156,1,1,1e-06,0.0
1,0.021488666534423828,1,1,1e-06,0.0
1,0.002685070037841797,1,1,1e-06,0.0
1,0.0028710365295410156,1,1,1e-06,0.0
1,0.0030317306518554688,1,1,1e-06,0.0
1,0.020666122436523438,1,1,1e-06,0.0
1,0.0028533935546875,1,1,1e-06,0.0
1,0.007622241973876953,1,1,1e-06,0.0
1,0.0028295516967773438,1,1,1e-06,0.0
1,0.00429987907409668,1,1,1e-06,0.0
1,0.019699573516845703,1,1,1e-06,0.0
1,0.002142667770385742,1,1,1e-06,0.0
1,0.003539562225341797,1,1,1e-06,0.0
1,0.003136157989501953,1,1,1e-06,0.0
1,0.0052967071533203125,1,1,1e-06,0.0
1,0.014467954635620117,1,1,1e-06,0.0
1,0.003315448760986328,1,1,1e-06,0.0
1,0.0025396347045898438,1,1,1e-06,0.0
1,0.005204677581787109,1,1,1e-06,0.0
1,0.00807809829711914,1,1,1e-06,0.0
1,0.20005083084106445,1,1,1e-06,0.0
1,0.0022437572479248047,1,1,1e-06,0.0
1,0.008682727813720703,1,1,1e-06,0.0
1,0.002665996551513672,1,1,1e-06,0.0
1,0.004067182540893555,1,1,1e-06,0.0
1,0.002467632293701172,1,1,1e-06,0.0
1,0.002445220947265625,1,1,1e-06,0.0
1,0.012506723403930664,1,1,1e-06,0.0
1,0.0027756690979003906,1,1,1e-06,0.0
1,0.0021419525146484375,1,1,1e-06,0.0
1,0.0350337028503418,1,1,1e-06,0.0
1,0.00257110595703125,1,1,1e-06,0.0
1,0.0023491382598876953,1,1,1e-06,0.0
1,0.0119171142578125,1,1,1e-06,0.0
1,0.003498077392578125,1,1,1e-06,0.0
1,0.00443267822265625,1,1,1e-06,0.0
1,0.005587100982666016,1,1,1e-06,0.0
1,0.014411211013793945,1,1,1e-06,0.0
1,0.0030777454376220703,1,1,1e-06,0.0
1,0.002681255340576172,1,1,1e-06,0.0
1,0.002415895462036133,1,1,1e-06,0.0
1,0.001790761947631836,1,1,1e-06,0.0
1,0.002017498016357422,1,1,1e-06,0.0
1,0.02461838722229004,1,1,1e-06,0.0
1,0.010931968688964844,1,1,1e-06,0.0
1,0.002305746078491211,1,1,1e-06,0.0
1,0.0026602745056152344,1,1,1e-06,0.0
1,0.004353761672973633,1,1,1e-06,0.0
1,0.00606989860534668,1,1,1e-06,0.0
1,0.002846956253051758,1,1,1e-06,0.0
1,0.002206087112426758,1,1,1e-06,0.0
1,0.002561330795288086,1,1,1e-06,0.0
1,0.002557516098022461,1,1,1e-06,0.0
1,0.004194498062133789,1,1,1e-06,0.0
1,0.002518892288208008,1,1,1e-06,0.0
1,0.0028350353240966797,1,1,1e-06,0.0
1,0.002258777618408203,1,1,1e-06,0.0
1,0.0027008056640625,1,1,1e-06,0.0
1,0.0020389556884765625,1,1,1e-06,0.0
1,0.0041697025299072266,1,1,1e-06,0.0
1,0.003056049346923828,1,1,1e-06,0.0
1,0.0023136138916015625,1,1,1e-06,0.0
1,0.0030863285064697266,1,1,1e-06,0.0
1,0.0024323463439941406,1,1,1e-06,0.0
1,0.0077779293060302734,1,1,1e-06,0.0
1,0.004992008209228516,1,1,1e-06,0.0
1,0.002474069595336914,1,1,1e-06,0.0
1,0.002111196517944336,1,1,1e-06,0.0
1,0.0019237995147705078,1,1,1e-06,0.0
1,0.0020835399627685547,1,1,1e-06,0.0
1,0.004156589508056641,1,1,1e-06,0.0
1,0.0042231082916259766,1,1,1e-06,0.0
1,0.014783382415771484,1,1,1e-06,0.0
1,0.002861499786376953,1,1,1e-06,0.0
1,0.008176803588867188,1,1,1e-06,0.0
1,0.012783527374267578,1,1,1e-06,0.0
1,0.002851247787475586,1,1,1e-06,0.0
1,0.002389192581176758,1,1,1e-06,0.0
1,0.004961967468261719,1,1,1e-06,0.0
1,0.002650737762451172,1,1,1e-06,0.0
1,0.011424779891967773,1,1,1e-06,0.0
1,0.01583123207092285,1,1,1e-06,0.0
1,0.008548974990844727,1,1,1e-06,0.0
1,0.0026056766510009766,1,1,1e-06,0.0
1,0.017119169235229492,1,1,1e-06,0.0
1,0.0022439956665039062,1,1,1e-06,0.0
1,0.0044727325439453125,1,1,1e-06,0.0
1,0.020791292190551758,1,1,1e-06,0.0
1,0.002899646759033203,1,1,1e-06,0.0
1,0.003045320510864258,1,1,1e-06,0.0
1,0.05217099189758301,1,1,1e-06,0.0
1,0.003964900970458984,1,1,1e-06,0.0
1,0.003131389617919922,1,1,1e-06,0.0
1,0.02280402183532715,1,1,1e-06,0.0
1,0.004332304000854492,1,1,1e-06,0.0
1,0.0050008296966552734,1,1,1e-06,0.0
1,0.0021758079528808594,1,1,1e-06,0.0
1,0.0033583641052246094,1,1,1e-06,0.0
1,0.004330873489379883,1,1,1e-06,0.0
1,0.0031685829162597656,1,1,1e-06,0.0
1,0.15672969818115234,1,1,1e-06,0.0
1,0.004587650299072266,1,1,1e-06,0.0
1,0.003457307815551758,1,1,1e-06,0.0
1,0.0039250850677490234,1,1,1e-06,0.0
1,0.09201288223266602,1,1,1e-06,0.0
1,0.0036742687225341797,1,1,1e-06,0.0
1,0.0034627914428710938,1,1,1e-06,0.0
1,0.009579181671142578,1,1,1e-06,0.0
1,0.00538325309753418,1,1,1e-06,0.0
1,0.003242015838623047,1,1,1e-06,0.0
1,0.0024385452270507812,1,1,1e-06,0.0
1,0.002657651901245117,1,1,1e-06,0.0
1,0.002436399459838867,1,1,1e-06,0.0
1,0.00969076156616211,1,1,1e-06,0.0
1,0.004716396331787109,1,1,1e-06,0.0
1,0.07602667808532715,1,1,1e-06,0.0
1,0.003573894500732422,1,1,1e-06,0.0
1,0.019913196563720703,1,1,1e-06,0.0
1,0.003018617630004883,1,1,1e-06,0.0
1,0.004292964935302734,1,1,1e-06,0.0
1,0.003865957260131836,1,1,1e-06,0.0
1,0.002809286117553711,1,1,1e-06,0.0
1,0.0036153793334960938,1,1,1e-06,0.0
1,0.0028848648071289062,1,1,1e-06,0.0
1,0.002830028533935547,1,1,1e-06,0.0
1,0.003579378128051758,1,1,1e-06,0.0
1,0.014063119888305664,1,1,1e-06,0.0
1,0.004518032073974609,1,1,1e-06,0.0
1,0.005581378936767578,1,1,1e-06,0.0
1,0.002810239791870117,1,1,1e-06,0.0
1,0.04146099090576172,1,1,1e-06,0.0
1,0.0044324398040771484,1,1,1e-06,0.0
1,0.011945724487304688,1,1,1e-06,0.0
1,0.004034757614135742,1,1,1e-06,0.0
1,0.008641719818115234,1,1,1e-06,0.0
1,0.546454668045044,1,1,1e-06,0.0
1,0.014004230499267578,1,1,1e-06,0.0
1,0.02121138572692871,1,1,1e-06,0.0
1,0.9999775886535645,1,1,1e-06,0.0
1,0.004633903503417969,1,1,1e-06,0.0
1,0.027963876724243164,1,1,1e-06,0.0
1,0.02249598503112793,1,1,1e-06,0.0
1,0.0673835277557373,1,1,1e-06,0.0
1,0.004174709320068359,1,1,1e-06,0.0
1,0.0057659149169921875,1,1,1e-06,0.0
1,0.007084369659423828,1,1,1e-06,0.0
1,0.08528828620910645,1,1,1e-06,0.0
1,0.0038564205169677734,1,1,1e-06,0.0
1,0.028462648391723633,1,1,1e-06,0.0
1,0.12618541717529297,1,1,1e-06,0.0
1,0.005404949188232422,1,1,1e-06,0.0
1,0.02906966209411621,1,1,1e-06,0.0
1,0.003461599349975586,1,1,1e-06,0.0
1,0.03173947334289551,1,1,1e-06,0.0
1,0.0028166770935058594,1,1,1e-06,0.0
1,0.004196643829345703,1,1,1e-06,0.0
1,0.02247333526611328,1,1,1e-06,0.0
1,0.04886031150817871,1,1,1e-06,0.0
1,0.0029528141021728516,1,1,1e-06,0.0
1,0.00313568115234375,1,1,1e-06,0.0
1,0.0075719356536865234,1,1,1e-06,0.0
1,0.0033583641052246094,1,1,1e-06,0.0
1,0.0028667449951171875,1,1,1e-06,0.0
1,0.0046079158782958984,1,1,1e-06,0.0
1,0.0061457157135009766,1,1,1e-06,0.0
1,0.005959033966064453,1,1,1e-06,0.0
1,0.008558034896850586,1,1,1e-06,0.0
1,0.019250154495239258,1,1,1e-06,0.0
1,0.006223201751708984,1,1,1e-06,0.0
1,0.003769397735595703,1,1,1e-06,0.0
1,0.0059430599212646484,1,1,1e-06,0.0
1,0.0037484169006347656,1,1,1e-06,0.0
1,0.002809762954711914,1,1,1e-06,0.0
1,0.003303050994873047,1,1,1e-06,0.0
1,0.005550861358642578,1,1,1e-06,0.0
1,0.0033392906188964844,1,1,1e-06,0.0
1,0.003465414047241211,1,1,1e-06,0.0
1,0.022891759872436523,1,1,1e-06,0.0
1,0.0033655166625976562,1,1,1e-06,0.0
1,0.004912853240966797,1,1,1e-06,0.0
1,0.004396677017211914,1,1,1e-06,0.0
1,0.005166769027709961,1,1,1e-06,0.0
1,0.003856182098388672,1,1,1e-06,0.0
1,0.003587007522583008,1,1,1e-06,0.0
1,0.002666473388671875,1,1,1e-06,0.0
1,0.003610849380493164,1,1,1e-06,0.0
1,0.0037140846252441406,1,1,1e-06,0.0
1,0.002796173095703125,1,1,1e-06,0.0
1,0.0036308765411376953,1,1,1e-06,0.0
1,0.003991365432739258,1,1,1e-06,0.0
1,0.0774080753326416,1,1,1e-06,0.0
1,0.009758949279785156,1,1,1e-06,0.0
1,0.017705917358398438,1,1,1e-06,0.0
1,0.0037674903869628906,1,1,1e-06,0.0
1,0.09725308418273926,1,1,1e-06,0.0
1,0.020717144012451172,1,1,1e-06,0.0
1,0.004127979278564453,1,1,1e-06,0.0
1,0.10653424263000488,1,1,1e-06,0.0
1,0.013868093490600586,1,1,1e-06,0.0
1,0.0352482795715332,1,1,1e-06,0.0
1,0.12058258056640625,1,1,1e-06,0.0
1,0.004970073699951172,1,1,1e-06,0.0
1,0.07640838623046875,1,1,1e-06,0.0
1,0.24915003776550293,1,1,1e-06,0.0
1,0.02374720573425293,1,1,1e-06,0.0
1,0.17074203491210938,1,1,1e-06,0.0
1,0.003571748733520508,1,1,1e-06,0.0
1,0.004494667053222656,1,1,1e-06,0.0
1,0.003203153610229492,1,1,1e-06,0.0
1,0.04074573516845703,1,1,1e-06,0.0
1,0.005573272705078125,1,1,1e-06,0.0
1,0.005627155303955078,1,1,1e-06,0.0
1,0.00838923454284668,1,1,1e-06,0.0
1,0.0028905868530273438,1,1,1e-06,0.0
1,0.003537893295288086,1,1,1e-06,0.0
1,0.005379676818847656,1,1,1e-06,0.0
1,0.007163286209106445,1,1,1e-06,0.0
1,0.005553722381591797,1,1,1e-06,0.0
1,0.005728244781494141,1,1,1e-06,0.0
1,0.006371021270751953,1,1,1e-06,0.0
1,0.003208637237548828,1,1,1e-06,0.0
1,0.006947755813598633,1,1,1e-06,0.0
1,0.0043430328369140625,1,1,1e-06,0.0
1,0.03050684928894043,1,1,1e-06,0.0
1,0.003869295120239258,1,1,1e-06,0.0
1,0.011173725128173828,1,1,1e-06,0.0
1,0.03058600425720215,1,1,1e-06,0.0
1,0.027704238891601562,1,1,1e-06,0.0
1,0.030690431594848633,1,1,1e-06,0.0
1,0.014702320098876953,1,1,1e-06,0.0
1,0.0035855770111083984,1,1,1e-06,0.0
1,0.00437164306640625,1,1,1e-06,0.0
1,0.009198904037475586,1,1,1e-06,0.0
1,0.00299835205078125,1,1,1e-06,0.0
1,0.025084972381591797,1,1,1e-06,0.0
1,0.003515005111694336,1,1,1e-06,0.0
1,0.002922534942626953,1,1,1e-06,0.0
1,0.0028715133666992188,1,1,1e-06,0.0
1,0.0034449100494384766,1,1,1e-06,0.0
1,0.0026149749755859375,1,1,1e-06,0.0
1,0.007706642150878906,1,1,1e-06,0.0
1,0.004611015319824219,1,1,1e-06,0.0
1,0.01566767692565918,1,1,1e-06,0.0
1,0.008561372756958008,1,1,1e-06,0.0
1,0.005451202392578125,1,1,1e-06,0.0
1,0.004160165786743164,1,1,1e-06,0.0
1,0.0062487125396728516,1,1,1e-06,0.0
1,0.02480316162109375,1,1,1e-06,0.0
1,0.004393100738525391,1,1,1e-06,0.0
1,0.006459712982177734,1,1,1e-06,0.0
1,0.006317615509033203,1,1,1e-06,0.0
1,0.005091667175292969,1,1,1e-06,0.0
1,0.004729747772216797,1,1,1e-06,0.0
1,0.02034306526184082,1,1,1e-06,0.0
1,0.0037963390350341797,1,1,1e-06,0.0
1,0.0031108856201171875,1,1,1e-06,0.0
1,0.012952566146850586,1,1,1e-06,0.0
1,0.003970146179199219,1,1,1e-06,0.0
1,0.002547740936279297,1,1,1e-06,0.0
1,0.019023895263671875,1,1,1e-06,0.0
1,0.002958536148071289,1,1,1e-06,0.0
1,0.05272054672241211,1,1,1e-06,0.0
1,0.004547595977783203,1,1,1e-06,0.0
1,0.003101825714111328,1,1,1e-06,0.0
1,0.002734661102294922,1,1,1e-06,0.0
1,0.0023093223571777344,1,1,1e-06,0.0
1,0.002043485641479492,1,1,1e-06,0.0
1,0.007342100143432617,1,1,1e-06,0.0
1,0.0049457550048828125,1,1,1e-06,0.0
1,0.015880584716796875,1,1,1e-06,0.0
1,0.028273582458496094,1,1,1e-06,0.0
1,0.004040718078613281,1,1,1e-06,0.0
1,0.0029649734497070312,1,1,1e-06,0.0
1,0.024311304092407227,1,1,1e-06,0.0
1,0.016344070434570312,1,1,1e-06,0.0
1,0.003762483596801758,1,1,1e-06,0.0
1,0.003084421157836914,1,1,1e-06,0.0
1,0.0060880184173583984,1,1,1e-06,0.0
1,0.0022840499877929688,1,1,1e-06,0.0
1,0.002275228500366211,1,1,1e-06,0.0
1,0.012660980224609375,1,1,1e-06,0.0
1,0.003167867660522461,1,1,1e-06,0.0
1,0.0029458999633789062,1,1,1e-06,0.0
1,0.12572550773620605,1,1,1e-06,0.0
1,0.002298116683959961,1,1,1e-06,0.0
1,0.006449699401855469,1,1,1e-06,0.0
1,0.0025925636291503906,1,1,1e-06,0.0
1,0.0024356842041015625,1,1,1e-06,0.0
1,0.004113674163818359,1,1,1e-06,0.0
1,0.002542734146118164,1,1,1e-06,0.0
1,0.004575490951538086,1,1,1e-06,0.0
1,0.011794090270996094,1,1,1e-06,0.0
1,0.0032105445861816406,1,1,1e-06,0.0
1,0.0018992424011230469,1,1,1e-06,0.0
1,0.0024225711822509766,1,1,1e-06,0.0
1,0.003352642059326172,1,1,1e-06,0.0
1,0.0023016929626464844,1,1,1e-06,0.0
1,0.002233743667602539,1,1,1e-06,0.0
1,0.005407810211181641,1,1,1e-06,0.0
1,0.005646228790283203,1,1,1e-06,0.0
1,0.015483617782592773,1,1,1e-06,0.0
1,0.0023331642150878906,1,1,1e-06,0.0
1,0.0022478103637695312,1,1,1e-06,0.0
1,0.0024480819702148438,1,1,1e-06,0.0
1,0.002881765365600586,1,1,1e-06,0.0
1,0.002590656280517578,1,1,1e-06,0.0
1,0.002946138381958008,1,1,1e-06,0.0
1,0.008441448211669922,1,1,1e-06,0.0
1,0.002689838409423828,1,1,1e-06,0.0
1,0.0040700435638427734,1,1,1e-06,0.0
1,0.0246274471282959,1,1,1e-06,0.0
1,0.0036993026733398438,1,1,1e-06,0.0
1,0.0030944347381591797,1,1,1e-06,0.0
1,0.002520322799682617,1,1,1e-06,0.0
1,0.01683211326599121,1,1,1e-06,0.0
1,0.021140575408935547,1,1,1e-06,0.0
1,0.007483482360839844,1,1,1e-06,0.0
1,0.004158496856689453,1,1,1e-06,0.0
1,0.0027799606323242188,1,1,1e-06,0.0
1,0.00590062141418457,1,1,1e-06,0.0
1,0.030440092086791992,1,1,1e-06,0.0
1,0.006342411041259766,1,1,1e-06,0.0
1,0.0024569034576416016,1,1,1e-06,0.0
1,0.004118442535400391,1,1,1e-06,0.0
1,0.015340566635131836,1,1,1e-06,0.0
1,0.012361526489257812,1,1,1e-06,0.0
1,0.0027382373809814453,1,1,1e-06,0.0
1,0.0028066635131835938,1,1,1e-06,0.0
1,0.07932138442993164,1,1,1e-06,0.0
1,0.0027511119842529297,1,1,1e-06,0.0
1,0.0029425621032714844,1,1,1e-06,0.0
1,0.002923727035522461,1,1,1e-06,0.0
1,0.0032410621643066406,1,1,1e-06,0.0
1,0.04035019874572754,1,1,1e-06,0.0
1,0.0075151920318603516,1,1,1e-06,0.0
1,0.003249645233154297,1,1,1e-06,0.0
1,0.014201164245605469,1,1,1e-06,0.0
1,0.0022449493408203125,1,1,1e-06,0.0
1,0.0018258094787597656,1,1,1e-06,0.0
1,0.003461122512817383,1,1,1e-06,0.0
1,0.001967906951904297,1,1,1e-06,0.0
1,0.001928567886352539,1,1,1e-06,0.0
1,0.008387327194213867,1,1,1e-06,0.0
1,0.0023932456970214844,1,1,1e-06,0.0
1,0.03418779373168945,1,1,1e-06,0.0
1,0.0024979114532470703,1,1,1e-06,0.0
1,0.002101898193359375,1,1,1e-06,0.0
1,0.0033452510833740234,1,1,1e-06,0.0
1,0.0033347606658935547,1,1,1e-06,0.0
1,0.005761146545410156,1,1,1e-06,0.0
1,0.005289554595947266,1,1,1e-06,0.0
1,0.003169536590576172,1,1,1e-06,0.0
1,0.003387928009033203,1,1,1e-06,0.0
1,0.010797977447509766,1,1,1e-06,0.0
1,0.02184128761291504,1,1,1e-06,0.0
1,0.003220081329345703,1,1,1e-06,0.0
1,0.016261577606201172,1,1,1e-06,0.0
1,0.008182287216186523,1,1,1e-06,0.0
1,0.0027017593383789062,1,1,1e-06,0.0
1,0.0030291080474853516,1,1,1e-06,0.0
1,0.022002458572387695,1,1,1e-06,0.0
1,0.0026023387908935547,1,1,1e-06,0.0
1,0.0025968551635742188,1,1,1e-06,0.0
1,0.021770477294921875,1,1,1e-06,0.0
1,0.010313987731933594,1,1,1e-06,0.0
1,0.002696990966796875,1,1,1e-06,0.0
1,0.0031006336212158203,1,1,1e-06,0.0
1,0.002811431884765625,1,1,1e-06,0.0
1,0.04430508613586426,1,1,1e-06,0.0
1,0.0036966800689697266,1,1,1e-06,0.0
1,0.004889249801635742,1,1,1e-06,0.0
1,0.004459857940673828,1,1,1e-06,0.0
1,0.0023174285888671875,1,1,1e-06,0.0
1,0.017322540283203125,1,1,1e-06,0.0
1,0.0028696060180664062,1,1,1e-06,0.0
1,0.005399227142333984,1,1,1e-06,0.0
1,0.014895439147949219,1,1,1e-06,0.0
1,0.003551959991455078,1,1,1e-06,0.0
1,0.003473997116088867,1,1,1e-06,0.0
1,0.0018515586853027344,1,1,1e-06,0.0
1,0.015470743179321289,1,1,1e-06,0.0
1,0.00262451171875,1,1,1e-06,0.0
1,0.002904653549194336,1,1,1e-06,0.0
1,0.003375530242919922,1,1,1e-06,0.0
1,0.00205230712890625,1,1,1e-06,0.0
1,0.0027954578399658203,1,1,1e-06,0.0
1,0.0025963783264160156,1,1,1e-06,0.0
1,0.004323005676269531,1,1,1e-06,0.0
1,0.002924203872680664,1,1,1e-06,0.0
1,0.0027611255645751953,1,1,1e-06,0.0
1,0.010664224624633789,1,1,1e-06,0.0
1,0.004128456115722656,1,1,1e-06,0.0
1,0.034542083740234375,1,1,1e-06,0.0
1,0.0020308494567871094,1,1,1e-06,0.0
1,0.004910707473754883,1,1,1e-06,0.0
1,0.002716064453125,1,1,1e-06,0.0
1,0.0027008056640625,1,1,1e-06,0.0
1,0.0035915374755859375,1,1,1e-06,0.0
1,0.007326602935791016,1,1,1e-06,0.0
1,0.0023021697998046875,1,1,1e-06,0.0
1,0.024309873580932617,1,1,1e-06,0.0
1,0.0021882057189941406,1,1,1e-06,0.0
1,0.002009153366088867,1,1,1e-06,0.0
1,0.002194643020629883,1,1,1e-06,0.0
1,0.013465642929077148,1,1,1e-06,0.0
1,0.0026006698608398438,1,1,1e-06,0.0
1,0.0021889209747314453,1,1,1e-06,0.0
1,0.01413869857788086,1,1,1e-06,0.0
1,0.0027167797088623047,1,1,1e-06,0.0
1,0.07090592384338379,1,1,1e-06,0.0
1,0.0031099319458007812,1,1,1e-06,0.0
1,0.006381511688232422,1,1,1e-06,0.0
1,0.007359743118286133,1,1,1e-06,0.0
1,0.003862142562866211,1,1,1e-06,0.0
1,0.003356456756591797,1,1,1e-06,0.0
1,0.0034270286560058594,1,1,1e-06,0.0
1,0.0058743953704833984,1,1,1e-06,0.0
1,0.012260675430297852,1,1,1e-06,0.0
1,0.002890348434448242,1,1,1e-06,0.0
1,0.021572113037109375,1,1,1e-06,0.0
1,0.004862308502197266,1,1,1e-06,0.0
1,0.023121356964111328,1,1,1e-06,0.0
1,0.003634214401245117,1,1,1e-06,0.0
1,0.008708715438842773,1,1,1e-06,0.0
1,0.02908015251159668,1,1,1e-06,0.0
1,0.006336688995361328,1,1,1e-06,0.0
1,0.04966330528259277,1,1,1e-06,0.0
1,0.0033752918243408203,1,1,1e-06,0.0
1,0.006209373474121094,1,1,1e-06,0.0
1,0.0031042098999023438,1,1,1e-06,0.0
1,0.002756834030151367,1,1,1e-06,0.0
1,0.0032744407653808594,1,1,1e-06,0.0
1,0.004857301712036133,1,1,1e-06,0.0
1,0.027260541915893555,1,1,1e-06,0.0
1,0.0036191940307617188,1,1,1e-06,0.0
1,0.04452395439147949,1,1,1e-06,0.0
1,0.003925323486328125,1,1,1e-06,0.0
1,0.00404810905456543,1,1,1e-06,0.0
1,0.02594614028930664,1,1,1e-06,0.0
1,0.031222105026245117,1,1,1e-06,0.0
1,0.00752711296081543,1,1,1e-06,0.0
1,0.005589962005615234,1,1,1e-06,0.0
1,0.028207778930664062,1,1,1e-06,0.0
1,0.06946468353271484,1,1,1e-06,0.0
1,0.005131721496582031,1,1,1e-06,0.0
1,0.23281168937683105,1,1,1e-06,0.0
1,0.019348859786987305,1,1,1e-06,0.0
1,0.09328508377075195,1,1,1e-06,0.0
1,0.013808250427246094,1,1,1e-06,0.0
1,0.004695415496826172,1,1,1e-06,0.0
1,0.021096229553222656,1,1,1e-06,0.0
1,0.007224321365356445,1,1,1e-06,0.0
1,0.01448822021484375,1,1,1e-06,0.0
1,0.003973960876464844,1,1,1e-06,0.0
1,0.04394197463989258,1,1,1e-06,0.0
1,0.0045318603515625,1,1,1e-06,0.0
1,0.005218982696533203,1,1,1e-06,0.0
1,0.009739875793457031,1,1,1e-06,0.0
1,0.0044708251953125,1,1,1e-06,0.0
1,0.03720355033874512,1,1,1e-06,0.0
1,0.0039038658142089844,1,1,1e-06,0.0
1,0.030559301376342773,1,1,1e-06,0.0
1,0.00561070442199707,1,1,1e-06,0.0
1,0.005794525146484375,1,1,1e-06,0.0
1,0.009721040725708008,1,1,1e-06,0.0
1,0.0033636093139648438,1,1,1e-06,0.0
1,0.07385897636413574,1,1,1e-06,0.0
1,0.007275819778442383,1,1,1e-06,0.0
1,0.010865449905395508,1,1,1e-06,0.0
1,0.006811857223510742,1,1,1e-06,0.0
1,0.006081819534301758,1,1,1e-06,0.0
1,0.005089759826660156,1,1,1e-06,0.0
1,0.0441737174987793,1,1,1e-06,0.0
1,0.004552364349365234,1,1,1e-06,0.0
1,0.00728297233581543,1,1,1e-06,0.0
1,0.10812115669250488,1,1,1e-06,0.0
1,0.004450559616088867,1,1,1e-06,0.0
1,0.009072065353393555,1,1,1e-06,0.0
1,0.16016364097595215,1,1,1e-06,0.0
1,0.09252691268920898,1,1,1e-06,0.0
1,0.016800403594970703,1,1,1e-06,0.0
1,0.0037217140197753906,1,1,1e-06,0.0
1,0.005140781402587891,1,1,1e-06,0.0
1,0.06027936935424805,1,1,1e-06,0.0
1,0.009552717208862305,1,1,1e-06,0.0
1,0.0034232139587402344,1,1,1e-06,0.0
1,0.0036094188690185547,1,1,1e-06,0.0
1,0.0029382705688476562,1,1,1e-06,0.0
1,0.005177497863769531,1,1,1e-06,0.0
1,0.004714488983154297,1,1,1e-06,0.0
1,0.003410816192626953,1,1,1e-06,0.0
1,0.004342079162597656,1,1,1e-06,0.0
1,0.00391387939453125,1,1,1e-06,0.0
1,0.003947257995605469,1,1,1e-06,0.0
1,0.012691020965576172,1,1,1e-06,0.0
1,0.005692958831787109,1,1,1e-06,0.0
1,0.004792451858520508,1,1,1e-06,0.0
1,0.005882740020751953,1,1,1e-06,0.0
1,0.13734221458435059,1,1,1e-06,0.0
1,0.004018306732177734,1,1,1e-06,0.0
1,0.004774332046508789,1,1,1e-06,0.0
1,0.03624677658081055,1,1,1e-06,0.0
1,0.005051374435424805,1,1,1e-06,0.0
1,0.026816368103027344,1,1,1e-06,0.0
1,0.0041925907135009766,1,1,1e-06,0.0
1,0.002457141876220703,1,1,1e-06,0.0
1,0.0025458335876464844,1,1,1e-06,0.0
1,0.0028667449951171875,1,1,1e-06,0.0
1,0.0329740047454834,1,1,1e-06,0.0
1,0.005339860916137695,1,1,1e-06,0.0
1,0.007178544998168945,1,1,1e-06,0.0
1,0.02573990821838379,1,1,1e-06,0.0
1,0.0034093856811523438,1,1,1e-06,0.0
1,0.003976583480834961,1,1,1e-06,0.0
1,0.01377415657043457,1,1,1e-06,0.0
1,0.03159976005554199,1,1,1e-06,0.0
1,0.0022125244140625,1,1,1e-06,0.0
1,0.003228425979614258,1,1,1e-06,0.0
1,0.005226612091064453,1,1,1e-06,0.0
1,0.003853321075439453,1,1,1e-06,0.0
1,0.003277301788330078,1,1,1e-06,0.0
1,0.0034952163696289062,1,1,1e-06,0.0
1,0.006960868835449219,1,1,1e-06,0.0
1,0.004470348358154297,1,1,1e-06,0.0
1,0.0075185298919677734,1,1,1e-06,0.0
1,0.0028107166290283203,1,1,1e-06,0.0
1,0.0039598941802978516,1,1,1e-06,0.0
1,0.0020961761474609375,1,1,1e-06,0.0
1,0.0019974708557128906,1,1,1e-06,0.0
1,0.012309551239013672,1,1,1e-06,0.0
1,0.0033240318298339844,1,1,1e-06,0.0
1,0.0027685165405273438,1,1,1e-06,0.0
1,0.004189729690551758,1,1,1e-06,0.0
1,0.0029752254486083984,1,1,1e-06,0.0
1,0.00596308708190918,1,1,1e-06,0.0
1,0.003972530364990234,1,1,1e-06,0.0
1,0.005567789077758789,1,1,1e-06,0.0
1,0.004925251007080078,1,1,1e-06,0.0
1,0.0043947696685791016,1,1,1e-06,0.0
1,0.006443977355957031,1,1,1e-06,0.0
1,0.003897428512573242,1,1,1e-06,0.0
1,0.003450155258178711,1,1,1e-06,0.0
1,0.0028607845306396484,1,1,1e-06,0.0
1,0.004442930221557617,1,1,1e-06,0.0
1,0.005810737609863281,1,1,1e-06,0.0
1,0.0041773319244384766,1,1,1e-06,0.0
1,0.00433802604675293,1,1,1e-06,0.0
1,0.0028002262115478516,1,1,1e-06,0.0
1,0.003687620162963867,1,1,1e-06,0.0
1,0.0037195682525634766,1,1,1e-06,0.0
1,0.029368162155151367,1,1,1e-06,0.0
1,0.003567934036254883,1,1,1e-06,0.0
1,0.05348944664001465,1,1,1e-06,0.0
1,0.0037183761596679688,1,1,1e-06,0.0
1,0.0029785633087158203,1,1,1e-06,0.0
1,0.006662845611572266,1,1,1e-06,0.0
1,0.004097938537597656,1,1,1e-06,0.0
1,0.002700328826904297,1,1,1e-06,0.0
1,0.003225088119506836,1,1,1e-06,0.0
1,0.004362583160400391,1,1,1e-06,0.0
1,0.006591081619262695,1,1,1e-06,0.0
1,0.007497072219848633,1,1,1e-06,0.0
1,0.004668712615966797,1,1,1e-06,0.0
1,0.003868579864501953,1,1,1e-06,0.0
1,0.003927469253540039,1,1,1e-06,0.0
1,0.0034301280975341797,1,1,1e-06,0.0
1,0.004202365875244141,1,1,1e-06,0.0
1,0.004041194915771484,1,1,1e-06,0.0
1,0.0030395984649658203,1,1,1e-06,0.0
1,0.0037190914154052734,1,1,1e-06,0.0
1,0.002904653549194336,1,1,1e-06,0.0
1,0.004518032073974609,1,1,1e-06,0.0
1,0.023917675018310547,1,1,1e-06,0.0
1,0.0029020309448242188,1,1,1e-06,0.0
1,0.002374410629272461,1,1,1e-06,0.0
1,0.005786418914794922,1,1,1e-06,0.0
1,0.007738828659057617,1,1,1e-06,0.0
1,0.006208658218383789,1,1,1e-06,0.0
1,0.0032520294189453125,1,1,1e-06,0.0
1,0.002307891845703125,1,1,1e-06,0.0
1,0.04852724075317383,1,1,1e-06,0.0
1,0.002733469009399414,1,1,1e-06,0.0
1,0.0031735897064208984,1,1,1e-06,0.0
1,0.036905527114868164,1,1,1e-06,0.0
1,0.025426626205444336,1,1,1e-06,0.0
1,0.002833843231201172,1,1,1e-06,0.0
1,0.0021588802337646484,1,1,1e-06,0.0
1,0.0033507347106933594,1,1,1e-06,0.0
1,0.11808013916015625,1,1,1e-06,0.0
1,0.338090181350708,1,1,1e-06,0.0
1,0.00907588005065918,1,1,1e-06,0.0
1,0.004007577896118164,1,1,1e-06,0.0
1,0.003695249557495117,1,1,1e-06,0.0
1,0.004256010055541992,1,1,1e-06,0.0
1,0.005170345306396484,1,1,1e-06,0.0
1,0.003870725631713867,1,1,1e-06,0.0
1,0.003980398178100586,1,1,1e-06,0.0
1,0.0030443668365478516,1,1,1e-06,0.0
1,0.014708280563354492,1,1,1e-06,0.0
1,0.0036520957946777344,1,1,1e-06,0.0
1,0.006543397903442383,1,1,1e-06,0.0
1,0.014575958251953125,1,1,1e-06,0.0
1,0.0040035247802734375,1,1,1e-06,0.0
1,0.004075765609741211,1,1,1e-06,0.0
1,0.004456758499145508,1,1,1e-06,0.0
1,0.007174253463745117,1,1,1e-06,0.0
1,0.005578041076660156,1,1,1e-06,0.0
1,0.003470182418823242,1,1,1e-06,0.0
1,0.009817361831665039,1,1,1e-06,0.0
1,0.0038466453552246094,1,1,1e-06,0.0
1,0.0044100284576416016,1,1,1e-06,0.0
1,0.0024950504302978516,1,1,1e-06,0.0
1,0.0034172534942626953,1,1,1e-06,0.0
1,0.002969503402709961,1,1,1e-06,0.0
1,0.004439115524291992,1,1,1e-06,0.0
1,0.0034666061401367188,1,1,1e-06,0.0
1,0.003839731216430664,1,1,1e-06,0.0
1,0.003795146942138672,1,1,1e-06,0.0
1,0.003728628158569336,1,1,1e-06,0.0
1,0.004633188247680664,1,1,1e-06,0.0
1,0.04150700569152832,1,1,1e-06,0.0
1,0.003198385238647461,1,1,1e-06,0.0
1,0.00474858283996582,1,1,1e-06,0.0
1,0.0042378902435302734,1,1,1e-06,0.0
1,0.011533737182617188,1,1,1e-06,0.0
1,0.0037658214569091797,1,1,1e-06,0.0
1,0.004467010498046875,1,1,1e-06,0.0
1,0.0033597946166992188,1,1,1e-06,0.0
1,0.0028765201568603516,1,1,1e-06,0.0
1,0.007720470428466797,1,1,1e-06,0.0
1,0.004440784454345703,1,1,1e-06,0.0
1,0.004117488861083984,1,1,1e-06,0.0
1,0.05604124069213867,1,1,1e-06,0.0
1,0.004015684127807617,1,1,1e-06,0.0
1,0.006833076477050781,1,1,1e-06,0.0
1,0.0033664703369140625,1,1,1e-06,0.0
1,0.0029633045196533203,1,1,1e-06,0.0
1,0.005629062652587891,1,1,1e-06,0.0
1,0.0035288333892822266,1,1,1e-06,0.0
1,0.03179931640625,1,1,1e-06,0.0
1,0.0031244754791259766,1,1,1e-06,0.0
1,0.0038404464721679688,1,1,1e-06,0.0
1,0.0035142898559570312,1,1,1e-06,0.0
1,0.01257634162902832,1,1,1e-06,0.0
1,0.012679338455200195,1,1,1e-06,0.0
1,0.0040187835693359375,1,1,1e-06,0.0
1,0.00528717041015625,1,1,1e-06,0.0
1,0.003571033477783203,1,1,1e-06,0.0
1,0.020995378494262695,1,1,1e-06,0.0
1,0.003328084945678711,1,1,1e-06,0.0
1,0.0036280155181884766,1,1,1e-06,0.0
1,0.007346630096435547,1,1,1e-06,0.0
1,0.0038785934448242188,1,1,1e-06,0.0
1,0.002936840057373047,1,1,1e-06,0.0
1,0.004069805145263672,1,1,1e-06,0.0
1,0.0050928592681884766,1,1,1e-06,0.0
1,0.006165504455566406,1,1,1e-06,0.0
1,0.0043981075286865234,1,1,1e-06,0.0
1,0.028527498245239258,1,1,1e-06,0.0
1,0.003540515899658203,1,1,1e-06,0.0
1,0.007104396820068359,1,1,1e-06,0.0
1,0.002644777297973633,1,1,1e-06,0.0
1,0.0026388168334960938,1,1,1e-06,0.0
1,0.002199888229370117,1,1,1e-06,0.0
1,0.0041921138763427734,1,1,1e-06,0.0
1,0.0036242008209228516,1,1,1e-06,0.0
1,0.002995729446411133,1,1,1e-06,0.0
1,0.0034308433532714844,1,1,1e-06,0.0
1,0.0043506622314453125,1,1,1e-06,0.0
1,0.0031576156616210938,1,1,1e-06,0.0
1,0.034810781478881836,1,1,1e-06,0.0
1,0.0027468204498291016,1,1,1e-06,0.0
1,0.0022127628326416016,1,1,1e-06,0.0
1,0.0036363601684570312,1,1,1e-06,0.0
1,0.0029430389404296875,1,1,1e-06,0.0
1,0.007006406784057617,1,1,1e-06,0.0
1,0.003531932830810547,1,1,1e-06,0.0
1,0.01955723762512207,1,1,1e-06,0.0
1,0.0037975311279296875,1,1,1e-06,0.0
1,0.0036106109619140625,1,1,1e-06,0.0
1,0.0204470157623291,1,1,1e-06,0.0
1,0.00266265869140625,1,1,1e-06,0.0
1,0.013598442077636719,1,1,1e-06,0.0
1,0.00561070442199707,1,1,1e-06,0.0
1,0.004173994064331055,1,1,1e-06,0.0
1,0.004422903060913086,1,1,1e-06,0.0
1,0.0047266483306884766,1,1,1e-06,0.0
1,0.004532814025878906,1,1,1e-06,0.0
1,0.004401206970214844,1,1,1e-06,0.0
1,0.003414154052734375,1,1,1e-06,0.0
1,0.06382584571838379,1,1,1e-06,0.0
1,0.0042803287506103516,1,1,1e-06,0.0
1,0.008084535598754883,1,1,1e-06,0.0
1,0.005596637725830078,1,1,1e-06,0.0
1,0.0034232139587402344,1,1,1e-06,0.0
1,0.04609823226928711,1,1,1e-06,0.0
1,0.002818584442138672,1,1,1e-06,0.0
1,0.0032372474670410156,1,1,1e-06,0.0
1,0.005289793014526367,1,1,1e-06,0.0
1,0.003867626190185547,1,1,1e-06,0.0
1,0.0031757354736328125,1,1,1e-06,0.0
1,0.0036368370056152344,1,1,1e-06,0.0
1,0.0036704540252685547,1,1,1e-06,0.0
1,0.0037844181060791016,1,1,1e-06,0.0
1,0.00392913818359375,1,1,1e-06,0.0
1,0.003020048141479492,1,1,1e-06,0.0
1,0.2364213466644287,1,1,1e-06,0.0
1,0.0031735897064208984,1,1,1e-06,0.0
1,0.002341032028198242,1,1,1e-06,0.0
1,0.0030608177185058594,1,1,1e-06,0.0
1,0.012203216552734375,1,1,1e-06,0.0
1,0.004171609878540039,1,1,1e-06,0.0
1,0.003409862518310547,1,1,1e-06,0.0
1,0.0019676685333251953,1,1,1e-06,0.0
1,0.006838560104370117,1,1,1e-06,0.0
1,0.005211353302001953,1,1,1e-06,0.0
1,0.0027523040771484375,1,1,1e-06,0.0
1,0.0031070709228515625,1,1,1e-06,0.0
1,0.002372264862060547,1,1,1e-06,0.0
1,0.004633426666259766,1,1,1e-06,0.0
1,0.032354116439819336,1,1,1e-06,0.0
1,0.006339311599731445,1,1,1e-06,0.0
1,0.002953052520751953,1,1,1e-06,0.0
1,0.002674102783203125,1,1,1e-06,0.0
1,0.002155303955078125,1,1,1e-06,0.0
1,0.006467342376708984,1,1,1e-06,0.0
1,0.007662534713745117,1,1,1e-06,0.0
1,0.0025157928466796875,1,1,1e-06,0.0
1,0.0030007362365722656,1,1,1e-06,0.0
1,0.0033843517303466797,1,1,1e-06,0.0
1,0.003932476043701172,1,1,1e-06,0.0
1,0.005661964416503906,1,1,1e-06,0.0
1,0.002886533737182617,1,1,1e-06,0.0
1,0.004032611846923828,1,1,1e-06,0.0
1,0.0044708251953125,1,1,1e-06,0.0
1,0.0031239986419677734,1,1,1e-06,0.0
1,0.008215904235839844,1,1,1e-06,0.0
1,0.03130674362182617,1,1,1e-06,0.0
1,0.02417588233947754,1,1,1e-06,0.0
1,0.003513336181640625,1,1,1e-06,0.0
1,0.0035254955291748047,1,1,1e-06,0.0
1,0.006823301315307617,1,1,1e-06,0.0
1,0.0031270980834960938,1,1,1e-06,0.0
1,0.0028803348541259766,1,1,1e-06,0.0
1,0.0034263134002685547,1,1,1e-06,0.0
1,0.02191638946533203,1,1,1e-06,0.0
1,0.0021004676818847656,1,1,1e-06,0.0
1,0.020217180252075195,1,1,1e-06,0.0
1,0.003384828567504883,1,1,1e-06,0.0
1,0.002310037612915039,1,1,1e-06,0.0
1,0.004767894744873047,1,1,1e-06,0.0
1,0.002743244171142578,1,1,1e-06,0.0
1,0.0066242218017578125,1,1,1e-06,0.0
1,0.00800943374633789,1,1,1e-06,0.0
1,0.004132509231567383,1,1,1e-06,0.0
1,0.0031824111938476562,1,1,1e-06,0.0
1,0.004640817642211914,1,1,1e-06,0.0
1,0.0036580562591552734,1,1,1e-06,0.0
1,0.0034050941467285156,1,1,1e-06,0.0
1,0.04486083984375,1,1,1e-06,0.0
1,0.005614042282104492,1,1,1e-06,0.0
1,0.003519773483276367,1,1,1e-06,0.0
1,0.006554841995239258,1,1,1e-06,0.0
1,0.0031387805938720703,1,1,1e-06,0.0
1,0.0025300979614257812,1,1,1e-06,0.0
1,0.0030732154846191406,1,1,1e-06,0.0
1,0.003715991973876953,1,1,1e-06,0.0
1,0.018149852752685547,1,1,1e-06,0.0
1,0.004879474639892578,1,1,1e-06,0.0
1,0.03152871131896973,1,1,1e-06,0.0
1,0.004808187484741211,1,1,1e-06,0.0
1,0.003598451614379883,1,1,1e-06,0.0
1,0.0038461685180664062,1,1,1e-06,0.0
1,0.0059528350830078125,1,1,1e-06,0.0
1,0.003134012222290039,1,1,1e-06,0.0
1,0.0034804344177246094,1,1,1e-06,0.0
1,0.007648944854736328,1,1,1e-06,0.0
1,0.0034012794494628906,1,1,1e-06,0.0
1,0.04277157783508301,1,1,1e-06,0.0
1,0.004764080047607422,1,1,1e-06,0.0
1,0.05438947677612305,1,1,1e-06,0.0
1,0.003300189971923828,1,1,1e-06,0.0
1,0.0035631656646728516,1,1,1e-06,0.0
1,0.0028197765350341797,1,1,1e-06,0.0
1,0.0034966468811035156,1,1,1e-06,0.0
1,0.0044782161712646484,1,1,1e-06,0.0
1,0.003201723098754883,1,1,1e-06,0.0
1,0.0037140846252441406,1,1,1e-06,0.0
1,0.06104159355163574,1,1,1e-06,0.0
1,0.006490230560302734,1,1,1e-06,0.0
1,0.004682064056396484,1,1,1e-06,0.0
1,0.0032062530517578125,1,1,1e-06,0.0
1,0.006867170333862305,1,1,1e-06,0.0
1,0.03625774383544922,1,1,1e-06,0.0
1,0.004062175750732422,1,1,1e-06,0.0
1,0.028564453125,1,1,1e-06,0.0
1,0.0030362606048583984,1,1,1e-06,0.0
1,0.0050563812255859375,1,1,1e-06,0.0
1,0.002669811248779297,1,1,1e-06,0.0
1,0.0051915645599365234,1,1,1e-06,0.0
1,0.0031919479370117188,1,1,1e-06,0.0
1,0.004162788391113281,1,1,1e-06,0.0
1,0.002881765365600586,1,1,1e-06,0.0
1,0.003442525863647461,1,1,1e-06,0.0
1,0.0035576820373535156,1,1,1e-06,0.0
1,0.00391387939453125,1,1,1e-06,0.0
1,0.0375218391418457,1,1,1e-06,0.0
1,0.003078937530517578,1,1,1e-06,0.0
1,0.004959821701049805,1,1,1e-06,0.0
1,0.02263641357421875,1,1,1e-06,0.0
1,0.008513450622558594,1,1,1e-06,0.0
1,0.0175933837890625,1,1,1e-06,0.0
1,0.005342960357666016,1,1,1e-06,0.0
1,0.003506183624267578,1,1,1e-06,0.0
1,0.0032160282135009766,1,1,1e-06,0.0
1,0.06289815902709961,1,1,1e-06,0.0
1,0.007584810256958008,1,1,1e-06,0.0
1,0.008003711700439453,1,1,1e-06,0.0
1,0.003422260284423828,1,1,1e-06,0.0
1,0.03546285629272461,1,1,1e-06,0.0
1,0.005723476409912109,1,1,1e-06,0.0
1,0.004004716873168945,1,1,1e-06,0.0
1,0.0028905868530273438,1,1,1e-06,0.0
1,0.08571767807006836,1,1,1e-06,0.0
1,0.31818389892578125,1,1,1e-06,0.0
1,0.01288294792175293,1,1,1e-06,0.0
1,0.003881216049194336,1,1,1e-06,0.0
1,0.003598928451538086,1,1,1e-06,0.0
1,0.008404016494750977,1,1,1e-06,0.0
1,0.026201248168945312,1,1,1e-06,0.0
1,0.0038175582885742188,1,1,1e-06,0.0
1,0.003961086273193359,1,1,1e-06,0.0
1,0.016303062438964844,1,1,1e-06,0.0
1,0.011104822158813477,1,1,1e-06,0.0
1,0.004620790481567383,1,1,1e-06,0.0
1,0.00632929801940918,1,1,1e-06,0.0
1,0.010906457901000977,1,1,1e-06,0.0
1,0.16388654708862305,1,1,1e-06,0.0
1,0.009506940841674805,1,1,1e-06,0.0
1,0.008228778839111328,1,1,1e-06,0.0
1,0.007110595703125,1,1,1e-06,0.0
1,0.029396533966064453,1,1,1e-06,0.0
1,0.019258737564086914,1,1,1e-06,0.0
1,0.059773921966552734,1,1,1e-06,0.0
1,0.05788898468017578,1,1,1e-06,0.0
1,0.024672985076904297,1,1,1e-06,0.0
1,0.00989389419555664,1,1,1e-06,0.0
1,0.004008769989013672,1,1,1e-06,0.0
1,0.03677988052368164,1,1,1e-06,0.0
1,0.03756976127624512,1,1,1e-06,0.0
1,0.004884481430053711,1,1,1e-06,0.0
1,0.21077680587768555,1,1,1e-06,0.0
1,0.0033369064331054688,1,1,1e-06,0.0
1,0.0033516883850097656,1,1,1e-06,0.0
1,0.02309250831604004,1,1,1e-06,0.0
1,0.002489328384399414,1,1,1e-06,0.0
1,0.002418041229248047,1,1,1e-06,0.0
1,0.035759925842285156,1,1,1e-06,0.0
1,0.02141737937927246,1,1,1e-06,0.0
1,0.0037314891815185547,1,1,1e-06,0.0
1,0.003237485885620117,1,1,1e-06,0.0
1,0.002774477005004883,1,1,1e-06,0.0
1,0.006167173385620117,1,1,1e-06,0.0
1,0.037117719650268555,1,1,1e-06,0.0
1,0.004872798919677734,1,1,1e-06,0.0
1,0.003290891647338867,1,1,1e-06,0.0
1,0.0041544437408447266,1,1,1e-06,0.0
1,0.0036420822143554688,1,1,1e-06,0.0
1,0.0033521652221679688,1,1,1e-06,0.0
1,0.004324913024902344,1,1,1e-06,0.0
1,0.004477024078369141,1,1,1e-06,0.0
1,0.004844188690185547,1,1,1e-06,0.0
1,0.003805398941040039,1,1,1e-06,0.0
1,0.0036890506744384766,1,1,1e-06,0.0
1,0.013048887252807617,1,1,1e-06,0.0
1,0.046721696853637695,1,1,1e-06,0.0
1,0.002989530563354492,1,1,1e-06,0.0
1,0.0033037662506103516,1,1,1e-06,0.0
1,0.18004059791564941,1,1,1e-06,0.0
1,0.004321575164794922,1,1,1e-06,0.0
1,0.18841791152954102,1,1,1e-06,0.0
1,0.010499954223632812,1,1,1e-06,0.0
1,0.0042569637298583984,1,1,1e-06,0.0
1,0.0068547725677490234,1,1,1e-06,0.0
1,0.016397953033447266,1,1,1e-06,0.0
1,0.005051612854003906,1,1,1e-06,0.0
1,0.0333094596862793,1,1,1e-06,0.0
1,0.0045697689056396484,1,1,1e-06,0.0
1,0.0052645206451416016,1,1,1e-06,0.0
1,0.003840923309326172,1,1,1e-06,0.0
1,0.0037856101989746094,1,1,1e-06,0.0
1,0.051160573959350586,1,1,1e-06,0.0
1,0.004330873489379883,1,1,1e-06,0.0
1,0.004576444625854492,1,1,1e-06,0.0
1,0.0033969879150390625,1,1,1e-06,0.0
1,0.0023040771484375,1,1,1e-06,0.0
1,0.003489255905151367,1,1,1e-06,0.0
1,0.003016233444213867,1,1,1e-06,0.0
1,0.0031960010528564453,1,1,1e-06,0.0
1,0.0031430721282958984,1,1,1e-06,0.0
1,0.0030541419982910156,1,1,1e-06,0.0
1,0.023975133895874023,1,1,1e-06,0.0
1,0.0038313865661621094,1,1,1e-06,0.0
1,0.020078182220458984,1,1,1e-06,0.0
1,0.0028340816497802734,1,1,1e-06,0.0
1,0.0030269622802734375,1,1,1e-06,0.0
1,0.0043697357177734375,1,1,1e-06,0.0
1,0.004208564758300781,1,1,1e-06,0.0
1,0.0026917457580566406,1,1,1e-06,0.0
1,0.007077693939208984,1,1,1e-06,0.0
1,0.002892732620239258,1,1,1e-06,0.0
1,0.004006385803222656,1,1,1e-06,0.0
1,0.003830432891845703,1,1,1e-06,0.0
1,0.0067424774169921875,1,1,1e-06,0.0
1,0.0037584304809570312,1,1,1e-06,0.0
1,0.0042476654052734375,1,1,1e-06,0.0
1,0.0046727657318115234,1,1,1e-06,0.0
1,0.057950496673583984,1,1,1e-06,0.0
1,0.0032258033752441406,1,1,1e-06,0.0
1,0.025806903839111328,1,1,1e-06,0.0
1,0.002772808074951172,1,1,1e-06,0.0
1,0.002766847610473633,1,1,1e-06,0.0
1,0.0036673545837402344,1,1,1e-06,0.0
1,0.0031697750091552734,1,1,1e-06,0.0
1,0.004532337188720703,1,1,1e-06,0.0
1,0.004056215286254883,1,1,1e-06,0.0
1,0.004170894622802734,1,1,1e-06,0.0
1,0.003519773483276367,1,1,1e-06,0.0
1,0.0032012462615966797,1,1,1e-06,0.0
1,0.02815413475036621,1,1,1e-06,0.0
1,0.003885507583618164,1,1,1e-06,0.0
1,0.003701925277709961,1,1,1e-06,0.0
1,0.0033965110778808594,1,1,1e-06,0.0
1,0.0024602413177490234,1,1,1e-06,0.0
1,0.002870321273803711,1,1,1e-06,0.0
1,0.008500337600708008,1,1,1e-06,0.0
1,0.007409572601318359,1,1,1e-06,0.0
1,0.004187583923339844,1,1,1e-06,0.0
1,0.0029382705688476562,1,1,1e-06,0.0
1,0.0271914005279541,1,1,1e-06,0.0
1,0.0029649734497070312,1,1,1e-06,0.0
1,0.0029611587524414062,1,1,1e-06,0.0
1,0.002886056900024414,1,1,1e-06,0.0
1,0.0025064945220947266,1,1,1e-06,0.0
1,0.0029103755950927734,1,1,1e-06,0.0
1,0.003720998764038086,1,1,1e-06,0.0
1,0.013353109359741211,1,1,1e-06,0.0
1,0.003190279006958008,1,1,1e-06,0.0
1,0.002835512161254883,1,1,1e-06,0.0
1,0.0033817291259765625,1,1,1e-06,0.0
1,0.005699634552001953,1,1,1e-06,0.0
1,0.0037343502044677734,1,1,1e-06,0.0
1,0.004553318023681641,1,1,1e-06,0.0
1,0.003245830535888672,1,1,1e-06,0.0
1,0.02892279624938965,1,1,1e-06,0.0
1,0.007227897644042969,1,1,1e-06,0.0
1,0.003171205520629883,1,1,1e-06,0.0
1,0.003187894821166992,1,1,1e-06,0.0
1,0.02084803581237793,1,1,1e-06,0.0
1,0.0038251876831054688,1,1,1e-06,0.0
1,0.005125522613525391,1,1,1e-06,0.0
1,0.0037567615509033203,1,1,1e-06,0.0
1,0.004794597625732422,1,1,1e-06,0.0
1,0.04445767402648926,1,1,1e-06,0.0
1,0.0025701522827148438,1,1,1e-06,0.0
1,0.004698991775512695,1,1,1e-06,0.0
1,0.00417017936706543,1,1,1e-06,0.0
1,0.003467082977294922,1,1,1e-06,0.0
1,0.0040988922119140625,1,1,1e-06,0.0
1,0.022394180297851562,1,1,1e-06,0.0
1,0.0031540393829345703,1,1,1e-06,0.0
1,0.006530046463012695,1,1,1e-06,0.0
1,0.0029006004333496094,1,1,1e-06,0.0
1,0.003283262252807617,1,1,1e-06,0.0
1,0.0034089088439941406,1,1,1e-06,0.0
1,0.0026581287384033203,1,1,1e-06,0.0
1,0.025501489639282227,1,1,1e-06,0.0
1,0.009460926055908203,1,1,1e-06,0.0
1,0.0035979747772216797,1,1,1e-06,0.0
1,0.003058910369873047,1,1,1e-06,0.0
1,0.003441333770751953,1,1,1e-06,0.0
1,0.002964496612548828,1,1,1e-06,0.0
1,0.0029571056365966797,1,1,1e-06,0.0
1,0.04734539985656738,1,1,1e-06,0.0
1,0.0032377243041992188,1,1,1e-06,0.0
1,0.006648540496826172,1,1,1e-06,0.0
1,0.02615666389465332,1,1,1e-06,0.0
1,0.0030765533447265625,1,1,1e-06,0.0
1,0.00817728042602539,1,1,1e-06,0.0
1,0.003463268280029297,1,1,1e-06,0.0
1,0.007938385009765625,1,1,1e-06,0.0
1,0.004029989242553711,1,1,1e-06,0.0
1,0.0047185420989990234,1,1,1e-06,0.0
1,0.006484508514404297,1,1,1e-06,0.0
1,0.005115985870361328,1,1,1e-06,0.0
1,0.00407099723815918,1,1,1e-06,0.0
1,0.0022101402282714844,1,1,1e-06,0.0
1,0.0376591682434082,1,1,1e-06,0.0
1,0.0030062198638916016,1,1,1e-06,0.0
1,0.006772279739379883,1,1,1e-06,0.0
1,0.004107952117919922,1,1,1e-06,0.0
1,0.003427267074584961,1,1,1e-06,0.0
1,0.005296945571899414,1,1,1e-06,0.0
1,0.003882884979248047,1,1,1e-06,0.0
1,0.0035583972930908203,1,1,1e-06,0.0
1,0.010710954666137695,1,1,1e-06,0.0
1,0.003000974655151367,1,1,1e-06,0.0
1,0.003696918487548828,1,1,1e-06,0.0
1,0.019304990768432617,1,1,1e-06,0.0
1,0.027907371520996094,1,1,1e-06,0.0
1,0.0047855377197265625,1,1,1e-06,0.0
1,0.0032253265380859375,1,1,1e-06,0.0
1,0.0032625198364257812,1,1,1e-06,0.0
1,0.052815914154052734,1,1,1e-06,0.0
1,0.0025413036346435547,1,1,1e-06,0.0
1,0.0032329559326171875,1,1,1e-06,0.0
1,0.003693103790283203,1,1,1e-06,0.0
1,0.002585887908935547,1,1,1e-06,0.0
1,0.002688884735107422,1,1,1e-06,0.0
1,0.010851144790649414,1,1,1e-06,0.0
1,0.0023300647735595703,1,1,1e-06,0.0
1,0.028370141983032227,1,1,1e-06,0.0
1,0.002968311309814453,1,1,1e-06,0.0
1,0.027531862258911133,1,1,1e-06,0.0
1,0.0027649402618408203,1,1,1e-06,0.0
1,0.003711223602294922,1,1,1e-06,0.0
1,0.0039365291595458984,1,1,1e-06,0.0
1,0.0030851364135742188,1,1,1e-06,0.0
1,0.002342700958251953,1,1,1e-06,0.0
1,0.021195173263549805,1,1,1e-06,0.0
1,0.004568576812744141,1,1,1e-06,0.0
1,0.002377748489379883,1,1,1e-06,0.0
1,0.014568090438842773,1,1,1e-06,0.0
1,0.01627659797668457,1,1,1e-06,0.0
1,0.0027577877044677734,1,1,1e-06,0.0
1,0.002312898635864258,1,1,1e-06,0.0
1,0.02599334716796875,1,1,1e-06,0.0
1,0.013521909713745117,1,1,1e-06,0.0
1,0.024976253509521484,1,1,1e-06,0.0
1,0.0028803348541259766,1,1,1e-06,0.0
1,0.004233837127685547,1,1,1e-06,0.0
1,0.004860639572143555,1,1,1e-06,0.0
1,0.0043833255767822266,1,1,1e-06,0.0
1,0.013427972793579102,1,1,1e-06,0.0
1,0.004254579544067383,1,1,1e-06,0.0
1,0.003522157669067383,1,1,1e-06,0.0
1,0.019008398056030273,1,1,1e-06,0.0
1,0.0033223628997802734,1,1,1e-06,0.0
1,0.006501197814941406,1,1,1e-06,0.0
1,0.002567768096923828,1,1,1e-06,0.0
1,0.002501249313354492,1,1,1e-06,0.0
1,0.0068018436431884766,1,1,1e-06,0.0
1,0.002976655960083008,1,1,1e-06,0.0
1,0.0021305084228515625,1,1,1e-06,0.0
1,0.0037147998809814453,1,1,1e-06,0.0
1,0.003956794738769531,1,1,1e-06,0.0
1,0.002892732620239258,1,1,1e-06,0.0
1,0.004995584487915039,1,1,1e-06,0.0
1,0.0029664039611816406,1,1,1e-06,0.0
1,0.003631114959716797,1,1,1e-06,0.0
1,0.003333568572998047,1,1,1e-06,0.0
1,0.03968977928161621,1,1,1e-06,0.0
1,0.004695415496826172,1,1,1e-06,0.0
1,0.013568639755249023,1,1,1e-06,0.0
1,0.004576206207275391,1,1,1e-06,0.0
1,0.0213162899017334,1,1,1e-06,0.0
1,0.002396106719970703,1,1,1e-06,0.0
1,0.07523250579833984,1,1,1e-06,0.0
1,0.0032966136932373047,1,1,1e-06,0.0
1,0.003703594207763672,1,1,1e-06,0.0
1,0.002296924591064453,1,1,1e-06,0.0
1,0.0022406578063964844,1,1,1e-06,0.0
1,0.0021216869354248047,1,1,1e-06,0.0
1,0.0024008750915527344,1,1,1e-06,0.0
1,0.003210306167602539,1,1,1e-06,0.0
1,0.0025594234466552734,1,1,1e-06,0.0
1,0.004517078399658203,1,1,1e-06,0.0
1,0.004098176956176758,1,1,1e-06,0.0
1,0.0033042430877685547,1,1,1e-06,0.0
1,0.003943681716918945,1,1,1e-06,0.0
1,0.004304647445678711,1,1,1e-06,0.0
1,0.0026221275329589844,1,1,1e-06,0.0
1,0.0026807785034179688,1,1,1e-06,0.0
1,0.0025873184204101562,1,1,1e-06,0.0
1,0.0022177696228027344,1,1,1e-06,0.0
1,0.0038962364196777344,1,1,1e-06,0.0
1,0.0030829906463623047,1,1,1e-06,0.0
1,0.008426904678344727,1,1,1e-06,0.0
1,0.013009071350097656,1,1,1e-06,0.0
1,0.002996683120727539,1,1,1e-06,0.0
1,0.006224155426025391,1,1,1e-06,0.0
1,0.0028340816497802734,1,1,1e-06,0.0
1,0.0029306411743164062,1,1,1e-06,0.0
1,0.003518819808959961,1,1,1e-06,0.0
1,0.005122184753417969,1,1,1e-06,0.0
1,0.006625652313232422,1,1,1e-06,0.0
1,0.0038924217224121094,1,1,1e-06,0.0
1,0.024704694747924805,1,1,1e-06,0.0
1,0.0026373863220214844,1,1,1e-06,0.0
1,0.0028181076049804688,1,1,1e-06,0.0
1,0.003976583480834961,1,1,1e-06,0.0
1,0.0021789073944091797,1,1,1e-06,0.0
1,0.003111600875854492,1,1,1e-06,0.0
1,0.037389516830444336,1,1,1e-06,0.0
1,0.003107309341430664,1,1,1e-06,0.0
1,0.03139352798461914,1,1,1e-06,0.0
1,0.0031731128692626953,1,1,1e-06,0.0
1,0.0028226375579833984,1,1,1e-06,0.0
1,0.007063150405883789,1,1,1e-06,0.0
1,0.008029699325561523,1,1,1e-06,0.0
1,0.002660512924194336,1,1,1e-06,0.0
1,0.002096891403198242,1,1,1e-06,0.0
1,0.0024521350860595703,1,1,1e-06,0.0
1,0.0034062862396240234,1,1,1e-06,0.0
1,0.0034897327423095703,1,1,1e-06,0.0
1,0.0028693675994873047,1,1,1e-06,0.0
1,0.0027358531951904297,1,1,1e-06,0.0
1,0.001995086669921875,1,1,1e-06,0.0
1,0.003062725067138672,1,1,1e-06,0.0
1,0.007386207580566406,1,1,1e-06,0.0
1,0.008580684661865234,1,1,1e-06,0.0
1,0.007185220718383789,1,1,1e-06,0.0
1,0.003367185592651367,1,1,1e-06,0.0
1,0.005963325500488281,1,1,1e-06,0.0
1,0.006863594055175781,1,1,1e-06,0.0
1,0.002943277359008789,1,1,1e-06,0.0
1,0.0034918785095214844,1,1,1e-06,0.0
1,0.003398895263671875,1,1,1e-06,0.0
1,0.0065860748291015625,1,1,1e-06,0.0
1,0.004009246826171875,1,1,1e-06,0.0
1,0.0029990673065185547,1,1,1e-06,0.0
1,0.0038187503814697266,1,1,1e-06,0.0
1,0.013761281967163086,1,1,1e-06,0.0
1,0.016054153442382812,1,1,1e-06,0.0
1,0.0047800540924072266,1,1,1e-06,0.0
1,0.006585836410522461,1,1,1e-06,0.0
1,0.002584695816040039,1,1,1e-06,0.0
1,0.003551959991455078,1,1,1e-06,0.0
1,0.004442691802978516,1,1,1e-06,0.0
1,0.013195514678955078,1,1,1e-06,0.0
1,0.003075122833251953,1,1,1e-06,0.0
1,0.022187232971191406,1,1,1e-06,0.0
1,0.003433704376220703,1,1,1e-06,0.0
1,0.0025873184204101562,1,1,1e-06,0.0
1,0.0027163028717041016,1,1,1e-06,0.0
1,0.002605915069580078,1,1,1e-06,0.0
1,0.003364086151123047,1,1,1e-06,0.0
1,0.0029006004333496094,1,1,1e-06,0.0
1,0.0032896995544433594,1,1,1e-06,0.0
1,0.030608177185058594,1,1,1e-06,0.0
1,0.002314329147338867,1,1,1e-06,0.0
1,0.002518177032470703,1,1,1e-06,0.0
1,0.0024957656860351562,1,1,1e-06,0.0
1,0.0176846981048584,1,1,1e-06,0.0
1,0.008085012435913086,1,1,1e-06,0.0
1,0.0037376880645751953,1,1,1e-06,0.0
1,0.00223541259765625,1,1,1e-06,0.0
1,0.003236532211303711,1,1,1e-06,0.0
1,0.005879878997802734,1,1,1e-06,0.0
1,0.0030524730682373047,1,1,1e-06,0.0
1,0.0037055015563964844,1,1,1e-06,0.0
1,0.002921581268310547,1,1,1e-06,0.0
1,0.0042705535888671875,1,1,1e-06,0.0
1,0.09453606605529785,1,1,1e-06,0.0
1,0.0024089813232421875,1,1,1e-06,0.0
1,0.002850055694580078,1,1,1e-06,0.0
1,0.0030143260955810547,1,1,1e-06,0.0
1,0.0021736621856689453,1,1,1e-06,0.0
1,0.003287792205810547,1,1,1e-06,0.0
1,0.0027153491973876953,1,1,1e-06,0.0
1,0.005249738693237305,1,1,1e-06,0.0
0,1.0036356449127197,0,0,,0.0
1,0.0034732818603515625,1,1,1e-06,0.0
1,0.0036742687225341797,1,1,1e-06,0.0
1,0.0031588077545166016,1,1,1e-06,0.0
1,0.0025606155395507812,1,1,1e-06,0.0
1,0.01676630973815918,1,1,1e-06,0.0
1,0.007187843322753906,1,1,1e-06,0.0
1,0.02858257293701172,1,1,1e-06,0.0
1,0.0037393569946289062,1,1,1e-06,0.0
1,0.004268646240234375,1,1,1e-06,0.0
1,0.005541324615478516,1,1,1e-06,0.0
1,0.003434419631958008,1,1,1e-06,0.0
1,0.05627632141113281,1,1,1e-06,0.0
1,0.0031299591064453125,1,1,1e-06,0.0
1,0.0030434131622314453,1,1,1e-06,0.0
1,0.0036089420318603516,1,1,1e-06,0.0
1,0.006026506423950195,1,1,1e-06,0.0
1,0.023154497146606445,1,1,1e-06,0.0
1,0.0056073665618896484,1,1,1e-06,0.0
1,0.002962827682495117,1,1,1e-06,0.0
1,0.0030870437622070312,1,1,1e-06,0.0
1,0.003291606903076172,1,1,1e-06,0.0
1,0.002960681915283203,1,1,1e-06,0.0
1,0.003178119659423828,1,1,1e-06,0.0
1,0.003625631332397461,1,1,1e-06,0.0
1,0.006639957427978516,1,1,1e-06,0.0
1,0.005681514739990234,1,1,1e-06,0.0
1,0.034242868423461914,1,1,1e-06,0.0
1,0.003080606460571289,1,1,1e-06,0.0
1,0.0041887760162353516,1,1,1e-06,0.0
1,0.004725456237792969,1,1,1e-06,0.0
1,0.0032465457916259766,1,1,1e-06,0.0
1,0.005075931549072266,1,1,1e-06,0.0
1,0.005086421966552734,1,1,1e-06,0.0
1,0.0063817501068115234,1,1,1e-06,0.0
1,0.009741067886352539,1,1,1e-06,0.0
1,0.003535747528076172,1,1,1e-06,0.0
1,0.003422260284423828,1,1,1e-06,0.0
1,0.004593372344970703,1,1,1e-06,0.0
1,0.0038585662841796875,1,1,1e-06,0.0
1,0.004706382751464844,1,1,1e-06,0.0
1,0.005063533782958984,1,1,1e-06,0.0
1,0.004628658294677734,1,1,1e-06,0.0
1,0.008380889892578125,1,1,1e-06,0.0
1,0.004523277282714844,1,1,1e-06,0.0
1,0.027629613876342773,1,1,1e-06,0.0
1,0.003100872039794922,1,1,1e-06,0.0
1,0.0037817955017089844,1,1,1e-06,0.0
1,0.0056803226470947266,1,1,1e-06,0.0
1,0.04030203819274902,1,1,1e-06,0.0
1,0.003699064254760742,1,1,1e-06,0.0
1,0.003250598907470703,1,1,1e-06,0.0
1,0.003606081008911133,1,1,1e-06,0.0
1,0.0043756961822509766,1,1,1e-06,0.0
1,0.002696514129638672,1,1,1e-06,0.0
1,0.0028252601623535156,1,1,1e-06,0.0
1,0.003867626190185547,1,1,1e-06,0.0
1,0.004205465316772461,1,1,1e-06,0.0
1,0.00518488883972168,1,1,1e-06,0.0
1,0.16537261009216309,1,1,1e-06,0.0
1,0.0022056102752685547,1,1,1e-06,0.0
1,0.012728452682495117,1,1,1e-06,0.0
1,0.006494283676147461,1,1,1e-06,0.0
1,0.0023255348205566406,1,1,1e-06,0.0
1,0.002472400665283203,1,1,1e-06,0.0
1,0.0026285648345947266,1,1,1e-06,0.0
1,0.004728794097900391,1,1,1e-06,0.0
1,0.002772092819213867,1,1,1e-06,0.0
1,0.0024504661560058594,1,1,1e-06,0.0
1,0.030061006546020508,1,1,1e-06,0.0
1,0.0029337406158447266,1,1,1e-06,0.0
1,0.005621910095214844,1,1,1e-06,0.0
1,0.002604961395263672,1,1,1e-06,0.0
1,0.0029952526092529297,1,1,1e-06,0.0
1,0.0019953250885009766,1,1,1e-06,0.0
1,0.03717350959777832,1,1,1e-06,0.0
1,0.004253864288330078,1,1,1e-06,0.0
1,0.003308534622192383,1,1,1e-06,0.0
1,0.012493133544921875,1,1,1e-06,0.0
1,0.0029044151306152344,1,1,1e-06,0.0
1,0.039994001388549805,1,1,1e-06,0.0
1,0.0030355453491210938,1,1,1e-06,0.0
1,0.003240346908569336,1,1,1e-06,0.0
1,0.004660844802856445,1,1,1e-06,0.0
1,0.002627134323120117,1,1,1e-06,0.0
1,0.0030159950256347656,1,1,1e-06,0.0
1,0.01395869255065918,1,1,1e-06,0.0
1,0.0024704933166503906,1,1,1e-06,0.0
1,0.04798555374145508,1,1,1e-06,0.0
1,0.04152202606201172,1,1,1e-06,0.0
1,0.0029931068420410156,1,1,1e-06,0.0
1,0.0031363964080810547,1,1,1e-06,0.0
1,0.004536867141723633,1,1,1e-06,0.0
1,0.0030989646911621094,1,1,1e-06,0.0
1,0.0036182403564453125,1,1,1e-06,0.0
1,0.0052297115325927734,1,1,1e-06,0.0
1,0.002814054489135742,1,1,1e-06,0.0
1,0.003929853439331055,1,1,1e-06,0.0
1,0.0025310516357421875,1,1,1e-06,0.0
1,0.0368802547454834,1,1,1e-06,0.0
1,0.003685474395751953,1,1,1e-06,0.0
1,0.003481626510620117,1,1,1e-06,0.0
1,0.002817869186401367,1,1,1e-06,0.0
1,0.002561807632446289,1,1,1e-06,0.0
1,0.0029327869415283203,1,1,1e-06,0.0
1,0.0035948753356933594,1,1,1e-06,0.0
1,0.026575326919555664,1,1,1e-06,0.0
1,0.0028831958770751953,1,1,1e-06,0.0
1,0.0029511451721191406,1,1,1e-06,0.0
1,0.0031278133392333984,1,1,1e-06,0.0
1,0.002970457077026367,1,1,1e-06,0.0
1,0.0064084529876708984,1,1,1e-06,0.0
1,0.0069637298583984375,1,1,1e-06,0.0
1,0.003242969512939453,1,1,1e-06,0.0
1,0.013269662857055664,1,1,1e-06,0.0
1,0.019383668899536133,1,1,1e-06,0.0
1,0.0031142234802246094,1,1,1e-06,0.0
1,0.0030815601348876953,1,1,1e-06,0.0
1,0.002961874008178711,1,1,1e-06,0.0
1,0.023217201232910156,1,1,1e-06,0.0
1,0.003200054168701172,1,1,1e-06,0.0
1,0.008269309997558594,1,1,1e-06,0.0
1,0.003355264663696289,1,1,1e-06,0.0
1,0.004603385925292969,1,1,1e-06,0.0
1,0.002016782760620117,1,1,1e-06,0.0
1,0.0020520687103271484,1,1,1e-06,0.0
1,0.09460830688476562,1,1,1e-06,0.0
1,0.022324323654174805,1,1,1e-06,0.0
1,0.026432037353515625,1,1,1e-06,0.0
1,0.003270864486694336,1,1,1e-06,0.0
1,0.0028192996978759766,1,1,1e-06,0.0
1,0.0030755996704101562,1,1,1e-06,0.0
1,0.0058214664459228516,1,1,1e-06,0.0
1,0.04679441452026367,1,1,1e-06,0.0
1,0.002695798873901367,1,1,1e-06,0.0
1,0.004465341567993164,1,1,1e-06,0.0
1,0.030493974685668945,1,1,1e-06,0.0
1,0.022526979446411133,1,1,1e-06,0.0
1,0.007054805755615234,1,1,1e-06,0.0
1,0.0023288726806640625,1,1,1e-06,0.0
1,0.0024657249450683594,1,1,1e-06,0.0
1,0.0029752254486083984,1,1,1e-06,0.0
1,0.002339601516723633,1,1,1e-06,0.0
1,0.002747774124145508,1,1,1e-06,0.0
1,0.003278493881225586,1,1,1e-06,0.0
1,0.0025908946990966797,1,1,1e-06,0.0
1,0.006538867950439453,1,1,1e-06,0.0
1,0.0030655860900878906,1,1,1e-06,0.0
1,0.0034999847412109375,1,1,1e-06,0.0
1,0.007666110992431641,1,1,1e-06,0.0
1,0.003901958465576172,1,1,1e-06,0.0
1,0.0024673938751220703,1,1,1e-06,0.0
1,0.007498979568481445,1,1,1e-06,0.0
1,0.01126241683959961,1,1,1e-06,0.0
1,0.003184795379638672,1,1,1e-06,0.0
1,0.004533290863037109,1,1,1e-06,0.0
1,0.005999326705932617,1,1,1e-06,0.0
1,0.0029058456420898438,1,1,1e-06,0.0
1,0.008753538131713867,1,1,1e-06,0.0
1,0.002602815628051758,1,1,1e-06,0.0
1,0.0021708011627197266,1,1,1e-06,0.0
1,0.02020716667175293,1,1,1e-06,0.0
1,0.0034477710723876953,1,1,1e-06,0.0
1,0.00299072265625,1,1,1e-06,0.0
1,0.0024878978729248047,1,1,1e-06,0.0
1,0.003095388412475586,1,1,1e-06,0.0
1,0.0028002262115478516,1,1,1e-06,0.0
1,0.012610673904418945,1,1,1e-06,0.0
1,0.0025658607482910156,1,1,1e-06,0.0
1,0.0034515857696533203,1,1,1e-06,0.0
1,0.0034055709838867188,1,1,1e-06,0.0
1,0.003586292266845703,1,1,1e-06,0.0
1,0.0030176639556884766,1,1,1e-06,0.0
1,0.002371072769165039,1,1,1e-06,0.0
1,0.019400835037231445,1,1,1e-06,0.0
1,0.002370119094848633,1,1,1e-06,0.0
1,0.0030400753021240234,1,1,1e-06,0.0
1,0.027241230010986328,1,1,1e-06,0.0
1,0.016759395599365234,1,1,1e-06,0.0
1,0.002584218978881836,1,1,1e-06,0.0
1,0.002902507781982422,1,1,1e-06,0.0
1,0.022548675537109375,1,1,1e-06,0.0
1,0.01862478256225586,1,1,1e-06,0.0
1,0.03847813606262207,1,1,1e-06,0.0
1,0.0023963451385498047,1,1,1e-06,0.0
1,0.002259969711303711,1,1,1e-06,0.0
1,0.0022346973419189453,1,1,1e-06,0.0
1,0.006615400314331055,1,1,1e-06,0.0
1,0.0020639896392822266,1,1,1e-06,0.0
1,0.0072002410888671875,1,1,1e-06,0.0
1,0.0032951831817626953,1,1,1e-06,0.0
1,0.013689041137695312,1,1,1e-06,0.0
1,0.0028624534606933594,1,1,1e-06,0.0
1,0.002447843551635742,1,1,1e-06,0.0
1,0.0056209564208984375,1,1,1e-06,0.0
1,0.003225564956665039,1,1,1e-06,0.0
1,0.0035638809204101562,1,1,1e-06,0.0
1,0.0070438385009765625,1,1,1e-06,0.0
1,0.007195949554443359,1,1,1e-06,0.0
1,0.003595113754272461,1,1,1e-06,0.0
1,0.004573345184326172,1,1,1e-06,0.0
1,0.0029001235961914062,1,1,1e-06,0.0
1,0.002566814422607422,1,1,1e-06,0.0
1,0.013816118240356445,1,1,1e-06,0.0
1,0.002568960189819336,1,1,1e-06,0.0
1,0.003562450408935547,1,1,1e-06,0.0
1,0.003649473190307617,1,1,1e-06,0.0
1,0.00649571418762207,1,1,1e-06,0.0
1,0.003131866455078125,1,1,1e-06,0.0
1,0.0060918331146240234,1,1,1e-06,0.0
1,0.015187978744506836,1,1,1e-06,0.0
1,0.0033240318298339844,1,1,1e-06,0.0
1,0.002855539321899414,1,1,1e-06,0.0
1,0.006387472152709961,1,1,1e-06,0.0
1,0.0033152103424072266,1,1,1e-06,0.0
1,0.013425350189208984,1,1,1e-06,0.0
1,0.05978131294250488,1,1,1e-06,0.0
1,0.015528678894042969,1,1,1e-06,0.0
1,0.0029478073120117188,1,1,1e-06,0.0
1,0.004672527313232422,1,1,1e-06,0.0
1,0.0029990673065185547,1,1,1e-06,0.0
1,0.0029582977294921875,1,1,1e-06,0.0
1,0.0029706954956054688,1,1,1e-06,0.0
1,0.003014087677001953,1,1,1e-06,0.0
1,0.003083944320678711,1,1,1e-06,0.0
1,0.0031735897064208984,1,1,1e-06,0.0
1,0.004679441452026367,1,1,1e-06,0.0
1,0.003340005874633789,1,1,1e-06,0.0
1,0.002286195755004883,1,1,1e-06,0.0
1,0.0025451183319091797,1,1,1e-06,0.0
1,0.004578351974487305,1,1,1e-06,0.0
1,0.0035817623138427734,1,1,1e-06,0.0
1,0.005563020706176758,1,1,1e-06,0.0
1,0.002343893051147461,1,1,1e-06,0.0
1,0.0028684139251708984,1,1,1e-06,0.0
1,0.03793644905090332,1,1,1e-06,0.0
1,0.004324674606323242,1,1,1e-06,0.0
1,0.01355743408203125,1,1,1e-06,0.0
1,0.002397298812866211,1,1,1e-06,0.0
1,0.01277923583984375,1,1,1e-06,0.0
1,0.004425048828125,1,1,1e-06,0.0
1,0.002470731735229492,1,1,1e-06,0.0
1,0.0029816627502441406,1,1,1e-06,0.0
1,0.0030202865600585938,1,1,1e-06,0.0
1,0.005803823471069336,1,1,1e-06,0.0
1,0.002646923065185547,1,1,1e-06,0.0
1,0.006424427032470703,1,1,1e-06,0.0
1,0.007673501968383789,1,1,1e-06,0.0
1,0.00636744499206543,1,1,1e-06,0.0
1,0.004225254058837891,1,1,1e-06,0.0
1,0.005678415298461914,1,1,1e-06,0.0
1,0.0038666725158691406,1,1,1e-06,0.0
1,0.00827932357788086,1,1,1e-06,0.0
1,0.0026590824127197266,1,1,1e-06,0.0
1,0.0037300586700439453,1,1,1e-06,0.0
1,0.003201007843017578,1,1,1e-06,0.0
1,0.00390934944152832,1,1,1e-06,0.0
1,0.002576112747192383,1,1,1e-06,0.0
1,0.0026099681854248047,1,1,1e-06,0.0
1,0.003031492233276367,1,1,1e-06,0.0
1,0.0023946762084960938,1,1,1e-06,0.0
1,0.002262592315673828,1,1,1e-06,0.0
1,0.002318143844604492,1,1,1e-06,0.0
1,0.003221273422241211,1,1,1e-06,0.0
1,0.01590871810913086,1,1,1e-06,0.0
1,0.0038928985595703125,1,1,1e-06,0.0
1,0.0034699440002441406,1,1,1e-06,0.0
1,0.01374197006225586,1,1,1e-06,0.0
1,0.027568340301513672,1,1,1e-06,0.0
1,0.002727985382080078,1,1,1e-06,0.0
1,0.001972675323486328,1,1,1e-06,0.0
1,0.014678478240966797,1,1,1e-06,0.0
1,0.003690958023071289,1,1,1e-06,0.0
1,0.0029730796813964844,1,1,1e-06,0.0
1,0.01569080352783203,1,1,1e-06,0.0
1,0.002826213836669922,1,1,1e-06,0.0
1,0.004476785659790039,1,1,1e-06,0.0
1,0.0034999847412109375,1,1,1e-06,0.0
1,0.003170490264892578,1,1,1e-06,0.0
1,0.0027010440826416016,1,1,1e-06,0.0
1,0.002888917922973633,1,1,1e-06,0.0
1,0.03280520439147949,1,1,1e-06,0.0
1,0.015480518341064453,1,1,1e-06,0.0
1,0.0069806575775146484,1,1,1e-06,0.0
1,0.0026810169219970703,1,1,1e-06,0.0
1,0.005064725875854492,1,1,1e-06,0.0
1,0.0026535987854003906,1,1,1e-06,0.0
1,0.002785921096801758,1,1,1e-06,0.0
1,0.003228902816772461,1,1,1e-06,0.0
1,0.00858759880065918,1,1,1e-06,0.0
1,0.013825654983520508,1,1,1e-06,0.0
1,0.018993616104125977,1,1,1e-06,0.0
1,0.003943920135498047,1,1,1e-06,0.0
1,0.003994941711425781,1,1,1e-06,0.0
1,0.0021741390228271484,1,1,1e-06,0.0
1,0.008675336837768555,1,1,1e-06,0.0
1,0.0119476318359375,1,1,1e-06,0.0
1,0.0031604766845703125,1,1,1e-06,0.0
1,0.002646923065185547,1,1,1e-06,0.0
1,0.002533435821533203,1,1,1e-06,0.0
1,0.003107786178588867,1,1,1e-06,0.0
1,0.0028443336486816406,1,1,1e-06,0.0
1,0.0027573108673095703,1,1,1e-06,0.0
1,0.00513911247253418,1,1,1e-06,0.0
1,0.002351522445678711,1,1,1e-06,0.0
1,0.0029125213623046875,1,1,1e-06,0.0
1,0.0037488937377929688,1,1,1e-06,0.0
1,0.020953655242919922,1,1,1e-06,0.0
1,0.003226041793823242,1,1,1e-06,0.0
1,0.004456758499145508,1,1,1e-06,0.0
1,0.005028724670410156,1,1,1e-06,0.0
1,0.003444671630859375,1,1,1e-06,0.0
1,0.002712249755859375,1,1,1e-06,0.0
1,0.0022466182708740234,1,1,1e-06,0.0
1,0.00292205810546875,1,1,1e-06,0.0
1,0.0032160282135009766,1,1,1e-06,0.0
1,0.006195783615112305,1,1,1e-06,0.0
1,0.002889394760131836,1,1,1e-06,0.0
1,0.002904653549194336,1,1,1e-06,0.0
1,0.0023345947265625,1,1,1e-06,0.0
1,0.003016233444213867,1,1,1e-06,0.0
1,0.004578351974487305,1,1,1e-06,0.0
1,0.003451824188232422,1,1,1e-06,0.0
1,0.0032880306243896484,1,1,1e-06,0.0
1,0.006243228912353516,1,1,1e-06,0.0
1,0.0032737255096435547,1,1,1e-06,0.0
1,0.05175304412841797,1,1,1e-06,0.0
1,0.0025300979614257812,1,1,1e-06,0.0
1,0.015033245086669922,1,1,1e-06,0.0
1,0.00395512580871582,1,1,1e-06,0.0
1,0.002137422561645508,1,1,1e-06,0.0
1,0.003252267837524414,1,1,1e-06,0.0
1,0.0036270618438720703,1,1,1e-06,0.0
1,0.002044677734375,1,1,1e-06,0.0
1,0.004068613052368164,1,1,1e-06,0.0
1,0.006687164306640625,1,1,1e-06,0.0
1,0.004293680191040039,1,1,1e-06,0.0
1,0.0023293495178222656,1,1,1e-06,0.0
1,0.009561300277709961,1,1,1e-06,0.0
1,0.008562326431274414,1,1,1e-06,0.0
1,0.0039691925048828125,1,1,1e-06,0.0
1,0.0028791427612304688,1,1,1e-06,0.0
1,0.007228374481201172,1,1,1e-06,0.0
1,0.0023834705352783203,1,1,1e-06,0.0
1,0.003098011016845703,1,1,1e-06,0.0
1,0.004030704498291016,1,1,1e-06,0.0
1,0.002892732620239258,1,1,1e-06,0.0
1,0.0053288936614990234,1,1,1e-06,0.0
1,0.01198577880859375,1,1,1e-06,0.0
1,0.002597808837890625,1,1,1e-06,0.0
1,0.0023152828216552734,1,1,1e-06,0.0
1,0.012516975402832031,1,1,1e-06,0.0
1,0.0028748512268066406,1,1,1e-06,0.0
1,0.0073773860931396484,1,1,1e-06,0.0
1,0.002340555191040039,1,1,1e-06,0.0
1,0.0058672428131103516,1,1,1e-06,0.0
1,0.003599882125854492,1,1,1e-06,0.0
1,0.002772092819213867,1,1,1e-06,0.0
1,0.0028371810913085938,1,1,1e-06,0.0
1,0.003049612045288086,1,1,1e-06,0.0
1,0.0038640499114990234,1,1,1e-06,0.0
1,0.01899123191833496,1,1,1e-06,0.0
1,0.24072766304016113,1,1,1e-06,0.0
1,0.003591775894165039,1,1,1e-06,0.0
1,0.0030739307403564453,1,1,1e-06,0.0
1,0.11012005805969238,1,1,1e-06,0.0
1,0.005075216293334961,1,1,1e-06,0.0
1,0.03328752517700195,1,1,1e-06,0.0
1,0.0031027793884277344,1,1,1e-06,0.0
1,0.0030045509338378906,1,1,1e-06,0.0
1,0.0025162696838378906,1,1,1e-06,0.0
1,0.0042231082916259766,1,1,1e-06,0.0
1,0.12666940689086914,1,1,1e-06,0.0
1,0.0030317306518554688,1,1,1e-06,0.0
1,0.005881309509277344,1,1,1e-06,0.0
1,0.03156757354736328,1,1,1e-06,0.0
1,0.012392282485961914,1,1,1e-06,0.0
1,0.002878427505493164,1,1,1e-06,0.0
1,0.0036165714263916016,1,1,1e-06,0.0
1,0.0029861927032470703,1,1,1e-06,0.0
1,0.0023534297943115234,1,1,1e-06,0.0
1,0.005564212799072266,1,1,1e-06,0.0
1,0.0026764869689941406,1,1,1e-06,0.0
1,0.002363920211791992,1,1,1e-06,0.0
1,0.0027489662170410156,1,1,1e-06,0.0
1,0.0022361278533935547,1,1,1e-06,0.0
1,0.004712820053100586,1,1,1e-06,0.0
1,0.15348052978515625,1,1,1e-06,0.0
1,0.046762943267822266,1,1,1e-06,0.0
1,0.002961397171020508,1,1,1e-06,0.0
1,0.002680540084838867,1,1,1e-06,0.0
1,0.0026960372924804688,1,1,1e-06,0.0
1,0.002277851104736328,1,1,1e-06,0.0
1,0.0029189586639404297,1,1,1e-06,0.0
1,0.0020384788513183594,1,1,1e-06,0.0
1,0.003126859664916992,1,1,1e-06,0.0
1,0.002385854721069336,1,1,1e-06,0.0
1,0.005684375762939453,1,1,1e-06,0.0
1,0.0020079612731933594,1,1,1e-06,0.0
1,0.003428936004638672,1,1,1e-06,0.0
1,0.03369498252868652,1,1,1e-06,0.0
1,0.007741689682006836,1,1,1e-06,0.0
1,0.036512136459350586,1,1,1e-06,0.0
1,0.0030345916748046875,1,1,1e-06,0.0
1,0.033428192138671875,1,1,1e-06,0.0
1,0.0035500526428222656,1,1,1e-06,0.0
1,0.006723880767822266,1,1,1e-06,0.0
1,0.0034601688385009766,1,1,1e-06,0.0
1,0.0028591156005859375,1,1,1e-06,0.0
1,0.0026624202728271484,1,1,1e-06,0.0
1,0.0021905899047851562,1,1,1e-06,0.0
1,0.0021805763244628906,1,1,1e-06,0.0
1,0.001983165740966797,1,1,1e-06,0.0
1,0.048888206481933594,1,1,1e-06,0.0
1,0.0033779144287109375,1,1,1e-06,0.0
1,0.002594470977783203,1,1,1e-06,0.0
1,0.01639842987060547,1,1,1e-06,0.0
1,0.003541231155395508,1,1,1e-06,0.0
1,0.003754854202270508,1,1,1e-06,0.0
1,0.0034224987030029297,1,1,1e-06,0.0
1,0.03373456001281738,1,1,1e-06,0.0
1,0.014101982116699219,1,1,1e-06,0.0
1,0.0028557777404785156,1,1,1e-06,0.0
1,0.018277645111083984,1,1,1e-06,0.0
1,0.003426074981689453,1,1,1e-06,0.0
1,0.011630773544311523,1,1,1e-06,0.0
1,0.006372213363647461,1,1,1e-06,0.0
1,0.004474639892578125,1,1,1e-06,0.0
1,0.0025420188903808594,1,1,1e-06,0.0
1,0.002169370651245117,1,1,1e-06,0.0
1,0.0025954246520996094,1,1,1e-06,0.0
1,0.003826618194580078,1,1,1e-06,0.0
1,0.0050601959228515625,1,1,1e-06,0.0
1,0.004061222076416016,1,1,1e-06,0.0
1,0.003258943557739258,1,1,1e-06,0.0
1,0.003976106643676758,1,1,1e-06,0.0
1,0.0026922225952148438,1,1,1e-06,0.0
1,0.002594470977783203,1,1,1e-06,0.0
1,0.0031647682189941406,1,1,1e-06,0.0
1,0.022731781005859375,1,1,1e-06,0.0
1,0.0036118030548095703,1,1,1e-06,0.0
1,0.0037310123443603516,1,1,1e-06,0.0
1,0.002475261688232422,1,1,1e-06,0.0
1,0.005948305130004883,1,1,1e-06,0.0
1,0.002625703811645508,1,1,1e-06,0.0
1,0.0041103363037109375,1,1,1e-06,0.0
1,0.005598306655883789,1,1,1e-06,0.0
1,0.047289133071899414,1,1,1e-06,0.0
1,0.0028629302978515625,1,1,1e-06,0.0
1,0.014871835708618164,1,1,1e-06,0.0
1,0.0074825286865234375,1,1,1e-06,0.0
1,0.003432035446166992,1,1,1e-06,0.0
1,0.002681255340576172,1,1,1e-06,0.0
1,0.005289554595947266,1,1,1e-06,0.0
1,0.004232168197631836,1,1,1e-06,0.0
1,0.025701284408569336,1,1,1e-06,0.0
1,0.003276824951171875,1,1,1e-06,0.0
1,0.002482891082763672,1,1,1e-06,0.0
1,0.0033905506134033203,1,1,1e-06,0.0
1,0.08070564270019531,1,1,1e-06,0.0
1,0.0039386749267578125,1,1,1e-06,0.0
1,0.012317895889282227,1,1,1e-06,0.0
1,0.002242565155029297,1,1,1e-06,0.0
1,0.013959884643554688,1,1,1e-06,0.0
1,0.013489484786987305,1,1,1e-06,0.0
1,0.0030536651611328125,1,1,1e-06,0.0
1,0.003562450408935547,1,1,1e-06,0.0
1,0.003686666488647461,1,1,1e-06,0.0
1,0.004662275314331055,1,1,1e-06,0.0
1,0.0030367374420166016,1,1,1e-06,0.0
1,0.004049539566040039,1,1,1e-06,0.0
1,0.002623319625854492,1,1,1e-06,0.0
1,0.013433456420898438,1,1,1e-06,0.0
1,0.002275228500366211,1,1,1e-06,0.0
1,0.013594627380371094,1,1,1e-06,0.0
1,0.0028731822967529297,1,1,1e-06,0.0
1,0.009809017181396484,1,1,1e-06,0.0
1,0.0036127567291259766,1,1,1e-06,0.0
1,0.0031549930572509766,1,1,1e-06,0.0
1,0.006689786911010742,1,1,1e-06,0.0
1,0.0028688907623291016,1,1,1e-06,0.0
1,0.003272533416748047,1,1,1e-06,0.0
1,0.017546653747558594,1,1,1e-06,0.0
1,0.01686859130859375,1,1,1e-06,0.0
1,0.0026159286499023438,1,1,1e-06,0.0
1,0.003337383270263672,1,1,1e-06,0.0
1,0.0025076866149902344,1,1,1e-06,0.0
1,0.003493070602416992,1,1,1e-06,0.0
1,0.004528045654296875,1,1,1e-06,0.0
1,0.283815860748291,1,1,1e-06,0.0
1,0.02747368812561035,1,1,1e-06,0.0
1,0.007185697555541992,1,1,1e-06,0.0
1,0.028391599655151367,1,1,1e-06,0.0
1,0.0034050941467285156,1,1,1e-06,0.0
1,0.009356498718261719,1,1,1e-06,0.0
1,0.006230354309082031,1,1,1e-06,0.0
1,0.004146575927734375,1,1,1e-06,0.0
1,0.004830598831176758,1,1,1e-06,0.0
1,0.003719806671142578,1,1,1e-06,0.0
1,0.0029103755950927734,1,1,1e-06,0.0
1,0.0037682056427001953,1,1,1e-06,0.0
1,0.004977703094482422,1,1,1e-06,0.0
1,0.0072917938232421875,1,1,1e-06,0.0
1,0.004132747650146484,1,1,1e-06,0.0
1,0.005761384963989258,1,1,1e-06,0.0
1,0.004225254058837891,1,1,1e-06,0.0
1,0.0045430660247802734,1,1,1e-06,0.0
1,0.0037522315979003906,1,1,1e-06,0.0
1,0.010118484497070312,1,1,1e-06,0.0
1,0.062195539474487305,1,1,1e-06,0.0
1,0.002637624740600586,1,1,1e-06,0.0
1,0.005237579345703125,1,1,1e-06,0.0
1,0.010051727294921875,1,1,1e-06,0.0
1,0.020926237106323242,1,1,1e-06,0.0
1,0.04169726371765137,1,1,1e-06,0.0
1,0.0026488304138183594,1,1,1e-06,0.0
1,0.07400798797607422,1,1,1e-06,0.0
1,0.0034606456756591797,1,1,1e-06,0.0
1,0.006043672561645508,1,1,1e-06,0.0
1,0.0042836666107177734,1,1,1e-06,0.0
1,0.008037805557250977,1,1,1e-06,0.0
1,0.05921030044555664,1,1,1e-06,0.0
1,0.0041790008544921875,1,1,1e-06,0.0
1,0.005713701248168945,1,1,1e-06,0.0
1,0.0028650760650634766,1,1,1e-06,0.0
1,0.003289461135864258,1,1,1e-06,0.0
1,0.003439188003540039,1,1,1e-06,0.0
1,0.05695819854736328,1,1,1e-06,0.0
1,0.0036106109619140625,1,1,1e-06,0.0
1,0.017620325088500977,1,1,1e-06,0.0
1,0.0031125545501708984,1,1,1e-06,0.0
1,0.037709951400756836,1,1,1e-06,0.0
1,0.019171476364135742,1,1,1e-06,0.0
1,0.02244734764099121,1,1,1e-06,0.0
1,0.11243152618408203,1,1,1e-06,0.0
1,0.0039043426513671875,1,1,1e-06,0.0
1,0.058005332946777344,1,1,1e-06,0.0
1,0.06846952438354492,1,1,1e-06,0.0
1,0.00458979606628418,1,1,1e-06,0.0
1,0.002773761749267578,1,1,1e-06,0.0
1,0.021347999572753906,1,1,1e-06,0.0
1,0.0031104087829589844,1,1,1e-06,0.0
1,0.0027704238891601562,1,1,1e-06,0.0
1,0.009677886962890625,1,1,1e-06,0.0
1,0.04551577568054199,1,1,1e-06,0.0
1,0.004881620407104492,1,1,1e-06,0.0
1,0.0031347274780273438,1,1,1e-06,0.0
1,0.028566598892211914,1,1,1e-06,0.0
1,0.0040853023529052734,1,1,1e-06,0.0
1,0.003389596939086914,1,1,1e-06,0.0
1,0.04144597053527832,1,1,1e-06,0.0
1,0.0038857460021972656,1,1,1e-06,0.0
1,0.007971525192260742,1,1,1e-06,0.0
1,0.007387876510620117,1,1,1e-06,0.0
1,0.0028312206268310547,1,1,1e-06,0.0
1,0.024754047393798828,1,1,1e-06,0.0
1,0.0032525062561035156,1,1,1e-06,0.0
1,0.004819154739379883,1,1,1e-06,0.0
1,0.0036001205444335938,1,1,1e-06,0.0
1,0.004063844680786133,1,1,1e-06,0.0
1,0.004374504089355469,1,1,1e-06,0.0
1,0.0063800811767578125,1,1,1e-06,0.0
1,0.018143177032470703,1,1,1e-06,0.0
1,0.009124994277954102,1,1,1e-06,0.0
1,0.1752030849456787,1,1,1e-06,0.0
1,0.02061939239501953,1,1,1e-06,0.0
1,0.005167245864868164,1,1,1e-06,0.0
1,0.006312370300292969,1,1,1e-06,0.0
1,0.011201620101928711,1,1,1e-06,0.0
1,0.00397944450378418,1,1,1e-06,0.0
1,0.004491567611694336,1,1,1e-06,0.0
1,0.02155756950378418,1,1,1e-06,0.0
1,0.004374980926513672,1,1,1e-06,0.0
1,0.0039713382720947266,1,1,1e-06,0.0
1,0.003011941909790039,1,1,1e-06,0.0
1,0.0034520626068115234,1,1,1e-06,0.0
1,0.003289461135864258,1,1,1e-06,0.0
1,0.006424665451049805,1,1,1e-06,0.0
1,0.02879810333251953,1,1,1e-06,0.0
1,0.0036706924438476562,1,1,1e-06,0.0
1,0.004317045211791992,1,1,1e-06,0.0
1,0.003588438034057617,1,1,1e-06,0.0
1,0.004075050354003906,1,1,1e-06,0.0
1,0.06610584259033203,1,1,1e-06,0.0
1,0.003050565719604492,1,1,1e-06,0.0
1,0.0028357505798339844,1,1,1e-06,0.0
1,0.004389524459838867,1,1,1e-06,0.0
1,0.005670309066772461,1,1,1e-06,0.0
1,0.006882667541503906,1,1,1e-06,0.0
1,0.007590055465698242,1,1,1e-06,0.0
1,0.004426717758178711,1,1,1e-06,0.0
1,0.003031492233276367,1,1,1e-06,0.0
1,0.007170915603637695,1,1,1e-06,0.0
1,0.6790285110473633,1,1,1e-06,0.0
1,0.002003908157348633,1,1,1e-06,0.0
1,0.005103588104248047,1,1,1e-06,0.0
1,0.0027713775634765625,1,1,1e-06,0.0
1,0.003465890884399414,1,1,1e-06,0.0
1,0.001995563507080078,1,1,1e-06,0.0
1,0.001941680908203125,1,1,1e-06,0.0
1,0.0024077892303466797,1,1,1e-06,0.0
1,0.0024034976959228516,1,1,1e-06,0.0
1,0.003930807113647461,1,1,1e-06,0.0
1,0.002252340316772461,1,1,1e-06,0.0
1,0.002796649932861328,1,1,1e-06,0.0
1,0.002839326858520508,1,1,1e-06,0.0
1,0.025237560272216797,1,1,1e-06,0.0
1,0.003593921661376953,1,1,1e-06,0.0
1,0.012284994125366211,1,1,1e-06,0.0
1,0.002977609634399414,1,1,1e-06,0.0
1,0.005482912063598633,1,1,1e-06,0.0
1,0.002938508987426758,1,1,1e-06,0.0
1,0.0031557083129882812,1,1,1e-06,0.0
1,0.004046201705932617,1,1,1e-06,0.0
1,0.0021381378173828125,1,1,1e-06,0.0
1,0.011828899383544922,1,1,1e-06,0.0
1,0.002897024154663086,1,1,1e-06,0.0
1,0.0027718544006347656,1,1,1e-06,0.0
1,0.03357362747192383,1,1,1e-06,0.0
1,0.0025014877319335938,1,1,1e-06,0.0
1,0.0028374195098876953,1,1,1e-06,0.0
1,0.0029294490814208984,1,1,1e-06,0.0
1,0.0028252601623535156,1,1,1e-06,0.0
1,0.004251718521118164,1,1,1e-06,0.0
1,0.00564265251159668,1,1,1e-06,0.0
1,0.005174398422241211,1,1,1e-06,0.0
1,0.002565145492553711,1,1,1e-06,0.0
1,0.0036749839782714844,1,1,1e-06,0.0
1,0.003219127655029297,1,1,1e-06,0.0
1,0.0033447742462158203,1,1,1e-06,0.0
1,0.004023075103759766,1,1,1e-06,0.0
1,0.003231525421142578,1,1,1e-06,0.0
1,0.016201257705688477,1,1,1e-06,0.0
1,0.002808809280395508,1,1,1e-06,0.0
1,0.0036802291870117188,1,1,1e-06,0.0
1,0.005612611770629883,1,1,1e-06,0.0
1,0.1816728115081787,1,1,1e-06,0.0
1,0.003228902816772461,1,1,1e-06,0.0
1,0.002559185028076172,1,1,1e-06,0.0
1,0.0023670196533203125,1,1,1e-06,0.0
1,0.0021321773529052734,1,1,1e-06,0.0
1,0.0022585391998291016,1,1,1e-06,0.0
1,0.014053583145141602,1,1,1e-06,0.0
1,0.003748178482055664,1,1,1e-06,0.0
1,0.0021054744720458984,1,1,1e-06,0.0
1,0.005067586898803711,1,1,1e-06,0.0
1,0.002111196517944336,1,1,1e-06,0.0
1,0.0020809173583984375,1,1,1e-06,0.0
1,0.0030052661895751953,1,1,1e-06,0.0
1,0.020793437957763672,1,1,1e-06,0.0
1,0.002505779266357422,1,1,1e-06,0.0
1,0.0033915042877197266,1,1,1e-06,0.0
1,0.004634857177734375,1,1,1e-06,0.0
1,0.0077016353607177734,1,1,1e-06,0.0
1,0.0022220611572265625,1,1,1e-06,0.0
1,0.0031659603118896484,1,1,1e-06,0.0
1,0.002763986587524414,1,1,1e-06,0.0
1,0.03682446479797363,1,1,1e-06,0.0
1,0.005751132965087891,1,1,1e-06,0.0
1,0.003420114517211914,1,1,1e-06,0.0
1,0.01629471778869629,1,1,1e-06,0.0
1,0.003202199935913086,1,1,1e-06,0.0
1,0.0027272701263427734,1,1,1e-06,0.0
1,0.007288217544555664,1,1,1e-06,0.0
1,0.004754781723022461,1,1,1e-06,0.0
1,0.0022792816162109375,1,1,1e-06,0.0
1,0.0036699771881103516,1,1,1e-06,0.0
1,0.002771615982055664,1,1,1e-06,0.0
1,0.03603959083557129,1,1,1e-06,0.0
1,0.002798795700073242,1,1,1e-06,0.0
1,0.005961179733276367,1,1,1e-06,0.0
1,0.0032193660736083984,1,1,1e-06,0.0
1,0.0027494430541992188,1,1,1e-06,0.0
1,0.002652406692504883,1,1,1e-06,0.0
1,0.004376888275146484,1,1,1e-06,0.0
1,0.0030574798583984375,1,1,1e-06,0.0
1,0.002618551254272461,1,1,1e-06,0.0
1,0.0036687850952148438,1,1,1e-06,0.0
1,0.0025434494018554688,1,1,1e-06,0.0
1,0.002306222915649414,1,1,1e-06,0.0
1,0.0022897720336914062,1,1,1e-06,0.0
1,0.0028488636016845703,1,1,1e-06,0.0
1,0.003286123275756836,1,1,1e-06,0.0
1,0.0038712024688720703,1,1,1e-06,0.0
1,0.005428791046142578,1,1,1e-06,0.0
1,0.0024154186248779297,1,1,1e-06,0.0
1,0.0023810863494873047,1,1,1e-06,0.0
1,0.0032851696014404297,1,1,1e-06,0.0
1,0.0032041072845458984,1,1,1e-06,0.0
1,0.002612590789794922,1,1,1e-06,0.0
1,0.0023949146270751953,1,1,1e-06,0.0
1,0.0032711029052734375,1,1,1e-06,0.0
1,0.0030531883239746094,1,1,1e-06,0.0
1,0.01603078842163086,1,1,1e-06,0.0
1,0.0025246143341064453,1,1,1e-06,0.0
1,0.007554769515991211,1,1,1e-06,0.0
1,0.0030968189239501953,1,1,1e-06,0.0
1,0.003537893295288086,1,1,1e-06,0.0
1,0.0025527477264404297,1,1,1e-06,0.0
1,0.01420736312866211,1,1,1e-06,0.0
1,0.0026111602783203125,1,1,1e-06,0.0
1,0.0022706985473632812,1,1,1e-06,0.0
1,0.0033648014068603516,1,1,1e-06,0.0
1,0.002913951873779297,1,1,1e-06,0.0
1,0.006161689758300781,1,1,1e-06,0.0
1,0.002648591995239258,1,1,1e-06,0.0
1,0.002131223678588867,1,1,1e-06,0.0
1,0.0020008087158203125,1,1,1e-06,0.0
1,0.004401445388793945,1,1,1e-06,0.0
1,0.002542257308959961,1,1,1e-06,0.0
1,0.002709627151489258,1,1,1e-06,0.0
1,0.022102832794189453,1,1,1e-06,0.0
1,0.0024423599243164062,1,1,1e-06,0.0
1,0.00983572006225586,1,1,1e-06,0.0
1,0.001851797103881836,1,1,1e-06,0.0
1,0.003649473190307617,1,1,1e-06,0.0
1,0.003418445587158203,1,1,1e-06,0.0
1,0.0034623146057128906,1,1,1e-06,0.0
1,0.013798952102661133,1,1,1e-06,0.0
1,0.003381013870239258,1,1,1e-06,0.0
1,0.017252683639526367,1,1,1e-06,0.0
1,0.0025937557220458984,1,1,1e-06,0.0
1,0.004430532455444336,1,1,1e-06,0.0
1,0.02725815773010254,1,1,1e-06,0.0
1,0.0026221275329589844,1,1,1e-06,0.0
1,0.0030350685119628906,1,1,1e-06,0.0
1,0.013890981674194336,1,1,1e-06,0.0
1,0.002228975296020508,1,1,1e-06,0.0
1,0.00566864013671875,1,1,1e-06,0.0
1,0.0021469593048095703,1,1,1e-06,0.0
1,0.0018985271453857422,1,1,1e-06,0.0
1,0.0018949508666992188,1,1,1e-06,0.0
1,0.008792638778686523,1,1,1e-06,0.0
1,0.002391815185546875,1,1,1e-06,0.0
1,0.0020279884338378906,1,1,1e-06,0.0
1,0.0064983367919921875,1,1,1e-06,0.0
1,0.00400853157043457,1,1,1e-06,0.0
1,0.028413057327270508,1,1,1e-06,0.0
1,0.012861490249633789,1,1,1e-06,0.0
1,0.0024929046630859375,1,1,1e-06,0.0
1,0.018831968307495117,1,1,1e-06,0.0
1,0.0029621124267578125,1,1,1e-06,0.0
1,0.002783060073852539,1,1,1e-06,0.0
1,0.0024445056915283203,1,1,1e-06,0.0
1,0.0033180713653564453,1,1,1e-06,0.0
1,0.0023488998413085938,1,1,1e-06,0.0
1,0.0025615692138671875,1,1,1e-06,0.0
1,0.0031020641326904297,1,1,1e-06,0.0
1,0.002579927444458008,1,1,1e-06,0.0
1,0.003179311752319336,1,1,1e-06,0.0
1,0.00451350212097168,1,1,1e-06,0.0
1,0.002844572067260742,1,1,1e-06,0.0
1,0.0034055709838867188,1,1,1e-06,0.0
1,0.0043792724609375,1,1,1e-06,0.0
1,0.25132203102111816,1,1,1e-06,0.0
1,0.005219459533691406,1,1,1e-06,0.0
1,0.002601146697998047,1,1,1e-06,0.0
1,0.010627508163452148,1,1,1e-06,0.0
1,0.0020651817321777344,1,1,1e-06,0.0
1,0.0169522762298584,1,1,1e-06,0.0
1,0.6770944595336914,1,1,1e-06,0.0
1,0.002476930618286133,1,1,1e-06,0.0
1,0.012862205505371094,1,1,1e-06,0.0
1,0.019700288772583008,1,1,1e-06,0.0
1,0.0036728382110595703,1,1,1e-06,0.0
1,0.0248260498046875,1,1,1e-06,0.0
1,0.0027713775634765625,1,1,1e-06,0.0
1,0.0026023387908935547,1,1,1e-06,0.0
1,0.137298583984375,1,1,1e-06,0.0
1,0.010441064834594727,1,1,1e-06,0.0
1,0.002685546875,1,1,1e-06,0.0
1,0.04823470115661621,1,1,1e-06,0.0
1,0.02143120765686035,1,1,1e-06,0.0
1,0.0032033920288085938,1,1,1e-06,0.0
1,0.0037610530853271484,1,1,1e-06,0.0
1,0.0028839111328125,1,1,1e-06,0.0
1,0.003042459487915039,1,1,1e-06,0.0
1,0.002835988998413086,1,1,1e-06,0.0
1,0.005206584930419922,1,1,1e-06,0.0
1,0.002958059310913086,1,1,1e-06,0.0
1,0.003906726837158203,1,1,1e-06,0.0
1,0.007578611373901367,1,1,1e-06,0.0
1,0.004569292068481445,1,1,1e-06,0.0
1,0.002734661102294922,1,1,1e-06,0.0
1,0.0022552013397216797,1,1,1e-06,0.0
1,0.033052921295166016,1,1,1e-06,0.0
1,0.002841472625732422,1,1,1e-06,0.0
1,0.002468585968017578,1,1,1e-06,0.0
1,0.0029358863830566406,1,1,1e-06,0.0
1,0.00432133674621582,1,1,1e-06,0.0
1,0.006213188171386719,1,1,1e-06,0.0
1,0.0038118362426757812,1,1,1e-06,0.0
1,0.0025141239166259766,1,1,1e-06,0.0
1,0.03349757194519043,1,1,1e-06,0.0
1,0.10460066795349121,1,1,1e-06,0.0
1,0.0028531551361083984,1,1,1e-06,0.0
1,0.0030210018157958984,1,1,1e-06,0.0
1,0.004900455474853516,1,1,1e-06,0.0
1,0.00505518913269043,1,1,1e-06,0.0
1,0.022716045379638672,1,1,1e-06,0.0
1,0.003454446792602539,1,1,1e-06,0.0
1,0.0028209686279296875,1,1,1e-06,0.0
1,0.0033125877380371094,1,1,1e-06,0.0
1,0.0034818649291992188,1,1,1e-06,0.0
1,0.0032966136932373047,1,1,1e-06,0.0
1,0.0029785633087158203,1,1,1e-06,0.0
1,0.002662181854248047,1,1,1e-06,0.0
1,0.006864070892333984,1,1,1e-06,0.0
1,0.01447749137878418,1,1,1e-06,0.0
1,0.001848459243774414,1,1,1e-06,0.0
1,0.03835034370422363,1,1,1e-06,0.0
1,0.0025777816772460938,1,1,1e-06,0.0
1,0.0044476985931396484,1,1,1e-06,0.0
1,0.002871274948120117,1,1,1e-06,0.0
1,0.003078937530517578,1,1,1e-06,0.0
1,0.003053426742553711,1,1,1e-06,0.0
1,0.0022957324981689453,1,1,1e-06,0.0
1,0.003446817398071289,1,1,1e-06,0.0
1,0.004263401031494141,1,1,1e-06,0.0
1,0.003034353256225586,1,1,1e-06,0.0
1,0.0025937557220458984,1,1,1e-06,0.0
1,0.0026760101318359375,1,1,1e-06,0.0
1,0.0033740997314453125,1,1,1e-06,0.0
1,0.0030553340911865234,1,1,1e-06,0.0
1,0.0031859874725341797,1,1,1e-06,0.0
1,0.002701282501220703,1,1,1e-06,0.0
1,0.0032286643981933594,1,1,1e-06,0.0
1,0.002491474151611328,1,1,1e-06,0.0
1,0.0176846981048584,1,1,1e-06,0.0
1,0.002860546112060547,1,1,1e-06,0.0
1,0.0031557083129882812,1,1,1e-06,0.0
1,0.002675294876098633,1,1,1e-06,0.0
1,0.012371301651000977,1,1,1e-06,0.0
1,0.03508734703063965,1,1,1e-06,0.0
1,0.0034821033477783203,1,1,1e-06,0.0
1,0.003276348114013672,1,1,1e-06,0.0
1,0.002827167510986328,1,1,1e-06,0.0
1,0.0026645660400390625,1,1,1e-06,0.0
1,0.003404378890991211,1,1,1e-06,0.0
1,0.004464149475097656,1,1,1e-06,0.0
1,0.0027964115142822266,1,1,1e-06,0.0
1,0.0054132938385009766,1,1,1e-06,0.0
1,0.010079622268676758,1,1,1e-06,0.0
1,0.002474069595336914,1,1,1e-06,0.0
1,0.0023288726806640625,1,1,1e-06,0.0
1,0.002859830856323242,1,1,1e-06,0.0
1,0.0033142566680908203,1,1,1e-06,0.0
1,0.002979278564453125,1,1,1e-06,0.0
1,0.004459857940673828,1,1,1e-06,0.0
1,0.0036585330963134766,1,1,1e-06,0.0
1,0.0031964778900146484,1,1,1e-06,0.0
1,0.003564596176147461,1,1,1e-06,0.0
1,0.004683256149291992,1,1,1e-06,0.0
1,0.0029718875885009766,1,1,1e-06,0.0
1,0.003644704818725586,1,1,1e-06,0.0
1,0.0068359375,1,1,1e-06,0.0
1,0.002992391586303711,1,1,1e-06,0.0
1,0.0022764205932617188,1,1,1e-06,0.0
1,0.041994571685791016,1,1,1e-06,0.0
1,0.011050939559936523,1,1,1e-06,0.0
1,0.004224300384521484,1,1,1e-06,0.0
1,0.005787372589111328,1,1,1e-06,0.0
1,0.0031855106353759766,1,1,1e-06,0.0
1,0.01336359977722168,1,1,1e-06,0.0
1,0.05189371109008789,1,1,1e-06,0.0
1,0.0026879310607910156,1,1,1e-06,0.0
1,0.005972146987915039,1,1,1e-06,0.0
1,0.002307415008544922,1,1,1e-06,0.0
1,0.0023767948150634766,1,1,1e-06,0.0
1,0.004578590393066406,1,1,1e-06,0.0
1,0.0019278526306152344,1,1,1e-06,0.0
1,0.0028107166290283203,1,1,1e-06,0.0
1,0.0038099288940429688,1,1,1e-06,0.0
1,0.017731428146362305,1,1,1e-06,0.0
1,0.003151416778564453,1,1,1e-06,0.0
1,0.002847433090209961,1,1,1e-06,0.0
1,0.04162406921386719,1,1,1e-06,0.0
1,0.0026023387908935547,1,1,1e-06,0.0
1,0.08950924873352051,1,1,1e-06,0.0
1,0.006459474563598633,1,1,1e-06,0.0
1,0.003162384033203125,1,1,1e-06,0.0
1,0.0023627281188964844,1,1,1e-06,0.0
1,0.0163118839263916,1,1,1e-06,0.0
1,0.002222776412963867,1,1,1e-06,0.0
1,0.0019404888153076172,1,1,1e-06,0.0
1,0.03285050392150879,1,1,1e-06,0.0
1,0.015178442001342773,1,1,1e-06,0.0
1,0.01567244529724121,1,1,1e-06,0.0
1,0.0025348663330078125,1,1,1e-06,0.0
1,0.013846158981323242,1,1,1e-06,0.0
1,0.01576519012451172,1,1,1e-06,0.0
1,0.0021970272064208984,1,1,1e-06,0.0
1,0.0021364688873291016,1,1,1e-06,0.0
1,0.016689538955688477,1,1,1e-06,0.0
1,0.004239082336425781,1,1,1e-06,0.0
1,0.017939090728759766,1,1,1e-06,0.0
1,0.026215553283691406,1,1,1e-06,0.0
1,0.003166675567626953,1,1,1e-06,0.0
1,0.0028879642486572266,1,1,1e-06,0.0
1,0.002262592315673828,1,1,1e-06,0.0
1,0.003535032272338867,1,1,1e-06,0.0
1,0.0040776729583740234,1,1,1e-06,0.0
1,0.002285480499267578,1,1,1e-06,0.0
1,0.005536317825317383,1,1,1e-06,0.0
1,0.0161895751953125,1,1,1e-06,0.0
1,0.0036907196044921875,1,1,1e-06,0.0
1,0.011997222900390625,1,1,1e-06,0.0
1,0.0026619434356689453,1,1,1e-06,0.0
1,0.007344484329223633,1,1,1e-06,0.0
1,0.003149271011352539,1,1,1e-06,0.0
1,0.0029647350311279297,1,1,1e-06,0.0
1,0.002912759780883789,1,1,1e-06,0.0
1,0.004641532897949219,1,1,1e-06,0.0
1,0.013573408126831055,1,1,1e-06,0.0
1,0.003144979476928711,1,1,1e-06,0.0
1,0.0033881664276123047,1,1,1e-06,0.0
1,0.0032134056091308594,1,1,1e-06,0.0
1,0.003681659698486328,1,1,1e-06,0.0
1,0.023011207580566406,1,1,1e-06,0.0
1,0.002086162567138672,1,1,1e-06,0.0
1,0.0030486583709716797,1,1,1e-06,0.0
1,0.0028595924377441406,1,1,1e-06,0.0
1,0.002428770065307617,1,1,1e-06,0.0
1,0.00432896614074707,1,1,1e-06,0.0
1,0.012871503829956055,1,1,1e-06,0.0
1,0.04917025566101074,1,1,1e-06,0.0
1,0.005853891372680664,1,1,1e-06,0.0
1,0.003215789794921875,1,1,1e-06,0.0
1,0.003245830535888672,1,1,1e-06,0.0
1,0.019876480102539062,1,1,1e-06,0.0
1,0.002475261688232422,1,1,1e-06,0.0
1,0.004032611846923828,1,1,1e-06,0.0
1,0.0029671192169189453,1,1,1e-06,0.0
1,0.002602815628051758,1,1,1e-06,0.0
1,0.025717496871948242,1,1,1e-06,0.0
1,0.0024094581604003906,1,1,1e-06,0.0
1,0.003962516784667969,1,1,1e-06,0.0
1,0.002511262893676758,1,1,1e-06,0.0
1,0.0027704238891601562,1,1,1e-06,0.0
1,0.0030603408813476562,1,1,1e-06,0.0
1,0.026293516159057617,1,1,1e-06,0.0
1,0.026917695999145508,1,1,1e-06,0.0
1,0.014287471771240234,1,1,1e-06,0.0
1,0.002277374267578125,1,1,1e-06,0.0
1,0.015043020248413086,1,1,1e-06,0.0
1,0.002222776412963867,1,1,1e-06,0.0
1,0.003077268600463867,1,1,1e-06,0.0
1,0.015948057174682617,1,1,1e-06,0.0
1,0.003324270248413086,1,1,1e-06,0.0
1,0.015811920166015625,1,1,1e-06,0.0
1,0.0029265880584716797,1,1,1e-06,0.0
1,0.002960681915283203,1,1,1e-06,0.0
1,0.002995014190673828,1,1,1e-06,0.0
1,0.0022423267364501953,1,1,1e-06,0.0
1,0.0023758411407470703,1,1,1e-06,0.0
1,0.002901315689086914,1,1,1e-06,0.0
1,0.002501964569091797,1,1,1e-06,0.0
1,0.022444725036621094,1,1,1e-06,0.0
1,0.002921581268310547,1,1,1e-06,0.0
1,0.002763032913208008,1,1,1e-06,0.0
1,0.0031290054321289062,1,1,1e-06,0.0
1,0.0027256011962890625,1,1,1e-06,0.0
1,0.0021102428436279297,1,1,1e-06,0.0
1,0.002201080322265625,1,1,1e-06,0.0
1,0.0032165050506591797,1,1,1e-06,0.0
1,0.002224445343017578,1,1,1e-06,0.0
1,0.0034928321838378906,1,1,1e-06,0.0
1,0.0051136016845703125,1,1,1e-06,0.0
1,0.005778789520263672,1,1,1e-06,0.0
1,0.011772632598876953,1,1,1e-06,0.0
1,0.0021550655364990234,1,1,1e-06,0.0
1,0.0020799636840820312,1,1,1e-06,0.0
1,0.005557060241699219,1,1,1e-06,0.0
1,0.0019631385803222656,1,1,1e-06,0.0
1,0.00331878662109375,1,1,1e-06,0.0
1,0.00238037109375,1,1,1e-06,0.0
1,0.00464320182800293,1,1,1e-06,0.0
1,0.013246297836303711,1,1,1e-06,0.0
1,0.005675315856933594,1,1,1e-06,0.0
1,0.0041120052337646484,1,1,1e-06,0.0
1,0.004597902297973633,1,1,1e-06,0.0
1,0.04616594314575195,1,1,1e-06,0.0
1,0.004108905792236328,1,1,1e-06,0.0
1,0.0031545162200927734,1,1,1e-06,0.0
1,0.0058214664459228516,1,1,1e-06,0.0
1,0.003001689910888672,1,1,1e-06,0.0
1,0.0036160945892333984,1,1,1e-06,0.0
1,0.008964061737060547,1,1,1e-06,0.0
1,0.0022950172424316406,1,1,1e-06,0.0
1,0.0030977725982666016,1,1,1e-06,0.0
1,0.002484560012817383,1,1,1e-06,0.0
