success,solve_time,solution_count,iterations,residual,diversity
1,0.011591196060180664,1,1,1e-06,0.0
1,0.005418300628662109,1,1,1e-06,0.0
1,0.010926961898803711,1,1,1e-06,0.0
1,0.003735780715942383,1,1,1e-06,0.0
1,0.006622791290283203,1,1,1e-06,0.0
1,0.010717153549194336,1,1,1e-06,0.0
1,0.0019307136535644531,1,1,1e-06,0.0
1,0.006544828414916992,1,1,1e-06,0.0
1,0.005435466766357422,1,1,1e-06,0.0
1,0.010941505432128906,1,1,1e-06,0.0
1,0.006707429885864258,1,1,1e-06,0.0
1,0.009720087051391602,1,1,1e-06,0.0
1,0.00390934944152832,1,1,1e-06,0.0
1,0.006659746170043945,1,1,1e-06,0.0
1,0.01393890380859375,1,1,1e-06,0.0
1,0.006559610366821289,1,1,1e-06,0.0
1,0.009518146514892578,1,1,1e-06,0.0
1,0.0074462890625,1,1,1e-06,0.0
1,0.005343198776245117,1,1,1e-06,0.0
1,0.018429279327392578,1,1,1e-06,0.0
1,0.008622884750366211,1,1,1e-06,0.0
1,0.009682178497314453,1,1,1e-06,0.0
1,0.0069026947021484375,1,1,1e-06,0.0
1,0.00675654411315918,1,1,1e-06,0.0
1,0.006365060806274414,1,1,1e-06,0.0
1,0.007002115249633789,1,1,1e-06,0.0
1,0.05668520927429199,1,1,1e-06,0.0
1,0.006131410598754883,1,1,1e-06,0.0
1,0.006962776184082031,1,1,1e-06,0.0
1,0.0049321651458740234,1,1,1e-06,0.0
1,0.007064342498779297,1,1,1e-06,0.0
1,0.0060007572174072266,1,1,1e-06,0.0
1,0.005990028381347656,1,1,1e-06,0.0
1,0.00739741325378418,1,1,1e-06,0.0
1,0.004499673843383789,1,1,1e-06,0.0
1,0.004578590393066406,1,1,1e-06,0.0
1,0.006673336029052734,1,1,1e-06,0.0
1,0.015117406845092773,1,1,1e-06,0.0
1,0.005815029144287109,1,1,1e-06,0.0
1,0.009189367294311523,1,1,1e-06,0.0
1,0.03454113006591797,1,1,1e-06,0.0
1,0.003110647201538086,1,1,1e-06,0.0
1,0.010171890258789062,1,1,1e-06,0.0
1,0.014142036437988281,1,1,1e-06,0.0
1,0.013150215148925781,1,1,1e-06,0.0
1,0.06439948081970215,1,1,1e-06,0.0
1,0.008461475372314453,1,1,1e-06,0.0
1,0.004700899124145508,1,1,1e-06,0.0
1,0.0056421756744384766,1,1,1e-06,0.0
1,0.04178357124328613,1,1,1e-06,0.0
1,0.005950927734375,1,1,1e-06,0.0
1,0.0075550079345703125,1,1,1e-06,0.0
1,0.008986234664916992,1,1,1e-06,0.0
1,0.09717750549316406,1,1,1e-06,0.0
1,0.0223388671875,1,1,1e-06,0.0
1,0.003434419631958008,1,1,1e-06,0.0
1,0.0033872127532958984,1,1,1e-06,0.0
1,0.0026824474334716797,1,1,1e-06,0.0
1,0.008075714111328125,1,1,1e-06,0.0
1,0.0029261112213134766,1,1,1e-06,0.0
1,0.013564825057983398,1,1,1e-06,0.0
1,0.012612342834472656,1,1,1e-06,0.0
1,0.005804300308227539,1,1,1e-06,0.0
1,0.013225555419921875,1,1,1e-06,0.0
1,0.0029211044311523438,1,1,1e-06,0.0
1,0.01655268669128418,1,1,1e-06,0.0
1,0.006911039352416992,1,1,1e-06,0.0
1,0.011830806732177734,1,1,1e-06,0.0
1,0.006281614303588867,1,1,1e-06,0.0
1,0.010613441467285156,1,1,1e-06,0.0
1,0.014698266983032227,1,1,1e-06,0.0
1,0.0969233512878418,1,1,1e-06,0.0
1,0.0054814815521240234,1,1,1e-06,0.0
1,0.012631654739379883,1,1,1e-06,0.0
1,0.005950212478637695,1,1,1e-06,0.0
1,0.006363630294799805,1,1,1e-06,0.0
1,0.0040378570556640625,1,1,1e-06,0.0
1,0.004767894744873047,1,1,1e-06,0.0
1,0.013547420501708984,1,1,1e-06,0.0
1,0.006609916687011719,1,1,1e-06,0.0
1,0.004548311233520508,1,1,1e-06,0.0
1,0.010412454605102539,1,1,1e-06,0.0
1,0.0172574520111084,1,1,1e-06,0.0
1,0.004919767379760742,1,1,1e-06,0.0
1,0.004987001419067383,1,1,1e-06,0.0
1,0.006745338439941406,1,1,1e-06,0.0
1,0.014185428619384766,1,1,1e-06,0.0
1,0.004625797271728516,1,1,1e-06,0.0
1,0.003918647766113281,1,1,1e-06,0.0
1,0.010801315307617188,1,1,1e-06,0.0
1,0.004317760467529297,1,1,1e-06,0.0
1,0.011766195297241211,1,1,1e-06,0.0
1,0.0052754878997802734,1,1,1e-06,0.0
1,0.0623326301574707,1,1,1e-06,0.0
1,0.003081083297729492,1,1,1e-06,0.0
1,0.011898279190063477,1,1,1e-06,0.0
1,0.005456209182739258,1,1,1e-06,0.0
1,0.0030813217163085938,1,1,1e-06,0.0
1,0.007306575775146484,1,1,1e-06,0.0
1,0.008569717407226562,1,1,1e-06,0.0
1,0.013725757598876953,1,1,1e-06,0.0
1,0.013360261917114258,1,1,1e-06,0.0
1,0.0042035579681396484,1,1,1e-06,0.0
1,0.01490020751953125,1,1,1e-06,0.0
1,0.014356136322021484,1,1,1e-06,0.0
1,0.0037543773651123047,1,1,1e-06,0.0
1,0.005583286285400391,1,1,1e-06,0.0
1,0.014273405075073242,1,1,1e-06,0.0
1,0.10247063636779785,1,1,1e-06,0.0
1,0.008067607879638672,1,1,1e-06,0.0
1,0.005534172058105469,1,1,1e-06,0.0
1,0.013904333114624023,1,1,1e-06,0.0
1,0.003339052200317383,1,1,1e-06,0.0
1,0.012863397598266602,1,1,1e-06,0.0
1,0.005283355712890625,1,1,1e-06,0.0
1,0.00929570198059082,1,1,1e-06,0.0
1,0.010607004165649414,1,1,1e-06,0.0
1,0.00433039665222168,1,1,1e-06,0.0
1,0.011042118072509766,1,1,1e-06,0.0
1,0.003094911575317383,1,1,1e-06,0.0
1,0.007703304290771484,1,1,1e-06,0.0
1,0.0075414180755615234,1,1,1e-06,0.0
1,0.008895158767700195,1,1,1e-06,0.0
1,0.00753474235534668,1,1,1e-06,0.0
1,0.0030393600463867188,1,1,1e-06,0.0
1,0.006517648696899414,1,1,1e-06,0.0
1,0.0029790401458740234,1,1,1e-06,0.0
1,0.007375478744506836,1,1,1e-06,0.0
1,0.0030977725982666016,1,1,1e-06,0.0
1,0.048983097076416016,1,1,1e-06,0.0
1,0.0025386810302734375,1,1,1e-06,0.0
1,0.013620853424072266,1,1,1e-06,0.0
1,0.012737751007080078,1,1,1e-06,0.0
1,0.0036737918853759766,1,1,1e-06,0.0
1,0.012261152267456055,1,1,1e-06,0.0
1,0.0031931400299072266,1,1,1e-06,0.0
1,0.0021009445190429688,1,1,1e-06,0.0
1,0.0025489330291748047,1,1,1e-06,0.0
1,0.01029348373413086,1,1,1e-06,0.0
1,0.006903648376464844,1,1,1e-06,0.0
1,0.03059840202331543,1,1,1e-06,0.0
1,0.004079580307006836,1,1,1e-06,0.0
1,0.06358766555786133,1,1,1e-06,0.0
1,0.003481626510620117,1,1,1e-06,0.0
1,0.006575345993041992,1,1,1e-06,0.0
1,0.0029144287109375,1,1,1e-06,0.0
1,0.0034792423248291016,1,1,1e-06,0.0
1,0.010135650634765625,1,1,1e-06,0.0
1,0.002475261688232422,1,1,1e-06,0.0
1,0.0030052661895751953,1,1,1e-06,0.0
1,0.0033674240112304688,1,1,1e-06,0.0
1,0.00970005989074707,1,1,1e-06,0.0
1,0.0027799606323242188,1,1,1e-06,0.0
1,0.012556314468383789,1,1,1e-06,0.0
1,0.004345417022705078,1,1,1e-06,0.0
1,0.0025587081909179688,1,1,1e-06,0.0
1,0.01350092887878418,1,1,1e-06,0.0
1,0.003612041473388672,1,1,1e-06,0.0
1,0.01260232925415039,1,1,1e-06,0.0
1,0.0035691261291503906,1,1,1e-06,0.0
1,0.003098726272583008,1,1,1e-06,0.0
1,0.01038360595703125,1,1,1e-06,0.0
1,0.0030012130737304688,1,1,1e-06,0.0
1,0.7275536060333252,1,1,1e-06,0.0
1,0.002528667449951172,1,1,1e-06,0.0
1,0.02772998809814453,1,1,1e-06,0.0
1,0.02191019058227539,1,1,1e-06,0.0
1,0.007555484771728516,1,1,1e-06,0.0
1,0.004462003707885742,1,1,1e-06,0.0
1,0.003916501998901367,1,1,1e-06,0.0
1,0.0049114227294921875,1,1,1e-06,0.0
1,0.0033767223358154297,1,1,1e-06,0.0
1,0.0039598941802978516,1,1,1e-06,0.0
1,0.00484919548034668,1,1,1e-06,0.0
1,0.005646467208862305,1,1,1e-06,0.0
1,0.004830360412597656,1,1,1e-06,0.0
1,0.004491329193115234,1,1,1e-06,0.0
1,0.004777669906616211,1,1,1e-06,0.0
1,0.003211498260498047,1,1,1e-06,0.0
1,0.0041964054107666016,1,1,1e-06,0.0
1,0.0074956417083740234,1,1,1e-06,0.0
1,0.019281864166259766,1,1,1e-06,0.0
1,0.006799221038818359,1,1,1e-06,0.0
1,0.004182577133178711,1,1,1e-06,0.0
1,0.0038368701934814453,1,1,1e-06,0.0
1,0.025215625762939453,1,1,1e-06,0.0
1,0.004538774490356445,1,1,1e-06,0.0
1,0.009011030197143555,1,1,1e-06,0.0
1,0.012720823287963867,1,1,1e-06,0.0
1,0.0062448978424072266,1,1,1e-06,0.0
1,0.013090848922729492,1,1,1e-06,0.0
1,0.045188188552856445,1,1,1e-06,0.0
1,0.005232572555541992,1,1,1e-06,0.0
1,0.0030057430267333984,1,1,1e-06,0.0
1,0.008995294570922852,1,1,1e-06,0.0
1,0.00561833381652832,1,1,1e-06,0.0
1,0.005812406539916992,1,1,1e-06,0.0
1,0.007136344909667969,1,1,1e-06,0.0
1,0.005062103271484375,1,1,1e-06,0.0
1,0.005660057067871094,1,1,1e-06,0.0
1,0.0048639774322509766,1,1,1e-06,0.0
1,0.004790067672729492,1,1,1e-06,0.0
1,0.021198034286499023,1,1,1e-06,0.0
1,0.005053043365478516,1,1,1e-06,0.0
1,0.008368730545043945,1,1,1e-06,0.0
1,0.005147695541381836,1,1,1e-06,0.0
1,0.06964850425720215,1,1,1e-06,0.0
1,0.0036962032318115234,1,1,1e-06,0.0
1,0.005387306213378906,1,1,1e-06,0.0
1,0.006833076477050781,1,1,1e-06,0.0
1,0.005909919738769531,1,1,1e-06,0.0
1,0.006368160247802734,1,1,1e-06,0.0
1,0.0035381317138671875,1,1,1e-06,0.0
1,0.06644082069396973,1,1,1e-06,0.0
1,0.01020669937133789,1,1,1e-06,0.0
1,0.005951642990112305,1,1,1e-06,0.0
1,0.008239507675170898,1,1,1e-06,0.0
1,0.0089111328125,1,1,1e-06,0.0
1,0.005183696746826172,1,1,1e-06,0.0
1,0.0073893070220947266,1,1,1e-06,0.0
1,0.00549006462097168,1,1,1e-06,0.0
1,0.0046367645263671875,1,1,1e-06,0.0
1,0.004047870635986328,1,1,1e-06,0.0
1,0.008177995681762695,1,1,1e-06,0.0
1,0.00523686408996582,1,1,1e-06,0.0
1,0.0035996437072753906,1,1,1e-06,0.0
1,0.007416963577270508,1,1,1e-06,0.0
1,0.006090879440307617,1,1,1e-06,0.0
1,0.00437474250793457,1,1,1e-06,0.0
1,0.006124258041381836,1,1,1e-06,0.0
1,0.006022930145263672,1,1,1e-06,0.0
1,0.01295161247253418,1,1,1e-06,0.0
1,0.004635810852050781,1,1,1e-06,0.0
1,0.005712032318115234,1,1,1e-06,0.0
1,0.005976438522338867,1,1,1e-06,0.0
1,0.00800323486328125,1,1,1e-06,0.0
1,0.0070002079010009766,1,1,1e-06,0.0
1,0.007203102111816406,1,1,1e-06,0.0
1,0.0050640106201171875,1,1,1e-06,0.0
1,0.006570100784301758,1,1,1e-06,0.0
1,0.005889177322387695,1,1,1e-06,0.0
1,0.0069732666015625,1,1,1e-06,0.0
1,0.003991365432739258,1,1,1e-06,0.0
1,0.006630897521972656,1,1,1e-06,0.0
1,0.005004167556762695,1,1,1e-06,0.0
1,0.006196737289428711,1,1,1e-06,0.0
1,0.010286331176757812,1,1,1e-06,0.0
1,0.0033261775970458984,1,1,1e-06,0.0
1,0.004644870758056641,1,1,1e-06,0.0
1,0.005585670471191406,1,1,1e-06,0.0
1,0.002917766571044922,1,1,1e-06,0.0
1,0.007037162780761719,1,1,1e-06,0.0
1,0.006350994110107422,1,1,1e-06,0.0
1,0.004561185836791992,1,1,1e-06,0.0
1,0.005017280578613281,1,1,1e-06,0.0
1,0.00746464729309082,1,1,1e-06,0.0
1,0.005902290344238281,1,1,1e-06,0.0
1,0.008025646209716797,1,1,1e-06,0.0
1,0.00405120849609375,1,1,1e-06,0.0
1,0.003489971160888672,1,1,1e-06,0.0
1,0.0034341812133789062,1,1,1e-06,0.0
1,0.003041505813598633,1,1,1e-06,0.0
1,0.0040972232818603516,1,1,1e-06,0.0
1,0.003690481185913086,1,1,1e-06,0.0
1,0.0029687881469726562,1,1,1e-06,0.0
1,0.002796649932861328,1,1,1e-06,0.0
1,0.00482940673828125,1,1,1e-06,0.0
1,0.0044803619384765625,1,1,1e-06,0.0
1,0.004073143005371094,1,1,1e-06,0.0
1,0.05645632743835449,1,1,1e-06,0.0
1,0.0037310123443603516,1,1,1e-06,0.0
1,0.0033707618713378906,1,1,1e-06,0.0
1,0.0056989192962646484,1,1,1e-06,0.0
1,0.0030226707458496094,1,1,1e-06,0.0
1,0.004045724868774414,1,1,1e-06,0.0
1,0.002657651901245117,1,1,1e-06,0.0
1,0.0035719871520996094,1,1,1e-06,0.0
1,0.003358602523803711,1,1,1e-06,0.0
1,0.0048351287841796875,1,1,1e-06,0.0
1,0.02985548973083496,1,1,1e-06,0.0
1,0.004359722137451172,1,1,1e-06,0.0
1,0.004631519317626953,1,1,1e-06,0.0
1,0.0030679702758789062,1,1,1e-06,0.0
1,0.0032570362091064453,1,1,1e-06,0.0
1,0.003861665725708008,1,1,1e-06,0.0
1,0.0030410289764404297,1,1,1e-06,0.0
1,0.0034275054931640625,1,1,1e-06,0.0
1,0.0022971630096435547,1,1,1e-06,0.0
1,0.002961397171020508,1,1,1e-06,0.0
1,0.004047870635986328,1,1,1e-06,0.0
1,0.003561258316040039,1,1,1e-06,0.0
1,0.004067182540893555,1,1,1e-06,0.0
1,0.003730297088623047,1,1,1e-06,0.0
1,0.0060160160064697266,1,1,1e-06,0.0
1,0.003672361373901367,1,1,1e-06,0.0
1,0.002711772918701172,1,1,1e-06,0.0
1,0.18433165550231934,1,1,1e-06,0.0
1,0.0048220157623291016,1,1,1e-06,0.0
1,0.011987447738647461,1,1,1e-06,0.0
1,0.004970550537109375,1,1,1e-06,0.0
1,0.008392333984375,1,1,1e-06,0.0
1,0.003911733627319336,1,1,1e-06,0.0
1,0.004288911819458008,1,1,1e-06,0.0
1,0.0032761096954345703,1,1,1e-06,0.0
1,0.0047228336334228516,1,1,1e-06,0.0
1,0.002881765365600586,1,1,1e-06,0.0
1,0.012511491775512695,1,1,1e-06,0.0
1,0.003007650375366211,1,1,1e-06,0.0
1,0.0028841495513916016,1,1,1e-06,0.0
1,0.002861499786376953,1,1,1e-06,0.0
1,0.0029184818267822266,1,1,1e-06,0.0
1,0.008702754974365234,1,1,1e-06,0.0
1,0.0046977996826171875,1,1,1e-06,0.0
1,0.003670215606689453,1,1,1e-06,0.0
1,0.004139900207519531,1,1,1e-06,0.0
1,0.004042625427246094,1,1,1e-06,0.0
1,0.0037641525268554688,1,1,1e-06,0.0
1,0.002815723419189453,1,1,1e-06,0.0
1,0.004931926727294922,1,1,1e-06,0.0
1,0.0037755966186523438,1,1,1e-06,0.0
1,0.003127574920654297,1,1,1e-06,0.0
1,0.002572774887084961,1,1,1e-06,0.0
1,0.0030968189239501953,1,1,1e-06,0.0
1,0.003419637680053711,1,1,1e-06,0.0
1,0.004458427429199219,1,1,1e-06,0.0
1,0.003193378448486328,1,1,1e-06,0.0
1,0.003238201141357422,1,1,1e-06,0.0
1,0.003403902053833008,1,1,1e-06,0.0
1,0.0035321712493896484,1,1,1e-06,0.0
1,0.003421783447265625,1,1,1e-06,0.0
1,0.0034494400024414062,1,1,1e-06,0.0
1,0.003574371337890625,1,1,1e-06,0.0
1,0.003137826919555664,1,1,1e-06,0.0
1,0.004796743392944336,1,1,1e-06,0.0
1,0.002553701400756836,1,1,1e-06,0.0
1,0.0029375553131103516,1,1,1e-06,0.0
1,0.0039501190185546875,1,1,1e-06,0.0
1,0.0027472972869873047,1,1,1e-06,0.0
1,0.004719257354736328,1,1,1e-06,0.0
1,0.0034363269805908203,1,1,1e-06,0.0
1,0.0030553340911865234,1,1,1e-06,0.0
1,0.004487037658691406,1,1,1e-06,0.0
1,0.006692647933959961,1,1,1e-06,0.0
1,0.005459308624267578,1,1,1e-06,0.0
1,0.0107879638671875,1,1,1e-06,0.0
1,0.003895282745361328,1,1,1e-06,0.0
1,0.0024864673614501953,1,1,1e-06,0.0
1,0.0033957958221435547,1,1,1e-06,0.0
1,0.004778623580932617,1,1,1e-06,0.0
1,0.019013643264770508,1,1,1e-06,0.0
1,0.0031859874725341797,1,1,1e-06,0.0
1,0.00545191764831543,1,1,1e-06,0.0
1,0.004256010055541992,1,1,1e-06,0.0
1,0.0032994747161865234,1,1,1e-06,0.0
1,0.017049551010131836,1,1,1e-06,0.0
1,0.004527568817138672,1,1,1e-06,0.0
1,0.0020825862884521484,1,1,1e-06,0.0
1,0.004044771194458008,1,1,1e-06,0.0
1,0.0033180713653564453,1,1,1e-06,0.0
1,0.0026102066040039062,1,1,1e-06,0.0
1,0.002614259719848633,1,1,1e-06,0.0
1,0.0029773712158203125,1,1,1e-06,0.0
1,0.0033903121948242188,1,1,1e-06,0.0
1,0.004841804504394531,1,1,1e-06,0.0
1,0.0030934810638427734,1,1,1e-06,0.0
1,0.004664421081542969,1,1,1e-06,0.0
1,0.004981279373168945,1,1,1e-06,0.0
1,0.003947019577026367,1,1,1e-06,0.0
1,0.004822492599487305,1,1,1e-06,0.0
1,0.0059354305267333984,1,1,1e-06,0.0
1,0.004135847091674805,1,1,1e-06,0.0
1,0.0044956207275390625,1,1,1e-06,0.0
1,0.010532140731811523,1,1,1e-06,0.0
1,0.0040585994720458984,1,1,1e-06,0.0
1,0.004235744476318359,1,1,1e-06,0.0
1,0.0037491321563720703,1,1,1e-06,0.0
1,0.0068852901458740234,1,1,1e-06,0.0
1,0.004692554473876953,1,1,1e-06,0.0
1,0.010156631469726562,1,1,1e-06,0.0
1,0.03358912467956543,1,1,1e-06,0.0
1,0.004469394683837891,1,1,1e-06,0.0
1,0.0028285980224609375,1,1,1e-06,0.0
1,0.004279375076293945,1,1,1e-06,0.0
1,0.009982824325561523,1,1,1e-06,0.0
1,0.00486445426940918,1,1,1e-06,0.0
1,0.008090734481811523,1,1,1e-06,0.0
1,0.0053136348724365234,1,1,1e-06,0.0
1,0.0050563812255859375,1,1,1e-06,0.0
1,0.005717039108276367,1,1,1e-06,0.0
1,0.007780551910400391,1,1,1e-06,0.0
1,0.0026307106018066406,1,1,1e-06,0.0
1,0.010151863098144531,1,1,1e-06,0.0
1,0.0075609683990478516,1,1,1e-06,0.0
1,0.0051136016845703125,1,1,1e-06,0.0
1,0.0033702850341796875,1,1,1e-06,0.0
1,0.004254341125488281,1,1,1e-06,0.0
1,0.0031538009643554688,1,1,1e-06,0.0
1,0.9222061634063721,1,1,1e-06,0.0
1,0.0034890174865722656,1,1,1e-06,0.0
1,0.0033164024353027344,1,1,1e-06,0.0
1,0.0024077892303466797,1,1,1e-06,0.0
1,0.039040327072143555,1,1,1e-06,0.0
1,0.015130043029785156,1,1,1e-06,0.0
1,0.005304813385009766,1,1,1e-06,0.0
1,0.002410888671875,1,1,1e-06,0.0
1,0.001600027084350586,1,1,1e-06,0.0
1,0.0024385452270507812,1,1,1e-06,0.0
1,0.007211208343505859,1,1,1e-06,0.0
1,0.003745555877685547,1,1,1e-06,0.0
1,0.003526449203491211,1,1,1e-06,0.0
1,0.006295919418334961,1,1,1e-06,0.0
1,0.0031850337982177734,1,1,1e-06,0.0
1,0.003020763397216797,1,1,1e-06,0.0
1,0.0029244422912597656,1,1,1e-06,0.0
1,0.0029044151306152344,1,1,1e-06,0.0
1,0.004093647003173828,1,1,1e-06,0.0
1,0.0030786991119384766,1,1,1e-06,0.0
1,0.0020112991333007812,1,1,1e-06,0.0
1,0.002590179443359375,1,1,1e-06,0.0
1,0.003012418746948242,1,1,1e-06,0.0
1,0.0025086402893066406,1,1,1e-06,0.0
1,0.002596616744995117,1,1,1e-06,0.0
1,0.0037136077880859375,1,1,1e-06,0.0
1,0.0020635128021240234,1,1,1e-06,0.0
1,0.00243377685546875,1,1,1e-06,0.0
1,0.004509449005126953,1,1,1e-06,0.0
1,0.004703044891357422,1,1,1e-06,0.0
1,0.004467487335205078,1,1,1e-06,0.0
1,0.0036292076110839844,1,1,1e-06,0.0
1,0.005067348480224609,1,1,1e-06,0.0
1,0.006897449493408203,1,1,1e-06,0.0
1,0.004973411560058594,1,1,1e-06,0.0
1,0.006339311599731445,1,1,1e-06,0.0
1,0.003754854202270508,1,1,1e-06,0.0
1,0.0037431716918945312,1,1,1e-06,0.0
1,0.0033414363861083984,1,1,1e-06,0.0
1,0.0039234161376953125,1,1,1e-06,0.0
1,0.0029671192169189453,1,1,1e-06,0.0
1,0.21510934829711914,1,1,1e-06,0.0
1,0.0026197433471679688,1,1,1e-06,0.0
1,0.0033845901489257812,1,1,1e-06,0.0
1,0.003562450408935547,1,1,1e-06,0.0
1,0.034132957458496094,1,1,1e-06,0.0
1,0.003053903579711914,1,1,1e-06,0.0
1,0.003667116165161133,1,1,1e-06,0.0
1,0.0029671192169189453,1,1,1e-06,0.0
1,0.003237009048461914,1,1,1e-06,0.0
1,0.002854585647583008,1,1,1e-06,0.0
1,0.002210855484008789,1,1,1e-06,0.0
1,0.02645277976989746,1,1,1e-06,0.0
1,0.0031480789184570312,1,1,1e-06,0.0
1,0.0037169456481933594,1,1,1e-06,0.0
1,0.0030596256256103516,1,1,1e-06,0.0
1,0.002614736557006836,1,1,1e-06,0.0
1,0.003160238265991211,1,1,1e-06,0.0
1,0.0036427974700927734,1,1,1e-06,0.0
1,0.002225637435913086,1,1,1e-06,0.0
1,0.004556894302368164,1,1,1e-06,0.0
1,0.002485990524291992,1,1,1e-06,0.0
1,0.0032393932342529297,1,1,1e-06,0.0
1,0.002167940139770508,1,1,1e-06,0.0
1,0.004767894744873047,1,1,1e-06,0.0
1,0.0033283233642578125,1,1,1e-06,0.0
1,0.003729581832885742,1,1,1e-06,0.0
1,0.003943920135498047,1,1,1e-06,0.0
1,0.003850698471069336,1,1,1e-06,0.0
1,0.0021810531616210938,1,1,1e-06,0.0
1,0.0019729137420654297,1,1,1e-06,0.0
1,0.0024962425231933594,1,1,1e-06,0.0
1,0.002086162567138672,1,1,1e-06,0.0
1,0.0030350685119628906,1,1,1e-06,0.0
1,0.003827333450317383,1,1,1e-06,0.0
1,0.0027480125427246094,1,1,1e-06,0.0
1,0.0045146942138671875,1,1,1e-06,0.0
1,0.0025420188903808594,1,1,1e-06,0.0
1,0.003357410430908203,1,1,1e-06,0.0
1,0.0024871826171875,1,1,1e-06,0.0
1,0.0037615299224853516,1,1,1e-06,0.0
1,0.006850004196166992,1,1,1e-06,0.0
1,0.004023551940917969,1,1,1e-06,0.0
1,0.0036971569061279297,1,1,1e-06,0.0
1,0.0035092830657958984,1,1,1e-06,0.0
1,0.08346915245056152,1,1,1e-06,0.0
1,0.00254058837890625,1,1,1e-06,0.0
1,0.004335641860961914,1,1,1e-06,0.0
1,0.005914926528930664,1,1,1e-06,0.0
1,0.007466554641723633,1,1,1e-06,0.0
1,0.002755880355834961,1,1,1e-06,0.0
1,0.0030422210693359375,1,1,1e-06,0.0
1,0.0023996829986572266,1,1,1e-06,0.0
1,0.0017533302307128906,1,1,1e-06,0.0
1,0.0049228668212890625,1,1,1e-06,0.0
1,0.0034170150756835938,1,1,1e-06,0.0
1,0.004438638687133789,1,1,1e-06,0.0
1,0.004457235336303711,1,1,1e-06,0.0
1,0.003762483596801758,1,1,1e-06,0.0
1,0.0032825469970703125,1,1,1e-06,0.0
1,0.005484580993652344,1,1,1e-06,0.0
1,0.003588438034057617,1,1,1e-06,0.0
1,0.003309011459350586,1,1,1e-06,0.0
1,0.006954669952392578,1,1,1e-06,0.0
1,0.006955385208129883,1,1,1e-06,0.0
1,0.03110504150390625,1,1,1e-06,0.0
1,0.005553245544433594,1,1,1e-06,0.0
1,0.00412440299987793,1,1,1e-06,0.0
1,0.0033004283905029297,1,1,1e-06,0.0
1,0.004053592681884766,1,1,1e-06,0.0
1,0.007999181747436523,1,1,1e-06,0.0
1,0.005234241485595703,1,1,1e-06,0.0
1,0.0031096935272216797,1,1,1e-06,0.0
1,0.002936840057373047,1,1,1e-06,0.0
1,0.005233049392700195,1,1,1e-06,0.0
1,0.004332065582275391,1,1,1e-06,0.0
1,0.002940654754638672,1,1,1e-06,0.0
1,0.0028488636016845703,1,1,1e-06,0.0
1,0.0062978267669677734,1,1,1e-06,0.0
1,0.005155324935913086,1,1,1e-06,0.0
1,0.003131866455078125,1,1,1e-06,0.0
1,0.003826618194580078,1,1,1e-06,0.0
1,0.017984390258789062,1,1,1e-06,0.0
1,0.002438783645629883,1,1,1e-06,0.0
1,0.002574443817138672,1,1,1e-06,0.0
1,0.004125356674194336,1,1,1e-06,0.0
1,0.005327701568603516,1,1,1e-06,0.0
1,0.003530740737915039,1,1,1e-06,0.0
1,0.002996683120727539,1,1,1e-06,0.0
1,0.003178834915161133,1,1,1e-06,0.0
1,0.0038535594940185547,1,1,1e-06,0.0
1,0.003397226333618164,1,1,1e-06,0.0
1,0.004380941390991211,1,1,1e-06,0.0
1,0.004079580307006836,1,1,1e-06,0.0
1,0.0036826133728027344,1,1,1e-06,0.0
1,0.0035567283630371094,1,1,1e-06,0.0
1,0.025275707244873047,1,1,1e-06,0.0
1,0.004309654235839844,1,1,1e-06,0.0
1,0.002700328826904297,1,1,1e-06,0.0
1,0.0024864673614501953,1,1,1e-06,0.0
1,0.0032296180725097656,1,1,1e-06,0.0
1,0.0032987594604492188,1,1,1e-06,0.0
1,0.04570484161376953,1,1,1e-06,0.0
1,0.01373147964477539,1,1,1e-06,0.0
1,0.004297018051147461,1,1,1e-06,0.0
1,0.004420757293701172,1,1,1e-06,0.0
1,0.002523660659790039,1,1,1e-06,0.0
1,0.002661466598510742,1,1,1e-06,0.0
1,0.0034856796264648438,1,1,1e-06,0.0
1,0.008910655975341797,1,1,1e-06,0.0
1,0.0028913021087646484,1,1,1e-06,0.0
1,0.0024268627166748047,1,1,1e-06,0.0
1,0.016566991806030273,1,1,1e-06,0.0
1,0.004303693771362305,1,1,1e-06,0.0
1,0.0028619766235351562,1,1,1e-06,0.0
1,0.002643108367919922,1,1,1e-06,0.0
1,0.0047032833099365234,1,1,1e-06,0.0
1,0.0025725364685058594,1,1,1e-06,0.0
1,0.004805803298950195,1,1,1e-06,0.0
1,0.0031692981719970703,1,1,1e-06,0.0
1,0.005537748336791992,1,1,1e-06,0.0
1,0.0047321319580078125,1,1,1e-06,0.0
1,0.003513336181640625,1,1,1e-06,0.0
1,0.0040569305419921875,1,1,1e-06,0.0
1,0.0022962093353271484,1,1,1e-06,0.0
1,0.0038149356842041016,1,1,1e-06,0.0
1,0.004977703094482422,1,1,1e-06,0.0
1,0.0032324790954589844,1,1,1e-06,0.0
1,0.003915071487426758,1,1,1e-06,0.0
1,0.004748344421386719,1,1,1e-06,0.0
1,0.008724212646484375,1,1,1e-06,0.0
1,0.002197265625,1,1,1e-06,0.0
1,0.003876924514770508,1,1,1e-06,0.0
1,0.011992692947387695,1,1,1e-06,0.0
1,0.01125335693359375,1,1,1e-06,0.0
1,0.002534627914428711,1,1,1e-06,0.0
1,0.013000249862670898,1,1,1e-06,0.0
1,0.002537250518798828,1,1,1e-06,0.0
1,0.0040242671966552734,1,1,1e-06,0.0
1,0.010243654251098633,1,1,1e-06,0.0
1,0.0024776458740234375,1,1,1e-06,0.0
1,0.002578258514404297,1,1,1e-06,0.0
1,0.010871410369873047,1,1,1e-06,0.0
1,0.003589153289794922,1,1,1e-06,0.0
1,0.0036106109619140625,1,1,1e-06,0.0
1,0.011591911315917969,1,1,1e-06,0.0
1,0.0022809505462646484,1,1,1e-06,0.0
1,0.0026869773864746094,1,1,1e-06,0.0
1,0.0032846927642822266,1,1,1e-06,0.0
1,0.01080465316772461,1,1,1e-06,0.0
1,0.0038483142852783203,1,1,1e-06,0.0
1,0.006892204284667969,1,1,1e-06,0.0
1,0.003424406051635742,1,1,1e-06,0.0
1,0.002547740936279297,1,1,1e-06,0.0
1,0.003161191940307617,1,1,1e-06,0.0
1,0.029603242874145508,1,1,1e-06,0.0
1,0.00446319580078125,1,1,1e-06,0.0
1,0.006006479263305664,1,1,1e-06,0.0
1,0.0033082962036132812,1,1,1e-06,0.0
1,0.060593605041503906,1,1,1e-06,0.0
1,0.010695219039916992,1,1,1e-06,0.0
1,0.003032684326171875,1,1,1e-06,0.0
1,0.004149436950683594,1,1,1e-06,0.0
1,0.0076143741607666016,1,1,1e-06,0.0
1,0.04675483703613281,1,1,1e-06,0.0
1,0.003300189971923828,1,1,1e-06,0.0
1,0.03629922866821289,1,1,1e-06,0.0
1,0.0039215087890625,1,1,1e-06,0.0
1,0.01151728630065918,1,1,1e-06,0.0
1,0.0030364990234375,1,1,1e-06,0.0
1,0.007840394973754883,1,1,1e-06,0.0
1,0.010365486145019531,1,1,1e-06,0.0
1,0.003632783889770508,1,1,1e-06,0.0
1,0.003376007080078125,1,1,1e-06,0.0
1,0.0037050247192382812,1,1,1e-06,0.0
1,0.035858154296875,1,1,1e-06,0.0
1,0.006487369537353516,1,1,1e-06,0.0
1,0.0034074783325195312,1,1,1e-06,0.0
1,0.009379863739013672,1,1,1e-06,0.0
1,0.003743410110473633,1,1,1e-06,0.0
1,0.003435850143432617,1,1,1e-06,0.0
1,0.003448963165283203,1,1,1e-06,0.0
1,0.011130094528198242,1,1,1e-06,0.0
1,0.002911806106567383,1,1,1e-06,0.0
1,0.014339685440063477,1,1,1e-06,0.0
1,0.003743886947631836,1,1,1e-06,0.0
1,0.001867532730102539,1,1,1e-06,0.0
1,0.002413511276245117,1,1,1e-06,0.0
1,0.013927459716796875,1,1,1e-06,0.0
1,0.0044515132904052734,1,1,1e-06,0.0
1,0.004435062408447266,1,1,1e-06,0.0
1,0.003693819046020508,1,1,1e-06,0.0
1,0.017496347427368164,1,1,1e-06,0.0
1,0.00275421142578125,1,1,1e-06,0.0
1,0.002666473388671875,1,1,1e-06,0.0
1,0.003644704818725586,1,1,1e-06,0.0
1,0.0031290054321289062,1,1,1e-06,0.0
1,0.006829500198364258,1,1,1e-06,0.0
1,0.025960683822631836,1,1,1e-06,0.0
1,0.009387493133544922,1,1,1e-06,0.0
1,0.0036666393280029297,1,1,1e-06,0.0
1,0.005733966827392578,1,1,1e-06,0.0
1,0.009328126907348633,1,1,1e-06,0.0
1,0.04261207580566406,1,1,1e-06,0.0
1,0.007170438766479492,1,1,1e-06,0.0
1,0.004572153091430664,1,1,1e-06,0.0
1,0.0028760433197021484,1,1,1e-06,0.0
1,0.011423349380493164,1,1,1e-06,0.0
1,0.004345417022705078,1,1,1e-06,0.0
1,0.0033903121948242188,1,1,1e-06,0.0
1,0.0050427913665771484,1,1,1e-06,0.0
1,0.06287646293640137,1,1,1e-06,0.0
1,0.005845308303833008,1,1,1e-06,0.0
1,0.009988546371459961,1,1,1e-06,0.0
1,0.003181934356689453,1,1,1e-06,0.0
1,0.004068851470947266,1,1,1e-06,0.0
1,0.0028717517852783203,1,1,1e-06,0.0
1,0.003545045852661133,1,1,1e-06,0.0
1,0.004519939422607422,1,1,1e-06,0.0
1,0.0029959678649902344,1,1,1e-06,0.0
1,0.00421452522277832,1,1,1e-06,0.0
1,0.0053484439849853516,1,1,1e-06,0.0
1,0.00705718994140625,1,1,1e-06,0.0
1,0.003991127014160156,1,1,1e-06,0.0
1,0.0037813186645507812,1,1,1e-06,0.0
1,0.00238037109375,1,1,1e-06,0.0
1,0.014622211456298828,1,1,1e-06,0.0
1,0.0030908584594726562,1,1,1e-06,0.0
1,0.004762887954711914,1,1,1e-06,0.0
1,0.004653215408325195,1,1,1e-06,0.0
1,0.0039577484130859375,1,1,1e-06,0.0
1,0.0027396678924560547,1,1,1e-06,0.0
1,0.0040836334228515625,1,1,1e-06,0.0
1,0.0033140182495117188,1,1,1e-06,0.0
1,0.0037822723388671875,1,1,1e-06,0.0
1,0.004782915115356445,1,1,1e-06,0.0
1,0.004179239273071289,1,1,1e-06,0.0
1,0.0036194324493408203,1,1,1e-06,0.0
1,0.32006263732910156,1,1,1e-06,0.0
1,0.00431513786315918,1,1,1e-06,0.0
1,0.00405120849609375,1,1,1e-06,0.0
1,0.005019426345825195,1,1,1e-06,0.0
1,0.005365610122680664,1,1,1e-06,0.0
1,0.005814552307128906,1,1,1e-06,0.0
1,0.004753589630126953,1,1,1e-06,0.0
1,0.0041179656982421875,1,1,1e-06,0.0
1,0.003050565719604492,1,1,1e-06,0.0
1,0.0049173831939697266,1,1,1e-06,0.0
1,0.003744840621948242,1,1,1e-06,0.0
1,0.0029876232147216797,1,1,1e-06,0.0
1,0.004528999328613281,1,1,1e-06,0.0
1,0.0025866031646728516,1,1,1e-06,0.0
1,0.003992795944213867,1,1,1e-06,0.0
1,0.0023789405822753906,1,1,1e-06,0.0
1,0.0035042762756347656,1,1,1e-06,0.0
1,0.003822803497314453,1,1,1e-06,0.0
1,0.007874250411987305,1,1,1e-06,0.0
1,0.003765106201171875,1,1,1e-06,0.0
1,0.009669780731201172,1,1,1e-06,0.0
1,0.0042514801025390625,1,1,1e-06,0.0
1,0.02710580825805664,1,1,1e-06,0.0
1,0.003654956817626953,1,1,1e-06,0.0
1,0.003529787063598633,1,1,1e-06,0.0
1,0.003264188766479492,1,1,1e-06,0.0
1,0.003304004669189453,1,1,1e-06,0.0
1,0.004297733306884766,1,1,1e-06,0.0
1,0.0032105445861816406,1,1,1e-06,0.0
1,0.02395153045654297,1,1,1e-06,0.0
1,0.0032002925872802734,1,1,1e-06,0.0
1,0.0026798248291015625,1,1,1e-06,0.0
1,0.0049321651458740234,1,1,1e-06,0.0
1,0.002045869827270508,1,1,1e-06,0.0
1,0.003343820571899414,1,1,1e-06,0.0
1,0.002488374710083008,1,1,1e-06,0.0
1,0.007312297821044922,1,1,1e-06,0.0
1,0.04849743843078613,1,1,1e-06,0.0
1,0.003005504608154297,1,1,1e-06,0.0
1,0.0028171539306640625,1,1,1e-06,0.0
1,0.003208637237548828,1,1,1e-06,0.0
1,0.02460193634033203,1,1,1e-06,0.0
1,0.002304553985595703,1,1,1e-06,0.0
1,0.001889944076538086,1,1,1e-06,0.0
1,0.0022563934326171875,1,1,1e-06,0.0
1,0.007559776306152344,1,1,1e-06,0.0
1,0.0031876564025878906,1,1,1e-06,0.0
1,0.005064487457275391,1,1,1e-06,0.0
1,0.003559112548828125,1,1,1e-06,0.0
1,0.0051250457763671875,1,1,1e-06,0.0
1,0.004715681076049805,1,1,1e-06,0.0
1,0.0036163330078125,1,1,1e-06,0.0
1,0.003912210464477539,1,1,1e-06,0.0
1,0.005926609039306641,1,1,1e-06,0.0
1,0.0031151771545410156,1,1,1e-06,0.0
1,0.003701925277709961,1,1,1e-06,0.0
1,0.0040130615234375,1,1,1e-06,0.0
1,0.0030739307403564453,1,1,1e-06,0.0
1,0.0029239654541015625,1,1,1e-06,0.0
1,0.0027489662170410156,1,1,1e-06,0.0
1,0.0038149356842041016,1,1,1e-06,0.0
1,0.006894111633300781,1,1,1e-06,0.0
1,0.0034661293029785156,1,1,1e-06,0.0
1,0.0036585330963134766,1,1,1e-06,0.0
1,0.0029010772705078125,1,1,1e-06,0.0
1,0.002744913101196289,1,1,1e-06,0.0
1,0.0026502609252929688,1,1,1e-06,0.0
1,0.002394437789916992,1,1,1e-06,0.0
1,0.0049419403076171875,1,1,1e-06,0.0
1,0.003367900848388672,1,1,1e-06,0.0
1,0.0049591064453125,1,1,1e-06,0.0
1,0.002809286117553711,1,1,1e-06,0.0
1,0.0035953521728515625,1,1,1e-06,0.0
1,0.002997159957885742,1,1,1e-06,0.0
1,0.005928754806518555,1,1,1e-06,0.0
1,0.0039920806884765625,1,1,1e-06,0.0
1,0.002852201461791992,1,1,1e-06,0.0
1,0.008047342300415039,1,1,1e-06,0.0
1,0.0038628578186035156,1,1,1e-06,0.0
1,0.0031015872955322266,1,1,1e-06,0.0
1,0.004041433334350586,1,1,1e-06,0.0
1,0.05162692070007324,1,1,1e-06,0.0
1,0.003031492233276367,1,1,1e-06,0.0
1,0.02701401710510254,1,1,1e-06,0.0
1,0.0032248497009277344,1,1,1e-06,0.0
1,0.0020928382873535156,1,1,1e-06,0.0
1,0.004631996154785156,1,1,1e-06,0.0
1,0.00525355339050293,1,1,1e-06,0.0
1,0.013367176055908203,1,1,1e-06,0.0
1,0.002996206283569336,1,1,1e-06,0.0
1,0.0029060840606689453,1,1,1e-06,0.0
1,0.0024938583374023438,1,1,1e-06,0.0
1,0.004439115524291992,1,1,1e-06,0.0
1,0.0032668113708496094,1,1,1e-06,0.0
1,0.0034942626953125,1,1,1e-06,0.0
1,0.00263214111328125,1,1,1e-06,0.0
1,0.002704620361328125,1,1,1e-06,0.0
1,0.0038001537322998047,1,1,1e-06,0.0
1,0.0041348934173583984,1,1,1e-06,0.0
1,0.00638270378112793,1,1,1e-06,0.0
1,0.0028133392333984375,1,1,1e-06,0.0
1,0.0038483142852783203,1,1,1e-06,0.0
1,0.004474163055419922,1,1,1e-06,0.0
1,0.002901315689086914,1,1,1e-06,0.0
1,0.003195524215698242,1,1,1e-06,0.0
1,0.0031197071075439453,1,1,1e-06,0.0
1,0.0035517215728759766,1,1,1e-06,0.0
1,0.003946065902709961,1,1,1e-06,0.0
1,0.0034737586975097656,1,1,1e-06,0.0
1,0.004339933395385742,1,1,1e-06,0.0
1,0.0037903785705566406,1,1,1e-06,0.0
1,0.0031316280364990234,1,1,1e-06,0.0
1,0.00249481201171875,1,1,1e-06,0.0
1,0.051775217056274414,1,1,1e-06,0.0
1,0.003031015396118164,1,1,1e-06,0.0
1,0.0026051998138427734,1,1,1e-06,0.0
1,0.0022923946380615234,1,1,1e-06,0.0
1,0.0030524730682373047,1,1,1e-06,0.0
1,0.0028159618377685547,1,1,1e-06,0.0
1,0.003399372100830078,1,1,1e-06,0.0
1,0.003923654556274414,1,1,1e-06,0.0
1,0.003975629806518555,1,1,1e-06,0.0
1,0.003368377685546875,1,1,1e-06,0.0
1,0.029727458953857422,1,1,1e-06,0.0
1,0.4531111717224121,1,1,1e-06,0.0
1,0.003972768783569336,1,1,1e-06,0.0
1,0.009671926498413086,1,1,1e-06,0.0
1,0.007043361663818359,1,1,1e-06,0.0
1,0.0037202835083007812,1,1,1e-06,0.0
1,0.0038042068481445312,1,1,1e-06,0.0
1,0.007001399993896484,1,1,1e-06,0.0
1,0.003995180130004883,1,1,1e-06,0.0
1,0.004386186599731445,1,1,1e-06,0.0
1,0.0038034915924072266,1,1,1e-06,0.0
1,0.005846977233886719,1,1,1e-06,0.0
1,0.0036611557006835938,1,1,1e-06,0.0
1,0.003453493118286133,1,1,1e-06,0.0
1,0.004100322723388672,1,1,1e-06,0.0
1,0.004324436187744141,1,1,1e-06,0.0
1,0.0037016868591308594,1,1,1e-06,0.0
1,0.003967761993408203,1,1,1e-06,0.0
1,0.04860353469848633,1,1,1e-06,0.0
1,0.006078958511352539,1,1,1e-06,0.0
1,0.009342193603515625,1,1,1e-06,0.0
1,0.004334688186645508,1,1,1e-06,0.0
1,0.003885984420776367,1,1,1e-06,0.0
1,0.004619121551513672,1,1,1e-06,0.0
1,0.003543853759765625,1,1,1e-06,0.0
1,0.0029942989349365234,1,1,1e-06,0.0
1,0.0024895668029785156,1,1,1e-06,0.0
1,0.0029227733612060547,1,1,1e-06,0.0
1,0.0043637752532958984,1,1,1e-06,0.0
1,0.003918170928955078,1,1,1e-06,0.0
1,0.0031349658966064453,1,1,1e-06,0.0
1,0.00704646110534668,1,1,1e-06,0.0
1,0.030361175537109375,1,1,1e-06,0.0
1,0.0033321380615234375,1,1,1e-06,0.0
1,0.004370689392089844,1,1,1e-06,0.0
1,0.003597736358642578,1,1,1e-06,0.0
1,0.0037162303924560547,1,1,1e-06,0.0
1,0.003134012222290039,1,1,1e-06,0.0
1,0.0023469924926757812,1,1,1e-06,0.0
1,0.0028319358825683594,1,1,1e-06,0.0
1,0.003171682357788086,1,1,1e-06,0.0
1,0.003400564193725586,1,1,1e-06,0.0
1,0.005763530731201172,1,1,1e-06,0.0
1,0.003991365432739258,1,1,1e-06,0.0
1,0.004977226257324219,1,1,1e-06,0.0
1,0.003178834915161133,1,1,1e-06,0.0
1,0.003712177276611328,1,1,1e-06,0.0
1,0.003332853317260742,1,1,1e-06,0.0
1,0.003301858901977539,1,1,1e-06,0.0
1,0.0027794837951660156,1,1,1e-06,0.0
1,0.0024003982543945312,1,1,1e-06,0.0
1,0.0029404163360595703,1,1,1e-06,0.0
1,0.00500941276550293,1,1,1e-06,0.0
1,0.003917694091796875,1,1,1e-06,0.0
1,0.0030906200408935547,1,1,1e-06,0.0
1,0.0049397945404052734,1,1,1e-06,0.0
1,0.003980398178100586,1,1,1e-06,0.0
1,0.0035402774810791016,1,1,1e-06,0.0
1,0.05848574638366699,1,1,1e-06,0.0
1,0.0029311180114746094,1,1,1e-06,0.0
1,0.003225088119506836,1,1,1e-06,0.0
1,0.004488468170166016,1,1,1e-06,0.0
1,0.003972053527832031,1,1,1e-06,0.0
1,0.0032994747161865234,1,1,1e-06,0.0
1,0.004404544830322266,1,1,1e-06,0.0
1,0.003201007843017578,1,1,1e-06,0.0
1,0.0060882568359375,1,1,1e-06,0.0
1,0.002966165542602539,1,1,1e-06,0.0
1,0.004731655120849609,1,1,1e-06,0.0
1,0.004269838333129883,1,1,1e-06,0.0
1,0.003628969192504883,1,1,1e-06,0.0
1,0.003319263458251953,1,1,1e-06,0.0
1,0.0027618408203125,1,1,1e-06,0.0
1,0.003579854965209961,1,1,1e-06,0.0
1,0.004553318023681641,1,1,1e-06,0.0
1,0.006809711456298828,1,1,1e-06,0.0
1,0.0037441253662109375,1,1,1e-06,0.0
1,0.0054318904876708984,1,1,1e-06,0.0
1,0.004675388336181641,1,1,1e-06,0.0
1,0.0041065216064453125,1,1,1e-06,0.0
1,0.004055976867675781,1,1,1e-06,0.0
1,0.00652766227722168,1,1,1e-06,0.0
1,0.004163980484008789,1,1,1e-06,0.0
1,0.002264261245727539,1,1,1e-06,0.0
1,0.0022585391998291016,1,1,1e-06,0.0
1,0.0033168792724609375,1,1,1e-06,0.0
1,0.0030219554901123047,1,1,1e-06,0.0
1,0.003973484039306641,1,1,1e-06,0.0
1,0.003300905227661133,1,1,1e-06,0.0
1,0.002347707748413086,1,1,1e-06,0.0
1,0.0032835006713867188,1,1,1e-06,0.0
1,0.0028679370880126953,1,1,1e-06,0.0
1,0.005196332931518555,1,1,1e-06,0.0
1,0.0041217803955078125,1,1,1e-06,0.0
1,0.004809856414794922,1,1,1e-06,0.0
1,0.0038444995880126953,1,1,1e-06,0.0
1,0.0036563873291015625,1,1,1e-06,0.0
1,0.006295680999755859,1,1,1e-06,0.0
1,0.0034704208374023438,1,1,1e-06,0.0
1,0.003589630126953125,1,1,1e-06,0.0
1,0.0030031204223632812,1,1,1e-06,0.0
1,0.0046308040618896484,1,1,1e-06,0.0
1,0.004465818405151367,1,1,1e-06,0.0
1,0.0035941600799560547,1,1,1e-06,0.0
1,0.003556966781616211,1,1,1e-06,0.0
1,0.008118152618408203,1,1,1e-06,0.0
1,0.0037059783935546875,1,1,1e-06,0.0
1,0.00423741340637207,1,1,1e-06,0.0
1,0.006325244903564453,1,1,1e-06,0.0
1,0.005049705505371094,1,1,1e-06,0.0
1,0.002370595932006836,1,1,1e-06,0.0
1,0.0026183128356933594,1,1,1e-06,0.0
1,0.0043032169342041016,1,1,1e-06,0.0
1,0.00263214111328125,1,1,1e-06,0.0
1,0.0029823780059814453,1,1,1e-06,0.0
1,0.0021719932556152344,1,1,1e-06,0.0
1,0.0027070045471191406,1,1,1e-06,0.0
1,0.0056111812591552734,1,1,1e-06,0.0
1,0.0036325454711914062,1,1,1e-06,0.0
1,0.002379894256591797,1,1,1e-06,0.0
1,0.0026264190673828125,1,1,1e-06,0.0
1,0.032955169677734375,1,1,1e-06,0.0
1,0.002763986587524414,1,1,1e-06,0.0
1,0.003040313720703125,1,1,1e-06,0.0
1,0.006280422210693359,1,1,1e-06,0.0
1,0.0037043094635009766,1,1,1e-06,0.0
1,0.0028922557830810547,1,1,1e-06,0.0
1,0.003360271453857422,1,1,1e-06,0.0
1,0.003854036331176758,1,1,1e-06,0.0
1,0.004490852355957031,1,1,1e-06,0.0
1,0.0029859542846679688,1,1,1e-06,0.0
1,0.0032024383544921875,1,1,1e-06,0.0
1,0.004540443420410156,1,1,1e-06,0.0
1,0.003972291946411133,1,1,1e-06,0.0
1,0.003340482711791992,1,1,1e-06,0.0
1,0.005651235580444336,1,1,1e-06,0.0
1,0.003938198089599609,1,1,1e-06,0.0
1,0.004961967468261719,1,1,1e-06,0.0
1,0.0035092830657958984,1,1,1e-06,0.0
1,0.005387306213378906,1,1,1e-06,0.0
1,0.003514528274536133,1,1,1e-06,0.0
1,0.5444951057434082,1,1,1e-06,0.0
1,0.005618095397949219,1,1,1e-06,0.0
1,0.003184080123901367,1,1,1e-06,0.0
1,0.002657651901245117,1,1,1e-06,0.0
1,0.0030379295349121094,1,1,1e-06,0.0
1,0.002686023712158203,1,1,1e-06,0.0
1,0.0026035308837890625,1,1,1e-06,0.0
1,0.0021729469299316406,1,1,1e-06,0.0
1,0.002688169479370117,1,1,1e-06,0.0
1,0.002107858657836914,1,1,1e-06,0.0
1,0.0028111934661865234,1,1,1e-06,0.0
1,0.6273043155670166,1,1,1e-06,0.0
1,0.0030465126037597656,1,1,1e-06,0.0
1,0.011890411376953125,1,1,1e-06,0.0
1,0.0033142566680908203,1,1,1e-06,0.0
1,0.002256631851196289,1,1,1e-06,0.0
1,0.002455472946166992,1,1,1e-06,0.0
1,0.1168360710144043,1,1,1e-06,0.0
1,0.0032231807708740234,1,1,1e-06,0.0
1,0.004340648651123047,1,1,1e-06,0.0
1,0.009685516357421875,1,1,1e-06,0.0
1,0.00440216064453125,1,1,1e-06,0.0
1,0.0031652450561523438,1,1,1e-06,0.0
1,0.0034995079040527344,1,1,1e-06,0.0
1,0.011022090911865234,1,1,1e-06,0.0
1,0.003302335739135742,1,1,1e-06,0.0
1,0.011491537094116211,1,1,1e-06,0.0
1,0.008845329284667969,1,1,1e-06,0.0
1,0.0029697418212890625,1,1,1e-06,0.0
1,0.004902362823486328,1,1,1e-06,0.0
1,0.010872840881347656,1,1,1e-06,0.0
1,0.0037565231323242188,1,1,1e-06,0.0
1,0.0033884048461914062,1,1,1e-06,0.0
1,0.011586904525756836,1,1,1e-06,0.0
1,0.0027692317962646484,1,1,1e-06,0.0
1,0.004463672637939453,1,1,1e-06,0.0
1,0.003221273422241211,1,1,1e-06,0.0
1,0.003010272979736328,1,1,1e-06,0.0
1,0.011730670928955078,1,1,1e-06,0.0
1,0.02393317222595215,1,1,1e-06,0.0
1,0.006532907485961914,1,1,1e-06,0.0
1,0.007581472396850586,1,1,1e-06,0.0
1,0.007383584976196289,1,1,1e-06,0.0
1,0.06016969680786133,1,1,1e-06,0.0
1,0.012562274932861328,1,1,1e-06,0.0
1,0.0026350021362304688,1,1,1e-06,0.0
1,0.0031082630157470703,1,1,1e-06,0.0
1,0.0025129318237304688,1,1,1e-06,0.0
1,0.011535406112670898,1,1,1e-06,0.0
1,0.003332376480102539,1,1,1e-06,0.0
1,0.0034868717193603516,1,1,1e-06,0.0
1,0.012276411056518555,1,1,1e-06,0.0
1,0.0025949478149414062,1,1,1e-06,0.0
1,0.0040323734283447266,1,1,1e-06,0.0
1,0.011863470077514648,1,1,1e-06,0.0
1,0.004513978958129883,1,1,1e-06,0.0
1,0.0037124156951904297,1,1,1e-06,0.0
1,0.012362003326416016,1,1,1e-06,0.0
1,0.004212617874145508,1,1,1e-06,0.0
1,0.003115415573120117,1,1,1e-06,0.0
1,0.003905773162841797,1,1,1e-06,0.0
1,0.010610342025756836,1,1,1e-06,0.0
1,0.0032575130462646484,1,1,1e-06,0.0
1,0.002936840057373047,1,1,1e-06,0.0
1,0.013165473937988281,1,1,1e-06,0.0
1,0.0031905174255371094,1,1,1e-06,0.0
1,0.003756999969482422,1,1,1e-06,0.0
1,0.011373519897460938,1,1,1e-06,0.0
1,0.0034554004669189453,1,1,1e-06,0.0
1,0.008179664611816406,1,1,1e-06,0.0
1,0.0060231685638427734,1,1,1e-06,0.0
1,0.0040721893310546875,1,1,1e-06,0.0
1,0.003330707550048828,1,1,1e-06,0.0
1,0.06404590606689453,1,1,1e-06,0.0
1,0.012298822402954102,1,1,1e-06,0.0
1,0.011150360107421875,1,1,1e-06,0.0
1,0.01510167121887207,1,1,1e-06,0.0
1,0.014364480972290039,1,1,1e-06,0.0
1,0.004139900207519531,1,1,1e-06,0.0
1,0.015148401260375977,1,1,1e-06,0.0
1,0.015553712844848633,1,1,1e-06,0.0
1,0.015112161636352539,1,1,1e-06,0.0
1,0.008925437927246094,1,1,1e-06,0.0
1,0.016382932662963867,1,1,1e-06,0.0
1,0.013297080993652344,1,1,1e-06,0.0
1,0.0034477710723876953,1,1,1e-06,0.0
1,0.023928165435791016,1,1,1e-06,0.0
1,0.0043544769287109375,1,1,1e-06,0.0
1,0.01040029525756836,1,1,1e-06,0.0
1,0.011223554611206055,1,1,1e-06,0.0
1,0.00603938102722168,1,1,1e-06,0.0
1,0.005810737609863281,1,1,1e-06,0.0
1,0.014421939849853516,1,1,1e-06,0.0
1,0.0037131309509277344,1,1,1e-06,0.0
1,0.051924705505371094,1,1,1e-06,0.0
1,0.004166603088378906,1,1,1e-06,0.0
1,0.003796815872192383,1,1,1e-06,0.0
1,0.044696807861328125,1,1,1e-06,0.0
1,0.0032606124877929688,1,1,1e-06,0.0
1,0.012282848358154297,1,1,1e-06,0.0
1,0.0035331249237060547,1,1,1e-06,0.0
1,0.0029573440551757812,1,1,1e-06,0.0
1,0.0044803619384765625,1,1,1e-06,0.0
1,0.004750728607177734,1,1,1e-06,0.0
1,0.002663850784301758,1,1,1e-06,0.0
1,0.011847496032714844,1,1,1e-06,0.0
1,0.003057718276977539,1,1,1e-06,0.0
1,0.002573728561401367,1,1,1e-06,0.0
1,0.01174783706665039,1,1,1e-06,0.0
1,0.006926059722900391,1,1,1e-06,0.0
1,0.00552678108215332,1,1,1e-06,0.0
1,0.003392457962036133,1,1,1e-06,0.0
1,0.0025756359100341797,1,1,1e-06,0.0
1,0.009759664535522461,1,1,1e-06,0.0
1,0.003278493881225586,1,1,1e-06,0.0
1,0.002843618392944336,1,1,1e-06,0.0
1,0.009903430938720703,1,1,1e-06,0.0
1,0.0023221969604492188,1,1,1e-06,0.0
1,0.002819538116455078,1,1,1e-06,0.0
1,0.10936737060546875,1,1,1e-06,0.0
1,0.0029144287109375,1,1,1e-06,0.0
1,0.002103567123413086,1,1,1e-06,0.0
1,0.002583026885986328,1,1,1e-06,0.0
1,0.0024802684783935547,1,1,1e-06,0.0
1,0.0026335716247558594,1,1,1e-06,0.0
1,0.0031881332397460938,1,1,1e-06,0.0
1,0.008748531341552734,1,1,1e-06,0.0
1,0.003301382064819336,1,1,1e-06,0.0
1,0.0033330917358398438,1,1,1e-06,0.0
1,0.011020898818969727,1,1,1e-06,0.0
1,0.003085613250732422,1,1,1e-06,0.0
1,0.0027997493743896484,1,1,1e-06,0.0
1,0.0025529861450195312,1,1,1e-06,0.0
1,0.005417346954345703,1,1,1e-06,0.0
1,0.0042231082916259766,1,1,1e-06,0.0
1,0.003615856170654297,1,1,1e-06,0.0
1,0.0035343170166015625,1,1,1e-06,0.0
1,0.009881973266601562,1,1,1e-06,0.0
1,0.0039179325103759766,1,1,1e-06,0.0
1,0.0042111873626708984,1,1,1e-06,0.0
1,0.003959178924560547,1,1,1e-06,0.0
1,0.011393308639526367,1,1,1e-06,0.0
1,0.008309364318847656,1,1,1e-06,0.0
1,0.004793643951416016,1,1,1e-06,0.0
1,0.007176399230957031,1,1,1e-06,0.0
1,0.007635593414306641,1,1,1e-06,0.0
1,0.003907680511474609,1,1,1e-06,0.0
1,0.008606433868408203,1,1,1e-06,0.0
1,0.006729841232299805,1,1,1e-06,0.0
1,0.012450695037841797,1,1,1e-06,0.0
1,0.0039937496185302734,1,1,1e-06,0.0
1,0.003131389617919922,1,1,1e-06,0.0
1,0.003826618194580078,1,1,1e-06,0.0
1,0.011879682540893555,1,1,1e-06,0.0
1,0.002903461456298828,1,1,1e-06,0.0
1,0.004224300384521484,1,1,1e-06,0.0
1,0.01058340072631836,1,1,1e-06,0.0
1,0.003136873245239258,1,1,1e-06,0.0
1,0.003798246383666992,1,1,1e-06,0.0
1,0.006584882736206055,1,1,1e-06,0.0
1,0.004431962966918945,1,1,1e-06,0.0
1,0.003973722457885742,1,1,1e-06,0.0
1,0.004343748092651367,1,1,1e-06,0.0
1,0.12758564949035645,1,1,1e-06,0.0
1,0.007755279541015625,1,1,1e-06,0.0
1,0.02632451057434082,1,1,1e-06,0.0
1,0.0028553009033203125,1,1,1e-06,0.0
1,0.0031392574310302734,1,1,1e-06,0.0
1,0.003772735595703125,1,1,1e-06,0.0
1,0.005440235137939453,1,1,1e-06,0.0
1,0.0034766197204589844,1,1,1e-06,0.0
1,0.003363370895385742,1,1,1e-06,0.0
1,0.010896444320678711,1,1,1e-06,0.0
1,0.0051670074462890625,1,1,1e-06,0.0
1,0.004520416259765625,1,1,1e-06,0.0
1,0.0033762454986572266,1,1,1e-06,0.0
1,0.005601167678833008,1,1,1e-06,0.0
1,0.005017518997192383,1,1,1e-06,0.0
1,0.003052234649658203,1,1,1e-06,0.0
1,0.003660440444946289,1,1,1e-06,0.0
1,0.002870798110961914,1,1,1e-06,0.0
1,0.004909038543701172,1,1,1e-06,0.0
1,0.0045659542083740234,1,1,1e-06,0.0
1,0.02366495132446289,1,1,1e-06,0.0
1,0.0035400390625,1,1,1e-06,0.0
1,0.0035462379455566406,1,1,1e-06,0.0
1,0.15860652923583984,1,1,1e-06,0.0
1,0.004102230072021484,1,1,1e-06,0.0
1,0.006098508834838867,1,1,1e-06,0.0
1,0.430894136428833,1,1,1e-06,0.0
1,0.002889871597290039,1,1,1e-06,0.0
1,0.00356292724609375,1,1,1e-06,0.0
1,0.002218008041381836,1,1,1e-06,0.0
1,0.0026237964630126953,1,1,1e-06,0.0
1,0.0049152374267578125,1,1,1e-06,0.0
1,0.003473997116088867,1,1,1e-06,0.0
1,0.0028657913208007812,1,1,1e-06,0.0
1,0.0018286705017089844,1,1,1e-06,0.0
1,0.002652406692504883,1,1,1e-06,0.0
1,0.002567291259765625,1,1,1e-06,0.0
1,0.0030279159545898438,1,1,1e-06,0.0
1,0.003112316131591797,1,1,1e-06,0.0
1,0.003027677536010742,1,1,1e-06,0.0
1,0.003645658493041992,1,1,1e-06,0.0
1,0.0027382373809814453,1,1,1e-06,0.0
1,0.003389596939086914,1,1,1e-06,0.0
1,0.0029451847076416016,1,1,1e-06,0.0
1,0.002423524856567383,1,1,1e-06,0.0
1,0.0033371448516845703,1,1,1e-06,0.0
1,0.003985404968261719,1,1,1e-06,0.0
1,0.07129788398742676,1,1,1e-06,0.0
1,0.0029320716857910156,1,1,1e-06,0.0
1,0.0023691654205322266,1,1,1e-06,0.0
1,0.0031976699829101562,1,1,1e-06,0.0
1,0.003542184829711914,1,1,1e-06,0.0
1,0.0030698776245117188,1,1,1e-06,0.0
1,0.0029611587524414062,1,1,1e-06,0.0
1,0.003344297409057617,1,1,1e-06,0.0
1,0.0034978389739990234,1,1,1e-06,0.0
1,0.003556966781616211,1,1,1e-06,0.0
1,0.0028557777404785156,1,1,1e-06,0.0
1,0.0030591487884521484,1,1,1e-06,0.0
1,0.0027844905853271484,1,1,1e-06,0.0
1,0.0944216251373291,1,1,1e-06,0.0
1,0.0030252933502197266,1,1,1e-06,0.0
1,0.0030853748321533203,1,1,1e-06,0.0
1,0.0038945674896240234,1,1,1e-06,0.0
1,0.0036077499389648438,1,1,1e-06,0.0
1,0.002980947494506836,1,1,1e-06,0.0
1,0.0030083656311035156,1,1,1e-06,0.0
1,0.0046863555908203125,1,1,1e-06,0.0
1,0.0030930042266845703,1,1,1e-06,0.0
1,0.002459287643432617,1,1,1e-06,0.0
1,0.003017902374267578,1,1,1e-06,0.0
1,0.004203081130981445,1,1,1e-06,0.0
1,0.0034296512603759766,1,1,1e-06,0.0
1,0.0038728713989257812,1,1,1e-06,0.0
1,0.004207611083984375,1,1,1e-06,0.0
1,0.0061876773834228516,1,1,1e-06,0.0
1,0.004292726516723633,1,1,1e-06,0.0
1,0.005338191986083984,1,1,1e-06,0.0
1,0.0033423900604248047,1,1,1e-06,0.0
1,0.004052162170410156,1,1,1e-06,0.0
1,0.004742145538330078,1,1,1e-06,0.0
1,0.003740549087524414,1,1,1e-06,0.0
1,0.002879619598388672,1,1,1e-06,0.0
1,0.0033872127532958984,1,1,1e-06,0.0
1,0.0029478073120117188,1,1,1e-06,0.0
1,0.004877567291259766,1,1,1e-06,0.0
1,0.0034329891204833984,1,1,1e-06,0.0
1,0.003742694854736328,1,1,1e-06,0.0
1,0.0034852027893066406,1,1,1e-06,0.0
1,0.0879213809967041,1,1,1e-06,0.0
1,0.0020377635955810547,1,1,1e-06,0.0
1,0.02477264404296875,1,1,1e-06,0.0
1,0.0025022029876708984,1,1,1e-06,0.0
1,0.0025129318237304688,1,1,1e-06,0.0
1,0.0035135746002197266,1,1,1e-06,0.0
1,0.003376007080078125,1,1,1e-06,0.0
1,0.004163503646850586,1,1,1e-06,0.0
1,0.04159402847290039,1,1,1e-06,0.0
1,0.0037605762481689453,1,1,1e-06,0.0
1,0.0027570724487304688,1,1,1e-06,0.0
1,0.002651214599609375,1,1,1e-06,0.0
1,0.002916097640991211,1,1,1e-06,0.0
1,0.036571502685546875,1,1,1e-06,0.0
1,0.003200054168701172,1,1,1e-06,0.0
1,0.025983810424804688,1,1,1e-06,0.0
1,0.0036916732788085938,1,1,1e-06,0.0
1,0.01366281509399414,1,1,1e-06,0.0
1,0.002427816390991211,1,1,1e-06,0.0
1,0.0028977394104003906,1,1,1e-06,0.0
1,0.25424718856811523,1,1,1e-06,0.0
1,0.0022983551025390625,1,1,1e-06,0.0
1,0.03946828842163086,1,1,1e-06,0.0
1,0.026775836944580078,1,1,1e-06,0.0
1,0.002961397171020508,1,1,1e-06,0.0
1,0.003480195999145508,1,1,1e-06,0.0
1,0.0024683475494384766,1,1,1e-06,0.0
1,0.0024068355560302734,1,1,1e-06,0.0
1,0.0033185482025146484,1,1,1e-06,0.0
1,0.0027899742126464844,1,1,1e-06,0.0
1,0.003236532211303711,1,1,1e-06,0.0
1,0.0022449493408203125,1,1,1e-06,0.0
1,0.0024192333221435547,1,1,1e-06,0.0
1,0.003276824951171875,1,1,1e-06,0.0
1,0.003984212875366211,1,1,1e-06,0.0
1,0.060068607330322266,1,1,1e-06,0.0
1,0.0035660266876220703,1,1,1e-06,0.0
1,0.13390421867370605,1,1,1e-06,0.0
1,0.002877473831176758,1,1,1e-06,0.0
1,0.0029659271240234375,1,1,1e-06,0.0
1,0.0037763118743896484,1,1,1e-06,0.0
1,0.003175973892211914,1,1,1e-06,0.0
1,0.002675294876098633,1,1,1e-06,0.0
1,0.0033707618713378906,1,1,1e-06,0.0
1,0.0032281875610351562,1,1,1e-06,0.0
1,0.019257545471191406,1,1,1e-06,0.0
1,0.002239227294921875,1,1,1e-06,0.0
1,0.0022754669189453125,1,1,1e-06,0.0
1,0.007245540618896484,1,1,1e-06,0.0
1,0.003278970718383789,1,1,1e-06,0.0
0,1.005192756652832,0,0,,0.0
1,0.006622791290283203,1,1,1e-06,0.0
1,0.0050928592681884766,1,1,1e-06,0.0
1,0.0030584335327148438,1,1,1e-06,0.0
1,0.002629518508911133,1,1,1e-06,0.0
1,0.002323627471923828,1,1,1e-06,0.0
1,0.0031669139862060547,1,1,1e-06,0.0
1,0.0033140182495117188,1,1,1e-06,0.0
1,0.0026254653930664062,1,1,1e-06,0.0
1,0.002364635467529297,1,1,1e-06,0.0
1,0.0025069713592529297,1,1,1e-06,0.0
1,0.0033631324768066406,1,1,1e-06,0.0
1,0.008928537368774414,1,1,1e-06,0.0
1,0.0037887096405029297,1,1,1e-06,0.0
1,0.0025582313537597656,1,1,1e-06,0.0
1,0.0028438568115234375,1,1,1e-06,0.0
1,0.0020799636840820312,1,1,1e-06,0.0
1,0.013360977172851562,1,1,1e-06,0.0
1,0.002269268035888672,1,1,1e-06,0.0
1,0.009266853332519531,1,1,1e-06,0.0
1,0.002721548080444336,1,1,1e-06,0.0
1,0.0056650638580322266,1,1,1e-06,0.0
1,0.020714521408081055,1,1,1e-06,0.0
1,0.002644062042236328,1,1,1e-06,0.0
1,0.002423524856567383,1,1,1e-06,0.0
1,0.0023996829986572266,1,1,1e-06,0.0
1,0.002272367477416992,1,1,1e-06,0.0
1,0.0193941593170166,1,1,1e-06,0.0
1,0.002355337142944336,1,1,1e-06,0.0
1,0.003434419631958008,1,1,1e-06,0.0
1,0.0035545825958251953,1,1,1e-06,0.0
1,0.0029630661010742188,1,1,1e-06,0.0
1,0.008093595504760742,1,1,1e-06,0.0
1,0.003088235855102539,1,1,1e-06,0.0
1,0.021994352340698242,1,1,1e-06,0.0
1,0.0039823055267333984,1,1,1e-06,0.0
1,0.004214286804199219,1,1,1e-06,0.0
1,0.0033957958221435547,1,1,1e-06,0.0
1,0.0018610954284667969,1,1,1e-06,0.0
1,0.003518819808959961,1,1,1e-06,0.0
1,0.0028867721557617188,1,1,1e-06,0.0
1,0.0029277801513671875,1,1,1e-06,0.0
1,0.0037240982055664062,1,1,1e-06,0.0
1,0.003000497817993164,1,1,1e-06,0.0
1,0.0023512840270996094,1,1,1e-06,0.0
1,0.0020630359649658203,1,1,1e-06,0.0
1,0.0039103031158447266,1,1,1e-06,0.0
1,0.003913164138793945,1,1,1e-06,0.0
1,0.003807544708251953,1,1,1e-06,0.0
1,0.004595756530761719,1,1,1e-06,0.0
1,0.003706693649291992,1,1,1e-06,0.0
1,0.0028014183044433594,1,1,1e-06,0.0
1,0.004460573196411133,1,1,1e-06,0.0
1,0.003591299057006836,1,1,1e-06,0.0
1,0.0030977725982666016,1,1,1e-06,0.0
1,0.0023474693298339844,1,1,1e-06,0.0
1,0.002411365509033203,1,1,1e-06,0.0
1,0.002501964569091797,1,1,1e-06,0.0
1,0.0038101673126220703,1,1,1e-06,0.0
1,0.002904176712036133,1,1,1e-06,0.0
1,0.002595663070678711,1,1,1e-06,0.0
1,0.0033559799194335938,1,1,1e-06,0.0
1,0.0028595924377441406,1,1,1e-06,0.0
1,0.005492210388183594,1,1,1e-06,0.0
1,0.0036716461181640625,1,1,1e-06,0.0
1,0.07029557228088379,1,1,1e-06,0.0
1,0.002264261245727539,1,1,1e-06,0.0
1,0.0029714107513427734,1,1,1e-06,0.0
1,0.002947092056274414,1,1,1e-06,0.0
1,0.0022950172424316406,1,1,1e-06,0.0
1,0.0035805702209472656,1,1,1e-06,0.0
1,0.002864360809326172,1,1,1e-06,0.0
1,0.032598257064819336,1,1,1e-06,0.0
1,0.006793498992919922,1,1,1e-06,0.0
1,0.0035881996154785156,1,1,1e-06,0.0
1,0.002551555633544922,1,1,1e-06,0.0
1,0.0019023418426513672,1,1,1e-06,0.0
1,0.002265453338623047,1,1,1e-06,0.0
1,0.006253480911254883,1,1,1e-06,0.0
1,0.0027747154235839844,1,1,1e-06,0.0
1,0.003640890121459961,1,1,1e-06,0.0
1,0.0024738311767578125,1,1,1e-06,0.0
1,0.0036516189575195312,1,1,1e-06,0.0
1,0.003630399703979492,1,1,1e-06,0.0
1,0.0033371448516845703,1,1,1e-06,0.0
0,1.007019281387329,0,0,,0.0
1,0.003453493118286133,1,1,1e-06,0.0
1,0.004143476486206055,1,1,1e-06,0.0
1,0.005037784576416016,1,1,1e-06,0.0
1,0.09681248664855957,1,1,1e-06,0.0
1,0.0029251575469970703,1,1,1e-06,0.0
1,0.010908365249633789,1,1,1e-06,0.0
1,0.0035123825073242188,1,1,1e-06,0.0
1,0.006720542907714844,1,1,1e-06,0.0
1,0.003210306167602539,1,1,1e-06,0.0
1,0.004116535186767578,1,1,1e-06,0.0
1,0.0030760765075683594,1,1,1e-06,0.0
1,0.01255035400390625,1,1,1e-06,0.0
1,0.0034973621368408203,1,1,1e-06,0.0
1,0.0059015750885009766,1,1,1e-06,0.0
1,0.0060884952545166016,1,1,1e-06,0.0
1,0.005311489105224609,1,1,1e-06,0.0
1,0.0036933422088623047,1,1,1e-06,0.0
1,0.05371284484863281,1,1,1e-06,0.0
1,0.003898143768310547,1,1,1e-06,0.0
1,0.00497889518737793,1,1,1e-06,0.0
1,0.008792877197265625,1,1,1e-06,0.0
1,0.005238533020019531,1,1,1e-06,0.0
1,0.003454923629760742,1,1,1e-06,0.0
1,0.006229400634765625,1,1,1e-06,0.0
1,0.006027936935424805,1,1,1e-06,0.0
1,0.003353118896484375,1,1,1e-06,0.0
1,0.006965160369873047,1,1,1e-06,0.0
1,0.0058400630950927734,1,1,1e-06,0.0
1,0.006741046905517578,1,1,1e-06,0.0
1,0.0030279159545898438,1,1,1e-06,0.0
1,0.0072405338287353516,1,1,1e-06,0.0
1,0.0056531429290771484,1,1,1e-06,0.0
1,0.0036995410919189453,1,1,1e-06,0.0
1,0.004042863845825195,1,1,1e-06,0.0
1,0.003206968307495117,1,1,1e-06,0.0
1,0.007764577865600586,1,1,1e-06,0.0
1,0.0060787200927734375,1,1,1e-06,0.0
1,0.003993511199951172,1,1,1e-06,0.0
1,0.0028929710388183594,1,1,1e-06,0.0
1,0.002622365951538086,1,1,1e-06,0.0
1,0.0036878585815429688,1,1,1e-06,0.0
1,0.02019786834716797,1,1,1e-06,0.0
1,0.0027496814727783203,1,1,1e-06,0.0
1,0.003973484039306641,1,1,1e-06,0.0
1,0.0027201175689697266,1,1,1e-06,0.0
1,0.0027048587799072266,1,1,1e-06,0.0
1,0.003579378128051758,1,1,1e-06,0.0
1,0.012766599655151367,1,1,1e-06,0.0
1,0.059189796447753906,1,1,1e-06,0.0
1,0.0032699108123779297,1,1,1e-06,0.0
1,0.034021615982055664,1,1,1e-06,0.0
1,0.003966093063354492,1,1,1e-06,0.0
1,0.003911018371582031,1,1,1e-06,0.0
1,0.0030813217163085938,1,1,1e-06,0.0
0,1.0098178386688232,0,0,,0.0
1,0.002881288528442383,1,1,1e-06,0.0
1,0.006834745407104492,1,1,1e-06,0.0
1,0.003203153610229492,1,1,1e-06,0.0
1,0.002790689468383789,1,1,1e-06,0.0
1,0.0022878646850585938,1,1,1e-06,0.0
1,0.0037419795989990234,1,1,1e-06,0.0
1,0.005513668060302734,1,1,1e-06,0.0
1,0.014410734176635742,1,1,1e-06,0.0
1,0.006269693374633789,1,1,1e-06,0.0
1,0.007828235626220703,1,1,1e-06,0.0
1,0.004503011703491211,1,1,1e-06,0.0
1,0.002843618392944336,1,1,1e-06,0.0
1,0.003586292266845703,1,1,1e-06,0.0
1,0.007039546966552734,1,1,1e-06,0.0
1,0.003381013870239258,1,1,1e-06,0.0
1,0.0033676624298095703,1,1,1e-06,0.0
1,0.002977609634399414,1,1,1e-06,0.0
1,0.0031898021697998047,1,1,1e-06,0.0
1,0.0046732425689697266,1,1,1e-06,0.0
1,0.0031385421752929688,1,1,1e-06,0.0
1,0.015546560287475586,1,1,1e-06,0.0
1,0.003225564956665039,1,1,1e-06,0.0
1,0.003233194351196289,1,1,1e-06,0.0
1,0.0037164688110351562,1,1,1e-06,0.0
1,0.005690336227416992,1,1,1e-06,0.0
1,0.0034301280975341797,1,1,1e-06,0.0
1,0.002981901168823242,1,1,1e-06,0.0
1,0.002094745635986328,1,1,1e-06,0.0
1,0.0030667781829833984,1,1,1e-06,0.0
1,0.0028908252716064453,1,1,1e-06,0.0
1,0.05972623825073242,1,1,1e-06,0.0
1,0.0038449764251708984,1,1,1e-06,0.0
1,0.5206828117370605,1,1,1e-06,0.0
1,0.0027170181274414062,1,1,1e-06,0.0
1,0.003190755844116211,1,1,1e-06,0.0
1,0.002455472946166992,1,1,1e-06,0.0
1,0.002321004867553711,1,1,1e-06,0.0
1,0.0029897689819335938,1,1,1e-06,0.0
1,0.0027582645416259766,1,1,1e-06,0.0
1,0.0024061203002929688,1,1,1e-06,0.0
1,0.0026733875274658203,1,1,1e-06,0.0
1,0.02310347557067871,1,1,1e-06,0.0
1,0.002566814422607422,1,1,1e-06,0.0
1,0.0035266876220703125,1,1,1e-06,0.0
1,0.003652334213256836,1,1,1e-06,0.0
1,0.003189563751220703,1,1,1e-06,0.0
1,0.0033235549926757812,1,1,1e-06,0.0
1,0.0022292137145996094,1,1,1e-06,0.0
1,0.0027992725372314453,1,1,1e-06,0.0
1,0.005057334899902344,1,1,1e-06,0.0
1,0.002912759780883789,1,1,1e-06,0.0
1,0.002696990966796875,1,1,1e-06,0.0
1,0.002759695053100586,1,1,1e-06,0.0
1,0.002894163131713867,1,1,1e-06,0.0
1,0.0026335716247558594,1,1,1e-06,0.0
1,0.005637168884277344,1,1,1e-06,0.0
1,0.010021448135375977,1,1,1e-06,0.0
1,0.0042362213134765625,1,1,1e-06,0.0
1,0.004698991775512695,1,1,1e-06,0.0
1,0.0033082962036132812,1,1,1e-06,0.0
1,0.0030951499938964844,1,1,1e-06,0.0
1,0.0035915374755859375,1,1,1e-06,0.0
1,0.0032300949096679688,1,1,1e-06,0.0
1,0.0027840137481689453,1,1,1e-06,0.0
1,0.003093719482421875,1,1,1e-06,0.0
1,0.0025424957275390625,1,1,1e-06,0.0
1,0.0033512115478515625,1,1,1e-06,0.0
1,0.0033397674560546875,1,1,1e-06,0.0
1,0.006318807601928711,1,1,1e-06,0.0
1,0.0022950172424316406,1,1,1e-06,0.0
1,0.00915670394897461,1,1,1e-06,0.0
1,0.006014347076416016,1,1,1e-06,0.0
1,0.004241466522216797,1,1,1e-06,0.0
1,0.006951093673706055,1,1,1e-06,0.0
1,0.005984067916870117,1,1,1e-06,0.0
1,0.002637624740600586,1,1,1e-06,0.0
1,0.002272367477416992,1,1,1e-06,0.0
1,0.005508899688720703,1,1,1e-06,0.0
1,0.006448268890380859,1,1,1e-06,0.0
1,0.0029325485229492188,1,1,1e-06,0.0
1,0.008223533630371094,1,1,1e-06,0.0
1,0.002064943313598633,1,1,1e-06,0.0
1,0.007123708724975586,1,1,1e-06,0.0
1,0.002857685089111328,1,1,1e-06,0.0
1,0.012520074844360352,1,1,1e-06,0.0
1,0.013628959655761719,1,1,1e-06,0.0
1,0.0085296630859375,1,1,1e-06,0.0
1,0.003812074661254883,1,1,1e-06,0.0
1,0.004388332366943359,1,1,1e-06,0.0
1,0.012357473373413086,1,1,1e-06,0.0
1,0.003646373748779297,1,1,1e-06,0.0
1,0.002612590789794922,1,1,1e-06,0.0
1,0.002090930938720703,1,1,1e-06,0.0
1,0.006258964538574219,1,1,1e-06,0.0
1,0.01412653923034668,1,1,1e-06,0.0
1,0.002569437026977539,1,1,1e-06,0.0
1,0.012697935104370117,1,1,1e-06,0.0
1,0.003612518310546875,1,1,1e-06,0.0
1,0.013008832931518555,1,1,1e-06,0.0
1,0.014908075332641602,1,1,1e-06,0.0
1,0.00373077392578125,1,1,1e-06,0.0
1,0.010964155197143555,1,1,1e-06,0.0
1,0.003818988800048828,1,1,1e-06,0.0
1,0.010495185852050781,1,1,1e-06,0.0
1,0.003359556198120117,1,1,1e-06,0.0
1,0.003278493881225586,1,1,1e-06,0.0
1,0.003861665725708008,1,1,1e-06,0.0
1,0.004190683364868164,1,1,1e-06,0.0
1,0.00591731071472168,1,1,1e-06,0.0
1,0.003763914108276367,1,1,1e-06,0.0
1,0.004617929458618164,1,1,1e-06,0.0
1,0.007554292678833008,1,1,1e-06,0.0
1,0.008955001831054688,1,1,1e-06,0.0
1,0.0070056915283203125,1,1,1e-06,0.0
1,0.0051419734954833984,1,1,1e-06,0.0
0,1.0079607963562012,0,0,,0.0
1,0.002933502197265625,1,1,1e-06,0.0
1,0.009067535400390625,1,1,1e-06,0.0
1,0.002885103225708008,1,1,1e-06,0.0
1,0.0023157596588134766,1,1,1e-06,0.0
1,0.011689186096191406,1,1,1e-06,0.0
1,0.004100322723388672,1,1,1e-06,0.0
1,0.0035767555236816406,1,1,1e-06,0.0
1,0.004063129425048828,1,1,1e-06,0.0
1,0.0023412704467773438,1,1,1e-06,0.0
1,0.018588781356811523,1,1,1e-06,0.0
1,0.004207134246826172,1,1,1e-06,0.0
1,0.0025954246520996094,1,1,1e-06,0.0
1,0.0038263797760009766,1,1,1e-06,0.0
1,0.0022051334381103516,1,1,1e-06,0.0
1,0.009330987930297852,1,1,1e-06,0.0
1,0.003177642822265625,1,1,1e-06,0.0
1,0.0031251907348632812,1,1,1e-06,0.0
1,0.0071392059326171875,1,1,1e-06,0.0
1,0.007521629333496094,1,1,1e-06,0.0
1,0.0035676956176757812,1,1,1e-06,0.0
1,0.013362407684326172,1,1,1e-06,0.0
1,0.004003047943115234,1,1,1e-06,0.0
1,0.002962827682495117,1,1,1e-06,0.0
1,0.0030689239501953125,1,1,1e-06,0.0
1,0.00802302360534668,1,1,1e-06,0.0
1,0.0036695003509521484,1,1,1e-06,0.0
1,0.0035474300384521484,1,1,1e-06,0.0
1,0.006082296371459961,1,1,1e-06,0.0
1,0.0035552978515625,1,1,1e-06,0.0
1,0.0022325515747070312,1,1,1e-06,0.0
1,0.0025572776794433594,1,1,1e-06,0.0
1,0.011769533157348633,1,1,1e-06,0.0
1,0.002534151077270508,1,1,1e-06,0.0
1,0.0028123855590820312,1,1,1e-06,0.0
1,0.0035262107849121094,1,1,1e-06,0.0
1,0.010657072067260742,1,1,1e-06,0.0
1,0.013147830963134766,1,1,1e-06,0.0
1,0.022144556045532227,1,1,1e-06,0.0
1,0.005380153656005859,1,1,1e-06,0.0
1,0.0027599334716796875,1,1,1e-06,0.0
1,0.0024368762969970703,1,1,1e-06,0.0
1,0.0035543441772460938,1,1,1e-06,0.0
1,0.014399051666259766,1,1,1e-06,0.0
1,0.009603261947631836,1,1,1e-06,0.0
1,0.003788471221923828,1,1,1e-06,0.0
1,0.035817623138427734,1,1,1e-06,0.0
1,0.008356332778930664,1,1,1e-06,0.0
1,0.0034494400024414062,1,1,1e-06,0.0
1,0.011830806732177734,1,1,1e-06,0.0
1,0.003378152847290039,1,1,1e-06,0.0
1,0.0034704208374023438,1,1,1e-06,0.0
1,0.002992868423461914,1,1,1e-06,0.0
1,0.12956643104553223,1,1,1e-06,0.0
1,0.00881505012512207,1,1,1e-06,0.0
1,0.020224571228027344,1,1,1e-06,0.0
1,0.012190103530883789,1,1,1e-06,0.0
1,0.015451908111572266,1,1,1e-06,0.0
1,0.0039014816284179688,1,1,1e-06,0.0
1,0.011607170104980469,1,1,1e-06,0.0
1,0.016448259353637695,1,1,1e-06,0.0
1,0.006840229034423828,1,1,1e-06,0.0
1,0.008067131042480469,1,1,1e-06,0.0
1,0.009024858474731445,1,1,1e-06,0.0
1,0.008628368377685547,1,1,1e-06,0.0
1,0.002759218215942383,1,1,1e-06,0.0
1,0.0029129981994628906,1,1,1e-06,0.0
1,0.008634567260742188,1,1,1e-06,0.0
1,0.01417684555053711,1,1,1e-06,0.0
1,0.002856016159057617,1,1,1e-06,0.0
1,0.0030596256256103516,1,1,1e-06,0.0
1,0.003814697265625,1,1,1e-06,0.0
1,0.011398553848266602,1,1,1e-06,0.0
1,0.0055043697357177734,1,1,1e-06,0.0
1,0.006847858428955078,1,1,1e-06,0.0
1,0.0028879642486572266,1,1,1e-06,0.0
1,0.0023543834686279297,1,1,1e-06,0.0
1,0.011828422546386719,1,1,1e-06,0.0
1,0.013273477554321289,1,1,1e-06,0.0
1,0.014238119125366211,1,1,1e-06,0.0
1,0.005188941955566406,1,1,1e-06,0.0
1,0.012627124786376953,1,1,1e-06,0.0
1,0.004201650619506836,1,1,1e-06,0.0
1,0.011281490325927734,1,1,1e-06,0.0
1,0.01286935806274414,1,1,1e-06,0.0
1,0.012401342391967773,1,1,1e-06,0.0
1,0.0067043304443359375,1,1,1e-06,0.0
1,0.01015615463256836,1,1,1e-06,0.0
1,0.007983207702636719,1,1,1e-06,0.0
1,0.014185190200805664,1,1,1e-06,0.0
1,0.003461599349975586,1,1,1e-06,0.0
1,0.0023338794708251953,1,1,1e-06,0.0
1,0.0023925304412841797,1,1,1e-06,0.0
1,0.002470254898071289,1,1,1e-06,0.0
1,0.003171682357788086,1,1,1e-06,0.0
1,0.06390738487243652,1,1,1e-06,0.0
1,0.0029697418212890625,1,1,1e-06,0.0
1,0.0041751861572265625,1,1,1e-06,0.0
1,0.002504587173461914,1,1,1e-06,0.0
1,0.0128326416015625,1,1,1e-06,0.0
1,0.09306025505065918,1,1,1e-06,0.0
1,0.05505633354187012,1,1,1e-06,0.0
1,0.0038514137268066406,1,1,1e-06,0.0
1,0.0037348270416259766,1,1,1e-06,0.0
1,0.0032351016998291016,1,1,1e-06,0.0
1,0.010634660720825195,1,1,1e-06,0.0
1,0.00854349136352539,1,1,1e-06,0.0
1,0.0025472640991210938,1,1,1e-06,0.0
1,0.08298277854919434,1,1,1e-06,0.0
1,0.0037674903869628906,1,1,1e-06,0.0
1,0.008007526397705078,1,1,1e-06,0.0
1,0.0053558349609375,1,1,1e-06,0.0
1,0.004185676574707031,1,1,1e-06,0.0
1,0.009358406066894531,1,1,1e-06,0.0
1,0.004660844802856445,1,1,1e-06,0.0
1,0.012019157409667969,1,1,1e-06,0.0
1,0.004765033721923828,1,1,1e-06,0.0
1,0.002890348434448242,1,1,1e-06,0.0
1,0.003412008285522461,1,1,1e-06,0.0
1,0.0098876953125,1,1,1e-06,0.0
1,0.003895282745361328,1,1,1e-06,0.0
1,0.004404306411743164,1,1,1e-06,0.0
1,0.0067021846771240234,1,1,1e-06,0.0
1,0.13110876083374023,1,1,1e-06,0.0
1,0.0039865970611572266,1,1,1e-06,0.0
1,0.004603385925292969,1,1,1e-06,0.0
1,0.007120370864868164,1,1,1e-06,0.0
1,0.0029137134552001953,1,1,1e-06,0.0
1,0.011924505233764648,1,1,1e-06,0.0
1,0.004701852798461914,1,1,1e-06,0.0
1,0.010601997375488281,1,1,1e-06,0.0
1,0.004937887191772461,1,1,1e-06,0.0
1,0.00422978401184082,1,1,1e-06,0.0
1,0.012204408645629883,1,1,1e-06,0.0
1,0.0027589797973632812,1,1,1e-06,0.0
1,0.0034754276275634766,1,1,1e-06,0.0
1,0.011705160140991211,1,1,1e-06,0.0
1,0.011069297790527344,1,1,1e-06,0.0
1,0.009693622589111328,1,1,1e-06,0.0
1,0.00875544548034668,1,1,1e-06,0.0
1,0.015018224716186523,1,1,1e-06,0.0
1,0.0046765804290771484,1,1,1e-06,0.0
1,0.004973888397216797,1,1,1e-06,0.0
1,0.007459402084350586,1,1,1e-06,0.0
1,0.0045468807220458984,1,1,1e-06,0.0
1,0.004235267639160156,1,1,1e-06,0.0
1,0.0029184818267822266,1,1,1e-06,0.0
1,0.003183603286743164,1,1,1e-06,0.0
1,0.0027022361755371094,1,1,1e-06,0.0
1,0.010168075561523438,1,1,1e-06,0.0
1,0.0035178661346435547,1,1,1e-06,0.0
1,0.0033919811248779297,1,1,1e-06,0.0
1,0.015741586685180664,1,1,1e-06,0.0
1,0.08675599098205566,1,1,1e-06,0.0
1,0.020925045013427734,1,1,1e-06,0.0
1,0.008877754211425781,1,1,1e-06,0.0
1,0.0051724910736083984,1,1,1e-06,0.0
1,0.0049591064453125,1,1,1e-06,0.0
1,0.022243499755859375,1,1,1e-06,0.0
1,0.007364988327026367,1,1,1e-06,0.0
1,0.00485992431640625,1,1,1e-06,0.0
1,0.005892515182495117,1,1,1e-06,0.0
1,0.011513233184814453,1,1,1e-06,0.0
1,0.10193586349487305,1,1,1e-06,0.0
1,0.003348827362060547,1,1,1e-06,0.0
1,0.00741124153137207,1,1,1e-06,0.0
1,0.00582575798034668,1,1,1e-06,0.0
1,0.003105640411376953,1,1,1e-06,0.0
1,0.005391597747802734,1,1,1e-06,0.0
1,0.006234645843505859,1,1,1e-06,0.0
1,0.005449771881103516,1,1,1e-06,0.0
1,0.003246307373046875,1,1,1e-06,0.0
1,0.0048961639404296875,1,1,1e-06,0.0
1,0.004710197448730469,1,1,1e-06,0.0
1,0.003140687942504883,1,1,1e-06,0.0
1,0.005811452865600586,1,1,1e-06,0.0
1,0.008974313735961914,1,1,1e-06,0.0
1,0.013763189315795898,1,1,1e-06,0.0
1,0.007414579391479492,1,1,1e-06,0.0
1,0.0036695003509521484,1,1,1e-06,0.0
1,0.003461122512817383,1,1,1e-06,0.0
1,0.004765510559082031,1,1,1e-06,0.0
1,0.006896257400512695,1,1,1e-06,0.0
1,0.0037949085235595703,1,1,1e-06,0.0
1,0.003361940383911133,1,1,1e-06,0.0
1,0.003675222396850586,1,1,1e-06,0.0
1,0.0022521018981933594,1,1,1e-06,0.0
1,0.0025801658630371094,1,1,1e-06,0.0
1,0.003911256790161133,1,1,1e-06,0.0
1,0.008157968521118164,1,1,1e-06,0.0
1,0.004170656204223633,1,1,1e-06,0.0
1,0.0033516883850097656,1,1,1e-06,0.0
1,0.006031990051269531,1,1,1e-06,0.0
1,0.004297494888305664,1,1,1e-06,0.0
1,0.0053386688232421875,1,1,1e-06,0.0
1,0.00399017333984375,1,1,1e-06,0.0
1,0.00912928581237793,1,1,1e-06,0.0
1,0.008085489273071289,1,1,1e-06,0.0
1,0.013530969619750977,1,1,1e-06,0.0
1,0.029178857803344727,1,1,1e-06,0.0
1,0.0060312747955322266,1,1,1e-06,0.0
1,0.011119842529296875,1,1,1e-06,0.0
1,0.00839686393737793,1,1,1e-06,0.0
1,0.015383243560791016,1,1,1e-06,0.0
1,0.005331277847290039,1,1,1e-06,0.0
1,0.004240989685058594,1,1,1e-06,0.0
1,0.0067522525787353516,1,1,1e-06,0.0
1,0.008081436157226562,1,1,1e-06,0.0
1,0.006289958953857422,1,1,1e-06,0.0
1,0.007567644119262695,1,1,1e-06,0.0
1,0.005452632904052734,1,1,1e-06,0.0
1,0.006565093994140625,1,1,1e-06,0.0
1,0.011989831924438477,1,1,1e-06,0.0
1,0.004004478454589844,1,1,1e-06,0.0
1,0.003808259963989258,1,1,1e-06,0.0
1,1.0466933250427246,1,1,1e-06,0.0
1,0.0051479339599609375,1,1,1e-06,0.0
1,0.006191730499267578,1,1,1e-06,0.0
1,0.00538182258605957,1,1,1e-06,0.0
1,0.010771989822387695,1,1,1e-06,0.0
1,0.008890390396118164,1,1,1e-06,0.0
1,0.003899097442626953,1,1,1e-06,0.0
1,0.005441904067993164,1,1,1e-06,0.0
1,0.008056163787841797,1,1,1e-06,0.0
1,0.004027843475341797,1,1,1e-06,0.0
1,0.003946542739868164,1,1,1e-06,0.0
1,0.006313323974609375,1,1,1e-06,0.0
1,0.007882833480834961,1,1,1e-06,0.0
1,0.0064220428466796875,1,1,1e-06,0.0
1,0.006327152252197266,1,1,1e-06,0.0
1,0.0032196044921875,1,1,1e-06,0.0
1,0.006260871887207031,1,1,1e-06,0.0
1,0.0038084983825683594,1,1,1e-06,0.0
1,0.8258824348449707,1,1,1e-06,0.0
1,0.004570484161376953,1,1,1e-06,0.0
1,0.011874198913574219,1,1,1e-06,0.0
1,0.007558584213256836,1,1,1e-06,0.0
1,0.005824565887451172,1,1,1e-06,0.0
1,0.005081653594970703,1,1,1e-06,0.0
1,0.0033435821533203125,1,1,1e-06,0.0
1,0.006869316101074219,1,1,1e-06,0.0
1,0.00503230094909668,1,1,1e-06,0.0
1,0.005652427673339844,1,1,1e-06,0.0
0,1.0070865154266357,0,0,,0.0
1,0.004946470260620117,1,1,1e-06,0.0
1,0.005951642990112305,1,1,1e-06,0.0
1,0.004082441329956055,1,1,1e-06,0.0
1,0.0034875869750976562,1,1,1e-06,0.0
1,0.009548425674438477,1,1,1e-06,0.0
1,0.009980201721191406,1,1,1e-06,0.0
1,0.004182577133178711,1,1,1e-06,0.0
1,0.00633692741394043,1,1,1e-06,0.0
1,0.003798246383666992,1,1,1e-06,0.0
1,0.004702091217041016,1,1,1e-06,0.0
1,0.005179882049560547,1,1,1e-06,0.0
1,0.005377531051635742,1,1,1e-06,0.0
1,0.0052683353424072266,1,1,1e-06,0.0
1,0.003977298736572266,1,1,1e-06,0.0
1,0.023665904998779297,1,1,1e-06,0.0
1,0.0028879642486572266,1,1,1e-06,0.0
1,0.004465579986572266,1,1,1e-06,0.0
1,0.005941629409790039,1,1,1e-06,0.0
1,0.0046732425689697266,1,1,1e-06,0.0
1,0.008900642395019531,1,1,1e-06,0.0
1,0.00341796875,1,1,1e-06,0.0
1,0.008531332015991211,1,1,1e-06,0.0
1,0.007334709167480469,1,1,1e-06,0.0
1,0.007554769515991211,1,1,1e-06,0.0
1,0.0054242610931396484,1,1,1e-06,0.0
1,0.003942012786865234,1,1,1e-06,0.0
1,0.005844831466674805,1,1,1e-06,0.0
1,0.008996725082397461,1,1,1e-06,0.0
1,0.005247831344604492,1,1,1e-06,0.0
1,0.006006956100463867,1,1,1e-06,0.0
1,0.011008739471435547,1,1,1e-06,0.0
1,0.029929161071777344,1,1,1e-06,0.0
1,0.0055027008056640625,1,1,1e-06,0.0
1,0.005705833435058594,1,1,1e-06,0.0
1,0.00415802001953125,1,1,1e-06,0.0
1,0.0037055015563964844,1,1,1e-06,0.0
1,0.05406475067138672,1,1,1e-06,0.0
1,0.005215167999267578,1,1,1e-06,0.0
1,0.0042552947998046875,1,1,1e-06,0.0
1,0.0034821033477783203,1,1,1e-06,0.0
1,0.0038003921508789062,1,1,1e-06,0.0
1,0.0074040889739990234,1,1,1e-06,0.0
1,0.0052547454833984375,1,1,1e-06,0.0
1,0.007712602615356445,1,1,1e-06,0.0
1,0.003756999969482422,1,1,1e-06,0.0
1,0.004393100738525391,1,1,1e-06,0.0
1,0.003096342086791992,1,1,1e-06,0.0
1,0.00439906120300293,1,1,1e-06,0.0
1,0.003881692886352539,1,1,1e-06,0.0
1,0.004101753234863281,1,1,1e-06,0.0
1,0.005848884582519531,1,1,1e-06,0.0
1,0.0047359466552734375,1,1,1e-06,0.0
1,0.007269859313964844,1,1,1e-06,0.0
1,0.004778623580932617,1,1,1e-06,0.0
1,0.005353450775146484,1,1,1e-06,0.0
1,0.010141134262084961,1,1,1e-06,0.0
1,0.006034374237060547,1,1,1e-06,0.0
1,0.011272430419921875,1,1,1e-06,0.0
1,0.004001617431640625,1,1,1e-06,0.0
1,0.0036835670471191406,1,1,1e-06,0.0
1,0.026279449462890625,1,1,1e-06,0.0
1,0.003498077392578125,1,1,1e-06,0.0
1,0.008982181549072266,1,1,1e-06,0.0
1,0.002609729766845703,1,1,1e-06,0.0
1,0.005835771560668945,1,1,1e-06,0.0
1,0.005099296569824219,1,1,1e-06,0.0
1,0.0033266544342041016,1,1,1e-06,0.0
1,0.005464076995849609,1,1,1e-06,0.0
1,0.003962278366088867,1,1,1e-06,0.0
1,0.007836103439331055,1,1,1e-06,0.0
1,0.043953657150268555,1,1,1e-06,0.0
1,0.003482818603515625,1,1,1e-06,0.0
1,0.004851579666137695,1,1,1e-06,0.0
1,0.004997730255126953,1,1,1e-06,0.0
1,0.0046536922454833984,1,1,1e-06,0.0
1,0.0026018619537353516,1,1,1e-06,0.0
1,0.003585338592529297,1,1,1e-06,0.0
1,0.00458073616027832,1,1,1e-06,0.0
1,0.006357669830322266,1,1,1e-06,0.0
1,0.010262727737426758,1,1,1e-06,0.0
1,0.02248549461364746,1,1,1e-06,0.0
1,0.0046427249908447266,1,1,1e-06,0.0
1,0.003818988800048828,1,1,1e-06,0.0
1,0.0032737255096435547,1,1,1e-06,0.0
1,0.005844831466674805,1,1,1e-06,0.0
1,0.004800558090209961,1,1,1e-06,0.0
1,0.004895210266113281,1,1,1e-06,0.0
1,0.008685111999511719,1,1,1e-06,0.0
1,0.004637479782104492,1,1,1e-06,0.0
1,0.005178213119506836,1,1,1e-06,0.0
1,0.0031938552856445312,1,1,1e-06,0.0
1,0.004312753677368164,1,1,1e-06,0.0
1,0.0077915191650390625,1,1,1e-06,0.0
1,0.0026166439056396484,1,1,1e-06,0.0
1,0.004439592361450195,1,1,1e-06,0.0
1,0.0031099319458007812,1,1,1e-06,0.0
1,0.0092926025390625,1,1,1e-06,0.0
1,0.003713846206665039,1,1,1e-06,0.0
1,0.006863594055175781,1,1,1e-06,0.0
1,0.0033762454986572266,1,1,1e-06,0.0
1,0.006728410720825195,1,1,1e-06,0.0
1,0.006590127944946289,1,1,1e-06,0.0
1,0.0030202865600585938,1,1,1e-06,0.0
1,0.0038039684295654297,1,1,1e-06,0.0
1,0.005407810211181641,1,1,1e-06,0.0
1,0.0041828155517578125,1,1,1e-06,0.0
1,0.007623910903930664,1,1,1e-06,0.0
1,0.006224632263183594,1,1,1e-06,0.0
1,0.005670785903930664,1,1,1e-06,0.0
1,0.005486011505126953,1,1,1e-06,0.0
1,0.004775524139404297,1,1,1e-06,0.0
1,0.003040313720703125,1,1,1e-06,0.0
1,0.003727436065673828,1,1,1e-06,0.0
1,0.005532979965209961,1,1,1e-06,0.0
1,0.005690574645996094,1,1,1e-06,0.0
1,0.003423929214477539,1,1,1e-06,0.0
1,0.030434846878051758,1,1,1e-06,0.0
1,0.0036699771881103516,1,1,1e-06,0.0
1,0.003065347671508789,1,1,1e-06,0.0
1,0.004502773284912109,1,1,1e-06,0.0
1,0.010219573974609375,1,1,1e-06,0.0
1,0.004641294479370117,1,1,1e-06,0.0
1,0.0036911964416503906,1,1,1e-06,0.0
1,0.002675771713256836,1,1,1e-06,0.0
1,0.0044710636138916016,1,1,1e-06,0.0
1,0.004575967788696289,1,1,1e-06,0.0
1,0.004276752471923828,1,1,1e-06,0.0
1,0.0033588409423828125,1,1,1e-06,0.0
1,0.003114938735961914,1,1,1e-06,0.0
1,0.0077457427978515625,1,1,1e-06,0.0
1,0.005663633346557617,1,1,1e-06,0.0
1,0.00724029541015625,1,1,1e-06,0.0
1,0.009563446044921875,1,1,1e-06,0.0
1,0.006798267364501953,1,1,1e-06,0.0
1,0.004945993423461914,1,1,1e-06,0.0
1,0.004655361175537109,1,1,1e-06,0.0
1,0.006636142730712891,1,1,1e-06,0.0
1,0.004152536392211914,1,1,1e-06,0.0
1,0.003352642059326172,1,1,1e-06,0.0
1,0.0030117034912109375,1,1,1e-06,0.0
1,0.004401683807373047,1,1,1e-06,0.0
1,0.004374027252197266,1,1,1e-06,0.0
1,0.003404378890991211,1,1,1e-06,0.0
1,0.0073223114013671875,1,1,1e-06,0.0
1,0.004543304443359375,1,1,1e-06,0.0
1,0.004007816314697266,1,1,1e-06,0.0
1,0.004370927810668945,1,1,1e-06,0.0
1,0.02429676055908203,1,1,1e-06,0.0
1,0.010303020477294922,1,1,1e-06,0.0
1,0.0035054683685302734,1,1,1e-06,0.0
1,0.0041351318359375,1,1,1e-06,0.0
1,0.0037384033203125,1,1,1e-06,0.0
1,0.004031181335449219,1,1,1e-06,0.0
1,0.003869295120239258,1,1,1e-06,0.0
1,0.005401134490966797,1,1,1e-06,0.0
1,0.004322528839111328,1,1,1e-06,0.0
1,0.0038466453552246094,1,1,1e-06,0.0
1,0.004945993423461914,1,1,1e-06,0.0
1,0.0037679672241210938,1,1,1e-06,0.0
1,0.004467487335205078,1,1,1e-06,0.0
1,0.00500941276550293,1,1,1e-06,0.0
1,0.04903864860534668,1,1,1e-06,0.0
1,0.0037326812744140625,1,1,1e-06,0.0
1,0.00626063346862793,1,1,1e-06,0.0
1,0.00907444953918457,1,1,1e-06,0.0
1,0.0037894248962402344,1,1,1e-06,0.0
1,0.003385305404663086,1,1,1e-06,0.0
1,0.0034241676330566406,1,1,1e-06,0.0
1,0.0036611557006835938,1,1,1e-06,0.0
1,0.005558013916015625,1,1,1e-06,0.0
1,0.004302978515625,1,1,1e-06,0.0
1,0.004046440124511719,1,1,1e-06,0.0
1,0.005017518997192383,1,1,1e-06,0.0
1,0.0046863555908203125,1,1,1e-06,0.0
1,0.0043659210205078125,1,1,1e-06,0.0
1,0.005883455276489258,1,1,1e-06,0.0
1,0.005745649337768555,1,1,1e-06,0.0
1,0.0037050247192382812,1,1,1e-06,0.0
1,0.004683494567871094,1,1,1e-06,0.0
1,0.006161689758300781,1,1,1e-06,0.0
1,0.00477290153503418,1,1,1e-06,0.0
1,0.003976345062255859,1,1,1e-06,0.0
1,0.004046201705932617,1,1,1e-06,0.0
1,0.004808902740478516,1,1,1e-06,0.0
1,0.003305196762084961,1,1,1e-06,0.0
1,0.0035529136657714844,1,1,1e-06,0.0
1,0.003961086273193359,1,1,1e-06,0.0
1,0.002982616424560547,1,1,1e-06,0.0
1,0.004507780075073242,1,1,1e-06,0.0
1,0.042119503021240234,1,1,1e-06,0.0
1,0.0029418468475341797,1,1,1e-06,0.0
1,0.0031616687774658203,1,1,1e-06,0.0
1,0.003928184509277344,1,1,1e-06,0.0
1,0.004510641098022461,1,1,1e-06,0.0
1,0.0025577545166015625,1,1,1e-06,0.0
1,0.003021717071533203,1,1,1e-06,0.0
1,0.03277277946472168,1,1,1e-06,0.0
1,0.0034258365631103516,1,1,1e-06,0.0
1,0.0019211769104003906,1,1,1e-06,0.0
1,0.0025691986083984375,1,1,1e-06,0.0
1,0.0031099319458007812,1,1,1e-06,0.0
1,0.002746105194091797,1,1,1e-06,0.0
1,0.0039708614349365234,1,1,1e-06,0.0
1,0.003724813461303711,1,1,1e-06,0.0
1,0.0036962032318115234,1,1,1e-06,0.0
1,0.0027921199798583984,1,1,1e-06,0.0
1,0.0029273033142089844,1,1,1e-06,0.0
1,0.003525972366333008,1,1,1e-06,0.0
1,0.0032825469970703125,1,1,1e-06,0.0
1,0.0024652481079101562,1,1,1e-06,0.0
1,0.0035555362701416016,1,1,1e-06,0.0
1,0.0025548934936523438,1,1,1e-06,0.0
1,0.005438327789306641,1,1,1e-06,0.0
1,0.0045778751373291016,1,1,1e-06,0.0
1,0.0029768943786621094,1,1,1e-06,0.0
1,0.0037925243377685547,1,1,1e-06,0.0
1,0.0029091835021972656,1,1,1e-06,0.0
1,0.0033953189849853516,1,1,1e-06,0.0
1,0.0035247802734375,1,1,1e-06,0.0
1,0.0023424625396728516,1,1,1e-06,0.0
1,0.004088163375854492,1,1,1e-06,0.0
1,0.06953716278076172,1,1,1e-06,0.0
1,0.0049250125885009766,1,1,1e-06,0.0
1,0.0028667449951171875,1,1,1e-06,0.0
1,0.004203319549560547,1,1,1e-06,0.0
1,0.0032362937927246094,1,1,1e-06,0.0
1,0.006627321243286133,1,1,1e-06,0.0
1,0.006810188293457031,1,1,1e-06,0.0
1,0.008609294891357422,1,1,1e-06,0.0
1,0.007122993469238281,1,1,1e-06,0.0
1,0.021032333374023438,1,1,1e-06,0.0
1,0.0028159618377685547,1,1,1e-06,0.0
1,0.002824068069458008,1,1,1e-06,0.0
1,0.0038471221923828125,1,1,1e-06,0.0
1,0.004233121871948242,1,1,1e-06,0.0
1,0.00535130500793457,1,1,1e-06,0.0
1,0.01874089241027832,1,1,1e-06,0.0
1,0.010764598846435547,1,1,1e-06,0.0
1,0.003375530242919922,1,1,1e-06,0.0
1,0.012646198272705078,1,1,1e-06,0.0
1,0.013471126556396484,1,1,1e-06,0.0
1,0.003697633743286133,1,1,1e-06,0.0
1,0.011751890182495117,1,1,1e-06,0.0
1,0.0036170482635498047,1,1,1e-06,0.0
1,0.11445879936218262,1,1,1e-06,0.0
1,0.010614395141601562,1,1,1e-06,0.0
1,0.003989458084106445,1,1,1e-06,0.0
1,0.036638736724853516,1,1,1e-06,0.0
1,0.00428318977355957,1,1,1e-06,0.0
1,0.006810188293457031,1,1,1e-06,0.0
1,0.003220796585083008,1,1,1e-06,0.0
1,0.07112860679626465,1,1,1e-06,0.0
1,0.0030045509338378906,1,1,1e-06,0.0
1,0.009100914001464844,1,1,1e-06,0.0
1,0.003344297409057617,1,1,1e-06,0.0
1,0.004197597503662109,1,1,1e-06,0.0
1,0.0035676956176757812,1,1,1e-06,0.0
1,0.10329866409301758,1,1,1e-06,0.0
1,0.005278110504150391,1,1,1e-06,0.0
1,0.00456690788269043,1,1,1e-06,0.0
1,0.010531902313232422,1,1,1e-06,0.0
1,0.0038709640502929688,1,1,1e-06,0.0
1,0.010311365127563477,1,1,1e-06,0.0
1,0.0033071041107177734,1,1,1e-06,0.0
1,0.002499818801879883,1,1,1e-06,0.0
1,0.002838134765625,1,1,1e-06,0.0
0,1.0079689025878906,0,0,,0.0
1,0.004201650619506836,1,1,1e-06,0.0
1,0.12103557586669922,1,1,1e-06,0.0
1,0.003992557525634766,1,1,1e-06,0.0
1,0.008347749710083008,1,1,1e-06,0.0
1,0.007038593292236328,1,1,1e-06,0.0
1,0.004996538162231445,1,1,1e-06,0.0
1,0.005051374435424805,1,1,1e-06,0.0
1,0.005536317825317383,1,1,1e-06,0.0
1,0.0438692569732666,1,1,1e-06,0.0
1,0.04028916358947754,1,1,1e-06,0.0
1,0.008657693862915039,1,1,1e-06,0.0
1,0.011840581893920898,1,1,1e-06,0.0
1,0.0047304630279541016,1,1,1e-06,0.0
1,0.003530263900756836,1,1,1e-06,0.0
1,0.006097555160522461,1,1,1e-06,0.0
1,0.006964683532714844,1,1,1e-06,0.0
1,0.0053822994232177734,1,1,1e-06,0.0
1,0.009204387664794922,1,1,1e-06,0.0
1,0.0076389312744140625,1,1,1e-06,0.0
1,0.007014036178588867,1,1,1e-06,0.0
1,0.010786056518554688,1,1,1e-06,0.0
1,0.015745162963867188,1,1,1e-06,0.0
1,0.0035986900329589844,1,1,1e-06,0.0
1,0.0059108734130859375,1,1,1e-06,0.0
1,0.006278514862060547,1,1,1e-06,0.0
1,0.006120443344116211,1,1,1e-06,0.0
1,0.01864027976989746,1,1,1e-06,0.0
1,0.010026931762695312,1,1,1e-06,0.0
1,0.0032548904418945312,1,1,1e-06,0.0
1,0.010324239730834961,1,1,1e-06,0.0
1,0.007212400436401367,1,1,1e-06,0.0
1,0.00780797004699707,1,1,1e-06,0.0
1,0.0061168670654296875,1,1,1e-06,0.0
1,0.0026373863220214844,1,1,1e-06,0.0
1,0.005422830581665039,1,1,1e-06,0.0
1,0.009148120880126953,1,1,1e-06,0.0
1,0.0034253597259521484,1,1,1e-06,0.0
1,0.0038912296295166016,1,1,1e-06,0.0
1,0.005104541778564453,1,1,1e-06,0.0
1,0.0047817230224609375,1,1,1e-06,0.0
1,0.0033063888549804688,1,1,1e-06,0.0
1,0.00501561164855957,1,1,1e-06,0.0
1,0.007008790969848633,1,1,1e-06,0.0
1,0.004851818084716797,1,1,1e-06,0.0
1,0.003216266632080078,1,1,1e-06,0.0
1,0.004533052444458008,1,1,1e-06,0.0
1,0.005186796188354492,1,1,1e-06,0.0
1,0.0038089752197265625,1,1,1e-06,0.0
1,0.0027441978454589844,1,1,1e-06,0.0
1,0.008028268814086914,1,1,1e-06,0.0
1,0.008378267288208008,1,1,1e-06,0.0
1,0.004155635833740234,1,1,1e-06,0.0
1,0.005056619644165039,1,1,1e-06,0.0
1,0.004123687744140625,1,1,1e-06,0.0
1,0.004678010940551758,1,1,1e-06,0.0
1,0.0033588409423828125,1,1,1e-06,0.0
1,0.00526118278503418,1,1,1e-06,0.0
1,0.005720853805541992,1,1,1e-06,0.0
1,0.007275104522705078,1,1,1e-06,0.0
1,0.005044460296630859,1,1,1e-06,0.0
1,0.005590677261352539,1,1,1e-06,0.0
1,0.004935026168823242,1,1,1e-06,0.0
1,0.002684354782104492,1,1,1e-06,0.0
1,0.013719558715820312,1,1,1e-06,0.0
1,0.002785205841064453,1,1,1e-06,0.0
1,0.003460407257080078,1,1,1e-06,0.0
1,0.0041348934173583984,1,1,1e-06,0.0
1,0.003535747528076172,1,1,1e-06,0.0
1,0.004056453704833984,1,1,1e-06,0.0
1,0.0030944347381591797,1,1,1e-06,0.0
1,0.004811763763427734,1,1,1e-06,0.0
1,0.003934383392333984,1,1,1e-06,0.0
1,0.0053784847259521484,1,1,1e-06,0.0
1,0.009631156921386719,1,1,1e-06,0.0
1,0.010744571685791016,1,1,1e-06,0.0
1,0.0036842823028564453,1,1,1e-06,0.0
1,0.005250692367553711,1,1,1e-06,0.0
1,0.0024869441986083984,1,1,1e-06,0.0
1,0.003819704055786133,1,1,1e-06,0.0
1,0.002981424331665039,1,1,1e-06,0.0
1,0.003631591796875,1,1,1e-06,0.0
1,0.0033109188079833984,1,1,1e-06,0.0
1,0.003393888473510742,1,1,1e-06,0.0
1,0.003208160400390625,1,1,1e-06,0.0
1,0.0025305747985839844,1,1,1e-06,0.0
1,0.0023605823516845703,1,1,1e-06,0.0
1,0.004481077194213867,1,1,1e-06,0.0
1,0.003927469253540039,1,1,1e-06,0.0
1,0.003855466842651367,1,1,1e-06,0.0
1,0.00577998161315918,1,1,1e-06,0.0
1,0.0022897720336914062,1,1,1e-06,0.0
1,0.002655029296875,1,1,1e-06,0.0
1,0.003928184509277344,1,1,1e-06,0.0
1,0.004390239715576172,1,1,1e-06,0.0
1,0.005309104919433594,1,1,1e-06,0.0
1,0.004606723785400391,1,1,1e-06,0.0
1,0.004618406295776367,1,1,1e-06,0.0
1,0.0055119991302490234,1,1,1e-06,0.0
1,0.004499912261962891,1,1,1e-06,0.0
1,0.006176471710205078,1,1,1e-06,0.0
1,0.004231452941894531,1,1,1e-06,0.0
1,0.006403207778930664,1,1,1e-06,0.0
1,0.00412440299987793,1,1,1e-06,0.0
1,0.002933502197265625,1,1,1e-06,0.0
1,0.003705739974975586,1,1,1e-06,0.0
1,0.002967357635498047,1,1,1e-06,0.0
1,0.003521442413330078,1,1,1e-06,0.0
1,0.0034799575805664062,1,1,1e-06,0.0
1,0.004636526107788086,1,1,1e-06,0.0
1,0.007346630096435547,1,1,1e-06,0.0
1,0.0047245025634765625,1,1,1e-06,0.0
1,0.004102468490600586,1,1,1e-06,0.0
1,0.005713224411010742,1,1,1e-06,0.0
1,0.020051240921020508,1,1,1e-06,0.0
1,0.0038199424743652344,1,1,1e-06,0.0
1,0.004857301712036133,1,1,1e-06,0.0
1,0.003923892974853516,1,1,1e-06,0.0
1,0.005437612533569336,1,1,1e-06,0.0
1,0.004106044769287109,1,1,1e-06,0.0
1,0.0068340301513671875,1,1,1e-06,0.0
1,0.003075838088989258,1,1,1e-06,0.0
1,0.0037560462951660156,1,1,1e-06,0.0
1,0.0033936500549316406,1,1,1e-06,0.0
1,0.004166364669799805,1,1,1e-06,0.0
1,0.0044062137603759766,1,1,1e-06,0.0
1,0.005383014678955078,1,1,1e-06,0.0
1,0.04162406921386719,1,1,1e-06,0.0
1,0.003561258316040039,1,1,1e-06,0.0
1,0.0039370059967041016,1,1,1e-06,0.0
1,0.003653287887573242,1,1,1e-06,0.0
1,0.0039403438568115234,1,1,1e-06,0.0
1,0.0036978721618652344,1,1,1e-06,0.0
1,0.002912759780883789,1,1,1e-06,0.0
1,0.003776073455810547,1,1,1e-06,0.0
1,0.0047414302825927734,1,1,1e-06,0.0
1,0.0040130615234375,1,1,1e-06,0.0
1,0.0030901432037353516,1,1,1e-06,0.0
1,0.002920866012573242,1,1,1e-06,0.0
1,0.003221750259399414,1,1,1e-06,0.0
1,0.004552602767944336,1,1,1e-06,0.0
1,0.0048792362213134766,1,1,1e-06,0.0
1,0.003538370132446289,1,1,1e-06,0.0
1,0.0027735233306884766,1,1,1e-06,0.0
1,0.003164052963256836,1,1,1e-06,0.0
1,0.003660917282104492,1,1,1e-06,0.0
1,0.033321380615234375,1,1,1e-06,0.0
1,0.0041201114654541016,1,1,1e-06,0.0
1,0.004149913787841797,1,1,1e-06,0.0
1,0.004336833953857422,1,1,1e-06,0.0
1,0.005759000778198242,1,1,1e-06,0.0
1,0.004250049591064453,1,1,1e-06,0.0
1,0.003195047378540039,1,1,1e-06,0.0
1,0.0029566287994384766,1,1,1e-06,0.0
1,0.004047393798828125,1,1,1e-06,0.0
1,0.005338430404663086,1,1,1e-06,0.0
1,0.005452156066894531,1,1,1e-06,0.0
1,0.005012035369873047,1,1,1e-06,0.0
1,0.0037174224853515625,1,1,1e-06,0.0
1,0.007610797882080078,1,1,1e-06,0.0
1,0.007002830505371094,1,1,1e-06,0.0
1,0.0041043758392333984,1,1,1e-06,0.0
1,0.004680633544921875,1,1,1e-06,0.0
1,0.0040760040283203125,1,1,1e-06,0.0
1,0.0038797855377197266,1,1,1e-06,0.0
1,0.003038167953491211,1,1,1e-06,0.0
1,0.0030670166015625,1,1,1e-06,0.0
1,0.046317338943481445,1,1,1e-06,0.0
1,0.002418041229248047,1,1,1e-06,0.0
1,0.00276947021484375,1,1,1e-06,0.0
1,0.003863096237182617,1,1,1e-06,0.0
1,0.004131793975830078,1,1,1e-06,0.0
1,0.009336709976196289,1,1,1e-06,0.0
1,0.007921695709228516,1,1,1e-06,0.0
1,0.006179094314575195,1,1,1e-06,0.0
1,0.007690906524658203,1,1,1e-06,0.0
1,0.008169412612915039,1,1,1e-06,0.0
1,0.012085199356079102,1,1,1e-06,0.0
1,0.011513471603393555,1,1,1e-06,0.0
1,0.003669261932373047,1,1,1e-06,0.0
1,0.002875804901123047,1,1,1e-06,0.0
1,0.0030486583709716797,1,1,1e-06,0.0
1,0.008872509002685547,1,1,1e-06,0.0
1,0.005595684051513672,1,1,1e-06,0.0
1,0.061309099197387695,1,1,1e-06,0.0
1,0.0034902095794677734,1,1,1e-06,0.0
1,0.0026395320892333984,1,1,1e-06,0.0
1,0.0026073455810546875,1,1,1e-06,0.0
1,0.004091978073120117,1,1,1e-06,0.0
1,0.003719329833984375,1,1,1e-06,0.0
1,0.004022836685180664,1,1,1e-06,0.0
1,0.003953456878662109,1,1,1e-06,0.0
1,0.0037207603454589844,1,1,1e-06,0.0
1,0.0041315555572509766,1,1,1e-06,0.0
1,0.0047075748443603516,1,1,1e-06,0.0
1,0.002998828887939453,1,1,1e-06,0.0
1,0.005935192108154297,1,1,1e-06,0.0
1,0.0040645599365234375,1,1,1e-06,0.0
1,0.005884408950805664,1,1,1e-06,0.0
1,0.002578258514404297,1,1,1e-06,0.0
1,0.0026443004608154297,1,1,1e-06,0.0
1,0.0037751197814941406,1,1,1e-06,0.0
1,0.0029757022857666016,1,1,1e-06,0.0
1,0.003522157669067383,1,1,1e-06,0.0
1,0.00434112548828125,1,1,1e-06,0.0
1,0.003949165344238281,1,1,1e-06,0.0
1,0.0037102699279785156,1,1,1e-06,0.0
1,0.19769692420959473,1,1,1e-06,0.0
1,0.0028862953186035156,1,1,1e-06,0.0
1,0.003905773162841797,1,1,1e-06,0.0
1,0.01351022720336914,1,1,1e-06,0.0
1,0.004420280456542969,1,1,1e-06,0.0
1,0.002664327621459961,1,1,1e-06,0.0
1,0.01673293113708496,1,1,1e-06,0.0
1,0.0035581588745117188,1,1,1e-06,0.0
1,0.0035216808319091797,1,1,1e-06,0.0
1,0.004366397857666016,1,1,1e-06,0.0
1,0.0035200119018554688,1,1,1e-06,0.0
1,0.0037009716033935547,1,1,1e-06,0.0
1,0.0035088062286376953,1,1,1e-06,0.0
1,0.004734516143798828,1,1,1e-06,0.0
1,0.31145405769348145,1,1,1e-06,0.0
1,0.020255088806152344,1,1,1e-06,0.0
1,0.003936052322387695,1,1,1e-06,0.0
1,0.002727031707763672,1,1,1e-06,0.0
1,0.004427433013916016,1,1,1e-06,0.0
1,0.003953695297241211,1,1,1e-06,0.0
1,0.004034519195556641,1,1,1e-06,0.0
1,0.0262758731842041,1,1,1e-06,0.0
1,0.002496480941772461,1,1,1e-06,0.0
1,0.003652334213256836,1,1,1e-06,0.0
1,0.004134654998779297,1,1,1e-06,0.0
1,0.004300594329833984,1,1,1e-06,0.0
1,0.00424647331237793,1,1,1e-06,0.0
1,0.01916193962097168,1,1,1e-06,0.0
1,0.0028333663940429688,1,1,1e-06,0.0
1,0.0026710033416748047,1,1,1e-06,0.0
1,0.0028014183044433594,1,1,1e-06,0.0
1,0.00363922119140625,1,1,1e-06,0.0
1,0.0028231143951416016,1,1,1e-06,0.0
1,0.0037152767181396484,1,1,1e-06,0.0
1,0.0038411617279052734,1,1,1e-06,0.0
1,0.0036232471466064453,1,1,1e-06,0.0
1,0.0036787986755371094,1,1,1e-06,0.0
1,0.003869771957397461,1,1,1e-06,0.0
1,0.0035774707794189453,1,1,1e-06,0.0
1,0.0025899410247802734,1,1,1e-06,0.0
1,0.003910064697265625,1,1,1e-06,0.0
1,0.00448298454284668,1,1,1e-06,0.0
1,0.005316734313964844,1,1,1e-06,0.0
1,0.0048940181732177734,1,1,1e-06,0.0
1,0.004206657409667969,1,1,1e-06,0.0
1,0.004930257797241211,1,1,1e-06,0.0
1,0.0037755966186523438,1,1,1e-06,0.0
1,0.0024178028106689453,1,1,1e-06,0.0
1,0.003817319869995117,1,1,1e-06,0.0
1,0.0035247802734375,1,1,1e-06,0.0
1,0.00519108772277832,1,1,1e-06,0.0
1,0.005563020706176758,1,1,1e-06,0.0
1,0.004157066345214844,1,1,1e-06,0.0
1,0.002701997756958008,1,1,1e-06,0.0
1,0.0023374557495117188,1,1,1e-06,0.0
1,0.0030825138092041016,1,1,1e-06,0.0
1,0.003725290298461914,1,1,1e-06,0.0
1,0.006056547164916992,1,1,1e-06,0.0
1,0.003862619400024414,1,1,1e-06,0.0
1,0.0046880245208740234,1,1,1e-06,0.0
1,0.004493236541748047,1,1,1e-06,0.0
1,0.0048563480377197266,1,1,1e-06,0.0
1,0.00394439697265625,1,1,1e-06,0.0
1,0.006389141082763672,1,1,1e-06,0.0
1,0.00541377067565918,1,1,1e-06,0.0
1,0.005389690399169922,1,1,1e-06,0.0
1,0.004851341247558594,1,1,1e-06,0.0
1,0.0036177635192871094,1,1,1e-06,0.0
1,0.0031218528747558594,1,1,1e-06,0.0
1,0.004141330718994141,1,1,1e-06,0.0
1,0.0024204254150390625,1,1,1e-06,0.0
1,0.0029184818267822266,1,1,1e-06,0.0
1,0.004452705383300781,1,1,1e-06,0.0
1,0.009198665618896484,1,1,1e-06,0.0
1,0.001873016357421875,1,1,1e-06,0.0
1,0.0028467178344726562,1,1,1e-06,0.0
1,0.002357959747314453,1,1,1e-06,0.0
1,0.006563901901245117,1,1,1e-06,0.0
1,0.0073680877685546875,1,1,1e-06,0.0
1,0.003698587417602539,1,1,1e-06,0.0
1,0.002391815185546875,1,1,1e-06,0.0
1,0.003876924514770508,1,1,1e-06,0.0
1,0.004113674163818359,1,1,1e-06,0.0
1,0.004818916320800781,1,1,1e-06,0.0
1,0.0054209232330322266,1,1,1e-06,0.0
1,0.0037965774536132812,1,1,1e-06,0.0
1,0.004803895950317383,1,1,1e-06,0.0
1,0.0030260086059570312,1,1,1e-06,0.0
1,0.0028731822967529297,1,1,1e-06,0.0
1,0.003057718276977539,1,1,1e-06,0.0
1,0.0023186206817626953,1,1,1e-06,0.0
1,0.0016560554504394531,1,1,1e-06,0.0
1,0.0020322799682617188,1,1,1e-06,0.0
1,0.004630327224731445,1,1,1e-06,0.0
1,0.0026319026947021484,1,1,1e-06,0.0
1,0.002715587615966797,1,1,1e-06,0.0
1,0.003083467483520508,1,1,1e-06,0.0
1,0.003252744674682617,1,1,1e-06,0.0
1,0.0028090476989746094,1,1,1e-06,0.0
1,0.0031664371490478516,1,1,1e-06,0.0
1,0.002872943878173828,1,1,1e-06,0.0
1,0.0028340816497802734,1,1,1e-06,0.0
1,0.002353191375732422,1,1,1e-06,0.0
1,0.002236604690551758,1,1,1e-06,0.0
1,0.0021674633026123047,1,1,1e-06,0.0
1,0.002654552459716797,1,1,1e-06,0.0
1,0.002429485321044922,1,1,1e-06,0.0
1,0.002435922622680664,1,1,1e-06,0.0
1,0.0033080577850341797,1,1,1e-06,0.0
1,0.004755735397338867,1,1,1e-06,0.0
1,0.005896091461181641,1,1,1e-06,0.0
1,0.0035505294799804688,1,1,1e-06,0.0
1,0.002724885940551758,1,1,1e-06,0.0
1,0.0031557083129882812,1,1,1e-06,0.0
1,0.0036530494689941406,1,1,1e-06,0.0
1,0.004628181457519531,1,1,1e-06,0.0
1,0.003871440887451172,1,1,1e-06,0.0
1,0.0035753250122070312,1,1,1e-06,0.0
1,0.0052318572998046875,1,1,1e-06,0.0
1,0.002780437469482422,1,1,1e-06,0.0
1,0.0027048587799072266,1,1,1e-06,0.0
1,0.025097131729125977,1,1,1e-06,0.0
1,0.053261518478393555,1,1,1e-06,0.0
1,0.002592802047729492,1,1,1e-06,0.0
1,0.002323627471923828,1,1,1e-06,0.0
1,0.002848386764526367,1,1,1e-06,0.0
1,0.0033762454986572266,1,1,1e-06,0.0
1,0.002691984176635742,1,1,1e-06,0.0
1,0.0033605098724365234,1,1,1e-06,0.0
1,0.0030825138092041016,1,1,1e-06,0.0
1,0.0031251907348632812,1,1,1e-06,0.0
1,0.004830598831176758,1,1,1e-06,0.0
1,0.002346515655517578,1,1,1e-06,0.0
1,0.0024521350860595703,1,1,1e-06,0.0
1,0.0038690567016601562,1,1,1e-06,0.0
1,0.003902435302734375,1,1,1e-06,0.0
1,0.003319978713989258,1,1,1e-06,0.0
1,0.002986907958984375,1,1,1e-06,0.0
1,0.003240823745727539,1,1,1e-06,0.0
1,0.002883434295654297,1,1,1e-06,0.0
1,0.0029320716857910156,1,1,1e-06,0.0
1,0.0059621334075927734,1,1,1e-06,0.0
1,0.003247499465942383,1,1,1e-06,0.0
1,0.007317066192626953,1,1,1e-06,0.0
1,0.003541707992553711,1,1,1e-06,0.0
1,0.0036454200744628906,1,1,1e-06,0.0
1,0.006254434585571289,1,1,1e-06,0.0
1,0.0035860538482666016,1,1,1e-06,0.0
1,0.0027811527252197266,1,1,1e-06,0.0
1,0.0031969547271728516,1,1,1e-06,0.0
1,0.004334926605224609,1,1,1e-06,0.0
1,0.00396275520324707,1,1,1e-06,0.0
1,0.0026428699493408203,1,1,1e-06,0.0
1,0.004163026809692383,1,1,1e-06,0.0
1,0.0029442310333251953,1,1,1e-06,0.0
1,0.00646519660949707,1,1,1e-06,0.0
1,0.06705355644226074,1,1,1e-06,0.0
1,0.003435373306274414,1,1,1e-06,0.0
1,0.003400087356567383,1,1,1e-06,0.0
1,0.019461870193481445,1,1,1e-06,0.0
1,0.0033080577850341797,1,1,1e-06,0.0
1,0.002265453338623047,1,1,1e-06,0.0
1,0.0022542476654052734,1,1,1e-06,0.0
1,0.0025033950805664062,1,1,1e-06,0.0
1,0.023782730102539062,1,1,1e-06,0.0
1,0.0028228759765625,1,1,1e-06,0.0
1,0.002174854278564453,1,1,1e-06,0.0
1,0.0023925304412841797,1,1,1e-06,0.0
1,0.002360820770263672,1,1,1e-06,0.0
1,0.07255363464355469,1,1,1e-06,0.0
1,0.00439143180847168,1,1,1e-06,0.0
1,0.003565073013305664,1,1,1e-06,0.0
1,0.0029926300048828125,1,1,1e-06,0.0
1,0.011499404907226562,1,1,1e-06,0.0
1,0.004034996032714844,1,1,1e-06,0.0
1,0.0026726722717285156,1,1,1e-06,0.0
1,0.012232542037963867,1,1,1e-06,0.0
1,0.0033152103424072266,1,1,1e-06,0.0
1,0.009946823120117188,1,1,1e-06,0.0
1,0.004666566848754883,1,1,1e-06,0.0
1,0.004014253616333008,1,1,1e-06,0.0
1,0.012229442596435547,1,1,1e-06,0.0
1,0.004795074462890625,1,1,1e-06,0.0
1,0.002874612808227539,1,1,1e-06,0.0
1,0.0037779808044433594,1,1,1e-06,0.0
1,0.0024709701538085938,1,1,1e-06,0.0
1,0.010992765426635742,1,1,1e-06,0.0
1,0.01640915870666504,1,1,1e-06,0.0
1,0.005280971527099609,1,1,1e-06,0.0
1,0.0033693313598632812,1,1,1e-06,0.0
1,0.002736806869506836,1,1,1e-06,0.0
1,0.02566075325012207,1,1,1e-06,0.0
1,0.004100799560546875,1,1,1e-06,0.0
1,0.00418853759765625,1,1,1e-06,0.0
1,0.00428009033203125,1,1,1e-06,0.0
1,0.008484840393066406,1,1,1e-06,0.0
1,0.003356456756591797,1,1,1e-06,0.0
1,0.018622636795043945,1,1,1e-06,0.0
1,0.002595186233520508,1,1,1e-06,0.0
1,0.0051975250244140625,1,1,1e-06,0.0
1,0.011469841003417969,1,1,1e-06,0.0
1,0.006324291229248047,1,1,1e-06,0.0
1,0.006209135055541992,1,1,1e-06,0.0
1,0.0031828880310058594,1,1,1e-06,0.0
1,0.0032417774200439453,1,1,1e-06,0.0
1,0.0041484832763671875,1,1,1e-06,0.0
1,0.005089521408081055,1,1,1e-06,0.0
1,0.008211612701416016,1,1,1e-06,0.0
1,0.012534379959106445,1,1,1e-06,0.0
1,0.003367185592651367,1,1,1e-06,0.0
1,0.00867915153503418,1,1,1e-06,0.0
1,0.009168148040771484,1,1,1e-06,0.0
1,0.0033752918243408203,1,1,1e-06,0.0
1,0.005418062210083008,1,1,1e-06,0.0
1,0.019845962524414062,1,1,1e-06,0.0
1,0.00433349609375,1,1,1e-06,0.0
1,0.014013528823852539,1,1,1e-06,0.0
1,0.004375457763671875,1,1,1e-06,0.0
1,0.012063980102539062,1,1,1e-06,0.0
1,0.004408359527587891,1,1,1e-06,0.0
1,0.0053310394287109375,1,1,1e-06,0.0
1,0.011084318161010742,1,1,1e-06,0.0
1,0.005017757415771484,1,1,1e-06,0.0
1,0.011399984359741211,1,1,1e-06,0.0
1,0.010701417922973633,1,1,1e-06,0.0
1,0.009994745254516602,1,1,1e-06,0.0
1,0.18349146842956543,1,1,1e-06,0.0
1,0.08179831504821777,1,1,1e-06,0.0
1,0.11455583572387695,1,1,1e-06,0.0
1,0.01017141342163086,1,1,1e-06,0.0
1,0.002588510513305664,1,1,1e-06,0.0
1,0.004290342330932617,1,1,1e-06,0.0
1,0.010460853576660156,1,1,1e-06,0.0
1,0.003453969955444336,1,1,1e-06,0.0
1,0.014224767684936523,1,1,1e-06,0.0
1,0.005078315734863281,1,1,1e-06,0.0
1,0.004235506057739258,1,1,1e-06,0.0
1,0.0024759769439697266,1,1,1e-06,0.0
1,0.008267402648925781,1,1,1e-06,0.0
1,0.030896902084350586,1,1,1e-06,0.0
1,0.003551959991455078,1,1,1e-06,0.0
1,0.011243581771850586,1,1,1e-06,0.0
1,0.004214048385620117,1,1,1e-06,0.0
1,0.0019016265869140625,1,1,1e-06,0.0
1,0.002840280532836914,1,1,1e-06,0.0
1,0.009041309356689453,1,1,1e-06,0.0
1,0.0023725032806396484,1,1,1e-06,0.0
1,0.004380941390991211,1,1,1e-06,0.0
1,0.0034224987030029297,1,1,1e-06,0.0
1,0.002727031707763672,1,1,1e-06,0.0
1,0.009610176086425781,1,1,1e-06,0.0
1,0.004008054733276367,1,1,1e-06,0.0
1,0.0035588741302490234,1,1,1e-06,0.0
1,0.006778717041015625,1,1,1e-06,0.0
1,0.004060268402099609,1,1,1e-06,0.0
1,0.0024650096893310547,1,1,1e-06,0.0
1,0.006914854049682617,1,1,1e-06,0.0
1,0.009980440139770508,1,1,1e-06,0.0
0,1.0085179805755615,0,0,,0.0
1,0.0030059814453125,1,1,1e-06,0.0
1,0.003935337066650391,1,1,1e-06,0.0
1,0.010684728622436523,1,1,1e-06,0.0
1,0.003955841064453125,1,1,1e-06,0.0
1,0.009453535079956055,1,1,1e-06,0.0
1,0.005205631256103516,1,1,1e-06,0.0
1,0.008781671524047852,1,1,1e-06,0.0
1,0.006589651107788086,1,1,1e-06,0.0
1,0.006532907485961914,1,1,1e-06,0.0
1,0.02158355712890625,1,1,1e-06,0.0
1,0.0035986900329589844,1,1,1e-06,0.0
1,0.0026941299438476562,1,1,1e-06,0.0
1,0.0106353759765625,1,1,1e-06,0.0
1,0.005776882171630859,1,1,1e-06,0.0
1,0.012452363967895508,1,1,1e-06,0.0
1,0.0034584999084472656,1,1,1e-06,0.0
1,0.0035331249237060547,1,1,1e-06,0.0
1,0.004401683807373047,1,1,1e-06,0.0
1,0.012944221496582031,1,1,1e-06,0.0
1,0.003681182861328125,1,1,1e-06,0.0
1,0.002674102783203125,1,1,1e-06,0.0
1,0.0025682449340820312,1,1,1e-06,0.0
1,0.012469768524169922,1,1,1e-06,0.0
1,0.0033941268920898438,1,1,1e-06,0.0
1,0.002961397171020508,1,1,1e-06,0.0
1,0.009582042694091797,1,1,1e-06,0.0
1,0.0053598880767822266,1,1,1e-06,0.0
1,0.004433870315551758,1,1,1e-06,0.0
1,0.011287450790405273,1,1,1e-06,0.0
1,0.004052639007568359,1,1,1e-06,0.0
1,0.1598055362701416,1,1,1e-06,0.0
1,0.012704849243164062,1,1,1e-06,0.0
1,0.003986358642578125,1,1,1e-06,0.0
1,0.003637075424194336,1,1,1e-06,0.0
1,0.0033354759216308594,1,1,1e-06,0.0
1,0.006058216094970703,1,1,1e-06,0.0
1,0.007609128952026367,1,1,1e-06,0.0
1,0.003803253173828125,1,1,1e-06,0.0
1,0.0036344528198242188,1,1,1e-06,0.0
1,0.011678695678710938,1,1,1e-06,0.0
1,0.0042760372161865234,1,1,1e-06,0.0
1,0.003283262252807617,1,1,1e-06,0.0
1,0.008564949035644531,1,1,1e-06,0.0
1,0.004683732986450195,1,1,1e-06,0.0
1,0.0028052330017089844,1,1,1e-06,0.0
1,0.05272483825683594,1,1,1e-06,0.0
1,0.0026640892028808594,1,1,1e-06,0.0
1,0.006627321243286133,1,1,1e-06,0.0
1,0.003036975860595703,1,1,1e-06,0.0
1,0.004790544509887695,1,1,1e-06,0.0
1,0.003017425537109375,1,1,1e-06,0.0
1,0.0035386085510253906,1,1,1e-06,0.0
1,0.0036118030548095703,1,1,1e-06,0.0
1,0.0036683082580566406,1,1,1e-06,0.0
1,0.06830549240112305,1,1,1e-06,0.0
1,0.0041425228118896484,1,1,1e-06,0.0
1,0.0034596920013427734,1,1,1e-06,0.0
1,0.0036325454711914062,1,1,1e-06,0.0
1,0.003124237060546875,1,1,1e-06,0.0
1,0.003729104995727539,1,1,1e-06,0.0
1,0.04003763198852539,1,1,1e-06,0.0
1,0.0031239986419677734,1,1,1e-06,0.0
1,0.0034186840057373047,1,1,1e-06,0.0
1,0.003396749496459961,1,1,1e-06,0.0
1,0.0024962425231933594,1,1,1e-06,0.0
1,0.006841897964477539,1,1,1e-06,0.0
1,0.0036389827728271484,1,1,1e-06,0.0
1,0.002454042434692383,1,1,1e-06,0.0
1,0.0028100013732910156,1,1,1e-06,0.0
1,0.003692150115966797,1,1,1e-06,0.0
1,0.008700847625732422,1,1,1e-06,0.0
1,0.0030410289764404297,1,1,1e-06,0.0
1,0.0035200119018554688,1,1,1e-06,0.0
1,0.004098415374755859,1,1,1e-06,0.0
1,0.0044116973876953125,1,1,1e-06,0.0
1,0.003920555114746094,1,1,1e-06,0.0
1,0.0034787654876708984,1,1,1e-06,0.0
1,0.005071163177490234,1,1,1e-06,0.0
1,0.003709077835083008,1,1,1e-06,0.0
1,0.007202625274658203,1,1,1e-06,0.0
1,0.003841876983642578,1,1,1e-06,0.0
1,0.0028455257415771484,1,1,1e-06,0.0
1,0.0032563209533691406,1,1,1e-06,0.0
1,0.0026450157165527344,1,1,1e-06,0.0
1,0.011634349822998047,1,1,1e-06,0.0
1,0.0029265880584716797,1,1,1e-06,0.0
0,1.0303654670715332,0,0,,0.0
1,0.005426645278930664,1,1,1e-06,0.0
1,0.00518488883972168,1,1,1e-06,0.0
1,0.007561206817626953,1,1,1e-06,0.0
1,0.0287017822265625,1,1,1e-06,0.0
1,0.003437042236328125,1,1,1e-06,0.0
1,0.00397801399230957,1,1,1e-06,0.0
1,0.039021968841552734,1,1,1e-06,0.0
1,0.003267049789428711,1,1,1e-06,0.0
1,0.0044612884521484375,1,1,1e-06,0.0
1,0.0056209564208984375,1,1,1e-06,0.0
1,0.003710508346557617,1,1,1e-06,0.0
1,0.0043795108795166016,1,1,1e-06,0.0
1,0.004652976989746094,1,1,1e-06,0.0
1,0.0040590763092041016,1,1,1e-06,0.0
1,0.004124164581298828,1,1,1e-06,0.0
1,0.0033435821533203125,1,1,1e-06,0.0
1,0.0035598278045654297,1,1,1e-06,0.0
1,0.0038259029388427734,1,1,1e-06,0.0
1,0.005584001541137695,1,1,1e-06,0.0
1,0.004212379455566406,1,1,1e-06,0.0
1,0.012958765029907227,1,1,1e-06,0.0
1,0.009674072265625,1,1,1e-06,0.0
1,0.005542755126953125,1,1,1e-06,0.0
1,0.0064275264739990234,1,1,1e-06,0.0
1,0.018825531005859375,1,1,1e-06,0.0
1,0.005484580993652344,1,1,1e-06,0.0
1,0.004685163497924805,1,1,1e-06,0.0
1,0.0031948089599609375,1,1,1e-06,0.0
1,0.004355907440185547,1,1,1e-06,0.0
1,0.005891323089599609,1,1,1e-06,0.0
1,0.0036792755126953125,1,1,1e-06,0.0
1,0.0059833526611328125,1,1,1e-06,0.0
1,0.004716157913208008,1,1,1e-06,0.0
1,0.00371551513671875,1,1,1e-06,0.0
1,0.0038025379180908203,1,1,1e-06,0.0
1,0.00522613525390625,1,1,1e-06,0.0
1,0.002306699752807617,1,1,1e-06,0.0
1,0.007025003433227539,1,1,1e-06,0.0
1,0.003604412078857422,1,1,1e-06,0.0
1,0.005406856536865234,1,1,1e-06,0.0
1,0.004657268524169922,1,1,1e-06,0.0
1,0.004213809967041016,1,1,1e-06,0.0
1,0.0054018497467041016,1,1,1e-06,0.0
1,0.007905244827270508,1,1,1e-06,0.0
1,0.0030994415283203125,1,1,1e-06,0.0
1,0.00542449951171875,1,1,1e-06,0.0
1,0.006050825119018555,1,1,1e-06,0.0
1,0.008059978485107422,1,1,1e-06,0.0
1,0.0034694671630859375,1,1,1e-06,0.0
1,0.004819393157958984,1,1,1e-06,0.0
1,0.007298946380615234,1,1,1e-06,0.0
1,0.0038492679595947266,1,1,1e-06,0.0
1,0.0043489933013916016,1,1,1e-06,0.0
1,0.006346702575683594,1,1,1e-06,0.0
1,0.0035746097564697266,1,1,1e-06,0.0
1,0.21751618385314941,1,1,1e-06,0.0
1,0.0032317638397216797,1,1,1e-06,0.0
1,0.00418400764465332,1,1,1e-06,0.0
1,0.0036878585815429688,1,1,1e-06,0.0
1,0.0035321712493896484,1,1,1e-06,0.0
1,0.003078937530517578,1,1,1e-06,0.0
1,0.005449533462524414,1,1,1e-06,0.0
1,0.004401445388793945,1,1,1e-06,0.0
1,0.004975080490112305,1,1,1e-06,0.0
1,0.0036134719848632812,1,1,1e-06,0.0
1,0.007364988327026367,1,1,1e-06,0.0
1,0.003919839859008789,1,1,1e-06,0.0
1,0.30146169662475586,1,1,1e-06,0.0
1,0.0029664039611816406,1,1,1e-06,0.0
1,0.0026526451110839844,1,1,1e-06,0.0
1,0.002616405487060547,1,1,1e-06,0.0
1,0.005087375640869141,1,1,1e-06,0.0
1,0.0033063888549804688,1,1,1e-06,0.0
1,0.002452850341796875,1,1,1e-06,0.0
1,0.0035660266876220703,1,1,1e-06,0.0
1,0.0067441463470458984,1,1,1e-06,0.0
1,0.0037212371826171875,1,1,1e-06,0.0
1,0.004697561264038086,1,1,1e-06,0.0
1,0.012212514877319336,1,1,1e-06,0.0
1,0.006571769714355469,1,1,1e-06,0.0
1,0.005121707916259766,1,1,1e-06,0.0
1,0.3415086269378662,1,1,1e-06,0.0
1,0.0027298927307128906,1,1,1e-06,0.0
1,0.0037088394165039062,1,1,1e-06,0.0
1,0.013134956359863281,1,1,1e-06,0.0
1,0.003264904022216797,1,1,1e-06,0.0
1,0.012073516845703125,1,1,1e-06,0.0
1,0.003290891647338867,1,1,1e-06,0.0
1,0.014864921569824219,1,1,1e-06,0.0
1,0.0033299922943115234,1,1,1e-06,0.0
1,0.5139362812042236,1,1,1e-06,0.0
1,0.01231694221496582,1,1,1e-06,0.0
1,0.004778861999511719,1,1,1e-06,0.0
1,0.013951301574707031,1,1,1e-06,0.0
1,0.003494739532470703,1,1,1e-06,0.0
1,0.0044667720794677734,1,1,1e-06,0.0
1,0.013066530227661133,1,1,1e-06,0.0
1,0.0032339096069335938,1,1,1e-06,0.0
1,0.004594326019287109,1,1,1e-06,0.0
1,0.011809349060058594,1,1,1e-06,0.0
1,0.002841472625732422,1,1,1e-06,0.0
1,0.003975391387939453,1,1,1e-06,0.0
1,0.012737512588500977,1,1,1e-06,0.0
1,0.00654911994934082,1,1,1e-06,0.0
1,0.004820346832275391,1,1,1e-06,0.0
1,0.0037670135498046875,1,1,1e-06,0.0
1,0.013607263565063477,1,1,1e-06,0.0
1,0.008146047592163086,1,1,1e-06,0.0
1,0.011704444885253906,1,1,1e-06,0.0
1,0.00419926643371582,1,1,1e-06,0.0
1,0.026816844940185547,1,1,1e-06,0.0
1,0.0029442310333251953,1,1,1e-06,0.0
1,0.004042625427246094,1,1,1e-06,0.0
1,0.015499353408813477,1,1,1e-06,0.0
1,0.014905929565429688,1,1,1e-06,0.0
1,0.005056619644165039,1,1,1e-06,0.0
1,0.012330293655395508,1,1,1e-06,0.0
1,0.1590864658355713,1,1,1e-06,0.0
1,0.0031883716583251953,1,1,1e-06,0.0
1,0.00413966178894043,1,1,1e-06,0.0
1,0.01169586181640625,1,1,1e-06,0.0
0,1.011397361755371,0,0,,0.0
1,0.0051538944244384766,1,1,1e-06,0.0
1,0.003645181655883789,1,1,1e-06,0.0
1,0.003376483917236328,1,1,1e-06,0.0
1,0.003407001495361328,1,1,1e-06,0.0
1,0.004687309265136719,1,1,1e-06,0.0
1,0.004177570343017578,1,1,1e-06,0.0
1,0.020810604095458984,1,1,1e-06,0.0
1,0.0021996498107910156,1,1,1e-06,0.0
1,0.004098415374755859,1,1,1e-06,0.0
1,0.0026519298553466797,1,1,1e-06,0.0
1,0.003889322280883789,1,1,1e-06,0.0
1,0.003068685531616211,1,1,1e-06,0.0
1,0.0076751708984375,1,1,1e-06,0.0
1,0.004083395004272461,1,1,1e-06,0.0
1,0.0037741661071777344,1,1,1e-06,0.0
1,0.002290487289428711,1,1,1e-06,0.0
1,0.003175973892211914,1,1,1e-06,0.0
1,0.0029633045196533203,1,1,1e-06,0.0
1,0.06825375556945801,1,1,1e-06,0.0
1,0.0032303333282470703,1,1,1e-06,0.0
1,0.0032432079315185547,1,1,1e-06,0.0
1,0.002655506134033203,1,1,1e-06,0.0
1,0.002610445022583008,1,1,1e-06,0.0
1,0.0024073123931884766,1,1,1e-06,0.0
1,0.002824544906616211,1,1,1e-06,0.0
1,0.0037987232208251953,1,1,1e-06,0.0
1,0.0037581920623779297,1,1,1e-06,0.0
1,0.004869937896728516,1,1,1e-06,0.0
1,0.003103494644165039,1,1,1e-06,0.0
1,0.003920316696166992,1,1,1e-06,0.0
1,0.0038843154907226562,1,1,1e-06,0.0
1,0.001990795135498047,1,1,1e-06,0.0
1,0.003572702407836914,1,1,1e-06,0.0
1,0.0036258697509765625,1,1,1e-06,0.0
1,0.002419710159301758,1,1,1e-06,0.0
1,0.002907991409301758,1,1,1e-06,0.0
1,0.002567291259765625,1,1,1e-06,0.0
1,0.009710550308227539,1,1,1e-06,0.0
1,0.004489421844482422,1,1,1e-06,0.0
1,0.0025446414947509766,1,1,1e-06,0.0
1,0.0021898746490478516,1,1,1e-06,0.0
1,0.0022420883178710938,1,1,1e-06,0.0
1,0.004340648651123047,1,1,1e-06,0.0
1,0.0036935806274414062,1,1,1e-06,0.0
1,0.002595663070678711,1,1,1e-06,0.0
1,0.0023696422576904297,1,1,1e-06,0.0
1,0.002857685089111328,1,1,1e-06,0.0
1,0.0031244754791259766,1,1,1e-06,0.0
1,0.008339405059814453,1,1,1e-06,0.0
1,0.002361297607421875,1,1,1e-06,0.0
1,0.002074003219604492,1,1,1e-06,0.0
1,0.003111124038696289,1,1,1e-06,0.0
1,0.007597684860229492,1,1,1e-06,0.0
1,0.003252744674682617,1,1,1e-06,0.0
1,0.0031180381774902344,1,1,1e-06,0.0
1,0.003954410552978516,1,1,1e-06,0.0
1,0.0030477046966552734,1,1,1e-06,0.0
1,0.005608797073364258,1,1,1e-06,0.0
1,0.005558490753173828,1,1,1e-06,0.0
1,0.007417440414428711,1,1,1e-06,0.0
1,0.007582426071166992,1,1,1e-06,0.0
1,0.012946128845214844,1,1,1e-06,0.0
1,0.0077550411224365234,1,1,1e-06,0.0
1,0.010702133178710938,1,1,1e-06,0.0
1,0.004515409469604492,1,1,1e-06,0.0
1,0.01296377182006836,1,1,1e-06,0.0
1,0.003402233123779297,1,1,1e-06,0.0
1,0.007735729217529297,1,1,1e-06,0.0
1,0.006852865219116211,1,1,1e-06,0.0
1,0.00778508186340332,1,1,1e-06,0.0
1,0.00770115852355957,1,1,1e-06,0.0
1,0.00683283805847168,1,1,1e-06,0.0
1,0.013936996459960938,1,1,1e-06,0.0
1,0.006169557571411133,1,1,1e-06,0.0
1,0.006930112838745117,1,1,1e-06,0.0
1,0.006591796875,1,1,1e-06,0.0
1,0.007248401641845703,1,1,1e-06,0.0
1,0.006510019302368164,1,1,1e-06,0.0
1,0.006048917770385742,1,1,1e-06,0.0
1,0.008515119552612305,1,1,1e-06,0.0
1,0.006530046463012695,1,1,1e-06,0.0
1,0.03884243965148926,1,1,1e-06,0.0
1,0.009496212005615234,1,1,1e-06,0.0
1,0.016930818557739258,1,1,1e-06,0.0
1,0.00787210464477539,1,1,1e-06,0.0
1,0.009799003601074219,1,1,1e-06,0.0
1,0.0027418136596679688,1,1,1e-06,0.0
1,0.04163837432861328,1,1,1e-06,0.0
1,0.007132530212402344,1,1,1e-06,0.0
1,0.00807046890258789,1,1,1e-06,0.0
1,0.008501291275024414,1,1,1e-06,0.0
1,0.008311748504638672,1,1,1e-06,0.0
1,0.00767970085144043,1,1,1e-06,0.0
1,0.006388187408447266,1,1,1e-06,0.0
1,0.010829687118530273,1,1,1e-06,0.0
1,0.012229681015014648,1,1,1e-06,0.0
1,0.005967378616333008,1,1,1e-06,0.0
1,0.0045413970947265625,1,1,1e-06,0.0
1,0.00830698013305664,1,1,1e-06,0.0
1,0.11895346641540527,1,1,1e-06,0.0
1,0.0033779144287109375,1,1,1e-06,0.0
1,0.008750438690185547,1,1,1e-06,0.0
1,0.12389826774597168,1,1,1e-06,0.0
1,0.003140687942504883,1,1,1e-06,0.0
1,0.002328157424926758,1,1,1e-06,0.0
1,0.02341628074645996,1,1,1e-06,0.0
1,0.0062754154205322266,1,1,1e-06,0.0
1,0.003165006637573242,1,1,1e-06,0.0
1,0.005003213882446289,1,1,1e-06,0.0
1,0.008240699768066406,1,1,1e-06,0.0
1,0.06045699119567871,1,1,1e-06,0.0
1,0.007550716400146484,1,1,1e-06,0.0
1,0.002481698989868164,1,1,1e-06,0.0
1,0.0027136802673339844,1,1,1e-06,0.0
1,0.009140253067016602,1,1,1e-06,0.0
1,0.006908893585205078,1,1,1e-06,0.0
1,0.007288217544555664,1,1,1e-06,0.0
1,0.005099296569824219,1,1,1e-06,0.0
1,0.00394749641418457,1,1,1e-06,0.0
1,0.0027742385864257812,1,1,1e-06,0.0
1,0.0040628910064697266,1,1,1e-06,0.0
1,0.0038175582885742188,1,1,1e-06,0.0
1,0.003846406936645508,1,1,1e-06,0.0
1,0.0033135414123535156,1,1,1e-06,0.0
1,0.0036258697509765625,1,1,1e-06,0.0
1,0.002192258834838867,1,1,1e-06,0.0
1,0.004433393478393555,1,1,1e-06,0.0
1,0.010221719741821289,1,1,1e-06,0.0
1,0.002397775650024414,1,1,1e-06,0.0
1,0.003304719924926758,1,1,1e-06,0.0
1,0.004720449447631836,1,1,1e-06,0.0
1,0.0038301944732666016,1,1,1e-06,0.0
1,0.002912759780883789,1,1,1e-06,0.0
1,0.0044596195220947266,1,1,1e-06,0.0
1,0.003061056137084961,1,1,1e-06,0.0
1,0.002550363540649414,1,1,1e-06,0.0
1,0.0032765865325927734,1,1,1e-06,0.0
1,0.0038361549377441406,1,1,1e-06,0.0
1,0.00600886344909668,1,1,1e-06,0.0
1,0.0041730403900146484,1,1,1e-06,0.0
1,0.0041353702545166016,1,1,1e-06,0.0
1,0.0030434131622314453,1,1,1e-06,0.0
1,0.0057697296142578125,1,1,1e-06,0.0
1,0.00281524658203125,1,1,1e-06,0.0
1,0.004084587097167969,1,1,1e-06,0.0
1,0.003461599349975586,1,1,1e-06,0.0
1,0.003088235855102539,1,1,1e-06,0.0
1,0.003376007080078125,1,1,1e-06,0.0
1,0.005661487579345703,1,1,1e-06,0.0
1,0.004067897796630859,1,1,1e-06,0.0
1,0.0037734508514404297,1,1,1e-06,0.0
1,0.009367942810058594,1,1,1e-06,0.0
1,0.04305839538574219,1,1,1e-06,0.0
1,0.007740020751953125,1,1,1e-06,0.0
1,0.008746862411499023,1,1,1e-06,0.0
1,0.010011672973632812,1,1,1e-06,0.0
1,0.004332304000854492,1,1,1e-06,0.0
1,0.007092952728271484,1,1,1e-06,0.0
1,0.006714582443237305,1,1,1e-06,0.0
1,0.0046498775482177734,1,1,1e-06,0.0
1,0.006643772125244141,1,1,1e-06,0.0
1,0.0040209293365478516,1,1,1e-06,0.0
1,0.042868852615356445,1,1,1e-06,0.0
1,0.003817319869995117,1,1,1e-06,0.0
1,0.0025191307067871094,1,1,1e-06,0.0
1,0.024319887161254883,1,1,1e-06,0.0
1,0.003090381622314453,1,1,1e-06,0.0
1,0.003821134567260742,1,1,1e-06,0.0
1,0.0030336380004882812,1,1,1e-06,0.0
1,0.0042285919189453125,1,1,1e-06,0.0
1,0.004488945007324219,1,1,1e-06,0.0
1,0.0035364627838134766,1,1,1e-06,0.0
1,0.006140232086181641,1,1,1e-06,0.0
1,0.0033767223358154297,1,1,1e-06,0.0
1,0.003110170364379883,1,1,1e-06,0.0
1,0.00394439697265625,1,1,1e-06,0.0
1,0.04942464828491211,1,1,1e-06,0.0
1,0.00707244873046875,1,1,1e-06,0.0
1,0.1053457260131836,1,1,1e-06,0.0
1,0.0025556087493896484,1,1,1e-06,0.0
1,0.002934694290161133,1,1,1e-06,0.0
1,0.0031461715698242188,1,1,1e-06,0.0
1,0.003764629364013672,1,1,1e-06,0.0
1,0.0030066967010498047,1,1,1e-06,0.0
1,0.0028905868530273438,1,1,1e-06,0.0
1,0.00413966178894043,1,1,1e-06,0.0
1,0.0029523372650146484,1,1,1e-06,0.0
1,0.0029315948486328125,1,1,1e-06,0.0
1,0.003560304641723633,1,1,1e-06,0.0
1,0.0033812522888183594,1,1,1e-06,0.0
1,0.00415349006652832,1,1,1e-06,0.0
1,0.004807233810424805,1,1,1e-06,0.0
1,0.008817195892333984,1,1,1e-06,0.0
1,0.05807328224182129,1,1,1e-06,0.0
1,0.13843417167663574,1,1,1e-06,0.0
1,0.003342151641845703,1,1,1e-06,0.0
1,0.050049543380737305,1,1,1e-06,0.0
1,0.0024559497833251953,1,1,1e-06,0.0
1,0.002509593963623047,1,1,1e-06,0.0
1,0.0025184154510498047,1,1,1e-06,0.0
1,0.0026869773864746094,1,1,1e-06,0.0
1,0.003806591033935547,1,1,1e-06,0.0
1,0.003526449203491211,1,1,1e-06,0.0
1,0.0032689571380615234,1,1,1e-06,0.0
1,0.004050016403198242,1,1,1e-06,0.0
1,0.006001710891723633,1,1,1e-06,0.0
1,0.06722593307495117,1,1,1e-06,0.0
1,0.004330635070800781,1,1,1e-06,0.0
1,0.0033333301544189453,1,1,1e-06,0.0
1,0.004601716995239258,1,1,1e-06,0.0
1,0.010671377182006836,1,1,1e-06,0.0
1,0.0035026073455810547,1,1,1e-06,0.0
1,0.011563777923583984,1,1,1e-06,0.0
1,0.012871503829956055,1,1,1e-06,0.0
1,0.0024573802947998047,1,1,1e-06,0.0
1,0.00323486328125,1,1,1e-06,0.0
1,0.0038268566131591797,1,1,1e-06,0.0
1,0.015051841735839844,1,1,1e-06,0.0
1,0.003924131393432617,1,1,1e-06,0.0
1,0.003396749496459961,1,1,1e-06,0.0
1,0.0038514137268066406,1,1,1e-06,0.0
1,0.0031349658966064453,1,1,1e-06,0.0
1,0.003757953643798828,1,1,1e-06,0.0
1,0.0028786659240722656,1,1,1e-06,0.0
1,0.0020923614501953125,1,1,1e-06,0.0
1,0.0030443668365478516,1,1,1e-06,0.0
1,0.004464387893676758,1,1,1e-06,0.0
1,0.003335714340209961,1,1,1e-06,0.0
1,0.0021941661834716797,1,1,1e-06,0.0
1,0.005366086959838867,1,1,1e-06,0.0
1,0.003899097442626953,1,1,1e-06,0.0
1,0.003743886947631836,1,1,1e-06,0.0
1,0.0039386749267578125,1,1,1e-06,0.0
1,0.00444340705871582,1,1,1e-06,0.0
1,0.004319906234741211,1,1,1e-06,0.0
1,0.0039119720458984375,1,1,1e-06,0.0
1,0.008951902389526367,1,1,1e-06,0.0
1,0.005242347717285156,1,1,1e-06,0.0
1,0.0072231292724609375,1,1,1e-06,0.0
1,0.013360977172851562,1,1,1e-06,0.0
1,0.003156900405883789,1,1,1e-06,0.0
1,0.0055768489837646484,1,1,1e-06,0.0
1,0.00763392448425293,1,1,1e-06,0.0
1,0.007216453552246094,1,1,1e-06,0.0
1,0.005076408386230469,1,1,1e-06,0.0
1,0.0074884891510009766,1,1,1e-06,0.0
1,0.006562471389770508,1,1,1e-06,0.0
1,0.007997751235961914,1,1,1e-06,0.0
1,0.0029625892639160156,1,1,1e-06,0.0
1,0.007059812545776367,1,1,1e-06,0.0
1,0.01073145866394043,1,1,1e-06,0.0
1,0.010880231857299805,1,1,1e-06,0.0
1,0.0037882328033447266,1,1,1e-06,0.0
1,0.08162522315979004,1,1,1e-06,0.0
1,0.020219802856445312,1,1,1e-06,0.0
1,0.0039784908294677734,1,1,1e-06,0.0
1,0.004358053207397461,1,1,1e-06,0.0
1,0.004145145416259766,1,1,1e-06,0.0
1,0.004482746124267578,1,1,1e-06,0.0
1,0.017001867294311523,1,1,1e-06,0.0
1,0.004055976867675781,1,1,1e-06,0.0
1,0.01621222496032715,1,1,1e-06,0.0
1,0.010443925857543945,1,1,1e-06,0.0
1,0.004536151885986328,1,1,1e-06,0.0
1,0.003421783447265625,1,1,1e-06,0.0
1,0.008545875549316406,1,1,1e-06,0.0
1,0.004078865051269531,1,1,1e-06,0.0
1,0.0036482810974121094,1,1,1e-06,0.0
1,0.0034570693969726562,1,1,1e-06,0.0
1,0.0025794506072998047,1,1,1e-06,0.0
1,0.00240325927734375,1,1,1e-06,0.0
1,0.007380485534667969,1,1,1e-06,0.0
1,0.005033969879150391,1,1,1e-06,0.0
1,0.006602764129638672,1,1,1e-06,0.0
1,0.004067897796630859,1,1,1e-06,0.0
1,0.0736687183380127,1,1,1e-06,0.0
1,0.003148794174194336,1,1,1e-06,0.0
1,0.002877950668334961,1,1,1e-06,0.0
1,0.004894733428955078,1,1,1e-06,0.0
1,0.003202676773071289,1,1,1e-06,0.0
1,0.015281200408935547,1,1,1e-06,0.0
1,0.0025377273559570312,1,1,1e-06,0.0
1,0.0033838748931884766,1,1,1e-06,0.0
1,0.00874018669128418,1,1,1e-06,0.0
1,0.003846406936645508,1,1,1e-06,0.0
1,0.0028848648071289062,1,1,1e-06,0.0
1,0.0018243789672851562,1,1,1e-06,0.0
1,0.002189159393310547,1,1,1e-06,0.0
1,0.24189448356628418,1,1,1e-06,0.0
1,0.0029718875885009766,1,1,1e-06,0.0
1,0.003973722457885742,1,1,1e-06,0.0
1,0.004247426986694336,1,1,1e-06,0.0
1,0.0025892257690429688,1,1,1e-06,0.0
1,0.004458904266357422,1,1,1e-06,0.0
1,0.14542651176452637,1,1,1e-06,0.0
1,0.006686210632324219,1,1,1e-06,0.0
1,0.003160238265991211,1,1,1e-06,0.0
1,0.003113269805908203,1,1,1e-06,0.0
1,0.0033774375915527344,1,1,1e-06,0.0
1,0.003953218460083008,1,1,1e-06,0.0
1,0.057958126068115234,1,1,1e-06,0.0
1,0.0025758743286132812,1,1,1e-06,0.0
1,0.0025374889373779297,1,1,1e-06,0.0
1,0.002225637435913086,1,1,1e-06,0.0
1,0.02799224853515625,1,1,1e-06,0.0
1,0.0043599605560302734,1,1,1e-06,0.0
1,0.003939390182495117,1,1,1e-06,0.0
1,0.0040988922119140625,1,1,1e-06,0.0
1,0.0029184818267822266,1,1,1e-06,0.0
1,0.003621816635131836,1,1,1e-06,0.0
1,0.00345611572265625,1,1,1e-06,0.0
1,0.0036547183990478516,1,1,1e-06,0.0
1,0.0027980804443359375,1,1,1e-06,0.0
1,0.0028219223022460938,1,1,1e-06,0.0
1,0.003667116165161133,1,1,1e-06,0.0
1,0.004404783248901367,1,1,1e-06,0.0
1,0.008044958114624023,1,1,1e-06,0.0
1,0.004351139068603516,1,1,1e-06,0.0
1,0.0031244754791259766,1,1,1e-06,0.0
1,0.006089925765991211,1,1,1e-06,0.0
1,0.006123065948486328,1,1,1e-06,0.0
1,0.0026798248291015625,1,1,1e-06,0.0
1,0.003406524658203125,1,1,1e-06,0.0
1,0.0036377906799316406,1,1,1e-06,0.0
1,0.004842996597290039,1,1,1e-06,0.0
1,0.0043833255767822266,1,1,1e-06,0.0
1,0.007597684860229492,1,1,1e-06,0.0
1,0.0028624534606933594,1,1,1e-06,0.0
1,0.0023055076599121094,1,1,1e-06,0.0
1,0.0033416748046875,1,1,1e-06,0.0
1,0.004618167877197266,1,1,1e-06,0.0
1,0.006751298904418945,1,1,1e-06,0.0
1,0.0032694339752197266,1,1,1e-06,0.0
1,0.00553584098815918,1,1,1e-06,0.0
1,0.0031642913818359375,1,1,1e-06,0.0
1,0.003880023956298828,1,1,1e-06,0.0
1,0.011746883392333984,1,1,1e-06,0.0
1,0.0040187835693359375,1,1,1e-06,0.0
1,0.012063741683959961,1,1,1e-06,0.0
1,0.003964662551879883,1,1,1e-06,0.0
1,0.12686920166015625,1,1,1e-06,0.0
1,0.006440639495849609,1,1,1e-06,0.0
1,0.0088958740234375,1,1,1e-06,0.0
1,0.004201650619506836,1,1,1e-06,0.0
1,0.010907649993896484,1,1,1e-06,0.0
1,0.006203651428222656,1,1,1e-06,0.0
1,0.006499528884887695,1,1,1e-06,0.0
1,0.008047103881835938,1,1,1e-06,0.0
1,0.004251718521118164,1,1,1e-06,0.0
1,0.0051422119140625,1,1,1e-06,0.0
1,0.008435726165771484,1,1,1e-06,0.0
1,0.015426874160766602,1,1,1e-06,0.0
1,0.010200023651123047,1,1,1e-06,0.0
1,0.006037235260009766,1,1,1e-06,0.0
1,0.008777618408203125,1,1,1e-06,0.0
1,0.006023883819580078,1,1,1e-06,0.0
1,0.007966279983520508,1,1,1e-06,0.0
1,0.009246349334716797,1,1,1e-06,0.0
1,0.006347179412841797,1,1,1e-06,0.0
1,0.016269683837890625,1,1,1e-06,0.0
1,0.010197639465332031,1,1,1e-06,0.0
1,0.006524085998535156,1,1,1e-06,0.0
1,0.009289264678955078,1,1,1e-06,0.0
1,0.010965108871459961,1,1,1e-06,0.0
1,0.007888317108154297,1,1,1e-06,0.0
1,0.05720186233520508,1,1,1e-06,0.0
1,0.004251241683959961,1,1,1e-06,0.0
1,0.00960397720336914,1,1,1e-06,0.0
1,0.0032389163970947266,1,1,1e-06,0.0
1,0.011694192886352539,1,1,1e-06,0.0
1,0.002590179443359375,1,1,1e-06,0.0
1,0.0029036998748779297,1,1,1e-06,0.0
1,0.007999658584594727,1,1,1e-06,0.0
1,0.0033321380615234375,1,1,1e-06,0.0
1,0.006038665771484375,1,1,1e-06,0.0
1,0.0032448768615722656,1,1,1e-06,0.0
1,0.04618501663208008,1,1,1e-06,0.0
1,0.002901315689086914,1,1,1e-06,0.0
1,0.001983165740966797,1,1,1e-06,0.0
1,0.0038928985595703125,1,1,1e-06,0.0
1,0.0026612281799316406,1,1,1e-06,0.0
1,0.0034682750701904297,1,1,1e-06,0.0
1,0.005302906036376953,1,1,1e-06,0.0
1,0.004481077194213867,1,1,1e-06,0.0
1,0.005045890808105469,1,1,1e-06,0.0
1,0.004172086715698242,1,1,1e-06,0.0
1,0.002944469451904297,1,1,1e-06,0.0
1,0.0042972564697265625,1,1,1e-06,0.0
1,0.005990743637084961,1,1,1e-06,0.0
1,0.003182649612426758,1,1,1e-06,0.0
1,0.008196353912353516,1,1,1e-06,0.0
1,0.010048389434814453,1,1,1e-06,0.0
1,0.0058100223541259766,1,1,1e-06,0.0
1,0.015036344528198242,1,1,1e-06,0.0
1,0.010436296463012695,1,1,1e-06,0.0
1,0.008095741271972656,1,1,1e-06,0.0
1,0.17030596733093262,1,1,1e-06,0.0
1,0.003478527069091797,1,1,1e-06,0.0
1,0.00858449935913086,1,1,1e-06,0.0
1,0.006814002990722656,1,1,1e-06,0.0
1,0.016901016235351562,1,1,1e-06,0.0
1,0.003975391387939453,1,1,1e-06,0.0
1,0.0042324066162109375,1,1,1e-06,0.0
1,0.011896371841430664,1,1,1e-06,0.0
1,0.003114938735961914,1,1,1e-06,0.0
1,0.004883766174316406,1,1,1e-06,0.0
1,0.09394049644470215,1,1,1e-06,0.0
1,0.011213064193725586,1,1,1e-06,0.0
1,0.0042476654052734375,1,1,1e-06,0.0
1,0.013883113861083984,1,1,1e-06,0.0
1,0.004693508148193359,1,1,1e-06,0.0
1,0.002373933792114258,1,1,1e-06,0.0
1,0.007490634918212891,1,1,1e-06,0.0
1,0.003887176513671875,1,1,1e-06,0.0
1,0.012306690216064453,1,1,1e-06,0.0
1,0.003103971481323242,1,1,1e-06,0.0
1,0.0038907527923583984,1,1,1e-06,0.0
1,0.0032973289489746094,1,1,1e-06,0.0
1,0.965674877166748,1,1,1e-06,0.0
1,0.010088682174682617,1,1,1e-06,0.0
1,0.0046885013580322266,1,1,1e-06,0.0
1,0.004197597503662109,1,1,1e-06,0.0
1,0.009626388549804688,1,1,1e-06,0.0
1,0.003832578659057617,1,1,1e-06,0.0
1,0.011503219604492188,1,1,1e-06,0.0
1,0.007423877716064453,1,1,1e-06,0.0
1,0.0036644935607910156,1,1,1e-06,0.0
1,0.03667879104614258,1,1,1e-06,0.0
1,0.004081249237060547,1,1,1e-06,0.0
1,0.010830879211425781,1,1,1e-06,0.0
1,0.004675149917602539,1,1,1e-06,0.0
1,0.014711618423461914,1,1,1e-06,0.0
1,0.004664421081542969,1,1,1e-06,0.0
1,0.271801233291626,1,1,1e-06,0.0
1,0.0050907135009765625,1,1,1e-06,0.0
1,0.03522682189941406,1,1,1e-06,0.0
1,0.009327411651611328,1,1,1e-06,0.0
1,0.010970354080200195,1,1,1e-06,0.0
1,0.009631633758544922,1,1,1e-06,0.0
1,0.008205652236938477,1,1,1e-06,0.0
1,0.01734304428100586,1,1,1e-06,0.0
1,0.003387928009033203,1,1,1e-06,0.0
1,0.00979924201965332,1,1,1e-06,0.0
1,0.004398345947265625,1,1,1e-06,0.0
1,0.012791156768798828,1,1,1e-06,0.0
1,0.016242027282714844,1,1,1e-06,0.0
1,0.015187978744506836,1,1,1e-06,0.0
1,0.015511751174926758,1,1,1e-06,0.0
1,0.013233661651611328,1,1,1e-06,0.0
1,0.012793779373168945,1,1,1e-06,0.0
1,0.014332294464111328,1,1,1e-06,0.0
1,0.10601949691772461,1,1,1e-06,0.0
1,0.004804372787475586,1,1,1e-06,0.0
1,0.011307477951049805,1,1,1e-06,0.0
1,0.005625486373901367,1,1,1e-06,0.0
1,0.012676715850830078,1,1,1e-06,0.0
1,0.0030150413513183594,1,1,1e-06,0.0
1,0.017726898193359375,1,1,1e-06,0.0
1,0.0051479339599609375,1,1,1e-06,0.0
1,0.008074760437011719,1,1,1e-06,0.0
1,0.007178783416748047,1,1,1e-06,0.0
1,0.004115581512451172,1,1,1e-06,0.0
1,0.0038928985595703125,1,1,1e-06,0.0
1,0.007737159729003906,1,1,1e-06,0.0
1,0.00529932975769043,1,1,1e-06,0.0
1,0.004133701324462891,1,1,1e-06,0.0
1,0.0112762451171875,1,1,1e-06,0.0
1,0.012437105178833008,1,1,1e-06,0.0
1,0.0071392059326171875,1,1,1e-06,0.0
1,0.026520252227783203,1,1,1e-06,0.0
1,0.008636236190795898,1,1,1e-06,0.0
1,0.06812572479248047,1,1,1e-06,0.0
1,0.002722024917602539,1,1,1e-06,0.0
1,0.004694461822509766,1,1,1e-06,0.0
1,0.010296821594238281,1,1,1e-06,0.0
1,0.019907712936401367,1,1,1e-06,0.0
1,0.005217313766479492,1,1,1e-06,0.0
1,0.020111799240112305,1,1,1e-06,0.0
1,0.043146371841430664,1,1,1e-06,0.0
1,0.09032011032104492,1,1,1e-06,0.0
1,0.08964753150939941,1,1,1e-06,0.0
1,0.0035719871520996094,1,1,1e-06,0.0
1,0.01613330841064453,1,1,1e-06,0.0
1,0.012029170989990234,1,1,1e-06,0.0
1,0.018622398376464844,1,1,1e-06,0.0
1,0.009536981582641602,1,1,1e-06,0.0
1,0.006249427795410156,1,1,1e-06,0.0
1,0.0042667388916015625,1,1,1e-06,0.0
1,0.003515481948852539,1,1,1e-06,0.0
1,0.004068851470947266,1,1,1e-06,0.0
1,0.008061408996582031,1,1,1e-06,0.0
1,0.008403301239013672,1,1,1e-06,0.0
1,0.002816915512084961,1,1,1e-06,0.0
1,0.0018410682678222656,1,1,1e-06,0.0
1,0.00393986701965332,1,1,1e-06,0.0
1,0.0077626705169677734,1,1,1e-06,0.0
1,0.003952980041503906,1,1,1e-06,0.0
1,0.007166862487792969,1,1,1e-06,0.0
1,0.025977134704589844,1,1,1e-06,0.0
1,0.01085972785949707,1,1,1e-06,0.0
1,0.005908012390136719,1,1,1e-06,0.0
1,0.0066068172454833984,1,1,1e-06,0.0
1,0.010003805160522461,1,1,1e-06,0.0
1,0.0033440589904785156,1,1,1e-06,0.0
1,0.06019854545593262,1,1,1e-06,0.0
1,0.00789189338684082,1,1,1e-06,0.0
1,0.004072666168212891,1,1,1e-06,0.0
1,0.004098415374755859,1,1,1e-06,0.0
1,0.011760950088500977,1,1,1e-06,0.0
1,0.002802133560180664,1,1,1e-06,0.0
1,0.0740358829498291,1,1,1e-06,0.0
1,0.02008342742919922,1,1,1e-06,0.0
1,0.00856328010559082,1,1,1e-06,0.0
1,0.002672433853149414,1,1,1e-06,0.0
1,0.011866331100463867,1,1,1e-06,0.0
1,0.0037682056427001953,1,1,1e-06,0.0
1,0.11460709571838379,1,1,1e-06,0.0
1,0.004862070083618164,1,1,1e-06,0.0
1,0.003315448760986328,1,1,1e-06,0.0
1,0.0059735774993896484,1,1,1e-06,0.0
1,0.0039141178131103516,1,1,1e-06,0.0
1,0.00416874885559082,1,1,1e-06,0.0
1,0.004891872406005859,1,1,1e-06,0.0
1,0.003322124481201172,1,1,1e-06,0.0
1,0.003141164779663086,1,1,1e-06,0.0
1,0.0027887821197509766,1,1,1e-06,0.0
1,0.0042111873626708984,1,1,1e-06,0.0
1,0.0029761791229248047,1,1,1e-06,0.0
1,0.06261897087097168,1,1,1e-06,0.0
1,0.008563756942749023,1,1,1e-06,0.0
1,0.006692171096801758,1,1,1e-06,0.0
1,0.0038378238677978516,1,1,1e-06,0.0
1,0.0037610530853271484,1,1,1e-06,0.0
1,0.002804994583129883,1,1,1e-06,0.0
1,0.003079652786254883,1,1,1e-06,0.0
1,0.0032455921173095703,1,1,1e-06,0.0
1,0.0034265518188476562,1,1,1e-06,0.0
1,0.0070018768310546875,1,1,1e-06,0.0
1,0.0036077499389648438,1,1,1e-06,0.0
1,0.0026655197143554688,1,1,1e-06,0.0
1,0.002729177474975586,1,1,1e-06,0.0
1,0.004082202911376953,1,1,1e-06,0.0
1,0.003879547119140625,1,1,1e-06,0.0
1,0.0039484500885009766,1,1,1e-06,0.0
1,0.00592494010925293,1,1,1e-06,0.0
1,0.005940675735473633,1,1,1e-06,0.0
1,0.043988943099975586,1,1,1e-06,0.0
1,0.009762048721313477,1,1,1e-06,0.0
1,0.1192469596862793,1,1,1e-06,0.0
1,0.005882978439331055,1,1,1e-06,0.0
1,0.014937162399291992,1,1,1e-06,0.0
1,0.013998746871948242,1,1,1e-06,0.0
1,0.015434741973876953,1,1,1e-06,0.0
1,0.09308791160583496,1,1,1e-06,0.0
1,0.002644062042236328,1,1,1e-06,0.0
1,0.002904176712036133,1,1,1e-06,0.0
1,0.006655693054199219,1,1,1e-06,0.0
1,0.002578258514404297,1,1,1e-06,0.0
1,0.0960078239440918,1,1,1e-06,0.0
1,0.0033330917358398438,1,1,1e-06,0.0
1,0.0071260929107666016,1,1,1e-06,0.0
1,0.00943899154663086,1,1,1e-06,0.0
1,0.07406997680664062,1,1,1e-06,0.0
1,0.006142139434814453,1,1,1e-06,0.0
1,0.006582498550415039,1,1,1e-06,0.0
1,0.013849020004272461,1,1,1e-06,0.0
1,0.02661418914794922,1,1,1e-06,0.0
1,0.0058689117431640625,1,1,1e-06,0.0
1,0.0026807785034179688,1,1,1e-06,0.0
1,0.004092693328857422,1,1,1e-06,0.0
1,0.008427858352661133,1,1,1e-06,0.0
1,0.020920515060424805,1,1,1e-06,0.0
1,0.00999307632446289,1,1,1e-06,0.0
1,0.003596782684326172,1,1,1e-06,0.0
1,0.0032241344451904297,1,1,1e-06,0.0
1,0.012235164642333984,1,1,1e-06,0.0
1,0.004128932952880859,1,1,1e-06,0.0
1,0.0038547515869140625,1,1,1e-06,0.0
1,0.0034623146057128906,1,1,1e-06,0.0
1,0.01008915901184082,1,1,1e-06,0.0
1,0.006584882736206055,1,1,1e-06,0.0
1,0.009083032608032227,1,1,1e-06,0.0
1,0.0037658214569091797,1,1,1e-06,0.0
1,0.05699610710144043,1,1,1e-06,0.0
1,0.06739592552185059,1,1,1e-06,0.0
1,0.009214401245117188,1,1,1e-06,0.0
1,0.0027675628662109375,1,1,1e-06,0.0
1,0.0738668441772461,1,1,1e-06,0.0
1,0.019034147262573242,1,1,1e-06,0.0
1,0.004325389862060547,1,1,1e-06,0.0
1,0.00415802001953125,1,1,1e-06,0.0
1,0.0054874420166015625,1,1,1e-06,0.0
1,0.017885923385620117,1,1,1e-06,0.0
1,0.0026504993438720703,1,1,1e-06,0.0
1,0.015056133270263672,1,1,1e-06,0.0
1,0.010097742080688477,1,1,1e-06,0.0
1,0.00808405876159668,1,1,1e-06,0.0
1,0.02495121955871582,1,1,1e-06,0.0
1,0.005613565444946289,1,1,1e-06,0.0
1,0.015865802764892578,1,1,1e-06,0.0
1,0.13823533058166504,1,1,1e-06,0.0
1,0.015971660614013672,1,1,1e-06,0.0
1,0.0048372745513916016,1,1,1e-06,0.0
1,0.015159130096435547,1,1,1e-06,0.0
1,0.02042531967163086,1,1,1e-06,0.0
1,0.004240989685058594,1,1,1e-06,0.0
1,0.004845619201660156,1,1,1e-06,0.0
1,0.007315158843994141,1,1,1e-06,0.0
1,0.0031728744506835938,1,1,1e-06,0.0
1,0.002154827117919922,1,1,1e-06,0.0
1,0.003866434097290039,1,1,1e-06,0.0
1,0.006790876388549805,1,1,1e-06,0.0
1,0.003559589385986328,1,1,1e-06,0.0
1,0.0030298233032226562,1,1,1e-06,0.0
1,0.008968353271484375,1,1,1e-06,0.0
1,0.0043985843658447266,1,1,1e-06,0.0
1,0.003334522247314453,1,1,1e-06,0.0
1,0.01211690902709961,1,1,1e-06,0.0
1,0.0038390159606933594,1,1,1e-06,0.0
1,0.044280290603637695,1,1,1e-06,0.0
1,0.0062296390533447266,1,1,1e-06,0.0
1,0.00853419303894043,1,1,1e-06,0.0
1,0.005181550979614258,1,1,1e-06,0.0
1,0.004133701324462891,1,1,1e-06,0.0
1,0.003688812255859375,1,1,1e-06,0.0
1,0.003614187240600586,1,1,1e-06,0.0
1,0.0038933753967285156,1,1,1e-06,0.0
1,0.010867595672607422,1,1,1e-06,0.0
1,0.0038895606994628906,1,1,1e-06,0.0
1,0.003916740417480469,1,1,1e-06,0.0
1,0.011376619338989258,1,1,1e-06,0.0
1,0.014037609100341797,1,1,1e-06,0.0
1,0.005175590515136719,1,1,1e-06,0.0
1,0.0031080245971679688,1,1,1e-06,0.0
1,0.00821685791015625,1,1,1e-06,0.0
1,0.007537126541137695,1,1,1e-06,0.0
1,0.003315448760986328,1,1,1e-06,0.0
1,0.007412910461425781,1,1,1e-06,0.0
1,0.004909992218017578,1,1,1e-06,0.0
1,0.01578044891357422,1,1,1e-06,0.0
1,0.01727581024169922,1,1,1e-06,0.0
1,0.014543294906616211,1,1,1e-06,0.0
1,0.00664520263671875,1,1,1e-06,0.0
1,0.01055908203125,1,1,1e-06,0.0
1,0.008395910263061523,1,1,1e-06,0.0
1,0.006154537200927734,1,1,1e-06,0.0
1,0.012063264846801758,1,1,1e-06,0.0
1,0.008859634399414062,1,1,1e-06,0.0
1,0.009842395782470703,1,1,1e-06,0.0
1,0.01453089714050293,1,1,1e-06,0.0
1,0.0069386959075927734,1,1,1e-06,0.0
1,0.013913393020629883,1,1,1e-06,0.0
1,0.005291938781738281,1,1,1e-06,0.0
1,0.05517268180847168,1,1,1e-06,0.0
1,0.006475210189819336,1,1,1e-06,0.0
1,0.010796785354614258,1,1,1e-06,0.0
1,0.058548688888549805,1,1,1e-06,0.0
1,0.006120204925537109,1,1,1e-06,0.0
1,0.009982824325561523,1,1,1e-06,0.0
1,0.005669355392456055,1,1,1e-06,0.0
1,0.011086463928222656,1,1,1e-06,0.0
1,0.06122231483459473,1,1,1e-06,0.0
1,0.006271839141845703,1,1,1e-06,0.0
1,0.06406378746032715,1,1,1e-06,0.0
1,0.006942033767700195,1,1,1e-06,0.0
1,0.007683277130126953,1,1,1e-06,0.0
1,0.009376287460327148,1,1,1e-06,0.0
1,0.007866621017456055,1,1,1e-06,0.0
1,0.005881547927856445,1,1,1e-06,0.0
1,0.007352590560913086,1,1,1e-06,0.0
1,0.08689618110656738,1,1,1e-06,0.0
1,0.003739595413208008,1,1,1e-06,0.0
1,0.012416601181030273,1,1,1e-06,0.0
1,0.004075288772583008,1,1,1e-06,0.0
1,0.015431880950927734,1,1,1e-06,0.0
1,0.006380319595336914,1,1,1e-06,0.0
1,0.009979724884033203,1,1,1e-06,0.0
1,0.004065990447998047,1,1,1e-06,0.0
1,0.0026464462280273438,1,1,1e-06,0.0
1,0.005231618881225586,1,1,1e-06,0.0
1,0.0031867027282714844,1,1,1e-06,0.0
1,0.004714012145996094,1,1,1e-06,0.0
1,0.10895943641662598,1,1,1e-06,0.0
1,0.003043651580810547,1,1,1e-06,0.0
1,0.0034635066986083984,1,1,1e-06,0.0
1,0.007766008377075195,1,1,1e-06,0.0
1,0.0031092166900634766,1,1,1e-06,0.0
1,0.0037136077880859375,1,1,1e-06,0.0
1,0.008184432983398438,1,1,1e-06,0.0
1,0.012509584426879883,1,1,1e-06,0.0
1,0.010963678359985352,1,1,1e-06,0.0
1,0.008680582046508789,1,1,1e-06,0.0
1,0.012072324752807617,1,1,1e-06,0.0
1,0.008902788162231445,1,1,1e-06,0.0
1,0.060927391052246094,1,1,1e-06,0.0
1,0.01699972152709961,1,1,1e-06,0.0
1,0.016094446182250977,1,1,1e-06,0.0
1,0.006685733795166016,1,1,1e-06,0.0
1,0.003964900970458984,1,1,1e-06,0.0
1,0.009493827819824219,1,1,1e-06,0.0
1,0.005435466766357422,1,1,1e-06,0.0
1,0.009682893753051758,1,1,1e-06,0.0
1,0.0021505355834960938,1,1,1e-06,0.0
1,0.016716957092285156,1,1,1e-06,0.0
1,0.00433349609375,1,1,1e-06,0.0
1,0.01444697380065918,1,1,1e-06,0.0
1,0.0035867691040039062,1,1,1e-06,0.0
1,0.0026760101318359375,1,1,1e-06,0.0
1,0.01081991195678711,1,1,1e-06,0.0
1,0.006754875183105469,1,1,1e-06,0.0
1,0.003444671630859375,1,1,1e-06,0.0
1,0.008249044418334961,1,1,1e-06,0.0
1,0.0064580440521240234,1,1,1e-06,0.0
1,0.0031270980834960938,1,1,1e-06,0.0
1,0.003813505172729492,1,1,1e-06,0.0
1,0.010422229766845703,1,1,1e-06,0.0
1,0.0033600330352783203,1,1,1e-06,0.0
1,0.006608724594116211,1,1,1e-06,0.0
1,0.0037109851837158203,1,1,1e-06,0.0
1,0.0041577816009521484,1,1,1e-06,0.0
1,0.00735163688659668,1,1,1e-06,0.0
1,0.003839254379272461,1,1,1e-06,0.0
1,0.0040323734283447266,1,1,1e-06,0.0
1,0.0032303333282470703,1,1,1e-06,0.0
1,0.08925318717956543,1,1,1e-06,0.0
1,0.0026578903198242188,1,1,1e-06,0.0
1,0.0028471946716308594,1,1,1e-06,0.0
1,0.0035407543182373047,1,1,1e-06,0.0
1,0.002333402633666992,1,1,1e-06,0.0
1,0.003278017044067383,1,1,1e-06,0.0
1,0.003206968307495117,1,1,1e-06,0.0
1,0.02613067626953125,1,1,1e-06,0.0
1,0.0034508705139160156,1,1,1e-06,0.0
1,0.0028247833251953125,1,1,1e-06,0.0
1,0.0027000904083251953,1,1,1e-06,0.0
1,0.002776622772216797,1,1,1e-06,0.0
1,0.0027692317962646484,1,1,1e-06,0.0
1,0.002767324447631836,1,1,1e-06,0.0
1,0.0033669471740722656,1,1,1e-06,0.0
1,0.0031456947326660156,1,1,1e-06,0.0
1,0.004261970520019531,1,1,1e-06,0.0
1,0.003528594970703125,1,1,1e-06,0.0
1,0.0030319690704345703,1,1,1e-06,0.0
1,0.003098011016845703,1,1,1e-06,0.0
1,0.0029006004333496094,1,1,1e-06,0.0
1,0.0022306442260742188,1,1,1e-06,0.0
1,0.002659320831298828,1,1,1e-06,0.0
1,0.002343416213989258,1,1,1e-06,0.0
1,0.003701925277709961,1,1,1e-06,0.0
1,0.0025157928466796875,1,1,1e-06,0.0
1,0.002467632293701172,1,1,1e-06,0.0
1,0.002321481704711914,1,1,1e-06,0.0
1,0.002970457077026367,1,1,1e-06,0.0
1,0.0030832290649414062,1,1,1e-06,0.0
1,0.027266263961791992,1,1,1e-06,0.0
1,0.006127357482910156,1,1,1e-06,0.0
1,0.0026836395263671875,1,1,1e-06,0.0
1,0.002984285354614258,1,1,1e-06,0.0
1,0.003875255584716797,1,1,1e-06,0.0
1,0.002946138381958008,1,1,1e-06,0.0
1,0.0030524730682373047,1,1,1e-06,0.0
1,0.0036156177520751953,1,1,1e-06,0.0
1,0.002276897430419922,1,1,1e-06,0.0
1,0.002064228057861328,1,1,1e-06,0.0
1,0.02157735824584961,1,1,1e-06,0.0
1,0.002852916717529297,1,1,1e-06,0.0
1,0.0027303695678710938,1,1,1e-06,0.0
1,0.0031125545501708984,1,1,1e-06,0.0
1,0.0028824806213378906,1,1,1e-06,0.0
1,0.00740814208984375,1,1,1e-06,0.0
1,0.006643772125244141,1,1,1e-06,0.0
1,0.0031290054321289062,1,1,1e-06,0.0
1,0.002031087875366211,1,1,1e-06,0.0
1,0.0026187896728515625,1,1,1e-06,0.0
1,0.0021712779998779297,1,1,1e-06,0.0
1,0.003495931625366211,1,1,1e-06,0.0
1,0.002977609634399414,1,1,1e-06,0.0
1,0.002399444580078125,1,1,1e-06,0.0
1,0.012036323547363281,1,1,1e-06,0.0
1,0.0031363964080810547,1,1,1e-06,0.0
1,0.0029137134552001953,1,1,1e-06,0.0
1,0.002353668212890625,1,1,1e-06,0.0
1,0.002446889877319336,1,1,1e-06,0.0
1,0.002400636672973633,1,1,1e-06,0.0
1,0.002745389938354492,1,1,1e-06,0.0
1,0.004698276519775391,1,1,1e-06,0.0
1,0.003153085708618164,1,1,1e-06,0.0
0,1.0062687397003174,0,0,,0.0
1,0.0037322044372558594,1,1,1e-06,0.0
1,0.003092527389526367,1,1,1e-06,0.0
1,0.003256082534790039,1,1,1e-06,0.0
1,0.002639293670654297,1,1,1e-06,0.0
1,0.003590106964111328,1,1,1e-06,0.0
1,0.010838985443115234,1,1,1e-06,0.0
1,0.013271331787109375,1,1,1e-06,0.0
1,0.004901885986328125,1,1,1e-06,0.0
1,0.007564067840576172,1,1,1e-06,0.0
1,0.0048694610595703125,1,1,1e-06,0.0
1,0.003604412078857422,1,1,1e-06,0.0
1,0.0030107498168945312,1,1,1e-06,0.0
1,0.0021953582763671875,1,1,1e-06,0.0
1,0.002236604690551758,1,1,1e-06,0.0
1,0.003952503204345703,1,1,1e-06,0.0
1,0.0033714771270751953,1,1,1e-06,0.0
1,0.019657373428344727,1,1,1e-06,0.0
1,0.002685546875,1,1,1e-06,0.0
1,0.0036008358001708984,1,1,1e-06,0.0
1,0.0046236515045166016,1,1,1e-06,0.0
1,0.0035202503204345703,1,1,1e-06,0.0
1,0.003148794174194336,1,1,1e-06,0.0
1,0.003916740417480469,1,1,1e-06,0.0
1,0.003164529800415039,1,1,1e-06,0.0
1,0.0031104087829589844,1,1,1e-06,0.0
1,0.0033905506134033203,1,1,1e-06,0.0
1,0.005614280700683594,1,1,1e-06,0.0
1,0.010181188583374023,1,1,1e-06,0.0
1,0.0444941520690918,1,1,1e-06,0.0
1,0.009420156478881836,1,1,1e-06,0.0
1,0.010788917541503906,1,1,1e-06,0.0
1,0.004808664321899414,1,1,1e-06,0.0
1,0.005545616149902344,1,1,1e-06,0.0
1,0.008246898651123047,1,1,1e-06,0.0
1,0.007200479507446289,1,1,1e-06,0.0
1,0.008114099502563477,1,1,1e-06,0.0
1,0.008818387985229492,1,1,1e-06,0.0
1,0.00793147087097168,1,1,1e-06,0.0
1,0.006048679351806641,1,1,1e-06,0.0
1,0.009753227233886719,1,1,1e-06,0.0
1,0.007463693618774414,1,1,1e-06,0.0
1,0.010931015014648438,1,1,1e-06,0.0
1,0.0065228939056396484,1,1,1e-06,0.0
1,0.012507438659667969,1,1,1e-06,0.0
1,0.009128570556640625,1,1,1e-06,0.0
1,0.007013559341430664,1,1,1e-06,0.0
1,0.004955768585205078,1,1,1e-06,0.0
1,0.006037712097167969,1,1,1e-06,0.0
1,0.004901885986328125,1,1,1e-06,0.0
1,0.004971027374267578,1,1,1e-06,0.0
1,0.004038333892822266,1,1,1e-06,0.0
1,0.027216434478759766,1,1,1e-06,0.0
1,0.0029883384704589844,1,1,1e-06,0.0
1,0.004366636276245117,1,1,1e-06,0.0
1,0.00439763069152832,1,1,1e-06,0.0
1,0.0038230419158935547,1,1,1e-06,0.0
1,0.0041904449462890625,1,1,1e-06,0.0
1,0.003434419631958008,1,1,1e-06,0.0
1,0.0037543773651123047,1,1,1e-06,0.0
1,0.004146575927734375,1,1,1e-06,0.0
1,0.0366213321685791,1,1,1e-06,0.0
1,0.0037598609924316406,1,1,1e-06,0.0
1,0.0033228397369384766,1,1,1e-06,0.0
1,0.009521722793579102,1,1,1e-06,0.0
1,0.007881879806518555,1,1,1e-06,0.0
1,0.011030912399291992,1,1,1e-06,0.0
1,0.004456520080566406,1,1,1e-06,0.0
1,0.00525212287902832,1,1,1e-06,0.0
1,0.009804487228393555,1,1,1e-06,0.0
1,0.00554966926574707,1,1,1e-06,0.0
1,0.002766132354736328,1,1,1e-06,0.0
1,0.0033059120178222656,1,1,1e-06,0.0
1,0.0027246475219726562,1,1,1e-06,0.0
1,0.0048367977142333984,1,1,1e-06,0.0
1,0.0034618377685546875,1,1,1e-06,0.0
1,0.004614830017089844,1,1,1e-06,0.0
1,0.003676176071166992,1,1,1e-06,0.0
1,0.0043392181396484375,1,1,1e-06,0.0
1,0.003346681594848633,1,1,1e-06,0.0
1,0.0035462379455566406,1,1,1e-06,0.0
1,0.01976919174194336,1,1,1e-06,0.0
1,0.0036885738372802734,1,1,1e-06,0.0
1,0.0030808448791503906,1,1,1e-06,0.0
1,0.002583026885986328,1,1,1e-06,0.0
1,0.21852731704711914,1,1,1e-06,0.0
1,0.016315221786499023,1,1,1e-06,0.0
1,0.0062634944915771484,1,1,1e-06,0.0
1,0.003297090530395508,1,1,1e-06,0.0
1,0.008308649063110352,1,1,1e-06,0.0
1,0.005980014801025391,1,1,1e-06,0.0
1,0.0053691864013671875,1,1,1e-06,0.0
1,0.009902238845825195,1,1,1e-06,0.0
1,0.007739543914794922,1,1,1e-06,0.0
1,0.006450176239013672,1,1,1e-06,0.0
1,0.009433984756469727,1,1,1e-06,0.0
1,0.00738072395324707,1,1,1e-06,0.0
1,0.006556510925292969,1,1,1e-06,0.0
1,0.03512167930603027,1,1,1e-06,0.0
1,0.0062656402587890625,1,1,1e-06,0.0
1,0.00787496566772461,1,1,1e-06,0.0
1,0.007384300231933594,1,1,1e-06,0.0
1,0.008084297180175781,1,1,1e-06,0.0
1,0.007830619812011719,1,1,1e-06,0.0
1,0.007004976272583008,1,1,1e-06,0.0
1,0.0049285888671875,1,1,1e-06,0.0
1,0.005693674087524414,1,1,1e-06,0.0
1,0.007637739181518555,1,1,1e-06,0.0
1,0.006172657012939453,1,1,1e-06,0.0
1,0.007993936538696289,1,1,1e-06,0.0
1,0.005448579788208008,1,1,1e-06,0.0
1,0.04239821434020996,1,1,1e-06,0.0
1,0.00851750373840332,1,1,1e-06,0.0
1,0.0092620849609375,1,1,1e-06,0.0
1,0.030420541763305664,1,1,1e-06,0.0
1,0.00813913345336914,1,1,1e-06,0.0
1,0.011962175369262695,1,1,1e-06,0.0
1,0.010458230972290039,1,1,1e-06,0.0
1,0.00945281982421875,1,1,1e-06,0.0
1,0.01135396957397461,1,1,1e-06,0.0
1,0.014484405517578125,1,1,1e-06,0.0
1,0.009624004364013672,1,1,1e-06,0.0
1,0.03396010398864746,1,1,1e-06,0.0
1,0.007178306579589844,1,1,1e-06,0.0
1,0.012354373931884766,1,1,1e-06,0.0
1,0.010904073715209961,1,1,1e-06,0.0
1,0.014676809310913086,1,1,1e-06,0.0
1,0.006175518035888672,1,1,1e-06,0.0
1,0.011539459228515625,1,1,1e-06,0.0
1,0.009792327880859375,1,1,1e-06,0.0
1,0.00471806526184082,1,1,1e-06,0.0
1,0.010741233825683594,1,1,1e-06,0.0
1,0.005651712417602539,1,1,1e-06,0.0
1,0.011447906494140625,1,1,1e-06,0.0
1,0.010630130767822266,1,1,1e-06,0.0
1,0.0038781166076660156,1,1,1e-06,0.0
1,0.004093170166015625,1,1,1e-06,0.0
1,0.005893230438232422,1,1,1e-06,0.0
1,0.048657894134521484,1,1,1e-06,0.0
1,0.0043675899505615234,1,1,1e-06,0.0
1,0.0030794143676757812,1,1,1e-06,0.0
1,0.007710456848144531,1,1,1e-06,0.0
1,0.01668071746826172,1,1,1e-06,0.0
1,0.015927791595458984,1,1,1e-06,0.0
1,0.014042854309082031,1,1,1e-06,0.0
1,0.005110502243041992,1,1,1e-06,0.0
1,0.003517627716064453,1,1,1e-06,0.0
1,0.008008956909179688,1,1,1e-06,0.0
1,0.004584789276123047,1,1,1e-06,0.0
1,0.0030405521392822266,1,1,1e-06,0.0
1,0.005673646926879883,1,1,1e-06,0.0
1,0.09818482398986816,1,1,1e-06,0.0
1,0.003292560577392578,1,1,1e-06,0.0
1,0.0029366016387939453,1,1,1e-06,0.0
1,0.004791736602783203,1,1,1e-06,0.0
1,0.11043596267700195,1,1,1e-06,0.0
1,0.004569292068481445,1,1,1e-06,0.0
1,0.004643678665161133,1,1,1e-06,0.0
1,0.004723787307739258,1,1,1e-06,0.0
1,0.004103660583496094,1,1,1e-06,0.0
1,0.02850341796875,1,1,1e-06,0.0
1,0.004431962966918945,1,1,1e-06,0.0
1,0.00463104248046875,1,1,1e-06,0.0
1,0.0028769969940185547,1,1,1e-06,0.0
1,0.005574703216552734,1,1,1e-06,0.0
1,0.0033240318298339844,1,1,1e-06,0.0
1,0.0030584335327148438,1,1,1e-06,0.0
1,0.003173351287841797,1,1,1e-06,0.0
1,0.0027899742126464844,1,1,1e-06,0.0
1,0.0029866695404052734,1,1,1e-06,0.0
1,0.00770258903503418,1,1,1e-06,0.0
1,0.003622770309448242,1,1,1e-06,0.0
1,0.0038127899169921875,1,1,1e-06,0.0
1,0.003001689910888672,1,1,1e-06,0.0
1,0.0028836727142333984,1,1,1e-06,0.0
1,0.0025641918182373047,1,1,1e-06,0.0
1,0.0031824111938476562,1,1,1e-06,0.0
1,0.005783796310424805,1,1,1e-06,0.0
1,0.002871274948120117,1,1,1e-06,0.0
1,0.004040718078613281,1,1,1e-06,0.0
1,0.004641294479370117,1,1,1e-06,0.0
1,0.011473417282104492,1,1,1e-06,0.0
1,0.010640859603881836,1,1,1e-06,0.0
1,0.003526926040649414,1,1,1e-06,0.0
1,0.0038056373596191406,1,1,1e-06,0.0
1,0.004038333892822266,1,1,1e-06,0.0
1,0.0043849945068359375,1,1,1e-06,0.0
1,0.0032536983489990234,1,1,1e-06,0.0
1,0.002747774124145508,1,1,1e-06,0.0
1,0.0031676292419433594,1,1,1e-06,0.0
1,0.009349584579467773,1,1,1e-06,0.0
1,0.003427267074584961,1,1,1e-06,0.0
1,0.0035097599029541016,1,1,1e-06,0.0
1,0.004530906677246094,1,1,1e-06,0.0
1,0.005670309066772461,1,1,1e-06,0.0
1,0.003206014633178711,1,1,1e-06,0.0
1,0.003848552703857422,1,1,1e-06,0.0
1,0.003264904022216797,1,1,1e-06,0.0
1,0.004474639892578125,1,1,1e-06,0.0
1,0.003495454788208008,1,1,1e-06,0.0
1,0.0027158260345458984,1,1,1e-06,0.0
1,0.0025272369384765625,1,1,1e-06,0.0
1,0.005190849304199219,1,1,1e-06,0.0
1,0.002986431121826172,1,1,1e-06,0.0
1,0.0037178993225097656,1,1,1e-06,0.0
1,0.004219532012939453,1,1,1e-06,0.0
1,0.003793001174926758,1,1,1e-06,0.0
1,0.0026051998138427734,1,1,1e-06,0.0
1,0.002685070037841797,1,1,1e-06,0.0
1,0.003399372100830078,1,1,1e-06,0.0
1,0.005303859710693359,1,1,1e-06,0.0
1,0.0031042098999023438,1,1,1e-06,0.0
1,0.004023313522338867,1,1,1e-06,0.0
1,0.0029449462890625,1,1,1e-06,0.0
1,0.0040111541748046875,1,1,1e-06,0.0
1,0.005185365676879883,1,1,1e-06,0.0
1,0.00354766845703125,1,1,1e-06,0.0
1,0.00313568115234375,1,1,1e-06,0.0
1,0.0028781890869140625,1,1,1e-06,0.0
1,0.0030515193939208984,1,1,1e-06,0.0
1,0.0026814937591552734,1,1,1e-06,0.0
1,0.0034706592559814453,1,1,1e-06,0.0
1,0.0033080577850341797,1,1,1e-06,0.0
1,0.0034589767456054688,1,1,1e-06,0.0
1,0.004036903381347656,1,1,1e-06,0.0
1,0.005395650863647461,1,1,1e-06,0.0
1,0.004079580307006836,1,1,1e-06,0.0
1,0.0038559436798095703,1,1,1e-06,0.0
1,0.011953592300415039,1,1,1e-06,0.0
1,0.0032095909118652344,1,1,1e-06,0.0
1,0.003320455551147461,1,1,1e-06,0.0
1,0.013309001922607422,1,1,1e-06,0.0
1,0.006194114685058594,1,1,1e-06,0.0
1,0.009150266647338867,1,1,1e-06,0.0
1,0.00408625602722168,1,1,1e-06,0.0
1,0.0067691802978515625,1,1,1e-06,0.0
1,0.00773167610168457,1,1,1e-06,0.0
1,0.006911516189575195,1,1,1e-06,0.0
1,0.007955551147460938,1,1,1e-06,0.0
1,0.007036685943603516,1,1,1e-06,0.0
1,0.006956338882446289,1,1,1e-06,0.0
1,0.009237289428710938,1,1,1e-06,0.0
1,0.005096912384033203,1,1,1e-06,0.0
1,0.005815744400024414,1,1,1e-06,0.0
1,0.004629611968994141,1,1,1e-06,0.0
1,0.0028562545776367188,1,1,1e-06,0.0
1,0.00617527961730957,1,1,1e-06,0.0
1,0.0031638145446777344,1,1,1e-06,0.0
1,0.0027244091033935547,1,1,1e-06,0.0
1,0.002726316452026367,1,1,1e-06,0.0
1,0.006360054016113281,1,1,1e-06,0.0
1,0.0034160614013671875,1,1,1e-06,0.0
1,0.0032129287719726562,1,1,1e-06,0.0
1,0.003025054931640625,1,1,1e-06,0.0
1,0.0039768218994140625,1,1,1e-06,0.0
1,0.005720853805541992,1,1,1e-06,0.0
1,0.004082679748535156,1,1,1e-06,0.0
1,0.002855062484741211,1,1,1e-06,0.0
1,0.0027785301208496094,1,1,1e-06,0.0
1,0.002777576446533203,1,1,1e-06,0.0
1,0.002593517303466797,1,1,1e-06,0.0
1,0.0031118392944335938,1,1,1e-06,0.0
1,0.003929615020751953,1,1,1e-06,0.0
1,0.003278970718383789,1,1,1e-06,0.0
1,0.003141164779663086,1,1,1e-06,0.0
1,0.0034618377685546875,1,1,1e-06,0.0
1,0.0035071372985839844,1,1,1e-06,0.0
1,0.0027518272399902344,1,1,1e-06,0.0
1,0.002794027328491211,1,1,1e-06,0.0
1,0.0026628971099853516,1,1,1e-06,0.0
1,0.002853870391845703,1,1,1e-06,0.0
1,0.003831624984741211,1,1,1e-06,0.0
1,0.005878448486328125,1,1,1e-06,0.0
1,0.00547337532043457,1,1,1e-06,0.0
1,0.0034487247467041016,1,1,1e-06,0.0
1,0.0027806758880615234,1,1,1e-06,0.0
1,0.002660989761352539,1,1,1e-06,0.0
1,0.003310680389404297,1,1,1e-06,0.0
1,0.0586848258972168,1,1,1e-06,0.0
1,0.02194952964782715,1,1,1e-06,0.0
1,0.011457443237304688,1,1,1e-06,0.0
1,0.0037097930908203125,1,1,1e-06,0.0
1,0.0036590099334716797,1,1,1e-06,0.0
1,0.0033044815063476562,1,1,1e-06,0.0
1,0.0033540725708007812,1,1,1e-06,0.0
1,0.0025603771209716797,1,1,1e-06,0.0
1,0.0032792091369628906,1,1,1e-06,0.0
1,0.0026433467864990234,1,1,1e-06,0.0
1,0.003131389617919922,1,1,1e-06,0.0
1,0.005060911178588867,1,1,1e-06,0.0
1,0.005617618560791016,1,1,1e-06,0.0
1,0.0038225650787353516,1,1,1e-06,0.0
1,0.0035943984985351562,1,1,1e-06,0.0
1,0.003154277801513672,1,1,1e-06,0.0
1,0.08899879455566406,1,1,1e-06,0.0
1,0.00324249267578125,1,1,1e-06,0.0
1,0.0072863101959228516,1,1,1e-06,0.0
1,0.0069768428802490234,1,1,1e-06,0.0
1,0.00693511962890625,1,1,1e-06,0.0
1,0.012754440307617188,1,1,1e-06,0.0
1,0.005209445953369141,1,1,1e-06,0.0
1,0.03102898597717285,1,1,1e-06,0.0
1,0.010398149490356445,1,1,1e-06,0.0
1,0.005523204803466797,1,1,1e-06,0.0
1,0.02103447914123535,1,1,1e-06,0.0
1,0.007259368896484375,1,1,1e-06,0.0
1,0.004326581954956055,1,1,1e-06,0.0
1,0.0072934627532958984,1,1,1e-06,0.0
1,0.0076444149017333984,1,1,1e-06,0.0
1,0.005827188491821289,1,1,1e-06,0.0
1,0.006747007369995117,1,1,1e-06,0.0
1,0.007655143737792969,1,1,1e-06,0.0
1,0.008214473724365234,1,1,1e-06,0.0
1,0.006366252899169922,1,1,1e-06,0.0
1,0.011278629302978516,1,1,1e-06,0.0
1,0.007886886596679688,1,1,1e-06,0.0
1,0.0068225860595703125,1,1,1e-06,0.0
1,0.007532835006713867,1,1,1e-06,0.0
1,0.00750279426574707,1,1,1e-06,0.0
1,0.0070111751556396484,1,1,1e-06,0.0
1,0.004968881607055664,1,1,1e-06,0.0
1,0.007846832275390625,1,1,1e-06,0.0
1,0.007859468460083008,1,1,1e-06,0.0
1,0.007632255554199219,1,1,1e-06,0.0
1,0.006764888763427734,1,1,1e-06,0.0
1,0.007246494293212891,1,1,1e-06,0.0
1,0.008649110794067383,1,1,1e-06,0.0
1,0.007246732711791992,1,1,1e-06,0.0
1,0.006734609603881836,1,1,1e-06,0.0
1,0.007081747055053711,1,1,1e-06,0.0
1,0.007554292678833008,1,1,1e-06,0.0
1,0.006541252136230469,1,1,1e-06,0.0
1,0.005079984664916992,1,1,1e-06,0.0
1,0.007076263427734375,1,1,1e-06,0.0
1,0.13131427764892578,1,1,1e-06,0.0
1,0.007839441299438477,1,1,1e-06,0.0
1,0.010852813720703125,1,1,1e-06,0.0
1,0.008807897567749023,1,1,1e-06,0.0
1,0.006490945816040039,1,1,1e-06,0.0
1,0.007307291030883789,1,1,1e-06,0.0
1,0.007175922393798828,1,1,1e-06,0.0
1,0.007267475128173828,1,1,1e-06,0.0
1,0.006997346878051758,1,1,1e-06,0.0
1,0.007567644119262695,1,1,1e-06,0.0
1,0.008377313613891602,1,1,1e-06,0.0
1,0.0073049068450927734,1,1,1e-06,0.0
1,0.007503032684326172,1,1,1e-06,0.0
1,0.0039823055267333984,1,1,1e-06,0.0
1,0.007657527923583984,1,1,1e-06,0.0
1,0.006473541259765625,1,1,1e-06,0.0
1,0.00722813606262207,1,1,1e-06,0.0
1,0.011485099792480469,1,1,1e-06,0.0
1,0.0347135066986084,1,1,1e-06,0.0
1,0.007923603057861328,1,1,1e-06,0.0
1,0.008425712585449219,1,1,1e-06,0.0
1,0.009061336517333984,1,1,1e-06,0.0
1,0.0062716007232666016,1,1,1e-06,0.0
1,0.006862640380859375,1,1,1e-06,0.0
1,0.010054826736450195,1,1,1e-06,0.0
1,0.008820056915283203,1,1,1e-06,0.0
1,0.0075566768646240234,1,1,1e-06,0.0
1,0.008425712585449219,1,1,1e-06,0.0
1,0.03639411926269531,1,1,1e-06,0.0
1,0.008563756942749023,1,1,1e-06,0.0
1,0.00804591178894043,1,1,1e-06,0.0
1,0.0070209503173828125,1,1,1e-06,0.0
1,0.007505893707275391,1,1,1e-06,0.0
1,0.00806117057800293,1,1,1e-06,0.0
1,0.008876800537109375,1,1,1e-06,0.0
1,0.007515430450439453,1,1,1e-06,0.0
1,0.05607938766479492,1,1,1e-06,0.0
1,0.0066492557525634766,1,1,1e-06,0.0
1,0.011975526809692383,1,1,1e-06,0.0
1,0.01323390007019043,1,1,1e-06,0.0
1,0.008521318435668945,1,1,1e-06,0.0
1,0.007462978363037109,1,1,1e-06,0.0
1,0.008067846298217773,1,1,1e-06,0.0
1,0.009790182113647461,1,1,1e-06,0.0
1,0.007055997848510742,1,1,1e-06,0.0
1,0.009229183197021484,1,1,1e-06,0.0
1,0.016307353973388672,1,1,1e-06,0.0
1,0.013051033020019531,1,1,1e-06,0.0
1,0.006535530090332031,1,1,1e-06,0.0
1,0.0036890506744384766,1,1,1e-06,0.0
1,0.0041239261627197266,1,1,1e-06,0.0
1,0.0034761428833007812,1,1,1e-06,0.0
1,0.00382232666015625,1,1,1e-06,0.0
1,0.003756999969482422,1,1,1e-06,0.0
1,0.0022628307342529297,1,1,1e-06,0.0
1,0.0036470890045166016,1,1,1e-06,0.0
1,0.003677845001220703,1,1,1e-06,0.0
1,0.004281759262084961,1,1,1e-06,0.0
1,0.01139974594116211,1,1,1e-06,0.0
1,0.0028901100158691406,1,1,1e-06,0.0
1,0.0029778480529785156,1,1,1e-06,0.0
1,0.0028104782104492188,1,1,1e-06,0.0
1,0.004324197769165039,1,1,1e-06,0.0
1,0.008984804153442383,1,1,1e-06,0.0
1,0.0031485557556152344,1,1,1e-06,0.0
1,0.0025091171264648438,1,1,1e-06,0.0
1,0.005088090896606445,1,1,1e-06,0.0
1,0.004289388656616211,1,1,1e-06,0.0
1,0.003980159759521484,1,1,1e-06,0.0
1,0.0032498836517333984,1,1,1e-06,0.0
1,0.0035059452056884766,1,1,1e-06,0.0
1,0.004289865493774414,1,1,1e-06,0.0
1,0.0038967132568359375,1,1,1e-06,0.0
1,0.003247499465942383,1,1,1e-06,0.0
1,0.01591658592224121,1,1,1e-06,0.0
1,0.002963542938232422,1,1,1e-06,0.0
1,0.0038051605224609375,1,1,1e-06,0.0
1,0.003866434097290039,1,1,1e-06,0.0
1,0.0028934478759765625,1,1,1e-06,0.0
1,0.004000663757324219,1,1,1e-06,0.0
1,0.019585132598876953,1,1,1e-06,0.0
1,0.003242015838623047,1,1,1e-06,0.0
1,0.0034322738647460938,1,1,1e-06,0.0
1,0.009747505187988281,1,1,1e-06,0.0
1,0.003145456314086914,1,1,1e-06,0.0
1,0.00302886962890625,1,1,1e-06,0.0
1,0.003435850143432617,1,1,1e-06,0.0
1,0.01173710823059082,1,1,1e-06,0.0
1,0.002652883529663086,1,1,1e-06,0.0
1,0.0029494762420654297,1,1,1e-06,0.0
1,0.00299072265625,1,1,1e-06,0.0
1,0.4159977436065674,1,1,1e-06,0.0
1,0.015772104263305664,1,1,1e-06,0.0
1,0.0024635791778564453,1,1,1e-06,0.0
1,0.012658834457397461,1,1,1e-06,0.0
1,0.0027489662170410156,1,1,1e-06,0.0
1,0.003031492233276367,1,1,1e-06,0.0
1,0.0030357837677001953,1,1,1e-06,0.0
1,0.0026040077209472656,1,1,1e-06,0.0
1,0.002659320831298828,1,1,1e-06,0.0
1,0.0026209354400634766,1,1,1e-06,0.0
1,0.0019512176513671875,1,1,1e-06,0.0
1,0.0022814273834228516,1,1,1e-06,0.0
1,0.0054628849029541016,1,1,1e-06,0.0
1,0.002973794937133789,1,1,1e-06,0.0
1,0.002416372299194336,1,1,1e-06,0.0
1,0.0023431777954101562,1,1,1e-06,0.0
1,0.0022428035736083984,1,1,1e-06,0.0
1,0.004533290863037109,1,1,1e-06,0.0
1,0.007792234420776367,1,1,1e-06,0.0
1,0.0029327869415283203,1,1,1e-06,0.0
1,0.0027341842651367188,1,1,1e-06,0.0
1,0.0031311511993408203,1,1,1e-06,0.0
1,0.003031492233276367,1,1,1e-06,0.0
1,0.002900362014770508,1,1,1e-06,0.0
1,0.002426624298095703,1,1,1e-06,0.0
1,0.0023679733276367188,1,1,1e-06,0.0
1,0.002599477767944336,1,1,1e-06,0.0
1,0.004030466079711914,1,1,1e-06,0.0
1,0.003216981887817383,1,1,1e-06,0.0
1,0.002600431442260742,1,1,1e-06,0.0
1,0.0035851001739501953,1,1,1e-06,0.0
1,0.04320931434631348,1,1,1e-06,0.0
1,0.00231170654296875,1,1,1e-06,0.0
1,0.002517223358154297,1,1,1e-06,0.0
1,0.0020935535430908203,1,1,1e-06,0.0
1,0.0017633438110351562,1,1,1e-06,0.0
1,0.003195047378540039,1,1,1e-06,0.0
1,0.002152681350708008,1,1,1e-06,0.0
1,0.0019636154174804688,1,1,1e-06,0.0
1,0.0019979476928710938,1,1,1e-06,0.0
1,0.002440929412841797,1,1,1e-06,0.0
1,0.0023229122161865234,1,1,1e-06,0.0
1,0.002685070037841797,1,1,1e-06,0.0
1,0.002421140670776367,1,1,1e-06,0.0
1,0.0029447078704833984,1,1,1e-06,0.0
1,0.0027849674224853516,1,1,1e-06,0.0
1,0.0038475990295410156,1,1,1e-06,0.0
1,0.0022826194763183594,1,1,1e-06,0.0
1,0.0020935535430908203,1,1,1e-06,0.0
1,0.0028274059295654297,1,1,1e-06,0.0
1,0.0027282238006591797,1,1,1e-06,0.0
1,0.0020368099212646484,1,1,1e-06,0.0
1,0.0018265247344970703,1,1,1e-06,0.0
1,0.002213001251220703,1,1,1e-06,0.0
1,0.002652406692504883,1,1,1e-06,0.0
1,0.0039212703704833984,1,1,1e-06,0.0
1,0.0030374526977539062,1,1,1e-06,0.0
1,0.003251314163208008,1,1,1e-06,0.0
1,0.002590656280517578,1,1,1e-06,0.0
1,0.0017931461334228516,1,1,1e-06,0.0
1,0.0022344589233398438,1,1,1e-06,0.0
1,0.002921581268310547,1,1,1e-06,0.0
1,0.002655506134033203,1,1,1e-06,0.0
1,0.0029702186584472656,1,1,1e-06,0.0
1,0.004385948181152344,1,1,1e-06,0.0
1,0.003821134567260742,1,1,1e-06,0.0
1,0.0031757354736328125,1,1,1e-06,0.0
1,0.0035288333892822266,1,1,1e-06,0.0
1,0.0034639835357666016,1,1,1e-06,0.0
1,0.007012367248535156,1,1,1e-06,0.0
1,0.004584789276123047,1,1,1e-06,0.0
1,0.0033609867095947266,1,1,1e-06,0.0
1,0.002935171127319336,1,1,1e-06,0.0
1,0.007059574127197266,1,1,1e-06,0.0
1,0.0073244571685791016,1,1,1e-06,0.0
1,0.006273746490478516,1,1,1e-06,0.0
1,0.0036132335662841797,1,1,1e-06,0.0
1,0.007084369659423828,1,1,1e-06,0.0
1,0.0043218135833740234,1,1,1e-06,0.0
1,0.0032896995544433594,1,1,1e-06,0.0
1,0.0059986114501953125,1,1,1e-06,0.0
1,0.0037102699279785156,1,1,1e-06,0.0
1,0.009995222091674805,1,1,1e-06,0.0
1,0.005480051040649414,1,1,1e-06,0.0
1,0.011910676956176758,1,1,1e-06,0.0
1,0.0029404163360595703,1,1,1e-06,0.0
1,0.01261138916015625,1,1,1e-06,0.0
1,0.0029954910278320312,1,1,1e-06,0.0
1,0.004257917404174805,1,1,1e-06,0.0
1,0.010758638381958008,1,1,1e-06,0.0
1,0.0037953853607177734,1,1,1e-06,0.0
1,0.0043294429779052734,1,1,1e-06,0.0
1,0.0035321712493896484,1,1,1e-06,0.0
1,0.014050006866455078,1,1,1e-06,0.0
1,0.007413387298583984,1,1,1e-06,0.0
1,0.010368108749389648,1,1,1e-06,0.0
1,0.005377769470214844,1,1,1e-06,0.0
1,1.0353660583496094,1,1,1e-06,0.0
1,0.00319671630859375,1,1,1e-06,0.0
1,0.013157129287719727,1,1,1e-06,0.0
1,0.002735614776611328,1,1,1e-06,0.0
1,0.003301382064819336,1,1,1e-06,0.0
1,0.004059553146362305,1,1,1e-06,0.0
1,0.00817418098449707,1,1,1e-06,0.0
1,0.0025501251220703125,1,1,1e-06,0.0
1,0.0055234432220458984,1,1,1e-06,0.0
1,0.0038034915924072266,1,1,1e-06,0.0
1,0.008033275604248047,1,1,1e-06,0.0
1,0.0030972957611083984,1,1,1e-06,0.0
1,0.0036401748657226562,1,1,1e-06,0.0
1,0.004420042037963867,1,1,1e-06,0.0
1,0.007112264633178711,1,1,1e-06,0.0
1,0.04425239562988281,1,1,1e-06,0.0
1,0.00542140007019043,1,1,1e-06,0.0
1,0.005612611770629883,1,1,1e-06,0.0
1,0.034424543380737305,1,1,1e-06,0.0
1,0.003946781158447266,1,1,1e-06,0.0
1,0.0033636093139648438,1,1,1e-06,0.0
1,0.7650332450866699,1,1,1e-06,0.0
1,0.0045011043548583984,1,1,1e-06,0.0
1,0.004002094268798828,1,1,1e-06,0.0
1,0.0031859874725341797,1,1,1e-06,0.0
1,0.0027229785919189453,1,1,1e-06,0.0
1,0.004258871078491211,1,1,1e-06,0.0
1,0.0038008689880371094,1,1,1e-06,0.0
1,0.003476858139038086,1,1,1e-06,0.0
1,0.003324270248413086,1,1,1e-06,0.0
1,0.0029180049896240234,1,1,1e-06,0.0
1,0.004405021667480469,1,1,1e-06,0.0
1,0.0037970542907714844,1,1,1e-06,0.0
1,0.003446817398071289,1,1,1e-06,0.0
1,0.00347137451171875,1,1,1e-06,0.0
1,0.0031104087829589844,1,1,1e-06,0.0
1,0.004304170608520508,1,1,1e-06,0.0
1,0.0027158260345458984,1,1,1e-06,0.0
1,0.0037152767181396484,1,1,1e-06,0.0
1,0.0036361217498779297,1,1,1e-06,0.0
1,0.0032875537872314453,1,1,1e-06,0.0
1,0.0037348270416259766,1,1,1e-06,0.0
1,0.0031948089599609375,1,1,1e-06,0.0
1,0.0034873485565185547,1,1,1e-06,0.0
1,0.0028960704803466797,1,1,1e-06,0.0
1,0.005505561828613281,1,1,1e-06,0.0
1,0.003824472427368164,1,1,1e-06,0.0
1,0.0030417442321777344,1,1,1e-06,0.0
1,0.0026464462280273438,1,1,1e-06,0.0
1,0.0036737918853759766,1,1,1e-06,0.0
1,0.002645254135131836,1,1,1e-06,0.0
1,0.0036749839782714844,1,1,1e-06,0.0
1,0.003928422927856445,1,1,1e-06,0.0
1,0.003414154052734375,1,1,1e-06,0.0
1,0.0030786991119384766,1,1,1e-06,0.0
1,0.004026889801025391,1,1,1e-06,0.0
1,0.003401517868041992,1,1,1e-06,0.0
1,0.003187894821166992,1,1,1e-06,0.0
1,0.003314495086669922,1,1,1e-06,0.0
1,0.007555961608886719,1,1,1e-06,0.0
1,0.0029273033142089844,1,1,1e-06,0.0
1,0.003868579864501953,1,1,1e-06,0.0
1,0.00513148307800293,1,1,1e-06,0.0
1,0.0032508373260498047,1,1,1e-06,0.0
1,0.003347158432006836,1,1,1e-06,0.0
1,0.0030226707458496094,1,1,1e-06,0.0
1,0.0065462589263916016,1,1,1e-06,0.0
1,0.0025370121002197266,1,1,1e-06,0.0
1,0.002949237823486328,1,1,1e-06,0.0
1,0.002450704574584961,1,1,1e-06,0.0
1,0.003076314926147461,1,1,1e-06,0.0
1,0.0024607181549072266,1,1,1e-06,0.0
1,0.004900932312011719,1,1,1e-06,0.0
1,0.006849050521850586,1,1,1e-06,0.0
1,0.0028548240661621094,1,1,1e-06,0.0
1,0.00244140625,1,1,1e-06,0.0
1,0.002881765365600586,1,1,1e-06,0.0
1,0.0028824806213378906,1,1,1e-06,0.0
1,0.0026128292083740234,1,1,1e-06,0.0
1,0.0033414363861083984,1,1,1e-06,0.0
1,0.002801656723022461,1,1,1e-06,0.0
1,0.0020990371704101562,1,1,1e-06,0.0
1,0.0020987987518310547,1,1,1e-06,0.0
1,0.0035104751586914062,1,1,1e-06,0.0
1,0.0034046173095703125,1,1,1e-06,0.0
1,0.0038537979125976562,1,1,1e-06,0.0
1,0.003255128860473633,1,1,1e-06,0.0
1,0.0043528079986572266,1,1,1e-06,0.0
1,0.004205465316772461,1,1,1e-06,0.0
1,0.0055904388427734375,1,1,1e-06,0.0
1,0.0037271976470947266,1,1,1e-06,0.0
1,0.0035991668701171875,1,1,1e-06,0.0
1,0.002900362014770508,1,1,1e-06,0.0
1,0.0038847923278808594,1,1,1e-06,0.0
1,0.002908945083618164,1,1,1e-06,0.0
1,0.002711057662963867,1,1,1e-06,0.0
1,0.003737211227416992,1,1,1e-06,0.0
1,0.0059168338775634766,1,1,1e-06,0.0
1,0.0037505626678466797,1,1,1e-06,0.0
1,0.0041887760162353516,1,1,1e-06,0.0
1,0.013108253479003906,1,1,1e-06,0.0
1,0.00322723388671875,1,1,1e-06,0.0
1,0.008058786392211914,1,1,1e-06,0.0
1,0.00379180908203125,1,1,1e-06,0.0
1,0.003393888473510742,1,1,1e-06,0.0
1,0.01229095458984375,1,1,1e-06,0.0
1,0.004457950592041016,1,1,1e-06,0.0
1,0.004028797149658203,1,1,1e-06,0.0
1,0.0035381317138671875,1,1,1e-06,0.0
1,0.012281179428100586,1,1,1e-06,0.0
1,0.01259756088256836,1,1,1e-06,0.0
1,0.004318952560424805,1,1,1e-06,0.0
1,0.003133058547973633,1,1,1e-06,0.0
1,0.003556489944458008,1,1,1e-06,0.0
1,0.006045341491699219,1,1,1e-06,0.0
1,0.006799459457397461,1,1,1e-06,0.0
1,0.0042912960052490234,1,1,1e-06,0.0
1,0.0035636425018310547,1,1,1e-06,0.0
1,0.002853870391845703,1,1,1e-06,0.0
1,0.00989079475402832,1,1,1e-06,0.0
1,0.0028939247131347656,1,1,1e-06,0.0
1,0.0035004615783691406,1,1,1e-06,0.0
1,0.0032498836517333984,1,1,1e-06,0.0
1,0.006170988082885742,1,1,1e-06,0.0
1,0.0064160823822021484,1,1,1e-06,0.0
1,0.003128528594970703,1,1,1e-06,0.0
1,0.003899097442626953,1,1,1e-06,0.0
1,0.0031952857971191406,1,1,1e-06,0.0
1,0.009802818298339844,1,1,1e-06,0.0
1,0.002618551254272461,1,1,1e-06,0.0
1,0.006060123443603516,1,1,1e-06,0.0
1,0.007619619369506836,1,1,1e-06,0.0
1,0.003293275833129883,1,1,1e-06,0.0
1,0.0022644996643066406,1,1,1e-06,0.0
1,0.011485099792480469,1,1,1e-06,0.0
1,0.01376032829284668,1,1,1e-06,0.0
1,0.07483720779418945,1,1,1e-06,0.0
1,0.0033500194549560547,1,1,1e-06,0.0
1,0.0033555030822753906,1,1,1e-06,0.0
1,0.0035851001739501953,1,1,1e-06,0.0
1,0.003165721893310547,1,1,1e-06,0.0
1,0.0035490989685058594,1,1,1e-06,0.0
1,0.0032510757446289062,1,1,1e-06,0.0
1,0.011538505554199219,1,1,1e-06,0.0
1,0.003358125686645508,1,1,1e-06,0.0
1,0.01099848747253418,1,1,1e-06,0.0
1,0.020768165588378906,1,1,1e-06,0.0
1,0.0041196346282958984,1,1,1e-06,0.0
1,0.06722068786621094,1,1,1e-06,0.0
1,0.003744840621948242,1,1,1e-06,0.0
1,0.004174470901489258,1,1,1e-06,0.0
1,0.0027115345001220703,1,1,1e-06,0.0
1,0.008973121643066406,1,1,1e-06,0.0
1,0.009943485260009766,1,1,1e-06,0.0
1,0.005647182464599609,1,1,1e-06,0.0
1,0.004303693771362305,1,1,1e-06,0.0
1,0.003019571304321289,1,1,1e-06,0.0
1,0.004252910614013672,1,1,1e-06,0.0
1,0.003603696823120117,1,1,1e-06,0.0
1,0.004261493682861328,1,1,1e-06,0.0
1,0.006189107894897461,1,1,1e-06,0.0
1,0.008329153060913086,1,1,1e-06,0.0
1,0.004510402679443359,1,1,1e-06,0.0
1,0.004680156707763672,1,1,1e-06,0.0
1,0.0062787532806396484,1,1,1e-06,0.0
1,0.0043981075286865234,1,1,1e-06,0.0
1,0.0030105113983154297,1,1,1e-06,0.0
1,0.004817962646484375,1,1,1e-06,0.0
1,0.003619670867919922,1,1,1e-06,0.0
1,0.0048906803131103516,1,1,1e-06,0.0
1,0.005501747131347656,1,1,1e-06,0.0
1,0.0072290897369384766,1,1,1e-06,0.0
1,0.004506111145019531,1,1,1e-06,0.0
1,0.0039370059967041016,1,1,1e-06,0.0
1,0.0036706924438476562,1,1,1e-06,0.0
1,0.003499746322631836,1,1,1e-06,0.0
1,0.004546165466308594,1,1,1e-06,0.0
1,0.004708528518676758,1,1,1e-06,0.0
1,0.0046520233154296875,1,1,1e-06,0.0
1,0.004240989685058594,1,1,1e-06,0.0
1,0.0049877166748046875,1,1,1e-06,0.0
1,0.0036110877990722656,1,1,1e-06,0.0
1,0.0033440589904785156,1,1,1e-06,0.0
1,0.00613856315612793,1,1,1e-06,0.0
1,0.0036563873291015625,1,1,1e-06,0.0
1,0.004415750503540039,1,1,1e-06,0.0
1,0.02460646629333496,1,1,1e-06,0.0
1,0.005719661712646484,1,1,1e-06,0.0
1,0.003686189651489258,1,1,1e-06,0.0
1,0.008814811706542969,1,1,1e-06,0.0
1,0.0035953521728515625,1,1,1e-06,0.0
1,0.012065887451171875,1,1,1e-06,0.0
1,0.042984724044799805,1,1,1e-06,0.0
1,0.006080150604248047,1,1,1e-06,0.0
1,0.005500078201293945,1,1,1e-06,0.0
1,0.010976076126098633,1,1,1e-06,0.0
1,0.003763914108276367,1,1,1e-06,0.0
1,0.0037810802459716797,1,1,1e-06,0.0
1,0.01760077476501465,1,1,1e-06,0.0
1,0.004240989685058594,1,1,1e-06,0.0
1,0.0036733150482177734,1,1,1e-06,0.0
1,0.004254817962646484,1,1,1e-06,0.0
1,0.004370927810668945,1,1,1e-06,0.0
1,0.0036334991455078125,1,1,1e-06,0.0
1,0.01071310043334961,1,1,1e-06,0.0
1,0.003320455551147461,1,1,1e-06,0.0
1,0.0036225318908691406,1,1,1e-06,0.0
1,0.08782100677490234,1,1,1e-06,0.0
1,0.08863544464111328,1,1,1e-06,0.0
1,0.0040628910064697266,1,1,1e-06,0.0
1,0.01472330093383789,1,1,1e-06,0.0
1,0.014485359191894531,1,1,1e-06,0.0
1,0.003887176513671875,1,1,1e-06,0.0
1,0.004611015319824219,1,1,1e-06,0.0
1,0.004227399826049805,1,1,1e-06,0.0
1,0.08847188949584961,1,1,1e-06,0.0
1,0.020011186599731445,1,1,1e-06,0.0
1,0.004667997360229492,1,1,1e-06,0.0
1,0.004555463790893555,1,1,1e-06,0.0
1,0.007369518280029297,1,1,1e-06,0.0
1,0.031165361404418945,1,1,1e-06,0.0
1,0.005695819854736328,1,1,1e-06,0.0
1,0.004780769348144531,1,1,1e-06,0.0
1,0.0054743289947509766,1,1,1e-06,0.0
1,0.004034519195556641,1,1,1e-06,0.0
1,0.003536701202392578,1,1,1e-06,0.0
1,0.003929615020751953,1,1,1e-06,0.0
1,0.0035431385040283203,1,1,1e-06,0.0
1,0.006799221038818359,1,1,1e-06,0.0
1,0.007008075714111328,1,1,1e-06,0.0
1,0.0049419403076171875,1,1,1e-06,0.0
1,0.014051675796508789,1,1,1e-06,0.0
1,0.032742977142333984,1,1,1e-06,0.0
1,0.003961801528930664,1,1,1e-06,0.0
1,0.0049571990966796875,1,1,1e-06,0.0
1,0.004301309585571289,1,1,1e-06,0.0
1,0.007702350616455078,1,1,1e-06,0.0
1,0.005329608917236328,1,1,1e-06,0.0
1,0.004820823669433594,1,1,1e-06,0.0
1,0.005650520324707031,1,1,1e-06,0.0
1,0.00894784927368164,1,1,1e-06,0.0
1,0.007650852203369141,1,1,1e-06,0.0
1,0.005584001541137695,1,1,1e-06,0.0
1,0.007773876190185547,1,1,1e-06,0.0
1,0.007268667221069336,1,1,1e-06,0.0
1,0.006209135055541992,1,1,1e-06,0.0
1,0.005923748016357422,1,1,1e-06,0.0
1,0.03520011901855469,1,1,1e-06,0.0
1,0.031143903732299805,1,1,1e-06,0.0
1,0.0045626163482666016,1,1,1e-06,0.0
1,0.004370689392089844,1,1,1e-06,0.0
1,0.056984901428222656,1,1,1e-06,0.0
1,0.0033769607543945312,1,1,1e-06,0.0
1,0.03669476509094238,1,1,1e-06,0.0
1,0.005853414535522461,1,1,1e-06,0.0
1,0.00461888313293457,1,1,1e-06,0.0
1,0.004000663757324219,1,1,1e-06,0.0
1,0.005030632019042969,1,1,1e-06,0.0
1,0.004203081130981445,1,1,1e-06,0.0
1,0.003915548324584961,1,1,1e-06,0.0
1,0.004415750503540039,1,1,1e-06,0.0
1,0.004880189895629883,1,1,1e-06,0.0
1,0.00385284423828125,1,1,1e-06,0.0
1,0.004185676574707031,1,1,1e-06,0.0
1,0.004102230072021484,1,1,1e-06,0.0
1,0.004545927047729492,1,1,1e-06,0.0
1,0.007932424545288086,1,1,1e-06,0.0
1,0.003885507583618164,1,1,1e-06,0.0
1,0.0032181739807128906,1,1,1e-06,0.0
1,0.04982399940490723,1,1,1e-06,0.0
1,0.004965305328369141,1,1,1e-06,0.0
1,0.0064046382904052734,1,1,1e-06,0.0
1,0.003294229507446289,1,1,1e-06,0.0
1,0.00478053092956543,1,1,1e-06,0.0
1,0.0040280818939208984,1,1,1e-06,0.0
1,0.02372288703918457,1,1,1e-06,0.0
1,0.005323648452758789,1,1,1e-06,0.0
1,0.005434989929199219,1,1,1e-06,0.0
1,0.010990619659423828,1,1,1e-06,0.0
1,0.0048847198486328125,1,1,1e-06,0.0
1,0.00399327278137207,1,1,1e-06,0.0
1,0.005925893783569336,1,1,1e-06,0.0
1,0.006211996078491211,1,1,1e-06,0.0
1,0.005177974700927734,1,1,1e-06,0.0
1,0.0273895263671875,1,1,1e-06,0.0
1,0.0049839019775390625,1,1,1e-06,0.0
1,0.0039958953857421875,1,1,1e-06,0.0
1,0.0035402774810791016,1,1,1e-06,0.0
1,0.005250453948974609,1,1,1e-06,0.0
1,0.006073474884033203,1,1,1e-06,0.0
1,0.0033621788024902344,1,1,1e-06,0.0
1,0.00467991828918457,1,1,1e-06,0.0
1,0.02269744873046875,1,1,1e-06,0.0
1,0.03225541114807129,1,1,1e-06,0.0
1,0.002363443374633789,1,1,1e-06,0.0
1,0.0028111934661865234,1,1,1e-06,0.0
1,0.005834817886352539,1,1,1e-06,0.0
1,0.0030548572540283203,1,1,1e-06,0.0
1,0.003115415573120117,1,1,1e-06,0.0
1,0.003366231918334961,1,1,1e-06,0.0
1,0.0031969547271728516,1,1,1e-06,0.0
1,0.003266572952270508,1,1,1e-06,0.0
1,0.003914833068847656,1,1,1e-06,0.0
1,0.005618572235107422,1,1,1e-06,0.0
1,0.00459742546081543,1,1,1e-06,0.0
1,0.0043261051177978516,1,1,1e-06,0.0
1,0.004353761672973633,1,1,1e-06,0.0
1,0.003393888473510742,1,1,1e-06,0.0
1,0.0025577545166015625,1,1,1e-06,0.0
1,0.002226114273071289,1,1,1e-06,0.0
1,0.0038874149322509766,1,1,1e-06,0.0
1,0.0033609867095947266,1,1,1e-06,0.0
1,0.02889871597290039,1,1,1e-06,0.0
1,0.0029938220977783203,1,1,1e-06,0.0
1,0.0034346580505371094,1,1,1e-06,0.0
1,0.0032799243927001953,1,1,1e-06,0.0
1,0.0027887821197509766,1,1,1e-06,0.0
1,0.002808809280395508,1,1,1e-06,0.0
1,0.002939462661743164,1,1,1e-06,0.0
1,0.0034437179565429688,1,1,1e-06,0.0
1,0.003160238265991211,1,1,1e-06,0.0
1,0.02248239517211914,1,1,1e-06,0.0
1,0.006337165832519531,1,1,1e-06,0.0
1,0.00426793098449707,1,1,1e-06,0.0
1,0.0032231807708740234,1,1,1e-06,0.0
1,0.004599094390869141,1,1,1e-06,0.0
1,0.0033020973205566406,1,1,1e-06,0.0
1,0.0027065277099609375,1,1,1e-06,0.0
1,0.002839326858520508,1,1,1e-06,0.0
1,0.005343437194824219,1,1,1e-06,0.0
1,0.002637147903442383,1,1,1e-06,0.0
1,0.0023844242095947266,1,1,1e-06,0.0
1,0.003428220748901367,1,1,1e-06,0.0
1,0.002781391143798828,1,1,1e-06,0.0
1,0.0031583309173583984,1,1,1e-06,0.0
1,0.003306865692138672,1,1,1e-06,0.0
1,0.008933067321777344,1,1,1e-06,0.0
1,0.002507925033569336,1,1,1e-06,0.0
1,0.0021305084228515625,1,1,1e-06,0.0
1,0.004176139831542969,1,1,1e-06,0.0
1,0.004582643508911133,1,1,1e-06,0.0
1,0.0037479400634765625,1,1,1e-06,0.0
1,0.003282785415649414,1,1,1e-06,0.0
1,0.0033516883850097656,1,1,1e-06,0.0
1,0.0031423568725585938,1,1,1e-06,0.0
1,0.003125429153442383,1,1,1e-06,0.0
1,0.0021619796752929688,1,1,1e-06,0.0
1,0.002569913864135742,1,1,1e-06,0.0
1,0.003130674362182617,1,1,1e-06,0.0
1,0.0030770301818847656,1,1,1e-06,0.0
1,0.688812255859375,1,1,1e-06,0.0
1,0.0022590160369873047,1,1,1e-06,0.0
1,0.0023097991943359375,1,1,1e-06,0.0
1,0.0030646324157714844,1,1,1e-06,0.0
1,0.019232749938964844,1,1,1e-06,0.0
1,0.0020325183868408203,1,1,1e-06,0.0
1,0.003110647201538086,1,1,1e-06,0.0
1,0.0026242733001708984,1,1,1e-06,0.0
1,0.0022056102752685547,1,1,1e-06,0.0
1,0.0024127960205078125,1,1,1e-06,0.0
1,0.002497434616088867,1,1,1e-06,0.0
1,0.0279238224029541,1,1,1e-06,0.0
1,0.0027341842651367188,1,1,1e-06,0.0
1,0.002724170684814453,1,1,1e-06,0.0
1,0.006741762161254883,1,1,1e-06,0.0
1,0.0029289722442626953,1,1,1e-06,0.0
1,0.003075838088989258,1,1,1e-06,0.0
1,0.002083301544189453,1,1,1e-06,0.0
1,0.0028617382049560547,1,1,1e-06,0.0
1,0.002468109130859375,1,1,1e-06,0.0
1,0.0025098323822021484,1,1,1e-06,0.0
1,0.0021772384643554688,1,1,1e-06,0.0
1,0.002718210220336914,1,1,1e-06,0.0
1,0.0026967525482177734,1,1,1e-06,0.0
1,0.002911806106567383,1,1,1e-06,0.0
1,0.0029768943786621094,1,1,1e-06,0.0
1,0.002460479736328125,1,1,1e-06,0.0
1,0.0025382041931152344,1,1,1e-06,0.0
1,0.0027887821197509766,1,1,1e-06,0.0
1,0.0025436878204345703,1,1,1e-06,0.0
1,0.002741098403930664,1,1,1e-06,0.0
1,0.002850770950317383,1,1,1e-06,0.0
1,0.002651691436767578,1,1,1e-06,0.0
1,0.025105953216552734,1,1,1e-06,0.0
1,0.002534627914428711,1,1,1e-06,0.0
1,0.002810955047607422,1,1,1e-06,0.0
1,0.002566814422607422,1,1,1e-06,0.0
1,0.002874135971069336,1,1,1e-06,0.0
1,0.003201723098754883,1,1,1e-06,0.0
1,0.002699136734008789,1,1,1e-06,0.0
1,0.003081083297729492,1,1,1e-06,0.0
1,0.0027551651000976562,1,1,1e-06,0.0
1,0.003000974655151367,1,1,1e-06,0.0
1,0.0024535655975341797,1,1,1e-06,0.0
1,0.0022618770599365234,1,1,1e-06,0.0
1,0.0030384063720703125,1,1,1e-06,0.0
1,0.002961397171020508,1,1,1e-06,0.0
1,0.003789663314819336,1,1,1e-06,0.0
1,0.0022454261779785156,1,1,1e-06,0.0
1,0.013423681259155273,1,1,1e-06,0.0
1,0.002855539321899414,1,1,1e-06,0.0
1,0.0023386478424072266,1,1,1e-06,0.0
1,0.0027294158935546875,1,1,1e-06,0.0
1,0.0032258033752441406,1,1,1e-06,0.0
1,0.0063018798828125,1,1,1e-06,0.0
1,0.0030493736267089844,1,1,1e-06,0.0
1,0.0025548934936523438,1,1,1e-06,0.0
1,0.002981424331665039,1,1,1e-06,0.0
1,0.003088712692260742,1,1,1e-06,0.0
1,0.0036292076110839844,1,1,1e-06,0.0
1,0.002995729446411133,1,1,1e-06,0.0
1,0.006299257278442383,1,1,1e-06,0.0
1,0.002608776092529297,1,1,1e-06,0.0
1,0.0029230117797851562,1,1,1e-06,0.0
1,0.003103971481323242,1,1,1e-06,0.0
1,0.002766847610473633,1,1,1e-06,0.0
1,0.0024290084838867188,1,1,1e-06,0.0
1,0.0027146339416503906,1,1,1e-06,0.0
1,0.003518819808959961,1,1,1e-06,0.0
1,0.0032901763916015625,1,1,1e-06,0.0
1,0.003055095672607422,1,1,1e-06,0.0
1,0.14146018028259277,1,1,1e-06,0.0
1,0.002884387969970703,1,1,1e-06,0.0
1,0.20583748817443848,1,1,1e-06,0.0
1,0.0029191970825195312,1,1,1e-06,0.0
1,0.5441491603851318,1,1,1e-06,0.0
1,0.0028603076934814453,1,1,1e-06,0.0
1,0.0019927024841308594,1,1,1e-06,0.0
1,0.002089977264404297,1,1,1e-06,0.0
1,0.002198934555053711,1,1,1e-06,0.0
1,0.002463102340698242,1,1,1e-06,0.0
1,0.0023589134216308594,1,1,1e-06,0.0
1,0.0026292800903320312,1,1,1e-06,0.0
1,0.002274751663208008,1,1,1e-06,0.0
1,0.0033617019653320312,1,1,1e-06,0.0
1,0.0025224685668945312,1,1,1e-06,0.0
1,0.0021524429321289062,1,1,1e-06,0.0
1,0.0024461746215820312,1,1,1e-06,0.0
1,0.0030062198638916016,1,1,1e-06,0.0
1,0.004845142364501953,1,1,1e-06,0.0
1,0.0029010772705078125,1,1,1e-06,0.0
1,0.0025551319122314453,1,1,1e-06,0.0
1,0.0021071434020996094,1,1,1e-06,0.0
1,0.006091117858886719,1,1,1e-06,0.0
1,0.019341707229614258,1,1,1e-06,0.0
1,0.003187894821166992,1,1,1e-06,0.0
1,0.002992391586303711,1,1,1e-06,0.0
1,0.002900838851928711,1,1,1e-06,0.0
1,0.003309011459350586,1,1,1e-06,0.0
1,0.003153085708618164,1,1,1e-06,0.0
1,0.0027167797088623047,1,1,1e-06,0.0
1,0.0021958351135253906,1,1,1e-06,0.0
1,0.0016927719116210938,1,1,1e-06,0.0
1,0.0017800331115722656,1,1,1e-06,0.0
1,0.0020265579223632812,1,1,1e-06,0.0
1,0.0036284923553466797,1,1,1e-06,0.0
1,0.003534555435180664,1,1,1e-06,0.0
1,0.0027174949645996094,1,1,1e-06,0.0
1,0.002367734909057617,1,1,1e-06,0.0
1,0.002628803253173828,1,1,1e-06,0.0
1,0.052613258361816406,1,1,1e-06,0.0
1,0.0028345584869384766,1,1,1e-06,0.0
1,0.0026738643646240234,1,1,1e-06,0.0
1,0.003132343292236328,1,1,1e-06,0.0
1,0.002516508102416992,1,1,1e-06,0.0
1,0.0030355453491210938,1,1,1e-06,0.0
1,0.0021843910217285156,1,1,1e-06,0.0
1,0.004206418991088867,1,1,1e-06,0.0
1,0.003636598587036133,1,1,1e-06,0.0
1,0.0023965835571289062,1,1,1e-06,0.0
1,0.0022737979888916016,1,1,1e-06,0.0
1,0.0025794506072998047,1,1,1e-06,0.0
1,0.0026121139526367188,1,1,1e-06,0.0
1,0.0026199817657470703,1,1,1e-06,0.0
0,1.0199198722839355,0,0,,0.0
1,0.00530242919921875,1,1,1e-06,0.0
1,0.004624366760253906,1,1,1e-06,0.0
1,0.0033333301544189453,1,1,1e-06,0.0
1,0.0036611557006835938,1,1,1e-06,0.0
1,0.006078958511352539,1,1,1e-06,0.0
1,0.0035719871520996094,1,1,1e-06,0.0
1,0.0035860538482666016,1,1,1e-06,0.0
1,0.002802610397338867,1,1,1e-06,0.0
1,0.0030024051666259766,1,1,1e-06,0.0
1,0.008692026138305664,1,1,1e-06,0.0
1,0.0028548240661621094,1,1,1e-06,0.0
1,0.002666950225830078,1,1,1e-06,0.0
1,0.0038008689880371094,1,1,1e-06,0.0
1,0.0035393238067626953,1,1,1e-06,0.0
1,0.003598451614379883,1,1,1e-06,0.0
1,0.04754042625427246,1,1,1e-06,0.0
1,0.0030012130737304688,1,1,1e-06,0.0
1,0.007310152053833008,1,1,1e-06,0.0
1,0.00838160514831543,1,1,1e-06,0.0
1,0.014899969100952148,1,1,1e-06,0.0
1,0.006781816482543945,1,1,1e-06,0.0
1,0.005635261535644531,1,1,1e-06,0.0
1,0.010024309158325195,1,1,1e-06,0.0
1,0.008996963500976562,1,1,1e-06,0.0
1,0.006241321563720703,1,1,1e-06,0.0
1,0.010912656784057617,1,1,1e-06,0.0
1,0.007032155990600586,1,1,1e-06,0.0
1,0.002357959747314453,1,1,1e-06,0.0
1,0.007580995559692383,1,1,1e-06,0.0
1,0.004538297653198242,1,1,1e-06,0.0
1,0.014062643051147461,1,1,1e-06,0.0
1,0.005659580230712891,1,1,1e-06,0.0
1,0.017482519149780273,1,1,1e-06,0.0
1,0.004477500915527344,1,1,1e-06,0.0
1,0.0056552886962890625,1,1,1e-06,0.0
1,0.010905027389526367,1,1,1e-06,0.0
1,0.0032129287719726562,1,1,1e-06,0.0
1,0.005048036575317383,1,1,1e-06,0.0
1,0.1171104907989502,1,1,1e-06,0.0
1,0.0034646987915039062,1,1,1e-06,0.0
1,0.0038535594940185547,1,1,1e-06,0.0
1,0.003295421600341797,1,1,1e-06,0.0
1,0.0030221939086914062,1,1,1e-06,0.0
1,0.005581855773925781,1,1,1e-06,0.0
1,0.004308938980102539,1,1,1e-06,0.0
1,0.003124713897705078,1,1,1e-06,0.0
1,0.0025925636291503906,1,1,1e-06,0.0
1,0.0032117366790771484,1,1,1e-06,0.0
1,0.0023353099822998047,1,1,1e-06,0.0
1,0.002864360809326172,1,1,1e-06,0.0
1,0.0048215389251708984,1,1,1e-06,0.0
1,0.0036592483520507812,1,1,1e-06,0.0
1,0.003260374069213867,1,1,1e-06,0.0
1,0.003889322280883789,1,1,1e-06,0.0
1,0.005587100982666016,1,1,1e-06,0.0
1,0.03436636924743652,1,1,1e-06,0.0
1,0.0066869258880615234,1,1,1e-06,0.0
1,0.9593925476074219,1,1,1e-06,0.0
1,0.00656437873840332,1,1,1e-06,0.0
1,0.031136035919189453,1,1,1e-06,0.0
1,0.0036165714263916016,1,1,1e-06,0.0
1,0.00866842269897461,1,1,1e-06,0.0
1,0.005972862243652344,1,1,1e-06,0.0
0,1.0080759525299072,0,0,,0.0
1,0.002254009246826172,1,1,1e-06,0.0
1,0.0021626949310302734,1,1,1e-06,0.0
1,0.002496004104614258,1,1,1e-06,0.0
1,0.002256631851196289,1,1,1e-06,0.0
1,0.0028045177459716797,1,1,1e-06,0.0
1,0.004774570465087891,1,1,1e-06,0.0
1,0.002760171890258789,1,1,1e-06,0.0
1,0.002857685089111328,1,1,1e-06,0.0
1,0.0024623870849609375,1,1,1e-06,0.0
1,0.0026383399963378906,1,1,1e-06,0.0
1,0.0024623870849609375,1,1,1e-06,0.0
1,0.0022096633911132812,1,1,1e-06,0.0
1,0.002033233642578125,1,1,1e-06,0.0
1,0.0029451847076416016,1,1,1e-06,0.0
1,0.0030145645141601562,1,1,1e-06,0.0
1,0.0024111270904541016,1,1,1e-06,0.0
1,0.0025718212127685547,1,1,1e-06,0.0
1,0.0021228790283203125,1,1,1e-06,0.0
1,0.0021262168884277344,1,1,1e-06,0.0
1,0.0025463104248046875,1,1,1e-06,0.0
1,0.002545595169067383,1,1,1e-06,0.0
1,0.002928495407104492,1,1,1e-06,0.0
1,0.0021660327911376953,1,1,1e-06,0.0
1,0.002272367477416992,1,1,1e-06,0.0
1,0.0020020008087158203,1,1,1e-06,0.0
1,0.002892732620239258,1,1,1e-06,0.0
1,0.0025870800018310547,1,1,1e-06,0.0
1,0.0036170482635498047,1,1,1e-06,0.0
1,0.0023376941680908203,1,1,1e-06,0.0
1,0.0018858909606933594,1,1,1e-06,0.0
1,0.0036513805389404297,1,1,1e-06,0.0
1,0.002363920211791992,1,1,1e-06,0.0
1,0.16254949569702148,1,1,1e-06,0.0
1,0.005254983901977539,1,1,1e-06,0.0
1,0.005088090896606445,1,1,1e-06,0.0
1,0.008852481842041016,1,1,1e-06,0.0
1,0.008205175399780273,1,1,1e-06,0.0
1,0.012056112289428711,1,1,1e-06,0.0
1,0.007157087326049805,1,1,1e-06,0.0
1,0.006325244903564453,1,1,1e-06,0.0
1,0.014353036880493164,1,1,1e-06,0.0
1,0.007508516311645508,1,1,1e-06,0.0
1,0.014681816101074219,1,1,1e-06,0.0
1,0.026566743850708008,1,1,1e-06,0.0
1,0.009383678436279297,1,1,1e-06,0.0
1,0.007151126861572266,1,1,1e-06,0.0
1,0.005152463912963867,1,1,1e-06,0.0
1,0.0065195560455322266,1,1,1e-06,0.0
1,0.0036840438842773438,1,1,1e-06,0.0
1,0.030330419540405273,1,1,1e-06,0.0
1,0.008292436599731445,1,1,1e-06,0.0
1,0.006727695465087891,1,1,1e-06,0.0
1,0.00838470458984375,1,1,1e-06,0.0
1,0.008148908615112305,1,1,1e-06,0.0
1,0.0446324348449707,1,1,1e-06,0.0
1,0.002686738967895508,1,1,1e-06,0.0
1,0.003250598907470703,1,1,1e-06,0.0
1,0.01143336296081543,1,1,1e-06,0.0
1,0.004942178726196289,1,1,1e-06,0.0
1,0.010124683380126953,1,1,1e-06,0.0
1,0.002451181411743164,1,1,1e-06,0.0
1,0.0032303333282470703,1,1,1e-06,0.0
1,0.05695223808288574,1,1,1e-06,0.0
1,0.006624698638916016,1,1,1e-06,0.0
1,0.006270170211791992,1,1,1e-06,0.0
1,0.005257844924926758,1,1,1e-06,0.0
1,0.003374814987182617,1,1,1e-06,0.0
1,0.002719879150390625,1,1,1e-06,0.0
1,0.003744840621948242,1,1,1e-06,0.0
1,0.002234935760498047,1,1,1e-06,0.0
1,0.0026345252990722656,1,1,1e-06,0.0
1,0.0037093162536621094,1,1,1e-06,0.0
1,0.004174470901489258,1,1,1e-06,0.0
1,0.003969430923461914,1,1,1e-06,0.0
1,0.003307342529296875,1,1,1e-06,0.0
1,0.008484601974487305,1,1,1e-06,0.0
1,0.003920555114746094,1,1,1e-06,0.0
1,0.004476785659790039,1,1,1e-06,0.0
1,0.009696483612060547,1,1,1e-06,0.0
1,0.003597259521484375,1,1,1e-06,0.0
1,0.003244638442993164,1,1,1e-06,0.0
1,0.04898190498352051,1,1,1e-06,0.0
1,0.006277799606323242,1,1,1e-06,0.0
1,0.006319761276245117,1,1,1e-06,0.0
1,0.015962600708007812,1,1,1e-06,0.0
1,0.005536794662475586,1,1,1e-06,0.0
1,0.003398895263671875,1,1,1e-06,0.0
1,0.002955913543701172,1,1,1e-06,0.0
1,0.002758026123046875,1,1,1e-06,0.0
1,0.0040700435638427734,1,1,1e-06,0.0
1,0.0031256675720214844,1,1,1e-06,0.0
1,0.004349946975708008,1,1,1e-06,0.0
1,0.003770112991333008,1,1,1e-06,0.0
1,0.004868030548095703,1,1,1e-06,0.0
1,0.05240893363952637,1,1,1e-06,0.0
1,0.03884243965148926,1,1,1e-06,0.0
1,0.005553007125854492,1,1,1e-06,0.0
1,0.009917497634887695,1,1,1e-06,0.0
1,0.006399393081665039,1,1,1e-06,0.0
1,0.005739450454711914,1,1,1e-06,0.0
1,0.005299806594848633,1,1,1e-06,0.0
1,0.007308244705200195,1,1,1e-06,0.0
1,0.007649660110473633,1,1,1e-06,0.0
1,0.006070613861083984,1,1,1e-06,0.0
1,0.00458073616027832,1,1,1e-06,0.0
1,0.010124921798706055,1,1,1e-06,0.0
1,0.015238046646118164,1,1,1e-06,0.0
1,0.004966259002685547,1,1,1e-06,0.0
1,0.011390924453735352,1,1,1e-06,0.0
1,0.004534482955932617,1,1,1e-06,0.0
1,0.057791709899902344,1,1,1e-06,0.0
1,0.013724088668823242,1,1,1e-06,0.0
1,0.008074522018432617,1,1,1e-06,0.0
1,0.01439356803894043,1,1,1e-06,0.0
1,0.004255771636962891,1,1,1e-06,0.0
1,0.020687103271484375,1,1,1e-06,0.0
1,0.010060548782348633,1,1,1e-06,0.0
1,0.0052051544189453125,1,1,1e-06,0.0
1,0.013019084930419922,1,1,1e-06,0.0
1,0.10289549827575684,1,1,1e-06,0.0
1,0.0035643577575683594,1,1,1e-06,0.0
1,0.0880124568939209,1,1,1e-06,0.0
1,0.0030755996704101562,1,1,1e-06,0.0
1,0.0023632049560546875,1,1,1e-06,0.0
1,0.014621973037719727,1,1,1e-06,0.0
1,0.004503726959228516,1,1,1e-06,0.0
1,0.005561351776123047,1,1,1e-06,0.0
1,0.003794431686401367,1,1,1e-06,0.0
1,0.0025522708892822266,1,1,1e-06,0.0
1,0.009128093719482422,1,1,1e-06,0.0
1,0.0026061534881591797,1,1,1e-06,0.0
1,0.003356456756591797,1,1,1e-06,0.0
1,0.010975122451782227,1,1,1e-06,0.0
1,0.0030536651611328125,1,1,1e-06,0.0
1,0.01198267936706543,1,1,1e-06,0.0
1,0.013154268264770508,1,1,1e-06,0.0
1,0.04668998718261719,1,1,1e-06,0.0
1,0.005270242691040039,1,1,1e-06,0.0
1,0.003179788589477539,1,1,1e-06,0.0
1,0.0021729469299316406,1,1,1e-06,0.0
1,0.0017998218536376953,1,1,1e-06,0.0
1,0.0022461414337158203,1,1,1e-06,0.0
1,0.005610466003417969,1,1,1e-06,0.0
1,0.002813577651977539,1,1,1e-06,0.0
1,0.002974271774291992,1,1,1e-06,0.0
1,0.0053365230560302734,1,1,1e-06,0.0
1,0.0027234554290771484,1,1,1e-06,0.0
1,0.0031003952026367188,1,1,1e-06,0.0
1,0.00988149642944336,1,1,1e-06,0.0
1,0.0065839290618896484,1,1,1e-06,0.0
1,0.007429361343383789,1,1,1e-06,0.0
1,0.0045354366302490234,1,1,1e-06,0.0
1,0.002490520477294922,1,1,1e-06,0.0
1,0.003759145736694336,1,1,1e-06,0.0
1,0.0586552619934082,1,1,1e-06,0.0
1,0.00605463981628418,1,1,1e-06,0.0
1,0.0035600662231445312,1,1,1e-06,0.0
1,0.013087749481201172,1,1,1e-06,0.0
1,0.0033583641052246094,1,1,1e-06,0.0
1,0.003498554229736328,1,1,1e-06,0.0
1,0.005903482437133789,1,1,1e-06,0.0
1,0.10526323318481445,1,1,1e-06,0.0
1,0.004693746566772461,1,1,1e-06,0.0
1,0.01179194450378418,1,1,1e-06,0.0
1,0.005087852478027344,1,1,1e-06,0.0
1,0.004303455352783203,1,1,1e-06,0.0
1,0.005686044692993164,1,1,1e-06,0.0
1,0.011096000671386719,1,1,1e-06,0.0
0,1.0276203155517578,0,0,,0.0
1,0.003426074981689453,1,1,1e-06,0.0
1,0.0036716461181640625,1,1,1e-06,0.0
1,0.002442598342895508,1,1,1e-06,0.0
1,0.0016586780548095703,1,1,1e-06,0.0
1,0.004746437072753906,1,1,1e-06,0.0
1,0.02469348907470703,1,1,1e-06,0.0
1,0.0034062862396240234,1,1,1e-06,0.0
1,0.002577543258666992,1,1,1e-06,0.0
1,0.002799510955810547,1,1,1e-06,0.0
1,0.0037457942962646484,1,1,1e-06,0.0
1,0.002208709716796875,1,1,1e-06,0.0
1,0.0063707828521728516,1,1,1e-06,0.0
1,0.0020503997802734375,1,1,1e-06,0.0
1,0.01084280014038086,1,1,1e-06,0.0
1,0.013167142868041992,1,1,1e-06,0.0
1,0.12893080711364746,1,1,1e-06,0.0
1,0.0031533241271972656,1,1,1e-06,0.0
1,0.023960590362548828,1,1,1e-06,0.0
1,0.003328084945678711,1,1,1e-06,0.0
1,0.009957551956176758,1,1,1e-06,0.0
1,0.05140113830566406,1,1,1e-06,0.0
1,0.0027227401733398438,1,1,1e-06,0.0
1,0.0034821033477783203,1,1,1e-06,0.0
1,0.00418400764465332,1,1,1e-06,0.0
1,0.011691808700561523,1,1,1e-06,0.0
1,0.004712104797363281,1,1,1e-06,0.0
1,0.004198789596557617,1,1,1e-06,0.0
1,0.012706756591796875,1,1,1e-06,0.0
1,0.0046923160552978516,1,1,1e-06,0.0
1,0.002270221710205078,1,1,1e-06,0.0
1,0.007752180099487305,1,1,1e-06,0.0
1,0.003858804702758789,1,1,1e-06,0.0
1,0.0033991336822509766,1,1,1e-06,0.0
1,0.008167743682861328,1,1,1e-06,0.0
1,0.0030841827392578125,1,1,1e-06,0.0
1,0.0035064220428466797,1,1,1e-06,0.0
1,0.004459857940673828,1,1,1e-06,0.0
1,0.004408597946166992,1,1,1e-06,0.0
1,0.0065059661865234375,1,1,1e-06,0.0
1,0.003868579864501953,1,1,1e-06,0.0
1,0.00853276252746582,1,1,1e-06,0.0
1,0.007343292236328125,1,1,1e-06,0.0
1,0.0037965774536132812,1,1,1e-06,0.0
1,0.009665966033935547,1,1,1e-06,0.0
1,0.005326032638549805,1,1,1e-06,0.0
1,0.0023355484008789062,1,1,1e-06,0.0
1,0.0023469924926757812,1,1,1e-06,0.0
1,0.0027284622192382812,1,1,1e-06,0.0
1,0.002768993377685547,1,1,1e-06,0.0
1,0.00800466537475586,1,1,1e-06,0.0
1,0.005719661712646484,1,1,1e-06,0.0
1,0.002989053726196289,1,1,1e-06,0.0
1,0.012684822082519531,1,1,1e-06,0.0
1,0.004525899887084961,1,1,1e-06,0.0
1,0.0032236576080322266,1,1,1e-06,0.0
1,0.012417793273925781,1,1,1e-06,0.0
1,0.007469654083251953,1,1,1e-06,0.0
1,0.009974002838134766,1,1,1e-06,0.0
1,0.004125356674194336,1,1,1e-06,0.0
1,0.004210948944091797,1,1,1e-06,0.0
1,0.033106088638305664,1,1,1e-06,0.0
1,0.003854036331176758,1,1,1e-06,0.0
1,0.00409388542175293,1,1,1e-06,0.0
1,0.009880304336547852,1,1,1e-06,0.0
1,0.004512786865234375,1,1,1e-06,0.0
1,0.005156040191650391,1,1,1e-06,0.0
1,0.009177923202514648,1,1,1e-06,0.0
1,0.0040740966796875,1,1,1e-06,0.0
1,0.016405582427978516,1,1,1e-06,0.0
1,0.014438152313232422,1,1,1e-06,0.0
1,0.0060384273529052734,1,1,1e-06,0.0
1,0.010827302932739258,1,1,1e-06,0.0
1,0.0072438716888427734,1,1,1e-06,0.0
1,0.013838052749633789,1,1,1e-06,0.0
1,0.005800962448120117,1,1,1e-06,0.0
1,0.012718439102172852,1,1,1e-06,0.0
1,0.017635345458984375,1,1,1e-06,0.0
1,0.006679058074951172,1,1,1e-06,0.0
1,0.008927583694458008,1,1,1e-06,0.0
1,0.002542734146118164,1,1,1e-06,0.0
1,0.20624876022338867,1,1,1e-06,0.0
1,0.00692296028137207,1,1,1e-06,0.0
1,0.0045108795166015625,1,1,1e-06,0.0
1,0.013601303100585938,1,1,1e-06,0.0
1,0.5578374862670898,1,1,1e-06,0.0
1,0.003459930419921875,1,1,1e-06,0.0
1,0.0037994384765625,1,1,1e-06,0.0
1,0.0037567615509033203,1,1,1e-06,0.0
1,0.007000923156738281,1,1,1e-06,0.0
1,0.003717660903930664,1,1,1e-06,0.0
1,0.004025459289550781,1,1,1e-06,0.0
1,0.004676342010498047,1,1,1e-06,0.0
1,0.0030395984649658203,1,1,1e-06,0.0
1,0.006151437759399414,1,1,1e-06,0.0
1,0.008939027786254883,1,1,1e-06,0.0
1,0.0030181407928466797,1,1,1e-06,0.0
1,0.004357337951660156,1,1,1e-06,0.0
1,0.007923364639282227,1,1,1e-06,0.0
1,0.09918475151062012,1,1,1e-06,0.0
1,0.0623629093170166,1,1,1e-06,0.0
1,0.0060062408447265625,1,1,1e-06,0.0
1,0.012724637985229492,1,1,1e-06,0.0
1,0.013940095901489258,1,1,1e-06,0.0
1,0.013317346572875977,1,1,1e-06,0.0
1,0.019667625427246094,1,1,1e-06,0.0
1,0.0045011043548583984,1,1,1e-06,0.0
1,0.015482664108276367,1,1,1e-06,0.0
1,0.010023117065429688,1,1,1e-06,0.0
1,0.01438450813293457,1,1,1e-06,0.0
1,0.004178047180175781,1,1,1e-06,0.0
1,0.004158973693847656,1,1,1e-06,0.0
1,0.01158761978149414,1,1,1e-06,0.0
1,0.0046002864837646484,1,1,1e-06,0.0
1,0.01141357421875,1,1,1e-06,0.0
1,0.004253387451171875,1,1,1e-06,0.0
1,0.0028412342071533203,1,1,1e-06,0.0
1,0.0034804344177246094,1,1,1e-06,0.0
1,0.006140232086181641,1,1,1e-06,0.0
1,0.0034513473510742188,1,1,1e-06,0.0
1,0.002826690673828125,1,1,1e-06,0.0
1,0.006571531295776367,1,1,1e-06,0.0
1,0.006254673004150391,1,1,1e-06,0.0
1,0.007013797760009766,1,1,1e-06,0.0
1,0.007845163345336914,1,1,1e-06,0.0
1,0.003934383392333984,1,1,1e-06,0.0
1,0.0030341148376464844,1,1,1e-06,0.0
1,0.0025479793548583984,1,1,1e-06,0.0
1,0.008422136306762695,1,1,1e-06,0.0
1,0.001924753189086914,1,1,1e-06,0.0
1,0.002168893814086914,1,1,1e-06,0.0
1,0.5245645046234131,1,1,1e-06,0.0
1,0.0033020973205566406,1,1,1e-06,0.0
1,0.0028901100158691406,1,1,1e-06,0.0
1,0.012534379959106445,1,1,1e-06,0.0
1,0.004006385803222656,1,1,1e-06,0.0
1,0.003975868225097656,1,1,1e-06,0.0
1,0.0032291412353515625,1,1,1e-06,0.0
1,0.009923934936523438,1,1,1e-06,0.0
1,0.003504514694213867,1,1,1e-06,0.0
1,0.002707242965698242,1,1,1e-06,0.0
1,0.003690958023071289,1,1,1e-06,0.0
1,0.004193544387817383,1,1,1e-06,0.0
1,0.004345417022705078,1,1,1e-06,0.0
1,0.0044841766357421875,1,1,1e-06,0.0
1,0.004633188247680664,1,1,1e-06,0.0
1,0.002586841583251953,1,1,1e-06,0.0
1,0.003993511199951172,1,1,1e-06,0.0
1,0.0031538009643554688,1,1,1e-06,0.0
1,0.0037071704864501953,1,1,1e-06,0.0
1,0.0037882328033447266,1,1,1e-06,0.0
1,0.0062580108642578125,1,1,1e-06,0.0
1,0.0030863285064697266,1,1,1e-06,0.0
1,0.003632783889770508,1,1,1e-06,0.0
1,0.0037758350372314453,1,1,1e-06,0.0
1,0.003740549087524414,1,1,1e-06,0.0
1,0.0034875869750976562,1,1,1e-06,0.0
1,0.003335714340209961,1,1,1e-06,0.0
1,0.003798246383666992,1,1,1e-06,0.0
1,0.0036592483520507812,1,1,1e-06,0.0
1,0.003177165985107422,1,1,1e-06,0.0
1,0.005584239959716797,1,1,1e-06,0.0
1,0.005162239074707031,1,1,1e-06,0.0
1,0.003774881362915039,1,1,1e-06,0.0
1,0.003667116165161133,1,1,1e-06,0.0
1,0.004195213317871094,1,1,1e-06,0.0
1,0.008470535278320312,1,1,1e-06,0.0
1,0.006186485290527344,1,1,1e-06,0.0
1,0.006126880645751953,1,1,1e-06,0.0
1,0.006849765777587891,1,1,1e-06,0.0
1,0.005532264709472656,1,1,1e-06,0.0
1,0.003165721893310547,1,1,1e-06,0.0
1,0.002869844436645508,1,1,1e-06,0.0
1,0.0037293434143066406,1,1,1e-06,0.0
1,0.004367351531982422,1,1,1e-06,0.0
1,0.003380298614501953,1,1,1e-06,0.0
1,0.029813289642333984,1,1,1e-06,0.0
1,0.0029687881469726562,1,1,1e-06,0.0
1,0.0032346248626708984,1,1,1e-06,0.0
1,0.0035092830657958984,1,1,1e-06,0.0
1,0.003050565719604492,1,1,1e-06,0.0
1,0.03119945526123047,1,1,1e-06,0.0
1,0.002916097640991211,1,1,1e-06,0.0
1,0.0052335262298583984,1,1,1e-06,0.0
1,0.00516819953918457,1,1,1e-06,0.0
1,0.008033275604248047,1,1,1e-06,0.0
1,0.011419057846069336,1,1,1e-06,0.0
1,0.008571863174438477,1,1,1e-06,0.0
1,0.0025610923767089844,1,1,1e-06,0.0
1,0.0027008056640625,1,1,1e-06,0.0
1,0.02271890640258789,1,1,1e-06,0.0
1,0.0029158592224121094,1,1,1e-06,0.0
1,0.0591886043548584,1,1,1e-06,0.0
1,0.0036385059356689453,1,1,1e-06,0.0
1,0.0027337074279785156,1,1,1e-06,0.0
1,0.0030248165130615234,1,1,1e-06,0.0
1,0.0038204193115234375,1,1,1e-06,0.0
1,0.0031654834747314453,1,1,1e-06,0.0
1,0.002420186996459961,1,1,1e-06,0.0
1,0.0022644996643066406,1,1,1e-06,0.0
1,0.004440784454345703,1,1,1e-06,0.0
1,0.0029249191284179688,1,1,1e-06,0.0
1,0.003162860870361328,1,1,1e-06,0.0
1,0.002590656280517578,1,1,1e-06,0.0
1,0.0027856826782226562,1,1,1e-06,0.0
1,0.0025849342346191406,1,1,1e-06,0.0
1,0.003675222396850586,1,1,1e-06,0.0
1,0.0036728382110595703,1,1,1e-06,0.0
1,0.0031270980834960938,1,1,1e-06,0.0
1,0.002315998077392578,1,1,1e-06,0.0
1,0.0028705596923828125,1,1,1e-06,0.0
1,0.002902507781982422,1,1,1e-06,0.0
1,0.007720232009887695,1,1,1e-06,0.0
1,0.00892782211303711,1,1,1e-06,0.0
1,0.005243539810180664,1,1,1e-06,0.0
1,0.006634235382080078,1,1,1e-06,0.0
1,0.006973981857299805,1,1,1e-06,0.0
1,0.008648872375488281,1,1,1e-06,0.0
1,0.008200407028198242,1,1,1e-06,0.0
1,0.006925106048583984,1,1,1e-06,0.0
1,0.009961128234863281,1,1,1e-06,0.0
1,0.0063898563385009766,1,1,1e-06,0.0
1,0.007002830505371094,1,1,1e-06,0.0
1,0.008815288543701172,1,1,1e-06,0.0
1,0.10114407539367676,1,1,1e-06,0.0
1,0.011065959930419922,1,1,1e-06,0.0
1,0.006289005279541016,1,1,1e-06,0.0
1,0.004853725433349609,1,1,1e-06,0.0
1,0.0067217350006103516,1,1,1e-06,0.0
1,0.006061553955078125,1,1,1e-06,0.0
1,0.00704646110534668,1,1,1e-06,0.0
1,0.006240129470825195,1,1,1e-06,0.0
1,0.3025538921356201,1,1,1e-06,0.0
1,0.0073699951171875,1,1,1e-06,0.0
1,0.007115364074707031,1,1,1e-06,0.0
1,0.007035493850708008,1,1,1e-06,0.0
1,0.008951187133789062,1,1,1e-06,0.0
1,0.007538795471191406,1,1,1e-06,0.0
1,0.0076961517333984375,1,1,1e-06,0.0
1,0.009389400482177734,1,1,1e-06,0.0
1,0.008976459503173828,1,1,1e-06,0.0
1,0.008318185806274414,1,1,1e-06,0.0
1,0.00814962387084961,1,1,1e-06,0.0
1,0.007421970367431641,1,1,1e-06,0.0
1,0.00979924201965332,1,1,1e-06,0.0
1,0.006012916564941406,1,1,1e-06,0.0
1,0.006829977035522461,1,1,1e-06,0.0
1,0.008147001266479492,1,1,1e-06,0.0
1,0.007128000259399414,1,1,1e-06,0.0
1,0.0073108673095703125,1,1,1e-06,0.0
1,0.04297041893005371,1,1,1e-06,0.0
1,0.006588459014892578,1,1,1e-06,0.0
1,0.009202003479003906,1,1,1e-06,0.0
1,0.007102012634277344,1,1,1e-06,0.0
1,0.003962278366088867,1,1,1e-06,0.0
1,0.0074884891510009766,1,1,1e-06,0.0
1,0.007849454879760742,1,1,1e-06,0.0
1,0.010188579559326172,1,1,1e-06,0.0
1,0.008525371551513672,1,1,1e-06,0.0
1,0.009672880172729492,1,1,1e-06,0.0
1,0.007475852966308594,1,1,1e-06,0.0
1,0.007784366607666016,1,1,1e-06,0.0
1,0.00767970085144043,1,1,1e-06,0.0
1,0.014253377914428711,1,1,1e-06,0.0
1,0.0036809444427490234,1,1,1e-06,0.0
1,0.0039098262786865234,1,1,1e-06,0.0
1,0.0106201171875,1,1,1e-06,0.0
1,0.004058122634887695,1,1,1e-06,0.0
1,0.003632783889770508,1,1,1e-06,0.0
1,0.003826141357421875,1,1,1e-06,0.0
1,0.0050508975982666016,1,1,1e-06,0.0
1,0.0033006668090820312,1,1,1e-06,0.0
1,0.0536806583404541,1,1,1e-06,0.0
1,0.0030829906463623047,1,1,1e-06,0.0
1,0.0032796859741210938,1,1,1e-06,0.0
1,0.0024390220642089844,1,1,1e-06,0.0
1,0.002650737762451172,1,1,1e-06,0.0
1,0.014684200286865234,1,1,1e-06,0.0
1,0.0027015209197998047,1,1,1e-06,0.0
1,0.002791166305541992,1,1,1e-06,0.0
1,0.003219127655029297,1,1,1e-06,0.0
1,0.003830432891845703,1,1,1e-06,0.0
1,0.09150981903076172,1,1,1e-06,0.0
1,0.002343416213989258,1,1,1e-06,0.0
1,0.003558635711669922,1,1,1e-06,0.0
1,0.0027680397033691406,1,1,1e-06,0.0
1,0.0025479793548583984,1,1,1e-06,0.0
1,0.003069639205932617,1,1,1e-06,0.0
1,0.0040607452392578125,1,1,1e-06,0.0
1,0.004145622253417969,1,1,1e-06,0.0
1,0.0032863616943359375,1,1,1e-06,0.0
1,0.0025289058685302734,1,1,1e-06,0.0
1,0.022516727447509766,1,1,1e-06,0.0
1,0.002305269241333008,1,1,1e-06,0.0
1,0.0022683143615722656,1,1,1e-06,0.0
1,0.002366304397583008,1,1,1e-06,0.0
1,0.0024356842041015625,1,1,1e-06,0.0
1,0.001956939697265625,1,1,1e-06,0.0
1,0.0018296241760253906,1,1,1e-06,0.0
1,0.0020294189453125,1,1,1e-06,0.0
1,0.0025653839111328125,1,1,1e-06,0.0
1,0.004109382629394531,1,1,1e-06,0.0
1,0.002429485321044922,1,1,1e-06,0.0
1,0.0025904178619384766,1,1,1e-06,0.0
1,0.002100229263305664,1,1,1e-06,0.0
1,0.002055644989013672,1,1,1e-06,0.0
1,0.0027282238006591797,1,1,1e-06,0.0
1,0.0033745765686035156,1,1,1e-06,0.0
1,0.003281831741333008,1,1,1e-06,0.0
1,0.0030460357666015625,1,1,1e-06,0.0
1,0.0026006698608398438,1,1,1e-06,0.0
1,0.003337860107421875,1,1,1e-06,0.0
1,0.0028786659240722656,1,1,1e-06,0.0
1,0.003335714340209961,1,1,1e-06,0.0
1,0.0027322769165039062,1,1,1e-06,0.0
1,0.0028531551361083984,1,1,1e-06,0.0
1,0.0023796558380126953,1,1,1e-06,0.0
1,0.0024611949920654297,1,1,1e-06,0.0
1,0.0024445056915283203,1,1,1e-06,0.0
1,0.0039000511169433594,1,1,1e-06,0.0
1,0.0043637752532958984,1,1,1e-06,0.0
1,0.003082275390625,1,1,1e-06,0.0
1,0.003911256790161133,1,1,1e-06,0.0
1,0.003694295883178711,1,1,1e-06,0.0
1,0.022004365921020508,1,1,1e-06,0.0
1,0.003134489059448242,1,1,1e-06,0.0
1,0.0028030872344970703,1,1,1e-06,0.0
1,0.002817869186401367,1,1,1e-06,0.0
1,0.002618074417114258,1,1,1e-06,0.0
1,0.0030629634857177734,1,1,1e-06,0.0
1,0.00518035888671875,1,1,1e-06,0.0
1,0.0031795501708984375,1,1,1e-06,0.0
1,0.001961946487426758,1,1,1e-06,0.0
1,0.07247400283813477,1,1,1e-06,0.0
1,0.0027959346771240234,1,1,1e-06,0.0
1,0.0025131702423095703,1,1,1e-06,0.0
1,0.0025551319122314453,1,1,1e-06,0.0
1,0.002969503402709961,1,1,1e-06,0.0
1,0.002954244613647461,1,1,1e-06,0.0
1,0.002969503402709961,1,1,1e-06,0.0
1,0.0035905838012695312,1,1,1e-06,0.0
1,0.016121864318847656,1,1,1e-06,0.0
1,0.0030083656311035156,1,1,1e-06,0.0
1,0.003162860870361328,1,1,1e-06,0.0
1,0.002051115036010742,1,1,1e-06,0.0
1,0.003433704376220703,1,1,1e-06,0.0
1,0.002628326416015625,1,1,1e-06,0.0
1,0.005545616149902344,1,1,1e-06,0.0
1,0.003376483917236328,1,1,1e-06,0.0
1,0.0022079944610595703,1,1,1e-06,0.0
1,0.026781320571899414,1,1,1e-06,0.0
1,0.002588987350463867,1,1,1e-06,0.0
1,0.0018672943115234375,1,1,1e-06,0.0
1,0.002520322799682617,1,1,1e-06,0.0
1,0.0029850006103515625,1,1,1e-06,0.0
1,0.0032978057861328125,1,1,1e-06,0.0
1,0.0027909278869628906,1,1,1e-06,0.0
1,0.0026493072509765625,1,1,1e-06,0.0
1,0.0024518966674804688,1,1,1e-06,0.0
1,0.0023894309997558594,1,1,1e-06,0.0
1,0.002035856246948242,1,1,1e-06,0.0
1,0.0025873184204101562,1,1,1e-06,0.0
1,0.002466917037963867,1,1,1e-06,0.0
1,0.0025839805603027344,1,1,1e-06,0.0
1,0.002331256866455078,1,1,1e-06,0.0
1,0.0035185813903808594,1,1,1e-06,0.0
1,0.0019545555114746094,1,1,1e-06,0.0
1,0.0024776458740234375,1,1,1e-06,0.0
1,0.16983437538146973,1,1,1e-06,0.0
1,0.0029268264770507812,1,1,1e-06,0.0
1,0.0024650096893310547,1,1,1e-06,0.0
1,0.0021407604217529297,1,1,1e-06,0.0
1,0.0018527507781982422,1,1,1e-06,0.0
1,0.012047529220581055,1,1,1e-06,0.0
1,0.0033190250396728516,1,1,1e-06,0.0
1,0.0030660629272460938,1,1,1e-06,0.0
1,0.0028836727142333984,1,1,1e-06,0.0
1,0.002070188522338867,1,1,1e-06,0.0
1,0.002643585205078125,1,1,1e-06,0.0
1,0.0025832653045654297,1,1,1e-06,0.0
1,0.0029754638671875,1,1,1e-06,0.0
1,0.003346681594848633,1,1,1e-06,0.0
1,0.002877473831176758,1,1,1e-06,0.0
1,0.0018219947814941406,1,1,1e-06,0.0
1,0.0020978450775146484,1,1,1e-06,0.0
1,0.002330303192138672,1,1,1e-06,0.0
1,0.0028831958770751953,1,1,1e-06,0.0
1,0.002401590347290039,1,1,1e-06,0.0
1,0.005175113677978516,1,1,1e-06,0.0
1,0.0024566650390625,1,1,1e-06,0.0
1,0.0016562938690185547,1,1,1e-06,0.0
1,0.0019488334655761719,1,1,1e-06,0.0
1,0.002783060073852539,1,1,1e-06,0.0
1,0.002833127975463867,1,1,1e-06,0.0
1,0.0026922225952148438,1,1,1e-06,0.0
1,0.015290498733520508,1,1,1e-06,0.0
1,0.0024895668029785156,1,1,1e-06,0.0
1,0.002816438674926758,1,1,1e-06,0.0
1,0.002586841583251953,1,1,1e-06,0.0
1,0.002404928207397461,1,1,1e-06,0.0
1,0.0027153491973876953,1,1,1e-06,0.0
1,0.0024073123931884766,1,1,1e-06,0.0
1,0.0017309188842773438,1,1,1e-06,0.0
1,0.0023734569549560547,1,1,1e-06,0.0
1,0.002480745315551758,1,1,1e-06,0.0
1,0.0018472671508789062,1,1,1e-06,0.0
1,0.0024547576904296875,1,1,1e-06,0.0
1,0.004162311553955078,1,1,1e-06,0.0
1,0.0031707286834716797,1,1,1e-06,0.0
1,0.002743244171142578,1,1,1e-06,0.0
1,0.002971649169921875,1,1,1e-06,0.0
1,0.0026509761810302734,1,1,1e-06,0.0
1,0.019543170928955078,1,1,1e-06,0.0
1,0.0028085708618164062,1,1,1e-06,0.0
1,0.002500772476196289,1,1,1e-06,0.0
1,0.003025531768798828,1,1,1e-06,0.0
1,0.0023436546325683594,1,1,1e-06,0.0
1,0.009846687316894531,1,1,1e-06,0.0
1,0.0062677860260009766,1,1,1e-06,0.0
1,0.0028467178344726562,1,1,1e-06,0.0
1,0.004700899124145508,1,1,1e-06,0.0
1,0.0020411014556884766,1,1,1e-06,0.0
1,0.0019698143005371094,1,1,1e-06,0.0
1,0.002337217330932617,1,1,1e-06,0.0
1,0.0029449462890625,1,1,1e-06,0.0
1,0.002663135528564453,1,1,1e-06,0.0
1,0.002816915512084961,1,1,1e-06,0.0
1,0.0022470951080322266,1,1,1e-06,0.0
1,0.001753091812133789,1,1,1e-06,0.0
1,0.002429962158203125,1,1,1e-06,0.0
1,0.002357959747314453,1,1,1e-06,0.0
1,0.004904508590698242,1,1,1e-06,0.0
1,0.006706953048706055,1,1,1e-06,0.0
1,0.016443252563476562,1,1,1e-06,0.0
1,0.0027213096618652344,1,1,1e-06,0.0
1,0.011300802230834961,1,1,1e-06,0.0
1,0.002510547637939453,1,1,1e-06,0.0
1,0.002904653549194336,1,1,1e-06,0.0
1,0.002377748489379883,1,1,1e-06,0.0
1,0.0019893646240234375,1,1,1e-06,0.0
1,0.0022821426391601562,1,1,1e-06,0.0
1,0.002116680145263672,1,1,1e-06,0.0
1,0.003862619400024414,1,1,1e-06,0.0
1,0.0021920204162597656,1,1,1e-06,0.0
1,0.00789189338684082,1,1,1e-06,0.0
1,0.0031015872955322266,1,1,1e-06,0.0
1,0.002760648727416992,1,1,1e-06,0.0
1,0.002227783203125,1,1,1e-06,0.0
1,0.002000093460083008,1,1,1e-06,0.0
1,0.0019927024841308594,1,1,1e-06,0.0
1,0.0030243396759033203,1,1,1e-06,0.0
1,0.0027909278869628906,1,1,1e-06,0.0
1,0.02389049530029297,1,1,1e-06,0.0
1,0.014736652374267578,1,1,1e-06,0.0
1,0.003856658935546875,1,1,1e-06,0.0
1,0.004685878753662109,1,1,1e-06,0.0
1,0.005035877227783203,1,1,1e-06,0.0
1,0.0027930736541748047,1,1,1e-06,0.0
1,0.0024623870849609375,1,1,1e-06,0.0
1,0.0025899410247802734,1,1,1e-06,0.0
1,0.018715381622314453,1,1,1e-06,0.0
1,0.0021996498107910156,1,1,1e-06,0.0
1,0.001875162124633789,1,1,1e-06,0.0
1,0.002491474151611328,1,1,1e-06,0.0
1,0.002810955047607422,1,1,1e-06,0.0
1,0.0027930736541748047,1,1,1e-06,0.0
1,0.0022246837615966797,1,1,1e-06,0.0
1,0.002419710159301758,1,1,1e-06,0.0
1,0.0027899742126464844,1,1,1e-06,0.0
1,0.003428220748901367,1,1,1e-06,0.0
1,0.0033092498779296875,1,1,1e-06,0.0
1,0.0027120113372802734,1,1,1e-06,0.0
1,0.002386808395385742,1,1,1e-06,0.0
1,0.002093076705932617,1,1,1e-06,0.0
1,0.0022306442260742188,1,1,1e-06,0.0
1,0.0019385814666748047,1,1,1e-06,0.0
1,0.002808094024658203,1,1,1e-06,0.0
1,0.0028960704803466797,1,1,1e-06,0.0
1,0.0022401809692382812,1,1,1e-06,0.0
1,0.0019593238830566406,1,1,1e-06,0.0
1,0.0018498897552490234,1,1,1e-06,0.0
1,0.002637624740600586,1,1,1e-06,0.0
1,0.002104520797729492,1,1,1e-06,0.0
1,0.002618551254272461,1,1,1e-06,0.0
1,0.003876924514770508,1,1,1e-06,0.0
1,0.0027616024017333984,1,1,1e-06,0.0
1,0.0026400089263916016,1,1,1e-06,0.0
1,0.0020973682403564453,1,1,1e-06,0.0
1,0.002138853073120117,1,1,1e-06,0.0
1,0.0022869110107421875,1,1,1e-06,0.0
1,0.0027937889099121094,1,1,1e-06,0.0
1,0.0027527809143066406,1,1,1e-06,0.0
1,0.0028629302978515625,1,1,1e-06,0.0
1,0.0026137828826904297,1,1,1e-06,0.0
1,0.002057313919067383,1,1,1e-06,0.0
1,0.0021431446075439453,1,1,1e-06,0.0
1,0.0027647018432617188,1,1,1e-06,0.0
1,0.0128631591796875,1,1,1e-06,0.0
1,0.002661466598510742,1,1,1e-06,0.0
1,0.0031785964965820312,1,1,1e-06,0.0
1,0.002752065658569336,1,1,1e-06,0.0
1,0.0023581981658935547,1,1,1e-06,0.0
1,0.002310514450073242,1,1,1e-06,0.0
1,0.002547025680541992,1,1,1e-06,0.0
1,0.0024976730346679688,1,1,1e-06,0.0
1,0.002877950668334961,1,1,1e-06,0.0
1,0.002614736557006836,1,1,1e-06,0.0
1,0.003063678741455078,1,1,1e-06,0.0
1,0.0025320053100585938,1,1,1e-06,0.0
1,0.0034568309783935547,1,1,1e-06,0.0
1,0.0025327205657958984,1,1,1e-06,0.0
1,0.003984689712524414,1,1,1e-06,0.0
1,0.002844572067260742,1,1,1e-06,0.0
1,0.0025429725646972656,1,1,1e-06,0.0
1,0.002024412155151367,1,1,1e-06,0.0
1,0.001928567886352539,1,1,1e-06,0.0
1,0.0027718544006347656,1,1,1e-06,0.0
1,0.004727363586425781,1,1,1e-06,0.0
1,0.0023026466369628906,1,1,1e-06,0.0
1,0.00174713134765625,1,1,1e-06,0.0
1,0.001875162124633789,1,1,1e-06,0.0
1,0.0029904842376708984,1,1,1e-06,0.0
1,0.002628326416015625,1,1,1e-06,0.0
1,0.003240823745727539,1,1,1e-06,0.0
1,0.001986265182495117,1,1,1e-06,0.0
1,0.0024178028106689453,1,1,1e-06,0.0
1,0.0023360252380371094,1,1,1e-06,0.0
1,0.03552126884460449,1,1,1e-06,0.0
1,0.006037473678588867,1,1,1e-06,0.0
1,0.002361774444580078,1,1,1e-06,0.0
1,0.0019655227661132812,1,1,1e-06,0.0
1,0.0021309852600097656,1,1,1e-06,0.0
1,0.002100229263305664,1,1,1e-06,0.0
1,0.0020971298217773438,1,1,1e-06,0.0
1,0.0027303695678710938,1,1,1e-06,0.0
1,0.0026247501373291016,1,1,1e-06,0.0
1,0.002768278121948242,1,1,1e-06,0.0
1,0.0019354820251464844,1,1,1e-06,0.0
1,0.0021402835845947266,1,1,1e-06,0.0
1,0.0016794204711914062,1,1,1e-06,0.0
1,0.0023055076599121094,1,1,1e-06,0.0
1,0.0026171207427978516,1,1,1e-06,0.0
1,0.002634286880493164,1,1,1e-06,0.0
1,0.002475261688232422,1,1,1e-06,0.0
1,0.003756999969482422,1,1,1e-06,0.0
1,0.0016694068908691406,1,1,1e-06,0.0
1,0.0021843910217285156,1,1,1e-06,0.0
1,0.002955913543701172,1,1,1e-06,0.0
1,0.0022270679473876953,1,1,1e-06,0.0
1,0.002569437026977539,1,1,1e-06,0.0
1,0.002670764923095703,1,1,1e-06,0.0
1,0.002350330352783203,1,1,1e-06,0.0
1,0.0025932788848876953,1,1,1e-06,0.0
1,0.016061067581176758,1,1,1e-06,0.0
1,0.0018508434295654297,1,1,1e-06,0.0
1,0.0017061233520507812,1,1,1e-06,0.0
1,0.002080202102661133,1,1,1e-06,0.0
1,0.003693819046020508,1,1,1e-06,0.0
1,0.013171672821044922,1,1,1e-06,0.0
1,0.002794981002807617,1,1,1e-06,0.0
1,0.004847288131713867,1,1,1e-06,0.0
1,0.0022809505462646484,1,1,1e-06,0.0
1,0.002528667449951172,1,1,1e-06,0.0
1,0.002986907958984375,1,1,1e-06,0.0
1,0.0021848678588867188,1,1,1e-06,0.0
1,0.002642393112182617,1,1,1e-06,0.0
1,0.002339601516723633,1,1,1e-06,0.0
1,0.002541065216064453,1,1,1e-06,0.0
1,0.0024454593658447266,1,1,1e-06,0.0
1,0.0022995471954345703,1,1,1e-06,0.0
1,0.002329587936401367,1,1,1e-06,0.0
1,0.0033426284790039062,1,1,1e-06,0.0
1,0.004244327545166016,1,1,1e-06,0.0
1,0.0023806095123291016,1,1,1e-06,0.0
1,0.0024628639221191406,1,1,1e-06,0.0
1,0.0028412342071533203,1,1,1e-06,0.0
1,0.002296924591064453,1,1,1e-06,0.0
1,0.002446889877319336,1,1,1e-06,0.0
1,0.0023984909057617188,1,1,1e-06,0.0
1,0.0021369457244873047,1,1,1e-06,0.0
1,0.0024437904357910156,1,1,1e-06,0.0
1,0.0024652481079101562,1,1,1e-06,0.0
1,0.002275705337524414,1,1,1e-06,0.0
1,0.007208585739135742,1,1,1e-06,0.0
1,0.0027358531951904297,1,1,1e-06,0.0
1,0.0018935203552246094,1,1,1e-06,0.0
1,0.0024034976959228516,1,1,1e-06,0.0
1,0.002809286117553711,1,1,1e-06,0.0
1,0.0023539066314697266,1,1,1e-06,0.0
1,0.0023391246795654297,1,1,1e-06,0.0
1,0.0022895336151123047,1,1,1e-06,0.0
1,0.002362966537475586,1,1,1e-06,0.0
1,0.002532958984375,1,1,1e-06,0.0
1,0.0026595592498779297,1,1,1e-06,0.0
1,0.002808094024658203,1,1,1e-06,0.0
1,0.015425443649291992,1,1,1e-06,0.0
1,0.001982450485229492,1,1,1e-06,0.0
1,0.0027208328247070312,1,1,1e-06,0.0
1,0.002856016159057617,1,1,1e-06,0.0
1,0.0026154518127441406,1,1,1e-06,0.0
1,0.008240461349487305,1,1,1e-06,0.0
1,0.00543975830078125,1,1,1e-06,0.0
1,0.003213644027709961,1,1,1e-06,0.0
1,0.0020513534545898438,1,1,1e-06,0.0
1,0.0024416446685791016,1,1,1e-06,0.0
1,0.002254486083984375,1,1,1e-06,0.0
1,0.0025670528411865234,1,1,1e-06,0.0
1,0.0027234554290771484,1,1,1e-06,0.0
1,0.0026891231536865234,1,1,1e-06,0.0
1,0.002717256546020508,1,1,1e-06,0.0
1,0.0018515586853027344,1,1,1e-06,0.0
1,0.0022308826446533203,1,1,1e-06,0.0
1,0.002666473388671875,1,1,1e-06,0.0
1,0.002887725830078125,1,1,1e-06,0.0
1,0.0033299922943115234,1,1,1e-06,0.0
1,0.002312898635864258,1,1,1e-06,0.0
1,0.01109004020690918,1,1,1e-06,0.0
1,0.002730131149291992,1,1,1e-06,0.0
1,0.003333568572998047,1,1,1e-06,0.0
1,0.0026082992553710938,1,1,1e-06,0.0
1,0.002705097198486328,1,1,1e-06,0.0
1,0.02128005027770996,1,1,1e-06,0.0
1,0.0032236576080322266,1,1,1e-06,0.0
1,0.0025806427001953125,1,1,1e-06,0.0
1,0.002123117446899414,1,1,1e-06,0.0
1,0.0016777515411376953,1,1,1e-06,0.0
1,0.0027952194213867188,1,1,1e-06,0.0
1,0.002648591995239258,1,1,1e-06,0.0
1,0.0025703907012939453,1,1,1e-06,0.0
1,0.0028688907623291016,1,1,1e-06,0.0
1,0.0026464462280273438,1,1,1e-06,0.0
1,0.0021865367889404297,1,1,1e-06,0.0
1,0.002106904983520508,1,1,1e-06,0.0
1,0.002051830291748047,1,1,1e-06,0.0
1,0.0020842552185058594,1,1,1e-06,0.0
1,0.0031659603118896484,1,1,1e-06,0.0
1,0.0025873184204101562,1,1,1e-06,0.0
1,0.0027611255645751953,1,1,1e-06,0.0
1,0.002270936965942383,1,1,1e-06,0.0
1,0.0025644302368164062,1,1,1e-06,0.0
1,0.0022428035736083984,1,1,1e-06,0.0
1,0.002309560775756836,1,1,1e-06,0.0
1,0.002571582794189453,1,1,1e-06,0.0
1,0.003349781036376953,1,1,1e-06,0.0
1,0.002276182174682617,1,1,1e-06,0.0
1,0.0021491050720214844,1,1,1e-06,0.0
1,0.0026721954345703125,1,1,1e-06,0.0
1,0.0025980472564697266,1,1,1e-06,0.0
1,0.004253864288330078,1,1,1e-06,0.0
1,0.002391338348388672,1,1,1e-06,0.0
1,0.0022420883178710938,1,1,1e-06,0.0
1,0.012517213821411133,1,1,1e-06,0.0
1,0.011943340301513672,1,1,1e-06,0.0
1,0.0024721622467041016,1,1,1e-06,0.0
1,0.00315093994140625,1,1,1e-06,0.0
1,0.002404451370239258,1,1,1e-06,0.0
1,0.002384185791015625,1,1,1e-06,0.0
1,0.002232074737548828,1,1,1e-06,0.0
1,0.0025436878204345703,1,1,1e-06,0.0
1,0.0030770301818847656,1,1,1e-06,0.0
1,0.0033206939697265625,1,1,1e-06,0.0
1,0.0024602413177490234,1,1,1e-06,0.0
1,0.01445460319519043,1,1,1e-06,0.0
1,0.0021305084228515625,1,1,1e-06,0.0
1,0.0022199153900146484,1,1,1e-06,0.0
1,0.0026443004608154297,1,1,1e-06,0.0
1,0.0020029544830322266,1,1,1e-06,0.0
1,0.0013616085052490234,1,1,1e-06,0.0
1,0.002560138702392578,1,1,1e-06,0.0
1,0.0028519630432128906,1,1,1e-06,0.0
1,0.004136085510253906,1,1,1e-06,0.0
1,0.002149820327758789,1,1,1e-06,0.0
1,0.002251863479614258,1,1,1e-06,0.0
1,0.0025641918182373047,1,1,1e-06,0.0
1,0.003358125686645508,1,1,1e-06,0.0
1,0.0025069713592529297,1,1,1e-06,0.0
1,0.002064228057861328,1,1,1e-06,0.0
1,0.0017588138580322266,1,1,1e-06,0.0
1,0.0017480850219726562,1,1,1e-06,0.0
1,0.001965045928955078,1,1,1e-06,0.0
1,0.001819610595703125,1,1,1e-06,0.0
1,0.0017502307891845703,1,1,1e-06,0.0
1,0.002175569534301758,1,1,1e-06,0.0
1,0.014771699905395508,1,1,1e-06,0.0
1,0.002605915069580078,1,1,1e-06,0.0
1,0.0025877952575683594,1,1,1e-06,0.0
1,0.002283811569213867,1,1,1e-06,0.0
1,0.0031418800354003906,1,1,1e-06,0.0
1,0.0024569034576416016,1,1,1e-06,0.0
1,0.0022475719451904297,1,1,1e-06,0.0
1,0.0027403831481933594,1,1,1e-06,0.0
1,0.0026803016662597656,1,1,1e-06,0.0
1,0.0023658275604248047,1,1,1e-06,0.0
1,0.0023229122161865234,1,1,1e-06,0.0
1,0.002666950225830078,1,1,1e-06,0.0
1,0.0023746490478515625,1,1,1e-06,0.0
1,0.002429485321044922,1,1,1e-06,0.0
1,0.002398252487182617,1,1,1e-06,0.0
1,0.0025382041931152344,1,1,1e-06,0.0
1,0.0023429393768310547,1,1,1e-06,0.0
1,0.01392984390258789,1,1,1e-06,0.0
1,0.0027513504028320312,1,1,1e-06,0.0
1,0.0019118785858154297,1,1,1e-06,0.0
1,0.0020694732666015625,1,1,1e-06,0.0
1,0.0066089630126953125,1,1,1e-06,0.0
1,0.0027925968170166016,1,1,1e-06,0.0
1,0.0025093555450439453,1,1,1e-06,0.0
1,0.001893758773803711,1,1,1e-06,0.0
1,0.002249479293823242,1,1,1e-06,0.0
1,0.003260374069213867,1,1,1e-06,0.0
1,0.0021872520446777344,1,1,1e-06,0.0
1,0.004332542419433594,1,1,1e-06,0.0
1,0.005071163177490234,1,1,1e-06,0.0
1,0.002124786376953125,1,1,1e-06,0.0
1,0.0022382736206054688,1,1,1e-06,0.0
1,0.002377748489379883,1,1,1e-06,0.0
1,0.0021064281463623047,1,1,1e-06,0.0
1,0.002582073211669922,1,1,1e-06,0.0
1,0.0018947124481201172,1,1,1e-06,0.0
1,0.0019490718841552734,1,1,1e-06,0.0
1,0.0024595260620117188,1,1,1e-06,0.0
1,0.0026352405548095703,1,1,1e-06,0.0
1,0.0023534297943115234,1,1,1e-06,0.0
1,0.0026884078979492188,1,1,1e-06,0.0
1,0.0033843517303466797,1,1,1e-06,0.0
1,0.001958608627319336,1,1,1e-06,0.0
1,0.0034754276275634766,1,1,1e-06,0.0
1,0.0024945735931396484,1,1,1e-06,0.0
1,0.002713918685913086,1,1,1e-06,0.0
1,0.003014802932739258,1,1,1e-06,0.0
1,0.003889799118041992,1,1,1e-06,0.0
1,0.0034461021423339844,1,1,1e-06,0.0
1,0.0026938915252685547,1,1,1e-06,0.0
1,0.0020842552185058594,1,1,1e-06,0.0
1,0.0018849372863769531,1,1,1e-06,0.0
1,0.002229928970336914,1,1,1e-06,0.0
1,0.003192424774169922,1,1,1e-06,0.0
1,0.005314826965332031,1,1,1e-06,0.0
1,0.0039157867431640625,1,1,1e-06,0.0
1,0.0030527114868164062,1,1,1e-06,0.0
1,0.0034368038177490234,1,1,1e-06,0.0
1,0.0030112266540527344,1,1,1e-06,0.0
1,0.002504587173461914,1,1,1e-06,0.0
1,0.0021309852600097656,1,1,1e-06,0.0
1,0.0023500919342041016,1,1,1e-06,0.0
1,0.00281524658203125,1,1,1e-06,0.0
1,0.0031185150146484375,1,1,1e-06,0.0
1,0.0025413036346435547,1,1,1e-06,0.0
1,0.002881765365600586,1,1,1e-06,0.0
1,0.002506732940673828,1,1,1e-06,0.0
1,0.002490997314453125,1,1,1e-06,0.0
1,0.002346515655517578,1,1,1e-06,0.0
1,0.02836894989013672,1,1,1e-06,0.0
1,0.002278566360473633,1,1,1e-06,0.0
1,0.002771139144897461,1,1,1e-06,0.0
1,0.0032799243927001953,1,1,1e-06,0.0
1,0.002865314483642578,1,1,1e-06,0.0
1,0.0029718875885009766,1,1,1e-06,0.0
1,0.002084493637084961,1,1,1e-06,0.0
1,0.0023407936096191406,1,1,1e-06,0.0
1,0.005352497100830078,1,1,1e-06,0.0
1,0.0032279491424560547,1,1,1e-06,0.0
1,0.003346681594848633,1,1,1e-06,0.0
1,0.005242586135864258,1,1,1e-06,0.0
1,0.003283977508544922,1,1,1e-06,0.0
1,0.0026183128356933594,1,1,1e-06,0.0
1,0.0039501190185546875,1,1,1e-06,0.0
1,0.002772808074951172,1,1,1e-06,0.0
1,0.002543210983276367,1,1,1e-06,0.0
1,0.0024383068084716797,1,1,1e-06,0.0
1,0.0024983882904052734,1,1,1e-06,0.0
1,0.003148317337036133,1,1,1e-06,0.0
1,0.00691676139831543,1,1,1e-06,0.0
1,0.0018894672393798828,1,1,1e-06,0.0
1,0.0019466876983642578,1,1,1e-06,0.0
1,0.015717029571533203,1,1,1e-06,0.0
1,0.00250244140625,1,1,1e-06,0.0
1,0.0029680728912353516,1,1,1e-06,0.0
0,1.002683401107788,0,0,,0.0
1,0.0041124820709228516,1,1,1e-06,0.0
1,0.0036611557006835938,1,1,1e-06,0.0
1,0.0022940635681152344,1,1,1e-06,0.0
1,0.0019769668579101562,1,1,1e-06,0.0
1,0.00293731689453125,1,1,1e-06,0.0
1,0.00900578498840332,1,1,1e-06,0.0
1,0.003420114517211914,1,1,1e-06,0.0
1,0.002803325653076172,1,1,1e-06,0.0
1,0.004026174545288086,1,1,1e-06,0.0
1,0.0019164085388183594,1,1,1e-06,0.0
1,0.0023860931396484375,1,1,1e-06,0.0
1,0.12190961837768555,1,1,1e-06,0.0
1,0.002579212188720703,1,1,1e-06,0.0
1,0.0019254684448242188,1,1,1e-06,0.0
1,0.0038661956787109375,1,1,1e-06,0.0
1,0.0027153491973876953,1,1,1e-06,0.0
1,0.002060413360595703,1,1,1e-06,0.0
1,0.0038254261016845703,1,1,1e-06,0.0
1,0.0025038719177246094,1,1,1e-06,0.0
1,0.003058195114135742,1,1,1e-06,0.0
1,0.002404451370239258,1,1,1e-06,0.0
1,0.002198934555053711,1,1,1e-06,0.0
1,0.0024518966674804688,1,1,1e-06,0.0
1,0.0016033649444580078,1,1,1e-06,0.0
1,0.0020220279693603516,1,1,1e-06,0.0
1,0.0016410350799560547,1,1,1e-06,0.0
1,0.0026552677154541016,1,1,1e-06,0.0
1,0.0027184486389160156,1,1,1e-06,0.0
1,0.002149343490600586,1,1,1e-06,0.0
1,0.002930164337158203,1,1,1e-06,0.0
1,0.002768993377685547,1,1,1e-06,0.0
1,0.001992940902709961,1,1,1e-06,0.0
1,0.0022935867309570312,1,1,1e-06,0.0
1,0.002677440643310547,1,1,1e-06,0.0
1,0.0025644302368164062,1,1,1e-06,0.0
1,0.0026493072509765625,1,1,1e-06,0.0
1,0.0023856163024902344,1,1,1e-06,0.0
1,0.0023055076599121094,1,1,1e-06,0.0
1,0.00231170654296875,1,1,1e-06,0.0
1,0.0043430328369140625,1,1,1e-06,0.0
1,0.0026543140411376953,1,1,1e-06,0.0
1,0.0026607513427734375,1,1,1e-06,0.0
1,0.0029435157775878906,1,1,1e-06,0.0
1,0.0027103424072265625,1,1,1e-06,0.0
1,0.0028350353240966797,1,1,1e-06,0.0
1,0.002349853515625,1,1,1e-06,0.0
1,0.002338409423828125,1,1,1e-06,0.0
1,0.0536196231842041,1,1,1e-06,0.0
1,0.0024733543395996094,1,1,1e-06,0.0
1,0.002707958221435547,1,1,1e-06,0.0
1,0.0026025772094726562,1,1,1e-06,0.0
1,0.0065500736236572266,1,1,1e-06,0.0
1,0.0030221939086914062,1,1,1e-06,0.0
1,0.0031251907348632812,1,1,1e-06,0.0
1,0.0021364688873291016,1,1,1e-06,0.0
1,0.00299072265625,1,1,1e-06,0.0
1,0.0025544166564941406,1,1,1e-06,0.0
1,0.002062082290649414,1,1,1e-06,0.0
1,0.0024442672729492188,1,1,1e-06,0.0
1,0.002660512924194336,1,1,1e-06,0.0
1,0.004561901092529297,1,1,1e-06,0.0
1,0.002781391143798828,1,1,1e-06,0.0
1,0.0025577545166015625,1,1,1e-06,0.0
1,0.005753755569458008,1,1,1e-06,0.0
1,0.003966331481933594,1,1,1e-06,0.0
1,0.0040645599365234375,1,1,1e-06,0.0
1,0.0021164417266845703,1,1,1e-06,0.0
1,0.0021147727966308594,1,1,1e-06,0.0
1,0.002980470657348633,1,1,1e-06,0.0
1,0.002618074417114258,1,1,1e-06,0.0
1,0.0032684803009033203,1,1,1e-06,0.0
1,0.002708911895751953,1,1,1e-06,0.0
1,0.0024483203887939453,1,1,1e-06,0.0
1,0.002332448959350586,1,1,1e-06,0.0
1,0.0028378963470458984,1,1,1e-06,0.0
1,0.002843141555786133,1,1,1e-06,0.0
1,0.002996683120727539,1,1,1e-06,0.0
1,0.0023508071899414062,1,1,1e-06,0.0
1,0.003057718276977539,1,1,1e-06,0.0
1,0.0022783279418945312,1,1,1e-06,0.0
1,0.002593517303466797,1,1,1e-06,0.0
1,0.004198789596557617,1,1,1e-06,0.0
1,0.0025904178619384766,1,1,1e-06,0.0
1,0.003311634063720703,1,1,1e-06,0.0
1,0.0022487640380859375,1,1,1e-06,0.0
1,0.0018761157989501953,1,1,1e-06,0.0
1,0.0020003318786621094,1,1,1e-06,0.0
1,0.0020360946655273438,1,1,1e-06,0.0
1,0.0027627944946289062,1,1,1e-06,0.0
1,0.002429485321044922,1,1,1e-06,0.0
1,0.002525806427001953,1,1,1e-06,0.0
1,0.002176523208618164,1,1,1e-06,0.0
1,0.0028183460235595703,1,1,1e-06,0.0
1,0.002389669418334961,1,1,1e-06,0.0
1,0.0022499561309814453,1,1,1e-06,0.0
1,0.0023832321166992188,1,1,1e-06,0.0
1,0.0024340152740478516,1,1,1e-06,0.0
1,0.0024280548095703125,1,1,1e-06,0.0
1,0.02367854118347168,1,1,1e-06,0.0
1,0.0025475025177001953,1,1,1e-06,0.0
1,0.0024566650390625,1,1,1e-06,0.0
1,0.0028803348541259766,1,1,1e-06,0.0
1,0.00705409049987793,1,1,1e-06,0.0
1,0.02550792694091797,1,1,1e-06,0.0
1,0.0029516220092773438,1,1,1e-06,0.0
1,0.0026013851165771484,1,1,1e-06,0.0
1,0.002230405807495117,1,1,1e-06,0.0
1,0.001954317092895508,1,1,1e-06,0.0
1,0.0018050670623779297,1,1,1e-06,0.0
1,0.0029337406158447266,1,1,1e-06,0.0
1,0.003069162368774414,1,1,1e-06,0.0
1,0.002802133560180664,1,1,1e-06,0.0
1,0.003053903579711914,1,1,1e-06,0.0
1,0.0027174949645996094,1,1,1e-06,0.0
1,0.020206451416015625,1,1,1e-06,0.0
1,0.002658843994140625,1,1,1e-06,0.0
1,0.003119230270385742,1,1,1e-06,0.0
1,0.0027484893798828125,1,1,1e-06,0.0
1,0.002608776092529297,1,1,1e-06,0.0
1,0.0023527145385742188,1,1,1e-06,0.0
1,0.0022721290588378906,1,1,1e-06,0.0
1,0.0022935867309570312,1,1,1e-06,0.0
1,0.00283050537109375,1,1,1e-06,0.0
1,0.0019443035125732422,1,1,1e-06,0.0
1,0.0020275115966796875,1,1,1e-06,0.0
1,0.001789093017578125,1,1,1e-06,0.0
1,0.0020411014556884766,1,1,1e-06,0.0
1,0.0018138885498046875,1,1,1e-06,0.0
1,0.0018744468688964844,1,1,1e-06,0.0
1,0.002190113067626953,1,1,1e-06,0.0
1,0.0023326873779296875,1,1,1e-06,0.0
1,0.0037755966186523438,1,1,1e-06,0.0
1,0.0023355484008789062,1,1,1e-06,0.0
1,0.0024263858795166016,1,1,1e-06,0.0
1,0.0025129318237304688,1,1,1e-06,0.0
1,0.002149820327758789,1,1,1e-06,0.0
1,0.0022089481353759766,1,1,1e-06,0.0
1,0.002299070358276367,1,1,1e-06,0.0
1,0.0023381710052490234,1,1,1e-06,0.0
1,0.0018434524536132812,1,1,1e-06,0.0
1,0.0019443035125732422,1,1,1e-06,0.0
1,0.001809835433959961,1,1,1e-06,0.0
1,0.014528274536132812,1,1,1e-06,0.0
1,0.0021829605102539062,1,1,1e-06,0.0
1,0.002324342727661133,1,1,1e-06,0.0
1,0.002625703811645508,1,1,1e-06,0.0
1,0.002664804458618164,1,1,1e-06,0.0
1,0.002428770065307617,1,1,1e-06,0.0
1,0.0021936893463134766,1,1,1e-06,0.0
1,0.0024652481079101562,1,1,1e-06,0.0
1,0.0029680728912353516,1,1,1e-06,0.0
1,0.00241851806640625,1,1,1e-06,0.0
1,0.0022699832916259766,1,1,1e-06,0.0
1,0.0034058094024658203,1,1,1e-06,0.0
1,0.0017578601837158203,1,1,1e-06,0.0
1,0.0019180774688720703,1,1,1e-06,0.0
1,0.001882791519165039,1,1,1e-06,0.0
1,0.0028514862060546875,1,1,1e-06,0.0
1,0.0024352073669433594,1,1,1e-06,0.0
1,0.0025746822357177734,1,1,1e-06,0.0
1,0.0032041072845458984,1,1,1e-06,0.0
1,0.0025739669799804688,1,1,1e-06,0.0
1,0.0022478103637695312,1,1,1e-06,0.0
1,0.0032765865325927734,1,1,1e-06,0.0
1,0.003808736801147461,1,1,1e-06,0.0
1,0.0024187564849853516,1,1,1e-06,0.0
1,0.002421140670776367,1,1,1e-06,0.0
1,0.003127574920654297,1,1,1e-06,0.0
1,0.003224611282348633,1,1,1e-06,0.0
1,0.0025703907012939453,1,1,1e-06,0.0
1,0.0027611255645751953,1,1,1e-06,0.0
1,0.0025177001953125,1,1,1e-06,0.0
1,0.0033037662506103516,1,1,1e-06,0.0
1,0.0024025440216064453,1,1,1e-06,0.0
1,0.06559586524963379,1,1,1e-06,0.0
1,0.0026199817657470703,1,1,1e-06,0.0
1,0.0022330284118652344,1,1,1e-06,0.0
1,0.002956390380859375,1,1,1e-06,0.0
1,0.002531290054321289,1,1,1e-06,0.0
1,0.002981424331665039,1,1,1e-06,0.0
1,0.0029311180114746094,1,1,1e-06,0.0
1,0.0021440982818603516,1,1,1e-06,0.0
1,0.007558584213256836,1,1,1e-06,0.0
1,0.0028891563415527344,1,1,1e-06,0.0
1,0.0035507678985595703,1,1,1e-06,0.0
1,0.0019805431365966797,1,1,1e-06,0.0
1,0.002026796340942383,1,1,1e-06,0.0
1,0.0034935474395751953,1,1,1e-06,0.0
1,0.02276611328125,1,1,1e-06,0.0
1,0.005610942840576172,1,1,1e-06,0.0
1,0.0025060176849365234,1,1,1e-06,0.0
1,0.0025954246520996094,1,1,1e-06,0.0
1,0.23651409149169922,1,1,1e-06,0.0
1,0.0034918785095214844,1,1,1e-06,0.0
1,0.0031816959381103516,1,1,1e-06,0.0
1,0.0025641918182373047,1,1,1e-06,0.0
1,0.002249479293823242,1,1,1e-06,0.0
1,0.001857757568359375,1,1,1e-06,0.0
1,0.0025403499603271484,1,1,1e-06,0.0
1,0.0017483234405517578,1,1,1e-06,0.0
1,0.002529144287109375,1,1,1e-06,0.0
1,0.0022962093353271484,1,1,1e-06,0.0
1,0.0029942989349365234,1,1,1e-06,0.0
1,0.0019960403442382812,1,1,1e-06,0.0
1,0.0033402442932128906,1,1,1e-06,0.0
1,0.002073049545288086,1,1,1e-06,0.0
1,0.0024712085723876953,1,1,1e-06,0.0
1,0.003962278366088867,1,1,1e-06,0.0
1,0.002867460250854492,1,1,1e-06,0.0
1,0.002195596694946289,1,1,1e-06,0.0
1,0.0019311904907226562,1,1,1e-06,0.0
1,0.0028553009033203125,1,1,1e-06,0.0
1,0.002855062484741211,1,1,1e-06,0.0
1,0.0030524730682373047,1,1,1e-06,0.0
1,0.002721548080444336,1,1,1e-06,0.0
1,0.0024182796478271484,1,1,1e-06,0.0
1,0.0026617050170898438,1,1,1e-06,0.0
1,0.002526998519897461,1,1,1e-06,0.0
1,0.0029039382934570312,1,1,1e-06,0.0
1,0.0028018951416015625,1,1,1e-06,0.0
1,0.0030269622802734375,1,1,1e-06,0.0
1,0.002889871597290039,1,1,1e-06,0.0
1,0.0024416446685791016,1,1,1e-06,0.0
1,0.0024738311767578125,1,1,1e-06,0.0
1,0.0031156539916992188,1,1,1e-06,0.0
1,0.002931833267211914,1,1,1e-06,0.0
1,0.002435922622680664,1,1,1e-06,0.0
1,0.0027740001678466797,1,1,1e-06,0.0
1,0.002485990524291992,1,1,1e-06,0.0
1,0.0017981529235839844,1,1,1e-06,0.0
1,0.0022482872009277344,1,1,1e-06,0.0
1,0.0033791065216064453,1,1,1e-06,0.0
1,0.0030031204223632812,1,1,1e-06,0.0
1,0.0026636123657226562,1,1,1e-06,0.0
1,0.0024895668029785156,1,1,1e-06,0.0
1,0.0023353099822998047,1,1,1e-06,0.0
1,0.0026047229766845703,1,1,1e-06,0.0
1,0.0028464794158935547,1,1,1e-06,0.0
1,0.003111600875854492,1,1,1e-06,0.0
1,0.002729177474975586,1,1,1e-06,0.0
1,0.002376079559326172,1,1,1e-06,0.0
1,0.0023741722106933594,1,1,1e-06,0.0
1,0.004580497741699219,1,1,1e-06,0.0
1,0.003125429153442383,1,1,1e-06,0.0
1,0.0023648738861083984,1,1,1e-06,0.0
1,0.0022804737091064453,1,1,1e-06,0.0
1,0.0027124881744384766,1,1,1e-06,0.0
1,0.002379894256591797,1,1,1e-06,0.0
1,0.002366781234741211,1,1,1e-06,0.0
1,0.0024945735931396484,1,1,1e-06,0.0
1,0.0024950504302978516,1,1,1e-06,0.0
1,0.0023615360260009766,1,1,1e-06,0.0
1,0.002361297607421875,1,1,1e-06,0.0
1,0.12259149551391602,1,1,1e-06,0.0
1,0.0023775100708007812,1,1,1e-06,0.0
1,0.0028111934661865234,1,1,1e-06,0.0
1,0.005586862564086914,1,1,1e-06,0.0
1,0.0031294822692871094,1,1,1e-06,0.0
1,0.0023937225341796875,1,1,1e-06,0.0
1,0.0024712085723876953,1,1,1e-06,0.0
1,0.0025758743286132812,1,1,1e-06,0.0
1,0.0022749900817871094,1,1,1e-06,0.0
1,0.0023937225341796875,1,1,1e-06,0.0
1,0.002243518829345703,1,1,1e-06,0.0
1,0.0030040740966796875,1,1,1e-06,0.0
1,0.0026192665100097656,1,1,1e-06,0.0
1,0.0026254653930664062,1,1,1e-06,0.0
1,0.003547191619873047,1,1,1e-06,0.0
1,0.002885580062866211,1,1,1e-06,0.0
1,0.0027856826782226562,1,1,1e-06,0.0
1,0.005155324935913086,1,1,1e-06,0.0
1,0.0021812915802001953,1,1,1e-06,0.0
1,0.002646923065185547,1,1,1e-06,0.0
1,0.001983165740966797,1,1,1e-06,0.0
1,0.002111673355102539,1,1,1e-06,0.0
1,0.0023870468139648438,1,1,1e-06,0.0
1,0.0027227401733398438,1,1,1e-06,0.0
1,0.0019936561584472656,1,1,1e-06,0.0
1,0.0019240379333496094,1,1,1e-06,0.0
1,0.003337383270263672,1,1,1e-06,0.0
1,0.002239704132080078,1,1,1e-06,0.0
1,0.0017752647399902344,1,1,1e-06,0.0
1,0.0024602413177490234,1,1,1e-06,0.0
1,0.0036787986755371094,1,1,1e-06,0.0
1,0.002367258071899414,1,1,1e-06,0.0
1,0.0025768280029296875,1,1,1e-06,0.0
1,0.002625703811645508,1,1,1e-06,0.0
1,0.002250194549560547,1,1,1e-06,0.0
1,0.003917694091796875,1,1,1e-06,0.0
1,0.002769947052001953,1,1,1e-06,0.0
1,0.0023505687713623047,1,1,1e-06,0.0
1,0.003874063491821289,1,1,1e-06,0.0
1,0.0029113292694091797,1,1,1e-06,0.0
1,0.0025072097778320312,1,1,1e-06,0.0
1,0.0026013851165771484,1,1,1e-06,0.0
1,0.0028009414672851562,1,1,1e-06,0.0
1,0.0029261112213134766,1,1,1e-06,0.0
1,0.0032694339752197266,1,1,1e-06,0.0
1,0.002568483352661133,1,1,1e-06,0.0
1,0.002157449722290039,1,1,1e-06,0.0
1,0.012680530548095703,1,1,1e-06,0.0
1,0.0027701854705810547,1,1,1e-06,0.0
1,0.0027551651000976562,1,1,1e-06,0.0
1,0.0025250911712646484,1,1,1e-06,0.0
1,0.003346681594848633,1,1,1e-06,0.0
1,0.002674579620361328,1,1,1e-06,0.0
1,0.02593088150024414,1,1,1e-06,0.0
1,0.0024912357330322266,1,1,1e-06,0.0
1,0.0023229122161865234,1,1,1e-06,0.0
1,0.003129720687866211,1,1,1e-06,0.0
1,0.002639293670654297,1,1,1e-06,0.0
1,0.0022068023681640625,1,1,1e-06,0.0
1,0.002079010009765625,1,1,1e-06,0.0
1,0.001863718032836914,1,1,1e-06,0.0
1,0.002018451690673828,1,1,1e-06,0.0
1,0.001996278762817383,1,1,1e-06,0.0
1,0.0025441646575927734,1,1,1e-06,0.0
1,0.0036478042602539062,1,1,1e-06,0.0
1,0.0036983489990234375,1,1,1e-06,0.0
1,0.0022122859954833984,1,1,1e-06,0.0
1,0.008495330810546875,1,1,1e-06,0.0
1,0.0026209354400634766,1,1,1e-06,0.0
1,0.0022459030151367188,1,1,1e-06,0.0
1,0.0020873546600341797,1,1,1e-06,0.0
1,0.002064228057861328,1,1,1e-06,0.0
1,0.0027589797973632812,1,1,1e-06,0.0
1,0.003047466278076172,1,1,1e-06,0.0
1,0.002775430679321289,1,1,1e-06,0.0
1,0.0037703514099121094,1,1,1e-06,0.0
1,0.001970529556274414,1,1,1e-06,0.0
1,0.002642393112182617,1,1,1e-06,0.0
1,0.002889394760131836,1,1,1e-06,0.0
1,0.0030884742736816406,1,1,1e-06,0.0
1,0.0033469200134277344,1,1,1e-06,0.0
1,0.0027060508728027344,1,1,1e-06,0.0
1,0.002123594284057617,1,1,1e-06,0.0
1,0.0018634796142578125,1,1,1e-06,0.0
1,0.0026941299438476562,1,1,1e-06,0.0
1,0.0036096572875976562,1,1,1e-06,0.0
1,0.013689517974853516,1,1,1e-06,0.0
1,0.003182649612426758,1,1,1e-06,0.0
1,0.0029850006103515625,1,1,1e-06,0.0
1,0.002636432647705078,1,1,1e-06,0.0
1,0.002549886703491211,1,1,1e-06,0.0
1,0.0026688575744628906,1,1,1e-06,0.0
1,0.002524137496948242,1,1,1e-06,0.0
1,0.003140687942504883,1,1,1e-06,0.0
1,0.0031735897064208984,1,1,1e-06,0.0
1,0.002780914306640625,1,1,1e-06,0.0
1,0.0031235218048095703,1,1,1e-06,0.0
1,0.0023272037506103516,1,1,1e-06,0.0
1,0.002535581588745117,1,1,1e-06,0.0
1,0.002594470977783203,1,1,1e-06,0.0
1,0.0028533935546875,1,1,1e-06,0.0
1,0.0018773078918457031,1,1,1e-06,0.0
1,0.002599954605102539,1,1,1e-06,0.0
1,0.003453493118286133,1,1,1e-06,0.0
1,0.002348661422729492,1,1,1e-06,0.0
1,0.0023081302642822266,1,1,1e-06,0.0
1,0.002912759780883789,1,1,1e-06,0.0
1,0.0022258758544921875,1,1,1e-06,0.0
1,0.003916501998901367,1,1,1e-06,0.0
1,0.0028836727142333984,1,1,1e-06,0.0
1,0.0027925968170166016,1,1,1e-06,0.0
1,0.002844095230102539,1,1,1e-06,0.0
1,0.0031311511993408203,1,1,1e-06,0.0
1,0.0024466514587402344,1,1,1e-06,0.0
1,0.0027205944061279297,1,1,1e-06,0.0
1,0.014642000198364258,1,1,1e-06,0.0
1,0.002412557601928711,1,1,1e-06,0.0
1,0.0025529861450195312,1,1,1e-06,0.0
1,0.002105236053466797,1,1,1e-06,0.0
1,0.0025963783264160156,1,1,1e-06,0.0
1,0.0024182796478271484,1,1,1e-06,0.0
1,0.046541690826416016,1,1,1e-06,0.0
1,0.0028755664825439453,1,1,1e-06,0.0
1,0.002027273178100586,1,1,1e-06,0.0
1,0.0026972293853759766,1,1,1e-06,0.0
1,0.002064943313598633,1,1,1e-06,0.0
1,0.0021386146545410156,1,1,1e-06,0.0
1,0.002408266067504883,1,1,1e-06,0.0
1,0.0036203861236572266,1,1,1e-06,0.0
1,0.0024785995483398438,1,1,1e-06,0.0
1,0.0036003589630126953,1,1,1e-06,0.0
1,0.0053899288177490234,1,1,1e-06,0.0
1,0.0031588077545166016,1,1,1e-06,0.0
1,0.003182649612426758,1,1,1e-06,0.0
1,0.006250619888305664,1,1,1e-06,0.0
1,0.0026121139526367188,1,1,1e-06,0.0
1,0.00267791748046875,1,1,1e-06,0.0
1,0.0026826858520507812,1,1,1e-06,0.0
1,0.0030546188354492188,1,1,1e-06,0.0
1,0.010885953903198242,1,1,1e-06,0.0
1,0.0024728775024414062,1,1,1e-06,0.0
1,0.0028586387634277344,1,1,1e-06,0.0
1,0.013152837753295898,1,1,1e-06,0.0
1,0.0029594898223876953,1,1,1e-06,0.0
1,0.002965688705444336,1,1,1e-06,0.0
1,0.0030395984649658203,1,1,1e-06,0.0
1,0.002748250961303711,1,1,1e-06,0.0
1,0.0023987293243408203,1,1,1e-06,0.0
1,0.0028378963470458984,1,1,1e-06,0.0
1,0.0038156509399414062,1,1,1e-06,0.0
1,0.002834320068359375,1,1,1e-06,0.0
1,0.00223541259765625,1,1,1e-06,0.0
1,0.002889394760131836,1,1,1e-06,0.0
1,0.002986907958984375,1,1,1e-06,0.0
1,0.00315093994140625,1,1,1e-06,0.0
1,0.0032618045806884766,1,1,1e-06,0.0
1,0.0030951499938964844,1,1,1e-06,0.0
1,0.0034787654876708984,1,1,1e-06,0.0
1,0.002416849136352539,1,1,1e-06,0.0
1,0.0207061767578125,1,1,1e-06,0.0
1,0.011816024780273438,1,1,1e-06,0.0
1,0.0030374526977539062,1,1,1e-06,0.0
1,0.0023887157440185547,1,1,1e-06,0.0
1,0.002518892288208008,1,1,1e-06,0.0
1,0.003045320510864258,1,1,1e-06,0.0
1,0.0021796226501464844,1,1,1e-06,0.0
1,0.0037381649017333984,1,1,1e-06,0.0
1,0.004212617874145508,1,1,1e-06,0.0
1,0.002863168716430664,1,1,1e-06,0.0
1,0.0028743743896484375,1,1,1e-06,0.0
1,0.0031800270080566406,1,1,1e-06,0.0
1,0.0026702880859375,1,1,1e-06,0.0
1,0.003607034683227539,1,1,1e-06,0.0
1,0.0037682056427001953,1,1,1e-06,0.0
1,0.003660917282104492,1,1,1e-06,0.0
1,0.005621433258056641,1,1,1e-06,0.0
1,0.002857685089111328,1,1,1e-06,0.0
1,0.003967761993408203,1,1,1e-06,0.0
1,0.0025484561920166016,1,1,1e-06,0.0
1,0.0031647682189941406,1,1,1e-06,0.0
1,0.0025892257690429688,1,1,1e-06,0.0
1,0.002730846405029297,1,1,1e-06,0.0
1,0.002867460250854492,1,1,1e-06,0.0
1,0.0032494068145751953,1,1,1e-06,0.0
1,0.0029609203338623047,1,1,1e-06,0.0
1,0.0031807422637939453,1,1,1e-06,0.0
1,0.003412008285522461,1,1,1e-06,0.0
1,0.004353761672973633,1,1,1e-06,0.0
1,0.002175569534301758,1,1,1e-06,0.0
1,0.003027677536010742,1,1,1e-06,0.0
1,0.02206873893737793,1,1,1e-06,0.0
1,0.002389669418334961,1,1,1e-06,0.0
1,0.048627376556396484,1,1,1e-06,0.0
1,0.0035555362701416016,1,1,1e-06,0.0
1,0.0025892257690429688,1,1,1e-06,0.0
1,0.004597663879394531,1,1,1e-06,0.0
1,0.0031490325927734375,1,1,1e-06,0.0
1,0.026499509811401367,1,1,1e-06,0.0
1,0.004374027252197266,1,1,1e-06,0.0
1,0.0025482177734375,1,1,1e-06,0.0
1,0.002797365188598633,1,1,1e-06,0.0
1,0.003374338150024414,1,1,1e-06,0.0
1,0.004174709320068359,1,1,1e-06,0.0
1,0.0025207996368408203,1,1,1e-06,0.0
1,0.002245664596557617,1,1,1e-06,0.0
1,0.003255128860473633,1,1,1e-06,0.0
1,0.01732635498046875,1,1,1e-06,0.0
1,0.004161357879638672,1,1,1e-06,0.0
1,0.0034062862396240234,1,1,1e-06,0.0
1,0.012104034423828125,1,1,1e-06,0.0
1,0.0031859874725341797,1,1,1e-06,0.0
1,0.003149747848510742,1,1,1e-06,0.0
1,0.0044019222259521484,1,1,1e-06,0.0
1,0.0037546157836914062,1,1,1e-06,0.0
1,0.003175973892211914,1,1,1e-06,0.0
1,0.0023374557495117188,1,1,1e-06,0.0
1,0.00241851806640625,1,1,1e-06,0.0
1,0.01105189323425293,1,1,1e-06,0.0
1,0.0032415390014648438,1,1,1e-06,0.0
1,0.002869844436645508,1,1,1e-06,0.0
1,0.0028526782989501953,1,1,1e-06,0.0
1,0.013944149017333984,1,1,1e-06,0.0
1,0.002877473831176758,1,1,1e-06,0.0
1,0.0029554367065429688,1,1,1e-06,0.0
1,0.0049457550048828125,1,1,1e-06,0.0
1,0.0039250850677490234,1,1,1e-06,0.0
1,0.002360820770263672,1,1,1e-06,0.0
1,0.0018496513366699219,1,1,1e-06,0.0
1,0.0025751590728759766,1,1,1e-06,0.0
1,0.002128124237060547,1,1,1e-06,0.0
1,0.0018303394317626953,1,1,1e-06,0.0
1,0.0025267601013183594,1,1,1e-06,0.0
1,0.0036363601684570312,1,1,1e-06,0.0
1,0.002626657485961914,1,1,1e-06,0.0
1,0.004563808441162109,1,1,1e-06,0.0
1,0.005928516387939453,1,1,1e-06,0.0
1,0.002773761749267578,1,1,1e-06,0.0
1,0.002927541732788086,1,1,1e-06,0.0
1,0.0036363601684570312,1,1,1e-06,0.0
1,0.002617359161376953,1,1,1e-06,0.0
1,0.002403736114501953,1,1,1e-06,0.0
1,0.002650737762451172,1,1,1e-06,0.0
1,0.0028219223022460938,1,1,1e-06,0.0
1,0.0029609203338623047,1,1,1e-06,0.0
1,0.002854585647583008,1,1,1e-06,0.0
1,0.0031118392944335938,1,1,1e-06,0.0
1,0.003254413604736328,1,1,1e-06,0.0
1,0.00323486328125,1,1,1e-06,0.0
1,0.002755880355834961,1,1,1e-06,0.0
1,0.002422332763671875,1,1,1e-06,0.0
1,0.0036363601684570312,1,1,1e-06,0.0
1,0.003592252731323242,1,1,1e-06,0.0
1,0.0030794143676757812,1,1,1e-06,0.0
1,0.002888917922973633,1,1,1e-06,0.0
1,0.002693653106689453,1,1,1e-06,0.0
1,0.003080129623413086,1,1,1e-06,0.0
1,0.002928018569946289,1,1,1e-06,0.0
1,0.002898693084716797,1,1,1e-06,0.0
1,0.0024132728576660156,1,1,1e-06,0.0
1,0.0026214122772216797,1,1,1e-06,0.0
1,0.0017795562744140625,1,1,1e-06,0.0
1,0.0018208026885986328,1,1,1e-06,0.0
1,0.0022993087768554688,1,1,1e-06,0.0
1,0.01842021942138672,1,1,1e-06,0.0
1,0.0024788379669189453,1,1,1e-06,0.0
1,0.9927148818969727,1,1,1e-06,0.0
1,0.010679244995117188,1,1,1e-06,0.0
1,0.004130363464355469,1,1,1e-06,0.0
1,0.010548591613769531,1,1,1e-06,0.0
1,0.004576683044433594,1,1,1e-06,0.0
1,0.0053975582122802734,1,1,1e-06,0.0
1,0.011253595352172852,1,1,1e-06,0.0
1,0.0056476593017578125,1,1,1e-06,0.0
1,0.004494190216064453,1,1,1e-06,0.0
1,0.012003183364868164,1,1,1e-06,0.0
1,0.0036966800689697266,1,1,1e-06,0.0
1,0.01073908805847168,1,1,1e-06,0.0
1,0.004657745361328125,1,1,1e-06,0.0
1,0.005491018295288086,1,1,1e-06,0.0
1,0.022556543350219727,1,1,1e-06,0.0
1,0.004870414733886719,1,1,1e-06,0.0
1,0.006007194519042969,1,1,1e-06,0.0
1,0.012588739395141602,1,1,1e-06,0.0
1,0.012374162673950195,1,1,1e-06,0.0
1,0.00643610954284668,1,1,1e-06,0.0
1,0.0054128170013427734,1,1,1e-06,0.0
1,0.005159139633178711,1,1,1e-06,0.0
1,0.035003662109375,1,1,1e-06,0.0
1,0.004532814025878906,1,1,1e-06,0.0
1,0.0025331974029541016,1,1,1e-06,0.0
1,0.003293275833129883,1,1,1e-06,0.0
1,0.00463104248046875,1,1,1e-06,0.0
1,0.004759311676025391,1,1,1e-06,0.0
1,0.0035021305084228516,1,1,1e-06,0.0
1,0.0052607059478759766,1,1,1e-06,0.0
1,0.00404667854309082,1,1,1e-06,0.0
1,0.004602193832397461,1,1,1e-06,0.0
1,0.004939556121826172,1,1,1e-06,0.0
1,0.0036766529083251953,1,1,1e-06,0.0
1,0.003373384475708008,1,1,1e-06,0.0
1,0.004381418228149414,1,1,1e-06,0.0
1,0.0032427310943603516,1,1,1e-06,0.0
1,0.0029816627502441406,1,1,1e-06,0.0
1,0.0032711029052734375,1,1,1e-06,0.0
1,0.003856182098388672,1,1,1e-06,0.0
1,0.004183292388916016,1,1,1e-06,0.0
1,0.0043735504150390625,1,1,1e-06,0.0
1,0.005060434341430664,1,1,1e-06,0.0
1,0.0037746429443359375,1,1,1e-06,0.0
1,0.0029637813568115234,1,1,1e-06,0.0
1,0.0028395652770996094,1,1,1e-06,0.0
1,0.0034732818603515625,1,1,1e-06,0.0
1,0.0030694007873535156,1,1,1e-06,0.0
1,0.03990960121154785,1,1,1e-06,0.0
1,0.003332376480102539,1,1,1e-06,0.0
1,0.003222227096557617,1,1,1e-06,0.0
1,0.004362344741821289,1,1,1e-06,0.0
1,0.0026340484619140625,1,1,1e-06,0.0
1,0.005082845687866211,1,1,1e-06,0.0
1,0.003801107406616211,1,1,1e-06,0.0
1,0.0032629966735839844,1,1,1e-06,0.0
1,0.004425525665283203,1,1,1e-06,0.0
1,0.007615327835083008,1,1,1e-06,0.0
1,0.0047454833984375,1,1,1e-06,0.0
1,0.006577968597412109,1,1,1e-06,0.0
1,0.0034875869750976562,1,1,1e-06,0.0
1,0.0026803016662597656,1,1,1e-06,0.0
1,0.003222227096557617,1,1,1e-06,0.0
1,0.005594015121459961,1,1,1e-06,0.0
1,0.46901559829711914,1,1,1e-06,0.0
0,1.0236058235168457,0,0,,0.0
1,0.0029942989349365234,1,1,1e-06,0.0
1,0.003507375717163086,1,1,1e-06,0.0
1,0.009834766387939453,1,1,1e-06,0.0
1,0.008652448654174805,1,1,1e-06,0.0
1,0.006514072418212891,1,1,1e-06,0.0
1,0.005395412445068359,1,1,1e-06,0.0
1,0.00635981559753418,1,1,1e-06,0.0
1,0.0033774375915527344,1,1,1e-06,0.0
1,0.008014678955078125,1,1,1e-06,0.0
1,0.007994890213012695,1,1,1e-06,0.0
1,0.0030510425567626953,1,1,1e-06,0.0
1,0.008471965789794922,1,1,1e-06,0.0
1,0.006398200988769531,1,1,1e-06,0.0
1,0.004054546356201172,1,1,1e-06,0.0
1,0.012203693389892578,1,1,1e-06,0.0
1,0.01960921287536621,1,1,1e-06,0.0
1,0.0035219192504882812,1,1,1e-06,0.0
1,0.009156227111816406,1,1,1e-06,0.0
1,0.004026651382446289,1,1,1e-06,0.0
1,0.006643772125244141,1,1,1e-06,0.0
1,0.007211446762084961,1,1,1e-06,0.0
1,0.024089336395263672,1,1,1e-06,0.0
1,0.008556365966796875,1,1,1e-06,0.0
1,0.005203962326049805,1,1,1e-06,0.0
1,0.00496983528137207,1,1,1e-06,0.0
1,0.012900590896606445,1,1,1e-06,0.0
1,0.0058634281158447266,1,1,1e-06,0.0
1,0.006766080856323242,1,1,1e-06,0.0
1,0.0041849613189697266,1,1,1e-06,0.0
1,0.007008552551269531,1,1,1e-06,0.0
1,0.006356000900268555,1,1,1e-06,0.0
1,0.007815122604370117,1,1,1e-06,0.0
1,0.004318952560424805,1,1,1e-06,0.0
1,0.0069658756256103516,1,1,1e-06,0.0
1,0.00765681266784668,1,1,1e-06,0.0
1,0.003384828567504883,1,1,1e-06,0.0
1,0.005234956741333008,1,1,1e-06,0.0
1,0.004700660705566406,1,1,1e-06,0.0
1,0.002562999725341797,1,1,1e-06,0.0
1,0.005373954772949219,1,1,1e-06,0.0
1,0.004496097564697266,1,1,1e-06,0.0
1,0.0022215843200683594,1,1,1e-06,0.0
1,0.003122091293334961,1,1,1e-06,0.0
1,0.005658626556396484,1,1,1e-06,0.0
1,0.005422353744506836,1,1,1e-06,0.0
1,0.0065631866455078125,1,1,1e-06,0.0
1,0.004487276077270508,1,1,1e-06,0.0
1,0.02380514144897461,1,1,1e-06,0.0
1,0.012393474578857422,1,1,1e-06,0.0
1,0.006793022155761719,1,1,1e-06,0.0
1,0.004518032073974609,1,1,1e-06,0.0
1,0.006453037261962891,1,1,1e-06,0.0
1,0.0021822452545166016,1,1,1e-06,0.0
1,0.003515005111694336,1,1,1e-06,0.0
1,0.0027103424072265625,1,1,1e-06,0.0
1,0.0029134750366210938,1,1,1e-06,0.0
1,0.0037250518798828125,1,1,1e-06,0.0
1,0.004158735275268555,1,1,1e-06,0.0
1,0.0035715103149414062,1,1,1e-06,0.0
1,0.0029747486114501953,1,1,1e-06,0.0
1,0.00347137451171875,1,1,1e-06,0.0
1,0.0047855377197265625,1,1,1e-06,0.0
1,0.004243612289428711,1,1,1e-06,0.0
1,0.002556324005126953,1,1,1e-06,0.0
1,0.002779722213745117,1,1,1e-06,0.0
1,0.003234386444091797,1,1,1e-06,0.0
1,0.004034519195556641,1,1,1e-06,0.0
1,0.0027773380279541016,1,1,1e-06,0.0
1,0.004200935363769531,1,1,1e-06,0.0
1,0.0042912960052490234,1,1,1e-06,0.0
1,0.0025794506072998047,1,1,1e-06,0.0
1,0.0026390552520751953,1,1,1e-06,0.0
1,0.003123760223388672,1,1,1e-06,0.0
1,0.003269195556640625,1,1,1e-06,0.0
1,0.002282857894897461,1,1,1e-06,0.0
1,0.0028295516967773438,1,1,1e-06,0.0
1,0.0021195411682128906,1,1,1e-06,0.0
1,0.0025472640991210938,1,1,1e-06,0.0
1,0.002638578414916992,1,1,1e-06,0.0
1,0.0033979415893554688,1,1,1e-06,0.0
1,0.0022935867309570312,1,1,1e-06,0.0
1,0.002199411392211914,1,1,1e-06,0.0
1,0.0022706985473632812,1,1,1e-06,0.0
1,0.0032792091369628906,1,1,1e-06,0.0
1,0.004508495330810547,1,1,1e-06,0.0
1,0.002978801727294922,1,1,1e-06,0.0
1,0.003083467483520508,1,1,1e-06,0.0
1,0.002695322036743164,1,1,1e-06,0.0
1,0.0034759044647216797,1,1,1e-06,0.0
1,0.0026504993438720703,1,1,1e-06,0.0
1,0.0021665096282958984,1,1,1e-06,0.0
1,0.0024559497833251953,1,1,1e-06,0.0
1,0.019214630126953125,1,1,1e-06,0.0
1,0.0027234554290771484,1,1,1e-06,0.0
1,0.005060434341430664,1,1,1e-06,0.0
1,0.004655361175537109,1,1,1e-06,0.0
1,0.006477832794189453,1,1,1e-06,0.0
1,0.0030951499938964844,1,1,1e-06,0.0
1,0.06218314170837402,1,1,1e-06,0.0
1,0.004378557205200195,1,1,1e-06,0.0
1,0.003151416778564453,1,1,1e-06,0.0
1,0.002263784408569336,1,1,1e-06,0.0
1,0.0057125091552734375,1,1,1e-06,0.0
1,0.006629228591918945,1,1,1e-06,0.0
1,0.02519059181213379,1,1,1e-06,0.0
1,0.003198385238647461,1,1,1e-06,0.0
1,0.00670313835144043,1,1,1e-06,0.0
1,0.004250526428222656,1,1,1e-06,0.0
1,0.005434751510620117,1,1,1e-06,0.0
1,0.006483554840087891,1,1,1e-06,0.0
1,0.006108283996582031,1,1,1e-06,0.0
1,0.002992391586303711,1,1,1e-06,0.0
1,0.010017871856689453,1,1,1e-06,0.0
1,0.003572702407836914,1,1,1e-06,0.0
1,0.010035991668701172,1,1,1e-06,0.0
1,0.003939390182495117,1,1,1e-06,0.0
1,0.0028798580169677734,1,1,1e-06,0.0
1,0.0029973983764648438,1,1,1e-06,0.0
1,0.0069866180419921875,1,1,1e-06,0.0
1,0.00431060791015625,1,1,1e-06,0.0
1,0.0023126602172851562,1,1,1e-06,0.0
1,0.0033082962036132812,1,1,1e-06,0.0
1,0.003696918487548828,1,1,1e-06,0.0
1,0.0032231807708740234,1,1,1e-06,0.0
1,0.004716157913208008,1,1,1e-06,0.0
1,0.005434274673461914,1,1,1e-06,0.0
1,0.02231740951538086,1,1,1e-06,0.0
1,0.002109050750732422,1,1,1e-06,0.0
1,0.002795696258544922,1,1,1e-06,0.0
1,0.0057871341705322266,1,1,1e-06,0.0
1,0.003080129623413086,1,1,1e-06,0.0
1,0.004114627838134766,1,1,1e-06,0.0
1,0.004274845123291016,1,1,1e-06,0.0
1,0.00420832633972168,1,1,1e-06,0.0
1,0.002973318099975586,1,1,1e-06,0.0
1,0.004694461822509766,1,1,1e-06,0.0
1,0.0053234100341796875,1,1,1e-06,0.0
1,0.004118919372558594,1,1,1e-06,0.0
1,0.0039215087890625,1,1,1e-06,0.0
1,0.004735469818115234,1,1,1e-06,0.0
1,0.0060961246490478516,1,1,1e-06,0.0
1,0.00395512580871582,1,1,1e-06,0.0
1,0.009702682495117188,1,1,1e-06,0.0
1,0.0037009716033935547,1,1,1e-06,0.0
1,0.002418994903564453,1,1,1e-06,0.0
1,0.003394603729248047,1,1,1e-06,0.0
1,0.006072998046875,1,1,1e-06,0.0
1,0.0037927627563476562,1,1,1e-06,0.0
1,0.0022974014282226562,1,1,1e-06,0.0
1,0.002577066421508789,1,1,1e-06,0.0
1,0.0034570693969726562,1,1,1e-06,0.0
1,0.007807016372680664,1,1,1e-06,0.0
1,0.03619527816772461,1,1,1e-06,0.0
1,0.010702371597290039,1,1,1e-06,0.0
1,0.002813577651977539,1,1,1e-06,0.0
1,0.1673429012298584,1,1,1e-06,0.0
1,0.0021195411682128906,1,1,1e-06,0.0
1,0.0029261112213134766,1,1,1e-06,0.0
1,0.002961397171020508,1,1,1e-06,0.0
1,0.009650230407714844,1,1,1e-06,0.0
1,0.003292083740234375,1,1,1e-06,0.0
1,0.0030853748321533203,1,1,1e-06,0.0
1,0.0024390220642089844,1,1,1e-06,0.0
1,0.002081632614135742,1,1,1e-06,0.0
1,0.002902984619140625,1,1,1e-06,0.0
1,0.0031392574310302734,1,1,1e-06,0.0
1,0.002804279327392578,1,1,1e-06,0.0
1,0.0034003257751464844,1,1,1e-06,0.0
1,0.0024564266204833984,1,1,1e-06,0.0
1,0.02509784698486328,1,1,1e-06,0.0
1,0.0036864280700683594,1,1,1e-06,0.0
1,0.003031015396118164,1,1,1e-06,0.0
1,0.003650665283203125,1,1,1e-06,0.0
1,0.0035431385040283203,1,1,1e-06,0.0
1,0.002580881118774414,1,1,1e-06,0.0
1,0.002284526824951172,1,1,1e-06,0.0
1,0.0033416748046875,1,1,1e-06,0.0
0,1.0088317394256592,0,0,,0.0
1,0.002344369888305664,1,1,1e-06,0.0
1,0.003457307815551758,1,1,1e-06,0.0
1,0.0026712417602539062,1,1,1e-06,0.0
1,0.0029387474060058594,1,1,1e-06,0.0
1,0.003122568130493164,1,1,1e-06,0.0
1,0.0030417442321777344,1,1,1e-06,0.0
1,0.003698587417602539,1,1,1e-06,0.0
1,0.004027843475341797,1,1,1e-06,0.0
1,0.004167079925537109,1,1,1e-06,0.0
1,0.004984378814697266,1,1,1e-06,0.0
1,0.00487828254699707,1,1,1e-06,0.0
1,0.004216670989990234,1,1,1e-06,0.0
1,0.003127574920654297,1,1,1e-06,0.0
1,0.0029501914978027344,1,1,1e-06,0.0
1,0.010799169540405273,1,1,1e-06,0.0
1,0.0032863616943359375,1,1,1e-06,0.0
1,0.00527191162109375,1,1,1e-06,0.0
1,0.007687091827392578,1,1,1e-06,0.0
1,0.009683370590209961,1,1,1e-06,0.0
1,0.027496337890625,1,1,1e-06,0.0
1,0.0108795166015625,1,1,1e-06,0.0
1,0.002847909927368164,1,1,1e-06,0.0
1,0.0025472640991210938,1,1,1e-06,0.0
1,0.002869844436645508,1,1,1e-06,0.0
1,0.002702474594116211,1,1,1e-06,0.0
1,0.0028421878814697266,1,1,1e-06,0.0
1,0.0027284622192382812,1,1,1e-06,0.0
1,0.0025794506072998047,1,1,1e-06,0.0
1,0.004972696304321289,1,1,1e-06,0.0
1,0.0027396678924560547,1,1,1e-06,0.0
1,0.002615690231323242,1,1,1e-06,0.0
1,0.002317190170288086,1,1,1e-06,0.0
1,0.0021119117736816406,1,1,1e-06,0.0
1,0.002706289291381836,1,1,1e-06,0.0
1,0.0023403167724609375,1,1,1e-06,0.0
1,0.002295255661010742,1,1,1e-06,0.0
1,0.002332925796508789,1,1,1e-06,0.0
1,0.003192901611328125,1,1,1e-06,0.0
1,0.002910137176513672,1,1,1e-06,0.0
1,0.002921581268310547,1,1,1e-06,0.0
1,0.0026907920837402344,1,1,1e-06,0.0
1,0.0028162002563476562,1,1,1e-06,0.0
1,0.0020155906677246094,1,1,1e-06,0.0
1,0.005085945129394531,1,1,1e-06,0.0
1,0.024888038635253906,1,1,1e-06,0.0
1,0.0019741058349609375,1,1,1e-06,0.0
1,0.0025103092193603516,1,1,1e-06,0.0
1,0.0028913021087646484,1,1,1e-06,0.0
1,0.0041692256927490234,1,1,1e-06,0.0
1,0.0028839111328125,1,1,1e-06,0.0
1,0.01567840576171875,1,1,1e-06,0.0
1,0.003058910369873047,1,1,1e-06,0.0
1,0.0020034313201904297,1,1,1e-06,0.0
1,0.002487659454345703,1,1,1e-06,0.0
1,0.002535581588745117,1,1,1e-06,0.0
1,0.0035796165466308594,1,1,1e-06,0.0
1,0.002269268035888672,1,1,1e-06,0.0
1,0.0025796890258789062,1,1,1e-06,0.0
1,0.0023202896118164062,1,1,1e-06,0.0
1,0.0023849010467529297,1,1,1e-06,0.0
1,0.002705097198486328,1,1,1e-06,0.0
1,0.002923250198364258,1,1,1e-06,0.0
1,0.002712726593017578,1,1,1e-06,0.0
1,0.002554178237915039,1,1,1e-06,0.0
1,0.002544403076171875,1,1,1e-06,0.0
1,0.002555370330810547,1,1,1e-06,0.0
1,0.0033235549926757812,1,1,1e-06,0.0
1,0.002463817596435547,1,1,1e-06,0.0
1,0.002536296844482422,1,1,1e-06,0.0
1,0.002184152603149414,1,1,1e-06,0.0
1,0.002020597457885742,1,1,1e-06,0.0
1,0.0020132064819335938,1,1,1e-06,0.0
1,0.0024781227111816406,1,1,1e-06,0.0
1,0.0028471946716308594,1,1,1e-06,0.0
1,0.0027322769165039062,1,1,1e-06,0.0
1,0.0027103424072265625,1,1,1e-06,0.0
1,0.00251007080078125,1,1,1e-06,0.0
1,0.002424478530883789,1,1,1e-06,0.0
1,0.003984928131103516,1,1,1e-06,0.0
1,0.003566265106201172,1,1,1e-06,0.0
1,0.011598587036132812,1,1,1e-06,0.0
1,0.002889871597290039,1,1,1e-06,0.0
1,0.002302408218383789,1,1,1e-06,0.0
1,0.002286672592163086,1,1,1e-06,0.0
1,0.002329587936401367,1,1,1e-06,0.0
1,0.002836942672729492,1,1,1e-06,0.0
1,0.002857208251953125,1,1,1e-06,0.0
1,0.002696514129638672,1,1,1e-06,0.0
1,0.003266572952270508,1,1,1e-06,0.0
1,0.0036864280700683594,1,1,1e-06,0.0
1,0.005044460296630859,1,1,1e-06,0.0
1,0.0024149417877197266,1,1,1e-06,0.0
1,0.002421140670776367,1,1,1e-06,0.0
1,0.0031621456146240234,1,1,1e-06,0.0
1,0.0036792755126953125,1,1,1e-06,0.0
1,0.0020105838775634766,1,1,1e-06,0.0
1,0.0023758411407470703,1,1,1e-06,0.0
1,0.0025451183319091797,1,1,1e-06,0.0
1,0.0026140213012695312,1,1,1e-06,0.0
1,0.003008604049682617,1,1,1e-06,0.0
1,0.003998756408691406,1,1,1e-06,0.0
1,0.002370595932006836,1,1,1e-06,0.0
1,0.00644373893737793,1,1,1e-06,0.0
1,0.003056049346923828,1,1,1e-06,0.0
1,0.002816915512084961,1,1,1e-06,0.0
1,0.003143310546875,1,1,1e-06,0.0
1,0.007590770721435547,1,1,1e-06,0.0
1,0.002698183059692383,1,1,1e-06,0.0
1,0.002317190170288086,1,1,1e-06,0.0
1,0.00301361083984375,1,1,1e-06,0.0
1,0.0028638839721679688,1,1,1e-06,0.0
1,0.005398273468017578,1,1,1e-06,0.0
1,0.00252532958984375,1,1,1e-06,0.0
1,0.002678394317626953,1,1,1e-06,0.0
1,0.0020623207092285156,1,1,1e-06,0.0
1,0.0031762123107910156,1,1,1e-06,0.0
1,0.0036721229553222656,1,1,1e-06,0.0
1,0.002995014190673828,1,1,1e-06,0.0
1,0.0032682418823242188,1,1,1e-06,0.0
1,0.0029745101928710938,1,1,1e-06,0.0
1,0.0027256011962890625,1,1,1e-06,0.0
1,0.004819393157958984,1,1,1e-06,0.0
1,0.0025496482849121094,1,1,1e-06,0.0
1,0.004458904266357422,1,1,1e-06,0.0
1,0.003749847412109375,1,1,1e-06,0.0
1,0.0022017955780029297,1,1,1e-06,0.0
1,0.0019397735595703125,1,1,1e-06,0.0
1,0.0038750171661376953,1,1,1e-06,0.0
1,0.014926671981811523,1,1,1e-06,0.0
1,0.0027658939361572266,1,1,1e-06,0.0
1,0.0027506351470947266,1,1,1e-06,0.0
1,0.0026302337646484375,1,1,1e-06,0.0
1,0.0031158924102783203,1,1,1e-06,0.0
1,0.0026099681854248047,1,1,1e-06,0.0
1,0.0024695396423339844,1,1,1e-06,0.0
1,0.003911495208740234,1,1,1e-06,0.0
1,0.08566069602966309,1,1,1e-06,0.0
1,0.0027620792388916016,1,1,1e-06,0.0
1,0.0022902488708496094,1,1,1e-06,0.0
1,0.0022742748260498047,1,1,1e-06,0.0
1,0.0025641918182373047,1,1,1e-06,0.0
1,0.0026121139526367188,1,1,1e-06,0.0
1,0.0025675296783447266,1,1,1e-06,0.0
1,0.002604961395263672,1,1,1e-06,0.0
1,0.0019016265869140625,1,1,1e-06,0.0
1,0.002346038818359375,1,1,1e-06,0.0
1,0.0231931209564209,1,1,1e-06,0.0
1,0.0022602081298828125,1,1,1e-06,0.0
1,0.002811431884765625,1,1,1e-06,0.0
1,0.0020973682403564453,1,1,1e-06,0.0
1,0.0017442703247070312,1,1,1e-06,0.0
1,0.0029604434967041016,1,1,1e-06,0.0
1,0.03912830352783203,1,1,1e-06,0.0
1,0.0024929046630859375,1,1,1e-06,0.0
1,0.06351923942565918,1,1,1e-06,0.0
1,0.003916263580322266,1,1,1e-06,0.0
1,0.004361867904663086,1,1,1e-06,0.0
1,0.002962350845336914,1,1,1e-06,0.0
1,0.003946542739868164,1,1,1e-06,0.0
1,0.004271984100341797,1,1,1e-06,0.0
1,0.0023963451385498047,1,1,1e-06,0.0
1,0.018454790115356445,1,1,1e-06,0.0
1,0.0036749839782714844,1,1,1e-06,0.0
1,0.0027375221252441406,1,1,1e-06,0.0
1,0.0035958290100097656,1,1,1e-06,0.0
1,0.004375934600830078,1,1,1e-06,0.0
1,0.00443267822265625,1,1,1e-06,0.0
1,0.004295825958251953,1,1,1e-06,0.0
1,0.0032317638397216797,1,1,1e-06,0.0
1,0.0048732757568359375,1,1,1e-06,0.0
1,0.034354209899902344,1,1,1e-06,0.0
1,0.003005504608154297,1,1,1e-06,0.0
1,0.0030410289764404297,1,1,1e-06,0.0
1,0.002451181411743164,1,1,1e-06,0.0
1,0.0032448768615722656,1,1,1e-06,0.0
1,0.003155946731567383,1,1,1e-06,0.0
1,0.004437685012817383,1,1,1e-06,0.0
1,0.0027773380279541016,1,1,1e-06,0.0
1,0.002721071243286133,1,1,1e-06,0.0
1,0.003252267837524414,1,1,1e-06,0.0
1,0.0034236907958984375,1,1,1e-06,0.0
1,0.002826213836669922,1,1,1e-06,0.0
1,0.003635406494140625,1,1,1e-06,0.0
1,0.002955198287963867,1,1,1e-06,0.0
1,0.003876209259033203,1,1,1e-06,0.0
1,0.004494667053222656,1,1,1e-06,0.0
1,0.0052831172943115234,1,1,1e-06,0.0
1,0.00469660758972168,1,1,1e-06,0.0
1,0.0035774707794189453,1,1,1e-06,0.0
1,0.0037326812744140625,1,1,1e-06,0.0
1,0.004041194915771484,1,1,1e-06,0.0
1,0.002512693405151367,1,1,1e-06,0.0
1,0.0021028518676757812,1,1,1e-06,0.0
1,0.0032956600189208984,1,1,1e-06,0.0
1,0.002885580062866211,1,1,1e-06,0.0
1,0.0036115646362304688,1,1,1e-06,0.0
1,0.0025589466094970703,1,1,1e-06,0.0
1,0.0027811527252197266,1,1,1e-06,0.0
1,0.0035800933837890625,1,1,1e-06,0.0
1,0.0027234554290771484,1,1,1e-06,0.0
1,0.002861499786376953,1,1,1e-06,0.0
1,0.002300739288330078,1,1,1e-06,0.0
1,0.002357959747314453,1,1,1e-06,0.0
1,0.0018265247344970703,1,1,1e-06,0.0
1,0.0016870498657226562,1,1,1e-06,0.0
1,0.0022704601287841797,1,1,1e-06,0.0
1,0.006226539611816406,1,1,1e-06,0.0
1,0.002644777297973633,1,1,1e-06,0.0
1,0.002530813217163086,1,1,1e-06,0.0
1,0.0021941661834716797,1,1,1e-06,0.0
1,0.002349853515625,1,1,1e-06,0.0
1,0.004224538803100586,1,1,1e-06,0.0
1,0.0030422210693359375,1,1,1e-06,0.0
1,0.0022296905517578125,1,1,1e-06,0.0
1,0.002076387405395508,1,1,1e-06,0.0
1,0.0021371841430664062,1,1,1e-06,0.0
1,0.002379179000854492,1,1,1e-06,0.0
1,0.0022406578063964844,1,1,1e-06,0.0
1,0.0028405189514160156,1,1,1e-06,0.0
1,0.002319812774658203,1,1,1e-06,0.0
1,0.00254058837890625,1,1,1e-06,0.0
1,0.0027573108673095703,1,1,1e-06,0.0
1,0.0019137859344482422,1,1,1e-06,0.0
1,0.2746415138244629,1,1,1e-06,0.0
1,0.005013704299926758,1,1,1e-06,0.0
1,0.006472587585449219,1,1,1e-06,0.0
1,0.0035605430603027344,1,1,1e-06,0.0
1,0.0036830902099609375,1,1,1e-06,0.0
1,0.0030748844146728516,1,1,1e-06,0.0
1,0.009693145751953125,1,1,1e-06,0.0
1,0.00511622428894043,1,1,1e-06,0.0
1,0.0040283203125,1,1,1e-06,0.0
1,0.010298728942871094,1,1,1e-06,0.0
1,0.039223432540893555,1,1,1e-06,0.0
1,0.005237102508544922,1,1,1e-06,0.0
1,0.009830236434936523,1,1,1e-06,0.0
1,0.006124019622802734,1,1,1e-06,0.0
1,0.007863044738769531,1,1,1e-06,0.0
1,0.002931356430053711,1,1,1e-06,0.0
1,0.005627155303955078,1,1,1e-06,0.0
1,0.003791332244873047,1,1,1e-06,0.0
1,0.0031986236572265625,1,1,1e-06,0.0
1,0.003748655319213867,1,1,1e-06,0.0
1,0.005860805511474609,1,1,1e-06,0.0
1,0.05601859092712402,1,1,1e-06,0.0
1,0.003055572509765625,1,1,1e-06,0.0
1,0.003530740737915039,1,1,1e-06,0.0
1,0.002742290496826172,1,1,1e-06,0.0
1,0.0064983367919921875,1,1,1e-06,0.0
1,0.003240346908569336,1,1,1e-06,0.0
1,0.0035583972930908203,1,1,1e-06,0.0
1,0.004751443862915039,1,1,1e-06,0.0
1,0.0215606689453125,1,1,1e-06,0.0
1,0.003820657730102539,1,1,1e-06,0.0
1,0.006418943405151367,1,1,1e-06,0.0
1,0.004471540451049805,1,1,1e-06,0.0
1,0.003885507583618164,1,1,1e-06,0.0
1,0.0033953189849853516,1,1,1e-06,0.0
1,0.003220796585083008,1,1,1e-06,0.0
1,0.005259275436401367,1,1,1e-06,0.0
1,0.0036034584045410156,1,1,1e-06,0.0
1,0.0025937557220458984,1,1,1e-06,0.0
1,0.004336357116699219,1,1,1e-06,0.0
1,0.0068645477294921875,1,1,1e-06,0.0
1,0.002421140670776367,1,1,1e-06,0.0
1,0.00238800048828125,1,1,1e-06,0.0
1,0.0031232833862304688,1,1,1e-06,0.0
1,0.0037069320678710938,1,1,1e-06,0.0
1,0.0036406517028808594,1,1,1e-06,0.0
1,0.0040721893310546875,1,1,1e-06,0.0
1,0.0031859874725341797,1,1,1e-06,0.0
1,0.0024480819702148438,1,1,1e-06,0.0
1,0.015185356140136719,1,1,1e-06,0.0
1,0.0026497840881347656,1,1,1e-06,0.0
1,0.002855539321899414,1,1,1e-06,0.0
1,0.0032596588134765625,1,1,1e-06,0.0
1,0.0034165382385253906,1,1,1e-06,0.0
1,0.0041387081146240234,1,1,1e-06,0.0
1,0.0034105777740478516,1,1,1e-06,0.0
1,0.0029044151306152344,1,1,1e-06,0.0
1,0.0035963058471679688,1,1,1e-06,0.0
1,0.003716707229614258,1,1,1e-06,0.0
1,0.004502773284912109,1,1,1e-06,0.0
1,0.0029773712158203125,1,1,1e-06,0.0
1,0.0069124698638916016,1,1,1e-06,0.0
1,0.0030689239501953125,1,1,1e-06,0.0
1,0.003271818161010742,1,1,1e-06,0.0
1,0.009095191955566406,1,1,1e-06,0.0
1,0.005918979644775391,1,1,1e-06,0.0
1,0.004338741302490234,1,1,1e-06,0.0
1,0.010866403579711914,1,1,1e-06,0.0
1,0.005861997604370117,1,1,1e-06,0.0
1,0.010513782501220703,1,1,1e-06,0.0
1,0.004955768585205078,1,1,1e-06,0.0
1,0.003993511199951172,1,1,1e-06,0.0
1,0.005499124526977539,1,1,1e-06,0.0
1,0.010441780090332031,1,1,1e-06,0.0
1,0.009584188461303711,1,1,1e-06,0.0
1,0.013443470001220703,1,1,1e-06,0.0
1,0.009168386459350586,1,1,1e-06,0.0
1,0.004727840423583984,1,1,1e-06,0.0
1,0.009937286376953125,1,1,1e-06,0.0
1,0.010298490524291992,1,1,1e-06,0.0
1,0.009571313858032227,1,1,1e-06,0.0
1,0.010036945343017578,1,1,1e-06,0.0
1,0.004625082015991211,1,1,1e-06,0.0
1,0.009720325469970703,1,1,1e-06,0.0
1,0.005387067794799805,1,1,1e-06,0.0
1,0.0037043094635009766,1,1,1e-06,0.0
1,0.009606361389160156,1,1,1e-06,0.0
1,0.006767749786376953,1,1,1e-06,0.0
1,0.004438161849975586,1,1,1e-06,0.0
1,0.0037593841552734375,1,1,1e-06,0.0
1,0.008919000625610352,1,1,1e-06,0.0
1,0.012279033660888672,1,1,1e-06,0.0
1,0.005749940872192383,1,1,1e-06,0.0
1,0.006071805953979492,1,1,1e-06,0.0
1,0.026962757110595703,1,1,1e-06,0.0
1,0.0037255287170410156,1,1,1e-06,0.0
1,0.0031921863555908203,1,1,1e-06,0.0
1,0.003452301025390625,1,1,1e-06,0.0
1,0.0040895938873291016,1,1,1e-06,0.0
1,0.0030901432037353516,1,1,1e-06,0.0
1,0.0031805038452148438,1,1,1e-06,0.0
1,0.004069089889526367,1,1,1e-06,0.0
1,0.003040313720703125,1,1,1e-06,0.0
1,0.0038597583770751953,1,1,1e-06,0.0
1,0.0027751922607421875,1,1,1e-06,0.0
1,0.003477811813354492,1,1,1e-06,0.0
1,0.003507852554321289,1,1,1e-06,0.0
1,0.0029790401458740234,1,1,1e-06,0.0
1,0.0039556026458740234,1,1,1e-06,0.0
1,0.004072427749633789,1,1,1e-06,0.0
1,0.003337383270263672,1,1,1e-06,0.0
1,0.0044708251953125,1,1,1e-06,0.0
1,0.03913688659667969,1,1,1e-06,0.0
1,0.008364200592041016,1,1,1e-06,0.0
1,0.00405573844909668,1,1,1e-06,0.0
1,0.005689859390258789,1,1,1e-06,0.0
1,0.008688688278198242,1,1,1e-06,0.0
1,0.004520416259765625,1,1,1e-06,0.0
1,0.00850057601928711,1,1,1e-06,0.0
1,0.005419492721557617,1,1,1e-06,0.0
1,0.006227731704711914,1,1,1e-06,0.0
1,0.007463216781616211,1,1,1e-06,0.0
1,0.009236574172973633,1,1,1e-06,0.0
1,0.007151126861572266,1,1,1e-06,0.0
1,0.0060062408447265625,1,1,1e-06,0.0
1,0.006636619567871094,1,1,1e-06,0.0
1,0.006805419921875,1,1,1e-06,0.0
1,0.008163213729858398,1,1,1e-06,0.0
1,0.007877349853515625,1,1,1e-06,0.0
1,0.02463984489440918,1,1,1e-06,0.0
1,0.002981424331665039,1,1,1e-06,0.0
1,0.0034165382385253906,1,1,1e-06,0.0
1,0.052494049072265625,1,1,1e-06,0.0
1,0.0055561065673828125,1,1,1e-06,0.0
1,0.005848884582519531,1,1,1e-06,0.0
1,0.00540924072265625,1,1,1e-06,0.0
1,0.009642601013183594,1,1,1e-06,0.0
1,0.010144233703613281,1,1,1e-06,0.0
1,0.007845878601074219,1,1,1e-06,0.0
1,0.005639314651489258,1,1,1e-06,0.0
1,0.013088464736938477,1,1,1e-06,0.0
1,0.005808830261230469,1,1,1e-06,0.0
1,0.0036852359771728516,1,1,1e-06,0.0
1,0.004232645034790039,1,1,1e-06,0.0
1,0.0038573741912841797,1,1,1e-06,0.0
1,0.002619028091430664,1,1,1e-06,0.0
1,0.00345611572265625,1,1,1e-06,0.0
1,0.0034093856811523438,1,1,1e-06,0.0
1,0.0025086402893066406,1,1,1e-06,0.0
1,0.0029637813568115234,1,1,1e-06,0.0
1,0.002954721450805664,1,1,1e-06,0.0
1,0.0041882991790771484,1,1,1e-06,0.0
1,0.004488229751586914,1,1,1e-06,0.0
1,0.00389862060546875,1,1,1e-06,0.0
1,0.004737138748168945,1,1,1e-06,0.0
1,0.0037550926208496094,1,1,1e-06,0.0
1,0.005002737045288086,1,1,1e-06,0.0
1,0.003419637680053711,1,1,1e-06,0.0
1,0.0040819644927978516,1,1,1e-06,0.0
1,0.008488655090332031,1,1,1e-06,0.0
1,0.007331371307373047,1,1,1e-06,0.0
1,0.005467891693115234,1,1,1e-06,0.0
1,0.011539697647094727,1,1,1e-06,0.0
1,0.004541158676147461,1,1,1e-06,0.0
1,0.004128694534301758,1,1,1e-06,0.0
1,0.004857778549194336,1,1,1e-06,0.0
1,0.004184246063232422,1,1,1e-06,0.0
1,0.004709482192993164,1,1,1e-06,0.0
1,0.007392406463623047,1,1,1e-06,0.0
1,0.005491495132446289,1,1,1e-06,0.0
1,0.005854368209838867,1,1,1e-06,0.0
1,0.006330013275146484,1,1,1e-06,0.0
1,0.025115013122558594,1,1,1e-06,0.0
1,0.005225658416748047,1,1,1e-06,0.0
1,0.00628662109375,1,1,1e-06,0.0
1,0.009055137634277344,1,1,1e-06,0.0
1,0.007794618606567383,1,1,1e-06,0.0
1,0.007696628570556641,1,1,1e-06,0.0
1,0.006947517395019531,1,1,1e-06,0.0
1,0.1853325366973877,1,1,1e-06,0.0
1,0.002847433090209961,1,1,1e-06,0.0
1,0.0033545494079589844,1,1,1e-06,0.0
1,0.003921031951904297,1,1,1e-06,0.0
1,0.0025632381439208984,1,1,1e-06,0.0
1,0.003086566925048828,1,1,1e-06,0.0
1,0.004524946212768555,1,1,1e-06,0.0
1,0.02506852149963379,1,1,1e-06,0.0
1,0.0071620941162109375,1,1,1e-06,0.0
1,0.009923458099365234,1,1,1e-06,0.0
1,0.007822990417480469,1,1,1e-06,0.0
1,0.008112430572509766,1,1,1e-06,0.0
1,0.028607845306396484,1,1,1e-06,0.0
1,0.0034127235412597656,1,1,1e-06,0.0
1,0.005238771438598633,1,1,1e-06,0.0
1,0.04785609245300293,1,1,1e-06,0.0
1,0.008342742919921875,1,1,1e-06,0.0
1,0.006413698196411133,1,1,1e-06,0.0
1,0.004931449890136719,1,1,1e-06,0.0
1,0.09914731979370117,1,1,1e-06,0.0
1,0.003664255142211914,1,1,1e-06,0.0
1,0.002936124801635742,1,1,1e-06,0.0
1,0.003416776657104492,1,1,1e-06,0.0
1,0.0030672550201416016,1,1,1e-06,0.0
1,0.0033311843872070312,1,1,1e-06,0.0
1,0.0030927658081054688,1,1,1e-06,0.0
1,0.0020596981048583984,1,1,1e-06,0.0
1,0.0065157413482666016,1,1,1e-06,0.0
1,0.0037469863891601562,1,1,1e-06,0.0
1,0.0036640167236328125,1,1,1e-06,0.0
1,0.003303050994873047,1,1,1e-06,0.0
1,0.0028908252716064453,1,1,1e-06,0.0
1,0.0035448074340820312,1,1,1e-06,0.0
1,0.0059909820556640625,1,1,1e-06,0.0
1,0.00390625,1,1,1e-06,0.0
1,0.004135847091674805,1,1,1e-06,0.0
1,0.006093025207519531,1,1,1e-06,0.0
1,0.004335880279541016,1,1,1e-06,0.0
1,0.002285480499267578,1,1,1e-06,0.0
1,0.0028710365295410156,1,1,1e-06,0.0
1,0.0031697750091552734,1,1,1e-06,0.0
1,0.003453493118286133,1,1,1e-06,0.0
1,0.004049539566040039,1,1,1e-06,0.0
1,0.003924369812011719,1,1,1e-06,0.0
1,0.006545066833496094,1,1,1e-06,0.0
1,0.003330230712890625,1,1,1e-06,0.0
1,0.005243778228759766,1,1,1e-06,0.0
1,0.003786325454711914,1,1,1e-06,0.0
1,0.003724336624145508,1,1,1e-06,0.0
1,0.027065515518188477,1,1,1e-06,0.0
1,0.004793405532836914,1,1,1e-06,0.0
1,0.010895729064941406,1,1,1e-06,0.0
1,0.007378816604614258,1,1,1e-06,0.0
1,0.014314889907836914,1,1,1e-06,0.0
1,0.018192052841186523,1,1,1e-06,0.0
1,0.005513906478881836,1,1,1e-06,0.0
1,0.006231546401977539,1,1,1e-06,0.0
1,0.002873659133911133,1,1,1e-06,0.0
1,0.011020421981811523,1,1,1e-06,0.0
1,0.0070912837982177734,1,1,1e-06,0.0
1,0.007888078689575195,1,1,1e-06,0.0
1,0.009704351425170898,1,1,1e-06,0.0
1,0.007006406784057617,1,1,1e-06,0.0
1,0.011360645294189453,1,1,1e-06,0.0
1,0.003457784652709961,1,1,1e-06,0.0
1,0.011511087417602539,1,1,1e-06,0.0
1,0.0073969364166259766,1,1,1e-06,0.0
1,0.0033445358276367188,1,1,1e-06,0.0
1,0.00590968132019043,1,1,1e-06,0.0
1,0.006668806076049805,1,1,1e-06,0.0
1,0.006509542465209961,1,1,1e-06,0.0
1,0.0059490203857421875,1,1,1e-06,0.0
1,0.0054552555084228516,1,1,1e-06,0.0
1,0.0029501914978027344,1,1,1e-06,0.0
1,0.005004405975341797,1,1,1e-06,0.0
1,0.002756834030151367,1,1,1e-06,0.0
1,0.004839181900024414,1,1,1e-06,0.0
1,0.0030388832092285156,1,1,1e-06,0.0
1,0.003206491470336914,1,1,1e-06,0.0
1,0.0035240650177001953,1,1,1e-06,0.0
1,0.004137516021728516,1,1,1e-06,0.0
1,0.0033898353576660156,1,1,1e-06,0.0
1,0.003997802734375,1,1,1e-06,0.0
1,0.0029959678649902344,1,1,1e-06,0.0
1,0.003936290740966797,1,1,1e-06,0.0
1,0.004460573196411133,1,1,1e-06,0.0
1,0.13817739486694336,1,1,1e-06,0.0
1,0.009259462356567383,1,1,1e-06,0.0
1,0.01640915870666504,1,1,1e-06,0.0
1,0.005681276321411133,1,1,1e-06,0.0
1,0.004186153411865234,1,1,1e-06,0.0
1,0.002685546875,1,1,1e-06,0.0
1,0.007577657699584961,1,1,1e-06,0.0
1,0.007470607757568359,1,1,1e-06,0.0
1,0.004672050476074219,1,1,1e-06,0.0
1,0.003522634506225586,1,1,1e-06,0.0
1,0.007821321487426758,1,1,1e-06,0.0
1,0.00556635856628418,1,1,1e-06,0.0
1,0.005317211151123047,1,1,1e-06,0.0
1,0.006261110305786133,1,1,1e-06,0.0
1,0.061879634857177734,1,1,1e-06,0.0
1,0.004133701324462891,1,1,1e-06,0.0
1,0.004465341567993164,1,1,1e-06,0.0
1,0.0043849945068359375,1,1,1e-06,0.0
1,0.002954721450805664,1,1,1e-06,0.0
1,0.0034966468811035156,1,1,1e-06,0.0
1,0.0030517578125,1,1,1e-06,0.0
1,0.003679037094116211,1,1,1e-06,0.0
1,0.002833843231201172,1,1,1e-06,0.0
1,0.0033843517303466797,1,1,1e-06,0.0
1,0.0024957656860351562,1,1,1e-06,0.0
1,0.0025475025177001953,1,1,1e-06,0.0
1,0.00606536865234375,1,1,1e-06,0.0
1,0.007012844085693359,1,1,1e-06,0.0
1,0.004799604415893555,1,1,1e-06,0.0
1,0.005100727081298828,1,1,1e-06,0.0
1,0.00559687614440918,1,1,1e-06,0.0
1,0.005332469940185547,1,1,1e-06,0.0
1,0.005606889724731445,1,1,1e-06,0.0
1,0.002780437469482422,1,1,1e-06,0.0
1,0.004392862319946289,1,1,1e-06,0.0
1,0.005136251449584961,1,1,1e-06,0.0
1,0.008974790573120117,1,1,1e-06,0.0
1,0.003125905990600586,1,1,1e-06,0.0
1,0.006215095520019531,1,1,1e-06,0.0
1,0.006740570068359375,1,1,1e-06,0.0
1,0.004037618637084961,1,1,1e-06,0.0
1,0.007097005844116211,1,1,1e-06,0.0
1,0.003584146499633789,1,1,1e-06,0.0
1,0.0034995079040527344,1,1,1e-06,0.0
1,0.003693103790283203,1,1,1e-06,0.0
1,0.0051441192626953125,1,1,1e-06,0.0
1,0.003358125686645508,1,1,1e-06,0.0
1,0.004040241241455078,1,1,1e-06,0.0
1,0.0059278011322021484,1,1,1e-06,0.0
1,0.0056040287017822266,1,1,1e-06,0.0
1,0.0032186508178710938,1,1,1e-06,0.0
1,0.003269195556640625,1,1,1e-06,0.0
1,0.004739999771118164,1,1,1e-06,0.0
1,0.004151582717895508,1,1,1e-06,0.0
1,0.008069992065429688,1,1,1e-06,0.0
1,0.004357099533081055,1,1,1e-06,0.0
1,0.004852771759033203,1,1,1e-06,0.0
1,0.007643222808837891,1,1,1e-06,0.0
1,0.004271030426025391,1,1,1e-06,0.0
1,0.004675865173339844,1,1,1e-06,0.0
1,0.003735780715942383,1,1,1e-06,0.0
1,0.00479578971862793,1,1,1e-06,0.0
1,0.004433393478393555,1,1,1e-06,0.0
1,0.0034265518188476562,1,1,1e-06,0.0
1,0.002765178680419922,1,1,1e-06,0.0
1,0.002440214157104492,1,1,1e-06,0.0
1,0.0035250186920166016,1,1,1e-06,0.0
1,0.0030248165130615234,1,1,1e-06,0.0
1,0.04371142387390137,1,1,1e-06,0.0
1,0.003942966461181641,1,1,1e-06,0.0
1,0.003204345703125,1,1,1e-06,0.0
1,0.00424647331237793,1,1,1e-06,0.0
1,0.018325090408325195,1,1,1e-06,0.0
1,0.002877950668334961,1,1,1e-06,0.0
1,0.0039577484130859375,1,1,1e-06,0.0
1,0.0037872791290283203,1,1,1e-06,0.0
1,0.0031414031982421875,1,1,1e-06,0.0
1,0.0024154186248779297,1,1,1e-06,0.0
1,0.0028553009033203125,1,1,1e-06,0.0
1,0.0035293102264404297,1,1,1e-06,0.0
1,0.003478527069091797,1,1,1e-06,0.0
1,0.018567323684692383,1,1,1e-06,0.0
1,0.003556489944458008,1,1,1e-06,0.0
1,0.003760814666748047,1,1,1e-06,0.0
1,0.0039522647857666016,1,1,1e-06,0.0
1,0.003606557846069336,1,1,1e-06,0.0
1,0.0030972957611083984,1,1,1e-06,0.0
1,0.005686521530151367,1,1,1e-06,0.0
1,0.0052988529205322266,1,1,1e-06,0.0
1,0.004047870635986328,1,1,1e-06,0.0
1,0.0030431747436523438,1,1,1e-06,0.0
1,0.0027055740356445312,1,1,1e-06,0.0
1,0.003911018371582031,1,1,1e-06,0.0
1,0.004717826843261719,1,1,1e-06,0.0
1,0.004451274871826172,1,1,1e-06,0.0
1,0.0029463768005371094,1,1,1e-06,0.0
1,0.0036492347717285156,1,1,1e-06,0.0
1,0.0037660598754882812,1,1,1e-06,0.0
1,0.0037965774536132812,1,1,1e-06,0.0
1,0.003319978713989258,1,1,1e-06,0.0
1,0.003916025161743164,1,1,1e-06,0.0
1,0.0035064220428466797,1,1,1e-06,0.0
1,0.0059051513671875,1,1,1e-06,0.0
1,0.008040189743041992,1,1,1e-06,0.0
1,0.0046765804290771484,1,1,1e-06,0.0
1,0.005715608596801758,1,1,1e-06,0.0
1,0.0043048858642578125,1,1,1e-06,0.0
1,0.005066871643066406,1,1,1e-06,0.0
1,0.004092693328857422,1,1,1e-06,0.0
1,0.024764060974121094,1,1,1e-06,0.0
1,0.006582021713256836,1,1,1e-06,0.0
1,0.005756855010986328,1,1,1e-06,0.0
1,0.003839254379272461,1,1,1e-06,0.0
1,0.004479885101318359,1,1,1e-06,0.0
1,0.003997087478637695,1,1,1e-06,0.0
1,0.004385471343994141,1,1,1e-06,0.0
1,0.008157968521118164,1,1,1e-06,0.0
1,0.005411624908447266,1,1,1e-06,0.0
1,0.17547273635864258,1,1,1e-06,0.0
1,0.004293918609619141,1,1,1e-06,0.0
1,0.006056308746337891,1,1,1e-06,0.0
1,0.002688884735107422,1,1,1e-06,0.0
1,0.026001930236816406,1,1,1e-06,0.0
1,1.0498542785644531,1,1,1e-06,0.0
1,0.0042798519134521484,1,1,1e-06,0.0
1,0.005236148834228516,1,1,1e-06,0.0
1,0.005296945571899414,1,1,1e-06,0.0
1,0.005793094635009766,1,1,1e-06,0.0
1,0.0026683807373046875,1,1,1e-06,0.0
1,0.013253927230834961,1,1,1e-06,0.0
1,0.006411075592041016,1,1,1e-06,0.0
1,0.0031387805938720703,1,1,1e-06,0.0
1,0.0033371448516845703,1,1,1e-06,0.0
1,0.0035200119018554688,1,1,1e-06,0.0
1,0.0951077938079834,1,1,1e-06,0.0
0,1.5515742301940918,0,0,,0.0
1,0.005803108215332031,1,1,1e-06,0.0
1,0.0034856796264648438,1,1,1e-06,0.0
1,0.0038530826568603516,1,1,1e-06,0.0
1,0.002815723419189453,1,1,1e-06,0.0
1,0.0030906200408935547,1,1,1e-06,0.0
1,0.003639698028564453,1,1,1e-06,0.0
1,0.007803440093994141,1,1,1e-06,0.0
1,0.002979755401611328,1,1,1e-06,0.0
1,0.0045642852783203125,1,1,1e-06,0.0
1,0.003148317337036133,1,1,1e-06,0.0
1,0.005615949630737305,1,1,1e-06,0.0
1,0.0680232048034668,1,1,1e-06,0.0
1,0.002664327621459961,1,1,1e-06,0.0
1,0.02535104751586914,1,1,1e-06,0.0
1,0.0027539730072021484,1,1,1e-06,0.0
1,0.011902093887329102,1,1,1e-06,0.0
1,0.002815723419189453,1,1,1e-06,0.0
1,0.011631011962890625,1,1,1e-06,0.0
1,0.010818958282470703,1,1,1e-06,0.0
1,0.005238056182861328,1,1,1e-06,0.0
1,0.003849029541015625,1,1,1e-06,0.0
1,0.011654138565063477,1,1,1e-06,0.0
1,0.003667116165161133,1,1,1e-06,0.0
1,0.002478361129760742,1,1,1e-06,0.0
1,0.0030672550201416016,1,1,1e-06,0.0
1,0.0028219223022460938,1,1,1e-06,0.0
1,0.0723109245300293,1,1,1e-06,0.0
1,0.0036652088165283203,1,1,1e-06,0.0
1,0.002567291259765625,1,1,1e-06,0.0
1,0.01149129867553711,1,1,1e-06,0.0
1,0.004423618316650391,1,1,1e-06,0.0
1,0.0037107467651367188,1,1,1e-06,0.0
1,0.011115312576293945,1,1,1e-06,0.0
1,0.0037093162536621094,1,1,1e-06,0.0
1,0.005231380462646484,1,1,1e-06,0.0
1,0.009966373443603516,1,1,1e-06,0.0
1,0.01248478889465332,1,1,1e-06,0.0
1,0.003723621368408203,1,1,1e-06,0.0
1,0.0027344226837158203,1,1,1e-06,0.0
1,0.012517213821411133,1,1,1e-06,0.0
1,0.006272792816162109,1,1,1e-06,0.0
1,0.0035631656646728516,1,1,1e-06,0.0
1,0.010455131530761719,1,1,1e-06,0.0
1,0.0042002201080322266,1,1,1e-06,0.0
1,0.004139423370361328,1,1,1e-06,0.0
1,0.01232767105102539,1,1,1e-06,0.0
1,0.0039055347442626953,1,1,1e-06,0.0
1,0.006632566452026367,1,1,1e-06,0.0
1,0.0031740665435791016,1,1,1e-06,0.0
1,0.003786325454711914,1,1,1e-06,0.0
1,0.0668940544128418,1,1,1e-06,0.0
1,0.012753963470458984,1,1,1e-06,0.0
1,0.005320310592651367,1,1,1e-06,0.0
1,0.0033593177795410156,1,1,1e-06,0.0
1,0.0028667449951171875,1,1,1e-06,0.0
1,0.0031883716583251953,1,1,1e-06,0.0
1,0.005319356918334961,1,1,1e-06,0.0
1,0.0034155845642089844,1,1,1e-06,0.0
1,0.012505054473876953,1,1,1e-06,0.0
1,0.0030846595764160156,1,1,1e-06,0.0
1,0.0030460357666015625,1,1,1e-06,0.0
1,0.01292109489440918,1,1,1e-06,0.0
1,0.0037779808044433594,1,1,1e-06,0.0
1,0.011778116226196289,1,1,1e-06,0.0
1,0.003954410552978516,1,1,1e-06,0.0
1,0.003805398941040039,1,1,1e-06,0.0
1,0.013096809387207031,1,1,1e-06,0.0
1,0.03731894493103027,1,1,1e-06,0.0
1,0.0034170150756835938,1,1,1e-06,0.0
1,0.0027723312377929688,1,1,1e-06,0.0
1,0.2685515880584717,1,1,1e-06,0.0
1,0.004027128219604492,1,1,1e-06,0.0
1,0.003286600112915039,1,1,1e-06,0.0
1,0.00290679931640625,1,1,1e-06,0.0
1,0.00579833984375,1,1,1e-06,0.0
1,0.002706289291381836,1,1,1e-06,0.0
1,0.0033113956451416016,1,1,1e-06,0.0
1,0.0033507347106933594,1,1,1e-06,0.0
1,0.0029265880584716797,1,1,1e-06,0.0
1,0.004550933837890625,1,1,1e-06,0.0
1,0.0026471614837646484,1,1,1e-06,0.0
1,0.0021576881408691406,1,1,1e-06,0.0
1,0.0038690567016601562,1,1,1e-06,0.0
0,1.012524127960205,0,0,,0.0
1,0.004631519317626953,1,1,1e-06,0.0
1,0.007477760314941406,1,1,1e-06,0.0
1,0.005154132843017578,1,1,1e-06,0.0
1,0.00859832763671875,1,1,1e-06,0.0
1,0.004186153411865234,1,1,1e-06,0.0
1,0.004879951477050781,1,1,1e-06,0.0
1,0.004085540771484375,1,1,1e-06,0.0
1,0.0037772655487060547,1,1,1e-06,0.0
1,0.007429361343383789,1,1,1e-06,0.0
1,0.0058934688568115234,1,1,1e-06,0.0
1,0.007491350173950195,1,1,1e-06,0.0
1,0.004280805587768555,1,1,1e-06,0.0
1,0.004845857620239258,1,1,1e-06,0.0
1,0.003961086273193359,1,1,1e-06,0.0
1,0.0038068294525146484,1,1,1e-06,0.0
1,0.003854513168334961,1,1,1e-06,0.0
1,0.003591775894165039,1,1,1e-06,0.0
1,0.0061588287353515625,1,1,1e-06,0.0
1,0.002727508544921875,1,1,1e-06,0.0
1,0.0030286312103271484,1,1,1e-06,0.0
1,0.0026273727416992188,1,1,1e-06,0.0
1,0.0037708282470703125,1,1,1e-06,0.0
1,0.0034055709838867188,1,1,1e-06,0.0
1,0.0033164024353027344,1,1,1e-06,0.0
1,0.0027327537536621094,1,1,1e-06,0.0
1,0.0028400421142578125,1,1,1e-06,0.0
1,0.0036163330078125,1,1,1e-06,0.0
1,0.0030586719512939453,1,1,1e-06,0.0
1,0.0038270950317382812,1,1,1e-06,0.0
1,0.0032663345336914062,1,1,1e-06,0.0
1,0.002889871597290039,1,1,1e-06,0.0
1,0.0035545825958251953,1,1,1e-06,0.0
1,0.004205942153930664,1,1,1e-06,0.0
1,0.0056340694427490234,1,1,1e-06,0.0
1,0.0032749176025390625,1,1,1e-06,0.0
1,0.003939390182495117,1,1,1e-06,0.0
1,0.0035262107849121094,1,1,1e-06,0.0
1,0.0030689239501953125,1,1,1e-06,0.0
1,0.004229307174682617,1,1,1e-06,0.0
1,0.004926204681396484,1,1,1e-06,0.0
1,0.005867719650268555,1,1,1e-06,0.0
1,0.004080533981323242,1,1,1e-06,0.0
1,0.003297090530395508,1,1,1e-06,0.0
1,0.008426904678344727,1,1,1e-06,0.0
1,0.0075092315673828125,1,1,1e-06,0.0
1,0.0031082630157470703,1,1,1e-06,0.0
1,0.0033500194549560547,1,1,1e-06,0.0
1,0.0033659934997558594,1,1,1e-06,0.0
1,0.004210472106933594,1,1,1e-06,0.0
1,0.002915620803833008,1,1,1e-06,0.0
1,0.0042726993560791016,1,1,1e-06,0.0
1,0.005650997161865234,1,1,1e-06,0.0
1,0.0035414695739746094,1,1,1e-06,0.0
1,0.0051271915435791016,1,1,1e-06,0.0
1,0.005162477493286133,1,1,1e-06,0.0
1,0.004004001617431641,1,1,1e-06,0.0
1,0.005750894546508789,1,1,1e-06,0.0
1,0.03959226608276367,1,1,1e-06,0.0
1,0.0032248497009277344,1,1,1e-06,0.0
1,0.003309011459350586,1,1,1e-06,0.0
1,0.0037946701049804688,1,1,1e-06,0.0
1,0.0033805370330810547,1,1,1e-06,0.0
1,0.005157947540283203,1,1,1e-06,0.0
1,0.003077268600463867,1,1,1e-06,0.0
1,0.003086566925048828,1,1,1e-06,0.0
1,0.004750728607177734,1,1,1e-06,0.0
1,0.003552675247192383,1,1,1e-06,0.0
1,0.003883838653564453,1,1,1e-06,0.0
1,0.005068778991699219,1,1,1e-06,0.0
1,0.0036449432373046875,1,1,1e-06,0.0
1,0.0031206607818603516,1,1,1e-06,0.0
1,0.0026810169219970703,1,1,1e-06,0.0
1,0.0030045509338378906,1,1,1e-06,0.0
1,0.002807140350341797,1,1,1e-06,0.0
1,0.00295257568359375,1,1,1e-06,0.0
1,0.004671573638916016,1,1,1e-06,0.0
1,0.03931164741516113,1,1,1e-06,0.0
1,0.0026350021362304688,1,1,1e-06,0.0
1,0.03838682174682617,1,1,1e-06,0.0
1,0.002605915069580078,1,1,1e-06,0.0
1,0.0023620128631591797,1,1,1e-06,0.0
1,0.0024504661560058594,1,1,1e-06,0.0
1,0.0023703575134277344,1,1,1e-06,0.0
1,0.002818584442138672,1,1,1e-06,0.0
1,0.0028710365295410156,1,1,1e-06,0.0
1,0.0035746097564697266,1,1,1e-06,0.0
1,0.0034637451171875,1,1,1e-06,0.0
1,0.0027260780334472656,1,1,1e-06,0.0
1,0.003263711929321289,1,1,1e-06,0.0
1,0.0029914379119873047,1,1,1e-06,0.0
1,0.002741575241088867,1,1,1e-06,0.0
1,0.002960681915283203,1,1,1e-06,0.0
1,0.0028324127197265625,1,1,1e-06,0.0
1,0.0026230812072753906,1,1,1e-06,0.0
1,0.0023965835571289062,1,1,1e-06,0.0
1,0.003160715103149414,1,1,1e-06,0.0
1,0.0025718212127685547,1,1,1e-06,0.0
1,0.0025930404663085938,1,1,1e-06,0.0
1,0.0034160614013671875,1,1,1e-06,0.0
1,0.03677940368652344,1,1,1e-06,0.0
1,0.0028839111328125,1,1,1e-06,0.0
1,0.002201557159423828,1,1,1e-06,0.0
1,0.0022966861724853516,1,1,1e-06,0.0
1,0.0023183822631835938,1,1,1e-06,0.0
1,0.0019354820251464844,1,1,1e-06,0.0
1,0.002644777297973633,1,1,1e-06,0.0
1,0.002727985382080078,1,1,1e-06,0.0
1,0.0026886463165283203,1,1,1e-06,0.0
1,0.002819538116455078,1,1,1e-06,0.0
1,0.0048329830169677734,1,1,1e-06,0.0
1,0.0032417774200439453,1,1,1e-06,0.0
1,0.0027205944061279297,1,1,1e-06,0.0
1,0.03999614715576172,1,1,1e-06,0.0
1,0.0023000240325927734,1,1,1e-06,0.0
1,0.004525184631347656,1,1,1e-06,0.0
1,0.0028057098388671875,1,1,1e-06,0.0
1,0.002295970916748047,1,1,1e-06,0.0
1,0.002372264862060547,1,1,1e-06,0.0
1,0.002140045166015625,1,1,1e-06,0.0
1,0.0023458003997802734,1,1,1e-06,0.0
1,0.003305196762084961,1,1,1e-06,0.0
1,0.002463102340698242,1,1,1e-06,0.0
1,0.0021963119506835938,1,1,1e-06,0.0
1,0.0031862258911132812,1,1,1e-06,0.0
1,0.004101991653442383,1,1,1e-06,0.0
1,0.0029528141021728516,1,1,1e-06,0.0
1,0.002814054489135742,1,1,1e-06,0.0
1,0.0032503604888916016,1,1,1e-06,0.0
1,0.003757476806640625,1,1,1e-06,0.0
1,0.003438234329223633,1,1,1e-06,0.0
1,0.0037076473236083984,1,1,1e-06,0.0
1,0.0057637691497802734,1,1,1e-06,0.0
1,0.004543781280517578,1,1,1e-06,0.0
1,0.0036127567291259766,1,1,1e-06,0.0
1,0.004244089126586914,1,1,1e-06,0.0
1,0.003083944320678711,1,1,1e-06,0.0
1,0.004965066909790039,1,1,1e-06,0.0
1,0.004426479339599609,1,1,1e-06,0.0
1,0.0031290054321289062,1,1,1e-06,0.0
1,0.004023075103759766,1,1,1e-06,0.0
1,0.007016658782958984,1,1,1e-06,0.0
1,0.0043239593505859375,1,1,1e-06,0.0
1,0.004414558410644531,1,1,1e-06,0.0
1,0.002784252166748047,1,1,1e-06,0.0
1,0.0028078556060791016,1,1,1e-06,0.0
1,0.002849102020263672,1,1,1e-06,0.0
1,0.004708766937255859,1,1,1e-06,0.0
1,0.0029687881469726562,1,1,1e-06,0.0
1,0.0019812583923339844,1,1,1e-06,0.0
1,0.00307464599609375,1,1,1e-06,0.0
1,0.003946065902709961,1,1,1e-06,0.0
1,0.0024826526641845703,1,1,1e-06,0.0
1,0.0029027462005615234,1,1,1e-06,0.0
1,0.0028963088989257812,1,1,1e-06,0.0
1,0.002440214157104492,1,1,1e-06,0.0
1,0.01117253303527832,1,1,1e-06,0.0
1,0.0029516220092773438,1,1,1e-06,0.0
1,0.002554655075073242,1,1,1e-06,0.0
1,0.0035903453826904297,1,1,1e-06,0.0
1,0.003289461135864258,1,1,1e-06,0.0
1,0.0031800270080566406,1,1,1e-06,0.0
1,0.028764963150024414,1,1,1e-06,0.0
1,0.002676725387573242,1,1,1e-06,0.0
1,0.0028727054595947266,1,1,1e-06,0.0
1,0.004991292953491211,1,1,1e-06,0.0
1,0.0028142929077148438,1,1,1e-06,0.0
1,0.01753544807434082,1,1,1e-06,0.0
1,0.002252340316772461,1,1,1e-06,0.0
1,0.0030336380004882812,1,1,1e-06,0.0
1,0.0020508766174316406,1,1,1e-06,0.0
1,0.003559112548828125,1,1,1e-06,0.0
1,0.0024538040161132812,1,1,1e-06,0.0
1,0.0029931068420410156,1,1,1e-06,0.0
1,0.0025048255920410156,1,1,1e-06,0.0
1,0.002263784408569336,1,1,1e-06,0.0
1,0.0027587413787841797,1,1,1e-06,0.0
1,0.002400636672973633,1,1,1e-06,0.0
1,0.0018684864044189453,1,1,1e-06,0.0
1,0.0015878677368164062,1,1,1e-06,0.0
1,0.003429412841796875,1,1,1e-06,0.0
1,0.039757490158081055,1,1,1e-06,0.0
1,0.0021369457244873047,1,1,1e-06,0.0
1,0.002521514892578125,1,1,1e-06,0.0
1,0.0023200511932373047,1,1,1e-06,0.0
1,0.00881338119506836,1,1,1e-06,0.0
1,0.002445220947265625,1,1,1e-06,0.0
1,0.0025451183319091797,1,1,1e-06,0.0
1,0.0028073787689208984,1,1,1e-06,0.0
1,0.003397703170776367,1,1,1e-06,0.0
1,0.0031385421752929688,1,1,1e-06,0.0
1,0.002104520797729492,1,1,1e-06,0.0
1,0.002073526382446289,1,1,1e-06,0.0
1,0.0026721954345703125,1,1,1e-06,0.0
1,0.002355337142944336,1,1,1e-06,0.0
1,0.0023424625396728516,1,1,1e-06,0.0
1,0.002739429473876953,1,1,1e-06,0.0
1,0.0030651092529296875,1,1,1e-06,0.0
1,0.0032994747161865234,1,1,1e-06,0.0
1,0.0028340816497802734,1,1,1e-06,0.0
1,0.06632161140441895,1,1,1e-06,0.0
1,0.003009796142578125,1,1,1e-06,0.0
1,0.004701375961303711,1,1,1e-06,0.0
1,0.0029244422912597656,1,1,1e-06,0.0
1,0.0024230480194091797,1,1,1e-06,0.0
1,0.0024738311767578125,1,1,1e-06,0.0
1,0.0023577213287353516,1,1,1e-06,0.0
1,0.002408742904663086,1,1,1e-06,0.0
1,0.0028967857360839844,1,1,1e-06,0.0
1,0.002084016799926758,1,1,1e-06,0.0
1,0.002089977264404297,1,1,1e-06,0.0
1,0.0019147396087646484,1,1,1e-06,0.0
1,0.0018568038940429688,1,1,1e-06,0.0
1,0.0029211044311523438,1,1,1e-06,0.0
1,0.029865264892578125,1,1,1e-06,0.0
1,0.0030531883239746094,1,1,1e-06,0.0
1,0.003170013427734375,1,1,1e-06,0.0
1,0.03913259506225586,1,1,1e-06,0.0
1,0.0027608871459960938,1,1,1e-06,0.0
1,0.0028486251831054688,1,1,1e-06,0.0
1,0.0018665790557861328,1,1,1e-06,0.0
1,0.001641988754272461,1,1,1e-06,0.0
1,0.002573728561401367,1,1,1e-06,0.0
1,0.002947092056274414,1,1,1e-06,0.0
1,0.0035855770111083984,1,1,1e-06,0.0
1,0.0025877952575683594,1,1,1e-06,0.0
1,0.0025970935821533203,1,1,1e-06,0.0
1,0.0027265548706054688,1,1,1e-06,0.0
1,0.002840757369995117,1,1,1e-06,0.0
1,0.0022313594818115234,1,1,1e-06,0.0
1,0.002772092819213867,1,1,1e-06,0.0
1,0.002708911895751953,1,1,1e-06,0.0
1,0.0024199485778808594,1,1,1e-06,0.0
1,0.002916097640991211,1,1,1e-06,0.0
1,0.0027887821197509766,1,1,1e-06,0.0
1,0.005271434783935547,1,1,1e-06,0.0
1,0.003210783004760742,1,1,1e-06,0.0
1,0.0033402442932128906,1,1,1e-06,0.0
1,0.0191190242767334,1,1,1e-06,0.0
1,0.0030870437622070312,1,1,1e-06,0.0
1,0.0034623146057128906,1,1,1e-06,0.0
1,0.0028076171875,1,1,1e-06,0.0
1,0.0028319358825683594,1,1,1e-06,0.0
1,0.0030891895294189453,1,1,1e-06,0.0
1,0.004846096038818359,1,1,1e-06,0.0
1,0.0032134056091308594,1,1,1e-06,0.0
1,0.0021619796752929688,1,1,1e-06,0.0
1,0.0018930435180664062,1,1,1e-06,0.0
1,0.002999544143676758,1,1,1e-06,0.0
1,0.002209186553955078,1,1,1e-06,0.0
1,0.0016624927520751953,1,1,1e-06,0.0
1,0.0032858848571777344,1,1,1e-06,0.0
1,0.0026793479919433594,1,1,1e-06,0.0
1,0.0061299800872802734,1,1,1e-06,0.0
1,0.0033593177795410156,1,1,1e-06,0.0
1,0.003967761993408203,1,1,1e-06,0.0
1,0.0029058456420898438,1,1,1e-06,0.0
1,0.00567936897277832,1,1,1e-06,0.0
1,0.0026483535766601562,1,1,1e-06,0.0
1,0.003334522247314453,1,1,1e-06,0.0
1,0.0029277801513671875,1,1,1e-06,0.0
1,0.003076791763305664,1,1,1e-06,0.0
1,0.0025272369384765625,1,1,1e-06,0.0
1,0.0035314559936523438,1,1,1e-06,0.0
1,0.0030977725982666016,1,1,1e-06,0.0
1,0.004579782485961914,1,1,1e-06,0.0
1,0.004302978515625,1,1,1e-06,0.0
1,0.003020763397216797,1,1,1e-06,0.0
1,0.003984928131103516,1,1,1e-06,0.0
1,0.0036966800689697266,1,1,1e-06,0.0
1,0.0039637088775634766,1,1,1e-06,0.0
1,0.0035805702209472656,1,1,1e-06,0.0
1,0.003259420394897461,1,1,1e-06,0.0
1,0.0033159255981445312,1,1,1e-06,0.0
1,0.0029418468475341797,1,1,1e-06,0.0
1,0.004433870315551758,1,1,1e-06,0.0
1,0.003987550735473633,1,1,1e-06,0.0
1,0.003255605697631836,1,1,1e-06,0.0
1,0.002392292022705078,1,1,1e-06,0.0
1,0.0041027069091796875,1,1,1e-06,0.0
1,0.003443002700805664,1,1,1e-06,0.0
1,0.0045468807220458984,1,1,1e-06,0.0
1,0.003383636474609375,1,1,1e-06,0.0
1,0.004894256591796875,1,1,1e-06,0.0
1,0.0024530887603759766,1,1,1e-06,0.0
1,0.0024673938751220703,1,1,1e-06,0.0
1,0.0020475387573242188,1,1,1e-06,0.0
1,0.023181915283203125,1,1,1e-06,0.0
1,0.0029909610748291016,1,1,1e-06,0.0
1,0.00359344482421875,1,1,1e-06,0.0
1,0.002944469451904297,1,1,1e-06,0.0
1,0.002803802490234375,1,1,1e-06,0.0
1,0.0024166107177734375,1,1,1e-06,0.0
1,0.00238037109375,1,1,1e-06,0.0
1,0.0021011829376220703,1,1,1e-06,0.0
1,0.002759695053100586,1,1,1e-06,0.0
1,0.0027277469635009766,1,1,1e-06,0.0
1,0.002181529998779297,1,1,1e-06,0.0
1,0.0024237632751464844,1,1,1e-06,0.0
1,0.002716541290283203,1,1,1e-06,0.0
1,0.014450311660766602,1,1,1e-06,0.0
1,0.002297639846801758,1,1,1e-06,0.0
1,0.0031995773315429688,1,1,1e-06,0.0
1,0.0025339126586914062,1,1,1e-06,0.0
1,0.0027103424072265625,1,1,1e-06,0.0
1,0.0033884048461914062,1,1,1e-06,0.0
1,0.0026865005493164062,1,1,1e-06,0.0
1,0.002223491668701172,1,1,1e-06,0.0
1,0.0025331974029541016,1,1,1e-06,0.0
1,0.002505779266357422,1,1,1e-06,0.0
1,0.0027239322662353516,1,1,1e-06,0.0
1,0.0038537979125976562,1,1,1e-06,0.0
1,0.0025436878204345703,1,1,1e-06,0.0
1,0.0027594566345214844,1,1,1e-06,0.0
1,0.002658367156982422,1,1,1e-06,0.0
1,0.002822399139404297,1,1,1e-06,0.0
1,0.0029556751251220703,1,1,1e-06,0.0
1,0.002187013626098633,1,1,1e-06,0.0
1,0.001953601837158203,1,1,1e-06,0.0
1,0.0025360584259033203,1,1,1e-06,0.0
1,0.002693653106689453,1,1,1e-06,0.0
1,0.0028460025787353516,1,1,1e-06,0.0
1,0.0019979476928710938,1,1,1e-06,0.0
1,0.01190042495727539,1,1,1e-06,0.0
1,0.03509116172790527,1,1,1e-06,0.0
1,0.002638101577758789,1,1,1e-06,0.0
1,0.0024514198303222656,1,1,1e-06,0.0
1,0.0020949840545654297,1,1,1e-06,0.0
1,0.0029153823852539062,1,1,1e-06,0.0
1,0.0026390552520751953,1,1,1e-06,0.0
1,0.002739429473876953,1,1,1e-06,0.0
1,0.002642393112182617,1,1,1e-06,0.0
1,0.0020570755004882812,1,1,1e-06,0.0
1,0.001817464828491211,1,1,1e-06,0.0
1,0.002657651901245117,1,1,1e-06,0.0
1,0.0021696090698242188,1,1,1e-06,0.0
1,0.002081632614135742,1,1,1e-06,0.0
1,0.0031316280364990234,1,1,1e-06,0.0
1,0.0024836063385009766,1,1,1e-06,0.0
1,0.0026607513427734375,1,1,1e-06,0.0
1,0.0026471614837646484,1,1,1e-06,0.0
1,0.0033316612243652344,1,1,1e-06,0.0
1,0.0029854774475097656,1,1,1e-06,0.0
1,0.00321197509765625,1,1,1e-06,0.0
1,0.002222299575805664,1,1,1e-06,0.0
1,0.0020084381103515625,1,1,1e-06,0.0
1,0.0018811225891113281,1,1,1e-06,0.0
1,0.002029895782470703,1,1,1e-06,0.0
1,0.002311229705810547,1,1,1e-06,0.0
1,0.006246328353881836,1,1,1e-06,0.0
1,0.002699613571166992,1,1,1e-06,0.0
1,0.002829313278198242,1,1,1e-06,0.0
1,0.002881765365600586,1,1,1e-06,0.0
1,0.0024290084838867188,1,1,1e-06,0.0
1,0.0023963451385498047,1,1,1e-06,0.0
1,0.0035600662231445312,1,1,1e-06,0.0
1,0.0046002864837646484,1,1,1e-06,0.0
1,0.0017809867858886719,1,1,1e-06,0.0
1,0.002485036849975586,1,1,1e-06,0.0
1,0.002397775650024414,1,1,1e-06,0.0
1,0.11974573135375977,1,1,1e-06,0.0
1,0.0022101402282714844,1,1,1e-06,0.0
1,0.0020475387573242188,1,1,1e-06,0.0
1,0.002691984176635742,1,1,1e-06,0.0
1,0.002424955368041992,1,1,1e-06,0.0
1,0.002306222915649414,1,1,1e-06,0.0
1,0.004652976989746094,1,1,1e-06,0.0
1,0.003340482711791992,1,1,1e-06,0.0
1,0.002672910690307617,1,1,1e-06,0.0
1,0.0023849010467529297,1,1,1e-06,0.0
1,0.0026938915252685547,1,1,1e-06,0.0
1,0.0025758743286132812,1,1,1e-06,0.0
1,0.002511739730834961,1,1,1e-06,0.0
1,0.0031676292419433594,1,1,1e-06,0.0
1,0.002510547637939453,1,1,1e-06,0.0
1,0.0020732879638671875,1,1,1e-06,0.0
1,0.002147197723388672,1,1,1e-06,0.0
1,0.0025756359100341797,1,1,1e-06,0.0
1,0.002520322799682617,1,1,1e-06,0.0
1,0.0028269290924072266,1,1,1e-06,0.0
1,0.5230405330657959,1,1,1e-06,0.0
1,0.004186868667602539,1,1,1e-06,0.0
1,0.0038895606994628906,1,1,1e-06,0.0
1,0.058763742446899414,1,1,1e-06,0.0
1,0.0031366348266601562,1,1,1e-06,0.0
1,0.002370595932006836,1,1,1e-06,0.0
1,0.0024755001068115234,1,1,1e-06,0.0
1,0.0029342174530029297,1,1,1e-06,0.0
1,0.003871917724609375,1,1,1e-06,0.0
1,0.0038979053497314453,1,1,1e-06,0.0
1,0.0024597644805908203,1,1,1e-06,0.0
1,0.003062725067138672,1,1,1e-06,0.0
1,0.003826141357421875,1,1,1e-06,0.0
1,0.0025713443756103516,1,1,1e-06,0.0
1,0.004770755767822266,1,1,1e-06,0.0
1,0.008781671524047852,1,1,1e-06,0.0
1,0.003914356231689453,1,1,1e-06,0.0
1,0.004903554916381836,1,1,1e-06,0.0
1,0.0029993057250976562,1,1,1e-06,0.0
1,0.004322052001953125,1,1,1e-06,0.0
1,0.0028760433197021484,1,1,1e-06,0.0
1,0.0032329559326171875,1,1,1e-06,0.0
1,0.019791841506958008,1,1,1e-06,0.0
1,0.0029344558715820312,1,1,1e-06,0.0
1,0.005025386810302734,1,1,1e-06,0.0
1,0.003612995147705078,1,1,1e-06,0.0
1,0.002438068389892578,1,1,1e-06,0.0
1,0.0024187564849853516,1,1,1e-06,0.0
1,0.0030364990234375,1,1,1e-06,0.0
1,0.002436399459838867,1,1,1e-06,0.0
1,0.002961397171020508,1,1,1e-06,0.0
1,0.002996206283569336,1,1,1e-06,0.0
1,0.002552032470703125,1,1,1e-06,0.0
1,0.004380464553833008,1,1,1e-06,0.0
1,0.00607609748840332,1,1,1e-06,0.0
1,0.003256559371948242,1,1,1e-06,0.0
1,0.0029137134552001953,1,1,1e-06,0.0
1,0.003004789352416992,1,1,1e-06,0.0
1,0.004341602325439453,1,1,1e-06,0.0
1,0.010364532470703125,1,1,1e-06,0.0
1,0.004305124282836914,1,1,1e-06,0.0
1,0.0036211013793945312,1,1,1e-06,0.0
1,0.0024099349975585938,1,1,1e-06,0.0
1,0.0024673938751220703,1,1,1e-06,0.0
1,0.0020503997802734375,1,1,1e-06,0.0
1,0.0044939517974853516,1,1,1e-06,0.0
1,0.03334522247314453,1,1,1e-06,0.0
1,0.0037689208984375,1,1,1e-06,0.0
1,0.0033342838287353516,1,1,1e-06,0.0
1,0.003234386444091797,1,1,1e-06,0.0
1,0.003142118453979492,1,1,1e-06,0.0
1,0.00269317626953125,1,1,1e-06,0.0
1,0.0037546157836914062,1,1,1e-06,0.0
1,0.003370046615600586,1,1,1e-06,0.0
1,0.002306699752807617,1,1,1e-06,0.0
1,0.0030481815338134766,1,1,1e-06,0.0
1,0.0045185089111328125,1,1,1e-06,0.0
1,0.002929210662841797,1,1,1e-06,0.0
1,0.0043621063232421875,1,1,1e-06,0.0
1,0.00324249267578125,1,1,1e-06,0.0
1,0.0022253990173339844,1,1,1e-06,0.0
1,0.002275705337524414,1,1,1e-06,0.0
1,0.00408625602722168,1,1,1e-06,0.0
1,0.0028486251831054688,1,1,1e-06,0.0
1,0.0030622482299804688,1,1,1e-06,0.0
1,0.002955913543701172,1,1,1e-06,0.0
1,0.0036880970001220703,1,1,1e-06,0.0
1,0.0023152828216552734,1,1,1e-06,0.0
1,0.0030167102813720703,1,1,1e-06,0.0
1,0.0024576187133789062,1,1,1e-06,0.0
1,0.0425112247467041,1,1,1e-06,0.0
1,0.002858877182006836,1,1,1e-06,0.0
1,0.00267791748046875,1,1,1e-06,0.0
1,0.004455089569091797,1,1,1e-06,0.0
1,0.00421142578125,1,1,1e-06,0.0
1,0.004376411437988281,1,1,1e-06,0.0
1,0.003801107406616211,1,1,1e-06,0.0
1,0.04396653175354004,1,1,1e-06,0.0
1,0.0034148693084716797,1,1,1e-06,0.0
1,0.003761768341064453,1,1,1e-06,0.0
1,0.0039691925048828125,1,1,1e-06,0.0
1,0.10866284370422363,1,1,1e-06,0.0
1,0.0026755332946777344,1,1,1e-06,0.0
1,0.0031309127807617188,1,1,1e-06,0.0
1,0.0025866031646728516,1,1,1e-06,0.0
1,0.0021567344665527344,1,1,1e-06,0.0
1,0.002108335494995117,1,1,1e-06,0.0
1,0.0022199153900146484,1,1,1e-06,0.0
1,0.002469301223754883,1,1,1e-06,0.0
1,0.0026259422302246094,1,1,1e-06,0.0
1,0.0031425952911376953,1,1,1e-06,0.0
1,0.004812479019165039,1,1,1e-06,0.0
1,0.005517721176147461,1,1,1e-06,0.0
1,0.003253936767578125,1,1,1e-06,0.0
1,0.0023598670959472656,1,1,1e-06,0.0
1,0.002092123031616211,1,1,1e-06,0.0
1,0.004200458526611328,1,1,1e-06,0.0
1,0.0023093223571777344,1,1,1e-06,0.0
1,0.0017671585083007812,1,1,1e-06,0.0
1,0.0017697811126708984,1,1,1e-06,0.0
1,0.002658367156982422,1,1,1e-06,0.0
1,0.002299785614013672,1,1,1e-06,0.0
1,0.002469301223754883,1,1,1e-06,0.0
1,0.002717733383178711,1,1,1e-06,0.0
1,0.0022614002227783203,1,1,1e-06,0.0
1,0.0019953250885009766,1,1,1e-06,0.0
1,0.0024466514587402344,1,1,1e-06,0.0
1,0.0032587051391601562,1,1,1e-06,0.0
1,0.002774477005004883,1,1,1e-06,0.0
1,0.002487659454345703,1,1,1e-06,0.0
1,0.006093502044677734,1,1,1e-06,0.0
1,0.002666473388671875,1,1,1e-06,0.0
1,0.003201007843017578,1,1,1e-06,0.0
1,0.002204418182373047,1,1,1e-06,0.0
1,0.0029370784759521484,1,1,1e-06,0.0
1,0.0023953914642333984,1,1,1e-06,0.0
1,0.002313852310180664,1,1,1e-06,0.0
1,0.003392934799194336,1,1,1e-06,0.0
1,0.002295970916748047,1,1,1e-06,0.0
1,0.001989603042602539,1,1,1e-06,0.0
1,0.0021016597747802734,1,1,1e-06,0.0
1,0.002978086471557617,1,1,1e-06,0.0
1,0.0026535987854003906,1,1,1e-06,0.0
1,0.0024611949920654297,1,1,1e-06,0.0
1,0.0034766197204589844,1,1,1e-06,0.0
1,0.005144834518432617,1,1,1e-06,0.0
1,0.0029211044311523438,1,1,1e-06,0.0
1,0.0025773048400878906,1,1,1e-06,0.0
1,0.0033135414123535156,1,1,1e-06,0.0
1,0.002946138381958008,1,1,1e-06,0.0
1,0.0024552345275878906,1,1,1e-06,0.0
1,0.0029304027557373047,1,1,1e-06,0.0
1,0.0024232864379882812,1,1,1e-06,0.0
1,0.0024061203002929688,1,1,1e-06,0.0
1,0.0017590522766113281,1,1,1e-06,0.0
1,0.01357722282409668,1,1,1e-06,0.0
1,0.0025086402893066406,1,1,1e-06,0.0
1,0.002594470977783203,1,1,1e-06,0.0
1,0.0029230117797851562,1,1,1e-06,0.0
1,0.003011941909790039,1,1,1e-06,0.0
1,0.0028967857360839844,1,1,1e-06,0.0
1,0.0023238658905029297,1,1,1e-06,0.0
1,0.0026950836181640625,1,1,1e-06,0.0
1,0.0032308101654052734,1,1,1e-06,0.0
1,0.0033385753631591797,1,1,1e-06,0.0
1,0.002661466598510742,1,1,1e-06,0.0
1,0.0021522045135498047,1,1,1e-06,0.0
1,0.0019998550415039062,1,1,1e-06,0.0
1,0.004515647888183594,1,1,1e-06,0.0
1,0.0020732879638671875,1,1,1e-06,0.0
1,0.002532958984375,1,1,1e-06,0.0
1,0.002279043197631836,1,1,1e-06,0.0
1,0.0019025802612304688,1,1,1e-06,0.0
1,0.0022780895233154297,1,1,1e-06,0.0
1,0.00258636474609375,1,1,1e-06,0.0
1,0.0028586387634277344,1,1,1e-06,0.0
1,0.0034792423248291016,1,1,1e-06,0.0
1,0.0026628971099853516,1,1,1e-06,0.0
1,0.0019636154174804688,1,1,1e-06,0.0
1,0.002643108367919922,1,1,1e-06,0.0
1,0.002910137176513672,1,1,1e-06,0.0
1,0.0029528141021728516,1,1,1e-06,0.0
1,0.0032694339752197266,1,1,1e-06,0.0
1,0.0030248165130615234,1,1,1e-06,0.0
1,0.002717733383178711,1,1,1e-06,0.0
1,0.002218961715698242,1,1,1e-06,0.0
1,0.002676248550415039,1,1,1e-06,0.0
1,0.0024111270904541016,1,1,1e-06,0.0
1,0.0031087398529052734,1,1,1e-06,0.0
1,0.004605293273925781,1,1,1e-06,0.0
1,0.0021643638610839844,1,1,1e-06,0.0
1,0.0020160675048828125,1,1,1e-06,0.0
1,0.0020716190338134766,1,1,1e-06,0.0
1,0.002820253372192383,1,1,1e-06,0.0
1,0.004174470901489258,1,1,1e-06,0.0
1,0.0030155181884765625,1,1,1e-06,0.0
1,0.0023725032806396484,1,1,1e-06,0.0
1,0.002637147903442383,1,1,1e-06,0.0
1,0.0023114681243896484,1,1,1e-06,0.0
1,0.003403902053833008,1,1,1e-06,0.0
1,0.007393598556518555,1,1,1e-06,0.0
1,0.002729177474975586,1,1,1e-06,0.0
1,0.002610445022583008,1,1,1e-06,0.0
1,0.0027976036071777344,1,1,1e-06,0.0
1,0.0036149024963378906,1,1,1e-06,0.0
1,0.0022466182708740234,1,1,1e-06,0.0
1,0.004110813140869141,1,1,1e-06,0.0
1,0.003666400909423828,1,1,1e-06,0.0
1,0.007003307342529297,1,1,1e-06,0.0
1,0.0023627281188964844,1,1,1e-06,0.0
1,0.002478361129760742,1,1,1e-06,0.0
1,0.002118349075317383,1,1,1e-06,0.0
1,0.0026650428771972656,1,1,1e-06,0.0
1,0.0018024444580078125,1,1,1e-06,0.0
1,0.003586292266845703,1,1,1e-06,0.0
1,0.002727985382080078,1,1,1e-06,0.0
1,0.003102540969848633,1,1,1e-06,0.0
1,0.0025780200958251953,1,1,1e-06,0.0
1,0.0033762454986572266,1,1,1e-06,0.0
1,0.003839731216430664,1,1,1e-06,0.0
1,0.0026133060455322266,1,1,1e-06,0.0
1,0.002992868423461914,1,1,1e-06,0.0
1,0.0023469924926757812,1,1,1e-06,0.0
1,0.0048236846923828125,1,1,1e-06,0.0
1,0.0030379295349121094,1,1,1e-06,0.0
1,0.002080678939819336,1,1,1e-06,0.0
1,0.0028388500213623047,1,1,1e-06,0.0
1,0.002393960952758789,1,1,1e-06,0.0
1,0.002472400665283203,1,1,1e-06,0.0
1,0.002329111099243164,1,1,1e-06,0.0
1,0.0019807815551757812,1,1,1e-06,0.0
1,0.0026519298553466797,1,1,1e-06,0.0
1,0.0029022693634033203,1,1,1e-06,0.0
1,0.003328084945678711,1,1,1e-06,0.0
1,0.0031423568725585938,1,1,1e-06,0.0
1,0.0025751590728759766,1,1,1e-06,0.0
1,0.0023195743560791016,1,1,1e-06,0.0
1,0.002789735794067383,1,1,1e-06,0.0
1,0.0028426647186279297,1,1,1e-06,0.0
1,0.014543533325195312,1,1,1e-06,0.0
1,0.02179408073425293,1,1,1e-06,0.0
1,0.0023348331451416016,1,1,1e-06,0.0
1,0.0021944046020507812,1,1,1e-06,0.0
1,0.002023935317993164,1,1,1e-06,0.0
1,0.0028443336486816406,1,1,1e-06,0.0
1,0.005785703659057617,1,1,1e-06,0.0
1,0.002391338348388672,1,1,1e-06,0.0
1,0.002370119094848633,1,1,1e-06,0.0
1,0.0020051002502441406,1,1,1e-06,0.0
1,0.002009153366088867,1,1,1e-06,0.0
1,0.0032346248626708984,1,1,1e-06,0.0
1,0.0029904842376708984,1,1,1e-06,0.0
1,0.004679203033447266,1,1,1e-06,0.0
1,0.0020339488983154297,1,1,1e-06,0.0
1,0.0019652843475341797,1,1,1e-06,0.0
1,0.0034689903259277344,1,1,1e-06,0.0
1,0.0028045177459716797,1,1,1e-06,0.0
1,0.0022208690643310547,1,1,1e-06,0.0
1,0.002958536148071289,1,1,1e-06,0.0
1,0.0030007362365722656,1,1,1e-06,0.0
1,0.0023789405822753906,1,1,1e-06,0.0
1,0.0023183822631835938,1,1,1e-06,0.0
1,0.0026938915252685547,1,1,1e-06,0.0
1,0.002416372299194336,1,1,1e-06,0.0
1,0.002453327178955078,1,1,1e-06,0.0
1,0.003144502639770508,1,1,1e-06,0.0
1,0.0027451515197753906,1,1,1e-06,0.0
1,0.0028371810913085938,1,1,1e-06,0.0
1,0.002708911895751953,1,1,1e-06,0.0
1,0.0027587413787841797,1,1,1e-06,0.0
1,0.0033817291259765625,1,1,1e-06,0.0
1,0.0024166107177734375,1,1,1e-06,0.0
1,0.0026025772094726562,1,1,1e-06,0.0
1,0.0022821426391601562,1,1,1e-06,0.0
1,0.003457307815551758,1,1,1e-06,0.0
1,0.004889249801635742,1,1,1e-06,0.0
1,0.0023839473724365234,1,1,1e-06,0.0
1,0.002106904983520508,1,1,1e-06,0.0
1,0.003504514694213867,1,1,1e-06,0.0
1,0.0034749507904052734,1,1,1e-06,0.0
1,0.003258943557739258,1,1,1e-06,0.0
1,0.002507448196411133,1,1,1e-06,0.0
1,0.002888917922973633,1,1,1e-06,0.0
1,0.002762317657470703,1,1,1e-06,0.0
1,0.0022459030151367188,1,1,1e-06,0.0
1,0.003063678741455078,1,1,1e-06,0.0
1,0.0027663707733154297,1,1,1e-06,0.0
1,0.0019707679748535156,1,1,1e-06,0.0
1,0.0027647018432617188,1,1,1e-06,0.0
1,0.007488727569580078,1,1,1e-06,0.0
1,0.002885580062866211,1,1,1e-06,0.0
1,0.0023806095123291016,1,1,1e-06,0.0
1,0.004971742630004883,1,1,1e-06,0.0
1,0.0022611618041992188,1,1,1e-06,0.0
1,0.002968311309814453,1,1,1e-06,0.0
1,0.003627300262451172,1,1,1e-06,0.0
1,0.03407001495361328,1,1,1e-06,0.0
1,0.0023603439331054688,1,1,1e-06,0.0
1,0.0026378631591796875,1,1,1e-06,0.0
1,0.002593517303466797,1,1,1e-06,0.0
1,0.0023522377014160156,1,1,1e-06,0.0
1,0.0024116039276123047,1,1,1e-06,0.0
1,0.0025551319122314453,1,1,1e-06,0.0
1,0.0027551651000976562,1,1,1e-06,0.0
1,0.002239227294921875,1,1,1e-06,0.0
1,0.0026197433471679688,1,1,1e-06,0.0
1,0.002251863479614258,1,1,1e-06,0.0
1,0.003667116165161133,1,1,1e-06,0.0
1,0.002505064010620117,1,1,1e-06,0.0
1,0.014312028884887695,1,1,1e-06,0.0
1,0.0026831626892089844,1,1,1e-06,0.0
1,0.0024704933166503906,1,1,1e-06,0.0
1,0.003135204315185547,1,1,1e-06,0.0
1,0.002106904983520508,1,1,1e-06,0.0
0,1.0038928985595703,0,0,,0.0
1,0.01362299919128418,1,1,1e-06,0.0
1,0.0019392967224121094,1,1,1e-06,0.0
1,0.015160322189331055,1,1,1e-06,0.0
1,0.004878520965576172,1,1,1e-06,0.0
1,0.0025696754455566406,1,1,1e-06,0.0
1,0.0023026466369628906,1,1,1e-06,0.0
1,0.0026504993438720703,1,1,1e-06,0.0
1,0.0027391910552978516,1,1,1e-06,0.0
1,0.002359628677368164,1,1,1e-06,0.0
1,0.028786182403564453,1,1,1e-06,0.0
1,0.0026693344116210938,1,1,1e-06,0.0
1,0.002473592758178711,1,1,1e-06,0.0
1,0.002652406692504883,1,1,1e-06,0.0
1,0.0035636425018310547,1,1,1e-06,0.0
1,0.002574920654296875,1,1,1e-06,0.0
1,0.0029044151306152344,1,1,1e-06,0.0
1,0.002817869186401367,1,1,1e-06,0.0
1,0.002542257308959961,1,1,1e-06,0.0
1,0.002861499786376953,1,1,1e-06,0.0
1,0.005228996276855469,1,1,1e-06,0.0
1,0.0032579898834228516,1,1,1e-06,0.0
1,0.0028569698333740234,1,1,1e-06,0.0
1,0.0024716854095458984,1,1,1e-06,0.0
1,0.016390562057495117,1,1,1e-06,0.0
1,0.004102468490600586,1,1,1e-06,0.0
1,0.0028023719787597656,1,1,1e-06,0.0
1,0.0030221939086914062,1,1,1e-06,0.0
1,0.0025370121002197266,1,1,1e-06,0.0
1,0.0025467872619628906,1,1,1e-06,0.0
1,0.0022401809692382812,1,1,1e-06,0.0
1,0.0020623207092285156,1,1,1e-06,0.0
1,0.0034940242767333984,1,1,1e-06,0.0
1,0.20670199394226074,1,1,1e-06,0.0
1,0.002037525177001953,1,1,1e-06,0.0
1,0.002025127410888672,1,1,1e-06,0.0
1,0.0021986961364746094,1,1,1e-06,0.0
1,0.0022928714752197266,1,1,1e-06,0.0
1,0.0027828216552734375,1,1,1e-06,0.0
1,0.017841339111328125,1,1,1e-06,0.0
1,0.0023789405822753906,1,1,1e-06,0.0
1,0.0015108585357666016,1,1,1e-06,0.0
1,0.0017521381378173828,1,1,1e-06,0.0
1,0.0016558170318603516,1,1,1e-06,0.0
1,0.029674530029296875,1,1,1e-06,0.0
1,0.0029349327087402344,1,1,1e-06,0.0
1,0.0019092559814453125,1,1,1e-06,0.0
1,0.002469301223754883,1,1,1e-06,0.0
1,0.003506898880004883,1,1,1e-06,0.0
1,0.0023374557495117188,1,1,1e-06,0.0
1,0.003378152847290039,1,1,1e-06,0.0
1,0.005457639694213867,1,1,1e-06,0.0
1,0.0026998519897460938,1,1,1e-06,0.0
1,0.0022068023681640625,1,1,1e-06,0.0
1,0.0026979446411132812,1,1,1e-06,0.0
1,0.002666473388671875,1,1,1e-06,0.0
1,0.0022182464599609375,1,1,1e-06,0.0
1,0.006762027740478516,1,1,1e-06,0.0
1,0.02773904800415039,1,1,1e-06,0.0
1,0.0023832321166992188,1,1,1e-06,0.0
1,0.001699686050415039,1,1,1e-06,0.0
1,0.002723217010498047,1,1,1e-06,0.0
1,0.09911131858825684,1,1,1e-06,0.0
1,0.005179643630981445,1,1,1e-06,0.0
1,0.005182027816772461,1,1,1e-06,0.0
1,0.0033004283905029297,1,1,1e-06,0.0
1,0.0020983219146728516,1,1,1e-06,0.0
1,0.004679441452026367,1,1,1e-06,0.0
1,0.0026388168334960938,1,1,1e-06,0.0
1,0.002497434616088867,1,1,1e-06,0.0
1,0.002637147903442383,1,1,1e-06,0.0
1,0.005272626876831055,1,1,1e-06,0.0
1,0.003251314163208008,1,1,1e-06,0.0
1,0.004563570022583008,1,1,1e-06,0.0
1,0.004152774810791016,1,1,1e-06,0.0
1,0.004201412200927734,1,1,1e-06,0.0
1,0.0032477378845214844,1,1,1e-06,0.0
1,0.003185749053955078,1,1,1e-06,0.0
1,0.003619670867919922,1,1,1e-06,0.0
1,0.0054666996002197266,1,1,1e-06,0.0
1,0.03588676452636719,1,1,1e-06,0.0
1,0.005293846130371094,1,1,1e-06,0.0
1,0.004576683044433594,1,1,1e-06,0.0
1,0.007515668869018555,1,1,1e-06,0.0
1,0.004471302032470703,1,1,1e-06,0.0
1,0.004485368728637695,1,1,1e-06,0.0
1,0.005881309509277344,1,1,1e-06,0.0
1,0.0036089420318603516,1,1,1e-06,0.0
1,0.005230426788330078,1,1,1e-06,0.0
1,0.006941795349121094,1,1,1e-06,0.0
1,0.0018568038940429688,1,1,1e-06,0.0
1,0.002471923828125,1,1,1e-06,0.0
1,0.00732421875,1,1,1e-06,0.0
1,0.008504390716552734,1,1,1e-06,0.0
1,0.00665593147277832,1,1,1e-06,0.0
1,0.005149364471435547,1,1,1e-06,0.0
1,0.003448486328125,1,1,1e-06,0.0
1,0.004274606704711914,1,1,1e-06,0.0
1,0.003103971481323242,1,1,1e-06,0.0
1,0.8343236446380615,1,1,1e-06,0.0
1,0.002902507781982422,1,1,1e-06,0.0
1,0.0029287338256835938,1,1,1e-06,0.0
1,0.0020678043365478516,1,1,1e-06,0.0
1,0.0019426345825195312,1,1,1e-06,0.0
1,0.0026400089263916016,1,1,1e-06,0.0
1,0.0025141239166259766,1,1,1e-06,0.0
1,0.0023682117462158203,1,1,1e-06,0.0
1,0.002585887908935547,1,1,1e-06,0.0
1,0.0036275386810302734,1,1,1e-06,0.0
1,0.0025496482849121094,1,1,1e-06,0.0
1,0.0022742748260498047,1,1,1e-06,0.0
1,0.0021240711212158203,1,1,1e-06,0.0
1,0.0025086402893066406,1,1,1e-06,0.0
1,0.0022079944610595703,1,1,1e-06,0.0
1,0.0023622512817382812,1,1,1e-06,0.0
1,0.002409696578979492,1,1,1e-06,0.0
1,0.0024797916412353516,1,1,1e-06,0.0
1,0.005182981491088867,1,1,1e-06,0.0
1,0.0026085376739501953,1,1,1e-06,0.0
1,0.0027267932891845703,1,1,1e-06,0.0
1,0.002411365509033203,1,1,1e-06,0.0
1,0.0024819374084472656,1,1,1e-06,0.0
1,0.004360675811767578,1,1,1e-06,0.0
1,0.0024614334106445312,1,1,1e-06,0.0
1,0.002487659454345703,1,1,1e-06,0.0
1,0.002691507339477539,1,1,1e-06,0.0
1,0.0025632381439208984,1,1,1e-06,0.0
1,0.002133607864379883,1,1,1e-06,0.0
1,0.0023641586303710938,1,1,1e-06,0.0
1,0.002111673355102539,1,1,1e-06,0.0
1,0.0018563270568847656,1,1,1e-06,0.0
1,0.0023114681243896484,1,1,1e-06,0.0
1,0.0023453235626220703,1,1,1e-06,0.0
1,0.001961231231689453,1,1,1e-06,0.0
1,0.003385305404663086,1,1,1e-06,0.0
1,0.0024499893188476562,1,1,1e-06,0.0
1,0.0029075145721435547,1,1,1e-06,0.0
1,0.002596616744995117,1,1,1e-06,0.0
1,0.0023195743560791016,1,1,1e-06,0.0
1,0.00267791748046875,1,1,1e-06,0.0
1,0.00401759147644043,1,1,1e-06,0.0
1,0.0027115345001220703,1,1,1e-06,0.0
1,0.0020568370819091797,1,1,1e-06,0.0
1,0.002167940139770508,1,1,1e-06,0.0
1,0.004202365875244141,1,1,1e-06,0.0
1,0.002969980239868164,1,1,1e-06,0.0
1,0.0024480819702148438,1,1,1e-06,0.0
1,0.0019550323486328125,1,1,1e-06,0.0
1,0.0022644996643066406,1,1,1e-06,0.0
1,0.002744913101196289,1,1,1e-06,0.0
1,0.0022759437561035156,1,1,1e-06,0.0
1,0.0020487308502197266,1,1,1e-06,0.0
1,0.0024192333221435547,1,1,1e-06,0.0
1,0.0029697418212890625,1,1,1e-06,0.0
1,0.0038824081420898438,1,1,1e-06,0.0
1,0.0026514530181884766,1,1,1e-06,0.0
1,0.033162832260131836,1,1,1e-06,0.0
1,0.0026748180389404297,1,1,1e-06,0.0
1,0.0018377304077148438,1,1,1e-06,0.0
1,0.002979755401611328,1,1,1e-06,0.0
1,0.002496004104614258,1,1,1e-06,0.0
1,0.0024847984313964844,1,1,1e-06,0.0
1,0.002363443374633789,1,1,1e-06,0.0
1,0.002531766891479492,1,1,1e-06,0.0
1,0.0023992061614990234,1,1,1e-06,0.0
1,0.0025873184204101562,1,1,1e-06,0.0
1,0.005034923553466797,1,1,1e-06,0.0
1,0.002532958984375,1,1,1e-06,0.0
1,0.0021429061889648438,1,1,1e-06,0.0
1,0.0019409656524658203,1,1,1e-06,0.0
1,0.0017237663269042969,1,1,1e-06,0.0
1,0.003939628601074219,1,1,1e-06,0.0
1,0.002959728240966797,1,1,1e-06,0.0
1,0.0021347999572753906,1,1,1e-06,0.0
1,0.00215911865234375,1,1,1e-06,0.0
1,0.0021390914916992188,1,1,1e-06,0.0
1,0.002825498580932617,1,1,1e-06,0.0
1,0.002604961395263672,1,1,1e-06,0.0
1,0.0031685829162597656,1,1,1e-06,0.0
1,0.002618074417114258,1,1,1e-06,0.0
1,0.0028905868530273438,1,1,1e-06,0.0
1,0.0018770694732666016,1,1,1e-06,0.0
1,0.0022954940795898438,1,1,1e-06,0.0
1,0.0022928714752197266,1,1,1e-06,0.0
1,0.0027964115142822266,1,1,1e-06,0.0
1,0.005699634552001953,1,1,1e-06,0.0
1,0.009240388870239258,1,1,1e-06,0.0
1,0.0031511783599853516,1,1,1e-06,0.0
1,0.0027687549591064453,1,1,1e-06,0.0
1,0.003145933151245117,1,1,1e-06,0.0
1,0.002033710479736328,1,1,1e-06,0.0
1,0.0028808116912841797,1,1,1e-06,0.0
1,0.0025565624237060547,1,1,1e-06,0.0
1,0.0029036998748779297,1,1,1e-06,0.0
1,0.002941131591796875,1,1,1e-06,0.0
1,0.002187013626098633,1,1,1e-06,0.0
1,0.0026094913482666016,1,1,1e-06,0.0
1,0.0024602413177490234,1,1,1e-06,0.0
1,0.0030379295349121094,1,1,1e-06,0.0
1,0.002886533737182617,1,1,1e-06,0.0
1,0.003908395767211914,1,1,1e-06,0.0
1,0.002768993377685547,1,1,1e-06,0.0
1,0.0029158592224121094,1,1,1e-06,0.0
1,0.0032193660736083984,1,1,1e-06,0.0
1,0.0030972957611083984,1,1,1e-06,0.0
1,0.003152608871459961,1,1,1e-06,0.0
1,0.0026793479919433594,1,1,1e-06,0.0
1,0.0030775070190429688,1,1,1e-06,0.0
1,0.001976490020751953,1,1,1e-06,0.0
1,0.0028104782104492188,1,1,1e-06,0.0
1,0.003562450408935547,1,1,1e-06,0.0
1,0.04218316078186035,1,1,1e-06,0.0
1,0.0023775100708007812,1,1,1e-06,0.0
1,0.0026998519897460938,1,1,1e-06,0.0
1,0.002874135971069336,1,1,1e-06,0.0
1,0.002033233642578125,1,1,1e-06,0.0
1,0.0019512176513671875,1,1,1e-06,0.0
1,0.0038950443267822266,1,1,1e-06,0.0
1,0.002809286117553711,1,1,1e-06,0.0
1,0.0070343017578125,1,1,1e-06,0.0
1,0.002525806427001953,1,1,1e-06,0.0
1,0.04244732856750488,1,1,1e-06,0.0
1,0.0031311511993408203,1,1,1e-06,0.0
1,0.002491474151611328,1,1,1e-06,0.0
1,0.0018732547760009766,1,1,1e-06,0.0
1,0.0019996166229248047,1,1,1e-06,0.0
1,0.0019235610961914062,1,1,1e-06,0.0
1,0.002117633819580078,1,1,1e-06,0.0
1,0.003412008285522461,1,1,1e-06,0.0
1,0.0026662349700927734,1,1,1e-06,0.0
1,0.0023865699768066406,1,1,1e-06,0.0
1,0.001678466796875,1,1,1e-06,0.0
1,0.0020360946655273438,1,1,1e-06,0.0
1,0.0019228458404541016,1,1,1e-06,0.0
1,0.002460002899169922,1,1,1e-06,0.0
1,0.002366781234741211,1,1,1e-06,0.0
1,0.0025675296783447266,1,1,1e-06,0.0
1,0.0034723281860351562,1,1,1e-06,0.0
1,0.002517223358154297,1,1,1e-06,0.0
1,0.0022428035736083984,1,1,1e-06,0.0
1,0.0022819042205810547,1,1,1e-06,0.0
1,0.0018703937530517578,1,1,1e-06,0.0
1,0.0020656585693359375,1,1,1e-06,0.0
1,0.002779722213745117,1,1,1e-06,0.0
1,0.0028078556060791016,1,1,1e-06,0.0
1,0.018812179565429688,1,1,1e-06,0.0
1,0.002316713333129883,1,1,1e-06,0.0
1,0.0020699501037597656,1,1,1e-06,0.0
1,0.0018279552459716797,1,1,1e-06,0.0
1,0.0019447803497314453,1,1,1e-06,0.0
1,0.0018630027770996094,1,1,1e-06,0.0
1,0.007689237594604492,1,1,1e-06,0.0
1,0.0020227432250976562,1,1,1e-06,0.0
1,0.002568960189819336,1,1,1e-06,0.0
1,0.0030307769775390625,1,1,1e-06,0.0
1,0.0029325485229492188,1,1,1e-06,0.0
1,0.0023801326751708984,1,1,1e-06,0.0
1,0.0023872852325439453,1,1,1e-06,0.0
1,0.002208232879638672,1,1,1e-06,0.0
1,0.0017278194427490234,1,1,1e-06,0.0
1,0.0026581287384033203,1,1,1e-06,0.0
1,0.002582073211669922,1,1,1e-06,0.0
1,0.0036535263061523438,1,1,1e-06,0.0
1,0.0023965835571289062,1,1,1e-06,0.0
1,0.0021114349365234375,1,1,1e-06,0.0
1,0.0025534629821777344,1,1,1e-06,0.0
1,0.0022897720336914062,1,1,1e-06,0.0
1,0.0024347305297851562,1,1,1e-06,0.0
1,0.003860950469970703,1,1,1e-06,0.0
1,0.0064771175384521484,1,1,1e-06,0.0
1,0.003429889678955078,1,1,1e-06,0.0
1,0.0018000602722167969,1,1,1e-06,0.0
1,0.0016546249389648438,1,1,1e-06,0.0
1,0.0026171207427978516,1,1,1e-06,0.0
1,0.007375478744506836,1,1,1e-06,0.0
1,0.002410888671875,1,1,1e-06,0.0
1,0.0027179718017578125,1,1,1e-06,0.0
1,0.005189418792724609,1,1,1e-06,0.0
1,0.002458810806274414,1,1,1e-06,0.0
1,0.002016782760620117,1,1,1e-06,0.0
1,0.2751290798187256,1,1,1e-06,0.0
1,0.003221750259399414,1,1,1e-06,0.0
1,0.0032172203063964844,1,1,1e-06,0.0
1,0.0021300315856933594,1,1,1e-06,0.0
1,0.0017406940460205078,1,1,1e-06,0.0
1,0.001787424087524414,1,1,1e-06,0.0
1,0.002079486846923828,1,1,1e-06,0.0
1,0.0017731189727783203,1,1,1e-06,0.0
1,0.024906158447265625,1,1,1e-06,0.0
1,0.002977609634399414,1,1,1e-06,0.0
1,0.0030100345611572266,1,1,1e-06,0.0
1,0.0025107860565185547,1,1,1e-06,0.0
1,0.002120494842529297,1,1,1e-06,0.0
1,0.002517223358154297,1,1,1e-06,0.0
1,0.0023207664489746094,1,1,1e-06,0.0
1,0.0027201175689697266,1,1,1e-06,0.0
1,0.002372264862060547,1,1,1e-06,0.0
1,0.0019333362579345703,1,1,1e-06,0.0
1,0.0017948150634765625,1,1,1e-06,0.0
1,0.0017611980438232422,1,1,1e-06,0.0
1,0.0022401809692382812,1,1,1e-06,0.0
1,0.004081010818481445,1,1,1e-06,0.0
1,0.0026559829711914062,1,1,1e-06,0.0
1,0.0167999267578125,1,1,1e-06,0.0
1,0.003343343734741211,1,1,1e-06,0.0
1,0.0026886463165283203,1,1,1e-06,0.0
1,0.0017609596252441406,1,1,1e-06,0.0
1,0.0031855106353759766,1,1,1e-06,0.0
1,0.0022230148315429688,1,1,1e-06,0.0
1,0.0016236305236816406,1,1,1e-06,0.0
1,0.0038933753967285156,1,1,1e-06,0.0
1,0.0025751590728759766,1,1,1e-06,0.0
1,0.0021009445190429688,1,1,1e-06,0.0
1,0.002823352813720703,1,1,1e-06,0.0
1,0.0029582977294921875,1,1,1e-06,0.0
1,0.0034444332122802734,1,1,1e-06,0.0
1,0.00373077392578125,1,1,1e-06,0.0
1,0.0022788047790527344,1,1,1e-06,0.0
1,0.0024857521057128906,1,1,1e-06,0.0
1,0.0022516250610351562,1,1,1e-06,0.0
1,0.003496885299682617,1,1,1e-06,0.0
1,0.0035376548767089844,1,1,1e-06,0.0
1,0.004011392593383789,1,1,1e-06,0.0
1,0.011054039001464844,1,1,1e-06,0.0
1,0.00292205810546875,1,1,1e-06,0.0
1,0.013350963592529297,1,1,1e-06,0.0
1,0.0023288726806640625,1,1,1e-06,0.0
1,0.0015997886657714844,1,1,1e-06,0.0
1,0.011850357055664062,1,1,1e-06,0.0
1,0.0036051273345947266,1,1,1e-06,0.0
1,0.002765178680419922,1,1,1e-06,0.0
1,0.013267278671264648,1,1,1e-06,0.0
1,0.003317117691040039,1,1,1e-06,0.0
1,0.006769657135009766,1,1,1e-06,0.0
1,0.002457857131958008,1,1,1e-06,0.0
1,0.0017619132995605469,1,1,1e-06,0.0
1,0.002582073211669922,1,1,1e-06,0.0
1,0.0035314559936523438,1,1,1e-06,0.0
1,0.003101348876953125,1,1,1e-06,0.0
1,0.009763240814208984,1,1,1e-06,0.0
1,0.003561735153198242,1,1,1e-06,0.0
1,0.005080699920654297,1,1,1e-06,0.0
1,0.010938405990600586,1,1,1e-06,0.0
1,0.03063797950744629,1,1,1e-06,0.0
1,0.0033173561096191406,1,1,1e-06,0.0
1,0.010606765747070312,1,1,1e-06,0.0
1,0.003934144973754883,1,1,1e-06,0.0
1,0.0037164688110351562,1,1,1e-06,0.0
1,0.00226593017578125,1,1,1e-06,0.0
1,0.042604684829711914,1,1,1e-06,0.0
1,0.0030202865600585938,1,1,1e-06,0.0
1,0.0031898021697998047,1,1,1e-06,0.0
1,0.0027256011962890625,1,1,1e-06,0.0
1,0.0018131732940673828,1,1,1e-06,0.0
1,0.003925323486328125,1,1,1e-06,0.0
1,0.004201173782348633,1,1,1e-06,0.0
1,0.0027730464935302734,1,1,1e-06,0.0
1,0.003119945526123047,1,1,1e-06,0.0
1,0.006378889083862305,1,1,1e-06,0.0
1,0.008606672286987305,1,1,1e-06,0.0
1,0.012535333633422852,1,1,1e-06,0.0
1,0.0029900074005126953,1,1,1e-06,0.0
1,0.005796194076538086,1,1,1e-06,0.0
1,0.008111953735351562,1,1,1e-06,0.0
1,0.003957509994506836,1,1,1e-06,0.0
0,1.045635461807251,0,0,,0.0
1,0.0024194717407226562,1,1,1e-06,0.0
1,0.0032935142517089844,1,1,1e-06,0.0
1,0.455049991607666,1,1,1e-06,0.0
1,0.00333404541015625,1,1,1e-06,0.0
1,0.0035314559936523438,1,1,1e-06,0.0
1,0.012148380279541016,1,1,1e-06,0.0
1,0.003960609436035156,1,1,1e-06,0.0
1,0.004422664642333984,1,1,1e-06,0.0
1,0.008800268173217773,1,1,1e-06,0.0
1,0.0029408931732177734,1,1,1e-06,0.0
1,0.003968000411987305,1,1,1e-06,0.0
1,0.012389898300170898,1,1,1e-06,0.0
1,0.003346681594848633,1,1,1e-06,0.0
1,0.006500959396362305,1,1,1e-06,0.0
1,0.00409698486328125,1,1,1e-06,0.0
1,0.010596752166748047,1,1,1e-06,0.0
1,0.009819984436035156,1,1,1e-06,0.0
1,0.003657102584838867,1,1,1e-06,0.0
1,0.009299516677856445,1,1,1e-06,0.0
1,0.0035157203674316406,1,1,1e-06,0.0
1,0.0032711029052734375,1,1,1e-06,0.0
1,0.0022394657135009766,1,1,1e-06,0.0
1,0.011639118194580078,1,1,1e-06,0.0
1,0.002882242202758789,1,1,1e-06,0.0
1,0.0027785301208496094,1,1,1e-06,0.0
1,0.01239156723022461,1,1,1e-06,0.0
1,0.004067659378051758,1,1,1e-06,0.0
1,0.0026051998138427734,1,1,1e-06,0.0
1,0.006821632385253906,1,1,1e-06,0.0
1,0.009195804595947266,1,1,1e-06,0.0
1,0.0034966468811035156,1,1,1e-06,0.0
1,0.009584426879882812,1,1,1e-06,0.0
1,0.0024814605712890625,1,1,1e-06,0.0
1,0.0026879310607910156,1,1,1e-06,0.0
1,0.0023720264434814453,1,1,1e-06,0.0
1,0.0023026466369628906,1,1,1e-06,0.0
1,0.001958131790161133,1,1,1e-06,0.0
1,0.0030655860900878906,1,1,1e-06,0.0
1,0.004192352294921875,1,1,1e-06,0.0
1,0.00783681869506836,1,1,1e-06,0.0
1,0.0034084320068359375,1,1,1e-06,0.0
1,0.012881994247436523,1,1,1e-06,0.0
1,0.003634929656982422,1,1,1e-06,0.0
1,0.04219794273376465,1,1,1e-06,0.0
1,0.006745100021362305,1,1,1e-06,0.0
1,0.005017757415771484,1,1,1e-06,0.0
1,0.013430595397949219,1,1,1e-06,0.0
1,0.0068552494049072266,1,1,1e-06,0.0
1,0.0028438568115234375,1,1,1e-06,0.0
1,0.007566213607788086,1,1,1e-06,0.0
1,0.012868881225585938,1,1,1e-06,0.0
1,0.010389328002929688,1,1,1e-06,0.0
1,0.008880853652954102,1,1,1e-06,0.0
1,0.0035965442657470703,1,1,1e-06,0.0
1,0.0027549266815185547,1,1,1e-06,0.0
1,0.0029883384704589844,1,1,1e-06,0.0
1,0.002499818801879883,1,1,1e-06,0.0
1,0.0030672550201416016,1,1,1e-06,0.0
1,0.015012502670288086,1,1,1e-06,0.0
1,0.0038747787475585938,1,1,1e-06,0.0
1,0.0069849491119384766,1,1,1e-06,0.0
1,0.007359027862548828,1,1,1e-06,0.0
1,0.010044574737548828,1,1,1e-06,0.0
1,0.007156848907470703,1,1,1e-06,0.0
1,0.005258321762084961,1,1,1e-06,0.0
1,0.00634312629699707,1,1,1e-06,0.0
1,0.009115934371948242,1,1,1e-06,0.0
1,0.002390146255493164,1,1,1e-06,0.0
1,0.002721548080444336,1,1,1e-06,0.0
1,0.012996912002563477,1,1,1e-06,0.0
1,0.0043888092041015625,1,1,1e-06,0.0
1,0.010802507400512695,1,1,1e-06,0.0
1,0.009003400802612305,1,1,1e-06,0.0
1,0.006409168243408203,1,1,1e-06,0.0
1,0.003979921340942383,1,1,1e-06,0.0
1,0.008109807968139648,1,1,1e-06,0.0
1,0.0033233165740966797,1,1,1e-06,0.0
1,0.0039958953857421875,1,1,1e-06,0.0
1,0.004766702651977539,1,1,1e-06,0.0
1,0.002470254898071289,1,1,1e-06,0.0
1,0.006326436996459961,1,1,1e-06,0.0
1,0.012156009674072266,1,1,1e-06,0.0
1,0.016510725021362305,1,1,1e-06,0.0
1,0.00959467887878418,1,1,1e-06,0.0
1,0.008567571640014648,1,1,1e-06,0.0
1,0.004448652267456055,1,1,1e-06,0.0
1,0.005007028579711914,1,1,1e-06,0.0
1,0.004461050033569336,1,1,1e-06,0.0
1,0.0061397552490234375,1,1,1e-06,0.0
1,0.006166934967041016,1,1,1e-06,0.0
1,0.005120277404785156,1,1,1e-06,0.0
1,0.003175497055053711,1,1,1e-06,0.0
1,0.013368368148803711,1,1,1e-06,0.0
1,0.005235433578491211,1,1,1e-06,0.0
1,0.0028553009033203125,1,1,1e-06,0.0
1,0.0044176578521728516,1,1,1e-06,0.0
1,0.008324861526489258,1,1,1e-06,0.0
1,0.004155635833740234,1,1,1e-06,0.0
1,0.0048906803131103516,1,1,1e-06,0.0
1,0.004973173141479492,1,1,1e-06,0.0
1,0.0034787654876708984,1,1,1e-06,0.0
1,0.3813750743865967,1,1,1e-06,0.0
1,0.004685640335083008,1,1,1e-06,0.0
1,0.005273103713989258,1,1,1e-06,0.0
1,0.014642477035522461,1,1,1e-06,0.0
1,0.005908966064453125,1,1,1e-06,0.0
1,0.010582685470581055,1,1,1e-06,0.0
1,0.004180908203125,1,1,1e-06,0.0
1,0.01118016242980957,1,1,1e-06,0.0
1,0.005464315414428711,1,1,1e-06,0.0
1,0.016958951950073242,1,1,1e-06,0.0
1,0.0062847137451171875,1,1,1e-06,0.0
1,0.006972789764404297,1,1,1e-06,0.0
1,0.009953022003173828,1,1,1e-06,0.0
1,0.008203744888305664,1,1,1e-06,0.0
1,0.01943683624267578,1,1,1e-06,0.0
1,0.008861780166625977,1,1,1e-06,0.0
1,0.012928009033203125,1,1,1e-06,0.0
1,0.011281013488769531,1,1,1e-06,0.0
1,0.00724339485168457,1,1,1e-06,0.0
1,0.013916015625,1,1,1e-06,0.0
1,0.008004188537597656,1,1,1e-06,0.0
1,0.02500152587890625,1,1,1e-06,0.0
1,0.012033700942993164,1,1,1e-06,0.0
1,0.017806053161621094,1,1,1e-06,0.0
1,0.048648834228515625,1,1,1e-06,0.0
1,0.006941080093383789,1,1,1e-06,0.0
1,0.0042743682861328125,1,1,1e-06,0.0
1,0.012217044830322266,1,1,1e-06,0.0
1,0.007670164108276367,1,1,1e-06,0.0
1,0.007716655731201172,1,1,1e-06,0.0
1,0.003489255905151367,1,1,1e-06,0.0
1,0.01147007942199707,1,1,1e-06,0.0
1,0.008261442184448242,1,1,1e-06,0.0
1,0.0073773860931396484,1,1,1e-06,0.0
1,0.0030426979064941406,1,1,1e-06,0.0
1,0.003643512725830078,1,1,1e-06,0.0
1,0.0036613941192626953,1,1,1e-06,0.0
1,0.0037107467651367188,1,1,1e-06,0.0
1,0.0029053688049316406,1,1,1e-06,0.0
1,0.003658771514892578,1,1,1e-06,0.0
1,0.0034148693084716797,1,1,1e-06,0.0
1,0.003652334213256836,1,1,1e-06,0.0
1,0.0030493736267089844,1,1,1e-06,0.0
1,0.003981113433837891,1,1,1e-06,0.0
1,0.0039005279541015625,1,1,1e-06,0.0
1,0.0031173229217529297,1,1,1e-06,0.0
1,0.0030906200408935547,1,1,1e-06,0.0
1,0.0024530887603759766,1,1,1e-06,0.0
1,0.0053594112396240234,1,1,1e-06,0.0
1,0.0056765079498291016,1,1,1e-06,0.0
1,0.00305938720703125,1,1,1e-06,0.0
1,0.0027952194213867188,1,1,1e-06,0.0
1,0.002511739730834961,1,1,1e-06,0.0
1,0.0028867721557617188,1,1,1e-06,0.0
1,0.003470182418823242,1,1,1e-06,0.0
1,0.002031087875366211,1,1,1e-06,0.0
1,0.05529332160949707,1,1,1e-06,0.0
1,0.009619712829589844,1,1,1e-06,0.0
1,0.009434938430786133,1,1,1e-06,0.0
1,0.00637054443359375,1,1,1e-06,0.0
1,0.0053331851959228516,1,1,1e-06,0.0
1,0.0060465335845947266,1,1,1e-06,0.0
1,0.005208253860473633,1,1,1e-06,0.0
1,0.009182929992675781,1,1,1e-06,0.0
1,0.01159048080444336,1,1,1e-06,0.0
1,0.012578725814819336,1,1,1e-06,0.0
1,0.007008075714111328,1,1,1e-06,0.0
1,0.010558366775512695,1,1,1e-06,0.0
1,0.004467964172363281,1,1,1e-06,0.0
1,0.010943889617919922,1,1,1e-06,0.0
1,0.0034570693969726562,1,1,1e-06,0.0
1,0.007467746734619141,1,1,1e-06,0.0
1,0.006631135940551758,1,1,1e-06,0.0
1,0.006927013397216797,1,1,1e-06,0.0
1,0.006744861602783203,1,1,1e-06,0.0
1,0.005794525146484375,1,1,1e-06,0.0
1,0.004128456115722656,1,1,1e-06,0.0
1,0.01225900650024414,1,1,1e-06,0.0
1,0.005251407623291016,1,1,1e-06,0.0
1,0.012814044952392578,1,1,1e-06,0.0
1,0.009050846099853516,1,1,1e-06,0.0
1,0.012209415435791016,1,1,1e-06,0.0
1,0.00832819938659668,1,1,1e-06,0.0
1,0.006842136383056641,1,1,1e-06,0.0
1,0.00908803939819336,1,1,1e-06,0.0
1,0.007264375686645508,1,1,1e-06,0.0
1,0.004417896270751953,1,1,1e-06,0.0
1,0.00878763198852539,1,1,1e-06,0.0
1,0.0042994022369384766,1,1,1e-06,0.0
1,0.009317159652709961,1,1,1e-06,0.0
1,0.006155490875244141,1,1,1e-06,0.0
1,0.006556987762451172,1,1,1e-06,0.0
1,0.03146839141845703,1,1,1e-06,0.0
1,0.0072154998779296875,1,1,1e-06,0.0
1,0.0047109127044677734,1,1,1e-06,0.0
1,0.004991292953491211,1,1,1e-06,0.0
1,0.008690834045410156,1,1,1e-06,0.0
1,0.004538297653198242,1,1,1e-06,0.0
1,0.012425661087036133,1,1,1e-06,0.0
1,0.0037338733673095703,1,1,1e-06,0.0
1,0.0057523250579833984,1,1,1e-06,0.0
1,0.005980253219604492,1,1,1e-06,0.0
1,0.0037949085235595703,1,1,1e-06,0.0
1,0.012944936752319336,1,1,1e-06,0.0
1,0.006369352340698242,1,1,1e-06,0.0
1,0.009353160858154297,1,1,1e-06,0.0
1,0.006518125534057617,1,1,1e-06,0.0
1,0.007939338684082031,1,1,1e-06,0.0
1,0.00795602798461914,1,1,1e-06,0.0
1,0.19583630561828613,1,1,1e-06,0.0
1,0.006432771682739258,1,1,1e-06,0.0
1,0.005716562271118164,1,1,1e-06,0.0
1,0.004376888275146484,1,1,1e-06,0.0
1,0.007866859436035156,1,1,1e-06,0.0
1,0.007699489593505859,1,1,1e-06,0.0
1,0.011001110076904297,1,1,1e-06,0.0
1,0.01174616813659668,1,1,1e-06,0.0
1,0.008242368698120117,1,1,1e-06,0.0
1,0.039427757263183594,1,1,1e-06,0.0
1,0.005990266799926758,1,1,1e-06,0.0
1,0.007641315460205078,1,1,1e-06,0.0
1,0.007403850555419922,1,1,1e-06,0.0
1,0.005717754364013672,1,1,1e-06,0.0
1,0.006578207015991211,1,1,1e-06,0.0
1,0.0038220882415771484,1,1,1e-06,0.0
1,0.012881994247436523,1,1,1e-06,0.0
1,0.0066182613372802734,1,1,1e-06,0.0
1,0.004669666290283203,1,1,1e-06,0.0
1,0.007084369659423828,1,1,1e-06,0.0
1,0.006653785705566406,1,1,1e-06,0.0
1,0.005971193313598633,1,1,1e-06,0.0
1,0.007776021957397461,1,1,1e-06,0.0
1,0.007851362228393555,1,1,1e-06,0.0
1,0.007503032684326172,1,1,1e-06,0.0
1,0.008935689926147461,1,1,1e-06,0.0
1,0.0059680938720703125,1,1,1e-06,0.0
1,0.004906892776489258,1,1,1e-06,0.0
1,0.005080699920654297,1,1,1e-06,0.0
1,0.0074765682220458984,1,1,1e-06,0.0
1,0.007848262786865234,1,1,1e-06,0.0
1,0.007157087326049805,1,1,1e-06,0.0
1,0.006696224212646484,1,1,1e-06,0.0
1,0.008003950119018555,1,1,1e-06,0.0
1,0.006730079650878906,1,1,1e-06,0.0
1,0.005873441696166992,1,1,1e-06,0.0
1,0.004219770431518555,1,1,1e-06,0.0
1,0.005507230758666992,1,1,1e-06,0.0
1,0.003208637237548828,1,1,1e-06,0.0
1,0.006841897964477539,1,1,1e-06,0.0
1,0.008192300796508789,1,1,1e-06,0.0
1,0.004960060119628906,1,1,1e-06,0.0
1,0.005759239196777344,1,1,1e-06,0.0
1,0.005526542663574219,1,1,1e-06,0.0
1,0.011529207229614258,1,1,1e-06,0.0
1,0.011018514633178711,1,1,1e-06,0.0
1,0.008459091186523438,1,1,1e-06,0.0
1,0.00527191162109375,1,1,1e-06,0.0
1,0.011232614517211914,1,1,1e-06,0.0
1,0.01258540153503418,1,1,1e-06,0.0
1,0.005749940872192383,1,1,1e-06,0.0
1,0.003989696502685547,1,1,1e-06,0.0
1,0.009351253509521484,1,1,1e-06,0.0
1,0.004864931106567383,1,1,1e-06,0.0
1,0.03107905387878418,1,1,1e-06,0.0
1,0.008346319198608398,1,1,1e-06,0.0
1,0.006026029586791992,1,1,1e-06,0.0
1,0.007106304168701172,1,1,1e-06,0.0
1,0.006913661956787109,1,1,1e-06,0.0
1,0.005608797073364258,1,1,1e-06,0.0
1,0.012547016143798828,1,1,1e-06,0.0
1,0.012578487396240234,1,1,1e-06,0.0
1,0.009369134902954102,1,1,1e-06,0.0
1,0.007007598876953125,1,1,1e-06,0.0
1,0.008239030838012695,1,1,1e-06,0.0
1,0.008469343185424805,1,1,1e-06,0.0
1,0.013135194778442383,1,1,1e-06,0.0
1,0.003562450408935547,1,1,1e-06,0.0
1,0.0052700042724609375,1,1,1e-06,0.0
1,0.00425267219543457,1,1,1e-06,0.0
1,0.0040318965911865234,1,1,1e-06,0.0
1,0.007577180862426758,1,1,1e-06,0.0
1,0.00662994384765625,1,1,1e-06,0.0
1,0.007235050201416016,1,1,1e-06,0.0
1,0.005309104919433594,1,1,1e-06,0.0
1,0.004678249359130859,1,1,1e-06,0.0
1,0.006746053695678711,1,1,1e-06,0.0
1,0.008292436599731445,1,1,1e-06,0.0
1,0.004626035690307617,1,1,1e-06,0.0
1,0.0031599998474121094,1,1,1e-06,0.0
1,0.012159347534179688,1,1,1e-06,0.0
1,0.003836393356323242,1,1,1e-06,0.0
1,0.00602269172668457,1,1,1e-06,0.0
1,0.007006168365478516,1,1,1e-06,0.0
1,0.0026569366455078125,1,1,1e-06,0.0
1,0.01160430908203125,1,1,1e-06,0.0
1,0.0073680877685546875,1,1,1e-06,0.0
1,0.009167671203613281,1,1,1e-06,0.0
1,0.007067203521728516,1,1,1e-06,0.0
1,0.005732536315917969,1,1,1e-06,0.0
1,0.005555152893066406,1,1,1e-06,0.0
1,0.0068242549896240234,1,1,1e-06,0.0
1,0.019895315170288086,1,1,1e-06,0.0
1,0.009981870651245117,1,1,1e-06,0.0
1,0.005136966705322266,1,1,1e-06,0.0
1,0.003920078277587891,1,1,1e-06,0.0
1,0.006704568862915039,1,1,1e-06,0.0
1,0.005815982818603516,1,1,1e-06,0.0
1,0.005903720855712891,1,1,1e-06,0.0
1,0.02784276008605957,1,1,1e-06,0.0
1,0.005160331726074219,1,1,1e-06,0.0
1,0.0035026073455810547,1,1,1e-06,0.0
1,0.005318641662597656,1,1,1e-06,0.0
1,0.006530046463012695,1,1,1e-06,0.0
1,0.008866310119628906,1,1,1e-06,0.0
1,0.006334066390991211,1,1,1e-06,0.0
1,0.008312463760375977,1,1,1e-06,0.0
1,0.009086370468139648,1,1,1e-06,0.0
1,0.00408625602722168,1,1,1e-06,0.0
1,0.008994817733764648,1,1,1e-06,0.0
1,0.005419015884399414,1,1,1e-06,0.0
1,0.003881216049194336,1,1,1e-06,0.0
1,0.005275249481201172,1,1,1e-06,0.0
1,0.0029087066650390625,1,1,1e-06,0.0
1,0.0034570693969726562,1,1,1e-06,0.0
1,0.0031015872955322266,1,1,1e-06,0.0
1,0.002672910690307617,1,1,1e-06,0.0
1,0.011202812194824219,1,1,1e-06,0.0
1,0.0026540756225585938,1,1,1e-06,0.0
1,0.012089967727661133,1,1,1e-06,0.0
1,0.0038406848907470703,1,1,1e-06,0.0
1,0.0036406517028808594,1,1,1e-06,0.0
1,0.0054781436920166016,1,1,1e-06,0.0
1,0.004151821136474609,1,1,1e-06,0.0
1,0.011514902114868164,1,1,1e-06,0.0
1,0.0024874210357666016,1,1,1e-06,0.0
1,0.012591838836669922,1,1,1e-06,0.0
1,0.0031783580780029297,1,1,1e-06,0.0
1,0.0043370723724365234,1,1,1e-06,0.0
1,0.00494384765625,1,1,1e-06,0.0
1,0.0034728050231933594,1,1,1e-06,0.0
1,0.0031452178955078125,1,1,1e-06,0.0
1,0.006711721420288086,1,1,1e-06,0.0
1,0.04309844970703125,1,1,1e-06,0.0
1,0.0025780200958251953,1,1,1e-06,0.0
1,0.002527952194213867,1,1,1e-06,0.0
1,0.0028870105743408203,1,1,1e-06,0.0
1,0.002801179885864258,1,1,1e-06,0.0
1,0.005038261413574219,1,1,1e-06,0.0
1,0.004004001617431641,1,1,1e-06,0.0
1,0.002468109130859375,1,1,1e-06,0.0
1,0.0027189254760742188,1,1,1e-06,0.0
1,0.0031228065490722656,1,1,1e-06,0.0
1,0.0032231807708740234,1,1,1e-06,0.0
1,0.002150297164916992,1,1,1e-06,0.0
1,0.0034880638122558594,1,1,1e-06,0.0
1,0.0034890174865722656,1,1,1e-06,0.0
1,0.0028159618377685547,1,1,1e-06,0.0
1,0.005823612213134766,1,1,1e-06,0.0
1,0.0031499862670898438,1,1,1e-06,0.0
1,0.0032854080200195312,1,1,1e-06,0.0
1,0.0025587081909179688,1,1,1e-06,0.0
1,0.002022981643676758,1,1,1e-06,0.0
1,0.004807233810424805,1,1,1e-06,0.0
1,0.0035979747772216797,1,1,1e-06,0.0
1,0.004298686981201172,1,1,1e-06,0.0
1,0.006424427032470703,1,1,1e-06,0.0
1,0.003170490264892578,1,1,1e-06,0.0
1,0.0038678646087646484,1,1,1e-06,0.0
1,0.003342866897583008,1,1,1e-06,0.0
1,0.002744436264038086,1,1,1e-06,0.0
1,0.017522096633911133,1,1,1e-06,0.0
1,0.0025615692138671875,1,1,1e-06,0.0
1,0.002782106399536133,1,1,1e-06,0.0
1,0.0038099288940429688,1,1,1e-06,0.0
1,0.003237009048461914,1,1,1e-06,0.0
1,0.0029838085174560547,1,1,1e-06,0.0
1,0.0018804073333740234,1,1,1e-06,0.0
1,0.003156900405883789,1,1,1e-06,0.0
1,0.002549886703491211,1,1,1e-06,0.0
1,0.0022962093353271484,1,1,1e-06,0.0
1,0.0026748180389404297,1,1,1e-06,0.0
1,0.0032749176025390625,1,1,1e-06,0.0
1,0.002106189727783203,1,1,1e-06,0.0
1,0.0051136016845703125,1,1,1e-06,0.0
1,0.002864360809326172,1,1,1e-06,0.0
1,0.0033473968505859375,1,1,1e-06,0.0
1,0.00642704963684082,1,1,1e-06,0.0
1,0.0046842098236083984,1,1,1e-06,0.0
1,0.010838747024536133,1,1,1e-06,0.0
1,0.006765127182006836,1,1,1e-06,0.0
1,0.007111072540283203,1,1,1e-06,0.0
1,0.014042854309082031,1,1,1e-06,0.0
1,0.008196353912353516,1,1,1e-06,0.0
1,0.003926992416381836,1,1,1e-06,0.0
1,0.005113363265991211,1,1,1e-06,0.0
1,0.0053408145904541016,1,1,1e-06,0.0
1,0.0066204071044921875,1,1,1e-06,0.0
1,0.008657217025756836,1,1,1e-06,0.0
1,0.3813645839691162,1,1,1e-06,0.0
1,0.0029811859130859375,1,1,1e-06,0.0
1,0.005420207977294922,1,1,1e-06,0.0
1,0.0022897720336914062,1,1,1e-06,0.0
1,0.003117084503173828,1,1,1e-06,0.0
1,0.0030944347381591797,1,1,1e-06,0.0
1,0.003093242645263672,1,1,1e-06,0.0
1,0.003239154815673828,1,1,1e-06,0.0
1,0.003551959991455078,1,1,1e-06,0.0
1,0.005531787872314453,1,1,1e-06,0.0
1,0.003732919692993164,1,1,1e-06,0.0
1,0.006014347076416016,1,1,1e-06,0.0
1,0.0062122344970703125,1,1,1e-06,0.0
1,0.003846883773803711,1,1,1e-06,0.0
1,0.003386974334716797,1,1,1e-06,0.0
1,0.0028705596923828125,1,1,1e-06,0.0
1,0.004125833511352539,1,1,1e-06,0.0
1,0.0027246475219726562,1,1,1e-06,0.0
1,0.002546072006225586,1,1,1e-06,0.0
1,0.004835367202758789,1,1,1e-06,0.0
1,0.005071163177490234,1,1,1e-06,0.0
1,0.006146907806396484,1,1,1e-06,0.0
1,0.0037384033203125,1,1,1e-06,0.0
1,0.005108356475830078,1,1,1e-06,0.0
1,0.005491971969604492,1,1,1e-06,0.0
1,0.008330583572387695,1,1,1e-06,0.0
1,0.00807952880859375,1,1,1e-06,0.0
1,0.006224393844604492,1,1,1e-06,0.0
1,0.005677700042724609,1,1,1e-06,0.0
1,0.006614208221435547,1,1,1e-06,0.0
1,0.003396272659301758,1,1,1e-06,0.0
1,0.010597467422485352,1,1,1e-06,0.0
1,0.005364656448364258,1,1,1e-06,0.0
1,0.017956018447875977,1,1,1e-06,0.0
1,0.226149320602417,1,1,1e-06,0.0
1,0.007538795471191406,1,1,1e-06,0.0
1,0.009326457977294922,1,1,1e-06,0.0
1,0.011183023452758789,1,1,1e-06,0.0
1,0.005942106246948242,1,1,1e-06,0.0
1,0.0060198307037353516,1,1,1e-06,0.0
1,0.007103919982910156,1,1,1e-06,0.0
1,0.0071642398834228516,1,1,1e-06,0.0
1,0.005460023880004883,1,1,1e-06,0.0
1,0.004922628402709961,1,1,1e-06,0.0
1,0.005322456359863281,1,1,1e-06,0.0
1,0.05949544906616211,1,1,1e-06,0.0
1,0.006979703903198242,1,1,1e-06,0.0
1,0.005991220474243164,1,1,1e-06,0.0
1,0.006082057952880859,1,1,1e-06,0.0
1,0.005459785461425781,1,1,1e-06,0.0
1,0.005532979965209961,1,1,1e-06,0.0
1,0.00548243522644043,1,1,1e-06,0.0
1,0.006508350372314453,1,1,1e-06,0.0
1,0.011699199676513672,1,1,1e-06,0.0
1,0.00823664665222168,1,1,1e-06,0.0
1,0.011891603469848633,1,1,1e-06,0.0
1,0.017575502395629883,1,1,1e-06,0.0
1,0.012422323226928711,1,1,1e-06,0.0
1,0.1089932918548584,1,1,1e-06,0.0
1,0.12897062301635742,1,1,1e-06,0.0
1,0.00972604751586914,1,1,1e-06,0.0
1,0.008546829223632812,1,1,1e-06,0.0
1,0.0033752918243408203,1,1,1e-06,0.0
1,0.03590202331542969,1,1,1e-06,0.0
1,0.00884103775024414,1,1,1e-06,0.0
1,0.008234262466430664,1,1,1e-06,0.0
1,0.009996652603149414,1,1,1e-06,0.0
1,0.004644632339477539,1,1,1e-06,0.0
1,0.009153127670288086,1,1,1e-06,0.0
1,0.0067119598388671875,1,1,1e-06,0.0
1,0.0075206756591796875,1,1,1e-06,0.0
1,0.00644373893737793,1,1,1e-06,0.0
1,0.004481792449951172,1,1,1e-06,0.0
1,0.0027899742126464844,1,1,1e-06,0.0
1,0.008806228637695312,1,1,1e-06,0.0
1,0.006094932556152344,1,1,1e-06,0.0
1,0.002804994583129883,1,1,1e-06,0.0
1,0.0032579898834228516,1,1,1e-06,0.0
1,0.003096342086791992,1,1,1e-06,0.0
1,0.014103412628173828,1,1,1e-06,0.0
1,0.010550975799560547,1,1,1e-06,0.0
1,0.005630970001220703,1,1,1e-06,0.0
1,0.008835077285766602,1,1,1e-06,0.0
1,0.0031714439392089844,1,1,1e-06,0.0
1,0.0030646324157714844,1,1,1e-06,0.0
1,0.0037946701049804688,1,1,1e-06,0.0
1,0.004002571105957031,1,1,1e-06,0.0
1,0.0042645931243896484,1,1,1e-06,0.0
1,0.013480186462402344,1,1,1e-06,0.0
1,0.008810281753540039,1,1,1e-06,0.0
1,0.0024361610412597656,1,1,1e-06,0.0
1,0.009696245193481445,1,1,1e-06,0.0
1,0.0029261112213134766,1,1,1e-06,0.0
1,0.0034363269805908203,1,1,1e-06,0.0
1,0.0023899078369140625,1,1,1e-06,0.0
1,0.0098724365234375,1,1,1e-06,0.0
1,0.017104387283325195,1,1,1e-06,0.0
1,0.005881071090698242,1,1,1e-06,0.0
1,0.007928609848022461,1,1,1e-06,0.0
1,0.004509449005126953,1,1,1e-06,0.0
1,0.004953861236572266,1,1,1e-06,0.0
1,0.003606081008911133,1,1,1e-06,0.0
1,0.006378650665283203,1,1,1e-06,0.0
1,0.003873109817504883,1,1,1e-06,0.0
1,0.006841897964477539,1,1,1e-06,0.0
1,0.00816798210144043,1,1,1e-06,0.0
1,0.005953550338745117,1,1,1e-06,0.0
1,0.0038154125213623047,1,1,1e-06,0.0
1,0.003211498260498047,1,1,1e-06,0.0
1,0.004018068313598633,1,1,1e-06,0.0
1,0.005060911178588867,1,1,1e-06,0.0
1,0.005130767822265625,1,1,1e-06,0.0
1,0.0068950653076171875,1,1,1e-06,0.0
1,0.003036022186279297,1,1,1e-06,0.0
1,0.002702951431274414,1,1,1e-06,0.0
1,0.004444122314453125,1,1,1e-06,0.0
1,0.02534770965576172,1,1,1e-06,0.0
1,0.037483930587768555,1,1,1e-06,0.0
1,0.005274534225463867,1,1,1e-06,0.0
1,0.003507852554321289,1,1,1e-06,0.0
1,0.009815216064453125,1,1,1e-06,0.0
1,0.0037152767181396484,1,1,1e-06,0.0
1,0.040166378021240234,1,1,1e-06,0.0
1,0.005518198013305664,1,1,1e-06,0.0
1,0.04850411415100098,1,1,1e-06,0.0
1,0.003507852554321289,1,1,1e-06,0.0
1,0.0026721954345703125,1,1,1e-06,0.0
1,0.003947019577026367,1,1,1e-06,0.0
1,0.0033712387084960938,1,1,1e-06,0.0
1,0.003638744354248047,1,1,1e-06,0.0
1,0.059159278869628906,1,1,1e-06,0.0
1,0.0037336349487304688,1,1,1e-06,0.0
1,0.010394811630249023,1,1,1e-06,0.0
1,0.025538921356201172,1,1,1e-06,0.0
1,0.006482362747192383,1,1,1e-06,0.0
1,0.007260560989379883,1,1,1e-06,0.0
1,0.00854182243347168,1,1,1e-06,0.0
1,0.004084587097167969,1,1,1e-06,0.0
1,0.007301807403564453,1,1,1e-06,0.0
1,0.011926889419555664,1,1,1e-06,0.0
1,0.007485866546630859,1,1,1e-06,0.0
1,0.003907442092895508,1,1,1e-06,0.0
1,0.005964517593383789,1,1,1e-06,0.0
1,0.007483959197998047,1,1,1e-06,0.0
1,0.00550079345703125,1,1,1e-06,0.0
1,0.07301044464111328,1,1,1e-06,0.0
1,0.0066378116607666016,1,1,1e-06,0.0
1,0.006568193435668945,1,1,1e-06,0.0
1,0.007812976837158203,1,1,1e-06,0.0
1,0.03908824920654297,1,1,1e-06,0.0
1,0.0049152374267578125,1,1,1e-06,0.0
1,0.004879474639892578,1,1,1e-06,0.0
1,0.00824880599975586,1,1,1e-06,0.0
1,0.009719610214233398,1,1,1e-06,0.0
1,0.0364375114440918,1,1,1e-06,0.0
1,0.014106512069702148,1,1,1e-06,0.0
1,0.006750345230102539,1,1,1e-06,0.0
1,0.006626129150390625,1,1,1e-06,0.0
1,0.005477428436279297,1,1,1e-06,0.0
1,0.011694908142089844,1,1,1e-06,0.0
1,0.008594751358032227,1,1,1e-06,0.0
1,0.008021116256713867,1,1,1e-06,0.0
1,0.008881568908691406,1,1,1e-06,0.0
1,0.012120246887207031,1,1,1e-06,0.0
1,0.009610652923583984,1,1,1e-06,0.0
1,0.005841970443725586,1,1,1e-06,0.0
1,0.004425764083862305,1,1,1e-06,0.0
1,0.06748270988464355,1,1,1e-06,0.0
1,0.006235361099243164,1,1,1e-06,0.0
1,0.006356000900268555,1,1,1e-06,0.0
1,0.006584882736206055,1,1,1e-06,0.0
1,0.009469747543334961,1,1,1e-06,0.0
1,0.003576040267944336,1,1,1e-06,0.0
1,0.007012367248535156,1,1,1e-06,0.0
1,0.008478403091430664,1,1,1e-06,0.0
1,0.01377415657043457,1,1,1e-06,0.0
1,0.007297515869140625,1,1,1e-06,0.0
1,0.030145645141601562,1,1,1e-06,0.0
1,0.005543708801269531,1,1,1e-06,0.0
1,0.009435176849365234,1,1,1e-06,0.0
1,0.006312847137451172,1,1,1e-06,0.0
1,0.004640340805053711,1,1,1e-06,0.0
1,0.011757850646972656,1,1,1e-06,0.0
1,0.008265495300292969,1,1,1e-06,0.0
1,0.010509252548217773,1,1,1e-06,0.0
1,0.014053821563720703,1,1,1e-06,0.0
1,0.007715940475463867,1,1,1e-06,0.0
1,0.007731437683105469,1,1,1e-06,0.0
1,0.008115768432617188,1,1,1e-06,0.0
1,0.007802248001098633,1,1,1e-06,0.0
1,0.009340047836303711,1,1,1e-06,0.0
1,0.005894899368286133,1,1,1e-06,0.0
1,0.004740715026855469,1,1,1e-06,0.0
1,0.011910200119018555,1,1,1e-06,0.0
1,0.010127544403076172,1,1,1e-06,0.0
1,0.006014108657836914,1,1,1e-06,0.0
1,0.005368709564208984,1,1,1e-06,0.0
1,0.009702205657958984,1,1,1e-06,0.0
1,0.006304025650024414,1,1,1e-06,0.0
1,0.00600433349609375,1,1,1e-06,0.0
1,0.004549503326416016,1,1,1e-06,0.0
1,0.0031316280364990234,1,1,1e-06,0.0
1,0.03456735610961914,1,1,1e-06,0.0
1,0.0042438507080078125,1,1,1e-06,0.0
1,0.0040056705474853516,1,1,1e-06,0.0
1,0.0038542747497558594,1,1,1e-06,0.0
1,0.003224611282348633,1,1,1e-06,0.0
1,0.003025054931640625,1,1,1e-06,0.0
1,0.0022525787353515625,1,1,1e-06,0.0
1,0.005133152008056641,1,1,1e-06,0.0
1,0.022359371185302734,1,1,1e-06,0.0
1,0.0033807754516601562,1,1,1e-06,0.0
1,0.0035109519958496094,1,1,1e-06,0.0
1,0.0033822059631347656,1,1,1e-06,0.0
1,0.0031774044036865234,1,1,1e-06,0.0
1,0.003431558609008789,1,1,1e-06,0.0
1,0.002138376235961914,1,1,1e-06,0.0
1,0.003548145294189453,1,1,1e-06,0.0
1,0.0048732757568359375,1,1,1e-06,0.0
1,0.0032401084899902344,1,1,1e-06,0.0
1,0.0030198097229003906,1,1,1e-06,0.0
1,0.009222745895385742,1,1,1e-06,0.0
1,0.0051953792572021484,1,1,1e-06,0.0
1,0.0052394866943359375,1,1,1e-06,0.0
1,0.01015782356262207,1,1,1e-06,0.0
1,0.007230997085571289,1,1,1e-06,0.0
1,0.004685878753662109,1,1,1e-06,0.0
1,0.0057566165924072266,1,1,1e-06,0.0
1,0.003536224365234375,1,1,1e-06,0.0
1,0.003014802932739258,1,1,1e-06,0.0
1,0.003931999206542969,1,1,1e-06,0.0
1,0.0030019283294677734,1,1,1e-06,0.0
1,0.0040280818939208984,1,1,1e-06,0.0
1,0.002582550048828125,1,1,1e-06,0.0
1,0.0026612281799316406,1,1,1e-06,0.0
1,0.0026769638061523438,1,1,1e-06,0.0
1,0.0032761096954345703,1,1,1e-06,0.0
1,0.00336456298828125,1,1,1e-06,0.0
1,0.0031311511993408203,1,1,1e-06,0.0
1,0.002653837203979492,1,1,1e-06,0.0
1,0.003064393997192383,1,1,1e-06,0.0
1,0.0033779144287109375,1,1,1e-06,0.0
1,0.00263214111328125,1,1,1e-06,0.0
1,0.0032465457916259766,1,1,1e-06,0.0
1,0.0038385391235351562,1,1,1e-06,0.0
1,0.005935192108154297,1,1,1e-06,0.0
1,0.003681659698486328,1,1,1e-06,0.0
1,0.016483306884765625,1,1,1e-06,0.0
1,0.00365447998046875,1,1,1e-06,0.0
1,0.00457453727722168,1,1,1e-06,0.0
1,0.0042879581451416016,1,1,1e-06,0.0
1,0.003786802291870117,1,1,1e-06,0.0
1,0.003524303436279297,1,1,1e-06,0.0
1,0.007845640182495117,1,1,1e-06,0.0
1,0.01058506965637207,1,1,1e-06,0.0
1,0.005628108978271484,1,1,1e-06,0.0
1,0.005811452865600586,1,1,1e-06,0.0
1,0.0036933422088623047,1,1,1e-06,0.0
1,0.003653287887573242,1,1,1e-06,0.0
1,0.04373025894165039,1,1,1e-06,0.0
1,0.002862691879272461,1,1,1e-06,0.0
1,0.0030553340911865234,1,1,1e-06,0.0
1,0.188645601272583,1,1,1e-06,0.0
1,0.006125688552856445,1,1,1e-06,0.0
1,0.0043544769287109375,1,1,1e-06,0.0
1,0.006356000900268555,1,1,1e-06,0.0
1,0.006936311721801758,1,1,1e-06,0.0
1,0.02884697914123535,1,1,1e-06,0.0
1,0.00844430923461914,1,1,1e-06,0.0
1,0.009761333465576172,1,1,1e-06,0.0
1,0.005689859390258789,1,1,1e-06,0.0
1,0.11036157608032227,1,1,1e-06,0.0
1,0.005628108978271484,1,1,1e-06,0.0
1,0.0032401084899902344,1,1,1e-06,0.0
1,0.007940530776977539,1,1,1e-06,0.0
1,0.006123781204223633,1,1,1e-06,0.0
1,0.0027112960815429688,1,1,1e-06,0.0
1,0.006269931793212891,1,1,1e-06,0.0
1,0.013049125671386719,1,1,1e-06,0.0
1,0.004311561584472656,1,1,1e-06,0.0
1,0.006288051605224609,1,1,1e-06,0.0
1,0.0026073455810546875,1,1,1e-06,0.0
1,0.2234506607055664,1,1,1e-06,0.0
1,0.004767417907714844,1,1,1e-06,0.0
1,0.0030307769775390625,1,1,1e-06,0.0
1,0.003513336181640625,1,1,1e-06,0.0
1,0.003597736358642578,1,1,1e-06,0.0
1,0.004136085510253906,1,1,1e-06,0.0
1,0.00579833984375,1,1,1e-06,0.0
1,0.00501704216003418,1,1,1e-06,0.0
1,0.03218245506286621,1,1,1e-06,0.0
1,0.00503230094909668,1,1,1e-06,0.0
1,0.0055615901947021484,1,1,1e-06,0.0
1,0.0092010498046875,1,1,1e-06,0.0
1,0.0030870437622070312,1,1,1e-06,0.0
1,0.006710052490234375,1,1,1e-06,0.0
1,0.010377645492553711,1,1,1e-06,0.0
1,0.0049896240234375,1,1,1e-06,0.0
1,0.0051233768463134766,1,1,1e-06,0.0
1,0.06302428245544434,1,1,1e-06,0.0
1,0.003611326217651367,1,1,1e-06,0.0
1,0.003677845001220703,1,1,1e-06,0.0
1,0.003261089324951172,1,1,1e-06,0.0
1,0.003104686737060547,1,1,1e-06,0.0
1,0.00359344482421875,1,1,1e-06,0.0
1,0.005660295486450195,1,1,1e-06,0.0
1,0.0031180381774902344,1,1,1e-06,0.0
1,0.0029175281524658203,1,1,1e-06,0.0
1,0.004130363464355469,1,1,1e-06,0.0
1,0.005861043930053711,1,1,1e-06,0.0
1,0.006098508834838867,1,1,1e-06,0.0
1,0.004866600036621094,1,1,1e-06,0.0
1,0.004861354827880859,1,1,1e-06,0.0
1,0.1312711238861084,1,1,1e-06,0.0
1,0.0028743743896484375,1,1,1e-06,0.0
1,0.003172636032104492,1,1,1e-06,0.0
1,0.011690855026245117,1,1,1e-06,0.0
1,0.008445501327514648,1,1,1e-06,0.0
1,0.003810882568359375,1,1,1e-06,0.0
1,0.003747701644897461,1,1,1e-06,0.0
1,0.003420591354370117,1,1,1e-06,0.0
1,0.005124092102050781,1,1,1e-06,0.0
1,0.003196239471435547,1,1,1e-06,0.0
1,0.0035948753356933594,1,1,1e-06,0.0
1,0.0036971569061279297,1,1,1e-06,0.0
1,0.005060434341430664,1,1,1e-06,0.0
1,0.004236936569213867,1,1,1e-06,0.0
1,0.10761308670043945,1,1,1e-06,0.0
1,0.014418840408325195,1,1,1e-06,0.0
1,0.005977153778076172,1,1,1e-06,0.0
1,0.013590097427368164,1,1,1e-06,0.0
1,0.013045072555541992,1,1,1e-06,0.0
1,0.012758493423461914,1,1,1e-06,0.0
1,0.014496803283691406,1,1,1e-06,0.0
1,0.015054941177368164,1,1,1e-06,0.0
1,0.004621982574462891,1,1,1e-06,0.0
1,0.016527414321899414,1,1,1e-06,0.0
1,0.004148244857788086,1,1,1e-06,0.0
1,0.017107248306274414,1,1,1e-06,0.0
1,0.02712106704711914,1,1,1e-06,0.0
1,0.012942314147949219,1,1,1e-06,0.0
1,0.004811763763427734,1,1,1e-06,0.0
1,0.004464149475097656,1,1,1e-06,0.0
1,0.08531880378723145,1,1,1e-06,0.0
1,0.0033767223358154297,1,1,1e-06,0.0
1,0.09595870971679688,1,1,1e-06,0.0
1,0.004675388336181641,1,1,1e-06,0.0
1,0.0028443336486816406,1,1,1e-06,0.0
1,0.08056449890136719,1,1,1e-06,0.0
1,0.0033218860626220703,1,1,1e-06,0.0
1,0.01232147216796875,1,1,1e-06,0.0
1,0.005556821823120117,1,1,1e-06,0.0
1,0.0037987232208251953,1,1,1e-06,0.0
1,0.0034096240997314453,1,1,1e-06,0.0
1,0.01075887680053711,1,1,1e-06,0.0
1,0.00535893440246582,1,1,1e-06,0.0
1,0.012169837951660156,1,1,1e-06,0.0
1,0.0036890506744384766,1,1,1e-06,0.0
1,0.012424945831298828,1,1,1e-06,0.0
1,0.004408121109008789,1,1,1e-06,0.0
1,0.007874727249145508,1,1,1e-06,0.0
1,0.004709005355834961,1,1,1e-06,0.0
1,0.011803150177001953,1,1,1e-06,0.0
1,0.013301610946655273,1,1,1e-06,0.0
1,0.0031633377075195312,1,1,1e-06,0.0
1,0.003070831298828125,1,1,1e-06,0.0
1,0.0041806697845458984,1,1,1e-06,0.0
1,0.0031783580780029297,1,1,1e-06,0.0
1,0.011745214462280273,1,1,1e-06,0.0
1,0.00545501708984375,1,1,1e-06,0.0
1,0.003557443618774414,1,1,1e-06,0.0
1,0.0023336410522460938,1,1,1e-06,0.0
1,0.0020589828491210938,1,1,1e-06,0.0
1,0.09905028343200684,1,1,1e-06,0.0
1,0.0033431053161621094,1,1,1e-06,0.0
1,0.003579378128051758,1,1,1e-06,0.0
1,0.005640983581542969,1,1,1e-06,0.0
1,0.011996030807495117,1,1,1e-06,0.0
1,0.004503011703491211,1,1,1e-06,0.0
1,0.01197671890258789,1,1,1e-06,0.0
1,0.0040094852447509766,1,1,1e-06,0.0
1,0.010808229446411133,1,1,1e-06,0.0
1,0.003081083297729492,1,1,1e-06,0.0
1,0.09340834617614746,1,1,1e-06,0.0
1,0.004721879959106445,1,1,1e-06,0.0
1,0.013981103897094727,1,1,1e-06,0.0
1,0.0042400360107421875,1,1,1e-06,0.0
1,0.012388229370117188,1,1,1e-06,0.0
1,0.23783087730407715,1,1,1e-06,0.0
1,0.012085437774658203,1,1,1e-06,0.0
1,0.005818843841552734,1,1,1e-06,0.0
1,0.00932621955871582,1,1,1e-06,0.0
1,0.006044864654541016,1,1,1e-06,0.0
1,0.009150505065917969,1,1,1e-06,0.0
1,0.005278587341308594,1,1,1e-06,0.0
1,0.0024776458740234375,1,1,1e-06,0.0
1,0.007216215133666992,1,1,1e-06,0.0
1,0.0033919811248779297,1,1,1e-06,0.0
1,0.01074361801147461,1,1,1e-06,0.0
1,0.00855565071105957,1,1,1e-06,0.0
1,0.008807659149169922,1,1,1e-06,0.0
1,0.0021028518676757812,1,1,1e-06,0.0
1,0.012175321578979492,1,1,1e-06,0.0
1,0.005707502365112305,1,1,1e-06,0.0
1,0.004077434539794922,1,1,1e-06,0.0
1,0.012364864349365234,1,1,1e-06,0.0
1,0.013348102569580078,1,1,1e-06,0.0
1,0.01716899871826172,1,1,1e-06,0.0
0,1.0271883010864258,0,0,,0.0
1,0.0041844844818115234,1,1,1e-06,0.0
1,0.011984586715698242,1,1,1e-06,0.0
1,0.05436444282531738,1,1,1e-06,0.0
1,0.003255605697631836,1,1,1e-06,0.0
1,0.005615711212158203,1,1,1e-06,0.0
1,0.004071950912475586,1,1,1e-06,0.0
0,1.0666165351867676,0,0,,0.0
1,0.005981922149658203,1,1,1e-06,0.0
1,0.0053386688232421875,1,1,1e-06,0.0
1,0.012374401092529297,1,1,1e-06,0.0
1,0.007178544998168945,1,1,1e-06,0.0
1,0.010904073715209961,1,1,1e-06,0.0
1,0.017980575561523438,1,1,1e-06,0.0
1,0.017609834671020508,1,1,1e-06,0.0
1,0.016095638275146484,1,1,1e-06,0.0
1,0.006540060043334961,1,1,1e-06,0.0
1,0.6863193511962891,1,1,1e-06,0.0
1,0.005850076675415039,1,1,1e-06,0.0
1,0.0030515193939208984,1,1,1e-06,0.0
1,0.004094839096069336,1,1,1e-06,0.0
1,0.0026175975799560547,1,1,1e-06,0.0
1,0.003610849380493164,1,1,1e-06,0.0
1,0.0028810501098632812,1,1,1e-06,0.0
1,0.021026134490966797,1,1,1e-06,0.0
1,0.0064144134521484375,1,1,1e-06,0.0
1,0.0034143924713134766,1,1,1e-06,0.0
1,0.005820512771606445,1,1,1e-06,0.0
1,0.005087375640869141,1,1,1e-06,0.0
1,0.004479646682739258,1,1,1e-06,0.0
1,0.0036525726318359375,1,1,1e-06,0.0
1,0.003787517547607422,1,1,1e-06,0.0
1,0.003572702407836914,1,1,1e-06,0.0
1,0.0029048919677734375,1,1,1e-06,0.0
1,0.011353731155395508,1,1,1e-06,0.0
1,0.005463123321533203,1,1,1e-06,0.0
1,0.004848480224609375,1,1,1e-06,0.0
1,0.00503849983215332,1,1,1e-06,0.0
1,0.005625247955322266,1,1,1e-06,0.0
1,0.00918722152709961,1,1,1e-06,0.0
1,0.0069730281829833984,1,1,1e-06,0.0
1,0.005953788757324219,1,1,1e-06,0.0
1,0.0058252811431884766,1,1,1e-06,0.0
1,0.005655765533447266,1,1,1e-06,0.0
1,0.005295276641845703,1,1,1e-06,0.0
1,0.004670143127441406,1,1,1e-06,0.0
1,0.0053904056549072266,1,1,1e-06,0.0
1,0.00923776626586914,1,1,1e-06,0.0
1,0.004995107650756836,1,1,1e-06,0.0
1,0.002997875213623047,1,1,1e-06,0.0
1,0.0030248165130615234,1,1,1e-06,0.0
1,0.0026390552520751953,1,1,1e-06,0.0
1,0.002583742141723633,1,1,1e-06,0.0
1,0.005587339401245117,1,1,1e-06,0.0
1,0.005350589752197266,1,1,1e-06,0.0
1,0.0054225921630859375,1,1,1e-06,0.0
1,0.0058438777923583984,1,1,1e-06,0.0
1,0.004213809967041016,1,1,1e-06,0.0
1,0.0023593902587890625,1,1,1e-06,0.0
1,0.0023097991943359375,1,1,1e-06,0.0
1,0.0027129650115966797,1,1,1e-06,0.0
1,0.003198385238647461,1,1,1e-06,0.0
1,0.003248453140258789,1,1,1e-06,0.0
1,0.00244140625,1,1,1e-06,0.0
1,0.007019758224487305,1,1,1e-06,0.0
1,0.0044596195220947266,1,1,1e-06,0.0
1,0.005506753921508789,1,1,1e-06,0.0
1,0.0053331851959228516,1,1,1e-06,0.0
1,0.004222393035888672,1,1,1e-06,0.0
1,0.0056476593017578125,1,1,1e-06,0.0
1,0.0044176578521728516,1,1,1e-06,0.0
1,0.00471186637878418,1,1,1e-06,0.0
1,0.011690855026245117,1,1,1e-06,0.0
1,0.008481740951538086,1,1,1e-06,0.0
1,0.010520458221435547,1,1,1e-06,0.0
1,0.007477998733520508,1,1,1e-06,0.0
1,0.0049779415130615234,1,1,1e-06,0.0
1,0.0034630298614501953,1,1,1e-06,0.0
1,0.002694845199584961,1,1,1e-06,0.0
1,0.009139776229858398,1,1,1e-06,0.0
1,0.005643606185913086,1,1,1e-06,0.0
1,0.004868030548095703,1,1,1e-06,0.0
1,0.005347013473510742,1,1,1e-06,0.0
1,0.005474567413330078,1,1,1e-06,0.0
1,0.005265474319458008,1,1,1e-06,0.0
1,0.0038840770721435547,1,1,1e-06,0.0
1,0.005351543426513672,1,1,1e-06,0.0
1,0.005146980285644531,1,1,1e-06,0.0
1,0.01105499267578125,1,1,1e-06,0.0
1,0.012463569641113281,1,1,1e-06,0.0
1,0.004076957702636719,1,1,1e-06,0.0
1,0.004326343536376953,1,1,1e-06,0.0
1,0.004351377487182617,1,1,1e-06,0.0
1,0.021790027618408203,1,1,1e-06,0.0
1,0.0028295516967773438,1,1,1e-06,0.0
1,0.002878427505493164,1,1,1e-06,0.0
1,0.003063201904296875,1,1,1e-06,0.0
1,0.0021927356719970703,1,1,1e-06,0.0
1,0.00325775146484375,1,1,1e-06,0.0
1,0.0024635791778564453,1,1,1e-06,0.0
1,0.003017902374267578,1,1,1e-06,0.0
1,0.002466917037963867,1,1,1e-06,0.0
1,0.0029027462005615234,1,1,1e-06,0.0
1,0.0033960342407226562,1,1,1e-06,0.0
1,0.004243612289428711,1,1,1e-06,0.0
1,0.0031197071075439453,1,1,1e-06,0.0
1,0.0027785301208496094,1,1,1e-06,0.0
1,0.046801090240478516,1,1,1e-06,0.0
1,0.02124786376953125,1,1,1e-06,0.0
1,0.0032639503479003906,1,1,1e-06,0.0
1,0.0047647953033447266,1,1,1e-06,0.0
1,0.003163576126098633,1,1,1e-06,0.0
1,0.006159543991088867,1,1,1e-06,0.0
1,0.004022121429443359,1,1,1e-06,0.0
1,0.008701324462890625,1,1,1e-06,0.0
1,0.013372421264648438,1,1,1e-06,0.0
1,0.008052825927734375,1,1,1e-06,0.0
1,0.007896900177001953,1,1,1e-06,0.0
1,0.00774693489074707,1,1,1e-06,0.0
1,0.009284734725952148,1,1,1e-06,0.0
1,0.0069272518157958984,1,1,1e-06,0.0
1,0.008726835250854492,1,1,1e-06,0.0
1,0.009051799774169922,1,1,1e-06,0.0
1,0.009215116500854492,1,1,1e-06,0.0
1,0.0864260196685791,1,1,1e-06,0.0
1,0.01348733901977539,1,1,1e-06,0.0
1,0.00815439224243164,1,1,1e-06,0.0
1,0.007803678512573242,1,1,1e-06,0.0
1,0.031087398529052734,1,1,1e-06,0.0
1,0.008568048477172852,1,1,1e-06,0.0
1,0.008162975311279297,1,1,1e-06,0.0
1,0.008166313171386719,1,1,1e-06,0.0
1,0.013326168060302734,1,1,1e-06,0.0
1,0.015421390533447266,1,1,1e-06,0.0
1,0.010561704635620117,1,1,1e-06,0.0
1,0.006506443023681641,1,1,1e-06,0.0
1,0.0076215267181396484,1,1,1e-06,0.0
1,0.010597467422485352,1,1,1e-06,0.0
1,0.008083581924438477,1,1,1e-06,0.0
1,0.006331443786621094,1,1,1e-06,0.0
1,0.006742954254150391,1,1,1e-06,0.0
1,0.007889986038208008,1,1,1e-06,0.0
1,0.004510402679443359,1,1,1e-06,0.0
1,0.0067632198333740234,1,1,1e-06,0.0
1,0.0047435760498046875,1,1,1e-06,0.0
1,0.007302999496459961,1,1,1e-06,0.0
1,0.0071947574615478516,1,1,1e-06,0.0
1,0.011089801788330078,1,1,1e-06,0.0
1,0.008356571197509766,1,1,1e-06,0.0
1,0.007823944091796875,1,1,1e-06,0.0
1,0.007608890533447266,1,1,1e-06,0.0
1,0.007320404052734375,1,1,1e-06,0.0
1,0.00795292854309082,1,1,1e-06,0.0
1,0.007786989212036133,1,1,1e-06,0.0
1,0.013141870498657227,1,1,1e-06,0.0
1,0.011729955673217773,1,1,1e-06,0.0
1,0.00721430778503418,1,1,1e-06,0.0
1,0.0375363826751709,1,1,1e-06,0.0
1,0.0030395984649658203,1,1,1e-06,0.0
1,0.003525972366333008,1,1,1e-06,0.0
1,0.003242015838623047,1,1,1e-06,0.0
1,0.0025587081909179688,1,1,1e-06,0.0
1,0.003782987594604492,1,1,1e-06,0.0
1,0.003801107406616211,1,1,1e-06,0.0
1,0.007427215576171875,1,1,1e-06,0.0
1,0.008281469345092773,1,1,1e-06,0.0
1,0.006693601608276367,1,1,1e-06,0.0
1,0.004404783248901367,1,1,1e-06,0.0
1,0.0034046173095703125,1,1,1e-06,0.0
1,0.003904104232788086,1,1,1e-06,0.0
1,0.0027189254760742188,1,1,1e-06,0.0
1,0.003376483917236328,1,1,1e-06,0.0
1,0.003202199935913086,1,1,1e-06,0.0
1,0.0031092166900634766,1,1,1e-06,0.0
1,0.002806425094604492,1,1,1e-06,0.0
1,0.002882719039916992,1,1,1e-06,0.0
1,0.002966642379760742,1,1,1e-06,0.0
1,0.0028629302978515625,1,1,1e-06,0.0
1,0.0034499168395996094,1,1,1e-06,0.0
1,0.0033299922943115234,1,1,1e-06,0.0
1,0.0031692981719970703,1,1,1e-06,0.0
1,0.00243377685546875,1,1,1e-06,0.0
1,0.00324249267578125,1,1,1e-06,0.0
1,0.002579212188720703,1,1,1e-06,0.0
1,0.0028963088989257812,1,1,1e-06,0.0
1,0.002569913864135742,1,1,1e-06,0.0
1,0.003149271011352539,1,1,1e-06,0.0
1,0.03133535385131836,1,1,1e-06,0.0
1,0.0033173561096191406,1,1,1e-06,0.0
1,0.0036859512329101562,1,1,1e-06,0.0
1,0.0034868717193603516,1,1,1e-06,0.0
1,0.004209756851196289,1,1,1e-06,0.0
1,0.0038771629333496094,1,1,1e-06,0.0
1,0.038939476013183594,1,1,1e-06,0.0
1,0.0032393932342529297,1,1,1e-06,0.0
1,0.0032203197479248047,1,1,1e-06,0.0
1,0.0034732818603515625,1,1,1e-06,0.0
1,0.0038678646087646484,1,1,1e-06,0.0
1,0.004321098327636719,1,1,1e-06,0.0
1,0.004194974899291992,1,1,1e-06,0.0
1,0.005077362060546875,1,1,1e-06,0.0
1,0.006409645080566406,1,1,1e-06,0.0
1,0.003780841827392578,1,1,1e-06,0.0
1,0.0029261112213134766,1,1,1e-06,0.0
1,0.004660844802856445,1,1,1e-06,0.0
1,0.0031435489654541016,1,1,1e-06,0.0
1,0.14292526245117188,1,1,1e-06,0.0
1,0.0034837722778320312,1,1,1e-06,0.0
1,0.003415346145629883,1,1,1e-06,0.0
1,0.003124713897705078,1,1,1e-06,0.0
1,0.0029616355895996094,1,1,1e-06,0.0
1,0.004179239273071289,1,1,1e-06,0.0
1,0.0035758018493652344,1,1,1e-06,0.0
1,0.0028629302978515625,1,1,1e-06,0.0
1,0.0032584667205810547,1,1,1e-06,0.0
1,0.0033559799194335938,1,1,1e-06,0.0
1,0.003010988235473633,1,1,1e-06,0.0
1,0.004445075988769531,1,1,1e-06,0.0
1,0.003946542739868164,1,1,1e-06,0.0
1,0.002916574478149414,1,1,1e-06,0.0
1,0.003346681594848633,1,1,1e-06,0.0
1,0.003434896469116211,1,1,1e-06,0.0
1,0.003828763961791992,1,1,1e-06,0.0
1,0.0025234222412109375,1,1,1e-06,0.0
1,0.002640247344970703,1,1,1e-06,0.0
1,0.007696628570556641,1,1,1e-06,0.0
1,0.003120899200439453,1,1,1e-06,0.0
1,0.003849029541015625,1,1,1e-06,0.0
1,0.003348827362060547,1,1,1e-06,0.0
1,0.1526191234588623,1,1,1e-06,0.0
1,0.0038132667541503906,1,1,1e-06,0.0
1,0.004636049270629883,1,1,1e-06,0.0
1,0.0038039684295654297,1,1,1e-06,0.0
1,0.005526542663574219,1,1,1e-06,0.0
1,0.004904985427856445,1,1,1e-06,0.0
1,0.004750490188598633,1,1,1e-06,0.0
1,0.0040776729583740234,1,1,1e-06,0.0
1,0.003031492233276367,1,1,1e-06,0.0
1,0.004880189895629883,1,1,1e-06,0.0
1,0.003322124481201172,1,1,1e-06,0.0
1,0.005340099334716797,1,1,1e-06,0.0
1,0.002907276153564453,1,1,1e-06,0.0
1,0.004151344299316406,1,1,1e-06,0.0
1,0.007038593292236328,1,1,1e-06,0.0
1,0.008604764938354492,1,1,1e-06,0.0
1,0.003909111022949219,1,1,1e-06,0.0
1,0.0030641555786132812,1,1,1e-06,0.0
1,0.0036458969116210938,1,1,1e-06,0.0
1,0.004988670349121094,1,1,1e-06,0.0
1,0.16040897369384766,1,1,1e-06,0.0
1,0.03597855567932129,1,1,1e-06,0.0
1,0.005077362060546875,1,1,1e-06,0.0
1,0.006357669830322266,1,1,1e-06,0.0
1,0.008480310440063477,1,1,1e-06,0.0
1,0.008380413055419922,1,1,1e-06,0.0
1,0.006726264953613281,1,1,1e-06,0.0
1,0.01336526870727539,1,1,1e-06,0.0
1,0.008863210678100586,1,1,1e-06,0.0
1,0.009184837341308594,1,1,1e-06,0.0
1,0.008055448532104492,1,1,1e-06,0.0
1,0.005535602569580078,1,1,1e-06,0.0
1,0.006915569305419922,1,1,1e-06,0.0
1,0.007834434509277344,1,1,1e-06,0.0
1,0.00743556022644043,1,1,1e-06,0.0
1,0.007361888885498047,1,1,1e-06,0.0
1,0.007001399993896484,1,1,1e-06,0.0
1,0.007745027542114258,1,1,1e-06,0.0
1,0.007578372955322266,1,1,1e-06,0.0
1,0.00965571403503418,1,1,1e-06,0.0
1,0.009112834930419922,1,1,1e-06,0.0
1,0.010375499725341797,1,1,1e-06,0.0
1,0.004810333251953125,1,1,1e-06,0.0
1,0.01163625717163086,1,1,1e-06,0.0
1,0.008760690689086914,1,1,1e-06,0.0
1,0.008607625961303711,1,1,1e-06,0.0
1,0.014744758605957031,1,1,1e-06,0.0
1,0.007516384124755859,1,1,1e-06,0.0
1,0.00729680061340332,1,1,1e-06,0.0
1,0.005465269088745117,1,1,1e-06,0.0
1,0.010625123977661133,1,1,1e-06,0.0
1,0.009845256805419922,1,1,1e-06,0.0
1,0.012524604797363281,1,1,1e-06,0.0
1,0.006734609603881836,1,1,1e-06,0.0
1,0.005019187927246094,1,1,1e-06,0.0
1,0.009617328643798828,1,1,1e-06,0.0
1,0.0059032440185546875,1,1,1e-06,0.0
1,0.0073087215423583984,1,1,1e-06,0.0
1,0.038758039474487305,1,1,1e-06,0.0
1,0.0231781005859375,1,1,1e-06,0.0
1,0.008794307708740234,1,1,1e-06,0.0
1,0.007325172424316406,1,1,1e-06,0.0
1,0.005709409713745117,1,1,1e-06,0.0
1,0.00737762451171875,1,1,1e-06,0.0
1,0.009454488754272461,1,1,1e-06,0.0
1,0.007613182067871094,1,1,1e-06,0.0
1,0.006622791290283203,1,1,1e-06,0.0
1,0.005324125289916992,1,1,1e-06,0.0
1,0.007967710494995117,1,1,1e-06,0.0
1,0.009650230407714844,1,1,1e-06,0.0
1,0.012948989868164062,1,1,1e-06,0.0
1,0.008421659469604492,1,1,1e-06,0.0
1,0.012253522872924805,1,1,1e-06,0.0
1,0.008025884628295898,1,1,1e-06,0.0
1,0.008716344833374023,1,1,1e-06,0.0
1,0.013654470443725586,1,1,1e-06,0.0
1,0.007543087005615234,1,1,1e-06,0.0
1,0.008320331573486328,1,1,1e-06,0.0
1,0.014467954635620117,1,1,1e-06,0.0
1,0.010487794876098633,1,1,1e-06,0.0
1,0.007469892501831055,1,1,1e-06,0.0
1,0.01142430305480957,1,1,1e-06,0.0
1,0.006389141082763672,1,1,1e-06,0.0
1,0.0057239532470703125,1,1,1e-06,0.0
1,0.005917072296142578,1,1,1e-06,0.0
1,0.010009527206420898,1,1,1e-06,0.0
1,0.008331060409545898,1,1,1e-06,0.0
1,0.007882118225097656,1,1,1e-06,0.0
1,0.013561725616455078,1,1,1e-06,0.0
1,0.009312868118286133,1,1,1e-06,0.0
1,0.010022878646850586,1,1,1e-06,0.0
1,0.00982666015625,1,1,1e-06,0.0
1,0.00868368148803711,1,1,1e-06,0.0
1,0.008633613586425781,1,1,1e-06,0.0
1,0.0077228546142578125,1,1,1e-06,0.0
1,0.010155439376831055,1,1,1e-06,0.0
1,0.018675804138183594,1,1,1e-06,0.0
1,0.008417129516601562,1,1,1e-06,0.0
1,0.00740504264831543,1,1,1e-06,0.0
1,0.0050275325775146484,1,1,1e-06,0.0
1,0.008401155471801758,1,1,1e-06,0.0
1,0.018890857696533203,1,1,1e-06,0.0
1,0.04272270202636719,1,1,1e-06,0.0
1,0.0065844058990478516,1,1,1e-06,0.0
1,0.009948015213012695,1,1,1e-06,0.0
1,0.006875514984130859,1,1,1e-06,0.0
1,0.01324462890625,1,1,1e-06,0.0
1,0.006535530090332031,1,1,1e-06,0.0
1,0.009795427322387695,1,1,1e-06,0.0
1,0.009490966796875,1,1,1e-06,0.0
1,0.007630348205566406,1,1,1e-06,0.0
1,0.008376598358154297,1,1,1e-06,0.0
1,0.008944511413574219,1,1,1e-06,0.0
1,0.007537841796875,1,1,1e-06,0.0
1,0.007699489593505859,1,1,1e-06,0.0
1,0.007991790771484375,1,1,1e-06,0.0
1,0.009674310684204102,1,1,1e-06,0.0
1,0.022447586059570312,1,1,1e-06,0.0
1,0.007311820983886719,1,1,1e-06,0.0
1,0.039359092712402344,1,1,1e-06,0.0
1,0.00733637809753418,1,1,1e-06,0.0
1,0.010064363479614258,1,1,1e-06,0.0
1,0.013115644454956055,1,1,1e-06,0.0
1,0.006108522415161133,1,1,1e-06,0.0
1,0.0695955753326416,1,1,1e-06,0.0
1,0.008884906768798828,1,1,1e-06,0.0
1,0.007977008819580078,1,1,1e-06,0.0
1,0.00741124153137207,1,1,1e-06,0.0
1,0.010227203369140625,1,1,1e-06,0.0
1,0.008469104766845703,1,1,1e-06,0.0
1,0.015154600143432617,1,1,1e-06,0.0
1,0.006418704986572266,1,1,1e-06,0.0
1,0.007955789566040039,1,1,1e-06,0.0
1,0.006678581237792969,1,1,1e-06,0.0
1,0.00762939453125,1,1,1e-06,0.0
1,0.007502079010009766,1,1,1e-06,0.0
1,0.003633260726928711,1,1,1e-06,0.0
1,0.005307912826538086,1,1,1e-06,0.0
1,0.008347749710083008,1,1,1e-06,0.0
1,0.007216453552246094,1,1,1e-06,0.0
1,0.010111570358276367,1,1,1e-06,0.0
1,0.003995656967163086,1,1,1e-06,0.0
1,0.008530378341674805,1,1,1e-06,0.0
1,0.00955963134765625,1,1,1e-06,0.0
1,0.010182619094848633,1,1,1e-06,0.0
1,0.008673667907714844,1,1,1e-06,0.0
1,0.009083271026611328,1,1,1e-06,0.0
1,0.0073778629302978516,1,1,1e-06,0.0
1,0.047046661376953125,1,1,1e-06,0.0
1,0.009195089340209961,1,1,1e-06,0.0
1,0.01221919059753418,1,1,1e-06,0.0
1,0.007907390594482422,1,1,1e-06,0.0
1,0.008491992950439453,1,1,1e-06,0.0
1,0.005394458770751953,1,1,1e-06,0.0
1,0.010753154754638672,1,1,1e-06,0.0
1,0.007749319076538086,1,1,1e-06,0.0
1,0.012584924697875977,1,1,1e-06,0.0
1,0.009973287582397461,1,1,1e-06,0.0
1,0.006894350051879883,1,1,1e-06,0.0
1,0.01668405532836914,1,1,1e-06,0.0
1,0.003972768783569336,1,1,1e-06,0.0
1,0.003731966018676758,1,1,1e-06,0.0
1,0.008980035781860352,1,1,1e-06,0.0
1,0.007022380828857422,1,1,1e-06,0.0
1,0.004397153854370117,1,1,1e-06,0.0
1,0.004067659378051758,1,1,1e-06,0.0
1,0.008739709854125977,1,1,1e-06,0.0
1,0.004115581512451172,1,1,1e-06,0.0
1,0.012686729431152344,1,1,1e-06,0.0
1,0.006554365158081055,1,1,1e-06,0.0
1,0.012696981430053711,1,1,1e-06,0.0
1,0.004500389099121094,1,1,1e-06,0.0
1,0.013050317764282227,1,1,1e-06,0.0
1,0.009402751922607422,1,1,1e-06,0.0
1,0.015156745910644531,1,1,1e-06,0.0
1,0.02411961555480957,1,1,1e-06,0.0
1,0.0038194656372070312,1,1,1e-06,0.0
1,0.008684635162353516,1,1,1e-06,0.0
1,0.007901191711425781,1,1,1e-06,0.0
1,0.0063130855560302734,1,1,1e-06,0.0
1,0.01731085777282715,1,1,1e-06,0.0
1,0.008865833282470703,1,1,1e-06,0.0
1,0.006886959075927734,1,1,1e-06,0.0
1,0.0062541961669921875,1,1,1e-06,0.0
1,0.008506536483764648,1,1,1e-06,0.0
1,0.036003828048706055,1,1,1e-06,0.0
1,0.008797168731689453,1,1,1e-06,0.0
1,0.0073089599609375,1,1,1e-06,0.0
1,0.008591890335083008,1,1,1e-06,0.0
1,0.005842924118041992,1,1,1e-06,0.0
1,0.007107734680175781,1,1,1e-06,0.0
1,0.004361391067504883,1,1,1e-06,0.0
1,0.00996255874633789,1,1,1e-06,0.0
1,0.008090496063232422,1,1,1e-06,0.0
1,0.006054401397705078,1,1,1e-06,0.0
1,0.006977558135986328,1,1,1e-06,0.0
1,0.0045964717864990234,1,1,1e-06,0.0
1,0.011140584945678711,1,1,1e-06,0.0
1,0.007823944091796875,1,1,1e-06,0.0
1,0.0057446956634521484,1,1,1e-06,0.0
1,0.00831460952758789,1,1,1e-06,0.0
1,0.006273031234741211,1,1,1e-06,0.0
1,0.008121013641357422,1,1,1e-06,0.0
1,0.007099151611328125,1,1,1e-06,0.0
1,0.004541158676147461,1,1,1e-06,0.0
1,0.007356882095336914,1,1,1e-06,0.0
1,0.009139299392700195,1,1,1e-06,0.0
1,0.009475946426391602,1,1,1e-06,0.0
1,0.006890773773193359,1,1,1e-06,0.0
1,0.011710882186889648,1,1,1e-06,0.0
1,0.01121211051940918,1,1,1e-06,0.0
1,0.011946678161621094,1,1,1e-06,0.0
1,0.00461125373840332,1,1,1e-06,0.0
1,0.009662151336669922,1,1,1e-06,0.0
1,0.007753610610961914,1,1,1e-06,0.0
1,0.004755735397338867,1,1,1e-06,0.0
1,0.011389493942260742,1,1,1e-06,0.0
1,0.01882004737854004,1,1,1e-06,0.0
1,0.009639739990234375,1,1,1e-06,0.0
1,0.012537717819213867,1,1,1e-06,0.0
1,0.009284019470214844,1,1,1e-06,0.0
1,0.006932497024536133,1,1,1e-06,0.0
1,0.007982254028320312,1,1,1e-06,0.0
1,0.009237527847290039,1,1,1e-06,0.0
1,0.009218215942382812,1,1,1e-06,0.0
1,0.039626121520996094,1,1,1e-06,0.0
1,0.008632659912109375,1,1,1e-06,0.0
1,0.015490293502807617,1,1,1e-06,0.0
1,0.011367559432983398,1,1,1e-06,0.0
1,0.008828401565551758,1,1,1e-06,0.0
1,0.007521390914916992,1,1,1e-06,0.0
1,0.012583494186401367,1,1,1e-06,0.0
1,0.004709959030151367,1,1,1e-06,0.0
1,0.008718013763427734,1,1,1e-06,0.0
1,0.019100666046142578,1,1,1e-06,0.0
1,0.008787155151367188,1,1,1e-06,0.0
1,0.007846832275390625,1,1,1e-06,0.0
1,0.009853124618530273,1,1,1e-06,0.0
1,0.00761723518371582,1,1,1e-06,0.0
1,0.013112783432006836,1,1,1e-06,0.0
1,0.008984565734863281,1,1,1e-06,0.0
1,0.005719661712646484,1,1,1e-06,0.0
1,0.0854642391204834,1,1,1e-06,0.0
1,0.006432533264160156,1,1,1e-06,0.0
1,0.0075795650482177734,1,1,1e-06,0.0
1,0.007842063903808594,1,1,1e-06,0.0
1,0.006068706512451172,1,1,1e-06,0.0
1,0.004971981048583984,1,1,1e-06,0.0
1,0.004254579544067383,1,1,1e-06,0.0
1,0.005015373229980469,1,1,1e-06,0.0
1,0.005793333053588867,1,1,1e-06,0.0
1,0.008127212524414062,1,1,1e-06,0.0
1,0.00558161735534668,1,1,1e-06,0.0
1,0.010123252868652344,1,1,1e-06,0.0
1,0.006172895431518555,1,1,1e-06,0.0
1,0.0047397613525390625,1,1,1e-06,0.0
1,0.007663726806640625,1,1,1e-06,0.0
1,0.08155441284179688,1,1,1e-06,0.0
1,0.17068099975585938,1,1,1e-06,0.0
1,0.005240917205810547,1,1,1e-06,0.0
1,0.007781267166137695,1,1,1e-06,0.0
1,0.006639957427978516,1,1,1e-06,0.0
1,0.00870966911315918,1,1,1e-06,0.0
1,0.009878873825073242,1,1,1e-06,0.0
1,0.008739709854125977,1,1,1e-06,0.0
1,0.008057355880737305,1,1,1e-06,0.0
1,0.0098724365234375,1,1,1e-06,0.0
1,0.004191160202026367,1,1,1e-06,0.0
1,0.006318092346191406,1,1,1e-06,0.0
1,0.004801273345947266,1,1,1e-06,0.0
1,0.0058629512786865234,1,1,1e-06,0.0
1,0.009198665618896484,1,1,1e-06,0.0
1,0.008502483367919922,1,1,1e-06,0.0
1,0.00782155990600586,1,1,1e-06,0.0
1,0.010499715805053711,1,1,1e-06,0.0
1,0.011092662811279297,1,1,1e-06,0.0
1,0.006631612777709961,1,1,1e-06,0.0
1,0.020247697830200195,1,1,1e-06,0.0
1,0.013995885848999023,1,1,1e-06,0.0
1,0.008638858795166016,1,1,1e-06,0.0
1,0.009603500366210938,1,1,1e-06,0.0
1,0.006761789321899414,1,1,1e-06,0.0
1,0.01031804084777832,1,1,1e-06,0.0
1,0.007489681243896484,1,1,1e-06,0.0
1,0.007408618927001953,1,1,1e-06,0.0
1,0.006546497344970703,1,1,1e-06,0.0
1,0.004339456558227539,1,1,1e-06,0.0
1,0.007112264633178711,1,1,1e-06,0.0
1,0.005064725875854492,1,1,1e-06,0.0
1,0.010517120361328125,1,1,1e-06,0.0
1,0.005125761032104492,1,1,1e-06,0.0
1,0.007488250732421875,1,1,1e-06,0.0
1,0.007127523422241211,1,1,1e-06,0.0
1,0.006380319595336914,1,1,1e-06,0.0
1,0.00414276123046875,1,1,1e-06,0.0
1,0.01085972785949707,1,1,1e-06,0.0
1,0.015453100204467773,1,1,1e-06,0.0
1,0.007348775863647461,1,1,1e-06,0.0
1,0.010667085647583008,1,1,1e-06,0.0
1,0.19796419143676758,1,1,1e-06,0.0
1,0.007861137390136719,1,1,1e-06,0.0
1,0.012601375579833984,1,1,1e-06,0.0
1,0.010855436325073242,1,1,1e-06,0.0
1,0.008008480072021484,1,1,1e-06,0.0
1,0.004323005676269531,1,1,1e-06,0.0
1,0.008381843566894531,1,1,1e-06,0.0
1,0.005083799362182617,1,1,1e-06,0.0
1,0.005855083465576172,1,1,1e-06,0.0
1,0.008681535720825195,1,1,1e-06,0.0
1,0.012104034423828125,1,1,1e-06,0.0
1,0.008168697357177734,1,1,1e-06,0.0
1,0.008716821670532227,1,1,1e-06,0.0
1,0.011613130569458008,1,1,1e-06,0.0
1,0.006182670593261719,1,1,1e-06,0.0
1,0.012847900390625,1,1,1e-06,0.0
1,0.0073184967041015625,1,1,1e-06,0.0
1,0.009539365768432617,1,1,1e-06,0.0
1,0.00646662712097168,1,1,1e-06,0.0
1,0.004502296447753906,1,1,1e-06,0.0
1,0.007977485656738281,1,1,1e-06,0.0
1,0.004124641418457031,1,1,1e-06,0.0
1,0.00911712646484375,1,1,1e-06,0.0
1,0.007313251495361328,1,1,1e-06,0.0
1,0.007643461227416992,1,1,1e-06,0.0
1,0.006140947341918945,1,1,1e-06,0.0
1,0.006601095199584961,1,1,1e-06,0.0
1,0.005014657974243164,1,1,1e-06,0.0
1,0.006566286087036133,1,1,1e-06,0.0
1,0.015317201614379883,1,1,1e-06,0.0
1,0.0077245235443115234,1,1,1e-06,0.0
1,0.0076749324798583984,1,1,1e-06,0.0
1,0.005582571029663086,1,1,1e-06,0.0
1,0.006763458251953125,1,1,1e-06,0.0
1,0.00784754753112793,1,1,1e-06,0.0
1,0.0060231685638427734,1,1,1e-06,0.0
1,0.009296417236328125,1,1,1e-06,0.0
1,0.005937814712524414,1,1,1e-06,0.0
1,0.007044076919555664,1,1,1e-06,0.0
1,0.006253719329833984,1,1,1e-06,0.0
1,0.0071964263916015625,1,1,1e-06,0.0
1,0.004868745803833008,1,1,1e-06,0.0
1,0.005459308624267578,1,1,1e-06,0.0
1,0.012428045272827148,1,1,1e-06,0.0
1,0.010135889053344727,1,1,1e-06,0.0
1,0.004094839096069336,1,1,1e-06,0.0
1,0.0046558380126953125,1,1,1e-06,0.0
1,0.006982326507568359,1,1,1e-06,0.0
1,0.009303569793701172,1,1,1e-06,0.0
1,0.0065767765045166016,1,1,1e-06,0.0
1,0.007813692092895508,1,1,1e-06,0.0
1,0.008512496948242188,1,1,1e-06,0.0
1,0.003221273422241211,1,1,1e-06,0.0
1,0.005613565444946289,1,1,1e-06,0.0
1,0.007819652557373047,1,1,1e-06,0.0
1,0.009337663650512695,1,1,1e-06,0.0
1,0.010737419128417969,1,1,1e-06,0.0
1,0.007955551147460938,1,1,1e-06,0.0
1,0.006239652633666992,1,1,1e-06,0.0
1,0.008402347564697266,1,1,1e-06,0.0
1,0.0038080215454101562,1,1,1e-06,0.0
1,0.0036852359771728516,1,1,1e-06,0.0
1,0.007393598556518555,1,1,1e-06,0.0
1,0.009379148483276367,1,1,1e-06,0.0
1,0.00780177116394043,1,1,1e-06,0.0
1,0.0066280364990234375,1,1,1e-06,0.0
1,0.007837772369384766,1,1,1e-06,0.0
1,0.00833439826965332,1,1,1e-06,0.0
1,0.0058100223541259766,1,1,1e-06,0.0
1,0.008009910583496094,1,1,1e-06,0.0
1,0.007599353790283203,1,1,1e-06,0.0
1,0.006509542465209961,1,1,1e-06,0.0
1,0.004791975021362305,1,1,1e-06,0.0
1,0.007127046585083008,1,1,1e-06,0.0
1,0.025000810623168945,1,1,1e-06,0.0
1,0.005221128463745117,1,1,1e-06,0.0
1,0.008504629135131836,1,1,1e-06,0.0
1,0.005251884460449219,1,1,1e-06,0.0
1,0.00921630859375,1,1,1e-06,0.0
1,0.0048329830169677734,1,1,1e-06,0.0
1,0.00767970085144043,1,1,1e-06,0.0
1,0.005418300628662109,1,1,1e-06,0.0
1,0.006239652633666992,1,1,1e-06,0.0
1,0.0034677982330322266,1,1,1e-06,0.0
1,0.010493755340576172,1,1,1e-06,0.0
1,0.004286766052246094,1,1,1e-06,0.0
1,0.006203413009643555,1,1,1e-06,0.0
1,0.00383758544921875,1,1,1e-06,0.0
1,0.008339405059814453,1,1,1e-06,0.0
1,0.00875401496887207,1,1,1e-06,0.0
1,0.01102304458618164,1,1,1e-06,0.0
1,0.005635261535644531,1,1,1e-06,0.0
1,0.009176969528198242,1,1,1e-06,0.0
1,0.00688934326171875,1,1,1e-06,0.0
1,0.23256969451904297,1,1,1e-06,0.0
1,0.007137298583984375,1,1,1e-06,0.0
1,0.007527351379394531,1,1,1e-06,0.0
1,0.006082296371459961,1,1,1e-06,0.0
1,0.003988027572631836,1,1,1e-06,0.0
1,0.00932002067565918,1,1,1e-06,0.0
1,0.0298614501953125,1,1,1e-06,0.0
1,0.0063860416412353516,1,1,1e-06,0.0
1,0.007241249084472656,1,1,1e-06,0.0
1,0.007556915283203125,1,1,1e-06,0.0
1,0.04716372489929199,1,1,1e-06,0.0
1,0.007967948913574219,1,1,1e-06,0.0
1,0.007302284240722656,1,1,1e-06,0.0
1,0.008358478546142578,1,1,1e-06,0.0
1,0.01034855842590332,1,1,1e-06,0.0
1,0.008521556854248047,1,1,1e-06,0.0
1,0.006577014923095703,1,1,1e-06,0.0
1,0.008797168731689453,1,1,1e-06,0.0
1,0.009618282318115234,1,1,1e-06,0.0
1,0.011577844619750977,1,1,1e-06,0.0
1,0.007523298263549805,1,1,1e-06,0.0
1,0.008083105087280273,1,1,1e-06,0.0
1,0.007441520690917969,1,1,1e-06,0.0
1,0.009639739990234375,1,1,1e-06,0.0
1,0.009193897247314453,1,1,1e-06,0.0
1,0.01209568977355957,1,1,1e-06,0.0
1,0.0048675537109375,1,1,1e-06,0.0
1,0.008230209350585938,1,1,1e-06,0.0
1,0.004980802536010742,1,1,1e-06,0.0
1,0.008375406265258789,1,1,1e-06,0.0
1,0.010915279388427734,1,1,1e-06,0.0
1,0.004630088806152344,1,1,1e-06,0.0
1,0.03293442726135254,1,1,1e-06,0.0
1,0.009913206100463867,1,1,1e-06,0.0
1,0.00642085075378418,1,1,1e-06,0.0
1,0.008506298065185547,1,1,1e-06,0.0
1,0.0036153793334960938,1,1,1e-06,0.0
1,0.008795738220214844,1,1,1e-06,0.0
1,0.007173776626586914,1,1,1e-06,0.0
1,0.008922100067138672,1,1,1e-06,0.0
1,0.0034689903259277344,1,1,1e-06,0.0
1,0.01271510124206543,1,1,1e-06,0.0
1,0.005877494812011719,1,1,1e-06,0.0
1,0.007448911666870117,1,1,1e-06,0.0
1,0.006556510925292969,1,1,1e-06,0.0
1,0.03162646293640137,1,1,1e-06,0.0
1,0.0070629119873046875,1,1,1e-06,0.0
1,0.005201578140258789,1,1,1e-06,0.0
1,0.00692439079284668,1,1,1e-06,0.0
1,0.006834745407104492,1,1,1e-06,0.0
1,0.0073473453521728516,1,1,1e-06,0.0
1,0.006836891174316406,1,1,1e-06,0.0
1,0.007409334182739258,1,1,1e-06,0.0
1,0.008276939392089844,1,1,1e-06,0.0
1,0.008337974548339844,1,1,1e-06,0.0
1,0.0076160430908203125,1,1,1e-06,0.0
1,0.005939960479736328,1,1,1e-06,0.0
1,0.005009651184082031,1,1,1e-06,0.0
1,0.01130819320678711,1,1,1e-06,0.0
1,0.008222579956054688,1,1,1e-06,0.0
1,0.008376836776733398,1,1,1e-06,0.0
1,0.008034706115722656,1,1,1e-06,0.0
1,0.009449005126953125,1,1,1e-06,0.0
1,0.008368253707885742,1,1,1e-06,0.0
1,0.07702493667602539,1,1,1e-06,0.0
1,0.008073568344116211,1,1,1e-06,0.0
1,0.004587411880493164,1,1,1e-06,0.0
1,0.009215831756591797,1,1,1e-06,0.0
1,0.006102561950683594,1,1,1e-06,0.0
1,0.012071609497070312,1,1,1e-06,0.0
1,0.4061598777770996,1,1,1e-06,0.0
1,0.012016534805297852,1,1,1e-06,0.0
1,0.007523536682128906,1,1,1e-06,0.0
1,0.014066696166992188,1,1,1e-06,0.0
1,0.006731748580932617,1,1,1e-06,0.0
1,0.007045745849609375,1,1,1e-06,0.0
1,0.010558366775512695,1,1,1e-06,0.0
1,0.005406618118286133,1,1,1e-06,0.0
1,0.008145332336425781,1,1,1e-06,0.0
1,0.01008915901184082,1,1,1e-06,0.0
1,0.006366729736328125,1,1,1e-06,0.0
1,0.007547855377197266,1,1,1e-06,0.0
1,0.0070209503173828125,1,1,1e-06,0.0
1,0.0067157745361328125,1,1,1e-06,0.0
1,0.006916999816894531,1,1,1e-06,0.0
1,0.008395910263061523,1,1,1e-06,0.0
1,0.010972976684570312,1,1,1e-06,0.0
1,0.005415678024291992,1,1,1e-06,0.0
1,0.025774240493774414,1,1,1e-06,0.0
1,0.7405803203582764,1,1,1e-06,0.0
1,0.008232831954956055,1,1,1e-06,0.0
1,0.014792919158935547,1,1,1e-06,0.0
1,0.01474142074584961,1,1,1e-06,0.0
1,0.0035910606384277344,1,1,1e-06,0.0
1,0.010520696640014648,1,1,1e-06,0.0
1,0.004904508590698242,1,1,1e-06,0.0
1,0.01406097412109375,1,1,1e-06,0.0
1,0.015786170959472656,1,1,1e-06,0.0
1,0.09189724922180176,1,1,1e-06,0.0
1,0.014786720275878906,1,1,1e-06,0.0
1,0.003900289535522461,1,1,1e-06,0.0
1,0.010026216506958008,1,1,1e-06,0.0
0,1.0549564361572266,0,0,,0.0
1,0.007233619689941406,1,1,1e-06,0.0
1,0.007331371307373047,1,1,1e-06,0.0
1,0.014467000961303711,1,1,1e-06,0.0
1,0.012149810791015625,1,1,1e-06,0.0
1,0.014168977737426758,1,1,1e-06,0.0
1,0.008931636810302734,1,1,1e-06,0.0
1,0.011672735214233398,1,1,1e-06,0.0
1,0.03570437431335449,1,1,1e-06,0.0
1,0.010460853576660156,1,1,1e-06,0.0
1,0.012563228607177734,1,1,1e-06,0.0
1,0.00837564468383789,1,1,1e-06,0.0
1,0.0147705078125,1,1,1e-06,0.0
1,0.004282712936401367,1,1,1e-06,0.0
1,0.01689934730529785,1,1,1e-06,0.0
1,0.024878501892089844,1,1,1e-06,0.0
1,0.014907360076904297,1,1,1e-06,0.0
1,0.016451358795166016,1,1,1e-06,0.0
1,0.016665220260620117,1,1,1e-06,0.0
1,0.015795230865478516,1,1,1e-06,0.0
0,1.025949478149414,0,0,,0.0
1,0.260800838470459,1,1,1e-06,0.0
1,0.0169522762298584,1,1,1e-06,0.0
1,0.008555889129638672,1,1,1e-06,0.0
1,0.008879661560058594,1,1,1e-06,0.0
1,0.006831645965576172,1,1,1e-06,0.0
1,0.018837690353393555,1,1,1e-06,0.0
1,0.00553441047668457,1,1,1e-06,0.0
1,0.017803192138671875,1,1,1e-06,0.0
1,0.0046312808990478516,1,1,1e-06,0.0
1,0.007910966873168945,1,1,1e-06,0.0
1,0.01425623893737793,1,1,1e-06,0.0
1,0.008059024810791016,1,1,1e-06,0.0
1,0.018718242645263672,1,1,1e-06,0.0
1,0.01165008544921875,1,1,1e-06,0.0
1,0.011933326721191406,1,1,1e-06,0.0
1,0.017345905303955078,1,1,1e-06,0.0
1,0.016685962677001953,1,1,1e-06,0.0
1,0.01577901840209961,1,1,1e-06,0.0
0,1.0075368881225586,0,0,,0.0
1,0.016975879669189453,1,1,1e-06,0.0
1,0.007862567901611328,1,1,1e-06,0.0
1,0.006882429122924805,1,1,1e-06,0.0
1,0.00876927375793457,1,1,1e-06,0.0
1,0.009452342987060547,1,1,1e-06,0.0
1,0.006659746170043945,1,1,1e-06,0.0
1,0.007018089294433594,1,1,1e-06,0.0
0,1.0162386894226074,0,0,,0.0
1,0.00629734992980957,1,1,1e-06,0.0
1,0.005221843719482422,1,1,1e-06,0.0
1,0.008215665817260742,1,1,1e-06,0.0
1,0.0069997310638427734,1,1,1e-06,0.0
1,0.006883859634399414,1,1,1e-06,0.0
1,0.006468534469604492,1,1,1e-06,0.0
1,0.007581233978271484,1,1,1e-06,0.0
1,0.007579326629638672,1,1,1e-06,0.0
1,0.007603168487548828,1,1,1e-06,0.0
1,0.008850336074829102,1,1,1e-06,0.0
1,0.007709503173828125,1,1,1e-06,0.0
1,0.008791685104370117,1,1,1e-06,0.0
1,0.01168203353881836,1,1,1e-06,0.0
1,0.008670330047607422,1,1,1e-06,0.0
1,0.0065233707427978516,1,1,1e-06,0.0
1,0.009870529174804688,1,1,1e-06,0.0
1,0.007184267044067383,1,1,1e-06,0.0
1,0.005628108978271484,1,1,1e-06,0.0
1,0.009357690811157227,1,1,1e-06,0.0
1,0.007368326187133789,1,1,1e-06,0.0
1,0.00958395004272461,1,1,1e-06,0.0
1,0.006586790084838867,1,1,1e-06,0.0
1,0.008788347244262695,1,1,1e-06,0.0
1,0.0064334869384765625,1,1,1e-06,0.0
1,0.008605003356933594,1,1,1e-06,0.0
1,0.18456792831420898,1,1,1e-06,0.0
1,0.00800633430480957,1,1,1e-06,0.0
1,0.008680343627929688,1,1,1e-06,0.0
1,0.009245872497558594,1,1,1e-06,0.0
1,0.0070459842681884766,1,1,1e-06,0.0
1,0.004674434661865234,1,1,1e-06,0.0
1,0.006655216217041016,1,1,1e-06,0.0
1,0.007637739181518555,1,1,1e-06,0.0
1,0.0061833858489990234,1,1,1e-06,0.0
1,0.007473468780517578,1,1,1e-06,0.0
1,0.007285594940185547,1,1,1e-06,0.0
1,0.00445246696472168,1,1,1e-06,0.0
1,0.0035932064056396484,1,1,1e-06,0.0
1,0.008403539657592773,1,1,1e-06,0.0
1,0.006783723831176758,1,1,1e-06,0.0
1,0.009366273880004883,1,1,1e-06,0.0
1,0.007699251174926758,1,1,1e-06,0.0
1,0.010779142379760742,1,1,1e-06,0.0
1,0.010564088821411133,1,1,1e-06,0.0
1,0.007871866226196289,1,1,1e-06,0.0
1,0.010663986206054688,1,1,1e-06,0.0
1,0.0073091983795166016,1,1,1e-06,0.0
1,0.031676292419433594,1,1,1e-06,0.0
1,0.009064674377441406,1,1,1e-06,0.0
1,0.004969596862792969,1,1,1e-06,0.0
1,0.007714509963989258,1,1,1e-06,0.0
1,0.007958650588989258,1,1,1e-06,0.0
1,0.007593393325805664,1,1,1e-06,0.0
1,0.03792619705200195,1,1,1e-06,0.0
1,0.0043218135833740234,1,1,1e-06,0.0
1,0.010393619537353516,1,1,1e-06,0.0
1,0.008100032806396484,1,1,1e-06,0.0
1,0.009649515151977539,1,1,1e-06,0.0
1,0.007704973220825195,1,1,1e-06,0.0
1,0.007937908172607422,1,1,1e-06,0.0
1,0.010021448135375977,1,1,1e-06,0.0
1,0.014429092407226562,1,1,1e-06,0.0
1,0.004690408706665039,1,1,1e-06,0.0
1,0.004589557647705078,1,1,1e-06,0.0
1,0.007768392562866211,1,1,1e-06,0.0
1,0.009979724884033203,1,1,1e-06,0.0
1,0.005625486373901367,1,1,1e-06,0.0
1,0.007581233978271484,1,1,1e-06,0.0
1,0.01207876205444336,1,1,1e-06,0.0
1,0.00696253776550293,1,1,1e-06,0.0
1,0.006604194641113281,1,1,1e-06,0.0
1,0.008426189422607422,1,1,1e-06,0.0
1,0.009423017501831055,1,1,1e-06,0.0
1,0.006654977798461914,1,1,1e-06,0.0
1,0.005876779556274414,1,1,1e-06,0.0
1,0.007688999176025391,1,1,1e-06,0.0
0,1.009464979171753,0,0,,0.0
1,0.006159305572509766,1,1,1e-06,0.0
1,0.00762176513671875,1,1,1e-06,0.0
1,0.008118391036987305,1,1,1e-06,0.0
1,0.007183074951171875,1,1,1e-06,0.0
1,0.007189750671386719,1,1,1e-06,0.0
1,0.010397911071777344,1,1,1e-06,0.0
1,0.0062482357025146484,1,1,1e-06,0.0
1,0.0066339969635009766,1,1,1e-06,0.0
1,0.006267547607421875,1,1,1e-06,0.0
1,0.006052494049072266,1,1,1e-06,0.0
1,0.007452726364135742,1,1,1e-06,0.0
1,0.013253211975097656,1,1,1e-06,0.0
1,0.01427149772644043,1,1,1e-06,0.0
1,0.009414196014404297,1,1,1e-06,0.0
1,0.005167961120605469,1,1,1e-06,0.0
1,0.005278587341308594,1,1,1e-06,0.0
1,0.0076639652252197266,1,1,1e-06,0.0
1,0.008142232894897461,1,1,1e-06,0.0
1,0.00620722770690918,1,1,1e-06,0.0
1,0.006777763366699219,1,1,1e-06,0.0
1,0.008368730545043945,1,1,1e-06,0.0
1,0.008609533309936523,1,1,1e-06,0.0
1,0.00790715217590332,1,1,1e-06,0.0
1,0.02528858184814453,1,1,1e-06,0.0
1,0.0053174495697021484,1,1,1e-06,0.0
1,0.005227804183959961,1,1,1e-06,0.0
1,0.00656437873840332,1,1,1e-06,0.0
1,0.02832198143005371,1,1,1e-06,0.0
1,0.00824594497680664,1,1,1e-06,0.0
1,0.007425785064697266,1,1,1e-06,0.0
1,0.003559112548828125,1,1,1e-06,0.0
1,0.007330656051635742,1,1,1e-06,0.0
1,0.010384321212768555,1,1,1e-06,0.0
1,0.03656506538391113,1,1,1e-06,0.0
1,0.008202791213989258,1,1,1e-06,0.0
1,0.005734920501708984,1,1,1e-06,0.0
1,0.011789560317993164,1,1,1e-06,0.0
1,0.012183666229248047,1,1,1e-06,0.0
1,0.007642269134521484,1,1,1e-06,0.0
1,0.014464378356933594,1,1,1e-06,0.0
1,0.0075740814208984375,1,1,1e-06,0.0
1,0.0041882991790771484,1,1,1e-06,0.0
0,1.0123939514160156,0,0,,0.0
1,0.010650873184204102,1,1,1e-06,0.0
1,0.008560657501220703,1,1,1e-06,0.0
1,0.007808208465576172,1,1,1e-06,0.0
1,0.0044367313385009766,1,1,1e-06,0.0
1,0.005189418792724609,1,1,1e-06,0.0
1,0.0098724365234375,1,1,1e-06,0.0
1,0.008386373519897461,1,1,1e-06,0.0
1,0.0047838687896728516,1,1,1e-06,0.0
1,0.0074236392974853516,1,1,1e-06,0.0
1,0.00693964958190918,1,1,1e-06,0.0
1,0.007539033889770508,1,1,1e-06,0.0
1,0.04675173759460449,1,1,1e-06,0.0
1,0.005705833435058594,1,1,1e-06,0.0
1,0.007634878158569336,1,1,1e-06,0.0
1,0.009384870529174805,1,1,1e-06,0.0
1,0.007814645767211914,1,1,1e-06,0.0
1,0.0247957706451416,1,1,1e-06,0.0
1,0.005032062530517578,1,1,1e-06,0.0
1,0.00881338119506836,1,1,1e-06,0.0
1,0.005658864974975586,1,1,1e-06,0.0
1,0.007972240447998047,1,1,1e-06,0.0
1,0.010505437850952148,1,1,1e-06,0.0
1,0.0034630298614501953,1,1,1e-06,0.0
1,0.007585048675537109,1,1,1e-06,0.0
1,0.12425017356872559,1,1,1e-06,0.0
1,0.00801849365234375,1,1,1e-06,0.0
1,0.006006956100463867,1,1,1e-06,0.0
1,0.009666681289672852,1,1,1e-06,0.0
1,0.0076367855072021484,1,1,1e-06,0.0
1,0.004594564437866211,1,1,1e-06,0.0
1,0.02923274040222168,1,1,1e-06,0.0
1,0.006327390670776367,1,1,1e-06,0.0
1,0.004157066345214844,1,1,1e-06,0.0
1,0.009030818939208984,1,1,1e-06,0.0
1,0.0052721500396728516,1,1,1e-06,0.0
1,0.009966850280761719,1,1,1e-06,0.0
1,0.006007671356201172,1,1,1e-06,0.0
1,0.008688688278198242,1,1,1e-06,0.0
1,0.014871358871459961,1,1,1e-06,0.0
1,0.011985540390014648,1,1,1e-06,0.0
1,0.010811567306518555,1,1,1e-06,0.0
1,0.003714323043823242,1,1,1e-06,0.0
1,0.007689237594604492,1,1,1e-06,0.0
1,0.005852937698364258,1,1,1e-06,0.0
1,0.0077190399169921875,1,1,1e-06,0.0
1,0.053494930267333984,1,1,1e-06,0.0
1,0.006507396697998047,1,1,1e-06,0.0
1,0.008675336837768555,1,1,1e-06,0.0
1,0.007746696472167969,1,1,1e-06,0.0
1,0.008028984069824219,1,1,1e-06,0.0
1,0.017559528350830078,1,1,1e-06,0.0
1,0.011693716049194336,1,1,1e-06,0.0
1,0.011286497116088867,1,1,1e-06,0.0
1,0.0070416927337646484,1,1,1e-06,0.0
1,0.00940251350402832,1,1,1e-06,0.0
1,0.007374763488769531,1,1,1e-06,0.0
1,0.009027481079101562,1,1,1e-06,0.0
1,0.010540008544921875,1,1,1e-06,0.0
1,0.0035941600799560547,1,1,1e-06,0.0
1,0.005319833755493164,1,1,1e-06,0.0
1,0.011619091033935547,1,1,1e-06,0.0
1,0.010338544845581055,1,1,1e-06,0.0
1,0.012244462966918945,1,1,1e-06,0.0
1,0.00777435302734375,1,1,1e-06,0.0
1,0.005645751953125,1,1,1e-06,0.0
1,0.00832056999206543,1,1,1e-06,0.0
1,0.011191129684448242,1,1,1e-06,0.0
1,0.006276369094848633,1,1,1e-06,0.0
1,0.008398056030273438,1,1,1e-06,0.0
1,0.007346153259277344,1,1,1e-06,0.0
1,0.011162996292114258,1,1,1e-06,0.0
1,0.008012533187866211,1,1,1e-06,0.0
1,0.010269641876220703,1,1,1e-06,0.0
1,0.008598566055297852,1,1,1e-06,0.0
1,0.013049125671386719,1,1,1e-06,0.0
1,0.009420394897460938,1,1,1e-06,0.0
1,0.0038709640502929688,1,1,1e-06,0.0
1,0.006918430328369141,1,1,1e-06,0.0
1,0.05096077919006348,1,1,1e-06,0.0
1,0.009930133819580078,1,1,1e-06,0.0
1,0.008095264434814453,1,1,1e-06,0.0
1,0.006310939788818359,1,1,1e-06,0.0
1,0.008260250091552734,1,1,1e-06,0.0
1,0.0033838748931884766,1,1,1e-06,0.0
1,0.009217023849487305,1,1,1e-06,0.0
1,0.004321098327636719,1,1,1e-06,0.0
1,0.0074651241302490234,1,1,1e-06,0.0
1,0.0041425228118896484,1,1,1e-06,0.0
1,0.009211301803588867,1,1,1e-06,0.0
1,0.004963874816894531,1,1,1e-06,0.0
1,0.008017301559448242,1,1,1e-06,0.0
1,0.005089998245239258,1,1,1e-06,0.0
1,0.005719184875488281,1,1,1e-06,0.0
1,0.005448341369628906,1,1,1e-06,0.0
1,0.007283687591552734,1,1,1e-06,0.0
1,0.005371570587158203,1,1,1e-06,0.0
1,0.008285045623779297,1,1,1e-06,0.0
1,0.007771730422973633,1,1,1e-06,0.0
1,0.005242824554443359,1,1,1e-06,0.0
1,0.007631063461303711,1,1,1e-06,0.0
1,0.003644704818725586,1,1,1e-06,0.0
1,0.007350921630859375,1,1,1e-06,0.0
1,0.00734400749206543,1,1,1e-06,0.0
1,0.006399631500244141,1,1,1e-06,0.0
1,0.00811457633972168,1,1,1e-06,0.0
1,0.009923458099365234,1,1,1e-06,0.0
1,0.0046312808990478516,1,1,1e-06,0.0
1,0.021287918090820312,1,1,1e-06,0.0
1,0.0049135684967041016,1,1,1e-06,0.0
1,0.020008087158203125,1,1,1e-06,0.0
1,0.007595539093017578,1,1,1e-06,0.0
1,0.007999897003173828,1,1,1e-06,0.0
1,0.0060482025146484375,1,1,1e-06,0.0
1,0.007246494293212891,1,1,1e-06,0.0
1,0.0054628849029541016,1,1,1e-06,0.0
1,0.007936239242553711,1,1,1e-06,0.0
1,0.012092351913452148,1,1,1e-06,0.0
1,0.00850057601928711,1,1,1e-06,0.0
1,0.0049250125885009766,1,1,1e-06,0.0
1,0.00419163703918457,1,1,1e-06,0.0
1,0.006950855255126953,1,1,1e-06,0.0
1,0.005138874053955078,1,1,1e-06,0.0
1,0.005530118942260742,1,1,1e-06,0.0
1,0.0037450790405273438,1,1,1e-06,0.0
1,0.008296489715576172,1,1,1e-06,0.0
1,0.0066792964935302734,1,1,1e-06,0.0
1,0.008054494857788086,1,1,1e-06,0.0
1,0.23401570320129395,1,1,1e-06,0.0
1,0.007031440734863281,1,1,1e-06,0.0
1,0.006368398666381836,1,1,1e-06,0.0
1,0.008547067642211914,1,1,1e-06,0.0
1,0.006519317626953125,1,1,1e-06,0.0
1,0.004929542541503906,1,1,1e-06,0.0
1,0.010107278823852539,1,1,1e-06,0.0
1,0.007140398025512695,1,1,1e-06,0.0
1,0.006182432174682617,1,1,1e-06,0.0
1,0.010572195053100586,1,1,1e-06,0.0
1,0.006276607513427734,1,1,1e-06,0.0
1,0.00860285758972168,1,1,1e-06,0.0
1,0.009344100952148438,1,1,1e-06,0.0
1,0.006923675537109375,1,1,1e-06,0.0
1,0.004502773284912109,1,1,1e-06,0.0
1,0.0057485103607177734,1,1,1e-06,0.0
1,0.007950067520141602,1,1,1e-06,0.0
1,0.005154132843017578,1,1,1e-06,0.0
1,0.006844997406005859,1,1,1e-06,0.0
1,0.008403778076171875,1,1,1e-06,0.0
1,0.012250900268554688,1,1,1e-06,0.0
1,0.00934600830078125,1,1,1e-06,0.0
1,0.0059087276458740234,1,1,1e-06,0.0
1,0.010489225387573242,1,1,1e-06,0.0
1,0.007895708084106445,1,1,1e-06,0.0
1,0.0044667720794677734,1,1,1e-06,0.0
1,0.009885072708129883,1,1,1e-06,0.0
1,0.0049517154693603516,1,1,1e-06,0.0
1,0.12269759178161621,1,1,1e-06,0.0
1,0.008335113525390625,1,1,1e-06,0.0
1,0.005434513092041016,1,1,1e-06,0.0
1,0.012606382369995117,1,1,1e-06,0.0
1,0.008095741271972656,1,1,1e-06,0.0
1,0.009874582290649414,1,1,1e-06,0.0
1,0.007342815399169922,1,1,1e-06,0.0
1,0.006363868713378906,1,1,1e-06,0.0
1,0.003926515579223633,1,1,1e-06,0.0
1,0.01081991195678711,1,1,1e-06,0.0
1,0.005356788635253906,1,1,1e-06,0.0
1,0.0480198860168457,1,1,1e-06,0.0
1,0.007146120071411133,1,1,1e-06,0.0
1,0.0069391727447509766,1,1,1e-06,0.0
1,0.006739616394042969,1,1,1e-06,0.0
1,0.03556990623474121,1,1,1e-06,0.0
1,0.007601022720336914,1,1,1e-06,0.0
1,0.0119476318359375,1,1,1e-06,0.0
1,0.0075531005859375,1,1,1e-06,0.0
1,0.008064508438110352,1,1,1e-06,0.0
1,0.00792384147644043,1,1,1e-06,0.0
1,0.007508516311645508,1,1,1e-06,0.0
1,0.007122516632080078,1,1,1e-06,0.0
1,0.0030710697174072266,1,1,1e-06,0.0
1,0.005539655685424805,1,1,1e-06,0.0
1,0.00981593132019043,1,1,1e-06,0.0
1,0.008613824844360352,1,1,1e-06,0.0
1,0.007869720458984375,1,1,1e-06,0.0
1,0.007577657699584961,1,1,1e-06,0.0
1,0.0073986053466796875,1,1,1e-06,0.0
1,0.0031347274780273438,1,1,1e-06,0.0
1,0.003946781158447266,1,1,1e-06,0.0
1,0.008074045181274414,1,1,1e-06,0.0
1,0.00604557991027832,1,1,1e-06,0.0
1,0.003422975540161133,1,1,1e-06,0.0
1,0.007272243499755859,1,1,1e-06,0.0
1,0.004866123199462891,1,1,1e-06,0.0
1,0.006968021392822266,1,1,1e-06,0.0
1,0.00676417350769043,1,1,1e-06,0.0
1,0.011228084564208984,1,1,1e-06,0.0
1,0.006791591644287109,1,1,1e-06,0.0
1,0.006058931350708008,1,1,1e-06,0.0
1,0.006766796112060547,1,1,1e-06,0.0
1,0.00442814826965332,1,1,1e-06,0.0
1,0.00572967529296875,1,1,1e-06,0.0
1,0.009238481521606445,1,1,1e-06,0.0
1,0.006339073181152344,1,1,1e-06,0.0
1,0.006784915924072266,1,1,1e-06,0.0
1,0.005458831787109375,1,1,1e-06,0.0
1,0.004377603530883789,1,1,1e-06,0.0
1,0.006556034088134766,1,1,1e-06,0.0
1,0.0075342655181884766,1,1,1e-06,0.0
1,0.012250185012817383,1,1,1e-06,0.0
1,0.007240772247314453,1,1,1e-06,0.0
1,0.006848335266113281,1,1,1e-06,0.0
1,0.043738603591918945,1,1,1e-06,0.0
1,0.008153915405273438,1,1,1e-06,0.0
1,0.024376869201660156,1,1,1e-06,0.0
1,0.006021261215209961,1,1,1e-06,0.0
1,0.006412506103515625,1,1,1e-06,0.0
1,0.021110057830810547,1,1,1e-06,0.0
0,1.0117499828338623,0,0,,0.0
1,0.015196561813354492,1,1,1e-06,0.0
1,0.015579700469970703,1,1,1e-06,0.0
1,0.012301445007324219,1,1,1e-06,0.0
1,0.02099323272705078,1,1,1e-06,0.0
1,0.004416465759277344,1,1,1e-06,0.0
1,0.01516103744506836,1,1,1e-06,0.0
1,0.004416465759277344,1,1,1e-06,0.0
1,0.016933441162109375,1,1,1e-06,0.0
1,0.008703947067260742,1,1,1e-06,0.0
1,0.9050807952880859,1,1,1e-06,0.0
1,0.005155801773071289,1,1,1e-06,0.0
1,0.03738570213317871,1,1,1e-06,0.0
1,0.05865359306335449,1,1,1e-06,0.0
1,0.015941143035888672,1,1,1e-06,0.0
1,0.02028369903564453,1,1,1e-06,0.0
1,0.022263288497924805,1,1,1e-06,0.0
1,0.06537532806396484,1,1,1e-06,0.0
1,0.011897563934326172,1,1,1e-06,0.0
1,0.004238128662109375,1,1,1e-06,0.0
1,0.014027833938598633,1,1,1e-06,0.0
1,0.014838695526123047,1,1,1e-06,0.0
1,0.008685588836669922,1,1,1e-06,0.0
1,0.09814643859863281,1,1,1e-06,0.0
1,0.011736631393432617,1,1,1e-06,0.0
1,0.0052340030670166016,1,1,1e-06,0.0
1,0.013716697692871094,1,1,1e-06,0.0
1,0.015341997146606445,1,1,1e-06,0.0
1,0.040853261947631836,1,1,1e-06,0.0
1,0.014191150665283203,1,1,1e-06,0.0
1,0.013073205947875977,1,1,1e-06,0.0
1,0.01645374298095703,1,1,1e-06,0.0
1,0.01513528823852539,1,1,1e-06,0.0
1,0.014926910400390625,1,1,1e-06,0.0
1,0.01586604118347168,1,1,1e-06,0.0
1,0.008274078369140625,1,1,1e-06,0.0
1,0.024260997772216797,1,1,1e-06,0.0
1,0.019959688186645508,1,1,1e-06,0.0
1,0.016779661178588867,1,1,1e-06,0.0
1,0.00521540641784668,1,1,1e-06,0.0
1,0.02680659294128418,1,1,1e-06,0.0
1,0.008461713790893555,1,1,1e-06,0.0
1,0.0049762725830078125,1,1,1e-06,0.0
1,0.016004323959350586,1,1,1e-06,0.0
1,0.015833377838134766,1,1,1e-06,0.0
1,0.007399559020996094,1,1,1e-06,0.0
1,0.019898414611816406,1,1,1e-06,0.0
1,0.016762495040893555,1,1,1e-06,0.0
1,0.01609516143798828,1,1,1e-06,0.0
1,0.027933120727539062,1,1,1e-06,0.0
1,0.014583826065063477,1,1,1e-06,0.0
1,0.01784229278564453,1,1,1e-06,0.0
1,0.013046741485595703,1,1,1e-06,0.0
1,0.027951717376708984,1,1,1e-06,0.0
1,0.015238523483276367,1,1,1e-06,0.0
1,0.014670848846435547,1,1,1e-06,0.0
1,0.006865978240966797,1,1,1e-06,0.0
1,0.0313868522644043,1,1,1e-06,0.0
1,0.011356353759765625,1,1,1e-06,0.0
1,0.01658010482788086,1,1,1e-06,0.0
1,0.013699531555175781,1,1,1e-06,0.0
1,0.009482383728027344,1,1,1e-06,0.0
1,0.017977237701416016,1,1,1e-06,0.0
1,0.015872716903686523,1,1,1e-06,0.0
1,0.01702570915222168,1,1,1e-06,0.0
1,0.015906810760498047,1,1,1e-06,0.0
1,0.008027791976928711,1,1,1e-06,0.0
1,0.015039682388305664,1,1,1e-06,0.0
1,0.01027822494506836,1,1,1e-06,0.0
1,0.02557682991027832,1,1,1e-06,0.0
1,0.017650127410888672,1,1,1e-06,0.0
1,0.0075092315673828125,1,1,1e-06,0.0
1,0.0038607120513916016,1,1,1e-06,0.0
1,0.0034210681915283203,1,1,1e-06,0.0
1,0.01281595230102539,1,1,1e-06,0.0
1,0.014837026596069336,1,1,1e-06,0.0
1,0.016798973083496094,1,1,1e-06,0.0
1,0.011061429977416992,1,1,1e-06,0.0
1,0.016695261001586914,1,1,1e-06,0.0
1,0.006940126419067383,1,1,1e-06,0.0
1,0.011942386627197266,1,1,1e-06,0.0
1,0.016941547393798828,1,1,1e-06,0.0
1,0.0148468017578125,1,1,1e-06,0.0
1,0.017865419387817383,1,1,1e-06,0.0
1,0.007490396499633789,1,1,1e-06,0.0
1,0.016602039337158203,1,1,1e-06,0.0
1,0.020208120346069336,1,1,1e-06,0.0
1,0.01194143295288086,1,1,1e-06,0.0
1,0.004425525665283203,1,1,1e-06,0.0
1,0.017938852310180664,1,1,1e-06,0.0
1,0.013527870178222656,1,1,1e-06,0.0
1,0.016691923141479492,1,1,1e-06,0.0
1,0.023797273635864258,1,1,1e-06,0.0
1,0.008256673812866211,1,1,1e-06,0.0
1,0.013108968734741211,1,1,1e-06,0.0
1,0.014363527297973633,1,1,1e-06,0.0
1,0.004860639572143555,1,1,1e-06,0.0
1,0.013820409774780273,1,1,1e-06,0.0
1,0.02563309669494629,1,1,1e-06,0.0
