x,y,z,qx,qy,qz,qw,joint1,joint2,joint3,joint4,joint5_roll
0.0149077796801338,-0.0016172686954517,0.1971237854804079,0.6109914459740842,0.2986055275211985,0.7095658940983752,-0.1845004981366119,-0.5075807464293645,-1.176353114838092,0.9024679415180176,-1.5105630514764268,-1.9325890146821283
0.1104631840729716,0.1034033425007869,0.2965826872006299,0.895901915073266,0.3514919762254027,0.2043458433990034,0.1790416864944177,0.8098656798711712,0.2798645754094855,-1.4193268307112985,0.8968036038076728,2.642672517016532
-0.0800239540510671,-0.0908361867815733,0.2854271622047767,-0.0049083814270638,-0.3299181993728322,0.8566004668644226,-0.3966932438068588,-2.3626898946033945,0.206200349813528,-1.385181340172372,1.452541947379067,-0.6224172733287392
-0.0889859766424937,0.096340469215244,0.1094605040540932,0.3313928277253135,0.8824547270069315,-0.0677689852085827,0.3268941926054077,2.379732386770557,-0.1510434588985267,0.6502398570021466,0.1719127283829762,3.0173418481447447
0.1066143888174676,-0.1112764201159461,0.113029372455575,0.8552863353452144,-0.4276766772452275,-0.0224712258501722,0.2916727418203927,-0.8661487313797243,-0.0277445159772553,0.7519727849027902,-0.9368717690517676,2.582888635263255
