{
    "targets": {
        "P1": [
            0.0149077796801338,
            -0.0016172686954517,
            0.1971237854804079
        ],
        "P2": [
            0.1104631840729716,
            0.1034033425007869,
            0.2965826872006299
        ],
        "P3": [
            -0.0800239540510671,
            -0.0908361867815733,
            0.2854271622047767
        ],
        "P4": [
            -0.0889859766424937,
            0.096340469215244,
            0.1094605040540932
        ],
        "P5": [
            0.1066143888174676,
            -0.1112764201159461,
            0.113029372455575
        ]
    },
    "achieved": {
        "P1": [
            [
                0.000330199835665004,
                0.006282396985330729,
                0.32424991023644517
            ],
            [
                0.003233678083302799,
                0.005027746192554661,
                0.32208154356843854
            ],
            [
                -0.0006886674379700704,
                0.007202893441654703,
                0.321545536424186
            ],
            [
                0.0054037737609005446,
                0.0038046619213903685,
                0.3223446175008875
            ],
            [
                0.003259858569741517,
                0.005013074371017064,
                0.32208485983934454
            ],
            [
                0.004317504637258967,
                0.004418650187429362,
                0.32221592344763805
            ],
            [
                0.0022200209365900933,
                0.005594242680070717,
                0.3219504737957294
            ],
            [
                0.001163900637516332,
                0.00618122509362146,
                0.32180838289459146
            ],
            [
                0.003429291870036294,
                0.0049180728088655985,
                0.32210623785256925
            ],
            [
                0.0022273643241739784,
                0.005590149706034005,
                0.321951442032656
            ]
        ],
        "P2": [
            [
                0.20055519393720214,
                0.17817609138096246,
                0.33768233198007913
            ],
            [
                0.20097903010920265,
                0.1769541292308906,
                0.33858354031294347
            ],
            [
                0.1992767490185813,
                0.18165146528132925,
                0.3350711565800304
            ],
            [
                0.19885134453477404,
                0.1827459513431938,
                0.33423368126094405
            ],
            [
                0.19969913644162607,
                0.18053560591556936,
                0.3359174286186193
            ],
            [
                0.19925738975313603,
                0.1817018974679552,
                0.3350327293370402
            ],
            [
                0.19970079830651732,
                0.18053115558448707,
                0.3359207886593265
            ],
            [
                0.2001627390604981,
                0.17927493767915464,
                0.33686450219011826
            ],
            [
                0.19930637286907177,
                0.1815741750953492,
                0.33513001826200567
            ],
            [
                0.1988726431675379,
                0.1826918240000464,
                0.33427527269761725
            ]
        ],
        "P3": [
            [
                -0.14944651300511674,
                -0.19306511508803584,
                0.25361014072617816
            ],
            [
                -0.14548624187560402,
                -0.19660047761782187,
                0.2541020665911596
            ],
            [
                -0.14545272124214353,
                -0.19662975666703772,
                0.2541061907255468
            ],
            [
                -0.14340241992497463,
                -0.19840062312747817,
                0.25435723105219593
            ],
            [
                -0.14552047345359304,
                -0.19657056662054617,
                0.25409785431898785
            ],
            [
                -0.1472949302956212,
                -0.1950047680104499,
                0.2538785668433244
            ],
            [
                -0.14738268315143316,
                -0.19492654744792282,
                0.25386767402928956
            ],
            [
                -0.1494808816897733,
                -0.19303375917387233,
                0.25360582981648694
            ],
            [
                -0.15281453197150335,
                -0.18993507362628043,
                0.2531840867370391
            ],
            [
                -0.14841133920464777,
                -0.19400402464508934,
                0.25373964001258065
            ]
        ],
        "P4": [
            [
                -0.1331069804945292,
                0.1972218844939096,
                0.03971164871025897
            ],
            [
                -0.13721639865594415,
                0.19303003563014653,
                0.038528929256368055
            ],
            [
                -0.13169172293957304,
                0.19861676748107865,
                0.0401119648938207
            ],
            [
                -0.1332283952017087,
                0.19710108422663464,
                0.03967714412482639
            ],
            [
                -0.12731477619059917,
                0.20278220504981043,
                0.04132909971062931
            ],
            [
                -0.1331840045563681,
                0.19714527119622355,
                0.03968976240439844
            ],
            [
                -0.1359549756835942,
                0.19433980308167476,
                0.038895313129646746
            ],
            [
                -0.14104515020247063,
                0.18892248786232188,
                0.037397431661495964
            ],
            [
                -0.1317425152608183,
                0.19856712347599814,
                0.04009765716838676
            ],
            [
                -0.13301863717685822,
                0.1973096672010941,
                0.03973673858701919
            ]
        ],
        "P5": [
            [
                0.2084909495951471,
                -0.1855348291351156,
                0.13575269969739578
            ],
            [
                0.20843512277075324,
                -0.18559026712446763,
                0.13576301927835266
            ],
            [
                0.20624706477037613,
                -0.1877368187111946,
                0.13616500651579672
            ],
            [
                0.21038774777335695,
                -0.18363098393269955,
                0.13540015438732567
            ],
            [
                0.20930177453808074,
                -0.1847258306740348,
                0.1356024569020045
            ],
            [
                0.21439175200907049,
                -0.17947851652400346,
                0.1346431495818321
            ],
            [
                0.21043927329674866,
                -0.18357871186490324,
                0.1353905248216348
            ],
            [
                0.21044563093773472,
                -0.18357226005233665,
                0.1353893364504997
            ],
            [
                0.2063355942490278,
                -0.18765095175776175,
                0.13614883428888497
            ],
            [
                0.2146660294086871,
                -0.17918719824824336,
                0.1345906286012283
            ]
        ]
    }
}